Thrower,ThrowerX,ThrowerY,Receiver,ReceiverX,ReceiverY,turnover,DroppedThrow,stall,offensive_line,is_home_team,GameID,home_team_score,away_team_score,game_quarter,quarter_point,PointStartTime,possession_num,possession_throw,start_on_offense,o_line,event_id,source_side,source_side_idx,source_timestamp,source_event_type,is_callahan,defensive_line,source_event_id,global_event_seq,event_sig_id,derived_sort_timestamp,sort_timestamp_imputed,event_id_calc,time_left,throw_distance,x_diff,y_diff,throw_angle,throw_sig_id,cp,cpoe,min_fv,fv_thrower,fv_receiver,fv_opponent,game_time_left,score_diff,win_prob,ec,aec,source_global_event_seq,source_throw_hash,insert_timestamp,original_insert_timestamp,game_id,home_team_id,away_team_id,home_score_final,away_score_final,start_timestamp
mdillard,-22.14,33.0,whoffenka,-17.18,23.93,0,0,0,"whoffenka,bgessner,rduncan,mmarshall,lstorm,mdillard,rward1",False,2026-07-10-PIT-MAD,0,0,1,1,720.0,1,1,True,True,1,away,1,1783728022.0,18,False,"mmccarthy,vluo,mweber2,mgrinde,agutowsky,sknoche,jleibfort",2,3,fae5f8f3b02252df73fcf2c4432a135f4dc8fbfa0ac3a271ae9f0112ef7bb43a,1783728022.0,False,1,720.0,10.337625452685,4.96,-9.07,-151.327613320923,450a246f3c6cc37c858aaa9776d360da01149e7358c82a136ea5df9a29224752,0.990172191256158,0.0098278087438417,0.673026060043293,0.691694938303023,0.690617202021914,0.932033904115215,2880.0,0.0,0.522,-0.00107773628110897,-0.00329609228567776,3.0,cbdb597f3d05939a950418429a060e73183571f2,2026-08-18 08:07:04,2026-07-11 00:03:57,2026-07-10-PIT-MAD,radicals,thunderbirds,31,19,2026-07-10 19:00:00
whoffenka,-17.18,23.93,mdillard,-1.44,19.22,0,0,0,"whoffenka,bgessner,rduncan,mmarshall,lstorm,mdillard,rward1",False,2026-07-10-PIT-MAD,0,0,1,1,720.0,1,2,True,True,2,away,2,1783728025.0,18,False,"mmccarthy,vluo,mweber2,mgrinde,agutowsky,sknoche,jleibfort",3,4,3f03302a4f6c0c064bfe08d52ebf91f447a947181544b5a14db1278aaa509f15,1783728025.0,False,2,711.913043478261,16.4295982908895,15.74,-4.71,-106.659160910844,ab70dcac98cf7bd1a266c6eb50b0706913341afccab5b330d162f79ba920e625,0.982897197957907,0.0171028020420928,0.673026060043293,0.679763040482619,0.682773356131943,0.943999654215289,2871.91304347826,0.0,0.523,0.00301031564932464,0.00920659196792019,4.0,abd324fa1e3a83cc2b03403c784b8a0dca5f5f4a,2026-08-18 08:07:04,2026-07-11 00:03:57,2026-07-10-PIT-MAD,radicals,thunderbirds,31,19,2026-07-10 19:00:00
mdillard,-1.44,19.22,lstorm,14.29,38.08,0,0,0,"whoffenka,bgessner,rduncan,mmarshall,lstorm,mdillard,rward1",False,2026-07-10-PIT-MAD,0,0,1,1,720.0,1,3,True,True,3,away,3,1783728031.0,18,False,"mmccarthy,vluo,mweber2,mgrinde,agutowsky,sknoche,jleibfort",4,5,06a78ce081d209deb000474bd7594457c3cd885932dabe969d547895b0a8f6bc,1783728031.0,False,3,703.826086956522,24.5587560759905,15.73,18.86,-39.8294679803068,b12cf74bd7039582d935ad6781faf366ad7f9e4ba40c395bdeea8e2278c0e43d,0.950373591077,0.0496264089230002,0.673026060043293,0.673026060043293,0.71587893689739,0.881143421653663,2863.82608695652,0.0,0.515,0.0428528768540966,0.131058997728597,5.0,0e8ef1a0b77e0fe52b749b1a5337954d57213e66,2026-08-18 08:07:04,2026-07-11 00:03:57,2026-07-10-PIT-MAD,radicals,thunderbirds,31,19,2026-07-10 19:00:00
lstorm,14.29,38.08,rward1,19.38,54.18,0,0,0,"whoffenka,bgessner,rduncan,mmarshall,lstorm,mdillard,rward1",False,2026-07-10-PIT-MAD,0,0,1,1,720.0,1,4,True,True,4,away,4,1783728033.0,18,False,"mmccarthy,vluo,mweber2,mgrinde,agutowsky,sknoche,jleibfort",5,6,55d2b8fe06071c34c6172abc91dcf09c84e6e371a95a6bbb3cd13fc8a16b6501,1783728033.0,False,4,695.739130434783,16.8854404739705,5.09,16.1,-17.5443013885899,679432f3333bca019f99ef17667e67b9998e4d17020ea3b60a5f625b5bb12c30,0.970709493459439,0.0292905065405606,0.673026060043293,0.707825406286763,0.750888801606309,0.801628032960899,2855.73913043478,0.0,0.506,0.0430633953195464,0.131702836394999,6.0,424a97ebbb402571db8e1e6a71b4ca6d86597cf5,2026-08-18 08:07:04,2026-07-11 00:03:57,2026-07-10-PIT-MAD,radicals,thunderbirds,31,19,2026-07-10 19:00:00
rward1,19.38,54.18,,8.72,119.87,1,0,0,"whoffenka,bgessner,rduncan,mmarshall,lstorm,mdillard,rward1",False,2026-07-10-PIT-MAD,0,0,1,1,720.0,1,5,True,True,5,away,5,1783728042.0,22,False,"mmccarthy,vluo,mweber2,mgrinde,agutowsky,sknoche,jleibfort",6,8,25793ab2e87a2756dea598cff288e1cc575e3596e5e78e9ab2c0d9325d63e783,1783728042.0,False,5,687.652173913043,66.5493178026642,-10.66,65.69,9.2174578426845,956ca6c667264fad43a48effbb5b0bdb186a3c71a7e0505156e9391eeea8cdec,0.553141452608927,-0.553141452608927,0.673026060043293,0.744438931142549,0.974264074895002,0.656989278102441,2847.65217391304,0.0,0.625,-0.656989278102441,-0.656989278102441,8.0,91cc5181e7588bf97ee9a29308fc10aa7f37e4c1,2026-08-18 08:07:04,2026-07-11 00:03:57,2026-07-10-PIT-MAD,radicals,thunderbirds,31,19,2026-07-10 19:00:00
mmccarthy,-9.01,18.54,mweber2,-3.42,31.43,0,0,0,"mmccarthy,vluo,mweber2,mgrinde,agutowsky,sknoche,jleibfort",True,2026-07-10-PIT-MAD,0,0,1,1,720.0,2,1,False,False,6,home,3,1783728064.0,18,False,"whoffenka,bgessner,rduncan,mmarshall,lstorm,mdillard,rward1",4,10,580b6fbe557b744bbfd8f6d06cea438fcff5a2199af9d9014fef760fd88b3c15,1783728064.0,False,6,679.565217391304,14.0499181492278,5.59,12.89,-23.4449073006318,3ce462a8ac70955b0acc4aef849f1973c0e344673c140b6cde13a78fafc86b9e,0.979350516959731,0.0206494830402686,0.646659667499033,0.646659667499033,0.682272298272495,0.898696239658952,2839.5652173913,0.0,0.629,0.0356126307734619,0.10078846793796,10.0,a42e3011b8bea6a337887fe571a740347b2c4300,2026-08-18 08:07:04,2026-07-11 00:03:57,2026-07-10-PIT-MAD,radicals,thunderbirds,31,19,2026-07-10 19:00:00
mweber2,-3.42,31.43,mmccarthy,-11.26,43.84,0,0,0,"mmccarthy,vluo,mweber2,mgrinde,agutowsky,sknoche,jleibfort",True,2026-07-10-PIT-MAD,0,0,1,1,720.0,2,2,False,False,7,home,4,1783728070.0,18,False,"whoffenka,bgessner,rduncan,mmarshall,lstorm,mdillard,rward1",5,11,1159535020124996f120948044791c43f9f483c9ad47df36178ea977315ad109,1783728070.0,False,7,671.478260869565,14.679022447016,-7.84,12.41,32.2825919944797,7ff8569068e94ecf46fc3fae18697638c5bd28e319b3baa208b83060107041b7,0.97525230901504,0.0247476909849599,0.646659667499033,0.676840707254337,0.714276145557613,0.845239856313617,2831.47826086957,0.0,0.634,0.0374354383032766,0.105947254983053,11.0,8640ed3cc2b7ddf62ae70812113f7b9ca0d3880b,2026-08-18 08:07:04,2026-07-11 00:03:57,2026-07-10-PIT-MAD,radicals,thunderbirds,31,19,2026-07-10 19:00:00
mmccarthy,-11.26,43.84,mweber2,-12.69,28.7,0,0,0,"mmccarthy,vluo,mweber2,mgrinde,agutowsky,sknoche,jleibfort",True,2026-07-10-PIT-MAD,0,0,1,1,720.0,2,3,False,False,8,home,5,1783728077.0,18,False,"whoffenka,bgessner,rduncan,mmarshall,lstorm,mdillard,rward1",6,12,2570abae356a1d3d188f18be019ff134667ce152a962204c803d68a8c194487f,1783728077.0,False,8,663.391304347826,15.2073830753355,-1.43,-15.14,174.604318660948,22c2d1385fa203e5ef2b89e7ea8219982397ac04c6cfa1f75ad6cd183ff530a7,0.986737108141882,0.0132628918581179,0.646659667499033,0.710017617417103,0.65946212655672,0.902152194927025,2823.39130434783,0.0,0.623,-0.0505554908603829,-0.143078743664918,12.0,df368ba888482e08d8cab2b868c68f5885afd37f,2026-08-18 08:07:04,2026-07-11 00:03:57,2026-07-10-PIT-MAD,radicals,thunderbirds,31,19,2026-07-10 19:00:00
mweber2,-12.69,28.7,vluo,-13.03,48.13,0,0,0,"mmccarthy,vluo,mweber2,mgrinde,agutowsky,sknoche,jleibfort",True,2026-07-10-PIT-MAD,0,0,1,1,720.0,2,4,False,False,9,home,6,1783728080.0,18,False,"whoffenka,bgessner,rduncan,mmarshall,lstorm,mdillard,rward1",7,13,e42583b7cb439869cb99aa2ef41247a4b810f26d2ef504dfc5a1db9bba993fbb,1783728080.0,False,9,655.304347826087,19.4329745535777,-0.34,19.43,1.00250010556225,1e1c48924f6ed731558d2dab379af18a8bf7e5f2c6e79f628ba2aa8c39048caf,0.953637638763602,0.0463623612363983,0.646659667499033,0.655655080393838,0.720526818576625,0.819909737204945,2815.30434782609,0.0,0.633,0.0648717381827875,0.183595622168635,13.0,0b8f9e96b6ca2e4a7f419bfc109a5e999dcf4d28,2026-08-18 08:07:04,2026-07-11 00:03:57,2026-07-10-PIT-MAD,radicals,thunderbirds,31,19,2026-07-10 19:00:00
vluo,-13.03,48.13,mgrinde,0.95,45.27,0,0,0,"mmccarthy,vluo,mweber2,mgrinde,agutowsky,sknoche,jleibfort",True,2026-07-10-PIT-MAD,0,0,1,1,720.0,2,5,False,False,10,home,7,1783728083.0,18,False,"whoffenka,bgessner,rduncan,mmarshall,lstorm,mdillard,rward1",8,14,f023b178f22351dd2d3fd49e26ac4b458e623fb78b95756dc3f68feaaf3632b0,1783728083.0,False,10,647.217391304348,14.2695479956444,13.98,-2.86,-101.561918884581,1ff65f5555751eb464ca745a963f3aa7d4a37315b7f4a2b8f46df628656e99ff,0.980781648719026,0.0192183512809745,0.646659667499033,0.717832215560154,0.712138960775134,0.834657349006315,2807.21739130435,0.0,0.631,-0.00569325478501914,-0.016112666065382,14.0,fb3ea4b1989d3cdbe5f81370ec77ffe00473d8e5,2026-08-18 08:07:04,2026-07-11 00:03:57,2026-07-10-PIT-MAD,radicals,thunderbirds,31,19,2026-07-10 19:00:00
mgrinde,0.95,45.27,agutowsky,9.88,53.45,0,0,0,"mmccarthy,vluo,mweber2,mgrinde,agutowsky,sknoche,jleibfort",True,2026-07-10-PIT-MAD,0,0,1,1,720.0,2,6,False,False,11,home,8,1783728085.0,18,False,"whoffenka,bgessner,rduncan,mmarshall,lstorm,mdillard,rward1",9,15,03aedaa497d8c39c1e7af51de0bba6d0e400c3b54e31594ce3f790c6b2646e54,1783728085.0,False,11,639.130434782609,12.110214696693,8.93,8.18,-47.5098973695865,78dfb71652d73ef7509570754cfd6d9c59f99716cd606f90c877893c21c494a2,0.979821577740492,0.0201784222595077,0.646659667499033,0.710068243604215,0.739592777606861,0.795786863076648,2799.13043478261,0.0,0.635,0.0295245340026462,0.0835583466899165,15.0,e11c60962e8335c8e39970a4f0188e4682b201e3,2026-08-18 08:07:04,2026-07-11 00:03:57,2026-07-10-PIT-MAD,radicals,thunderbirds,31,19,2026-07-10 19:00:00
agutowsky,9.88,53.45,mweber2,0.95,52.02,0,0,0,"mmccarthy,vluo,mweber2,mgrinde,agutowsky,sknoche,jleibfort",True,2026-07-10-PIT-MAD,0,0,1,1,720.0,2,7,False,False,12,home,9,1783728088.0,18,False,"whoffenka,bgessner,rduncan,mmarshall,lstorm,mdillard,rward1",10,16,6fd3b96c0ace35c758eeb82b89a8b1920b6cf99acbb7c154310a8d2eab436fb3,1783728088.0,False,12,631.04347826087,9.04377133722431,-8.93,-1.43,99.0977839015427,42ac1b7ec280985ffe1b7959888453af079aa8891bbb1845391e2cc12303940e,0.986739442679213,0.0132605573207875,0.646659667499033,0.738219299620914,0.734674061365123,0.802551420994771,2791.04347826087,0.0,0.634,-0.00354523825579145,-0.0100334944236284,16.0,87aae3a07322628790746fad90e2fe6724db1ecd,2026-08-18 08:07:04,2026-07-11 00:03:57,2026-07-10-PIT-MAD,radicals,thunderbirds,31,19,2026-07-10 19:00:00
mweber2,0.95,52.02,jleibfort,15.48,49.36,0,0,0,"mmccarthy,vluo,mweber2,mgrinde,agutowsky,sknoche,jleibfort",True,2026-07-10-PIT-MAD,0,0,1,1,720.0,2,8,False,False,13,home,10,1783728093.0,18,False,"whoffenka,bgessner,rduncan,mmarshall,lstorm,mdillard,rward1",11,17,955b7869be977f8e71e02b2a7c3be2de3b7cee2b47c0f07b708a501541cc1dd2,1783728093.0,False,13,622.95652173913,14.7714758910544,14.53,-2.66,-100.374232786058,84c1fd928f74c117f6aa0f9ffa9d13584beacad7e73c994b38ca5cbf826d75dc,0.982669579446788,0.0173304205532119,0.646659667499033,0.733803557185843,0.712431035084516,0.806599217130583,2782.95652173913,0.0,0.629,-0.021372522101327,-0.0604870719118047,17.0,4554aa860643e347f95fce7f8f2e57406855198d,2026-08-18 08:07:04,2026-07-11 00:03:57,2026-07-10-PIT-MAD,radicals,thunderbirds,31,19,2026-07-10 19:00:00
jleibfort,15.48,49.36,mgrinde,4.5,60.95,0,0,0,"mmccarthy,vluo,mweber2,mgrinde,agutowsky,sknoche,jleibfort",True,2026-07-10-PIT-MAD,0,0,1,1,720.0,2,9,False,False,14,home,11,1783728096.0,18,False,"whoffenka,bgessner,rduncan,mmarshall,lstorm,mdillard,rward1",12,18,2e77abd776034046ab309bf3150093246f970a081821163dea9a61ee4aa6e4b7,1783728096.0,False,14,614.869565217391,15.9652278405289,-10.98,11.59,43.451842301022,acf3d02a5cbd98b72856483d0405cccf610b8c65fba13e68ee057474821c7fa9,0.964273045663004,0.035726954336996,0.646659667499033,0.711999555398277,0.770443792993671,0.762253038562786,2774.86956521739,0.0,0.64,0.0584442375953937,0.165404943108876,18.0,db663fc327811d89ad75190ca6c1e7d8272e7a56,2026-08-18 08:07:04,2026-07-11 00:03:57,2026-07-10-PIT-MAD,radicals,thunderbirds,31,19,2026-07-10 19:00:00
mgrinde,4.5,60.95,jleibfort,-5.94,53.04,0,0,0,"mmccarthy,vluo,mweber2,mgrinde,agutowsky,sknoche,jleibfort",True,2026-07-10-PIT-MAD,0,0,1,1,720.0,2,10,False,False,15,home,12,1783728100.0,18,False,"whoffenka,bgessner,rduncan,mmarshall,lstorm,mdillard,rward1",13,19,b5a7cb58b2d63da55b91752b89ff55ffbff76e67a71356801609017fa31b249f,1783728100.0,False,15,606.782608695652,13.0981563588163,-10.44,-7.91,127.149856472089,76961a2d23f1e86d2f4076749a4ce80eb96419e9b56008bc43cf34f8d6adbdaf,0.983793646038437,0.0162063539615628,0.646659667499033,0.770434701770082,0.736934133276082,0.796529110824439,2766.78260869565,0.0,0.632,-0.0335005684940006,-0.094811051591199,19.0,e149080226a0c83a61ab72bc3dee061908fc17a1,2026-08-18 08:07:04,2026-07-11 00:03:57,2026-07-10-PIT-MAD,radicals,thunderbirds,31,19,2026-07-10 19:00:00
jleibfort,-5.94,53.04,mgrinde,6.88,43.09,0,0,0,"mmccarthy,vluo,mweber2,mgrinde,agutowsky,sknoche,jleibfort",True,2026-07-10-PIT-MAD,0,0,1,1,720.0,2,11,False,False,16,home,13,1783728109.0,18,False,"whoffenka,bgessner,rduncan,mmarshall,lstorm,mdillard,rward1",14,20,fe542305a988fc795fc025ca9c066e53cb24e157d836fc3a6a7917b4034da08a,1783728109.0,False,16,598.695652173913,16.22821308709,12.82,-9.95,-127.816148898457,9f089180ef4f9132ed8a00220cca94c530ab085f68a4a9aea420669b7e139a2b,0.982042578148907,0.0179574218510929,0.646659667499033,0.737263588525433,0.698724113122979,0.840591853261625,2758.69565217391,0.0,0.624,-0.0385394754024537,-0.109071826388085,20.0,5c3bce2f4e48b02d1f8621559ff78e2c57ea2606,2026-08-18 08:07:04,2026-07-11 00:03:57,2026-07-10-PIT-MAD,radicals,thunderbirds,31,19,2026-07-10 19:00:00
mgrinde,6.88,43.09,vluo,-4.57,64.09,0,0,0,"mmccarthy,vluo,mweber2,mgrinde,agutowsky,sknoche,jleibfort",True,2026-07-10-PIT-MAD,0,0,1,1,720.0,2,12,False,False,17,home,14,1783728119.0,18,False,"whoffenka,bgessner,rduncan,mmarshall,lstorm,mdillard,rward1",15,21,18605c5f938966462aff07291f0b57e38ac9fcaabb78f18ebd986feb89f11900,1783728119.0,False,17,590.608695652174,23.9186642603637,-11.45,21.0,28.600900810613,845249f3d34251e178352309e2de086f6588934ac41920cb6cdccf1ff0cbbeef,0.932240242544834,0.0677597574551658,0.646659667499033,0.699386676355842,0.784890166019122,0.749917353127964,2750.60869565217,0.0,0.641,0.0855034896632807,0.24198621498452,21.0,818217157322029434dc1e08b75a414dc0696da3,2026-08-18 08:07:04,2026-07-11 00:03:57,2026-07-10-PIT-MAD,radicals,thunderbirds,31,19,2026-07-10 19:00:00
vluo,-4.57,64.09,mgrinde,7.57,64.36,0,0,0,"mmccarthy,vluo,mweber2,mgrinde,agutowsky,sknoche,jleibfort",True,2026-07-10-PIT-MAD,0,0,1,1,720.0,2,13,False,False,18,home,15,1783728122.0,18,False,"whoffenka,bgessner,rduncan,mmarshall,lstorm,mdillard,rward1",16,22,06cdb2e9696c88bc032bd38bac030d513e9e6817871b1f208129f6892d65e158,1783728122.0,False,18,582.521739130435,12.1430020999751,12.14,0.269999999999996,-88.7259217010494,54f2ca4c96e83c30f1b95a61a9d361f1e6196c9fe19031978e373d95ea53c7b5,0.979786887660442,0.0202131123395585,0.646659667499033,0.785614686257024,0.78620715536803,0.748988680395053,2742.52173913043,0.0,0.64,0.000592469111006189,0.00167676615577014,22.0,f9d30ec5c53319ef0d21e13206aa6601922890b6,2026-08-18 08:07:04,2026-07-11 00:03:57,2026-07-10-PIT-MAD,radicals,thunderbirds,31,19,2026-07-10 19:00:00
mgrinde,7.57,64.36,sknoche,1.09,67.5,0,0,0,"mmccarthy,vluo,mweber2,mgrinde,agutowsky,sknoche,jleibfort",True,2026-07-10-PIT-MAD,0,0,1,1,720.0,2,14,False,False,19,home,16,1783728125.0,18,False,"whoffenka,bgessner,rduncan,mmarshall,lstorm,mdillard,rward1",17,23,ad565a7e6e1942eed5fbf810daa1709b74d7770c820d80b997a4950cf9e1b4aa,1783728125.0,False,19,574.434782608696,7.20069441095788,-6.48,3.14,64.1466610289577,537121b1b04b10c956588dde2d683035a6ec15e8b1fd8b85f41702ff31aab1b2,0.985656611330247,0.0143433886697529,0.646659667499033,0.787070067797586,0.801668417453342,0.738067404896849,2734.4347826087,0.0,0.643,0.0145983496557566,0.0413152655187378,23.0,c201fcee2f1925ff08a7b2d657cd56cd6a60dd55,2026-08-18 08:07:04,2026-07-11 00:03:57,2026-07-10-PIT-MAD,radicals,thunderbirds,31,19,2026-07-10 19:00:00
sknoche,1.09,67.5,vluo,13.43,84.4,0,0,0,"mmccarthy,vluo,mweber2,mgrinde,agutowsky,sknoche,jleibfort",True,2026-07-10-PIT-MAD,0,0,1,1,720.0,2,15,False,False,20,home,17,1783728129.0,18,False,"whoffenka,bgessner,rduncan,mmarshall,lstorm,mdillard,rward1",18,24,6ea1c1f180d8958cd82b859dc37e6de51c8d328202b87d31cc4a91de2876c251,1783728129.0,False,20,566.347826086957,20.9257162362486,12.34,16.9,-36.1360786194982,1e0df69a3a284e1a5935640a65217fcf21c036096a3d65715a441067a23d47b9,0.941593580297149,0.0584064197028512,0.646659667499033,0.802570597238474,0.871266635485758,0.67186024768115,2726.34782608696,0.0,0.659,0.0686960382472847,0.19441889851931,24.0,e374e410eccf28334f3a46071f1a55472a5393ca,2026-08-18 08:07:04,2026-07-11 00:03:57,2026-07-10-PIT-MAD,radicals,thunderbirds,31,19,2026-07-10 19:00:00
vluo,13.43,84.4,sknoche,1.77,94.84,0,0,0,"mmccarthy,vluo,mweber2,mgrinde,agutowsky,sknoche,jleibfort",True,2026-07-10-PIT-MAD,0,0,1,1,720.0,2,16,False,False,21,home,18,1783728133.0,18,False,"whoffenka,bgessner,rduncan,mmarshall,lstorm,mdillard,rward1",19,25,dbc168f8d6ac956aa2222f1e00fd3dfb50a445f025fa2db648a60c8a46e2973c,1783728133.0,False,21,558.260869565217,15.6508530118968,-11.66,10.44,48.1597273460617,95449056340702c94e52e260b67a70ab03c941caa238a5e6405d86954e6f40be,0.952075601549746,0.0479243984502536,0.646659667499033,0.871929659797867,0.914485004238446,0.648305442400721,2718.26086956522,0.0,0.67,0.042555344440579,0.120437268339477,25.0,8a12d94f2793a2615d1ef60faa41e648819023b7,2026-08-18 08:07:04,2026-07-11 00:03:57,2026-07-10-PIT-MAD,radicals,thunderbirds,31,19,2026-07-10 19:00:00
sknoche,1.77,94.84,vluo,12.34,87.81,0,0,0,"mmccarthy,vluo,mweber2,mgrinde,agutowsky,sknoche,jleibfort",True,2026-07-10-PIT-MAD,0,0,1,1,720.0,2,17,False,False,22,home,19,1783728136.0,18,False,"whoffenka,bgessner,rduncan,mmarshall,lstorm,mdillard,rward1",20,26,8d706a8199f12b90260a145c04ca9190749dc19dc8642408aea05620efd943d2,1783728136.0,False,22,550.173913043478,12.6943215651724,10.57,-7.03,-123.627476574788,17d843bbc58357d31ff60d59e158e23902a9fa4fe0be6ccefc615532386f206b,0.9702304984993,0.0297695015006999,0.646659667499033,0.914942356930733,0.887115439108775,0.66527469164106,2710.17391304348,0.0,0.662,-0.0278269178219586,-0.0787538677653856,26.0,21132edbaad99ee7877bca3cce4fe3b810e26a38,2026-08-18 08:07:04,2026-07-11 00:03:57,2026-07-10-PIT-MAD,radicals,thunderbirds,31,19,2026-07-10 19:00:00
vluo,12.34,87.81,sknoche,23.12,105.34,0,0,0,"mmccarthy,vluo,mweber2,mgrinde,agutowsky,sknoche,jleibfort",True,2026-07-10-PIT-MAD,1,0,1,1,720.0,2,18,False,False,23,home,20,1783728163.0,19,False,"whoffenka,bgessner,rduncan,mmarshall,lstorm,mdillard,rward1",21,28,1830e930b6899d22a1d8fe88a6ebeaad9a13ba496598b7fb79cb1c65c664d408,1783728163.0,False,23,542.086956521739,20.579341583248,10.78,17.53,-31.5892627347162,ada035fea94c86f15f460f77a207960c5d4c4dbea5ae7c02904eb4175dbec3c3,0.917012792888246,0.0829872071117536,0.646659667499033,0.88766489998494,1.0,0.587509852845897,2702.08695652174,0.0,0.674,0.11233510001506,0.317923230614361,28.0,3ee3ac3de387cf6efb13925760d928f1ec4603b2,2026-08-18 08:07:04,2026-07-11 00:03:57,2026-07-10-PIT-MAD,radicals,thunderbirds,31,19,2026-07-10 19:00:00
whoffenka,26.42,44.2,lcall,20.42,62.14,0,0,0,"rduncan,mmarshall,whoffenka,rward1,lstorm,mdillard,lcall",False,2026-07-10-PIT-MAD,1,0,1,2,534.0,1,1,True,True,24,away,8,1783728203.0,18,False,"jcarrico,kalexande,jmaskalun,mjunga,rpieran,agutowsky,kconniff",9,31,36c7be46f56f23de2aa2368ec5dfd83663c17da98d47ef54f6fd69c55f03e5ab,1783728203.0,False,24,534.0,18.916754478504,-6.0,17.94,18.4924169877158,1b434f9d6d2ae6fd03b7856c8b87f55ea4932405f9a2d82699d999d208c7c278,0.946796416420194,0.0532035835798059,0.641757551475105,0.641757551475105,0.758395131096089,0.741509639402899,2694.0,1.0,0.67,0.116637579620983,0.325582800422597,31.0,2e4ddfa9e22c966220164972ca684181bda1bc7f,2026-08-18 08:07:04,2026-07-11 00:03:57,2026-07-10-PIT-MAD,radicals,thunderbirds,31,19,2026-07-10 19:00:00
lcall,20.42,62.14,whoffenka,15.58,34.71,0,0,0,"rduncan,mmarshall,whoffenka,rward1,lstorm,mdillard,lcall",False,2026-07-10-PIT-MAD,1,0,1,2,534.0,1,2,True,True,25,away,9,1783728209.0,18,False,"jcarrico,kalexande,jmaskalun,mjunga,rpieran,agutowsky,kconniff",10,32,3159c65bd6b654c2059b9298c8d7b52e570fb77755b91c6c93fcf09083d45c24,1783728209.0,False,25,528.4,27.8537340405196,-4.84,-27.43,169.993211800154,17a342c7676510edf6b14b4389d1de50abe3f541c173474963ad8438e6d82042,0.970046816911888,0.0299531830881116,0.641757551475105,0.758938382037981,0.66856686581122,0.876120305583243,2688.4,1.0,0.687,-0.0903715162267619,-0.252263562285478,32.0,974cc9cbc29474e0bdf36637e28483d375a5e97b,2026-08-18 08:07:04,2026-07-11 00:03:57,2026-07-10-PIT-MAD,radicals,thunderbirds,31,19,2026-07-10 19:00:00
whoffenka,15.58,34.71,,8.6,44.02,1,0,0,"rduncan,mmarshall,whoffenka,rward1,lstorm,mdillard,lcall",False,2026-07-10-PIT-MAD,1,0,1,2,534.0,1,3,True,True,26,away,10,1783728212.0,22,False,"jcarrico,kalexande,jmaskalun,mjunga,rpieran,agutowsky,kconniff",11,35,48ee949152d26725deda78705946acbd96c0855b34e48c08d74a60ef9443e7ed,1783728212.0,False,26,522.8,11.6360001718804,-6.98,9.31,36.8600496260866,d18d911fbac4437401c3482f784a34f8d18f786768f0ba3e5ac7ecbc026745fa,0.978781189528001,-0.978781189528001,0.641757551475105,0.669154547767009,0.710948076341261,0.842352048004463,2682.8,1.0,0.796,-0.842352048004463,-0.842352048004463,35.0,8081b1c4073f982af52587847170e4f56505829a,2026-08-18 08:07:04,2026-07-11 00:03:57,2026-07-10-PIT-MAD,radicals,thunderbirds,31,19,2026-07-10 19:00:00
agutowsky,-5.94,85.15,jcarrico,-14.87,80.72,0,0,0,"jcarrico,kalexande,jmaskalun,mjunga,rpieran,agutowsky,kconniff",True,2026-07-10-PIT-MAD,1,0,1,2,534.0,2,1,False,False,27,home,24,1783728219.0,18,False,"rduncan,mmarshall,whoffenka,rward1,lstorm,mdillard,lcall",25,36,8a5d9f0a8d091d42794c1e3d69578235024869195e5710cdd14c874c6756b55f,1783728219.0,False,27,517.2,9.96844019894788,-8.93,-4.43000000000001,116.385118858498,5713ac310ed43c32642d2ded625a20cbea7a587ace69916a256b36fcb184a491,0.980162978371425,0.0198370216285748,0.858824493829738,0.880767556412442,0.858573782681176,0.6866128900651,2677.2,1.0,0.799,-0.0221937737312661,-0.15720697119017,36.0,7ad3c761c25ee2085395cb5a92254778796335e6,2026-08-18 08:07:04,2026-07-11 00:03:57,2026-07-10-PIT-MAD,radicals,thunderbirds,31,19,2026-07-10 19:00:00
jcarrico,-14.87,80.72,kconniff,-19.17,110.65,0,0,0,"jcarrico,kalexande,jmaskalun,mjunga,rpieran,agutowsky,kconniff",True,2026-07-10-PIT-MAD,2,0,1,2,534.0,2,2,False,False,28,home,25,1783728226.0,19,False,"rduncan,mmarshall,whoffenka,rward1,lstorm,mdillard,lcall",26,38,31ebd045633c042ff00a8c388fde201bc721606d182f39e9f9decf58caae847f,1783728226.0,False,28,511.6,30.2373097348293,-4.3,29.93,8.17565813014721,74ccc86e1558bfdf6b31036ea4840c6e8d92a9d10f7f3d7780d8cc3cd2a6a34c,0.871452424838664,0.128547575161336,0.858824493829738,0.858824493829738,1.0,0.614660209997796,2671.6,1.0,0.817,0.141175506170262,1.0,38.0,3f91d7d2c42aa75119f56ab929d6f12e8cde60df,2026-08-18 08:07:04,2026-07-11 00:03:57,2026-07-10-PIT-MAD,radicals,thunderbirds,31,19,2026-07-10 19:00:00
knicholl,-2.3,11.51,nceluch,-2.55,21.18,0,0,0,"pzaccardi,nceluch,astevenso,rkindell,lbecker,knicholl,lcall",False,2026-07-10-PIT-MAD,2,0,1,3,506.0,1,1,True,True,29,away,13,1783728291.0,18,False,"mweber2,mgrinde,mmccarthy,agutowsky,sknoche,vluo,jleibfort",14,42,5260164e1e066be386560ab40fde9e2acddadbef94fc89fb5811210f037ea823,1783728291.0,False,29,506.0,9.67323110444488,-0.25,9.67,1.48094672713792,5746da8284f49ddf2a359f2cc082e455c017e30470374c50c1e55c87ff8cb3cd,0.989074982525785,0.0109250174742151,0.621777772673133,0.621777772673133,0.644260084192319,0.929304190947514,2666.0,2.0,0.829,0.0224823115191863,0.0594420684317864,42.0,300cc31ffeddccabd396f04d59226a9f723ba475,2026-08-18 08:07:04,2026-07-11 00:09:02,2026-07-10-PIT-MAD,radicals,thunderbirds,31,19,2026-07-10 19:00:00
nceluch,-2.55,21.18,astevenso,1.01,13.83,0,0,0,"pzaccardi,nceluch,astevenso,rkindell,lbecker,knicholl,lcall",False,2026-07-10-PIT-MAD,2,0,1,3,506.0,1,2,True,True,30,away,14,1783728293.0,18,False,"mweber2,mgrinde,mmccarthy,agutowsky,sknoche,vluo,jleibfort",15,43,22ae0ed5e4313d8ad94fc1d45e9c0f1d92420025b01864aea8a8d65a74128d95,1783728293.0,False,30,503.692307692308,8.16676802658187,3.56,-7.35,-154.156599010966,f6529e8531ac5e9f1d7800f9a1964b6c00fa4a0529a67588f173ebb5efda4015,0.993758698956028,0.00624130104397247,0.621777772673133,0.644411899609302,0.627134739256614,0.93289799032911,2663.69230769231,2.0,0.83,-0.0172771603526888,-0.0456799180598064,43.0,965375a07663a2b0f12caf04dca960b93cd39ecc,2026-08-18 08:07:04,2026-07-11 00:09:02,2026-07-10-PIT-MAD,radicals,thunderbirds,31,19,2026-07-10 19:00:00
astevenso,1.01,13.83,knicholl,-13.45,22.95,0,0,0,"pzaccardi,nceluch,astevenso,rkindell,lbecker,knicholl,lcall",False,2026-07-10-PIT-MAD,2,0,1,3,506.0,1,3,True,True,31,away,15,1783728295.0,18,False,"mweber2,mgrinde,mmccarthy,agutowsky,sknoche,vluo,jleibfort",16,44,1a86cb5441601a8cba241a840dd3d4156ac64917961ce9f2c4d08c982d19f74d,1783728295.0,False,31,501.384615384615,17.0957889551784,-14.46,9.12,57.7601487649536,fcb6e1863ce0969792af5e93899c5c69a5f2ac0e7586f9f5b946c15b5939c807,0.979759975815038,0.0202400241849616,0.621777772673133,0.627279537605772,0.642836147897214,0.921604061220276,2661.38461538462,2.0,0.829,0.0155566102914425,0.0411308727183772,44.0,c7b47ee1ab75d57869729e5ffdcbdb079fa5effe,2026-08-18 08:07:04,2026-07-11 00:09:02,2026-07-10-PIT-MAD,radicals,thunderbirds,31,19,2026-07-10 19:00:00
knicholl,-13.45,22.95,astevenso,-1.14,21.06,0,0,0,"pzaccardi,nceluch,astevenso,rkindell,lbecker,knicholl,lcall",False,2026-07-10-PIT-MAD,2,0,1,3,506.0,1,4,True,True,32,away,16,1783728298.0,18,False,"mweber2,mgrinde,mmccarthy,agutowsky,sknoche,vluo,jleibfort",17,45,06a96fa05a8dd0e1fa6056e7cddc89bef44dab19da0b6fcf583016f36f910f1e,1783728298.0,False,32,499.076923076923,12.4542442564774,12.31,-1.89,-98.7286737765856,07bede9b1f734e7f6d24cfd77f92b50f082738c0de57ab5cb6943d9e6beb14d9,0.987440525921814,0.0125594740781859,0.621777772673133,0.642968621964178,0.644494312758351,0.929815442281014,2659.07692307692,2.0,0.828,0.00152569079417275,0.00403384752121989,45.0,e34800ad88e7ab53c2376471f593f91b31d74ba6,2026-08-18 08:07:04,2026-07-11 00:09:02,2026-07-10-PIT-MAD,radicals,thunderbirds,31,19,2026-07-10 19:00:00
astevenso,-1.14,21.06,lcall,9.76,22.53,0,0,0,"pzaccardi,nceluch,astevenso,rkindell,lbecker,knicholl,lcall",False,2026-07-10-PIT-MAD,2,0,1,3,506.0,1,5,True,True,33,away,17,1783728301.0,18,False,"mweber2,mgrinde,mmccarthy,agutowsky,sknoche,vluo,jleibfort",18,46,7b7ad3b4ded48b294f2693d9726c59544746eeba2dd6ee6c0b93d33baa84d052,1783728301.0,False,33,496.769230769231,10.9986771931901,10.9,1.47,-82.3192959842922,6928507deaf17f26706703cbf273b6b2f9cb60e4a0bcce3ccce3ec3f603136fd,0.988850166655472,0.0111498333445282,0.621777772673133,0.644617049674148,0.645837453149431,0.92465603517887,2656.76923076923,2.0,0.828,0.00122040347528285,0.00322668364550704,46.0,9dc044d5d5b014d72fb432713c77e2b71b2252a8,2026-08-18 08:07:04,2026-07-11 00:09:02,2026-07-10-PIT-MAD,radicals,thunderbirds,31,19,2026-07-10 19:00:00
lcall,9.76,22.53,pzaccardi,16.44,28.83,0,0,0,"pzaccardi,nceluch,astevenso,rkindell,lbecker,knicholl,lcall",False,2026-07-10-PIT-MAD,2,0,1,3,506.0,1,6,True,True,34,away,18,1783728304.0,18,False,"mweber2,mgrinde,mmccarthy,agutowsky,sknoche,vluo,jleibfort",19,47,a86bc24fdf6f9f2063e86f087ddbc021b2aab05cfc56fba41f33d6cd96b16e30,1783728304.0,False,34,494.461538461538,9.18217839077416,6.68,6.3,-46.6769013277454,f5cb984f6e8e1bf4e6bbce261519928d5e1ec01d207df94a50226e67df806cbb,0.989541490661629,0.0104585093383707,0.621777772673133,0.645950750483251,0.650666656140126,0.899254852905603,2654.46153846154,2.0,0.827,0.00471590565687485,0.0124686105578858,47.0,64530f9bc9c346f8a7290c736b8dd1c449d05dce,2026-08-18 08:07:04,2026-07-11 00:09:02,2026-07-10-PIT-MAD,radicals,thunderbirds,31,19,2026-07-10 19:00:00
pzaccardi,16.44,28.83,astevenso,0.58,23.81,0,0,0,"pzaccardi,nceluch,astevenso,rkindell,lbecker,knicholl,lcall",False,2026-07-10-PIT-MAD,2,0,1,3,506.0,1,7,True,True,35,away,19,1783728314.0,18,False,"mweber2,mgrinde,mmccarthy,agutowsky,sknoche,vluo,jleibfort",20,48,0a0a4e5fe86c87c484afa1e94be431e8df9eba8eb0395e81f74871f9beaa721f,1783728314.0,False,35,492.153846153846,16.6355042003541,-15.86,-5.02,107.563597305244,b3d117002c14982b55deafd0442d54e22cf3e44fe4900823ec20467ac0a871b8,0.982197753479248,0.0178022465207524,0.621777772673133,0.650770285245917,0.651923343403697,0.921332451201534,2652.15384615385,2.0,0.827,0.00115305815777922,0.00304862611044465,48.0,bae79eb8b3fca69a4bd0365e9a1a42c104f6195a,2026-08-18 08:07:04,2026-07-11 00:09:02,2026-07-10-PIT-MAD,radicals,thunderbirds,31,19,2026-07-10 19:00:00
astevenso,0.58,33.81,pzaccardi,9.76,38.57,0,0,0,"pzaccardi,nceluch,astevenso,rkindell,lbecker,knicholl,lcall",False,2026-07-10-PIT-MAD,2,0,1,3,506.0,1,8,True,True,36,away,21,1783728328.0,18,False,"mweber2,mgrinde,mmccarthy,agutowsky,sknoche,vluo,jleibfort",22,50,71b1648cf6151a52dbe6c654c3f906ceeee4d153ddc87deefa3fbb55a471df87,1783728328.0,False,36,489.846153846154,10.340696301507,9.18,4.76,-62.5924245621816,009f88e6f364beddb204f7dff190c8a7e62c0ca2ae69e6ec86c8754ed2bf75b1,0.98613784436566,0.0138621556343398,0.621777772673133,0.680530713988083,0.693402879882666,0.865969248385111,2649.84615384615,2.0,0.822,0.0128721658945831,0.0340333406250571,50.0,00c5e10eff97cbabe16b0ae1884726923e0bc62e,2026-08-18 08:07:04,2026-07-11 00:09:02,2026-07-10-PIT-MAD,radicals,thunderbirds,31,19,2026-07-10 19:00:00
pzaccardi,9.76,38.57,lbecker,8.41,50.44,0,0,0,"pzaccardi,nceluch,astevenso,rkindell,lbecker,knicholl,lcall",False,2026-07-10-PIT-MAD,2,0,1,3,506.0,1,9,True,True,37,away,22,1783728333.0,18,False,"mweber2,mgrinde,mmccarthy,agutowsky,sknoche,vluo,jleibfort",23,51,81aabacc7dfd5d90a88ef5becdf9e622bb25a548bdbc9767601e7027ee4890a5,1783728333.0,False,37,487.538461538462,11.9465225065707,-1.35,11.87,6.48848886588767,89dd05aa6f4e40563a5595841e9a720ea71104d68d33c77592deb85d316a92a4,0.977730794713686,0.0222692052863136,0.621777772673133,0.693483646159902,0.737087282274009,0.816387319351104,2647.53846153846,2.0,0.817,0.0436036361141071,0.115285757852682,51.0,23529722ae1ea7f37b7dc316e517d0cdf9553031,2026-08-18 08:07:04,2026-07-11 00:09:02,2026-07-10-PIT-MAD,radicals,thunderbirds,31,19,2026-07-10 19:00:00
lbecker,8.41,50.44,,8.35,110.26,1,0,0,"pzaccardi,nceluch,astevenso,rkindell,lbecker,knicholl,lcall",False,2026-07-10-PIT-MAD,2,0,1,3,506.0,1,10,True,True,38,away,23,1783728340.0,22,False,"mweber2,mgrinde,mmccarthy,agutowsky,sknoche,vluo,jleibfort",24,52,e0efc27278acca33838e400ae77d1d1e1c1f273321d1fa707f6113ddbf8b610d,1783728340.0,False,38,485.230769230769,59.8200300902633,-0.0600000000000005,59.82,0.0574681647937751,5ec3dccab057768554c7840eb7524966acf8b788fd463bb36622173ef3cebd6b,0.613767148158214,-0.613767148158214,0.621777772673133,0.737153812960956,0.957377171503772,0.641048899057228,2645.23076923077,2.0,0.877,-0.641048899057228,-0.641048899057228,52.0,a88e4925901e74eaacb2845429af6111fb8ca0bb,2026-08-18 08:07:04,2026-07-11 00:09:02,2026-07-10-PIT-MAD,radicals,thunderbirds,31,19,2026-07-10 19:00:00
mgrinde,-2.05,21.2,mmccarthy,-13.99,32.52,0,0,0,"mweber2,mgrinde,mmccarthy,agutowsky,sknoche,vluo,jleibfort",True,2026-07-10-PIT-MAD,2,0,1,3,506.0,2,1,False,False,39,home,29,1783728349.0,18,False,"pzaccardi,nceluch,astevenso,rkindell,lbecker,knicholl,lcall",30,54,fa604c454ad0b260ca6fb168e13ddf87de89756496a9268583989d6f49c93576,1783728349.0,False,39,482.923076923077,16.4531455959035,-11.94,11.32,46.5268690354226,4786bf3b4f08f608c63c8e61d4ae7d3d412f8012b71f92385388f75d020da12e,0.977157732636423,0.0228422673635772,0.64545525744244,0.64545525744244,0.669779326242915,0.887206008922645,2642.92307692308,2.0,0.879,0.0243240688004742,0.0686064856723274,54.0,c4f260fc9d638b0850b74ef246cf0891727585fa,2026-08-18 08:07:04,2026-07-11 00:09:02,2026-07-10-PIT-MAD,radicals,thunderbirds,31,19,2026-07-10 19:00:00
mmccarthy,-13.99,32.52,mweber2,-13.99,32.52,1,1,0,"mweber2,mgrinde,mmccarthy,agutowsky,sknoche,vluo,jleibfort",True,2026-07-10-PIT-MAD,2,0,1,3,506.0,2,2,False,False,40,home,30,1783728359.0,20,False,"pzaccardi,nceluch,astevenso,rkindell,lbecker,knicholl,lcall",31,56,553cce6be5c0d6d5378854b84ecf406bb1fe8e9dadd1a78b5fd5d1c30e061c4e,1783728359.0,False,40,480.615384615385,0.0,0.0,0.0,-90.0,1ca77ced87d3e5894fbab10a526ab8f67f129f9dcd4d93e1ddd6489f4b28f579,0.5,1.0,0.64545525744244,0.669839700844504,0.669839700844504,0.88723332403201,2640.61538461538,2.0,0.791,-0.88723332403201,-0.88723332403201,56.0,35e75679566d5270158269e8317cc93c3af27d09,2026-08-18 08:07:04,2026-07-11 00:09:02,2026-07-10-PIT-MAD,radicals,thunderbirds,31,19,2026-07-10 19:00:00
nceluch,12.7,73.46,knicholl,10.13,116.57,0,0,0,"pzaccardi,nceluch,astevenso,rkindell,lbecker,knicholl,lcall",False,2026-07-10-PIT-MAD,2,1,1,3,506.0,3,1,True,True,41,away,25,1783728371.0,19,False,"mweber2,mgrinde,mmccarthy,agutowsky,sknoche,vluo,jleibfort",26,57,e4ef8609787c64477c51cdece3994c07b549a979df6e2b12f987ec0b902f2202,1783728371.0,False,41,478.307692307692,43.1865372541027,-2.57,43.11,3.4116466000501,f0e333cd829fa9ba66a7cb5678ae1e5edb24125e36d660ccc99ae4ed26c5f22d,0.715755396790589,0.284244603209411,0.830390729955117,0.830390729955117,1.0,0.640172696105155,2638.30769230769,2.0,0.772,0.169609270044883,1.0,57.0,b6f5c12ae4201976af869c0be90a3ece2ed46d69,2026-08-18 08:07:04,2026-07-11 00:09:02,2026-07-10-PIT-MAD,radicals,thunderbirds,31,19,2026-07-10 19:00:00
gvordick,-6.14,8.72,nranabhat,-15.21,21.47,0,0,0,"imccosky,nranabhat,jnelson,msample,gvordick,sstark,esjostrom",True,2026-07-10-PIT-MAD,2,1,1,4,476.0,1,1,True,True,42,home,33,1783728428.0,18,False,"nceluch,lbecker,rkindell,hpark,akirages,pzaccardi,ecampion",34,62,ead12e02d35653125973bfbd907d68fb2a35eeba7c04b10cef09b85f3b3e951f,1783728428.0,False,42,476.0,15.6469613663484,-9.07,12.75,35.4270025754415,edb5371b3135272f936f92dc146138a64ac466ee139649d25e732f6f3db4b8b1,0.981720815005843,0.0182791849941574,0.616563070749159,0.616563070749159,0.636525593577888,0.925416038278266,2636.0,1.0,0.765,0.0199625228287291,0.0520620767220619,62.0,24e18852c26e649f57b056b2329b92721d12db1b,2026-08-18 08:07:04,2026-07-11 00:09:02,2026-07-10-PIT-MAD,radicals,thunderbirds,31,19,2026-07-10 19:00:00
nranabhat,-15.21,21.47,imccosky,-20.12,32.79,0,0,0,"imccosky,nranabhat,jnelson,msample,gvordick,sstark,esjostrom",True,2026-07-10-PIT-MAD,2,1,1,4,476.0,1,2,True,True,43,home,34,1783728430.0,18,False,"nceluch,lbecker,rkindell,hpark,akirages,pzaccardi,ecampion",35,63,bd94fbcf5051247f27b1e91369ca090e56db6c163c87b125234a1d38671686ac,1783728430.0,False,43,468.588235294118,12.3389829402589,-4.91,11.32,23.4485758338299,139d3640741526189d272f8e5cf7460b290db988e6c1f8e5d57a9c20c8b2bb33,0.985110304608723,0.0148896953912772,0.616563070749159,0.636630155955438,0.651118124287094,0.876268841314331,2628.58823529412,1.0,0.766,0.0144879683316551,0.037784488729246,63.0,03ebd42200ef5be0e3e6952c062abf4131265a40,2026-08-18 08:07:04,2026-07-11 00:09:02,2026-07-10-PIT-MAD,radicals,thunderbirds,31,19,2026-07-10 19:00:00
imccosky,-20.12,32.79,gvordick,-22.58,50.52,0,0,0,"imccosky,nranabhat,jnelson,msample,gvordick,sstark,esjostrom",True,2026-07-10-PIT-MAD,2,1,1,4,476.0,1,3,True,True,44,home,35,1783728437.0,18,False,"nceluch,lbecker,rkindell,hpark,akirages,pzaccardi,ecampion",36,64,0fe1e897b1d6ca4415dc322a33f1e4b26276b3005bcec88d2bae96ef7d3333f8,1783728437.0,False,44,461.176470588235,17.8998463680558,-2.46,17.73,7.89923651382985,96b661a67aa815c910affbc38c9d3abbf9bf4872defad33a5f18dafcf713428a,0.955953944384302,0.0440460556156976,0.616563070749159,0.651153183050013,0.700561828401668,0.786316579536413,2621.17647058824,1.0,0.772,0.0494086453516557,0.128857294596507,64.0,f76ba1ec2999b2e05af260ecf3dbde5075460530,2026-08-18 08:07:04,2026-07-11 00:09:02,2026-07-10-PIT-MAD,radicals,thunderbirds,31,19,2026-07-10 19:00:00
gvordick,-22.58,50.52,imccosky,-23.4,58.22,0,0,0,"imccosky,nranabhat,jnelson,msample,gvordick,sstark,esjostrom",True,2026-07-10-PIT-MAD,2,1,1,4,476.0,1,4,True,True,45,home,36,1783728445.0,18,False,"nceluch,lbecker,rkindell,hpark,akirages,pzaccardi,ecampion",37,65,a4be2b302229c5b27212e032a28a77a3c738cc5929732676b85989359b223ef6,1783728445.0,False,45,453.764705882353,7.74353924249112,-0.82,7.7,6.07871824100934,9f00a79f7ce8be96769b2d9bea5cc456c9aa6744fb775f3eb627f230410f79f1,0.977705757860388,0.0222942421396124,0.616563070749159,0.700538316659316,0.728122162865279,0.745266023604507,2613.76470588235,1.0,0.776,0.0275838462059625,0.0719384182943877,65.0,e4e4046ec74b7c762ac0a251d49aa60f10b59e04,2026-08-18 08:07:04,2026-07-11 00:09:02,2026-07-10-PIT-MAD,radicals,thunderbirds,31,19,2026-07-10 19:00:00
imccosky,-23.4,58.22,esjostrom,-0.35,60.61,0,0,0,"imccosky,nranabhat,jnelson,msample,gvordick,sstark,esjostrom",True,2026-07-10-PIT-MAD,2,1,1,4,476.0,1,5,True,True,46,home,37,1783728449.0,18,False,"nceluch,lbecker,rkindell,hpark,akirages,pzaccardi,ecampion",38,66,d98a41bd6fff36e4a01a804f487937f87ea0febcf54ad909279e64d19ce67a1e,1783728449.0,False,46,446.352941176471,23.1735754686237,23.05,2.39,-84.0802901278287,178620d3bb94ef4a176fb648dc659bfb625067e63555ee14449080a62fdc0849,0.938691008120951,0.0613089918790491,0.616563070749159,0.72805341153158,0.779662547504052,0.774598374401893,2606.35294117647,1.0,0.783,0.0516091359724716,0.13459615398367,66.0,211fbb2b06884fd7bf2cc9f42feddabec11ecae5,2026-08-18 08:07:04,2026-07-11 00:09:02,2026-07-10-PIT-MAD,radicals,thunderbirds,31,19,2026-07-10 19:00:00
esjostrom,-0.35,60.61,nranabhat,4.09,50.24,0,0,0,"imccosky,nranabhat,jnelson,msample,gvordick,sstark,esjostrom",True,2026-07-10-PIT-MAD,2,1,1,4,476.0,1,6,True,True,47,home,38,1783728452.0,18,False,"nceluch,lbecker,rkindell,hpark,akirages,pzaccardi,ecampion",39,67,07513625a5a175e75039b5bbf63a360a1305cdb0396b6f9b4158c5d9a2968cac,1783728452.0,False,47,438.941176470588,11.2805363347671,4.44,-10.37,-156.821417323804,f8c9d07175b27d157236c218525cee1810e35ecd3233266a7d5d0f75de984ab9,0.987448663205292,0.0125513367947082,0.616563070749159,0.77956783565462,0.737627174611729,0.818123218854847,2598.94117647059,1.0,0.776,-0.041940661042891,-0.10938085991048,67.0,bd3b3c9891c0c05e4d9b9ed051ff1cf767696dcd,2026-08-18 08:07:04,2026-07-11 00:09:02,2026-07-10-PIT-MAD,radicals,thunderbirds,31,19,2026-07-10 19:00:00
nranabhat,4.09,50.24,sstark,13.43,71.18,0,0,0,"imccosky,nranabhat,jnelson,msample,gvordick,sstark,esjostrom",True,2026-07-10-PIT-MAD,2,1,1,4,476.0,1,7,True,True,48,home,39,1783728457.0,18,False,"nceluch,lbecker,rkindell,hpark,akirages,pzaccardi,ecampion",40,68,a1cec1bf948aee16d9c1a788d17b5410acc8527fc561bd9ead6b9f07b77d63f0,1783728457.0,False,48,431.529411764706,22.928567334223,9.34,20.94,-24.0386058984195,16d899a270e8fc29c88138bc71dc4ae904db4e6a8420febeef947fbe50689e15,0.935164781548097,0.0648352184519027,0.616563070749159,0.737487034084399,0.819538522711103,0.726855280861025,2591.52941176471,1.0,0.789,0.0820514886267043,0.213989530917161,68.0,2b23be9999fb70b227e97ef32237c56f8236260b,2026-08-18 08:07:04,2026-07-11 00:09:02,2026-07-10-PIT-MAD,radicals,thunderbirds,31,19,2026-07-10 19:00:00
sstark,13.43,71.18,gvordick,-2.6,66.06,0,0,0,"imccosky,nranabhat,jnelson,msample,gvordick,sstark,esjostrom",True,2026-07-10-PIT-MAD,2,1,1,4,476.0,1,8,True,True,49,home,40,1783728460.0,18,False,"nceluch,lbecker,rkindell,hpark,akirages,pzaccardi,ecampion",41,69,cca08c3859d65a4b8338adc90ed46a9d3793690c8f7203e5f34d764d1d7dd96d,1783728460.0,False,49,424.117647058824,16.8278132863423,-16.03,-5.12,107.713540372131,4800a0cfb0fffd19c1561e65055f90fa074efd9e2a81046a489a2a1d151c86ab,0.969847518683104,0.0301524813168963,0.616563070749159,0.819410481346247,0.802209022826553,0.751963780523887,2584.11764705882,1.0,0.786,-0.0172014585196936,-0.0448612462897139,69.0,a29352a1878888335ac7cbd07a5a385914a18270,2026-08-18 08:07:04,2026-07-11 00:09:02,2026-07-10-PIT-MAD,radicals,thunderbirds,31,19,2026-07-10 19:00:00
gvordick,-2.6,66.06,nranabhat,-12.69,74.65,0,0,0,"imccosky,nranabhat,jnelson,msample,gvordick,sstark,esjostrom",True,2026-07-10-PIT-MAD,2,1,1,4,476.0,1,9,True,True,50,home,41,1783728463.0,18,False,"nceluch,lbecker,rkindell,hpark,akirages,pzaccardi,ecampion",42,70,53d08d68f4de0a5e2bd0c9253c61f0ce38901bc17ed4ee831bab51a87c5cb47f,1783728463.0,False,50,416.705882352941,13.251271637092,-10.09,8.59,49.5909880873361,5bebddded6fc7953d8bacb0bc43ab6b3f009c7822f3258ce19dae4b206aabc50,0.972397575351905,0.0276024246480955,0.616563070749159,0.802054143494385,0.835685184816023,0.713661446809684,2576.70588235294,1.0,0.791,0.0336310413216379,0.0877094477763166,70.0,8bc6523268a1ec01b2d06dc11e88c4c2a75a5898,2026-08-18 08:07:04,2026-07-11 00:09:02,2026-07-10-PIT-MAD,radicals,thunderbirds,31,19,2026-07-10 19:00:00
nranabhat,-12.69,74.65,esjostrom,-22.99,73.43,0,0,0,"imccosky,nranabhat,jnelson,msample,gvordick,sstark,esjostrom",True,2026-07-10-PIT-MAD,2,1,1,4,476.0,1,10,True,True,51,home,42,1783728466.0,18,False,"nceluch,lbecker,rkindell,hpark,akirages,pzaccardi,ecampion",43,71,44418bd90ba7d1186d882d74aefbd9fdbe527dca31ed342954c40027e4add7f2,1783728466.0,False,51,409.294117647059,10.3720007713073,-10.3,-1.22,96.7550176541533,b686216f18001140fbdf227629f817362ed6dc33b95dba2f6f053fb85931bb26,0.978638531182038,0.0213614688179619,0.616563070749159,0.835540278447114,0.80281788434226,0.680059899284606,2569.29411764706,1.0,0.785,-0.0327223941048541,-0.0853397041562666,71.0,975446248020586ab1deed2515272c22a905d383,2026-08-18 08:07:04,2026-07-11 00:09:02,2026-07-10-PIT-MAD,radicals,thunderbirds,31,19,2026-07-10 19:00:00
esjostrom,-22.99,73.43,nranabhat,-17.06,91.77,0,0,0,"imccosky,nranabhat,jnelson,msample,gvordick,sstark,esjostrom",True,2026-07-10-PIT-MAD,2,1,1,4,476.0,1,11,True,True,52,home,43,1783728469.0,18,False,"nceluch,lbecker,rkindell,hpark,akirages,pzaccardi,ecampion",44,72,f3b5d33af68ea6d23b0a6c66f3fb557b98e30000f7ce332d7790a5dd9993ed3b,1783728469.0,False,52,401.882352941176,19.2748670553132,5.93,18.34,-17.917937774069,515f4f60ba353571b798f050c292bdad3e9d3a38600f77792ea4e2e60fa1f5db,0.931969050640515,0.0680309493594849,0.616563070749159,0.802643256273956,0.900540460231756,0.646256636096133,2561.88235294118,1.0,0.803,0.0978972039578001,0.255315011386805,72.0,acd800b21fc2ac78606231baed88f8c7050ba8f5,2026-08-18 08:07:04,2026-07-11 00:09:02,2026-07-10-PIT-MAD,radicals,thunderbirds,31,19,2026-07-10 19:00:00
nranabhat,-17.06,91.77,imccosky,-22.99,90.47,0,0,0,"imccosky,nranabhat,jnelson,msample,gvordick,sstark,esjostrom",True,2026-07-10-PIT-MAD,2,1,1,4,476.0,1,12,True,True,53,home,44,1783728471.0,18,False,"nceluch,lbecker,rkindell,hpark,akirages,pzaccardi,ecampion",45,73,4cfb69679bfe9fa10a2a14e76be069e5125f272ea9279b7ae26e901f407b3413,1783728471.0,False,53,394.470588235294,6.07082366734531,-5.93,-1.3,102.365018183506,cf13d256ce5bf8cf55b2a1eb9e854ae4b9a8553626e71aaaf7c88587c8c476a9,0.977737129800994,0.022262870199006,0.616563070749159,0.900440152821941,0.881510740224282,0.619280086741441,2554.47058823529,1.0,0.799,-0.0189294125976588,-0.0493677347005753,73.0,8c7f3b3820f8e0f157fda4e5eca6c192d289c87a,2026-08-18 08:07:04,2026-07-11 00:09:02,2026-07-10-PIT-MAD,radicals,thunderbirds,31,19,2026-07-10 19:00:00
imccosky,-22.99,90.47,nranabhat,-10.03,90.27,0,0,0,"imccosky,nranabhat,jnelson,msample,gvordick,sstark,esjostrom",True,2026-07-10-PIT-MAD,2,1,1,4,476.0,1,13,True,True,54,home,45,1783728478.0,18,False,"nceluch,lbecker,rkindell,hpark,akirages,pzaccardi,ecampion",46,74,12893b629264ddbb5deda09fad9c543ceedc9e24ff7ab4ffea2e52195969aa7c,1783728478.0,False,54,387.058823529412,12.9615431180087,12.96,-0.200000000000003,-90.8841239481354,5089fbb97d698216f9b477fe82bf38d6351c86c4137bc6b43b9bef4b1e8c59a4,0.953716655160418,0.0462833448395816,0.616563070749159,0.881395292949778,0.899658860830439,0.664387396455591,2547.05882352941,1.0,0.802,0.0182635678806611,0.0476312177764005,74.0,84f2ce9dbbb2e2ae4bcd1f0f5b56becf9be8491b,2026-08-18 08:07:04,2026-07-11 00:09:02,2026-07-10-PIT-MAD,radicals,thunderbirds,31,19,2026-07-10 19:00:00
nranabhat,-10.03,90.27,gvordick,2.04,90.06,0,0,0,"imccosky,nranabhat,jnelson,msample,gvordick,sstark,esjostrom",True,2026-07-10-PIT-MAD,2,1,1,4,476.0,1,14,True,True,55,home,46,1783728481.0,18,False,"nceluch,lbecker,rkindell,hpark,akirages,pzaccardi,ecampion",47,75,b99f48e1e9836dfc4f1dca7cef5dd919fc303cceb5dfcec928bf5009141380ec,1783728481.0,False,55,379.647058823529,12.0718267051843,12.07,-0.209999999999994,-90.9967605505739,7b9477b0776eba22a577208d951ddfcfd1ebfc2bf51ece32a721f2ec7c7ecd6d,0.968951379564382,0.0310486204356181,0.616563070749159,0.899563219451355,0.899728217698543,0.667374175565224,2539.64705882353,1.0,0.802,0.000164998247188075,0.000430313917625119,75.0,fbd9c69570fff63c3f54cd74ddf56fa016a7e565,2026-08-18 08:07:04,2026-07-11 00:09:02,2026-07-10-PIT-MAD,radicals,thunderbirds,31,19,2026-07-10 19:00:00
gvordick,2.04,90.06,imccosky,8.25,95.25,0,0,0,"imccosky,nranabhat,jnelson,msample,gvordick,sstark,esjostrom",True,2026-07-10-PIT-MAD,2,1,1,4,476.0,1,15,True,True,56,home,47,1783728483.0,18,False,"nceluch,lbecker,rkindell,hpark,akirages,pzaccardi,ecampion",48,76,bdfd29ebe2ecaea504e39b33fbd00593c9e8c9cbbbc71600f2cd7c8250128292,1783728483.0,False,56,372.235294117647,8.09321938415115,6.21,5.19,-50.1128497798825,7dc79aca5545d5169dff8765cc7ac45fdf5b4804cd7fa6651c2d6c374b4f62d3,0.976055884661958,0.0239441153380419,0.616563070749159,0.899639589797306,0.917223734348644,0.651388181769358,2532.23529411765,1.0,0.805,0.0175841445513383,0.0458592879556337,76.0,c1b31d6e3c330c7930f6aacd8fed0d2746590619,2026-08-18 08:07:04,2026-07-11 00:09:02,2026-07-10-PIT-MAD,radicals,thunderbirds,31,19,2026-07-10 19:00:00
imccosky,8.25,95.25,gvordick,15.0,96.2,0,0,0,"imccosky,nranabhat,jnelson,msample,gvordick,sstark,esjostrom",True,2026-07-10-PIT-MAD,2,1,1,4,476.0,1,16,True,True,57,home,48,1783728486.0,18,False,"nceluch,lbecker,rkindell,hpark,akirages,pzaccardi,ecampion",49,77,9325fb28592db8d1aa757689cacb5dab3c2daee8b3dbd62c3975c59c505999bd,1783728486.0,False,57,364.823529411765,6.8165240408877,6.75,0.950000000000003,-81.9887683871439,f5db6932a6a6373eb1e6b115fe622d92571977e8303a4ac910557c8258932595,0.978654609322647,0.0213453906773531,0.616563070749159,0.91715737135632,0.917212630759615,0.640705097157635,2524.82352941176,1.0,0.805,5.52594032948717e-05,0.000144116017731619,77.0,945d2f8d12b94723a20dec4799d16b5717280854,2026-08-18 08:07:04,2026-07-11 00:09:02,2026-07-10-PIT-MAD,radicals,thunderbirds,31,19,2026-07-10 19:00:00
gvordick,15.0,96.2,msample,13.43,113.11,0,0,0,"imccosky,nranabhat,jnelson,msample,gvordick,sstark,esjostrom",True,2026-07-10-PIT-MAD,3,1,1,4,476.0,1,17,True,True,58,home,49,1783728492.0,19,False,"nceluch,lbecker,rkindell,hpark,akirages,pzaccardi,ecampion",50,79,3de6a8c9f473edbcdb4f1ac4c38972e49cb4839f1859a1a36051c9838ab9aff4,1783728492.0,False,58,357.411764705882,16.9827265184363,-1.57,16.91,5.30438975271061,c42d272497c78d3bf97b84afa63a5f9eba58feb7626c42ba1e71912d7d5e0b0f,0.927501130452881,0.0724988695471195,0.616563070749159,0.917156801912105,1.0,0.633787968775848,2517.41176470588,1.0,0.813,0.0828431980878949,0.216054301941531,79.0,c8c19b94d5648da3ad2154d2d53f6485e0d61bf8,2026-08-18 08:07:04,2026-07-11 00:09:02,2026-07-10-PIT-MAD,radicals,thunderbirds,31,19,2026-07-10 19:00:00
whoffenka,15.82,12.24,mdillard,-3.65,20.2,0,0,0,"mdillard,bgessner,whoffenka,lstorm,rduncan,mmarshall,rward1",False,2026-07-10-PIT-MAD,3,1,1,5,350.0,1,1,True,True,59,away,30,1783728535.0,18,False,"jcarrico,rpieran,mjunga,jmaskalun,agutowsky,kconniff,kalexande",31,82,dd7a46926cd6796e3bfb2661e14a1ec5b68169119bb89990f08ebc89af885346,1783728535.0,False,59,350.0,21.0343171983309,-19.47,7.96,67.7635819183002,387d23c52721ff2a9b9e969c76e7dabdc556ef64ecb4145d09047f7797c346ed,0.969982857963981,0.0300171420360191,0.608372216558053,0.608372216558053,0.640282323817983,0.931823564168403,2510.0,2.0,0.825,0.0319101072599302,0.0814807033849281,82.0,4ac5ed8f3cd38c5642acf3dd6d640f65412d5e3e,2026-08-18 08:07:04,2026-07-11 00:09:02,2026-07-10-PIT-MAD,radicals,thunderbirds,31,19,2026-07-10 19:00:00
mdillard,-3.65,20.2,whoffenka,3.58,23.2,0,0,0,"mdillard,bgessner,whoffenka,lstorm,rduncan,mmarshall,rward1",False,2026-07-10-PIT-MAD,3,1,1,5,350.0,1,2,True,True,60,away,31,1783728543.0,18,False,"jcarrico,rpieran,mjunga,jmaskalun,agutowsky,kconniff,kalexande",32,84,dcc414f6cae5cb0d51e225a0a3d661f5625d569f679b8a2e01fd51e108a80f33,1783728543.0,False,60,347.739130434783,7.8277008118604,7.23,3.0,-67.4645922129485,82ed2ec9287baf671c299bad8fdfa6edbe06b7322b232006928d7103b56bbb03,0.991346889324968,0.00865311067503183,0.608372216558053,0.640246413940257,0.647925726910437,0.922522007287833,2507.73913043478,2.0,0.824,0.00767931297017987,0.0196087031994711,84.0,e2ad9e5333cdfdbf8a9df18009b86d6bd27c980e,2026-08-18 08:07:04,2026-07-11 00:14:05,2026-07-10-PIT-MAD,radicals,thunderbirds,31,19,2026-07-10 19:00:00
whoffenka,3.58,23.2,mmarshall,13.93,35.26,0,0,0,"mdillard,bgessner,whoffenka,lstorm,rduncan,mmarshall,rward1",False,2026-07-10-PIT-MAD,3,1,1,5,350.0,1,3,True,True,61,away,32,1783728545.0,18,False,"jcarrico,rpieran,mjunga,jmaskalun,agutowsky,kconniff,kalexande",33,85,6549e48a44e35f11c90a3c1828bef656a78880222717a5c400f04bd9504bd159,1783728545.0,False,61,345.478260869565,15.892328337912,10.35,12.06,-40.6364886083381,345ca39eafe63c5649a497d5b0ba93c2f10d098bf519a1fade0651b0acd07d19,0.977080488366484,0.0229195116335159,0.608372216558053,0.647892442329721,0.674807260836676,0.87581702162637,2505.47826086957,2.0,0.821,0.0269148185069548,0.0687255083651247,85.0,6a02d2bc04bf6bf5d69595b6dd89940bbc02ceaa,2026-08-18 08:07:04,2026-07-11 00:14:05,2026-07-10-PIT-MAD,radicals,thunderbirds,31,19,2026-07-10 19:00:00
mmarshall,13.93,35.26,whoffenka,14.48,55.77,0,0,0,"mdillard,bgessner,whoffenka,lstorm,rduncan,mmarshall,rward1",False,2026-07-10-PIT-MAD,3,1,1,5,350.0,1,4,True,True,62,away,33,1783728550.0,18,False,"jcarrico,rpieran,mjunga,jmaskalun,agutowsky,kconniff,kalexande",34,86,39e5b471b4a2153d8caf44b4ffc90fa4e7727ef97bcc0c9969b83b4dac2fba67,1783728550.0,False,62,343.217391304348,20.517373126207,0.550000000000001,20.51,-1.53608621733875,e2161ad7a7378bb9bcbe4501ca8a9b4e85d6237a85be6884316a976c7d3ad23e,0.94669206453552,0.0533079354644803,0.608372216558053,0.674777255534361,0.749697653640174,0.786902729703234,2503.21739130435,2.0,0.811,0.0749203981058127,0.191305114890856,86.0,15c53ee4ae63e95994447d09b0377b5cf2a5a0d6,2026-08-18 08:07:04,2026-07-11 00:14:05,2026-07-10-PIT-MAD,radicals,thunderbirds,31,19,2026-07-10 19:00:00
whoffenka,14.48,55.77,mdillard,7.8,40.34,0,0,0,"mdillard,bgessner,whoffenka,lstorm,rduncan,mmarshall,rward1",False,2026-07-10-PIT-MAD,3,1,1,5,350.0,1,5,True,True,63,away,34,1783728556.0,18,False,"jcarrico,rpieran,mjunga,jmaskalun,agutowsky,kconniff,kalexande",35,87,df1ac358b85a5a4f4b1215616f878226c7ae15709c27a844aa8c043bcf6a77dc,1783728556.0,False,63,340.95652173913,16.8139019861542,-6.68,-15.43,156.591109639092,ffff407a1bcffab4c72e80ee61bc697558611f96467e233f24a7f86216a714e6,0.9813796870512,0.0186203129488001,0.608372216558053,0.749673561664521,0.698315067879165,0.85797316831316,2500.95652173913,2.0,0.818,-0.0513584937853564,-0.131141088443664,87.0,5db6ac6c789e460c301fdda9f0dad94dcb83955e,2026-08-18 08:07:04,2026-07-11 00:14:05,2026-07-10-PIT-MAD,radicals,thunderbirds,31,19,2026-07-10 19:00:00
mdillard,7.8,40.34,whoffenka,7.13,31.95,0,0,0,"mdillard,bgessner,whoffenka,lstorm,rduncan,mmarshall,rward1",False,2026-07-10-PIT-MAD,3,1,1,5,350.0,1,6,True,True,64,away,35,1783728558.0,18,False,"jcarrico,rpieran,mjunga,jmaskalun,agutowsky,kconniff,kalexande",36,88,7b6beaea94f1a0c3829e3b6b38c6517fede25d2fe7a8bce2db12b8df060459c3,1783728558.0,False,64,338.695652173913,8.41670957084775,-0.67,-8.39,175.434221586154,e88a057acd3222e746180bd9d0906465c6f3b48b439edc88711dced90a499804,0.991376990183445,0.00862300981655484,0.608372216558053,0.698289605088278,0.671553360400748,0.891520058960078,2498.69565217391,2.0,0.821,-0.0267362446875294,-0.0682695299412859,88.0,d8aa71fb68eea11cccea590c9741fd702c14bf5a,2026-08-18 08:07:04,2026-07-11 00:14:05,2026-07-10-PIT-MAD,radicals,thunderbirds,31,19,2026-07-10 19:00:00
whoffenka,7.13,31.95,rduncan,-6.22,46.59,0,0,0,"mdillard,bgessner,whoffenka,lstorm,rduncan,mmarshall,rward1",False,2026-07-10-PIT-MAD,3,1,1,5,350.0,1,7,True,True,65,away,36,1783728561.0,18,False,"jcarrico,rpieran,mjunga,jmaskalun,agutowsky,kconniff,kalexande",37,89,b8a2f02d44f57d95693071a8c2119f79ec10f5e1fef2ec4d7dc7a37e5af1b74c,1783728561.0,False,65,336.434782608696,19.8129275979094,-13.35,14.64,42.3612257777377,0ee6a06ff05b6b526d2a839437840940674bf5d2b066aca6f09bdde4383dd281,0.960657106115801,0.039342893884199,0.608372216558053,0.671528177767924,0.721088877061749,0.831763503744202,2496.4347826087,2.0,0.815,0.049560699293825,0.126550519113442,89.0,d43c60695ebde97e85fcf0657cde0046138d85fe,2026-08-18 08:07:04,2026-07-11 00:14:05,2026-07-10-PIT-MAD,radicals,thunderbirds,31,19,2026-07-10 19:00:00
rduncan,-6.22,46.59,bgessner,-11.12,54.85,0,0,0,"mdillard,bgessner,whoffenka,lstorm,rduncan,mmarshall,rward1",False,2026-07-10-PIT-MAD,3,1,1,5,350.0,1,8,True,True,66,away,37,1783728564.0,18,False,"jcarrico,rpieran,mjunga,jmaskalun,agutowsky,kconniff,kalexande",38,90,63e5e49574c69d375d58e57234fdc42bae0ea6038de89289bee9e4077f9aaec0,1783728564.0,False,66,334.173913043478,9.6040408162398,-4.9,8.26,30.6772800217964,d7a11e61ca96c2bcda871066c99e20c0fd24d19064b2bcfee782d81a125b4a72,0.982581552193373,0.0174184478066275,0.608372216558053,0.72106709475474,0.751010241069617,0.793969748161367,2494.17391304348,2.0,0.811,0.0299431463148769,0.076458176822165,90.0,a52eaf04f912e8ea7fa3fa76695cb472efe933b9,2026-08-18 08:07:04,2026-07-11 00:14:05,2026-07-10-PIT-MAD,radicals,thunderbirds,31,19,2026-07-10 19:00:00
bgessner,-11.12,54.85,lstorm,-10.81,70.89,0,0,0,"mdillard,bgessner,whoffenka,lstorm,rduncan,mmarshall,rward1",False,2026-07-10-PIT-MAD,3,1,1,5,350.0,1,9,True,True,67,away,38,1783728570.0,18,False,"jcarrico,rpieran,mjunga,jmaskalun,agutowsky,kconniff,kalexande",39,91,b926b500033d2832041fb7519d37ee348b7d6eea9fa998247fb008c42828f80a,1783728570.0,False,67,331.913043478261,16.0429953562295,0.309999999999999,16.04,-1.1071995443546,5701a3b780d7366acf20c0e6b84ee55d3b88a11ad13a9782daa8dfad7c623433,0.958586137304751,0.0414138626952493,0.608372216558053,0.750990930888495,0.819409851130275,0.728116422797771,2491.91304347826,2.0,0.8,0.0684189202417796,0.174703948837485,91.0,fefafc0e2ee3e4842d695d2741ab5447da86297c,2026-08-18 08:07:04,2026-07-11 00:14:05,2026-07-10-PIT-MAD,radicals,thunderbirds,31,19,2026-07-10 19:00:00
lstorm,-10.81,70.89,mmarshall,1.25,72.91,0,0,0,"mdillard,bgessner,whoffenka,lstorm,rduncan,mmarshall,rward1",False,2026-07-10-PIT-MAD,3,1,1,5,350.0,1,10,True,True,68,away,39,1783728572.0,18,False,"jcarrico,rpieran,mjunga,jmaskalun,agutowsky,kconniff,kalexande",40,92,2495b9bb93a30d4af8fad92787f904f035eacf47a6fc6c579a72b93ed17d593f,1783728572.0,False,68,329.652173913043,12.2280006542362,12.06,2.02,-80.4914591038173,e63a8e28115bab672b5970f48ccb0d044ae8e95e54477ba84bfebe95266f7414,0.975852862622883,0.0241471373771175,0.608372216558053,0.819395193194774,0.830028507966169,0.723502790410161,2489.65217391304,2.0,0.798,0.0106333147713946,0.0271515842873565,92.0,184647ca1ed23b443d7d2aea1a6961cb0b40d1b0,2026-08-18 08:07:04,2026-07-11 00:14:05,2026-07-10-PIT-MAD,radicals,thunderbirds,31,19,2026-07-10 19:00:00
mmarshall,1.25,72.91,rward1,11.9,79.28,0,0,0,"mdillard,bgessner,whoffenka,lstorm,rduncan,mmarshall,rward1",False,2026-07-10-PIT-MAD,3,1,1,5,350.0,1,11,True,True,69,away,40,1783728575.0,18,False,"jcarrico,rpieran,mjunga,jmaskalun,agutowsky,kconniff,kalexande",41,93,c42625e08f38f89a2b21e265f6bd0704182879da220abc4a9bc740d88809f27c,1783728575.0,False,69,327.391304347826,12.4096494712784,10.65,6.37,-59.1154249812451,b94ec15cb9785e0039b69cf03bb78cae8fb830bfdb2baa55acdda4e61d71da3f,0.973500843168351,0.0264991568316488,0.608372216558053,0.830015010607649,0.854318345056223,0.696830781684294,2487.39130434783,2.0,0.793,0.0243033344485739,0.0620572274902874,93.0,cab5ba232ebeed8a8dfba730cc5a9b69f079d871,2026-08-18 08:07:04,2026-07-11 00:14:05,2026-07-10-PIT-MAD,radicals,thunderbirds,31,19,2026-07-10 19:00:00
rward1,11.9,79.28,lstorm,8.05,85.16,0,0,0,"mdillard,bgessner,whoffenka,lstorm,rduncan,mmarshall,rward1",False,2026-07-10-PIT-MAD,3,1,1,5,350.0,1,12,True,True,70,away,41,1783728578.0,18,False,"jcarrico,rpieran,mjunga,jmaskalun,agutowsky,kconniff,kalexande",42,94,bb459dba402b2f3180fe31468a7551edfb993f65eff135faa8d4f650b1f190ca,1783728578.0,False,70,325.130434782609,7.02829282258501,-3.85,5.88,33.2152514937372,0019ee94ea9b54215687207173bfacd22c507a506de68ed471125fa41417cd4c,0.979325821278661,0.0206741787213395,0.608372216558053,0.854306756237029,0.880087499239553,0.680073563718989,2485.13043478261,2.0,0.788,0.0257807430025241,0.0658297089546143,94.0,da736f59f96c16330bf61b591d9ec2b18d8bff84,2026-08-18 08:07:04,2026-07-11 00:14:05,2026-07-10-PIT-MAD,radicals,thunderbirds,31,19,2026-07-10 19:00:00
lstorm,8.05,85.16,whoffenka,-4.14,80.81,0,0,0,"mdillard,bgessner,whoffenka,lstorm,rduncan,mmarshall,rward1",False,2026-07-10-PIT-MAD,3,1,1,5,350.0,1,13,True,True,71,away,42,1783728583.0,18,False,"jcarrico,rpieran,mjunga,jmaskalun,agutowsky,kconniff,kalexande",43,95,265ae01ccf53c2bd6f88898df578805338bf745114b6772169da2b727ba54484,1783728583.0,False,71,322.869565217391,12.9428976662879,-12.19,-4.34999999999999,109.638935076653,3fe14fc1d2c857f1d52b266b3f27ee9bca0adddd6c050c8b8c6f74ed36b5122a,0.973137917564487,0.0268620824355135,0.608372216558053,0.880077855133957,0.863079780262199,0.695172833259491,2482.86956521739,2.0,0.791,-0.016998074871758,-0.04340364905259,95.0,b2d7e293bb61419f713b40f8e38a213604cccc02,2026-08-18 08:07:04,2026-07-11 00:14:05,2026-07-10-PIT-MAD,radicals,thunderbirds,31,19,2026-07-10 19:00:00
whoffenka,-4.14,80.81,lstorm,2.05,79.22,0,0,0,"mdillard,bgessner,whoffenka,lstorm,rduncan,mmarshall,rward1",False,2026-07-10-PIT-MAD,3,1,1,5,350.0,1,14,True,True,72,away,43,1783728587.0,18,False,"jcarrico,rpieran,mjunga,jmaskalun,agutowsky,kconniff,kalexande",44,96,e51a7d99c4bf728473c45c0a5656366f15e1b7612371a3779233dbb7b4368f3f,1783728587.0,False,72,320.608695652174,6.39094672173067,6.19,-1.59,-104.405888529774,b992cf97bfa31385812bc448f58db0b70a1aad8096a66b89318956bdd138f222,0.985171343232602,0.0148286567673976,0.608372216558053,0.863069087762071,0.856648025162608,0.700754128312658,2480.60869565217,2.0,0.792,-0.00642106259946296,-0.0163958300992575,96.0,4d47cea1050a43d73200f8078a1e8a252f146d3e,2026-08-18 08:07:04,2026-07-11 00:14:05,2026-07-10-PIT-MAD,radicals,thunderbirds,31,19,2026-07-10 19:00:00
lstorm,2.05,79.22,rward1,-15.83,76.28,0,0,0,"mdillard,bgessner,whoffenka,lstorm,rduncan,mmarshall,rward1",False,2026-07-10-PIT-MAD,3,1,1,5,350.0,1,15,True,True,73,away,44,1783728591.0,18,False,"jcarrico,rpieran,mjunga,jmaskalun,agutowsky,kconniff,kalexande",45,97,e05dd48d9f0097bb7096d87e4e319e45637c8501cf4b50786611763ab7a2f83c,1783728591.0,False,73,318.347826086957,18.120099337476,-17.88,-2.94,99.337562950627,61d482504e1f2ac516865e43fe7b4c3a4b83d1e2cd2961cf227e4f1ba2babe4e,0.96772718501284,0.0322728149871599,0.608372216558053,0.85663692304459,0.837724970677357,0.699090510211373,2478.34782608696,2.0,0.796,-0.0189119523672339,-0.0482906299471914,97.0,a817bfc64794128fd8160d46fde3c9c1623672c7,2026-08-18 08:07:04,2026-07-11 00:14:05,2026-07-10-PIT-MAD,radicals,thunderbirds,31,19,2026-07-10 19:00:00
rward1,0.0,100.0,whoffenka,-0.28,89.26,0,0,0,"mdillard,bgessner,whoffenka,lstorm,rduncan,mmarshall,rward1",False,2026-07-10-PIT-MAD,3,1,1,5,350.0,1,16,True,True,74,away,48,1783728620.0,18,False,"jcarrico,rpieran,mjunga,jmaskalun,agutowsky,kconniff,kalexande",49,101,4af6be9b4cf565324b82c57e4f1c4d08cc8b667f0ffbb7e3aa72cdfe62c99008,1783728620.0,False,74,316.086956521739,10.7436492869043,-0.28,-10.74,178.506593569915,e65706c1e7685fea346b6eab1680401c8c4e63c267f0f8ae57535a76a5b53a69,0.973980333478952,0.0260196665210478,0.608372216558053,0.93237776046442,0.896367269658516,0.668738768891078,2476.08695652174,2.0,0.784,-0.0360104908059037,-0.091950807190986,101.0,c0b05ec0c2683d91b0d722f4089c37cda7346c1b,2026-08-18 08:07:04,2026-07-11 00:14:05,2026-07-10-PIT-MAD,radicals,thunderbirds,31,19,2026-07-10 19:00:00
whoffenka,-0.28,89.26,rward1,-11.98,84.85,0,0,0,"mdillard,bgessner,whoffenka,lstorm,rduncan,mmarshall,rward1",False,2026-07-10-PIT-MAD,3,1,1,5,350.0,1,17,True,True,75,away,49,1783728624.0,18,False,"jcarrico,rpieran,mjunga,jmaskalun,agutowsky,kconniff,kalexande",50,102,ce4eb91ddfd86b32a534161b8facf85c7abef12a72da38b5b8adb221e74a1b66,1783728624.0,False,75,313.826086956522,12.503523503397,-11.7,-4.41000000000001,110.652583931114,8d8f0aadf7bce1ce63aab4c43090695ca297889a0d09f4da1765ebe10e348703,0.972325958689728,0.0276740413102724,0.608372216558053,0.896358654888596,0.877478383382786,0.677428695156169,2473.82608695652,2.0,0.788,-0.0188802715058093,-0.0482097346104353,102.0,56c41d45fc0080858dcee34264e2ab54642252b6,2026-08-18 08:07:04,2026-07-11 00:14:05,2026-07-10-PIT-MAD,radicals,thunderbirds,31,19,2026-07-10 19:00:00
rward1,-11.98,84.85,whoffenka,-11.42,72.36,0,0,0,"mdillard,bgessner,whoffenka,lstorm,rduncan,mmarshall,rward1",False,2026-07-10-PIT-MAD,3,1,1,5,350.0,1,18,True,True,76,away,50,1783728627.0,18,False,"jcarrico,rpieran,mjunga,jmaskalun,agutowsky,kconniff,kalexande",51,103,10db89befc2fd19c16d811ee6bf03b7429ec60f1ae29b8a6beba68393cdb16da,1783728627.0,False,76,311.565217391304,12.5025477403608,0.56,-12.49,-177.432813265211,916cb40b0a91aaa74dbb713e82cb7db90909a97e62790b889db2caa065c563f2,0.976605079311328,0.0233949206886723,0.608372216558053,0.877468154293036,0.825279774211963,0.721720695517076,2471.5652173913,2.0,0.798,-0.0521883800810733,-0.133260157444395,103.0,01cac0cb85bf884c2f7f7aab351eb3bdb4eeeb8b,2026-08-18 08:07:04,2026-07-11 00:14:05,2026-07-10-PIT-MAD,radicals,thunderbirds,31,19,2026-07-10 19:00:00
whoffenka,-11.42,72.36,rward1,-1.51,79.1,0,0,0,"mdillard,bgessner,whoffenka,lstorm,rduncan,mmarshall,rward1",False,2026-07-10-PIT-MAD,3,1,1,5,350.0,1,19,True,True,77,away,51,1783728629.0,18,False,"jcarrico,rpieran,mjunga,jmaskalun,agutowsky,kconniff,kalexande",52,104,3ea67a14d49ead860aeed3a33ce5aa11c548c632bc56094eb6da5aea72ca65e5,1783728629.0,False,77,309.304347826087,11.9848112208745,9.91,6.73999999999999,-55.7795539231433,ff4d4ccccd384aa518ef95c71f7c627ec6bb32c8b64ae51b654851648aff316a,0.97259303923936,0.02740696076064,0.608372216558053,0.825265588614707,0.856094835178159,0.701130819784761,2469.30434782609,2.0,0.792,0.0308292465634523,0.0787207850589648,104.0,6bb143a4e0b53dbbe14709f17c716a2b67829734,2026-08-18 08:07:04,2026-07-11 00:14:05,2026-07-10-PIT-MAD,radicals,thunderbirds,31,19,2026-07-10 19:00:00
rward1,-1.51,79.1,mmarshall,-10.38,72.42,0,0,0,"mdillard,bgessner,whoffenka,lstorm,rduncan,mmarshall,rward1",False,2026-07-10-PIT-MAD,3,1,1,5,350.0,1,20,True,True,78,away,52,1783728633.0,18,False,"jcarrico,rpieran,mjunga,jmaskalun,agutowsky,kconniff,kalexande",53,105,80aa55188b29267246917cfaaff3c8f8e03f93221b471fdf382aec08fccce076,1783728633.0,False,78,307.04347826087,11.1040217939267,-8.87,-6.67999999999999,126.983415792453,db4b60ce67519db9915f5e902906e18f8e2790b3dd9d5f64871356a592e09fe9,0.9805299015716,0.0194700984283996,0.608372216558053,0.856082214794068,0.826119204965135,0.722467856335845,2467.04347826087,2.0,0.798,-0.0299630098289332,-0.0765088972125359,105.0,10d92055d839e68c07c6c7f0d4a250171b3a07e2,2026-08-18 08:07:04,2026-07-11 00:14:05,2026-07-10-PIT-MAD,radicals,thunderbirds,31,19,2026-07-10 19:00:00
mmarshall,-10.38,72.42,whoffenka,-5.06,81.42,0,0,0,"mdillard,bgessner,whoffenka,lstorm,rduncan,mmarshall,rward1",False,2026-07-10-PIT-MAD,3,1,1,5,350.0,1,21,True,True,79,away,53,1783728635.0,18,False,"jcarrico,rpieran,mjunga,jmaskalun,agutowsky,kconniff,kalexande",54,106,31f953dcee9880081033025e8fdd8965fc927aff445423708ecf4549f419cd68,1783728635.0,False,79,304.782608695652,10.4547788116249,5.32,9.0,-30.587805369133,5c6bfe01cd4a636a2c5510c42dcf1579e3c669e0dfd3923ef5f352cc5d9666b2,0.97434235480925,0.0256576451907503,0.608372216558053,0.826103787444357,0.865410406535162,0.692809929263757,2464.78260869565,2.0,0.79,0.0393066190908051,0.100367289433212,106.0,b18c0060f7473ee6b38119a446594af22f4d4564,2026-08-18 08:07:04,2026-07-11 00:14:05,2026-07-10-PIT-MAD,radicals,thunderbirds,31,19,2026-07-10 19:00:00
whoffenka,-5.06,81.42,mdillard,-15.53,86.32,0,0,0,"mdillard,bgessner,whoffenka,lstorm,rduncan,mmarshall,rward1",False,2026-07-10-PIT-MAD,3,1,1,5,350.0,1,22,True,True,80,away,54,1783728638.0,18,False,"jcarrico,rpieran,mjunga,jmaskalun,agutowsky,kconniff,kalexande",55,107,a3c88dafb1988f535e1125fcb2de1d62d072125cb149a1c08a92ba156678e2a8,1783728638.0,False,80,302.521739130435,11.5598832174032,-10.47,4.89999999999999,64.9202264128479,abbe45329426463fb0b8cfaca8701444b124dbebca3f56a81a11c4b58ae78f46,0.974922314590176,0.0250776854098242,0.608372216558053,0.865397239404691,0.880388319883852,0.665544073062996,2462.52173913043,2.0,0.787,0.0149910804791614,0.0382788992839259,107.0,178fe2350833b455f2c372ea0f9656c1e387b555,2026-08-18 08:07:04,2026-07-11 00:14:05,2026-07-10-PIT-MAD,radicals,thunderbirds,31,19,2026-07-10 19:00:00
mdillard,-15.53,86.32,rward1,-13.08,102.67,0,0,0,"mdillard,bgessner,whoffenka,lstorm,rduncan,mmarshall,rward1",False,2026-07-10-PIT-MAD,3,2,1,5,350.0,1,23,True,True,81,away,55,1783728640.0,19,False,"jcarrico,rpieran,mjunga,jmaskalun,agutowsky,kconniff,kalexande",56,108,ce24ea0d1921a888a68f5b26623e6be7140acf43a900b5c070dec75a9c98c4c0,1783728640.0,False,81,300.260869565217,16.5325436639375,2.45,16.35,-8.52219737619816,898c514ae3d7fcdd245262ff1038c26e03c57198969a299e5981dc92f01110c4,0.937742783016077,0.0622572169839234,0.608372216558053,0.880375726428644,1.0,0.632647277038414,2460.26086956522,2.0,0.774,0.119624273571356,0.305454001552187,108.0,787c3e279c3228cb853db926e2eefd25938ae6c2,2026-08-18 08:07:04,2026-07-11 00:14:05,2026-07-10-PIT-MAD,radicals,thunderbirds,31,19,2026-07-10 19:00:00
imccosky,7.91,28.02,gvordick,-9.89,33.13,0,0,0,"gvordick,imccosky,msample,sstark,esjostrom,nranabhat,rpieran",True,2026-07-10-PIT-MAD,3,2,1,6,298.0,1,1,True,True,82,home,54,1783728709.0,18,False,"nceluch,pzaccardi,knicholl,astevenso,lcall,lbecker,rkindell",55,113,2ccfc8d2db7c972665897ae3a6aba65907de8d6e736f20a8a36c4c0078ca48b9,1783728709.0,False,82,298.0,18.5189659538539,-17.8,5.11,73.9823575677393,d08a17893b343cc035b1a1fa772de1fe33c10c70553f6c8f66754c2a7e745184,0.973707424635374,0.0262925753646263,0.652928694495235,0.659348287125999,0.673510958737757,0.886095931132434,2458.0,1.0,0.764,0.014162671611758,0.0408062302677556,113.0,c9066508c57cbefb021f958b125f9baa3ca2d9c8,2026-08-18 08:07:04,2026-07-11 00:14:05,2026-07-10-PIT-MAD,radicals,thunderbirds,31,19,2026-07-10 19:00:00
gvordick,-9.89,33.13,nranabhat,-24.49,43.9,0,0,0,"gvordick,imccosky,msample,sstark,esjostrom,nranabhat,rpieran",True,2026-07-10-PIT-MAD,3,2,1,6,298.0,1,2,True,True,83,home,55,1783728711.0,18,False,"nceluch,pzaccardi,knicholl,astevenso,lcall,lbecker,rkindell",56,114,fca007acf8a38d995cdc3a4ac9b98abdcafff764dff6c40d8b9e2f5cb1a1c8ab,1783728711.0,False,83,285.777777777778,18.1425714825655,-14.6,10.77,53.5848713426009,fbec98e5c78859228285198f95d4ceee920c748ee5b987e9860ad632709826c4,0.95036479914774,0.0496352008522599,0.652928694495235,0.673324173965985,0.653205016784052,0.806833340690051,2445.77777777778,1.0,0.761,-0.0201191571819332,-0.0579683680639424,114.0,745b2c2e8f9325d6328c2d03aca42b41513fba2e,2026-08-18 08:07:04,2026-07-11 00:14:05,2026-07-10-PIT-MAD,radicals,thunderbirds,31,19,2026-07-10 19:00:00
nranabhat,-24.49,43.9,gvordick,-8.6,40.97,0,0,0,"gvordick,imccosky,msample,sstark,esjostrom,nranabhat,rpieran",True,2026-07-10-PIT-MAD,3,2,1,6,298.0,1,3,True,True,84,home,56,1783728713.0,18,False,"nceluch,pzaccardi,knicholl,astevenso,lcall,lbecker,rkindell",57,115,001f968fa2c54b610b784c88d668b25dec21d8f46ea0d127dd9d4cebc9994c24,1783728713.0,False,84,273.555555555556,16.1578773358384,15.89,-2.93,-100.447570229918,e065f895b498432b7d19304f80d91d868e18e7a63005b4d411f6e848bb5a9669,0.97079377085089,0.0292062291491102,0.652928694495235,0.652928694495235,0.69941627884507,0.854567579392247,2433.55555555556,1.0,0.767,0.046487584349835,0.1339424596978,115.0,1135d198e895db8687edfe6907a09c7953bc35fe,2026-08-18 08:07:04,2026-07-11 00:14:05,2026-07-10-PIT-MAD,radicals,thunderbirds,31,19,2026-07-10 19:00:00
gvordick,-8.6,40.97,esjostrom,5.45,40.15,0,0,0,"gvordick,imccosky,msample,sstark,esjostrom,nranabhat,rpieran",True,2026-07-10-PIT-MAD,3,2,1,6,298.0,1,4,True,True,85,home,57,1783728716.0,18,False,"nceluch,pzaccardi,knicholl,astevenso,lcall,lbecker,rkindell",58,116,ac706a5b5689b41eaeeb5f5b3cb8b912f9cda3e76c27edfc91812534d6fa81e6,1783728716.0,False,85,261.333333333333,14.0739084834313,14.05,-0.82,-93.3401639416711,7618681e53e3712466333ad41894ca0c66e375452057750bf027e27c0da1fbeb,0.982314431978308,0.0176855680216923,0.652928694495235,0.699054434232722,0.697152342723407,0.858401583671682,2421.33333333333,1.0,0.766,-0.00190209150931553,-0.0054804055510991,116.0,b3ef0dec4e3cbe3e43b6ae8b73521bb31efddf17,2026-08-18 08:07:04,2026-07-11 00:14:05,2026-07-10-PIT-MAD,radicals,thunderbirds,31,19,2026-07-10 19:00:00
esjostrom,5.45,40.15,imccosky,11.32,39.34,0,0,0,"gvordick,imccosky,msample,sstark,esjostrom,nranabhat,rpieran",True,2026-07-10-PIT-MAD,3,2,1,6,298.0,1,5,True,True,86,home,58,1783728720.0,18,False,"nceluch,pzaccardi,knicholl,astevenso,lcall,lbecker,rkindell",59,117,93337a0ad8a8941eb5be0728e7dbcd7617b7d0a560a3c6d43eb6f1cf040c74d7,1783728720.0,False,86,249.111111111111,5.92562233018609,5.87,-0.809999999999995,-97.8566162234891,83fa485da4bd30dfa119bf952f724cfc6d4d8c269b086b456a4c1d75925c8ee4,0.991207583389335,0.00879241661066454,0.652928694495235,0.696655479067034,0.690569926525966,0.859917244649425,2409.11111111111,1.0,0.765,-0.00608555254106868,-0.0175340123039504,117.0,fdb4f6c6a26b88c2cf55a65ce797c5997731fa95,2026-08-18 08:07:04,2026-07-11 00:14:05,2026-07-10-PIT-MAD,radicals,thunderbirds,31,19,2026-07-10 19:00:00
imccosky,11.32,39.34,gvordick,13.64,52.84,0,0,0,"gvordick,imccosky,msample,sstark,esjostrom,nranabhat,rpieran",True,2026-07-10-PIT-MAD,3,2,1,6,298.0,1,6,True,True,87,home,59,1783728722.0,18,False,"nceluch,pzaccardi,knicholl,astevenso,lcall,lbecker,rkindell",60,118,384a93f8a1b15002e9adc309681c0c50265a32d5616039156f23f289edb68fc6,1783728722.0,False,87,236.888888888889,13.6978976489095,2.32,13.5,-9.75113670126564,c6f3aceed4c73fb355a955157221782ed90845fd10be67109a994f9e5be8ec2b,0.973312815529587,0.0266871844704127,0.652928694495235,0.689903985834756,0.737041081712106,0.79899009065329,2396.88888888889,1.0,0.771,0.0471370958773497,0.135813866285476,118.0,cad1cf21a47ab409477f2bb99ea54af9220639c4,2026-08-18 08:07:04,2026-07-11 00:14:05,2026-07-10-PIT-MAD,radicals,thunderbirds,31,19,2026-07-10 19:00:00
gvordick,13.64,52.84,imccosky,-3.01,41.93,0,0,0,"gvordick,imccosky,msample,sstark,esjostrom,nranabhat,rpieran",True,2026-07-10-PIT-MAD,3,2,1,6,298.0,1,7,True,True,88,home,60,1783728730.0,18,False,"nceluch,pzaccardi,knicholl,astevenso,lcall,lbecker,rkindell",61,119,e160cd4a1917d4740ce3b39de44f99332a3474f56dd49f6f5e43ad5c809e285f,1783728730.0,False,88,224.666666666667,19.9060443081995,-16.65,-10.91,123.23503188865,597aafd7ca8c7bfa5d04ff0f46cdef859c9906bece048d35c049bfd9f7ca402f,0.975226626792269,0.0247733732077314,0.652928694495235,0.736263600042761,0.701665047898331,0.849984911901095,2384.66666666667,1.0,0.766,-0.0345985521444294,-0.099687158216986,119.0,dcaf1fe92723e6bad7f25c30ddcf4afd0f106cf6,2026-08-18 08:07:04,2026-07-11 00:14:05,2026-07-10-PIT-MAD,radicals,thunderbirds,31,19,2026-07-10 19:00:00
imccosky,-3.01,41.93,esjostrom,-15.08,48.74,0,0,0,"gvordick,imccosky,msample,sstark,esjostrom,nranabhat,rpieran",True,2026-07-10-PIT-MAD,3,2,1,6,298.0,1,8,True,True,89,home,61,1783728734.0,18,False,"nceluch,pzaccardi,knicholl,astevenso,lcall,lbecker,rkindell",62,120,57593deee10a570f19f7167560c2b765281f7114ff0e8e29a225b0735f2cc0da,1783728734.0,False,89,212.444444444444,13.8586074336493,-12.07,6.81,60.5679270647509,3ddf59437dd0cbc3e0ceb4b5a317ce1ff326eb3afb8d9805ca0574f0785089f8,0.980158200020495,0.0198417999795045,0.652928694495235,0.70061072605284,0.717482157129597,0.812753266359327,2372.44444444444,1.0,0.768,0.0168714310767571,0.0486108497278969,120.0,f8f6b08a31ca2b1c5baf7602a2c2ee645cd74dc0,2026-08-18 08:07:04,2026-07-11 00:14:05,2026-07-10-PIT-MAD,radicals,thunderbirds,31,19,2026-07-10 19:00:00
esjostrom,-15.08,48.74,rpieran,-8.12,114.34,0,0,0,"gvordick,imccosky,msample,sstark,esjostrom,nranabhat,rpieran",True,2026-07-10-PIT-MAD,4,2,1,6,298.0,1,9,True,True,90,home,62,1783728747.0,19,False,"nceluch,pzaccardi,knicholl,astevenso,lcall,lbecker,rkindell",63,122,8a734303762da5fbe09d7c75cc51584bae59cdfe6b4835d618d4402ace322c92,1783728747.0,False,90,200.222222222222,65.968186271869,6.96,65.6,-6.05628569372701,59c40316f63e5840b344ed8082ef17e41f3b718f303581fecd25541f288d024e,0.558419577497517,0.441580422502483,0.652928694495235,0.716226557512052,1.0,0.632326736060785,2360.22222222222,1.0,0.811,0.283773442487948,0.817622886096102,122.0,7df90063a19158c567bcde2843aef26d2c0a6bf5,2026-08-18 08:07:04,2026-07-11 00:14:05,2026-07-10-PIT-MAD,radicals,thunderbirds,31,19,2026-07-10 19:00:00
mmarshall,-20.24,13.71,mdillard,-3.16,18.42,0,0,0,"lstorm,whoffenka,mmarshall,bgessner,mdillard,rduncan,rward1",False,2026-07-10-PIT-MAD,4,2,1,7,188.0,1,1,True,True,91,away,60,1783728793.0,18,False,"sknoche,jleibfort,agutowsky,mgrinde,vluo,mmccarthy,mweber2",61,126,d3f51c1565f331062ddc211bd3d543fb40d388ebb9452d802960503630440dca,1783728793.0,False,91,188.0,17.7175195780899,17.08,4.71,-74.583213519849,b84693fcf4a71149e9da0a612ccdec16e8f14cc8aa6a88959015d6994d601391,0.97593499729764,0.0240650027023599,0.587743563265474,0.587743563265474,0.627981193194716,0.93023128530099,2348.0,2.0,0.823,0.0402376299292422,0.0976034000777854,126.0,4562558d9520951c0b735a58407022da2e4a447f,2026-08-18 08:07:04,2026-07-11 00:14:05,2026-07-10-PIT-MAD,radicals,thunderbirds,31,19,2026-07-10 19:00:00
mdillard,-3.16,18.42,whoffenka,11.35,21.55,0,0,0,"lstorm,whoffenka,mmarshall,bgessner,mdillard,rduncan,rward1",False,2026-07-10-PIT-MAD,4,2,1,7,188.0,1,2,True,True,92,away,61,1783728798.0,18,False,"sknoche,jleibfort,agutowsky,mgrinde,vluo,mmccarthy,mweber2",62,127,fd9dc19eab0980c9ad671521838c94e69257bf99f4f1509a26f5be6c474719b6,1783728798.0,False,92,185.352941176471,14.8437528947366,14.51,3.13,-77.8270621214704,a5560191354f5803fb359163e4c3593801c3488281cabbb722433d3b84466dc8,0.984467720576219,0.0155322794237807,0.587743563265474,0.627560547981142,0.631347035823136,0.924240161155506,2345.35294117647,2.0,0.823,0.00378648784199354,0.00918478768211897,127.0,8c8e1455a7695a7133cfbff193c8cad12d26af78,2026-08-18 08:07:04,2026-07-11 00:14:05,2026-07-10-PIT-MAD,radicals,thunderbirds,31,19,2026-07-10 19:00:00
whoffenka,11.35,21.55,rduncan,18.33,30.0,0,0,0,"lstorm,whoffenka,mmarshall,bgessner,mdillard,rduncan,rward1",False,2026-07-10-PIT-MAD,4,2,1,7,188.0,1,3,True,True,93,away,62,1783728800.0,18,False,"sknoche,jleibfort,agutowsky,mgrinde,vluo,mmccarthy,mweber2",63,128,6cbc702f9c5b9dcb1b48516369a161c9b574b79e4d0cb46352af96f845773212,1783728800.0,False,93,182.705882352941,10.9600593064089,6.98,8.45,-39.5579156437202,3a48b096388a3bdeeb8cfce61fd6a0f678f2a1bdd12d94af70442a2727c3be85,0.988222163620783,0.011777836379217,0.587743563265474,0.63091218537637,0.636307261575541,0.887627858717473,2342.70588235294,2.0,0.823,0.00539507619917146,0.0130866997296773,128.0,fb415bcd628648cbef8d36f4ea1b114299e58252,2026-08-18 08:07:04,2026-07-11 00:14:05,2026-07-10-PIT-MAD,radicals,thunderbirds,31,19,2026-07-10 19:00:00
rduncan,18.33,30.0,,-18.1,100.95,1,0,0,"lstorm,whoffenka,mmarshall,bgessner,mdillard,rduncan,rward1",False,2026-07-10-PIT-MAD,4,2,1,7,188.0,1,4,True,True,94,away,63,1783728809.0,22,False,"sknoche,jleibfort,agutowsky,mgrinde,vluo,mmccarthy,mweber2",64,130,d68c7b7fd42f5ea91f587c8ba0c1e4dcb929371b1967707228ee021c17ef3bc3,1783728809.0,False,94,180.058823529412,79.7561746825912,-36.43,70.95,27.1786930464798,b4cec63ee142c705340d93570237fa4a151032ce8fdbbb53c01a003679e4d99b,0.571637430905704,-0.571637430905704,0.587743563265474,0.635858894920588,0.927569848436527,0.608944527741747,2340.05882352941,2.0,0.87,-0.608944527741747,-0.608944527741747,130.0,26ce9c2c964197200702c910f50303f1e104acfb,2026-08-18 08:07:04,2026-07-11 00:14:05,2026-07-10-PIT-MAD,radicals,thunderbirds,31,19,2026-07-10 19:00:00
sknoche,18.55,20.38,mmccarthy,5.72,24.88,0,0,0,"sknoche,jleibfort,agutowsky,mgrinde,vluo,mmccarthy,mweber2",True,2026-07-10-PIT-MAD,4,2,1,7,188.0,2,1,False,False,95,home,66,1783728822.0,18,False,"lstorm,whoffenka,mmarshall,bgessner,mdillard,rduncan,rward1",67,132,068d3eaf919e8e4a211c464411e2b6d0f5e969c292f16946d4b5f3c1f6735895,1783728822.0,False,95,177.411764705882,13.5962825801761,-12.83,4.5,70.6721676075061,8d51233d92c072501d10e417b22de954d59787e814e041906cf44009c68c3d2b,0.981850500310602,0.0181494996893978,0.607479752836358,0.607479752836358,0.642393895847179,0.913662264241747,2337.41176470588,2.0,0.872,0.0349141430108217,0.0889486421735233,132.0,b40d6ecbb2964fe05507d4041cb7eb399c87911d,2026-08-18 08:07:04,2026-07-11 00:14:05,2026-07-10-PIT-MAD,radicals,thunderbirds,31,19,2026-07-10 19:00:00
mmccarthy,5.72,24.88,,10.02,75.27,1,0,0,"sknoche,jleibfort,agutowsky,mgrinde,vluo,mmccarthy,mweber2",True,2026-07-10-PIT-MAD,4,2,1,7,188.0,2,2,False,False,96,home,67,1783728825.0,22,False,"lstorm,whoffenka,mmarshall,bgessner,mdillard,rduncan,rward1",68,133,7e60990cef0ec0c5bf4d6e89cd87d1009fca47463ae66e50c5eea45e43800b3d,1783728825.0,False,96,174.764705882353,50.5731361495409,4.3,50.39,-4.87748418469667,25aff702e5180f65321ba514ce8604c6234d74c2912415c216acd7598228f52e,0.685338435649345,-0.685338435649345,0.607479752836358,0.641910060976721,0.832557206184609,0.703803797027197,2334.76470588235,2.0,0.815,-0.703803797027197,-0.703803797027197,133.0,8e9c7f27cc550c64ee6dca082f1763bf2ad69baa,2026-08-18 08:07:04,2026-07-11 00:14:05,2026-07-10-PIT-MAD,radicals,thunderbirds,31,19,2026-07-10 19:00:00
mdillard,-14.61,44.26,whoffenka,0.33,44.08,0,0,0,"lstorm,whoffenka,mmarshall,bgessner,mdillard,rduncan,rward1",False,2026-07-10-PIT-MAD,4,2,1,7,188.0,3,1,True,True,97,away,65,1783728826.0,18,False,"sknoche,jleibfort,agutowsky,mgrinde,vluo,mmccarthy,mweber2",66,134,129a83e2490469d05648f47cc809afd9c7b589854c09826a509638f23ada7e17,1783728826.0,False,97,172.117647058824,14.9410842980019,14.94,-0.18,-90.6902771978651,b35f1656fe223403b61cdd9eda213e7cc9e08858721eb7cff8571dc1210aece4,0.97836282482617,0.0216371751738298,0.695988784674978,0.695988784674978,0.703152678202428,0.836774311891611,2332.11764705882,2.0,0.815,0.00716389352744995,0.0235645698787492,134.0,f1613014551e5b25e3335dec4bb2626e62a998b7,2026-08-18 08:07:04,2026-07-11 00:14:05,2026-07-10-PIT-MAD,radicals,thunderbirds,31,19,2026-07-10 19:00:00
whoffenka,0.33,44.08,rduncan,7.19,57.0,0,0,0,"lstorm,whoffenka,mmarshall,bgessner,mdillard,rduncan,rward1",False,2026-07-10-PIT-MAD,4,2,1,7,188.0,3,2,True,True,98,away,66,1783728830.0,18,False,"sknoche,jleibfort,agutowsky,mgrinde,vluo,mmccarthy,mweber2",67,135,79758c0083df3bacefdef652d0acc41790e687ffd6ef570a498d00b8320e80b9,1783728830.0,False,98,169.470588235294,14.6282603203525,6.86,12.92,-27.9665032278113,6b545cd4163eed15faec95a8222eee91b208748240fc4fd035c93948e7b10991,0.972431913585221,0.0275680864147787,0.695988784674978,0.702659944359703,0.752850693043066,0.778705405373461,2329.47058823529,2.0,0.808,0.0501907486833625,0.165095056212656,135.0,bab7b1168d6a26471b908db0af2cdc5164e482f3,2026-08-18 08:07:04,2026-07-11 00:14:05,2026-07-10-PIT-MAD,radicals,thunderbirds,31,19,2026-07-10 19:00:00
rduncan,7.19,57.0,lstorm,12.52,71.02,0,0,0,"lstorm,whoffenka,mmarshall,bgessner,mdillard,rduncan,rward1",False,2026-07-10-PIT-MAD,4,2,1,7,188.0,3,3,True,True,99,away,67,1783728833.0,18,False,"sknoche,jleibfort,agutowsky,mgrinde,vluo,mmccarthy,mweber2",68,136,2399f34a80b296add16253c5753aba7948105643c0272159edadbba7e2f5ece3,1783728833.0,False,99,166.823529411765,14.9989766317572,5.33,14.02,-20.8153610620591,86ac49226d7f15ae0b0eb1d1eaa9b8e5b4d21b9481377ccf51f7c3238757fff9,0.966012736425395,0.0339872635746051,0.695988784674978,0.752381588923302,0.810579909066281,0.71626452429632,2326.82352941176,2.0,0.799,0.0581983201429789,0.191434780064802,136.0,75c23aeb39a182e99f6b7aa298a302cddcfc1823,2026-08-18 08:07:04,2026-07-11 00:14:05,2026-07-10-PIT-MAD,radicals,thunderbirds,31,19,2026-07-10 19:00:00
lstorm,12.52,71.02,whoffenka,7.99,86.26,0,0,0,"lstorm,whoffenka,mmarshall,bgessner,mdillard,rduncan,rward1",False,2026-07-10-PIT-MAD,4,2,1,7,188.0,3,4,True,True,100,away,68,1783728837.0,18,False,"sknoche,jleibfort,agutowsky,mgrinde,vluo,mmccarthy,mweber2",69,137,3a81f489b9dde234d90f467fa6bf2d62290b635b8740fdac81c10e50850ba147,1783728837.0,False,100,164.176470588235,15.8990094031043,-4.53,15.24,16.5542705847354,d083be6335ac6867c6470ab256f4fa295beba58df74edcba11359708e1ae188d,0.9531627644417,0.0468372355582997,0.695988784674978,0.81016474967525,0.878910127291787,0.66502038231858,2324.17647058824,2.0,0.786,0.0687453776165373,0.226127768158292,137.0,287200ed68bb106c6ca3b902752e57ca610c1119,2026-08-18 08:07:04,2026-07-11 00:14:05,2026-07-10-PIT-MAD,radicals,thunderbirds,31,19,2026-07-10 19:00:00
whoffenka,7.99,86.26,mdillard,0.58,77.81,0,0,0,"lstorm,whoffenka,mmarshall,bgessner,mdillard,rduncan,rward1",False,2026-07-10-PIT-MAD,4,2,1,7,188.0,3,5,True,True,101,away,69,1783728844.0,18,False,"sknoche,jleibfort,agutowsky,mgrinde,vluo,mmccarthy,mweber2",70,138,e1c0c00fb5e6d40785f7d76cf8eff3883f5748de410297e6bd74782dddca616a,1783728844.0,False,101,161.529411764706,11.2387988682065,-7.41,-8.45,138.751729070526,bb526d2327b6ed5e61a74d7239ba969a0e340273287b07e5fc1a5e33c2c907e8,0.978592135684961,0.0214078643150387,0.695988784674978,0.878600533305856,0.843620397804084,0.694087534389874,2321.52941176471,2.0,0.793,-0.0349801355017713,-0.115061990276818,138.0,bf1bdecb7d84bf73cc964d3ee094b450c4f3d9e4,2026-08-18 08:07:04,2026-07-11 00:19:08,2026-07-10-PIT-MAD,radicals,thunderbirds,31,19,2026-07-10 19:00:00
mdillard,0.58,77.81,whoffenka,8.11,73.71,0,0,0,"lstorm,whoffenka,mmarshall,bgessner,mdillard,rduncan,rward1",False,2026-07-10-PIT-MAD,4,2,1,7,188.0,3,6,True,True,102,away,70,1783728846.0,18,False,"sknoche,jleibfort,agutowsky,mgrinde,vluo,mmccarthy,mweber2",71,139,27d21d5e895d998e1ac2dd2969567f181f0c677681ad799b83a996accf22b52d,1783728846.0,False,102,158.882352941176,8.57384977708381,7.53,-4.10000000000001,-118.567793171375,5ddf0e44018e053ace473d6516d5fbafc9d5e7f8a96af6525de18e3b2eeef6d1,0.983779555299968,0.016220444700032,0.695988784674978,0.843206771328981,0.82419463464764,0.707344546150808,2318.88235294118,2.0,0.796,-0.0190121366813417,-0.0625376161238512,139.0,c8cfccae0c5cb71db64f9863646049bdc00d070a,2026-08-18 08:07:04,2026-07-11 00:19:08,2026-07-10-PIT-MAD,radicals,thunderbirds,31,19,2026-07-10 19:00:00
whoffenka,8.11,73.71,lstorm,9.33,87.91,0,0,0,"lstorm,whoffenka,mmarshall,bgessner,mdillard,rduncan,rward1",False,2026-07-10-PIT-MAD,4,2,1,7,188.0,3,7,True,True,103,away,71,1783728851.0,18,False,"sknoche,jleibfort,agutowsky,mgrinde,vluo,mmccarthy,mweber2",72,140,d7f7c675060763622e4f6fb9c5cd8734ab64a962001c9091373caf294847aa72,1783728851.0,False,103,156.235294117647,14.2523120931307,1.22,14.2,-4.91053650339252,b2a8a50a684362ed39817357237b3c97e09ee26be21825ba5ef3e0e943210e54,0.960881308165882,0.0391186918341176,0.695988784674978,0.823704321426766,0.884196600401311,0.657104795707215,2316.23529411765,2.0,0.784,0.0604922789745451,0.198980418896296,140.0,18c125a95f609891113f855e4718414956dd185b,2026-08-18 08:07:04,2026-07-11 00:19:08,2026-07-10-PIT-MAD,radicals,thunderbirds,31,19,2026-07-10 19:00:00
lstorm,9.33,87.91,mmarshall,-2.73,94.95,0,0,0,"lstorm,whoffenka,mmarshall,bgessner,mdillard,rduncan,rward1",False,2026-07-10-PIT-MAD,4,2,1,7,188.0,3,8,True,True,104,away,72,1783728857.0,18,False,"sknoche,jleibfort,agutowsky,mgrinde,vluo,mmccarthy,mweber2",73,141,d8a191350ecf606b188e308a14188653c64c23748feaa900df6cddd191e69c2d,1783728857.0,False,104,153.588235294118,13.9644262323949,-12.06,7.04000000000001,59.7258424928564,ace1ed38dde36a49abb435752b66bd6db38c66c995b9ffbcd746438e5f56d8be,0.960689731728802,0.0393102682711983,0.695988784674978,0.88382230102895,0.911238771442277,0.637608683502459,2313.58823529412,2.0,0.778,0.027416470413327,0.0901824308817543,141.0,ab860a5ffc34ca90517ad16a1fd9c22b7cd454a5,2026-08-18 08:07:04,2026-07-11 00:19:08,2026-07-10-PIT-MAD,radicals,thunderbirds,31,19,2026-07-10 19:00:00
mmarshall,-2.73,100.0,whoffenka,-3.59,89.87,0,0,0,"lstorm,whoffenka,mmarshall,bgessner,mdillard,rduncan,rward1",False,2026-07-10-PIT-MAD,4,2,1,7,188.0,3,9,True,True,105,away,74,1783728881.0,18,False,"sknoche,jleibfort,agutowsky,mgrinde,vluo,mmccarthy,mweber2",75,144,b620d270462b860aca855d134eb18ede1fec269ec6aa96ba84de8c4a391854ea,1783728881.0,False,105,150.941176470588,10.1664398881811,-0.86,-10.13,175.147433383881,3f726454ffa720a750635de05de47606edcb200fc737498b6f484377c0d81741,0.974327878201649,0.0256721217983509,0.695988784674978,0.927824438867411,0.892010888865038,0.651144360920167,2310.94117647059,2.0,0.783,-0.0358135500023724,-0.117803384207664,144.0,5aa25fba44292258d9a3f104267da23b272680bf,2026-08-18 08:07:04,2026-07-11 00:19:08,2026-07-10-PIT-MAD,radicals,thunderbirds,31,19,2026-07-10 19:00:00
whoffenka,-3.59,89.87,mmarshall,5.11,91.65,0,0,0,"lstorm,whoffenka,mmarshall,bgessner,mdillard,rduncan,rward1",False,2026-07-10-PIT-MAD,4,2,1,7,188.0,3,10,True,True,106,away,75,1783728884.0,18,False,"sknoche,jleibfort,agutowsky,mgrinde,vluo,mmccarthy,mweber2",76,145,ccadfadd7da30b3df10113621fb79692e7134672ca8c4b72f6a899e74c8c6c19,1783728884.0,False,106,148.294117647059,8.88022522236908,8.7,1.78,-78.4369959406769,9a5078253f81f08857772539870136a9d168ad272e1b8ce4fb9cfcce341d9a0a,0.976480771041827,0.0235192289581728,0.695988784674978,0.891600137570808,0.8983437013421,0.644638960491784,2308.29411764706,2.0,0.781,0.00674356377129171,0.0221819572152365,145.0,623ca38ce9e003ef11a3fc41d19e51d808f5bdde,2026-08-18 08:07:04,2026-07-11 00:19:08,2026-07-10-PIT-MAD,radicals,thunderbirds,31,19,2026-07-10 19:00:00
mmarshall,5.11,91.65,lstorm,8.29,108.42,0,0,0,"lstorm,whoffenka,mmarshall,bgessner,mdillard,rduncan,rward1",False,2026-07-10-PIT-MAD,4,3,1,7,188.0,3,11,True,True,107,away,76,1783728888.0,19,False,"sknoche,jleibfort,agutowsky,mgrinde,vluo,mmccarthy,mweber2",77,146,8ea8e657f0d178b601bfe2ffc461922c66ea47e2f1e2a9956fe12500d69b5420,1783728888.0,False,107,145.647058823529,17.0688400308867,3.18,16.77,-10.737191260144,278cac9a0e115ea3b6c77fa873d6cf78eeadfb3ea2f0a8d5ca5ffbef1029a33c,0.938833732933714,0.0611662670662861,0.695988784674978,0.897923456232605,1.0,0.620014823328074,2305.64705882353,2.0,0.769,0.102076543767395,0.33576571725574,146.0,a21a025c4e39a74b93ec66457e01a15985937055,2026-08-18 08:07:04,2026-07-11 00:19:08,2026-07-10-PIT-MAD,radicals,thunderbirds,31,19,2026-07-10 19:00:00
gvordick,-18.96,15.54,imccosky,-18.96,15.54,0,0,0,"imccosky,sstark,rpieran,gvordick,msample,jnelson,nranabhat",True,2026-07-10-PIT-MAD,4,3,1,8,143.0,1,1,True,True,108,home,71,1783728943.0,18,False,"nceluch,astevenso,pzaccardi,hpark,ecampion,akirages,knicholl",72,150,a5dfa3ecbf0dd39ae2da53f3bced233360c3b95980c49b4e2627d42b11f8de11,1783728943.0,False,108,143.0,0.0,0.0,0.0,-90.0,f44131a4d57fef98c85c3d6579fe27413c286d2bcac9d446f8f5b4043594026e,0.5,0.5,0.582979437175035,0.58651784843043,0.58651784843043,0.919223416822263,2303.0,1.0,0.751,0.0,0.0,150.0,3b417bad47f7bdeea02e0451a133e9ab9e6c4d9f,2026-08-18 08:07:04,2026-07-11 00:19:08,2026-07-10-PIT-MAD,radicals,thunderbirds,31,19,2026-07-10 19:00:00
imccosky,-18.96,15.54,nranabhat,-6.07,24.61,0,0,0,"imccosky,sstark,rpieran,gvordick,msample,jnelson,nranabhat",True,2026-07-10-PIT-MAD,4,3,1,8,143.0,1,2,True,True,109,home,72,1783728946.0,18,False,"nceluch,astevenso,pzaccardi,hpark,ecampion,akirages,knicholl",73,152,dff274a93fb970e085844c735585bc5e89f921649261a37fddd7dde259221831,1783728946.0,False,109,136.176470588235,15.7612499504322,12.89,9.07,-54.8680091023389,59d9b48ff05f97cf8c60a04214088cea3699ce92394ee9d78bc1a721b1dd7502,0.975557749862807,0.0244422501371928,0.582979437175035,0.582979437175035,0.628298031692305,0.909979702468194,2296.17647058824,1.0,0.756,0.0453185945172696,0.108672325916675,152.0,d29e542b5a014ce87e2b095ca6303b225d4facaf,2026-08-18 08:07:04,2026-07-11 00:19:08,2026-07-10-PIT-MAD,radicals,thunderbirds,31,19,2026-07-10 19:00:00
nranabhat,-6.07,24.61,gvordick,-20.67,36.4,0,0,0,"imccosky,sstark,rpieran,gvordick,msample,jnelson,nranabhat",True,2026-07-10-PIT-MAD,4,3,1,8,143.0,1,3,True,True,110,home,73,1783728949.0,18,False,"nceluch,astevenso,pzaccardi,hpark,ecampion,akirages,knicholl",74,153,2983bf1b9b6d823c2fbbf36ebbaf38775e1b259e47c02a7d61949971ab129b34,1783728949.0,False,110,129.352941176471,18.7660358094084,-14.6,11.79,51.0779375959389,cd93a3443581562a989d57ba68a01e9e1226ea2b719d9d82a0a9f300d34b9bba,0.977004047575148,0.022995952424852,0.582979437175035,0.62420718229254,0.630318811694083,0.842986191202456,2289.35294117647,1.0,0.756,0.00611162940154208,0.0146554629348273,153.0,b9be3aefa1cc1483099b5c48a507f4d11d2ccd73,2026-08-18 08:07:04,2026-07-11 00:19:08,2026-07-10-PIT-MAD,radicals,thunderbirds,31,19,2026-07-10 19:00:00
gvordick,-20.67,36.4,sstark,-15.55,50.79,0,0,0,"imccosky,sstark,rpieran,gvordick,msample,jnelson,nranabhat",True,2026-07-10-PIT-MAD,4,3,1,8,143.0,1,4,True,True,111,home,74,1783728953.0,18,False,"nceluch,astevenso,pzaccardi,hpark,ecampion,akirages,knicholl",75,154,6a087d08d44f38bfbef055cb00072e41e75498da73c81e1a6426dea347259a7b,1783728953.0,False,111,122.529411764706,15.2737192589101,5.12,14.39,-19.5856929333412,25193634e1f998f2d0cd6813f79b21004261e33c8212d548757ea094aa631c5e,0.96588910869524,0.0341108913047601,0.582979437175035,0.625468212423576,0.700722328934058,0.783512274148919,2282.52941176471,1.0,0.765,0.0752541165104816,0.180456608663846,154.0,60c0d2b36a7a824456e089a0fedab080d18a9860,2026-08-18 08:07:04,2026-07-11 00:19:08,2026-07-10-PIT-MAD,radicals,thunderbirds,31,19,2026-07-10 19:00:00
sstark,-15.55,50.79,imccosky,-18.56,59.52,0,0,0,"imccosky,sstark,rpieran,gvordick,msample,jnelson,nranabhat",True,2026-07-10-PIT-MAD,4,3,1,8,143.0,1,5,True,True,112,home,75,1783728957.0,18,False,"nceluch,astevenso,pzaccardi,hpark,ecampion,akirages,knicholl",76,155,c9689459a6248449429f892df99f41274059d294d0486d404a67e8158d1d4a38,1783728957.0,False,112,115.705882352941,9.23433809214283,-3.01,8.73,19.0235833814636,dc3d75efd2815e3ef4dd0d9b56c031054df573c4d6ffb2d802161aa6ddd768a5,0.984679207996534,0.0153207920034658,0.582979437175035,0.695575914849871,0.726261530741998,0.728233386265351,2275.70588235294,1.0,0.768,0.0306856158921271,0.0735829803793315,155.0,d452e7d07215cd53698eb9de7aca3c5284b38248,2026-08-18 08:07:04,2026-07-11 00:19:08,2026-07-10-PIT-MAD,radicals,thunderbirds,31,19,2026-07-10 19:00:00
imccosky,-18.56,59.52,gvordick,-20.87,74.93,0,0,0,"imccosky,sstark,rpieran,gvordick,msample,jnelson,nranabhat",True,2026-07-10-PIT-MAD,4,3,1,8,143.0,1,6,True,True,113,home,76,1783728961.0,18,False,"nceluch,astevenso,pzaccardi,hpark,ecampion,akirages,knicholl",77,156,dd7c438b5f3906f0d1afa3faf1f4e39ed3de79b7b7937dbc6aacfe0a380a7e73,1783728961.0,False,113,108.882352941176,15.5821757145785,-2.31,15.41,8.52531112011791,3e2501ee8281281ffbeb595ca526e5c330df3c7ee286489b05cbc76c722cfd60,0.964963190342664,0.0350368096573358,0.582979437175035,0.720567327571333,0.789181239903296,0.642261258613098,2268.88235294118,1.0,0.778,0.068613912331963,0.164533642818861,156.0,ce39812493eae4a597f9d7d9b0991521280c22ee,2026-08-18 08:07:04,2026-07-11 00:19:08,2026-07-10-PIT-MAD,radicals,thunderbirds,31,19,2026-07-10 19:00:00
gvordick,-20.87,74.93,imccosky,-7.37,76.5,0,0,0,"imccosky,sstark,rpieran,gvordick,msample,jnelson,nranabhat",True,2026-07-10-PIT-MAD,4,3,1,8,143.0,1,7,True,True,114,home,77,1783728967.0,18,False,"nceluch,astevenso,pzaccardi,hpark,ecampion,akirages,knicholl",78,157,7a80681fe36067ae65d0bd316adca0c56ed7b645646600092999fa51a1b900d7,1783728967.0,False,114,102.058823529412,13.5909859833641,13.5,1.56999999999999,-83.3665115465084,cf9c7048a3b657c4ed61470d2fffb3f2199cd5b3ff9e9e9323251dd0df189ebb,0.963961372193924,0.0360386278060765,0.582979437175035,0.783659671307694,0.813283023737405,0.661573468032669,2262.05882352941,1.0,0.782,0.0296233524297115,0.0710357115942631,157.0,c77218bf5d7c66099f3657ebcba6ef7109082506,2026-08-18 08:07:04,2026-07-11 00:19:08,2026-07-10-PIT-MAD,radicals,thunderbirds,31,19,2026-07-10 19:00:00
imccosky,-7.37,76.5,msample,-18.21,82.7,0,0,0,"imccosky,sstark,rpieran,gvordick,msample,jnelson,nranabhat",True,2026-07-10-PIT-MAD,4,3,1,8,143.0,1,8,True,True,115,home,78,1783728970.0,18,False,"nceluch,astevenso,pzaccardi,hpark,ecampion,akirages,knicholl",79,158,be3fd036bc8f28e382522916bf778443c29de25d770408f17d830e03ee5c25dd,1783728970.0,False,115,95.2352941176471,12.4878180640174,-10.84,6.2,60.2323551843854,3980e11b8812a78ef0aac608eb474fa23194b72cf0e78b89e5838a7dfa823c72,0.977479979312279,0.0225200206877207,0.582979437175035,0.807495348930106,0.827465870760457,0.608743706081973,2255.23529411765,1.0,0.784,0.0199705218303506,0.0478885781916055,158.0,8129511849e194b46bc9606181faae9f026e4a82,2026-08-18 08:07:04,2026-07-11 00:19:08,2026-07-10-PIT-MAD,radicals,thunderbirds,31,19,2026-07-10 19:00:00
msample,-18.21,82.7,gvordick,-17.19,75.61,0,0,0,"imccosky,sstark,rpieran,gvordick,msample,jnelson,nranabhat",True,2026-07-10-PIT-MAD,4,3,1,8,143.0,1,9,True,True,116,home,79,1783728973.0,18,False,"nceluch,astevenso,pzaccardi,hpark,ecampion,akirages,knicholl",80,159,774876b5cee5192eaa1d738826f931f7bd08b8704bd6d6f8c94a2a9d7e028a70,1783728973.0,False,116,88.4117647058823,7.16299518358068,1.02,-7.09,-171.813337171114,2744139554f45b91d031083cb9857e6f042b35855c32a272376956c115a41e20,0.984917200204893,0.0150827997951066,0.582979437175035,0.821263884582074,0.785958496634811,0.630160726802663,2248.41176470588,1.0,0.777,-0.0353053879472629,-0.0846610241665267,159.0,d2e98ff7e9e87878ad7d80a559add8cd431e37ca,2026-08-18 08:07:04,2026-07-11 00:19:08,2026-07-10-PIT-MAD,radicals,thunderbirds,31,19,2026-07-10 19:00:00
gvordick,-17.19,75.61,msample,-1.71,77.65,0,0,0,"imccosky,sstark,rpieran,gvordick,msample,jnelson,nranabhat",True,2026-07-10-PIT-MAD,4,3,1,8,143.0,1,10,True,True,117,home,80,1783728977.0,18,False,"nceluch,astevenso,pzaccardi,hpark,ecampion,akirages,knicholl",81,160,1ec5c11367dbfc3efba17e895c4353d796dd6acbafb972b382c0ea383806823b,1783728977.0,False,117,81.5882352941177,15.6138400145512,15.48,2.04000000000001,-82.4926533330503,3ce812ab9e743e03ff9ec6d4ca779e7a9a98659c1a99d487093f69dd50a3360e,0.962046250161504,0.0379537498384964,0.582979437175035,0.777705892965327,0.799706413959828,0.628667791375775,2241.58823529412,1.0,0.78,0.0220005209945008,0.0527564416619308,160.0,8125ba77c1e07931e242124c7b9ac71f2748a78c,2026-08-18 08:07:04,2026-07-11 00:19:08,2026-07-10-PIT-MAD,radicals,thunderbirds,31,19,2026-07-10 19:00:00
msample,-1.71,77.65,imccosky,-19.1,74.93,0,0,0,"imccosky,sstark,rpieran,gvordick,msample,jnelson,nranabhat",True,2026-07-10-PIT-MAD,4,3,1,8,143.0,1,11,True,True,118,home,81,1783728980.0,18,False,"nceluch,astevenso,pzaccardi,hpark,ecampion,akirages,knicholl",82,161,f35f99c96f3a87f73915a674d0d0e456af1519e60a5cf0a28dab38a1bc03623b,1783728980.0,False,118,74.7647058823529,17.6014346006228,-17.39,-2.72,98.8897045829391,4734325705cbc917e031e0654b185caec468c6fa1a37c9f65568bc38b2a6d232,0.974541440360843,0.0254585596391566,0.582979437175035,0.790865096039141,0.758545256698993,0.600638880751036,2234.76470588235,1.0,0.773,-0.0323198393401486,-0.0775017882120939,161.0,9df4b1e187978c38a6b293a18f8860cf220f6da6,2026-08-18 08:07:04,2026-07-11 00:19:08,2026-07-10-PIT-MAD,radicals,thunderbirds,31,19,2026-07-10 19:00:00
imccosky,-19.1,74.93,gvordick,-9.62,81.0,0,0,0,"imccosky,sstark,rpieran,gvordick,msample,jnelson,nranabhat",True,2026-07-10-PIT-MAD,4,3,1,8,143.0,1,12,True,True,119,home,82,1783728983.0,18,False,"nceluch,astevenso,pzaccardi,hpark,ecampion,akirages,knicholl",83,162,2a69a249ec263aeb9db9eef1058f5632b86ca70ee00dafc2868175dcf5e0aafa,1783728983.0,False,119,67.9411764705882,11.2567890626057,9.48,6.06999999999999,-57.3687531442171,9ea84a4828716efe95dd5a3e7a19a6d56b3c515c997d249988feff1e96943b56,0.967657059684113,0.0323429403158871,0.582979437175035,0.747269971911102,0.798041251971037,0.585718560421061,2227.94117647059,1.0,0.779,0.0507712800599355,0.121747665669056,162.0,391480c76078ed404b2ebff20585536f551b1977,2026-08-18 08:07:04,2026-07-11 00:19:08,2026-07-10-PIT-MAD,radicals,thunderbirds,31,19,2026-07-10 19:00:00
gvordick,-9.62,81.0,imccosky,-17.33,76.9,0,0,0,"imccosky,sstark,rpieran,gvordick,msample,jnelson,nranabhat",True,2026-07-10-PIT-MAD,4,3,1,8,143.0,1,13,True,True,120,home,83,1783728987.0,18,False,"nceluch,astevenso,pzaccardi,hpark,ecampion,akirages,knicholl",84,163,48e548376695040057b9fcb018d50042de219f83f05a9f7db55364c0bb8e0659,1783728987.0,False,120,61.1176470588235,8.73235936044778,-7.71,-4.09999999999999,118.003014148665,fde5c716ea7ed51d5207aab5ef595a53e6c7bb26c3f64cc81c85958218b7134c,0.984856211068219,0.015143788931781,0.582979437175035,0.786977264522031,0.752065395403206,0.568956259267155,2221.11764705882,1.0,0.772,-0.0349118691188249,-0.0837173804627913,163.0,0f4a33a249ac92fd48971fcd77f39147dba8d8ff,2026-08-18 08:07:04,2026-07-11 00:19:08,2026-07-10-PIT-MAD,radicals,thunderbirds,31,19,2026-07-10 19:00:00
imccosky,-17.33,76.9,gvordick,-19.51,70.77,0,0,0,"imccosky,sstark,rpieran,gvordick,msample,jnelson,nranabhat",True,2026-07-10-PIT-MAD,4,3,1,8,143.0,1,14,True,True,121,home,84,1783728992.0,18,False,"nceluch,astevenso,pzaccardi,hpark,ecampion,akirages,knicholl",85,164,5c12aea8f2bcecbb783a6f1d6f977eb96e2fb7bc088bfa3519cec07428184568,1783728992.0,False,121,54.2941176470588,6.50609714037534,-2.18,-6.13000000000001,160.423186351907,bbd25a087794949254e9dfee7b8f15d4571f040f879f83356b7b23c326eb6044,0.988434535456012,0.0115654645439883,0.582979437175035,0.737942839722649,0.69165996417341,0.568347067202155,2214.29411764706,1.0,0.763,-0.046282875549239,-0.110984636430663,164.0,f2bfa8e60a34287f958a0b2dc1f391cd12cad9b1,2026-08-18 08:07:04,2026-07-11 00:19:08,2026-07-10-PIT-MAD,radicals,thunderbirds,31,19,2026-07-10 19:00:00
gvordick,-19.51,70.77,imccosky,-19.78,74.31,0,0,0,"imccosky,sstark,rpieran,gvordick,msample,jnelson,nranabhat",True,2026-07-10-PIT-MAD,4,3,1,8,143.0,1,15,True,True,122,home,85,1783728994.0,18,False,"nceluch,astevenso,pzaccardi,hpark,ecampion,akirages,knicholl",86,165,bf7e2875ac824555c63c8d76f89e06eda6c270268fed106e289876c3f6c9d78d,1783728994.0,False,122,47.4705882352941,3.55028167896578,-0.27,3.54000000000001,4.36157264502059,30fa1b38a1d3c0d78d2344c89317b7d8857c4681dddd87e6d7518e2ef11a0883,0.988958289241469,0.011041710758531,0.582979437175035,0.673949090441822,0.695731335447788,0.530237767920843,2207.47058823529,1.0,0.764,0.0217822450059663,0.0522330238547706,165.0,ee74a0fba8ede2152376b1b71083c4439732d110,2026-08-18 08:07:04,2026-07-11 00:19:08,2026-07-10-PIT-MAD,radicals,thunderbirds,31,19,2026-07-10 19:00:00
imccosky,-19.78,74.31,gvordick,-14.19,89.31,0,0,0,"imccosky,sstark,rpieran,gvordick,msample,jnelson,nranabhat",True,2026-07-10-PIT-MAD,4,3,1,8,143.0,1,16,True,True,123,home,86,1783728996.0,18,False,"nceluch,astevenso,pzaccardi,hpark,ecampion,akirages,knicholl",87,166,bbcadcc57243b83c29afbb02b0b7511ff0369468cabbe68b919c730b26df25f5,1783728996.0,False,123,40.6470588235294,16.0077512474426,5.59,15.0,-20.4387475969247,2437668676b7b5f8d27807a828787085397e1a56f3dc999ecf01f573db91a988,0.9461515848742,0.0538484151258004,0.582979437175035,0.676437787360538,0.7936898153087,0.470983430623463,2200.64705882353,1.0,0.778,0.117252027948162,0.281166058464546,166.0,cebf1a414c450e03cf9a6853fe9ef48786716d94,2026-08-18 08:07:04,2026-07-11 00:19:08,2026-07-10-PIT-MAD,radicals,thunderbirds,31,19,2026-07-10 19:00:00
gvordick,-14.19,89.31,msample,-4.85,110.93,0,0,0,"imccosky,sstark,rpieran,gvordick,msample,jnelson,nranabhat",True,2026-07-10-PIT-MAD,5,3,1,8,143.0,1,17,True,True,124,home,87,1783729012.0,19,False,"nceluch,astevenso,pzaccardi,hpark,ecampion,akirages,knicholl",88,168,4ee371e967b20642ab58a42ca8742a6008bf4795438ffe087c6fa56fbd2b97fd,1783729012.0,False,124,33.8235294117647,23.551220775153,9.34,21.62,-23.3647018086498,2c2edf18cd953165231a0450140995909f1693c9d948bd0b9bf6e52d42402573,0.89086694200467,0.10913305799533,0.582979437175035,0.777216379489262,1.0,0.424508965856221,2193.82352941176,1.0,0.798,0.222783620510738,0.534226943154952,168.0,259b1e829a3f40ee7ebe9c4dd21ece6e0285d706,2026-08-18 08:07:04,2026-07-11 00:19:08,2026-07-10-PIT-MAD,radicals,thunderbirds,31,19,2026-07-10 19:00:00
whoffenka,16.37,27.18,mdillard,0.94,31.83,0,0,0,"mmarshall,mdillard,rduncan,rward1,lstorm,bgessner,whoffenka",False,2026-07-10-PIT-MAD,5,3,1,9,27.0,1,1,True,True,125,away,81,1783729049.0,18,False,"jcarrico,rpieran,jmaskalun,agutowsky,mjunga,kconniff,kalexande",82,171,91e0467fd5e975f7ee517ac2d4f1bfe8fa99484fa64ee21ca0fe915ec76c2d62,1783729049.0,False,125,27.0,16.1154398016312,-15.43,4.65,73.2292424973607,e70838f5673f7b105ee651a94ebfc1e82fa8d61ced38da349037a33d6b3913e9,0.976978535867936,0.0230214641320635,0.39788746731978,0.403430112090366,0.433986420069321,0.756125297149544,2187.0,2.0,0.837,0.0305563079789554,0.0507485001897208,171.0,0933a6b16f6ca593b626d4fd5cb515927917ed16,2026-08-18 08:07:04,2026-07-11 00:19:08,2026-07-10-PIT-MAD,radicals,thunderbirds,31,19,2026-07-10 19:00:00
mdillard,0.94,31.83,rduncan,-12.34,36.24,0,0,0,"mmarshall,mdillard,rduncan,rward1,lstorm,bgessner,whoffenka",False,2026-07-10-PIT-MAD,5,3,1,9,27.0,1,2,True,True,126,away,82,1783729051.0,18,False,"jcarrico,rpieran,jmaskalun,agutowsky,mjunga,kconniff,kalexande",83,172,f66415f47e66c1f48d37c872d52555a4d2eb354445168efce110b161a75932a1,1783729051.0,False,126,25.2,13.99308757923,-13.28,4.41,71.6297921433249,a00f4dd7960deb2091992fee01e64d5233187d8e30c4fc799499da894c9c5979,0.982199852599805,0.0178001474001951,0.39788746731978,0.42674641726635,0.437101838702205,0.713194485100085,2185.2,2.0,0.837,0.0103554214358546,0.0171984818016639,172.0,a75b4500faf49d743f082f708c19e13a89f68425,2026-08-18 08:07:04,2026-07-11 00:19:08,2026-07-10-PIT-MAD,radicals,thunderbirds,31,19,2026-07-10 19:00:00
rduncan,-12.34,36.24,whoffenka,-18.71,34.16,0,0,0,"mmarshall,mdillard,rduncan,rward1,lstorm,bgessner,whoffenka",False,2026-07-10-PIT-MAD,5,3,1,9,27.0,1,3,True,True,127,away,83,1783729057.0,18,False,"jcarrico,rpieran,jmaskalun,agutowsky,mjunga,kconniff,kalexande",84,173,99e9655e74c9cafa79d67b4ce956740b5d576577d603d3998bbdcb4ce7001561,1783729057.0,False,127,23.4,6.70099246380714,-6.37,-2.08000000000001,108.083445383049,9d53d24740f60289650bff5bedec61c95820f44f2d7724cc7f630ad0463f223c,0.992946216463072,0.00705378353692754,0.39788746731978,0.429695078450701,0.405288811758976,0.706477042615768,2183.4,2.0,0.839,-0.024406266691725,-0.0405343940991958,173.0,3b44e3904e09017592581e4ffecbcb775a21114a,2026-08-18 08:07:04,2026-07-11 00:19:08,2026-07-10-PIT-MAD,radicals,thunderbirds,31,19,2026-07-10 19:00:00
whoffenka,-18.71,34.16,rduncan,-17.73,44.87,0,0,0,"mmarshall,mdillard,rduncan,rward1,lstorm,bgessner,whoffenka",False,2026-07-10-PIT-MAD,5,3,1,9,27.0,1,4,True,True,128,away,84,1783729061.0,18,False,"jcarrico,rpieran,jmaskalun,agutowsky,mjunga,kconniff,kalexande",85,175,27e6950c22b01d02a35ca0a309b5b046b7013eb1c77de04781b606dd0ded7aca,1783729061.0,False,128,21.6,10.754743139657,0.98,10.71,-5.22819188527234,87f683c80194ea765e7c398bd3f047f8ccc3db6776b59b2fe1d7f1a46621c42d,0.982630700706018,0.0173692992939823,0.39788746731978,0.39788746731978,0.443635107062613,0.621185930563796,2181.6,2.0,0.837,0.0457476397428329,0.0759785542732247,175.0,b58b0d6a2a183ef5c64c15d27423b6fdb309b937,2026-08-18 08:07:04,2026-07-11 00:19:08,2026-07-10-PIT-MAD,radicals,thunderbirds,31,19,2026-07-10 19:00:00
rduncan,-17.73,44.87,lstorm,-21.34,55.34,0,0,0,"mmarshall,mdillard,rduncan,rward1,lstorm,bgessner,whoffenka",False,2026-07-10-PIT-MAD,5,3,1,9,27.0,1,5,True,True,129,away,85,1783729065.0,18,False,"jcarrico,rpieran,jmaskalun,agutowsky,mjunga,kconniff,kalexande",86,176,8d30a06cdf214854c8cfc54457f6e81f8059edbb516c2bc05fdce432be4fdbc8,1783729065.0,False,129,19.8,11.0748814892079,-3.61,10.47,19.0239195282967,e255cee42bbd6634742cca4bb7c36dd65b9e3b54b00e2e5772502acb5b04baf0,0.981021360771753,0.0189786392282469,0.39788746731978,0.435888748349613,0.468030621358155,0.521376849235905,2179.8,2.0,0.835,0.0321418730085427,0.0533818368893065,176.0,a3cf9a11fc7b2fa3d220175ddab363f4aedc5d73,2026-08-18 08:07:04,2026-07-11 00:19:08,2026-07-10-PIT-MAD,radicals,thunderbirds,31,19,2026-07-10 19:00:00
lstorm,-21.34,55.34,whoffenka,-19.51,46.04,0,0,0,"mmarshall,mdillard,rduncan,rward1,lstorm,bgessner,whoffenka",False,2026-07-10-PIT-MAD,5,3,1,9,27.0,1,6,True,True,130,away,86,1783729069.0,18,False,"jcarrico,rpieran,jmaskalun,agutowsky,mjunga,kconniff,kalexande",87,177,b9e795f1ccde82d5b36677b3189708e5220d0e010e8f44f4b929a3b473df5d6c,1783729069.0,False,130,18.0,9.47833846198795,1.83,-9.3,-168.867893707056,f447a70fe77b989e9eb54e4d1daede54710b30db90a95fe8c06dc8a592ed79af,0.989292978677764,0.0107070213222362,0.39788746731978,0.460049121041743,0.425285272862729,0.589228922295295,2178.0,2.0,0.838,-0.0347638481790137,-0.057736463355558,177.0,d1258df04648f8c6b5130cc17340d56b29734006,2026-08-18 08:07:04,2026-07-11 00:19:08,2026-07-10-PIT-MAD,radicals,thunderbirds,31,19,2026-07-10 19:00:00
whoffenka,-19.51,46.04,,-20.18,82.77,1,0,0,"mmarshall,mdillard,rduncan,rward1,lstorm,bgessner,whoffenka",False,2026-07-10-PIT-MAD,5,3,1,9,27.0,1,7,True,True,131,away,87,1783729074.0,22,False,"jcarrico,rpieran,jmaskalun,agutowsky,mjunga,kconniff,kalexande",88,179,ffcb02cb5bacd1fcb3c908879d1c9f54241af91907b5f264e1e1f2555eba81dc,1783729074.0,False,131,16.2,36.7361103003571,-0.669999999999998,36.73,1.04502900453676,7fc62077764c85ff595208d92d8b8a27bd6c16c28a7e7caefcbececf5fd1acf7,0.819329571737264,-0.819329571737264,0.39788746731978,0.417300879777566,0.650347325670767,0.375419219517756,2176.2,2.0,0.857,-0.375419219517756,-0.375419219517756,179.0,d54636b672bea17a5a2db4c8705a613bce09b102,2026-08-18 08:07:04,2026-07-11 00:19:08,2026-07-10-PIT-MAD,radicals,thunderbirds,31,19,2026-07-10 19:00:00
rpieran,18.68,37.97,jmaskalun,19.84,53.31,0,0,0,"jcarrico,rpieran,jmaskalun,agutowsky,mjunga,kconniff,kalexande",True,2026-07-10-PIT-MAD,5,3,1,9,27.0,2,1,False,False,132,home,91,1783729081.0,18,False,"mmarshall,mdillard,rduncan,rward1,lstorm,bgessner,whoffenka",92,180,f116a868b3c27db74381fd90c1400ea14d5a06ef80a393ecf83241bc366af396,1783729081.0,False,132,14.4,15.3837966705232,1.16,15.34,-4.32443626371051,1597d20250563288806ff2ddb5ccf9cea27dc099c14adfc76946238b63383046,0.972854266710907,0.0271457332890934,0.37755562437116,0.37755562437116,0.439055659211633,0.522468522556576,2174.4,2.0,0.86,0.0615000348404722,0.0988040654690474,180.0,6bb7db6e5f7f77c6f3c3c92f20bae569d1e4a524,2026-08-18 08:07:04,2026-07-11 00:19:08,2026-07-10-PIT-MAD,radicals,thunderbirds,31,19,2026-07-10 19:00:00
jmaskalun,19.84,53.31,jcarrico,11.18,49.77,0,0,0,"jcarrico,rpieran,jmaskalun,agutowsky,mjunga,kconniff,kalexande",True,2026-07-10-PIT-MAD,5,3,1,9,27.0,2,2,False,False,133,home,92,1783729082.0,18,False,"mmarshall,mdillard,rduncan,rward1,lstorm,bgessner,whoffenka",93,181,2c9b044e4f8238f3a323ea1735d5172b1db40aa22b2651116726a50c962fec99,1783729082.0,False,133,12.6,9.35559725511953,-8.66,-3.54,112.233564772927,b1904b65e24b6835dea815affe59343e2d385d9cca477834ed4bd65acf143194,0.984291993573378,0.015708006426622,0.37755562437116,0.430679231717767,0.439910889701348,0.563142329054212,2172.6,2.0,0.86,0.00923165798358089,0.0148312979360676,181.0,53d10444b3d2d46caf7eb28310d2329ef3ac8153,2026-08-18 08:07:04,2026-07-11 00:19:08,2026-07-10-PIT-MAD,radicals,thunderbirds,31,19,2026-07-10 19:00:00
jcarrico,11.18,49.77,kconniff,4.29,61.77,0,0,0,"jcarrico,rpieran,jmaskalun,agutowsky,mjunga,kconniff,kalexande",True,2026-07-10-PIT-MAD,5,3,1,9,27.0,2,3,False,False,134,home,93,1783729085.0,18,False,"mmarshall,mdillard,rduncan,rward1,lstorm,bgessner,whoffenka",94,182,6bfd237b175fa776dfdfddd6b3484479e94b16b7fb557ed58e64c9fa966f8b89,1783729085.0,False,134,10.8,13.8373443984025,-6.89,12.0,29.8630061680165,4a629d4a3780ec5f877c8f51bc025841f1138b4487d2e6e038be0b1796d56d86,0.971352367239246,0.0286476327607542,0.37755562437116,0.431364397919592,0.501385777942109,0.48011830460152,2170.8,2.0,0.863,0.0700213800225175,0.112494196693121,182.0,0a61d083d247cd2f8300dc94aae097ac17062dd8,2026-08-18 08:07:04,2026-07-11 00:19:08,2026-07-10-PIT-MAD,radicals,thunderbirds,31,19,2026-07-10 19:00:00
kconniff,4.29,61.77,kalexande,-2.87,68.04,0,0,0,"jcarrico,rpieran,jmaskalun,agutowsky,mjunga,kconniff,kalexande",True,2026-07-10-PIT-MAD,5,3,1,9,27.0,2,4,False,False,135,home,94,1783729087.0,18,False,"mmarshall,mdillard,rduncan,rward1,lstorm,bgessner,whoffenka",95,183,9f4f80769a2f7dc5076a580d23a0dfffaf2489cfd68567d66e63bf3ca2ebb8ad,1783729087.0,False,135,9.0,9.5172737693102,-7.16,6.27,48.7914215669077,981c735a87119f5780aba8645b291a5772ce19a14a9e38b182040321b12081da,0.982154379596727,0.0178456204032729,0.37755562437116,0.492524396798204,0.533868895226737,0.43758667665775,2169.0,2.0,0.864,0.0413444984285329,0.0664228002490402,183.0,8de6163ce149c59ec8f3ffb286a7a01dc13d943f,2026-08-18 08:07:04,2026-07-11 00:19:08,2026-07-10-PIT-MAD,radicals,thunderbirds,31,19,2026-07-10 19:00:00
kalexande,-2.87,68.04,kconniff,9.34,68.18,0,0,0,"jcarrico,rpieran,jmaskalun,agutowsky,mjunga,kconniff,kalexande",True,2026-07-10-PIT-MAD,5,3,1,9,27.0,2,5,False,False,136,home,95,1783729089.0,18,False,"mmarshall,mdillard,rduncan,rward1,lstorm,bgessner,whoffenka",96,184,9a93fe3181e73ca7ad6cbab416619f0cceba6a0d555cd5e40f7dd2c1d668d209,1783729089.0,False,136,7.2,12.2108025944243,12.21,0.140000000000001,-89.3430747226679,ecd22ac7a1b8c93a4aa96688d6e3b0546ddb193036537bae2fb16b9d464ab79e,0.978677674660803,0.0213223253391965,0.37755562437116,0.524865417921381,0.523609251345251,0.426058774845612,2167.2,2.0,0.864,-0.00125616657613004,-0.00201811860676058,184.0,535408b4db78c24b767ab5db84295fb7fe51a1a9,2026-08-18 08:07:04,2026-07-11 00:19:08,2026-07-10-PIT-MAD,radicals,thunderbirds,31,19,2026-07-10 19:00:00
kconniff,9.34,68.18,jcarrico,-3.01,68.04,0,0,0,"jcarrico,rpieran,jmaskalun,agutowsky,mjunga,kconniff,kalexande",True,2026-07-10-PIT-MAD,5,3,1,9,27.0,2,6,False,False,137,home,96,1783729091.0,18,False,"mmarshall,mdillard,rduncan,rward1,lstorm,bgessner,whoffenka",97,185,6e70a28892dc211bef4acb5e03a38864d2e9f6a38678e559b3548f98979b1ed7,1783729091.0,False,137,5.4,12.3507934967758,-12.35,-0.140000000000001,90.6494789926782,d06d92ee3af3ba0e2a17048b5b52394d57d4a21f5d4222aaa31915719ed473c1,0.978231986404162,0.0217680135958377,0.37755562437116,0.514413250846822,0.51565354042946,0.419699351146751,2165.4,2.0,0.863,0.00124028958263844,0.00199261111707437,185.0,b077c595e3e9cb9acea351ba636493976c520667,2026-08-18 08:07:04,2026-07-11 00:19:08,2026-07-10-PIT-MAD,radicals,thunderbirds,31,19,2026-07-10 19:00:00
jcarrico,-3.01,68.04,kalexande,8.52,86.04,0,0,0,"jcarrico,rpieran,jmaskalun,agutowsky,mjunga,kconniff,kalexande",True,2026-07-10-PIT-MAD,5,3,1,9,27.0,2,7,False,False,138,home,97,1783729095.0,18,False,"mmarshall,mdillard,rduncan,rward1,lstorm,bgessner,whoffenka",98,186,74c4fc1ac8364ab404ac1ba20ca51e3f004efeb32cdb4aa8e92d3dd375114e06,1783729095.0,False,138,3.6,21.376175991042,11.53,18.0,-32.6418189508691,ebeacc7ed7555dc0cd5ecde7baf876d0e98acd6d8a5f39089190e921d4c829b5,0.93520500271323,0.0647949972867704,0.37755562437116,0.506272336786444,0.647291802959497,0.336807418774216,2163.6,2.0,0.872,0.141019466173053,0.226557539427655,186.0,5da926538ade5a6f47fd8f2ac6f93c68c614f20c,2026-08-18 08:07:04,2026-07-11 00:19:08,2026-07-10-PIT-MAD,radicals,thunderbirds,31,19,2026-07-10 19:00:00
kalexande,8.52,86.04,rpieran,14.86,114.75,0,0,0,"jcarrico,rpieran,jmaskalun,agutowsky,mjunga,kconniff,kalexande",True,2026-07-10-PIT-MAD,6,3,1,9,27.0,2,8,False,False,139,home,98,1783729105.0,19,False,"mmarshall,mdillard,rduncan,rward1,lstorm,bgessner,whoffenka",99,188,ea04602756cb85085d5b70976365783b1d9e71d61037039a11ce53a855d53518,1783729105.0,False,139,1.8,29.4016955293398,6.34,28.71,-12.4527149342302,2f078fd085e9e2bc1a4282bdec9e7560b7519b5b305b7b0eaf8b698e925a8a4f,0.859966917940605,0.140033082059395,0.37755562437116,0.638509216560403,1.0,0.284641910926546,2161.8,2.0,0.891,0.361490783439597,0.580759980479206,188.0,6d5a85ef4d06cc05e6943fc7726f0042ce93255d,2026-08-18 08:07:04,2026-07-11 00:19:08,2026-07-10-PIT-MAD,radicals,thunderbirds,31,19,2026-07-10 19:00:00
pzaccardi,2.05,12.12,mdillard,3.52,28.34,0,0,0,"pzaccardi,rduncan,whoffenka,mdillard,lstorm,bgessner,nceluch",False,2026-07-10-PIT-MAD,6,3,1,10,0.0,1,1,True,True,140,away,90,1783729162.0,18,False,"jleibfort,mweber2,mgrinde,vluo,agutowsky,sknoche,mmccarthy",91,192,dce204afa6ebf9b96db4c9e2984be386257de1300e2ade7286ed4a4a5f17b6ab,1783729162.0,False,140,0.0,16.2864759846936,1.47,16.22,-5.17850368175291,f04693f0cebdc3eb3baeb9867c7a8dcaba84df1eb3e292075b4ec6a890c27b6a,0.976740633125857,0.0232593668741434,0.268989277396198,0.268989277396198,0.304778962913608,0.681134274695174,2160.0,3.0,0.923,0.0357896855174109,0.04895917995557,192.0,21698a61e6c139541c0d6b303f3e683e33221463,2026-08-18 08:07:04,2026-07-11 00:24:12,2026-07-10-PIT-MAD,radicals,thunderbirds,31,19,2026-07-10 19:00:00
bgessner,6.46,43.77,mdillard,6.09,57.42,0,0,0,"pzaccardi,rduncan,whoffenka,mdillard,lstorm,bgessner,nceluch",False,2026-07-10-PIT-MAD,6,3,1,10,0.0,1,7,True,True,146,away,96,1783729194.0,18,False,"jleibfort,mweber2,mgrinde,vluo,agutowsky,sknoche,mmccarthy",97,199,f7c0745505140784ea9b09acbad4a68edb650d081a4ee922e65e3a63f6e79721,1783729194.0,False,146,0.0,13.6550137312271,-0.37,13.65,1.55269220725968,09d761e921c57b4d760bc3728b5d3b200ee3af557dc6ef40a47f206b21440f23,0.973459283467902,0.0265407165320982,0.268989277396198,0.355055630761571,0.4199644062305,0.450394336227543,2160.0,3.0,0.921,0.0649087754689293,0.0887931920310681,199.0,69490f4f78b4fa58dbf7e699d37e415085f81971,2026-08-18 08:07:04,2026-07-11 00:24:12,2026-07-10-PIT-MAD,radicals,thunderbirds,31,19,2026-07-10 19:00:00
nceluch,-8.06,37.34,bgessner,6.46,43.77,0,0,0,"pzaccardi,rduncan,whoffenka,mdillard,lstorm,bgessner,nceluch",False,2026-07-10-PIT-MAD,6,3,1,10,0.0,1,6,True,True,145,away,95,1783729178.0,18,False,"jleibfort,mweber2,mgrinde,vluo,agutowsky,sknoche,mmccarthy",96,197,1a5aed344704f9b760df0949bf066ee342c7370574758cca83740cf0308d5861,1783729178.0,False,145,0.0,15.8800283375062,14.52,6.43,-66.1144426524484,0edd4cdfc90906bb3599af65af8388e0d40cd47d5d0c88514ce6a675db5d625f,0.975409331237977,0.0245906687620229,0.268989277396198,0.330916389145859,0.355055630761571,0.547519394409433,2160.0,3.0,0.922,0.0241392416157117,0.0330217339763905,197.0,5275c8aa6cfa4a58061d1f9f4b111a9fa3f2dc73,2026-08-18 08:07:04,2026-07-11 00:24:12,2026-07-10-PIT-MAD,radicals,thunderbirds,31,19,2026-07-10 19:00:00
bgessner,1.01,40.83,nceluch,-8.06,37.34,0,0,0,"pzaccardi,rduncan,whoffenka,mdillard,lstorm,bgessner,nceluch",False,2026-07-10-PIT-MAD,6,3,1,10,0.0,1,5,True,True,144,away,94,1783729174.0,18,False,"jleibfort,mweber2,mgrinde,vluo,agutowsky,sknoche,mmccarthy",95,196,785a6989fdddfbc7c0a5f81123d4b9360da0d38d12367fb2861f55f36d8bf8fb,1783729174.0,False,144,0.0,9.71828174113099,-9.07,-3.48999999999999,111.045976713823,ce7721c7cbb3e2416553864a2458f5bdb78f3895272c8f438e9f1f0e3bcf0221,0.989039342150754,0.0109606578492458,0.268989277396198,0.344553440570764,0.330916389145859,0.600222951086947,2160.0,3.0,0.923,-0.0136370514249051,-0.0186550634665535,196.0,5c5d9bdab2ed9decb809fb0cd12ebdef07061e94,2026-08-18 08:07:04,2026-07-11 00:24:12,2026-07-10-PIT-MAD,radicals,thunderbirds,31,19,2026-07-10 19:00:00
mdillard,17.11,50.93,bgessner,1.01,40.83,0,0,0,"pzaccardi,rduncan,whoffenka,mdillard,lstorm,bgessner,nceluch",False,2026-07-10-PIT-MAD,6,3,1,10,0.0,1,4,True,True,143,away,93,1783729171.0,18,False,"jleibfort,mweber2,mgrinde,vluo,agutowsky,sknoche,mmccarthy",94,195,d49339a660c68e7fcf8557f1d25788bbf7aab0fc9ad37a0c2fbc1572a2100f71,1783729171.0,False,143,0.0,19.0057885919001,-16.1,-10.1,122.101248895836,56a24056e30baa5109d65dd449cd40a51f6fcf4bd3d6297603e383040a72fe31,0.975725554346405,0.0242744456535946,0.268989277396198,0.369297959351986,0.344553440570764,0.572246307506838,2160.0,3.0,0.922,-0.0247445187812221,-0.0338497343692635,195.0,54ce1f511d0fb36971f45a1198b6ad24db95f288,2026-08-18 08:07:04,2026-07-11 00:24:12,2026-07-10-PIT-MAD,radicals,thunderbirds,31,19,2026-07-10 19:00:00
bgessner,13.01,39.0,mdillard,17.11,50.93,0,0,0,"pzaccardi,rduncan,whoffenka,mdillard,lstorm,bgessner,nceluch",False,2026-07-10-PIT-MAD,6,3,1,10,0.0,1,3,True,True,142,away,92,1783729168.0,18,False,"jleibfort,mweber2,mgrinde,vluo,agutowsky,sknoche,mmccarthy",93,194,1091b829741d8b369594fb46081129eaaf0a4c30be316036ef637c67b849630b,1783729168.0,False,142,0.0,12.6148682117571,4.1,11.93,-18.966381023633,fca452cc7483ec1a425effe21fee44bd05124031d762a0f4bb8a6f45600a0f13,0.979673712107156,0.0203262878928443,0.268989277396198,0.331453221983589,0.369297959351986,0.478117861949484,2160.0,3.0,0.922,0.0378447373683967,0.0517704271608996,194.0,27ade8cc42d75e2ff29742f0ceafd82596045875,2026-08-18 08:07:04,2026-07-11 00:24:12,2026-07-10-PIT-MAD,radicals,thunderbirds,31,19,2026-07-10 19:00:00
mdillard,3.52,28.34,bgessner,13.01,39.0,0,0,0,"pzaccardi,rduncan,whoffenka,mdillard,lstorm,bgessner,nceluch",False,2026-07-10-PIT-MAD,6,3,1,10,0.0,1,2,True,True,141,away,91,1783729165.0,18,False,"jleibfort,mweber2,mgrinde,vluo,agutowsky,sknoche,mmccarthy",92,193,dfea2def05cbd42cdf5c35222e3a5bc3431eba188b61723efceb6f007f268df4,1783729165.0,False,141,0.0,14.2722002508373,9.49,10.66,-41.6768795548646,c266c64fb44dcdfd6fbe6278624abe38657d56e8a6ded433cc3e49f6517dd781,0.978941207478456,0.0210587925215436,0.268989277396198,0.304778962913608,0.331453221983589,0.581550800630908,2160.0,3.0,0.923,0.0266742590699809,0.0364895592433574,193.0,cfb53cc4f79f68dc086ae27a0044003c1feb527d,2026-08-18 08:07:04,2026-07-11 00:24:12,2026-07-10-PIT-MAD,radicals,thunderbirds,31,19,2026-07-10 19:00:00
nranabhat,-14.87,28.63,imccosky,-20.6,41.65,0,0,0,"imccosky,gvordick,nranabhat,msample,rpieran,esjostrom,jnelson",True,2026-07-10-PIT-MAD,6,3,2,1,720.0,1,1,True,True,147,home,105,1783729415.0,18,False,"pzaccardi,nceluch,lbecker,knicholl,astevenso,rkindell,lcall",106,205,214529bbdd7c5a6c9e19ad6e12c7835268d993955c9726b5bfbf1c031725879a,1783729415.0,False,147,720.0,14.2250940242938,-5.73,13.02,23.7539185357514,8dd6b7286f45f44b329a4cfb51234b79eceaa68d85a6cebafd3a7421e2ef99f4,0.979911691781846,0.020088308218154,0.708218696289754,0.708218696289754,0.728106225061718,0.865972393332951,2160.0,3.0,0.942,0.0198875287719641,0.068159023621724,205.0,bef845eee93454cca1f3461681dcad350b7abf3e,2026-08-18 08:07:04,2026-07-11 00:24:12,2026-07-10-PIT-MAD,radicals,thunderbirds,31,19,2026-07-10 19:00:00
imccosky,-20.6,41.65,gvordick,-11.6,50.59,0,0,0,"imccosky,gvordick,nranabhat,msample,rpieran,esjostrom,jnelson",True,2026-07-10-PIT-MAD,6,3,2,1,720.0,1,2,True,True,148,home,106,1783729418.0,18,False,"pzaccardi,nceluch,lbecker,knicholl,astevenso,rkindell,lcall",107,207,1d213f10906a77adc4d783971e38d2c4ebf63f52456253102877d1e9527c759e,1783729418.0,False,148,716.4,12.685566601457,9.0,8.94,-45.1916239661743,e4db58e47de2b4a712f74b9ec27c6713c9a21cc13f2c860d5a386d1a453012ee,0.972097042858238,0.0279029571417616,0.708218696289754,0.723504586706187,0.775655914796434,0.844348374348137,2156.4,3.0,0.944,0.0521513280902469,0.178734303490658,207.0,18d29df91a324fef1b4d50708345c23fac81c899,2026-08-18 08:07:04,2026-07-11 00:24:12,2026-07-10-PIT-MAD,radicals,thunderbirds,31,19,2026-07-10 19:00:00
gvordick,-11.6,50.59,jnelson,-23.47,59.04,0,0,0,"imccosky,gvordick,nranabhat,msample,rpieran,esjostrom,jnelson",True,2026-07-10-PIT-MAD,6,3,2,1,720.0,1,3,True,True,149,home,107,1783729420.0,18,False,"pzaccardi,nceluch,lbecker,knicholl,astevenso,rkindell,lcall",108,208,ddf1836df7d21a80795b5bfb789aea83ed11c42f80ca8e3bb67f19197c49952e,1783729420.0,False,149,712.8,14.570497589307,-11.87,8.45,54.5537467028169,676fda3039bb1ff184124d4bd52bf693173683a06dde035f8f89b913c7e9b710,0.968331334122937,0.031668665877063,0.708218696289754,0.771810760845045,0.767466287447173,0.776221650847824,2152.8,3.0,0.944,-0.00434447339787125,-0.0148894851816329,208.0,2464fd51945da910a9e930637a2881dc3bd70e89,2026-08-18 08:07:04,2026-07-11 00:24:12,2026-07-10-PIT-MAD,radicals,thunderbirds,31,19,2026-07-10 19:00:00
jnelson,-23.47,59.04,esjostrom,-24.01,76.43,0,0,0,"imccosky,gvordick,nranabhat,msample,rpieran,esjostrom,jnelson",True,2026-07-10-PIT-MAD,6,3,2,1,720.0,1,4,True,True,150,home,108,1783729423.0,18,False,"pzaccardi,nceluch,lbecker,knicholl,astevenso,rkindell,lcall",109,209,2af4b9d445d38f2616aca582b450e4c217c8a6f06a7b75452c774d7218c1e283,1783729423.0,False,150,709.2,17.3983821086905,-0.540000000000003,17.39,1.77859586970077,063965adcbce304f386ea9193271b38aa13da2775344b918e02293cf9b3bd68a,0.920085394522322,0.0799146054776778,0.708218696289754,0.763727932929439,0.83664951441325,0.699629295379629,2149.2,3.0,0.947,0.0729215814838109,0.249918622463302,209.0,c1f2ab504972c1b3863d5d78ba2f39f30bdef992,2026-08-18 08:07:04,2026-07-11 00:24:12,2026-07-10-PIT-MAD,radicals,thunderbirds,31,19,2026-07-10 19:00:00
esjostrom,-24.01,76.43,msample,-9.21,84.75,0,0,0,"imccosky,gvordick,nranabhat,msample,rpieran,esjostrom,jnelson",True,2026-07-10-PIT-MAD,6,3,2,1,720.0,1,5,True,True,151,home,109,1783729426.0,18,False,"pzaccardi,nceluch,lbecker,knicholl,astevenso,rkindell,lcall",110,210,083fb4803b6a4e2e4be6aad2766b8374fe98427e9288d533f064166941804ed3,1783729426.0,False,151,705.6,16.9782920224621,14.8,8.31999999999999,-60.6569527657957,7158a1533c782f111f6a8edfb2b3eb39c8d2f712ecb69224677e4fe0e8d0214f,0.938731204614947,0.0612687953850531,0.708218696289754,0.833935670731566,0.894866742558287,0.715430659989267,2145.6,3.0,0.95,0.0609310718267211,0.208824455343543,210.0,8ebe2181e1edd49bfcf65870c57174c734783159,2026-08-18 08:07:04,2026-07-11 00:24:12,2026-07-10-PIT-MAD,radicals,thunderbirds,31,19,2026-07-10 19:00:00
msample,-9.21,84.75,gvordick,-8.6,77.45,0,0,0,"imccosky,gvordick,nranabhat,msample,rpieran,esjostrom,jnelson",True,2026-07-10-PIT-MAD,6,3,2,1,720.0,1,6,True,True,152,home,110,1783729430.0,18,False,"pzaccardi,nceluch,lbecker,knicholl,astevenso,rkindell,lcall",111,211,989695d1d816082f74e151d9395f73b17a386a73f08bd93504a9c9356ccd81c2,1783729430.0,False,152,702.0,7.3254419661888,0.610000000000001,-7.3,-175.22336754212,fe0cd64298b2cd7c785399aefc1ebb58f67809c4c05805986e225deae90710b3,0.983293332580145,0.0167066674198555,0.708218696289754,0.89309944930636,0.866354068057102,0.735013811356601,2142.0,3.0,0.949,-0.0267453812492581,-0.0916624228803146,211.0,f1217ae7e010d9e83cd6a45e34036ec97b556bc7,2026-08-18 08:07:04,2026-07-11 00:24:12,2026-07-10-PIT-MAD,radicals,thunderbirds,31,19,2026-07-10 19:00:00
gvordick,-8.6,77.45,imccosky,-10.24,92.93,0,0,0,"imccosky,gvordick,nranabhat,msample,rpieran,esjostrom,jnelson",True,2026-07-10-PIT-MAD,6,3,2,1,720.0,1,7,True,True,153,home,111,1783729432.0,18,False,"pzaccardi,nceluch,lbecker,knicholl,astevenso,rkindell,lcall",112,212,44f35795d57a6f86dbdf6108a86835f6b578c4df0e68670deb3f058ce98b794a,1783729432.0,False,153,698.4,15.566630977832,-1.64,15.48,6.04753707442509,5b4647abd261afa66f08e0ec6ee6eb4604d08482162ccf361c6ee02f2edaa3f2,0.952744864657277,0.0472551353427233,0.708218696289754,0.864303681809998,0.918824161775381,0.683933730185579,2138.4,3.0,0.952,0.0545204799653832,0.186853918575691,212.0,f1adf354b5eacf9ea76e04fbb8b32655e505c426,2026-08-18 08:07:04,2026-07-11 00:24:12,2026-07-10-PIT-MAD,radicals,thunderbirds,31,19,2026-07-10 19:00:00
imccosky,-10.24,92.93,esjostrom,-13.24,97.77,0,0,0,"imccosky,gvordick,nranabhat,msample,rpieran,esjostrom,jnelson",True,2026-07-10-PIT-MAD,6,3,2,1,720.0,1,8,True,True,154,home,112,1783729440.0,18,False,"pzaccardi,nceluch,lbecker,knicholl,astevenso,rkindell,lcall",113,213,c2f35688cea247d48c76a6f521636edfda67dee20d578ea245de584b1cadbee9,1783729440.0,False,154,694.8,5.6943480750653,-3.0,4.83999999999999,31.7920715372209,b9812cd19c95cbd3f795ae9d49cb438b22bf254e2c50aee3c5a8b1c03742365e,0.978024024723863,0.0219759752761375,0.708218696289754,0.917579709700291,0.931320022276083,0.663835183464805,2134.8,3.0,0.952,0.0137403125757917,0.0470911343566979,213.0,82911fc3509597eb35dbcb7d5fbeb34ec42034aa,2026-08-18 08:07:04,2026-07-11 00:24:12,2026-07-10-PIT-MAD,radicals,thunderbirds,31,19,2026-07-10 19:00:00
esjostrom,-13.24,97.77,nranabhat,-1.23,96.68,0,0,0,"imccosky,gvordick,nranabhat,msample,rpieran,esjostrom,jnelson",True,2026-07-10-PIT-MAD,6,3,2,1,720.0,1,9,True,True,155,home,113,1783729449.0,18,False,"pzaccardi,nceluch,lbecker,knicholl,astevenso,rkindell,lcall",114,215,40c11c334f304b99cdf191e794d6b84502b397f7758f9ddd01d944dd5cfa05ea,1783729449.0,False,155,691.2,12.059361508803,12.01,-1.08999999999999,-95.1858259379025,45baeacbb83c552b7538f6a96af26e810e9688fafe5d5ba79210d2e65d65578f,0.962246486746721,0.037753513253279,0.708218696289754,0.930317380262217,0.928813913232206,0.669977489064637,2131.2,3.0,0.952,-0.00150346703001092,-0.00515271887161057,215.0,e8569954e0536e5e4f3544b7c4ebfca8cbd58e40,2026-08-18 08:07:04,2026-07-11 00:29:15,2026-07-10-PIT-MAD,radicals,thunderbirds,31,19,2026-07-10 19:00:00
nranabhat,-1.23,96.68,jnelson,1.7,113.31,0,0,0,"imccosky,gvordick,nranabhat,msample,rpieran,esjostrom,jnelson",True,2026-07-10-PIT-MAD,7,3,2,1,720.0,1,10,True,True,156,home,114,1783729460.0,19,False,"pzaccardi,nceluch,lbecker,knicholl,astevenso,rkindell,lcall",115,216,819f78777169d313b31ec3632a30124771bbbeff41b3af6206cfbf6dc8779ab1,1783729460.0,False,156,687.6,16.886142247417,2.93,16.63,-9.99225540265586,bd83ede9c5a2342cfaee98bb3fca2629b0c683974190c463514e68bea00a8c6c,0.938374155047972,0.0616258449520277,0.708218696289754,0.927842644156877,1.0,0.658466536403364,2127.6,3.0,0.954,0.0721573558431227,0.2472994497097,216.0,f752a47102942979d6a2ba10b7d3858b7371f825,2026-08-18 08:07:04,2026-07-11 00:29:15,2026-07-10-PIT-MAD,radicals,thunderbirds,31,19,2026-07-10 19:00:00
mdillard,-7.38,20.0,whoffenka,-4.14,28.77,0,0,0,"mdillard,rward1,mmarshall,lstorm,rduncan,bgessner,whoffenka",False,2026-07-10-PIT-MAD,7,3,2,2,684.0,1,1,True,True,157,away,102,1783729498.0,18,False,"jcarrico,rpieran,jmaskalun,mjunga,agutowsky,kconniff,kalexande",103,218,01b1bb13f5bfcc50c16acc95c4f76d14b076ad25e7bf895ea51ebac36be477c2,1783729498.0,False,157,684.0,9.34935826674751,3.24,8.77,-20.2763109123314,5a16a4201f17e7534b84085bb0557adba49491b5de1cacbb650c89617d8c4d27,0.98762655153209,0.0123734484679104,0.654405587977462,0.654405587977462,0.677948746109106,0.909301047687621,2124.0,4.0,0.958,0.0235431581316446,0.0681236655241673,218.0,51f99c300ab70c59b35f52cd8b31290dd68573ab,2026-08-18 08:07:04,2026-07-11 00:29:15,2026-07-10-PIT-MAD,radicals,thunderbirds,31,19,2026-07-10 19:00:00
whoffenka,-4.14,28.77,rduncan,9.58,41.26,0,0,0,"mdillard,rward1,mmarshall,lstorm,rduncan,bgessner,whoffenka",False,2026-07-10-PIT-MAD,7,3,2,2,684.0,1,2,True,True,158,away,103,1783729502.0,18,False,"jcarrico,rpieran,jmaskalun,mjunga,agutowsky,kconniff,kalexande",104,219,3e0036ce5e83a006beeae6749ac36cdfffbbdf2c6c64a31ee09d527a22c206db,1783729502.0,False,158,681.666666666667,18.5536654060593,13.72,12.49,-47.6868425130652,7edce7d83482464d4446b81cd9dcaaf1be6e29ea39ffcdc63a1b1fcf13221d3c,0.967548986770575,0.0324510132294248,0.654405587977462,0.676121567727351,0.712857232238535,0.860946888822892,2121.66666666667,4.0,0.957,0.0367356645111839,0.106297044261202,219.0,dedc26c6d0e9235e7acb779b4bbab15e07f7db17,2026-08-18 08:07:04,2026-07-11 00:29:15,2026-07-10-PIT-MAD,radicals,thunderbirds,31,19,2026-07-10 19:00:00
rduncan,9.58,41.26,lstorm,11.78,58.83,0,0,0,"mdillard,rward1,mmarshall,lstorm,rduncan,bgessner,whoffenka",False,2026-07-10-PIT-MAD,7,3,2,2,684.0,1,3,True,True,159,away,104,1783729505.0,18,False,"jcarrico,rpieran,jmaskalun,mjunga,agutowsky,kconniff,kalexande",105,220,805ba28b9dd7c6413ae0006967ee3d9e7fa43b9a61da66af4eddccb7c286045a,1783729505.0,False,159,679.333333333333,17.7071991009307,2.2,17.57,-7.13705664982706,b30057e88b7d049029c832e63252e107e3b7127eade2bc643a407e18a942939a,0.95814710584931,0.0418528941506904,0.654405587977462,0.711221527412331,0.77555301867921,0.785672002861673,2119.33333333333,4.0,0.955,0.0643314912668793,0.186147371105884,220.0,fb406aadd88856e766fad2b48e722c80c0882734,2026-08-18 08:07:04,2026-07-11 00:29:15,2026-07-10-PIT-MAD,radicals,thunderbirds,31,19,2026-07-10 19:00:00
lstorm,11.78,58.83,rduncan,-15.22,47.2,0,0,0,"mdillard,rward1,mmarshall,lstorm,rduncan,bgessner,whoffenka",False,2026-07-10-PIT-MAD,7,3,2,2,684.0,1,4,True,True,160,away,105,1783729511.0,18,False,"jcarrico,rpieran,jmaskalun,mjunga,agutowsky,kconniff,kalexande",106,221,3ae75cdaf1bbcc9b24a5f594fd25e60fdb70ec776505a6f64f44432abd278027,1783729511.0,False,160,677.0,29.3982465463503,-27.0,-11.63,113.303513660466,d5e617edfd9c23ee9599e511d81f2c8041bcda61328e542a65b585d8f215b115,0.95480212517364,0.0451978748263603,0.654405587977462,0.774226263287449,0.724271980845142,0.828746581296969,2117.0,4.0,0.957,-0.0499542824423076,-0.144545978477944,221.0,3ca23ace66a2f40f92cf688e69d9f7e86e511c84,2026-08-18 08:07:04,2026-07-11 00:29:15,2026-07-10-PIT-MAD,radicals,thunderbirds,31,19,2026-07-10 19:00:00
rduncan,-15.22,47.2,mdillard,-5.36,52.83,0,0,0,"mdillard,rward1,mmarshall,lstorm,rduncan,bgessner,whoffenka",False,2026-07-10-PIT-MAD,7,3,2,2,684.0,1,5,True,True,161,away,106,1783729515.0,18,False,"jcarrico,rpieran,jmaskalun,mjunga,agutowsky,kconniff,kalexande",107,223,d3dab2485d7c1e477ec6dd35e50a6d59410bcb57ef7710cb2442706fef276e93,1783729515.0,False,161,674.666666666667,11.3541402140365,9.86,5.63,-60.2738959952126,ab942a840e1414d1d8fa87470e782aeb116187b09f24c413d33a3feda472897e,0.979217999411658,0.0207820005883417,0.654405587977462,0.722823445715406,0.75219905222269,0.810803908429719,2114.66666666667,4.0,0.956,0.0293756065072834,0.0850002357832327,223.0,a01bdc05cf1b4dc7fa77505acc64ecd2b7479e06,2026-08-18 08:07:04,2026-07-11 00:29:15,2026-07-10-PIT-MAD,radicals,thunderbirds,31,19,2026-07-10 19:00:00
mdillard,-5.36,52.83,,9.03,44.57,1,0,0,"mdillard,rward1,mmarshall,lstorm,rduncan,bgessner,whoffenka",False,2026-07-10-PIT-MAD,7,3,2,2,684.0,1,6,True,True,162,away,107,1783729518.0,22,False,"jcarrico,rpieran,jmaskalun,mjunga,agutowsky,kconniff,kalexande",108,224,91a0541af13ac23253f8539437f8f36647b3b7cb364d51ef2c780fba559af38c,1783729518.0,False,162,672.333333333333,16.592157786135,14.39,-8.26,-119.856243216017,b9ee331122c1247d5a38ff008924b34f5e71c30fb0a269b11cf7c95e5f6a1de6,0.980394975996422,-0.980394975996422,0.654405587977462,0.750913543616494,0.718701813680475,0.843810412972466,2112.33333333333,4.0,0.976,-0.843810412972466,-0.843810412972466,224.0,04c75e331ee413e2ebc114b773a608f6a9c01ff6,2026-08-18 08:07:04,2026-07-11 00:29:15,2026-07-10-PIT-MAD,radicals,thunderbirds,31,19,2026-07-10 19:00:00
kalexande,-12.49,79.97,rpieran,-14.94,113.86,0,0,0,"jcarrico,rpieran,jmaskalun,mjunga,agutowsky,kconniff,kalexande",True,2026-07-10-PIT-MAD,8,3,2,2,670.0,2,1,False,False,163,home,118,1783729541.0,19,False,"mdillard,rward1,mmarshall,lstorm,rduncan,bgessner,whoffenka",119,228,b44c61c43dea679c316dfc5ca7296a92040fe78c2d4da7c0ce2d0ff6b94ae599,1783729541.0,False,163,670.0,33.9784431662194,-2.45,33.89,4.13487400631321,8e1385ef3a9ada3345196c325e6b603dd74511727c699e5bd2fc3584a19d5a97,0.813272930508238,0.186727069491762,0.860119130993783,0.860119130993783,1.0,0.634430092618616,2110.0,4.0,0.98,0.139880869006217,1.0,228.0,96ae38026e821d6c70fb69bcaf6b1de6aefd3069,2026-08-18 08:07:04,2026-07-11 00:29:15,2026-07-10-PIT-MAD,radicals,thunderbirds,31,19,2026-07-10 19:00:00
whoffenka,-14.85,18.79,mdillard,6.33,20.44,0,0,0,"rduncan,mmarshall,whoffenka,rward1,lstorm,mdillard,bgessner",False,2026-07-10-PIT-MAD,8,3,2,3,653.0,1,1,True,True,164,away,110,1783729588.0,18,False,"vluo,mweber2,mmccarthy,sknoche,mgrinde,agutowsky,jleibfort",111,231,5258012b0f0796e13affeca7ba3a33753af550aa45684b3abfb300ccf4042aa3,1783729588.0,False,164,653.0,21.2441733188185,21.18,1.65,-85.5454447747243,a894159a9708716d35cb1d7949cf6bc4472fa27ae2fb115918210f961caefd9b,0.972405884456548,0.0275941155434518,0.62445990091137,0.62445990091137,0.636938097444122,0.929993875393682,2093.0,5.0,0.983,0.0124781965327523,0.0332273346122948,231.0,33fd668f6674f974cef625d6f1c4cf1737592c72,2026-08-18 08:07:04,2026-07-11 00:29:15,2026-07-10-PIT-MAD,radicals,thunderbirds,31,19,2026-07-10 19:00:00
mdillard,6.33,20.44,whoffenka,-9.34,20.2,0,0,0,"rduncan,mmarshall,whoffenka,rward1,lstorm,mdillard,bgessner",False,2026-07-10-PIT-MAD,8,3,2,3,653.0,1,2,True,True,165,away,111,1783729592.0,18,False,"vluo,mweber2,mmccarthy,sknoche,mgrinde,agutowsky,jleibfort",112,233,c6acd3735e60ba3b57dd46467e544c1f3ee87c6b343dabdd13718ca4e0514ede,1783729592.0,False,165,652.333333333333,15.6718377990585,-15.67,-0.240000000000002,90.877467263242,ab1104baa2ce847d7d0c18ca525f9b4202dbb9d80525cb60c32ec33562532b6d,0.984342522816988,0.0156574771830124,0.62445990091137,0.636672543715455,0.634880376346994,0.930236640783401,2092.33333333333,5.0,0.983,-0.00179216736846177,-0.00477223969640272,233.0,19b5c72c89c9ee20811ad4cb329b9b721fed9e9c,2026-08-18 08:07:04,2026-07-11 00:29:15,2026-07-10-PIT-MAD,radicals,thunderbirds,31,19,2026-07-10 19:00:00
whoffenka,-9.34,20.2,mmarshall,-5.79,37.46,0,0,0,"rduncan,mmarshall,whoffenka,rward1,lstorm,mdillard,bgessner",False,2026-07-10-PIT-MAD,8,3,2,3,653.0,1,3,True,True,166,away,112,1783729594.0,18,False,"vluo,mweber2,mmccarthy,sknoche,mgrinde,agutowsky,jleibfort",113,234,bc7daeca04d70b4af180b5c31cda4d78fa18502f796539fcf7e7cba11c4418c2,1783729594.0,False,166,651.666666666667,17.6212967740743,3.55,17.26,-11.6223938389683,16d1f7e32c832ee065be5264278072159853ca85c9d4be83508d57cab0f1371b,0.967256207015493,0.0327437929845072,0.62445990091137,0.634619623546945,0.685726795132672,0.868196628626384,2091.66666666667,5.0,0.982,0.0511071715857271,0.136089785644077,234.0,12ed6187d44b8ebfaa894b5df404cf18f808e8f5,2026-08-18 08:07:04,2026-07-11 00:29:15,2026-07-10-PIT-MAD,radicals,thunderbirds,31,19,2026-07-10 19:00:00
mmarshall,-5.79,37.46,mdillard,5.72,37.77,0,0,0,"rduncan,mmarshall,whoffenka,rward1,lstorm,mdillard,bgessner",False,2026-07-10-PIT-MAD,8,3,2,3,653.0,1,4,True,True,167,away,113,1783729597.0,18,False,"vluo,mweber2,mmccarthy,sknoche,mgrinde,agutowsky,jleibfort",114,235,71dffd6c91533465072503b21c8559b8ac61f737b23f1c84cd9837a0ba89cec6,1783729597.0,False,167,651.0,11.5141738739694,11.51,0.310000000000002,-88.4572199141756,9552fb9a69e5dee988117a8e03d35f149b8410f0167e90508b7d2d8300093a10,0.986102816367145,0.0138971836328551,0.62445990091137,0.685489389663521,0.686538007060494,0.866801837168577,2091.0,5.0,0.982,0.00104861739697348,0.00279229142112465,235.0,c8dc69b69af95056c5f8c9cf7ebcf6fc4360c72e,2026-08-18 08:07:04,2026-07-11 00:29:15,2026-07-10-PIT-MAD,radicals,thunderbirds,31,19,2026-07-10 19:00:00
mdillard,5.72,37.77,rward1,10.37,46.83,0,0,0,"rduncan,mmarshall,whoffenka,rward1,lstorm,mdillard,bgessner",False,2026-07-10-PIT-MAD,8,3,2,3,653.0,1,5,True,True,168,away,114,1783729598.0,18,False,"vluo,mweber2,mmccarthy,sknoche,mgrinde,agutowsky,jleibfort",115,236,4d35702c613d4d2e1d4abc996c29aecb95029e8781e52ff389700868faa53799,1783729598.0,False,168,650.333333333333,10.1836191994791,4.65,9.06,-27.1689368992068,666dedd5c11c6a620f5b7f98670b3f283a668a476727a00a6dc412b9aef439ec,0.983242799017947,0.0167572009820528,0.62445990091137,0.686305914418823,0.716161574259713,0.826907122086513,2090.33333333333,5.0,0.981,0.0298556598408903,0.0795005910509817,236.0,1f11bcb8203383ababdbf709b810bc040a6de175,2026-08-18 08:07:04,2026-07-11 00:29:15,2026-07-10-PIT-MAD,radicals,thunderbirds,31,19,2026-07-10 19:00:00
rward1,10.37,46.83,lstorm,13.37,52.04,0,0,0,"rduncan,mmarshall,whoffenka,rward1,lstorm,mdillard,bgessner",False,2026-07-10-PIT-MAD,8,3,2,3,653.0,1,6,True,True,169,away,115,1783729600.0,18,False,"vluo,mweber2,mmccarthy,sknoche,mgrinde,agutowsky,jleibfort",116,237,45293545adb6c55ee04b1b821b9c008e8dcc4963b031e144d8de28214dedde3c,1783729600.0,False,169,649.666666666667,6.01199634065092,3.0,5.21,-29.9340146046486,cd7c229c0c86898d39453b644e969b73dde83c426f5deae5a86a8b4a60eb21d5,0.988095354368507,0.0119046456314932,0.62445990091137,0.715947010337445,0.732584241039869,0.801459086984456,2089.66666666667,5.0,0.981,0.016637230702424,0.0443021417494419,237.0,78c0058862aa9b5c3ab3e2375275ee20f2d17790,2026-08-18 08:07:04,2026-07-11 00:29:15,2026-07-10-PIT-MAD,radicals,thunderbirds,31,19,2026-07-10 19:00:00
lstorm,13.37,52.04,rward1,16.44,63.48,0,0,0,"rduncan,mmarshall,whoffenka,rward1,lstorm,mdillard,bgessner",False,2026-07-10-PIT-MAD,8,3,2,3,653.0,1,7,True,True,170,away,116,1783729603.0,18,False,"vluo,mweber2,mmccarthy,sknoche,mgrinde,agutowsky,jleibfort",117,238,b7ae5f6d2e832aa8e17abc452a9cf11fea31a41a7556c6bb70bd4457c35ddb1b,1783729603.0,False,170,649.0,11.8447667769357,3.07,11.44,-15.0217791657529,2d39050bb65177979f3250590b043404f540d3ad5eaab6df7f05c42ec1a09a5c,0.977592744123061,0.0224072558769386,0.62445990091137,0.732381920163875,0.774857563970877,0.74621641048847,2089.0,5.0,0.98,0.0424756438070021,0.113105481705104,238.0,2638302dd1274c8ddc25698f416fe80a89af6a9b,2026-08-18 08:07:04,2026-07-11 00:29:15,2026-07-10-PIT-MAD,radicals,thunderbirds,31,19,2026-07-10 19:00:00
rward1,16.44,63.48,rduncan,18.09,76.95,0,0,0,"rduncan,mmarshall,whoffenka,rward1,lstorm,mdillard,bgessner",False,2026-07-10-PIT-MAD,8,3,2,3,653.0,1,8,True,True,171,away,117,1783729605.0,18,False,"vluo,mweber2,mmccarthy,sknoche,mgrinde,agutowsky,jleibfort",118,239,ff80f4f47250ca4b7927008657d0bc745078ad35ef970a0b66e13ac51c392054,1783729605.0,False,171,648.333333333333,13.5706816335805,1.65,13.47,-6.98362315755635,7a547f2d2f9a591a73ea4aa8989d459fa1a40fe90af1ebe2e0bd5707dc119899,0.971227980630782,0.0287720193692185,0.62445990091137,0.774681338317956,0.831902063236573,0.687508872063489,2088.33333333333,5.0,0.979,0.0572207249186166,0.152369147948465,239.0,df6d23b3af4725ce807f96de5e64eefb53df23e6,2026-08-18 08:07:04,2026-07-11 00:29:15,2026-07-10-PIT-MAD,radicals,thunderbirds,31,19,2026-07-10 19:00:00
rduncan,18.09,76.95,,19.5,109.34,1,0,0,"rduncan,mmarshall,whoffenka,rward1,lstorm,mdillard,bgessner",False,2026-07-10-PIT-MAD,8,3,2,3,653.0,1,9,True,True,172,away,118,1783729613.0,22,False,"vluo,mweber2,mmccarthy,sknoche,mgrinde,agutowsky,jleibfort",119,241,02d48eb690ede0fdb5bb26023a794208edd6be11d24f7e827536bff534c4a713,1783729613.0,False,172,647.666666666667,32.4206755019077,1.41,32.39,-2.49262351764526,40e7c2bd133db1f141390253564194174af06f54601ba195414f1944207dd2b4,0.850753211027061,-0.850753211027061,0.62445990091137,0.831763935720939,0.948910703165197,0.609675341273357,2087.66666666667,5.0,0.988,-0.609675341273357,-0.609675341273357,241.0,9a079b922952d052031803a80cd5449e7aa78df7,2026-08-18 08:07:04,2026-07-11 00:29:15,2026-07-10-PIT-MAD,radicals,thunderbirds,31,19,2026-07-10 19:00:00
mmccarthy,-24.22,19.56,agutowsky,-0.55,26.18,0,0,0,"vluo,mweber2,mmccarthy,sknoche,mgrinde,agutowsky,jleibfort",True,2026-07-10-PIT-MAD,8,3,2,3,647.0,2,1,False,False,173,home,122,1783729634.0,18,False,"rduncan,mmarshall,whoffenka,rward1,lstorm,mdillard,bgessner",123,242,fda51c726737048c77e2e6826d1a9aa90c5e15611663bf1a503998f981dec777,1783729634.0,False,173,647.0,24.5783095431724,23.67,6.62,-74.3748141420574,c1f21b410853b8fe4aea6ef2b2d29a96fc35239f6669f447f5bef09980ef0e63,0.949724685268542,0.0502753147314582,0.571942775698222,0.571942775698222,0.650613601155911,0.910798251948225,2087.0,5.0,0.988,0.0786708254576894,0.183785767395966,242.0,2f1586ad5825d2e0b1f19550c9c98b2063bda455,2026-08-18 08:07:04,2026-07-11 00:29:15,2026-07-10-PIT-MAD,radicals,thunderbirds,31,19,2026-07-10 19:00:00
agutowsky,-0.55,26.18,mgrinde,7.09,35.18,0,0,0,"vluo,mweber2,mmccarthy,sknoche,mgrinde,agutowsky,jleibfort",True,2026-07-10-PIT-MAD,8,3,2,3,647.0,2,2,False,False,174,home,123,1783729636.0,18,False,"rduncan,mmarshall,whoffenka,rward1,lstorm,mdillard,bgessner",124,243,bed644592726e9dcee547cc02be4e1c1f820bb3027b34249a441bfc0bf7ac619,1783729636.0,False,174,620.0,11.8054902481854,7.64,9.0,-40.3275572446105,57f3a345c9e37dfce4e1b4a0838ff5855fc0006fca8191d20268b2a3741ce7fd,0.983895218790315,0.0161047812096845,0.571942775698222,0.645510504061081,0.671473208072526,0.87404178623613,2060.0,5.0,0.988,0.025962704011445,0.0606524140640163,243.0,0f2c7695848ae7efedcb5cd230b4c91ff9525216,2026-08-18 08:07:04,2026-07-11 00:29:15,2026-07-10-PIT-MAD,radicals,thunderbirds,31,19,2026-07-10 19:00:00
mgrinde,7.09,35.18,vluo,-12.01,32.59,0,0,0,"vluo,mweber2,mmccarthy,sknoche,mgrinde,agutowsky,jleibfort",True,2026-07-10-PIT-MAD,8,3,2,3,647.0,2,3,False,False,175,home,124,1783729644.0,18,False,"rduncan,mmarshall,whoffenka,rward1,lstorm,mdillard,bgessner",125,244,e2ff726cb901a8536a4de676a9af37842ccdaeef5c355a96573411a372763061,1783729644.0,False,175,593.0,19.274804797974,-19.1,-2.59,97.7223250575464,fa6624321e5671fe168f01bf7ca1cf7548fa6af4a8558c07c5257e30f05afbb3,0.976837921596969,0.0231620784030308,0.571942775698222,0.672058746905893,0.660661826833289,0.882906168753093,2033.0,5.0,0.988,-0.0113969200726037,-0.0266247581528234,244.0,0983b8b52daa3434641b21e4d4af27acea2625b8,2026-08-18 08:07:04,2026-07-11 00:29:15,2026-07-10-PIT-MAD,radicals,thunderbirds,31,19,2026-07-10 19:00:00
imccosky,-4.37,26.52,,-18.76,39.54,1,0,0,"imccosky,nranabhat,jnelson,gvordick,rpieran,sstark,esjostrom",True,2026-07-10-PIT-MAD,8,3,2,3,566.0,2,4,False,True,176,home,126,1783729721.0,22,False,"pzaccardi,astevenso,nceluch,knicholl,akirages,hpark,lbecker",127,247,f35a60af9a3fb92242822d739b4ea809ae5c308d27715bfb3a376d7d84ce1739,1783729721.0,False,176,566.0,19.4059913428817,-14.39,13.02,47.8613626695765,b1fe14aa499024a651d7c45e78faa85119c935d8828b429a215c183c17dc9c0b,0.974543940554782,-0.974543940554782,0.571942775698222,0.650435203280842,0.671156699979169,0.845447190781127,2006.0,5.0,0.979,-0.845447190781127,-0.845447190781127,247.0,843481b9e1fec36afb2871c19eadd3c8839b1274,2026-08-18 08:07:04,2026-07-11 00:29:15,2026-07-10-PIT-MAD,radicals,thunderbirds,31,19,2026-07-10 19:00:00
nceluch,13.74,78.0,akirages,2.6,81.55,0,0,0,"pzaccardi,astevenso,nceluch,knicholl,akirages,hpark,lbecker",False,2026-07-10-PIT-MAD,8,3,2,3,566.0,3,1,True,False,177,away,121,1783729732.0,18,False,"imccosky,nranabhat,jnelson,gvordick,rpieran,sstark,esjostrom",122,249,b09c3637c48442cc72548babc58f14bb3da89524a233c2c8fcedf01ccca982f9,1783729732.0,False,177,560.666666666667,11.6919673280419,-11.14,3.55,72.3244043871583,9bed009c22fd9719963b90d3cf5c0bf20aae8a98837898d478b90a6011a51a56,0.972093823596555,0.0279061764034453,0.844176693231305,0.844176693231305,0.863620157893103,0.688068173512711,2000.66666666667,5.0,0.978,0.0194434646617987,0.124778924700017,249.0,c6a75db4cda222f882bf6a7942bacbd569f49c41,2026-08-18 08:07:04,2026-07-11 00:29:15,2026-07-10-PIT-MAD,radicals,thunderbirds,31,19,2026-07-10 19:00:00
akirages,2.6,81.55,pzaccardi,-0.34,104.81,0,0,0,"pzaccardi,astevenso,nceluch,knicholl,akirages,hpark,lbecker",False,2026-07-10-PIT-MAD,8,4,2,3,566.0,3,2,True,False,178,away,122,1783729734.0,19,False,"imccosky,nranabhat,jnelson,gvordick,rpieran,sstark,esjostrom",123,250,3e23abf51e758f9d642b5fdffb8867d574d8bd9f6b10223b733c6678c3d3ee83,1783729734.0,False,178,555.333333333333,23.4450677115678,-2.94,23.26,7.20382755024671,aed2c9783bd3705f02a9f0a71d730524a058dca6ac2cb2415f86a14038b7bfad,0.912598619537651,0.0874013804623489,0.844176693231305,0.864080602832015,1.0,0.635486432182515,1995.33333333333,5.0,0.976,0.135919397167985,0.872266158295206,250.0,025b8df803aa046169088bec26486bf784fbdd10,2026-08-18 08:07:04,2026-07-11 00:29:15,2026-07-10-PIT-MAD,radicals,thunderbirds,31,19,2026-07-10 19:00:00
jcarrico,-1.44,19.7,vluo,15.27,28.7,0,0,0,"mmccarthy,kalexande,vluo,agutowsky,mgrinde,jcarrico,jmaskalun",True,2026-07-10-PIT-MAD,8,4,2,4,550.0,1,1,True,True,179,home,129,1783729791.0,18,False,"astevenso,pzaccardi,nceluch,knicholl,hpark,lbecker,akirages",130,255,2cbba7c9201dd58e11f33e97698eb9a238f29b57164798bd922ee4df3fcf49a1,1783729791.0,False,179,550.0,18.9795705957748,16.71,9.0,-61.6931104389723,504e98a3ba3ac066d2da45720f2ef1dc4b97082977d7c026db6f2528880c21a0,0.976291189470708,0.0237088105292917,0.635578704038594,0.635578704038594,0.648056554036947,0.89865588509892,1990.0,4.0,0.972,0.0124778499983529,0.0342401778837709,255.0,c26cdadad62459f0048a5479d130429b88d9df86,2026-08-18 08:07:04,2026-07-11 00:34:19,2026-07-10-PIT-MAD,radicals,thunderbirds,31,19,2026-07-10 19:00:00
vluo,15.27,28.7,jmaskalun,17.73,37.9,0,0,0,"mmccarthy,kalexande,vluo,agutowsky,mgrinde,jcarrico,jmaskalun",True,2026-07-10-PIT-MAD,8,4,2,4,550.0,1,2,True,True,180,home,130,1783729793.0,18,False,"astevenso,pzaccardi,nceluch,knicholl,hpark,lbecker,akirages",131,256,42385d2a1e24dd7e04a37182424e42de6269f865e05c2047eea5bf7704627dc2,1783729793.0,False,180,545.909090909091,9.52321374326965,2.46,9.2,-14.9701724343436,ab4d28380067f5094dfac4deace9d01456650b8746d30ff39e6dd6a2fbdf24e6,0.98704715672268,0.0129528432773203,0.635578704038594,0.648704287490742,0.66985664603192,0.858386725134354,1985.90909090909,4.0,0.973,0.0211523585411776,0.0580436949640224,256.0,d4ea59b133f027bcbbcd6012ce0d04ff82d09cfd,2026-08-18 08:07:04,2026-07-11 00:34:19,2026-07-10-PIT-MAD,radicals,thunderbirds,31,19,2026-07-10 19:00:00
jmaskalun,17.73,37.9,mmccarthy,5.25,44.45,0,0,0,"mmccarthy,kalexande,vluo,agutowsky,mgrinde,jcarrico,jmaskalun",True,2026-07-10-PIT-MAD,8,4,2,4,550.0,1,3,True,True,181,home,131,1783729796.0,18,False,"astevenso,pzaccardi,nceluch,knicholl,hpark,lbecker,akirages",132,257,b2fda5d4806bd98fbca3734c7f44de8bef5bd0b8898c6cc7ae9f51c24dbeead4,1783729796.0,False,181,541.818181818182,14.0944279770411,-12.48,6.55,62.3077257193685,66ff265434b9cdbfc17c76c858ded96405e602f03e2c8c27507964be3195d0f5,0.97533963752428,0.0246603624757201,0.635578704038594,0.67045506504165,0.711477198735193,0.839733296596579,1981.81818181818,4.0,0.973,0.0410221336935434,0.11256788269006,257.0,8b2ae84b1c681f49dd15ca3ecd1f470cea43fd47,2026-08-18 08:07:04,2026-07-11 00:34:19,2026-07-10-PIT-MAD,radicals,thunderbirds,31,19,2026-07-10 19:00:00
mmccarthy,5.25,44.45,vluo,5.66,31.29,0,0,0,"mmccarthy,kalexande,vluo,agutowsky,mgrinde,jcarrico,jmaskalun",True,2026-07-10-PIT-MAD,8,4,2,4,550.0,1,4,True,True,182,home,132,1783729803.0,18,False,"astevenso,pzaccardi,nceluch,knicholl,hpark,lbecker,akirages",133,258,dd8be9d70538a62766b4836954b30207e145a08c26d9ac5ee66f3ae7ebdd5d7d,1783729803.0,False,182,537.727272727273,13.1663852290596,0.41,-13.16,-178.215526326666,e97db6c692e1b6857356684d880de15010eaa543f0dcc38d7d2bef5fec2698d7,0.988983811515421,0.0110161884845792,0.635578704038594,0.711997732894754,0.668395714573351,0.893471551258704,1977.72727272727,4.0,0.973,-0.0436020183214024,-0.11964728407645,258.0,6098c19b25be1688f8264caacd9a2b4c459baa3e,2026-08-18 08:07:04,2026-07-11 00:34:19,2026-07-10-PIT-MAD,radicals,thunderbirds,31,19,2026-07-10 19:00:00
vluo,5.66,31.29,jcarrico,-5.6,42.0,0,0,0,"mmccarthy,kalexande,vluo,agutowsky,mgrinde,jcarrico,jmaskalun",True,2026-07-10-PIT-MAD,8,4,2,4,550.0,1,5,True,True,183,home,133,1783729804.0,18,False,"astevenso,pzaccardi,nceluch,knicholl,hpark,lbecker,akirages",134,259,32ffddec238375ded6dae13108cde4806544fa0962720c65c1e948eaecc56151,1783729804.0,False,183,533.636363636364,15.5400032175029,-11.26,10.71,46.4340508931938,35879c0429819c840a7445d60adeabbbdd69c2f59d1bae758e9f737d9f03c602,0.975416333962785,0.0245836660372154,0.635578704038594,0.668918108046047,0.703670138473143,0.850744890156844,1973.63636363636,4.0,0.973,0.0347520304270964,0.0953622381903191,259.0,f048e658409c03621ad8ca9a5211ce67cf0dcadd,2026-08-18 08:07:04,2026-07-11 00:34:19,2026-07-10-PIT-MAD,radicals,thunderbirds,31,19,2026-07-10 19:00:00
jcarrico,-5.6,42.0,,-5.12,79.9,1,0,0,"mmccarthy,kalexande,vluo,agutowsky,mgrinde,jcarrico,jmaskalun",True,2026-07-10-PIT-MAD,8,4,2,4,550.0,1,6,True,True,184,home,134,1783729812.0,22,False,"astevenso,pzaccardi,nceluch,knicholl,hpark,lbecker,akirages",135,261,d0cac3eb52473b1952602aef2d7af172cde46a6e2c6ef63ab29440557c10cd1e,1783729812.0,False,184,529.545454545455,37.9030394559592,0.48,37.9,-0.725606962267534,4e37c562ca42a5e575d4c2bd5a8d51790b64e5b2b988ae2ec155cf5d86e513ef,0.80083915827491,-0.80083915827491,0.635578704038594,0.704125277815073,0.858999718128847,0.697668518353829,1969.54545454545,4.0,0.958,-0.697668518353829,-0.697668518353829,261.0,03fd711cec3f415507c7dbdd9ddf8c181165ad74,2026-08-18 08:07:04,2026-07-11 00:34:19,2026-07-10-PIT-MAD,radicals,thunderbirds,31,19,2026-07-10 19:00:00
hpark,10.19,35.75,knicholl,-4.93,38.02,0,0,0,"astevenso,pzaccardi,nceluch,knicholl,hpark,lbecker,akirages",False,2026-07-10-PIT-MAD,8,4,2,4,550.0,2,1,False,False,185,away,126,1783729815.0,18,False,"mmccarthy,kalexande,vluo,agutowsky,mgrinde,jcarrico,jmaskalun",127,262,0acbdc17d20e09f152c98a4577e0c4ba141355baedffb44e0a5c8ba2bc176244,1783729815.0,False,185,525.454545454545,15.289450611451,-15.12,2.27,81.4618224979147,b7c367aca6fa57bd9e9c95b812098e4befc3b27ae8a8bed584b054bae0ac8ac5,0.979491411791351,0.0205085882086492,0.681424417417343,0.681424417417343,0.691119178542229,0.867815349633911,1965.45454545455,4.0,0.958,0.00969476112488665,0.0304315887812,262.0,a41ea2db1e103ba53af3e2a6344a191a20c862a1,2026-08-18 08:07:04,2026-07-11 00:34:19,2026-07-10-PIT-MAD,radicals,thunderbirds,31,19,2026-07-10 19:00:00
knicholl,-4.93,38.02,nceluch,-2.36,53.69,0,0,0,"astevenso,pzaccardi,nceluch,knicholl,hpark,lbecker,akirages",False,2026-07-10-PIT-MAD,8,4,2,4,550.0,2,2,False,False,186,away,127,1783729817.0,18,False,"mmccarthy,kalexande,vluo,agutowsky,mgrinde,jcarrico,jmaskalun",128,263,5c110639e79b2fcf72163b44a3b43f288c1fe6239d02cd48eb4083435bab6b1e,1783729817.0,False,186,521.363636363636,15.8793513721436,2.57,15.67,-9.31402618470426,a3f9343c19d44a9284c09de25ee861e19082c767bb923931a40fa56383602fe3,0.969125632975144,0.0308743670248561,0.681424417417343,0.691514209612286,0.749250499119618,0.801875544098708,1961.36363636364,4.0,0.956,0.0577362895073321,0.181232626302588,263.0,b130a8c6ef946c51c059b50e6fb010b6b9847927,2026-08-18 08:07:04,2026-07-11 00:34:19,2026-07-10-PIT-MAD,radicals,thunderbirds,31,19,2026-07-10 19:00:00
nceluch,-2.36,53.69,akirages,-9.4,81.42,0,0,0,"astevenso,pzaccardi,nceluch,knicholl,hpark,lbecker,akirages",False,2026-07-10-PIT-MAD,8,4,2,4,550.0,2,3,False,False,187,away,128,1783729823.0,18,False,"mmccarthy,kalexande,vluo,agutowsky,mgrinde,jcarrico,jmaskalun",129,264,fa7900ef9d4d86d9149cb57f06476fc992ce4f19fe1b611c324cd6945657040d,1783729823.0,False,187,517.272727272727,28.609692413586,-7.04,27.73,14.2451030479811,bc345c1adb8bc302f65c6552770fb83871cc155947688c764b77888aeaf1969d,0.886276351109434,0.113723648890566,0.681424417417343,0.749568388265136,0.865157264581703,0.692070525329988,1957.27272727273,4.0,0.95,0.115588876316568,0.362830306640269,264.0,e3dbe9005de12746184d2858cd97c0ff92c9a0a7,2026-08-18 08:07:04,2026-07-11 00:34:19,2026-07-10-PIT-MAD,radicals,thunderbirds,31,19,2026-07-10 19:00:00
akirages,-9.4,81.42,pzaccardi,-17.06,84.12,0,0,0,"astevenso,pzaccardi,nceluch,knicholl,hpark,lbecker,akirages",False,2026-07-10-PIT-MAD,8,4,2,4,550.0,2,4,False,False,188,away,129,1783729825.0,18,False,"mmccarthy,kalexande,vluo,agutowsky,mgrinde,jcarrico,jmaskalun",130,265,3c27bb9bf36bb667a3a5b52a8e16a60ba37b7027352d2cad19ed92beaaef181a,1783729825.0,False,188,513.181818181818,8.12192095504506,-7.66,2.7,70.5834438398907,74d297ba323c06580968fac512dac480de8990b71db5930d6804f018dc91713d,0.982731295519075,0.0172687044809245,0.681424417417343,0.865336773013771,0.870061908058578,0.66923634918173,1953.18181818182,4.0,0.95,0.00472513504480698,0.0148320690697662,265.0,c6babe48c72fce9bc6d50f6ab8234073052b02f5,2026-08-18 08:07:04,2026-07-11 00:34:19,2026-07-10-PIT-MAD,radicals,thunderbirds,31,19,2026-07-10 19:00:00
pzaccardi,-17.06,84.12,lbecker,-24.34,101.75,0,0,0,"astevenso,pzaccardi,nceluch,knicholl,hpark,lbecker,akirages",False,2026-07-10-PIT-MAD,8,5,2,4,550.0,2,5,False,False,189,away,130,1783729871.0,19,False,"mmccarthy,kalexande,vluo,agutowsky,mgrinde,jcarrico,jmaskalun",131,268,6f5aef2da651cd81b64fcb5ae94e2c91f5462c5c44df93044ade130f9902ad87,1783729871.0,False,189,509.090909090909,19.0739429589165,-7.28,17.63,22.4373213415498,4b1d241bcfa290d7dc2d7ff55207be6d191024676263e95a57e496b5cca4c19c,0.891473747679445,0.108526252320555,0.681424417417343,0.870219163767391,1.0,0.582246350504175,1949.09090909091,4.0,0.947,0.129780836232609,0.407378478854186,268.0,13b88243bc73ef51ab8eabd60377f15eac0c1795,2026-08-18 08:07:04,2026-07-11 00:34:19,2026-07-10-PIT-MAD,radicals,thunderbirds,31,19,2026-07-10 19:00:00
gvordick,-6.76,11.11,esjostrom,-8.73,28.09,0,0,0,"msample,nranabhat,imccosky,rpieran,esjostrom,gvordick,sstark",True,2026-07-10-PIT-MAD,8,5,2,5,505.0,1,1,True,True,190,home,137,1783729908.0,18,False,"pzaccardi,lcall,nceluch,ecampion,rkindell,lbecker,rduncan",138,271,9b0c9905d28964a32ad16fdedd06b6b3c06a2f4fa7e41ec8d295f87b19f22eb7,1783729908.0,False,190,505.0,17.0938965715837,-1.97,16.98,6.61780333813708,eea34fa9c638e138eb278071a91ffa5298d9d67d91cf73294d18844e619371d3,0.972769405743186,0.0272305942568136,0.620204767398354,0.620204767398354,0.661293239632468,0.90598695409445,1945.0,3.0,0.939,0.041088472234114,0.108185855711386,271.0,58bf8b81281ccfbda0b78eb880afd3caee238568,2026-08-18 08:07:04,2026-07-11 00:34:19,2026-07-10-PIT-MAD,radicals,thunderbirds,31,19,2026-07-10 19:00:00
esjostrom,-8.73,28.09,gvordick,-23.67,64.63,0,0,0,"msample,nranabhat,imccosky,rpieran,esjostrom,gvordick,sstark",True,2026-07-10-PIT-MAD,8,5,2,5,505.0,1,2,True,True,191,home,138,1783729912.0,18,False,"pzaccardi,lcall,nceluch,ecampion,rkindell,lbecker,rduncan",139,272,f222b7fb379223ce16d99e4014d44c402b63256e56de058bd83f4d2e019c0524,1783729912.0,False,191,498.3,39.476261221144,-14.94,36.54,22.2380327155645,0aa46ed69982b3b6f7b24efd648a7abf79ebcdafc6313d290ce1a021ec5dfce7,0.774486981510717,0.225513018489283,0.620204767398354,0.661685385760008,0.755516603891078,0.713320891097883,1938.3,3.0,0.943,0.0938312181310698,0.247057387972761,272.0,a2546daa376ae848857bd88a0d29fac8b3a45d57,2026-08-18 08:07:04,2026-07-11 00:34:19,2026-07-10-PIT-MAD,radicals,thunderbirds,31,19,2026-07-10 19:00:00
gvordick,-23.67,64.63,imccosky,-18.28,50.45,0,0,0,"msample,nranabhat,imccosky,rpieran,esjostrom,gvordick,sstark",True,2026-07-10-PIT-MAD,8,5,2,5,505.0,1,3,True,True,192,home,139,1783729915.0,18,False,"pzaccardi,lcall,nceluch,ecampion,rkindell,lbecker,rduncan",140,273,73ede3062a370ebb439e618211fd217fb5c87e59b6d2908de5597e0a3dc5765f,1783729915.0,False,192,491.6,15.1698549762349,5.39,-14.18,-159.187559978346,ff4e11974b8c823789321f60917a4767fecd9f5d98184333fb9c5abfc648575d,0.981314023606216,0.0186859763937838,0.620204767398354,0.755776173388188,0.721990834137558,0.802432334266914,1931.6,3.0,0.941,-0.0337853392506304,-0.0889567228614129,273.0,caa233a785130f7e84140c7c644c9ad306e31c71,2026-08-18 08:07:04,2026-07-11 00:34:19,2026-07-10-PIT-MAD,radicals,thunderbirds,31,19,2026-07-10 19:00:00
imccosky,-18.28,50.45,esjostrom,-6.83,43.29,0,0,0,"msample,nranabhat,imccosky,rpieran,esjostrom,gvordick,sstark",True,2026-07-10-PIT-MAD,8,5,2,5,505.0,1,4,True,True,193,home,140,1783729919.0,18,False,"pzaccardi,lcall,nceluch,ecampion,rkindell,lbecker,rduncan",141,274,c9e695477065f78166caaa997bddae46e3da5c36ed1d5dc0380624ae93f3cbb1,1783729919.0,False,193,484.9,13.5043733656916,11.45,-7.16,-122.018875149635,5969b14d6e06cce1d4c6a0da34831518684089e9bb081923cc0fdb9e58e10cf4,0.981189794236434,0.0188102057635655,0.620204767398354,0.722208231482748,0.711299863437908,0.847201600959838,1924.9,3.0,0.941,-0.0109083680448399,-0.0287217087221347,274.0,d71fd57f3df30b46db279f1337b96eaaf28f6443,2026-08-18 08:07:04,2026-07-11 00:34:19,2026-07-10-PIT-MAD,radicals,thunderbirds,31,19,2026-07-10 19:00:00
esjostrom,-6.83,43.29,nranabhat,7.77,57.61,0,0,0,"msample,nranabhat,imccosky,rpieran,esjostrom,gvordick,sstark",True,2026-07-10-PIT-MAD,8,5,2,5,505.0,1,5,True,True,194,home,141,1783729923.0,18,False,"pzaccardi,lcall,nceluch,ecampion,rkindell,lbecker,rduncan",142,275,ce4476fdd93d83fa8b9841b25480e896afc445b0fd777b80292dc2ea294bad6f,1783729923.0,False,194,478.2,20.4504865467793,14.6,14.32,-45.5547135896807,a8b4ee9b55fa9d91251cf33e15a29dc4057ae9b55c8f4301c9501fa5a6c1e2cf,0.953826863801902,0.046173136198098,0.620204767398354,0.711460829358204,0.766186233692504,0.786179852930845,1918.2,3.0,0.943,0.0547254043342997,0.14409186750298,275.0,37da6acf1a3ec4c6356c32d9d9417becec25dc1b,2026-08-18 08:07:04,2026-07-11 00:34:19,2026-07-10-PIT-MAD,radicals,thunderbirds,31,19,2026-07-10 19:00:00
nranabhat,7.77,57.61,esjostrom,-3.35,61.02,0,0,0,"msample,nranabhat,imccosky,rpieran,esjostrom,gvordick,sstark",True,2026-07-10-PIT-MAD,8,5,2,5,505.0,1,6,True,True,195,home,142,1783729927.0,18,False,"pzaccardi,lcall,nceluch,ecampion,rkindell,lbecker,rduncan",143,276,276366b4a2ab17d6459df744fc94bd0ff8de07f9558e71ae544e5ab022f10731,1783729927.0,False,195,471.5,11.631100549819,-11.12,3.41,72.951596975015,50355571ae6cdaa16cfa2f60ba60c9bf77217676bba30df289347ea3a122eeaf,0.980589060185314,0.0194109398146861,0.620204767398354,0.766277169617084,0.781228486672306,0.772782140997761,1911.5,3.0,0.944,0.0149513170552223,0.0393667844454074,276.0,ff86e0b681a05f04d6ff42c81f81f490e20c6018,2026-08-18 08:07:04,2026-07-11 00:34:19,2026-07-10-PIT-MAD,radicals,thunderbirds,31,19,2026-07-10 19:00:00
esjostrom,-3.35,61.02,sstark,-23.81,68.25,0,0,0,"msample,nranabhat,imccosky,rpieran,esjostrom,gvordick,sstark",True,2026-07-10-PIT-MAD,8,5,2,5,505.0,1,7,True,True,196,home,143,1783729930.0,18,False,"pzaccardi,lcall,nceluch,ecampion,rkindell,lbecker,rduncan",144,277,b7805be47f0915eff7cb2d16aa5c73431e0defb85a12f256d351a250298da564,1783729930.0,False,196,464.8,21.6998732715193,-20.46,7.23,70.5379959322896,dac23d5ff8ac4fd76111fc8e9e350b4e272aa35acdb93e6c1042b0e3151f16b2,0.94236712265362,0.0576328773463796,0.620204767398354,0.781271970087743,0.772828970317205,0.697310255097419,1904.8,3.0,0.943,-0.00844299977053853,-0.0222303995568952,277.0,2c660c51da5f8b4b9e8220444b4517506d6fda6b,2026-08-18 08:07:04,2026-07-11 00:34:19,2026-07-10-PIT-MAD,radicals,thunderbirds,31,19,2026-07-10 19:00:00
sstark,-23.81,68.25,nranabhat,-5.94,61.36,0,0,0,"msample,nranabhat,imccosky,rpieran,esjostrom,gvordick,sstark",True,2026-07-10-PIT-MAD,8,5,2,5,505.0,1,8,True,True,197,home,144,1783729934.0,18,False,"pzaccardi,lcall,nceluch,ecampion,rkindell,lbecker,rduncan",145,278,ec0d8703f2218f5135a048d3e8b56dae3a1211a554b3e3806921e81d30448481,1783729934.0,False,197,458.1,19.1522583524763,17.87,-6.89,-111.084763494439,d1d71529bdfc23184bb553af6ff92f56d539af3ce4febb5bed92b59f840702a2,0.957269650107143,0.0427303498928566,0.620204767398354,0.772833230195331,0.782368290545386,0.771053891662991,1898.1,3.0,0.944,0.00953506035005525,0.0251057926260392,278.0,00782f80403a21d49251ba80512233ad6ad394a2,2026-08-18 08:07:04,2026-07-11 00:34:19,2026-07-10-PIT-MAD,radicals,thunderbirds,31,19,2026-07-10 19:00:00
nranabhat,-5.94,61.36,esjostrom,11.18,62.11,0,0,0,"msample,nranabhat,imccosky,rpieran,esjostrom,gvordick,sstark",True,2026-07-10-PIT-MAD,8,5,2,5,505.0,1,9,True,True,198,home,145,1783729939.0,18,False,"pzaccardi,lcall,nceluch,ecampion,rkindell,lbecker,rduncan",146,279,d9bc7cc01177b04d3ec67f304ae7da6c6b10b668f6348d8bb87c985c01bb3dd5,1783729939.0,False,198,451.4,17.1364202796267,17.12,0.75,-87.4915668187752,110e874baeceea9d37318c365d35d480a2fb5029a40466e28a83abe91230894d,0.970173520456643,0.0298264795433566,0.620204767398354,0.782337155577312,0.783053643898701,0.765793387176499,1891.4,3.0,0.944,0.000716488321389486,0.00188651215151241,279.0,d0dcdff8c31f3535df401d60c138df68e4672d49,2026-08-18 08:07:04,2026-07-11 00:34:19,2026-07-10-PIT-MAD,radicals,thunderbirds,31,19,2026-07-10 19:00:00
esjostrom,11.18,62.11,gvordick,13.16,107.65,0,0,0,"msample,nranabhat,imccosky,rpieran,esjostrom,gvordick,sstark",True,2026-07-10-PIT-MAD,9,5,2,5,505.0,1,10,True,True,199,home,146,1783729951.0,19,False,"pzaccardi,lcall,nceluch,ecampion,rkindell,lbecker,rduncan",147,281,8ac25587fc85a9f86611813b731a36a1000dc1567628264a151ecdffcf891498,1783729951.0,False,199,444.7,45.5830231555565,1.98,45.54,-2.48955292199915,c3a6ad105b9cec6349f5cd4a72be7d092acda12512a952d3db2a91375e7f9aaa,0.7085528450168,0.2914471549832,0.620204767398354,0.782991308403038,1.0,0.63678275125799,1884.7,3.0,0.953,0.217008691596962,0.571383400761577,281.0,9c2c1559a5d1d32f81f190fcb208b8011fdfc7e6,2026-08-18 08:07:04,2026-07-11 00:34:19,2026-07-10-PIT-MAD,radicals,thunderbirds,31,19,2026-07-10 19:00:00
mdillard,-18.34,20.0,whoffenka,-10.2,20.0,0,0,0,"rduncan,mmarshall,whoffenka,rward1,lstorm,mdillard,bgessner",False,2026-07-10-PIT-MAD,9,5,2,6,438.0,1,1,True,True,200,away,135,1783729993.0,18,False,"agutowsky,vluo,jleibfort,sknoche,mgrinde,mmccarthy,mweber2",136,285,5eba5fca376d7b8a7cf8861034c5ba75ca40ac69a2fec31bb2b62c131af63ef5,1783729993.0,False,200,438.0,8.14,8.14,0.0,-90.0,7c8bb0c209e13f187934ecaac59054ba6fd935f3fd171e8137f9398a40880837,0.989462071686896,0.010537928313104,0.623067877323203,0.623067877323203,0.640053996780562,0.932373542250391,1878.0,4.0,0.959,0.0169861194573593,0.0450641333955083,285.0,489b372ea6fc560e802a0cb938057eec8b9e7423,2026-08-18 08:07:04,2026-07-11 00:34:19,2026-07-10-PIT-MAD,radicals,thunderbirds,31,19,2026-07-10 19:00:00
whoffenka,-10.2,20.0,mdillard,-3.22,20.38,0,0,0,"rduncan,mmarshall,whoffenka,rward1,lstorm,mdillard,bgessner",False,2026-07-10-PIT-MAD,9,5,2,6,438.0,1,2,True,True,201,away,136,1783729998.0,18,False,"agutowsky,vluo,jleibfort,sknoche,mgrinde,mmccarthy,mweber2",137,286,474660d6f0a1f7eac44dd9ce30fc2bb8de1b84d8762af9c91e52e8f89bd2d4f8,1783729998.0,False,201,434.3,6.99033618647916,6.98,0.379999999999999,-86.8838217277146,7764c7c4dc4c25e54efb1517774781c8c02ff5131063070d347d6790e4f44b8e,0.992093379659351,0.00790662034064871,0.623067877323203,0.639972872224473,0.643257925422019,0.931986568397101,1874.3,4.0,0.959,0.0032850531975458,0.00871523810233225,286.0,c023f642e84dbc9a9b1f63d7aa92410acf61b390,2026-08-18 08:07:04,2026-07-11 00:34:19,2026-07-10-PIT-MAD,radicals,thunderbirds,31,19,2026-07-10 19:00:00
mdillard,-3.22,20.38,lstorm,10.37,19.46,0,0,0,"rduncan,mmarshall,whoffenka,rward1,lstorm,mdillard,bgessner",False,2026-07-10-PIT-MAD,9,5,2,6,438.0,1,3,True,True,202,away,137,1783730001.0,18,False,"agutowsky,vluo,jleibfort,sknoche,mgrinde,mmccarthy,mweber2",138,287,212f19aca0e3174de9c95b073df08d012c5825182f66265c70bb9379c8069f1d,1783730001.0,False,202,430.6,13.6211049478374,13.59,-0.919999999999998,-93.8728339761547,801ee31fd7d41201441f5c72fed78d711ff9e5f82daa5c9b90d43dceabdb0d0a,0.987283447210391,0.0127165527896091,0.623067877323203,0.643168358475676,0.638005433262014,0.932395171941947,1870.6,4.0,0.959,-0.00516292521366224,-0.0136972279703771,287.0,c92e2c6ef78fc85140c54417b13a0e2d64119ebb,2026-08-18 08:07:04,2026-07-11 00:34:19,2026-07-10-PIT-MAD,radicals,thunderbirds,31,19,2026-07-10 19:00:00
lstorm,10.37,19.46,mdillard,13.44,29.81,0,0,0,"rduncan,mmarshall,whoffenka,rward1,lstorm,mdillard,bgessner",False,2026-07-10-PIT-MAD,9,5,2,6,438.0,1,4,True,True,203,away,138,1783730004.0,18,False,"agutowsky,vluo,jleibfort,sknoche,mgrinde,mmccarthy,mweber2",139,288,b6b56c2bfd8c4e73843f0613f178e3cd101d2f46974c83653429a3dd4c3f9640,1783730004.0,False,203,426.9,10.7957121117599,3.07,10.35,-16.5213233896019,cd553e1c7a5dab784d744d8b5db7071b105c9debcdcef751e80ed47ca42bd2da,0.984951968403113,0.0150480315968871,0.623067877323203,0.637907368664345,0.661323897456388,0.898318576518075,1866.9,4.0,0.959,0.0234165287920428,0.0621239936404185,288.0,370e673929ae149ade74ad3a48b999ce4992682d,2026-08-18 08:07:04,2026-07-11 00:34:19,2026-07-10-PIT-MAD,radicals,thunderbirds,31,19,2026-07-10 19:00:00
mdillard,13.44,29.81,bgessner,21.15,48.67,0,0,0,"rduncan,mmarshall,whoffenka,rward1,lstorm,mdillard,bgessner",False,2026-07-10-PIT-MAD,9,5,2,6,438.0,1,5,True,True,204,away,139,1783730009.0,18,False,"agutowsky,vluo,jleibfort,sknoche,mgrinde,mmccarthy,mweber2",140,289,570386fc8fe284f210d2fc2623c6cfcb1f8aefeb8fad3a805ecb941b12a0c973,1783730009.0,False,204,423.2,20.375075459983,7.71,18.86,-22.2348271851162,305be7d29d1da97e2b2991d44663c222193118405fd618f378b7ec21b389b7fb,0.961124042419151,0.0388759575808492,0.623067877323203,0.661221983652391,0.699548738715317,0.802593614463962,1863.2,4.0,0.957,0.0383267550629256,0.101680787487006,289.0,cb9a2060dd3d9b47234e2ae9a4301a438b137666,2026-08-18 08:07:04,2026-07-11 00:34:19,2026-07-10-PIT-MAD,radicals,thunderbirds,31,19,2026-07-10 19:00:00
bgessner,21.15,48.67,mmarshall,2.72,39.79,0,0,0,"rduncan,mmarshall,whoffenka,rward1,lstorm,mdillard,bgessner",False,2026-07-10-PIT-MAD,9,5,2,6,438.0,1,6,True,True,205,away,140,1783730015.0,18,False,"agutowsky,vluo,jleibfort,sknoche,mgrinde,mmccarthy,mweber2",141,290,52ca76350a73962ca2270f70314ffa6c3fc75e873bde07b00f99f266ba31536d,1783730015.0,False,205,419.5,20.457744254927,-18.43,-8.88,115.725842015486,38ee7a498cc2d1a16aaacab9301d32e51425a706e3e5eea58774c7f14c1d25ba,0.970553207782349,0.0294467922176515,0.623067877323203,0.699447523797267,0.699560836797031,0.861948403364228,1859.5,4.0,0.957,0.000113312999764248,0.000300619111365599,290.0,eca5a49365daa59758cf62d6dd757ea60c91ff3f,2026-08-18 08:07:04,2026-07-11 00:34:19,2026-07-10-PIT-MAD,radicals,thunderbirds,31,19,2026-07-10 19:00:00
mmarshall,2.72,39.79,rduncan,-6.77,50.38,0,0,0,"rduncan,mmarshall,whoffenka,rward1,lstorm,mdillard,bgessner",False,2026-07-10-PIT-MAD,9,5,2,6,438.0,1,7,True,True,206,away,141,1783730019.0,18,False,"agutowsky,vluo,jleibfort,sknoche,mgrinde,mmccarthy,mweber2",142,291,a1566e129031ad9bac0216fb9c855dad1ba97eb3daad5efa442bc586b251846e,1783730019.0,False,206,415.8,14.2199929676495,-9.49,10.59,41.8644210388323,0dd6703e3d4c4d93ed26647d0afe669a6a60e7aca6245f3e84e112728f874d6e,0.97600039490961,0.0239996050903896,0.623067877323203,0.69945486460986,0.737152356488189,0.816746669490928,1855.8,4.0,0.956,0.0376974918783292,0.100011353796591,291.0,c48ce9c17c50c85c7439140a454811dd258508a0,2026-08-18 08:07:04,2026-07-11 00:34:19,2026-07-10-PIT-MAD,radicals,thunderbirds,31,19,2026-07-10 19:00:00
rduncan,-6.77,50.38,mdillard,3.64,42.12,0,0,0,"rduncan,mmarshall,whoffenka,rward1,lstorm,mdillard,bgessner",False,2026-07-10-PIT-MAD,9,5,2,6,438.0,1,8,True,True,207,away,142,1783730025.0,18,False,"agutowsky,vluo,jleibfort,sknoche,mgrinde,mmccarthy,mweber2",143,292,91d9c07cd7f97aa7b14c123d431a49e205c1749f5b2e7d63f34c407ae3cbadc1,1783730025.0,False,207,412.1,13.28893148451,10.41,-8.26000000000001,-128.430868762272,f507ed0aa52803e871b33e9ac5f19f94dda8c30755807e1fb1401614a15d90b0,0.985745940216155,0.0142540597838449,0.623067877323203,0.737051024637105,0.707242736115166,0.852129818156999,1852.1,4.0,0.957,-0.0298082885219387,-0.0790813165783115,292.0,6d414b8fbd707b47f469eee7f273f9a806184811,2026-08-18 08:07:04,2026-07-11 00:34:19,2026-07-10-PIT-MAD,radicals,thunderbirds,31,19,2026-07-10 19:00:00
mdillard,3.64,42.12,whoffenka,12.03,49.95,0,0,0,"rduncan,mmarshall,whoffenka,rward1,lstorm,mdillard,bgessner",False,2026-07-10-PIT-MAD,9,5,2,6,438.0,1,9,True,True,208,away,143,1783730027.0,18,False,"agutowsky,vluo,jleibfort,sknoche,mgrinde,mmccarthy,mweber2",144,293,c23c06e262fe8fd38e8b29a64cbff95ac8401279c5ee517caead85a68476c273,1783730027.0,False,208,408.4,11.4761056112254,8.39,7.83000000000001,-46.9773672626541,97930df0099fa2c8a41270a879cb5cc331c4448e6e3e6496c556879794bb9fec,0.98173492082223,0.0182650791777702,0.623067877323203,0.707131374540116,0.731698686365537,0.816188801687228,1848.4,4.0,0.956,0.0245673118254212,0.0651770182147266,293.0,30fd29788fdcfa9b2f5aea0d4165da605a555cae,2026-08-18 08:07:04,2026-07-11 00:34:19,2026-07-10-PIT-MAD,radicals,thunderbirds,31,19,2026-07-10 19:00:00
whoffenka,12.03,49.95,rduncan,8.84,116.75,0,0,0,"rduncan,mmarshall,whoffenka,rward1,lstorm,mdillard,bgessner",False,2026-07-10-PIT-MAD,9,6,2,6,438.0,1,10,True,True,209,away,144,1783730060.0,19,False,"agutowsky,vluo,jleibfort,sknoche,mgrinde,mmccarthy,mweber2",145,295,d5931135319c6d5b89c2c74999eaca3f0fb4d2c7c662f15eff76322f0e8651a2,1783730060.0,False,209,404.7,66.8761250372657,-3.19,66.8,2.73405372183551,f5fd326e57a0f4ab0fbf2a07d126a88257177b6832bae7a6fc6a214b3d6373a3,0.571564725680205,0.428435274319795,0.623067877323203,0.73159093922877,1.0,0.639962431266079,1844.7,4.0,0.943,0.26840906077123,0.712088582063831,295.0,33c6e7858efd28bb218b5af081ee9705a3e377ac,2026-08-18 08:07:04,2026-07-11 00:39:22,2026-07-10-PIT-MAD,radicals,thunderbirds,31,19,2026-07-10 19:00:00
gvordick,0.27,14.38,nranabhat,-12.9,26.99,0,0,0,"gvordick,esjostrom,sstark,nranabhat,jnelson,imccosky,rpieran",True,2026-07-10-PIT-MAD,9,6,2,7,401.0,1,1,True,True,210,home,151,1783730101.0,18,False,"nceluch,astevenso,rkindell,lbecker,knicholl,lcall,akirages",152,298,87ca78c5dc1f7be3b2c893b1230dbf6c8a3fd187dd563bc8952efa292b161a65,1783730101.0,False,210,401.0,18.233513100881,-13.17,12.61,46.2443984230762,640b21d1cae755b7e6900872b5b2d69707e9ad855c0652a65e72c5cca8bc1b2d,0.974678218673571,0.0253217813264293,0.628283842182497,0.628283842182497,0.654358410181269,0.908158557540956,1841.0,3.0,0.938,0.0260745679987719,0.0701464476332327,298.0,a49b8f05a916b10332e4cbbc6ad599b5807c9d7e,2026-08-18 08:07:04,2026-07-11 00:39:22,2026-07-10-PIT-MAD,radicals,thunderbirds,31,19,2026-07-10 19:00:00
nranabhat,-12.9,26.99,imccosky,-19.99,37.02,0,0,0,"gvordick,esjostrom,sstark,nranabhat,jnelson,imccosky,rpieran",True,2026-07-10-PIT-MAD,9,6,2,7,401.0,1,2,True,True,211,home,152,1783730103.0,18,False,"nceluch,astevenso,rkindell,lbecker,knicholl,lcall,akirages",153,299,87ae099e3c74fdfb30ff9691aff1587f6687e72eecf83da6e84ced3007a189a1,1783730103.0,False,211,394.714285714286,12.2828742564597,-7.09,10.03,35.2557019751213,eefdd44c4957ac634eb8dd46bc8e7123b4ede89384e6550ce9db3d43b711fd82,0.985407875672077,0.0145921243279228,0.628283842182497,0.654143590243349,0.664132666171711,0.85765266903901,1834.71428571429,3.0,0.938,0.00998907592836173,0.0268728590842315,299.0,57bfb08a4cf5d8d74e1d54228957231dd9937939,2026-08-18 08:07:04,2026-07-11 00:39:22,2026-07-10-PIT-MAD,radicals,thunderbirds,31,19,2026-07-10 19:00:00
imccosky,-19.99,37.02,gvordick,-8.6,44.86,0,0,0,"gvordick,esjostrom,sstark,nranabhat,jnelson,imccosky,rpieran",True,2026-07-10-PIT-MAD,9,6,2,7,401.0,1,3,True,True,212,home,153,1783730105.0,18,False,"nceluch,astevenso,rkindell,lbecker,knicholl,lcall,akirages",154,300,c634bc78fe8478c3f83a441d0c666b0013f9685385e3aada0f01e632d2422a18,1783730105.0,False,212,388.428571428571,13.827425646157,11.39,7.84,-55.459465815845,2d0a63653b3bc723a2f8d74bc0abbaaaa07c00a0a0357a1daf8c62c56a1eccf3,0.972231154789984,0.0277688452100161,0.628283842182497,0.663922976424357,0.715079595751647,0.839285607442402,1828.42857142857,3.0,0.941,0.0511566193272902,0.137622802376016,300.0,064aa37cba31445af76f21bbe73ad4df0236edfe,2026-08-18 08:07:04,2026-07-11 00:39:22,2026-07-10-PIT-MAD,radicals,thunderbirds,31,19,2026-07-10 19:00:00
gvordick,-8.6,44.86,nranabhat,1.02,50.31,0,0,0,"gvordick,esjostrom,sstark,nranabhat,jnelson,imccosky,rpieran",True,2026-07-10-PIT-MAD,9,6,2,7,401.0,1,4,True,True,213,home,154,1783730108.0,18,False,"nceluch,astevenso,rkindell,lbecker,knicholl,lcall,akirages",155,302,24a3616d1fa3b420a3303213eebb747ccbba4c82a5726b75f3eca751c55805b0,1783730108.0,False,213,382.142857142857,11.0565320060135,9.62,5.45,-60.4672291008933,94a63807eac9858763f50690b7e812820e33600d42963ed3e749ba7df93aeac7,0.982763402757968,0.0172365972420315,0.628283842182497,0.714893927220126,0.736659003274069,0.816885471259074,1822.14285714286,3.0,0.941,0.0217650760539427,0.0585529458330096,302.0,8ae40934112984a9a1107c24dd42d076adc5ea24,2026-08-18 08:07:04,2026-07-11 00:39:22,2026-07-10-PIT-MAD,radicals,thunderbirds,31,19,2026-07-10 19:00:00
nranabhat,1.02,50.31,sstark,8.93,57.06,0,0,0,"gvordick,esjostrom,sstark,nranabhat,jnelson,imccosky,rpieran",True,2026-07-10-PIT-MAD,9,6,2,7,401.0,1,5,True,True,214,home,155,1783730112.0,18,False,"nceluch,astevenso,rkindell,lbecker,knicholl,lcall,akirages",156,303,e1aa4c681c67cbcd1f568a483573f7aed4c4f1a94cef8696830a0c08313335f4,1783730112.0,False,214,375.857142857143,10.3985864423969,7.91,6.75,-49.5242096259236,8c638a68c1e085355395a22957b7da09ca02597cc8a9f59237087c080ea56eb4,0.982298214534321,0.0177017854656787,0.628283842182497,0.736491498846666,0.761851120549701,0.786659100607165,1815.85714285714,3.0,0.943,0.0253596217030349,0.0682230814283982,303.0,2fecdf93e77e28ba6acd05e303ce3070a5bbdd10,2026-08-18 08:07:04,2026-07-11 00:39:22,2026-07-10-PIT-MAD,radicals,thunderbirds,31,19,2026-07-10 19:00:00
sstark,8.93,57.06,rpieran,1.5,98.04,0,0,0,"gvordick,esjostrom,sstark,nranabhat,jnelson,imccosky,rpieran",True,2026-07-10-PIT-MAD,9,6,2,7,401.0,1,6,True,True,215,home,156,1783730118.0,18,False,"nceluch,astevenso,rkindell,lbecker,knicholl,lcall,akirages",157,304,2b32c5fcd34138cbfe7c1ab10ac8c4ec2a16ae02a25f4d6e8b4793b4a664ec2b,1783730118.0,False,215,369.571428571429,41.6481128023828,-7.43,40.98,10.2765455749075,915d287a5561b10425b595e6e26486b1e5050981d5a9ed75b7a99e9910eec647,0.757039809165374,0.242960190834626,0.628283842182497,0.761706596331799,0.926649165487506,0.645360241681467,1809.57142857143,3.0,0.951,0.164942569155707,0.443732578438753,304.0,b61682af38a5f2a1a3006893e9b7272e82e9d069,2026-08-18 08:07:04,2026-07-11 00:39:22,2026-07-10-PIT-MAD,radicals,thunderbirds,31,19,2026-07-10 19:00:00
rpieran,1.5,98.04,gvordick,0.68,112.09,0,0,0,"gvordick,esjostrom,sstark,nranabhat,jnelson,imccosky,rpieran",True,2026-07-10-PIT-MAD,10,6,2,7,401.0,1,7,True,True,216,home,157,1783730135.0,19,False,"nceluch,astevenso,rkindell,lbecker,knicholl,lcall,akirages",158,306,b3694bee22bd4d2f55160f6cac218ddea5925b2bf3730a701057e43d42179928,1783730135.0,False,216,363.285714285714,14.0739084834313,-0.82,14.05,3.34016394167114,627c1924dd690150c638c31b0806f3c50f4acb344b4ab1e2bb47bba976a40b63,0.950778303946849,0.0492216960531509,0.628283842182497,0.926600859527514,1.0,0.640319638885733,1803.28571428571,3.0,0.953,0.0733991404724856,0.197460182800344,306.0,828d2ad66950a7d07a2fd54a1f42974b2682a1a8,2026-08-18 08:07:04,2026-07-11 00:39:22,2026-07-10-PIT-MAD,radicals,thunderbirds,31,19,2026-07-10 19:00:00
mdillard,0.76,19.22,whoffenka,3.33,26.32,0,0,0,"rduncan,mmarshall,whoffenka,rward1,lstorm,mdillard,bgessner",False,2026-07-10-PIT-MAD,10,6,2,8,357.0,1,1,True,True,217,away,149,1783730168.0,18,False,"agutowsky,jcarrico,jmaskalun,kconniff,mjunga,kalexande,rpieran",150,309,3e3fe2eeef1a601c1f6d442024ff7e7db00be91b27794d9e75bcd3199101aa56,1783730168.0,False,217,357.0,7.55082114739847,2.57,7.1,-19.8988290160744,57fcb348aa7dc466f806f5292c3b6d069da6b6fa3861e668fd0ad10ae441c943,0.990594322154989,0.00940567784501056,0.638277161757719,0.638277161757719,0.656463828729961,0.912242543512567,1797.0,4.0,0.959,0.0181866669722421,0.0502779063125142,309.0,c4d0703a9d83ff379d19826ba7af25c0099ccc37,2026-08-18 08:07:04,2026-07-11 00:39:22,2026-07-10-PIT-MAD,radicals,thunderbirds,31,19,2026-07-10 19:00:00
whoffenka,3.33,26.32,mmarshall,13.8,46.28,0,0,0,"rduncan,mmarshall,whoffenka,rward1,lstorm,mdillard,bgessner",False,2026-07-10-PIT-MAD,10,6,2,8,357.0,1,2,True,True,218,away,150,1783730173.0,18,False,"agutowsky,jcarrico,jmaskalun,kconniff,mjunga,kalexande,rpieran",151,310,5e0a92991ea90bc5dfb6334171fd8fc9d1109450774deb47cfe785db50b85aef,1783730173.0,False,218,351.714285714286,22.5393544716791,10.47,19.96,-27.679216412634,ab2f13d7540c9fca5ded91ebce069069732f4aa225e0bc34245e74e28c00b6f4,0.950463497351903,0.0495365026480966,0.638277161757719,0.656366924202433,0.713528299765168,0.829405700267766,1791.71428571429,4.0,0.957,0.0571613755627358,0.158025342940744,310.0,8d4fbb2fc8239e510d0ca9e1ee8021ed9454f503,2026-08-18 08:07:04,2026-07-11 00:39:22,2026-07-10-PIT-MAD,radicals,thunderbirds,31,19,2026-07-10 19:00:00
mmarshall,13.8,46.28,lstorm,16.68,67.1,0,0,0,"rduncan,mmarshall,whoffenka,rward1,lstorm,mdillard,bgessner",False,2026-07-10-PIT-MAD,10,6,2,8,357.0,1,3,True,True,219,away,151,1783730176.0,18,False,"agutowsky,jcarrico,jmaskalun,kconniff,mjunga,kalexande,rpieran",152,311,b631c5bd3583bdf411e617f3260e08d4209fbe019a3f639654e4f8001b0702c4,1783730176.0,False,219,346.428571428571,21.0182492134811,2.88,20.82,-7.87566172776364,fd795c6579bf54520259d680032b99a26e325de49be0ca7b63373cf48c609e17,0.945483535575555,0.054516464424445,0.638277161757719,0.713453268131685,0.794049802463499,0.734627554509291,1786.42857142857,4.0,0.953,0.0805965343318144,0.222812954591026,311.0,71cf2860cc742589aa24fee593c02ae06abdbb5e,2026-08-18 08:07:04,2026-07-11 00:39:22,2026-07-10-PIT-MAD,radicals,thunderbirds,31,19,2026-07-10 19:00:00
lstorm,16.68,67.1,,10.01,119.32,1,0,0,"rduncan,mmarshall,whoffenka,rward1,lstorm,mdillard,bgessner",False,2026-07-10-PIT-MAD,10,6,2,8,357.0,1,4,True,True,220,away,152,1783730188.0,22,False,"agutowsky,jcarrico,jmaskalun,kconniff,mjunga,kalexande,rpieran",153,313,06f8b09c5bc526be629d4d8ecf0d4bf0babd013d6dd1c524f236d96edc949c36,1783730188.0,False,220,341.142857142857,52.644252297853,-6.67,52.22,7.27890988039529,6357cdaeaf6c12f61edf414fd627884e528b683c930085c11f1d2f442a124c38,0.63436854233597,-0.63436854233597,0.638277161757719,0.793998285583295,0.971303303859226,0.637507504474759,1781.14285714286,4.0,0.972,-0.637507504474759,-0.637507504474759,313.0,ce68f4814d1c0c95ce81553293276f421a356be7,2026-08-18 08:07:04,2026-07-11 00:39:22,2026-07-10-PIT-MAD,radicals,thunderbirds,31,19,2026-07-10 19:00:00
jmaskalun,-13.37,34.97,jcarrico,3.27,37.9,0,0,0,"agutowsky,jcarrico,jmaskalun,kconniff,mjunga,kalexande,rpieran",True,2026-07-10-PIT-MAD,10,6,2,8,357.0,2,1,False,False,221,home,161,1783730194.0,18,False,"rduncan,mmarshall,whoffenka,rward1,lstorm,mdillard,bgessner",162,315,a37815c394169fd285273bad94796e211b15bf440c15e02b239a0cf2cf93367b,1783730194.0,False,221,335.857142857143,16.8959906486717,16.64,2.93,-80.0136286445683,9cf9e20c940e0e2bbb834c5aecdc53f09b2a4e0c60625cfc177ba195ad214dbc,0.9754657277714,0.0245342722285999,0.675877647649262,0.675877647649262,0.691113191745628,0.86847503987864,1775.85714285714,4.0,0.973,0.0152355440963661,0.047005533514947,315.0,0956c7910dac9f09a91eeafac1ba3708badf108a,2026-08-18 08:07:04,2026-07-11 00:39:22,2026-07-10-PIT-MAD,radicals,thunderbirds,31,19,2026-07-10 19:00:00
jcarrico,3.27,37.9,mjunga,0.88,87.34,0,0,0,"agutowsky,jcarrico,jmaskalun,kconniff,mjunga,kalexande,rpieran",True,2026-07-10-PIT-MAD,10,6,2,8,357.0,2,2,False,False,222,home,162,1783730200.0,18,False,"rduncan,mmarshall,whoffenka,rward1,lstorm,mdillard,bgessner",163,316,e9cda953a32585fc32da2ecb8107b91990af1e5f8090b912808557544c09275b,1783730200.0,False,222,330.571428571429,49.4977342915815,-2.39,49.44,2.76760504385147,3ed54f03fd244d7301b0a0e539d4d67c84ade2011f482b1b4423cd34eb99b6e5,0.700034433264459,0.299965566735541,0.675877647649262,0.691061399306179,0.889203761780751,0.674600435759522,1770.57142857143,4.0,0.977,0.198142362474573,0.611319648390556,316.0,01883e928ed1731fe09cb7cafb95ed2331f77086,2026-08-18 08:07:04,2026-07-11 00:39:22,2026-07-10-PIT-MAD,radicals,thunderbirds,31,19,2026-07-10 19:00:00
mjunga,0.88,87.34,kconniff,-0.96,103.5,0,0,0,"agutowsky,jcarrico,jmaskalun,kconniff,mjunga,kalexande,rpieran",True,2026-07-10-PIT-MAD,11,6,2,8,357.0,2,3,False,False,223,home,163,1783730215.0,19,False,"rduncan,mmarshall,whoffenka,rward1,lstorm,mdillard,bgessner",164,318,17b214c4b396dc1659e04afbf3329be93d5529faf9b344fd8822f04bb3420b34,1783730215.0,False,223,325.285714285714,16.2644151447262,-1.84,16.16,6.49580184541765,361df750c2fdb28ce18f4321b387b700bdb988891428f7daebac4e877ec25620,0.949397278970466,0.050602721029534,0.675877647649262,0.889181862012834,1.0,0.639760087986143,1765.28571428571,4.0,0.979,0.110818137987166,0.341902177321138,318.0,2997768aa3da687dc944ca5546a8c03fd7a7a075,2026-08-18 08:07:04,2026-07-11 00:39:22,2026-07-10-PIT-MAD,radicals,thunderbirds,31,19,2026-07-10 19:00:00
mmarshall,15.39,12.3,whoffenka,15.52,23.87,0,0,0,"rduncan,mmarshall,whoffenka,rward1,lstorm,mdillard,bgessner",False,2026-07-10-PIT-MAD,11,6,2,9,320.0,1,1,True,True,224,away,155,1783730331.0,18,False,"mgrinde,agutowsky,vluo,sknoche,mmccarthy,mweber2,jleibfort",156,321,6b55abf595f256c8dee6319ce5b8f1db590daa5ce539e4be8a0bafe6f8db5e8a,1783730331.0,False,224,320.0,11.5707303140294,0.129999999999999,11.57,-0.643745714175367,4d584f17482b3b739c7faeeb8463bc524e3d48db9f0d7b69feaad93dc1e00962,0.984938416179771,0.0150615838202292,0.609419725325021,0.609419725325021,0.637200954854693,0.916899355775038,1760.0,5.0,0.982,0.0277812295296722,0.0711280915371119,321.0,84ff1bdb449753894d793cdb567cdd3a7fdf01bb,2026-08-18 08:07:04,2026-07-11 00:39:22,2026-07-10-PIT-MAD,radicals,thunderbirds,31,19,2026-07-10 19:00:00
whoffenka,15.52,23.87,mmarshall,19.5,24.73,0,0,0,"rduncan,mmarshall,whoffenka,rward1,lstorm,mdillard,bgessner",False,2026-07-10-PIT-MAD,11,6,2,9,320.0,1,2,True,True,225,away,156,1783730337.0,18,False,"mgrinde,agutowsky,vluo,sknoche,mmccarthy,mweber2,jleibfort",157,323,a190193b77cd6fa2144aff5e595d193e1fa8ac7228ca295ca1ab447bb0648a82,1783730337.0,False,225,315.75,4.07185461430047,3.98,0.859999999999999,-77.8069655244931,d779886f590090f79fd9814942e20eebabda1d7cae0d9b9c1f8dff6cf203627a,0.994529157084487,0.00547084291551347,0.609419725325021,0.637161434904651,0.624187880207083,0.909095571489584,1755.75,5.0,0.982,-0.012973554697568,-0.0332161031643596,323.0,27cfadc08d6fe25e55830cf1bc3477f6c12f4e2b,2026-08-18 08:07:04,2026-07-11 00:39:22,2026-07-10-PIT-MAD,radicals,thunderbirds,31,19,2026-07-10 19:00:00
mmarshall,19.5,24.73,,4.99,20.08,1,0,0,"rduncan,mmarshall,whoffenka,rward1,lstorm,mdillard,bgessner",False,2026-07-10-PIT-MAD,11,6,2,9,320.0,1,3,True,True,226,away,157,1783730341.0,22,False,"mgrinde,agutowsky,vluo,sknoche,mmccarthy,mweber2,jleibfort",158,325,0d40bf82b0ae95b6583c0bcb182df27b07c5938cf8cca526c0ebdcfbbc45db62,1783730341.0,False,226,311.5,15.2368828833197,-14.51,-4.65,107.769025374102,36ca6afda29f8c2185a25eff4ecc83cbdbf284e6c27a7e629ce784781d9d0cce,0.983667677722381,-0.983667677722381,0.609419725325021,0.624146367342709,0.639369720387546,0.931991481915319,1751.5,5.0,0.991,-0.931991481915319,-0.931991481915319,325.0,620d91563a599aacc96026f4f99fa3ae5acb26fc,2026-08-18 08:07:04,2026-07-11 00:39:22,2026-07-10-PIT-MAD,radicals,thunderbirds,31,19,2026-07-10 19:00:00
mmccarthy,-4.57,99.81,mgrinde,-0.62,115.56,0,0,0,"mgrinde,agutowsky,vluo,sknoche,mmccarthy,mweber2,jleibfort",True,2026-07-10-PIT-MAD,12,6,2,9,320.0,2,1,False,False,227,home,167,1783730355.0,19,False,"rduncan,mmarshall,whoffenka,rward1,lstorm,mdillard,bgessner",168,327,aeebbb394a49dbd8e1331a358508cc0ad55d8ba367d4702b6a99c4e577d64c8d,1783730355.0,False,227,307.25,16.2377646244796,3.95,15.75,-14.0790334372027,0be7698c94984d09ed28bda8fb58ac07c37c72c7e6a7b8f7f5db58dfe0bd0fd3,0.937565855148512,0.0624341448514883,0.931671855182118,0.931671855182118,1.0,0.639594814148822,1747.25,5.0,0.991,0.068328144817882,1.0,327.0,c0976505b57b3122af452a29ec210c8b79b04711,2026-08-18 08:07:04,2026-07-11 00:39:22,2026-07-10-PIT-MAD,radicals,thunderbirds,31,19,2026-07-10 19:00:00
knicholl,-16.87,20.0,lcall,-19.87,40.65,0,0,0,"lbecker,pzaccardi,nceluch,rkindell,lcall,astevenso,knicholl",False,2026-07-10-PIT-MAD,12,6,2,10,303.0,1,1,True,True,228,away,160,1783730400.0,18,False,"mweber2,mmccarthy,jleibfort,mgrinde,nranabhat,agutowsky,vluo",161,331,463cec2b406373806d1305b6b40d622e574b4b7b91a22e93fd1cb9d52317b739,1783730400.0,False,228,303.0,20.8667798186495,-3.0,20.65,8.26601211503466,6d73056dbde8e375462ba6c98f5ffb486c5105445eb3377d6488057c5f28ba88,0.960995578962918,0.0390044210370818,0.625134452637275,0.625134452637275,0.675693364964973,0.840769242295172,1743.0,6.0,0.992,0.0505589123276976,0.134872123307657,331.0,509baf82e1c8f7541abf0f9123a73cc8f6cd6341,2026-08-18 08:07:04,2026-07-11 00:44:25,2026-07-10-PIT-MAD,radicals,thunderbirds,31,19,2026-07-10 19:00:00
lcall,-19.87,40.65,pzaccardi,-5.85,45.42,0,0,0,"lbecker,pzaccardi,nceluch,rkindell,lcall,astevenso,knicholl",False,2026-07-10-PIT-MAD,12,6,2,10,303.0,1,2,True,True,229,away,161,1783730402.0,18,False,"mweber2,mmccarthy,jleibfort,mgrinde,nranabhat,agutowsky,vluo",162,332,836cbd97bce0eebe97165e8c428ebe68a046668901b16d976c6f53fdae867aaa,1783730402.0,False,229,298.571428571429,14.8092302298263,14.02,4.77,-71.2102452051086,fef8719d1fb34693e486e869248a65d8665bff40382d3b7a839d23cb67536d83,0.972363298895625,0.0276367011043746,0.625134452637275,0.675641178256516,0.71650863595185,0.836596757546366,1738.57142857143,6.0,0.992,0.0408674576953343,0.109018974890724,332.0,4ae9180bdbf0f3f36da36d181728612ab389a550,2026-08-18 08:07:04,2026-07-11 00:44:25,2026-07-10-PIT-MAD,radicals,thunderbirds,31,19,2026-07-10 19:00:00
pzaccardi,-5.85,45.42,knicholl,3.94,45.0,0,0,0,"lbecker,pzaccardi,nceluch,rkindell,lcall,astevenso,knicholl",False,2026-07-10-PIT-MAD,12,6,2,10,303.0,1,3,True,True,230,away,162,1783730406.0,18,False,"mweber2,mmccarthy,jleibfort,mgrinde,nranabhat,agutowsky,vluo",163,333,f328fde82650d07d59b42f1b17fb38c88be2ae97b89f59f8507de14085fba968,1783730406.0,False,230,294.142857142857,9.79900505153457,9.79,-0.420000000000002,-92.4565352771027,fc8957b45ee3712179b7508b54e0e4b0e3ee3e74f700e5166bed58ac6106f2dd,0.987196525592697,0.0128034744073031,0.625134452637275,0.716454034318075,0.715263103391051,0.838553149800288,1734.14285714286,6.0,0.992,-0.00119093092702371,-0.00317695487195934,333.0,f8abc1287fa61c1c6735a9bfae8839b57cb087bb,2026-08-18 08:07:04,2026-07-11 00:44:25,2026-07-10-PIT-MAD,radicals,thunderbirds,31,19,2026-07-10 19:00:00
knicholl,3.94,45.0,astevenso,16.99,51.36,0,0,0,"lbecker,pzaccardi,nceluch,rkindell,lcall,astevenso,knicholl",False,2026-07-10-PIT-MAD,12,6,2,10,303.0,1,4,True,True,231,away,163,1783730408.0,18,False,"mweber2,mmccarthy,jleibfort,mgrinde,nranabhat,agutowsky,vluo",164,334,d4ce0d6d269939b413e745cf609d09d5f11451e973a91568dfe41929e24eb661,1783730408.0,False,231,289.714285714286,14.5173034686198,13.05,6.36,-64.0174181969852,afd0b90f46d978b34e562a93f16f3d923bc49bb826dd2f0c9bb34d6193afaeba,0.9809628014806,0.0190371985194,0.625134452637275,0.715200847441392,0.724900675410744,0.80146632616676,1729.71428571429,6.0,0.992,0.00969982796935143,0.0258754853242508,334.0,abed04ac9b9099b34b985ce3ceaecb07bb6522c9,2026-08-18 08:07:04,2026-07-11 00:44:25,2026-07-10-PIT-MAD,radicals,thunderbirds,31,19,2026-07-10 19:00:00
astevenso,16.99,51.36,nceluch,-14.49,49.77,0,0,0,"lbecker,pzaccardi,nceluch,rkindell,lcall,astevenso,knicholl",False,2026-07-10-PIT-MAD,12,6,2,10,303.0,1,5,True,True,232,away,164,1783730415.0,18,False,"mweber2,mmccarthy,jleibfort,mgrinde,nranabhat,agutowsky,vluo",165,335,de1c39b7a6f19a99084c2d8b49fb1a88145d0ae2f1aebd330a0cb030f5d25efc,1783730415.0,False,232,285.285714285714,31.5201284895858,-31.48,-1.59,92.8914529738158,7d1a960dc32e7f192f5b11f1f9e8bfd15ad5d9424dfe4b281ddef1803cd5ca2c,0.930796230369043,0.0692037696309568,0.625134452637275,0.724831122403408,0.726099562454416,0.811792286921894,1725.28571428571,6.0,0.992,0.00126844005100735,0.00338372000289476,335.0,25123596f655b52a8b7b61f82b74d05d4a555b31,2026-08-18 08:07:04,2026-07-11 00:44:25,2026-07-10-PIT-MAD,radicals,thunderbirds,31,19,2026-07-10 19:00:00
nceluch,-14.49,49.77,rkindell,-16.32,68.08,0,0,0,"lbecker,pzaccardi,nceluch,rkindell,lcall,astevenso,knicholl",False,2026-07-10-PIT-MAD,12,6,2,10,303.0,1,6,True,True,233,away,165,1783730418.0,18,False,"mweber2,mmccarthy,jleibfort,mgrinde,nranabhat,agutowsky,vluo",166,336,cff67b6c6731b74dd822cefab3b830bdd9e3ccc943ad53e69a145260c0ca170e,1783730418.0,False,233,280.857142857143,18.4012227854564,-1.83,18.31,5.70749489603222,32c24534b7db7240366ea62fd1d653b95b9f0c48daca9f586625cc7e9c115096,0.954698615017323,0.045301384982677,0.625134452637275,0.726020390736182,0.800204657165158,0.728968201106447,1720.85714285714,6.0,0.991,0.0741842664289759,0.197895664061105,336.0,7d2381192c4bd60545b91008bf34942012978b40,2026-08-18 08:07:04,2026-07-11 00:44:25,2026-07-10-PIT-MAD,radicals,thunderbirds,31,19,2026-07-10 19:00:00
rkindell,-16.32,68.08,pzaccardi,1.37,118.59,0,0,0,"lbecker,pzaccardi,nceluch,rkindell,lcall,astevenso,knicholl",False,2026-07-10-PIT-MAD,12,7,2,10,303.0,1,7,True,True,234,away,166,1783730427.0,19,False,"mweber2,mmccarthy,jleibfort,mgrinde,nranabhat,agutowsky,vluo",167,337,f36359de75c9afcd1d6d6cf4713c8e3d416584137048325e760617a4cd3e9ee6,1783730427.0,False,234,276.428571428571,53.5181856942105,17.69,50.51,-19.3016667487226,b034cc65325b3773ec233f42a181a0ecb9191fd90d593c7cfebf266ec069e8bd,0.64629067595696,0.35370932404304,0.625134452637275,0.800132130830715,1.0,0.639036053324384,1716.42857142857,6.0,0.989,0.199867869169285,0.533172148188616,337.0,3b6c3cf54cffc844858160eff8fe0996e496fd7d,2026-08-18 08:07:04,2026-07-11 00:44:25,2026-07-10-PIT-MAD,radicals,thunderbirds,31,19,2026-07-10 19:00:00
msample,-8.87,41.93,esjostrom,-17.19,56.59,0,0,0,"jnelson,nranabhat,msample,esjostrom,sstark,rpieran,imccosky",True,2026-07-10-PIT-MAD,12,7,2,11,272.0,1,1,True,True,235,home,172,1783730493.0,18,False,"hpark,ecampion,akirages,knicholl,nceluch,lbecker,lcall",173,342,2f72963c754a7d95aff96169aaea739da52dee6c2a05ffcaaa238551310d0bba,1783730493.0,False,235,272.0,16.8563934458116,-8.32,14.66,29.5762407846303,2552b3832b6f99a4e089805a0ad5672941f4384b5ae4522bb6f35eabe28f0935,0.970403220817429,0.0295967791825706,0.702595530588769,0.702595530588769,0.747803609252338,0.775485213407779,1712.0,5.0,0.989,0.0452080786635697,0.152008739993275,342.0,a2eed84b89e4501a9744d2571a61a44916566ca3,2026-08-18 08:07:04,2026-07-11 00:44:25,2026-07-10-PIT-MAD,radicals,thunderbirds,31,19,2026-07-10 19:00:00
esjostrom,-17.19,56.59,,-6.14,104.52,1,0,0,"jnelson,nranabhat,msample,esjostrom,sstark,rpieran,imccosky",True,2026-07-10-PIT-MAD,12,7,2,11,272.0,1,2,True,True,236,home,173,1783730545.0,22,False,"hpark,ecampion,akirages,knicholl,nceluch,lbecker,lcall",174,344,a79afe30e72417b73213bf8924851d01276dd340df1a0921c87ce4471148d812,1783730545.0,False,236,218.5,49.1872686779821,11.05,47.93,-12.9823935062129,587b09b9f9ec68f9fff187869a0b15507a830f8bf307e587190e50e0bc91c758,0.654010938649545,-0.654010938649545,0.702595530588769,0.745266323437367,0.943575775850928,0.635126259210149,1658.5,5.0,0.982,-0.635126259210149,-0.635126259210149,344.0,c4ee1523f7acd940565a0636c80f449037f8389b,2026-08-18 08:07:04,2026-07-11 00:44:25,2026-07-10-PIT-MAD,radicals,thunderbirds,31,19,2026-07-10 19:00:00
whoffenka,-12.04,19.28,rward1,1.74,13.83,0,0,0,"mmarshall,rduncan,rward1,mdillard,whoffenka,lstorm,bgessner",False,2026-07-10-PIT-MAD,12,7,2,11,165.0,2,1,False,True,237,away,171,1783730610.0,18,False,"mjunga,jmaskalun,agutowsky,rpieran,kalexande,jcarrico,kconniff",172,347,ec92c14e89a937c4df428afb7e3e9e6a3990cb44173efb6e32e9d8089e2af0f9,1783730610.0,False,237,165.0,14.8185997989014,13.78,-5.45,-111.578833016393,5a3d7a5152a5512f282a2622034c7009365e7746f7873177a7beac3786b7d3ba,0.987566347044499,0.0124336529555007,0.606141203903146,0.621462296665809,0.612995745275747,0.92903826630364,1605.0,5.0,0.982,-0.00846655139006181,-0.0214964131154755,347.0,7007afef3bbfb4fa62f6679a3ef7cdc18428dea3,2026-08-18 08:07:04,2026-07-11 00:44:25,2026-07-10-PIT-MAD,radicals,thunderbirds,31,19,2026-07-10 19:00:00
rward1,1.74,13.83,whoffenka,15.82,21.79,0,0,0,"mmarshall,rduncan,rward1,mdillard,whoffenka,lstorm,bgessner",False,2026-07-10-PIT-MAD,12,7,2,11,165.0,2,2,False,True,238,away,172,1783730614.0,18,False,"mjunga,jmaskalun,agutowsky,rpieran,kalexande,jcarrico,kconniff",173,349,5a4e72a1824afad6fd1c9c8d159cd5186ce3d29aea521f7cd807872d35f33cb5,1783730614.0,False,238,156.6,16.1743006031173,14.08,7.96,-60.5187477299429,01e99f2a14e6662c02f11797f3357de3246e6edb7ecac041ceba5cd6ff88e5a3,0.983564520164788,0.0164354798352124,0.606141203903146,0.610668798740197,0.616436719885556,0.919093285306645,1596.6,5.0,0.982,0.0057679211453594,0.0146446421979643,349.0,dbde9d1c78a9ebbbe313482247367a6f677617c1,2026-08-18 08:07:04,2026-07-11 00:44:25,2026-07-10-PIT-MAD,radicals,thunderbirds,31,19,2026-07-10 19:00:00
whoffenka,15.82,21.79,mmarshall,19.8,26.38,0,0,0,"mmarshall,rduncan,rward1,mdillard,whoffenka,lstorm,bgessner",False,2026-07-10-PIT-MAD,12,7,2,11,165.0,2,3,False,True,239,away,173,1783730616.0,18,False,"mjunga,jmaskalun,agutowsky,rpieran,kalexande,jcarrico,kconniff",174,350,88cdc71eafbcf3de81e15ea1d83effbf00af51a65373c3ea0c0ee1cd3670a018,1783730616.0,False,239,148.2,6.07523662090622,3.98,4.59,-40.9286370831144,58eae8614cde252bb8de4bb2cab61cda07d597f9d9d159b4c8daea09cbb286d7,0.99284719811145,0.00715280188854961,0.606141203903146,0.613479582862688,0.609926758539288,0.89576282375469,1588.2,5.0,0.982,-0.00355282432339987,-0.00902055345369562,350.0,17c768b5cedcce21539c9319a7070a749acfe8c8,2026-08-18 08:07:04,2026-07-11 00:44:25,2026-07-10-PIT-MAD,radicals,thunderbirds,31,19,2026-07-10 19:00:00
mmarshall,19.8,26.38,,23.11,25.59,1,0,0,"mmarshall,rduncan,rward1,mdillard,whoffenka,lstorm,bgessner",False,2026-07-10-PIT-MAD,12,7,2,11,165.0,2,4,False,True,240,away,174,1783730617.0,22,False,"mjunga,jmaskalun,agutowsky,rpieran,kalexande,jcarrico,kconniff",175,351,b699a0621a5f3addd8a3a4c6fae4bebb6286b88579dcbeb074f5671b4d7078d8,1783730617.0,False,240,139.8,3.4029692916628,3.31,-0.789999999999999,-103.42369610597,f4e156be7ef3c8a11c33fbc69c681db89991c676ad99fad714901fd2067fded9,0.992557319100023,-0.992557319100023,0.606141203903146,0.606141203903146,0.583494204482775,0.88804314118623,1579.8,5.0,0.99,-0.88804314118623,-0.88804314118623,351.0,50b90f720b9308b918de601fd5bf8f85cf018831,2026-08-18 08:07:04,2026-07-11 00:44:25,2026-07-10-PIT-MAD,radicals,thunderbirds,31,19,2026-07-10 19:00:00
jcarrico,-26.19,100.0,kconniff,-25.24,106.7,0,0,0,"mjunga,jmaskalun,agutowsky,rpieran,kalexande,jcarrico,kconniff",True,2026-07-10-PIT-MAD,13,7,2,11,165.0,3,1,True,False,241,home,176,1783730623.0,19,False,"mmarshall,rduncan,rward1,mdillard,whoffenka,lstorm,bgessner",177,352,cd62c2bd33d9a32b9fee71de98085609e00125ddcca50a11a8f7a6a48c3f503d,1783730623.0,False,241,131.4,6.76701559034705,0.950000000000003,6.7,-8.0702321779181,eddf1e2b319c9a28b27abc04b6dd58534df8f48382f5e3aa7287ecaadf10e3a0,0.915185470845805,0.0848145291541953,0.896284302162383,0.896284302162383,1.0,0.546174975339088,1571.4,5.0,0.991,0.103715697837617,1.0,352.0,b840306f75869619865bc8968aa54139e6094447,2026-08-18 08:07:04,2026-07-11 00:44:25,2026-07-10-PIT-MAD,radicals,thunderbirds,31,19,2026-07-10 19:00:00
bgessner,17.11,24.73,mdillard,0.33,30.73,0,0,0,"rduncan,mmarshall,whoffenka,rward1,lstorm,mdillard,bgessner",False,2026-07-10-PIT-MAD,13,7,2,12,123.0,1,1,True,True,242,away,177,1783730657.0,18,False,"jcarrico,rpieran,jmaskalun,kconniff,mjunga,kalexande,sknoche",178,356,0c7badfdcbe6a2ba8aab2ae00196cb658c416d6b412c58dbbe123e2529c84356,1783730657.0,False,242,123.0,17.8204489281275,-16.78,6.0,70.3245483650209,0e33f1e908ec852372d54a2aa8f3ec5847802c9f477530ec365c8438b431a1a3,0.973176839350595,0.0268231606494047,0.602662167825281,0.602662167825281,0.638287819335153,0.883240308332995,1563.0,6.0,0.993,0.0356256515098718,0.0896608594124669,356.0,5505eafb5dac2d90ba4debf80f542679a98f9bbf,2026-08-18 08:07:04,2026-07-11 00:44:25,2026-07-10-PIT-MAD,radicals,thunderbirds,31,19,2026-07-10 19:00:00
mdillard,0.33,30.73,whoffenka,-7.32,32.75,0,0,0,"rduncan,mmarshall,whoffenka,rward1,lstorm,mdillard,bgessner",False,2026-07-10-PIT-MAD,13,7,2,12,123.0,1,2,True,True,243,away,178,1783730658.0,18,False,"jcarrico,rpieran,jmaskalun,kconniff,mjunga,kalexande,sknoche",179,358,66c32d7920a01238d771c13998e371f4d25789f61ec05d17fbd80c0a9233a676,1783730658.0,False,243,117.142857142857,7.91219944136901,-7.65,2.02,75.2085217592173,1890306ea797e0a62f6f9360c4462bff220cf54bef283d7856a564c368c7a4ef,0.990096731421872,0.00990326857812762,0.602662167825281,0.633541437463451,0.638840622827223,0.872004547913475,1557.14285714286,6.0,0.993,0.00529918536377216,0.0133367249093008,358.0,a7ba09f26a1213e7480e0e8bd7f29ea4e443ed95,2026-08-18 08:07:04,2026-07-11 00:44:25,2026-07-10-PIT-MAD,radicals,thunderbirds,31,19,2026-07-10 19:00:00
whoffenka,-7.32,32.75,mdillard,2.05,35.2,0,0,0,"rduncan,mmarshall,whoffenka,rward1,lstorm,mdillard,bgessner",False,2026-07-10-PIT-MAD,13,7,2,12,123.0,1,3,True,True,244,away,179,1783730661.0,18,False,"jcarrico,rpieran,jmaskalun,kconniff,mjunga,kalexande,sknoche",180,359,4b205f28cf53a3881e93728d508c248585b8f17be35250fbf65e3e48e1e8ef97,1783730661.0,False,244,111.285714285714,9.68500903458536,9.37,2.45,-75.3467709853271,973f80b21b3f5fc61532090fdafc8d0b6cf13a07d56b2eb81b6a90c135950968,0.98795898767345,0.0120410123265496,0.602662167825281,0.633420346513932,0.642474266245044,0.859001246607192,1551.28571428571,6.0,0.992,0.00905391973111214,0.0227864527310627,359.0,9a9c4c31b684dd7deac9c7aabc43a01fabf64ed7,2026-08-18 08:07:04,2026-07-11 00:44:25,2026-07-10-PIT-MAD,radicals,thunderbirds,31,19,2026-07-10 19:00:00
mdillard,2.05,35.2,whoffenka,-3.22,32.08,0,0,0,"rduncan,mmarshall,whoffenka,rward1,lstorm,mdillard,bgessner",False,2026-07-10-PIT-MAD,13,7,2,12,123.0,1,4,True,True,245,away,180,1783730667.0,18,False,"jcarrico,rpieran,jmaskalun,kconniff,mjunga,kalexande,sknoche",181,360,a21dd0160cdbfb27a83166cf1d66bb3e2a8c6a52bb5591623e3552068d09425d,1783730667.0,False,245,105.428571428571,6.12432037045745,-5.27,-3.12,120.626820799796,a9d8a794000be4b38ba58163b5d3e0e4fa0c8f4adccdc217874dbb9949d26b95,0.992634979775238,0.00736502022476226,0.602662167825281,0.63634765589655,0.625910888472978,0.869771342581723,1545.42857142857,6.0,0.993,-0.0104367674235722,-0.0262667346989072,360.0,6d788689b20e0a832064571c14e6a47473bd6e97,2026-08-18 08:07:04,2026-07-11 00:49:28,2026-07-10-PIT-MAD,radicals,thunderbirds,31,19,2026-07-10 19:00:00
whoffenka,-3.22,42.08,lstorm,7.68,58.83,0,0,0,"rduncan,mmarshall,whoffenka,rward1,lstorm,mdillard,bgessner",False,2026-07-10-PIT-MAD,13,7,2,12,123.0,1,5,True,True,246,away,182,1783730680.0,18,False,"jcarrico,rpieran,jmaskalun,kconniff,mjunga,kalexande,sknoche",183,362,f32820bf5e6275eb118bdf2063ea77b2f3a3fc58f3bb41173106f4fd517935f9,1783730680.0,False,246,99.5714285714286,19.984306342728,10.9,16.75,-33.0539156857842,eaa00e151a044ed97385cbe93e408ff96c6518e63227644b8cca39d0992355d3,0.954146294391214,0.0458537056087863,0.602662167825281,0.654052220139283,0.724608938971545,0.73575056038782,1539.57142857143,6.0,0.992,0.0705567188322619,0.17757362405208,362.0,45e6d0d25e583ec8dde65713e2db5003acf96ec8,2026-08-18 08:07:04,2026-07-11 00:49:28,2026-07-10-PIT-MAD,radicals,thunderbirds,31,19,2026-07-10 19:00:00
lstorm,7.68,58.83,,1.8,36.67,1,0,0,"rduncan,mmarshall,whoffenka,rward1,lstorm,mdillard,bgessner",False,2026-07-10-PIT-MAD,13,7,2,12,123.0,1,6,True,True,247,away,183,1783730690.0,22,False,"jcarrico,rpieran,jmaskalun,kconniff,mjunga,kalexande,sknoche",184,364,b09aaa669c7ef8131bf297773519749ad39f165cbb7e1ba92569eba799ada99c,1783730690.0,False,247,93.7142857142857,22.9268401660586,-5.88,-22.16,165.139413711228,b65d93b3d3f0d280b9bbb426be0586cd06ecde32bdacbe3d1920aeba18bc6c87,0.978714219658971,-0.978714219658971,0.602662167825281,0.717853709041456,0.626647480453333,0.84064449056757,1533.71428571429,6.0,0.996,-0.84064449056757,-0.84064449056757,364.0,03c1e210cc70e5d6da5d493062ea735646b15d80,2026-08-18 08:07:04,2026-07-11 00:49:28,2026-07-10-PIT-MAD,radicals,thunderbirds,31,19,2026-07-10 19:00:00
kalexande,-15.62,82.43,kconniff,-7.37,107.45,0,0,0,"jcarrico,rpieran,jmaskalun,kconniff,mjunga,kalexande,sknoche",True,2026-07-10-PIT-MAD,14,7,2,12,123.0,2,1,False,False,248,home,180,1783730704.0,19,False,"rduncan,mmarshall,whoffenka,rward1,lstorm,mdillard,bgessner",181,366,e9aa7b42700bb6f08808e4d260cb6c99001a6fdd891464198fcc2e2511404556,1783730704.0,False,248,87.8571428571429,26.3450735432642,8.25,25.02,-18.2492591541378,6cb44a64e987d1a7b5719a4d55942c56e6253baf9da6e6bf24978519cab2e630,0.868256278129296,0.131743721870704,0.824386831231342,0.824386831231342,1.0,0.565394768221872,1527.85714285714,6.0,0.996,0.175613168768658,1.0,366.0,ac5daebeea0edf30d46013e2c8d156ed23ff3b1d,2026-08-18 08:07:04,2026-07-11 00:49:28,2026-07-10-PIT-MAD,radicals,thunderbirds,31,19,2026-07-10 19:00:00
knicholl,15.58,12.12,nceluch,16.62,25.95,0,0,0,"lcall,pzaccardi,rkindell,knicholl,lbecker,astevenso,nceluch",False,2026-07-10-PIT-MAD,14,7,2,13,82.0,1,1,True,True,249,away,186,1783730753.0,18,False,"agutowsky,vluo,mweber2,mgrinde,jleibfort,sknoche,mmccarthy",187,370,b452e32d57500ecd986b92ab3a5acc8127544a50663d9ac42d59d92394d9d837,1783730753.0,False,249,82.0,13.8690482730431,1.04,13.83,-4.30048230434444,266573a7871bda2146b899f042fcac63d3b5fecf9fdbd6e5bf727d88c6fcb8c8,0.981635914836011,0.0183640851639891,0.523284728989465,0.523284728989465,0.556113738636941,0.875413608602229,1522.0,7.0,0.997,0.0328290096474754,0.0688650262406843,370.0,d2d56ce34e34dbdd4fd3c13ac5aa65a335113fde,2026-08-18 08:07:04,2026-07-11 00:49:28,2026-07-10-PIT-MAD,radicals,thunderbirds,31,19,2026-07-10 19:00:00
nceluch,16.62,25.95,astevenso,-1.2,16.04,0,0,0,"lcall,pzaccardi,rkindell,knicholl,lbecker,astevenso,nceluch",False,2026-07-10-PIT-MAD,14,7,2,13,82.0,1,2,True,True,250,away,187,1783730756.0,18,False,"agutowsky,vluo,mweber2,mgrinde,jleibfort,sknoche,mmccarthy",188,371,ba3cd5b1b22e23361ffa4f8623327467f904304923fa7a72f28706c09a1702c9,1783730756.0,False,250,78.1666666666667,20.3902059822847,-17.82,-9.91,119.07916761949,8a0350a1a59aa3c4d2e57fe8f4ff54299aa1a1cdf1106b4430fb8508b843183d,0.980685275906112,0.0193147240938882,0.523284728989465,0.548806679729252,0.538887569223737,0.904361232709974,1518.16666666667,7.0,0.997,-0.00991911050551531,-0.0208072010877455,371.0,dce875c1169e93f17278941105cec4c055a5c2df,2026-08-18 08:07:04,2026-07-11 00:49:28,2026-07-10-PIT-MAD,radicals,thunderbirds,31,19,2026-07-10 19:00:00
astevenso,-1.2,16.04,pzaccardi,15.09,42.79,0,0,0,"lcall,pzaccardi,rkindell,knicholl,lbecker,astevenso,nceluch",False,2026-07-10-PIT-MAD,14,7,2,13,82.0,1,3,True,True,251,away,188,1783730762.0,18,False,"agutowsky,vluo,mweber2,mgrinde,jleibfort,sknoche,mmccarthy",189,372,1383956b771ec71ccf68ddbcf2c08805bdda43c53247f5670f33c3ebd8a35705,1783730762.0,False,251,74.3333333333333,31.3197477639907,16.29,26.75,-31.3402429293299,d6ffaf70b921d37f647d16a5547ce6c4bf2e7556e29f7eeb56df5ad8ffa1b13f,0.912782181952471,0.0872178180475294,0.523284728989465,0.531055241044379,0.605221988448035,0.780850503319091,1514.33333333333,7.0,0.997,0.0741667474036558,0.155578711054165,372.0,65e2119c6a9690ea535b057548895bdd6a11a851,2026-08-18 08:07:04,2026-07-11 00:49:28,2026-07-10-PIT-MAD,radicals,thunderbirds,31,19,2026-07-10 19:00:00
pzaccardi,15.09,42.79,astevenso,1.37,24.12,0,0,0,"lcall,pzaccardi,rkindell,knicholl,lbecker,astevenso,nceluch",False,2026-07-10-PIT-MAD,14,7,2,13,82.0,1,4,True,True,252,away,189,1783730767.0,18,False,"agutowsky,vluo,mweber2,mgrinde,jleibfort,sknoche,mmccarthy",190,373,a244d5beffbe0e38813a1342ef9f5ce715fb7993bccb232593583598d5bd6d62,1783730767.0,False,252,70.5,23.1691022700492,-13.72,-18.67,143.688995459726,0a9d9702a68ad91889e464ed2701c8b9fcb4aca8322a9ea52796a5adc291fadd,0.978447441523276,0.0215525584767244,0.523284728989465,0.597194951767271,0.544350205121327,0.880118889420759,1510.5,7.0,0.997,-0.0528447466459442,-0.110851801608798,373.0,c927d89e7fab1b9db6083acec98e74f07f420a98,2026-08-18 08:07:04,2026-07-11 00:49:28,2026-07-10-PIT-MAD,radicals,thunderbirds,31,19,2026-07-10 19:00:00
astevenso,1.37,24.12,rkindell,-12.77,27.73,0,0,0,"lcall,pzaccardi,rkindell,knicholl,lbecker,astevenso,nceluch",False,2026-07-10-PIT-MAD,14,7,2,13,82.0,1,5,True,True,253,away,190,1783730772.0,18,False,"agutowsky,vluo,mweber2,mgrinde,jleibfort,sknoche,mmccarthy",191,374,c12056b26854d9fe2b0cbde6356098c87f41737f564f1cca626da5d00f93775a,1783730772.0,False,253,66.6666666666667,14.5935499450956,-14.14,3.61,75.6780893985377,d28a3d482df701d3a60833cd05ae577ff02c6893234a18004701249f4b588f5d,0.983641636642542,0.0163583633574581,0.523284728989465,0.535521002321119,0.540583251650846,0.855154186527142,1506.66666666667,7.0,0.997,0.00506224932972665,0.010619020697608,374.0,8a4a48964c841214b8f5c1f370e8ae87c6a8fce8,2026-08-18 08:07:04,2026-07-11 00:49:28,2026-07-10-PIT-MAD,radicals,thunderbirds,31,19,2026-07-10 19:00:00
rkindell,-12.77,27.73,astevenso,2.05,30.67,0,0,0,"lcall,pzaccardi,rkindell,knicholl,lbecker,astevenso,nceluch",False,2026-07-10-PIT-MAD,14,7,2,13,82.0,1,6,True,True,254,away,191,1783730775.0,18,False,"agutowsky,vluo,mweber2,mgrinde,jleibfort,sknoche,mmccarthy",192,375,c7bc63e19ceaaddde481b94f550cb00c9c3e1e788e711bec7857eeca2b46e047,1783730775.0,False,254,62.8333333333333,15.1088053796453,14.82,2.94,-78.7793132162847,a5b3277df6cf9e70eb9099e4e1ef41ef8d1a1f06a528c17c29aa4c70a0f492e5,0.980746277412115,0.0192537225878848,0.523284728989465,0.53121329168089,0.546368709127605,0.83816254531349,1502.83333333333,7.0,0.997,0.015155417446715,0.0317913403835139,375.0,fd9a34af481feb26cf43154d612123e085bfc7c5,2026-08-18 08:07:04,2026-07-11 00:49:28,2026-07-10-PIT-MAD,radicals,thunderbirds,31,19,2026-07-10 19:00:00
astevenso,2.05,30.67,,14.72,61.83,1,0,0,"lcall,pzaccardi,rkindell,knicholl,lbecker,astevenso,nceluch",False,2026-07-10-PIT-MAD,14,7,2,13,82.0,1,7,True,True,255,away,192,1783730778.0,22,False,"agutowsky,vluo,mweber2,mgrinde,jleibfort,sknoche,mmccarthy",193,377,cd17ba652436e6ec26f8ef8ddef79e9f8718e588e5100528e62f07f59a37305d,1783730778.0,False,255,59.0,33.6373973428385,12.67,31.16,-22.1272017844139,c257593a0e1886e9491d392fab708fefa5b02175583973250e77d5c619ed2850,0.872222486432269,-0.872222486432269,0.523284728989465,0.536469256030479,0.663802716434553,0.645445264745294,1499.0,7.0,0.998,-0.645445264745294,-0.645445264745294,377.0,ff3ae5b50fd6251aace77c779cdafcb6f5613c85,2026-08-18 08:07:04,2026-07-11 00:49:28,2026-07-10-PIT-MAD,radicals,thunderbirds,31,19,2026-07-10 19:00:00
agutowsky,-22.17,74.52,vluo,-11.26,85.7,0,0,0,"agutowsky,vluo,mweber2,mgrinde,jleibfort,sknoche,mmccarthy",True,2026-07-10-PIT-MAD,14,7,2,13,82.0,2,1,False,False,256,home,184,1783730783.0,18,False,"lcall,pzaccardi,rkindell,knicholl,lbecker,astevenso,nceluch",185,378,fd23e39959882f7d17922becc0fd8c1cb1f7150cd1c831ffd311791682114b3c,1783730783.0,False,256,55.1666666666667,15.6211555270409,10.91,11.18,-44.2997243022068,ad3d05104a7bc157704d2788ab5ae084ed9795e7103ce1a667d96c7dc10b9f70,0.945532796314842,0.0544672036851578,0.702665388099585,0.702665388099585,0.803273692205745,0.534109934440871,1495.16666666667,7.0,0.998,0.100608304106161,0.338367280765338,378.0,dac972f844eed4a8bab00f8f0fc4c0418559c917,2026-08-18 08:07:04,2026-07-11 00:49:28,2026-07-10-PIT-MAD,radicals,thunderbirds,31,19,2026-07-10 19:00:00
vluo,-11.26,85.7,mmccarthy,0.75,80.72,0,0,0,"agutowsky,vluo,mweber2,mgrinde,jleibfort,sknoche,mmccarthy",True,2026-07-10-PIT-MAD,14,7,2,13,82.0,2,2,False,False,257,home,185,1783730785.0,18,False,"lcall,pzaccardi,rkindell,knicholl,lbecker,astevenso,nceluch",186,379,66b1422bb47eecf772419de90aebaef74e446e416a599dbabbec69c574ba6654,1783730785.0,False,257,51.3333333333333,13.0015575989956,12.01,-4.98,-112.52155847689,71922474c37841e24d7b47cc6d55956db13d1a073654be71f1ea5175867f76fb,0.972082990024648,0.0279170099753517,0.702665388099585,0.796151640286051,0.768076949845672,0.546144807159242,1491.33333333333,7.0,0.998,-0.0280746904403792,-0.0944211985982384,379.0,de8f3da7d0878fc067e0cc37cbda2781791d4a87,2026-08-18 08:07:04,2026-07-11 00:49:28,2026-07-10-PIT-MAD,radicals,thunderbirds,31,19,2026-07-10 19:00:00
mmccarthy,0.75,80.72,jleibfort,8.32,90.88,0,0,0,"agutowsky,vluo,mweber2,mgrinde,jleibfort,sknoche,mmccarthy",True,2026-07-10-PIT-MAD,14,7,2,13,82.0,2,3,False,False,258,home,186,1783730787.0,18,False,"lcall,pzaccardi,rkindell,knicholl,lbecker,astevenso,nceluch",187,380,42a9c86b3e6820a5a0df14fead03ce50a25396a4986c7b1002d02ad2dff8d605,1783730787.0,False,258,47.5,12.6700631411213,7.57,10.16,-36.6890118079355,36248608104b152cd0cc85d75a582ee58819376c885381a79b6ee2bb7e1688e1,0.96717388375205,0.0328261162479501,0.702665388099585,0.759623624937627,0.821636815149302,0.496600585917699,1487.5,7.0,0.998,0.0620131902116757,0.208563644223315,380.0,4f96c52504e1cfc6b1c002e87e82f560a74928cc,2026-08-18 08:07:04,2026-07-11 00:49:28,2026-07-10-PIT-MAD,radicals,thunderbirds,31,19,2026-07-10 19:00:00
jleibfort,8.32,90.88,mmccarthy,18.14,93.75,0,0,0,"agutowsky,vluo,mweber2,mgrinde,jleibfort,sknoche,mmccarthy",True,2026-07-10-PIT-MAD,14,7,2,13,82.0,2,4,False,False,259,home,187,1783730790.0,18,False,"lcall,pzaccardi,rkindell,knicholl,lbecker,astevenso,nceluch",188,381,87bceb953ebf1593547795f3109c43ec2bafb8bfb6dd3af74bd886276b4ed0ea,1783730790.0,False,259,43.6666666666667,10.2308015326269,9.82,2.87,-73.7084334887763,2620fec68a7dad146a1888bae1c82d14ecf26561fb68e1e6ab05a1c8bf942758,0.977534745210885,0.0224652547891147,0.702665388099585,0.814292106312363,0.81932456445921,0.45675842351628,1483.66666666667,7.0,0.998,0.00503245814684761,0.0169252348883389,381.0,55d9cd99af9a4ecf4dc1015b7768c5fea86d6272,2026-08-18 08:07:04,2026-07-11 00:49:28,2026-07-10-PIT-MAD,radicals,thunderbirds,31,19,2026-07-10 19:00:00
mmccarthy,18.14,93.75,agutowsky,15.61,109.02,0,0,0,"agutowsky,vluo,mweber2,mgrinde,jleibfort,sknoche,mmccarthy",True,2026-07-10-PIT-MAD,15,7,2,13,82.0,2,5,False,False,260,home,188,1783730804.0,19,False,"lcall,pzaccardi,rkindell,knicholl,lbecker,astevenso,nceluch",189,383,b04ea29eee67359d7d33b9fbecd74f83d255c02314a7e13421dd429c32b1703d,1783730804.0,False,260,39.8333333333333,15.4781717266607,-2.53,15.27,9.40755196282652,fd8c7e612266aecfd9642bf998b522679f1e87294ec9f2250493534c563461d0,0.940925012116165,0.0590749878838353,0.702665388099585,0.811519421121945,1.0,0.434659577903678,1479.83333333333,7.0,0.998,0.188480578878055,0.633900566346382,383.0,f28c8227221f66a995a443468ea16a32b90dc32f,2026-08-18 08:07:04,2026-07-11 00:49:28,2026-07-10-PIT-MAD,radicals,thunderbirds,31,19,2026-07-10 19:00:00
whoffenka,11.6,20.0,mdillard,-1.32,31.65,0,0,0,"mdillard,whoffenka,bgessner,rduncan,lstorm,rward1,mmarshall",False,2026-07-10-PIT-MAD,15,7,2,14,36.0,1,1,True,True,261,away,195,1783730846.0,18,False,"rpieran,jcarrico,mjunga,jmaskalun,agutowsky,mweber2,kalexande",196,386,af1fed55da0dd89e2c32a1bfbc575779e6cd97c0c8ccfe83c2c962620ce9edee,1783730846.0,False,261,36.0,17.3968071783302,-12.92,11.65,47.9589312009127,2c1ee3b177baff24086cee190703620da9408f1daa593c2cd23319705027c8bd,0.973086445508826,0.0269135544911741,0.428021891310598,0.428021891310598,0.467608594763803,0.781956820987643,1476.0,8.0,0.999,0.0395867034532044,0.0692101722982215,386.0,91000c8cc9d50885bd4ad552869472dd91758724,2026-08-18 08:07:04,2026-07-11 00:49:28,2026-07-10-PIT-MAD,radicals,thunderbirds,31,19,2026-07-10 19:00:00
mdillard,-1.32,31.65,rduncan,-15.04,41.57,0,0,0,"mdillard,whoffenka,bgessner,rduncan,lstorm,rward1,mmarshall",False,2026-07-10-PIT-MAD,15,7,2,14,36.0,1,2,True,True,262,away,196,1783730851.0,18,False,"rpieran,jcarrico,mjunga,jmaskalun,agutowsky,mweber2,kalexande",197,388,09689e78bdf275640234f6e66d465ceacb56f64dcda107e8175f001f2498e856,1783730851.0,False,262,34.0,16.9305877039162,-13.72,9.92,54.1318640843964,ca52177a4b6922f03c0544cf5ed1552a9cd1c7ee8cfd19140442f4a6cac94de8,0.975345517635994,0.0246544823640061,0.428021891310598,0.460279519275223,0.487303130722382,0.698285037489336,1474.0,8.0,0.999,0.0270236114471583,0.0472458841284655,388.0,3ff330c9ebdcb9ff86a86fe16b009bbd628dec7d,2026-08-18 08:07:04,2026-07-11 00:49:28,2026-07-10-PIT-MAD,radicals,thunderbirds,31,19,2026-07-10 19:00:00
rduncan,-15.04,41.57,bgessner,-15.59,57.85,0,0,0,"mdillard,whoffenka,bgessner,rduncan,lstorm,rward1,mmarshall",False,2026-07-10-PIT-MAD,15,7,2,14,36.0,1,3,True,True,263,away,197,1783730857.0,18,False,"rpieran,jcarrico,mjunga,jmaskalun,agutowsky,mweber2,kalexande",198,389,3af19eb7d2bb83096386cfcbd4333239b843bdea2b519333952a74366d26f745,1783730857.0,False,263,32.0,16.2892878911265,-0.550000000000001,16.28,1.93493230955276,9d2586674ec05e599b2542557f8bf70dc171c2d86e61ea5a47112e79d88bd205,0.963997156660391,0.0360028433396089,0.428021891310598,0.479760130732556,0.558303245138946,0.581613474793072,1472.0,8.0,0.999,0.0785431144063898,0.137318392457989,389.0,a6f9011aab2aea4be674576dcb2a3e5b14aa1499,2026-08-18 08:07:04,2026-07-11 00:49:28,2026-07-10-PIT-MAD,radicals,thunderbirds,31,19,2026-07-10 19:00:00
bgessner,-15.59,57.85,mdillard,-17.79,72.91,0,0,0,"mdillard,whoffenka,bgessner,rduncan,lstorm,rward1,mmarshall",False,2026-07-10-PIT-MAD,15,7,2,14,36.0,1,4,True,True,264,away,198,1783730859.0,18,False,"rpieran,jcarrico,mjunga,jmaskalun,agutowsky,mweber2,kalexande",199,390,32032a94c13e1ce186c9e83a3a6cede02c3d966d1a995f0052bf3ff4f184ef11,1783730859.0,False,264,30.0,15.2198423119295,-2.2,15.06,8.31111424993115,06ce1ccfa63caba48604aed5d614da7038de012681200372e5489d2f7c7bd429,0.967293141681738,0.0327068583182624,0.428021891310598,0.550657741136348,0.639980180964161,0.484840375792128,1470.0,8.0,0.999,0.0893224398278126,0.156164088224427,390.0,9755bf7ffc7fac029e529f21ed06800f37353a13,2026-08-18 08:07:04,2026-07-11 00:49:28,2026-07-10-PIT-MAD,radicals,thunderbirds,31,19,2026-07-10 19:00:00
mdillard,-17.79,72.91,bgessner,-6.47,68.32,0,0,0,"mdillard,whoffenka,bgessner,rduncan,lstorm,rward1,mmarshall",False,2026-07-10-PIT-MAD,15,7,2,14,36.0,1,5,True,True,265,away,199,1783730861.0,18,False,"rpieran,jcarrico,mjunga,jmaskalun,agutowsky,mweber2,kalexande",200,391,ea5b87a5d39107b6cc5c91175b6a2f74c5911289c9b5e2607058e297d71bd912,1783730861.0,False,265,28.0,12.2151749885133,11.32,-4.59,-112.07142408287,af4bef451eda2f8ae30fbf34e1fc3221a960d053800c32b8435e58f25ef2e3b1,0.975299865363226,0.0247001346367745,0.428021891310598,0.632643372316691,0.618076738020571,0.520220472667789,1468.0,8.0,0.999,-0.0145666342961204,-0.0254671185397244,391.0,8ac507c0b8985dae03053dce83f000690728c7c0,2026-08-18 08:07:04,2026-07-11 00:49:28,2026-07-10-PIT-MAD,radicals,thunderbirds,31,19,2026-07-10 19:00:00
bgessner,-6.47,68.32,mmarshall,4.56,68.87,0,0,0,"mdillard,whoffenka,bgessner,rduncan,lstorm,rward1,mmarshall",False,2026-07-10-PIT-MAD,15,7,2,14,36.0,1,6,True,True,266,away,200,1783730865.0,18,False,"rpieran,jcarrico,mjunga,jmaskalun,agutowsky,mweber2,kalexande",201,392,208936d7c7cdf6447b2f01f8094321803054dce00029afcb3ba1c73621be99a3,1783730865.0,False,266,26.0,11.0437040887557,11.03,0.550000000000011,-87.1453672060602,15db46188cf001d6d349ee4e7670d43159189083c91e0f97b5a4cb7eb59cb4f4,0.980433876364638,0.0195661236353619,0.428021891310598,0.610383559581712,0.614493306626486,0.509764498813056,1466.0,8.0,0.999,0.00410974704477451,0.0071851474424281,392.0,6f7aec8d6db26b37294d1544b25efab363963739,2026-08-18 08:07:04,2026-07-11 00:49:28,2026-07-10-PIT-MAD,radicals,thunderbirds,31,19,2026-07-10 19:00:00
mmarshall,4.56,68.87,rward1,10.07,80.51,0,0,0,"mdillard,whoffenka,bgessner,rduncan,lstorm,rward1,mmarshall",False,2026-07-10-PIT-MAD,15,7,2,14,36.0,1,7,True,True,267,away,201,1783730867.0,18,False,"rpieran,jcarrico,mjunga,jmaskalun,agutowsky,mweber2,kalexande",202,393,4fc5bdc308b5983d4535693b8a4fbca3857aaf0bc8a1fc888b71328b9d051f19,1783730867.0,False,267,24.0,12.878264634647,5.51,11.64,-25.3313626290139,4ded0d56d72ec4ba51f543bae28306dbad7cdb5985fde3bde2ee0ab168aa749d,0.969645802084601,0.030354197915399,0.428021891310598,0.60658935022398,0.687259429593904,0.447007109006526,1464.0,8.0,0.999,0.0806700793699237,0.141037004990919,393.0,91b44b81f8428c55d4e9d0e1527b168a88f1e152,2026-08-18 08:07:04,2026-07-11 00:49:28,2026-07-10-PIT-MAD,radicals,thunderbirds,31,19,2026-07-10 19:00:00
rward1,10.07,80.51,rduncan,14.91,113.26,0,0,0,"mdillard,whoffenka,bgessner,rduncan,lstorm,rward1,mmarshall",False,2026-07-10-PIT-MAD,15,8,2,14,36.0,1,8,True,True,268,away,202,1783730874.0,19,False,"rpieran,jcarrico,mjunga,jmaskalun,agutowsky,mweber2,kalexande",203,394,233008c8228276847d96f3a0699974a4bae7242ee22da5d67d0b41524964e8f7,1783730874.0,False,268,22.0,33.1057109876831,4.84,32.75,-8.40667857684446,9ea66033947b7104b07d012b495430d0fbd6c6ba4d212059b4a9171f521fd41c,0.828533077477023,0.171466922522977,0.428021891310598,0.679900297077161,1.0,0.369969000843995,1462.0,8.0,0.998,0.320099702922839,0.559636283382064,394.0,17994acc657cf8f5bc7a187ef418092fbcbcc670,2026-08-18 08:07:04,2026-07-11 00:49:28,2026-07-10-PIT-MAD,radicals,thunderbirds,31,19,2026-07-10 19:00:00
nranabhat,-18.83,35.65,gvordick,-3.69,33.75,0,0,0,"sstark,gvordick,esjostrom,msample,nranabhat,imccosky,jnelson",True,2026-07-10-PIT-MAD,15,8,2,15,36.0,1,1,True,True,269,home,193,1783730933.0,18,False,"astevenso,nceluch,akirages,hpark,lcall,ecampion,pzaccardi",194,399,f1a20d4b02b5016ee0490b6a7e0270e24ed10388c33e1099d8a7fe42df493778,1783730933.0,False,269,20.0,15.2587548640117,15.14,-1.9,-97.152960963584,e7d23680cbf32a8bd572ff1c6a9d51d4061fc9bf85739dc075a8b30fdc372316,0.979029181838098,0.0209708181619025,0.395851888631465,0.395851888631465,0.411315029252165,0.718708482922694,1460.0,7.0,0.998,0.0154631406207004,0.0255949498636564,399.0,35d32c010b44881672b4d6c9498c0bbb57068e4f,2026-08-18 08:07:04,2026-07-11 00:49:28,2026-07-10-PIT-MAD,radicals,thunderbirds,31,19,2026-07-10 19:00:00
gvordick,-3.69,33.75,sstark,10.23,43.29,0,0,0,"sstark,gvordick,esjostrom,msample,nranabhat,imccosky,jnelson",True,2026-07-10-PIT-MAD,15,8,2,15,36.0,1,2,True,True,270,home,194,1783730936.0,18,False,"astevenso,nceluch,akirages,hpark,lcall,ecampion,pzaccardi",195,400,ff0bddf319e7ae8b74b3c65248726eaa48dd99d909d64f729a93e16f34881189,1783730936.0,False,270,18.0,16.8753666626832,13.92,9.54,-55.5754114397654,062c2c97bf660ed1a7f4b721f0ec857f8fd4f26abef211dc2e7e9a393bfa6a07,0.972489114881082,0.0275108851189183,0.395851888631465,0.402718658939728,0.436257266594133,0.63566825951362,1458.0,7.0,0.998,0.033538607654405,0.0555138831410601,400.0,9eb02e7da396b6ff0be563371b39baa979067a91,2026-08-18 08:07:04,2026-07-11 00:49:28,2026-07-10-PIT-MAD,radicals,thunderbirds,31,19,2026-07-10 19:00:00
sstark,10.23,43.29,esjostrom,2.04,54.13,0,0,0,"sstark,gvordick,esjostrom,msample,nranabhat,imccosky,jnelson",True,2026-07-10-PIT-MAD,15,8,2,15,36.0,1,3,True,True,271,home,195,1783730940.0,18,False,"astevenso,nceluch,akirages,hpark,lcall,ecampion,pzaccardi",196,401,cab973b4dddb28e61e056e897663865f4b6ea28f34eb0256a0df6329cd0669a7,1783730940.0,False,271,16.0,13.5860847929048,-8.19,10.84,37.0723255844324,428f91b291cf62aeaeacfa7a5579c791702d4574e66a430c48b92323602e1ffc,0.975115586245845,0.024884413754155,0.395851888631465,0.427319630170557,0.482238234629524,0.552514550723793,1456.0,7.0,0.998,0.0549186044589667,0.0909025509234206,401.0,b706a7247b1282e3ac826bc03dc8f4bc27b35419,2026-08-18 08:07:04,2026-07-11 00:49:28,2026-07-10-PIT-MAD,radicals,thunderbirds,31,19,2026-07-10 19:00:00
esjostrom,2.04,54.13,gvordick,7.5,67.77,0,0,0,"sstark,gvordick,esjostrom,msample,nranabhat,imccosky,jnelson",True,2026-07-10-PIT-MAD,15,8,2,15,36.0,1,4,True,True,272,home,196,1783730945.0,18,False,"astevenso,nceluch,akirages,hpark,lcall,ecampion,pzaccardi",197,402,95ebf9728ff5d3559a81fe4cea0014057254e050f7a71333c0111994a14ffd47,1783730945.0,False,272,14.0,14.6922156259701,5.46,13.64,-21.8158927467898,55b1a5c18875f8b40f3713006d8bd00e51448b63e87df169a555bb13979e3736,0.968903048168499,0.0310969518315005,0.395851888631465,0.472944610583898,0.554915703905497,0.461859102120794,1454.0,7.0,0.998,0.0819710933215998,0.135680459442166,402.0,e97cb97a345f21688aeb8de60589477dda82761e,2026-08-18 08:07:04,2026-07-11 00:49:28,2026-07-10-PIT-MAD,radicals,thunderbirds,31,19,2026-07-10 19:00:00
gvordick,7.5,67.77,esjostrom,7.43,79.84,0,0,0,"sstark,gvordick,esjostrom,msample,nranabhat,imccosky,jnelson",True,2026-07-10-PIT-MAD,15,8,2,15,36.0,1,5,True,True,273,home,197,1783730950.0,18,False,"astevenso,nceluch,akirages,hpark,lcall,ecampion,pzaccardi",198,403,ae8273c1d043c66d6928e2702c7347e64b05b41754efdf8033509555fdc827c7,1783730950.0,False,273,12.0,12.0702029808947,-0.0700000000000003,12.07,0.332283314098163,a04322ff0364a92094b8b97e03208c573d83c1edb191995169c327e6d5bc57da,0.971096284632007,0.0289037153679933,0.395851888631465,0.545491798695961,0.635368839310733,0.398379172831942,1452.0,7.0,0.998,0.0898770406147723,0.148766567210117,403.0,b036245917db36da1a7c3f446e43fe1037b97f6f,2026-08-18 08:07:04,2026-07-11 00:49:28,2026-07-10-PIT-MAD,radicals,thunderbirds,31,19,2026-07-10 19:00:00
esjostrom,7.43,79.84,imccosky,-7.1,82.7,0,0,0,"sstark,gvordick,esjostrom,msample,nranabhat,imccosky,jnelson",True,2026-07-10-PIT-MAD,15,8,2,15,36.0,1,6,True,True,274,home,198,1783730954.0,18,False,"astevenso,nceluch,akirages,hpark,lcall,ecampion,pzaccardi",199,404,40e11118aaf3f7f1397c99a6ca350d261f28865803a2a92beeaa81f635c01077,1783730954.0,False,274,10.0,14.8087980606125,-14.53,2.86,78.8645873052633,80d5af348812612a3fae12772c9f2aa4619fe3107731d31c54a8ce95d7c813bd,0.96599997425258,0.0340000257474201,0.395851888631465,0.626305306307179,0.649626521300038,0.378509979645424,1450.0,7.0,0.998,0.0233212149928594,0.0386018172597304,404.0,37acef544478af34647ffa0446e2679e83b552a7,2026-08-18 08:07:04,2026-07-11 00:49:28,2026-07-10-PIT-MAD,radicals,thunderbirds,31,19,2026-07-10 19:00:00
imccosky,-7.1,82.7,nranabhat,-13.44,85.7,0,0,0,"sstark,gvordick,esjostrom,msample,nranabhat,imccosky,jnelson",True,2026-07-10-PIT-MAD,15,8,2,15,36.0,1,7,True,True,275,home,199,1783730961.0,18,False,"astevenso,nceluch,akirages,hpark,lcall,ecampion,pzaccardi",200,405,b7f5578694b4bbe84339d36bae1b8e3383805766e60cfe5e40433a547fe39e75,1783730961.0,False,275,8.0,7.01395751341566,-6.34,3.0,64.677137136726,471ae0afaa853c6221a177aef52cd1e891c2b23175826645bc7dfdf35fe75b92,0.981278219406193,0.0187217805938075,0.395851888631465,0.640521447810773,0.660250071474232,0.352485660034041,1448.0,7.0,0.998,0.0197286236634585,0.0326552765658219,405.0,83f354184f196c729e19a19713e6971b6c23ab1a,2026-08-18 08:07:04,2026-07-11 00:49:28,2026-07-10-PIT-MAD,radicals,thunderbirds,31,19,2026-07-10 19:00:00
nranabhat,-13.44,85.7,imccosky,-1.64,90.95,0,0,0,"sstark,gvordick,esjostrom,msample,nranabhat,imccosky,jnelson",True,2026-07-10-PIT-MAD,15,8,2,15,36.0,1,8,True,True,276,home,200,1783730962.0,18,False,"astevenso,nceluch,akirages,hpark,lcall,ecampion,pzaccardi",201,406,3c0e8661ec6740970b281cae395ef35064edfefaf66d72bd4b337445d01a167a,1783730962.0,False,276,6.0,12.9152042182847,11.8,5.25,-66.0149891006726,2a37bc2a300a08c1ab2b6ca9a174b7a0a773d2a2f4e2c00be42c6980ff6dfde0,0.96402085697202,0.0359791430279804,0.395851888631465,0.651077791046984,0.702183245395895,0.334554533865509,1446.0,7.0,0.998,0.0511054543489114,0.0845909362079205,406.0,3bc116bfcd4eac9ab69f70e034b54ecc1c477ab3,2026-08-18 08:07:04,2026-07-11 00:49:28,2026-07-10-PIT-MAD,radicals,thunderbirds,31,19,2026-07-10 19:00:00
imccosky,-1.64,90.95,nranabhat,5.31,94.7,0,0,0,"sstark,gvordick,esjostrom,msample,nranabhat,imccosky,jnelson",True,2026-07-10-PIT-MAD,15,8,2,15,36.0,1,9,True,True,277,home,201,1783730965.0,18,False,"astevenso,nceluch,akirages,hpark,lcall,ecampion,pzaccardi",202,407,e20ca7440a1f5f41e720a318c0f61a3bd4602e4fa99676fa3c7c1761b1f668d6,1783730965.0,False,277,4.0,7.89715138515148,6.95,3.75,-61.650105498603,8c74c5facf50c420760d71f2a0cbc8f7b33ccc875cf2e60a107ce56a779429df,0.977171833892813,0.0228281661071871,0.395851888631465,0.693433149562278,0.725602817649037,0.314782825997661,1444.0,7.0,0.998,0.0321696680867591,0.0532479825417105,407.0,634278c477e7b30d83cbf40b80bae0da5c3f270c,2026-08-18 08:07:04,2026-07-11 00:49:28,2026-07-10-PIT-MAD,radicals,thunderbirds,31,19,2026-07-10 19:00:00
nranabhat,5.31,94.7,sstark,7.29,111.06,0,0,0,"sstark,gvordick,esjostrom,msample,nranabhat,imccosky,jnelson",True,2026-07-10-PIT-MAD,16,8,2,15,36.0,1,10,True,True,278,home,202,1783730971.0,19,False,"astevenso,nceluch,akirages,hpark,lcall,ecampion,pzaccardi",203,409,e080f9ad0f558037c654153bfb4c2789d5f421157df66b016cb5a4831822ea4e,1783730971.0,False,278,2.0,16.4793810563383,1.98,16.36,-6.90076786767808,740ecc69e6f62b608cbd280d16f2e6f47f4c27d54101ddd7ff9a74c84e4f0c19,0.939327349751275,0.0606726502487246,0.395851888631465,0.71708569033653,1.0,0.292709590701834,1442.0,7.0,0.998,0.28291430966347,0.468286342934356,409.0,4681feda01fba1de3a0ce3f969cc6f7712ecbae9,2026-08-18 08:07:04,2026-07-11 00:54:31,2026-07-10-PIT-MAD,radicals,thunderbirds,31,19,2026-07-10 19:00:00
whoffenka,0.64,16.04,mdillard,0.82,25.71,0,0,0,"rduncan,mmarshall,whoffenka,rward1,lstorm,mdillard,bgessner",False,2026-07-10-PIT-MAD,16,8,2,16,0.0,1,1,True,True,279,away,207,1783731023.0,18,False,"mmccarthy,mgrinde,agutowsky,jleibfort,vluo,mweber2,sknoche",208,411,cd067aab642c0762af12cccc0839273eca2dbd3f8e7e3371635b0b6b5462764e,1783731023.0,False,279,0.0,9.67167513929206,0.18,9.67,-1.06639600944429,f02b12772ec2c2759a5665c077748f6045af93ab93c8edeb58c39e49d097b7e9,0.988421377409566,0.0115786225904337,0.276502321144717,0.276502321144717,0.298136468232035,0.705010094023162,1440.0,8.0,0.999,0.0216341470873179,0.0299021651618115,411.0,d2725a14442bc5cb69229ca78acbade053c5f29b,2026-08-18 08:07:04,2026-07-11 00:54:31,2026-07-10-PIT-MAD,radicals,thunderbirds,31,19,2026-07-10 19:00:00
whoffenka,-5.18,17.02,mdillard,4.01,21.0,0,0,0,"rduncan,mmarshall,whoffenka,rward1,lstorm,mdillard,bgessner",False,2026-07-10-PIT-MAD,16,8,2,16,0.0,1,3,True,True,281,away,209,1783731032.0,18,False,"mmccarthy,mgrinde,agutowsky,jleibfort,vluo,mweber2,sknoche",210,415,22ea60e5f06fb6022d31db07f3003b9c22608b63a62f36c528338b76a58c1648,1783731032.0,False,281,0.0,10.0148140272299,9.19,3.98,-66.5835558612546,0e78997f34df97b2b7ef42af4f11f54aacb11d5f94350a22764eddcd3213b2ff,0.989618606163511,0.0103813938364892,0.276502321144717,0.278011015710081,0.286709027114857,0.746621332976509,1440.0,8.0,0.999,0.00869801140477672,0.0120221690531733,415.0,912be553a25ffe03fbdd3735ad47ed68772ca6c2,2026-08-18 08:07:04,2026-07-11 00:54:31,2026-07-10-PIT-MAD,radicals,thunderbirds,31,19,2026-07-10 19:00:00
mdillard,0.82,25.71,whoffenka,-5.18,17.02,0,0,0,"rduncan,mmarshall,whoffenka,rward1,lstorm,mdillard,bgessner",False,2026-07-10-PIT-MAD,16,8,2,16,0.0,1,2,True,True,280,away,208,1783731028.0,18,False,"mmccarthy,mgrinde,agutowsky,jleibfort,vluo,mweber2,sknoche",209,413,e4bd6ad002a8cdc2327b42ac88f93b9b16738394065c178b3092567514038c63,1783731028.0,False,280,0.0,10.5601183705487,-6.0,-8.69,145.376907960971,5cc9d9e2b42d3d80b7a99bba0db8d5cab62281dd57b9377c72dabf17bee3b4eb,0.992125135693737,0.00787486430626283,0.276502321144717,0.298136468232035,0.278011015710081,0.755214315238339,1440.0,8.0,0.999,-0.0201254525219541,-0.0278168860939493,413.0,a2a95878842c2234cf1562940d117efbb75dbf7d,2026-08-18 08:07:04,2026-07-11 00:54:31,2026-07-10-PIT-MAD,radicals,thunderbirds,31,19,2026-07-10 19:00:00
rward1,14.42,46.34,rduncan,-4.44,54.36,0,0,0,"rduncan,mmarshall,whoffenka,rward1,lstorm,mdillard,bgessner",False,2026-07-10-PIT-MAD,16,8,2,16,0.0,1,6,True,True,284,away,212,1783731047.0,18,False,"mmccarthy,mgrinde,agutowsky,jleibfort,vluo,mweber2,sknoche",213,418,ebb223f366aa000d85580648889adf37a452bfcd73aa9d873308399a77482c77,1783731047.0,False,284,0.0,20.4943894761469,-18.86,8.02,66.9629297080537,6953c115ea25cc7c56e55abfab2ad70396c328ceb0f70f81898be1bbc4f42e7d,0.956794121886925,0.0432058781130746,0.276502321144717,0.356854575536028,0.403864852338647,0.470474226877071,1440.0,8.0,0.999,0.0470102768026196,0.0649764030715333,418.0,7c493bea9bd977c653c405499a0211d83a526c60,2026-08-18 08:07:04,2026-07-11 00:54:31,2026-07-10-PIT-MAD,radicals,thunderbirds,31,19,2026-07-10 19:00:00
lstorm,0.94,40.1,rward1,14.42,46.34,0,0,0,"rduncan,mmarshall,whoffenka,rward1,lstorm,mdillard,bgessner",False,2026-07-10-PIT-MAD,16,8,2,16,0.0,1,5,True,True,283,away,211,1783731041.0,18,False,"mmccarthy,mgrinde,agutowsky,jleibfort,vluo,mweber2,sknoche",212,417,83f74f17d1f8d92384ddd3b9e5fababab147b62ba4be938cdf3062629b653a2b,1783731041.0,False,283,0.0,14.8542249881978,13.48,6.24,-65.1602036983947,df58c9d55e659930d0889dc6bf0fec021fb4b3e6dacf7419754a6fdb900949e3,0.979101024488995,0.0208989755110051,0.276502321144717,0.341875275425363,0.356854575536028,0.519422966318182,1440.0,8.0,0.999,0.0149793001106643,0.0207040057604117,417.0,41db5511263d207b9154129794d2e88a360442b0,2026-08-18 08:07:04,2026-07-11 00:54:31,2026-07-10-PIT-MAD,radicals,thunderbirds,31,19,2026-07-10 19:00:00
mdillard,4.01,21.0,lstorm,0.94,40.1,0,0,0,"rduncan,mmarshall,whoffenka,rward1,lstorm,mdillard,bgessner",False,2026-07-10-PIT-MAD,16,8,2,16,0.0,1,4,True,True,282,away,210,1783731037.0,18,False,"mmccarthy,mgrinde,agutowsky,jleibfort,vluo,mweber2,sknoche",211,416,cb4fbee308df397fc9e5238a7067e61dda3a001698cf8d95066603d59782eb06,1783731037.0,False,282,0.0,19.3451518474268,-3.07,19.1,9.13122085364125,3822a304ce8da3da51b32af1505d86360c08c03945f898b29474609e47f66b60,0.96368872651266,0.0363112734873401,0.276502321144717,0.286709027114857,0.341875275425363,0.578319308149646,1440.0,8.0,0.999,0.0551662483105061,0.0762493784331003,416.0,f187bbc1ba50bcd04a5876892c6e4e2eac305336,2026-08-18 08:07:04,2026-07-11 00:54:31,2026-07-10-PIT-MAD,radicals,thunderbirds,31,19,2026-07-10 19:00:00
mdillard,-14.61,16.28,whoffenka,-3.53,25.04,0,0,0,"rduncan,mmarshall,whoffenka,rward1,lstorm,mdillard,bgessner",False,2026-07-10-PIT-MAD,16,8,3,1,720.0,1,1,True,True,285,away,215,1783731833.0,18,False,"mweber2,mgrinde,mmccarthy,agutowsky,jleibfort,sknoche,vluo",216,425,59d689d1286dad16110c6685474af56f5c01eb8821b4037c7b3036679de21ec5,1783731833.0,False,285,720.0,14.1245884895809,11.08,8.76,-51.6696198423123,28a0681f8e6d8e3b8bc1b555d6e281ff1873955252734ecbee839e73b4042b4d,0.98077588655707,0.0192241134429297,0.679105790855174,0.679105790855174,0.707046875893513,0.933755641426762,1440.0,8.0,0.999,0.0279410850383393,0.0870725748301954,425.0,3168a40e49a6b3f5a3895547763dc2caa19c3dd7,2026-08-18 08:07:04,2026-07-11 01:04:38,2026-07-10-PIT-MAD,radicals,thunderbirds,31,19,2026-07-10 19:00:00
whoffenka,-3.53,25.04,mdillard,5.72,32.63,0,0,0,"rduncan,mmarshall,whoffenka,rward1,lstorm,mdillard,bgessner",False,2026-07-10-PIT-MAD,16,8,3,1,720.0,1,2,True,True,286,away,216,1783731839.0,18,False,"mweber2,mgrinde,mmccarthy,agutowsky,jleibfort,sknoche,vluo",217,426,98e86880510c3afd0dd9208c7f44443f261140d280921d8a41a18a29ba42a34a,1783731839.0,False,286,715.5,11.9653917612421,9.25,7.59,-50.6297335705586,c77cac5feaba8c07bf758dded833a2563e6a70ff1a235f6ad0224f9db3428ea4,0.984620495134638,0.015379504865362,0.679105790855174,0.701062584927034,0.720735959330784,0.909137096295721,1435.5,8.0,0.999,0.0196733744037499,0.0613079757848511,426.0,c98dcff26c3fabf29db6fed0887fce1173e6a98c,2026-08-18 08:07:04,2026-07-11 01:04:38,2026-07-10-PIT-MAD,radicals,thunderbirds,31,19,2026-07-10 19:00:00
mdillard,5.72,32.63,rduncan,12.52,47.87,0,0,0,"rduncan,mmarshall,whoffenka,rward1,lstorm,mdillard,bgessner",False,2026-07-10-PIT-MAD,16,8,3,1,720.0,1,3,True,True,287,away,217,1783731843.0,18,False,"mweber2,mgrinde,mmccarthy,agutowsky,jleibfort,sknoche,vluo",218,427,fdb32d988d3cc211716105f80e12ca44f9169e3c862d2c9a17788f3da2b7552d,1783731843.0,False,287,711.0,16.6882473615416,6.8,15.24,-24.04615274502,3206245ec4e1b4b544080b83b17cd3a4d3af574c6af8768c41c749f30737133d,0.968509064368891,0.0314909356311091,0.679105790855174,0.715285346304281,0.758861238188797,0.850153618290557,1431.0,8.0,0.999,0.0435758918845157,0.135795195558824,427.0,a0ec240d33e785bb2c67a47335b956c08d1e1562,2026-08-18 08:07:04,2026-07-11 01:04:38,2026-07-10-PIT-MAD,radicals,thunderbirds,31,19,2026-07-10 19:00:00
rduncan,12.52,47.87,lstorm,10.13,66.91,0,0,0,"rduncan,mmarshall,whoffenka,rward1,lstorm,mdillard,bgessner",False,2026-07-10-PIT-MAD,16,8,3,1,720.0,1,4,True,True,288,away,218,1783731846.0,18,False,"mweber2,mgrinde,mmccarthy,agutowsky,jleibfort,sknoche,vluo",219,428,bbc102f22d735124369254f73d3d589d42d66c2280476335e3802466b32b3b62,1783731846.0,False,288,706.5,19.1894163538134,-2.39,19.04,7.15464379349172,aed464dd5f996437c8d3d993c1e0dee6845e10586b4890f4bbca3a92b8abec22,0.945883537140517,0.0541164628594827,0.679105790855174,0.754224888358892,0.827868099645709,0.775563310698676,1426.5,8.0,0.999,0.0736432112868169,0.229493737151175,428.0,09b15adafce923240a6e3761b0f9c42983f4576b,2026-08-18 08:07:04,2026-07-11 01:04:38,2026-07-10-PIT-MAD,radicals,thunderbirds,31,19,2026-07-10 19:00:00
lstorm,10.13,66.91,bgessner,10.01,79.34,0,0,0,"rduncan,mmarshall,whoffenka,rward1,lstorm,mdillard,bgessner",False,2026-07-10-PIT-MAD,16,8,3,1,720.0,1,5,True,True,289,away,219,1783731849.0,18,False,"mweber2,mgrinde,mmccarthy,agutowsky,jleibfort,sknoche,vluo",220,429,d05472bb2bef55a60837bcfb0a29cb7013037807b102a5a55d9d975c2299246b,1783731849.0,False,289,702.0,12.4305792302692,-0.120000000000001,12.43,0.553119867475615,2589db96ced51cf3f99a15f5feff8a16d3d21e0ca10d4a3b6b17bd0ae467cb29,0.968747772387448,0.0312522276125519,0.679105790855174,0.824496842611884,0.872907952958275,0.728248110199867,1422.0,8.0,0.999,0.0484111103463913,0.150863147313894,429.0,effa206378a16f2f834a58ad054f06af214835e8,2026-08-18 08:07:04,2026-07-11 01:04:38,2026-07-10-PIT-MAD,radicals,thunderbirds,31,19,2026-07-10 19:00:00
bgessner,10.01,79.34,whoffenka,10.44,84.85,0,0,0,"rduncan,mmarshall,whoffenka,rward1,lstorm,mdillard,bgessner",False,2026-07-10-PIT-MAD,16,8,3,1,720.0,1,6,True,True,290,away,220,1783731852.0,18,False,"mweber2,mgrinde,mmccarthy,agutowsky,jleibfort,sknoche,vluo",221,430,e75f2094a94ad93570387c606de055a33be1f9a936195f9908c1595b07432d0f,1783731852.0,False,290,697.5,5.52675311552813,0.43,5.50999999999999,-4.46231429862455,43b358d86429f7e1efb0d1f89679b3387e0f1c2d691d53ffea15a2492a5a6c5f,0.982303997400614,0.0176960025993858,0.679105790855174,0.870466095354479,0.890813400650955,0.706258261965375,1417.5,8.0,0.998,0.0203473052964753,0.0634081411151055,430.0,9d7f40777ce088a5cff066beb9e401ba6d804bbf,2026-08-18 08:07:04,2026-07-11 01:04:38,2026-07-10-PIT-MAD,radicals,thunderbirds,31,19,2026-07-10 19:00:00
whoffenka,10.44,84.85,bgessner,-4.93,81.42,0,0,0,"rduncan,mmarshall,whoffenka,rward1,lstorm,mdillard,bgessner",False,2026-07-10-PIT-MAD,16,8,3,1,720.0,1,7,True,True,291,away,221,1783731858.0,18,False,"mweber2,mgrinde,mmccarthy,agutowsky,jleibfort,sknoche,vluo",222,431,96180fca0d48dc943fab77689ebc71ca165d4ccc3831ee7d2e0ed33104d9210c,1783731858.0,False,291,693.0,15.7480728979771,-15.37,-3.42999999999999,102.580109102816,72bf025316d1ed7b2bab175ab88624e48c5fa272822f41b86f256f8ea6c00d0a,0.964619894168039,0.0353801058319614,0.679105790855174,0.888829104674548,0.877247290744114,0.714826878688326,1413.0,8.0,0.998,-0.0115818139304334,-0.036092312046698,431.0,5ff2b00e6a78f638d14ff46bac93b68dc8c3b238,2026-08-18 08:07:04,2026-07-11 01:04:38,2026-07-10-PIT-MAD,radicals,thunderbirds,31,19,2026-07-10 19:00:00
bgessner,-4.93,81.42,mmarshall,-12.4,77.38,0,0,0,"rduncan,mmarshall,whoffenka,rward1,lstorm,mdillard,bgessner",False,2026-07-10-PIT-MAD,16,8,3,1,720.0,1,8,True,True,292,away,222,1783731862.0,18,False,"mweber2,mgrinde,mmccarthy,agutowsky,jleibfort,sknoche,vluo",223,432,6df579285ef08b663b0b64694ad2bf0dfd11ea1c99757f1749d423af9cd6668c,1783731862.0,False,292,688.5,8.4924966882537,-7.47,-4.04000000000001,118.405851981881,57654d1a670d44c48bbc0cd1c3e78a82e7314c4f9a4f3a185f15b20e8254e2db,0.982413997186198,0.0175860028138018,0.679105790855174,0.87521931590117,0.857141633942317,0.719815907954269,1408.5,8.0,0.999,-0.0180776819588526,-0.0563353324668249,432.0,ffec305055b376ff616026514dc4b0d99594cebb,2026-08-18 08:07:04,2026-07-11 01:04:38,2026-07-10-PIT-MAD,radicals,thunderbirds,31,19,2026-07-10 19:00:00
mmarshall,-12.4,77.38,bgessner,-24.1,97.53,0,0,0,"rduncan,mmarshall,whoffenka,rward1,lstorm,mdillard,bgessner",False,2026-07-10-PIT-MAD,16,8,3,1,720.0,1,9,True,True,293,away,223,1783731868.0,18,False,"mweber2,mgrinde,mmccarthy,agutowsky,jleibfort,sknoche,vluo",224,433,e07d17eead1db0f8b4d59a9500ac092b62d3b48da6cf22b13b57672ea3ae0b10,1783731868.0,False,293,684.0,23.3004828276154,-11.7,20.15,30.1413855520753,c2b65df104103f21b36a13ad10782cc5a902831befbe88e9a361cb4aadb1aeac,0.881080970276236,0.118919029723764,0.679105790855174,0.855021005040711,0.911116032584797,0.605689719919065,1404.0,8.0,0.998,0.0560950275440865,0.174808475645535,433.0,7a3ed06e70bce68cf723268686fa4208ff51e913,2026-08-18 08:07:04,2026-07-11 01:04:38,2026-07-10-PIT-MAD,radicals,thunderbirds,31,19,2026-07-10 19:00:00
bgessner,-24.1,97.53,rduncan,-8.36,110.14,0,0,0,"rduncan,mmarshall,whoffenka,rward1,lstorm,mdillard,bgessner",False,2026-07-10-PIT-MAD,16,9,3,1,720.0,1,10,True,True,294,away,224,1783731873.0,19,False,"mweber2,mgrinde,mmccarthy,agutowsky,jleibfort,sknoche,vluo",225,434,099c1924ece0f76d900ccfd021fe055aed955f089f87a96e128684a19c4c5bfc,1783731873.0,False,294,679.5,20.1682845081083,15.74,12.61,-51.3002612881019,c29525eda96e6a3cb5fc44d3326721770671d83d3f65b4dafd23eadbdfecd6a3,0.887166569981118,0.112833430018882,0.679105790855174,0.909830085352957,1.0,0.650298371923818,1399.5,8.0,0.998,0.0901699146470426,0.28099576769348,434.0,8ccbffa4cdd2b4143435b3cab2154e1dbed11f78,2026-08-18 08:07:04,2026-07-11 01:04:38,2026-07-10-PIT-MAD,radicals,thunderbirds,31,19,2026-07-10 19:00:00
gvordick,-2.19,23.11,nranabhat,-13.92,31.9,0,0,0,"gvordick,esjostrom,imccosky,rpieran,nranabhat,msample,sstark",True,2026-07-10-PIT-MAD,16,9,3,2,675.0,1,1,True,True,295,home,211,1783731938.0,18,False,"nceluch,astevenso,knicholl,hpark,lbecker,akirages,pzaccardi",212,439,8f39d65b38efdc976e03476db272d937f46e62b151e506645a108f51d2961937,1783731938.0,False,295,675.0,14.6580012279983,-11.73,8.79,53.1535553939894,c874bda1fa9fbaa2fcdd79f8300e1b7f3877ee25f0b14f7b47536421c0c6b159,0.981187781625194,0.0188122183748064,0.656302627669408,0.656302627669408,0.673850256760473,0.892232857041757,1395.0,7.0,0.998,0.0175476290910654,0.05105546478891,439.0,e5dcf791eb083f9f9754ab6d3e595971d5c220d3,2026-08-18 08:07:04,2026-07-11 01:09:41,2026-07-10-PIT-MAD,radicals,thunderbirds,31,19,2026-07-10 19:00:00
nranabhat,-13.92,31.9,imccosky,-3.21,38.65,0,0,0,"gvordick,esjostrom,imccosky,rpieran,nranabhat,msample,sstark",True,2026-07-10-PIT-MAD,16,9,3,2,675.0,1,2,True,True,296,home,212,1783731941.0,18,False,"nceluch,astevenso,knicholl,hpark,lbecker,akirages,pzaccardi",213,440,ad236a7b7deb91e0b44b441b3e88f5910364272bbddf29ffe81b10d59ba1b7e4,1783731941.0,False,296,669.9375,12.659644544773,10.71,6.75,-57.778733188406,09e085f8c321b21ebc1a5a2608dd19b03d432e74f34cfcb0fa51015f94bb5363,0.980609095942678,0.0193909040573219,0.656302627669408,0.670632867381548,0.698543842164936,0.868163170116329,1389.9375,7.0,0.998,0.0279109747833884,0.0812079958427546,440.0,61309e194bb25fdc9728c18c1f97a50fc023c51f,2026-08-18 08:07:04,2026-07-11 01:09:41,2026-07-10-PIT-MAD,radicals,thunderbirds,31,19,2026-07-10 19:00:00
imccosky,-3.21,38.65,nranabhat,-19.85,49.84,0,0,0,"gvordick,esjostrom,imccosky,rpieran,nranabhat,msample,sstark",True,2026-07-10-PIT-MAD,16,9,3,2,675.0,1,3,True,True,297,home,213,1783731948.0,18,False,"nceluch,astevenso,knicholl,hpark,lbecker,akirages,pzaccardi",214,441,ce1fb080702510505a5193f286d335b843aec8327fe577cc34850a987cfbc569,1783731948.0,False,297,664.875,20.0525734009378,-16.64,11.19,56.0801166102411,3f5c95a795b805332374d5803d8655a9634106e4195aae67b43f702b5c3e7d60,0.972097644213212,0.0279023557867882,0.656302627669408,0.695801121264408,0.713341586327297,0.800269472033547,1384.875,7.0,0.998,0.0175404650628884,0.0510346207884789,441.0,1640d79c4676dce9dc2514e457aad3e206a93d31,2026-08-18 08:07:04,2026-07-11 01:09:41,2026-07-10-PIT-MAD,radicals,thunderbirds,31,19,2026-07-10 19:00:00
nranabhat,-19.85,49.84,rpieran,-20.87,66.75,0,0,0,"gvordick,esjostrom,imccosky,rpieran,nranabhat,msample,sstark",True,2026-07-10-PIT-MAD,16,9,3,2,675.0,1,4,True,True,298,home,214,1783731951.0,18,False,"nceluch,astevenso,knicholl,hpark,lbecker,akirages,pzaccardi",215,442,6f1153e58b584fd5440f84242f70bc1328e92870d20cf72907ab4c6ae64ed690,1783731951.0,False,298,659.8125,16.9407349309291,-1.02,16.91,3.4518610826665,0febd98155e21ba3539330040afd98e2a72771508e7a72feefe250082ddfa7cf,0.961660496716369,0.0383395032836306,0.656302627669408,0.710993701243459,0.78059869764834,0.717683840821963,1379.8125,7.0,0.998,0.069604996404881,0.202518267547097,442.0,a4b8737204633759fc16905e0d9b389915693bb1,2026-08-18 08:07:04,2026-07-11 01:09:41,2026-07-10-PIT-MAD,radicals,thunderbirds,31,19,2026-07-10 19:00:00
rpieran,-20.87,66.75,nranabhat,-4.03,56.72,0,0,0,"gvordick,esjostrom,imccosky,rpieran,nranabhat,msample,sstark",True,2026-07-10-PIT-MAD,16,9,3,2,675.0,1,5,True,True,299,home,215,1783731955.0,18,False,"nceluch,astevenso,knicholl,hpark,lbecker,akirages,pzaccardi",216,443,a84055dbb55319156ed35db4c837abf6e5c6cd7e669f03c277063d04a1f6a69d,1783731955.0,False,299,654.75,19.6006760087503,16.84,-10.03,-120.778269049711,3aed5b92d827827a48d72c961b6dbc51d2988f5b0a15a3573c105bb52f9ba989,0.964112775955261,0.0358872240447391,0.656302627669408,0.778882807320257,0.759106289700778,0.78674568586944,1374.75,7.0,0.998,-0.0197765176194792,-0.057540496994131,443.0,8e893c521a2df8d17e996987efb1b40606588d8b,2026-08-18 08:07:04,2026-07-11 01:09:41,2026-07-10-PIT-MAD,radicals,thunderbirds,31,19,2026-07-10 19:00:00
nranabhat,-4.03,56.72,rpieran,-1.64,73.15,0,0,0,"gvordick,esjostrom,imccosky,rpieran,nranabhat,msample,sstark",True,2026-07-10-PIT-MAD,16,9,3,2,675.0,1,6,True,True,300,home,216,1783731957.0,18,False,"nceluch,astevenso,knicholl,hpark,lbecker,akirages,pzaccardi",217,444,7a86d99050de5b4e14ac12cbc723b80af6c7e83c2dfc0965ff96c69bbdb65f33,1783731957.0,False,300,649.6875,16.6029214296762,2.39,16.43,-8.27651373780606,108cecd3b9b1ea5d291705d8f20cde38202dcef2411e6efb53adec7601493e48,0.961215649645575,0.0387843503544245,0.656302627669408,0.757529779706474,0.828309592521769,0.718741649265319,1369.6875,7.0,0.998,0.0707798128152954,0.205936438603943,444.0,11f5b01acbb1536ed0f5ec4c09c7c7f7e5942dbd,2026-08-18 08:07:04,2026-07-11 01:09:41,2026-07-10-PIT-MAD,radicals,thunderbirds,31,19,2026-07-10 19:00:00
rpieran,-1.64,73.15,imccosky,6.68,75.0,0,0,0,"gvordick,esjostrom,imccosky,rpieran,nranabhat,msample,sstark",True,2026-07-10-PIT-MAD,16,9,3,2,675.0,1,7,True,True,301,home,217,1783731959.0,18,False,"nceluch,astevenso,knicholl,hpark,lbecker,akirages,pzaccardi",218,445,9adb519d3b31b88487495ca1049a3bc1ba3c2514f0b9a989511a84b6008b3723,1783731959.0,False,301,644.625,8.5231977567108,8.32,1.84999999999999,-77.4639008961929,c4683008c87999f8feb95b063981b7bb59933a353dcc9a90d74f933c4a4a7623,0.982694994211746,0.0173050057882539,0.656302627669408,0.827270763841401,0.834814064432161,0.709646766595037,1364.625,7.0,0.998,0.00754330059075925,0.0219475073073982,445.0,4ce7dbee0eefa7687fd30cce54145e97c31a10dc,2026-08-18 08:07:04,2026-07-11 01:09:41,2026-07-10-PIT-MAD,radicals,thunderbirds,31,19,2026-07-10 19:00:00
imccosky,6.68,75.0,sstark,-7.85,82.84,0,0,0,"gvordick,esjostrom,imccosky,rpieran,nranabhat,msample,sstark",True,2026-07-10-PIT-MAD,16,9,3,2,675.0,1,8,True,True,302,home,218,1783731967.0,18,False,"nceluch,astevenso,knicholl,hpark,lbecker,akirages,pzaccardi",219,446,c8c37d177435dd033dd067049a27e45f0164bb73c78964bd79638af6de8c820a,1783731967.0,False,302,639.5625,16.5101938207884,-14.53,7.84,61.6498857783949,ea00cbdbf4eaa71272c438624506c54b7e22e03abffb5681442521bbbdcf1e4c,0.959692590744108,0.0403074092558925,0.656302627669408,0.83397853938572,0.867236543895425,0.680500018831175,1359.5625,7.0,0.998,0.0332580045097045,0.0967653732240775,446.0,e1d5cb4df77731e428279211bdb81a170f1896ba,2026-08-18 08:07:04,2026-07-11 01:09:41,2026-07-10-PIT-MAD,radicals,thunderbirds,31,19,2026-07-10 19:00:00
sstark,-7.85,82.84,gvordick,-15.55,86.79,0,0,0,"gvordick,esjostrom,imccosky,rpieran,nranabhat,msample,sstark",True,2026-07-10-PIT-MAD,16,9,3,2,675.0,1,9,True,True,303,home,219,1783731969.0,18,False,"nceluch,astevenso,knicholl,hpark,lbecker,akirages,pzaccardi",220,447,45b8b6ba8d461746c2ebe5c29b188820109717a2a5fb83a3428dba122981abbd,1783731969.0,False,303,634.5,8.65404529685395,-7.7,3.95,62.842765470793,cbf47e4ca5aae3dd3a2a47b8352e02e72264b108a61778e71cb6ddacf9d7455e,0.979603323778042,0.0203966762219584,0.656302627669408,0.866673640391779,0.878422485292183,0.655871110175496,1354.5,7.0,0.998,0.0117488449004047,0.0341836913699295,447.0,0a084a2afe7f3edff84a5b61bfae79f7a43a0cac,2026-08-18 08:07:04,2026-07-11 01:09:41,2026-07-10-PIT-MAD,radicals,thunderbirds,31,19,2026-07-10 19:00:00
gvordick,-15.55,86.79,imccosky,-22.37,88.7,0,0,0,"gvordick,esjostrom,imccosky,rpieran,nranabhat,msample,sstark",True,2026-07-10-PIT-MAD,16,9,3,2,675.0,1,10,True,True,304,home,220,1783731973.0,18,False,"nceluch,astevenso,knicholl,hpark,lbecker,akirages,pzaccardi",221,448,428534ac226d2b32dd0f5dcf9e89434c6142c8adf538c125931125516483e6f4,1783731973.0,False,304,629.4375,7.08240778266826,-6.82,1.91,74.3546374401396,d7cb3ed2d624d80ecf9896a89cb1456a3a0afc3d7f06c99757c55360ca2cfdfa,0.979762587826203,0.0202374121737973,0.656302627669408,0.878017371337461,0.871047279264602,0.617716191126071,1349.4375,7.0,0.998,-0.00697009207285859,-0.0202797362854269,448.0,f256bea9c382f3f0499bfe9e0bf60efbac922c13,2026-08-18 08:07:04,2026-07-11 01:09:41,2026-07-10-PIT-MAD,radicals,thunderbirds,31,19,2026-07-10 19:00:00
imccosky,-22.37,88.7,gvordick,-12.96,75.88,0,0,0,"gvordick,esjostrom,imccosky,rpieran,nranabhat,msample,sstark",True,2026-07-10-PIT-MAD,16,9,3,2,675.0,1,11,True,True,305,home,221,1783731977.0,18,False,"nceluch,astevenso,knicholl,hpark,lbecker,akirages,pzaccardi",222,449,7d5d761e9f4a457fa8d2e3ff770c640c0a635aa5ff2463c9cf5778ded1fdf446,1783731977.0,False,305,624.375,15.902845657303,9.41,-12.82,-143.720982414487,7c93f0300dc17db722152ce6c28c4c74b1c3e40097bccbe3e15d360b24f88f27,0.959628135872504,0.0403718641274957,0.656302627669408,0.870735854598898,0.833402045588058,0.697541164107695,1344.375,7.0,0.998,-0.0373338090108394,-0.108624074597024,449.0,4b8481190bed247f74ee71070885ad1d52147430,2026-08-18 08:07:04,2026-07-11 01:09:41,2026-07-10-PIT-MAD,radicals,thunderbirds,31,19,2026-07-10 19:00:00
gvordick,-12.96,75.88,imccosky,-7.03,82.43,0,0,0,"gvordick,esjostrom,imccosky,rpieran,nranabhat,msample,sstark",True,2026-07-10-PIT-MAD,16,9,3,2,675.0,1,12,True,True,306,home,222,1783731981.0,18,False,"nceluch,astevenso,knicholl,hpark,lbecker,akirages,pzaccardi",223,450,cf1a6e806d9fbbe3de4f9edd953d2cfc156d253aa334106cfbf723625c157794,1783731981.0,False,306,619.3125,8.83557581598393,5.93,6.55000000000001,-42.1559133024026,bea2040c309fa5bc002607c0692ff075132c5890d58b7fafe6f6436d1f0fdc01,0.976389211771479,0.0236107882285206,0.656302627669408,0.833148409812416,0.864126740058203,0.679295627644813,1339.3125,7.0,0.998,0.0309783302457876,0.0901325780750817,450.0,005c9283592e24b5e6ea6f006c583b1c41f155ed,2026-08-18 08:07:04,2026-07-11 01:09:41,2026-07-10-PIT-MAD,radicals,thunderbirds,31,19,2026-07-10 19:00:00
imccosky,-7.03,82.43,gvordick,-2.6,91.5,0,0,0,"gvordick,esjostrom,imccosky,rpieran,nranabhat,msample,sstark",True,2026-07-10-PIT-MAD,16,9,3,2,675.0,1,13,True,True,307,home,223,1783731987.0,18,False,"nceluch,astevenso,knicholl,hpark,lbecker,akirages,pzaccardi",224,451,b436c2272def0370025a5400480a68e15a980333725409b0a795dc59ee5980e2,1783731987.0,False,307,614.25,10.0940477510263,4.43,9.06999999999999,-26.0319644910945,96aac948f277843bee688fcacd04eb2221b5f45ce7c9cab6103079a3e7bab0b6,0.973060397354977,0.026939602645023,0.656302627669408,0.864014482588637,0.900393000873666,0.65171896494441,1334.25,7.0,0.998,0.0363785182850296,0.105844621500446,451.0,9e2abef0d5b57e2459643a72d564c7f99e963b49,2026-08-18 08:07:04,2026-07-11 01:09:41,2026-07-10-PIT-MAD,radicals,thunderbirds,31,19,2026-07-10 19:00:00
gvordick,-2.6,91.5,imccosky,-10.58,93.54,0,0,0,"gvordick,esjostrom,imccosky,rpieran,nranabhat,msample,sstark",True,2026-07-10-PIT-MAD,16,9,3,2,675.0,1,14,True,True,308,home,224,1783731990.0,18,False,"nceluch,astevenso,knicholl,hpark,lbecker,akirages,pzaccardi",225,452,03b8a60c582f0bd729abbc2152a4aad672b3437899c4e43293e3d18f4a23d10f,1783731990.0,False,308,609.1875,8.23662552262758,-7.98,2.04000000000001,75.6600714986577,eb99a93ce17aaea9cde0149c39c8b582d82a6caddac539b0aa503f71daba29c3,0.976079682320097,0.0239203176799034,0.656302627669408,0.900378649360932,0.90680645891951,0.642687552187928,1329.1875,7.0,0.998,0.00642780955857858,0.0187019455953124,452.0,2e1a3fc14dff08c075d227130cb1a865ad2d2057,2026-08-18 08:07:04,2026-07-11 01:09:41,2026-07-10-PIT-MAD,radicals,thunderbirds,31,19,2026-07-10 19:00:00
imccosky,-10.58,93.54,sstark,0.4,97.09,0,0,0,"gvordick,esjostrom,imccosky,rpieran,nranabhat,msample,sstark",True,2026-07-10-PIT-MAD,16,9,3,2,675.0,1,15,True,True,309,home,225,1783731998.0,18,False,"nceluch,astevenso,knicholl,hpark,lbecker,akirages,pzaccardi",226,453,b50d6b01577106530e6a9a2ebd2c6596097e5c380a43d10db11a80e9b26cffe1,1783731998.0,False,309,604.125,11.5396230441033,10.98,3.55,-72.0831956496463,c1c54ebca8dddf16bc8e9fc7f96f30be56bfc4fbeda405ca51f8735078608e81,0.965619535526306,0.0343804644736936,0.656302627669408,0.906853908531555,0.920120744619966,0.636509044741611,1324.125,7.0,0.998,0.0132668360884103,0.0386003419183819,453.0,9063c036f396deec3c886e13c45f6478a4987b96,2026-08-18 08:07:04,2026-07-11 01:09:41,2026-07-10-PIT-MAD,radicals,thunderbirds,31,19,2026-07-10 19:00:00
sstark,0.4,97.09,rpieran,8.66,111.4,0,0,0,"gvordick,esjostrom,imccosky,rpieran,nranabhat,msample,sstark",True,2026-07-10-PIT-MAD,17,9,3,2,675.0,1,16,True,True,310,home,226,1783732009.0,19,False,"nceluch,astevenso,knicholl,hpark,lbecker,akirages,pzaccardi",227,455,f81980cc198daf4f77b3c51d6f4c534b0b85fabacda99ae0f9b0ae833c12e56f,1783732009.0,False,310,599.0625,16.5228236085725,8.26,14.31,-29.9943471187548,b2c82cb4ca185d2c62db95217bb721a2f09145ce1d4ead4203f163cdb97db368,0.93885667420302,0.0611433257969797,0.656302627669408,0.920209565085658,1.0,0.627715220390858,1319.0625,7.0,0.998,0.0797904349143419,0.232153171184544,455.0,863cbacb7503c234a1c6ce44b10d871c4c55ec24,2026-08-18 08:07:04,2026-07-11 01:09:41,2026-07-10-PIT-MAD,radicals,thunderbirds,31,19,2026-07-10 19:00:00
whoffenka,15.82,20.44,mdillard,-4.14,23.57,0,0,0,"rduncan,mmarshall,whoffenka,rward1,lstorm,mdillard,bgessner",False,2026-07-10-PIT-MAD,17,9,3,3,594.0,1,1,True,True,311,away,229,1783732056.0,18,False,"jcarrico,rpieran,kconniff,jmaskalun,agutowsky,mjunga,kalexande",230,459,169a23339e028b1bb67724dd117f9dbc55715cf8bd1313211cb7f730b520d48a,1783732056.0,False,311,594.0,20.20392288641,-19.96,3.13,81.0878197245141,86032c936347d2d3bb66dc1ac51098780be7db8b21478df755492fbdff4df46d,0.972652744753252,0.0273472552467476,0.617295887389263,0.617295887389263,0.638596954187203,0.918042665828621,1314.0,8.0,0.999,0.02130106679794,0.0556593621443679,459.0,8c1d6f338a0ace09ca46c23ec744b1025c69f619,2026-08-18 08:07:04,2026-07-11 01:09:41,2026-07-10-PIT-MAD,radicals,thunderbirds,31,19,2026-07-10 19:00:00
mdillard,-4.14,23.57,mmarshall,-12.4,26.26,0,0,0,"rduncan,mmarshall,whoffenka,rward1,lstorm,mdillard,bgessner",False,2026-07-10-PIT-MAD,17,9,3,3,594.0,1,2,True,True,312,away,230,1783732062.0,18,False,"jcarrico,rpieran,kconniff,jmaskalun,agutowsky,mjunga,kalexande",231,460,fa4bdb733779990078d4d4213d2dbe3ffdecc9cce990be6041e5598ae70bcc1a,1783732062.0,False,312,589.777777777778,8.68698451708071,-8.26,2.69,71.9613389278756,8fc3ded41408d49739e28aad3bd1bb23df175bbdf51364f5832d6b83ced742a8,0.990004376733921,0.00999562326607906,0.617295887389263,0.639028763511645,0.641849711109508,0.906959634302957,1309.77777777778,8.0,0.999,0.00282094759786244,0.00737109297994855,460.0,7cbcefd31e44591e73265f9060ba25802dd6b829,2026-08-18 08:07:04,2026-07-11 01:09:41,2026-07-10-PIT-MAD,radicals,thunderbirds,31,19,2026-07-10 19:00:00
mmarshall,-12.4,26.26,whoffenka,-6.71,14.75,0,0,0,"rduncan,mmarshall,whoffenka,rward1,lstorm,mdillard,bgessner",False,2026-07-10-PIT-MAD,17,9,3,3,594.0,1,3,True,True,313,away,231,1783732065.0,18,False,"jcarrico,rpieran,kconniff,jmaskalun,agutowsky,mjunga,kalexande",232,461,c423d5870c307259da30ef432255080e3c85827a4248a2f5ef810b7432c118b6,1783732065.0,False,313,585.555555555556,12.8396339511685,5.69,-11.51,-153.694384574639,9a05517512053e44b96eb74cbc60ca7079eab4406893220ca73464cee17402d5,0.990039330869327,0.00996066913067251,0.617295887389263,0.642349704009621,0.617241997335384,0.92963387614069,1305.55555555556,8.0,0.999,-0.0251077066742366,-0.0656060539902652,461.0,f52bc204d12a01978df3ca0e8899ab14a2591ef4,2026-08-18 08:07:04,2026-07-11 01:09:41,2026-07-10-PIT-MAD,radicals,thunderbirds,31,19,2026-07-10 19:00:00
whoffenka,-6.71,14.75,mmarshall,-0.77,16.04,0,0,0,"rduncan,mmarshall,whoffenka,rward1,lstorm,mdillard,bgessner",False,2026-07-10-PIT-MAD,17,9,3,3,594.0,1,4,True,True,314,away,232,1783732067.0,18,False,"jcarrico,rpieran,kconniff,jmaskalun,agutowsky,mjunga,kalexande",233,462,8d456924d5daeac45cf3d79fe9e189d54bc066e8042b1dd82907484c4da5c175,1783732067.0,False,314,581.333333333333,6.07846197652005,5.94,1.29,-77.7472404844526,5dedcb0e99409a93fd400d1ee74d78b5f4f25b54a4099b0851589b101ccc7952,0.993395884255414,0.00660411574458586,0.617295887389263,0.61781756242726,0.621677690344965,0.930048080255062,1301.33333333333,8.0,0.999,0.00386012791770429,0.0100864552810034,462.0,3da0b95a6b6794fe5b10af5535fc31b47731b509,2026-08-18 08:07:04,2026-07-11 01:09:41,2026-07-10-PIT-MAD,radicals,thunderbirds,31,19,2026-07-10 19:00:00
mmarshall,-0.77,16.04,lstorm,9.46,24.85,0,0,0,"rduncan,mmarshall,whoffenka,rward1,lstorm,mdillard,bgessner",False,2026-07-10-PIT-MAD,17,9,3,3,594.0,1,5,True,True,315,away,233,1783732070.0,18,False,"jcarrico,rpieran,kconniff,jmaskalun,agutowsky,mjunga,kalexande",234,463,279f98467eb83737df479b93f4da63eecfa55275a24d3068504a478d50e87826,1783732070.0,False,315,577.111111111111,13.500703685364,10.23,8.81,-49.2652133810776,c79abd82d6637cf28df0e406be6eb67bd51b37d22ba3ab983438bf1820719f97,0.983796331740771,0.0162036682592288,0.617295887389263,0.622301953340381,0.642161407360982,0.913812843436264,1297.11111111111,8.0,0.999,0.0198594540206015,0.0518924499794998,463.0,7a66492e0c04f70e7e61da09b20d42dcddd85b6b,2026-08-18 08:07:04,2026-07-11 01:09:41,2026-07-10-PIT-MAD,radicals,thunderbirds,31,19,2026-07-10 19:00:00
lstorm,9.46,24.85,whoffenka,17.11,46.77,0,0,0,"rduncan,mmarshall,whoffenka,rward1,lstorm,mdillard,bgessner",False,2026-07-10-PIT-MAD,17,9,3,3,594.0,1,6,True,True,316,away,234,1783732075.0,18,False,"jcarrico,rpieran,kconniff,jmaskalun,agutowsky,mjunga,kalexande",235,464,cd153f0c6e346f3340d0f372012278767eb284e124c7e7489dd8876b4c2d48d9,1783732075.0,False,316,572.888888888889,23.2165652067656,7.65,21.92,-19.2388008969741,e5ec8ae843f0cfa07ab52d83c2a5d29d5bd68c89c38a641df81fbaa0cfe2fd76,0.950648534042868,0.0493514659571322,0.617295887389263,0.642811515920386,0.700261623061298,0.817424221150485,1292.88888888889,8.0,0.999,0.0574501071409126,0.150116252341786,464.0,07eca1f873000f4ca3b0ffd74950e5894728bc60,2026-08-18 08:07:04,2026-07-11 01:09:41,2026-07-10-PIT-MAD,radicals,thunderbirds,31,19,2026-07-10 19:00:00
whoffenka,17.11,46.77,mdillard,13.86,70.53,0,0,0,"rduncan,mmarshall,whoffenka,rward1,lstorm,mdillard,bgessner",False,2026-07-10-PIT-MAD,17,9,3,3,594.0,1,7,True,True,317,away,235,1783732082.0,18,False,"jcarrico,rpieran,kconniff,jmaskalun,agutowsky,mjunga,kalexande",236,465,070d627fdd633652736b78bafd0fbb92824ada1af0a2a1b7b19da72fef9c5efc,1783732082.0,False,317,568.666666666667,23.9812447550164,-3.25,23.76,7.78883884652009,2f065f1c992c5659bf3ae25f2ca3b4be6fca093c49fefeed420cdd7cb7f601e1,0.914636646347351,0.085363353652649,0.617295887389263,0.700883057961902,0.810055534177935,0.720732371890811,1288.66666666667,8.0,0.999,0.109172476216034,0.28526601261554,465.0,3a86110f1e04b420ae47e266613f22df2bb0d4c8,2026-08-18 08:07:04,2026-07-11 01:09:41,2026-07-10-PIT-MAD,radicals,thunderbirds,31,19,2026-07-10 19:00:00
mdillard,13.86,70.53,bgessner,12.58,80.44,0,0,0,"rduncan,mmarshall,whoffenka,rward1,lstorm,mdillard,bgessner",False,2026-07-10-PIT-MAD,17,9,3,3,594.0,1,8,True,True,318,away,236,1783732086.0,18,False,"jcarrico,rpieran,kconniff,jmaskalun,agutowsky,mjunga,kalexande",237,466,d38894cfd2b8131f1862fecac54495085ddf941253bce70de1481ca4b062d073,1783732086.0,False,318,564.444444444444,9.99232205245607,-1.28,9.91,7.35971721142117,0935f716cc2154ccdc8226257a0d64e67d05468e2ba753db18660de576158a97,0.973767450109787,0.0262325498902127,0.617295887389263,0.810524626841527,0.855543855000036,0.686622845277793,1284.44444444444,8.0,0.999,0.0450192281585092,0.117634555456946,466.0,82249df7dacff751192cfea9fae46508e73f1dd0,2026-08-18 08:07:04,2026-07-11 01:09:41,2026-07-10-PIT-MAD,radicals,thunderbirds,31,19,2026-07-10 19:00:00
bgessner,12.58,80.44,rduncan,10.13,107.51,0,0,0,"rduncan,mmarshall,whoffenka,rward1,lstorm,mdillard,bgessner",False,2026-07-10-PIT-MAD,17,10,3,3,594.0,1,9,True,True,319,away,237,1783732090.0,19,False,"jcarrico,rpieran,kconniff,jmaskalun,agutowsky,mjunga,kalexande",238,467,81d9894966ea44b2561ad5ff11e567b871939d8fc1b5f8f1d143a23238f6cad3,1783732090.0,False,319,560.222222222222,27.1806438481505,-2.45,27.07,5.17152739159526,4008880e27902634e5990b3d7c82d707e9f1b22bf98f322670a6238f972fef34,0.866603089065495,0.133396910934505,0.617295887389263,0.85592627973213,1.0,0.632116012552882,1280.22222222222,8.0,0.998,0.14407372026787,0.376462430165764,467.0,03b05daedfb1d1305be25171184faa46cbd7636f,2026-08-18 08:07:04,2026-07-11 01:09:41,2026-07-10-PIT-MAD,radicals,thunderbirds,31,19,2026-07-10 19:00:00
imccosky,11.25,27.88,gvordick,-3.01,29.24,0,0,0,"msample,imccosky,nranabhat,rpieran,jnelson,gvordick,esjostrom",True,2026-07-10-PIT-MAD,17,10,3,4,556.0,1,1,True,True,320,home,231,1783732145.0,18,False,"lcall,akirages,lbecker,pzaccardi,knicholl,rkindell,ecampion",232,472,b6b6d02e283bd8fc580e56d7a3e1a72c5945103c47bb2ffbfaea6a923ac92c07,1783732145.0,False,320,556.0,14.324705930664,-14.26,1.36,84.5520836445285,88258c0d4a958d4a2f697d67d17de209eff3b454bbae8abcaaba1d6202d6cc84,0.983187345189557,0.0168126548104435,0.652285096045322,0.652285096045322,0.65999930400391,0.900137456258714,1276.0,7.0,0.998,0.00771420795858746,0.0221854394817455,472.0,555711010ee2d85f94655299a1f57c3ef24b04d7,2026-08-18 08:07:04,2026-07-11 01:09:41,2026-07-10-PIT-MAD,radicals,thunderbirds,31,19,2026-07-10 19:00:00
gvordick,-3.01,29.24,nranabhat,3.06,40.63,0,0,0,"msample,imccosky,nranabhat,rpieran,jnelson,gvordick,esjostrom",True,2026-07-10-PIT-MAD,17,10,3,4,556.0,1,2,True,True,321,home,232,1783732147.0,18,False,"lcall,akirages,lbecker,pzaccardi,knicholl,rkindell,ecampion",233,473,d8749ace9d1d24c3ef47270cd03966228caf735231cbbe431c8ba66089f1d4d6,1783732147.0,False,321,549.75,12.906471245077,6.07,11.39,-28.0542074388845,6c77e90f7cb91c630919a3c4c58dfc7d496199858bfe3987d4aadb9967e7a15c,0.98066963874553,0.0193303612544697,0.652285096045322,0.661009332563121,0.69716571886852,0.855433827438793,1269.75,7.0,0.998,0.0361563863053987,0.103982848863193,473.0,a6265a6aa4e18910b8b0082ee0ef30a62ef0240f,2026-08-18 08:07:04,2026-07-11 01:09:41,2026-07-10-PIT-MAD,radicals,thunderbirds,31,19,2026-07-10 19:00:00
nranabhat,3.06,40.63,msample,-17.46,50.38,0,0,0,"msample,imccosky,nranabhat,rpieran,jnelson,gvordick,esjostrom",True,2026-07-10-PIT-MAD,17,10,3,4,556.0,1,3,True,True,322,home,233,1783732159.0,18,False,"lcall,akirages,lbecker,pzaccardi,knicholl,rkindell,ecampion",234,474,bf9cf2ac430b988d2e681b6f74770ba85865a9f311ca384bc54a206cae4d7345,1783732159.0,False,322,543.5,22.718558493003,-20.52,9.75,64.5854477441314,c26545ed34de3807fa501c1c3eccf945c2f544f28f5218c81a9a1f22d2a9e8c6,0.964215446415846,0.0357845535841544,0.652285096045322,0.698068018460052,0.720075144445246,0.80165418523233,1263.5,7.0,0.998,0.0220071259851939,0.0632907181570291,474.0,44733d38a39d2af98b3a9eb7265df6d2ca87eb41,2026-08-18 08:07:04,2026-07-11 01:14:45,2026-07-10-PIT-MAD,radicals,thunderbirds,31,19,2026-07-10 19:00:00
msample,-17.46,50.38,gvordick,-5.67,42.4,0,0,0,"msample,imccosky,nranabhat,rpieran,jnelson,gvordick,esjostrom",True,2026-07-10-PIT-MAD,17,10,3,4,556.0,1,4,True,True,323,home,234,1783732163.0,18,False,"lcall,akirages,lbecker,pzaccardi,knicholl,rkindell,ecampion",235,475,cbdb8ba17ee241bafd33508d6d4ed1474d7aa3a3b0340a8ee086d900d8809d54,1783732163.0,False,323,537.25,14.2367306640254,11.79,-7.98,-124.091901588718,17efa0889b6223cbd39fb580a0f3c2d59bc199784ed1b853f0b2d714cd4167a5,0.981152405543841,0.0188475944561591,0.652285096045322,0.720863716843356,0.704631551179238,0.848783636544203,1257.25,7.0,0.998,-0.0162321656641181,-0.0466823983657424,475.0,ae0a1e5faf1b032803041f7ee630d4119f0e0273,2026-08-18 08:07:04,2026-07-11 01:14:45,2026-07-10-PIT-MAD,radicals,thunderbirds,31,19,2026-07-10 19:00:00
gvordick,-5.67,42.4,imccosky,-1.71,51.61,0,0,0,"msample,imccosky,nranabhat,rpieran,jnelson,gvordick,esjostrom",True,2026-07-10-PIT-MAD,17,10,3,4,556.0,1,5,True,True,324,home,235,1783732167.0,18,False,"lcall,akirages,lbecker,pzaccardi,knicholl,rkindell,ecampion",236,476,dd6e063249f8d4796dda69634a51a19a189371e7b176ec7fe038ffd1d89976f5,1783732167.0,False,324,531.0,10.0252531140116,3.96,9.21,-23.2661297116542,467f35f5f0735feb5c0e1c0c7ea6085dc2af5788c8abd36a8753c39747360e81,0.983230256470224,0.0167697435297759,0.652285096045322,0.705359578358114,0.74018536332009,0.810126033354495,1251.0,7.0,0.998,0.0348257849619761,0.10015614679121,476.0,adf10a26710d98714f9d7c09931afebbef6221d2,2026-08-18 08:07:04,2026-07-11 01:09:41,2026-07-10-PIT-MAD,radicals,thunderbirds,31,19,2026-07-10 19:00:00
imccosky,-1.71,51.61,rpieran,14.93,70.29,0,0,0,"msample,imccosky,nranabhat,rpieran,jnelson,gvordick,esjostrom",True,2026-07-10-PIT-MAD,17,10,3,4,556.0,1,6,True,True,325,home,236,1783732172.0,18,False,"lcall,akirages,lbecker,pzaccardi,knicholl,rkindell,ecampion",237,477,90c4072845d7f0153e2e5d73f659327747f8bf251cdc8a7f38cc002dc534f762,1783732172.0,False,325,524.75,25.0166344658909,16.64,18.68,-41.6944032409246,a2511558396d033e51179a242c65e4ab27514484ad303fcb81ea194aa7a51bc8,0.932727042787003,0.0672729572129966,0.652285096045322,0.740781454274762,0.811704008936495,0.72554058663712,1244.75,7.0,0.998,0.0709225546617329,0.203967543108182,477.0,a93f877f1aa3980a22ceeaed158bda7274c92888,2026-08-18 08:07:04,2026-07-11 01:09:41,2026-07-10-PIT-MAD,radicals,thunderbirds,31,19,2026-07-10 19:00:00
rpieran,14.93,70.29,imccosky,-0.69,77.04,0,0,0,"msample,imccosky,nranabhat,rpieran,jnelson,gvordick,esjostrom",True,2026-07-10-PIT-MAD,17,10,3,4,556.0,1,7,True,True,326,home,237,1783732175.0,18,False,"lcall,akirages,lbecker,pzaccardi,knicholl,rkindell,ecampion",238,478,1388a23f74e4197b0683351b43bf8a55847a3e5bc22688292aefb8af5213cdd5,1783732175.0,False,326,518.5,17.016077691407,-15.62,6.75,66.6289788470312,ad74fd2e01cb4e99c390fd68d478a560cd59c8971aaf3750db2187023c74466a,0.958426153383883,0.0415738466161174,0.652285096045322,0.812119697642401,0.84795808351382,0.709104413981961,1238.5,7.0,0.998,0.0358383858714183,0.103068305280609,478.0,ca98add76bffae3c9da8b7148e3b5b5deaef1c4c,2026-08-18 08:07:04,2026-07-11 01:09:41,2026-07-10-PIT-MAD,radicals,thunderbirds,31,19,2026-07-10 19:00:00
imccosky,-0.69,77.04,msample,4.7,107.86,0,0,0,"msample,imccosky,nranabhat,rpieran,jnelson,gvordick,esjostrom",True,2026-07-10-PIT-MAD,18,10,3,4,556.0,1,8,True,True,327,home,238,1783732186.0,19,False,"lcall,akirages,lbecker,pzaccardi,knicholl,rkindell,ecampion",239,480,13a15bec1f123829137ef3cced36baf93bcc485438cf1e250bceaa8efb63c431,1783732186.0,False,327,512.25,31.2877691758297,5.39,30.82,-9.91993207123549,c6434305d883ca328eb87fde961ef7b97cc3fdc48e01b7629ed0d2f29627ea15,0.851840072555223,0.148159927444777,0.652285096045322,0.848262214800515,1.0,0.640557621147888,1232.25,7.0,0.998,0.151737785199485,0.436385623606353,480.0,28356cefc3abc0889b741550cc9f33939e683284,2026-08-18 08:07:04,2026-07-11 01:14:45,2026-07-10-PIT-MAD,radicals,thunderbirds,31,19,2026-07-10 19:00:00
mdillard,-8.73,20.0,whoffenka,-7.32,32.93,0,0,0,"rduncan,mmarshall,whoffenka,rward1,lstorm,mdillard,bgessner",False,2026-07-10-PIT-MAD,18,10,3,5,506.0,1,1,True,True,328,away,242,1783732233.0,18,False,"jleibfort,mweber2,sknoche,vluo,agutowsky,mgrinde,mmccarthy",243,483,4efbda2194605e4fc94dc3a8ac480767f910a09f1a3e6aedb94689956ad0c39a,1783732233.0,False,328,506.0,13.0066521441914,1.41,12.93,-6.22344044644603,426a1fbba20b2fe638de19d381ffbc132877d7c1b27dc79eb718fdfc2eb987fa,0.980010258593018,0.0199897414069818,0.639833150004146,0.639833150004146,0.676010482372219,0.888401129020085,1226.0,8.0,0.999,0.0361773323680723,0.100446035964967,483.0,2d97725d22defab7b791c02f585b82815168fee9,2026-08-18 08:07:04,2026-07-11 01:14:45,2026-07-10-PIT-MAD,radicals,thunderbirds,31,19,2026-07-10 19:00:00
whoffenka,-7.32,32.93,rduncan,2.11,42.42,0,0,0,"rduncan,mmarshall,whoffenka,rward1,lstorm,mdillard,bgessner",False,2026-07-10-PIT-MAD,18,10,3,5,506.0,1,2,True,True,329,away,243,1783732237.0,18,False,"jleibfort,mweber2,sknoche,vluo,agutowsky,mgrinde,mmccarthy",244,485,c69af844fb4d24cf395360bff4af14cd7fb55391054c28a1f735c93577691bf9,1783732237.0,False,329,499.125,13.3785275721957,9.43,9.49,-44.8183015197358,6648145efdb5b0fed1c0e7e6a17824a8e2b412a0c7db6ac01bc6d708face125d,0.979596304820127,0.0204036951798727,0.639833150004146,0.676414920007265,0.708430534520745,0.850968025688003,1219.125,8.0,0.999,0.0320156145134799,0.0888910639995004,485.0,71a085a374d301ff3251bd223449674029dd3b4c,2026-08-18 08:07:04,2026-07-11 01:14:45,2026-07-10-PIT-MAD,radicals,thunderbirds,31,19,2026-07-10 19:00:00
rduncan,2.11,42.42,whoffenka,-6.34,40.83,0,0,0,"rduncan,mmarshall,whoffenka,rward1,lstorm,mdillard,bgessner",False,2026-07-10-PIT-MAD,18,10,3,5,506.0,1,3,True,True,330,away,244,1783732241.0,18,False,"jleibfort,mweber2,sknoche,vluo,agutowsky,mgrinde,mmccarthy",245,486,ef005f67e8dda7e3592f099682185c43b199645ae576cfb6d67dae64f2cc98ee,1783732241.0,False,330,492.25,8.59829052777353,-8.45,-1.59,100.656496166671,d814bb41507303e427ae61141a8a7aa88d4ec666d7fcf44b341569a0771cc3db,0.989329471266756,0.0106705287332436,0.639833150004146,0.708736228956047,0.70258806965159,0.857387815327252,1212.25,8.0,0.999,-0.006148159304457,-0.0170703086764586,486.0,676bda0cdcc02d421009d6ac859d59e3c80b1e1b,2026-08-18 08:07:04,2026-07-11 01:14:45,2026-07-10-PIT-MAD,radicals,thunderbirds,31,19,2026-07-10 19:00:00
whoffenka,-6.34,40.83,rduncan,-4.32,29.63,0,0,0,"rduncan,mmarshall,whoffenka,rward1,lstorm,mdillard,bgessner",False,2026-07-10-PIT-MAD,18,10,3,5,506.0,1,4,True,True,331,away,245,1783732246.0,18,False,"jleibfort,mweber2,sknoche,vluo,agutowsky,mgrinde,mmccarthy",246,487,99b58e02ec8384b12102f7a48114cd826fd6f7e0cfd1dfa351ba7e766864b722,1783732246.0,False,331,485.375,11.3807029659859,2.02,-11.2,-169.776206921934,74076c39cc540d9469b98ab91ad6ac1ce6bd4aeb5589b7233f588cfc0207d387,0.990185609980003,0.0098143900199974,0.639833150004146,0.702825926693924,0.667836475046174,0.901403834568001,1205.375,8.0,0.999,-0.0349894516477505,-0.0971478958936762,487.0,96c801b753aa9c18a71b858d7948d228304fddb1,2026-08-18 08:07:04,2026-07-11 01:14:45,2026-07-10-PIT-MAD,radicals,thunderbirds,31,19,2026-07-10 19:00:00
rduncan,-4.32,29.63,whoffenka,2.35,30.67,0,0,0,"rduncan,mmarshall,whoffenka,rward1,lstorm,mdillard,bgessner",False,2026-07-10-PIT-MAD,18,10,3,5,506.0,1,5,True,True,332,away,246,1783732248.0,18,False,"jleibfort,mweber2,sknoche,vluo,agutowsky,mgrinde,mmccarthy",247,488,e32685b8c1b21940571fca8a813eca6a8bb74c16269c1eec176d6f1227a1f331,1783732248.0,False,332,478.5,6.75059256658258,6.67,1.04,-81.1376847226451,78165d6268ee04d7597ce97061823543b0cb4f13641a2ea76fafdd1e0c423151,0.991582724189541,0.0084172758104587,0.639833150004146,0.668018713508953,0.671328490722391,0.897779773625051,1198.5,8.0,0.999,0.00330977721343817,0.00918956648418996,488.0,dffaec37bb7e45c562bf678b66044c832dc1769c,2026-08-18 08:07:04,2026-07-11 01:14:45,2026-07-10-PIT-MAD,radicals,thunderbirds,31,19,2026-07-10 19:00:00
whoffenka,2.35,30.67,rward1,10.13,41.69,0,0,0,"rduncan,mmarshall,whoffenka,rward1,lstorm,mdillard,bgessner",False,2026-07-10-PIT-MAD,18,10,3,5,506.0,1,6,True,True,333,away,247,1783732254.0,18,False,"jleibfort,mweber2,sknoche,vluo,agutowsky,mgrinde,mmccarthy",248,489,31ab1c941664323ab18df53da1344e6826c10ff9b3016dcc8f4ec3a57060df0f,1783732254.0,False,333,471.625,13.489581164736,7.78,11.02,-35.2216753179908,8b385efb895dba87ad6c75427b1eaba3792106df30fa9a9dfc703a26f0a29467,0.978915107554443,0.0210848924455568,0.639833150004146,0.671445339152799,0.704163251278697,0.853195502473035,1191.625,8.0,0.999,0.0327179121258981,0.0908409869655544,489.0,730e355791dd06b84be2a7bbffe29f02fb159dc2,2026-08-18 08:07:04,2026-07-11 01:14:45,2026-07-10-PIT-MAD,radicals,thunderbirds,31,19,2026-07-10 19:00:00
rward1,10.13,51.69,whoffenka,-4.51,55.83,0,0,0,"rduncan,mmarshall,whoffenka,rward1,lstorm,mdillard,bgessner",False,2026-07-10-PIT-MAD,18,10,3,5,506.0,1,7,True,True,334,away,249,1783732266.0,18,False,"jleibfort,mweber2,sknoche,vluo,agutowsky,mgrinde,mmccarthy",250,492,b4a2a3fbdf7ae3a2415f3dbbc683230c67d6c3144f0043146395524c779cbbe8,1783732266.0,False,334,464.75,15.2141118702342,-14.64,4.14,74.2097927215063,572fd6c233c5455653d0432e040224212b33d619ed252c5f02ccacd214f96ccc,0.974290926178677,0.0257090738213231,0.639833150004146,0.741274595386823,0.759779044234724,0.794433659204666,1184.75,8.0,0.999,0.0185044488479014,0.0513774347864452,492.0,4ba8198b3335ee7cbb9735e9f4ac17f0ccb108a5,2026-08-18 08:07:04,2026-07-11 01:14:45,2026-07-10-PIT-MAD,radicals,thunderbirds,31,19,2026-07-10 19:00:00
whoffenka,-4.51,55.83,bgessner,-15.04,65.14,0,0,0,"rduncan,mmarshall,whoffenka,rward1,lstorm,mdillard,bgessner",False,2026-07-10-PIT-MAD,18,10,3,5,506.0,1,8,True,True,335,away,250,1783732270.0,18,False,"jleibfort,mweber2,sknoche,vluo,agutowsky,mgrinde,mmccarthy",251,493,b1e879591bf9b2dd21fb44ffceff3a0439a54affe2f00d2e976e5acc8be79b00,1783732270.0,False,335,457.875,14.0554971452453,-10.53,9.31,48.5187976798328,bf8b4d26ab08a7848cfef5462bba2dafc7fd2493f8fa5d9286b2d080ca447e0a,0.974705251891099,0.0252947481089012,0.639833150004146,0.75978275851866,0.792101926660999,0.747178614794038,1177.875,8.0,0.999,0.0323191681423394,0.0897338779032869,493.0,7f7a4de8dbc908ff588b839eafb7a8434fe87a20,2026-08-18 08:07:04,2026-07-11 01:14:45,2026-07-10-PIT-MAD,radicals,thunderbirds,31,19,2026-07-10 19:00:00
bgessner,-15.04,65.14,whoffenka,-14.06,51.24,0,0,0,"rduncan,mmarshall,whoffenka,rward1,lstorm,mdillard,bgessner",False,2026-07-10-PIT-MAD,18,10,3,5,506.0,1,9,True,True,336,away,251,1783732272.0,18,False,"jleibfort,mweber2,sknoche,vluo,agutowsky,mgrinde,mmccarthy",252,494,d9044763aa45567346c717f134885045e7999d84aafd966d8326a7c1ef51ef6b,1783732272.0,False,336,451.0,13.9345039380668,0.979999999999999,-13.9,-175.967114774379,07095f089ac43f6d9b7f3f2da90daa5c6d6ce004281bbab9d6d928c871ccb09e,0.982475984587747,0.0175240154122527,0.639833150004146,0.792069498761567,0.735610670944117,0.80835193694321,1171.0,8.0,0.999,-0.0564588278174504,-0.15675742456059,494.0,0d8b72da8aa2815e68154fa5a0226aa618774bf4,2026-08-18 08:07:04,2026-07-11 01:14:45,2026-07-10-PIT-MAD,radicals,thunderbirds,31,19,2026-07-10 19:00:00
whoffenka,-14.06,51.24,mdillard,-12.65,64.95,0,0,0,"rduncan,mmarshall,whoffenka,rward1,lstorm,mdillard,bgessner",False,2026-07-10-PIT-MAD,18,10,3,5,506.0,1,10,True,True,337,away,252,1783732281.0,18,False,"jleibfort,mweber2,sknoche,vluo,agutowsky,mgrinde,mmccarthy",253,495,cb0ed3581f11b40e29f36e21001fc33eb59ad5ac215b27d8a486185b1457365f,1783732281.0,False,337,444.125,13.7823147547863,1.41,13.71,-5.87191935913425,ac842ddb3b94ff6ab35351e8f3b9a51d703d7f2a8b760d1ad2c79cdb983eb84f,0.967346368699468,0.0326536313005317,0.639833150004146,0.735534960128677,0.794247813300306,0.75196468310932,1164.125,8.0,0.999,0.0587128531716292,0.163015705560645,495.0,9bb14bf588f1e16c1a40fcb48b3900b31e7cbc3d,2026-08-18 08:07:04,2026-07-11 01:14:45,2026-07-10-PIT-MAD,radicals,thunderbirds,31,19,2026-07-10 19:00:00
mdillard,-12.65,74.95,mmarshall,8.54,70.28,0,0,0,"rduncan,mmarshall,whoffenka,rward1,lstorm,mdillard,bgessner",False,2026-07-10-PIT-MAD,18,10,3,5,506.0,1,11,True,True,338,away,254,1783732296.0,18,False,"jleibfort,mweber2,sknoche,vluo,agutowsky,mgrinde,mmccarthy",255,497,8b12a46f47919377918f40290e123fbdbc8b5c317bcd60739e48ec85e8fbf58e,1783732296.0,False,338,437.25,21.6985022524597,21.19,-4.67,-102.428565257922,e51413804ac3543cecc7ec38ca9e6990a774ada901c206d9cf18a8ce69096a65,0.952371920857317,0.047628079142683,0.639833150004146,0.837336390208054,0.819445111196316,0.734559376667488,1157.25,8.0,0.999,-0.0178912790117378,-0.0496749742846788,497.0,0d06d788e2829d86e78b7a8c573e5b6474d8d60f,2026-08-18 08:07:04,2026-07-11 01:14:45,2026-07-10-PIT-MAD,radicals,thunderbirds,31,19,2026-07-10 19:00:00
mmarshall,8.54,70.28,mdillard,6.46,78.18,0,0,0,"rduncan,mmarshall,whoffenka,rward1,lstorm,mdillard,bgessner",False,2026-07-10-PIT-MAD,18,10,3,5,506.0,1,12,True,True,339,away,255,1783732301.0,18,False,"jleibfort,mweber2,sknoche,vluo,agutowsky,mgrinde,mmccarthy",256,498,916859b7971ad4508f1ddc4abb1bbb5e2c2553705349cb87b665e0628b33cfd4,1783732301.0,False,339,430.375,8.16923497030169,-2.08,7.90000000000001,14.7507024974323,038dab5be0292153b3d219ff6f199737c5e293519efe4fe827cc59ae74b39556,0.980272314825569,0.0197276851744311,0.639833150004146,0.819341641854535,0.853376885322142,0.70617243633216,1150.375,8.0,0.999,0.034035243467607,0.0944985455157764,498.0,b085800a0ae6cb0bb9b24a931a19ea026b8b7827,2026-08-18 08:07:04,2026-07-11 01:14:45,2026-07-10-PIT-MAD,radicals,thunderbirds,31,19,2026-07-10 19:00:00
mdillard,6.46,88.18,whoffenka,-10.69,79.28,0,0,0,"rduncan,mmarshall,whoffenka,rward1,lstorm,mdillard,bgessner",False,2026-07-10-PIT-MAD,18,10,3,5,506.0,1,13,True,True,340,away,257,1783732321.0,18,False,"jleibfort,mweber2,sknoche,vluo,agutowsky,mgrinde,mmccarthy",258,500,ef967f25536fabd654626137dd6e31c2364ea80cf1cf24d752877b7bc51d20de,1783732321.0,False,340,423.5,19.3218140970252,-17.15,-8.90000000000001,117.427075404568,384fdf2b05bded07deb68d7dc50aee9e69a2e24f73630fda1b352d487fdc1ef0,0.95723275342021,0.0427672465797896,0.639833150004146,0.893060065365336,0.856694977280616,0.699807972156364,1143.5,8.0,0.999,-0.0363650880847198,-0.100967338013308,500.0,5be19254321a9e6b7bcc984a01cabddf04e030ae,2026-08-18 08:07:04,2026-07-11 01:14:45,2026-07-10-PIT-MAD,radicals,thunderbirds,31,19,2026-07-10 19:00:00
whoffenka,-10.69,79.28,mdillard,0.88,84.18,0,0,0,"rduncan,mmarshall,whoffenka,rward1,lstorm,mdillard,bgessner",False,2026-07-10-PIT-MAD,18,10,3,5,506.0,1,14,True,True,341,away,258,1783732328.0,18,False,"jleibfort,mweber2,sknoche,vluo,agutowsky,mgrinde,mmccarthy",259,501,1a5e295952b998bd5e78596177a959f58462d362136ceabed6c5af25458c640c,1783732328.0,False,341,416.625,12.5648278937676,11.57,4.90000000000001,-67.0469014483957,e947bfd11acdaddfd69abb6de421038d6f673ba7442072a6f2391b3a68d3641c,0.970083491590988,0.0299165084090121,0.639833150004146,0.856583291598842,0.877945569142176,0.686545973314336,1136.625,8.0,0.998,0.021362277543334,0.0593121702999038,501.0,85165f8e21ce5905127d0daab33725195dcfb64e,2026-08-18 08:07:04,2026-07-11 01:14:45,2026-07-10-PIT-MAD,radicals,thunderbirds,31,19,2026-07-10 19:00:00
mdillard,0.88,84.18,lstorm,13.25,87.42,0,0,0,"rduncan,mmarshall,whoffenka,rward1,lstorm,mdillard,bgessner",False,2026-07-10-PIT-MAD,18,10,3,5,506.0,1,15,True,True,342,away,259,1783732331.0,18,False,"jleibfort,mweber2,sknoche,vluo,agutowsky,mgrinde,mmccarthy",260,502,633786003b2c70221241d2e2cd7de83f0d395235cf61b0f7b9a16787245ef509,1783732331.0,False,342,409.75,12.7872788348421,12.37,3.23999999999999,-75.3225748408722,8d7cb4d05d3a42d23efe6ee0a9064f7570748dd5079bc0d0cda7ea6385ee7880,0.970582740069369,0.0294172599306313,0.639833150004146,0.877840818648846,0.887297930854185,0.670464756863729,1129.75,8.0,0.998,0.00945711220533907,0.0262575864642955,502.0,6860a75f8ed00b6db1fd634315e742713b43766e,2026-08-18 08:07:04,2026-07-11 01:14:45,2026-07-10-PIT-MAD,radicals,thunderbirds,31,19,2026-07-10 19:00:00
lstorm,13.25,87.42,whoffenka,11.54,110.44,0,0,0,"rduncan,mmarshall,whoffenka,rward1,lstorm,mdillard,bgessner",False,2026-07-10-PIT-MAD,18,11,3,5,506.0,1,16,True,True,343,away,260,1783732338.0,19,False,"jleibfort,mweber2,sknoche,vluo,agutowsky,mgrinde,mmccarthy",261,503,35a7289a6a8a4bc638e5917d9f8eb10760128a9489781f07a71f53fb471151c0,1783732338.0,False,343,402.875,23.0834247892292,-1.71,23.02,4.24831308379589,a26aefe7ff1b68e4f21cde439ab516a1137b3a22151ec6ffbccd853d901465e0,0.894054395558568,0.105945604441432,0.639833150004146,0.887195888978134,1.0,0.637769146958853,1122.875,8.0,0.998,0.112804111021866,0.313199593530511,503.0,7199835dc51e25de75cff9d4359ffa29c95e7d4a,2026-08-18 08:07:04,2026-07-11 01:14:45,2026-07-10-PIT-MAD,radicals,thunderbirds,31,19,2026-07-10 19:00:00
gvordick,-17.67,17.31,imccosky,-23.33,36.2,0,0,0,"imccosky,gvordick,jnelson,msample,sstark,rpieran,nranabhat",True,2026-07-10-PIT-MAD,18,11,3,6,396.0,1,1,True,True,344,home,244,1783732397.0,18,False,"nceluch,astevenso,hpark,pzaccardi,lcall,lbecker,akirages",245,508,f24e4f660a330bfb4bfc2d3aee8f4202d40b491ee845d7f8e04fe1b84bac4487,1783732397.0,False,344,396.0,19.7197286999593,-5.66,18.89,16.6797634470723,df9f95b202a345557da6c93761a48cbf70cf356a059b0fcfa2bb038da9ca2af3,0.951769710325141,0.0482302896748593,0.617697567003752,0.617697567003752,0.638128038800528,0.850564458057606,1116.0,7.0,0.998,0.0204304717967759,0.0534406010358204,508.0,d68b892389fc7cf184f2b7b744a65f14a321099f,2026-08-18 08:07:04,2026-07-11 01:14:45,2026-07-10-PIT-MAD,radicals,thunderbirds,31,19,2026-07-10 19:00:00
imccosky,-23.33,36.2,nranabhat,-23.53,49.09,0,0,0,"imccosky,gvordick,jnelson,msample,sstark,rpieran,nranabhat",True,2026-07-10-PIT-MAD,18,11,3,6,396.0,1,2,True,True,345,home,245,1783732406.0,18,False,"nceluch,astevenso,hpark,pzaccardi,lcall,lbecker,akirages",246,510,09a7e405e7480abd8d07d040a77e7eb58ab70fa4d5c1ea8da20b709ba1faaee7,1783732406.0,False,345,389.857142857143,12.8915514970076,-0.200000000000003,12.89,0.888924473534885,2740cef2d9b66b4ee9f74f2f3eb83cc5c27fd21dcf1d7fefa08afe8e9a27327f,0.963984073426874,0.0360159265731265,0.617697567003752,0.63791505236103,0.685341044935643,0.787312081272056,1109.85714285714,7.0,0.998,0.0474259925746132,0.124053598620647,510.0,6169a006c78c6b82614df766817763d27d94fbd0,2026-08-18 08:07:04,2026-07-11 01:14:45,2026-07-10-PIT-MAD,radicals,thunderbirds,31,19,2026-07-10 19:00:00
nranabhat,-23.53,49.09,,-13.24,59.72,1,0,0,"imccosky,gvordick,jnelson,msample,sstark,rpieran,nranabhat",True,2026-07-10-PIT-MAD,18,11,3,6,396.0,1,3,True,True,346,home,246,1783732410.0,22,False,"nceluch,astevenso,hpark,pzaccardi,lcall,lbecker,akirages",247,512,e123064f222761be059276ca05c0892e1fda7e132a036b09be8ea8529f327690,1783732410.0,False,346,383.714285714286,14.7946274032163,10.29,10.63,-44.0688886182492,d82ec429c55859c457152aff000bb4b021e5a56b2c8b4a28b7b07a1211cc0680,0.960788167309693,-0.960788167309693,0.617697567003752,0.685147176236093,0.769929484546228,0.771500682202287,1103.71428571429,7.0,0.997,-0.771500682202287,-0.771500682202287,512.0,233d29c1fb0e5e034e1c9f4b0d0406893c201e61,2026-08-18 08:07:04,2026-07-11 01:14:45,2026-07-10-PIT-MAD,radicals,thunderbirds,31,19,2026-07-10 19:00:00
lbecker,14.17,64.1,astevenso,7.92,73.22,0,0,0,"nceluch,astevenso,hpark,pzaccardi,lcall,lbecker,akirages",False,2026-07-10-PIT-MAD,18,11,3,6,396.0,2,1,False,False,347,away,264,1783732406.0,18,False,"imccosky,gvordick,jnelson,msample,sstark,rpieran,nranabhat",265,511,134f13cdaa33a890a091232badb0bf4a60ff20a5ff802b7d09aa5b5c164c0332,1783732406.0,False,347,377.571428571429,11.0560797753996,-6.25,9.12,34.4231145194897,a71ec49f76ff9e2936c5507a7719cd40d6aee3df0ef796e1056e9d5fd7e634f4,0.973459931455872,0.0265400685441279,0.786368994215467,0.786368994215467,0.831086417112522,0.722083963415351,1097.57142857143,7.0,0.996,0.0447174228970543,0.209320846161049,511.0,bb2ee0a96c2e9bfd285fba944620ee10360b0d2f,2026-08-18 08:07:04,2026-07-11 01:14:45,2026-07-10-PIT-MAD,radicals,thunderbirds,31,19,2026-07-10 19:00:00
astevenso,7.92,73.22,lbecker,18.27,96.67,0,0,0,"nceluch,astevenso,hpark,pzaccardi,lcall,lbecker,akirages",False,2026-07-10-PIT-MAD,18,11,3,6,396.0,2,2,False,False,348,away,265,1783732411.0,18,False,"imccosky,gvordick,jnelson,msample,sstark,rpieran,nranabhat",266,513,f8aa85fd7a89d85aa538f1424e6d115c68ef7f21207865884fd7cd3eb24aae30,1783732411.0,False,348,371.428571428571,25.6324989027601,10.35,23.45,-23.8149660021656,292067c9bf1ae2d7949da82a0fc25f7ef998eed8bc61bd2991ba9a2404748bc5,0.920659182159941,0.0793408178400591,0.786368994215467,0.830974250995579,0.915209257630726,0.629874903017578,1091.42857142857,7.0,0.996,0.084235006635147,0.39430140922571,513.0,6ce0d51a4094e90155592c29d64b53b877501b3a,2026-08-18 08:07:04,2026-07-11 01:14:45,2026-07-10-PIT-MAD,radicals,thunderbirds,31,19,2026-07-10 19:00:00
lbecker,18.27,96.67,,19.99,91.28,1,0,0,"nceluch,astevenso,hpark,pzaccardi,lcall,lbecker,akirages",False,2026-07-10-PIT-MAD,18,11,3,6,396.0,2,3,False,False,349,away,266,1783732424.0,22,False,"imccosky,gvordick,jnelson,msample,sstark,rpieran,nranabhat",267,515,82b6b816155f68587f186832e0b2f2effc67109ee0e49821c74f1c76f1fa1564,1783732424.0,False,349,365.285714285714,5.65778225102381,1.72,-5.39,-162.301624867066,56c15b03a5e9b1a067010c22bb9ffebbb442639f71d43a3790dd1818b2ee7153,0.983462416767449,-0.983462416767449,0.786368994215467,0.91515320448688,0.89207784282665,0.636928141893648,1085.28571428571,7.0,0.998,-0.636928141893648,-0.636928141893648,515.0,4744d871e7965364f1e65e51ae234e23731c9727,2026-08-18 08:07:04,2026-07-11 01:14:45,2026-07-10-PIT-MAD,radicals,thunderbirds,31,19,2026-07-10 19:00:00
sstark,-23.6,37.43,imccosky,-11.8,30.06,0,0,0,"imccosky,gvordick,jnelson,msample,sstark,rpieran,nranabhat",True,2026-07-10-PIT-MAD,18,11,3,6,396.0,3,1,True,True,350,home,248,1783732427.0,18,False,"nceluch,astevenso,hpark,pzaccardi,lcall,lbecker,akirages",249,516,31dea3ae6c9554f81b5c38a967b80fbf11efd832b88beca737641e5e3209e738,1783732427.0,False,350,359.142857142857,13.9124728211774,11.8,-7.37,-121.987921637725,41bd86c4c26f28295ceeeb95995427fc0c50725c47d26285b6012ba2e7288bd6,0.980995790490103,0.0190042095098966,0.638804887566686,0.638804887566686,0.663303166577362,0.897189906384552,1079.14285714286,7.0,0.998,0.0244982790106762,0.0678256105007491,516.0,b53e026709d00c1a82546b70eab90f3a534a82fd,2026-08-18 08:07:04,2026-07-11 01:14:45,2026-07-10-PIT-MAD,radicals,thunderbirds,31,19,2026-07-10 19:00:00
imccosky,-11.8,30.06,sstark,-19.51,44.65,0,0,0,"imccosky,gvordick,jnelson,msample,sstark,rpieran,nranabhat",True,2026-07-10-PIT-MAD,18,11,3,6,396.0,3,2,True,True,351,home,249,1783732432.0,18,False,"nceluch,astevenso,hpark,pzaccardi,lcall,lbecker,akirages",250,517,27b4d5363e4ea863da4564c448f01b5f8f1889ab6f0f3bc899bab7ffb137dab5,1783732432.0,False,351,353.0,16.501884740841,-7.71,14.59,27.8539499281099,da192677075681a1d7751f1382165bbe79a00d41a376960ad4e5a57951905835,0.976025938614874,0.0239740613851259,0.638804887566686,0.663185736527303,0.69264866072055,0.823892567545917,1073.0,7.0,0.998,0.0294629241932478,0.0815706613380252,517.0,93f7bbfac6c07be5d3184f46236be590f6a725eb,2026-08-18 08:07:04,2026-07-11 01:14:45,2026-07-10-PIT-MAD,radicals,thunderbirds,31,19,2026-07-10 19:00:00
sstark,-19.51,44.65,imccosky,-16.03,35.31,0,0,0,"imccosky,gvordick,jnelson,msample,sstark,rpieran,nranabhat",True,2026-07-10-PIT-MAD,18,11,3,6,396.0,3,3,True,True,352,home,250,1783732437.0,18,False,"nceluch,astevenso,hpark,pzaccardi,lcall,lbecker,akirages",251,518,75b9a810eb0af54e6a9ccd3effae818251b24fc8e780e1b361ae366a0f0b558b,1783732437.0,False,352,346.857142857143,9.96724635995318,3.48,-9.34,-159.565058878044,7048a0440a9b792cc2565fbd9f565a76475fd16dc25022a73b030daf0d1d21f2,0.98894890369465,0.0110510963053495,0.638804887566686,0.692555470162378,0.67174625603697,0.87242715592054,1066.85714285714,7.0,0.998,-0.0208092141254076,-0.0576121143645029,518.0,ff5125756549c45a423e48cee018380329bb2d3c,2026-08-18 08:07:04,2026-07-11 01:14:45,2026-07-10-PIT-MAD,radicals,thunderbirds,31,19,2026-07-10 19:00:00
imccosky,-16.03,35.31,sstark,-4.37,38.79,0,0,0,"imccosky,gvordick,jnelson,msample,sstark,rpieran,nranabhat",True,2026-07-10-PIT-MAD,18,11,3,6,396.0,3,4,True,True,353,home,251,1783732442.0,18,False,"nceluch,astevenso,hpark,pzaccardi,lcall,lbecker,akirages",252,519,0b1a5415de06bf8105de7ab456a7bbb6afaf037d36a9cfdae1d90b2cb3b69a32,1783732442.0,False,353,340.714285714286,12.168237341538,11.66,3.48,-73.3819367594805,96da569c13a22d084680115ce7ff1f26169af55656f83d65cce56d6ad219abd3,0.981651446900273,0.0183485530997272,0.638804887566686,0.671665491398934,0.69393235295371,0.864816538501978,1060.71428571429,7.0,0.998,0.0222668615547756,0.0616477377137452,519.0,f6fdc377cbd33e70d4283435d5c7ba348088041e,2026-08-18 08:07:04,2026-07-11 01:14:45,2026-07-10-PIT-MAD,radicals,thunderbirds,31,19,2026-07-10 19:00:00
sstark,-4.37,38.79,imccosky,-15.35,46.84,0,0,0,"imccosky,gvordick,jnelson,msample,sstark,rpieran,nranabhat",True,2026-07-10-PIT-MAD,18,11,3,6,396.0,3,5,True,True,354,home,252,1783732448.0,18,False,"nceluch,astevenso,hpark,pzaccardi,lcall,lbecker,akirages",253,520,34ba598663049ae0f55a5e369c2ed3fc9f248eb440c3cfc2a9f878de75fd62b1,1783732448.0,False,354,334.571428571429,13.6148044422239,-10.98,8.05,53.7529495216958,de12c13682f18ffb5ba19f984b8e0ec426a886b777453519b5e10958cb4dcd30,0.980521295159127,0.0194787048408732,0.638804887566686,0.693866213763136,0.713679136163123,0.823720751314507,1054.57142857143,7.0,0.998,0.0198129223999868,0.0548537943011196,520.0,b275720650cab8a65ffd41cc7636a85573ba95c9,2026-08-18 08:07:04,2026-07-11 01:14:45,2026-07-10-PIT-MAD,radicals,thunderbirds,31,19,2026-07-10 19:00:00
imccosky,-15.35,46.84,rpieran,-0.62,42.95,0,0,0,"imccosky,gvordick,jnelson,msample,sstark,rpieran,nranabhat",True,2026-07-10-PIT-MAD,18,11,3,6,396.0,3,6,True,True,355,home,253,1783732454.0,18,False,"nceluch,astevenso,hpark,pzaccardi,lcall,lbecker,akirages",254,521,77ec97e0a2f6d0230c13393ae518145aee567bac0dccb10c8aa239de436753ce,1783732454.0,False,355,328.428571428571,15.2349926156858,14.73,-3.89,-104.793331976277,216cb3dadc15f27cdc3f4b88aa71ce5fa2049a59088bafb1115b9efbc0a0c064,0.979353946404719,0.0206460535952815,0.638804887566686,0.713623324630172,0.708468156204892,0.847638367137507,1048.42857142857,7.0,0.998,-0.00515516842527974,-0.0142725309613139,521.0,6a7b3eada74e7ac4d06447528e5d5a6f3d0bbc9f,2026-08-18 08:07:04,2026-07-11 01:14:45,2026-07-10-PIT-MAD,radicals,thunderbirds,31,19,2026-07-10 19:00:00
rpieran,-0.62,42.95,sstark,7.02,47.45,0,0,0,"imccosky,gvordick,jnelson,msample,sstark,rpieran,nranabhat",True,2026-07-10-PIT-MAD,18,11,3,6,396.0,3,7,True,True,356,home,254,1783732457.0,18,False,"nceluch,astevenso,hpark,pzaccardi,lcall,lbecker,akirages",255,522,154bddbbbf38a24222b1794446ff26e24d818438aa72f1f897261996dc755e66,1783732457.0,False,356,322.285714285714,8.86676942296347,7.64,4.5,-59.5016921726786,a2757f343598c441db32e3b542628a53c7b9e7725828776be754bfc341d5bc33,0.98668218950884,0.01331781049116,0.638804887566686,0.708416221895221,0.723947132152448,0.827860704499933,1042.28571428571,7.0,0.998,0.0155309102572264,0.0429986722483511,522.0,11b9aa00fd1f5f38aeb18947e22d2f4dea4f3fe1,2026-08-18 08:07:04,2026-07-11 01:14:45,2026-07-10-PIT-MAD,radicals,thunderbirds,31,19,2026-07-10 19:00:00
sstark,7.02,47.45,jnelson,-5.12,112.49,0,0,0,"imccosky,gvordick,jnelson,msample,sstark,rpieran,nranabhat",True,2026-07-10-PIT-MAD,19,11,3,6,396.0,3,8,True,True,357,home,255,1783732469.0,19,False,"nceluch,astevenso,hpark,pzaccardi,lcall,lbecker,akirages",256,523,2a6b5a81cbb3ab4f18696fbb77e69297e117207de99090264a75fa5bdf8d15d9,1783732469.0,False,357,316.142857142857,66.1632919374482,-12.14,65.04,10.5728424015222,03bbe4b5cec1acd40484bbb44a3932f535a40bb9d443f87be3d9d45e732f2186,0.598199901241795,0.401800098758205,0.638804887566686,0.723897896953863,1.0,0.639189369423796,1036.14285714286,7.0,0.998,0.276102103046137,0.764412622269668,523.0,68f0318f661a8bf973a0445a96ca677e281c69e8,2026-08-18 08:07:04,2026-07-11 01:14:45,2026-07-10-PIT-MAD,radicals,thunderbirds,31,19,2026-07-10 19:00:00
whoffenka,26.66,30.0,mdillard,5.05,33.97,0,0,0,"rduncan,mmarshall,whoffenka,rward1,lstorm,mdillard,bgessner",False,2026-07-10-PIT-MAD,19,11,3,7,310.0,1,1,True,True,358,away,269,1783732517.0,18,False,"rpieran,kalexande,mjunga,kconniff,jcarrico,jleibfort,agutowsky",270,528,16eaa5b7b383eb75ec971fcd297bd981e04e29d020633dd504bc6618eb4d63d7,1783732517.0,False,358,310.0,21.9716408126476,-21.61,3.97,79.5901949644102,9850337cc77ba0383a97dd1fae782f1f171eda5a98517cd7ca912200c515259d,0.949593393928408,0.0504066060715923,0.589313808235337,0.589313808235337,0.678010607313751,0.883854844743736,1030.0,8.0,0.999,0.0886967990784139,0.215972196915839,528.0,df322f27626fb17dacec85db2a89463a132083a9,2026-08-18 08:07:04,2026-07-11 01:19:48,2026-07-10-PIT-MAD,radicals,thunderbirds,31,19,2026-07-10 19:00:00
mdillard,5.05,33.97,bgessner,14.17,52.34,0,0,0,"rduncan,mmarshall,whoffenka,rward1,lstorm,mdillard,bgessner",False,2026-07-10-PIT-MAD,19,11,3,7,310.0,1,2,True,True,359,away,270,1783732522.0,18,False,"rpieran,kalexande,mjunga,kconniff,jcarrico,jleibfort,agutowsky",271,529,6f8702d863521b2b80f28615540da6b09989d853d71cc8e78b23999f863347e9,1783732522.0,False,359,302.8,20.5092978914443,9.12,18.37,-26.4026344438495,f3bc65688e1d986d4d6a200838e37e68a52e0c8005f4925bd278b154f7dd2023,0.955728059365961,0.0442719406340386,0.589313808235337,0.677936547011865,0.735919359617836,0.802041571296341,1022.8,8.0,0.999,0.057982812605971,0.141185201179584,529.0,4240e05f82b062c6e93716da9c15e44d466946fa,2026-08-18 08:07:04,2026-07-11 01:19:48,2026-07-10-PIT-MAD,radicals,thunderbirds,31,19,2026-07-10 19:00:00
bgessner,14.17,52.34,,14.91,67.65,1,0,0,"rduncan,mmarshall,whoffenka,rward1,lstorm,mdillard,bgessner",False,2026-07-10-PIT-MAD,19,11,3,7,310.0,1,3,True,True,360,away,271,1783732527.0,22,False,"rpieran,kalexande,mjunga,kconniff,jcarrico,jleibfort,agutowsky",272,530,598004a7b32f85d7087e4fe8e17f0d14e3f87527fd33abed8fd38e1f6dd9b4f2,1783732527.0,False,360,295.6,15.3278733032342,0.74,15.31,-2.76720479390727,2afad907f83f40dd26b5fdf08cd643eb46d0367d8595d80388c7a03abc32b29e,0.96404764107615,-0.96404764107615,0.589313808235337,0.735840731617287,0.799785786830161,0.735730917896839,1015.6,8.0,0.999,-0.735730917896839,-0.735730917896839,530.0,4115e5630530b1a7bef3cb795e53a3b078a66dec,2026-08-18 08:07:04,2026-07-11 01:19:48,2026-07-10-PIT-MAD,radicals,thunderbirds,31,19,2026-07-10 19:00:00
agutowsky,3.34,63.68,kalexande,3.81,80.52,0,0,0,"rpieran,kalexande,mjunga,kconniff,jcarrico,jleibfort,agutowsky",True,2026-07-10-PIT-MAD,19,11,3,7,310.0,2,1,False,False,361,home,259,1783732541.0,18,False,"rduncan,mmarshall,whoffenka,rward1,lstorm,mdillard,bgessner",260,532,6616e6ebc917ac70990735c87997ef03a07be8128ca2e3aace563da055fc4423,1783732541.0,False,361,288.4,16.8465575118479,0.47,16.84,-1.59869521891999,edbf505035379495ce27b5115d6f5b440fe1631dc1060a9fdbaca1860f2737d4,0.957868089823645,0.0421319101763548,0.789958410663865,0.789958410663865,0.861724528652211,0.695783480584916,1008.4,8.0,0.999,0.0717661179883465,0.341675752003082,532.0,1f008a9d37679e7f3787869d126d54f345d0d5a0,2026-08-18 08:07:04,2026-07-11 01:19:48,2026-07-10-PIT-MAD,radicals,thunderbirds,31,19,2026-07-10 19:00:00
kalexande,3.81,80.52,jcarrico,22.23,105.13,0,0,0,"rpieran,kalexande,mjunga,kconniff,jcarrico,jleibfort,agutowsky",True,2026-07-10-PIT-MAD,20,11,3,7,310.0,2,2,False,False,362,home,260,1783732556.0,19,False,"rduncan,mmarshall,whoffenka,rward1,lstorm,mdillard,bgessner",261,534,0ffcd3593d3d81dac528f900795c66726941866e8a88bff471c155a1fc821452,1783732556.0,False,362,281.2,30.7400146389035,18.42,24.61,-36.8139811578906,e4e42d92a71f8b4092f0ddd9a896402c1ac1f4df6e7780a6d051a2b6b7c22719,0.877892981791842,0.122107018208158,0.789958410663865,0.861651188858311,1.0,0.596823995280429,1001.2,8.0,0.999,0.138348811141689,0.658673415959951,534.0,fedac79a986f6d06b08a3415d53467d4929844ae,2026-08-18 08:07:04,2026-07-11 01:19:48,2026-07-10-PIT-MAD,radicals,thunderbirds,31,19,2026-07-10 19:00:00
mmarshall,26.42,53.02,whoffenka,18.33,46.04,0,0,0,"rduncan,mmarshall,whoffenka,rward1,lstorm,mdillard,bgessner",False,2026-07-10-PIT-MAD,20,11,3,8,274.0,1,1,True,True,363,away,274,1783732615.0,18,False,"vluo,jleibfort,agutowsky,mmccarthy,mgrinde,sknoche,mweber2",275,537,5035a862b4d52a9f7da062d1d355197048fed783a9bef70d42655083601daad6,1783732615.0,False,363,274.0,10.6849660738816,-8.09,-6.98,130.787413667996,645d4bf207c1f1eaf5bffb8dbcb0c459bf034b8d21088a06776a4b059ffe9cc3,0.984579754077114,0.015420245922886,0.680021215268806,0.680021215268806,0.698980428576041,0.822103278480008,994.0,9.0,1.0,0.0189592133072354,0.0592514698221712,537.0,ccdde5714c3d108d0b36a864ff881b0b415f6c0e,2026-08-18 08:07:04,2026-07-11 01:19:48,2026-07-10-PIT-MAD,radicals,thunderbirds,31,19,2026-07-10 19:00:00
whoffenka,18.33,46.04,lstorm,18.7,65.81,0,0,0,"rduncan,mmarshall,whoffenka,rward1,lstorm,mdillard,bgessner",False,2026-07-10-PIT-MAD,20,11,3,8,274.0,1,2,True,True,364,away,275,1783732617.0,18,False,"vluo,jleibfort,agutowsky,mmccarthy,mgrinde,sknoche,mweber2",276,538,3a36341891b1691ee2b9bcc769bb37370c2c0b50c98f9a5ff04aa5d150d8a317,1783732617.0,False,364,269.875,19.773462013517,0.370000000000001,19.77,-1.07217824164086,4e807db02a0f090d45811a5dc8197b53ea6831c4843067a6a4cb49f72005df75,0.95345239657094,0.0465476034290597,0.680021215268806,0.698872735808797,0.781717027521514,0.732969742260534,989.875,9.0,0.999,0.0828442917127172,0.258905576450365,538.0,c8ec1a8cfdfc03c1cd56189b4c1edfca643e1223,2026-08-18 08:07:04,2026-07-11 01:19:48,2026-07-10-PIT-MAD,radicals,thunderbirds,31,19,2026-07-10 19:00:00
lstorm,18.7,65.81,,-0.1,100.89,1,0,0,"rduncan,mmarshall,whoffenka,rward1,lstorm,mdillard,bgessner",False,2026-07-10-PIT-MAD,20,11,3,8,274.0,1,3,True,True,365,away,276,1783732623.0,22,False,"vluo,jleibfort,agutowsky,mmccarthy,mgrinde,sknoche,mweber2",277,541,1d5feaa36203e9b8731dc3824b102b11c1fa5285af67221f64bbdfe6fc525750,1783732623.0,False,365,265.75,39.8000804019288,-18.8,35.08,28.1876541767559,ca8bca0b3c467247773365b3f194ec44c1a22b0512dccfc88e14aacdd84e04b1,0.755895908001442,-0.755895908001442,0.680021215268806,0.781619181701713,0.934729354102609,0.638771957441014,985.75,9.0,1.0,-0.638771957441014,-0.638771957441014,541.0,8993743e6a4eb5836ce051342855df4ffe0b7cca,2026-08-18 08:07:04,2026-07-11 01:19:48,2026-07-10-PIT-MAD,radicals,thunderbirds,31,19,2026-07-10 19:00:00
sknoche,-9.35,23.25,jleibfort,12.2,34.7,0,0,0,"vluo,jleibfort,agutowsky,mmccarthy,mgrinde,sknoche,mweber2",True,2026-07-10-PIT-MAD,20,11,3,8,274.0,2,1,False,False,366,home,264,1783732626.0,18,False,"rduncan,mmarshall,whoffenka,rward1,lstorm,mdillard,bgessner",265,542,7531e88d237184711250aaa9e9169b97d70b01dad13189df5f11c05b2af6b985,1783732626.0,False,366,261.625,24.4029711305816,21.55,11.45,-62.0172858162441,20f9b5c2d18496b2bc998d0b04e220c15a932fffd8c812da7f3157b13e135857,0.953867412348459,0.0461325876515415,0.644918678172589,0.644918678172589,0.6747022026658,0.878666208325333,981.625,9.0,1.0,0.0297835244932104,0.0838780376842432,542.0,24e80d4c669315c5c600529323489b298294351f,2026-08-18 08:07:04,2026-07-11 01:19:48,2026-07-10-PIT-MAD,radicals,thunderbirds,31,19,2026-07-10 19:00:00
jleibfort,12.2,34.7,vluo,17.8,35.86,0,0,0,"vluo,jleibfort,agutowsky,mmccarthy,mgrinde,sknoche,mweber2",True,2026-07-10-PIT-MAD,20,11,3,8,274.0,2,2,False,False,367,home,265,1783732629.0,18,False,"rduncan,mmarshall,whoffenka,rward1,lstorm,mdillard,bgessner",266,543,88967fd1fa697d35a2c83256556b074a1dbb25b3ae82de2cb08760bad02a5558,1783732629.0,False,367,257.5,5.71888100942833,5.6,1.16,-78.2970985197787,cab557bc24873c7bab83a8f830b0d93c6cdd35c6d4303a384957d1f891e74ac8,0.992604582522662,0.00739541747733818,0.644918678172589,0.674546024316835,0.664109439919042,0.867697165668084,977.5,9.0,1.0,-0.0104365843977934,-0.0293920962783453,543.0,88c3f0bd86ca723b8b941839b8e1089458091df3,2026-08-18 08:07:04,2026-07-11 01:19:48,2026-07-10-PIT-MAD,radicals,thunderbirds,31,19,2026-07-10 19:00:00
vluo,17.8,35.86,mmccarthy,-8.46,46.56,0,0,0,"vluo,jleibfort,agutowsky,mmccarthy,mgrinde,sknoche,mweber2",True,2026-07-10-PIT-MAD,20,11,3,8,274.0,2,3,False,False,368,home,266,1783732632.0,18,False,"rduncan,mmarshall,whoffenka,rward1,lstorm,mdillard,bgessner",267,544,9da6cdac683a2db1491ff4c9efd348821a46557a08148d0a8da3caa590e7f818,1783732632.0,False,368,253.375,28.3562620949941,-26.26,10.7,67.8308819803431,a5b5a6f3dc2505ce006df5703b1a6121c23f9ba66041b173745b570ef7be0fec,0.923990453432843,0.0760095465671574,0.644918678172589,0.663933612749073,0.718915062798595,0.830361447155294,973.375,9.0,1.0,0.0549814500495219,0.154841853597261,544.0,5d73149e0973944fa68346cf01ff5b2488e5e793,2026-08-18 08:07:04,2026-07-11 01:19:48,2026-07-10-PIT-MAD,radicals,thunderbirds,31,19,2026-07-10 19:00:00
mmccarthy,-8.46,46.56,vluo,3.47,58.02,0,0,0,"vluo,jleibfort,agutowsky,mmccarthy,mgrinde,sknoche,mweber2",True,2026-07-10-PIT-MAD,20,11,3,8,274.0,2,4,False,False,369,home,267,1783732634.0,18,False,"rduncan,mmarshall,whoffenka,rward1,lstorm,mdillard,bgessner",268,545,0879e26ea46215871775927d490c33f3dbc1c28d925d996d8a034e72712d44bc,1783732634.0,False,369,249.25,16.5425663063504,11.93,11.46,-46.1511497589747,e553ed3c16c006f0ce793e22e9a17a5a6ed0b171c6637fe15ab94c710a77a88a,0.967535215065332,0.0324647849346684,0.644918678172589,0.718739270156686,0.765145459664941,0.781755633138259,969.25,9.0,1.0,0.0464061895082546,0.130691722305829,545.0,c942aa9aaa3d8bcf12371849bfc8c9b787354c7f,2026-08-18 08:07:04,2026-07-11 01:19:48,2026-07-10-PIT-MAD,radicals,thunderbirds,31,19,2026-07-10 19:00:00
vluo,3.47,58.02,agutowsky,4.36,115.36,0,0,0,"vluo,jleibfort,agutowsky,mmccarthy,mgrinde,sknoche,mweber2",True,2026-07-10-PIT-MAD,21,11,3,8,274.0,2,5,False,False,370,home,268,1783732644.0,19,False,"rduncan,mmarshall,whoffenka,rward1,lstorm,mdillard,bgessner",269,547,d4b42d786585dfdf9ac7159a2fcb974de9baf2f8856dee7190226df4ec34d3a0,1783732644.0,False,370,245.125,57.346906629739,0.89,57.34,-0.889242227738706,9e2eda9b3a0beadec98e080055c3d0821fc448206985a7d870c009436bb49d21,0.652548049615994,0.347451950384006,0.644918678172589,0.764973546137146,1.0,0.637466552376301,965.125,9.0,1.0,0.235026453862854,0.661894724997926,547.0,e7b121dcddbd3a8f49e9a3abcc5a6100a0a66021,2026-08-18 08:07:04,2026-07-11 01:19:48,2026-07-10-PIT-MAD,radicals,thunderbirds,31,19,2026-07-10 19:00:00
astevenso,20.84,28.16,knicholl,0.09,35.02,0,0,0,"nceluch,pzaccardi,lcall,lbecker,rkindell,knicholl,astevenso",False,2026-07-10-PIT-MAD,21,11,3,9,241.0,1,1,True,True,371,away,279,1783732698.0,18,False,"rpieran,jcarrico,jmaskalun,mjunga,kalexande,sknoche,kconniff",280,549,98230c3bd88054860a83dfbf8e5843759477a40649ff0b22d4dc939cafe12114,1783732698.0,False,371,241.0,21.8545670284268,-20.75,6.86,71.7059897224643,f8a8b0af165836618060c2234683c0fdad9a4fb18b5451f9564db76f679e54be,0.958814644623598,0.0411853553764019,0.624840779707652,0.624840779707652,0.67986131577882,0.879053351938402,961.0,10.0,1.0,0.055020536071168,0.146659159884948,549.0,c658878c766b8d080a0c27143b06b94f93b3bb87,2026-08-18 08:07:04,2026-07-11 01:19:48,2026-07-10-PIT-MAD,radicals,thunderbirds,31,19,2026-07-10 19:00:00
knicholl,0.09,35.02,nceluch,-12.53,40.95,0,0,0,"nceluch,pzaccardi,lcall,lbecker,rkindell,knicholl,astevenso",False,2026-07-10-PIT-MAD,21,11,3,9,241.0,1,2,True,True,372,away,280,1783732701.0,18,False,"rpieran,jcarrico,jmaskalun,mjunga,kalexande,sknoche,kconniff",281,550,66fadb5e91ae96cb23730573e56764553cb24f8ec26cd239d80022c8956ee1ad,1783732701.0,False,372,237.076923076923,13.9437907327957,-12.62,5.93,64.8316817823736,485a8f82bbff0b830c9922fe6d94334c246cbfe0ae78aa628d5797c4d6e6c562,0.980731241830984,0.0192687581690164,0.624840779707652,0.679624796051029,0.694664185228251,0.851503605042952,957.076923076923,10.0,1.0,0.015039389177222,0.0400880169371884,550.0,bb8eb4ec0b71a6c9a5e3236aaba72ac10484ab3e,2026-08-18 08:07:04,2026-07-11 01:19:48,2026-07-10-PIT-MAD,radicals,thunderbirds,31,19,2026-07-10 19:00:00
nceluch,-12.53,40.95,knicholl,-2.73,38.87,0,0,0,"nceluch,pzaccardi,lcall,lbecker,rkindell,knicholl,astevenso",False,2026-07-10-PIT-MAD,21,11,3,9,241.0,1,3,True,True,373,away,281,1783732705.0,18,False,"rpieran,jcarrico,jmaskalun,mjunga,kalexande,sknoche,kconniff",282,552,4ad4f685566854912e2c820fbcbe95248264a7f4fa6fd89bfc2f0077842906c2,1783732705.0,False,373,233.153846153846,10.0183032495528,9.8,-2.08000000000001,-101.982913812323,a6d4d677d472cb9743da5d1bcaec3481db2ac2f822a8ff130718e12c54c5b305,0.987224183074146,0.0127758169258542,0.624840779707652,0.694414205416938,0.691786012246333,0.863155533242219,953.153846153846,10.0,1.0,-0.00262819317060536,-0.00700554065699708,552.0,326402d51863b92bd4e46ad45a5fb17431ed0564,2026-08-18 08:07:04,2026-07-11 01:19:48,2026-07-10-PIT-MAD,radicals,thunderbirds,31,19,2026-07-10 19:00:00
knicholl,-2.73,38.87,nceluch,-12.59,41.57,0,0,0,"nceluch,pzaccardi,lcall,lbecker,rkindell,knicholl,astevenso",False,2026-07-10-PIT-MAD,21,11,3,9,241.0,1,4,True,True,374,away,282,1783732707.0,18,False,"rpieran,jcarrico,jmaskalun,mjunga,kalexande,sknoche,kconniff",283,553,1655ed1647d18d88106d34ef7eec24e8b2e680a8edd074d32d3a2dcdfa80f035,1783732707.0,False,374,229.230769230769,10.2229936906955,-9.86,2.7,74.6858945852704,9a7ebd81fc73fe0c1ecca3c8fafcf638a6984fd337f4af6d52b9a442ea80f6ca,0.986422469178908,0.0135775308210916,0.624840779707652,0.691514216565107,0.696242619060594,0.84848255495417,949.230769230769,10.0,1.0,0.00472840249548712,0.0126037219391874,553.0,3309a96bc55a39f9f552a75bbb3836ee48d3fc53,2026-08-18 08:07:04,2026-07-11 01:19:48,2026-07-10-PIT-MAD,radicals,thunderbirds,31,19,2026-07-10 19:00:00
nceluch,-12.59,41.57,knicholl,-1.08,39.24,0,0,0,"nceluch,pzaccardi,lcall,lbecker,rkindell,knicholl,astevenso",False,2026-07-10-PIT-MAD,21,11,3,9,241.0,1,5,True,True,375,away,283,1783732711.0,18,False,"rpieran,jcarrico,jmaskalun,mjunga,kalexande,sknoche,kconniff",284,554,37b93cc17b971e903134cdb8b830ee34815ffbc183a2bfc5ea28fdd7b4e2ea67,1783732711.0,False,375,225.307692307692,11.7434662685257,11.51,-2.33,-101.44389029827,9c39b5bcc54e257f45181c7aae8ac28209efd39a06556d93c617e9d3a493ac74,0.985360507881216,0.0146394921187836,0.624840779707652,0.695951771101252,0.69259134071881,0.861366987860266,945.307692307692,10.0,1.0,-0.00336043038244205,-0.00895734451048115,554.0,34eef7008287b05fd71bf38c9a2d678b059badd8,2026-08-18 08:07:04,2026-07-11 01:19:48,2026-07-10-PIT-MAD,radicals,thunderbirds,31,19,2026-07-10 19:00:00
knicholl,-1.08,39.24,astevenso,8.35,42.18,0,0,0,"nceluch,pzaccardi,lcall,lbecker,rkindell,knicholl,astevenso",False,2026-07-10-PIT-MAD,21,11,3,9,241.0,1,6,True,True,376,away,284,1783732713.0,18,False,"rpieran,jcarrico,jmaskalun,mjunga,kalexande,sknoche,kconniff",285,556,44af25b52eb5b26eef5d79985f27428798022e1d6ba5bd36b6d25d35e6cf54c6,1783732713.0,False,376,221.384615384615,9.87767685237779,9.43,2.94,-72.684038745906,6337f146be8e5c7fff7ddb5ebde165dedd8d72ce8ab1813821d036e680af9e4d,0.986621312727071,0.0133786872729291,0.624840779707652,0.692276222536846,0.701004138208953,0.848041381526207,941.384615384615,10.0,1.0,0.00872791567210718,0.0232645639504897,556.0,09406c6a5fa37807bb04ae2797dc13ed3cf8955d,2026-08-18 08:07:04,2026-07-11 01:19:48,2026-07-10-PIT-MAD,radicals,thunderbirds,31,19,2026-07-10 19:00:00
astevenso,8.35,42.18,knicholl,-6.04,46.89,0,0,0,"nceluch,pzaccardi,lcall,lbecker,rkindell,knicholl,astevenso",False,2026-07-10-PIT-MAD,21,11,3,9,241.0,1,7,True,True,377,away,285,1783732723.0,18,False,"rpieran,jcarrico,jmaskalun,mjunga,kalexande,sknoche,kconniff",286,557,43b0611f7aea48d2553689cf1394ea9698661d5a5388e34eb2b6b5bc89395f95,1783732723.0,False,377,217.461538461538,15.1412086703803,-14.39,4.71,71.8761780829196,8ae3755133484dd5f6e8d22d52b1e5170cf216d0d40a62316e08ea754c7e316d,0.976866822979065,0.023133177020935,0.624840779707652,0.700671036949325,0.718651854798093,0.827984146708784,937.461538461538,10.0,1.0,0.017980817848768,0.0479284977582485,557.0,c76dd2e937ee87af8a18747b273953a706fba8ed,2026-08-18 08:07:04,2026-07-11 01:19:48,2026-07-10-PIT-MAD,radicals,thunderbirds,31,19,2026-07-10 19:00:00
knicholl,-6.04,46.89,astevenso,6.15,46.28,0,0,0,"nceluch,pzaccardi,lcall,lbecker,rkindell,knicholl,astevenso",False,2026-07-10-PIT-MAD,21,11,3,9,241.0,1,8,True,True,378,away,286,1783732725.0,18,False,"rpieran,jcarrico,jmaskalun,mjunga,kalexande,sknoche,kconniff",287,558,5d6cd5375be0bc52cc3c993b4a39a84591f62cc3926aac94d46153eed20b2412,1783732725.0,False,378,213.538461538462,12.2052529674727,12.19,-0.609999999999999,-92.8647494746892,db2bc1df2c7062024cde95a04b22d942b5f0d4ae553735441623cd6f996cdd04,0.983937236557078,0.0160627634429221,0.624840779707652,0.718307565985031,0.715997419316847,0.83037536389379,933.538461538462,10.0,1.0,-0.0023101466681843,-0.00615777660051667,558.0,faf3762fce60bc96a9af294fa87a0c1b4b24b12d,2026-08-18 08:07:04,2026-07-11 01:19:48,2026-07-10-PIT-MAD,radicals,thunderbirds,31,19,2026-07-10 19:00:00
astevenso,6.15,46.28,pzaccardi,11.41,54.97,0,0,0,"nceluch,pzaccardi,lcall,lbecker,rkindell,knicholl,astevenso",False,2026-07-10-PIT-MAD,21,11,3,9,241.0,1,9,True,True,379,away,287,1783732728.0,18,False,"rpieran,jcarrico,jmaskalun,mjunga,kalexande,sknoche,kconniff",288,559,fe0795ac640110abb70422820706979b1827bd166047d94167d742960307f615,1783732728.0,False,379,209.615384615385,10.1579377828376,5.26,8.69,-31.1862445120075,058ddd23afd94789e8dd4330989b716d5f6dde5b1a87a7ee412fd7ebc5806f33,0.981954614274222,0.0180453857257781,0.624840779707652,0.715627207567791,0.746774794401945,0.790129244213595,929.615384615385,10.0,1.0,0.0311475868341541,0.0830249801934281,559.0,47ef2fc78eb8f3dc8e3201c8b7c018dd79b3d207,2026-08-18 08:07:04,2026-07-11 01:19:48,2026-07-10-PIT-MAD,radicals,thunderbirds,31,19,2026-07-10 19:00:00
pzaccardi,11.41,54.97,,9.52,65.02,1,0,0,"nceluch,pzaccardi,lcall,lbecker,rkindell,knicholl,astevenso",False,2026-07-10-PIT-MAD,21,11,3,9,241.0,1,10,True,True,380,away,288,1783732733.0,22,False,"rpieran,jcarrico,jmaskalun,mjunga,kalexande,sknoche,kconniff",289,561,f236d944d043ebca53c6b709c3c4b9649ff59039e5b5906ed764edb1597836c8,1783732733.0,False,380,205.692307692308,10.2261723044353,-1.89,10.05,10.6506315460763,a4e0e3012f86cd5395af07a5ae6fe4f7dd7d86d4cd9c23c013e99d9d5638ff69,0.977720321968674,-0.977720321968674,0.624840779707652,0.746407390591812,0.790700540898419,0.748245496249989,925.692307692308,10.0,1.0,-0.748245496249989,-0.748245496249989,561.0,a108537450d11d89a6cd7116020c06de3e24971a,2026-08-18 08:07:04,2026-07-11 01:19:48,2026-07-10-PIT-MAD,radicals,thunderbirds,31,19,2026-07-10 19:00:00
jcarrico,1.84,75.95,rpieran,23.8,81.4,0,0,0,"rpieran,jcarrico,jmaskalun,mjunga,kalexande,sknoche,kconniff",True,2026-07-10-PIT-MAD,21,11,3,9,241.0,2,1,False,False,381,home,272,1783732737.0,18,False,"nceluch,pzaccardi,lcall,lbecker,rkindell,knicholl,astevenso",273,562,547d79e18a3fbfdb4f18e01cb49e2b0e1c2205d83aa4e3eca2e01992ed32fb20,1783732737.0,False,381,201.769230769231,22.6261817370939,21.96,5.45,-76.0620233959767,8776243ee355d244776775ada8360780d1efacc1faf394a51fb2c17db985abff,0.931401693284975,0.0685983067150246,0.832680649892341,0.839626796649785,0.832986804541548,0.634855787568547,921.769230769231,10.0,1.0,-0.00663999210823718,-0.0396845439811042,562.0,060c300cc5c210599f3135396e9b324c4c88beed,2026-08-18 08:07:04,2026-07-11 01:19:48,2026-07-10-PIT-MAD,radicals,thunderbirds,31,19,2026-07-10 19:00:00
rpieran,23.8,81.4,jmaskalun,11.25,90.34,0,0,0,"rpieran,jcarrico,jmaskalun,mjunga,kalexande,sknoche,kconniff",True,2026-07-10-PIT-MAD,21,11,3,9,241.0,2,2,False,False,382,home,273,1783732741.0,18,False,"nceluch,pzaccardi,lcall,lbecker,rkindell,knicholl,astevenso",274,563,ee5fd5074ab7c170a946e64b0a31b12bb9d86fab5ad4782b90b9654b77ea7809,1783732741.0,False,382,197.846153846154,15.4086371882785,-12.55,8.94,54.5358060041527,52e878772e61c9b3c4a12cdb36fe411ab74dad21ae5b11ffd8696320d6be598a,0.94348894653527,0.0565110534647303,0.832680649892341,0.832680649892341,0.896280864243317,0.656180633962281,917.846153846154,10.0,1.0,0.0636002143509767,0.380112726412421,563.0,ba3a2a71fdd02b59f102c41e8474163e65de55c5,2026-08-18 08:07:04,2026-07-11 01:19:48,2026-07-10-PIT-MAD,radicals,thunderbirds,31,19,2026-07-10 19:00:00
jmaskalun,11.25,90.34,rpieran,23.87,106.15,0,0,0,"rpieran,jcarrico,jmaskalun,mjunga,kalexande,sknoche,kconniff",True,2026-07-10-PIT-MAD,22,11,3,9,241.0,2,3,False,False,383,home,274,1783732752.0,19,False,"nceluch,pzaccardi,lcall,lbecker,rkindell,knicholl,astevenso",275,565,a0be133e48657dd59ec35fbc312a89aebb370b4aadb722443bfb146ac8b86701,1783732752.0,False,383,193.923076923077,20.2291991932454,12.62,15.81,-38.5978812409788,9b972c6eb783698e52670b4b7044c9cc136a27017f56f533af352ddec682e85a,0.903956452039594,0.0960435479604065,0.832680649892341,0.896063684608012,1.0,0.575276838831065,913.923076923077,10.0,1.0,0.103936315391988,0.621185268321396,565.0,838d7c4e1040ac2790e4fe0a095628e55be35bdd,2026-08-18 08:07:04,2026-07-11 01:19:48,2026-07-10-PIT-MAD,radicals,thunderbirds,31,19,2026-07-10 19:00:00
whoffenka,26.42,50.32,bgessner,23.23,71.69,0,0,0,"rduncan,mmarshall,rward1,lstorm,mdillard,bgessner,whoffenka",False,2026-07-10-PIT-MAD,22,11,3,10,190.0,1,1,True,True,384,away,291,1783732809.0,18,False,"sknoche,agutowsky,jleibfort,vluo,mgrinde,mweber2,mmccarthy",292,568,b065fc2468ace0c4df2356108c13675677d71fd433b7d283200179808b0ffcd7,1783732809.0,False,384,190.0,21.6067813429025,-3.19,21.37,8.49011822301247,66392fe58b8e9502b04095fba77f9c5cf42d88a4c6aaf0bdb6e33a03ca1e6d7f,0.899772028298358,0.100227971701642,0.661527713818105,0.661527713818105,0.786349468539758,0.676443811745045,910.0,11.0,1.0,0.124821754721653,0.368779837574572,568.0,73e6fb62926d402f7f5a93179a2a37aac98dae8b,2026-08-18 08:07:04,2026-07-11 01:24:51,2026-07-10-PIT-MAD,radicals,thunderbirds,31,19,2026-07-10 19:00:00
bgessner,23.23,71.69,whoffenka,20.23,53.87,0,0,0,"rduncan,mmarshall,rward1,lstorm,mdillard,bgessner,whoffenka",False,2026-07-10-PIT-MAD,22,11,3,10,190.0,1,2,True,True,385,away,292,1783732811.0,18,False,"sknoche,agutowsky,jleibfort,vluo,mgrinde,mweber2,mmccarthy",293,570,75812f2d720875459ef3ce86486918f995e07973148c96d8a793a084f689349a,1783732811.0,False,385,183.909090909091,18.070760913697,-3.0,-17.82,170.443852909389,588679ed4fab20f5a43586df75894365c2d4431e13a66e55b8bd6dfcbee4a2f3,0.978278774170496,0.021721225829504,0.661527713818105,0.785655385589452,0.716171998157239,0.774355169544118,903.909090909091,11.0,1.0,-0.0694833874322132,-0.205285307745618,570.0,074e0fbb8fc84aa6f3f61c7d3fe27785fcceccf4,2026-08-18 08:07:04,2026-07-11 01:24:51,2026-07-10-PIT-MAD,radicals,thunderbirds,31,19,2026-07-10 19:00:00
whoffenka,20.23,53.87,mmarshall,-4.14,59.51,0,0,0,"rduncan,mmarshall,rward1,lstorm,mdillard,bgessner,whoffenka",False,2026-07-10-PIT-MAD,22,11,3,10,190.0,1,3,True,True,386,away,293,1783732813.0,18,False,"sknoche,agutowsky,jleibfort,vluo,mgrinde,mweber2,mmccarthy",294,571,5891dc73dc2b4c93568586a3d28af146e52c71d7012870becf597e38be4dd7b5,1783732813.0,False,386,177.818181818182,25.0141260091173,-24.37,5.64,76.9693297753394,7c6e53b2aa588af87c742cfa0489eff0f861582432b9c185ec8f1e678dbd25b0,0.935319595373374,0.0646804046266263,0.661527713818105,0.715258095795449,0.765353797475282,0.769581595060747,897.818181818182,11.0,1.0,0.0500957016798332,0.148005327836241,571.0,87d5e891dfb9031a21caf92db31c6ee3bd12a622,2026-08-18 08:07:04,2026-07-11 01:24:51,2026-07-10-PIT-MAD,radicals,thunderbirds,31,19,2026-07-10 19:00:00
mmarshall,-4.14,59.51,,-15.22,74.32,1,0,0,"rduncan,mmarshall,rward1,lstorm,mdillard,bgessner,whoffenka",False,2026-07-10-PIT-MAD,22,11,3,10,190.0,1,4,True,True,387,away,294,1783732822.0,22,False,"sknoche,agutowsky,jleibfort,vluo,mgrinde,mweber2,mmccarthy",295,573,01b7e8b302005f77767727e82f85691c87664d80df49e5ef7d74b46aad3f9c3c,1783732822.0,False,387,171.727272727273,18.4960130839054,-11.08,14.81,36.8017474212095,c1732caf1097c25f2560298eaffc7fc1bbde7e4845bec62e7363089b09f2f3e4,0.958094734025193,-0.958094734025193,0.661527713818105,0.764458236415807,0.823550330287227,0.698483835228883,891.727272727273,11.0,1.0,-0.698483835228883,-0.698483835228883,573.0,6b77d43dc096e6a7680a1cb2d5da80ef6cae89ae,2026-08-18 08:07:04,2026-07-11 01:24:51,2026-07-10-PIT-MAD,radicals,thunderbirds,31,19,2026-07-10 19:00:00
mmccarthy,23.59,68.38,vluo,-1.91,54.95,0,0,0,"sknoche,agutowsky,jleibfort,vluo,mgrinde,mweber2,mmccarthy",True,2026-07-10-PIT-MAD,22,11,3,10,190.0,2,1,False,False,388,home,278,1783732828.0,18,False,"rduncan,mmarshall,rward1,lstorm,mdillard,bgessner,whoffenka",279,574,1302ffb93f7dbc7569be5665e9cee61ddf9d925c5af574de8af63a87a09117a8,1783732828.0,False,388,165.636363636364,28.8203903512773,-25.5,-13.43,117.774281199431,3a5f8884bb26182d7aa4430209e4d4a12e0fcb85d633ed325ca04557725a2f79,0.93680956180006,0.06319043819994,0.743104560125572,0.764465808914903,0.744389983045303,0.78778445887031,885.636363636364,11.0,1.0,-0.0200758258696002,-0.0781478483207542,574.0,b8ce21a1b62b254fe9f5d0251aa75e1d43b971ad,2026-08-18 08:07:04,2026-07-11 01:24:51,2026-07-10-PIT-MAD,radicals,thunderbirds,31,19,2026-07-10 19:00:00
vluo,-1.91,54.95,jleibfort,4.02,64.15,0,0,0,"sknoche,agutowsky,jleibfort,vluo,mgrinde,mweber2,mmccarthy",True,2026-07-10-PIT-MAD,22,11,3,10,190.0,2,2,False,False,389,home,279,1783732841.0,18,False,"rduncan,mmarshall,rward1,lstorm,mdillard,bgessner,whoffenka",280,575,685fc1e18e3d2278bc29ca83de48d1376a42b3b8c52189f4f1af6bbd9c73eb27,1783732841.0,False,389,159.545454545455,10.9455424717097,5.93,9.2,-32.8044202412843,cbe978375a611645fd7606cb229c8080ecc8bb3eca987671c30f000be341ec34,0.979839861673315,0.0201601383266847,0.743104560125572,0.743104560125572,0.782503552394252,0.746657561326768,879.545454545455,11.0,1.0,0.0393989922686795,0.153365868572591,575.0,391226de8a1cbf8d483eea5cd8bbce70df150dd5,2026-08-18 08:07:04,2026-07-11 01:24:51,2026-07-10-PIT-MAD,radicals,thunderbirds,31,19,2026-07-10 19:00:00
jleibfort,4.02,74.15,mweber2,-7.92,81.06,0,0,0,"sknoche,agutowsky,jleibfort,vluo,mgrinde,mweber2,mmccarthy",True,2026-07-10-PIT-MAD,22,11,3,10,190.0,2,3,False,False,390,home,281,1783732847.0,18,False,"rduncan,mmarshall,rward1,lstorm,mdillard,bgessner,whoffenka",282,577,3fb576aa49a227506d4da16d6dc8d24add3a371daf4b7de923723524187028a7,1783732847.0,False,390,153.454545454545,13.7953506660759,-11.94,6.91,59.9408759853804,b5fb5ad225d05facc99b0b58a5956d9360f9baa376f3ee381cc191a769e4b70a,0.969048599242519,0.0309514007574813,0.743104560125572,0.825859343042949,0.855693360002359,0.679163946479115,873.454545454545,11.0,1.0,0.0298340169594098,0.116132917633699,577.0,cc6e0afdbdc647c0eb3b17b29fdd04488f7ffc99,2026-08-18 08:07:04,2026-07-11 01:24:51,2026-07-10-PIT-MAD,radicals,thunderbirds,31,19,2026-07-10 19:00:00
mweber2,-7.92,81.06,jleibfort,-14.05,70.9,0,0,0,"sknoche,agutowsky,jleibfort,vluo,mgrinde,mweber2,mmccarthy",True,2026-07-10-PIT-MAD,22,11,3,10,190.0,2,4,False,False,391,home,282,1783732849.0,18,False,"rduncan,mmarshall,rward1,lstorm,mdillard,bgessner,whoffenka",283,578,026f19207f8ec0e968c68586f1cb2d46e1410f53b87fa53c503f2a5d944938f2,1783732849.0,False,391,147.363636363636,11.866022922614,-6.13,-10.16,148.895467880167,388bd9d515fab4c97e47c5b465f5627aab663266876abf5cbd23a2bd654cfd60,0.980463996016623,0.0195360039833768,0.743104560125572,0.854506001212766,0.804985425930836,0.708167209487285,867.363636363636,11.0,1.0,-0.0495205752819302,-0.192765489749978,578.0,db2bec23fed64aabc416af6a7aae57ce6f59b7bd,2026-08-18 08:07:04,2026-07-11 01:24:51,2026-07-10-PIT-MAD,radicals,thunderbirds,31,19,2026-07-10 19:00:00
jleibfort,-14.05,70.9,mweber2,0.06,74.79,0,0,0,"sknoche,agutowsky,jleibfort,vluo,mgrinde,mweber2,mmccarthy",True,2026-07-10-PIT-MAD,22,11,3,10,190.0,2,5,False,False,392,home,283,1783732852.0,18,False,"rduncan,mmarshall,rward1,lstorm,mdillard,bgessner,whoffenka",284,579,d27d374d45f08a5a49d708b4d0004d66f1c0d42761b1599bbc586eeb27b784d0,1783732852.0,False,392,141.272727272727,14.6363998305594,14.11,3.89,-74.5869475012566,86e34d2ad2af7c64b0f36c28c340d937938e6279d8141b87208c2f39007a893d,0.967707802603663,0.0322921973963374,0.743104560125572,0.803188815983019,0.825895469280171,0.698584345914886,861.272727272727,11.0,1.0,0.0227066532971522,0.0883886973947506,579.0,8c18ffefb207a0f64205e678692f6f773e02fd1d,2026-08-18 08:07:04,2026-07-11 01:24:51,2026-07-10-PIT-MAD,radicals,thunderbirds,31,19,2026-07-10 19:00:00
mweber2,0.06,74.79,vluo,-15.21,91.29,0,0,0,"sknoche,agutowsky,jleibfort,vluo,mgrinde,mweber2,mmccarthy",True,2026-07-10-PIT-MAD,22,11,3,10,190.0,2,6,False,False,393,home,284,1783732856.0,18,False,"rduncan,mmarshall,rward1,lstorm,mdillard,bgessner,whoffenka",285,580,d6e2007460a9262f7a1556b524922e77ed00fdc7b2b45c0f520a33cddcda0e03,1783732856.0,False,393,135.181818181818,22.4816124866523,-15.27,16.5,42.7828571257056,3ead1c7530187b92aa8d4358c04fa87728d25b84ea2693cf73f5ece6baf204d4,0.93468531757068,0.06531468242932,0.743104560125572,0.823946406631864,0.890593782550179,0.62845412132124,855.181818181818,11.0,1.0,0.0666473759183148,0.259433861305177,580.0,b72f7c5a497e489cc4dbe9659923cc1574a70673,2026-08-18 08:07:04,2026-07-11 01:24:51,2026-07-10-PIT-MAD,radicals,thunderbirds,31,19,2026-07-10 19:00:00
vluo,-15.21,91.29,mmccarthy,-20.87,109.02,0,0,0,"sknoche,agutowsky,jleibfort,vluo,mgrinde,mweber2,mmccarthy",True,2026-07-10-PIT-MAD,23,11,3,10,190.0,2,7,False,False,394,home,285,1783732866.0,19,False,"rduncan,mmarshall,rward1,lstorm,mdillard,bgessner,whoffenka",286,582,1ad9c703e64203dbaf3252876f4160d375577e37545ae22a8588f849bf4b802d,1783732866.0,False,394,129.090909090909,18.6115152526601,-5.66,17.73,17.7047957486743,32f647655e31c3d6a6215929f6f8ded46824020fe0b0ccfd99a0e8a53c01ab75,0.939497677850201,0.0605023221497992,0.743104560125572,0.889039405325849,1.0,0.576263039750544,849.090909090909,11.0,1.0,0.110960594674151,0.431929016444936,582.0,b55796b6f501c5b1521fbbdbe56fb866c1cb340c,2026-08-18 08:07:04,2026-07-11 01:24:51,2026-07-10-PIT-MAD,radicals,thunderbirds,31,19,2026-07-10 19:00:00
akirages,1.56,15.48,whoffenka,-0.34,37.1,0,0,0,"akirages,rward1,lbecker,whoffenka,rduncan,lstorm,bgessner",False,2026-07-10-PIT-MAD,23,11,3,11,123.0,1,1,True,True,395,away,297,1783732915.0,18,False,"jcarrico,rpieran,jmaskalun,agutowsky,mjunga,kconniff,kalexande",298,586,464b2440dc9a7e6de9dad71c263edeab08e0752b613f85fda8806155b4f2fbe4,1783732915.0,False,395,123.0,21.7033269339058,-1.9,21.62,5.02234131720448,b7106a6b014870ef2162a2613e1580d6b50f9ae4522c460a8b4ec07564092186,0.95711073985874,0.0428892601412598,0.597008636003054,0.597008636003054,0.658946851182804,0.855931371140027,843.0,12.0,1.0,0.06193821517975,0.153696135235839,586.0,25990a0707a6729bd6137c6a1d447a4e59d6c294,2026-08-18 08:07:04,2026-07-11 01:24:51,2026-07-10-PIT-MAD,radicals,thunderbirds,31,19,2026-07-10 19:00:00
whoffenka,-0.34,37.1,akirages,7.07,44.81,0,0,0,"akirages,rward1,lbecker,whoffenka,rduncan,lstorm,bgessner",False,2026-07-10-PIT-MAD,23,11,3,11,123.0,1,2,True,True,396,away,298,1783732921.0,18,False,"jcarrico,rpieran,jmaskalun,agutowsky,mjunga,kconniff,kalexande",299,587,41b377855f46c34373dd0f37838103d8a7bf115755b1e0eaf15de2260eba7a50,1783732921.0,False,396,119.533333333333,10.6935588089279,7.41,7.71,-43.8633281224012,c7ee0cad38781efbc354a828d563523da32029813dc6e5434e8141c5b35cade4,0.983972297704292,0.0160277022957078,0.597008636003054,0.656291163602874,0.683375183395898,0.818399698266555,839.533333333333,12.0,1.0,0.0270840197930242,0.0672074446568773,587.0,217cd56562d7a5ab8ef0a6c8383c12e571e82a12,2026-08-18 08:07:04,2026-07-11 01:24:51,2026-07-10-PIT-MAD,radicals,thunderbirds,31,19,2026-07-10 19:00:00
akirages,7.07,44.81,lstorm,3.58,59.08,0,0,0,"akirages,rward1,lbecker,whoffenka,rduncan,lstorm,bgessner",False,2026-07-10-PIT-MAD,23,11,3,11,123.0,1,3,True,True,397,away,299,1783732923.0,18,False,"jcarrico,rpieran,jmaskalun,agutowsky,mjunga,kconniff,kalexande",300,588,cd460b6a1bb16d38c83eae6afdef8ed4074b045dd2275627729ec727c1575014,1783732923.0,False,397,116.066666666667,14.6905752099773,-3.49,14.27,13.7430036368888,1bd6d5cfd4ce2e518c66be6638ce467c7bd7223287b0580d3f947c9e37e15c42,0.970748075396613,0.0292519246033867,0.597008636003054,0.680602923590174,0.741494452737814,0.749829609114606,836.066666666667,12.0,1.0,0.0608915291476403,0.151098843766046,588.0,270401314e90f308712865e65160a66b2cb375c2,2026-08-18 08:07:04,2026-07-11 01:24:51,2026-07-10-PIT-MAD,radicals,thunderbirds,31,19,2026-07-10 19:00:00
lstorm,3.58,59.08,lbecker,1.62,72.97,0,0,0,"akirages,rward1,lbecker,whoffenka,rduncan,lstorm,bgessner",False,2026-07-10-PIT-MAD,23,11,3,11,123.0,1,4,True,True,398,away,300,1783732927.0,18,False,"jcarrico,rpieran,jmaskalun,agutowsky,mjunga,kconniff,kalexande",301,589,49e8929c197bf71d2c79444422377f25cc671d5e459becfee79d114042ff1c41,1783732927.0,False,398,112.6,14.0276049274279,-1.96,13.89,8.03190421946267,8f0544f7004eb21762909aaca70ac342b866e9f2c87f82a5d2075d812bad467c,0.969901446724225,0.0300985532757748,0.597008636003054,0.738836671100871,0.804429780605253,0.687256199338309,832.6,12.0,1.0,0.0655931095043819,0.162765546273292,589.0,ef4db13ef565df5e3264657f30abb19699083dda,2026-08-18 08:07:04,2026-07-11 01:24:51,2026-07-10-PIT-MAD,radicals,thunderbirds,31,19,2026-07-10 19:00:00
lbecker,1.62,72.97,whoffenka,-10.87,61.28,0,0,0,"akirages,rward1,lbecker,whoffenka,rduncan,lstorm,bgessner",False,2026-07-10-PIT-MAD,23,11,3,11,123.0,1,5,True,True,399,away,301,1783732929.0,18,False,"jcarrico,rpieran,jmaskalun,agutowsky,mjunga,kconniff,kalexande",302,590,bf7c0b32898f269932c9e40b8506231c4704426b85011fe2dc9e248dba120dd3,1783732929.0,False,399,109.133333333333,17.1071973157499,-12.49,-11.69,133.10504921958,951c1868a3a1778dcca10ced548f3ed2925a1827feadb2b8e9aa931e111315b2,0.975623447684806,0.0243765523151942,0.597008636003054,0.802074044384095,0.743707364603144,0.731401133340533,829.133333333333,12.0,1.0,-0.058366679780951,-0.144833574600853,590.0,625749a1e9c0733ac387e0155a09e41f1e96197d,2026-08-18 08:07:04,2026-07-11 01:24:51,2026-07-10-PIT-MAD,radicals,thunderbirds,31,19,2026-07-10 19:00:00
whoffenka,-10.87,61.28,akirages,3.52,66.18,0,0,0,"akirages,rward1,lbecker,whoffenka,rduncan,lstorm,bgessner",False,2026-07-10-PIT-MAD,23,11,3,11,123.0,1,6,True,True,400,away,302,1783732935.0,18,False,"jcarrico,rpieran,jmaskalun,agutowsky,mjunga,kconniff,kalexande",303,591,75a12ca1922b4445ad9ded9648f3bf99d7fd6eedad4e47746ce983d9241ed733,1783732935.0,False,400,105.666666666667,15.2013848053393,14.39,4.90000000000001,-71.1955599054583,3eff88c0ccf0a93eb05ae502615d69ac2d9a6e7cfa001b594e78b6a6adb6fe19,0.970583962707228,0.0294160372927715,0.597008636003054,0.74063764330725,0.766396190872208,0.709070948649084,825.666666666667,12.0,1.0,0.0257585475649585,0.063918361201293,591.0,bbdbd82695ca15d9a26c8eff8de78f8a27404211,2026-08-18 08:07:04,2026-07-11 01:24:51,2026-07-10-PIT-MAD,radicals,thunderbirds,31,19,2026-07-10 19:00:00
akirages,3.52,66.18,lstorm,9.27,77.08,0,0,0,"akirages,rward1,lbecker,whoffenka,rduncan,lstorm,bgessner",False,2026-07-10-PIT-MAD,23,11,3,11,123.0,1,7,True,True,401,away,303,1783732938.0,18,False,"jcarrico,rpieran,jmaskalun,agutowsky,mjunga,kconniff,kalexande",304,592,e325a63106a80d231d4ac80d6dd84d7d7bcc22b390350adc86fbc4e45a3d94b5,1783732938.0,False,401,102.2,12.3236561133456,5.75,10.9,-27.8126749193367,acd9603dc85aa00d767718ef5efbd07a78a3f23648b6d0d1e724d9bf2692052e,0.972487356780991,0.0275126432190086,0.597008636003054,0.763297663564467,0.815506629312146,0.65872557886992,822.2,12.0,1.0,0.0522089657476792,0.12955355973354,592.0,810fd22736ce8ec00555d3892e7fa11808b5946d,2026-08-18 08:07:04,2026-07-11 01:24:51,2026-07-10-PIT-MAD,radicals,thunderbirds,31,19,2026-07-10 19:00:00
lstorm,9.27,77.08,akirages,9.15,84.42,0,0,0,"akirages,rward1,lbecker,whoffenka,rduncan,lstorm,bgessner",False,2026-07-10-PIT-MAD,23,11,3,11,123.0,1,8,True,True,402,away,304,1783732943.0,18,False,"jcarrico,rpieran,jmaskalun,agutowsky,mjunga,kconniff,kalexande",305,593,18d5d45b9a0a71dac6bdfebbff9a1fe046cf3f8cbd7a3f605a1aa9907acb8709,1783732943.0,False,402,98.7333333333333,7.34098086089319,-0.119999999999999,7.34,0.936632298860431,4b8366198e7914d4e7d236182210b9fdbc40cdcba869e5e68a27e1981e0a3cf8,0.979516285198619,0.0204837148013814,0.597008636003054,0.812712550118056,0.848531590198192,0.627794200136083,818.733333333333,12.0,1.0,0.0358190400801369,0.0888828974518878,593.0,5327590a6815c5b2c8499b0975998c7695004845,2026-08-18 08:07:04,2026-07-11 01:24:51,2026-07-10-PIT-MAD,radicals,thunderbirds,31,19,2026-07-10 19:00:00
akirages,9.15,84.42,whoffenka,8.05,88.83,0,0,0,"akirages,rward1,lbecker,whoffenka,rduncan,lstorm,bgessner",False,2026-07-10-PIT-MAD,23,11,3,11,123.0,1,9,True,True,403,away,305,1783732947.0,18,False,"jcarrico,rpieran,jmaskalun,agutowsky,mjunga,kconniff,kalexande",306,594,dd1564f08490eecb0ad2ddd9cdbd49762818c361aa827f9a19f431318ac9d010,1783732947.0,False,403,95.2666666666667,4.54511826028762,-1.1,4.41,14.005669415592,d0d26a790f9ae64a4ce92842dac090c45e9b0b3771a50eda6141d4fa80296d25,0.983079563251339,0.0169204367486614,0.597008636003054,0.845975986198243,0.867027822248121,0.609044616685764,815.266666666667,12.0,1.0,0.0210518360498783,0.0522389260183695,594.0,79e8ac03453710d7c98f6c61087b5be8c56a08c5,2026-08-18 08:07:04,2026-07-11 01:24:51,2026-07-10-PIT-MAD,radicals,thunderbirds,31,19,2026-07-10 19:00:00
whoffenka,8.05,88.83,akirages,0.94,78.61,0,0,0,"akirages,rward1,lbecker,whoffenka,rduncan,lstorm,bgessner",False,2026-07-10-PIT-MAD,23,11,3,11,123.0,1,10,True,True,404,away,306,1783732950.0,18,False,"jcarrico,rpieran,jmaskalun,agutowsky,mjunga,kconniff,kalexande",307,595,378e7f93ae6874e424dc3772908d082390f8215c37f95ff28dd8fe974a5a0824,1783732950.0,False,404,91.8,12.4499196784558,-7.11,-10.22,145.173868282998,82b70f3f76c99aa17dd01cdd9b1502bf11fe9818be677705c73f38b9b28d04ec,0.976044140102579,0.0239558598974214,0.597008636003054,0.864578413802341,0.815622193222971,0.641253772807129,811.8,12.0,1.0,-0.0489562205793707,-0.121482058805959,595.0,91f55ef527311400ce2abc37d29f262876a4d963,2026-08-18 08:07:04,2026-07-11 01:24:51,2026-07-10-PIT-MAD,radicals,thunderbirds,31,19,2026-07-10 19:00:00
akirages,0.94,78.61,bgessner,4.8,85.65,0,0,0,"akirages,rward1,lbecker,whoffenka,rduncan,lstorm,bgessner",False,2026-07-10-PIT-MAD,23,11,3,11,123.0,1,11,True,True,405,away,307,1783732953.0,18,False,"jcarrico,rpieran,jmaskalun,agutowsky,mjunga,kconniff,kalexande",308,596,3a4087574eefa21a0217f3ab54e3690dcf5e1ac935e7caa8f5b8ad77657da135,1783732953.0,False,405,88.3333333333333,8.02877325623287,3.86,7.04000000000001,-28.7357583876214,ecbeb394a5b23e258bbe3700ff2acce61a043156cc1a8e01c20f08d63fc39e74,0.980104845153523,0.0198951548464772,0.597008636003054,0.812219780678712,0.847218720534385,0.610083654695875,808.333333333333,12.0,1.0,0.0349989398556728,0.0868478656925712,596.0,e48c9c3c59ad7f7e9b917e7209d63c3c07c6ab8d,2026-08-18 08:07:04,2026-07-11 01:24:51,2026-07-10-PIT-MAD,radicals,thunderbirds,31,19,2026-07-10 19:00:00
bgessner,4.8,85.65,whoffenka,-2.18,77.08,0,0,0,"akirages,rward1,lbecker,whoffenka,rduncan,lstorm,bgessner",False,2026-07-10-PIT-MAD,23,11,3,11,123.0,1,12,True,True,406,away,308,1783732957.0,18,False,"jcarrico,rpieran,jmaskalun,agutowsky,mjunga,kconniff,kalexande",309,597,96acef14f791eeae16a551737fc78733c5abb61689910609a32b2db5c8e5aac1,1783732957.0,False,406,84.8666666666667,11.0528412636752,-6.98,-8.57000000000001,140.838249192291,c68d1a9185c0c381b8e0a28f2bee1febdf744052765cd9cc73203d35e8ff5757,0.979860768353114,0.0201392316468859,0.597008636003054,0.844099556828712,0.800522336899226,0.636460747243813,804.866666666667,12.0,1.0,-0.0435772199294858,-0.108134376621073,597.0,6a40fa8bfc59a8c19ea311dd520330b2417de19a,2026-08-18 08:07:04,2026-07-11 01:24:51,2026-07-10-PIT-MAD,radicals,thunderbirds,31,19,2026-07-10 19:00:00
whoffenka,-2.18,77.08,bgessner,-13.75,72.55,0,0,0,"akirages,rward1,lbecker,whoffenka,rduncan,lstorm,bgessner",False,2026-07-10-PIT-MAD,23,11,3,11,123.0,1,13,True,True,407,away,309,1783732962.0,18,False,"jcarrico,rpieran,jmaskalun,agutowsky,mjunga,kconniff,kalexande",310,598,91e36a499454f2455d8d2cbe19b2056cea1c7c05c63f591735a694d08ee33fc2,1783732962.0,False,407,81.4,12.4252082477518,-11.57,-4.53,111.381824520148,2798018a845c2e31d4d52548b5fcb0bcbd0a91a2a5957a80d3ce4d6938b96dd8,0.978904355079701,0.0210956449202991,0.597008636003054,0.796438348120999,0.767156531195631,0.641280734520357,801.4,12.0,1.0,-0.0292818169253685,-0.0726611524250688,598.0,862108591545722c1b9faac9131535d8d904db56,2026-08-18 08:07:04,2026-07-11 01:24:51,2026-07-10-PIT-MAD,radicals,thunderbirds,31,19,2026-07-10 19:00:00
bgessner,-13.75,72.55,whoffenka,-2.36,79.34,0,0,0,"akirages,rward1,lbecker,whoffenka,rduncan,lstorm,bgessner",False,2026-07-10-PIT-MAD,23,11,3,11,123.0,1,14,True,True,408,away,310,1783732965.0,18,False,"jcarrico,rpieran,jmaskalun,agutowsky,mjunga,kconniff,kalexande",311,599,da76ff09d844e4e8bbd62beb51eb1642603ed47d9ad38506efa892586506cb6b,1783732965.0,False,408,77.9333333333333,13.2603242795944,11.39,6.79000000000001,-59.1992677498309,4cdcad638413a5d1d1b5b4070bd2a031a0eebb32d9fcf61a46a0d6246fc7475a,0.968244916702295,0.0317550832977054,0.597008636003054,0.762314516886067,0.804143943473953,0.615348301233066,797.933333333333,12.0,1.0,0.0418294265878854,0.103797327498567,599.0,778c8d22cc4f73d7143968f242caae960308fdac,2026-08-18 08:07:04,2026-07-11 01:24:51,2026-07-10-PIT-MAD,radicals,thunderbirds,31,19,2026-07-10 19:00:00
whoffenka,-2.36,79.34,akirages,-13.32,106.89,0,0,0,"akirages,rward1,lbecker,whoffenka,rduncan,lstorm,bgessner",False,2026-07-10-PIT-MAD,23,12,3,11,123.0,1,15,True,True,409,away,311,1783732969.0,19,False,"jcarrico,rpieran,jmaskalun,agutowsky,mjunga,kconniff,kalexande",312,600,5a8534751d3c31b7e1238b0af5631404923cbe6c1b0a03f124c09c902477ccdb,1783732969.0,False,409,74.4666666666667,29.650026981438,-10.96,27.55,21.6937579949785,9474ead7fa7988924647ec0b8206e32f01233982ca9e6e6da2b7595690367f80,0.865992861938831,0.134007138061169,0.597008636003054,0.799617127218541,1.0,0.533686301042993,794.466666666667,12.0,1.0,0.200382872781459,0.497238627632174,600.0,b7da8f5007b8d27ed51388d7437f81da5654c55a,2026-08-18 08:07:04,2026-07-11 01:24:51,2026-07-10-PIT-MAD,radicals,thunderbirds,31,19,2026-07-10 19:00:00
gvordick,-19.31,19.56,imccosky,-5.8,24.88,0,0,0,"msample,jnelson,sstark,esjostrom,imccosky,nranabhat,gvordick",True,2026-07-10-PIT-MAD,23,12,3,12,71.0,1,1,True,True,410,home,290,1783733021.0,18,False,"nceluch,hpark,astevenso,knicholl,pzaccardi,lcall,ecampion",291,605,625f2a88e80f30a62abe6fc63a607ac265d000f6050f51dd9818aa2350db0e82,1783733021.0,False,410,71.0,14.5197279588841,13.51,5.32,-68.5063536029822,c30eb9e953d342e7d5e4bf5fc6c6837232d91fd761a5d170b3bf7f462911e6d7,0.97910246658463,0.0208975334153703,0.507343833030416,0.507343833030416,0.546990661216259,0.87675126334052,791.0,11.0,1.0,0.0396468281858432,0.0804756559320426,605.0,f4bf87c63324d8cb7efe039e780f6f7363efe54f,2026-08-18 08:07:04,2026-07-11 01:24:51,2026-07-10-PIT-MAD,radicals,thunderbirds,31,19,2026-07-10 19:00:00
imccosky,-5.8,24.88,gvordick,3.27,24.54,0,0,0,"msample,jnelson,sstark,esjostrom,imccosky,nranabhat,gvordick",True,2026-07-10-PIT-MAD,23,12,3,12,71.0,1,2,True,True,411,home,291,1783733024.0,18,False,"nceluch,hpark,astevenso,knicholl,pzaccardi,lcall,ecampion",292,606,605bb791d30e7975261b0f0b22e55b74a5987a6d15bf50fbc23dcf40aef2500e,1783733024.0,False,411,65.4285714285714,9.0763704199421,9.07,-0.34,-92.1467969036294,2d1d81c48d2dbba2b73051e4204030f482099e2143033c763260e8802e82cde8,0.990683230061672,0.00931676993832753,0.507343833030416,0.53408694678273,0.533599190698661,0.872892839701566,785.428571428571,11.0,1.0,-0.000487756084068147,-0.000990053746953827,606.0,615fd99c861724c6c0e84981fdd8c1a4fe138eb0,2026-08-18 08:07:04,2026-07-11 01:24:51,2026-07-10-PIT-MAD,radicals,thunderbirds,31,19,2026-07-10 19:00:00
gvordick,3.27,24.54,jnelson,15.2,31.22,0,0,0,"msample,jnelson,sstark,esjostrom,imccosky,nranabhat,gvordick",True,2026-07-10-PIT-MAD,23,12,3,12,71.0,1,3,True,True,412,home,292,1783733026.0,18,False,"nceluch,hpark,astevenso,knicholl,pzaccardi,lcall,ecampion",293,607,12934dc840b6984ac236eaaf4e3843b724a6f2779a092cea554222381c6c9744,1783733026.0,False,412,59.8571428571429,13.6728672925616,11.93,6.68,-60.7540986336888,32dcd0d94a32f588b2e7dd7b9e0077c7ebfeab1918fae0b5c1b474b9ebd9956e,0.98436248934312,0.0156375106568799,0.507343833030416,0.519513513833112,0.528138437592081,0.824854169564521,779.857142857143,11.0,1.0,0.00862492375896906,0.0175069842564288,607.0,ae835fd3c90e0299a1cf67a8dd051086387514bf,2026-08-18 08:07:04,2026-07-11 01:24:51,2026-07-10-PIT-MAD,radicals,thunderbirds,31,19,2026-07-10 19:00:00
jnelson,15.2,31.22,imccosky,-8.39,50.52,0,0,0,"msample,jnelson,sstark,esjostrom,imccosky,nranabhat,gvordick",True,2026-07-10-PIT-MAD,23,12,3,12,71.0,1,4,True,True,413,home,293,1783733033.0,18,False,"nceluch,hpark,astevenso,knicholl,pzaccardi,lcall,ecampion",294,608,b4aa6c7da77b6da6cb303d0f68652575dbea0c5f193f99f31ad7ce8cd5c6e480,1783733033.0,False,413,54.2857142857143,30.4791420482926,-23.59,19.3,50.7119157852871,82326ad5dc17ad210328f46750f871da4c4ab9d259b8f2eb1b4daa6ee79676a4,0.899517216411134,0.100482783588866,0.507343833030416,0.512850895195329,0.60205692128623,0.704736868053445,774.285714285714,11.0,1.0,0.0892060260909012,0.181071570949012,608.0,4be3f87265a81d8aa1388d3dfbe67e5c9baad293,2026-08-18 08:07:04,2026-07-11 01:24:51,2026-07-10-PIT-MAD,radicals,thunderbirds,31,19,2026-07-10 19:00:00
imccosky,-8.39,50.52,jnelson,14.45,48.88,0,0,0,"msample,jnelson,sstark,esjostrom,imccosky,nranabhat,gvordick",True,2026-07-10-PIT-MAD,23,12,3,12,71.0,1,5,True,True,414,home,294,1783733039.0,18,False,"nceluch,hpark,astevenso,knicholl,pzaccardi,lcall,ecampion",295,609,a626002fdd0acba2404b2919cf362eb6bebaa62eeb363e1f05823c13134a7e58,1783733039.0,False,414,48.7142857142857,22.8988034621899,22.84,-1.64,-94.1070091048725,45c16c696a26e1ab6a17fedccb14b1d5331d4fa5ce09128399339c8c1ce31bd1,0.96435793325534,0.0356420667446595,0.507343833030416,0.586090683161727,0.56954061710187,0.694772828165985,768.714285714286,11.0,1.0,-0.0165500660598572,-0.033593542859028,609.0,73585a0c3c76c26f09dc344947bcc9dde73e7985,2026-08-18 08:07:04,2026-07-11 01:24:51,2026-07-10-PIT-MAD,radicals,thunderbirds,31,19,2026-07-10 19:00:00
jnelson,14.45,48.88,nranabhat,11.25,95.86,0,0,0,"msample,jnelson,sstark,esjostrom,imccosky,nranabhat,gvordick",True,2026-07-10-PIT-MAD,23,12,3,12,71.0,1,6,True,True,415,home,295,1783733045.0,18,False,"nceluch,hpark,astevenso,knicholl,pzaccardi,lcall,ecampion",296,610,f0734defbc256bdb7e6905a3adc71b9de06a716f62a5f6e6356f803288ddfab6,1783733045.0,False,415,43.1428571428571,47.0888564312195,-3.2,46.98,3.89663120476504,6b7eee60b3688dcf3e6d4223ecea8cbb94f82a2bd9aab5f639d733bd5035e1bb,0.677292695648462,0.322707304351538,0.507343833030416,0.551961400923441,0.841885707551986,0.465087870729775,763.142857142857,11.0,1.0,0.289924306628545,0.588492190023563,610.0,c551e730e30c06142448abe8aeb7d4eebecb5a24,2026-08-18 08:07:04,2026-07-11 01:24:51,2026-07-10-PIT-MAD,radicals,thunderbirds,31,19,2026-07-10 19:00:00
nranabhat,11.25,95.86,gvordick,16.98,108.68,0,0,0,"msample,jnelson,sstark,esjostrom,imccosky,nranabhat,gvordick",True,2026-07-10-PIT-MAD,24,12,3,12,71.0,1,7,True,True,416,home,296,1783733062.0,19,False,"nceluch,hpark,astevenso,knicholl,pzaccardi,lcall,ecampion",297,612,e3f2a6f3972401bfb4ea363c4be7b797541461e86dde56381d7adecad417b091,1783733062.0,False,416,37.5714285714286,14.0422683352797,5.73,12.82,-24.0826317924085,a409777da4e12a9118f92c81fa493c99e0f0d180fe2125efd30844bd809b5547,0.955828039227528,0.0441719607724721,0.507343833030416,0.831399614003345,1.0,0.422845353633795,757.571428571429,11.0,1.0,0.168600385996655,0.34222729217772,612.0,7d2549c5fbb39334ee08733b85612aa9228d9c96,2026-08-18 08:07:04,2026-07-11 01:24:51,2026-07-10-PIT-MAD,radicals,thunderbirds,31,19,2026-07-10 19:00:00
mmarshall,5.66,10.04,akirages,0.82,30.18,0,0,0,"akirages,whoffenka,bgessner,mmarshall,rduncan,rward1,lstorm",False,2026-07-10-PIT-MAD,24,12,3,13,32.0,1,1,True,True,417,away,316,1783733150.0,18,False,"vluo,mmccarthy,agutowsky,mgrinde,jleibfort,sknoche,mweber2",317,615,43ce1e5b59d159bbed27be5c98306fe895f4510bc790bf1b2effca951361b3f7,1783733150.0,False,417,32.0,20.7134062867506,-4.84,20.14,13.5129476204628,b39d4813f5fe8fe324cbcd2f00787527bb4274836480d496c2096698792347ea,0.964009277703084,0.0359907222969156,0.394117435767561,0.394117435767561,0.447963140918733,0.781755088852825,752.0,12.0,1.0,0.0538457051511719,0.0888715211988089,615.0,1a8507b63644207a1ccf1913ec80bb63f03b5218,2026-08-18 08:07:04,2026-07-11 01:29:54,2026-07-10-PIT-MAD,radicals,thunderbirds,31,19,2026-07-10 19:00:00
akirages,0.82,30.18,rduncan,-13.63,43.71,0,0,0,"akirages,whoffenka,bgessner,mmarshall,rduncan,rward1,lstorm",False,2026-07-10-PIT-MAD,24,12,3,13,32.0,1,2,True,True,418,away,317,1783733154.0,18,False,"vluo,mmccarthy,agutowsky,mgrinde,jleibfort,sknoche,mweber2",318,617,c24c1fa09cfc69c4412ce8d26d0623e6f0a825cddd013f8d214f50a43c28e4d4,1783733154.0,False,418,31.0,19.7955399017051,-14.45,13.53,46.8832427858014,9408e41013eef11257afd13c999882a9a630bab4ef88731664e917836b951ca2,0.964787001335824,0.035212998664176,0.394117435767561,0.444162567408986,0.488028657467163,0.67644813239172,751.0,12.0,1.0,0.0438660900581764,0.072400317566075,617.0,d801aaccac16112b7fc16c605cefa996b4b15a09,2026-08-18 08:07:04,2026-07-11 01:29:54,2026-07-10-PIT-MAD,radicals,thunderbirds,31,19,2026-07-10 19:00:00
rduncan,-13.63,43.71,whoffenka,-17.18,56.32,0,0,0,"akirages,whoffenka,bgessner,mmarshall,rduncan,rward1,lstorm",False,2026-07-10-PIT-MAD,24,12,3,13,32.0,1,3,True,True,419,away,318,1783733158.0,18,False,"vluo,mmccarthy,agutowsky,mgrinde,jleibfort,sknoche,mweber2",319,618,7b8b81cf6182284c06f5059cb7a4f1ca6cd4a43e66f2a718701297c346f9d227,1783733158.0,False,419,30.0,13.1001755713425,-3.55,12.61,15.72311077919,a21ca115c328c7d2647346f8a17d7b7382d389b6677766c2b8d42282e16b59cb,0.977190897746329,0.0228091022536713,0.394117435767561,0.484139506917432,0.537240240661205,0.578067787900419,750.0,12.0,1.0,0.0531007337437733,0.0876419571687854,618.0,f4cb94506285ab6195bfe7a6c43a26375240667b,2026-08-18 08:07:04,2026-07-11 01:29:54,2026-07-10-PIT-MAD,radicals,thunderbirds,31,19,2026-07-10 19:00:00
whoffenka,-17.18,56.32,rduncan,-18.77,64.95,0,0,0,"akirages,whoffenka,bgessner,mmarshall,rduncan,rward1,lstorm",False,2026-07-10-PIT-MAD,24,12,3,13,32.0,1,4,True,True,420,away,319,1783733164.0,18,False,"vluo,mmccarthy,agutowsky,mgrinde,jleibfort,sknoche,mweber2",320,619,079e546276617fed1d81df1998b28535259008f6f49f0c1d2ce5510a4a7c5f37,1783733164.0,False,420,29.0,8.7752492842084,-1.59,8.63,10.4391651431817,390d2d4d741675a66455ef93f5a15cf35b6ca454f07087e56b0e9828ad6cde64,0.984032556531469,0.0159674434685311,0.394117435767561,0.533320547666243,0.578726197705029,0.516625363905297,749.0,12.0,1.0,0.0454056500387859,0.0749413380071565,619.0,b7580298adb06d02aecba2e112830c5e3835e14c,2026-08-18 08:07:04,2026-07-11 01:29:54,2026-07-10-PIT-MAD,radicals,thunderbirds,31,19,2026-07-10 19:00:00
rduncan,-18.77,64.95,,-14.85,119.75,1,0,0,"akirages,whoffenka,bgessner,mmarshall,rduncan,rward1,lstorm",False,2026-07-10-PIT-MAD,24,12,3,13,32.0,1,5,True,True,421,away,320,1783733173.0,22,False,"vluo,mmccarthy,agutowsky,mgrinde,jleibfort,sknoche,mweber2",321,620,ea500d4c2e1749f7adfec971a4ead7b96c7721e4577ead14b6f09eae8370a5c9,1783733173.0,False,421,28.0,54.9400254823385,3.92,54.8,-4.09156094216054,54aebe905b1a6f970b9b1a79fdc54cf59e3922965f3d677dcc057ace1ab6fda7,0.624356248976314,-0.624356248976314,0.394117435767561,0.574833464510459,0.927373230717679,0.392011403973591,748.0,12.0,1.0,-0.392011403973591,-0.392011403973591,620.0,2a12c9685e5b5a711fdb0be4288fa02f55d442f4,2026-08-18 08:07:04,2026-07-11 01:29:54,2026-07-10-PIT-MAD,radicals,thunderbirds,31,19,2026-07-10 19:00:00
vluo,22.71,26.25,sknoche,22.84,43.97,0,0,0,"vluo,mmccarthy,agutowsky,mgrinde,jleibfort,sknoche,mweber2",True,2026-07-10-PIT-MAD,24,12,3,13,27.0,2,1,False,False,422,home,300,1783733198.0,18,False,"akirages,whoffenka,bgessner,mmarshall,rduncan,rward1,lstorm",301,622,7604d26b8ce6e5abd69845abba163681937e21876e8b94357f46e9643db54f2d,1783733198.0,False,422,27.0,17.7204768558862,0.129999999999999,17.72,-0.420333956603059,c2c8919d9f83ee60bb1c2020320821a15306e587f784a0c20920870196f7ee0c,0.956193186421243,0.043806813578757,0.369027742796193,0.369027742796193,0.430384362804553,0.622240937952655,747.0,12.0,1.0,0.0613566200083607,0.0972413910561874,622.0,f01311fa2c2daf9e18e22ddfc54a49bdf8612f87,2026-08-18 08:07:04,2026-07-11 01:29:54,2026-07-10-PIT-MAD,radicals,thunderbirds,31,19,2026-07-10 19:00:00
sknoche,22.84,43.97,vluo,14.04,26.72,0,0,0,"vluo,mmccarthy,agutowsky,mgrinde,jleibfort,sknoche,mweber2",True,2026-07-10-PIT-MAD,24,12,3,13,27.0,2,2,False,False,423,home,301,1783733201.0,18,False,"akirages,whoffenka,bgessner,mmarshall,rduncan,rward1,lstorm",302,623,6e1b4fb111e3fed600c7f09bfa2439c3a5cf85c2232e24cd404c6dd4bf5ff2a6,1783733201.0,False,423,13.5,19.3649812806519,-8.8,-17.25,152.971829051561,e2fc1c6ee97d217acfa5f1b4964f06f03ef4b171ce70741cb7d0a4a6f22e1c65,0.979732751598283,0.020267248401717,0.369027742796193,0.37345206503388,0.352789380113361,0.744750447766877,733.5,12.0,1.0,-0.020662684920519,-0.032747374681871,623.0,8ce4cf1b1fd33034e2bd1d858a2d0741306cda5d,2026-08-18 08:07:04,2026-07-11 01:29:54,2026-07-10-PIT-MAD,radicals,thunderbirds,31,19,2026-07-10 19:00:00
nranabhat,5.25,18.88,gvordick,-4.85,32.72,0,0,0,"imccosky,nranabhat,jnelson,gvordick,rpieran,sstark,esjostrom",True,2026-07-10-PIT-MAD,24,12,4,1,720.0,1,1,True,True,424,home,304,1783733461.0,18,False,"hpark,nceluch,pzaccardi,lbecker,lcall,astevenso,knicholl",305,629,fa87eee63b8af7ee54c381cadbe5df254658d2a76c1110701b013bdb6cb79491,1783733461.0,False,424,720.0,17.1334643315355,-10.1,13.84,36.1208010237834,22fa464ffefaa6161aa97c05efdad7037e3c3f1daa750081cbc48a375d7f166d,0.973922605758186,0.0260773942418143,0.692376822128098,0.692376822128098,0.726863711598101,0.911270744260489,720.0,12.0,1.0,0.0344868894700033,0.112107578201939,629.0,9fef0f78ad6439e995810f9200099ff0720aa498,2026-08-18 08:07:04,2026-07-11 01:34:56,2026-07-10-PIT-MAD,radicals,thunderbirds,31,19,2026-07-10 19:00:00
gvordick,-4.85,32.72,nranabhat,-16.03,32.04,0,0,0,"imccosky,nranabhat,jnelson,gvordick,rpieran,sstark,esjostrom",True,2026-07-10-PIT-MAD,24,12,4,1,720.0,1,2,True,True,425,home,305,1783733467.0,18,False,"hpark,nceluch,pzaccardi,lbecker,lcall,astevenso,knicholl",306,630,2a87f84920b3f1039ce0e112ca3922c6fcce06434bc1b431d71cc4f4b49d268a,1783733467.0,False,425,716.066666666667,11.2006606947983,-11.18,-0.68,93.480607498965,6e815806442fb6a40231a02c17a9b720d77ca5b4c9e5158acd7c76994d3abe1f,0.989065313944312,0.0109346860556883,0.692376822128098,0.721831217799535,0.709827321390157,0.906516867332544,716.066666666667,12.0,1.0,-0.0120038964093776,-0.0390214303500114,630.0,1f7f4bdb7d9e082fd978e979c8693f662b112c10,2026-08-18 08:07:04,2026-07-11 01:34:56,2026-07-10-PIT-MAD,radicals,thunderbirds,31,19,2026-07-10 19:00:00
nranabhat,-16.03,32.04,imccosky,-23.53,51.95,0,0,0,"imccosky,nranabhat,jnelson,gvordick,rpieran,sstark,esjostrom",True,2026-07-10-PIT-MAD,24,12,4,1,720.0,1,3,True,True,426,home,306,1783733470.0,18,False,"hpark,nceluch,pzaccardi,lbecker,lcall,astevenso,knicholl",307,631,aeaab78fb7f31dc0a1da8d97a79846984eef74b476788e09f7a0a1dd2d5a0361,1783733470.0,False,426,712.133333333333,21.2757632060521,-7.5,19.91,20.6411472610196,18278b9aeeea926df946f871da564a6caa0ce51884042dd97bcf8efd3f2b00d0,0.933669020287299,0.0663309797127014,0.692376822128098,0.704895749517424,0.737222116450779,0.805830277760151,712.133333333333,12.0,1.0,0.032326366933355,0.105084302024915,631.0,1b6c188c9a47800abc3b2b5d041f751498223e59,2026-08-18 08:07:04,2026-07-11 01:34:56,2026-07-10-PIT-MAD,radicals,thunderbirds,31,19,2026-07-10 19:00:00
imccosky,-23.53,51.95,rpieran,-17.12,74.38,0,0,0,"imccosky,nranabhat,jnelson,gvordick,rpieran,sstark,esjostrom",True,2026-07-10-PIT-MAD,24,12,4,1,720.0,1,4,True,True,427,home,307,1783733475.0,18,False,"hpark,nceluch,pzaccardi,lbecker,lcall,astevenso,knicholl",308,632,00448055aeebaad8e044b36ab257ecf7c16e45bd68cd095f2f0dcf4e5a6c4bfd,1783733475.0,False,427,708.2,23.3279446158465,6.41,22.43,-15.948769614604,0fc7a2ea12f4cb2458ecbcdd600c0f1be5026ab04bb9e0c7ad6823270b2781a1,0.91608419043444,0.0839158095655602,0.692376822128098,0.732844279473864,0.851333018301791,0.738484520678087,708.2,12.0,1.0,0.118488738827927,0.385174939182468,632.0,b37350014c246880f7cb8acf1031141b8eab94f1,2026-08-18 08:07:04,2026-07-11 01:34:56,2026-07-10-PIT-MAD,radicals,thunderbirds,31,19,2026-07-10 19:00:00
rpieran,-17.12,74.38,esjostrom,-23.88,85.77,0,0,0,"imccosky,nranabhat,jnelson,gvordick,rpieran,sstark,esjostrom",True,2026-07-10-PIT-MAD,24,12,4,1,720.0,1,5,True,True,428,home,308,1783733479.0,18,False,"hpark,nceluch,pzaccardi,lbecker,lcall,astevenso,knicholl",309,633,6c75810a69c1274b898b35e5ac04672e2b0a7db4afacf27171a360ed8ad15bf4,1783733479.0,False,428,704.266666666667,13.2449877312136,-6.76,11.39,30.6892611775715,acbde40c6b2e773b6585787e1017a15fc719e0acffe6128bc1f72ea98080de0a,0.950986790618952,0.049013209381048,0.692376822128098,0.848633965059798,0.874223855133163,0.662705290289858,704.266666666667,12.0,1.0,0.0255898900733652,0.0831858322587811,633.0,31d9f751eb60280419d369e4730b6c78c8a23e2a,2026-08-18 08:07:04,2026-07-11 01:34:56,2026-07-10-PIT-MAD,radicals,thunderbirds,31,19,2026-07-10 19:00:00
esjostrom,-23.88,85.77,imccosky,-22.44,74.52,0,0,0,"imccosky,nranabhat,jnelson,gvordick,rpieran,sstark,esjostrom",True,2026-07-10-PIT-MAD,24,12,4,1,720.0,1,6,True,True,429,home,309,1783733482.0,18,False,"hpark,nceluch,pzaccardi,lbecker,lcall,astevenso,knicholl",310,634,d52dd79193017a8f99b5512697c28a318964078cd759565f733af2ea89c7e9dd,1783733482.0,False,429,700.333333333333,11.3417855737093,1.44,-11.25,-172.705803691459,3a042762b409ccaddc1ff710aef5ed4d9d0811a1d368b9c1001ba2a8146a6d55,0.974231883715234,0.0257681162847665,0.692376822128098,0.872020333124206,0.830200252809987,0.706711423700994,700.333333333333,12.0,1.0,-0.0418200803142187,-0.135945804225562,634.0,d5a4f38c824eb501697f12619e140760a38625b1,2026-08-18 08:07:04,2026-07-11 01:34:56,2026-07-10-PIT-MAD,radicals,thunderbirds,31,19,2026-07-10 19:00:00
imccosky,-22.44,74.52,gvordick,-5.87,72.81,0,0,0,"imccosky,nranabhat,jnelson,gvordick,rpieran,sstark,esjostrom",True,2026-07-10-PIT-MAD,24,12,4,1,720.0,1,7,True,True,430,home,310,1783733483.0,18,False,"hpark,nceluch,pzaccardi,lbecker,lcall,astevenso,knicholl",311,635,c753c8f3c6198e00c063f5bd2a98f65251c655c4617be8c459bdb30eefee08d8,1783733483.0,False,430,696.4,16.6580010805619,16.57,-1.70999999999999,-95.8919841039248,bd85a82e21dc9d1b4e5aea8150556a8b6c1acd3b00c0f5cb03353ebd3c480292,0.956999892849217,0.0430001071507826,0.692376822128098,0.827554987680091,0.845483044401914,0.746626043817315,696.4,12.0,1.0,0.0179280567218233,0.0582792780630098,635.0,9569b85f1d6b7d92622b7f0f18472b1ae1f5e3fd,2026-08-18 08:07:04,2026-07-11 01:34:56,2026-07-10-PIT-MAD,radicals,thunderbirds,31,19,2026-07-10 19:00:00
gvordick,-5.87,72.81,imccosky,-7.58,82.9,0,0,0,"imccosky,nranabhat,jnelson,gvordick,rpieran,sstark,esjostrom",True,2026-07-10-PIT-MAD,24,12,4,1,720.0,1,8,True,True,431,home,311,1783733486.0,18,False,"hpark,nceluch,pzaccardi,lbecker,lcall,astevenso,knicholl",312,636,177695a9fd2fb46d7c72c6829bd71721169ed7761456a852d3e3eb2552cdf049,1783733486.0,False,431,692.466666666667,10.23387512138,-1.71,10.09,9.61879222092796,973300a466860ac14b08537f80b872829376c0e29d024f443bf5b361c594c564,0.974842014741624,0.0251579852583755,0.692376822128098,0.843190458068577,0.882269147786122,0.708981979813641,692.466666666667,12.0,1.0,0.0390786897175448,0.127034282617735,636.0,eea533e937f00535e706abfa89561e21d24a581b,2026-08-18 08:07:04,2026-07-11 01:34:56,2026-07-10-PIT-MAD,radicals,thunderbirds,31,19,2026-07-10 19:00:00
imccosky,-7.58,82.9,gvordick,-5.32,88.56,0,0,0,"imccosky,nranabhat,jnelson,gvordick,rpieran,sstark,esjostrom",True,2026-07-10-PIT-MAD,24,12,4,1,720.0,1,9,True,True,432,home,312,1783733490.0,18,False,"hpark,nceluch,pzaccardi,lbecker,lcall,astevenso,knicholl",313,637,28631c2875f8f90999f1e7e01e92d4bf13b52a991eb39700c3f6745c19edb34f,1783733490.0,False,432,688.533333333333,6.09452213056938,2.26,5.66,-21.7664943294835,4020993c0b89817592e231fd3023b93603b9769c82525925eb46ccf9b83aaa89,0.981355273875556,0.018644726124444,0.692376822128098,0.880568480062301,0.901481095143927,0.689122217486085,688.533333333333,12.0,1.0,0.0209126150816266,0.0679812724980523,637.0,d91b4ab1c5634dcc54cf87ab6b5046fb99331fb2,2026-08-18 08:07:04,2026-07-11 01:34:56,2026-07-10-PIT-MAD,radicals,thunderbirds,31,19,2026-07-10 19:00:00
gvordick,-5.32,88.56,imccosky,-12.08,83.18,0,0,0,"imccosky,nranabhat,jnelson,gvordick,rpieran,sstark,esjostrom",True,2026-07-10-PIT-MAD,24,12,4,1,720.0,1,10,True,True,433,home,313,1783733495.0,18,False,"hpark,nceluch,pzaccardi,lbecker,lcall,astevenso,knicholl",314,638,aaf4231186fe017176b698d380b17ca327970a06cbc31a07935ef3b500a579dd,1783733495.0,False,433,684.6,8.63956017399034,-6.76,-5.38,128.514808398572,e8a9da15c767bb677820c89d7ebb7a750fe9b4786f40af2d2b38e86555ea5788,0.979969162487443,0.0200308375125572,0.692376822128098,0.900128771594479,0.878515055274812,0.697956087022282,684.6,12.0,1.0,-0.0216137163196669,-0.0702603635694419,638.0,2f1226e2daf2e50dbe9774cac34ab58c1ac478ae,2026-08-18 08:07:04,2026-07-11 01:34:56,2026-07-10-PIT-MAD,radicals,thunderbirds,31,19,2026-07-10 19:00:00
imccosky,-12.08,83.18,esjostrom,-20.81,90.27,0,0,0,"imccosky,nranabhat,jnelson,gvordick,rpieran,sstark,esjostrom",True,2026-07-10-PIT-MAD,24,12,4,1,720.0,1,11,True,True,434,home,314,1783733497.0,18,False,"hpark,nceluch,pzaccardi,lbecker,lcall,astevenso,knicholl",315,639,9acee60907d833820bd3514af187e06bd8b7d006a8254d10dc28bd643367745f,1783733497.0,False,434,680.666666666667,11.2463771944569,-8.73,7.08999999999999,50.9184973308559,9e5ac0f4ec0f0a0ae016753a77c34fc792fbcd71fb7af947134821eba44c30f9,0.976119547222329,0.0238804527776714,0.692376822128098,0.877009487933304,0.892648797202828,0.645039667497806,680.666666666667,12.0,1.0,0.0156393092695246,0.0508391772613344,639.0,b50fc33deb1d65165a23448ba7c248300924b61b,2026-08-18 08:07:04,2026-07-11 01:34:56,2026-07-10-PIT-MAD,radicals,thunderbirds,31,19,2026-07-10 19:00:00
esjostrom,-20.81,90.27,gvordick,-14.33,95.18,0,0,0,"imccosky,nranabhat,jnelson,gvordick,rpieran,sstark,esjostrom",True,2026-07-10-PIT-MAD,24,12,4,1,720.0,1,12,True,True,435,home,315,1783733500.0,18,False,"hpark,nceluch,pzaccardi,lbecker,lcall,astevenso,knicholl",316,640,b8d078335b0dc485edfe2311e7918ebbb6daf3433237f24c0d27b82f09e83577,1783733500.0,False,435,676.733333333333,8.13009840038853,6.48,4.91000000000001,-52.8482065745625,6d3adc4f7b1063d9fe58c59b76d0abc39b92b723ee6a643f1e3f4e3fd194c891,0.969464223742485,0.0305357762575146,0.692376822128098,0.891400104099454,0.917931389110842,0.652885960731215,676.733333333333,12.0,1.0,0.0265312850113875,0.086246053353091,640.0,3c24e5bf702b2f0b816540d56cfc4c56472146ab,2026-08-18 08:07:04,2026-07-11 01:34:56,2026-07-10-PIT-MAD,radicals,thunderbirds,31,19,2026-07-10 19:00:00
gvordick,-14.33,95.18,rpieran,-3.82,97.56,0,0,0,"imccosky,nranabhat,jnelson,gvordick,rpieran,sstark,esjostrom",True,2026-07-10-PIT-MAD,24,12,4,1,720.0,1,13,True,True,436,home,316,1783733506.0,18,False,"hpark,nceluch,pzaccardi,lbecker,lcall,astevenso,knicholl",317,641,0c4794cd7231d8214352a1cb75ad4848ff5e306da67d08935ad687a0fcab1d5f,1783733506.0,False,436,672.8,10.7761078316802,10.51,2.38,-77.240510982637,dfd058a21b1a1055a19b6e8d954e833c131c27988adcd3f13005e22c7db226ac,0.964678835655639,0.0353211643443605,0.692376822128098,0.91702803310584,0.927044637939952,0.652959170217245,672.8,12.0,1.0,0.0100166048341116,0.0325612813163338,641.0,d7e84a62f575517f6515bd44a3bb94659553c23c,2026-08-18 08:07:04,2026-07-11 01:34:56,2026-07-10-PIT-MAD,radicals,thunderbirds,31,19,2026-07-10 19:00:00
rpieran,-3.82,97.56,nranabhat,8.86,96.88,0,0,0,"imccosky,nranabhat,jnelson,gvordick,rpieran,sstark,esjostrom",True,2026-07-10-PIT-MAD,24,12,4,1,720.0,1,14,True,True,437,home,317,1783733513.0,18,False,"hpark,nceluch,pzaccardi,lbecker,lcall,astevenso,knicholl",318,643,00a1385e216c0681abdfb9aebdc583a192cd4fd84aab6b080fa4998c318a1216,1783733513.0,False,437,668.866666666667,12.6982203477495,12.68,-0.680000000000007,-93.0697038227264,b3714bebefb1b1e1edd5293eaa6fbd425fe1c579fe4308f882185c89df5d927b,0.962891453514071,0.0371085464859289,0.692376822128098,0.926301692179679,0.923689389537641,0.65080606423713,668.866666666667,12.0,1.0,-0.0026123026420376,-0.00849189147615332,643.0,b1a1b2b3b72dd36f407d1d6081e1742738f8e81f,2026-08-18 08:07:04,2026-07-11 01:34:56,2026-07-10-PIT-MAD,radicals,thunderbirds,31,19,2026-07-10 19:00:00
nranabhat,8.86,96.88,gvordick,9.54,113.59,0,0,0,"imccosky,nranabhat,jnelson,gvordick,rpieran,sstark,esjostrom",True,2026-07-10-PIT-MAD,25,12,4,1,720.0,1,15,True,True,438,home,318,1783733515.0,19,False,"hpark,nceluch,pzaccardi,lbecker,lcall,astevenso,knicholl",319,644,2101674ba5ef93fd56c73b56197ab757e65ebe40772d4b1f741fe7652c242a0f,1783733515.0,False,438,664.933333333333,16.7238303028941,0.68,16.71,-2.33031984690298,f0f90a3cee1f8d54d157cf2eaa05d8fef8f42b526db3f2f6cbb61cc162767f2e,0.932215316122456,0.0677846838775441,0.692376822128098,0.922983614904322,1.0,0.640233377510372,664.933333333333,12.0,1.0,0.0770163850956782,0.250359500309657,644.0,12c5d2cbd27bc3c18d58a45cada09799aba0cdbc,2026-08-18 08:07:04,2026-07-11 01:34:56,2026-07-10-PIT-MAD,radicals,thunderbirds,31,19,2026-07-10 19:00:00
akirages,4.74,19.34,whoffenka,-5.61,28.95,0,0,0,"rward1,mmarshall,lstorm,bgessner,rduncan,akirages,whoffenka",False,2026-07-10-PIT-MAD,25,12,4,2,661.0,1,1,True,True,439,away,326,1783733575.0,18,False,"rpieran,agutowsky,kconniff,jcarrico,mjunga,jmaskalun,kalexande",327,648,428ccdefd52988f7f79bc1c0769bf1d3ba77dd014db40849b815a002f6a5d667,1783733575.0,False,439,661.0,14.1235477129509,-10.35,9.61,47.1232197995257,fb89b6fb07efedb69b256486720503c07ca96de28485b5cc30321ca5f4eadfa8,0.981870869215263,0.0181291307847373,0.638212095776699,0.638212095776699,0.663483880132328,0.902894002961964,661.0,13.0,1.0,0.0252717843556298,0.069852485560246,648.0,04875266b79f24fba4d8c8d985967f4290f1993c,2026-08-18 08:07:04,2026-07-11 01:34:56,2026-07-10-PIT-MAD,radicals,thunderbirds,31,19,2026-07-10 19:00:00
whoffenka,-5.61,28.95,rduncan,-15.4,41.69,0,0,0,"rward1,mmarshall,lstorm,bgessner,rduncan,akirages,whoffenka",False,2026-07-10-PIT-MAD,25,12,4,2,661.0,1,2,True,True,440,away,327,1783733577.0,18,False,"rpieran,agutowsky,kconniff,jcarrico,mjunga,jmaskalun,kalexande",328,649,50e709112923f1a8ef7fa9fe56edb0086c6d71a2745da2eaf943d6a91138c3ce,1783733577.0,False,440,657.125,16.067099925002,-9.79,12.74,37.5403268089866,8a25c2b064e04bcb1bdcf4c447eb787372e280602e540baae4c103636b720d99,0.975286701989564,0.0247132980104359,0.638212095776699,0.661687762221558,0.693339602812003,0.845418628131754,657.125,13.0,1.0,0.0316518405904457,0.0874872825237121,649.0,a3ff1da068190314ec614096598ed5f58deae22f,2026-08-18 08:07:04,2026-07-11 01:34:56,2026-07-10-PIT-MAD,radicals,thunderbirds,31,19,2026-07-10 19:00:00
rduncan,-15.4,41.69,lstorm,-12.28,56.38,0,0,0,"rward1,mmarshall,lstorm,bgessner,rduncan,akirages,whoffenka",False,2026-07-10-PIT-MAD,25,12,4,2,661.0,1,3,True,True,441,away,328,1783733581.0,18,False,"rpieran,agutowsky,kconniff,jcarrico,mjunga,jmaskalun,kalexande",329,650,9be7662623680424b9950c4fac722c99bc839a203a1d4c115ec083e7ca9962c6,1783733581.0,False,441,653.25,15.0176729222606,3.12,14.69,-11.9908349790392,a8a196b8f8898d63c2880edb8f3d00f4a9ec7ac47e08ab3dbe4cf001c2a28627,0.965006184670597,0.0349938153294032,0.638212095776699,0.691806643770315,0.753711627870862,0.783951454954948,653.25,13.0,1.0,0.061904984100547,0.171108495828369,650.0,ae49b93d32bb40fb77fe0e6101496f175649ede4,2026-08-18 08:07:04,2026-07-11 01:34:56,2026-07-10-PIT-MAD,radicals,thunderbirds,31,19,2026-07-10 19:00:00
lstorm,-12.28,56.38,mmarshall,-4.44,46.89,0,0,0,"rward1,mmarshall,lstorm,bgessner,rduncan,akirages,whoffenka",False,2026-07-10-PIT-MAD,25,12,4,2,661.0,1,4,True,True,442,away,329,1783733585.0,18,False,"rpieran,agutowsky,kconniff,jcarrico,mjunga,jmaskalun,kalexande",330,651,d7c2e0bb709e1ba94d36d70cb77c61faeaf3e30079cb434f68b63f58d4bdf6e8,1783733585.0,False,442,649.375,12.3095775719559,7.84,-9.49,-140.438771815895,6e39f64c8696f1af1e1e486869b5f5d2a99a3f48f7cc1e4551186cc490d58517,0.98505576725886,0.0149442327411401,0.638212095776699,0.752521853005451,0.718474178505906,0.827883685589961,649.375,13.0,1.0,-0.0340476744995445,-0.0941094881893279,651.0,9720260d630fa40a80995a319f66dd57cc77c81a,2026-08-18 08:07:04,2026-07-11 01:34:56,2026-07-10-PIT-MAD,radicals,thunderbirds,31,19,2026-07-10 19:00:00
mmarshall,-4.44,46.89,lstorm,1.37,57.42,0,0,0,"rward1,mmarshall,lstorm,bgessner,rduncan,akirages,whoffenka",False,2026-07-10-PIT-MAD,25,12,4,2,661.0,1,5,True,True,443,away,330,1783733590.0,18,False,"rpieran,agutowsky,kconniff,jcarrico,mjunga,jmaskalun,kalexande",331,652,c6ce92b782ebb3292bc249fc7e8aabe1cfafd6a405aac55a29ef622d3aa68e03,1783733590.0,False,443,645.5,12.0265123789069,5.81,10.53,-28.8880201667174,00e47c352fe069fa829c5a7c9c4abd51a40aeda4ee7bd651c992b262b16bd712,0.978805448499259,0.0211945515007408,0.638212095776699,0.717333725351293,0.759565591658674,0.781429835584683,645.5,13.0,1.0,0.0422318663073813,0.116731006798157,652.0,40bee85b87e743f9570ba00a44d81a462be6d371,2026-08-18 08:07:04,2026-07-11 01:34:56,2026-07-10-PIT-MAD,radicals,thunderbirds,31,19,2026-07-10 19:00:00
lstorm,1.37,57.42,bgessner,-0.53,71.38,0,0,0,"rward1,mmarshall,lstorm,bgessner,rduncan,akirages,whoffenka",False,2026-07-10-PIT-MAD,25,12,4,2,661.0,1,6,True,True,444,away,331,1783733594.0,18,False,"rpieran,agutowsky,kconniff,jcarrico,mjunga,jmaskalun,kalexande",332,653,f0de9ec3e577cace4bd557d5281a3da3f5e024a923e6bd09ad1cb5d6d2fb5f23,1783733594.0,False,444,641.625,14.0887046956063,-1.9,13.96,7.75051330356976,d41c89fbf76321a6ea8de5ea632c5764eecc318de60d9022a143bdae4b598416,0.97039766755461,0.02960233244539,0.638212095776699,0.758670135109915,0.819029221545877,0.723281019384061,641.625,13.0,1.0,0.0603590864359614,0.166835556776124,653.0,1fb67e3d374d61cce870e143dedbe5402f62d553,2026-08-18 08:07:04,2026-07-11 01:34:56,2026-07-10-PIT-MAD,radicals,thunderbirds,31,19,2026-07-10 19:00:00
bgessner,-0.53,71.38,akirages,-10.87,73.46,0,0,0,"rward1,mmarshall,lstorm,bgessner,rduncan,akirages,whoffenka",False,2026-07-10-PIT-MAD,25,12,4,2,661.0,1,7,True,True,445,away,332,1783733597.0,18,False,"rpieran,agutowsky,kconniff,jcarrico,mjunga,jmaskalun,kalexande",333,654,662e5a0579b87bf9fad0c334ee8b3fba2ddd822818b6cb3e08d4e0974af55017,1783733597.0,False,445,637.75,10.547132311676,-10.34,2.08,78.6261451506641,9383c986148e865f439889128356143ef9cdd07d81f216d53fa034e6cd419f71,0.979554540249197,0.0204454597508029,0.638212095776699,0.818406471689663,0.82557834379042,0.71128690739892,637.75,13.0,1.0,0.00717187210075765,0.0198234159214208,654.0,8380cd0d56f5c09417e5630af45c0209ac23df6d,2026-08-18 08:07:04,2026-07-11 01:34:56,2026-07-10-PIT-MAD,radicals,thunderbirds,31,19,2026-07-10 19:00:00
akirages,-10.87,73.46,whoffenka,-20.85,104.93,0,0,0,"rward1,mmarshall,lstorm,bgessner,rduncan,akirages,whoffenka",False,2026-07-10-PIT-MAD,25,13,4,2,661.0,1,8,True,True,446,away,333,1783733603.0,19,False,"rpieran,agutowsky,kconniff,jcarrico,mjunga,jmaskalun,kalexande",334,655,cb91b01914e2bdcd1a5c1277bd8d1c56624a71f285f740ce5ba223c3449e5146,1783733603.0,False,446,633.875,33.0145619386355,-9.98,31.47,17.5952489821242,420f99768e3a14a566a69d5651992ca263e1470f8b7688b52acbf6e8ade58d87,0.86274013470327,0.13725986529673,0.638212095776699,0.82506972827278,1.0,0.595426677594239,633.875,13.0,1.0,0.17493027172722,0.483516086870749,655.0,98f2c25e58d6ba087243a5ab7e8cc2b827a79141,2026-08-18 08:07:04,2026-07-11 01:34:56,2026-07-10-PIT-MAD,radicals,thunderbirds,31,19,2026-07-10 19:00:00
esjostrom,-15.28,15.47,imccosky,3.06,26.59,0,0,0,"msample,sstark,jnelson,gvordick,esjostrom,rpieran,imccosky",True,2026-07-10-PIT-MAD,25,13,4,3,630.0,1,1,True,True,447,home,323,1783733662.0,18,False,"solinger,nceluch,pzaccardi,astevenso,hpark,lcall,rkindell",324,660,28547e24f9112d395e778d838c286cf1850629dcee61e1bffbb9dd99ede12abb,1783733662.0,False,447,630.0,21.4478437144623,18.34,11.12,-58.7705205040523,debe7ce0501357e8e91c3f9d8a95a8dd1fbfa0c12c7e7b96e06aa1aefcb0db0c,0.964078925539881,0.0359210744601189,0.609101383634289,0.609101383634289,0.647594365290155,0.907830174132347,630.0,12.0,1.0,0.0384929816558663,0.0984730568088111,660.0,6016c9b0d7415187a0cfc7b23f3d2fbfdbecbca1,2026-08-18 08:07:04,2026-07-11 01:34:56,2026-07-10-PIT-MAD,radicals,thunderbirds,31,19,2026-07-10 19:00:00
imccosky,3.06,26.59,gvordick,10.29,32.65,0,0,0,"msample,sstark,jnelson,gvordick,esjostrom,rpieran,imccosky",True,2026-07-10-PIT-MAD,25,13,4,3,630.0,1,2,True,True,448,home,324,1783733665.0,18,False,"solinger,nceluch,pzaccardi,astevenso,hpark,lcall,rkindell",325,661,2b6bbc7b4848e5100a1ff9474820c60cd1935f3796aa4a869cc8b1217f28a38b,1783733665.0,False,448,627.1,9.43379563060383,7.23,6.06,-50.0311270467517,e363c3cda648229ed148910c1f07256974a37a3ce28c4b71eeda4174293445ae,0.987663858068164,0.0123361419318357,0.609101383634289,0.647190287302157,0.662207830936072,0.883798660596974,627.1,12.0,1.0,0.0150175436339155,0.0384180015103088,661.0,a4e07e32e02e2781ca906c06c28a8a9866bd3e0e,2026-08-18 08:07:04,2026-07-11 01:34:56,2026-07-10-PIT-MAD,radicals,thunderbirds,31,19,2026-07-10 19:00:00
gvordick,10.29,32.65,imccosky,-4.85,36.27,0,0,0,"msample,sstark,jnelson,gvordick,esjostrom,rpieran,imccosky",True,2026-07-10-PIT-MAD,25,13,4,3,630.0,1,3,True,True,449,home,325,1783733669.0,18,False,"solinger,nceluch,pzaccardi,astevenso,hpark,lcall,rkindell",326,662,ccdbe971e47d7cc0d242b2fff78507a995bc1ddf5c9652f17ac7b0e8d3c87b17,1783733669.0,False,449,624.2,15.5667594572538,-15.14,3.62,76.5529413490279,eb9b5eef40cd5804c1f5d81a0e7daa3ef32809cc5a2adf9d5c53424cb1fb622a,0.978890493498691,0.021109506501309,0.609101383634289,0.661884020649686,0.675892455747587,0.86999921184403,624.2,12.0,1.0,0.0140084350979013,0.0358364918969052,662.0,c82f2fea6e110f022524f991092d05f0cfc6f3c3,2026-08-18 08:07:04,2026-07-11 01:34:56,2026-07-10-PIT-MAD,radicals,thunderbirds,31,19,2026-07-10 19:00:00
imccosky,-4.85,36.27,esjostrom,-2.05,43.36,0,0,0,"msample,sstark,jnelson,gvordick,esjostrom,rpieran,imccosky",True,2026-07-10-PIT-MAD,25,13,4,3,630.0,1,4,True,True,450,home,326,1783733671.0,18,False,"solinger,nceluch,pzaccardi,astevenso,hpark,lcall,rkindell",327,663,2a64ae3c0ae07723bf9fa8e5deb50bac4b39af05f26793cc4a4fa7ab29e4e81a,1783733671.0,False,450,621.3,7.62286691475064,2.8,7.09,-21.5501750353294,3e7c4989a38c65c78fbcf7483757844604c658be5480cf7b309d48a556223822,0.988015284290182,0.0119847157098175,0.609101383634289,0.675643045016523,0.700456781006294,0.839892733912745,621.3,12.0,1.0,0.0248137359897707,0.0634786999771721,663.0,81bf36367a45acc849ac5c16c8167da830f06199,2026-08-18 08:07:04,2026-07-11 01:34:56,2026-07-10-PIT-MAD,radicals,thunderbirds,31,19,2026-07-10 19:00:00
esjostrom,-2.05,43.36,imccosky,-14.8,51.81,0,0,0,"msample,sstark,jnelson,gvordick,esjostrom,rpieran,imccosky",True,2026-07-10-PIT-MAD,25,13,4,3,630.0,1,5,True,True,451,home,327,1783733675.0,18,False,"solinger,nceluch,pzaccardi,astevenso,hpark,lcall,rkindell",328,664,77246dc802dc7b8fbd0c09bb7dcdd145b0b39d54a25ca5e96d63c37a5b519fa5,1783733675.0,False,451,618.4,15.2959144872087,-12.75,8.45,56.4657682987611,4f95b63f12d80917c6fb94f88aa8779b948712a6a658a651d09534e8c1224ebd,0.976136722666968,0.0238632773330323,0.609101383634289,0.700279810812815,0.724979975753501,0.795215039340982,618.4,12.0,1.0,0.0247001649406862,0.0631881616014152,664.0,866689c3e904cef2a239ccb1693b3a10afde19ae,2026-08-18 08:07:04,2026-07-11 01:34:56,2026-07-10-PIT-MAD,radicals,thunderbirds,31,19,2026-07-10 19:00:00
imccosky,-14.8,51.81,esjostrom,-19.72,56.93,0,0,0,"msample,sstark,jnelson,gvordick,esjostrom,rpieran,imccosky",True,2026-07-10-PIT-MAD,25,13,4,3,630.0,1,6,True,True,452,home,328,1783733680.0,18,False,"solinger,nceluch,pzaccardi,astevenso,hpark,lcall,rkindell",329,665,e7eb6c7d9111ba88be717475bbb36237aa724b5cf2f227c2286a7f6173018265,1783733680.0,False,452,615.5,7.10076052264826,-4.92,5.12,43.8588007444129,21b49af4831f325adc73b657a7e5cf6b14742f651165b36498bdcb12ced7948a,0.988841058827298,0.0111589411727017,0.609101383634289,0.724867860081192,0.732422648781725,0.757846927511079,615.5,12.0,1.0,0.00755478870053317,0.0193267215186691,665.0,6d8d85159620375676ce893f30f1288acf75a9f2,2026-08-18 08:07:04,2026-07-11 01:34:56,2026-07-10-PIT-MAD,radicals,thunderbirds,31,19,2026-07-10 19:00:00
esjostrom,-19.72,56.93,sstark,-21.22,77.25,0,0,0,"msample,sstark,jnelson,gvordick,esjostrom,rpieran,imccosky",True,2026-07-10-PIT-MAD,25,13,4,3,630.0,1,7,True,True,453,home,329,1783733684.0,18,False,"solinger,nceluch,pzaccardi,astevenso,hpark,lcall,rkindell",330,666,99455068de7773f567d6d083ec92293ab0a0f5fa6c7614e95672ce1a98c73173,1783733684.0,False,453,612.6,20.3752889550063,-1.5,20.32,4.22185377781379,c56d0529f47442fa4c19f44f3acab051a1ed72946d89000c30664db0bb40ff6c,0.942310514882638,0.0576894851173618,0.609101383634289,0.732364809683956,0.821609649564698,0.663411722045084,612.6,12.0,1.0,0.0892448398807416,0.228306870744324,666.0,67f3d0632c4bfcdbebb89c690a55a0ff900d5144,2026-08-18 08:07:04,2026-07-11 01:34:56,2026-07-10-PIT-MAD,radicals,thunderbirds,31,19,2026-07-10 19:00:00
sstark,-21.22,77.25,imccosky,-7.58,82.56,0,0,0,"msample,sstark,jnelson,gvordick,esjostrom,rpieran,imccosky",True,2026-07-10-PIT-MAD,25,13,4,3,630.0,1,8,True,True,454,home,330,1783733688.0,18,False,"solinger,nceluch,pzaccardi,astevenso,hpark,lcall,rkindell",331,667,257eaddd77c789bc441ab2870ccc5d983b03ad4d498fddd03e1d6c53f4da7f95,1783733688.0,False,454,609.7,14.6371342823655,13.64,5.31,-68.7292264334649,2705454bf11e716e2f2b5eb8f625fe6e25f6f519b1d60a71cae49c33750391a9,0.955429888415982,0.0445701115840178,0.609101383634289,0.821603506380613,0.864447844488658,0.678409489637172,609.7,12.0,1.0,0.0428443381080448,0.109604732056562,667.0,8d5ca2c75de64503546c8c8725df3167079ee956,2026-08-18 08:07:04,2026-07-11 01:34:56,2026-07-10-PIT-MAD,radicals,thunderbirds,31,19,2026-07-10 19:00:00
imccosky,-7.58,82.56,rpieran,-15.9,96.13,0,0,0,"msample,sstark,jnelson,gvordick,esjostrom,rpieran,imccosky",True,2026-07-10-PIT-MAD,25,13,4,3,630.0,1,9,True,True,455,home,331,1783733690.0,18,False,"solinger,nceluch,pzaccardi,astevenso,hpark,lcall,rkindell",332,668,bd0e6c325cfd96cf1234f2a1075b8c1b04315af299784d8a270220c2be7ded61,1783733690.0,False,455,606.8,15.9175155096516,-8.32,13.57,31.5131766459681,9a31b6a50a0b15aa5ef375fb9b407d78ce2a144443538c41bb171eee61e0f09a,0.957074093069732,0.0429259069302677,0.609101383634289,0.864470967215054,0.912970156246123,0.625288848653953,606.8,12.0,1.0,0.048499189031069,0.12407101739571,668.0,1810e87f911dafd227ebb45c1774528a2c6103d9,2026-08-18 08:07:04,2026-07-11 01:34:56,2026-07-10-PIT-MAD,radicals,thunderbirds,31,19,2026-07-10 19:00:00
rpieran,-15.9,96.13,imccosky,-17.19,111.13,0,0,0,"msample,sstark,jnelson,gvordick,esjostrom,rpieran,imccosky",True,2026-07-10-PIT-MAD,26,13,4,3,630.0,1,10,True,True,456,home,332,1783733702.0,19,False,"solinger,nceluch,pzaccardi,astevenso,hpark,lcall,rkindell",333,670,3411ef047375b9fd479cb236fdb2ad6afc1bdb77ef34b921eb23e92b74bb1894,1783733702.0,False,456,603.9,15.0553678135076,-1.29,15.0,4.915342887158,af099412ee4b2a0ca4675a41def5cd1893554ed721c1d192f621d3a07d502bfd,0.946883323745727,0.0531166762542729,0.609101383634289,0.913003733537206,1.0,0.610822744383029,603.9,12.0,1.0,0.0869962664627941,0.222554552051429,670.0,f6abf13a86fe58e5e7c5edd78c678177982a0827,2026-08-18 08:07:04,2026-07-11 01:39:59,2026-07-10-PIT-MAD,radicals,thunderbirds,31,19,2026-07-10 19:00:00
lbecker,0.0,40.0,akirages,10.25,46.46,0,0,0,"lstorm,rward1,bgessner,whoffenka,akirages,lbecker,rduncan",False,2026-07-10-PIT-MAD,26,13,4,4,601.0,1,1,True,True,457,away,338,1783733773.0,18,False,"mmccarthy,mweber2,sknoche,mgrinde,agutowsky,vluo,jleibfort",339,674,9cc3b08645b00c1919a2f5ecebaa3c7673f5bb9bf98a96232baea73fd8935f03,1783733773.0,False,457,601.0,12.1158615046558,10.25,6.46,-57.7790693819194,537481ded49cf5038f327ef826f5e436d6a753fbcf479a44941a273ab7e27e64,0.981866198062108,0.0181338019378924,0.688539109912166,0.688539109912166,0.709234215414056,0.824639795205758,601.0,13.0,1.0,0.0206951055018895,0.0664452782371916,674.0,19ad0724e2e93ffc93a911d36a3891f05e779497,2026-08-18 08:07:04,2026-07-11 01:39:59,2026-07-10-PIT-MAD,radicals,thunderbirds,31,19,2026-07-10 19:00:00
akirages,10.25,46.46,lbecker,4.13,55.71,0,0,0,"lstorm,rward1,bgessner,whoffenka,akirages,lbecker,rduncan",False,2026-07-10-PIT-MAD,26,13,4,4,601.0,1,2,True,True,458,away,339,1783733774.0,18,False,"mmccarthy,mweber2,sknoche,mgrinde,agutowsky,vluo,jleibfort",340,675,d7a399b930a485fe8d80009a503c7bc2d4d9b723b5b5da6f30784f8737798393,1783733774.0,False,458,592.875,11.0912983910812,-6.12,9.25,33.4894829708009,d11292add560f16a25ae65568594574dea6bb787fc4401d50c9f0915a6ca62f6,0.979730633589029,0.020269366410971,0.688539109912166,0.709807876113779,0.748958325893626,0.785647199664065,592.875,13.0,1.0,0.0391504497798471,0.125699408901087,675.0,5a548813f71fc05ae664261370e912af63b89004,2026-08-18 08:07:04,2026-07-11 01:39:59,2026-07-10-PIT-MAD,radicals,thunderbirds,31,19,2026-07-10 19:00:00
lbecker,4.13,55.71,rduncan,10.5,69.36,0,0,0,"lstorm,rward1,bgessner,whoffenka,akirages,lbecker,rduncan",False,2026-07-10-PIT-MAD,26,13,4,4,601.0,1,3,True,True,459,away,340,1783733776.0,18,False,"mmccarthy,mweber2,sknoche,mgrinde,agutowsky,vluo,jleibfort",341,676,8284fcba4c04af446b23bb2aeaa255e8788e73b9a1327769db67cc9b8ce2397f,1783733776.0,False,459,584.75,15.0631802750946,6.37,13.65,-25.0168934781,5fa190784af74a9fc4c1308441b2be11e12283586c88eb694d3150da7eaed0b8,0.966872893264951,0.0331271067350495,0.688539109912166,0.749714681458869,0.806657198421276,0.727017234046801,584.75,13.0,1.0,0.0569425169624066,0.18282397172354,676.0,fb58fa96c5f93e7d756a908eac4648f598579c08,2026-08-18 08:07:04,2026-07-11 01:39:59,2026-07-10-PIT-MAD,radicals,thunderbirds,31,19,2026-07-10 19:00:00
rduncan,10.5,69.36,rward1,9.82,82.1,0,0,0,"lstorm,rward1,bgessner,whoffenka,akirages,lbecker,rduncan",False,2026-07-10-PIT-MAD,26,13,4,4,601.0,1,4,True,True,460,away,341,1783733781.0,18,False,"mmccarthy,mweber2,sknoche,mgrinde,agutowsky,vluo,jleibfort",342,677,23e7e87e7c6c08a7fba621e9214723d65f7fb70989b78205499e4f28152c8862,1783733781.0,False,460,576.625,12.7581346598944,-0.68,12.74,3.05527427365699,3936614ca5822ae4e2f215d22ecf056f7f71b12fee1459ee67248b01eee1db50,0.966659663267982,0.0333403367320181,0.688539109912166,0.807430159820211,0.863297228708938,0.681781852615487,576.625,13.0,1.0,0.0558670688887269,0.179371056420509,677.0,f134d24288fd03ec8c0d050c5bc430b99a22ba90,2026-08-18 08:07:04,2026-07-11 01:39:59,2026-07-10-PIT-MAD,radicals,thunderbirds,31,19,2026-07-10 19:00:00
rward1,9.82,82.1,whoffenka,-2.73,74.08,0,0,0,"lstorm,rward1,bgessner,whoffenka,akirages,lbecker,rduncan",False,2026-07-10-PIT-MAD,26,13,4,4,601.0,1,5,True,True,461,away,342,1783733786.0,18,False,"mmccarthy,mweber2,sknoche,mgrinde,agutowsky,vluo,jleibfort",343,678,fe935305d20bc12d0dad7e5a6925fcab83fb102edd7e14533a3c1b69cd582d56,1783733786.0,False,461,568.5,14.8937201531384,-12.55,-8.02,122.580360696874,3c8d70b4f80cfa3fddb2a6f674987bb757c6214658b665130485a26ee97e2d8b,0.972510799123044,0.0274892008769559,0.688539109912166,0.863956068665615,0.831002162838478,0.713338994990653,568.5,13.0,1.0,-0.0329539058271374,-0.105804314043552,678.0,51ca0ff6c41d170561d2e4ab4e1ebb70110eafa5,2026-08-18 08:07:04,2026-07-11 01:39:59,2026-07-10-PIT-MAD,radicals,thunderbirds,31,19,2026-07-10 19:00:00
whoffenka,-2.73,74.08,rduncan,-11.55,78.12,0,0,0,"lstorm,rward1,bgessner,whoffenka,akirages,lbecker,rduncan",False,2026-07-10-PIT-MAD,26,13,4,4,601.0,1,6,True,True,462,away,343,1783733789.0,18,False,"mmccarthy,mweber2,sknoche,mgrinde,agutowsky,vluo,jleibfort",344,679,2604e90c8f0d52f7b27bb45df6993e2c20bf89000f0bdc4135162ab47e51e525,1783733789.0,False,462,560.375,9.70123703452297,-8.82,4.04000000000001,65.3898576201611,9fcc704424f9a0fe1e26a960e79e95b1c999b707ca8d7fc1dccd728be899ec08,0.97911823413335,0.0208817658666502,0.688539109912166,0.831831630961334,0.847152144656925,0.695961671463967,560.375,13.0,1.0,0.0153205136955917,0.0491892053967715,679.0,0f64772f313d3f690f1dcf4fbcd4e8974c260dfa,2026-08-18 08:07:04,2026-07-11 01:39:59,2026-07-10-PIT-MAD,radicals,thunderbirds,31,19,2026-07-10 19:00:00
rduncan,-11.55,78.12,whoffenka,0.58,77.51,0,0,0,"lstorm,rward1,bgessner,whoffenka,akirages,lbecker,rduncan",False,2026-07-10-PIT-MAD,26,13,4,4,601.0,1,7,True,True,463,away,344,1783733792.0,18,False,"mmccarthy,mweber2,sknoche,mgrinde,agutowsky,vluo,jleibfort",345,680,fd35989a11b15522abea116503e01c419c7efcbe9f162e088896533991a5e021,1783733792.0,False,463,552.25,12.1453283199755,12.13,-0.609999999999999,-92.8788959314905,db3079322d86c883de5ef355e1ab2177ffa73133e33f910a34ea733be0053ac2,0.974671048760766,0.0253289512392336,0.688539109912166,0.847919091179064,0.847461817371183,0.703429078934507,552.25,13.0,1.0,-0.000457273807881187,-0.00146815803342831,680.0,ab733c526ab22f64185e79138a579c2bb888c847,2026-08-18 08:07:04,2026-07-11 01:39:59,2026-07-10-PIT-MAD,radicals,thunderbirds,31,19,2026-07-10 19:00:00
whoffenka,0.58,77.51,rduncan,11.17,106.4,0,0,0,"lstorm,rward1,bgessner,whoffenka,akirages,lbecker,rduncan",False,2026-07-10-PIT-MAD,26,14,4,4,601.0,1,8,True,True,464,away,345,1783733798.0,19,False,"mmccarthy,mweber2,sknoche,mgrinde,agutowsky,vluo,jleibfort",346,681,de4efea02e19ba6080421286362aaf772d448d6c42b2dd1de748efd6620f7757,1783733798.0,False,464,544.125,30.7697936294672,10.59,28.89,-20.1310586432709,6375ad39fc26287b74c47ca19d2e965833cde243448ea5261059cfd2df9ba8ae,0.855021686549166,0.144978313450834,0.688539109912166,0.84819026028837,1.0,0.633858864028178,544.125,13.0,1.0,0.15180973971163,0.487411885546266,681.0,56ed75e3e00f17f16bfcc0ccde80f7cd35ddea99,2026-08-18 08:07:04,2026-07-11 01:39:59,2026-07-10-PIT-MAD,radicals,thunderbirds,31,19,2026-07-10 19:00:00
gvordick,-23.88,19.22,nranabhat,-3.96,17.86,0,0,0,"jnelson,msample,esjostrom,rpieran,gvordick,sstark,nranabhat",True,2026-07-10-PIT-MAD,26,14,4,5,536.0,1,1,True,True,465,home,337,1783733857.0,18,False,"pzaccardi,solinger,lcall,dberg,knicholl,ecampion,nceluch",338,686,aa3054715b8e68edf71bdc73bbc2f5ba7e58354c89cdd9b79f9309bb9f3413b3,1783733857.0,False,465,536.0,19.9663717284839,19.92,-1.36,-93.9056991370721,ec76969c76bd0c412a1f57badf1994766d0bef9980e4994e30367df1a0f8bf6e,0.971958125301974,0.0280418746980255,0.578954102854538,0.578954102854538,0.63294657829093,0.931969797923339,536.0,12.0,1.0,0.0539924754363926,0.128234180174755,686.0,e4f2cb70b7911d977665ed6d5078f465ed22f611,2026-08-18 08:07:04,2026-07-11 01:39:59,2026-07-10-PIT-MAD,radicals,thunderbirds,31,19,2026-07-10 19:00:00
nranabhat,-3.96,17.86,msample,11.38,31.7,0,0,0,"jnelson,msample,esjostrom,rpieran,gvordick,sstark,nranabhat",True,2026-07-10-PIT-MAD,26,14,4,5,536.0,1,2,True,True,466,home,338,1783733859.0,18,False,"pzaccardi,solinger,lcall,dberg,knicholl,ecampion,nceluch",339,687,276449bb96c66d939903155c1ca0a80422167ef78cded35a39103982a1724e51,1783733859.0,False,466,534.4,20.6606195454057,15.34,13.84,-47.9427034801555,19b36967d8761e593e61bcef68721a0794d38b7091ba4ed54b6e4f67ee9c5e1b,0.965770003391869,0.0342299966081313,0.578954102854538,0.633158893270492,0.666559735508086,0.890840959948653,534.4,12.0,1.0,0.0334008422375944,0.0793282691127974,687.0,b8c78a74959c929fcfdd9ea5cf1823f7c2ceb591,2026-08-18 08:07:04,2026-07-11 01:39:59,2026-07-10-PIT-MAD,radicals,thunderbirds,31,19,2026-07-10 19:00:00
msample,11.38,31.7,sstark,-8.6,34.36,0,0,0,"jnelson,msample,esjostrom,rpieran,gvordick,sstark,nranabhat",True,2026-07-10-PIT-MAD,26,14,4,5,536.0,1,3,True,True,467,home,339,1783733863.0,18,False,"pzaccardi,solinger,lcall,dberg,knicholl,ecampion,nceluch",340,688,056a6859fb0f1c6da773e162bd52149e57df6c58551acbc2a64b7137a72fd670,1783733863.0,False,467,532.8,20.1562893410469,-19.98,2.66,82.4166271930978,2b18d2e5e01942c46faa704cd301f28fa9927dfba0ebcd1fa0523f6e43c8ca9e,0.96992706272859,0.0300729372714099,0.578954102854538,0.666756891616231,0.677503151456982,0.881443210196107,532.8,12.0,1.0,0.0107462598407515,0.0255227753401879,688.0,08493443ab77bd5601d7946319f7ecc0789b4f67,2026-08-18 08:07:04,2026-07-11 01:39:59,2026-07-10-PIT-MAD,radicals,thunderbirds,31,19,2026-07-10 19:00:00
sstark,-8.6,34.36,nranabhat,-24.83,43.56,0,0,0,"jnelson,msample,esjostrom,rpieran,gvordick,sstark,nranabhat",True,2026-07-10-PIT-MAD,26,14,4,5,536.0,1,4,True,True,468,home,340,1783733866.0,18,False,"pzaccardi,solinger,lcall,dberg,knicholl,ecampion,nceluch",341,689,51dade6db464e47d3d1856091e6ad1941faf1ff226170ee0a2eb363c1cbeea37,1783733866.0,False,468,531.2,18.656175921126,-16.23,9.2,60.4532018534179,6884f6df29e5046ecea3003ba51e1b36b8c0f30d692479a273ca8deab7ae3b2a,0.944352733714623,0.0556472662853766,0.578954102854538,0.67769118282371,0.64799650048143,0.806635117275367,531.2,12.0,1.0,-0.0296946823422792,-0.0705259985754483,689.0,00120b1551baf523c92d639df0d2117a8235da95,2026-08-18 08:07:04,2026-07-11 01:39:59,2026-07-10-PIT-MAD,radicals,thunderbirds,31,19,2026-07-10 19:00:00
nranabhat,-24.83,43.56,jnelson,-11.46,114.27,0,0,0,"jnelson,msample,esjostrom,rpieran,gvordick,sstark,nranabhat",True,2026-07-10-PIT-MAD,27,14,4,5,536.0,1,5,True,True,469,home,341,1783733878.0,19,False,"pzaccardi,solinger,lcall,dberg,knicholl,ecampion,nceluch",342,691,03a0b337adf370c4c7f3c6ee5289db31f1eba02d6dc51f1f2e69abf1e32b9317,1783733878.0,False,469,529.6,71.9629140599517,13.37,70.71,-10.7072028578354,ab3b7cbc3d6234c58087fd0e1782383f66c0d7b9a7b486d9043a6db1709fc5c8,0.469630340410383,0.530369659589617,0.578954102854538,0.648186836419555,1.0,0.634924483886649,529.6,12.0,1.0,0.351813163580445,0.83556962783775,691.0,7df1967e26898f75559536bcd3852d87bd4c61c0,2026-08-18 08:07:04,2026-07-11 01:39:59,2026-07-10-PIT-MAD,radicals,thunderbirds,31,19,2026-07-10 19:00:00
akirages,10.07,26.69,mmarshall,-9.22,40.83,0,0,0,"mmarshall,whoffenka,rduncan,akirages,bgessner,lstorm,rward1",False,2026-07-10-PIT-MAD,27,14,4,6,528.0,1,1,True,True,470,away,350,1783733928.0,18,False,"nranabhat,rpieran,jmaskalun,kalexande,kconniff,mjunga,jcarrico",351,695,4d290f63f4168e20b1482566773472394e62833d11ccd8c18a5936c869038922,1783733928.0,False,470,528.0,23.9174350631501,-19.29,14.14,53.757753037996,c35e503a4fecdfbc3dd0fbf8ae37b9afb183248d8bb9e847f0051f587af1b80f,0.948170526592448,0.0518294734075522,0.654181692116227,0.654181692116227,0.699048834131778,0.85518523942474,528.0,13.0,1.0,0.0448671420155508,0.129741951171163,695.0,28df01ce46cd3037c1ec5055bdc96330e3600cb8,2026-08-18 08:07:04,2026-07-11 01:39:59,2026-07-10-PIT-MAD,radicals,thunderbirds,31,19,2026-07-10 19:00:00
mmarshall,-9.22,40.83,akirages,0.39,30.3,0,0,0,"mmarshall,whoffenka,rduncan,akirages,bgessner,lstorm,rward1",False,2026-07-10-PIT-MAD,27,14,4,6,528.0,1,2,True,True,471,away,351,1783733934.0,18,False,"nranabhat,rpieran,jmaskalun,kalexande,kconniff,mjunga,jcarrico",352,696,eda5195c34bc04084f7f39d6b08236432040a0c8717683dc6acd632ac63d181d,1783733934.0,False,471,522.0,14.2559812008855,9.61,-10.53,-137.615466657127,3c529f187b2382f696d60c747ed15448f90c77e059b2ddb81a4b10b113f560e5,0.987107759033843,0.0128922409661572,0.654181692116227,0.69963921029411,0.667863017709717,0.898164036931559,522.0,13.0,1.0,-0.0317761925843932,-0.0918869587294175,696.0,a371a43f111561c52dc1ae4bc3a8b9cc55a1e749,2026-08-18 08:07:04,2026-07-11 01:39:59,2026-07-10-PIT-MAD,radicals,thunderbirds,31,19,2026-07-10 19:00:00
akirages,0.39,30.3,rduncan,-14.49,44.57,0,0,0,"mmarshall,whoffenka,rduncan,akirages,bgessner,lstorm,rward1",False,2026-07-10-PIT-MAD,27,14,4,6,528.0,1,3,True,True,472,away,352,1783733936.0,18,False,"nranabhat,rpieran,jmaskalun,kalexande,kconniff,mjunga,jcarrico",353,697,112c3bfb414212dbf92ed8946ae43a26dc0a6f8663c1b4fc768201659f1dbf30,1783733936.0,False,472,516.0,20.6166752896775,-14.88,14.27,46.1988104684919,67780d9505512ee3180ff111978d7ab23c84bf676c28ac6d2a20c100ff2806eb,0.962798347344111,0.0372016526558888,0.654181692116227,0.668409652816318,0.707632041099055,0.835552165745002,516.0,13.0,1.0,0.0392223882827369,0.113419062520887,697.0,c471e533789afbda87f44ede70898029fa875345,2026-08-18 08:07:04,2026-07-11 01:39:59,2026-07-10-PIT-MAD,radicals,thunderbirds,31,19,2026-07-10 19:00:00
rduncan,-14.49,44.57,akirages,-1.81,38.44,0,0,0,"mmarshall,whoffenka,rduncan,akirages,bgessner,lstorm,rward1",False,2026-07-10-PIT-MAD,27,14,4,6,528.0,1,4,True,True,473,away,353,1783733941.0,18,False,"nranabhat,rpieran,jmaskalun,kalexande,kconniff,mjunga,jcarrico",354,698,10f387df6ee5dd9452a214a70bb76a156233d17a8e6c8be716b381684b51bab6,1783733941.0,False,473,510.0,14.0840086623092,12.68,-6.13,-115.800910160449,3681f75cabf255d8c85af3a2d3134893f97df4b15f6249748e6f6a57b63d8be6,0.983161183904462,0.0168388160955384,0.654181692116227,0.708074459381711,0.694201307902307,0.867023121828507,510.0,13.0,1.0,-0.0138731514794036,-0.0401168797693217,698.0,923c2b3dd8a2bc293e086b0a8051a7f760ec2453,2026-08-18 08:07:04,2026-07-11 01:39:59,2026-07-10-PIT-MAD,radicals,thunderbirds,31,19,2026-07-10 19:00:00
akirages,-1.81,38.44,rward1,8.97,49.16,0,0,0,"mmarshall,whoffenka,rduncan,akirages,bgessner,lstorm,rward1",False,2026-07-10-PIT-MAD,27,14,4,6,528.0,1,5,True,True,474,away,354,1783733945.0,18,False,"nranabhat,rpieran,jmaskalun,kalexande,kconniff,mjunga,jcarrico",355,699,fcf20d3bf2d693b64e828eb450621039ffb7002abe21e9a4ce4cc77dae8d8cb7,1783733945.0,False,474,504.0,15.202854995033,10.78,10.72,-45.1598947835555,5d5887675a5581ec72a6480e986086ea9236f049fd763763d001a1e62b5f27a9,0.973977420167302,0.0260225798326978,0.654181692116227,0.694589656097563,0.731185942711164,0.821172897545343,504.0,13.0,1.0,0.036596286613601,0.105825185593993,699.0,ae0fc7f14eba6af85af129fd42a6a12b6415bd1e,2026-08-18 08:07:04,2026-07-11 01:39:59,2026-07-10-PIT-MAD,radicals,thunderbirds,31,19,2026-07-10 19:00:00
rward1,8.97,49.16,bgessner,13.44,72.61,0,0,0,"mmarshall,whoffenka,rduncan,akirages,bgessner,lstorm,rward1",False,2026-07-10-PIT-MAD,27,14,4,6,528.0,1,6,True,True,475,away,355,1783733950.0,18,False,"nranabhat,rpieran,jmaskalun,kalexande,kconniff,mjunga,jcarrico",356,700,009a4db6366281b1e3084ec1d467fb0d5525e1406083838549ec627b9a8dbf0c,1783733950.0,False,475,498.0,23.872230729448,4.47,23.45,-10.7921569088511,0730370d482e3469280eda6346dd84e48314ba01750948531353ebe73f4ce5d2,0.923469890269544,0.0765301097304565,0.654181692116227,0.731487978468279,0.825421514320408,0.720950483622338,498.0,13.0,1.0,0.0939335358521298,0.271626844821935,700.0,2963587dbfdfe250da7b7ee12a10137f66b13012,2026-08-18 08:07:04,2026-07-11 01:39:59,2026-07-10-PIT-MAD,radicals,thunderbirds,31,19,2026-07-10 19:00:00
bgessner,13.44,72.61,akirages,4.01,62.26,0,0,0,"mmarshall,whoffenka,rduncan,akirages,bgessner,lstorm,rward1",False,2026-07-10-PIT-MAD,27,14,4,6,528.0,1,7,True,True,476,away,356,1783733955.0,18,False,"nranabhat,rpieran,jmaskalun,kalexande,kconniff,mjunga,jcarrico",357,701,caac6402000f3e794771a1f0096e8187a530dac6fe6ac2d65fbe2eea46989229,1783733955.0,False,476,492.0,14.0016927548065,-9.43,-10.35,137.663000766067,4fc48121a7f8ed1fe99ad854bdffd752d154cfe3684635864a44b884aff5024e,0.978391245431145,0.0216087545688546,0.654181692116227,0.825603146085037,0.785978278126202,0.767135496392329,492.0,13.0,1.0,-0.0396248679588345,-0.11458290974043,701.0,66a49aa0a7d5cba4804a644f16ebd887711ae325,2026-08-18 08:07:04,2026-07-11 01:39:59,2026-07-10-PIT-MAD,radicals,thunderbirds,31,19,2026-07-10 19:00:00
akirages,4.01,62.26,rward1,-0.46,71.2,0,0,0,"mmarshall,whoffenka,rduncan,akirages,bgessner,lstorm,rward1",False,2026-07-10-PIT-MAD,27,14,4,6,528.0,1,8,True,True,477,away,357,1783733957.0,18,False,"nranabhat,rpieran,jmaskalun,kalexande,kconniff,mjunga,jcarrico",358,702,1b9fcd48cb588ece2a222e62503de1bdb1395b824ed1b38289431aeffaa0794a,1783733957.0,False,477,486.0,9.99522385942407,-4.47,8.94,26.565051177078,0c9808ec070b8876f932e3d5e10fe734200a07cb1c7cf1ea88ebfc5920716875,0.980161753750676,0.0198382462493244,0.654181692116227,0.786146662832357,0.82437815104323,0.732252055832266,486.0,13.0,1.0,0.0382314882108726,0.110553684808735,702.0,ca6fc238d05d7c9e92f1e6eb410dd4df3190b6df,2026-08-18 08:07:04,2026-07-11 01:39:59,2026-07-10-PIT-MAD,radicals,thunderbirds,31,19,2026-07-10 19:00:00
rward1,-0.46,71.2,whoffenka,-19.94,70.83,0,0,0,"mmarshall,whoffenka,rduncan,akirages,bgessner,lstorm,rward1",False,2026-07-10-PIT-MAD,27,14,4,6,528.0,1,9,True,True,478,away,358,1783733959.0,18,False,"nranabhat,rpieran,jmaskalun,kalexande,kconniff,mjunga,jcarrico",359,703,190d77d5aef563e41c5dc03ed7ecd0bccba013dd0b821f1602406f6ba8f0c7e8,1783733959.0,False,478,480.0,19.4835135435065,-19.48,-0.370000000000005,91.0881360177791,d61210bc40ed47e563653f91282945da887458d9b622556e02ab4a28a4f662da,0.972300652703995,0.0276993472960052,0.654181692116227,0.824487891163969,0.805379821700694,0.707813928403317,480.0,13.0,1.0,-0.0191080694632746,-0.055254649703788,703.0,e731e09efae26140d211db05b274240f9543508f,2026-08-18 08:07:04,2026-07-11 01:39:59,2026-07-10-PIT-MAD,radicals,thunderbirds,31,19,2026-07-10 19:00:00
whoffenka,-19.94,70.83,mmarshall,-12.89,60.67,0,0,0,"mmarshall,whoffenka,rduncan,akirages,bgessner,lstorm,rward1",False,2026-07-10-PIT-MAD,27,14,4,6,528.0,1,10,True,True,479,away,359,1783733963.0,18,False,"nranabhat,rpieran,jmaskalun,kalexande,kconniff,mjunga,jcarrico",360,704,cea03e4ce67698529f931ac8bc4838e04c568e0266d755ffdd6d86f240e16387,1783733963.0,False,479,474.0,12.3664101500799,7.05,-10.16,-145.243310596667,7ea85896c54ddf7005d2ece35138b8be41971645ffab81e93eb2dcb666983c4e,0.978244365916698,0.0217556340833022,0.654181692116227,0.805463135731542,0.775756867823221,0.769384030326739,474.0,13.0,1.0,-0.0297062679083215,-0.0859013743086893,704.0,de2816913ec335af8253e4501a5c5ad16cfa952f,2026-08-18 08:07:04,2026-07-11 01:39:59,2026-07-10-PIT-MAD,radicals,thunderbirds,31,19,2026-07-10 19:00:00
mmarshall,-12.89,60.67,whoffenka,5.05,66.73,0,0,0,"mmarshall,whoffenka,rduncan,akirages,bgessner,lstorm,rward1",False,2026-07-10-PIT-MAD,27,14,4,6,528.0,1,11,True,True,480,away,360,1783733966.0,18,False,"nranabhat,rpieran,jmaskalun,kalexande,kconniff,mjunga,jcarrico",361,705,3fadb0aeb3eba5e544a7d2412f177bd1890de72b224080d18716b77bf8273eb2,1783733966.0,False,480,468.0,18.9358707219922,17.94,6.06,-71.3354100038813,2def6efff2158072f8d1398736fbe3f5ecd47ac394e615f4aea4f03ceea0aa74,0.958353888867744,0.0416461111322557,0.654181692116227,0.775812812869853,0.805229068776337,0.749443252908567,468.0,13.0,1.0,0.0294162559064831,0.0850627489518852,705.0,c96cde37e076f5003e196cc656e776e815370913,2026-08-18 08:07:04,2026-07-11 01:39:59,2026-07-10-PIT-MAD,radicals,thunderbirds,31,19,2026-07-10 19:00:00
whoffenka,5.05,66.73,akirages,19.62,114.24,0,0,0,"mmarshall,whoffenka,rduncan,akirages,bgessner,lstorm,rward1",False,2026-07-10-PIT-MAD,27,15,4,6,528.0,1,12,True,True,481,away,361,1783733978.0,19,False,"nranabhat,rpieran,jmaskalun,kalexande,kconniff,mjunga,jcarrico",362,707,4edc752f35ad001eee97579baade74bcaaf5bc0851d51663f7de51a68a86b962,1783733978.0,False,481,462.0,49.6939131081463,14.57,47.51,-17.0493249202291,855f270a78d70e05c3521a8f94262cc8af5ccd647fae1187a6787b9e203c04d6,0.759283636383455,0.240716363616545,0.654181692116227,0.805249174758663,1.0,0.617508907803406,462.0,13.0,1.0,0.194750825241337,0.563159383993028,707.0,aac8cb01cc66db8182427e3ca24bb9080fa61553,2026-08-18 08:07:04,2026-07-11 01:39:59,2026-07-10-PIT-MAD,radicals,thunderbirds,31,19,2026-07-10 19:00:00
gvordick,-10.92,17.72,sstark,-16.85,34.02,0,0,0,"msample,esjostrom,sstark,gvordick,rpieran,imccosky,jnelson",True,2026-07-10-PIT-MAD,27,15,4,7,456.0,1,1,True,True,482,home,346,1783734033.0,18,False,"pzaccardi,astevenso,rkindell,nceluch,lcall,hpark,dberg",347,709,5fa060baeab3b135204c40c12dadba21b06713377ceb86bd540c7abc7ae43b56,1783734033.0,False,482,456.0,17.3451693563367,-5.93,16.3,19.9915730442765,2f03ceb04fa3f8b44076fcc124cf2fc8ee346bafb884ad383daa96ae452e6261,0.973973771897634,0.0260262281023663,0.634146219602867,0.634146219602867,0.668135222705039,0.877787703739725,456.0,12.0,1.0,0.0339890031021719,0.0929032442012133,709.0,d47463df76969ac69771201f3db06e6025ec5805,2026-08-18 08:07:04,2026-07-11 01:45:02,2026-07-10-PIT-MAD,radicals,thunderbirds,31,19,2026-07-10 19:00:00
sstark,-16.85,34.02,imccosky,-20.53,44.45,0,0,0,"msample,esjostrom,sstark,gvordick,rpieran,imccosky,jnelson",True,2026-07-10-PIT-MAD,27,15,4,7,456.0,1,2,True,True,483,home,347,1783734036.0,18,False,"pzaccardi,astevenso,rkindell,nceluch,lcall,hpark,dberg",348,710,6017387773f98acc7f7d67e042e197fcd40d1d15c4d104c0b575c234e27ace42,1783734036.0,False,483,453.615384615385,11.0601672681746,-3.68,10.43,19.4342877215689,79b1db868c0a6e8dfdcf3506048ad6936bb18fd44cba700205700903513fb151,0.984155555658344,0.0158444443416564,0.634146219602867,0.668120859446301,0.689383659523708,0.823259589456947,453.615384615385,12.0,1.0,0.0212628000774072,0.0581183008532167,710.0,5b100bffc9f189ac598042838d22ee1d467d98f0,2026-08-18 08:07:04,2026-07-11 01:45:02,2026-07-10-PIT-MAD,radicals,thunderbirds,31,19,2026-07-10 19:00:00
imccosky,-20.53,44.45,jnelson,-13.58,57.2,0,0,0,"msample,esjostrom,sstark,gvordick,rpieran,imccosky,jnelson",True,2026-07-10-PIT-MAD,27,15,4,7,456.0,1,3,True,True,484,home,348,1783734038.0,18,False,"pzaccardi,astevenso,rkindell,nceluch,lcall,hpark,dberg",349,711,958541b03b6ef4ace2fbbf30c7db24a905f72079cf6fc7b4e064408e0a6ef981,1783734038.0,False,484,451.230769230769,14.5211914111756,6.95,12.75,-28.5947147420656,ff095056125f16b26872d191afdac3b455c64bc69867e0abb8319695023807e5,0.964362397176977,0.0356376028230232,0.634146219602867,0.689364588955505,0.760424209483933,0.783201747511453,451.230769230769,12.0,1.0,0.0710596205284282,0.194229564749319,711.0,d373cef39a89433824dd42331ee5dba1ec1978ad,2026-08-18 08:07:04,2026-07-11 01:45:02,2026-07-10-PIT-MAD,radicals,thunderbirds,31,19,2026-07-10 19:00:00
jnelson,-13.58,57.2,msample,-11.6,67.29,0,0,0,"msample,esjostrom,sstark,gvordick,rpieran,imccosky,jnelson",True,2026-07-10-PIT-MAD,27,15,4,7,456.0,1,4,True,True,485,home,349,1783734041.0,18,False,"pzaccardi,astevenso,rkindell,nceluch,lcall,hpark,dberg",350,712,ad403fad1e31c5da75e4244288eb4539f57f0b7eb198ed69729a1b9560905fbd,1783734041.0,False,485,448.846153846154,10.2824364816905,1.98,10.09,-11.1023003845005,d1454aff2fe2680068e572ca853f09c73a3500b92f19e5673c52b60402f9deef,0.976150133656824,0.023849866343176,0.634146219602867,0.760403750497881,0.805281570820544,0.743888498516818,448.846153846154,12.0,1.0,0.044877820322663,0.122666001357013,712.0,b1d8b4fd5f17b7be4aad720b8db99370deb4212e,2026-08-18 08:07:04,2026-07-11 01:45:02,2026-07-10-PIT-MAD,radicals,thunderbirds,31,19,2026-07-10 19:00:00
msample,-11.6,67.29,gvordick,-5.05,52.84,0,0,0,"msample,esjostrom,sstark,gvordick,rpieran,imccosky,jnelson",True,2026-07-10-PIT-MAD,27,15,4,7,456.0,1,5,True,True,486,home,350,1783734048.0,18,False,"pzaccardi,astevenso,rkindell,nceluch,lcall,hpark,dberg",351,715,a9749eee17bee1b5a2b9f39f370229de31a09792f10024ff26accc456b53caa5,1783734048.0,False,486,446.461538461538,15.8652135188909,6.55,-14.45,-155.615821702343,0015dfc64190db4e0cbd303e6f186a5c95bc88bf16977171599791645e120c93,0.980017905233673,0.0199820947663268,0.634146219602867,0.805260480107611,0.747684497790618,0.807013030816271,446.461538461538,12.0,1.0,-0.0575759823169937,-0.157374299247353,715.0,571e51117409059a615c81d0852be5fb9034729a,2026-08-18 08:07:04,2026-07-11 01:45:02,2026-07-10-PIT-MAD,radicals,thunderbirds,31,19,2026-07-10 19:00:00
gvordick,-5.05,52.84,msample,3.47,60.34,0,0,0,"msample,esjostrom,sstark,gvordick,rpieran,imccosky,jnelson",True,2026-07-10-PIT-MAD,27,15,4,7,456.0,1,6,True,True,487,home,351,1783734051.0,18,False,"pzaccardi,astevenso,rkindell,nceluch,lcall,hpark,dberg",352,716,a961a3fca176f6baf625cdc5bb3f259e7522e70e3c77efbec1f57ce36c55ea46,1783734051.0,False,487,444.076923076923,11.3507885188651,8.52,7.5,-48.643128212206,d6b21a2015db55fd343797be14c571ff2abf6cffa50c2a47150db0b7e5730416,0.980210391095655,0.0197896089043447,0.634146219602867,0.747655131066708,0.778358130515558,0.775497654036179,444.076923076923,12.0,1.0,0.0307029994488507,0.0839215038738228,716.0,67ce39d8e295bf789494c060a5033b5ba76c084a,2026-08-18 08:07:04,2026-07-11 01:45:02,2026-07-10-PIT-MAD,radicals,thunderbirds,31,19,2026-07-10 19:00:00
msample,3.47,60.34,sstark,12.68,74.11,0,0,0,"msample,esjostrom,sstark,gvordick,rpieran,imccosky,jnelson",True,2026-07-10-PIT-MAD,27,15,4,7,456.0,1,7,True,True,488,home,352,1783734054.0,18,False,"pzaccardi,astevenso,rkindell,nceluch,lcall,hpark,dberg",353,717,afa278c20f37d8befa19fb78e3edff3f28d5763e4900361c57eba6041f65576b,1783734054.0,False,488,441.692307692308,16.5661401660133,9.21,13.77,-33.7763996246517,c3a45d6650385823c81320df6ea31f2a32000e1ff7e806bb5cb6830901b1ba7c,0.96208878535398,0.0379112146460198,0.634146219602867,0.778327803877908,0.833218862193349,0.717025107493539,441.692307692308,12.0,1.0,0.0548910583154409,0.150035509420887,717.0,4809f2e211a3d181de6c74d20c7f8d30f9cd39f0,2026-08-18 08:07:04,2026-07-11 01:45:02,2026-07-10-PIT-MAD,radicals,thunderbirds,31,19,2026-07-10 19:00:00
sstark,12.68,74.11,gvordick,13.57,96.47,1,1,0,"msample,esjostrom,sstark,gvordick,rpieran,imccosky,jnelson",True,2026-07-10-PIT-MAD,27,15,4,7,456.0,1,8,True,True,489,home,353,1783734063.0,20,False,"pzaccardi,astevenso,rkindell,nceluch,lcall,hpark,dberg",354,719,8116a0d38c70e15e41262ac131af5abd38d89be52e6c3ebc2a9b123d28d5ff7b,1783734063.0,False,489,439.307692307692,22.3777054230321,0.890000000000001,22.36,-2.2793533035195,0dd7a6b9a2111e1b5c0c86be7158cde3e1e3695d8f3c44186ffc939007838b83,0.915081793648076,1.0,0.634146219602867,0.833191781364556,0.919913912823791,0.645040739228035,439.307692307692,12.0,1.0,-0.645040739228035,-0.645040739228035,719.0,c043c7a793c56f09973652ebb60ff7e776b14816,2026-08-18 08:07:04,2026-07-11 01:45:02,2026-07-10-PIT-MAD,radicals,thunderbirds,31,19,2026-07-10 19:00:00
nceluch,-11.3,20.0,astevenso,11.05,20.0,0,0,0,"pzaccardi,astevenso,rkindell,nceluch,lcall,hpark,dberg",False,2026-07-10-PIT-MAD,27,15,4,7,456.0,2,1,False,False,490,away,365,1783734073.0,18,False,"msample,esjostrom,sstark,gvordick,rpieran,imccosky,jnelson",366,720,5541ebd9c4c460418f15d0521823b8ce0e395ab5b68706ab64573843ca7ee80e,1783734073.0,False,490,436.923076923077,22.35,22.35,0.0,-90.0,ed91f8778635488910222df5ae11d56125cf0b9f3725fabfdcb9e67f15c4295d,0.972470614044834,0.027529385955166,0.638703625354134,0.63903870764046,0.638756676961469,0.93226980271239,436.923076923077,12.0,1.0,-0.000282030678990353,-0.0007806075531945,720.0,78caa47c89d41292e1a32e9bb9a4c1e623da68d7,2026-08-18 08:07:04,2026-07-11 01:45:02,2026-07-10-PIT-MAD,radicals,thunderbirds,31,19,2026-07-10 19:00:00
astevenso,11.05,20.0,nceluch,-7.57,23.14,0,0,0,"pzaccardi,astevenso,rkindell,nceluch,lcall,hpark,dberg",False,2026-07-10-PIT-MAD,27,15,4,7,456.0,2,2,False,False,491,away,366,1783734079.0,18,False,"msample,esjostrom,sstark,gvordick,rpieran,imccosky,jnelson",367,721,3f6e6dbc6b7c6d65da6aba193fd41aa4d9f7c5dcb49eaafeb8794c50e344793c,1783734079.0,False,491,434.538461538462,18.882902319294,-18.62,3.14,80.4279350087746,67310e4ad294833bccad39d8e7e569c09115ff208341163ae2ca3247f42b8f31,0.976464357258919,0.0235356427410813,0.638703625354134,0.638703625354134,0.649358261852734,0.923196428788844,434.538461538462,12.0,1.0,0.0106546364985994,0.0294900177424776,721.0,7afe4bd936795c32abf9618507c22fc151bc6744,2026-08-18 08:07:04,2026-07-11 01:45:02,2026-07-10-PIT-MAD,radicals,thunderbirds,31,19,2026-07-10 19:00:00
nceluch,-7.57,23.14,,-4.38,54.42,1,0,0,"pzaccardi,astevenso,rkindell,nceluch,lcall,hpark,dberg",False,2026-07-10-PIT-MAD,27,15,4,7,456.0,2,3,False,False,492,away,367,1783734084.0,22,False,"msample,esjostrom,sstark,gvordick,rpieran,imccosky,jnelson",368,722,d20bc4223eddd0856582699d67f0be63dae54873ac665fafe134305cfafd2c3d,1783734084.0,False,492,432.153846153846,31.4422406962354,3.19,31.28,-5.82301232074087,2b6c5b1dc626b384d722a78345634dde662e3d3c907e49aa24bf2cbcb6d1fe44,0.881268308434096,-0.881268308434096,0.638703625354134,0.649302277715379,0.75382642631637,0.800174342484666,432.153846153846,12.0,1.0,-0.800174342484666,-0.800174342484666,722.0,1a8f8d74d596e0e13feb2cbd0bed7d375505e17a,2026-08-18 08:07:04,2026-07-11 01:45:02,2026-07-10-PIT-MAD,radicals,thunderbirds,31,19,2026-07-10 19:00:00
imccosky,-2.66,63.2,esjostrom,13.36,96.13,0,0,0,"msample,esjostrom,sstark,gvordick,rpieran,imccosky,jnelson",True,2026-07-10-PIT-MAD,27,15,4,7,456.0,3,1,True,True,493,home,355,1783734090.0,18,False,"pzaccardi,astevenso,rkindell,nceluch,lcall,hpark,dberg",356,724,e79d9dbb2f5c643ec671c86deec0d4bc0b5af12f62cf9af5f9f812504388f5d9,1783734090.0,False,493,429.769230769231,36.6200122883649,16.02,32.93,-25.9422954898717,c266bd9250176fb304a67203c7b12429f57fd27a030aed9969b5364e918a13dd,0.818643989147456,0.181356010852544,0.790175302383378,0.790175302383378,0.918854287443823,0.646067962687115,429.769230769231,12.0,1.0,0.128678985060446,0.613269012285481,724.0,266c5f44221a32655d207003f21e3f7bb4ca3391,2026-08-18 08:07:04,2026-07-11 01:45:02,2026-07-10-PIT-MAD,radicals,thunderbirds,31,19,2026-07-10 19:00:00
esjostrom,13.36,96.13,rpieran,19.57,113.65,0,0,0,"msample,esjostrom,sstark,gvordick,rpieran,imccosky,jnelson",True,2026-07-10-PIT-MAD,28,15,4,7,456.0,3,2,True,True,494,home,356,1783734098.0,19,False,"pzaccardi,astevenso,rkindell,nceluch,lcall,hpark,dberg",357,726,7d90e82e707167a260975895c5b4c387904d747069940d7c9f62ce7669d055c7,1783734098.0,False,494,427.384615384615,18.5880203356893,6.21,17.52,-19.5169762942532,b16838b14463da3a5c75065ec664f035ca1ba551baab2d7768f9657de5c9fbf6,0.938696222417121,0.0613037775828791,0.790175302383378,0.918833805249033,1.0,0.617242891964885,427.384615384615,12.0,1.0,0.0811661947509665,0.386828603462439,726.0,3eeae2ddc0ce2195a7bbdd01fdcd031bd4168235,2026-08-18 08:07:04,2026-07-11 01:45:02,2026-07-10-PIT-MAD,radicals,thunderbirds,31,19,2026-07-10 19:00:00
lbecker,-18.1,20.0,akirages,-6.59,26.81,0,0,0,"rduncan,lbecker,lstorm,bgessner,akirages,rward1,whoffenka",False,2026-07-10-PIT-MAD,28,15,4,8,425.0,1,1,True,True,495,away,370,1783734147.0,18,False,"vluo,mweber2,mmccarthy,sknoche,mgrinde,jleibfort,agutowsky",371,730,c0edfcb5c2e8d96be19f8471a016281358df488307adea9f2baf963776baea70,1783734147.0,False,495,425.0,13.373713022194,11.51,6.81,-59.3889188568867,f4ab49611c3c9b93cff7a4c750ced627e9fb2c2bad50594b611c72af23ac65ad,0.9802340300758,0.0197659699242004,0.623686219827427,0.623686219827427,0.659239346849234,0.91107837363511,425.0,13.0,1.0,0.0355531270218066,0.0944773454894539,730.0,ab54ceab4a89ba209fdd02cb15d7e6d2adf82108,2026-08-18 08:07:04,2026-07-11 01:45:02,2026-07-10-PIT-MAD,radicals,thunderbirds,31,19,2026-07-10 19:00:00
akirages,-6.59,26.81,rduncan,-11.85,43.59,0,0,0,"rduncan,lbecker,lstorm,bgessner,akirages,rward1,whoffenka",False,2026-07-10-PIT-MAD,28,15,4,8,425.0,1,2,True,True,496,away,371,1783734150.0,18,False,"vluo,mweber2,mmccarthy,sknoche,mgrinde,jleibfort,agutowsky",372,731,e86ca3415a59828f588ade37775881dcb7b69edb01de28049a84c4d19f2f0f84,1783734150.0,False,496,412.833333333333,17.58510733547,-5.26,16.78,17.4045602859336,83e7bc6062d45edd7c0e73365d1b7aeb7965a02d8b5709c02a39782d6417da76,0.965641969244056,0.0343580307559439,0.623686219827427,0.658873411574318,0.708930268844104,0.843375336031882,412.833333333333,13.0,1.0,0.0500568572697863,0.13301893235701,731.0,12b770ebc91129acd55c12c0839715261926a07c,2026-08-18 08:07:04,2026-07-11 01:45:02,2026-07-10-PIT-MAD,radicals,thunderbirds,31,19,2026-07-10 19:00:00
rduncan,-11.85,43.59,rward1,2.47,49.46,0,0,0,"rduncan,lbecker,lstorm,bgessner,akirages,rward1,whoffenka",False,2026-07-10-PIT-MAD,28,15,4,8,425.0,1,3,True,True,497,away,372,1783734155.0,18,False,"vluo,mweber2,mmccarthy,sknoche,mgrinde,jleibfort,agutowsky",373,732,4a135703690d342037f45ede84e16bac4940a0f2ae42455b27838e97eff12c06,1783734155.0,False,497,400.666666666667,15.4764110826768,14.32,5.87,-67.7104813304383,aff61e12e42522b7ab7134641c16d42a0484f996584728d414ea03857787a4aa,0.974234060442862,0.0257659395571385,0.623686219827427,0.708559180348394,0.733858915072719,0.820866720481258,400.666666666667,13.0,1.0,0.0252997347243252,0.0672304232726293,732.0,8af0103c629192db560a5d871a1566dada260935,2026-08-18 08:07:04,2026-07-11 01:45:02,2026-07-10-PIT-MAD,radicals,thunderbirds,31,19,2026-07-10 19:00:00
rward1,2.47,49.46,whoffenka,-15.71,59.14,0,0,0,"rduncan,lbecker,lstorm,bgessner,akirages,rward1,whoffenka",False,2026-07-10-PIT-MAD,28,15,4,8,425.0,1,4,True,True,498,away,373,1783734161.0,18,False,"vluo,mweber2,mmccarthy,sknoche,mgrinde,jleibfort,agutowsky",374,733,e938a04582a9907acc95f9cea2979b5e85ffef7ebdf1c7b1342df4062960cbab,1783734161.0,False,498,388.5,20.5964754266355,-18.18,9.68,61.9667858833896,1925517a8615d7f0db2fbba4153b03c70dae465d1c7f5ab1c10a5194db80f9b9,0.962727819640909,0.0372721803590909,0.623686219827427,0.733501594092441,0.76370984565821,0.769611712199769,388.5,13.0,1.0,0.030208251565769,0.0802741041051324,733.0,23a59f42d43f833e86d3b80cb2bcf40900c89187,2026-08-18 08:07:04,2026-07-11 01:45:02,2026-07-10-PIT-MAD,radicals,thunderbirds,31,19,2026-07-10 19:00:00
whoffenka,-15.71,59.14,rduncan,-18.59,95.69,0,0,0,"rduncan,lbecker,lstorm,bgessner,akirages,rward1,whoffenka",False,2026-07-10-PIT-MAD,28,15,4,8,425.0,1,5,True,True,499,away,374,1783734171.0,18,False,"vluo,mweber2,mmccarthy,sknoche,mgrinde,jleibfort,agutowsky",375,734,ec2a76498555480eee8c871ff95dafa0e2f9aab20e4fa0bfc7093c870da4d82f,1783734171.0,False,499,376.333333333333,36.6632909052093,-2.88,36.55,4.50537896302639,a33656f537d757e331ff75fd3a3930175bb28b395aa37348ad34d652a8d19d21,0.822677644967599,0.177322355032401,0.623686219827427,0.763399019063126,0.912396657137348,0.628303855121768,376.333333333333,13.0,1.0,0.148997638074222,0.395939893580016,734.0,c71e0b662ead64c7ef53499e7d09fc4c2f5039b4,2026-08-18 08:07:04,2026-07-11 01:45:02,2026-07-10-PIT-MAD,radicals,thunderbirds,31,19,2026-07-10 19:00:00
rduncan,-18.59,95.69,lbecker,-25.94,102.0,0,0,0,"rduncan,lbecker,lstorm,bgessner,akirages,rward1,whoffenka",False,2026-07-10-PIT-MAD,28,16,4,8,425.0,1,6,True,True,500,away,375,1783734176.0,19,False,"vluo,mweber2,mmccarthy,sknoche,mgrinde,jleibfort,agutowsky",376,735,a50808cc96fb82ab47efdb271090236b4a2e01ea352c3f53beb66d4eb2308b8e,1783734176.0,False,500,364.166666666667,9.68703256936819,-7.35,6.31,49.3537976879411,fff5bcc7a3a620cce513de27a1301f783aeac54471dae43b63697c1bcb124240,0.890154747821987,0.109845252178013,0.623686219827427,0.912278571089866,1.0,0.567759113332416,364.166666666667,13.0,1.0,0.0877214289101336,0.233107139658573,735.0,7ec231ec9875c53a7a20f6a705a5caf753820d46,2026-08-18 08:07:04,2026-07-11 01:45:02,2026-07-10-PIT-MAD,radicals,thunderbirds,31,19,2026-07-10 19:00:00
gvordick,-16.24,21.88,sstark,-24.42,39.81,0,0,0,"esjostrom,imccosky,msample,gvordick,rpieran,sstark,nranabhat",True,2026-07-10-PIT-MAD,28,16,4,9,352.0,1,1,True,True,501,home,361,1783734239.0,18,False,"hpark,knicholl,nceluch,solinger,lcall,ecampion,pzaccardi",362,740,892ff48d3d64b985cf4f0593e1f376738284c4a8bf105a3c791e02386ceeaf91,1783734239.0,False,501,352.0,19.7077979490353,-8.18,17.93,24.5233550875417,ee37be1b4fd3f0e5aa4b146a51ec7c7374986964a15eabc82bc500bf2782dcca,0.933924691124344,0.0660753088756562,0.632324240050369,0.632324240050369,0.639073436664156,0.827974970025995,352.0,12.0,1.0,0.00674919661378715,0.0183563817606897,740.0,58da3c471eddc190566e49adace59c52828cae7f,2026-08-18 08:07:04,2026-07-11 01:45:02,2026-07-10-PIT-MAD,radicals,thunderbirds,31,19,2026-07-10 19:00:00
sstark,-24.42,39.81,imccosky,-11.53,41.86,0,0,0,"esjostrom,imccosky,msample,gvordick,rpieran,sstark,nranabhat",True,2026-07-10-PIT-MAD,28,16,4,9,352.0,1,2,True,True,502,home,362,1783734247.0,18,False,"hpark,knicholl,nceluch,solinger,lcall,ecampion,pzaccardi",363,741,348b5d912f74445806c46c2b201a0441b9c73d997086c9ce8d5b76be4a858da1,1783734247.0,False,502,350.384615384615,13.0519960159356,12.89,2.05,-80.9634730759657,4dc0e233ad883d3dedf99f05bc55e135012b7a34e28879fc20801598371e9cbf,0.974577200467627,0.0254227995323733,0.632324240050369,0.639045908842512,0.701448075294112,0.849928016128404,350.384615384615,12.0,1.0,0.0624021664515998,0.16972064315621,741.0,968469071654086f8af4a330e2642a00e373f54d,2026-08-18 08:07:04,2026-07-11 01:45:02,2026-07-10-PIT-MAD,radicals,thunderbirds,31,19,2026-07-10 19:00:00
imccosky,-11.53,41.86,sstark,-7.64,46.56,0,0,0,"esjostrom,imccosky,msample,gvordick,rpieran,sstark,nranabhat",True,2026-07-10-PIT-MAD,28,16,4,9,352.0,1,3,True,True,503,home,363,1783734250.0,18,False,"hpark,knicholl,nceluch,solinger,lcall,ecampion,pzaccardi",364,742,1e49fb325509292aabc5a3a112ac2ce3fee77fc5e1949211edcfbe07f43fc133,1783734250.0,False,503,348.769230769231,6.1009917226628,3.89,4.7,-39.6131830488517,57a54ea8ed9160c36691ff5bfb0c138c741b6e7c7dde1aef9447831deaae251b,0.988185449125468,0.0118145508745323,0.632324240050369,0.701424255074102,0.720759475341001,0.831689497362691,348.769230769231,12.0,1.0,0.0193352202668992,0.0525876937591642,742.0,f4f7968855b3669279de9d853ae9123de3306128,2026-08-18 08:07:04,2026-07-11 01:45:02,2026-07-10-PIT-MAD,radicals,thunderbirds,31,19,2026-07-10 19:00:00
sstark,-7.64,46.56,nranabhat,-22.44,55.77,0,0,0,"esjostrom,imccosky,msample,gvordick,rpieran,sstark,nranabhat",True,2026-07-10-PIT-MAD,28,16,4,9,352.0,1,4,True,True,504,home,364,1783734255.0,18,False,"hpark,knicholl,nceluch,solinger,lcall,ecampion,pzaccardi",365,743,6bbe1ac73618dbb8737c912120f8d1844579f582f8e8e6ec40d8b57470d5437d,1783734255.0,False,504,347.153846153846,17.4316981387357,-14.8,9.21,58.1061073744836,f9428d8e7bbe7b3eff396fe13492c0a5161e58d5e91b5fafa8f3b7c569498ab7,0.970451990771945,0.0295480092280553,0.632324240050369,0.720737648999583,0.72168682135265,0.759749959170865,347.153846153846,12.0,1.0,0.000949172353067018,0.0025815472665292,743.0,263dc0b78b2eba89c0952b16fd2dcd4148ce7230,2026-08-18 08:07:04,2026-07-11 01:45:02,2026-07-10-PIT-MAD,radicals,thunderbirds,31,19,2026-07-10 19:00:00
nranabhat,-22.44,55.77,sstark,-2.94,56.24,0,0,0,"esjostrom,imccosky,msample,gvordick,rpieran,sstark,nranabhat",True,2026-07-10-PIT-MAD,28,16,4,9,352.0,1,5,True,True,505,home,365,1783734260.0,18,False,"hpark,knicholl,nceluch,solinger,lcall,ecampion,pzaccardi",366,744,02f27c4c67ca1869d714e99ce8010aa69f87e93a0534e8b95382bfdbf23a2b75,1783734260.0,False,505,345.538461538462,19.5056632801861,19.5,0.469999999999999,-88.619292126603,ab2b3a3bdbd84e24d6a703847db0e731a9bc9fe686c2b82153ca6d2ad8c1f24d,0.957038762197342,0.0429612378026581,0.632324240050369,0.721666043237709,0.759346617191015,0.790808129903707,345.538461538462,12.0,1.0,0.0376805739533053,0.102483160593636,744.0,f9161fd9ecbd8cbe4fa3c81035e86a48d4547d0f,2026-08-18 08:07:04,2026-07-11 01:45:02,2026-07-10-PIT-MAD,radicals,thunderbirds,31,19,2026-07-10 19:00:00
sstark,-2.94,56.24,imccosky,1.5,51.06,0,0,0,"esjostrom,imccosky,msample,gvordick,rpieran,sstark,nranabhat",True,2026-07-10-PIT-MAD,28,16,4,9,352.0,1,6,True,True,506,home,366,1783734264.0,18,False,"hpark,knicholl,nceluch,solinger,lcall,ecampion,pzaccardi",367,745,722a1cdb04218726c749f1c8d1af3a33c57d079949a25250bd48c58b5063dff5,1783734264.0,False,506,343.923076923077,6.82246289839674,4.44,-5.18,-139.398705354996,8a6fd78bc2451c18101e52466d9fe3ec0c2a12e2848b5e7a85e81013ff83f9ab,0.990448576194956,0.00955142380504437,0.632324240050369,0.759328571096574,0.738788617266048,0.813053556745553,343.923076923077,12.0,1.0,-0.0205399538305261,-0.0558643132561687,745.0,6249479102e8fe65785a9dfb8f95dc153495e451,2026-08-18 08:07:04,2026-07-11 01:45:02,2026-07-10-PIT-MAD,radicals,thunderbirds,31,19,2026-07-10 19:00:00
imccosky,1.5,51.06,nranabhat,-25.38,71.04,0,0,0,"esjostrom,imccosky,msample,gvordick,rpieran,sstark,nranabhat",True,2026-07-10-PIT-MAD,28,16,4,9,352.0,1,7,True,True,507,home,367,1783734269.0,18,False,"hpark,knicholl,nceluch,solinger,lcall,ecampion,pzaccardi",368,746,cefa53bd268d850a86ae3321af33ac84853581de7c86aaadf36ca225e15b705d,1783734269.0,False,507,342.307692307692,33.492309565033,-26.88,19.98,53.3764460007078,410d5f35066f15c836e23ccc4a6c4086368810449ac601523f6766172c837aba,0.768824488475094,0.231175511524906,0.632324240050369,0.738770407818559,0.7716651570187,0.67132245075657,342.307692307692,12.0,1.0,0.0328947492001413,0.0894667334192705,746.0,32bd20d2727aced6d5a15e734533d926b0c0e77b,2026-08-18 08:07:04,2026-07-11 01:45:02,2026-07-10-PIT-MAD,radicals,thunderbirds,31,19,2026-07-10 19:00:00
nranabhat,-25.38,71.04,esjostrom,-6.69,72.95,0,0,0,"esjostrom,imccosky,msample,gvordick,rpieran,sstark,nranabhat",True,2026-07-10-PIT-MAD,28,16,4,9,352.0,1,8,True,True,508,home,368,1783734273.0,18,False,"hpark,knicholl,nceluch,solinger,lcall,ecampion,pzaccardi",369,747,e59931dded4a0ac9db7b6ed1276cc281412365f76c454c04636f45cd7c337d79,1783734273.0,False,508,340.692307692308,18.7873414830305,18.69,1.91,-84.1649895505097,e4b97780184fb453ed98fb0061c1d3b99c6a626224fc0fb4ff7ba38ce4d3f3e8,0.942497949143337,0.0575020508566626,0.632324240050369,0.771649252054165,0.829754936210138,0.722714720748715,340.692307692308,12.0,1.0,0.0581056841559729,0.158035123566299,747.0,87132a2d7b918f2299e0443610889040d8b8ff23,2026-08-18 08:07:04,2026-07-11 01:45:02,2026-07-10-PIT-MAD,radicals,thunderbirds,31,19,2026-07-10 19:00:00
esjostrom,-6.69,72.95,msample,-7.03,84.88,0,0,0,"esjostrom,imccosky,msample,gvordick,rpieran,sstark,nranabhat",True,2026-07-10-PIT-MAD,28,16,4,9,352.0,1,9,True,True,509,home,369,1783734277.0,18,False,"hpark,knicholl,nceluch,solinger,lcall,ecampion,pzaccardi",370,748,64a7e5f297a2a6ca20a8a9d006f60f12f7aa0de467e37142ebf76f19bdd47831,1783734277.0,False,509,339.076923076923,11.934843945356,-0.34,11.93,1.63246382191193,b5810c5e1d66c885a84e64260f9f6a0ccbb04933bd81aab117559abbc326179e,0.969788912521366,0.0302110874786335,0.632324240050369,0.82974272021588,0.879273013875083,0.681386731745291,339.076923076923,12.0,1.0,0.0495302936592035,0.13471188219204,748.0,a6f2204b10e3f5f69deeafed1f32fb7eea093463,2026-08-18 08:07:04,2026-07-11 01:45:02,2026-07-10-PIT-MAD,radicals,thunderbirds,31,19,2026-07-10 19:00:00
msample,-7.03,84.88,nranabhat,-22.1,82.43,0,0,0,"esjostrom,imccosky,msample,gvordick,rpieran,sstark,nranabhat",True,2026-07-10-PIT-MAD,28,16,4,9,352.0,1,10,True,True,510,home,370,1783734282.0,18,False,"hpark,knicholl,nceluch,solinger,lcall,ecampion,pzaccardi",371,749,3b3fbc03014dc1dbfba0275584daa36411987f272baf7968625a5354d40f4ff1,1783734282.0,False,510,337.461538461538,15.267855121136,-15.07,-2.44999999999999,99.2340533778721,fe949c9cad4004a7957d28cb1eb8bd2165a7789d91980fea90680fa863277d5e,0.971134149571189,0.0288658504288112,0.632324240050369,0.879264204360953,0.848774299026612,0.650009306507121,337.461538461538,12.0,1.0,-0.0304899053343407,-0.0829260687147763,749.0,a30df350910426749a3b77f8d1edb014cd938c5e,2026-08-18 08:07:04,2026-07-11 01:45:02,2026-07-10-PIT-MAD,radicals,thunderbirds,31,19,2026-07-10 19:00:00
nranabhat,-22.1,82.43,gvordick,-14.94,95.31,0,0,0,"esjostrom,imccosky,msample,gvordick,rpieran,sstark,nranabhat",True,2026-07-10-PIT-MAD,28,16,4,9,352.0,1,11,True,True,511,home,371,1783734285.0,18,False,"hpark,knicholl,nceluch,solinger,lcall,ecampion,pzaccardi",372,750,1e239cdc0a3c8993499213528ceadd7601dbfadad50cd6bec6cc8319a2e1e1e5,1783734285.0,False,511,335.846153846154,14.7363496158309,7.16,12.88,-29.0697097616623,eb192d2bb07e59d265ccd388c4ca209502aa020fb50449a939529e357b8b589b,0.946689272473905,0.0533107275260954,0.632324240050369,0.848764055828615,0.914608657951594,0.641128791142677,335.846153846154,12.0,1.0,0.0658446021229792,0.179083337264331,750.0,709db85081425005118864ab88774b5a35a2b129,2026-08-18 08:07:04,2026-07-11 01:45:02,2026-07-10-PIT-MAD,radicals,thunderbirds,31,19,2026-07-10 19:00:00
gvordick,-14.94,95.31,esjostrom,-10.99,97.84,0,0,0,"esjostrom,imccosky,msample,gvordick,rpieran,sstark,nranabhat",True,2026-07-10-PIT-MAD,28,16,4,9,352.0,1,12,True,True,512,home,372,1783734292.0,18,False,"hpark,knicholl,nceluch,solinger,lcall,ecampion,pzaccardi",373,751,a364e30284062205ea491c9df979a5f6934598abd3394f195eab20bf1b9a9730,1783734292.0,False,512,334.230769230769,4.69077818703891,3.95,2.53,-57.3601809835906,2cb5063b5d87ddcd4d037acdd17f72e9d8dec913da8215fd71d4d6fd0cad2850,0.977206611781929,0.0227933882180713,0.632324240050369,0.914602650665941,0.924868768889627,0.641530883044428,334.230769230769,12.0,1.0,0.0102661182236863,0.0279216618062955,751.0,887db02da670c888f473fe2cd16f25991b899fa8,2026-08-18 08:07:04,2026-07-11 01:45:02,2026-07-10-PIT-MAD,radicals,thunderbirds,31,19,2026-07-10 19:00:00
esjostrom,-10.99,97.84,rpieran,-20.87,107.18,0,0,0,"esjostrom,imccosky,msample,gvordick,rpieran,sstark,nranabhat",True,2026-07-10-PIT-MAD,29,16,4,9,352.0,1,13,True,True,513,home,373,1783734300.0,19,False,"hpark,knicholl,nceluch,solinger,lcall,ecampion,pzaccardi",374,753,fd3a7f7625ef1e86f36078bb71139b5214f9e67ca140bdae7a2db5e663b7aaaa,1783734300.0,False,513,332.615384615385,13.5959552808914,-9.88,9.34,46.6093435913413,e59eb68f7199bdf1f0af512c9fafa204e92138158b8885a747f923b576a7c217,0.961692025099582,0.0383079749004178,0.632324240050369,0.924863603601405,1.0,0.604455427869424,332.615384615385,12.0,1.0,0.0751363963985948,0.204355044806021,753.0,1fba3556d44cec79b10530ff725ab0979b29aedf,2026-08-18 08:07:04,2026-07-11 01:45:02,2026-07-10-PIT-MAD,radicals,thunderbirds,31,19,2026-07-10 19:00:00
mmarshall,-18.71,17.81,whoffenka,-5.0,29.32,0,0,0,"rduncan,whoffenka,rward1,lstorm,akirages,bgessner,mmarshall",False,2026-07-10-PIT-MAD,29,16,4,10,331.0,1,1,True,True,514,away,380,1783734354.0,18,False,"kalexande,jmaskalun,jcarrico,mjunga,agutowsky,rpieran,kconniff",381,755,8f3b7524fce71ed086a552edaf18c660280fec2b876cd09a3228e7e89ea5baf9,1783734354.0,False,514,331.0,17.900955281772,13.71,11.51,-49.9854258468406,aa80924557e653b29b9eb0472c2d62564e6c2ac5eb10dfbf2fbbed416430c722,0.968269046330434,0.0317309536695657,0.613221647787228,0.613221647787228,0.664247822137962,0.901444914917614,331.0,13.0,1.0,0.0510261743507345,0.131926138210197,755.0,93558763869d0a30773f1675eefaed622ae1caa1,2026-08-18 08:07:04,2026-07-11 01:50:06,2026-07-10-PIT-MAD,radicals,thunderbirds,31,19,2026-07-10 19:00:00
whoffenka,-5.0,29.32,rward1,3.21,40.77,0,0,0,"rduncan,whoffenka,rward1,lstorm,akirages,bgessner,mmarshall",False,2026-07-10-PIT-MAD,29,16,4,10,331.0,1,2,True,True,515,away,381,1783734358.0,18,False,"kalexande,jmaskalun,jcarrico,mjunga,agutowsky,rpieran,kconniff",382,756,437f8387368eb12f24bab09d7658aa93087ae02db951fa24f4173d09c50f89de,1783734358.0,False,515,317.833333333333,14.089237026894,8.21,11.45,-35.6416799177897,0e75aba1e780bd00268e347b4be58289e583c76a6f72ff5199c8d64eae16bb15,0.978373337095045,0.021626662904955,0.613221647787228,0.664127316767375,0.700624484307147,0.856592068966843,317.833333333333,13.0,1.0,0.0364971675397723,0.0943619707022658,756.0,480942fb09be7e5b4466bba2dd090bc2406aaf19,2026-08-18 08:07:04,2026-07-11 01:50:06,2026-07-10-PIT-MAD,radicals,thunderbirds,31,19,2026-07-10 19:00:00
rward1,3.21,40.77,lstorm,9.03,52.46,0,0,0,"rduncan,whoffenka,rward1,lstorm,akirages,bgessner,mmarshall",False,2026-07-10-PIT-MAD,29,16,4,10,331.0,1,3,True,True,516,away,382,1783734362.0,18,False,"kalexande,jmaskalun,jcarrico,mjunga,agutowsky,rpieran,kconniff",383,757,d158fcd1404474b2f0cf1fa756d8a3f676b3555391f3d7e38aaacac7bbbb56d4,1783734362.0,False,516,304.666666666667,13.0586561330024,5.82,11.69,-26.4669420614705,63f9dda971c2af6f71dedb70cc762dd269649119307f25b42f98284619596b06,0.976840372753483,0.0231596272465169,0.613221647787228,0.700504456837278,0.742290874762236,0.805580388505728,304.666666666667,13.0,1.0,0.0417864179249572,0.1080371165705,757.0,ac42fdca3cf6a9862a9a422034815c01fcac3df0,2026-08-18 08:07:04,2026-07-11 01:50:06,2026-07-10-PIT-MAD,radicals,thunderbirds,31,19,2026-07-10 19:00:00
lstorm,9.03,52.46,mmarshall,-3.83,53.32,0,0,0,"rduncan,whoffenka,rward1,lstorm,akirages,bgessner,mmarshall",False,2026-07-10-PIT-MAD,29,16,4,10,331.0,1,4,True,True,517,away,383,1783734368.0,18,False,"kalexande,jmaskalun,jcarrico,mjunga,agutowsky,rpieran,kconniff",384,759,22c0bd3687802bf4f0f6abe13a5ac66978893791d5e036e97008cba2895f3b7a,1783734368.0,False,517,291.5,12.8887237537314,-12.86,0.859999999999999,86.1740969702722,802d74ab903c4a33aecd6ba9424fd7e455da2e5a42b52e11eb6426137bef824a,0.980813803415442,0.0191861965845584,0.613221647787228,0.742144033445777,0.746981180565637,0.802799911945241,291.5,13.0,1.0,0.00483714711985994,0.012506250911372,759.0,e604c098e34614346f7a867d8cca26187244d650,2026-08-18 08:07:04,2026-07-11 01:50:06,2026-07-10-PIT-MAD,radicals,thunderbirds,31,19,2026-07-10 19:00:00
mmarshall,-3.83,53.32,rduncan,-15.4,61.59,0,0,0,"rduncan,whoffenka,rward1,lstorm,akirages,bgessner,mmarshall",False,2026-07-10-PIT-MAD,29,16,4,10,331.0,1,5,True,True,518,away,384,1783734371.0,18,False,"kalexande,jmaskalun,jcarrico,mjunga,agutowsky,rpieran,kconniff",385,760,7a9aaf1134a6f7b918f736425480012f5fc604240198f23cb835caa10d2aa469,1783734371.0,False,518,278.333333333333,14.2217368840799,-11.57,8.27,54.4435889147539,3c7715b7848e63c83af2f44de94bb5ee74b3e44af2496cd5779b96e0a468842a,0.976253510141573,0.0237464898584266,0.613221647787228,0.746768273900102,0.773307061823422,0.758240195419775,278.333333333333,13.0,1.0,0.0265387879233194,0.0686149774709213,760.0,d4b28a3bcb2a3687466ce96773cc030673385e09,2026-08-18 08:07:04,2026-07-11 01:50:06,2026-07-10-PIT-MAD,radicals,thunderbirds,31,19,2026-07-10 19:00:00
rduncan,-15.4,61.59,akirages,-17.18,108.79,0,0,0,"rduncan,whoffenka,rward1,lstorm,akirages,bgessner,mmarshall",False,2026-07-10-PIT-MAD,29,17,4,10,331.0,1,6,True,True,519,away,385,1783734383.0,19,False,"kalexande,jmaskalun,jcarrico,mjunga,agutowsky,rpieran,kconniff",386,762,0c800ddd0eb59c8358350ab8da6d9dc91c8b3eb2f7ed64a735efe4db615900ec,1783734383.0,False,519,265.166666666667,47.233551634405,-1.78,47.2,2.15970722187608,b4d6ecb38d7d95e3da6a266e33985525ac8b538b2f95cad6714f99c0b087d8d2,0.716808158835613,0.283191841164387,0.613221647787228,0.773017982865686,1.0,0.620736542518442,265.166666666667,13.0,1.0,0.226982017134314,0.586852950367418,762.0,33336893230985688f818bc71dab19eda1e15931,2026-08-18 08:07:04,2026-07-11 01:50:06,2026-07-10-PIT-MAD,radicals,thunderbirds,31,19,2026-07-10 19:00:00
gvordick,-3.69,19.29,sstark,18.0,31.43,0,0,0,"esjostrom,sstark,nranabhat,rpieran,jnelson,gvordick,imccosky",True,2026-07-10-PIT-MAD,29,17,4,11,252.0,1,1,True,True,520,home,378,1783734454.0,18,False,"dberg,nceluch,rkindell,pzaccardi,agardner,lcall,astevenso",379,767,8a88ab2e26fef8e0374df8383cc059a7770fbe640b68f812e9bf39102ac6209b,1783734454.0,False,520,252.0,24.8563010120171,21.69,12.14,-60.7640453228904,8f55f4382196f35aee8ce5d28b9632dc05733d39b34dd5b3685b1263cd1a4587,0.965807867177795,0.0341921328222052,0.636178148592231,0.636178148592231,0.64895032670328,0.8854663791291,252.0,12.0,1.0,0.0127721781110495,0.0351055827505382,767.0,41aef826947e9c0170870a3f122f35d0dd116750,2026-08-18 08:07:04,2026-07-11 01:50:06,2026-07-10-PIT-MAD,radicals,thunderbirds,31,19,2026-07-10 19:00:00
sstark,18.0,31.43,nranabhat,-2.6,103.77,0,0,0,"esjostrom,sstark,nranabhat,rpieran,jnelson,gvordick,imccosky",True,2026-07-10-PIT-MAD,30,17,4,11,252.0,1,2,True,True,521,home,379,1783734468.0,19,False,"dberg,nceluch,rkindell,pzaccardi,agardner,lcall,astevenso",380,768,00f6796cbab5620681ec47850e9469bd9fcddfa45c3d1dd5c7ecce9f00ffc01f,1783734468.0,False,521,242.5,75.215926504963,-20.6,72.34,15.8951713362526,7a36947e6f1677a7ca98eaa42944c8094093e2d4b712a6599040766da2fa3528,0.511592642977159,0.488407357022841,0.636178148592231,0.648448591338807,1.0,0.6375929285978,242.5,12.0,1.0,0.351551408661193,0.966273486050666,768.0,19dab67b539fd9f9a0d189726149dfc8424a81a1,2026-08-18 08:07:04,2026-07-11 01:50:06,2026-07-10-PIT-MAD,radicals,thunderbirds,31,19,2026-07-10 19:00:00
whoffenka,-19.63,22.83,lbecker,-0.46,27.73,0,0,0,"rduncan,whoffenka,rward1,lstorm,akirages,bgessner,lbecker",False,2026-07-10-PIT-MAD,30,17,4,12,233.0,1,1,True,True,522,away,390,1783734515.0,18,False,"agutowsky,sknoche,vluo,mmccarthy,mweber2,mgrinde,jleibfort",391,773,18f932dd9d2cbd628a0ee5b6f5fccb8e7f52e28443dd8856418f0d6454241e01,1783734515.0,False,522,233.0,19.7863311404616,19.17,4.9,-75.6617590200054,70cc23fe633e2e28959d66687dced587130f49fcc4c98a9d646f33086f4b6043,0.968466872731573,0.0315331272684268,0.618888277363872,0.618888277363872,0.657523294840267,0.906295675619817,233.0,13.0,1.0,0.0386350174763945,0.101374518760951,773.0,eb41efa5de825c50324b4cb3014e085e7a488119,2026-08-18 08:07:04,2026-07-11 01:50:06,2026-07-10-PIT-MAD,radicals,thunderbirds,31,19,2026-07-10 19:00:00
lbecker,-0.46,27.73,whoffenka,-0.46,27.73,0,0,0,"rduncan,whoffenka,rward1,lstorm,akirages,bgessner,lbecker",False,2026-07-10-PIT-MAD,30,17,4,12,233.0,1,2,True,True,523,away,391,1783734523.0,18,False,"agutowsky,sknoche,vluo,mmccarthy,mweber2,mgrinde,jleibfort",392,774,138b70b5e1986e6843e8d84876daff10346e804d1228ec3d40401aeda9508a81,1783734523.0,False,523,227.454545454545,0.0,0.0,0.0,-90.0,c6ef303d563cde4bb8ae72537d5fcfc455755b50b05afa062e54c42de5a0ab0e,0.5,0.5,0.618888277363872,0.657109717868474,0.657109717868474,0.906139633377529,227.454545454545,13.0,1.0,0.0,0.0,774.0,1318d8afa7c11e3c32274fb351182ae8d40669f5,2026-08-18 08:07:04,2026-07-11 01:50:06,2026-07-10-PIT-MAD,radicals,thunderbirds,31,19,2026-07-10 19:00:00
whoffenka,-0.46,27.73,,-11.49,106.04,1,0,0,"rduncan,whoffenka,rward1,lstorm,akirages,bgessner,lbecker",False,2026-07-10-PIT-MAD,30,17,4,12,233.0,1,3,True,True,524,away,392,1783734530.0,22,False,"agutowsky,sknoche,vluo,mmccarthy,mweber2,mgrinde,jleibfort",393,775,8a738acf5258dcc27ab635ecd194ff5dfe775926bdeac141e2211a183e7cd01a,1783734530.0,False,524,221.909090909091,79.0829754119052,-11.03,78.31,8.01739620935433,3eb17fa249441c0b17d4bf4985553439386028e84d865399ffe381a98928fdbc,0.523937594741556,-0.523937594741556,0.618888277363872,0.656649769610847,0.946671924700487,0.63176679904107,221.909090909091,13.0,1.0,-0.63176679904107,-0.63176679904107,775.0,4b5e417518399a80be9ab6adfdee138920a1cc44,2026-08-18 08:07:04,2026-07-11 01:50:06,2026-07-10-PIT-MAD,radicals,thunderbirds,31,19,2026-07-10 19:00:00
jleibfort,6.13,29.79,vluo,4.56,38.11,0,0,0,"agutowsky,sknoche,vluo,mmccarthy,mweber2,mgrinde,jleibfort",True,2026-07-10-PIT-MAD,30,17,4,12,233.0,2,1,False,False,525,home,383,1783734542.0,18,False,"rduncan,whoffenka,rward1,lstorm,akirages,bgessner,lbecker",384,777,6142a5c88cbd93c4961a70e019e4491c48133002e6ffc30803563b753a47ff66,1783734542.0,False,525,216.363636363636,8.46683530015791,-1.57,8.32,10.686167070425,4fa9b7bb1f0cdeec8075cff5125c17891b428f3804d4ddb852a5e1225a712bd8,0.987428398162984,0.0125716018370162,0.633034654257085,0.661356186675534,0.687715873620489,0.865414481350778,216.363636363636,13.0,1.0,0.0263596869449558,0.0718315428166414,777.0,bce6d2836b0006619340a1f69e15373e2dca783a,2026-08-18 08:07:04,2026-07-11 01:50:06,2026-07-10-PIT-MAD,radicals,thunderbirds,31,19,2026-07-10 19:00:00
vluo,4.56,38.11,mgrinde,16.23,39.61,0,0,0,"agutowsky,sknoche,vluo,mmccarthy,mweber2,mgrinde,jleibfort",True,2026-07-10-PIT-MAD,30,17,4,12,233.0,2,2,False,False,526,home,384,1783734545.0,18,False,"rduncan,whoffenka,rward1,lstorm,akirages,bgessner,lbecker",385,778,5ba5a2fe7bf0a5cac8987c3d52912d2fc7a586cd19a308ec7a05880e53d2b60e,1783734545.0,False,526,210.818181818182,11.7660061193253,11.67,1.5,-82.6756632740605,5335865254be9284e3d4c51b62928e4b36a62e8815a20030a75b90ada1a67106,0.987212884019896,0.0127871159801042,0.633034654257085,0.687181605032182,0.678965461753022,0.852443287121775,210.818181818182,13.0,1.0,-0.00821614327915932,-0.0223894255260694,778.0,c5d25f1a399a2395382154370a3ba7761daf43f6,2026-08-18 08:07:04,2026-07-11 01:50:06,2026-07-10-PIT-MAD,radicals,thunderbirds,31,19,2026-07-10 19:00:00
mgrinde,16.23,39.61,vluo,10.84,33.34,0,0,0,"agutowsky,sknoche,vluo,mmccarthy,mweber2,mgrinde,jleibfort",True,2026-07-10-PIT-MAD,30,17,4,12,233.0,2,3,False,False,527,home,385,1783734552.0,18,False,"rduncan,whoffenka,rward1,lstorm,akirages,bgessner,lbecker",386,779,8b98e18d5407b993ae7d4c8c1a3a6cd97e244139241f08c57831e33e6f455da9,1783734552.0,False,527,205.272727272727,8.2683130081051,-5.39,-6.27,139.316027519866,410771fcb54f64ff3cf0682cb498f760705c20e163d26a65ba8b4a1310728fcb,0.989514589906322,0.0104854100936778,0.633034654257085,0.67837058928126,0.668137652144808,0.882855079965891,205.272727272727,13.0,1.0,-0.0102329371364522,-0.0278852955876142,779.0,84b6f13984f952030d844b8356d675288b65e5f8,2026-08-18 08:07:04,2026-07-11 01:50:06,2026-07-10-PIT-MAD,radicals,thunderbirds,31,19,2026-07-10 19:00:00
vluo,10.84,33.34,mmccarthy,21.75,45.47,0,0,0,"agutowsky,sknoche,vluo,mmccarthy,mweber2,mgrinde,jleibfort",True,2026-07-10-PIT-MAD,30,17,4,12,233.0,2,4,False,False,528,home,386,1783734559.0,18,False,"rduncan,whoffenka,rward1,lstorm,akirages,bgessner,lbecker",387,780,2a4dbb051aec0457e54babfc5484939ecda78432a22464bdf1f10e113caf719e,1783734559.0,False,528,199.727272727273,16.3145640456618,10.91,12.13,-41.9689396613826,464bb1c28cc3f7a3b25faa89c4f1b7924a95eeb8878259a632889d625a01d23b,0.975442752272136,0.0245572477278641,0.633034654257085,0.667476288492842,0.675567745033024,0.809287640259097,199.727272727273,13.0,1.0,0.00809145654018173,0.0220496475595011,780.0,98f4639e337d897e4444367f673b5e006ef9894d,2026-08-18 08:07:04,2026-07-11 01:50:06,2026-07-10-PIT-MAD,radicals,thunderbirds,31,19,2026-07-10 19:00:00
mmccarthy,21.75,45.47,vluo,19.57,30.47,0,0,0,"agutowsky,sknoche,vluo,mmccarthy,mweber2,mgrinde,jleibfort",True,2026-07-10-PIT-MAD,30,17,4,12,233.0,2,5,False,False,529,home,387,1783734561.0,18,False,"rduncan,whoffenka,rward1,lstorm,akirages,bgessner,lbecker",388,781,de9af06541d269edd33b420e35d76424377f7ddfa90edabf24f06c8cd8dd0b94,1783734561.0,False,529,194.181818181818,15.1575855597123,-2.18,-15.0,171.730908343245,ce7b2cccfbe5d0bc974bef6147ef74bcf1e2c8f3f6834e77728d61170d329163,0.98798911231064,0.0120108876893595,0.633034654257085,0.674855693987332,0.633853083311038,0.884081220836137,194.181818181818,13.0,1.0,-0.0410026106762938,-0.111734285408571,781.0,f2f60683922b4e60682e1dc21643df65fea19798,2026-08-18 08:07:04,2026-07-11 01:50:06,2026-07-10-PIT-MAD,radicals,thunderbirds,31,19,2026-07-10 19:00:00
vluo,19.57,30.47,mmccarthy,5.93,29.31,0,0,0,"agutowsky,sknoche,vluo,mmccarthy,mweber2,mgrinde,jleibfort",True,2026-07-10-PIT-MAD,30,17,4,12,233.0,2,6,False,False,530,home,388,1783734564.0,18,False,"rduncan,whoffenka,rward1,lstorm,akirages,bgessner,lbecker",389,782,e20a47a86e5037770ff916b1b50945d4f0bcc3bf7b8ce1bfea394c8402f8159d,1783734564.0,False,530,188.636363636364,13.6892366478193,-13.64,-1.16,94.8609651730985,2ef2e63799a760ba800ab7b45751f90b6d3231f656654175d2373b78068e7b3b,0.982296862447281,0.0177031375527189,0.633034654257085,0.633034654257085,0.656641807097828,0.898426752959273,188.636363636364,13.0,1.0,0.0236071528407428,0.0643307416207122,782.0,3771f0854f775fb0a79618131a575ff985f6dbc9,2026-08-18 08:07:04,2026-07-11 01:50:06,2026-07-10-PIT-MAD,radicals,thunderbirds,31,19,2026-07-10 19:00:00
mmccarthy,5.93,29.31,agutowsky,-7.92,37.56,0,0,0,"agutowsky,sknoche,vluo,mmccarthy,mweber2,mgrinde,jleibfort",True,2026-07-10-PIT-MAD,30,17,4,12,233.0,2,7,False,False,531,home,389,1783734566.0,18,False,"rduncan,whoffenka,rward1,lstorm,akirages,bgessner,lbecker",390,783,390cd4f8ef605addbe9903bccc5528e970aaafe22fd762ee7031d5011bd929d1,1783734566.0,False,531,183.090909090909,16.1209491035733,-13.85,8.25,59.219101717874,0576d0dabd1026eebbe14dc6475f39c47710fc12e93e2f903fc11d96db9627d4,0.976176606155955,0.023823393844045,0.633034654257085,0.655781182424807,0.680995432186368,0.865016879380013,183.090909090909,13.0,1.0,0.0252142497615611,0.0687101658346383,783.0,abcd38b52b7d34f9a1ef9f5045440eb60a26294c,2026-08-18 08:07:04,2026-07-11 01:50:06,2026-07-10-PIT-MAD,radicals,thunderbirds,31,19,2026-07-10 19:00:00
agutowsky,-7.92,37.56,mmccarthy,3.27,46.84,0,0,0,"agutowsky,sknoche,vluo,mmccarthy,mweber2,mgrinde,jleibfort",True,2026-07-10-PIT-MAD,30,17,4,12,233.0,2,8,False,False,532,home,390,1783734569.0,18,False,"rduncan,whoffenka,rward1,lstorm,akirages,bgessner,lbecker",391,784,d67249a6a172189a12c243b1e65ab2d42d97ef9e368910f3af99b4af8464a713,1783734569.0,False,532,177.545454545455,14.5373484514887,11.19,9.28,-50.3306789632935,5c70428084ad4f0a91314ddccd62222eba8251c526247228b447559e1615c53a,0.976359142506592,0.0236408574934077,0.633034654257085,0.680099553805934,0.714177248035372,0.825152015590582,177.545454545455,13.0,1.0,0.0340776942294382,0.0928635213781522,784.0,d61b79f42a789dea69b46beccaa702a5ec8fd7c9,2026-08-18 08:07:04,2026-07-11 01:50:06,2026-07-10-PIT-MAD,radicals,thunderbirds,31,19,2026-07-10 19:00:00
mmccarthy,3.27,46.84,,-22.24,110.31,1,0,0,"agutowsky,sknoche,vluo,mmccarthy,mweber2,mgrinde,jleibfort",True,2026-07-10-PIT-MAD,30,17,4,12,233.0,2,9,False,False,533,home,391,1783734577.0,22,False,"rduncan,whoffenka,rward1,lstorm,akirages,bgessner,lbecker",392,785,8f6e6caa143e6cefe940d712044a394876928246e28a5680ad0e37f2306fe068,1783734577.0,False,533,172.0,68.404685512032,-25.51,63.47,21.8962879877406,9ed91f297742e26d1bd95f3714084db68f5023896bda303c975219329c498deb,0.641633099199585,-0.641633099199585,0.633034654257085,0.713251147852926,0.947053941698053,0.584986689152832,172.0,13.0,1.0,-0.584986689152832,-0.584986689152832,785.0,c05a12e2358aee2c343aed2d00932ec13959ce7b,2026-08-18 08:07:04,2026-07-11 01:50:06,2026-07-10-PIT-MAD,radicals,thunderbirds,31,19,2026-07-10 19:00:00
whoffenka,22.74,22.22,akirages,22.07,56.87,0,0,0,"rduncan,whoffenka,rward1,lstorm,akirages,bgessner,lbecker",False,2026-07-10-PIT-MAD,30,17,4,12,233.0,3,1,True,True,534,away,394,1783734597.0,18,False,"agutowsky,sknoche,vluo,mmccarthy,mweber2,mgrinde,jleibfort",395,787,c505385bfb67e36195062345b808c80c67a6a709bc7223849bf1aa9c113d006b,1783734597.0,False,534,166.454545454545,34.6564770281112,-0.669999999999998,34.65,1.10774571534793,e4d291bf545962ae979fe83c4472ebc32b5c4d1a6fd618f321e918addb9c5c3c,0.836131107592966,0.163868892407034,0.586247419064205,0.586247419064205,0.7173729380722,0.748113820344899,166.454545454545,13.0,1.0,0.131125519007996,0.316917706498472,787.0,f68634902c3e63941a60e315709c8ba238cd7761,2026-08-18 08:07:04,2026-07-11 01:50:06,2026-07-10-PIT-MAD,radicals,thunderbirds,31,19,2026-07-10 19:00:00
akirages,22.07,56.87,rward1,3.03,55.22,0,0,0,"rduncan,whoffenka,rward1,lstorm,akirages,bgessner,lbecker",False,2026-07-10-PIT-MAD,30,17,4,12,233.0,3,2,True,True,535,away,395,1783734599.0,18,False,"agutowsky,sknoche,vluo,mmccarthy,mweber2,mgrinde,jleibfort",396,788,cf2a166f675c86c1d60c48b0e0d443e7ca77e508b09865b53d081a8d89f05e17,1783734599.0,False,535,160.909090909091,19.1113604957889,-19.04,-1.65,94.9528592378761,3e382dc9f24fecd36435ef5547936f34ada65ac9afc67ea4e7c51acdada3d2c0,0.962218702643357,0.0377812973566427,0.586247419064205,0.716163985942214,0.744477812046469,0.785626158133623,160.909090909091,13.0,1.0,0.0283138261042549,0.0684317812355799,788.0,f8b545146e530bb29d934ff1fda12e1760e58f7a,2026-08-18 08:07:04,2026-07-11 01:50:06,2026-07-10-PIT-MAD,radicals,thunderbirds,31,19,2026-07-10 19:00:00
rward1,3.03,55.22,lstorm,-0.71,63.42,0,0,0,"rduncan,whoffenka,rward1,lstorm,akirages,bgessner,lbecker",False,2026-07-10-PIT-MAD,30,17,4,12,233.0,3,3,True,True,536,away,396,1783734600.0,18,False,"agutowsky,sknoche,vluo,mmccarthy,mweber2,mgrinde,jleibfort",397,789,197497d66b130a51fe9528f83a54abf608308cfb99be98b350988c241e3a7bf9,1783734600.0,False,536,155.363636363636,9.01263557456974,-3.74,8.2,24.5176132258966,80df666ce69c50cc09d340dd9aaaa6e8f36e1efc533a76ad876c61a55ea93071,0.983424912210166,0.0165750877898335,0.586247419064205,0.743149575512697,0.778570193893861,0.74899026174219,155.363636363636,13.0,1.0,0.0354206183811637,0.0856082113156901,789.0,353a5319a851064644edf476e85aa6123acd1b13,2026-08-18 08:07:04,2026-07-11 01:50:06,2026-07-10-PIT-MAD,radicals,thunderbirds,31,19,2026-07-10 19:00:00
lstorm,-0.71,63.42,whoffenka,-2.79,53.14,0,0,0,"rduncan,whoffenka,rward1,lstorm,akirages,bgessner,lbecker",False,2026-07-10-PIT-MAD,30,17,4,12,233.0,3,4,True,True,537,away,397,1783734604.0,18,False,"agutowsky,sknoche,vluo,mmccarthy,mweber2,mgrinde,jleibfort",398,790,f87fe9bf16ca32516fec7f60c6535b0ce1470c496fcb3d9f440802b4bbdc9a61,1783734604.0,False,537,149.818181818182,10.4883173102267,-2.08,-10.28,168.561505783221,d724ea6efc6238611699b0ddcddf92216129bc5bc0e70ea7d0049bc343f6a93a,0.987755933315295,0.0122440666847055,0.586247419064205,0.777155325448602,0.732927681313128,0.792410705388591,149.818181818182,13.0,1.0,-0.0442276441354735,-0.10689394138749,790.0,29aec9133f23e5550fc040736cade3cee373facb,2026-08-18 08:07:04,2026-07-11 01:55:09,2026-07-10-PIT-MAD,radicals,thunderbirds,31,19,2026-07-10 19:00:00
whoffenka,-2.79,53.14,bgessner,-2.85,70.53,0,0,0,"rduncan,whoffenka,rward1,lstorm,akirages,bgessner,lbecker",False,2026-07-10-PIT-MAD,30,17,4,12,233.0,3,5,True,True,538,away,398,1783734607.0,18,False,"agutowsky,sknoche,vluo,mmccarthy,mweber2,mgrinde,jleibfort",399,791,8a132644f9bb596ca969882d7499e573d8bf9125b9b505ee870f703be60062b2,1783734607.0,False,538,144.272727272727,17.390103507455,-0.0600000000000001,17.39,0.197684481286714,71431e1d5429150037584c1c5fb638c9d1b0ef6a75b364271edb0c6268b994d6,0.959206839377051,0.0407931606229491,0.586247419064205,0.731042599399609,0.807383447192785,0.716193224037068,144.272727272727,13.0,1.0,0.0763408477931767,0.184508450969695,791.0,7eb76faa045eca0304d38ec757f3ab051e662fbf,2026-08-18 08:07:04,2026-07-11 01:55:09,2026-07-10-PIT-MAD,radicals,thunderbirds,31,19,2026-07-10 19:00:00
bgessner,-2.85,70.53,whoffenka,-11.0,68.75,0,0,0,"rduncan,whoffenka,rward1,lstorm,akirages,bgessner,lbecker",False,2026-07-10-PIT-MAD,30,17,4,12,233.0,3,6,True,True,539,away,399,1783734609.0,18,False,"agutowsky,sknoche,vluo,mmccarthy,mweber2,mgrinde,jleibfort",400,792,31da9b3b0c8ddbb6c2ee185e9c6b64672f96d488febdaa8cb90d7034679af457,1783734609.0,False,539,138.727272727273,8.34211603851205,-8.15,-1.78,102.320216532627,b62a7c3482696225657525aee521a3cff636e1a3a827cd19ae1817c6d7ec4100,0.984621669566083,0.015378330433917,0.586247419064205,0.805630663327678,0.79534706747223,0.717884588829059,138.727272727273,13.0,1.0,-0.0102835958554478,-0.0248544572995511,792.0,6b39f7c4252094ee15a6401d55dbc8cba4349f79,2026-08-18 08:07:04,2026-07-11 01:55:09,2026-07-10-PIT-MAD,radicals,thunderbirds,31,19,2026-07-10 19:00:00
whoffenka,-11.0,68.75,akirages,0.39,77.08,0,0,0,"rduncan,whoffenka,rward1,lstorm,akirages,bgessner,lbecker",False,2026-07-10-PIT-MAD,30,17,4,12,233.0,3,7,True,True,540,away,400,1783734613.0,18,False,"agutowsky,sknoche,vluo,mmccarthy,mweber2,mgrinde,jleibfort",401,793,0b504b0bdfd7afbf3582144058f36ca1ec6d4933407066ef95d432e8e3222281,1783734613.0,False,540,133.181818181818,14.1110240592241,11.39,8.33,-53.8203795520211,4e01366225bb18987e5ef9308a5787e3d6c36968d61f08d5c089c187b34c9154,0.968059552538462,0.031940447461538,0.586247419064205,0.793213445284078,0.833644178777776,0.686102825937952,133.181818181818,13.0,1.0,0.0404307334936974,0.097717175327956,793.0,09a91e88cae69e45277319d46cf2076795f82100,2026-08-18 08:07:04,2026-07-11 01:55:09,2026-07-10-PIT-MAD,radicals,thunderbirds,31,19,2026-07-10 19:00:00
akirages,0.39,77.08,whoffenka,-6.53,84.42,0,0,0,"rduncan,whoffenka,rward1,lstorm,akirages,bgessner,lbecker",False,2026-07-10-PIT-MAD,30,17,4,12,233.0,3,8,True,True,541,away,401,1783734617.0,18,False,"agutowsky,sknoche,vluo,mmccarthy,mweber2,mgrinde,jleibfort",402,794,1f604fd06d1610c1ae52eaeb504bd782c8b63d6de0456702ff5781e7e154da28,1783734617.0,False,541,127.636363636364,10.0877153012959,-6.92,7.34,43.3129542354779,822892ec4db8835a67c8f3952813c6f03247f9ce9c8d848eec55d888ac2a9472,0.976357164163403,0.023642835836597,0.586247419064205,0.831541445719407,0.863895793239906,0.656226176601832,127.636363636364,13.0,1.0,0.0323543475204985,0.0781973309926473,794.0,ddc433bf91ccb1c8c289caa6bbd0b4bb57b7662d,2026-08-18 08:07:04,2026-07-11 01:55:09,2026-07-10-PIT-MAD,radicals,thunderbirds,31,19,2026-07-10 19:00:00
whoffenka,-6.53,84.42,lbecker,-17.49,88.04,0,0,0,"rduncan,whoffenka,rward1,lstorm,akirages,bgessner,lbecker",False,2026-07-10-PIT-MAD,30,17,4,12,233.0,3,9,True,True,542,away,402,1783734622.0,18,False,"agutowsky,sknoche,vluo,mmccarthy,mweber2,mgrinde,jleibfort",403,795,825ea626226caf2195c88966e4b8a0ff571065351cd9725c3059b31b6aea2d6d,1783734622.0,False,542,122.090909090909,11.5423567784054,-10.96,3.62,71.7220255227158,ca94e473071591bf985688fe4ebcacead85b650b5ee1e478e707db115bd11491,0.976960182724959,0.023039817275041,0.586247419064205,0.861846758276251,0.870032691134045,0.622286464935935,122.090909090909,13.0,1.0,0.00818593285779423,0.0197846085679511,795.0,bf847c9148465cd4eb5f6fc48f128d7bd8ffe9e3,2026-08-18 08:07:04,2026-07-11 01:55:09,2026-07-10-PIT-MAD,radicals,thunderbirds,31,19,2026-07-10 19:00:00
lbecker,-17.49,88.04,rduncan,-23.49,106.04,0,0,0,"rduncan,whoffenka,rward1,lstorm,akirages,bgessner,lbecker",False,2026-07-10-PIT-MAD,30,18,4,12,233.0,3,10,True,True,543,away,403,1783734626.0,19,False,"agutowsky,sknoche,vluo,mmccarthy,mweber2,mgrinde,jleibfort",404,796,e88e58a4a16784a6a653359b15f2c883d9e05d7208c42b8920fe223f43c96931,1783734626.0,False,543,116.545454545455,18.9736659610103,-6.0,18.0,18.434948822922,86c0718fecfaebf14450bf34899838b9863fc0b664f899517bc2e5cadc34914c,0.909806428462344,0.0901935715376558,0.586247419064205,0.867782950988934,1.0,0.548555831597704,116.545454545455,13.0,1.0,0.132217049011066,0.319555829022327,796.0,a4fb4459a5948243d261c78390ef7dade26bf9e7,2026-08-18 08:07:04,2026-07-11 01:55:09,2026-07-10-PIT-MAD,radicals,thunderbirds,31,19,2026-07-10 19:00:00
sstark,-7.23,28.22,imccosky,-16.24,33.0,0,0,0,"imccosky,nranabhat,jnelson,msample,gvordick,sstark,esjostrom",True,2026-07-10-PIT-MAD,30,18,4,13,111.0,1,1,True,True,544,home,394,1783734690.0,18,False,"nceluch,knicholl,dberg,astevenso,pzaccardi,hpark,solinger",395,801,773c817a8219996d935a5420b613d278cf811bd436461420b79f856d47940412,1783734690.0,False,544,111.0,10.1994362589312,-9.01,4.78,62.0530817898921,9378ad610e338a92bf756538197625be7676920e9175f7a16b5837e8baffe189,0.988487886151797,0.0115121138482027,0.612639908166887,0.61910785350005,0.62236946656481,0.861284733536499,111.0,12.0,1.0,0.00326161306476003,0.00842010608094659,801.0,0b033bfd863e58e70bc9480188bacdfb966eb79f,2026-08-18 08:07:04,2026-07-11 01:55:09,2026-07-10-PIT-MAD,radicals,thunderbirds,31,19,2026-07-10 19:00:00
imccosky,-16.24,33.0,sstark,-2.12,28.43,0,0,0,"imccosky,nranabhat,jnelson,msample,gvordick,sstark,esjostrom",True,2026-07-10-PIT-MAD,30,18,4,13,111.0,1,2,True,True,545,home,395,1783734694.0,18,False,"nceluch,knicholl,dberg,astevenso,pzaccardi,hpark,solinger",396,802,673aefdd8719c4ead6a0ea4633fa64534b03dcf141c33cfb080bfe0f690a5aca,1783734694.0,False,545,107.333333333333,14.8411354013094,14.12,-4.57,-107.934401796053,9d2e7e4717337d380657e0da16b7c1c7042f08972bca6b6eae84a99a1c332558,0.983149397596058,0.0168506024039422,0.612639908166887,0.618519360193651,0.616819809778634,0.886469998871377,107.333333333333,12.0,1.0,-0.00169955041501657,-0.00438752068385194,802.0,dc63419d92a69c7d77afcac99e65dd0ed330034a,2026-08-18 08:07:04,2026-07-11 01:55:09,2026-07-10-PIT-MAD,radicals,thunderbirds,31,19,2026-07-10 19:00:00
sstark,-2.12,28.43,msample,-4.1,44.25,0,0,0,"imccosky,nranabhat,jnelson,msample,gvordick,sstark,esjostrom",True,2026-07-10-PIT-MAD,30,18,4,13,111.0,1,3,True,True,546,home,396,1783734696.0,18,False,"nceluch,knicholl,dberg,astevenso,pzaccardi,hpark,solinger",397,803,d277a3c15fcb721ac413c68e395c85d8e423a222053ad6cc42bd45f22b78fcb0,1783734696.0,False,546,103.666666666667,15.943424977087,-1.98,15.82,7.13393120483002,59fc1f6279b1181ca794326fc3b92534bc41466f1e3042c847ecb16ea446ce41,0.97198032362459,0.0280196763754096,0.612639908166887,0.612639908166887,0.667086423912855,0.811363131826396,103.666666666667,12.0,1.0,0.0544465157459687,0.140557886302407,803.0,85e932aca0fa1993120065c1a19fe814eeaafe3c,2026-08-18 08:07:04,2026-07-11 01:55:09,2026-07-10-PIT-MAD,radicals,thunderbirds,31,19,2026-07-10 19:00:00
msample,-4.1,44.25,esjostrom,-18.42,57.13,0,0,0,"imccosky,nranabhat,jnelson,msample,gvordick,sstark,esjostrom",True,2026-07-10-PIT-MAD,30,18,4,13,111.0,1,4,True,True,547,home,397,1783734698.0,18,False,"nceluch,knicholl,dberg,astevenso,pzaccardi,hpark,solinger",398,804,ef1c0130d4467915c4a94bbf8e08a8692aa5aaccbc71dcd49ba7ce1f082d095f,1783734698.0,False,547,100.0,19.260238835487,-14.32,12.88,48.0304768458606,180e19439f54425f1600cb78a068d853a0002611c59cf630a5063c4383f20012,0.969475875075945,0.0305241249240554,0.612639908166887,0.662851919312252,0.700668694197307,0.726172592089732,100.0,12.0,1.0,0.0378167748850553,0.0976269256497077,804.0,0e609f6f7e3a03a57ae181204c262b4febe978fb,2026-08-18 08:07:04,2026-07-11 01:55:09,2026-07-10-PIT-MAD,radicals,thunderbirds,31,19,2026-07-10 19:00:00
esjostrom,-18.42,57.13,jnelson,-7.78,97.22,0,0,0,"imccosky,nranabhat,jnelson,msample,gvordick,sstark,esjostrom",True,2026-07-10-PIT-MAD,30,18,4,13,111.0,1,5,True,True,548,home,398,1783734704.0,18,False,"nceluch,knicholl,dberg,astevenso,pzaccardi,hpark,solinger",399,805,e0682a9569746179f792921868b2906c42fd4a0e7fdd4c670e3b421ad06b1de0,1783734704.0,False,548,96.3333333333333,41.4779182216273,10.64,40.09,-14.8637916214457,aada354a9a342b0b442c8f8a282a0cfe423ea6901665d5c652873a06a248e555,0.716961737231873,0.283038262768127,0.612639908166887,0.696367602848806,0.903559734222417,0.585627935762073,96.3333333333333,12.0,1.0,0.207192131373611,0.534882492393863,805.0,f763f89bec2ec4ee55a7bbfeebadc315d969bcba,2026-08-18 08:07:04,2026-07-11 01:55:09,2026-07-10-PIT-MAD,radicals,thunderbirds,31,19,2026-07-10 19:00:00
jnelson,-7.78,97.22,imccosky,-7.1,111.06,0,0,0,"imccosky,nranabhat,jnelson,msample,gvordick,sstark,esjostrom",True,2026-07-10-PIT-MAD,31,18,4,13,111.0,1,6,True,True,549,home,399,1783734713.0,19,False,"nceluch,knicholl,dberg,astevenso,pzaccardi,hpark,solinger",400,807,0fea3ca6b11fc5a669be62c4fa51dcc8d01f00944b77e41c4aa6b2a2a51a35ed,1783734713.0,False,549,92.6666666666667,13.8566951326786,0.680000000000001,13.84,-2.81284856021111,37805b03bae0c8f4605e260ed8c2ff7e24f0bccb8bd258b8f90dcd4a2f7444cf,0.947827648625579,0.0521723513744212,0.612639908166887,0.901634466668846,1.0,0.573121118758786,92.6666666666667,12.0,1.0,0.0983655333311536,0.253938222870756,807.0,c3097c63f2e60dea58d4b36404bd61c1cd1c5997,2026-08-18 08:07:04,2026-07-11 01:55:09,2026-07-10-PIT-MAD,radicals,thunderbirds,31,19,2026-07-10 19:00:00
akirages,-1.44,20.75,whoffenka,-6.77,37.95,0,0,0,"rward1,mmarshall,rduncan,whoffenka,lstorm,bgessner,akirages",False,2026-07-10-PIT-MAD,31,18,4,14,89.0,1,1,True,True,550,away,408,1783734759.0,18,False,"kconniff,rpieran,jcarrico,agutowsky,mjunga,kalexande,jmaskalun",409,810,0b28407fd4fcc7b158895e98ee50809211d50769cddfc22c192752084046de04,1783734759.0,False,550,89.0,18.0069125615692,-5.33,17.2,17.2173578050143,f77520b37fc10ea0f6fee820c1597eb8d9ab853ead51a8296fe23b7c4f4b7c59,0.968108514865056,0.0318914851349443,0.57041588403205,0.57041588403205,0.623374631225245,0.829713296617948,89.0,13.0,1.0,0.0529587471931948,0.123279109316849,810.0,01c338a6842d0e7b671a39994e8da8b00b597c71,2026-08-18 08:07:04,2026-07-11 01:55:09,2026-07-10-PIT-MAD,radicals,thunderbirds,31,19,2026-07-10 19:00:00
whoffenka,-6.77,37.95,rduncan,-12.83,56.75,0,0,0,"rward1,mmarshall,rduncan,whoffenka,lstorm,bgessner,akirages",False,2026-07-10-PIT-MAD,31,18,4,14,89.0,1,2,True,True,551,away,409,1783734765.0,18,False,"kconniff,rpieran,jcarrico,agutowsky,mjunga,kalexande,jmaskalun",410,811,c5332bfbb37d4a740d9d282eb7f6971f6a00cf5c519d790da28a6af9204daec2,1783734765.0,False,551,88.2857142857143,19.7525593278441,-6.06,18.8,17.8662293763741,79201880f7ac65826eac27b5d9b3ce4d75ef4b16562e4c59a07ef79f70e0efbe,0.952937252911696,0.0470627470883037,0.57041588403205,0.622259125503943,0.697038662704709,0.728136828863964,88.2857142857143,13.0,1.0,0.0747795372007659,0.174074260246496,811.0,e16d1bec0223c5c694346cfac2399c5a6d74ddd8,2026-08-18 08:07:04,2026-07-11 01:55:09,2026-07-10-PIT-MAD,radicals,thunderbirds,31,19,2026-07-10 19:00:00
rduncan,-12.83,56.75,lstorm,-18.53,64.53,0,0,0,"rward1,mmarshall,rduncan,whoffenka,lstorm,bgessner,akirages",False,2026-07-10-PIT-MAD,31,18,4,14,89.0,1,3,True,True,552,away,410,1783734770.0,18,False,"kconniff,rpieran,jcarrico,agutowsky,mjunga,kalexande,jmaskalun",411,812,af2b415ea8bc90cc18c22ddb19338a9c7acd4326cab639d6942ca77e183fb761,1783734770.0,False,552,87.5714285714286,9.6446047093699,-5.7,7.78,36.2282877817189,2bc56c18c83235a7251a81c67e106b5a1f28cc4d581419bc8b1c0fb2c9fd4112,0.984383096756543,0.0156169032434572,0.57041588403205,0.696022071633504,0.72185318907495,0.673281983605596,87.5714285714286,13.0,1.0,0.0258311174414458,0.060130522710884,812.0,2f57565297712d7d49fd8c7f245cac67069aad27,2026-08-18 08:07:04,2026-07-11 01:55:09,2026-07-10-PIT-MAD,radicals,thunderbirds,31,19,2026-07-10 19:00:00
lstorm,-18.53,64.53,rduncan,-4.44,58.46,0,0,0,"rward1,mmarshall,rduncan,whoffenka,lstorm,bgessner,akirages",False,2026-07-10-PIT-MAD,31,18,4,14,89.0,1,4,True,True,553,away,411,1783734773.0,18,False,"kconniff,rpieran,jcarrico,agutowsky,mjunga,kalexande,jmaskalun",412,813,da9a972e6a0ee84dbf6d3731ef74789ebcaa0d4509d48dfbae76021672de3a61,1783734773.0,False,553,86.8571428571429,15.3418708116057,14.09,-6.07,-113.306473572501,697d5f86208b5f422ea5052e82a4d03d534b393969a2e5845a4e7c3e7bf609bf,0.973275699258523,0.0267243007414768,0.57041588403205,0.720874186417291,0.707796807843098,0.722876006857305,86.8571428571429,13.0,1.0,-0.0130773785741928,-0.030441950919732,813.0,44c48d68e23e8d4441ea026e29548f6c1318242c,2026-08-18 08:07:04,2026-07-11 01:55:09,2026-07-10-PIT-MAD,radicals,thunderbirds,31,19,2026-07-10 19:00:00
rduncan,-4.44,58.46,bgessner,7.43,69.06,0,0,0,"rward1,mmarshall,rduncan,whoffenka,lstorm,bgessner,akirages",False,2026-07-10-PIT-MAD,31,18,4,14,89.0,1,5,True,True,554,away,412,1783734779.0,18,False,"kconniff,rpieran,jcarrico,agutowsky,mjunga,kalexande,jmaskalun",413,814,a550f68f46748224afbd5ce17dbc8dc54759163c03c15a885fbd1a70fd68de37,1783734779.0,False,554,86.1428571428571,15.91404725392,11.87,10.6,-48.2349045465224,618b7487fee2786ff66d7db7a27cf7694e9a0ca7179eb34115e8da37b2dabbb7,0.966470344768101,0.0335296552318994,0.57041588403205,0.706775632088944,0.75943924682155,0.671221930500653,86.1428571428571,13.0,1.0,0.0526636147326062,0.122592090291661,814.0,805325276e77fb17d9c4c7955883f96c0c7a95b4,2026-08-18 08:07:04,2026-07-11 01:55:09,2026-07-10-PIT-MAD,radicals,thunderbirds,31,19,2026-07-10 19:00:00
bgessner,7.43,69.06,whoffenka,11.78,82.1,0,0,0,"rward1,mmarshall,rduncan,whoffenka,lstorm,bgessner,akirages",False,2026-07-10-PIT-MAD,31,18,4,14,89.0,1,6,True,True,555,away,413,1783734783.0,18,False,"kconniff,rpieran,jcarrico,agutowsky,mjunga,kalexande,jmaskalun",414,815,b53bf5b50924325bc0827ad49ca30e2ff5d3e64a58ee59a3a0c01c1082cb2320,1783734783.0,False,555,85.4285714285714,13.746421352483,4.35,13.04,-18.4481293562789,30bdb185eb09b566b62eda96582a3806ccc92a1ed2fbf24899fc2bfc46fc1524,0.965712568996971,0.034287431003029,0.57041588403205,0.758525591586328,0.824093192306087,0.614170992701589,85.4285714285714,13.0,1.0,0.0655676007197591,0.152630412258192,815.0,d758d8c35a5b189f5c072852744870dafd11f57a,2026-08-18 08:07:04,2026-07-11 01:55:09,2026-07-10-PIT-MAD,radicals,thunderbirds,31,19,2026-07-10 19:00:00
whoffenka,11.78,82.1,,7.13,116.87,1,0,0,"rward1,mmarshall,rduncan,whoffenka,lstorm,bgessner,akirages",False,2026-07-10-PIT-MAD,31,18,4,14,89.0,1,7,True,True,556,away,414,1783734791.0,22,False,"kconniff,rpieran,jcarrico,agutowsky,mjunga,kalexande,jmaskalun",415,816,b079b7d00fc97d3b2ac3cbeac1bde432eda643782a674f819e76deb35f664a57,1783734791.0,False,556,84.7142857142857,35.079558150011,-4.65,34.77,7.61730911799353,7a6f3c413e41c84afcc0777566e933e75fdd3cb62711cc2c5065000e7941f487,0.79194798103955,-0.79194798103955,0.57041588403205,0.823358877129486,0.956280949463321,0.560194217161593,84.7142857142857,13.0,1.0,-0.560194217161593,-0.560194217161593,816.0,f38f68da09fffce1ee6b92ec8b549e91df4b9119,2026-08-18 08:07:04,2026-07-11 01:55:09,2026-07-10-PIT-MAD,radicals,thunderbirds,31,19,2026-07-10 19:00:00
kalexande,-17.67,19.5,,5.59,16.9,1,0,0,"kconniff,rpieran,jcarrico,agutowsky,mjunga,kalexande,jmaskalun",True,2026-07-10-PIT-MAD,31,19,4,14,84.0,2,1,False,False,557,home,403,1783734825.0,23,True,"rward1,mmarshall,rduncan,whoffenka,lstorm,bgessner,akirages",404,819,62b209f33b759dfcb066167c1609e2812d57279d3d450d82421fe060b73e6a3a,1783734825.0,False,557,84.0,23.4048627426012,23.26,-2.6,-96.3780392875025,2996a3e2e14882f78032465c306eb98d2858b311ba1404000f30340bf3c41641,0.970385347166722,-0.970385347166722,0.540527813052192,0.540527813052192,0.551389022944235,0.907902970907532,84.0,12.0,1.0,-0.907902970907532,-0.907902970907532,819.0,d521109046f34ff3a4d99ea8a208de1c00c40876,2026-08-18 08:07:04,2026-07-11 01:55:09,2026-07-10-PIT-MAD,radicals,thunderbirds,31,19,2026-07-10 19:00:00
gvordick,16.7,19.99,imccosky,-9.21,25.97,0,0,0,"imccosky,nranabhat,jnelson,msample,gvordick,sstark,esjostrom",True,2026-07-10-PIT-MAD,31,19,4,15,57.0,1,1,True,True,558,home,405,1783734908.0,18,False,"pzaccardi,lcall,solinger,dberg,astevenso,nceluch,ecampion",406,824,10418131e92a056042d119b597bb89f5de50758a5c1d81a9826488d5e049609f,1783734908.0,False,558,57.0,26.5911357410698,-25.91,5.98,77.0037681961181,9d9c41a359aeb6fddc656adce83eb6eff01959b4dc2cf433260943d43a0ff15b,0.951499261139077,0.0485007388609234,0.462361159729328,0.481783166844652,0.5142156084259,0.854332736101339,57.0,12.0,1.0,0.0324324415812483,0.0603238440974991,824.0,3c6f7a5e99f041fb24883992e03556b35293c419,2026-08-18 08:07:04,2026-07-11 02:00:12,2026-07-10-PIT-MAD,radicals,thunderbirds,31,19,2026-07-10 19:00:00
imccosky,-9.21,25.97,gvordick,9.41,29.79,0,0,0,"imccosky,nranabhat,jnelson,msample,gvordick,sstark,esjostrom",True,2026-07-10-PIT-MAD,31,19,4,15,57.0,1,2,True,True,559,home,406,1783734911.0,18,False,"pzaccardi,lcall,solinger,dberg,astevenso,nceluch,ecampion",407,825,a678f4670d4ea2d56b04fafd3e446a8390b1b7ff61ba1a27ba5c87b74f070d91,1783734911.0,False,559,50.6666666666667,19.0078089215985,18.62,3.82,-78.4063103105774,f9602439f7dcc99f01a35140d1726d2c1508e25ea24eac1059a044fe7b213977,0.974080092387712,0.0259199076122885,0.462361159729328,0.495998335137807,0.507569608219881,0.823060588984306,50.6666666666667,12.0,1.0,0.0115712730820743,0.0215223905256712,825.0,dfc9f7603eb7c4f81365369d86e0fa692a92daf6,2026-08-18 08:07:04,2026-07-11 02:00:12,2026-07-10-PIT-MAD,radicals,thunderbirds,31,19,2026-07-10 19:00:00
gvordick,9.41,29.79,imccosky,-9.01,28.43,0,0,0,"imccosky,nranabhat,jnelson,msample,gvordick,sstark,esjostrom",True,2026-07-10-PIT-MAD,31,19,4,15,57.0,1,3,True,True,560,home,407,1783734913.0,18,False,"pzaccardi,lcall,solinger,dberg,astevenso,nceluch,ecampion",408,826,112b11872b2e3b3bd4ea6e74b4f189b7ceed70d166d471cf462b3c0444ea69a6,1783734913.0,False,560,44.3333333333333,18.4701380612057,-18.42,-1.36,94.2226454621601,a90d99a62a85682c56a014b75b361e79236d16972feb0f84bb4ca5c962975df7,0.977896055662883,0.0221039443371166,0.462361159729328,0.487706822757588,0.483881364873019,0.819577275506666,44.3333333333333,12.0,1.0,-0.0038254578845684,-0.00711529301462388,826.0,b4c5bb9b90594d9be98883c0721131bc85c9610b,2026-08-18 08:07:04,2026-07-11 02:00:12,2026-07-10-PIT-MAD,radicals,thunderbirds,31,19,2026-07-10 19:00:00
imccosky,-9.01,28.43,esjostrom,-14.19,37.36,0,0,0,"imccosky,nranabhat,jnelson,msample,gvordick,sstark,esjostrom",True,2026-07-10-PIT-MAD,31,19,4,15,57.0,1,4,True,True,561,home,408,1783734916.0,18,False,"pzaccardi,lcall,solinger,dberg,astevenso,nceluch,ecampion",409,827,43710929feb1d4c9b2acd320e495f7561bf2ba83221c29afa903042782435c97,1783734916.0,False,561,38.0,10.3236282381729,-5.18,8.93,30.1166136868853,936803f181273dc4d83fda93a7f9a57fe546b8c11f9055aa9e4274e04b2656ab,0.984949636504734,0.0150503634952665,0.462361159729328,0.462361159729328,0.486967634936172,0.741161274535156,38.0,12.0,1.0,0.0246064752068441,0.0457676666262729,827.0,be97367054f5c3d2b6a452d6b4b7a96f37745d41,2026-08-18 08:07:04,2026-07-11 02:00:12,2026-07-10-PIT-MAD,radicals,thunderbirds,31,19,2026-07-10 19:00:00
esjostrom,-14.19,37.36,sstark,-22.51,61.7,0,0,0,"imccosky,nranabhat,jnelson,msample,gvordick,sstark,esjostrom",True,2026-07-10-PIT-MAD,31,19,4,15,57.0,1,5,True,True,562,home,409,1783734920.0,18,False,"pzaccardi,lcall,solinger,dberg,astevenso,nceluch,ecampion",410,828,15b5ed011467cd2d62dc644fed2923d9da77cfa3c0b406bf6a8c5850ece88310,1783734920.0,False,562,31.6666666666667,25.7227136982084,-8.32,24.34,18.8716674773884,31e5325265df682f7054217c9fec31d60df3215bd6b00c7711a5896e8fec0a27,0.918130401494893,0.0818695985051072,0.462361159729328,0.463647403558616,0.544592376996557,0.523253061129094,31.6666666666667,12.0,1.0,0.0809449734379415,0.150556409572623,828.0,b36ae25c59cdb8423a92ebbb64ab448a9dccec97,2026-08-18 08:07:04,2026-07-11 02:00:12,2026-07-10-PIT-MAD,radicals,thunderbirds,31,19,2026-07-10 19:00:00
sstark,-22.51,61.7,nranabhat,-0.48,69.06,0,0,0,"imccosky,nranabhat,jnelson,msample,gvordick,sstark,esjostrom",True,2026-07-10-PIT-MAD,31,19,4,15,57.0,1,6,True,True,563,home,410,1783734924.0,18,False,"pzaccardi,lcall,solinger,dberg,astevenso,nceluch,ecampion",411,829,5c1b8062d894c19235f4bf6bf3b881b0fabfcb2f70cac51811a39631774976fc,1783734924.0,False,563,25.3333333333333,23.2269347956204,22.03,7.36,-71.5260479295199,889f835617749bda65af073980b2c810707ed9a5cec732b17bf7825e5c11dc7a,0.929024177417442,0.0709758225825581,0.462361159729328,0.519448774153523,0.613548644293884,0.5065162297246,25.3333333333333,12.0,0.999,0.094099870140361,0.175024315752535,829.0,d83292ca4c4f179b2137b6e4ef554bced7202565,2026-08-18 08:07:04,2026-07-11 02:00:12,2026-07-10-PIT-MAD,radicals,thunderbirds,31,19,2026-07-10 19:00:00
nranabhat,-0.48,69.06,gvordick,16.3,66.81,0,0,0,"imccosky,nranabhat,jnelson,msample,gvordick,sstark,esjostrom",True,2026-07-10-PIT-MAD,31,19,4,15,57.0,1,7,True,True,564,home,411,1783734926.0,18,False,"pzaccardi,lcall,solinger,dberg,astevenso,nceluch,ecampion",412,830,8742a1a18ec9934a89d1974081d3dd16f5901919ef0c86f10c14e201bd4a1c81,1783734926.0,False,564,19.0,16.9301771993089,16.78,-2.25,-97.6371343760534,5de93bb26f0e69a74bffda92eb8e986194cd51857392403d77156b1f4b5d4ea3,0.97514693883222,0.0248530611677804,0.462361159729328,0.58745568739432,0.55644474217344,0.477197476885802,19.0,12.0,0.999,-0.0310109452208798,-0.0576798826611326,830.0,96170c2792ec5df1c0390cfaeb268cfc49f0ec6c,2026-08-18 08:07:04,2026-07-11 02:00:12,2026-07-10-PIT-MAD,radicals,thunderbirds,31,19,2026-07-10 19:00:00
gvordick,16.3,66.81,nranabhat,-9.35,71.11,0,0,0,"imccosky,nranabhat,jnelson,msample,gvordick,sstark,esjostrom",True,2026-07-10-PIT-MAD,31,19,4,15,57.0,1,8,True,True,565,home,412,1783734929.0,18,False,"pzaccardi,lcall,solinger,dberg,astevenso,nceluch,ecampion",413,831,cbfef54d81054a600cb7481baee08ac151bde4e5a5015b17e574ec6c5aec5ee0,1783734929.0,False,565,12.6666666666667,26.0079314825305,-25.65,4.3,80.483351847907,b4ad53ffeed71339aed522b5d3f7c7477d82e6f20d1a595716b820b52af6c1a2,0.924982004487915,0.0750179955120851,0.462361159729328,0.527437717532386,0.57131475139095,0.437872131278542,12.6666666666667,12.0,0.999,0.0438770338585638,0.0816106102685477,831.0,f3521ef4bae36ff2ad3e13b431488435c986f9d9,2026-08-18 08:07:04,2026-07-11 02:00:12,2026-07-10-PIT-MAD,radicals,thunderbirds,31,19,2026-07-10 19:00:00
nranabhat,-9.35,71.11,jnelson,-25.1,74.52,0,0,0,"imccosky,nranabhat,jnelson,msample,gvordick,sstark,esjostrom",True,2026-07-10-PIT-MAD,31,19,4,15,57.0,1,9,True,True,566,home,413,1783734932.0,18,False,"pzaccardi,lcall,solinger,dberg,astevenso,nceluch,ecampion",414,832,81c29776e3e9f524b777fa030c2baa681b52f2a1cf43868dc9d4094d032cb44c,1783734932.0,False,566,6.33333333333334,16.1149185539363,-15.75,3.41,77.7835643820318,52c2d1aeb810fce3ac2e9ae96ff4d4ca554b2ae89f2ac7acef2eb1d6f9c837c6,0.933935709978142,0.066064290021858,0.462361159729328,0.540397582567393,0.493837132589983,0.331083641088051,6.33333333333334,12.0,0.999,-0.0465604499774107,-0.0866017231083416,832.0,3189157e79402e4a3d41630b92ddacdc1d81e392,2026-08-18 08:07:04,2026-07-11 02:00:12,2026-07-10-PIT-MAD,radicals,thunderbirds,31,19,2026-07-10 19:00:00
