Thrower,ThrowerX,ThrowerY,Receiver,ReceiverX,ReceiverY,turnover,DroppedThrow,stall,offensive_line,is_home_team,GameID,home_team_score,away_team_score,game_quarter,quarter_point,PointStartTime,possession_num,possession_throw,start_on_offense,o_line,event_id,source_side,source_side_idx,source_timestamp,source_event_type,is_callahan,defensive_line,source_event_id,global_event_seq,event_sig_id,derived_sort_timestamp,sort_timestamp_imputed,event_id_calc,time_left,throw_distance,x_diff,y_diff,throw_angle,throw_sig_id,cp,cpoe,min_fv,fv_thrower,fv_receiver,fv_opponent,game_time_left,score_diff,win_prob,ec,aec,source_global_event_seq,source_throw_hash,insert_timestamp,original_insert_timestamp,game_id,home_team_id,away_team_id,home_score_final,away_score_final,start_timestamp
jlouie,-13.3,15.88,kpignone,2.38,19.99,0,0,0,"tbrooks1,zthoreson,gsanner,tmitchell,jfairfax,jlouie,kpignone",True,2026-06-13-HTX-CAR,0,0,1,1,720.0,1,1,True,True,1,home,1,1781392149.0,18,False,"ifuzat,ibaker,cburt,sheslep,skelly,jzhou,jsunukjia",2,4,ce79dd90d0fdd2c9c09afa9560b24a448f507dc8040b88f9051ac54edf6eb653,1781392149.0,False,1,720.0,16.2097038837852,15.68,4.11,-75.3122090919346,0a798e007249768fe54a87eb66df2da350ef1107271b3be64f6be9a62907b1c0,0.981342969382577,0.018657030617423,0.680507386314756,0.680507386314756,0.695275442610522,0.946578973665288,2880.0,0.0,0.635,0.0147680562957656,0.0462234670323701,4.0,f7dd6abd983f1b567588c8334711050e42f07a5a,2026-08-18 08:07:04,2026-06-13 23:14:04,2026-06-13-HTX-CAR,flyers,havoc,32,11,2026-06-13 19:00:00
kpignone,2.38,19.99,jfairfax,11.32,30.13,0,0,0,"tbrooks1,zthoreson,gsanner,tmitchell,jfairfax,jlouie,kpignone",True,2026-06-13-HTX-CAR,0,0,1,1,720.0,1,2,True,True,2,home,2,1781392153.0,18,False,"ifuzat,ibaker,cburt,sheslep,skelly,jzhou,jsunukjia",3,5,47977faface580dbcbbed4ff717ff007c119c9210b67bea6849cfee7386a96fb,1781392153.0,False,2,708.833333333333,13.5182543251708,8.94,10.14,-41.4012318831917,eefc3c1c016fa8d3c42dbb128bb27dc7c04a48f48fa2eab22473aa41a06173e0,0.982117867215885,0.017882132784115,0.680507386314756,0.680685112138139,0.702606255784982,0.912921668519112,2868.83333333333,0.0,0.635,0.0219211436468424,0.0686123644424487,5.0,e3c337cd160084f26dda6ca2fe60312b43a0459a,2026-08-18 08:07:04,2026-06-13 23:14:04,2026-06-13-HTX-CAR,flyers,havoc,32,11,2026-06-13 19:00:00
jfairfax,11.32,30.13,zthoreson,17.32,45.13,0,0,0,"tbrooks1,zthoreson,gsanner,tmitchell,jfairfax,jlouie,kpignone",True,2026-06-13-HTX-CAR,0,0,1,1,720.0,1,3,True,True,3,home,3,1781392156.0,18,False,"ifuzat,ibaker,cburt,sheslep,skelly,jzhou,jsunukjia",4,6,9f921894e9410f7215b005f2a127ac33ec27cd2da669c1b130da7b089b7947aa,1781392156.0,False,3,697.666666666667,16.1554944214035,6.0,15.0,-21.8014094863518,4f12824bd5618ea06369cc83c2ff0466e1fd055129d8b2cb7904b309e6a02440,0.974183636775245,0.0258163632247552,0.680507386314756,0.690481892991398,0.725573202174435,0.846028144883546,2857.66666666667,0.0,0.638,0.0350913091830368,0.109834492817439,6.0,d4a8c9e509f73c891296ed54535468e622cf1773,2026-08-18 08:07:04,2026-06-13 23:14:04,2026-06-13-HTX-CAR,flyers,havoc,32,11,2026-06-13 19:00:00
zthoreson,17.32,45.13,gsanner,17.18,57.81,0,0,0,"tbrooks1,zthoreson,gsanner,tmitchell,jfairfax,jlouie,kpignone",True,2026-06-13-HTX-CAR,0,0,1,1,720.0,1,4,True,True,4,home,4,1781392160.0,18,False,"ifuzat,ibaker,cburt,sheslep,skelly,jzhou,jsunukjia",5,7,8cb4d12351637ac480df2a2be584ab3b34c74edb2534ee75809131d8a897bc83,1781392160.0,False,4,686.5,12.6807728471099,-0.140000000000001,12.68,0.632577540116557,b3d49a5ec40608f4ece861262d2c27e31539b69687e41653c9a12201075dd9b2,0.976388185404834,0.0236118145951658,0.680507386314756,0.716004178337114,0.765914020989878,0.786094879757621,2846.5,0.0,0.645,0.0499098426527645,0.156215951527238,7.0,e45339b38b81456bd582386ad47b81f54e87c694,2026-08-18 08:07:04,2026-06-13 23:14:04,2026-06-13-HTX-CAR,flyers,havoc,32,11,2026-06-13 19:00:00
gsanner,17.18,57.81,tbrooks1,18.34,67.7,0,0,0,"tbrooks1,zthoreson,gsanner,tmitchell,jfairfax,jlouie,kpignone",True,2026-06-13-HTX-CAR,0,0,1,1,720.0,1,5,True,True,5,home,5,1781392164.0,18,False,"ifuzat,ibaker,cburt,sheslep,skelly,jzhou,jsunukjia",6,8,b2dd253e63beccb9d2dbb24535a1e8d6eff93d429ce95c3bb06f09d0ebdfe843,1781392164.0,False,5,675.333333333333,9.95779594086965,1.16,9.89,-6.68966815637064,2267b445de81ac0a160babb12084e8b1267c3eddf2d33c995fba6ada8cf4c2c8,0.981470572607607,0.0185294273923928,0.680507386314756,0.758935153680526,0.798542264416489,0.734910540384353,2835.33333333333,0.0,0.651,0.0396071107359632,0.123968783750923,8.0,53292ca3ab830f920f3ba36d82d1e55fec3227cd,2026-08-18 08:07:04,2026-06-13 23:14:04,2026-06-13-HTX-CAR,flyers,havoc,32,11,2026-06-13 19:00:00
tbrooks1,18.34,67.7,gsanner,19.98,107.24,0,0,0,"tbrooks1,zthoreson,gsanner,tmitchell,jfairfax,jlouie,kpignone",True,2026-06-13-HTX-CAR,1,0,1,1,720.0,1,6,True,True,6,home,6,1781392173.0,19,False,"ifuzat,ibaker,cburt,sheslep,skelly,jzhou,jsunukjia",7,9,1cb6e5f1200d278dc5ae857e1202b51c80ba5c1570efc97a98a819ca32ffd8b2,1781392173.0,False,6,664.166666666667,39.5739965128618,1.64,39.54,-2.37509484020462,8122cbb08911df8b6ea962e0d562ab0bdddd8916f4480d705d4ba29bb10a6b0a,0.792129022743353,0.207870977256647,0.680507386314756,0.793622582634931,1.0,0.614623590249681,2824.16666666667,0.0,0.686,0.206377417365069,0.64595364188415,9.0,c4e8bf5b710082128bd6332e1c0b3fa9a7218e16,2026-08-18 08:07:04,2026-06-13 23:14:04,2026-06-13-HTX-CAR,flyers,havoc,32,11,2026-06-13 19:00:00
treinhard,0.0,40.0,bgfroerer,0.0,40.0,0,0,0,"nfurrh,xfuzat,treinhard,jthachet,bgfroerer,awang,mturner",False,2026-06-13-HTX-CAR,1,0,1,2,653.0,1,1,True,True,7,away,4,1781392237.0,18,False,"wcoffin,smadiraju,jreinhard,smadiraju1,mtucker,bmorrison,cbelus",5,14,0c1d90d625d85ed14e56ec46bb656eb4d0fe2e942d52a898c62f45abbec27e49,1781392237.0,False,7,653.0,0.0,0.0,0.0,-90.0,b331cb50e0b8211f055666e67372790287c1bad181ca02785b4aeb818461cadb,0.5,0.5,0.691292442912991,0.695349762805681,0.695349762805681,0.858294282952031,2813.0,1.0,0.691,0.0,0.0,14.0,20e715d4c0b7829db358f50f907a12794bdc9b83,2026-08-18 08:07:04,2026-06-13 23:14:04,2026-06-13-HTX-CAR,flyers,havoc,32,11,2026-06-13 19:00:00
bgfroerer,0.0,40.0,awang,0.0,40.0,0,0,0,"nfurrh,xfuzat,treinhard,jthachet,bgfroerer,awang,mturner",False,2026-06-13-HTX-CAR,1,0,1,2,653.0,1,2,True,True,8,away,5,1781392242.0,18,False,"wcoffin,smadiraju,jreinhard,smadiraju1,mtucker,bmorrison,cbelus",6,15,e58eabeaf92f28cd9187662d5112a39e30d295f0b3caf7e36939a999c71ff02d,1781392242.0,False,8,646.153846153846,0.0,0.0,0.0,-90.0,7c616ca0c9de4d6bd68db2f1856a2670553ac6ea7e1aa08ab4df5a73455c7686,0.5,0.5,0.691292442912991,0.693079232780261,0.693079232780261,0.85698839728004,2806.15384615385,1.0,0.691,0.0,0.0,15.0,178baa87c733372400a89984b9a83aca23a6e136,2026-08-18 08:07:04,2026-06-13 23:14:04,2026-06-13-HTX-CAR,flyers,havoc,32,11,2026-06-13 19:00:00
awang,0.0,40.0,,0.0,40.0,1,0,1,"nfurrh,xfuzat,treinhard,jthachet,bgfroerer,awang,mturner",False,2026-06-13-HTX-CAR,1,0,1,2,653.0,1,3,True,True,9,away,6,1781392258.0,24,False,"wcoffin,smadiraju,jreinhard,smadiraju1,mtucker,bmorrison,cbelus",7,17,ac6384ee760ef321b025c465a8eb8455d20aa9400c7e8b44f553f7267861608e,1781392258.0,False,9,639.307692307692,0.0,0.0,0.0,-90.0,fa9950d52302646fcead3932198ed3d107cb4e257cd0846cc83704acaca04215,0.5,,0.691292442912991,0.691292442912991,0.691292442912991,0.855957515462319,2799.30769230769,1.0,0.805,-0.855957515462319,-0.855957515462319,17.0,ab9ad672aa535a2e0d2571573597817fce482469,2026-08-18 08:07:04,2026-06-13 23:14:04,2026-06-13-HTX-CAR,flyers,havoc,32,11,2026-06-13 19:00:00
bmorrison,-18.28,39.81,cbelus,-3.35,38.38,0,0,0,"wcoffin,smadiraju,jreinhard,smadiraju1,mtucker,bmorrison,cbelus",True,2026-06-13-HTX-CAR,1,0,1,2,653.0,2,1,False,False,10,home,10,1781392276.0,18,False,"nfurrh,xfuzat,treinhard,jthachet,bgfroerer,awang,mturner",11,18,56a31c41217b5e7182340474b6f71dbded5da0a854b837b51e64550616e1a8ec,1781392276.0,False,10,632.461538461538,14.9983265733214,14.93,-1.43,-95.4711177119053,231b9f428d0ea26e7eca9efc57e112ec6c7abf265833b01f2e0209aba3cdcf5d,0.978379354664276,0.0216206453357239,0.649290182041426,0.671218614123107,0.684205400132349,0.861919660282661,2792.46153846154,1.0,0.779,0.0129867860092426,0.0370300041351469,18.0,7c3351c65cb38e55c25668a7a65a966bec39fc0a,2026-08-18 08:07:04,2026-06-13 23:14:04,2026-06-13-HTX-CAR,flyers,havoc,32,11,2026-06-13 19:00:00
cbelus,-3.35,38.38,bmorrison,-19.99,36.13,0,0,0,"wcoffin,smadiraju,jreinhard,smadiraju1,mtucker,bmorrison,cbelus",True,2026-06-13-HTX-CAR,1,0,1,2,653.0,2,2,False,False,11,home,11,1781392280.0,18,False,"nfurrh,xfuzat,treinhard,jthachet,bgfroerer,awang,mturner",12,19,d2ae94a8905d8fd986fcd501e75caa0910f5e52dd55e06c45f91252cabf6ec2b,1781392280.0,False,11,625.615384615385,16.7914293614332,-16.64,-2.25,97.7006212735926,0a965df0d8b9d9830272f4247a0e28f88e0022fbbaeb464cadf68bd16b8b78c1,0.985672374199589,0.0143276258004112,0.649290182041426,0.683271952159025,0.649872231113963,0.855490973204938,2785.61538461538,1.0,0.774,-0.0333997210450614,-0.0952346336908268,19.0,b969854c471ade4c1e6a851693c7bd8b5386e866,2026-08-18 08:07:04,2026-06-13 23:14:04,2026-06-13-HTX-CAR,flyers,havoc,32,11,2026-06-13 19:00:00
bmorrison,-19.99,36.13,cbelus,-8.12,34.77,0,0,0,"wcoffin,smadiraju,jreinhard,smadiraju1,mtucker,bmorrison,cbelus",True,2026-06-13-HTX-CAR,1,0,1,2,653.0,2,3,False,False,12,home,12,1781392284.0,18,False,"nfurrh,xfuzat,treinhard,jthachet,bgfroerer,awang,mturner",13,20,8f23e00fea0b1e3ca860b987fb415e2d2ccda1aab54612a21b4a846ebab09fc0,1781392284.0,False,12,618.769230769231,11.9476566740093,11.87,-1.36,-96.5361373580037,6f72e5a266c416cd347937b679cea3d14a1639d46ec83c46f97795164a54108f,0.982377181343664,0.0176228186563355,0.649290182041426,0.649290182041426,0.669779210815637,0.875440044145177,2778.76923076923,1.0,0.776,0.020489028774211,0.0584216002091824,20.0,c283581e84a01797617becd5712e4052c18c2887,2026-08-18 08:07:04,2026-06-13 23:14:04,2026-06-13-HTX-CAR,flyers,havoc,32,11,2026-06-13 19:00:00
cbelus,-8.12,34.77,bmorrison,0.61,41.25,0,0,0,"wcoffin,smadiraju,jreinhard,smadiraju1,mtucker,bmorrison,cbelus",True,2026-06-13-HTX-CAR,1,0,1,2,653.0,2,4,False,False,13,home,13,1781392288.0,18,False,"nfurrh,xfuzat,treinhard,jthachet,bgfroerer,awang,mturner",14,21,130917f2bfc84d35beb5dc76a8647e86d15a62ed31d152edc8d07c0a5647810b,1781392288.0,False,13,611.923076923077,10.8721341051332,8.73,6.48,-53.4146817003066,5c92c8efdf27584116a6afd3153681bb28f26e1dbf9ae74d545a3addbf6cb6d4,0.98441948684362,0.01558051315638,0.649290182041426,0.669562260525877,0.692636542020648,0.848838366132052,2771.92307692308,1.0,0.778,0.0230742814947712,0.0657930868006002,21.0,c96889222e924afcf9150e889108f0f5e840d529,2026-08-18 08:07:04,2026-06-13 23:14:04,2026-06-13-HTX-CAR,flyers,havoc,32,11,2026-06-13 19:00:00
bmorrison,0.61,41.25,smadiraju,7.43,47.45,0,0,0,"wcoffin,smadiraju,jreinhard,smadiraju1,mtucker,bmorrison,cbelus",True,2026-06-13-HTX-CAR,1,0,1,2,653.0,2,5,False,False,14,home,14,1781392293.0,18,False,"nfurrh,xfuzat,treinhard,jthachet,bgfroerer,awang,mturner",15,22,fa97dfc8e2fd485e7e48e6d0cced408669d5d45a49ab1e621e9ad3577742a874,1781392293.0,False,14,605.076923076923,9.21696262333747,6.82,6.2,-47.7263109939063,74396fc3d5bedd63a3b994799406b89d98bca3ceb3051f3d9808a5f257224bf4,0.985795413126143,0.0142045868738566,0.649290182041426,0.692724291858531,0.714472975399676,0.821088652028835,2765.07692307692,1.0,0.781,0.0217486835411455,0.0620133296174628,22.0,ad57ced1ffebb4f5c08aa99dcbf534f599114b4e,2026-08-18 08:07:04,2026-06-13 23:14:04,2026-06-13-HTX-CAR,flyers,havoc,32,11,2026-06-13 19:00:00
smadiraju,7.43,47.45,smadiraju1,18.61,46.9,0,0,0,"wcoffin,smadiraju,jreinhard,smadiraju1,mtucker,bmorrison,cbelus",True,2026-06-13-HTX-CAR,1,0,1,2,653.0,2,6,False,False,15,home,15,1781392295.0,18,False,"nfurrh,xfuzat,treinhard,jthachet,bgfroerer,awang,mturner",16,23,35728de80ab750a49668150ef92372f069b1271a5e0b2d2e35652cfad323eeb3,1781392295.0,False,15,598.230769230769,11.1935204471158,11.18,-0.550000000000004,-92.8163947951705,84b5cf983c02a38a959c9763bab8b40e649e0065f68eaa3e618f40b709dc6423,0.98853085604172,0.01146914395828,0.649290182041426,0.714803710049624,0.692445206600944,0.811203896727466,2758.23076923077,1.0,0.778,-0.0223585034486795,-0.063752145801976,23.0,09bc9df3de8cfe52bc2e5266e5e79585ed54dcf2,2026-08-18 08:07:04,2026-06-13 23:14:04,2026-06-13-HTX-CAR,flyers,havoc,32,11,2026-06-13 19:00:00
smadiraju1,18.61,46.9,bmorrison,6.0,39.47,0,0,0,"wcoffin,smadiraju,jreinhard,smadiraju1,mtucker,bmorrison,cbelus",True,2026-06-13-HTX-CAR,1,0,1,2,653.0,2,7,False,False,16,home,16,1781392299.0,18,False,"nfurrh,xfuzat,treinhard,jthachet,bgfroerer,awang,mturner",17,24,25543575ac23526ce1c2f79224ad8e722840d6a8168f08605f949b04e5307731,1781392299.0,False,16,591.384615384615,14.636153866368,-12.61,-7.43,120.507226117974,d68e511064497d2291d8714d440aef3890b8b17ebb3d5dfdbbdb2b52f104e8ed,0.981166899721449,0.0188331002785507,0.649290182041426,0.693008855677813,0.686799050364847,0.856669974293046,2751.38461538462,1.0,0.776,-0.00620980531296667,-0.0177063914238642,24.0,0ef4f69903ed5dfac50eff37297074297cd3ab51,2026-08-18 08:07:04,2026-06-13 23:14:04,2026-06-13-HTX-CAR,flyers,havoc,32,11,2026-06-13 19:00:00
bmorrison,6.0,39.47,cbelus,-9.55,39.4,0,0,0,"wcoffin,smadiraju,jreinhard,smadiraju1,mtucker,bmorrison,cbelus",True,2026-06-13-HTX-CAR,1,0,1,2,653.0,2,8,False,False,17,home,17,1781392302.0,18,False,"nfurrh,xfuzat,treinhard,jthachet,bgfroerer,awang,mturner",18,25,4b103261665339722830554110b717da573a0afbe8f8f341e0fe68074fba168d,1781392302.0,False,17,584.538461538462,15.5501575554719,-15.55,-0.0700000000000003,90.2579213810059,f8e1e8c5c2508bd6799e54a8b766c4e4fe2851009839fd220897c7f1643a4ef1,0.980089859969399,0.0199101400306012,0.649290182041426,0.687549471956425,0.685993613804375,0.85648982935338,2744.53846153846,1.0,0.776,-0.00155585815204917,-0.00443631193761718,25.0,aa51f5a4e9354d5186ab3093d41edc5bd346090c,2026-08-18 08:07:04,2026-06-13 23:14:04,2026-06-13-HTX-CAR,flyers,havoc,32,11,2026-06-13 19:00:00
cbelus,-9.55,39.4,jreinhard,-15.9,53.25,0,0,0,"wcoffin,smadiraju,jreinhard,smadiraju1,mtucker,bmorrison,cbelus",True,2026-06-13-HTX-CAR,1,0,1,2,653.0,2,9,False,False,18,home,18,1781392306.0,18,False,"nfurrh,xfuzat,treinhard,jthachet,bgfroerer,awang,mturner",19,26,655c075195113ead40e824ca34969a7d1ebbcc1d59b0c442f47e7cf0965e437d,1781392306.0,False,18,577.692307692308,15.2363053264235,-6.35,13.85,24.6306866978128,efa4a071aef13f96ca02aff501fd2b00701f27528a41f1e59c5fd30e4b791e3e,0.972756937727937,0.0272430622720634,0.649290182041426,0.686886943355386,0.730940284514374,0.788395266496105,2737.69230769231,1.0,0.782,0.0440533411589887,0.125611941563017,26.0,ef16b58f998fdb04ea67fee18de0989845ea0186,2026-08-18 08:07:04,2026-06-13 23:14:04,2026-06-13-HTX-CAR,flyers,havoc,32,11,2026-06-13 19:00:00
jreinhard,-15.9,53.25,mtucker,4.36,108.95,0,0,0,"wcoffin,smadiraju,jreinhard,smadiraju1,mtucker,bmorrison,cbelus",True,2026-06-13-HTX-CAR,2,0,1,2,653.0,2,10,False,False,19,home,19,1781392320.0,19,False,"nfurrh,xfuzat,treinhard,jthachet,bgfroerer,awang,mturner",20,28,bcd4b3372ce55e7ad09f4820e780b9885061d44881575e1a85853636226fdd76,1781392320.0,False,19,570.846153846154,59.2702083681169,20.26,55.7,-19.9880619039771,9f41195dc96bab62bf90c158b88602038ec580ce4cd6e9dfd95859c784340a9c,0.607211567306984,0.392788432693016,0.649290182041426,0.731849195168294,1.0,0.632477088486148,2730.84615384615,1.0,0.819,0.268150804831706,0.764594519744467,28.0,a1ae77c104431d033f7fb6e77eb80f64edfffd85,2026-08-18 08:07:04,2026-06-13 23:14:04,2026-06-13-HTX-CAR,flyers,havoc,32,11,2026-06-13 19:00:00
cdixon,0.0,40.0,cughetta,0.0,40.0,0,0,0,"bthibodea,cughetta,mbaldauf,jjoshi,blin,cdixon,skelly",False,2026-06-13-HTX-CAR,2,0,1,3,564.0,1,1,True,True,20,away,9,1781392376.0,18,False,"smadiraju,ostout,elong,mtucker,wcoffin,smadiraju1,mlee1",10,32,18041863f4e1bde57c2585c12374c920a40d3330d6a04d2ac1e223a2fed18200,1781392376.0,False,20,564.0,0.0,0.0,0.0,-90.0,0d6ba177bde8396b8cf580764ac4d7ceeb4da025a9a643f2527d002f57c66d51,0.5,0.5,0.69294493227893,0.69294493227893,0.69294493227893,0.856911011772859,2724.0,2.0,0.825,0.0,0.0,32.0,9805dae124be144d400518068d29a55392b6b9a2,2026-08-18 08:07:04,2026-06-13 23:14:04,2026-06-13-HTX-CAR,flyers,havoc,32,11,2026-06-13 19:00:00
cdixon,0.0,40.0,mbaldauf,0.0,40.0,0,0,0,"bthibodea,cughetta,mbaldauf,jjoshi,blin,cdixon,skelly",False,2026-06-13-HTX-CAR,2,0,1,3,564.0,1,3,True,True,22,away,11,1781392382.0,18,False,"smadiraju,ostout,elong,mtucker,wcoffin,smadiraju1,mlee1",12,34,0ad069a7e6505a66a1e91e8e0a5d154eddadeb4ac6e2f7676803853a04461f97,1781392382.0,False,22,553.6,0.0,0.0,0.0,-90.0,4b1d0b7a7afc6851afbb32e4650421312e992db61724f904900e06fc558268ce,0.5,0.5,0.69294493227893,0.694564199840048,0.694564199840048,0.857842986143185,2713.6,2.0,0.825,0.0,0.0,34.0,a5978d4c993a56c6b84fab18e3232c8cd45a1dc5,2026-08-18 08:07:04,2026-06-13 23:14:04,2026-06-13-HTX-CAR,flyers,havoc,32,11,2026-06-13 19:00:00
mbaldauf,0.0,50.0,cdixon,0.0,50.0,0,0,0,"bthibodea,cughetta,mbaldauf,jjoshi,blin,cdixon,skelly",False,2026-06-13-HTX-CAR,2,0,1,3,564.0,1,4,True,True,23,away,13,1781392406.0,18,False,"smadiraju,ostout,elong,mtucker,wcoffin,smadiraju1,mlee1",14,37,365527e6cd17877f79ef5884feab04d41e7192703fb6977c703b89fd8e2659f4,1781392406.0,False,23,548.4,0.0,0.0,0.0,-90.0,1b08b47b5f17f5841154756c30aa5f01419eb6a235a1ff1ccbbc2e1b277e8866,0.5,0.5,0.69294493227893,0.731879211102355,0.731879211102355,0.815481616692327,2708.4,2.0,0.82,0.0,0.0,37.0,f2d5b4f8939e9140b6c60c026913d7b731ef6ef7,2026-08-18 08:07:04,2026-06-13 23:14:04,2026-06-13-HTX-CAR,flyers,havoc,32,11,2026-06-13 19:00:00
cdixon,0.0,50.0,blin,0.0,50.0,0,0,0,"bthibodea,cughetta,mbaldauf,jjoshi,blin,cdixon,skelly",False,2026-06-13-HTX-CAR,2,0,1,3,564.0,1,5,True,True,24,away,14,1781392411.0,18,False,"smadiraju,ostout,elong,mtucker,wcoffin,smadiraju1,mlee1",15,38,87a90ccdce1eb7f8783f61319dcf3d6f47f7b93976b43a82e262d5bec307e505,1781392411.0,False,24,543.2,0.0,0.0,0.0,-90.0,045ade908c6fb9b8b648cb1129698214bf2be67c70fc618944ea1b5a3818e19d,0.5,0.5,0.69294493227893,0.732570689847235,0.732570689847235,0.816011688648766,2703.2,2.0,0.82,0.0,0.0,38.0,da0ad1b39be4c3827eabaf26cd5cc889aea6c287,2026-08-18 08:07:04,2026-06-13 23:14:04,2026-06-13-HTX-CAR,flyers,havoc,32,11,2026-06-13 19:00:00
blin,0.0,50.0,mbaldauf,0.0,50.0,0,0,0,"bthibodea,cughetta,mbaldauf,jjoshi,blin,cdixon,skelly",False,2026-06-13-HTX-CAR,2,0,1,3,564.0,1,6,True,True,25,away,15,1781392415.0,18,False,"smadiraju,ostout,elong,mtucker,wcoffin,smadiraju1,mlee1",16,39,cab5b0af655a844bf92d59aa8271b440bd1f10174f9c1932096ed56a58e6e95f,1781392415.0,False,25,538.0,0.0,0.0,0.0,-90.0,c00016863911a767c5cf9cbc3d9069e01ae57d3c74960ca538592ad7f4ceea76,0.5,0.5,0.69294493227893,0.73321095605528,0.73321095605528,0.816502223916218,2698.0,2.0,0.819,0.0,0.0,39.0,407cbd67412af9e58ef0efa44154b2f7b041845d,2026-08-18 08:07:04,2026-06-13 23:14:04,2026-06-13-HTX-CAR,flyers,havoc,32,11,2026-06-13 19:00:00
mbaldauf,0.0,50.0,cughetta,0.0,50.0,0,0,0,"bthibodea,cughetta,mbaldauf,jjoshi,blin,cdixon,skelly",False,2026-06-13-HTX-CAR,2,0,1,3,564.0,1,7,True,True,26,away,16,1781392418.0,18,False,"smadiraju,ostout,elong,mtucker,wcoffin,smadiraju1,mlee1",17,40,3c9814df5bc1a2e58f37e4ed81ac8e75f6f0463d44c4b20d706d4c9d66907f83,1781392418.0,False,26,532.8,0.0,0.0,0.0,-90.0,4f25ce3a6fdd88d54d533fc5d96bd52ee007e894972b24e116ea8a4ed1f17cd0,0.5,0.5,0.69294493227893,0.733793828005868,0.733793828005868,0.816948554477411,2692.8,2.0,0.819,0.0,0.0,40.0,4f6396e62305c7d88b9c4402de7141874e8c1f13,2026-08-18 08:07:04,2026-06-13 23:14:04,2026-06-13-HTX-CAR,flyers,havoc,32,11,2026-06-13 19:00:00
cughetta,0.0,50.0,,0.0,20.0,1,0,0,"bthibodea,cughetta,mbaldauf,jjoshi,blin,cdixon,skelly",False,2026-06-13-HTX-CAR,2,0,1,3,564.0,1,8,True,True,27,away,17,1781392431.0,22,False,"smadiraju,ostout,elong,mtucker,wcoffin,smadiraju1,mlee1",18,42,8b2412c37539953f88f3ae024385ede50fda3a7f2f263d16a2ddca4d8f78e5e0,1781392431.0,False,27,527.6,30.0,0.0,-30.0,-180.0,9dde983ca25cf1e40bbb034f8ba336c6372607f155e19bb1ca72065ea98d8cb4,0.97849147254696,-0.97849147254696,0.69294493227893,0.734321334267398,0.639517141101023,0.932332160972007,2687.6,2.0,0.904,-0.932332160972007,-0.932332160972007,42.0,8158847dccfa5000e0dd4f6f38f0247293962614,2026-08-18 08:07:04,2026-06-13 23:14:04,2026-06-13-HTX-CAR,flyers,havoc,32,11,2026-06-13 19:00:00
smadiraju,-24.76,51.4,elong,-11.74,47.25,0,0,0,"smadiraju,ostout,elong,mtucker,wcoffin,smadiraju1,mlee1",True,2026-06-13-HTX-CAR,2,0,1,3,564.0,2,1,False,False,28,home,24,1781392434.0,18,False,"bthibodea,cughetta,mbaldauf,jjoshi,blin,cdixon,skelly",25,43,dd97b323c0cd6f6a9785f32b999f046b70cc06b251081e5a8307ef9aaac3d58c,1781392434.0,False,28,522.4,13.665390590832,13.02,-4.15,-107.679181635177,191a07c257e5e468f8d5a67a48268c420590ac4dd7d3bd5320d54bd3ce5caa5b,0.974511359620488,0.0254886403795123,0.682502635392181,0.682502635392181,0.720849695851435,0.82660471315434,2682.4,2.0,0.884,0.0383470604592532,0.120779145699746,43.0,3c4dc5cdc914946be71bfb435979908c12e34fa1,2026-08-18 08:07:04,2026-06-13 23:14:04,2026-06-13-HTX-CAR,flyers,havoc,32,11,2026-06-13 19:00:00
elong,-11.74,47.25,mlee1,6.68,45.54,0,0,0,"smadiraju,ostout,elong,mtucker,wcoffin,smadiraju1,mlee1",True,2026-06-13-HTX-CAR,2,0,1,3,564.0,2,2,False,False,29,home,25,1781392436.0,18,False,"bthibodea,cughetta,mbaldauf,jjoshi,blin,cdixon,skelly",26,44,328d9fd3ca9a516ffcc74ff665d1de3caca6c5bf3cc05a828ee190e54b8864b2,1781392436.0,False,29,517.2,18.4992026855213,18.42,-1.71,-95.3037879195054,7facdba669e33db173bede85d305092c49f456b970a0b4e0ee855ad659c8de7e,0.972428318005777,0.0275716819942228,0.682502635392181,0.72128719248547,0.717701149343674,0.836607200324292,2677.2,2.0,0.883,-0.00358604314179622,-0.0112947178198654,44.0,ceb6579c7326d21e53f0e66f32813148951e27ff,2026-08-18 08:07:04,2026-06-13 23:14:04,2026-06-13-HTX-CAR,flyers,havoc,32,11,2026-06-13 19:00:00
mlee1,6.68,45.54,mtucker,13.98,52.7,0,0,0,"smadiraju,ostout,elong,mtucker,wcoffin,smadiraju1,mlee1",True,2026-06-13-HTX-CAR,2,0,1,3,564.0,2,3,False,False,30,home,26,1781392439.0,18,False,"bthibodea,cughetta,mbaldauf,jjoshi,blin,cdixon,skelly",27,45,d5c8f87b9dc598e83060f1369340f623162d783de12a0da08c92e3d25ef59551,1781392439.0,False,30,512.0,10.2252432733896,7.3,7.16,-45.5547135896807,602fd9551108ab9e05c39d74cbf24805a3238e86206a6b374708cf52a6129ec7,0.9835275836144,0.0164724163856002,0.682502635392181,0.718091591365607,0.738958479635363,0.80172873964927,2672.0,2.0,0.885,0.0208668882697557,0.0657230282699544,45.0,45d8f76bd378bed888e6b3f55d8cc60d9555c4e4,2026-08-18 08:07:04,2026-06-13 23:14:04,2026-06-13-HTX-CAR,flyers,havoc,32,11,2026-06-13 19:00:00
mtucker,13.98,52.7,mlee1,8.79,49.15,0,0,0,"smadiraju,ostout,elong,mtucker,wcoffin,smadiraju1,mlee1",True,2026-06-13-HTX-CAR,2,0,1,3,564.0,2,4,False,False,31,home,27,1781392442.0,18,False,"bthibodea,cughetta,mbaldauf,jjoshi,blin,cdixon,skelly",28,46,8e57e5ac32759310ac14df0694fb0d98e522a9fbce222148646d366212663a79,1781392442.0,False,31,506.8,6.28797264625094,-5.19,-3.55,124.372428755463,5e39bfcce233f1b2b6bf65b9c883a6157227d439f70250c5220f2075b40bf7a9,0.988998371236531,0.0110016287634686,0.682502635392181,0.73928461486123,0.731086358134402,0.821157168379005,2666.8,2.0,0.884,-0.00819825672682817,-0.0258214953593548,46.0,3db551b0c3b300df6a6bb16849ec36370e26c4b5,2026-08-18 08:07:04,2026-06-13 23:19:07,2026-06-13-HTX-CAR,flyers,havoc,32,11,2026-06-13 19:00:00
mlee1,8.79,49.15,elong,-1.57,51.4,0,0,0,"smadiraju,ostout,elong,mtucker,wcoffin,smadiraju1,mlee1",True,2026-06-13-HTX-CAR,2,0,1,3,564.0,2,5,False,False,32,home,28,1781392444.0,18,False,"bthibodea,cughetta,mbaldauf,jjoshi,blin,cdixon,skelly",29,47,67c49ae7e020c7b5018fefcedea20e689a913070fd8ec49a993b090f1af2865a,1781392444.0,False,32,501.6,10.6015140428148,-10.36,2.25,77.7467070116472,626d616e42ae5d6047e516e94a6f30f4b5cf26b4321d6c8ff1bd5f44555647ca,0.984225766021222,0.0157742339787783,0.682502635392181,0.731374406790389,0.74156721920249,0.812781677460057,2661.6,2.0,0.885,0.0101928124121008,0.0321036126542065,47.0,e7c8d29aaa7160159b9e0fa277cde1b733800c23,2026-08-18 08:07:04,2026-06-13 23:19:07,2026-06-13-HTX-CAR,flyers,havoc,32,11,2026-06-13 19:00:00
elong,-1.57,51.4,smadiraju1,-3.07,64.36,0,0,0,"smadiraju,ostout,elong,mtucker,wcoffin,smadiraju1,mlee1",True,2026-06-13-HTX-CAR,2,0,1,3,564.0,2,6,False,False,33,home,29,1781392447.0,18,False,"bthibodea,cughetta,mbaldauf,jjoshi,blin,cdixon,skelly",30,48,8c321bb8ee163c8058e808f4d2a07b04364d17697d4977132ad5aead59c7a9b6,1781392447.0,False,33,496.4,13.0465167765193,-1.5,12.96,6.602080229648,1c2936851bfdced409f5c8f64758ac6d8a89f5831680880ae7f34db01b5948ac,0.974555814973455,0.0254441850265446,0.682502635392181,0.741806837641379,0.794772481609014,0.758552033639156,2656.4,2.0,0.89,0.0529656439676353,0.166822310582199,48.0,f9acd62b97e7271d2d75114ea356086cb6601a07,2026-08-18 08:07:04,2026-06-13 23:19:07,2026-06-13-HTX-CAR,flyers,havoc,32,11,2026-06-13 19:00:00
smadiraju1,-3.07,64.36,smadiraju,1.56,59.45,0,0,0,"smadiraju,ostout,elong,mtucker,wcoffin,smadiraju1,mlee1",True,2026-06-13-HTX-CAR,2,0,1,3,564.0,2,7,False,False,34,home,30,1781392451.0,18,False,"bthibodea,cughetta,mbaldauf,jjoshi,blin,cdixon,skelly",31,49,69b9508965bc0f258ae38b3bc315c2f13c02d158ee932ce3f869a8883f43410a,1781392451.0,False,34,491.2,6.7487035792069,4.63,-4.91,-136.68115451384,d535fca4cba34622cd6910114edf0537b7cea85fb83d644461dd178ff3781d37,0.989296178718674,0.0107038212813257,0.682502635392181,0.794943127481435,0.774447889898137,0.77900349717396,2651.2,2.0,0.888,-0.0204952375832976,-0.0645524652105818,49.0,933888558ab97aa2d7c3feb31958cb456433adeb,2026-08-18 08:07:04,2026-06-13 23:19:07,2026-06-13-HTX-CAR,flyers,havoc,32,11,2026-06-13 19:00:00
smadiraju,1.56,59.45,wcoffin,-19.92,68.86,0,0,0,"smadiraju,ostout,elong,mtucker,wcoffin,smadiraju1,mlee1",True,2026-06-13-HTX-CAR,2,0,1,3,564.0,2,8,False,False,35,home,31,1781392454.0,18,False,"bthibodea,cughetta,mbaldauf,jjoshi,blin,cdixon,skelly",32,50,909089deafd91505c26dd246fb4a4b555333ac7dba15bee56d8025511b71fdca,1781392454.0,False,35,486.0,23.4507675780559,-21.48,9.41,66.3426424012155,2c90b3e156a9882753cad9efc12bb752e57ac18f9e45e95aee9752a8d20c1ec2,0.959160202860039,0.0408397971399609,0.682502635392181,0.774596880095371,0.796296503067141,0.715756891868883,2646.0,2.0,0.89,0.02169962297177,0.0683458365034744,50.0,ae62edbb5a6aefd4a867fac08592f1a113eaf114,2026-08-18 08:07:04,2026-06-13 23:19:07,2026-06-13-HTX-CAR,flyers,havoc,32,11,2026-06-13 19:00:00
wcoffin,-19.92,68.86,ostout,-17.19,100.0,0,0,0,"smadiraju,ostout,elong,mtucker,wcoffin,smadiraju1,mlee1",True,2026-06-13-HTX-CAR,2,0,1,3,564.0,2,9,False,False,36,home,32,1781392460.0,18,False,"bthibodea,cughetta,mbaldauf,jjoshi,blin,cdixon,skelly",33,51,e17aa43d521a3bd804c2ec21777c150613457cf04beb3a8d5c0eb9754a9268b3,1781392460.0,False,36,480.8,31.259438574613,2.73,31.14,-5.01023075511306,92f1a38c956ee3a1c806dacc9864a14bbe4796d08fbe2668f5cb833bf0366faa,0.844800346450367,0.155199653549633,0.682502635392181,0.79640524750981,0.928921779641825,0.624654741964734,2640.8,2.0,0.903,0.132516532132015,0.417378368780172,51.0,63d3388191b1d5ee57b920e499d1f5adc35ae06d,2026-08-18 08:07:04,2026-06-13 23:19:07,2026-06-13-HTX-CAR,flyers,havoc,32,11,2026-06-13 19:00:00
ostout,-17.19,100.0,elong,-13.78,89.45,0,0,0,"smadiraju,ostout,elong,mtucker,wcoffin,smadiraju1,mlee1",True,2026-06-13-HTX-CAR,2,0,1,3,564.0,2,10,False,False,37,home,33,1781392469.0,18,False,"bthibodea,cughetta,mbaldauf,jjoshi,blin,cdixon,skelly",34,52,c1c8c145f309ea007ca4b44ab141bb06681ad1a36edcd9a8960c1c94cfe9eca7,1781392469.0,False,37,475.6,11.0874072713146,3.41,-10.55,-162.087987296332,6d7faee3de65529dbf2e3aab2ce2b39803c7ec69603973e4773260bfe3945c18,0.966545677464351,0.0334543225356485,0.682502635392181,0.928954700337816,0.895486743560426,0.663216189827439,2635.6,2.0,0.899,-0.03346795677739,-0.105411762452676,52.0,dd0a7e1865665a756e5bc450c499e7c2ed5c9433,2026-08-18 08:07:04,2026-06-13 23:19:07,2026-06-13-HTX-CAR,flyers,havoc,32,11,2026-06-13 19:00:00
elong,-13.78,89.45,smadiraju,-2.19,88.84,0,0,0,"smadiraju,ostout,elong,mtucker,wcoffin,smadiraju1,mlee1",True,2026-06-13-HTX-CAR,2,0,1,3,564.0,2,11,False,False,38,home,34,1781392471.0,18,False,"bthibodea,cughetta,mbaldauf,jjoshi,blin,cdixon,skelly",35,53,696d1d8f69cafdfc8de8cc7d71f8f0a68e93dfa677fefd5057e6d130e288681f,1781392471.0,False,38,470.4,11.6060415301687,11.59,-0.609999999999999,-93.0127875041833,8ce8b3bd29013aa71b4af534e6e5e87c4e8db1c63097b3b4f2f69ba0db199ba3,0.968938786349188,0.0310612136508125,0.682502635392181,0.895518341485165,0.896038204690249,0.672916160859819,2630.4,2.0,0.899,0.000519863205084126,0.00163737801643259,53.0,b93817ef081d88edb18a70e6e588fcca199a2ea1,2026-08-18 08:07:04,2026-06-13 23:19:07,2026-06-13-HTX-CAR,flyers,havoc,32,11,2026-06-13 19:00:00
smadiraju,-2.19,88.84,ostout,17.93,107.86,0,0,0,"smadiraju,ostout,elong,mtucker,wcoffin,smadiraju1,mlee1",True,2026-06-13-HTX-CAR,3,0,1,3,564.0,2,12,False,False,39,home,35,1781392481.0,19,False,"bthibodea,cughetta,mbaldauf,jjoshi,blin,cdixon,skelly",36,55,3ad1ba6674bee9f65ff157bcac2148c098a8321e0c090e75a026feeaed8e8455,1781392481.0,False,39,465.2,27.687087242973,20.12,19.02,-46.6098306548736,c94a3959e7d0f26ca2ed9e49b4dcd129cafb07d81d769cb94820ce62e4178d73,0.904397764510076,0.0956022354899241,0.682502635392181,0.896055660797761,1.0,0.624904277490883,2625.2,2.0,0.905,0.103944339202239,0.327386462973114,55.0,34ed52f5a0eac1d129f47bd0f44aa8ba61c783bb,2026-08-18 08:07:04,2026-06-13 23:19:07,2026-06-13-HTX-CAR,flyers,havoc,32,11,2026-06-13 19:00:00
awang,0.0,40.0,xfuzat,0.0,40.0,0,0,0,"nfurrh,xfuzat,treinhard,jthachet,bgfroerer,awang,mturner",False,2026-06-13-HTX-CAR,3,0,1,4,460.0,1,1,True,True,40,away,20,1781392603.0,18,False,"bmorrison,jsingleto,jreinhard,cbelus,nlyle,ostout,zthoreson",21,59,b6378e9d8890754f020454d70eb8769dcabcc7d8db2c9ed5b82388798d2f1050,1781392603.0,False,40,460.0,0.0,0.0,0.0,-90.0,510688ae0f3f99d8275645e7e77f972907f6fc2efb8c5e6cf791146c7b6e8ff9,0.5,0.5,0.70046100659366,0.701052937333969,0.701052937333969,0.861554409133274,2620.0,3.0,0.911,0.0,0.0,59.0,37b16106aff096540fb6af6d36af40a32cae7ae9,2026-08-18 08:07:04,2026-06-13 23:19:07,2026-06-13-HTX-CAR,flyers,havoc,32,11,2026-06-13 19:00:00
xfuzat,0.0,40.0,awang,0.0,40.0,0,0,0,"nfurrh,xfuzat,treinhard,jthachet,bgfroerer,awang,mturner",False,2026-06-13-HTX-CAR,3,0,1,4,460.0,1,2,True,True,41,away,21,1781392605.0,18,False,"bmorrison,jsingleto,jreinhard,cbelus,nlyle,ostout,zthoreson",22,60,f7cfed54b47efbebaf2c2b9a05644aa29958cd9486b63904fbcf216d8052f216,1781392605.0,False,41,457.647058823529,0.0,0.0,0.0,-90.0,c54f3f7ddc944d87ff80a07b3c903be926ec5e06b30031bed9130f34408ddb0c,0.5,0.5,0.70046100659366,0.701048483205465,0.701048483205465,0.861551874115792,2617.64705882353,3.0,0.911,0.0,0.0,60.0,f270c655ba9a9520734bb75cc0e143ad741f673a,2026-08-18 08:07:04,2026-06-13 23:19:07,2026-06-13-HTX-CAR,flyers,havoc,32,11,2026-06-13 19:00:00
awang,0.0,40.0,xfuzat,0.0,40.0,0,0,0,"nfurrh,xfuzat,treinhard,jthachet,bgfroerer,awang,mturner",False,2026-06-13-HTX-CAR,3,0,1,4,460.0,1,3,True,True,42,away,22,1781392606.0,18,False,"bmorrison,jsingleto,jreinhard,cbelus,nlyle,ostout,zthoreson",23,61,c13bbb7024798f5176c87d8ab4871103bc07471cb5c181d15aaef2606cf6a72f,1781392606.0,False,42,455.294117647059,0.0,0.0,0.0,-90.0,32f78334a52c420c47e30c2aadc8ea573b949b865a960dca70bac99b0e807240,0.5,0.5,0.70046100659366,0.701038715876845,0.701038715876845,0.861546315089273,2615.29411764706,3.0,0.911,0.0,0.0,61.0,a1e21daa109970bf978774d62a1d24e2696fc553,2026-08-18 08:07:04,2026-06-13 23:19:07,2026-06-13-HTX-CAR,flyers,havoc,32,11,2026-06-13 19:00:00
xfuzat,0.0,40.0,awang,0.0,40.0,0,0,0,"nfurrh,xfuzat,treinhard,jthachet,bgfroerer,awang,mturner",False,2026-06-13-HTX-CAR,3,0,1,4,460.0,1,4,True,True,43,away,23,1781392608.0,18,False,"bmorrison,jsingleto,jreinhard,cbelus,nlyle,ostout,zthoreson",24,62,ed81f9a76a3fe662c012e0721e72018d55e914aca3a31933b6644faadddf0e97,1781392608.0,False,43,452.941176470588,0.0,0.0,0.0,-90.0,4989375b95b942ec41da7ff1dc0ae0267831471b3d54b12dc05f8c7daa4d47f2,0.5,0.5,0.70046100659366,0.701023844410901,0.701023844410901,0.861537850908663,2612.94117647059,3.0,0.911,0.0,0.0,62.0,c3c8efcf88d89dfbc1060ed3f1763212776f64ee,2026-08-18 08:07:04,2026-06-13 23:19:07,2026-06-13-HTX-CAR,flyers,havoc,32,11,2026-06-13 19:00:00
awang,0.0,40.0,jthachet,0.0,40.0,0,0,0,"nfurrh,xfuzat,treinhard,jthachet,bgfroerer,awang,mturner",False,2026-06-13-HTX-CAR,3,0,1,4,460.0,1,5,True,True,44,away,24,1781392612.0,18,False,"bmorrison,jsingleto,jreinhard,cbelus,nlyle,ostout,zthoreson",25,63,1dda63295b4be3d6a6190ba4a50349f80576c8f18512036810b951aee598a52f,1781392612.0,False,44,450.588235294118,0.0,0.0,0.0,-90.0,ac16d8dff32ee69807a28d5b65977d9734d255aefc143e2faaa06a977bfa21e0,0.5,0.5,0.70046100659366,0.701004077740242,0.701004077740242,0.861526600295607,2610.58823529412,3.0,0.911,0.0,0.0,63.0,b7e7c17e3252b9e438e5bdc37b2bd1a1f1b34c91,2026-08-18 08:07:04,2026-06-13 23:19:07,2026-06-13-HTX-CAR,flyers,havoc,32,11,2026-06-13 19:00:00
jthachet,0.0,40.0,nfurrh,0.0,40.0,0,0,0,"nfurrh,xfuzat,treinhard,jthachet,bgfroerer,awang,mturner",False,2026-06-13-HTX-CAR,3,0,1,4,460.0,1,6,True,True,45,away,25,1781392618.0,18,False,"bmorrison,jsingleto,jreinhard,cbelus,nlyle,ostout,zthoreson",26,64,13f224868b2f75f73583cbfd11e2df52ceabac32d5217532fe7cdc8b03afb9e7,1781392618.0,False,45,448.235294117647,0.0,0.0,0.0,-90.0,e0aec43a4a6d5ed96b7693e53f2d91960ec31ac8e7d75e24f4e7bb1e8e415e2d,0.5,0.5,0.70046100659366,0.700979624687396,0.700979624687396,0.861512681858987,2608.23529411765,3.0,0.911,0.0,0.0,64.0,e71fc7a95e225639c7199f46fef7de5a3171c3ba,2026-08-18 08:07:04,2026-06-13 23:19:07,2026-06-13-HTX-CAR,flyers,havoc,32,11,2026-06-13 19:00:00
nfurrh,0.0,40.0,mturner,0.0,40.0,0,0,0,"nfurrh,xfuzat,treinhard,jthachet,bgfroerer,awang,mturner",False,2026-06-13-HTX-CAR,3,0,1,4,460.0,1,7,True,True,46,away,26,1781392621.0,18,False,"bmorrison,jsingleto,jreinhard,cbelus,nlyle,ostout,zthoreson",27,65,6f30b539e9febe2d6bef11f20eff5c05c523dd74cb8af84b9844c0aaefe27d9e,1781392621.0,False,46,445.882352941176,0.0,0.0,0.0,-90.0,54b45c9dbe227cebfd8257556c95d8a77018d9e4b9c5e58e4387d023c9695cc5,0.5,0.5,0.70046100659366,0.700950693984084,0.700950693984084,0.861496214114587,2605.88235294118,3.0,0.911,0.0,0.0,65.0,30ed48e1278d69cda7339074498ce585a82090a2,2026-08-18 08:07:04,2026-06-13 23:19:07,2026-06-13-HTX-CAR,flyers,havoc,32,11,2026-06-13 19:00:00
mturner,0.0,40.0,jthachet,0.0,40.0,0,0,0,"nfurrh,xfuzat,treinhard,jthachet,bgfroerer,awang,mturner",False,2026-06-13-HTX-CAR,3,0,1,4,460.0,1,8,True,True,47,away,27,1781392623.0,18,False,"bmorrison,jsingleto,jreinhard,cbelus,nlyle,ostout,zthoreson",28,66,294f99b02ce58ccbbc79c7b08d9064b391f7b3df8c9e930ad87c2a9057a7d1f9,1781392623.0,False,47,443.529411764706,0.0,0.0,0.0,-90.0,690f4f0ae39d0532c61d505978ffddc5b7b7f4b6c7a90d2c0888c1c4753349f1,0.5,0.5,0.70046100659366,0.70091749428965,0.70091749428965,0.861477315503901,2603.52941176471,3.0,0.911,0.0,0.0,66.0,e032471329df89620457919d08d6a8ef2f887f6b,2026-08-18 08:07:04,2026-06-13 23:19:07,2026-06-13-HTX-CAR,flyers,havoc,32,11,2026-06-13 19:00:00
jthachet,0.0,40.0,awang,0.0,40.0,0,0,0,"nfurrh,xfuzat,treinhard,jthachet,bgfroerer,awang,mturner",False,2026-06-13-HTX-CAR,3,0,1,4,460.0,1,9,True,True,48,away,28,1781392626.0,18,False,"bmorrison,jsingleto,jreinhard,cbelus,nlyle,ostout,zthoreson",29,67,1b77e941b6e6f6469a2981e31400721566e24d3a380d3d5f69c615d211d1090f,1781392626.0,False,48,441.176470588235,0.0,0.0,0.0,-90.0,3a39c2ac9b1f41170f1820506f64381b88e85db5384436bcdbf60bc0f263d71d,0.5,0.5,0.70046100659366,0.700880234208652,0.700880234208652,0.861456104412086,2601.17647058824,3.0,0.911,0.0,0.0,67.0,711d24d94f3dc215cbc99927eb99c378798aa09e,2026-08-18 08:07:04,2026-06-13 23:19:07,2026-06-13-HTX-CAR,flyers,havoc,32,11,2026-06-13 19:00:00
awang,0.0,40.0,xfuzat,0.0,40.0,0,0,0,"nfurrh,xfuzat,treinhard,jthachet,bgfroerer,awang,mturner",False,2026-06-13-HTX-CAR,3,0,1,4,460.0,1,10,True,True,49,away,29,1781392630.0,18,False,"bmorrison,jsingleto,jreinhard,cbelus,nlyle,ostout,zthoreson",30,68,e8464d0d721389be4579ccf90990d2da12f78688efe8fd6990f3e4da93530920,1781392630.0,False,49,438.823529411765,0.0,0.0,0.0,-90.0,0e2ef495a1add4e1cd6e541b3249a33e87b0c44c3b5c1beb93df694606011d36,0.5,0.5,0.70046100659366,0.700839122307611,0.700839122307611,0.861432699185047,2598.82352941176,3.0,0.911,0.0,0.0,68.0,3427de8f6970d138500f4920e8c711350863a270,2026-08-18 08:07:04,2026-06-13 23:19:07,2026-06-13-HTX-CAR,flyers,havoc,32,11,2026-06-13 19:00:00
xfuzat,0.0,40.0,awang,0.0,40.0,0,0,0,"nfurrh,xfuzat,treinhard,jthachet,bgfroerer,awang,mturner",False,2026-06-13-HTX-CAR,3,0,1,4,460.0,1,11,True,True,50,away,30,1781392633.0,18,False,"bmorrison,jsingleto,jreinhard,cbelus,nlyle,ostout,zthoreson",31,69,43f5ea0f40f59059f85e85dae76788ebbec45b465dd9f2301a5f34a5a0387550,1781392633.0,False,50,436.470588235294,0.0,0.0,0.0,-90.0,031c0bb64a0b6b6d3bc797f9488f1b53d721f546eac35bf4a6e5eacb1a6e78ca,0.5,0.5,0.70046100659366,0.700794367130908,0.700794367130908,0.861407218145669,2596.47058823529,3.0,0.911,0.0,0.0,69.0,88d11df9fcca25e335a57f37ac7791f78a9a0327,2026-08-18 08:07:04,2026-06-13 23:19:07,2026-06-13-HTX-CAR,flyers,havoc,32,11,2026-06-13 19:00:00
awang,0.0,40.0,xfuzat,0.0,40.0,0,0,0,"nfurrh,xfuzat,treinhard,jthachet,bgfroerer,awang,mturner",False,2026-06-13-HTX-CAR,3,0,1,4,460.0,1,12,True,True,51,away,31,1781392638.0,18,False,"bmorrison,jsingleto,jreinhard,cbelus,nlyle,ostout,zthoreson",32,70,fff04dced3e3de904651acfe7470b4110ca6ffba63a329fdea8a8faa349a0871,1781392638.0,False,51,434.117647058824,0.0,0.0,0.0,-90.0,7bf67595c89de2e2c49243e4a7df0586bf495683e2300e6736b76cb497412412,0.5,0.5,0.70046100659366,0.700746177215842,0.700746177215842,0.861379779609195,2594.11764705882,3.0,0.911,0.0,0.0,70.0,e3cd3548c6def2a695f49a76f11f6fd8bc63a506,2026-08-18 08:07:04,2026-06-13 23:19:07,2026-06-13-HTX-CAR,flyers,havoc,32,11,2026-06-13 19:00:00
xfuzat,0.0,40.0,awang,0.0,40.0,0,0,0,"nfurrh,xfuzat,treinhard,jthachet,bgfroerer,awang,mturner",False,2026-06-13-HTX-CAR,3,0,1,4,460.0,1,13,True,True,52,away,32,1781392642.0,18,False,"bmorrison,jsingleto,jreinhard,cbelus,nlyle,ostout,zthoreson",33,71,a76a10dec42a8998c6bcdb2c9ffaa69b970c189eec241c7848322a501bda1ddd,1781392642.0,False,52,431.764705882353,0.0,0.0,0.0,-90.0,e9c21bbb3c13f5016fc83b3db93159bd947834479a3f3544a4d2cd49a1d82f7a,0.5,0.5,0.70046100659366,0.700694761106837,0.700694761106837,0.861350501897736,2591.76470588235,3.0,0.911,0.0,0.0,71.0,a8219a4669d6eab9f9c735b9c092733c0ece65f9,2026-08-18 08:07:04,2026-06-13 23:19:07,2026-06-13-HTX-CAR,flyers,havoc,32,11,2026-06-13 19:00:00
awang,0.0,40.0,bgfroerer,0.0,40.0,0,0,0,"nfurrh,xfuzat,treinhard,jthachet,bgfroerer,awang,mturner",False,2026-06-13-HTX-CAR,3,0,1,4,460.0,1,14,True,True,53,away,33,1781392646.0,18,False,"bmorrison,jsingleto,jreinhard,cbelus,nlyle,ostout,zthoreson",34,72,df0f73f5772a87e7c5f7f7d4adccd5c6fe25d64dfa152cec99980102ee6532d1,1781392646.0,False,53,429.411764705882,0.0,0.0,0.0,-90.0,53a985531fa6936e437da6a46671352a91f3c127ba579d72adb95bcdf09c390b,0.5,0.5,0.70046100659366,0.700640327368804,0.700640327368804,0.861319503353941,2589.41176470588,3.0,0.911,0.0,0.0,72.0,45137adc8cb31ec24fc7a56d0146b2b77b0e5ba9,2026-08-18 08:07:04,2026-06-13 23:19:07,2026-06-13-HTX-CAR,flyers,havoc,32,11,2026-06-13 19:00:00
bgfroerer,0.0,40.0,xfuzat,0.0,40.0,0,0,0,"nfurrh,xfuzat,treinhard,jthachet,bgfroerer,awang,mturner",False,2026-06-13-HTX-CAR,3,0,1,4,460.0,1,15,True,True,54,away,34,1781392651.0,18,False,"bmorrison,jsingleto,jreinhard,cbelus,nlyle,ostout,zthoreson",35,73,427c92513416bad03e74e5600ccac0a6e7c8f9e738e8a09caeebd51d403d07e2,1781392651.0,False,54,427.058823529412,0.0,0.0,0.0,-90.0,91a830d633758ebb63dff550553c557e59d3c4fb685766ccc525e4a090eadf32,0.5,0.5,0.70046100659366,0.700583084599645,0.700583084599645,0.861286902353796,2587.05882352941,3.0,0.911,0.0,0.0,73.0,8f7ffc125c859e39e1e97372e1aa851f7a7066e5,2026-08-18 08:07:04,2026-06-13 23:19:07,2026-06-13-HTX-CAR,flyers,havoc,32,11,2026-06-13 19:00:00
xfuzat,0.0,40.0,mturner,0.0,40.0,0,0,0,"nfurrh,xfuzat,treinhard,jthachet,bgfroerer,awang,mturner",False,2026-06-13-HTX-CAR,3,0,1,4,460.0,1,16,True,True,55,away,35,1781392656.0,18,False,"bmorrison,jsingleto,jreinhard,cbelus,nlyle,ostout,zthoreson",36,74,643c950fa444271816caf6184c0a463893fe45d1e721023a1d98f2081428bbea,1781392656.0,False,55,424.705882352941,0.0,0.0,0.0,-90.0,74859b4b6ab7e522052c418a688c623de279163be4f27d7ed7b47b6a7931b084,0.5,0.5,0.70046100659366,0.700523241441921,0.700523241441921,0.861252817318582,2584.70588235294,3.0,0.911,0.0,0.0,74.0,84cf39836871d448ec457c36086558c7c0111d7b,2026-08-18 08:07:04,2026-06-13 23:19:07,2026-06-13-HTX-CAR,flyers,havoc,32,11,2026-06-13 19:00:00
mturner,0.0,40.0,awang,0.0,100.0,0,0,0,"nfurrh,xfuzat,treinhard,jthachet,bgfroerer,awang,mturner",False,2026-06-13-HTX-CAR,3,1,1,4,460.0,1,17,True,True,56,away,36,1781392662.0,19,False,"bmorrison,jsingleto,jreinhard,cbelus,nlyle,ostout,zthoreson",37,75,e0cb8d4fe99b98f5beb71cb232c97bc3c74b6372ad7a879f6e683b332563c7c5,1781392662.0,False,56,422.352941176471,60.0,0.0,60.0,0.0,099880204d9932eb326300d2f86edf33d79c29c96b3681e3ac218697cb4bc414,0.628299054686428,0.371700945313572,0.70046100659366,0.70046100659366,1.0,0.642224508624721,2582.35294117647,3.0,0.888,0.29953899340634,1.0,75.0,de85733825538648950996528730a90bdb0042ee,2026-08-18 08:07:04,2026-06-13 23:24:11,2026-06-13-HTX-CAR,flyers,havoc,32,11,2026-06-13 19:00:00
tbrooks1,13.64,10.5,gsanner,4.36,35.59,0,0,0,"tbrooks1,gsanner,kpignone,tmitchell,jfairfax,jlouie,wmatthews",True,2026-06-13-HTX-CAR,3,1,1,5,420.0,1,1,True,True,57,home,40,1781392734.0,18,False,"ifuzat,ibaker,cburt,sheslep,skelly,jzhou,jsunukjia",41,79,b4429e949d0fcc80722a3ea7f56a779806a579dd58a10a4c45ebc686bc7a0a74,1781392734.0,False,57,420.0,26.751196234935,-9.28,25.09,20.2978449509136,1829d6cca1f235b8a8b28d1fe888d7a9c8ede03c81fb67b5a155185d8cc059ba,0.928385666986775,0.071614333013225,0.612325978230381,0.612325978230381,0.68560869989798,0.878722757510807,2580.0,2.0,0.879,0.0732827216675993,0.189031809077856,79.0,28f0b5bdf78c8f054caf97ec374a83aa4984e6f2,2026-08-18 08:07:04,2026-06-13 23:19:07,2026-06-13-HTX-CAR,flyers,havoc,32,11,2026-06-13 19:00:00
gsanner,4.36,35.59,jlouie,-7.58,36.75,0,0,0,"tbrooks1,gsanner,kpignone,tmitchell,jfairfax,jlouie,wmatthews",True,2026-06-13-HTX-CAR,3,1,1,5,420.0,1,2,True,True,58,home,41,1781392737.0,18,False,"ifuzat,ibaker,cburt,sheslep,skelly,jzhou,jsunukjia",42,80,7ced7bb2444b7405411af46a0e147d688895b9de45999d808afe12d5541672ac,1781392737.0,False,58,400.8,11.9962160700781,-11.94,1.16,84.4509904174879,19b129b0ec9a8f9b29501c94629bd59d753009ff0fe9616a02ada23e3a96137d,0.98548595931905,0.0145140406809504,0.612325978230381,0.685012147651076,0.687991870514883,0.87342267375101,2560.8,2.0,0.878,0.00297972286380666,0.0076861556268462,80.0,6f19ab99d862e8b2005713d7dde53af9039045f6,2026-08-18 08:07:04,2026-06-13 23:19:07,2026-06-13-HTX-CAR,flyers,havoc,32,11,2026-06-13 19:00:00
jlouie,-7.58,36.75,tbrooks1,-12.21,52.36,0,0,0,"tbrooks1,gsanner,kpignone,tmitchell,jfairfax,jlouie,wmatthews",True,2026-06-13-HTX-CAR,3,1,1,5,420.0,1,3,True,True,59,home,42,1781392739.0,18,False,"ifuzat,ibaker,cburt,sheslep,skelly,jzhou,jsunukjia",43,81,94a861eeda8bc52862040091a348c25317a1fc015d148b4eb215f4b4e304cb60,1781392739.0,False,59,381.6,16.2821681602912,-4.63,15.61,16.5206062862001,bbbf54fdb2a337b20501ce19378a895cf41e50f0aa6c05cb5b30e293ccbd2b68,0.966507197147315,0.0334928028526853,0.612325978230381,0.687380358613171,0.740815835286793,0.804446467950398,2541.6,2.0,0.882,0.0534354766736213,0.137836103718541,81.0,9a664c79ee10cd45c54ecef578f2bdc41ffc3352,2026-08-18 08:07:04,2026-06-13 23:19:07,2026-06-13-HTX-CAR,flyers,havoc,32,11,2026-06-13 19:00:00
tbrooks1,-12.21,52.36,jfairfax,-2.6,105.88,0,0,0,"tbrooks1,gsanner,kpignone,tmitchell,jfairfax,jlouie,wmatthews",True,2026-06-13-HTX-CAR,4,1,1,5,420.0,1,4,True,True,60,home,43,1781392751.0,19,False,"ifuzat,ibaker,cburt,sheslep,skelly,jzhou,jsunukjia",44,82,6b8bd7d98beba528f3048a24a0a5547b76a94d6f920a78f79edc6b27cfde96c2,1781392751.0,False,60,362.4,54.3759367735398,9.61,53.52,-10.1794997812962,f24adb99ce519fbc31ec54eb79eef3f486236dce67d6d391ce594aeaaa4ffcf9,0.642439340703668,0.357560659296332,0.612325978230381,0.740357527315091,1.0,0.640202991033444,2522.4,2.0,0.903,0.259642472684909,0.66974431637105,82.0,6d89846fa805e8bc5269f5d670e15d559b5a9b94,2026-08-18 08:07:04,2026-06-13 23:24:11,2026-06-13-HTX-CAR,flyers,havoc,32,11,2026-06-13 19:00:00
xfuzat,0.0,40.0,,0.0,40.0,1,0,0,"nfurrh,xfuzat,treinhard,jthachet,bgfroerer,awang,mturner",False,2026-06-13-HTX-CAR,4,1,1,6,420.0,1,1,True,True,61,away,41,1781392883.0,22,False,"smadiraju1,smadiraju,wcoffin,mtucker,elong,mlee1,bmorrison",42,94,1383808447a053d96598891de6831484fa01e888544aa5f91e32b43290ced357,1781392883.0,False,61,343.2,0.0,0.0,0.0,-90.0,2070d5115f78a2628ade82eba6770ce24bbe2bb56ed0289396946c723da7e7d8,0.5,-0.5,0.69839761754022,0.69839761754022,0.69839761754022,0.860040089273992,2503.2,3.0,0.949,-0.860040089273992,-0.860040089273992,94.0,b83c20d954a5276bcb530979e9a12539f12b6d87,2026-08-18 08:07:04,2026-06-13 23:24:11,2026-06-13-HTX-CAR,flyers,havoc,32,11,2026-06-13 19:00:00
bmorrison,-10.44,20.0,elong,-0.41,28.09,0,0,0,"smadiraju1,smadiraju,wcoffin,mtucker,elong,bmorrison,tbrooks1",True,2026-06-13-HTX-CAR,4,1,1,6,324.0,2,1,False,True,62,home,48,1781392874.0,18,False,"xfuzat,jthachet,bgfroerer,awang,mturner,cughetta,skelly",49,89,dec9f6ef85e157d3f36f14db064d556af0a5820c2056439c46a3fd72269df882,1781392874.0,False,62,324.0,12.8860001552072,10.03,8.09,-51.1110376261165,5a7795ca9718f6c09a34804dcac8dfbc05deb0f1046031fd8637ad84d2e5fa1a,0.983434846465967,0.0165651535340327,0.636986396215886,0.636986396215886,0.661146755406201,0.906005346281722,2484.0,3.0,0.94,0.0241603591903152,0.0665549691208914,89.0,1cec74bf5110141e38ac86e7e61d833200995316,2026-08-18 08:07:04,2026-06-13 23:24:11,2026-06-13-HTX-CAR,flyers,havoc,32,11,2026-06-13 19:00:00
elong,-0.41,28.09,tbrooks1,11.59,32.38,0,0,0,"smadiraju1,smadiraju,wcoffin,mtucker,elong,bmorrison,tbrooks1",True,2026-06-13-HTX-CAR,4,1,1,6,324.0,2,2,False,True,63,home,49,1781392876.0,18,False,"xfuzat,jthachet,bgfroerer,awang,mturner,cughetta,skelly",50,90,53ca1f01db3bbc78a3b436f30eb10f0d62f70cc001cbc40ba352a43ab2804913,1781392876.0,False,63,319.518518518519,12.7437867213792,12.0,4.29,-70.3280300107994,9d773495f13ec41f7d50419abe6a2937fbdc05a0709f9a10e0182536a9e36540,0.984617076041035,0.0153829239589652,0.636986396215886,0.661106528184368,0.669350882397426,0.88857346603618,2479.51851851852,3.0,0.94,0.00824435421305836,0.0227108684829379,90.0,dac9493479a82f383042f212f4aee0a1bd318702,2026-08-18 08:07:04,2026-06-13 23:24:11,2026-06-13-HTX-CAR,flyers,havoc,32,11,2026-06-13 19:00:00
tbrooks1,11.59,32.38,elong,-7.03,28.9,0,0,0,"smadiraju1,smadiraju,wcoffin,mtucker,elong,bmorrison,tbrooks1",True,2026-06-13-HTX-CAR,4,1,1,6,324.0,2,3,False,True,64,home,50,1781392878.0,18,False,"xfuzat,jthachet,bgfroerer,awang,mturner,cughetta,skelly",51,92,d3d2deb0127559f8d2604ca3e4b3e250053267a2c9e170b5e1162c6f2176954e,1781392878.0,False,64,315.037037037037,18.9424074499521,-18.62,-3.48,100.586209825575,9decfc686e5b6989371ef7c35f93d9db13e4f0a4fab59a8f7def64bc94595015,0.977486267066452,0.0225137329335483,0.636986396215886,0.669310860400588,0.662442991199838,0.902697089778275,2475.03703703704,3.0,0.94,-0.00686786920074944,-0.018919040854551,92.0,e93a586a1d80f3a945ac54f25a5f22b7ff724020,2026-08-18 08:07:04,2026-06-13 23:24:11,2026-06-13-HTX-CAR,flyers,havoc,32,11,2026-06-13 19:00:00
elong,-7.03,28.9,bmorrison,-15.62,31.15,0,0,0,"smadiraju1,smadiraju,wcoffin,mtucker,elong,bmorrison,tbrooks1",True,2026-06-13-HTX-CAR,4,1,1,6,324.0,2,4,False,True,65,home,51,1781392880.0,18,False,"xfuzat,jthachet,bgfroerer,awang,mturner,cughetta,skelly",52,93,f3d2fda50886862047f9c4f2c46cb5b98b056547a5828152cf4754bedc2b9ebf,1781392880.0,False,65,310.555555555556,8.87978603345824,-8.59,2.25,75.3221207063624,429b1a56b7ae7a657ee1d179fda14b47af1cac9d8bc1ab0a786500159692219c,0.990095534905467,0.00990446509453324,0.636986396215886,0.662400829434074,0.659389854701542,0.8895063255616,2470.55555555556,3.0,0.94,-0.00301097473253154,-0.00829438539257106,93.0,574894ee7e45e5a8b29265674ea4a208b085e194,2026-08-18 08:07:04,2026-06-13 23:24:11,2026-06-13-HTX-CAR,flyers,havoc,32,11,2026-06-13 19:00:00
bmorrison,-15.62,31.15,elong,-2.46,30.34,0,0,0,"smadiraju1,smadiraju,wcoffin,mtucker,elong,bmorrison,tbrooks1",True,2026-06-13-HTX-CAR,4,1,1,6,324.0,2,5,False,True,66,home,52,1781392885.0,18,False,"xfuzat,jthachet,bgfroerer,awang,mturner,cughetta,skelly",53,95,169de8b3d9111df5ee48a459f867e2e01451eb264e46e59fec651026e0f8a7a4,1781392885.0,False,66,306.074074074074,13.184904246903,13.16,-0.809999999999999,-93.5221206621583,ea1b35ebb1077505eb12759dfe2208ff5e34c1d02cbf5facd1a695260269f264,0.983852552466504,0.0161474475334955,0.636986396215886,0.659344327570144,0.667332792095772,0.897767992428825,2466.07407407407,3.0,0.94,0.0079884645256274,0.0220059646315023,95.0,01ae9c5ff2cbeae2a17ca83df84f36d4c7d12e04,2026-08-18 08:07:04,2026-06-13 23:24:11,2026-06-13-HTX-CAR,flyers,havoc,32,11,2026-06-13 19:00:00
elong,-2.46,30.34,wcoffin,6.34,36.68,0,0,0,"smadiraju1,smadiraju,wcoffin,mtucker,elong,bmorrison,tbrooks1",True,2026-06-13-HTX-CAR,4,1,1,6,324.0,2,6,False,True,67,home,53,1781392887.0,18,False,"xfuzat,jthachet,bgfroerer,awang,mturner,cughetta,skelly",54,96,8b578a69899a58969413f8dd1ed38a988a198ca940fee2fdda20f1b2d42928b8,1781392887.0,False,67,301.592592592593,10.8459946524051,8.8,6.34,-54.2289644821243,50def8b0050ef2b7b30a0da18bd8d936d03ba1868eb8a1358ceda995efeffa6d,0.985609081430332,0.0143909185696676,0.636986396215886,0.667283217065203,0.686237634799724,0.872966111179799,2461.59259259259,3.0,0.941,0.0189544177345218,0.0522140700429344,96.0,01be9aa21a33592a5fa378cd34ab76b87bcf240d,2026-08-18 08:07:04,2026-06-13 23:24:11,2026-06-13-HTX-CAR,flyers,havoc,32,11,2026-06-13 19:00:00
wcoffin,6.34,36.68,smadiraju1,2.18,51.61,0,0,0,"smadiraju1,smadiraju,wcoffin,mtucker,elong,bmorrison,tbrooks1",True,2026-06-13-HTX-CAR,4,1,1,6,324.0,2,7,False,True,68,home,54,1781392891.0,18,False,"xfuzat,jthachet,bgfroerer,awang,mturner,cughetta,skelly",55,97,8034e33a091a89710aac240801dd947f40403995586b956884f886371d646220,1781392891.0,False,68,297.111111111111,15.4987257540741,-4.16,14.93,15.5696246615887,485e2aa13a79b7e255466d64071e186b4b8671bb986f698bb3c38cc3077f37f1,0.970993051817995,0.0290069481820052,0.636986396215886,0.68618372855041,0.740481544176916,0.810318817352342,2457.11111111111,3.0,0.943,0.0542978156265059,0.149575153824806,97.0,7839deb3a977b8d229de19cbdda49a6360836310,2026-08-18 08:07:04,2026-06-13 23:24:11,2026-06-13-HTX-CAR,flyers,havoc,32,11,2026-06-13 19:00:00
smadiraju1,2.18,51.61,tbrooks1,15.54,60.2,0,0,0,"smadiraju1,smadiraju,wcoffin,mtucker,elong,bmorrison,tbrooks1",True,2026-06-13-HTX-CAR,4,1,1,6,324.0,2,8,False,True,69,home,55,1781392896.0,18,False,"xfuzat,jthachet,bgfroerer,awang,mturner,cughetta,skelly",56,98,7dea7556883364e4c174823fd588dc0e1cd6402ed060148f7a8dcafe695777ef,1781392896.0,False,69,292.62962962963,15.8832521858718,13.36,8.59,-57.2604388854938,c3ec4d76b3f91ffbb9fa375044ee930034cd47dd58b18eca2fbc0031bde43555,0.973879877218877,0.0261201227811232,0.636986396215886,0.740426996170181,0.765834578805289,0.765542788167127,2452.62962962963,3.0,0.944,0.0254075826351087,0.0699907176212015,98.0,8c715410fb9dbce8535ba7d0c354c806deb4d369,2026-08-18 08:07:04,2026-06-13 23:24:11,2026-06-13-HTX-CAR,flyers,havoc,32,11,2026-06-13 19:00:00
tbrooks1,15.54,60.2,wcoffin,-2.32,60.81,0,0,0,"smadiraju1,smadiraju,wcoffin,mtucker,elong,bmorrison,tbrooks1",True,2026-06-13-HTX-CAR,4,1,1,6,324.0,2,9,False,True,70,home,56,1781392902.0,18,False,"xfuzat,jthachet,bgfroerer,awang,mturner,cughetta,skelly",57,99,799146a4f162714e78423323450e661e103817608472d0f4110d9afcc4da8145,1781392902.0,False,70,288.148148148148,17.8704140970488,-17.86,0.609999999999999,88.0438496785757,7ac9e8542fb34eab2467a9288ccac946b1063df096f3cc68251540bec801c555,0.966127512255046,0.0338724877449538,0.636986396215886,0.765776512110502,0.77784197162437,0.771082206623518,2448.14814814815,3.0,0.945,0.0120654595138687,0.033236934891961,99.0,535d0dc0b26e43cc6b6d28e967937f83dca6a8aa,2026-08-18 08:07:04,2026-06-13 23:24:11,2026-06-13-HTX-CAR,flyers,havoc,32,11,2026-06-13 19:00:00
wcoffin,-2.32,60.81,smadiraju,-14.53,70.5,0,0,0,"smadiraju1,smadiraju,wcoffin,mtucker,elong,bmorrison,tbrooks1",True,2026-06-13-HTX-CAR,4,1,1,6,324.0,2,10,False,True,71,home,57,1781392904.0,18,False,"xfuzat,jthachet,bgfroerer,awang,mturner,cughetta,skelly",58,100,77c1e05c164d5db8217c0d050cb9ccd8f61f0043e5bb536d5306e5ba9d1ea8fc,1781392904.0,False,71,283.666666666667,15.5878221698863,-12.21,9.69,51.5640695165588,10f14c9407c6990145aea92279d893b6d6c6982f8029860079da9cd2923776ab,0.969489546393503,0.0305104536064973,0.636986396215886,0.777778003307186,0.813861523977113,0.723685865214421,2443.66666666667,3.0,0.947,0.036083520669927,0.0993999130990861,100.0,41e321d4efd43ef37a45807f36f8168510a5a74d,2026-08-18 08:07:04,2026-06-13 23:24:11,2026-06-13-HTX-CAR,flyers,havoc,32,11,2026-06-13 19:00:00
smadiraju,-14.53,70.5,elong,-14.53,70.5,1,1,0,"smadiraju1,smadiraju,wcoffin,mtucker,elong,bmorrison,tbrooks1",True,2026-06-13-HTX-CAR,4,1,1,6,324.0,2,11,False,True,72,home,58,1781392933.0,20,False,"xfuzat,jthachet,bgfroerer,awang,mturner,cughetta,skelly",59,103,61fe8e9150e5f298ecdbd39b2ae0e03dbe9bbce6e03205c07f96a0861e9c7432,1781392933.0,False,72,279.185185185185,0.0,0.0,0.0,-90.0,c0895081cb370007a45741ecb145d981e686f9f0978b3e2a4a829a9eaa05fbf1,0.5,1.0,0.636986396215886,0.813797441158735,0.813797441158735,0.723601280564046,2439.18518518519,3.0,0.907,-0.723601280564046,-0.723601280564046,103.0,e91d092e6a3c2e82b630bb1f7a6c19a5ad5600ed,2026-08-18 08:07:04,2026-06-13 23:24:11,2026-06-13-HTX-CAR,flyers,havoc,32,11,2026-06-13 19:00:00
treinhard,0.0,40.0,jthachet,0.0,40.0,0,0,0,"nfurrh,xfuzat,treinhard,jthachet,bgfroerer,awang,mturner",False,2026-06-13-HTX-CAR,4,1,1,6,324.0,3,1,True,True,73,away,43,1781392924.0,18,False,"smadiraju1,smadiraju,wcoffin,mtucker,elong,mlee1,bmorrison",44,102,2ca708d9a4b50d7c0cbac6f62632744d016f07e4a87c605d353736116d0af4b8,1781392924.0,False,73,274.703703703704,0.0,0.0,0.0,-90.0,41d8280110e4fa126c0025ec86ca931a60208afb80b6ff34a12c33634b796dfc,0.5,0.5,0.694463433964138,0.697551053249148,0.697551053249148,0.859555998271207,2434.7037037037,3.0,0.909,0.0,0.0,102.0,0fb9926516d7ccd7a90161fd391836ca9e5cabbd,2026-08-18 08:07:04,2026-06-13 23:24:11,2026-06-13-HTX-CAR,flyers,havoc,32,11,2026-06-13 19:00:00
jthachet,0.0,40.0,awang,0.0,40.0,0,0,0,"nfurrh,xfuzat,treinhard,jthachet,bgfroerer,awang,mturner",False,2026-06-13-HTX-CAR,4,1,1,6,324.0,3,2,True,True,74,away,44,1781392935.0,18,False,"smadiraju1,smadiraju,wcoffin,mtucker,elong,mlee1,bmorrison",45,104,fb8c273eff7b36e9855e7ffc04cc8fc2d624235fdb61e4e94f437f4704a31159,1781392935.0,False,74,270.222222222222,0.0,0.0,0.0,-90.0,c7069797b2d896855de2ed7dfb31b90fb67170153e97ec4dab20c1b33364b035,0.5,0.5,0.694463433964138,0.697435443659245,0.697435443659245,0.859489840370991,2430.22222222222,3.0,0.909,0.0,0.0,104.0,dd6ad623439447013633e81938c7f1bd9a05f42f,2026-08-18 08:07:04,2026-06-13 23:24:11,2026-06-13-HTX-CAR,flyers,havoc,32,11,2026-06-13 19:00:00
awang,0.0,40.0,treinhard,0.0,40.0,0,0,0,"nfurrh,xfuzat,treinhard,jthachet,bgfroerer,awang,mturner",False,2026-06-13-HTX-CAR,4,1,1,6,324.0,3,3,True,True,75,away,45,1781392938.0,18,False,"smadiraju1,smadiraju,wcoffin,mtucker,elong,mlee1,bmorrison",46,105,e611c23bc3e2db1350601aef7ebeb095c1c7c00126eb7fddc448d2e933736613,1781392938.0,False,75,265.740740740741,0.0,0.0,0.0,-90.0,4b091c6b1be39bb2961aef922e23e2a3172f63bd6c7efab83d23f285d54aef70,0.5,0.5,0.694463433964138,0.697304581198186,0.697304581198186,0.859414939798063,2425.74074074074,3.0,0.909,0.0,0.0,105.0,615d26c536534042baa2ecfa954bb7ad9388130e,2026-08-18 08:07:04,2026-06-13 23:24:11,2026-06-13-HTX-CAR,flyers,havoc,32,11,2026-06-13 19:00:00
treinhard,0.0,40.0,awang,0.0,40.0,0,0,0,"nfurrh,xfuzat,treinhard,jthachet,bgfroerer,awang,mturner",False,2026-06-13-HTX-CAR,4,1,1,6,324.0,3,4,True,True,76,away,46,1781392940.0,18,False,"smadiraju1,smadiraju,wcoffin,mtucker,elong,mlee1,bmorrison",47,106,ebcac08bce48eb905133c1822604dcdf1f6d29102b8c26cfae1c9ee3008570c8,1781392940.0,False,76,261.259259259259,0.0,0.0,0.0,-90.0,04e13128abd0fd26047ad44e5d850a9d5f0966f6d8b2de34e6713b9797cfe183,0.5,0.5,0.694463433964138,0.697157094367383,0.697157094367383,0.859330506035093,2421.25925925926,3.0,0.909,0.0,0.0,106.0,d96f47cff1894a2b2c8009765c5a7ffe3fa10c1a,2026-08-18 08:07:04,2026-06-13 23:24:11,2026-06-13-HTX-CAR,flyers,havoc,32,11,2026-06-13 19:00:00
awang,0.0,40.0,bgfroerer,0.0,40.0,0,0,0,"nfurrh,xfuzat,treinhard,jthachet,bgfroerer,awang,mturner",False,2026-06-13-HTX-CAR,4,1,1,6,324.0,3,5,True,True,77,away,47,1781392944.0,18,False,"smadiraju1,smadiraju,wcoffin,mtucker,elong,mlee1,bmorrison",48,107,6c989048c031c0f9dae93c677d475b2a7acf42d0e8c883c6de388669e0fd14a1,1781392944.0,False,77,256.777777777778,0.0,0.0,0.0,-90.0,30e73f3c7dc41026f36c0cbec96569120a05406e0612d5ffa0fd57dd1b40c32e,0.5,0.5,0.694463433964138,0.696991608717872,0.696991608717872,0.859235745469086,2416.77777777778,3.0,0.909,0.0,0.0,107.0,ff06f55fba1f9c800e29126cb6ef99594d3ffac2,2026-08-18 08:07:04,2026-06-13 23:24:11,2026-06-13-HTX-CAR,flyers,havoc,32,11,2026-06-13 19:00:00
bgfroerer,0.0,40.0,mturner,0.0,40.0,0,0,0,"nfurrh,xfuzat,treinhard,jthachet,bgfroerer,awang,mturner",False,2026-06-13-HTX-CAR,4,1,1,6,324.0,3,6,True,True,78,away,48,1781392948.0,18,False,"smadiraju1,smadiraju,wcoffin,mtucker,elong,mlee1,bmorrison",49,108,85d93f4b2e603e97b532941ed2a79af812d5a088cbc9da2406235411046b0323,1781392948.0,False,78,252.296296296296,0.0,0.0,0.0,-90.0,31b7f9abd3717987b5d94ff87d5c1fef2145ea97c74e5450280bac25596de8ca,0.5,0.5,0.694463433964138,0.696806746417201,0.696806746417201,0.859129860930112,2412.2962962963,3.0,0.909,0.0,0.0,108.0,bf1306bcffcfd3ca80d0b27564799b8fb3e3e9e5,2026-08-18 08:07:04,2026-06-13 23:24:11,2026-06-13-HTX-CAR,flyers,havoc,32,11,2026-06-13 19:00:00
mturner,0.0,40.0,xfuzat,0.0,40.0,0,0,0,"nfurrh,xfuzat,treinhard,jthachet,bgfroerer,awang,mturner",False,2026-06-13-HTX-CAR,4,1,1,6,324.0,3,7,True,True,79,away,49,1781392952.0,18,False,"smadiraju1,smadiraju,wcoffin,mtucker,elong,mlee1,bmorrison",50,109,b17cc4ee4245e75a2836de400246dde44dfc5a04fb892b64f66818c82e31f6a2,1781392952.0,False,79,247.814814814815,0.0,0.0,0.0,-90.0,9cf729b7cfa99a2c4d986580100d53d6fa2cb0202b6b2ca4c2ea1b3bf514b067,0.5,0.5,0.694463433964138,0.696601125783687,0.696601125783687,0.859012051192863,2407.81481481481,3.0,0.909,0.0,0.0,109.0,c20a8cd450ede41afb8653728677921629c56c36,2026-08-18 08:07:04,2026-06-13 23:24:11,2026-06-13-HTX-CAR,flyers,havoc,32,11,2026-06-13 19:00:00
xfuzat,0.0,40.0,awang,0.0,40.0,0,0,0,"nfurrh,xfuzat,treinhard,jthachet,bgfroerer,awang,mturner",False,2026-06-13-HTX-CAR,4,1,1,6,324.0,3,8,True,True,80,away,50,1781392954.0,18,False,"smadiraju1,smadiraju,wcoffin,mtucker,elong,mlee1,bmorrison",51,110,1ae7c1e106daf7d2e83fa791bad49f23d4b4b1b0d1d49ab085dbd1f13fcfeed4,1781392954.0,False,80,243.333333333333,0.0,0.0,0.0,-90.0,4a9909d87f92320e9dd5266957b5ef892e9af315b872575bb868e64be3bebd44,0.5,0.5,0.694463433964138,0.6963733607885,0.6963733607885,0.858881510440775,2403.33333333333,3.0,0.909,0.0,0.0,110.0,91719a86480b0edf1bab85ef09204242bac1863e,2026-08-18 08:07:04,2026-06-13 23:24:11,2026-06-13-HTX-CAR,flyers,havoc,32,11,2026-06-13 19:00:00
awang,0.0,40.0,treinhard,0.0,40.0,0,0,0,"nfurrh,xfuzat,treinhard,jthachet,bgfroerer,awang,mturner",False,2026-06-13-HTX-CAR,4,1,1,6,324.0,3,9,True,True,81,away,51,1781392958.0,18,False,"smadiraju1,smadiraju,wcoffin,mtucker,elong,mlee1,bmorrison",52,111,b05b500687db5a999d4c06561cbdaa3f6458bad7510e1c03bc532d71834974bf,1781392958.0,False,81,238.851851851852,0.0,0.0,0.0,-90.0,4b264db4b8a143de6aa4d547d106ae07c4f6995f6b26d5c126b40039e913f254,0.5,0.5,0.694463433964138,0.696122060526067,0.696122060526067,0.858737427692459,2398.85185185185,3.0,0.909,0.0,0.0,111.0,ad9b2650e8d40293348a2243bf825933b2f588a2,2026-08-18 08:07:04,2026-06-13 23:24:11,2026-06-13-HTX-CAR,flyers,havoc,32,11,2026-06-13 19:00:00
treinhard,0.0,40.0,xfuzat,0.0,40.0,0,0,0,"nfurrh,xfuzat,treinhard,jthachet,bgfroerer,awang,mturner",False,2026-06-13-HTX-CAR,4,1,1,6,324.0,3,10,True,True,82,away,52,1781392960.0,18,False,"smadiraju1,smadiraju,wcoffin,mtucker,elong,mlee1,bmorrison",53,112,59394e8e25b230eda3cedfeeaf346ca35ddccff9819c59c11ec25a6b3e5b6736,1781392960.0,False,82,234.37037037037,0.0,0.0,0.0,-90.0,1ec0842f37c1b8cfa131a77fd0b2673e32bdc1471741f9729b79b56b6f9e17b3,0.5,0.5,0.694463433964138,0.695845828653385,0.695845828653385,0.858578986190111,2394.37037037037,3.0,0.909,0.0,0.0,112.0,b022dff95292c8fb8db3823e37b333ed0c870225,2026-08-18 08:07:04,2026-06-13 23:24:11,2026-06-13-HTX-CAR,flyers,havoc,32,11,2026-06-13 19:00:00
xfuzat,0.0,40.0,treinhard,0.0,40.0,0,0,0,"nfurrh,xfuzat,treinhard,jthachet,bgfroerer,awang,mturner",False,2026-06-13-HTX-CAR,4,1,1,6,324.0,3,11,True,True,83,away,53,1781392965.0,18,False,"smadiraju1,smadiraju,wcoffin,mtucker,elong,mlee1,bmorrison",54,113,4eda010d67e5bdee3fa4c71965da51bf56612e404bf9ac1262c9e4a4eed0c8eb,1781392965.0,False,83,229.888888888889,0.0,0.0,0.0,-90.0,ff13051777988b68717d997112138f36b9c7c0c5073f79d1a59211d2abbdda75,0.5,0.5,0.694463433964138,0.695543262798919,0.695543262798919,0.858405362749555,2389.88888888889,3.0,0.909,0.0,0.0,113.0,d7faaa3754d77fe80cc7569bb9b44d5cced51e25,2026-08-18 08:07:04,2026-06-13 23:24:11,2026-06-13-HTX-CAR,flyers,havoc,32,11,2026-06-13 19:00:00
treinhard,0.0,40.0,mturner,0.0,40.0,0,0,0,"nfurrh,xfuzat,treinhard,jthachet,bgfroerer,awang,mturner",False,2026-06-13-HTX-CAR,4,1,1,6,324.0,3,12,True,True,84,away,54,1781392967.0,18,False,"smadiraju1,smadiraju,wcoffin,mtucker,elong,mlee1,bmorrison",55,114,4503cac1a061e161853cf909e2a8f92b78b299018c6490e59e59905ac56f93a7,1781392967.0,False,84,225.407407407407,0.0,0.0,0.0,-90.0,59eb3c0917a88de6adcdc67f63949ed1e3e674e31d1621326800555d0baa7524,0.5,0.5,0.694463433964138,0.695212953941817,0.695212953941817,0.858215727071533,2385.40740740741,3.0,0.909,0.0,0.0,114.0,d2f503fc20af47d53d8931912fcfeec992e9d614,2026-08-18 08:07:04,2026-06-13 23:24:11,2026-06-13-HTX-CAR,flyers,havoc,32,11,2026-06-13 19:00:00
mturner,0.0,40.0,awang,0.0,40.0,0,0,0,"nfurrh,xfuzat,treinhard,jthachet,bgfroerer,awang,mturner",False,2026-06-13-HTX-CAR,4,1,1,6,324.0,3,13,True,True,85,away,55,1781392976.0,18,False,"smadiraju1,smadiraju,wcoffin,mtucker,elong,mlee1,bmorrison",56,115,6ef71cb8ef6777420373677bde8ae3069c63e4bc2fc33a3566cf00675bdabde9,1781392976.0,False,85,220.925925925926,0.0,0.0,0.0,-90.0,7e2bb2bdc8cd75a43be4595e9fad2213eb4a047ae699c3803ce8503522dca010,0.5,0.5,0.694463433964138,0.694853485762294,0.694853485762294,0.858009241013806,2380.92592592593,3.0,0.909,0.0,0.0,115.0,bf260396791e99b54ba281265a09a58ceb30300a,2026-08-18 08:07:04,2026-06-13 23:24:11,2026-06-13-HTX-CAR,flyers,havoc,32,11,2026-06-13 19:00:00
awang,0.0,40.0,,0.0,40.0,1,0,0,"nfurrh,xfuzat,treinhard,jthachet,bgfroerer,awang,mturner",False,2026-06-13-HTX-CAR,4,1,1,6,324.0,3,14,True,True,86,away,56,1781392983.0,22,False,"smadiraju1,smadiraju,wcoffin,mtucker,elong,mlee1,bmorrison",57,117,20860bce161c90a67f5e56d9b0064f5b5420a4082b179993ed059f9c4378d9bc,1781392983.0,False,86,216.444444444444,0.0,0.0,0.0,-90.0,a38bef2493ec8f468343a63bba99704a2ddfeb3707c7328193489fe97f86a0d9,0.5,-0.5,0.694463433964138,0.694463433964138,0.694463433964138,0.857785057823608,2376.44444444444,3.0,0.949,-0.857785057823608,-0.857785057823608,117.0,241c4924cc6d8e84007aad2df233ddce170cc1b4,2026-08-18 08:07:04,2026-06-13 23:24:11,2026-06-13-HTX-CAR,flyers,havoc,32,11,2026-06-13 19:00:00
tbrooks1,0.0,40.0,smadiraju1,-6.01,46.9,0,0,0,"smadiraju1,smadiraju,wcoffin,mtucker,elong,bmorrison,tbrooks1",True,2026-06-13-HTX-CAR,4,1,1,6,324.0,4,1,False,True,87,home,60,1781392986.0,18,False,"xfuzat,jthachet,bgfroerer,awang,mturner,cughetta,skelly",61,118,4d838974b18ebf03423eaea39415ddd89ece18973b0381ab381a60cbefce1c4a,1781392986.0,False,87,211.962962962963,9.15041529112204,-6.01,6.9,41.0563369062337,2a588fdb30c5ff885612cdced32683a8e39085e79f5aef92bc151ff6869c3f94,0.985878152839097,0.0141218471609035,0.69404136557039,0.69404136557039,0.718206029891134,0.82760080377821,2371.96296296296,3.0,0.942,0.0241646643207444,0.0789801679099329,118.0,3374916a1c056b4bd247bdfc49f765d024ed3ae6,2026-08-18 08:07:04,2026-06-13 23:24:11,2026-06-13-HTX-CAR,flyers,havoc,32,11,2026-06-13 19:00:00
smadiraju1,-6.01,46.9,tbrooks1,-4.57,53.59,0,0,0,"smadiraju1,smadiraju,wcoffin,mtucker,elong,bmorrison,tbrooks1",True,2026-06-13-HTX-CAR,4,1,1,6,324.0,4,2,False,True,88,home,61,1781392987.0,18,False,"xfuzat,jthachet,bgfroerer,awang,mturner,cughetta,skelly",62,119,7eec9d390dbffa0b01fae46b9c81bf7fadc0440c24e3fb8125a467ff381100b2,1781392987.0,False,88,207.481481481481,6.843222924909,1.44,6.69,-12.1473863759087,1015ebed81eab1a0f5d61c64ef0093b34f236a821dada4aad247d5395cc4ce7c,0.987242128584704,0.0127578714152965,0.69404136557039,0.717771850035621,0.744127069972671,0.798313470731306,2367.48148148148,3.0,0.943,0.0263552199370499,0.0861398142470573,119.0,a247c96797fbfdcdabe2f2d9b72ca519dc999045,2026-08-18 08:07:04,2026-06-13 23:24:11,2026-06-13-HTX-CAR,flyers,havoc,32,11,2026-06-13 19:00:00
tbrooks1,-4.57,53.59,cbelus,7.77,65.86,0,0,0,"smadiraju1,smadiraju,wcoffin,mtucker,elong,tbrooks1,cbelus",True,2026-06-13-HTX-CAR,4,1,1,6,203.0,4,3,False,True,89,home,63,1781393022.0,18,False,"xfuzat,jthachet,bgfroerer,awang,mturner,cughetta,skelly",64,122,991129c2bbff5ec1332ef24e89113b91d3ad559db1a123e897298a7c8dd602e8,1781393022.0,False,89,203.0,17.4019682794792,12.34,12.27,-45.1629700832925,1a2361241aa572fbb5cfea8c7d1b37b4d7f1c5ee6ecb686a98f19076f743418e,0.962430682914484,0.0375693170855159,0.69404136557039,0.74368763160522,0.794890011617837,0.745266556766463,2363.0,3.0,0.945,0.0512023800126175,0.1673506619876,122.0,7c3ce6d22126964ef43f72c6d3a97c41b9194b3f,2026-08-18 08:07:04,2026-06-13 23:24:11,2026-06-13-HTX-CAR,flyers,havoc,32,11,2026-06-13 19:00:00
cbelus,7.77,65.86,smadiraju1,13.91,69.2,0,0,0,"smadiraju1,smadiraju,wcoffin,mtucker,elong,tbrooks1,cbelus",True,2026-06-13-HTX-CAR,4,1,1,6,203.0,4,4,False,True,90,home,64,1781393027.0,18,False,"xfuzat,jthachet,bgfroerer,awang,mturner,cughetta,skelly",65,123,243f0bb080bb9907343da8dd93aa2723503310826164a57b9520b17d7325d707,1781393027.0,False,90,201.333333333333,6.98964949049665,6.14,3.34,-61.4549613829198,3c1b033af0b3992174bf707911f89dbf1b8ed84174e729e7b574622649542abe,0.985549396337867,0.0144506036621328,0.69404136557039,0.794743145119653,0.804526831390534,0.726559119824511,2361.33333333333,3.0,0.946,0.00978368627088044,0.0319771536734692,123.0,ff87914eb6a7635af375bf1f2cd667d1965caffa,2026-08-18 08:07:04,2026-06-13 23:24:11,2026-06-13-HTX-CAR,flyers,havoc,32,11,2026-06-13 19:00:00
smadiraju1,13.91,69.2,tbrooks1,0.0,66.06,0,0,0,"smadiraju1,smadiraju,wcoffin,mtucker,elong,tbrooks1,cbelus",True,2026-06-13-HTX-CAR,4,1,1,6,203.0,4,5,False,True,91,home,65,1781393029.0,18,False,"xfuzat,jthachet,bgfroerer,awang,mturner,cughetta,skelly",66,124,20ec1407e8266c912262263c4043f89e5106286e68485951fc6d2f77b2ffaed2,1781393029.0,False,91,199.666666666667,14.2600035063109,-13.91,-3.14,102.720562853756,d62657ee07ec95a0c2d5d8d36ec273e8968db82d04c2686dd8a30068e5ab0e5a,0.974653439381012,0.0253465606189882,0.69404136557039,0.804381441469045,0.796393252733978,0.745106755638455,2359.66666666667,3.0,0.945,-0.00798818873506757,-0.0261087213634605,124.0,a59406ef6d61e89fb73878642ce7163b471d1129,2026-08-18 08:07:04,2026-06-13 23:24:11,2026-06-13-HTX-CAR,flyers,havoc,32,11,2026-06-13 19:00:00
tbrooks1,0.0,66.06,unknown,-5.94,70.09,0,0,0,"smadiraju1,smadiraju,wcoffin,mtucker,elong,tbrooks1,cbelus",True,2026-06-13-HTX-CAR,4,1,1,6,203.0,4,6,False,True,92,home,66,1781393054.0,18,False,"xfuzat,jthachet,bgfroerer,awang,mturner,cughetta,skelly",67,126,9bcfd3a86f9a2f3cf9ec1b12d3cb0e15ec0e938c9b34306edc9908b8a50aedea,1781393054.0,False,92,198.0,7.17805684012045,-5.94,4.03,55.8450232919841,18a4f465c3c96ecc116e11b34f4551888ee4c2d4b995909a93654bee341cf8c0,0.985236332017832,0.0147636679821677,0.69404136557039,0.796239450124962,0.813400176043126,0.728305219588727,2358.0,3.0,0.946,0.0171607259181638,0.0560883857720048,126.0,46049e9d5a0b2e51304274cd44f7eb0756655c7b,2026-08-18 08:07:04,2026-06-13 23:29:15,2026-06-13-HTX-CAR,flyers,havoc,32,11,2026-06-13 19:00:00
bgfroerer,0.0,40.0,mturner,0.0,40.0,0,0,0,"xfuzat,jthachet,bgfroerer,awang,mturner,cughetta,skelly",False,2026-06-13-HTX-CAR,4,1,1,6,203.0,5,1,True,True,93,away,59,1781393054.0,18,False,"smadiraju1,smadiraju,wcoffin,mtucker,elong,bmorrison,tbrooks1",60,127,715266f1fe7e9db5d3540d5b31de60b386cb52f8a190670be626167ee8b43c85,1781393054.0,False,93,196.333333333333,0.0,0.0,0.0,-90.0,af394fa8517de119602a8e421b1ce706e72c7ede69722d5b2fb3949906816d9c,0.5,0.5,0.69208559499384,0.692298073434152,0.692298073434152,0.85653805971619,2356.33333333333,3.0,0.909,0.0,0.0,127.0,d2bdf497e869669fd4fd910b73a32fad4834c13f,2026-08-18 08:07:04,2026-06-13 23:29:15,2026-06-13-HTX-CAR,flyers,havoc,32,11,2026-06-13 19:00:00
mturner,0.0,40.0,cughetta,0.0,100.0,0,0,0,"xfuzat,jthachet,bgfroerer,awang,mturner,cughetta,skelly",False,2026-06-13-HTX-CAR,4,2,1,6,203.0,5,2,True,True,94,away,60,1781393087.0,19,False,"smadiraju1,smadiraju,wcoffin,mtucker,elong,bmorrison,tbrooks1",61,129,ff6b6dfa0eec569b701c774d129438ecaf9be0da3a20f063fe5579fb39684620,1781393087.0,False,94,194.666666666667,60.0,0.0,60.0,0.0,d07f63ec8a9a3582bbf43b9fba448c9c97e36e60aeccc5f13d45022f4562f1ff,0.628299054686428,0.371700945313572,0.69208559499384,0.69208559499384,1.0,0.633073733876006,2354.66666666667,3.0,0.885,0.30791440500616,1.0,129.0,170764dbfba0aa91049f61e2023f02f264dd1236,2026-08-18 08:07:04,2026-06-13 23:29:15,2026-06-13-HTX-CAR,flyers,havoc,32,11,2026-06-13 19:00:00
kpignone,-21.22,26.65,zthoreson,15.95,15.88,0,0,0,"tmitchell,kpignone,jfairfax,jlouie,zthoreson,wmatthews,gsanner",True,2026-06-13-HTX-CAR,4,2,1,7,203.0,1,1,True,True,95,home,69,1781393194.0,18,False,"bthibodea,cughetta,mbaldauf,jjoshi,blin,cdixon,ifuzat",70,133,0c96055845ad4438c542d25d83d30ae1ef088161b7be63ec3eed41f7c1d40867,1781393194.0,False,95,193.0,38.6988604483388,37.17,-10.77,-106.158934714472,38fc016a698b0c2b10b3882dc7412b94b773d79e383d684b15a3f6435cb1ca89,0.944256101577203,0.0557438984227971,0.608590192711604,0.615869287194074,0.60883971050079,0.927130762671343,2353.0,2.0,0.87,-0.0070295766932843,-0.0179596335155312,133.0,609699661941d1270793c14c00b6a20f65bc9ac6,2026-08-18 08:07:04,2026-06-13 23:29:15,2026-06-13-HTX-CAR,flyers,havoc,32,11,2026-06-13 19:00:00
zthoreson,15.95,15.88,jfairfax,20.73,33.61,0,0,0,"tmitchell,kpignone,jfairfax,jlouie,zthoreson,wmatthews,gsanner",True,2026-06-13-HTX-CAR,4,2,1,7,203.0,1,2,True,True,96,home,70,1781393196.0,18,False,"bthibodea,cughetta,mbaldauf,jjoshi,blin,cdixon,ifuzat",71,134,9bd7aa050a3a5aef117c999353a9f3c48d0f7c3667b08b25e1761f41a08ba191,1781393196.0,False,96,191.333333333333,18.3630416870408,4.78,17.73,-15.0881877835789,c7853e44ea76cd2dd97de6490c2ea1d0d25785311550ce5d78143c99d6a322a1,0.97213947035272,0.0278605296472798,0.608590192711604,0.608590192711604,0.637372848650025,0.867576551911245,2351.33333333333,2.0,0.872,0.0287826559384214,0.0735358578207878,134.0,6f6c190b5a7656b4d66d7652b455fdf11e312dd5,2026-08-18 08:07:04,2026-06-13 23:29:15,2026-06-13-HTX-CAR,flyers,havoc,32,11,2026-06-13 19:00:00
jfairfax,20.73,33.61,wmatthews,15.34,45.54,0,0,0,"tmitchell,kpignone,jfairfax,jlouie,zthoreson,wmatthews,gsanner",True,2026-06-13-HTX-CAR,4,2,1,7,203.0,1,3,True,True,97,home,71,1781393199.0,18,False,"bthibodea,cughetta,mbaldauf,jjoshi,blin,cdixon,ifuzat",72,135,b0d42ed98ecb67daa144609739c66f728de5e12b4b20aa05c9e5046f11ffb2ec,1781393199.0,False,97,189.666666666667,13.0911038495613,-5.39,11.93,24.3135562154143,a70a1cbaddfc7b1c098e2f9814c64c07052e72b6ca925ef41d45bea3ad486b28,0.974899153499016,0.025100846500984,0.608590192711604,0.637124750217283,0.700467057176044,0.825939956323978,2349.66666666667,2.0,0.877,0.0633423069587611,0.161831169733797,135.0,9a2a046dbf2c8d4f7682e9c576c9847fdbdd70de,2026-08-18 08:07:04,2026-06-13 23:29:15,2026-06-13-HTX-CAR,flyers,havoc,32,11,2026-06-13 19:00:00
wmatthews,15.34,45.54,jlouie,20.66,58.43,0,0,0,"tmitchell,kpignone,jfairfax,jlouie,zthoreson,wmatthews,gsanner",True,2026-06-13-HTX-CAR,4,2,1,7,203.0,1,4,True,True,98,home,72,1781393202.0,18,False,"bthibodea,cughetta,mbaldauf,jjoshi,blin,cdixon,ifuzat",73,136,5098ea8ef3e8a86aac5f09884277bd58566178a64e4faf4a8d02bc0f2ba2a2b5,1781393202.0,False,98,188.0,13.944694331537,5.32,12.89,-22.427067653304,999028b5df266aeec5b5786da697aa49295f5256309ca1b2e4b564addd2ebc71,0.976567268521818,0.0234327314781818,0.608590192711604,0.700236367319164,0.734988780083585,0.751678031979433,2348.0,2.0,0.88,0.0347524127644208,0.0887877925317663,136.0,ccd7e07535eeb02d07b245eacc2a9e774632fa7b,2026-08-18 08:07:04,2026-06-13 23:29:15,2026-06-13-HTX-CAR,flyers,havoc,32,11,2026-06-13 19:00:00
jlouie,20.66,58.43,gsanner,21.14,81.4,0,0,0,"tmitchell,kpignone,jfairfax,jlouie,zthoreson,wmatthews,gsanner",True,2026-06-13-HTX-CAR,4,2,1,7,203.0,1,5,True,True,99,home,73,1781393205.0,18,False,"bthibodea,cughetta,mbaldauf,jjoshi,blin,cdixon,ifuzat",74,137,3234a0ddeadcff4fdf5c0796f1ffa590b37612003c04e583c16eb69687ecc405,1781393205.0,False,99,186.333333333333,22.9750146898756,0.48,22.97,-1.19712547032717,78a24db23baff642514953b6c34b8406245dcf595575998c37495ccb8e627ae1,0.927399603839976,0.0726003961600242,0.608590192711604,0.734769479583327,0.841821497944985,0.65383191469847,2346.33333333333,2.0,0.89,0.107052018361658,0.273503668963463,137.0,235b3f12eec06f7145090a23f92e0745161b3136,2026-08-18 08:07:04,2026-06-13 23:29:15,2026-06-13-HTX-CAR,flyers,havoc,32,11,2026-06-13 19:00:00
gsanner,21.14,81.4,jfairfax,5.72,105.95,0,0,0,"tmitchell,kpignone,jfairfax,jlouie,zthoreson,wmatthews,gsanner",True,2026-06-13-HTX-CAR,5,2,1,7,203.0,1,6,True,True,100,home,74,1781393222.0,19,False,"bthibodea,cughetta,mbaldauf,jjoshi,blin,cdixon,ifuzat",75,139,2c1d673587e6526a05d8a2bd737e875e87d600d5a60224de25289af8bd332e42,1781393222.0,False,100,184.666666666667,28.9910141250699,-15.42,24.55,32.1331724861461,70e5c49c82abbc8a2f79436439d0f175ad8eb3e6cf557ec31e2c2fff3bf7e8ce,0.841292963057494,0.158707036942506,0.608590192711604,0.841668006258019,1.0,0.630911902475234,2344.66666666667,2.0,0.901,0.158331993741981,0.404517185808069,139.0,490fa5becad721e6ba2ad51da271cd654ae5f798,2026-08-18 08:07:04,2026-06-13 23:29:15,2026-06-13-HTX-CAR,flyers,havoc,32,11,2026-06-13 19:00:00
awang,0.0,40.0,jthachet,0.0,40.0,0,0,0,"xfuzat,treinhard,jthachet,bgfroerer,awang,mturner,skelly",False,2026-06-13-HTX-CAR,5,2,1,8,203.0,1,1,True,True,101,away,65,1781393330.0,18,False,"mtucker,ostout,jsingleto,nlyle,smadiraju,jreinhard,cbelus",66,143,7d121a28db95bd821b701ceab8ec082b1545d6e06dd6f10045f20b9b8a03b9f5,1781393330.0,False,101,183.0,0.0,0.0,0.0,-90.0,fd40279ae1e99ff8a2ac7afcb7c3089354fb7b62d29c51b8c1b45982c5904161,0.5,0.5,0.689084615272304,0.69044239357361,0.69044239357361,0.855466084151342,2343.0,3.0,0.909,0.0,0.0,143.0,6214de8bb5398dcbe858585e750f85e08d01d207,2026-08-18 08:07:04,2026-06-13 23:29:15,2026-06-13-HTX-CAR,flyers,havoc,32,11,2026-06-13 19:00:00
jthachet,0.0,40.0,mturner,0.0,40.0,0,0,0,"xfuzat,treinhard,jthachet,bgfroerer,awang,mturner,skelly",False,2026-06-13-HTX-CAR,5,2,1,8,203.0,1,2,True,True,102,away,66,1781393334.0,18,False,"mtucker,ostout,jsingleto,nlyle,smadiraju,jreinhard,cbelus",67,144,13673c32e6e3527655df775b2a89c56cca27f129180b463aa64a1a86e4cdb0d4,1781393334.0,False,102,181.333333333333,0.0,0.0,0.0,-90.0,c88691e846135a64d58e4c1ddc5d8a904c649a8d2a3225eb56260484f5ca8603,0.5,0.5,0.689084615272304,0.690184453475135,0.690184453475135,0.855316835986843,2341.33333333333,3.0,0.909,0.0,0.0,144.0,25f248447f116c9add169681f756093fa5c7b94c,2026-08-18 08:07:04,2026-06-13 23:29:15,2026-06-13-HTX-CAR,flyers,havoc,32,11,2026-06-13 19:00:00
mturner,0.0,40.0,jthachet,0.0,40.0,0,0,0,"xfuzat,treinhard,jthachet,bgfroerer,awang,mturner,skelly",False,2026-06-13-HTX-CAR,5,2,1,8,203.0,1,3,True,True,103,away,67,1781393338.0,18,False,"mtucker,ostout,jsingleto,nlyle,smadiraju,jreinhard,cbelus",68,145,045c6dbaf9d010c6cb24cdea6c6220a0a7013ad0e7b4255551d476dccb49fb19,1781393338.0,False,103,179.666666666667,0.0,0.0,0.0,-90.0,3ccdc1786bf2a9c083c4590fb552257b881ce39cf6638311f9d42204c3e32789,0.5,0.5,0.689084615272304,0.689920470995096,0.689920470995096,0.855164030028377,2339.66666666667,3.0,0.909,0.0,0.0,145.0,5d99f658524c1deef133d1944049a9823f1d6e77,2026-08-18 08:07:04,2026-06-13 23:29:15,2026-06-13-HTX-CAR,flyers,havoc,32,11,2026-06-13 19:00:00
jthachet,0.0,40.0,skelly,0.0,40.0,0,0,0,"xfuzat,treinhard,jthachet,bgfroerer,awang,mturner,skelly",False,2026-06-13-HTX-CAR,5,2,1,8,203.0,1,4,True,True,104,away,68,1781393341.0,18,False,"mtucker,ostout,jsingleto,nlyle,smadiraju,jreinhard,cbelus",69,146,6343514217c656767da4020e2477d8b66311b3b7d45a489226b3ba83bfc1ba7d,1781393341.0,False,104,178.0,0.0,0.0,0.0,-90.0,9d328d625dcd49cb07f7548e446ec2a26bb716db2c4908a3c740c849808ff180,0.5,0.5,0.689084615272304,0.689649936969039,0.689649936969039,0.855007367046657,2338.0,3.0,0.909,0.0,0.0,146.0,69d7bb3edc0e6a874eb7d34ce998c51bd9d0bf13,2026-08-18 08:07:04,2026-06-13 23:29:15,2026-06-13-HTX-CAR,flyers,havoc,32,11,2026-06-13 19:00:00
skelly,0.0,40.0,xfuzat,0.0,40.0,0,0,0,"xfuzat,treinhard,jthachet,bgfroerer,awang,mturner,skelly",False,2026-06-13-HTX-CAR,5,2,1,8,203.0,1,5,True,True,105,away,69,1781393344.0,18,False,"mtucker,ostout,jsingleto,nlyle,smadiraju,jreinhard,cbelus",70,147,430c6fc2996b66d592f88c5759aecc207cfa27998c33813001f05a6677ece173,1781393344.0,False,105,176.333333333333,0.0,0.0,0.0,-90.0,5591d4640998cc11ea6165ff92fdaab34f0f16ea553581937b87bf0b77481f71,0.5,0.5,0.689084615272304,0.689371714938073,0.689371714938073,0.854846183713668,2336.33333333333,3.0,0.909,0.0,0.0,147.0,90f350e4b0225aae5b1e9dbf829aab3007aff09f,2026-08-18 08:07:04,2026-06-13 23:29:15,2026-06-13-HTX-CAR,flyers,havoc,32,11,2026-06-13 19:00:00
xfuzat,0.0,40.0,,0.0,40.0,1,0,0,"xfuzat,treinhard,jthachet,bgfroerer,awang,mturner,skelly",False,2026-06-13-HTX-CAR,5,2,1,8,203.0,1,6,True,True,106,away,70,1781393353.0,22,False,"mtucker,ostout,jsingleto,nlyle,smadiraju,jreinhard,cbelus",71,149,7e711d9ebf972bca9b4ea06ab1f6ae6e0b0b49943ea4627f87e968c87b4d67f0,1781393353.0,False,106,174.666666666667,0.0,0.0,0.0,-90.0,cb486f57ec6bf4dabd0d73271c88358f848c4d06c5de8662524965b929c982ca,0.5,-0.5,0.689084615272304,0.689084615272304,0.689084615272304,0.85467978459395,2334.66666666667,3.0,0.948,-0.85467978459395,-0.85467978459395,149.0,e207bde37450b2edf925790c86a5bb01a95f400d,2026-08-18 08:07:04,2026-06-13 23:34:18,2026-06-13-HTX-CAR,flyers,havoc,32,11,2026-06-13 19:00:00
jsingleto,3.68,21.06,cbelus,-13.92,30.2,0,0,0,"mtucker,ostout,jsingleto,nlyle,smadiraju,jreinhard,cbelus",True,2026-06-13-HTX-CAR,5,2,1,8,173.0,2,1,False,False,107,home,78,1781393362.0,18,False,"xfuzat,treinhard,jthachet,bgfroerer,awang,mturner,skelly",79,150,9b7aeb7676b0c1a9f59c6a7705a50cb6eaf11e5b79d0070dc7087984a656b7e5,1781393362.0,False,107,173.0,19.8317825724265,-17.6,9.14,62.5563273519317,b2005f0d94501fc496ad12b9a48258d7cb284199e7fc6c4693852a7fa08c649c,0.972544988627142,0.0274550113728576,0.631913623080402,0.631913623080402,0.650194917266236,0.890736804362355,2333.0,3.0,0.939,0.018281294185834,0.0496657723081864,150.0,ea1be32866d798623713a7fa3b0e52a54f375b68,2026-08-18 08:07:04,2026-06-13 23:34:18,2026-06-13-HTX-CAR,flyers,havoc,32,11,2026-06-13 19:00:00
cbelus,-13.92,30.2,jreinhard,-18.96,47.93,0,0,0,"mtucker,ostout,jsingleto,nlyle,smadiraju,jreinhard,cbelus",True,2026-06-13-HTX-CAR,5,2,1,8,173.0,2,2,False,False,108,home,79,1781393366.0,18,False,"xfuzat,treinhard,jthachet,bgfroerer,awang,mturner,skelly",80,151,6a90d0b13bfc5cee1687714e4c86dc510e8391052f61b28208a2ca34213eaa77,1781393366.0,False,108,171.6,18.4324306590314,-5.04,17.73,15.8685404412999,f7df7ddf4b8207035b6dd255e5e8e4446cc3ae36e44ae6ccc94460b1146514ef,0.967863123567618,0.0321368764323819,0.631913623080402,0.649920888455817,0.697767720320669,0.803138417919051,2331.6,3.0,0.941,0.0478468318648519,0.129988054068362,151.0,3224d3746f046eed6f84f3aef5370b8d5721aa0d,2026-08-18 08:07:04,2026-06-13 23:34:18,2026-06-13-HTX-CAR,flyers,havoc,32,11,2026-06-13 19:00:00
jreinhard,-18.96,47.93,nlyle,-23.26,63.61,0,0,0,"mtucker,ostout,jsingleto,nlyle,smadiraju,jreinhard,cbelus",True,2026-06-13-HTX-CAR,5,2,1,8,173.0,2,3,False,False,109,home,80,1781393369.0,18,False,"xfuzat,treinhard,jthachet,bgfroerer,awang,mturner,skelly",81,152,cf51226f44eb90aa7113b9a31d610557623128fb3365cb2affdc79c50b9c183a,1781393369.0,False,109,170.2,16.258917553146,-4.3,15.68,15.3354773874123,6cc6a0a11e841b99df8deba89038979f5137ba08d16c9b250f2a3850cce8ed56,0.952987800521585,0.0470121994784154,0.631913623080402,0.697505221611594,0.743076786982716,0.708974184574448,2330.2,3.0,0.943,0.0455715653711228,0.123806715566323,152.0,2bbed8c4872c178f483eb2dccc584deae5be4a3d,2026-08-18 08:07:04,2026-06-13 23:34:18,2026-06-13-HTX-CAR,flyers,havoc,32,11,2026-06-13 19:00:00
nlyle,-23.26,63.61,jreinhard,-13.71,66.54,0,0,0,"mtucker,ostout,jsingleto,nlyle,smadiraju,jreinhard,cbelus",True,2026-06-13-HTX-CAR,5,2,1,8,173.0,2,4,False,False,110,home,81,1781393371.0,18,False,"xfuzat,treinhard,jthachet,bgfroerer,awang,mturner,skelly",82,153,04f5b7c7f7dd20897c39bd26017905453e6d1d48a95de898cf06e3cf55626dff,1781393371.0,False,110,168.8,9.98936434414123,9.55,2.93000000000001,-72.9436575354699,44bcf5a3cdf248b5efb3a86d0f4c04866eddfca2ba9e56cc8184633096f4df23,0.975164338207795,0.0248356617922053,0.631913623080402,0.742830909553212,0.790004740110179,0.732126616377502,2328.8,3.0,0.945,0.0471738305569663,0.128159675323357,153.0,bbbe597b861a2bcf33bfabe4835e5f6d6f0ef8c7,2026-08-18 08:07:04,2026-06-13 23:34:18,2026-06-13-HTX-CAR,flyers,havoc,32,11,2026-06-13 19:00:00
jreinhard,-13.71,66.54,nlyle,-20.53,63.95,0,0,0,"mtucker,ostout,jsingleto,nlyle,smadiraju,jreinhard,cbelus",True,2026-06-13-HTX-CAR,5,2,1,8,173.0,2,5,False,False,111,home,82,1781393375.0,18,False,"xfuzat,treinhard,jthachet,bgfroerer,awang,mturner,skelly",83,154,636bf1e8dea0be15e8cd7122a742ea97aa513c95e2c062d0c54e1facb219407a,1781393375.0,False,111,167.4,7.29523817294542,-6.82,-2.59,110.795044357585,463173af4a7230bb1dcb3567120c4dc6b85a5409f313c796448599e1052d5b13,0.989181809319744,0.0108181906802557,0.631913623080402,0.789783376278343,0.760382697771603,0.721657739383573,2327.4,3.0,0.944,-0.0294006785067402,-0.0798744000057419,154.0,b317120aa11fa6a330b4c38d83f88d178f9fcc02,2026-08-18 08:07:04,2026-06-13 23:34:18,2026-06-13-HTX-CAR,flyers,havoc,32,11,2026-06-13 19:00:00
nlyle,-20.53,63.95,mtucker,-20.6,74.65,0,0,0,"mtucker,ostout,jsingleto,nlyle,smadiraju,jreinhard,cbelus",True,2026-06-13-HTX-CAR,5,2,1,8,173.0,2,6,False,False,112,home,83,1781393378.0,18,False,"xfuzat,treinhard,jthachet,bgfroerer,awang,mturner,skelly",84,155,2c24101f6207a7b76a879ef89f15fb081f39213e782a005820566a6b8ddd23b1,1781393378.0,False,112,166.0,10.7002289695128,-0.0700000000000003,10.7,0.374826855140967,ff2d2bebb1732d587fb05e6cd1e6742c53ee6b3198b0cbcd320c514e3a41afb3,0.97708326525027,0.0229167347497303,0.631913623080402,0.760130546860046,0.811019995553911,0.675906959618969,2326.0,3.0,0.946,0.0508894486938651,0.13825409437791,155.0,a3e0dcc45bb14a1e5ce1eeda1cfa7d435c79eba5,2026-08-18 08:07:04,2026-06-13 23:34:18,2026-06-13-HTX-CAR,flyers,havoc,32,11,2026-06-13 19:00:00
mtucker,-20.6,74.65,nlyle,-20.53,82.77,0,0,0,"mtucker,ostout,jsingleto,nlyle,smadiraju,jreinhard,cbelus",True,2026-06-13-HTX-CAR,5,2,1,8,173.0,2,7,False,False,113,home,84,1781393382.0,18,False,"xfuzat,treinhard,jthachet,bgfroerer,awang,mturner,skelly",85,156,6b8ed764d5166d5cc14e7984f2b7cc51707201ecb1deea2fa2a5c11f472ca298,1781393382.0,False,113,164.6,8.12030171853237,0.0700000000000003,8.11999999999999,-0.49391689861875,07b7c201ed09d12214731d61b32c46b3459e385720bfa84ce7350d640f0b2754,0.980234304907756,0.0197656950922439,0.631913623080402,0.810799764810334,0.849364104060777,0.64578876912574,2324.6,3.0,0.948,0.0385643392504433,0.104769808579107,156.0,1c81860614e814802f642c7bd6cf56add8d68181,2026-08-18 08:07:04,2026-06-13 23:34:18,2026-06-13-HTX-CAR,flyers,havoc,32,11,2026-06-13 19:00:00
nlyle,-20.53,82.77,cbelus,-18.56,72.61,0,0,0,"mtucker,ostout,jsingleto,nlyle,smadiraju,jreinhard,cbelus",True,2026-06-13-HTX-CAR,5,2,1,8,173.0,2,8,False,False,114,home,85,1781393387.0,18,False,"xfuzat,treinhard,jthachet,bgfroerer,awang,mturner,skelly",86,157,d8aa1f3b5d1e3ba78b441be497a97e9b407c2957950e89fac7276408f88d933b,1781393387.0,False,114,163.2,10.3492270242758,1.97,-10.16,-169.026650571889,444467f35184cdeecb291de23a1f2e59d6e5c3e372c0574bc82c554c0b9607c8,0.982208814955099,0.0177911850449011,0.631913623080402,0.849173061754752,0.807659118493993,0.692673335806388,2323.2,3.0,0.946,-0.0415139432607591,-0.112783155975987,157.0,38285aa8f276f2038210d2f7bcc2ba77e4b5a952,2026-08-18 08:07:04,2026-06-13 23:34:18,2026-06-13-HTX-CAR,flyers,havoc,32,11,2026-06-13 19:00:00
cbelus,-18.56,72.61,ostout,-5.05,67.63,0,0,0,"mtucker,ostout,jsingleto,nlyle,smadiraju,jreinhard,cbelus",True,2026-06-13-HTX-CAR,5,2,1,8,173.0,2,9,False,False,115,home,86,1781393390.0,18,False,"xfuzat,treinhard,jthachet,bgfroerer,awang,mturner,skelly",87,158,49b6c6bb92facb12fb855a3509553b6abac0a1ddd1f85933e4f6214021a5cb8c,1781393390.0,False,115,161.8,14.3986284069004,13.51,-4.98,-110.234685495128,90105033b7fdb3d463e16a6afab7f8ff90c7c6380f28e330d2301c227a3ea756,0.970951338837834,0.0290486611621663,0.631913623080402,0.807417944179418,0.79821656401628,0.732688217109769,2321.8,3.0,0.945,-0.00920138016313721,-0.0249978829429678,158.0,54710ccbcc7e630444402acbc43435306c0b689c,2026-08-18 08:07:04,2026-06-13 23:34:18,2026-06-13-HTX-CAR,flyers,havoc,32,11,2026-06-13 19:00:00
ostout,-5.05,67.63,smadiraju,20.39,106.36,0,0,0,"mtucker,ostout,jsingleto,nlyle,smadiraju,jreinhard,cbelus",True,2026-06-13-HTX-CAR,6,2,1,8,173.0,2,10,False,False,116,home,87,1781393398.0,19,False,"xfuzat,treinhard,jthachet,bgfroerer,awang,mturner,skelly",88,160,73792a728c095e43770c6d5ee02efcf194c5b79cf917d1e0973621ade7f640ec,1781393398.0,False,116,160.4,46.3379596011736,25.44,38.73,-33.2991165775692,d9e4e073e6249c4f6da498db39f327bef82b3998629e8e1cba361fb1c9632c9e,0.79016492942117,0.20983507057883,0.631913623080402,0.797956413687774,1.0,0.596478370428278,2320.4,3.0,0.953,0.202043586312226,0.548902646175246,160.0,7120d16b25aae34a3c38eb99d4233bdb5d1bb140,2026-08-18 08:07:04,2026-06-13 23:34:18,2026-06-13-HTX-CAR,flyers,havoc,32,11,2026-06-13 19:00:00
mbaldauf,0.0,40.0,cughetta,0.0,40.0,0,0,0,"bthibodea,cughetta,mbaldauf,jjoshi,blin,cdixon,sheslep",False,2026-06-13-HTX-CAR,6,2,1,9,159.0,1,1,True,True,117,away,73,1781393455.0,18,False,"mlee1,smadiraju,zthoreson,smadiraju1,elong,wcoffin,mtucker",74,164,1875ef984dcc5dd0d7af844a2a82674d79c9fda1312d29ab34fee6c76be79fc9,1781393455.0,False,117,159.0,0.0,0.0,0.0,-90.0,936856cd9b02fa10c48fa8b2d04e32129f6af4784c4cea32b50cd8d5d35632fd,0.5,0.5,0.652677067200693,0.685729190480179,0.685729190480179,0.852729535888178,2319.0,4.0,0.958,0.0,0.0,164.0,292be9943b2a3506b2bda0bcfba7b798143e8342,2026-08-18 08:07:04,2026-06-13 23:34:18,2026-06-13-HTX-CAR,flyers,havoc,32,11,2026-06-13 19:00:00
cughetta,0.0,40.0,cdixon,0.0,40.0,0,0,0,"bthibodea,cughetta,mbaldauf,jjoshi,blin,cdixon,sheslep",False,2026-06-13-HTX-CAR,6,2,1,9,159.0,1,2,True,True,118,away,74,1781393457.0,18,False,"mlee1,smadiraju,zthoreson,smadiraju1,elong,wcoffin,mtucker",75,165,a5bf225e6a83f2069bf999cb548bf8bc89f2437502af860ade44f92affcd17d4,1781393457.0,False,118,155.133333333333,0.0,0.0,0.0,-90.0,bda8108db8552d4b808328ea1d7b15f6194442e74f8e2c8c1c991c9dc6c88c5f,0.5,0.5,0.652677067200693,0.684648508172106,0.684648508172106,0.852099257851123,2315.13333333333,4.0,0.958,0.0,0.0,165.0,1436de4d216a75fbb8214e40ae1029f3b6a1387d,2026-08-18 08:07:04,2026-06-13 23:14:04,2026-06-13-HTX-CAR,flyers,havoc,32,11,2026-06-13 19:00:00
cdixon,0.0,40.0,bthibodea,0.0,40.0,0,0,0,"bthibodea,cughetta,mbaldauf,jjoshi,blin,cdixon,sheslep",False,2026-06-13-HTX-CAR,6,2,1,9,159.0,1,3,True,True,119,away,75,1781393460.0,18,False,"mlee1,smadiraju,zthoreson,smadiraju1,elong,wcoffin,mtucker",76,166,7114982106eee7994f583cf9b1aa40c1fe846db6fff5f6cac634909c7ced73ab,1781393460.0,False,119,151.266666666667,0.0,0.0,0.0,-90.0,f21f53a21d6b214e8f1e2d67795b1b44383edd80071c272c36b7f715cdef3a07,0.5,0.5,0.652677067200693,0.683436846464069,0.683436846464069,0.851391332146857,2311.26666666667,4.0,0.959,0.0,0.0,166.0,ec6351eefe0993ae8045085238690cab5185981c,2026-08-18 08:07:04,2026-06-13 23:34:18,2026-06-13-HTX-CAR,flyers,havoc,32,11,2026-06-13 19:00:00
bthibodea,0.0,40.0,cdixon,0.0,40.0,0,0,0,"bthibodea,cughetta,mbaldauf,jjoshi,blin,cdixon,sheslep",False,2026-06-13-HTX-CAR,6,2,1,9,159.0,1,4,True,True,120,away,76,1781393463.0,18,False,"mlee1,smadiraju,zthoreson,smadiraju1,elong,wcoffin,mtucker",77,167,a05206538c37022a542e1f4a4cb29e20116ca4a5a999e72cfc34d17eb2777466,1781393463.0,False,120,147.4,0.0,0.0,0.0,-90.0,d603fcfa7be469641697e19f9093f12dca4ad3cdc1e59600455f7700def6f695,0.5,0.5,0.652677067200693,0.682078523327907,0.682078523327907,0.85059613300183,2307.4,4.0,0.959,0.0,0.0,167.0,1c060b041de9cee32fad2fe818f05ca37994cfc3,2026-08-18 08:07:04,2026-06-13 23:34:18,2026-06-13-HTX-CAR,flyers,havoc,32,11,2026-06-13 19:00:00
cdixon,0.0,40.0,sheslep,0.0,40.0,0,0,0,"bthibodea,cughetta,mbaldauf,jjoshi,blin,cdixon,sheslep",False,2026-06-13-HTX-CAR,6,2,1,9,159.0,1,5,True,True,121,away,77,1781393469.0,18,False,"mlee1,smadiraju,zthoreson,smadiraju1,elong,wcoffin,mtucker",78,168,812d79709bf75ce474ace6f8bd652af3fd0a352588a287bb32874f71a97db9db,1781393469.0,False,121,143.533333333333,0.0,0.0,0.0,-90.0,277809cb67e591f102cbcce786c42f703e66d35748f3aee24abe9c5eefb819af,0.5,0.5,0.652677067200693,0.680557631005075,0.680557631005075,0.849703766879097,2303.53333333333,4.0,0.959,0.0,0.0,168.0,95d746c827a111b8c8ecf14168439d6327ce577e,2026-08-18 08:07:04,2026-06-13 23:34:18,2026-06-13-HTX-CAR,flyers,havoc,32,11,2026-06-13 19:00:00
sheslep,0.0,40.0,bthibodea,0.0,40.0,0,0,0,"bthibodea,cughetta,mbaldauf,jjoshi,blin,cdixon,sheslep",False,2026-06-13-HTX-CAR,6,2,1,9,159.0,1,6,True,True,122,away,78,1781393472.0,18,False,"mlee1,smadiraju,zthoreson,smadiraju1,elong,wcoffin,mtucker",79,169,cceb39c45ba199180c2ba93610cc51878938c3c0fc02a333206f1b22cc37e8a8,1781393472.0,False,122,139.666666666667,0.0,0.0,0.0,-90.0,3791486285aa218d9c88cf8db68255f3a7863af75b08c858fa958b8a19cbe090,0.5,0.5,0.652677067200693,0.678858003018877,0.678858003018877,0.848704027560949,2299.66666666667,4.0,0.959,0.0,0.0,169.0,6722a1fdde6f6f8ddd8f8aa20716335f17ca6b7b,2026-08-18 08:07:04,2026-06-13 23:34:18,2026-06-13-HTX-CAR,flyers,havoc,32,11,2026-06-13 19:00:00
bthibodea,0.0,40.0,blin,0.0,40.0,0,0,0,"bthibodea,cughetta,mbaldauf,jjoshi,blin,cdixon,sheslep",False,2026-06-13-HTX-CAR,6,2,1,9,159.0,1,7,True,True,123,away,79,1781393475.0,18,False,"mlee1,smadiraju,zthoreson,smadiraju1,elong,wcoffin,mtucker",80,170,02c983304cf45d1f9092fc38c7f039270e5726b57c0f9599deb4cd8f78f18aa2,1781393475.0,False,123,135.8,0.0,0.0,0.0,-90.0,2ab4ff165d5bda691ccf7c08f86c80ada579678e459fc2bfbfaae415dd4eb87f,0.5,0.5,0.652677067200693,0.676963179364733,0.676963179364733,0.84758634631061,2295.8,4.0,0.959,0.0,0.0,170.0,9410f688e82c1c50cc2e0da8025d47bd026c2868,2026-08-18 08:07:04,2026-06-13 23:34:18,2026-06-13-HTX-CAR,flyers,havoc,32,11,2026-06-13 19:00:00
blin,0.0,40.0,bthibodea,0.0,40.0,0,0,0,"bthibodea,cughetta,mbaldauf,jjoshi,blin,cdixon,sheslep",False,2026-06-13-HTX-CAR,6,2,1,9,159.0,1,8,True,True,124,away,80,1781393481.0,18,False,"mlee1,smadiraju,zthoreson,smadiraju1,elong,wcoffin,mtucker",81,171,882e03c79cbc66ac88d83b64b82df5d4ccb06a4c1dae2e00ea0459d1b40f8210,1781393481.0,False,124,131.933333333333,0.0,0.0,0.0,-90.0,557f7e71c892466216713eb2f6f7af49f656178640e1c44a079f0d13ec5ce0e4,0.5,0.5,0.652677067200693,0.674856370425268,0.674856370425268,0.846339736961197,2291.93333333333,4.0,0.959,0.0,0.0,171.0,b00b6de3249282a2775da0d313610397bc66e3c0,2026-08-18 08:07:04,2026-06-13 23:34:18,2026-06-13-HTX-CAR,flyers,havoc,32,11,2026-06-13 19:00:00
bthibodea,0.0,40.0,sheslep,0.0,40.0,0,0,0,"bthibodea,cughetta,mbaldauf,jjoshi,blin,cdixon,sheslep",False,2026-06-13-HTX-CAR,6,2,1,9,159.0,1,9,True,True,125,away,81,1781393482.0,18,False,"mlee1,smadiraju,zthoreson,smadiraju1,elong,wcoffin,mtucker",82,172,1c5905fb3d5578a1dea9d6d7e4ba603bf5574bf9bdd9f123564bfa273b847d2c,1781393482.0,False,125,128.066666666667,0.0,0.0,0.0,-90.0,c723b1146c506a1a41ac59e10badb95b0dc7185fa343b7e745aa9b3012a57ea4,0.5,0.5,0.652677067200693,0.672520420276429,0.672520420276429,0.844952735770498,2288.06666666667,4.0,0.959,0.0,0.0,172.0,e14d3f0145db4fedfe8a9da3571d6e615fb76a3d,2026-08-18 08:07:04,2026-06-13 23:34:18,2026-06-13-HTX-CAR,flyers,havoc,32,11,2026-06-13 19:00:00
sheslep,0.0,40.0,cughetta,0.0,40.0,0,0,0,"bthibodea,cughetta,mbaldauf,jjoshi,blin,cdixon,sheslep",False,2026-06-13-HTX-CAR,6,2,1,9,159.0,1,10,True,True,126,away,82,1781393484.0,18,False,"mlee1,smadiraju,zthoreson,smadiraju1,elong,wcoffin,mtucker",83,173,bbdb67550dedcc51deaf80e05250ab174900dd8164d80a9ae8b40f18992ac34b,1781393484.0,False,126,124.2,0.0,0.0,0.0,-90.0,6f4e438de49fcb3b73bcf629d417c6b527465d939db6c636cf91c0769b97f6cd,0.5,0.5,0.652677067200693,0.66993777019185,0.66993777019185,0.84341333587597,2284.2,4.0,0.959,0.0,0.0,173.0,dd6c3fec3d4941efdc68f218ab7da8a8cc863fa0,2026-08-18 08:07:04,2026-06-13 23:34:18,2026-06-13-HTX-CAR,flyers,havoc,32,11,2026-06-13 19:00:00
cughetta,0.0,40.0,cdixon,0.0,40.0,0,0,0,"bthibodea,cughetta,mbaldauf,jjoshi,blin,cdixon,sheslep",False,2026-06-13-HTX-CAR,6,2,1,9,159.0,1,11,True,True,127,away,83,1781393486.0,18,False,"mlee1,smadiraju,zthoreson,smadiraju1,elong,wcoffin,mtucker",84,174,bafdc18f5ec09fbe19ed344a983f3c4fd8d05d5e216109152940f9f66ac5ed26,1781393486.0,False,127,120.333333333333,0.0,0.0,0.0,-90.0,967d64ac3b764a1932e0222f2fcdc65a8e1b8c6729d79be276f25408b2ad2e66,0.5,0.5,0.652677067200693,0.667090423318435,0.667090423318435,0.841708916188358,2280.33333333333,4.0,0.959,0.0,0.0,174.0,7fa847a0c4a2e73a3219659da37a1e80f010f596,2026-08-18 08:07:04,2026-06-13 23:34:18,2026-06-13-HTX-CAR,flyers,havoc,32,11,2026-06-13 19:00:00
cdixon,0.0,40.0,sheslep,0.0,40.0,0,0,0,"bthibodea,cughetta,mbaldauf,jjoshi,blin,cdixon,sheslep",False,2026-06-13-HTX-CAR,6,2,1,9,159.0,1,12,True,True,128,away,84,1781393488.0,18,False,"mlee1,smadiraju,zthoreson,smadiraju1,elong,wcoffin,mtucker",85,175,bc87c232ecc81c62d38b8b1d91586357eb74522ceea36c473fc9d219669bf680,1781393488.0,False,128,116.466666666667,0.0,0.0,0.0,-90.0,7bddd05db240bea1f60906ad24773fee9ee16f57a2b98899679ce1941d2b08f9,0.5,0.5,0.652677067200693,0.663959911690094,0.663959911690094,0.839826164577496,2276.46666666667,4.0,0.959,0.0,0.0,175.0,b1df522eb16a75fecea46fdb1f961b22ea0532bc,2026-08-18 08:07:04,2026-06-13 23:34:18,2026-06-13-HTX-CAR,flyers,havoc,32,11,2026-06-13 19:00:00
sheslep,0.0,40.0,cdixon,0.0,40.0,0,0,0,"bthibodea,cughetta,mbaldauf,jjoshi,blin,cdixon,sheslep",False,2026-06-13-HTX-CAR,6,2,1,9,159.0,1,13,True,True,129,away,85,1781393489.0,18,False,"mlee1,smadiraju,zthoreson,smadiraju1,elong,wcoffin,mtucker",86,176,7bb755ad34ba917331826c06a34f052330c97b0cb39bea3672c8f0c2a0e15eb4,1781393489.0,False,129,112.6,0.0,0.0,0.0,-90.0,08a39898ac38e36ab5758d0ba177737d1ad5ee8f9bea044a3b5bd7abf16bc76e,0.5,0.5,0.652677067200693,0.660527266972306,0.660527266972306,0.837750995234289,2272.6,4.0,0.959,0.0,0.0,176.0,d21d9e6e9a738f957dc2c6f3398e80137abe6d5c,2026-08-18 08:07:04,2026-06-13 23:34:18,2026-06-13-HTX-CAR,flyers,havoc,32,11,2026-06-13 19:00:00
cdixon,0.0,40.0,mbaldauf,0.0,40.0,0,0,0,"bthibodea,cughetta,mbaldauf,jjoshi,blin,cdixon,sheslep",False,2026-06-13-HTX-CAR,6,2,1,9,159.0,1,14,True,True,130,away,86,1781393491.0,18,False,"mlee1,smadiraju,zthoreson,smadiraju1,elong,wcoffin,mtucker",87,177,c9563ba848f7fd8873492fe68a29b862145d6d125895f2621a25c4cbb4ba36d2,1781393491.0,False,130,108.733333333333,0.0,0.0,0.0,-90.0,04aaca4dd91e22fb74fa6b4f3f2baf7a13d4c921098ab8f7a418e7b33f17d96d,0.5,0.5,0.652677067200693,0.656772996591249,0.656772996591249,0.835468460143452,2268.73333333333,4.0,0.959,0.0,0.0,177.0,1e8c84ac479d6162534446d0f5a588db85a2b54b,2026-08-18 08:07:04,2026-06-13 23:34:18,2026-06-13-HTX-CAR,flyers,havoc,32,11,2026-06-13 19:00:00
mbaldauf,0.0,40.0,,0.0,40.0,1,0,0,"bthibodea,cughetta,mbaldauf,jjoshi,blin,cdixon,sheslep",False,2026-06-13-HTX-CAR,6,2,1,9,159.0,1,15,True,True,131,away,87,1781393521.0,22,False,"mlee1,smadiraju,zthoreson,smadiraju1,elong,wcoffin,mtucker",88,182,eb8fdf8553d3aabd2eb610d90284739c9d74eb516f27545a7e50571e6fb5a5ae,1781393521.0,False,131,104.866666666667,0.0,0.0,0.0,-90.0,0a1cfbc717cec053df4406380469f9409be0bc89f555416ef14bce3186a4f9ae,0.5,-0.5,0.652677067200693,0.652677067200693,0.652677067200693,0.832962654678482,2264.86666666667,4.0,0.976,-0.832962654678482,-0.832962654678482,182.0,b80d9f5d68e1c434a5649a7a8e68f0d9df3f7a64,2026-08-18 08:07:04,2026-06-13 23:34:18,2026-06-13-HTX-CAR,flyers,havoc,32,11,2026-06-13 19:00:00
elong,24.0,37.36,wcoffin,18.95,52.29,0,0,0,"mlee1,smadiraju,zthoreson,smadiraju1,elong,wcoffin,mtucker",True,2026-06-13-HTX-CAR,6,2,1,9,101.0,2,1,False,False,132,home,91,1781393506.0,18,False,"bthibodea,cughetta,mbaldauf,jjoshi,blin,cdixon,sheslep",92,179,67b35573914b93d9db5b35579d00a6f12f99b4c228d50c1139e1e07b490f9a23,1781393506.0,False,132,101.0,15.7609454031159,-5.05,14.93,18.6878579245671,382fc2e312a57ac5b8b0b416e27244d5c4a859fd79156b51586e8d88c0b1fbfa,0.967820367323126,0.0321796326768736,0.582226944778292,0.582226944778292,0.674325316702019,0.752513464947176,2261.0,4.0,0.973,0.0920983719237272,0.220450722641391,179.0,dbea9df1ad78fbcb94c13e7e333db0b75d845689,2026-08-18 08:07:04,2026-06-13 23:34:18,2026-06-13-HTX-CAR,flyers,havoc,32,11,2026-06-13 19:00:00
wcoffin,18.95,52.29,mtucker,-3.01,91.9,0,0,0,"mlee1,smadiraju,zthoreson,smadiraju1,elong,wcoffin,mtucker",True,2026-06-13-HTX-CAR,6,2,1,9,101.0,2,2,False,False,133,home,92,1781393511.0,18,False,"bthibodea,cughetta,mbaldauf,jjoshi,blin,cdixon,sheslep",93,180,9d9e67b8709856d8015907ef1ad8897f0cccf7bca78ed64d3aa70b480a567f28,1781393511.0,False,133,95.2,45.2901059835369,-21.96,39.61,29.0042250140734,1c61b0df3c33ae53fd3b5af9f8dae497dafdde841002947ac30acc002eea1c44,0.710294609686689,0.289705390313311,0.582226944778292,0.667180179577879,0.881281972378196,0.600605926376303,2255.2,4.0,0.978,0.214101792800317,0.512483488641209,180.0,1301ee99520df6439054445edff62b342acb1b04,2026-08-18 08:07:04,2026-06-13 23:34:18,2026-06-13-HTX-CAR,flyers,havoc,32,11,2026-06-13 19:00:00
mtucker,-3.01,91.9,mlee1,17.93,95.79,0,0,0,"mlee1,smadiraju,zthoreson,smadiraju1,elong,wcoffin,mtucker",True,2026-06-13-HTX-CAR,6,2,1,9,101.0,2,3,False,False,134,home,93,1781393516.0,18,False,"bthibodea,cughetta,mbaldauf,jjoshi,blin,cdixon,sheslep",94,181,c78c8fc81b0342628c74400aef455ef2fdfeed380de9e0334c285e55e76f9630,1781393516.0,False,134,89.4,21.2982557971304,20.94,3.89,-79.4761928998948,307c205a604af29c7e5ca0804b7b9ac7d3cfbc09b7e583131203bbcb03b5244e,0.947322016818431,0.0526779831815695,0.582226944778292,0.877453616378429,0.885587499759116,0.561682017074446,2249.4,4.0,0.978,0.0081338833806871,0.0194696217935131,181.0,7d8b9d7d5a1bc995cbee308f9ab359f429810688,2026-08-18 08:07:04,2026-06-13 23:34:18,2026-06-13-HTX-CAR,flyers,havoc,32,11,2026-06-13 19:00:00
mlee1,17.93,95.79,,26.59,100.0,1,0,0,"mlee1,smadiraju,zthoreson,smadiraju1,elong,wcoffin,mtucker",True,2026-06-13-HTX-CAR,6,2,1,9,101.0,2,4,False,False,135,home,94,1781393524.0,22,False,"bthibodea,cughetta,mbaldauf,jjoshi,blin,cdixon,sheslep",95,183,960ee1ceb9906005baebd27c7f35fe588b57046f6f817a0d554657be5c57ffba,1781393524.0,False,135,83.6,9.62910691601251,8.66,4.20999999999999,-64.073611969958,3bbe2fe3435e0da9b80236b45d48849e3b0b9a8af2573acb5d3c459ad2c9a247,0.861781958118328,-0.861781958118328,0.582226944778292,0.881465304950646,0.87647265684404,0.464282874189298,2243.6,4.0,0.963,-0.464282874189298,-0.464282874189298,183.0,aa0bb9ba4e73e8cdd3f23114ecba6dda76b0a781,2026-08-18 08:07:04,2026-06-13 23:34:18,2026-06-13-HTX-CAR,flyers,havoc,32,11,2026-06-13 19:00:00
cdixon,0.0,40.0,,0.0,20.0,1,0,0,"bthibodea,cughetta,mbaldauf,jjoshi,blin,cdixon,sheslep",False,2026-06-13-HTX-CAR,7,2,1,9,101.0,3,1,True,True,136,away,89,1781393539.0,23,True,"mlee1,smadiraju,zthoreson,smadiraju1,elong,wcoffin,mtucker",90,185,4f16b8b16cdd72a1b9af856833622a64eb73b2985ee4d1bc89a1f4555627117c,1781393539.0,False,136,77.8,20.0,0.0,-20.0,-180.0,6d790ed57f9dd23129e972a0fe22389798d77517fd3720dc84be11940ec2a094,0.986577856031484,-0.986577856031484,0.612646344700927,0.612646344700927,0.548345463689581,0.904114134417533,2237.8,5.0,0.991,-0.904114134417533,-0.904114134417533,185.0,f9fc07425730fb5c309833b193329a79b68e05bc,2026-08-18 08:07:04,2026-06-13 23:34:18,2026-06-13-HTX-CAR,flyers,havoc,32,11,2026-06-13 19:00:00
awang,0.0,40.0,jthachet,-7.32,40.36,0,0,0,"xfuzat,treinhard,jthachet,bgfroerer,awang,mturner,skelly",False,2026-06-13-HTX-CAR,7,2,1,10,72.0,1,1,True,True,137,away,91,1781393603.0,18,False,"bmorrison,smadiraju1,zthoreson,mtucker,wcoffin,smadiraju,jfairfax",92,188,e6ff313e27fc4badfa2bda908afcf1e4d3c95a993944b4cd09a9a3bec927bb2b,1781393603.0,False,137,72.0,7.32884711260919,-7.32,0.359999999999999,87.1844433157888,3a22d24a4aa9a9f1391e3c62486d77e901b763cdeffd069ff4e270abb8ae0e4e,0.989991410978694,0.0100085890213059,0.380184724191116,0.601029178270641,0.601329624128479,0.79713944827747,2232.0,5.0,0.983,0.000300445857838394,0.000484734516177098,188.0,a776fb33489df619325e52e1f8e0d48c7ec3476a,2026-08-18 08:07:04,2026-06-13 23:39:22,2026-06-13-HTX-CAR,flyers,havoc,32,11,2026-06-13 19:00:00
jthachet,-7.32,40.36,mturner,11.03,56.36,0,0,0,"xfuzat,treinhard,jthachet,bgfroerer,awang,mturner,skelly",False,2026-06-13-HTX-CAR,7,2,1,10,72.0,1,2,True,True,138,away,92,1781393606.0,18,False,"bmorrison,smadiraju1,zthoreson,mtucker,wcoffin,smadiraju,jfairfax",93,189,e07d35cc4c920e7bfd2d3b00de0ea7bf7931b518888c35162d72098d4b48ecde,1781393606.0,False,138,64.0,24.3458928774444,18.35,16.0,-48.9137003165032,53da950ee26f0c0dfe9fa69242158780925e57183df13b362d2d5defb5d23d01,0.937850051422142,0.0621499485778582,0.380184724191116,0.583252887797755,0.652733928330392,0.691708969662255,2224.0,5.0,0.982,0.0694810405326368,0.112099593611921,189.0,1238c3b5260d4dc79fb3eae860128dc2a561ec27,2026-08-18 08:07:04,2026-06-13 23:39:22,2026-06-13-HTX-CAR,flyers,havoc,32,11,2026-06-13 19:00:00
mturner,11.03,56.36,xfuzat,0.0,40.0,0,0,0,"xfuzat,treinhard,jthachet,bgfroerer,awang,mturner,skelly",False,2026-06-13-HTX-CAR,7,2,1,10,72.0,1,3,True,True,139,away,93,1781393608.0,18,False,"bmorrison,smadiraju1,zthoreson,mtucker,wcoffin,smadiraju,jfairfax",94,190,db08e3e75a53d3b3dc1a9cce1bdea8de747b27e31fee4c5b18e1d63f20d93850,1781393608.0,False,139,56.0,19.7309528406512,-11.03,-16.36,146.011939119073,a0855714d4621ba253d42679a65fdba1a62a21429b7965aa303e7892db02e3d2,0.979428209607807,0.0205717903921934,0.380184724191116,0.633376281897352,0.562309041509772,0.773202323241893,2216.0,5.0,0.983,-0.0710672403875801,-0.11465874295343,190.0,eeded04313d4ca2c3bdc34005fc32bf9626da025,2026-08-18 08:07:04,2026-06-13 23:39:22,2026-06-13-HTX-CAR,flyers,havoc,32,11,2026-06-13 19:00:00
xfuzat,0.0,40.0,mturner,0.0,40.0,0,0,0,"xfuzat,treinhard,jthachet,bgfroerer,awang,mturner,skelly",False,2026-06-13-HTX-CAR,7,2,1,10,72.0,1,4,True,True,140,away,94,1781393611.0,18,False,"bmorrison,smadiraju1,zthoreson,mtucker,wcoffin,smadiraju,jfairfax",95,191,ae953c70742267b70f72211587faa486c4f8deb822d3a21b49a4a6fbaf85d471,1781393611.0,False,140,48.0,0.0,0.0,0.0,-90.0,9d3eedb76288c1b39577eec2e916f58f2b0dcc06ddff399eec8e28cafa7460e5,0.5,0.5,0.380184724191116,0.538945406801988,0.538945406801988,0.756215497491053,2208.0,5.0,0.984,0.0,0.0,191.0,f67dd5109e690528490b5e3cb8e4b9fdc196be14,2026-08-18 08:07:04,2026-06-13 23:34:18,2026-06-13-HTX-CAR,flyers,havoc,32,11,2026-06-13 19:00:00
mturner,0.0,40.0,xfuzat,0.0,40.0,0,0,0,"xfuzat,treinhard,jthachet,bgfroerer,awang,mturner,skelly",False,2026-06-13-HTX-CAR,7,2,1,10,72.0,1,5,True,True,141,away,95,1781393616.0,18,False,"bmorrison,smadiraju1,zthoreson,mtucker,wcoffin,smadiraju,jfairfax",96,192,5df446791d478574a1c82ace84360fd44a02ece6fd87d8a69bf26ea5fd656b58,1781393616.0,False,141,40.0,0.0,0.0,0.0,-90.0,41de48dad55433242a59121169af0ee89794f3facc05be6e4e5e150d39cf0008,0.5,0.5,0.380184724191116,0.512736676863581,0.512736676863581,0.736314774828085,2200.0,5.0,0.984,0.0,0.0,192.0,23dd0cd60853a1e9e620b639ca65ce63cca2a57a,2026-08-18 08:07:04,2026-06-13 23:34:18,2026-06-13-HTX-CAR,flyers,havoc,32,11,2026-06-13 19:00:00
xfuzat,0.0,40.0,jthachet,0.0,40.0,0,0,0,"xfuzat,treinhard,jthachet,bgfroerer,awang,mturner,skelly",False,2026-06-13-HTX-CAR,7,2,1,10,72.0,1,6,True,True,142,away,96,1781393622.0,18,False,"bmorrison,smadiraju1,zthoreson,mtucker,wcoffin,smadiraju,jfairfax",97,193,b1f3fe00153662ba74a7f681867ec351e4c3962a644378c5105cf656c351460d,1781393622.0,False,142,32.0,0.0,0.0,0.0,-90.0,9ba5b8cb01b9dbddfdab117c94792ae90d9c67695e5cb3dc660663076b291a94,0.5,0.5,0.380184724191116,0.483633314460923,0.483633314460923,0.713093010603888,2192.0,5.0,0.984,0.0,0.0,193.0,e051a274d569df5549c7d60e62337c502af0d184,2026-08-18 08:07:04,2026-06-13 23:34:18,2026-06-13-HTX-CAR,flyers,havoc,32,11,2026-06-13 19:00:00
jthachet,0.0,40.0,bgfroerer,0.0,40.0,0,0,0,"xfuzat,treinhard,jthachet,bgfroerer,awang,mturner,skelly",False,2026-06-13-HTX-CAR,7,2,1,10,72.0,1,7,True,True,143,away,97,1781393624.0,18,False,"bmorrison,smadiraju1,zthoreson,mtucker,wcoffin,smadiraju,jfairfax",98,195,e4e4c296f791a1e7bbcfdcb6db43c14b29e1c428e8d7c5614101aafc9bde2c1f,1781393624.0,False,143,24.0,0.0,0.0,0.0,-90.0,e50f69de6fc1b3aab7c672d606a7b2a104aea4a1d59cab98077e6708b3b5939f,0.5,0.5,0.380184724191116,0.451687658387058,0.451687658387058,0.686130326956632,2184.0,5.0,0.984,0.0,0.0,195.0,83888f2075045ca0e53f5307e00700c03377918f,2026-08-18 08:07:04,2026-06-13 23:34:18,2026-06-13-HTX-CAR,flyers,havoc,32,11,2026-06-13 19:00:00
bgfroerer,0.0,40.0,treinhard,0.0,40.0,0,0,0,"xfuzat,treinhard,jthachet,bgfroerer,awang,mturner,skelly",False,2026-06-13-HTX-CAR,7,2,1,10,72.0,1,8,True,True,144,away,98,1781393627.0,18,False,"bmorrison,smadiraju1,zthoreson,mtucker,wcoffin,smadiraju,jfairfax",99,196,f8d8bb5f7bd96095b3b8b5660f84c88a576e87d89311d17a4fbc9a48b8acff8f,1781393627.0,False,144,16.0,0.0,0.0,0.0,-90.0,89b29b0dba21e1c2b2d3f8ae07b49b3f8b37f1edeac896ffe5f9bec6d87865f3,0.5,0.5,0.380184724191116,0.417087089675186,0.417087089675186,0.655024936487176,2176.0,5.0,0.984,0.0,0.0,196.0,247a74a87f6d3d19f288d2982a53f602fc1d17f7,2026-08-18 08:07:04,2026-06-13 23:34:18,2026-06-13-HTX-CAR,flyers,havoc,32,11,2026-06-13 19:00:00
treinhard,0.0,40.0,mturner,0.0,100.0,0,0,0,"xfuzat,treinhard,jthachet,bgfroerer,awang,mturner,skelly",False,2026-06-13-HTX-CAR,7,3,1,10,72.0,1,9,True,True,145,away,99,1781393636.0,19,False,"bmorrison,smadiraju1,zthoreson,mtucker,wcoffin,smadiraju,jfairfax",100,198,d362e85c71b7ed73e1238e32591d5e7d50b9e83e0af9c7d17ffbd501c986f88b,1781393636.0,False,145,8.0,60.0,0.0,60.0,0.0,c1c9b92f8fa18015b32043ea5aeff94341c1c2281b227014e80dbdb890b031b2,0.628299054686428,0.371700945313572,0.380184724191116,0.380184724191116,1.0,0.320118764838497,2168.0,5.0,0.98,0.619815275808884,1.0,198.0,f7e70f47208114a9ca8390ee4792a150a50df6f5,2026-08-18 08:07:04,2026-06-13 23:34:18,2026-06-13-HTX-CAR,flyers,havoc,32,11,2026-06-13 19:00:00
xfuzat,0.0,40.0,bgfroerer,-6.41,49.0,0,0,0,"xfuzat,treinhard,jthachet,skelly,bgfroerer,awang,mturner",False,2026-06-13-HTX-CAR,7,3,2,1,720.0,1,1,True,True,146,away,102,1781393917.0,18,False,"mlee1,ostout,elong,mtucker,wcoffin,smadiraju1,smadiraju",103,205,007357044d1b3a2c9e7494293a6369381277a7857801119a3376292f45600558,1781393917.0,False,146,720.0,11.0493483970775,-6.41,9.0,35.4593143338752,1f55722840f09773f8f5177d0bc50785709c3e95533bd3c86d335cc352f0fa99,0.982332106640439,0.017667893359561,0.736299892459093,0.748355758351842,0.776568137611817,0.855228258654998,2160.0,4.0,0.955,0.028212379259975,0.106986605060821,205.0,21ad3efda9021ef8fb6c7e2e47d7ea36c20b1932,2026-08-18 08:07:04,2026-06-13 23:39:22,2026-06-13-HTX-CAR,flyers,havoc,32,11,2026-06-13 19:00:00
bgfroerer,-6.41,49.0,treinhard,-16.77,55.45,0,0,0,"xfuzat,treinhard,jthachet,skelly,bgfroerer,awang,mturner",False,2026-06-13-HTX-CAR,7,3,2,1,720.0,1,2,True,True,147,away,103,1781393919.0,18,False,"mlee1,ostout,elong,mtucker,wcoffin,smadiraju1,smadiraju",104,206,14dc008754e8605223150b9bad8b6594e865347682c108ef7d07f4c0691d89a2,1781393919.0,False,147,712.888888888889,12.2037740064293,-10.36,6.45,58.0941490109358,031ec6b7413736032bd8abd1dc8fb5873caac9dd91d8534a861bcfa061562550,0.982679811782597,0.0173201882174026,0.736299892459093,0.768741688130453,0.781972574578069,0.815389437944143,2152.88888888889,4.0,0.955,0.0132308864476161,0.050173989578535,206.0,376cd31e40e76c69b9314a10f50814792bd237be,2026-08-18 08:07:04,2026-06-13 23:39:22,2026-06-13-HTX-CAR,flyers,havoc,32,11,2026-06-13 19:00:00
treinhard,-16.77,55.45,bgfroerer,-7.14,54.0,0,0,0,"xfuzat,treinhard,jthachet,skelly,bgfroerer,awang,mturner",False,2026-06-13-HTX-CAR,7,3,2,1,720.0,1,3,True,True,148,away,104,1781393922.0,18,False,"mlee1,ostout,elong,mtucker,wcoffin,smadiraju1,smadiraju",105,207,ab28a0bf9eacf6f6848e5ad3851a693c1f442b857327ae5b324674ebcae8b291,1781393922.0,False,148,705.777777777778,9.73855225380036,9.63,-1.45,-98.5627662958639,cc186c59646ee13c9c9ba4057559ab9e557e02307ff9834fab6a7b82218d5d9d,0.98295461757811,0.0170453824218905,0.736299892459093,0.775052028703909,0.779369628478592,0.824924321478912,2145.77777777778,4.0,0.955,0.00431759977468238,0.0163731437766388,207.0,98e66647131a0f9f78df68cc1b6dfb308ecd704e,2026-08-18 08:07:04,2026-06-13 23:39:22,2026-06-13-HTX-CAR,flyers,havoc,32,11,2026-06-13 19:00:00
bgfroerer,-7.14,54.0,xfuzat,4.67,47.45,0,0,0,"xfuzat,treinhard,jthachet,skelly,bgfroerer,awang,mturner",False,2026-06-13-HTX-CAR,7,3,2,1,720.0,1,4,True,True,149,away,105,1781393926.0,18,False,"mlee1,ostout,elong,mtucker,wcoffin,smadiraju1,smadiraju",106,208,dd80a4e01ae72cd056f93b01deef00e88967349b85b74e474cb2a3ce4db56f8c,1781393926.0,False,149,698.666666666667,13.5047621230439,11.81,-6.55,-119.013395979375,e5867685be2d4f81e766b76221b6c3d6d45fec28e15075d2f4902f975e420815,0.983791329472969,0.0162086705270309,0.736299892459093,0.77313065742445,0.749753514688264,0.845970681243708,2138.66666666667,4.0,0.956,-0.0233771427361856,-0.0886504861684942,208.0,a7a0b7d820e4a0d7a8fee2c9e01d51d4605b1e7d,2026-08-18 08:07:04,2026-06-13 23:39:22,2026-06-13-HTX-CAR,flyers,havoc,32,11,2026-06-13 19:00:00
xfuzat,4.67,47.45,bgfroerer,-5.14,49.09,0,0,0,"xfuzat,treinhard,jthachet,skelly,bgfroerer,awang,mturner",False,2026-06-13-HTX-CAR,7,3,2,1,720.0,1,5,True,True,150,away,106,1781393928.0,18,False,"mlee1,ostout,elong,mtucker,wcoffin,smadiraju1,smadiraju",107,209,eb41ff6d94c85dd2efb7cb321f5c009a65044c8244257260bf6d94b0f2f434ff,1781393928.0,False,150,691.555555555556,9.94613995477642,-9.81,1.64,80.5092666639659,0b09d215fe8df416d8b724ad10f874f8b7827a5e98eedd7ebc2972d886803943,0.985985599885052,0.0140144001149483,0.736299892459093,0.743718225980931,0.749540677418463,0.835126067757575,2131.55555555556,4.0,0.956,0.00582245143753268,0.0220798220062518,209.0,00677debba2938b5d32f442c90b2683c060880e3,2026-08-18 08:07:04,2026-06-13 23:39:22,2026-06-13-HTX-CAR,flyers,havoc,32,11,2026-06-13 19:00:00
bgfroerer,-5.14,49.09,mturner,-11.68,49.0,0,0,0,"xfuzat,treinhard,jthachet,skelly,bgfroerer,awang,mturner",False,2026-06-13-HTX-CAR,7,3,2,1,720.0,1,6,True,True,151,away,107,1781393934.0,18,False,"mlee1,ostout,elong,mtucker,wcoffin,smadiraju1,smadiraju",108,210,7317c4683e0be2bf852df287cf49cb95620661e4e9cac26d9b37f8e8a3e86c54,1781393934.0,False,151,684.444444444444,6.54061923673898,-6.54,-0.0900000000000034,90.7884242624402,03441ec664168a5f29611fa1f5fd574aba48f46a5f8a35ac55a716e1bfb77ff4,0.989356274000932,0.0106437259990678,0.736299892459093,0.744226779502312,0.741031363304298,0.82906064556914,2124.44444444444,4.0,0.956,-0.00319541619801467,-0.0121176143150377,210.0,f19f149139873dbf761aab9387353c68109aaa24,2026-08-18 08:07:04,2026-06-13 23:39:22,2026-06-13-HTX-CAR,flyers,havoc,32,11,2026-06-13 19:00:00
mturner,-11.68,49.0,skelly,-4.96,97.09,0,0,0,"xfuzat,treinhard,jthachet,skelly,bgfroerer,awang,mturner",False,2026-06-13-HTX-CAR,7,3,2,1,720.0,1,7,True,True,152,away,108,1781393991.0,18,False,"mlee1,ostout,elong,mtucker,wcoffin,smadiraju1,smadiraju",109,213,8945b52c6e71ceab22fc2cdfe01f9a173e9004571426370bcdf3a5704fc2168c,1781393991.0,False,152,677.333333333333,48.5572497161855,6.72,48.09,-7.95488644925065,61bbc7fcc0471f14486e1ea07f9f97265cf7e33989bcd094c4528ac172f94a2a,0.68117524727012,0.31882475272988,0.736299892459093,0.736299892459093,0.926486964774691,0.657090694723149,2117.33333333333,4.0,0.947,0.190187072315599,0.721224856861672,213.0,8e8a6144451e0a3ab8d7a4fc202907e823f4db6d,2026-08-18 08:07:04,2026-06-13 23:44:26,2026-06-13-HTX-CAR,flyers,havoc,32,11,2026-06-13 19:00:00
skelly,-4.96,97.09,bgfroerer,3.04,98.81,0,0,0,"xfuzat,treinhard,jthachet,skelly,bgfroerer,awang,mturner",False,2026-06-13-HTX-CAR,7,3,2,1,720.0,1,8,True,True,153,away,109,1781394001.0,18,False,"mlee1,ostout,elong,mtucker,wcoffin,smadiraju1,smadiraju",110,214,6c77d3d70f913ba9245cb6383f4de457b9ee262f051cf794074116e9fc8d9124,1781394001.0,False,153,670.222222222222,8.18281125286414,8.0,1.72,-77.8661198293667,b130237c8b0f1fc1298631ab2d5fab1c5bf5b3c15f6c8d10a086fedfd6ed7264,0.974223842776368,0.025776157223632,0.736299892459093,0.925035623370579,0.930393983758762,0.648207148669828,2110.22222222222,4.0,0.946,0.00535836038818338,0.0203199021727822,214.0,fabb51cca59d3c76f03fca963f090a6be902505b,2026-08-18 08:07:04,2026-06-13 23:44:26,2026-06-13-HTX-CAR,flyers,havoc,32,11,2026-06-13 19:00:00
bgfroerer,3.04,98.81,jthachet,7.67,105.45,0,0,0,"xfuzat,treinhard,jthachet,skelly,bgfroerer,awang,mturner",False,2026-06-13-HTX-CAR,7,4,2,1,720.0,1,9,True,True,154,away,110,1781394008.0,19,False,"mlee1,ostout,elong,mtucker,wcoffin,smadiraju1,smadiraju",111,217,0174d1d1adebcb6673ef07737d61702019e33b9625058d9c96cb9462b8cf9935,1781394008.0,False,154,663.111111111111,8.09484403802816,4.63,6.64,-34.8876458548265,75822b548937f3e42cbc73b550a777266ee625c6fad98891f5e0ce7a44543e27,0.970762173413246,0.0292378265867539,0.736299892459093,0.929223786172824,1.0,0.640169132092237,2103.11111111111,4.0,0.945,0.070776213827176,0.268396605853476,217.0,82dcb4e6c80562787053f2139bf6bbc8ca2c963a,2026-08-18 08:07:04,2026-06-13 23:44:26,2026-06-13-HTX-CAR,flyers,havoc,32,11,2026-06-13 19:00:00
jlouie,7.97,8.65,tbrooks1,9.34,19.99,0,0,0,"jfairfax,tbrooks1,jlouie,gsanner,tmitchell,zthoreson,wmatthews",True,2026-06-13-HTX-CAR,7,4,2,2,656.0,1,1,True,True,155,home,104,1781394004.0,18,False,"skelly,ifuzat,ibaker,cburt,sheslep,jzhou,jsunukjia",105,215,d2d252ae006542f424da5a56821651f227632886fe39cd9533c8d69b1cf1e09c,1781394004.0,False,155,656.0,11.4224559530777,1.37,11.34,-6.8885924956908,ebef5ff5cf1ef2eebd140c4785bf1c6767f501fb5a59d72746eec92e391b3577,0.986132546583079,0.0138674534169209,0.610741213256734,0.610741213256734,0.635623792202289,0.931341561006606,2096.0,3.0,0.938,0.0248825789455547,0.063922973078488,215.0,f47020e8d2ff43d3ac70e2e70f1578ed3beb07e0,2026-08-18 08:07:04,2026-06-13 23:44:26,2026-06-13-HTX-CAR,flyers,havoc,32,11,2026-06-13 19:00:00
tbrooks1,9.34,19.99,jfairfax,18.0,39.0,0,0,0,"jfairfax,tbrooks1,jlouie,gsanner,tmitchell,zthoreson,wmatthews",True,2026-06-13-HTX-CAR,7,4,2,2,656.0,1,2,True,True,156,home,105,1781394008.0,18,False,"skelly,ifuzat,ibaker,cburt,sheslep,jzhou,jsunukjia",106,216,633c0bd926153fec91fba05b154ea8b6ec96d2045823adf2cce585fddb30963e,1781394008.0,False,156,626.75,20.8896074639999,8.66,19.01,-24.4916236957589,ccb0fd9345bf43d177dbca3c9f769de51375a1286ff553d29bf94fc50b98c77d,0.965558910487655,0.0344410895123448,0.610741213256734,0.62758925472415,0.665806611578813,0.849181845009003,2066.75,3.0,0.939,0.0382173568546629,0.0981798180444646,216.0,5fdc2de00ea8941743051415c0d23b7e9e24dd28,2026-08-18 08:07:04,2026-06-13 23:44:26,2026-06-13-HTX-CAR,flyers,havoc,32,11,2026-06-13 19:00:00
jfairfax,18.0,39.0,zthoreson,1.7,88.02,0,0,0,"jfairfax,tbrooks1,jlouie,gsanner,tmitchell,zthoreson,wmatthews",True,2026-06-13-HTX-CAR,7,4,2,2,656.0,1,3,True,True,157,home,106,1781394015.0,18,False,"skelly,ifuzat,ibaker,cburt,sheslep,jzhou,jsunukjia",107,218,4173de6b1047f2cfb632d1c9316daa2db1655a04fc219b00d2de476ccf1c55ef,1781394015.0,False,157,597.5,51.6589817940695,-16.3,49.02,18.3928608435825,eec7ce6da0b4f6b6b08e99b1454aa4539db36963cedf6540fee1ea4e38f49015,0.648638987668656,0.351361012331344,0.610741213256734,0.665393587756981,0.887376576044888,0.662572362068475,2037.5,3.0,0.95,0.221982988287906,0.570270976141932,218.0,b30a3909cb4c4e9d416cf665842f1fdb3b38c15c,2026-08-18 08:07:04,2026-06-13 23:44:26,2026-06-13-HTX-CAR,flyers,havoc,32,11,2026-06-13 19:00:00
zthoreson,1.7,88.02,tmitchell,-9.55,106.22,0,0,0,"jfairfax,tbrooks1,jlouie,gsanner,tmitchell,zthoreson,wmatthews",True,2026-06-13-HTX-CAR,8,4,2,2,656.0,1,4,True,True,158,home,107,1781394024.0,19,False,"skelly,ifuzat,ibaker,cburt,sheslep,jzhou,jsunukjia",108,220,d38e3507a37430bc20997ee0c7d3a56695d71816f4f90043357db8bc01d0c521,1781394024.0,False,158,568.25,21.3963197770084,-11.25,18.2,31.7215322753751,3ac3170d6beed70752a992674041bd9b682cc3bcb809dbe57541436c31b3380e,0.919801174840688,0.080198825159312,0.610741213256734,0.889017020214245,1.0,0.630873617435099,2008.25,3.0,0.953,0.110982979785755,0.285113614812127,220.0,b2688ee515916c3e4769d0c7c43ed95f6e1c0199,2026-08-18 08:07:04,2026-06-13 23:44:26,2026-06-13-HTX-CAR,flyers,havoc,32,11,2026-06-13 19:00:00
cdixon,7.49,12.63,cughetta,3.4,22.45,0,0,0,"bthibodea,cughetta,mbaldauf,jjoshi,blin,cdixon,skelly",False,2026-06-13-HTX-CAR,8,4,2,3,539.0,1,1,True,True,159,away,115,1781394086.0,18,False,"cbelus,nlyle,smadiraju1,ostout,jreinhard,jsingleto,smadiraju",116,226,2c9c5b0af94ba5e45bca5eca89b1c96c4a78133bfdb7002529f4e12fd9861dbe,1781394086.0,False,159,539.0,10.6376924189412,-4.09,9.82,22.6115786252241,6f2202de8b334afb4f5e5b684bcafbb70fcbd86fb4ef546c0bf217e91c5e582f,0.987426730029139,0.0125732699708609,0.619648408953519,0.619648408953519,0.64405642189665,0.924318765196177,1979.0,4.0,0.959,0.0244080129431307,0.0641722383123879,226.0,50bfecefe7b2f89903d0166ae037941ba26c9fc5,2026-08-18 08:07:04,2026-06-13 23:44:26,2026-06-13-HTX-CAR,flyers,havoc,32,11,2026-06-13 19:00:00
cughetta,3.4,22.45,mbaldauf,-3.32,23.45,0,0,0,"bthibodea,cughetta,mbaldauf,jjoshi,blin,cdixon,skelly",False,2026-06-13-HTX-CAR,8,4,2,3,539.0,1,2,True,True,160,away,116,1781394089.0,18,False,"cbelus,nlyle,smadiraju1,ostout,jreinhard,jsingleto,smadiraju",117,227,75052ccb6962461b727d9e351967cc48bfcc6639f37540171036d1ca6e94409b,1781394089.0,False,160,535.428571428571,6.79399735060296,-6.72,1.0,81.5359543360373,d14bbf38423854d9127aa8cb84056f841ce87e570b81297e2d7bc97120c63131,0.992411231365349,0.00758876863465052,0.619648408953519,0.64454148364596,0.647107983200339,0.921279737172777,1975.42857142857,4.0,0.959,0.00256649955437915,0.00674770295377972,227.0,eef481b80642e467d6374135d874ca2578610efa,2026-08-18 08:07:04,2026-06-13 23:44:26,2026-06-13-HTX-CAR,flyers,havoc,32,11,2026-06-13 19:00:00
mbaldauf,-3.32,23.45,jjoshi,-7.68,30.45,0,0,0,"bthibodea,cughetta,mbaldauf,jjoshi,blin,cdixon,skelly",False,2026-06-13-HTX-CAR,8,4,2,3,539.0,1,3,True,True,161,away,117,1781394093.0,18,False,"cbelus,nlyle,smadiraju1,ostout,jreinhard,jsingleto,smadiraju",118,228,4c28cf55786765bb0a912d3035ccee01c311c773efd68e352dec4620b7989fa5,1781394093.0,False,161,531.857142857143,8.24679331619266,-4.36,7.0,31.9170093251889,d152575cc3fff36b5edb0061d8b936ce8f78d04b76f133474eea140d69bf5c39,0.988891491177912,0.0111085088220876,0.619648408953519,0.64756046983398,0.666099879478318,0.896661129868696,1971.85714285714,4.0,0.959,0.018539409644338,0.048742821328365,228.0,9bd94d292fad1de059bf5c0b5131a8af46279d01,2026-08-18 08:07:04,2026-06-13 23:44:26,2026-06-13-HTX-CAR,flyers,havoc,32,11,2026-06-13 19:00:00
jjoshi,-7.68,30.45,blin,-15.77,31.18,0,0,0,"bthibodea,cughetta,mbaldauf,jjoshi,blin,cdixon,skelly",False,2026-06-13-HTX-CAR,8,4,2,3,539.0,1,4,True,True,162,away,118,1781394095.0,18,False,"cbelus,nlyle,smadiraju1,ostout,jreinhard,jsingleto,smadiraju",119,229,b0a5dc47e097f731c0b75bf8707843520eaf171177945179d1d987fdc220e2c2,1781394095.0,False,162,528.285714285714,8.1228689513004,-8.09,0.73,84.843887479451,ec8120210f641d1f3e670bcf916e83eb65c3268fdf27f5d22a700d88a2669826,0.990985171549763,0.00901482845023749,0.619648408953519,0.66651144782838,0.658928667567853,0.889121002535674,1968.28571428571,4.0,0.959,-0.00758278026052728,-0.0199362390983153,229.0,6d0d2ffc80902f9b7c9e48c4693cb6c5c920de04,2026-08-18 08:07:04,2026-06-13 23:44:26,2026-06-13-HTX-CAR,flyers,havoc,32,11,2026-06-13 19:00:00
blin,-15.77,31.18,mbaldauf,-6.68,29.18,0,0,0,"bthibodea,cughetta,mbaldauf,jjoshi,blin,cdixon,skelly",False,2026-06-13-HTX-CAR,8,4,2,3,539.0,1,5,True,True,163,away,119,1781394099.0,18,False,"cbelus,nlyle,smadiraju1,ostout,jreinhard,jsingleto,smadiraju",120,230,f6361dff0e49c6356b369daa3c0f3518c4631628f9553c001517431b7cb60ac4,1781394099.0,False,163,524.714285714286,9.30742176974913,9.09,-2.0,-102.408620957191,ffec2cb61f6ed59078e190daca3d23a6ede842234600b0f730774c2cab2751d1,0.988279450179073,0.0117205498209272,0.619648408953519,0.659315917001815,0.663500708049928,0.901792445656149,1964.71428571429,4.0,0.959,0.00418479104811331,0.0110024281391843,230.0,9eec9d0acbba99ba07e63e41420893f38c15c487,2026-08-18 08:07:04,2026-06-13 23:44:26,2026-06-13-HTX-CAR,flyers,havoc,32,11,2026-06-13 19:00:00
mbaldauf,-6.68,29.18,cughetta,9.85,38.36,0,0,0,"bthibodea,cughetta,mbaldauf,jjoshi,blin,cdixon,skelly",False,2026-06-13-HTX-CAR,8,4,2,3,539.0,1,6,True,True,164,away,120,1781394104.0,18,False,"cbelus,nlyle,smadiraju1,ostout,jreinhard,jsingleto,smadiraju",121,231,992ab5add0cfab265ab4b2a06da1d43ffde9ddac12f295ce9706b8177ee9aa05,1781394104.0,False,164,521.142857142857,18.9080221070317,16.53,9.18,-60.9542255786944,c30b993ee1cc517202bc9baecc365cba03148384747962719d7cccd05a15ffdf,0.969118950892967,0.0308810491070326,0.619648408953519,0.663857743331564,0.690662243182721,0.865721634339272,1961.14285714286,4.0,0.958,0.0268044998511571,0.070472953136356,231.0,25491fcbce8c3ad37e5416cd88d6e243656e015c,2026-08-18 08:07:04,2026-06-13 23:44:26,2026-06-13-HTX-CAR,flyers,havoc,32,11,2026-06-13 19:00:00
cughetta,9.85,38.36,cdixon,2.22,36.9,0,0,0,"bthibodea,cughetta,mbaldauf,jjoshi,blin,cdixon,skelly",False,2026-06-13-HTX-CAR,8,4,2,3,539.0,1,7,True,True,165,away,121,1781394107.0,18,False,"cbelus,nlyle,smadiraju1,ostout,jreinhard,jsingleto,smadiraju",122,232,ee1722b6e843c36073b38f5a3cefbf0f95abcfc54e8ddb31514530455db0d498,1781394107.0,False,165,517.571428571429,7.76842969975271,-7.63,-1.46,100.832599229829,ca09ea85f051be375e7f7c0d5252463897c0b38b65c4a0b94803fb82e0838c75,0.990041588947482,0.0099584110525176,0.619648408953519,0.690978148784208,0.688563210865327,0.87289075968201,1957.57142857143,4.0,0.958,-0.00241493791888103,-0.00634922523194051,232.0,547a31f9baefc6903ac6c7b13f745351886d51c8,2026-08-18 08:07:04,2026-06-13 23:44:26,2026-06-13-HTX-CAR,flyers,havoc,32,11,2026-06-13 19:00:00
cdixon,2.22,36.9,,13.03,37.36,1,0,0,"bthibodea,cughetta,mbaldauf,jjoshi,blin,cdixon,skelly",False,2026-06-13-HTX-CAR,8,4,2,3,539.0,1,8,True,True,166,away,122,1781394114.0,22,False,"cbelus,nlyle,smadiraju1,ostout,jreinhard,jsingleto,smadiraju",123,234,269f35044cc0cff139064111b59c2563bdb49e1c9325dfeeee7cd7e7c539cc80,1781394114.0,False,166,514.0,10.8197828074319,10.81,0.460000000000001,-87.5633517531899,36db00820f29404e4b2aa83ffc1886997b26b89952f201f1c204548fd94e4741,0.987337677648158,-0.987337677648158,0.619648408953519,0.688855214168427,0.684130920114423,0.868421993838616,1954.0,4.0,0.977,-0.868421993838616,-0.868421993838616,234.0,66ce5aff80ca4712ddce6d07633e213a34917d65,2026-08-18 08:07:04,2026-06-13 23:44:26,2026-06-13-HTX-CAR,flyers,havoc,32,11,2026-06-13 19:00:00
jreinhard,-10.44,65.72,smadiraju1,-9.76,66.61,0,0,0,"cbelus,nlyle,smadiraju1,ostout,jreinhard,jsingleto,smadiraju",True,2026-06-13-HTX-CAR,8,4,2,3,539.0,2,1,False,False,167,home,111,1781394115.0,18,False,"bthibodea,cughetta,mbaldauf,jjoshi,blin,cdixon,skelly",112,235,96840c5ef1414a5873aebc2a1e68302af070542eb0166cc202f19413e39c5975,1781394115.0,False,167,510.428571428571,1.12004464196745,0.68,0.890000000000001,-37.381453512431,fb65d13ca01f79eab80e54aeef973927428bce9d52e0d574d13fd8bf33d46694,0.5,0.5,0.798153862609479,0.798153862609479,0.802339601325871,0.746843389196545,1950.42857142857,4.0,0.975,0.00418573871639194,0.0207372742946951,235.0,ef71c7d3c695749030756e9809bbc6602c96efe8,2026-08-18 08:07:04,2026-06-13 23:44:26,2026-06-13-HTX-CAR,flyers,havoc,32,11,2026-06-13 19:00:00
smadiraju1,-9.76,66.61,ostout,-15.62,78.75,0,0,0,"cbelus,nlyle,smadiraju1,ostout,jreinhard,jsingleto,smadiraju",True,2026-06-13-HTX-CAR,8,4,2,3,539.0,2,2,False,False,168,home,112,1781394117.0,18,False,"bthibodea,cughetta,mbaldauf,jjoshi,blin,cdixon,skelly",113,236,b9933480c7bda33460e709d58996ac93813704c0e51527643ae5786e1e6b8f93,1781394117.0,False,168,506.857142857143,13.4803264055437,-5.86,12.14,25.7666878740751,1600ed3ac020b493dee3a9c4d7a5334142f526a87bee83e9a37642b8767cce9e,0.970120515109731,0.0298794848902689,0.798153862609479,0.802520090148687,0.849706803506745,0.692343277302666,1946.85714285714,4.0,0.977,0.0471867133580584,0.233775656884452,236.0,a765fa98f0f933fa36790e77397e67194eb22cce,2026-08-18 08:07:04,2026-06-13 23:44:26,2026-06-13-HTX-CAR,flyers,havoc,32,11,2026-06-13 19:00:00
ostout,-15.62,78.75,smadiraju,-8.67,73.56,0,0,0,"cbelus,nlyle,smadiraju1,ostout,jreinhard,jsingleto,smadiraju",True,2026-06-13-HTX-CAR,8,4,2,3,539.0,2,3,False,False,169,home,113,1781394119.0,18,False,"bthibodea,cughetta,mbaldauf,jjoshi,blin,cdixon,skelly",114,237,0907b6b49d937988a9238cf2028980ab73958e2b5b7ea97958151565e82528a0,1781394119.0,False,169,503.285714285714,8.67401867648439,6.95,-5.19,-126.750999496105,ffea2474f2b49980d520433f738eea8bad4b5eed820651590a7860e67a817eba,0.980425214632157,0.0195747853678427,0.798153862609479,0.849838539078304,0.832961375497714,0.721163951463224,1943.28571428571,4.0,0.976,-0.0168771635805898,-0.0836140032144225,237.0,c0e21b26c6d942b8064fafd0ad409e3337c2b668,2026-08-18 08:07:04,2026-06-13 23:44:26,2026-06-13-HTX-CAR,flyers,havoc,32,11,2026-06-13 19:00:00
smadiraju,-8.67,73.56,jsingleto,-3.55,76.29,0,0,0,"cbelus,nlyle,smadiraju1,ostout,jreinhard,jsingleto,smadiraju",True,2026-06-13-HTX-CAR,8,4,2,3,539.0,2,4,False,False,170,home,114,1781394121.0,18,False,"bthibodea,cughetta,mbaldauf,jjoshi,blin,cdixon,skelly",115,238,d8175760914e1c287e4c541edd47b2957c18f36989f49b10747c3004b12b6641,1781394121.0,False,170,499.714285714286,5.80235297099375,5.12,2.73,-61.9333216386925,be0f98c061394e9399ef93158640e756891da0ffecec3b4303564e76152dcba9,0.98523961986315,0.0147603801368501,0.798153862609479,0.833090577920868,0.845451701803749,0.712820769815648,1939.71428571429,4.0,0.976,0.012361123882881,0.061240329107539,238.0,34e3f8119119d9b22fbc26f49dcf95904eaf1356,2026-08-18 08:07:04,2026-06-13 23:44:26,2026-06-13-HTX-CAR,flyers,havoc,32,11,2026-06-13 19:00:00
jsingleto,-3.55,76.29,smadiraju,-7.71,76.15,0,0,0,"cbelus,nlyle,smadiraju1,ostout,jreinhard,jsingleto,smadiraju",True,2026-06-13-HTX-CAR,8,4,2,3,539.0,2,5,False,False,171,home,115,1781394123.0,18,False,"bthibodea,cughetta,mbaldauf,jjoshi,blin,cdixon,skelly",116,239,c15af46a2aa544b3577b8bd28a1634972683f2fcb6d97750c1e3747bd326050c,1781394123.0,False,171,496.142857142857,4.16235510258315,-4.16,-0.140000000000001,91.9274958866719,2373fc565261e050e1d62d0833b1fbaaa836e1c3aeec5ceb54bcfe5b1e4bd81b,0.987699862598576,0.0123001374014241,0.798153862609479,0.845560034378294,0.844445231618835,0.712542830098206,1936.14285714286,4.0,0.976,-0.0011148027594593,-0.00552303241405329,239.0,48a9a8d4d445ffd5eda7f79378ef8f52381d1cc3,2026-08-18 08:07:04,2026-06-13 23:44:26,2026-06-13-HTX-CAR,flyers,havoc,32,11,2026-06-13 19:00:00
smadiraju,-7.71,76.15,ostout,-19.58,109.56,0,0,0,"cbelus,nlyle,smadiraju1,ostout,jreinhard,jsingleto,smadiraju",True,2026-06-13-HTX-CAR,9,4,2,3,539.0,2,6,False,False,172,home,116,1781394134.0,19,False,"bthibodea,cughetta,mbaldauf,jjoshi,blin,cdixon,skelly",117,241,455a9cf3561df2f5e0eceb7c0ced7853ff19967fa183521848aea1f389e8ea91,1781394134.0,False,172,492.571428571429,35.4559585965462,-11.87,33.41,19.5592533340619,00c75942c5665e9de6eb30bb5ee4abd5604bcf6a650148e8a88edd065aba7dd1,0.850470310252122,0.149529689747878,0.798153862609479,0.844541528746179,1.0,0.613853927182109,1932.57142857143,4.0,0.979,0.155458471253821,0.770183037751418,241.0,3e90578988b4b64b64e4d75b5651332ecd8b2e07,2026-08-18 08:07:04,2026-06-13 23:44:26,2026-06-13-HTX-CAR,flyers,havoc,32,11,2026-06-13 19:00:00
awang,-26.4,9.81,jthachet,-15.04,12.54,0,0,0,"xfuzat,treinhard,jthachet,bgfroerer,awang,mturner,ifuzat",False,2026-06-13-HTX-CAR,9,4,2,4,489.0,1,1,True,True,173,away,125,1781394227.0,18,False,"mlee1,zthoreson,elong,smadiraju,smadiraju1,mtucker,wcoffin",126,245,43dde8ceb4dceafe2d2c92c7de3bcb434ed20aa10a5c847be875d735bcaebddc,1781394227.0,False,173,489.0,11.6834284351812,11.36,2.73,-76.4870997307167,01b7a55e04d0009ed519422bd87376a10488ed5b809e1d171ad96c343fb2f5d7,0.98498917384024,0.0150108261597602,0.529032627303274,0.529032627303274,0.615337562146953,0.930025291344578,1929.0,5.0,0.983,0.0863049348436798,0.183250347788433,245.0,8f9bde95bb50cfdf0385dd34db505d642f1247d9,2026-08-18 08:07:04,2026-06-13 23:44:26,2026-06-13-HTX-CAR,flyers,havoc,32,11,2026-06-13 19:00:00
jthachet,-15.04,12.54,treinhard,-5.5,14.09,0,0,0,"xfuzat,treinhard,jthachet,bgfroerer,awang,mturner,ifuzat",False,2026-06-13-HTX-CAR,9,4,2,4,489.0,1,2,True,True,174,away,126,1781394228.0,18,False,"mlee1,zthoreson,elong,smadiraju,smadiraju1,mtucker,wcoffin",127,246,7a06f8f002ec9a5090ecede3fe91f761eb07158111b5ca51e8ccd24636b773e2,1781394228.0,False,174,485.235294117647,9.66509699899592,9.54,1.55,-80.771576596114,047378cc44c934ab4597190d6e0e18cbfb506e66c38db10a557a08e2a59a8b0d,0.989888252926971,0.0101117470730292,0.529032627303274,0.615474605549821,0.628017280721595,0.932988224184903,1925.23529411765,5.0,0.983,0.0125426751717738,0.0266317284357837,246.0,907de25a308c3b080ccc93e4b571d523b740064f,2026-08-18 08:07:04,2026-06-13 23:44:26,2026-06-13-HTX-CAR,flyers,havoc,32,11,2026-06-13 19:00:00
treinhard,-5.5,14.09,xfuzat,13.94,15.45,0,0,0,"xfuzat,treinhard,jthachet,bgfroerer,awang,mturner,ifuzat",False,2026-06-13-HTX-CAR,9,4,2,4,489.0,1,3,True,True,175,away,127,1781394232.0,18,False,"mlee1,zthoreson,elong,smadiraju,smadiraju1,mtucker,wcoffin",128,247,355c1c29c9d7ba73f6bf5118b02e4ac1316dbf3769378e2261267d55bb50c8e6,1781394232.0,False,175,481.470588235294,19.4875139512458,19.44,1.36,-85.9981734198902,367f02361b9445c80c18984f917db13f0d4375264d76629f6d68d48472498df0,0.98106593907434,0.0189340609256595,0.529032627303274,0.628130373977109,0.623150203915953,0.931177832196614,1921.47058823529,5.0,0.983,-0.0049801700611557,-0.0105743419817802,247.0,a80d3ca7b3aeeb0bfae91960e738609eb9f4d5f3,2026-08-18 08:07:04,2026-06-13 23:44:26,2026-06-13-HTX-CAR,flyers,havoc,32,11,2026-06-13 19:00:00
xfuzat,13.94,15.45,treinhard,-1.96,16.54,0,0,0,"xfuzat,treinhard,jthachet,bgfroerer,awang,mturner,ifuzat",False,2026-06-13-HTX-CAR,9,4,2,4,489.0,1,4,True,True,176,away,128,1781394235.0,18,False,"mlee1,zthoreson,elong,smadiraju,smadiraju1,mtucker,wcoffin",129,248,b28cfdc6ea0c9e1be2c9ad78b47b4d103e99861f336f889caddf8881c87d0cb2,1781394235.0,False,176,477.705882352941,15.9373178420963,-15.9,1.09,86.0783118660607,18a8c5aa877f997890d9fb2785be68078d673e3e9879107ad7cd3a21b7435219,0.983519266457052,0.0164807335429481,0.529032627303274,0.62324257076246,0.634325188304949,0.933183929254,1917.70588235294,5.0,0.982,0.0110826175424888,0.0235316036417354,248.0,c0daed369d9991f37c7086938e352adce3ed9139,2026-08-18 08:07:04,2026-06-13 23:44:26,2026-06-13-HTX-CAR,flyers,havoc,32,11,2026-06-13 19:00:00
treinhard,-1.96,16.54,jthachet,-14.13,18.0,0,0,0,"xfuzat,treinhard,jthachet,bgfroerer,awang,mturner,ifuzat",False,2026-06-13-HTX-CAR,9,4,2,4,489.0,1,5,True,True,177,away,129,1781394238.0,18,False,"mlee1,zthoreson,elong,smadiraju,smadiraju1,mtucker,wcoffin",130,249,25c103abada5ccbf3fab8cc401736c959a02311e3d91522d58a321fcd02f68e7,1781394238.0,False,177,473.941176470588,12.2572631529228,-12.17,1.46,83.1590830426551,d958f0d7de204dddd4acbd4872dc0006fd0c7dbd32ca7061ba3d201fa6cb8de4,0.98904169226566,0.0109583077343403,0.529032627303274,0.634396314437122,0.630240745785266,0.930756277764121,1913.94117647059,5.0,0.983,-0.00415556865185684,-0.00882347460305445,249.0,97a5bd2bf1267e281b56496e83aedd92723f2ca8,2026-08-18 08:07:04,2026-06-13 23:44:26,2026-06-13-HTX-CAR,flyers,havoc,32,11,2026-06-13 19:00:00
jthachet,-14.13,18.0,ifuzat,-14.13,18.0,0,0,0,"xfuzat,treinhard,jthachet,bgfroerer,awang,mturner,ifuzat",False,2026-06-13-HTX-CAR,9,4,2,4,489.0,1,6,True,True,178,away,130,1781394243.0,18,False,"mlee1,zthoreson,elong,smadiraju,smadiraju1,mtucker,wcoffin",131,250,bcf959ca3a92573d16deeb1db84132add244e6071671ec8a2b12ff0d294793b4,1781394243.0,False,178,470.176470588235,0.0,0.0,0.0,-90.0,9b0c0a99cf514dc6c7b765cfd51da36333842c00dde104177ab09b5081ea6e71,0.5,0.5,0.529032627303274,0.630292953996291,0.630292953996291,0.930770715544255,1910.17647058824,5.0,0.983,0.0,0.0,250.0,9c71801a3a8156a7b4b99da688aab30d887cf00f,2026-08-18 08:07:04,2026-06-13 23:44:26,2026-06-13-HTX-CAR,flyers,havoc,32,11,2026-06-13 19:00:00
ifuzat,-14.13,18.0,mturner,-4.87,18.09,0,0,0,"xfuzat,treinhard,jthachet,bgfroerer,awang,mturner,ifuzat",False,2026-06-13-HTX-CAR,9,4,2,4,489.0,1,7,True,True,179,away,131,1781394248.0,18,False,"mlee1,zthoreson,elong,smadiraju,smadiraju1,mtucker,wcoffin",132,251,c2567bc450008572bee9d0cc5ee6b3fb04d92b264188a9e3b29590329921696d,1781394248.0,False,179,466.411764705882,9.26043735468255,9.26,0.0899999999999999,-89.4431471063766,0751ac35b832e5f45d124d2945abb189f0b63da5625e4a76f56efe36e6c764b2,0.99008024755845,0.00991975244155019,0.529032627303274,0.630326863898238,0.63774927894623,0.933121623561715,1906.41176470588,5.0,0.982,0.0074224150479919,0.015759934717965,251.0,c01560ea8b4f13fb5f01a62cdca32c0414f3864b,2026-08-18 08:07:04,2026-06-13 23:44:26,2026-06-13-HTX-CAR,flyers,havoc,32,11,2026-06-13 19:00:00
mturner,-4.87,18.09,awang,-3.41,28.36,0,0,0,"xfuzat,treinhard,jthachet,bgfroerer,awang,mturner,ifuzat",False,2026-06-13-HTX-CAR,9,4,2,4,489.0,1,8,True,True,180,away,132,1781394251.0,18,False,"mlee1,zthoreson,elong,smadiraju,smadiraju1,mtucker,wcoffin",133,252,4514a45b8885c6a7947bb95d9e774d56fbe7b433defc24b4f6913271e88d72bf,1781394251.0,False,180,462.647058823529,10.3732588900499,1.46,10.27,-8.09104593245274,e13f5f51b0084525a3b114e6414ae356a7bc689f2212107eaadc71cdfb32d774,0.986633551488706,0.0133664485112941,0.529032627303274,0.637765704515261,0.664702131872883,0.906128346651954,1902.64705882353,5.0,0.982,0.0269364273576217,0.0571938289554658,252.0,7d57e1ec8e0a00c0f4f83b2b0f1839fe36abd9f3,2026-08-18 08:07:04,2026-06-13 23:44:26,2026-06-13-HTX-CAR,flyers,havoc,32,11,2026-06-13 19:00:00
awang,-3.41,28.36,,-3.41,28.36,1,0,0,"xfuzat,treinhard,jthachet,bgfroerer,awang,mturner,ifuzat",False,2026-06-13-HTX-CAR,9,4,2,4,489.0,1,9,True,True,181,away,133,1781394261.0,22,False,"mlee1,zthoreson,elong,smadiraju,smadiraju1,mtucker,wcoffin",134,255,c45f9295b76a32bcd7fd0f5ddf14cb80f30901dfdfa2a3d133c56766d2c39cff,1781394261.0,False,181,458.882352941176,0.0,0.0,0.0,-90.0,1962f364fd736d77f6aff380341f74b64a2fd98cd7975cd490dc6142dd4b8a27,0.5,-0.5,0.529032627303274,0.664702302637079,0.664702302637079,0.906128411824255,1898.88235294118,5.0,0.991,-0.906128411824255,-0.906128411824255,255.0,e8c33b54991ee8172dc7ff31d0bb9f202840c275,2026-08-18 08:07:04,2026-06-13 23:44:26,2026-06-13-HTX-CAR,flyers,havoc,32,11,2026-06-13 19:00:00
mtucker,-13.24,52.29,wcoffin,-16.85,61.7,0,0,0,"mlee1,zthoreson,elong,smadiraju,smadiraju1,mtucker,wcoffin",True,2026-06-13-HTX-CAR,9,4,2,4,489.0,2,1,False,False,182,home,120,1781394258.0,18,False,"xfuzat,treinhard,jthachet,bgfroerer,awang,mturner,ifuzat",121,254,5360ff26061fa66e0f1c0b13c044e0153bbf8efe587fb7910600c224cdecdd7c,1781394258.0,False,182,455.117647058824,10.0787003130364,-3.61,9.41,20.9885333087465,a12b4bd687d9db39ee689caeaa7c571ace246d40e5e728d300f1e0ba9334f011,0.982019837062016,0.0179801629379841,0.740975543075411,0.740975543075411,0.773659846123617,0.757141903190501,1895.11764705882,5.0,0.989,0.0326843030482059,0.126182305085274,254.0,538e8d32735a8895d568e0d3ceed0b0ea74e14e6,2026-08-18 08:07:04,2026-06-13 23:44:26,2026-06-13-HTX-CAR,flyers,havoc,32,11,2026-06-13 19:00:00
wcoffin,-16.85,61.7,,-9.08,52.84,1,0,0,"mlee1,zthoreson,elong,smadiraju,smadiraju1,mtucker,wcoffin",True,2026-06-13-HTX-CAR,9,4,2,4,489.0,2,2,False,False,183,home,121,1781394262.0,22,False,"xfuzat,treinhard,jthachet,bgfroerer,awang,mturner,ifuzat",122,256,7483ceeea2d5850ce29b4c573f6191459592304058693d0803ad8774bf2672ba,1781394262.0,False,183,451.352941176471,11.7844176775944,7.77,-8.86,-138.750041899092,daf72bcdf1b9884c8d2ef5228448a92ebba36e2e70401a7e01e6668f8fc1bed0,0.982136552012023,-0.982136552012023,0.740975543075411,0.773637496818674,0.746653908523603,0.805985351217985,1891.35294117647,5.0,0.98,-0.805985351217985,-0.805985351217985,256.0,2addd3dec5157c018f5ad54707c62c978a2380bc,2026-08-18 08:07:04,2026-06-13 23:44:26,2026-06-13-HTX-CAR,flyers,havoc,32,11,2026-06-13 19:00:00
treinhard,0.0,40.0,ifuzat,-12.86,107.36,0,0,0,"xfuzat,treinhard,jthachet,bgfroerer,awang,mturner,ifuzat",False,2026-06-13-HTX-CAR,9,5,2,4,489.0,3,1,True,True,184,away,135,1781394276.0,19,False,"mlee1,zthoreson,elong,smadiraju,smadiraju1,mtucker,wcoffin",136,258,c63d0e7fb42179374a4f20fb26ccdbbac5272680c15c183f44de30d1a74d1509,1781394276.0,False,184,447.588235294118,68.5765936745184,-12.86,67.36,10.8085293690498,071de55f18209291f44e2d19d26bcdbaf71a0cb665c2c3dfb77a84e59a2f42f9,0.586294103968659,0.413705896031341,0.700972106268284,0.700972106268284,1.0,0.636334939771795,1887.58823529412,5.0,0.976,0.299027893731716,1.0,258.0,00a8ddf50174b06df7436d67da206044e541a379,2026-08-18 08:07:04,2026-06-13 23:49:30,2026-06-13-HTX-CAR,flyers,havoc,32,11,2026-06-13 19:00:00
kpignone,-8.05,14.04,jlouie,6.0,20.0,0,0,0,"tbrooks1,jfairfax,jlouie,gsanner,tmitchell,zthoreson,kpignone",True,2026-06-13-HTX-CAR,9,5,2,5,489.0,1,1,True,True,185,home,124,1781394386.0,18,False,"ifuzat,ibaker,cburt,sheslep,skelly,jzhou,jsunukjia",125,262,8d551c84177d79e6007877211d4fa0ba490e98b8cb77227b676f278c481775cc,1781394386.0,False,185,443.823529411765,15.2618511328082,14.05,5.96,-67.013377762963,8ecca69187dfc71579cd9a6e1e0c0d9083be326226a4887d8b2e2f0da6ca1662,0.983061911987573,0.0169380880124274,0.627402086130589,0.627402086130589,0.642031839315425,0.933018154191637,1883.82352941176,4.0,0.972,0.0146297531848359,0.0392641843667526,262.0,14af816879dd9fe1be4318ecb7d7e4ab8c371129,2026-08-18 08:07:04,2026-06-13 23:49:30,2026-06-13-HTX-CAR,flyers,havoc,32,11,2026-06-13 19:00:00
jlouie,6.0,20.0,jfairfax,12.89,38.25,0,0,0,"tbrooks1,jfairfax,jlouie,gsanner,tmitchell,zthoreson,kpignone",True,2026-06-13-HTX-CAR,9,5,2,5,489.0,1,2,True,True,186,home,125,1781394390.0,18,False,"ifuzat,ibaker,cburt,sheslep,skelly,jzhou,jsunukjia",126,263,32558a0ead90c7ee4eaf9090c3e8f735ec7a5be0c3908c78e64a939125a545cf,1781394390.0,False,186,440.058823529412,19.5072960709577,6.89,18.25,-20.6832390972753,c360a96f8db5359efab6ed7bd8970f2387806cbed7167cde916f067f59a771ea,0.963225612306876,0.0367743876931242,0.627402086130589,0.641965295639905,0.689004366912119,0.865782658877061,1880.05882352941,4.0,0.973,0.0470390712722137,0.126246201390972,263.0,da7d60c1b2abe953b52a53fa8965c156d87bc525,2026-08-18 08:07:04,2026-06-13 23:49:30,2026-06-13-HTX-CAR,flyers,havoc,32,11,2026-06-13 19:00:00
jfairfax,12.89,38.25,zthoreson,0.47,94.02,0,0,0,"tbrooks1,jfairfax,jlouie,gsanner,tmitchell,zthoreson,kpignone",True,2026-06-13-HTX-CAR,9,5,2,5,489.0,1,3,True,True,187,home,126,1781394397.0,18,False,"ifuzat,ibaker,cburt,sheslep,skelly,jzhou,jsunukjia",127,264,db31acc1b897fd27201b120682e92895b9bd6373a54450b521283bf2c8f1d34f,1781394397.0,False,187,436.294117647059,57.1362345626661,-12.42,55.77,12.5549120547514,ac5444fcf1dc3ac82463f51984ca5a4d1eaa973d20120da404f75248ad575685,0.620870920621662,0.379129079378338,0.627402086130589,0.688932512995485,0.914301597699887,0.658056418071776,1876.29411764706,4.0,0.978,0.225369084704402,0.604858686308667,264.0,e76166439e858ceab5074982754618d949718469,2026-08-18 08:07:04,2026-06-13 23:49:30,2026-06-13-HTX-CAR,flyers,havoc,32,11,2026-06-13 19:00:00
zthoreson,0.47,94.02,gsanner,10.43,93.88,0,0,0,"tbrooks1,jfairfax,jlouie,gsanner,tmitchell,zthoreson,kpignone",True,2026-06-13-HTX-CAR,9,5,2,5,489.0,1,4,True,True,188,home,127,1781394400.0,18,False,"ifuzat,ibaker,cburt,sheslep,skelly,jzhou,jsunukjia",128,266,bcfa23838444d57148b72c611ebfbcbd4477ca48fb36bc23ee7db81d9b2563e3,1781394400.0,False,188,432.529411764706,9.96098388714689,9.96,-0.140000000000001,-90.8053093284377,9d8145186051ea9136418036c4ccc6d871944172f68c28c9c8d48c673a1b16ed,0.972600296285713,0.0273997037142871,0.627402086130589,0.914272053366857,0.912706492146849,0.655664841238355,1872.52941176471,4.0,0.978,-0.0015655612200085,-0.00420174445892686,266.0,d79bf0baddfaf6306b90a26eb843c47128c4c998,2026-08-18 08:07:04,2026-06-13 23:49:30,2026-06-13-HTX-CAR,flyers,havoc,32,11,2026-06-13 19:00:00
gsanner,10.43,93.88,kpignone,-20.33,110.59,0,0,0,"tbrooks1,jfairfax,jlouie,gsanner,tmitchell,zthoreson,kpignone",True,2026-06-13-HTX-CAR,10,5,2,5,489.0,1,5,True,True,189,home,128,1781394411.0,19,False,"ifuzat,ibaker,cburt,sheslep,skelly,jzhou,jsunukjia",129,267,82e6b7f930d3aa24ce4d8b4fa24bc215773d56b1e485cf53332ebc4f39155e1e,1781394411.0,False,189,428.764705882353,35.0057381010599,-30.76,16.71,61.4875107703002,9a5d8492977b285bb752a8524d4afb96ee626ddd1b5c60f4dc256a0b1491c552,0.854998484838324,0.145001515161676,0.627402086130589,0.912673453667619,1.0,0.610133893944061,1868.76470588235,4.0,0.979,0.0873265463323813,0.234372075317061,267.0,9dbc6192da723a73ce17e6cfc500dc07befff560,2026-08-18 08:07:04,2026-06-13 23:49:30,2026-06-13-HTX-CAR,flyers,havoc,32,11,2026-06-13 19:00:00
xfuzat,-24.76,51.18,treinhard,-1.5,36.27,0,0,0,"nfurrh,xfuzat,treinhard,jthachet,bgfroerer,awang,mturner",False,2026-06-13-HTX-CAR,10,5,2,6,425.0,1,1,True,True,190,away,140,1781394473.0,18,False,"smadiraju,mtucker,jsingleto,smadiraju1,cbelus,jreinhard,wcoffin",141,272,326936e16ac51d75ce82c222aa436d8899daf186ea1d7f3e909b996198bfbb62,1781394473.0,False,190,425.0,27.6285305436246,23.26,-14.91,-122.660465059925,b04b569dfb8757f8e4a3c1caadacd7a998e8f38cde9864c315eff4b40a4a4c99,0.953178075315278,0.0468219246847218,0.683629249087728,0.683629249087728,0.688187849231545,0.876276357062336,1865.0,5.0,0.982,0.00455860014381682,0.0144090442326664,272.0,2c5c428850ec7771868e8ced9a5a9153ad247581,2026-08-18 08:07:04,2026-06-13 23:49:30,2026-06-13-HTX-CAR,flyers,havoc,32,11,2026-06-13 19:00:00
treinhard,-1.5,36.27,awang,0.22,59.0,0,0,0,"nfurrh,xfuzat,treinhard,jthachet,bgfroerer,awang,mturner",False,2026-06-13-HTX-CAR,10,5,2,6,425.0,1,2,True,True,191,away,141,1781394475.0,18,False,"smadiraju,mtucker,jsingleto,smadiraju1,cbelus,jreinhard,wcoffin",142,273,8a4a4dd25ce7b1b0ccc22d1e706879d3dc80acf8914b386fc56663ba30530d8b,1781394475.0,False,191,423.714285714286,22.7949840973842,1.72,22.73,-4.32737724534849,993251f9fb6c2592a9463d3127d9568837338235b11129a273e083dba2d34e15,0.940353703081756,0.0596462969182444,0.683629249087728,0.688153518190393,0.772600881841819,0.78091746164744,1863.71428571429,5.0,0.98,0.0844473636514255,0.266925319132432,273.0,f2630fb3df957ecfb0e42e2222bbf7120474c968,2026-08-18 08:07:04,2026-06-13 23:49:30,2026-06-13-HTX-CAR,flyers,havoc,32,11,2026-06-13 19:00:00
awang,0.22,59.0,nfurrh,2.58,69.0,0,0,0,"nfurrh,xfuzat,treinhard,jthachet,bgfroerer,awang,mturner",False,2026-06-13-HTX-CAR,10,5,2,6,425.0,1,3,True,True,192,away,142,1781394476.0,18,False,"smadiraju,mtucker,jsingleto,smadiraju1,cbelus,jreinhard,wcoffin",143,274,3ad01f1e317430de820b0b9c8635dd87f0ccd15e73a35fc250513c4bca553e25,1781394476.0,False,192,422.428571428571,10.274706808469,2.36,10.0,-13.278836302373,b83e2400eb8aaab70276e01157dba834111fddb5ff81d36bb249b97b3b391f5c,0.979936051393009,0.0200639486069912,0.683629249087728,0.772572199173849,0.814758321609071,0.74034031908553,1862.42857142857,5.0,0.979,0.042186122435222,0.133343940024721,274.0,f765be4c8ad98ea21dcd19776362a72eec30e7d9,2026-08-18 08:07:04,2026-06-13 23:49:30,2026-06-13-HTX-CAR,flyers,havoc,32,11,2026-06-13 19:00:00
nfurrh,2.58,69.0,awang,0.68,72.27,0,0,0,"nfurrh,xfuzat,treinhard,jthachet,bgfroerer,awang,mturner",False,2026-06-13-HTX-CAR,10,5,2,6,425.0,1,4,True,True,193,away,143,1781394478.0,18,False,"smadiraju,mtucker,jsingleto,smadiraju1,cbelus,jreinhard,wcoffin",144,275,308780fb98546d640dee1a9ed0fed0fbcf6e48827bcaa9a44a6765d6912959c2,1781394478.0,False,193,421.142857142857,3.7819175030664,-1.9,3.27,30.1582907015481,8544a8a69954f5924c74b83bdc0bf3d84f928484beb2e96f623425c9ac0aa209,0.988994129637684,0.0110058703623156,0.683629249087728,0.814733212602832,0.828766160074097,0.727971425111554,1861.14285714286,5.0,0.979,0.0140329474712647,0.0443560203678752,275.0,f91ef9ccb798d1075bc6bfb2a48990b47330cd7a,2026-08-18 08:07:04,2026-06-13 23:49:30,2026-06-13-HTX-CAR,flyers,havoc,32,11,2026-06-13 19:00:00
awang,0.68,72.27,,0.68,72.27,1,0,0,"nfurrh,xfuzat,treinhard,jthachet,bgfroerer,awang,mturner",False,2026-06-13-HTX-CAR,10,5,2,6,425.0,1,5,True,True,194,away,144,1781394484.0,22,False,"smadiraju,mtucker,jsingleto,smadiraju1,cbelus,jreinhard,wcoffin",145,276,51176ebbc58c89954aa56aa13100ea765031ee6556ce2e90167b5e19e7a3e52a,1781394484.0,False,194,419.857142857143,0.0,0.0,0.0,-90.0,3ac7c3a17d1f42114b65bc6b2cf74eec51bf16560acb4b140c854c548a9612af,0.5,-0.5,0.683629249087728,0.828742133112038,0.828742133112038,0.727937897801994,1859.85714285714,5.0,0.989,-0.727937897801994,-0.727937897801994,276.0,31342588d37aedd3dad92fad655cdd84ca3a8b74,2026-08-18 08:07:04,2026-06-13 23:49:30,2026-06-13-HTX-CAR,flyers,havoc,32,11,2026-06-13 19:00:00
jreinhard,0.0,40.0,smadiraju1,-16.92,51.2,0,0,0,"smadiraju,mtucker,jsingleto,smadiraju1,cbelus,jreinhard,wcoffin",True,2026-06-13-HTX-CAR,10,5,2,6,425.0,2,1,False,False,195,home,132,1781394499.0,18,False,"nfurrh,xfuzat,treinhard,jthachet,bgfroerer,awang,mturner",133,278,1de323ac96afd320cc30d0e0529351e64c31e088ac971db82dbf427d40467f51,1781394499.0,False,195,418.571428571429,20.291042358637,-16.92,11.2,56.4978895237211,9f54495d64c577cca5c3357864f9350183c22ab782f4bb35b24065df17a7e09d,0.967766294738333,0.0322337052616666,0.700356501556442,0.700356501556442,0.728938822998736,0.8025476914349,1858.57142857143,5.0,0.989,0.028582321442294,0.0953877577546635,278.0,efcc41a46086e51f37036d903a6064bf3264965f,2026-08-18 08:07:04,2026-06-13 23:49:30,2026-06-13-HTX-CAR,flyers,havoc,32,11,2026-06-13 19:00:00
smadiraju1,-16.92,51.2,smadiraju,-18.42,63.34,0,0,0,"smadiraju,mtucker,jsingleto,smadiraju1,cbelus,jreinhard,wcoffin",True,2026-06-13-HTX-CAR,10,5,2,6,425.0,2,2,False,False,196,home,133,1781394502.0,18,False,"nfurrh,xfuzat,treinhard,jthachet,bgfroerer,awang,mturner",134,279,2fb53919f40efa97035204a39a58af9834ae6598688ecd7706e5554c261f8439,1781394502.0,False,196,417.285714285714,12.2323178506774,-1.5,12.14,7.04367986803086,30ba6f640c0c9a3cb13c33135a8a11d65270636c3f8aebd67a9adfaa18c51848,0.977621862270057,0.0223781377299428,0.700356501556442,0.728904304367538,0.776105667770854,0.744565085640847,1857.28571428571,5.0,0.989,0.0472013634033162,0.157525071121165,279.0,71fc1a88a01c3f86c31e407dc75fabedfcbb6be0,2026-08-18 08:07:04,2026-06-13 23:49:30,2026-06-13-HTX-CAR,flyers,havoc,32,11,2026-06-13 19:00:00
smadiraju,-18.42,63.34,smadiraju1,-10.24,54.4,0,0,0,"smadiraju,mtucker,jsingleto,smadiraju1,cbelus,jreinhard,wcoffin",True,2026-06-13-HTX-CAR,10,5,2,6,425.0,2,3,False,False,197,home,134,1781394504.0,18,False,"nfurrh,xfuzat,treinhard,jthachet,bgfroerer,awang,mturner",135,280,78e0e08c1f4d53079f7402bb4b0aded29d173cc34318770b796f2efba9c7a504,1781394504.0,False,197,416.0,12.1175905195711,8.18,-8.94,-137.541835378908,254f15a09bb5a28dbb9b33fe3dca815634a0ffd7e7e07beaede798480b0e56ee,0.980538924671654,0.0194610753283455,0.700356501556442,0.776074884169872,0.751585642982455,0.798096432141249,1856.0,5.0,0.989,-0.0244892411874179,-0.081727924398903,280.0,51d426daecf6355f01828d0e0937ccc809104a24,2026-08-18 08:07:04,2026-06-13 23:49:30,2026-06-13-HTX-CAR,flyers,havoc,32,11,2026-06-13 19:00:00
smadiraju1,-10.24,54.4,smadiraju,-2.94,54.68,0,0,0,"smadiraju,mtucker,jsingleto,smadiraju1,cbelus,jreinhard,wcoffin",True,2026-06-13-HTX-CAR,10,5,2,6,425.0,2,4,False,False,198,home,135,1781394507.0,18,False,"nfurrh,xfuzat,treinhard,jthachet,bgfroerer,awang,mturner",136,281,d8dd2d897a17d315aac8790276bdfe1e62ff6fc57117d23a88edca8752592ac2,1781394507.0,False,198,414.714285714286,7.30536788943582,7.3,0.280000000000001,-87.8034304345412,136a70e2000db3311ba02403c9330e5f59beeb65fb779ed374f59a657fa771b9,0.987563337098864,0.0124366629011364,0.700356501556442,0.751552139662125,0.754625590235507,0.798860662013005,1854.71428571429,5.0,0.989,0.00307345057338193,0.0102570240614143,281.0,d04c23170848f150e16634dd8973d2ccb21fa8ae,2026-08-18 08:07:04,2026-06-13 23:49:30,2026-06-13-HTX-CAR,flyers,havoc,32,11,2026-06-13 19:00:00
smadiraju,-2.94,54.68,jreinhard,8.59,45.54,0,0,0,"smadiraju,mtucker,jsingleto,smadiraju1,cbelus,jreinhard,wcoffin",True,2026-06-13-HTX-CAR,10,5,2,6,425.0,2,5,False,False,199,home,136,1781394510.0,18,False,"nfurrh,xfuzat,treinhard,jthachet,bgfroerer,awang,mturner",137,282,33c5cdeae51b5ab3e3a9db59434db348855224250f7af71ae0b94acbbfd1f61b,1781394510.0,False,199,413.428571428571,14.7132763176663,11.53,-9.14,-128.404378172646,5db01b95e8287f8aa3ba34a6a190e6ef9c6660d9922bf0db67fd83fe887528ef,0.98345340554358,0.01654659445642,0.700356501556442,0.754591969099275,0.718160239615642,0.837003841349573,1853.42857142857,5.0,0.989,-0.036431729483633,-0.121583580731339,282.0,821762b6b5c20099e217f72cf3d40cfbf493eaa2,2026-08-18 08:07:04,2026-06-13 23:49:30,2026-06-13-HTX-CAR,flyers,havoc,32,11,2026-06-13 19:00:00
jreinhard,8.59,45.54,smadiraju1,15.07,50.59,0,0,0,"smadiraju,mtucker,jsingleto,smadiraju1,cbelus,jreinhard,wcoffin",True,2026-06-13-HTX-CAR,10,5,2,6,425.0,2,6,False,False,200,home,137,1781394512.0,18,False,"nfurrh,xfuzat,treinhard,jthachet,bgfroerer,awang,mturner",138,283,0ad26ee8b34ce14b83d3a6f691a9de184c53e8b3730af3d1387490cb8a709146,1781394512.0,False,200,412.142857142857,8.21540625897466,6.48,5.05,-52.0699654407203,5891c6e208cabc324814443ac8387006aecf2b09afa00508ae5c1d20aa61fedd,0.987114894414966,0.0128851055850336,0.700356501556442,0.718123090725681,0.729095237535419,0.810061505252695,1852.14285714286,5.0,0.989,0.0109721468097377,0.0366173364906312,283.0,083b922fd2b46008f2613c3ff37c227c947e9db2,2026-08-18 08:07:04,2026-06-13 23:49:30,2026-06-13-HTX-CAR,flyers,havoc,32,11,2026-06-13 19:00:00
kpignone,14.25,44.59,tbrooks1,2.72,49.49,0,0,0,"tbrooks1,kpignone,jlouie,zthoreson,gsanner,wmatthews,jfairfax",True,2026-06-13-HTX-CAR,10,5,2,6,425.0,2,7,False,True,201,home,139,1781394579.0,18,False,"ifuzat,ibaker,cburt,sheslep,skelly,jzhou,jsunukjia",140,286,0c1a282acfef1d7b956b0031bf1239e303cd8fef9fa7d460db994481f6e8184b,1781394579.0,False,201,410.857142857143,12.5280046296288,-11.53,4.9,66.9755602555584,e4a6efa00fe4a04544c3fed0ff1e2a5cff68ca7fdd81aae9b1fdff4b7c09a52c,0.979202405343674,0.020797594656326,0.700356501556442,0.707967736205147,0.734248471741855,0.820944144563832,1850.85714285714,5.0,0.989,0.0262807355367077,0.0877066770119095,286.0,e0161cd79562bc23dbf3cc74b3e7d35765955e7f,2026-08-18 08:07:04,2026-06-13 23:54:33,2026-06-13-HTX-CAR,flyers,havoc,32,11,2026-06-13 19:00:00
tbrooks1,2.72,49.49,jfairfax,9.07,59.72,0,0,0,"tbrooks1,kpignone,jlouie,zthoreson,gsanner,wmatthews,jfairfax",True,2026-06-13-HTX-CAR,10,5,2,6,425.0,2,8,False,True,202,home,140,1781394582.0,18,False,"ifuzat,ibaker,cburt,sheslep,skelly,jzhou,jsunukjia",141,287,d4c55233c966080fd5b7b2fcfb660f5fc2affac7d51e4697fe6822c099f9c4db,1781394582.0,False,202,409.571428571429,12.0405730760624,6.35,10.23,-31.828840736332,98f7b71ca955fa7a3d1a0e830c7ee9012e7c24a4c292b5f6c3ed918620c385fb,0.977755434157959,0.0222445658420408,0.700356501556442,0.734211987368442,0.773693424862059,0.776211253778267,1849.57142857143,5.0,0.989,0.0394814374936177,0.131761368755526,287.0,c6e19615570151b9a7ab5b9e8884c7a81fd3b646,2026-08-18 08:07:04,2026-06-13 23:54:33,2026-06-13-HTX-CAR,flyers,havoc,32,11,2026-06-13 19:00:00
jfairfax,9.07,59.72,kpignone,-3.07,54.13,0,0,0,"tbrooks1,kpignone,jlouie,zthoreson,gsanner,wmatthews,jfairfax",True,2026-06-13-HTX-CAR,10,5,2,6,425.0,2,9,False,True,203,home,141,1781394588.0,18,False,"ifuzat,ibaker,cburt,sheslep,skelly,jzhou,jsunukjia",142,288,a5adffef591ecffbc24189b6f2f5d12fb07dd5611a05c300933f9d854a0cc112,1781394588.0,False,203,408.285714285714,13.3651674138411,-12.14,-5.59,114.724240276426,ad4e3dda457ad5d4cf80ed702ec93cbabd831a6706fb536f04aa4a940de3f3b0,0.982023210855162,0.0179767891448382,0.700356501556442,0.773660428114965,0.752239736939521,0.801045792558086,1848.28571428571,5.0,0.989,-0.0214206911754447,-0.0714872549770325,288.0,099a4cc869b23c89d265678f8e3ea23d7c90af9b,2026-08-18 08:07:04,2026-06-13 23:54:33,2026-06-13-HTX-CAR,flyers,havoc,32,11,2026-06-13 19:00:00
kpignone,-3.07,54.13,wmatthews,-21.49,66.0,0,0,0,"tbrooks1,kpignone,jlouie,zthoreson,gsanner,wmatthews,jfairfax",True,2026-06-13-HTX-CAR,10,5,2,6,425.0,2,10,False,True,204,home,142,1781394592.0,18,False,"ifuzat,ibaker,cburt,sheslep,skelly,jzhou,jsunukjia",143,289,8f55beb73cab940c78ebbf5fe12aabeed31e4022c4e55803c8cdc11419d59224,1781394592.0,False,204,407.0,21.9133133049295,-18.42,11.87,57.2019339302015,ab61ecf9f2a9ae5b5c71651d165b2ad0859349c259123458facf3bb8b2b29892,0.95965465708636,0.0403453429136401,0.700356501556442,0.752204369347158,0.775640686882346,0.719604501640827,1847.0,5.0,0.989,0.023436317535188,0.0782140031635047,289.0,682b1e8eafef772900fcacfd50f33c36c4661756,2026-08-18 08:07:04,2026-06-13 23:54:33,2026-06-13-HTX-CAR,flyers,havoc,32,11,2026-06-13 19:00:00
wmatthews,-21.49,66.0,kpignone,-2.32,62.79,0,0,0,"tbrooks1,kpignone,jlouie,zthoreson,gsanner,wmatthews,jfairfax",True,2026-06-13-HTX-CAR,10,5,2,6,425.0,2,11,False,True,205,home,143,1781394597.0,18,False,"ifuzat,ibaker,cburt,sheslep,skelly,jzhou,jsunukjia",144,290,59445aee882e905d1c6c7885efdee37ca46a6dcae6c865c6af9c6aa6be2709f2,1781394597.0,False,205,405.714285714286,19.4368979006425,19.17,-3.21,-99.5059373578196,834c0cf2773e524fe4fa3dba51838c3820bc392e88b9fee08c787cbe58efbeb2,0.95729419496231,0.0427058050376904,0.700356501556442,0.775607463252498,0.787930465250795,0.764722486780756,1845.71428571429,5.0,0.989,0.0123230019982978,0.0411255443962821,290.0,74eea57f15ae1a6249320b1085d7ea71c0c62fcf,2026-08-18 08:07:04,2026-06-13 23:54:33,2026-06-13-HTX-CAR,flyers,havoc,32,11,2026-06-13 19:00:00
kpignone,-2.32,62.79,tbrooks1,9.82,59.99,0,0,0,"tbrooks1,kpignone,jlouie,zthoreson,gsanner,wmatthews,jfairfax",True,2026-06-13-HTX-CAR,10,5,2,6,425.0,2,12,False,True,206,home,144,1781394599.0,18,False,"ifuzat,ibaker,cburt,sheslep,skelly,jzhou,jsunukjia",145,291,9afa92edc9eeb7cbace82575de037c58841ad5ec54aea4b0d4540801546cf4c0,1781394599.0,False,206,404.428571428571,12.4587158246747,12.14,-2.8,-102.98772282257,575bcc121e1d3c1f9c7f884b59227b71eb70b08f3468ce050d5132aeec2edecb,0.981357998868458,0.0186420011315425,0.700356501556442,0.78789839901138,0.77425661900238,0.774589640488553,1844.42857142857,5.0,0.989,-0.0136417800090001,-0.0455267011627476,291.0,fd23b002813101c2ef5d51cd42c3f1a14e76eca1,2026-08-18 08:07:04,2026-06-13 23:54:33,2026-06-13-HTX-CAR,flyers,havoc,32,11,2026-06-13 19:00:00
tbrooks1,9.82,59.99,jlouie,16.09,65.79,0,0,0,"tbrooks1,kpignone,jlouie,zthoreson,gsanner,wmatthews,jfairfax",True,2026-06-13-HTX-CAR,10,5,2,6,425.0,2,13,False,True,207,home,145,1781394601.0,18,False,"ifuzat,ibaker,cburt,sheslep,skelly,jzhou,jsunukjia",146,292,3b501674271542562e9861d1d17b6b3f52a7d152b225c9d55ed35ff8073af2c0,1781394601.0,False,207,403.142857142857,8.54124698155955,6.27,5.8,-47.2299434997479,83c90c5c8104bd785247c08ab4f217b0a9e6353f1e5b8298b7eb76c8c1f31558,0.984667875995089,0.0153321240049109,0.700356501556442,0.774222933697509,0.790721377530121,0.742699596075178,1843.14285714286,5.0,0.989,0.0164984438326118,0.0550602429831112,292.0,d7cf65dfee91cd418e73204d43a1e29c18b50524,2026-08-18 08:07:04,2026-06-13 23:54:33,2026-06-13-HTX-CAR,flyers,havoc,32,11,2026-06-13 19:00:00
jlouie,16.09,65.79,zthoreson,19.43,77.45,0,0,0,"tbrooks1,kpignone,jlouie,zthoreson,gsanner,wmatthews,jfairfax",True,2026-06-13-HTX-CAR,10,5,2,6,425.0,2,14,False,True,208,home,146,1781394603.0,18,False,"ifuzat,ibaker,cburt,sheslep,skelly,jzhou,jsunukjia",147,293,892e4d4e0e1ab80f17357689b16c54fef1502acca87f5a5890d1fb2a10d76df9,1781394603.0,False,208,401.857142857143,12.128940596771,3.34,11.66,-15.9843284744414,324712e3169a899768814e932655200a7374a865a233c8fac80c901121400fe1,0.976174292600688,0.0238257073993122,0.700356501556442,0.790689375593632,0.834602383443599,0.686536953326943,1841.85714285714,5.0,0.99,0.0439130078499672,0.146550844847511,293.0,7a09bb6b74cc6498ce5068e79a9ed13ce393c2ae,2026-08-18 08:07:04,2026-06-13 23:54:33,2026-06-13-HTX-CAR,flyers,havoc,32,11,2026-06-13 19:00:00
zthoreson,19.43,77.45,wmatthews,9.2,89.45,0,0,0,"tbrooks1,kpignone,jlouie,zthoreson,gsanner,wmatthews,jfairfax",True,2026-06-13-HTX-CAR,10,5,2,6,425.0,2,15,False,True,209,home,147,1781394606.0,18,False,"ifuzat,ibaker,cburt,sheslep,skelly,jzhou,jsunukjia",148,294,1844bb8d39db48d069e8307d779e45365bbd4d8ec467c16246e71e1ba60a2e82,1781394606.0,False,209,400.571428571429,15.768731718182,-10.23,12.0,40.4475919320609,2d1098cf43f660f911d1f96ca0dc46f5677d5d24b24a5b9cb84a6ae2e2098a4c,0.947843426928839,0.0521565730711608,0.700356501556442,0.834575619108557,0.896947256328376,0.66811545354118,1840.57142857143,5.0,0.99,0.0623716372198193,0.208152813405921,294.0,2c49fe31be910784ba68d8d3f597224717826700,2026-08-18 08:07:04,2026-06-13 23:54:33,2026-06-13-HTX-CAR,flyers,havoc,32,11,2026-06-13 19:00:00
wmatthews,9.2,89.45,jfairfax,-7.03,109.15,0,0,0,"tbrooks1,kpignone,jlouie,zthoreson,gsanner,wmatthews,jfairfax",True,2026-06-13-HTX-CAR,11,5,2,6,425.0,2,16,False,True,210,home,148,1781394615.0,19,False,"ifuzat,ibaker,cburt,sheslep,skelly,jzhou,jsunukjia",149,295,9afcfa43ed70c0580aa6a7a109190584215c99bafe197dc45fc07973f8caf55f,1781394615.0,False,210,399.285714285714,25.5245548443063,-16.23,19.7,39.4836719305789,353fb61bbba9ad80aeeeb2d0c40dc60a603100e8e0d79486b2b5b1eaec409ce6,0.886703437360311,0.113296562639689,0.700356501556442,0.896929303696641,1.0,0.640451834375732,1839.28571428571,5.0,0.991,0.103070696303359,0.343977749688349,295.0,c9501e3e8675733ed02f2331a33cdec704159a50,2026-08-18 08:07:04,2026-06-13 23:54:33,2026-06-13-HTX-CAR,flyers,havoc,32,11,2026-06-13 19:00:00
cdixon,14.58,5.45,cughetta,0.68,16.9,0,0,0,"bthibodea,cughetta,mbaldauf,jjoshi,blin,cdixon,xfuzat",False,2026-06-13-HTX-CAR,11,5,2,7,398.0,1,1,True,True,211,away,148,1781394673.0,18,False,"nlyle,jsingleto,jreinhard,mtucker,ostout,smadiraju,cbelus",149,300,2619583e92131d808660889de3034fbad01d2dd53dcaec94a09cbd69f209c533,1781394673.0,False,211,398.0,18.008678463452,-13.9,11.45,50.520316780601,0536b249c8236d73c27e39c38b2c1def0ae0f70df20b8b2a4bb5a9c52c6a9a99,0.97670180365636,0.0232981963436402,0.598970399952478,0.598970399952478,0.633964420585516,0.932847679146816,1838.0,6.0,0.993,0.0349940206330382,0.0872604431914539,300.0,d3ae0d5c5248dd8c3d52cbb6c9dc74f8cef577b1,2026-08-18 08:07:04,2026-06-13 23:54:33,2026-06-13-HTX-CAR,flyers,havoc,32,11,2026-06-13 19:00:00
cughetta,0.68,16.9,mbaldauf,0.95,22.45,0,0,0,"bthibodea,cughetta,mbaldauf,jjoshi,blin,cdixon,xfuzat",False,2026-06-13-HTX-CAR,11,5,2,7,398.0,1,2,True,True,212,away,149,1781394676.0,18,False,"nlyle,jsingleto,jreinhard,mtucker,ostout,smadiraju,cbelus",150,301,dce433808e816719ad6bc486f6dd80c698ab00c609280badc7a73cc04808cf42,1781394676.0,False,212,392.083333333333,5.55656368630829,0.27,5.55,-2.78516642211434,3eea17ef4b4221cd3cb6e5f29eb1eee910fe56988defc26ffc95d0fafec34797,0.992760637276726,0.00723936272327386,0.598970399952478,0.633757381658846,0.647374493495266,0.925335079626108,1832.08333333333,6.0,0.993,0.0136171118364203,0.0339553784429048,301.0,7d857291fe12b9795cc77e1008d083a28558a9d5,2026-08-18 08:07:04,2026-06-13 23:54:33,2026-06-13-HTX-CAR,flyers,havoc,32,11,2026-06-13 19:00:00
mbaldauf,0.95,22.45,cdixon,7.4,17.18,0,0,0,"bthibodea,cughetta,mbaldauf,jjoshi,blin,cdixon,xfuzat",False,2026-06-13-HTX-CAR,11,5,2,7,398.0,1,3,True,True,213,away,150,1781394681.0,18,False,"nlyle,jsingleto,jreinhard,mtucker,ostout,smadiraju,cbelus",151,302,d8907465c25db1fd4583b569b154d135c28937bde4172a34845f70a4ac628117,1781394681.0,False,213,386.166666666667,8.32918963645324,6.45,-5.27,-129.250686963334,5f640a71991df69f3b75f4533553af71601800f77f984ddb719407d5d7412921,0.992865139037847,0.00713486096215332,0.598970399952478,0.64717440335374,0.633049930175267,0.932446113027922,1826.16666666667,6.0,0.993,-0.0141244731784731,-0.0352205253098508,302.0,d37594795d979526258d86eb868d81add061343e,2026-08-18 08:07:04,2026-06-13 23:54:33,2026-06-13-HTX-CAR,flyers,havoc,32,11,2026-06-13 19:00:00
cdixon,7.4,17.18,mbaldauf,-2.41,13.36,0,0,0,"bthibodea,cughetta,mbaldauf,jjoshi,blin,cdixon,xfuzat",False,2026-06-13-HTX-CAR,11,5,2,7,398.0,1,4,True,True,214,away,151,1781394688.0,18,False,"nlyle,jsingleto,jreinhard,mtucker,ostout,smadiraju,cbelus",152,303,241fa5b7edf28e73910ede1b893f972b707460fcfca488782639945a1217095b,1781394688.0,False,214,380.25,10.5275115768162,-9.81,-3.82,111.275867595562,8b03dc98286ea9b538554aa0f065577e49a752308f42952a302a17f4930ef374,0.991624250269999,0.0083757497300011,0.598970399952478,0.632853660169693,0.625151613867015,0.932662562312799,1820.25,6.0,0.993,-0.0077020463026789,-0.0192056803332378,303.0,bda8bf660b8a2517bfe683d98a762431ac21852b,2026-08-18 08:07:04,2026-06-13 23:54:33,2026-06-13-HTX-CAR,flyers,havoc,32,11,2026-06-13 19:00:00
mbaldauf,-2.41,13.36,cdixon,14.21,15.27,0,0,0,"bthibodea,cughetta,mbaldauf,jjoshi,blin,cdixon,xfuzat",False,2026-06-13-HTX-CAR,11,5,2,7,398.0,1,5,True,True,215,away,152,1781394691.0,18,False,"nlyle,jsingleto,jreinhard,mtucker,ostout,smadiraju,cbelus",153,304,6b437882059466bf04153c358e623485f9eb4331ed2086c74da43c2818c62365,1781394691.0,False,215,374.333333333333,16.7293903056866,16.62,1.91,-83.4442267622153,f4b18c87f5a3fed6f011a2b3e15a3079f0c1883a7d37e668b3ad20c23a974abc,0.985006522274357,0.0149934777256432,0.598970399952478,0.62496474752435,0.620110347405346,0.930484078930263,1814.33333333333,6.0,0.993,-0.00485440011900407,-0.012104842431653,304.0,1814b2cf4988466e01098684dcc9cd45a2bc426e,2026-08-18 08:07:04,2026-06-13 23:54:33,2026-06-13-HTX-CAR,flyers,havoc,32,11,2026-06-13 19:00:00
cdixon,14.21,15.27,cughetta,17.76,31.0,0,0,0,"bthibodea,cughetta,mbaldauf,jjoshi,blin,cdixon,xfuzat",False,2026-06-13-HTX-CAR,11,5,2,7,398.0,1,6,True,True,216,away,153,1781394693.0,18,False,"nlyle,jsingleto,jreinhard,mtucker,ostout,smadiraju,cbelus",154,305,1e9eaf0db2ed08622b457ccb2050c9f08a6c9b53a9305b37ee609303a50ac8fa,1781394693.0,False,216,368.416666666667,16.1256131666365,3.55,15.73,-12.7176476250979,42bb9079f22a587274967341c163a7f3c5fb5627d5d25b4bb3c9b782d1a12755,0.977644432925064,0.0223555670749359,0.598970399952478,0.619937421965969,0.650802912700468,0.888532738656419,1808.41666666667,6.0,0.993,0.0308654907344991,0.0769656173281013,305.0,d3146b688acb5b17b955844583ceff0107872d51,2026-08-18 08:07:04,2026-06-13 23:54:33,2026-06-13-HTX-CAR,flyers,havoc,32,11,2026-06-13 19:00:00
cughetta,17.76,31.0,,17.76,31.0,1,0,0,"bthibodea,cughetta,mbaldauf,jjoshi,blin,cdixon,xfuzat",False,2026-06-13-HTX-CAR,11,5,2,7,398.0,1,7,True,True,217,away,154,1781394702.0,22,False,"nlyle,jsingleto,jreinhard,mtucker,ostout,smadiraju,cbelus",155,308,894c864c5f2a35d10cea5c92045d1786f9e603f156f0daeaad9b1ba3a1324137,1781394702.0,False,217,362.5,0.0,0.0,0.0,-90.0,30d09ac8e9a3ed7625b27a84e242efe6d83b84faf00796e40867989d64d32d99,0.5,-0.5,0.598970399952478,0.650654097114895,0.650654097114895,0.888467872719496,1802.5,6.0,0.996,-0.888467872719496,-0.888467872719496,308.0,7cb57230e77561bce9c229aae0bcea025d21701f,2026-08-18 08:07:04,2026-06-13 23:54:33,2026-06-13-HTX-CAR,flyers,havoc,32,11,2026-06-13 19:00:00
mtucker,-15.62,74.18,ostout,-5.19,75.4,0,0,0,"nlyle,jsingleto,jreinhard,mtucker,ostout,smadiraju,cbelus",True,2026-06-13-HTX-CAR,11,5,2,7,398.0,2,1,False,False,218,home,152,1781394702.0,18,False,"bthibodea,cughetta,mbaldauf,jjoshi,blin,cdixon,xfuzat",153,307,56bec7cde8f44628f1876405aeb7324b331ecb12aae1e1392bc2c0ff49a75285,1781394702.0,False,218,356.583333333333,10.5011094651946,10.43,1.22,-83.3284134983357,c6c61f20e320b93a6043a136aa62b4a9f6962d10dbf51c1106a0ea06d6191d6f,0.975980678480396,0.0240193215196036,0.829116230155835,0.829116230155835,0.840572766719722,0.714276073002442,1796.58333333333,6.0,0.996,0.0114565365638869,0.0670428594496397,307.0,c750c795f3195fe743b5dc6ebb1ecc97353f253a,2026-08-18 08:07:04,2026-06-13 23:54:33,2026-06-13-HTX-CAR,flyers,havoc,32,11,2026-06-13 19:00:00
ostout,-5.19,75.4,jreinhard,4.56,74.79,0,0,0,"nlyle,jsingleto,jreinhard,mtucker,ostout,smadiraju,cbelus",True,2026-06-13-HTX-CAR,11,5,2,7,398.0,2,2,False,False,219,home,153,1781394704.0,18,False,"bthibodea,cughetta,mbaldauf,jjoshi,blin,cdixon,xfuzat",154,309,460ec04904651ae695f204da5bc4775f325e432a693404db4e914f2d18534262,1781394704.0,False,219,350.666666666667,9.76906341467799,9.75,-0.609999999999999,-93.5799928756956,e3068e907886d1242b286dfd8ea34da87f4c87c6aacd2f64b943de4019376de5,0.981244564593962,0.0187554354060379,0.829116230155835,0.840509682734961,0.838001772961519,0.71647304042065,1790.66666666667,6.0,0.996,-0.00250790977344117,-0.0146761145059489,309.0,42904ca4425db3e2b826549058461e6c9670c502,2026-08-18 08:07:04,2026-06-13 23:54:33,2026-06-13-HTX-CAR,flyers,havoc,32,11,2026-06-13 19:00:00
jreinhard,4.56,74.79,jsingleto,-5.53,79.7,0,0,0,"nlyle,jsingleto,jreinhard,mtucker,ostout,smadiraju,cbelus",True,2026-06-13-HTX-CAR,11,5,2,7,398.0,2,3,False,False,220,home,154,1781394705.0,18,False,"bthibodea,cughetta,mbaldauf,jjoshi,blin,cdixon,xfuzat",155,310,31cc4c49dc7b44c13bb3e0527c9264f77a48b172b545fa1228b28c7982deed83,1781394705.0,False,220,344.75,11.2212387907931,-10.09,4.91,64.0514997734658,423553c0032be16d086f7f919f0cf556cc3812929d96858e258666b864c2e877,0.976176498842361,0.023823501157639,0.829116230155835,0.837948166550703,0.858495013498764,0.698905017174767,1784.75,6.0,0.996,0.0205468469480619,0.12023872698267,310.0,54ad0e6c38624eed6523e6b5784b2b724751804d,2026-08-18 08:07:04,2026-06-13 23:54:33,2026-06-13-HTX-CAR,flyers,havoc,32,11,2026-06-13 19:00:00
jsingleto,-5.53,79.7,jreinhard,-14.67,81.47,0,0,0,"nlyle,jsingleto,jreinhard,mtucker,ostout,smadiraju,cbelus",True,2026-06-13-HTX-CAR,11,5,2,7,398.0,2,4,False,False,221,home,155,1781394708.0,18,False,"bthibodea,cughetta,mbaldauf,jjoshi,blin,cdixon,xfuzat",156,311,4ba3a2860e40a40bfc90c7e975485b0e85604df3b5f2daba13f04dfba4d4c8b6,1781394708.0,False,221,338.833333333333,9.30980665749832,-9.14,1.77,79.0400900529569,1b6e870070c74fb2f65fa635b7cb1a19498e5fa44d5cc91a5877d69062a97748,0.980218683999685,0.0197813160003153,0.829116230155835,0.85845445688445,0.861599446143832,0.683901820900182,1778.83333333333,6.0,0.996,0.00314498925938189,0.0184042595867936,311.0,93389773c0104beccc05600686f87d055678d07f,2026-08-18 08:07:04,2026-06-13 23:54:33,2026-06-13-HTX-CAR,flyers,havoc,32,11,2026-06-13 19:00:00
jreinhard,-14.67,81.47,cbelus,-20.94,108.27,0,0,0,"nlyle,jsingleto,jreinhard,mtucker,ostout,smadiraju,cbelus",True,2026-06-13-HTX-CAR,12,5,2,7,398.0,2,5,False,False,222,home,156,1781394715.0,19,False,"bthibodea,cughetta,mbaldauf,jjoshi,blin,cdixon,xfuzat",157,312,a9ec868d80667a18c458a0aaf0f16cedae75eabafb5c4d2fc9c14e6b179030fd,1781394715.0,False,222,332.916666666667,27.5236788965429,-6.27,26.8,13.1678095741266,9881af0fa28d945975bcb82c1d1513f3e3243346b0b921d28ba10b1d9ac25fcd,0.891169529633415,0.108830470366585,0.829116230155835,0.861565144533532,1.0,0.604053902754924,1772.91666666667,6.0,0.996,0.138434855466468,0.810111197761569,312.0,466c73db08b98a2e24255c34c4c47317e419836e,2026-08-18 08:07:04,2026-06-13 23:54:33,2026-06-13-HTX-CAR,flyers,havoc,32,11,2026-06-13 19:00:00
jthachet,-6.77,15.0,xfuzat,-3.23,26.81,0,0,0,"nfurrh,xfuzat,treinhard,jthachet,bgfroerer,awang,mturner",False,2026-06-13-HTX-CAR,12,5,2,8,327.0,1,1,True,True,223,away,157,1781394837.0,18,False,"smadiraju1,smadiraju,wcoffin,zthoreson,mlee1,mtucker,elong",158,316,cce1c30e81695f64140ecf383b691af4fec17c9b6e9b1fcfbe7140b8da1c12b0,1781394837.0,False,223,327.0,12.3291402782189,3.54,11.81,-16.6858906498243,0bda2cce1df1d7fa8512559713102d3297407f053615ccbac5b504c89a8f5309,0.983963730974576,0.0160362690254238,0.627019450934934,0.627019450934934,0.657382640621476,0.910432209333393,1767.0,7.0,0.997,0.0303631896865418,0.0814068984633433,316.0,d27c68969cece6bd90d65db16dfd56d1fbdc563b,2026-08-18 08:07:04,2026-06-13 23:54:33,2026-06-13-HTX-CAR,flyers,havoc,32,11,2026-06-13 19:00:00
xfuzat,-3.23,26.81,jthachet,-2.87,33.45,0,0,0,"nfurrh,xfuzat,treinhard,jthachet,bgfroerer,awang,mturner",False,2026-06-13-HTX-CAR,12,5,2,8,327.0,1,2,True,True,224,away,158,1781394840.0,18,False,"smadiraju1,smadiraju,wcoffin,zthoreson,mlee1,mtucker,elong",159,317,6e2eb676ccfdcb88d2baab86385308506765612fe71039decfec10e54fef7473,1781394840.0,False,224,324.272727272727,6.64975187507023,0.36,6.64,-3.10335932174337,863c922765b45ab7f2fcbc1f8a40ed769a5f3660cb4256416cea4de991f079f0,0.990355222621205,0.0096447773787951,0.627019450934934,0.657357490504182,0.676812342516305,0.886091445543046,1764.27272727273,7.0,0.997,0.0194548520121225,0.0521605002214972,317.0,efe5fdc413f048fc6b1ffa85920470585aefebec,2026-08-18 08:07:04,2026-06-13 23:54:33,2026-06-13-HTX-CAR,flyers,havoc,32,11,2026-06-13 19:00:00
jthachet,-2.87,33.45,xfuzat,5.13,34.0,0,0,0,"nfurrh,xfuzat,treinhard,jthachet,bgfroerer,awang,mturner",False,2026-06-13-HTX-CAR,12,5,2,8,327.0,1,3,True,True,225,away,159,1781394841.0,18,False,"smadiraju1,smadiraju,wcoffin,zthoreson,mlee1,mtucker,elong",160,318,9728d94372b9cd5b873862cd9dac65ead54b128e1e0d27761c62dbd0c691613d,1781394841.0,False,225,321.545454545455,8.01888396224811,8.0,0.549999999999997,-86.0671037277695,72557e47afb6d89d3ca4f40b6f2797ff38abd9f8defa26d6b80e11316fcef10d,0.990277394798581,0.00972260520141921,0.627019450934934,0.676788368090259,0.678191711837631,0.883780261426766,1761.54545454545,7.0,0.997,0.0014033437473715,0.00376251188135467,318.0,3004b6a74a7149a04081957cb27dd4f4d340eef5,2026-08-18 08:07:04,2026-06-13 23:54:33,2026-06-13-HTX-CAR,flyers,havoc,32,11,2026-06-13 19:00:00
xfuzat,5.13,34.0,jthachet,-6.96,31.09,0,0,0,"nfurrh,xfuzat,treinhard,jthachet,bgfroerer,awang,mturner",False,2026-06-13-HTX-CAR,12,5,2,8,327.0,1,4,True,True,226,away,160,1781394843.0,18,False,"smadiraju1,smadiraju,wcoffin,zthoreson,mlee1,mtucker,elong",161,319,c66bba820cf4942b2cac1ef3151c8943dc059470c7dbe07928db9a4955116a1a,1781394843.0,False,226,318.818181818182,12.4352804552209,-12.09,-2.91,103.53336773692,9d5ba11efc4f770e04827198274b0a06548bc679073e3116b8171f42d875263f,0.987086591500492,0.0129134084995077,0.627019450934934,0.678167923800897,0.668891859332374,0.894674356974601,1758.81818181818,7.0,0.997,-0.00927606446852336,-0.0248701024538016,319.0,64285aa5d26986e461948e689db29eb5c44019d6,2026-08-18 08:07:04,2026-06-13 23:54:33,2026-06-13-HTX-CAR,flyers,havoc,32,11,2026-06-13 19:00:00
jthachet,-6.96,31.09,mturner,-18.86,46.45,0,0,0,"nfurrh,xfuzat,treinhard,jthachet,bgfroerer,awang,mturner",False,2026-06-13-HTX-CAR,12,5,2,8,327.0,1,5,True,True,227,away,161,1781394845.0,18,False,"smadiraju1,smadiraju,wcoffin,zthoreson,mlee1,mtucker,elong",162,320,2689cefa9716b4c9b9115e8740a596cc6d9e0e1918c099ece55781843362397f,1781394845.0,False,227,316.090909090909,19.4303782773265,-11.9,15.36,37.7663612868952,1b89d27db76373a96c57e83be8cd1bcec2786ae4a189766a60071cda729c9325,0.970545207182018,0.0294547928179816,0.627019450934934,0.668867532553423,0.701856362028361,0.817282926193378,1756.09090909091,7.0,0.997,0.0329888294749379,0.0884465143226089,320.0,2fb653e99f553665a4ae96ce0fb9e3ea4f3f1820,2026-08-18 08:07:04,2026-06-13 23:54:33,2026-06-13-HTX-CAR,flyers,havoc,32,11,2026-06-13 19:00:00
mturner,-18.86,46.45,treinhard,-20.13,57.45,0,0,0,"nfurrh,xfuzat,treinhard,jthachet,bgfroerer,awang,mturner",False,2026-06-13-HTX-CAR,12,5,2,8,327.0,1,6,True,True,228,away,162,1781394856.0,18,False,"smadiraju1,smadiraju,wcoffin,zthoreson,mlee1,mtucker,elong",163,321,ca553e662a8d7db87ebb02261e3db40b1e7e2f2561eb1727152e2e1518568037,1781394856.0,False,228,313.363636363636,11.0730709380912,-1.27,11.0,6.58589867880882,1248ebc127d91f6aab7b1ddf105d7d188cc8a54ff3974f52693fe62725ec6bc0,0.98100561298848,0.0189943870115202,0.627019450934934,0.701832897054314,0.741811734459291,0.762193322464107,1753.36363636364,7.0,0.997,0.0399788374049769,0.107187459252741,321.0,62274df4b03c9ea4ed3d26daa57e2afdd2b9a540,2026-08-18 08:07:04,2026-06-13 23:54:33,2026-06-13-HTX-CAR,flyers,havoc,32,11,2026-06-13 19:00:00
treinhard,-20.13,57.45,awang,-17.13,71.09,1,1,0,"nfurrh,xfuzat,treinhard,jthachet,bgfroerer,awang,mturner",False,2026-06-13-HTX-CAR,12,5,2,8,327.0,1,7,True,True,229,away,163,1781394870.0,20,False,"smadiraju1,smadiraju,wcoffin,zthoreson,mlee1,mtucker,elong",164,324,74b5a3f7fe2ac3c7745e1a8908de0046c09223be09585cf78aeab841b8ba2dc6,1781394870.0,False,229,310.636363636364,13.9660158957378,3.0,13.64,-12.4042131691096,7e7edd94bcec84433b325556923d3b34b50e0d29bf0ec715359754c0c4f36169,0.967155056180484,1.0,0.627019450934934,0.741789539258307,0.812331384380259,0.714912889436863,1750.63636363636,7.0,0.998,-0.714912889436863,-0.714912889436863,324.0,31cc3a2660bdf1c7a9ebe1ce658c374404068431,2026-08-18 08:07:04,2026-06-13 23:59:36,2026-06-13-HTX-CAR,flyers,havoc,32,11,2026-06-13 19:00:00
mtucker,15.95,38.86,mlee1,5.45,45.54,0,0,0,"smadiraju1,smadiraju,wcoffin,zthoreson,mlee1,mtucker,elong",True,2026-06-13-HTX-CAR,12,5,2,8,327.0,2,1,False,False,230,home,160,1781394871.0,18,False,"nfurrh,xfuzat,treinhard,jthachet,bgfroerer,awang,mturner",161,325,a13845fe837635998723157ddbc1717fd4699f9f567772467395e9adc80cfd05,1781394871.0,False,230,307.909090909091,12.4447740035727,-10.5,6.68,57.5358699277172,e91e36ca442d7821fa9f0574332407d4016969681df2c1a4bd34a3a5414b0aff,0.978588634557802,0.0214113654421979,0.681447365282443,0.681447365282443,0.717132728210463,0.836194260090114,1747.90909090909,7.0,0.998,0.03568536292802,0.112023443032139,325.0,ac25f5c340f18ff7c4d30c2814ac05d06aedf1a4,2026-08-18 08:07:04,2026-06-13 23:59:36,2026-06-13-HTX-CAR,flyers,havoc,32,11,2026-06-13 19:00:00
mlee1,5.45,45.54,elong,-0.69,53.93,0,0,0,"smadiraju1,smadiraju,wcoffin,zthoreson,mlee1,mtucker,elong",True,2026-06-13-HTX-CAR,12,5,2,8,327.0,2,2,False,False,231,home,161,1781394874.0,18,False,"nfurrh,xfuzat,treinhard,jthachet,bgfroerer,awang,mturner",162,326,e97af56a01f0e6f85342d8993afb2dc3bf7156c8206aab8a00e7d2fb2300600f,1781394874.0,False,231,305.181818181818,10.3967158276063,-6.14,8.39,36.1975463335208,5fb637719b2b824f189dcf1f9dca0e9799597be538662642b65678379fac7370,0.982824627109967,0.0171753728900326,0.681447365282443,0.717106815905211,0.74980494086442,0.800485369265404,1745.18181818182,7.0,0.998,0.0326981249592093,0.102645909641278,326.0,0aed98eab98e9f0657acfa5dc646207e732f2cf5,2026-08-18 08:07:04,2026-06-13 23:59:36,2026-06-13-HTX-CAR,flyers,havoc,32,11,2026-06-13 19:00:00
elong,-0.69,53.93,mlee1,-2.12,74.52,0,0,0,"smadiraju1,smadiraju,wcoffin,zthoreson,mlee1,mtucker,elong",True,2026-06-13-HTX-CAR,12,5,2,8,327.0,2,3,False,False,232,home,162,1781394878.0,18,False,"nfurrh,xfuzat,treinhard,jthachet,bgfroerer,awang,mturner",163,327,219e8c9b70b8529af786bf0db794207fcdb569bd24c3a4646b5c46ea08e51b14,1781394878.0,False,232,302.454545454545,20.6395978642996,-1.43,20.59,3.97288057169601,790cba189854bd2960c27cc0b952527a9138667c0f6b141ad979df707f35e0a8,0.944422868158525,0.0555771318414746,0.681447365282443,0.749779456666991,0.836699338697054,0.717297097973042,1742.45454545455,7.0,0.998,0.086919882030063,0.272858776092466,327.0,91666abc261ae8f78b5cddaad12ced2a15efbaf1,2026-08-18 08:07:04,2026-06-13 23:59:36,2026-06-13-HTX-CAR,flyers,havoc,32,11,2026-06-13 19:00:00
mlee1,-2.12,74.52,mtucker,13.91,107.99,0,0,0,"smadiraju1,smadiraju,wcoffin,zthoreson,mlee1,mtucker,elong",True,2026-06-13-HTX-CAR,13,5,2,8,327.0,2,4,False,False,233,home,163,1781394887.0,19,False,"nfurrh,xfuzat,treinhard,jthachet,bgfroerer,awang,mturner",164,328,1816fb06fe171534b7d63d3576b8f6921ef9fe377a20847a56bcf930048e59e1,1781394887.0,False,233,299.727272727273,37.1106696247858,16.03,33.47,-25.5914550172452,2e4d383b568f6be34c6ff5d90aa1f6f76b2b2cda4dc5a99164c8c5fa3f990692,0.808979970182317,0.191020029817683,0.681447365282443,0.836679471535883,1.0,0.632249524213094,1739.72727272727,7.0,0.999,0.163320528464117,0.512695582031284,328.0,f704a6c3b9b95294a87902fe66a77c2db13a3ff0,2026-08-18 08:07:04,2026-06-13 23:59:36,2026-06-13-HTX-CAR,flyers,havoc,32,11,2026-06-13 19:00:00
cdixon,11.22,5.0,cughetta,2.58,18.36,0,0,0,"bthibodea,cughetta,mbaldauf,jjoshi,blin,cdixon,sheslep",False,2026-06-13-HTX-CAR,13,5,2,9,297.0,1,1,True,True,234,away,166,1781394941.0,18,False,"ostout,jreinhard,gsanner,nlyle,cbelus,smadiraju,jsingleto",167,333,380409ec0717f76ecbbec3903adf505de613b95b4a05835dda947eaecf0d120a,1781394941.0,False,234,297.0,15.9103488333851,-8.64,13.36,32.891015016771,3a53ca86d26427b993104205fea0a76e5932abf5add3c3109e1c1d165de400b7,0.980058457412333,0.0199415425876668,0.602235512405053,0.602235512405053,0.635363901369993,0.932279260010411,1737.0,8.0,0.999,0.0331283889649396,0.0832864420985593,333.0,18a6aa6d158e7c1b8f25caca69b304feb2434f75,2026-08-18 08:07:04,2026-06-13 23:59:36,2026-06-13-HTX-CAR,flyers,havoc,32,11,2026-06-13 19:00:00
cughetta,2.58,18.36,mbaldauf,2.95,25.72,0,0,0,"bthibodea,cughetta,mbaldauf,jjoshi,blin,cdixon,sheslep",False,2026-06-13-HTX-CAR,13,5,2,9,297.0,1,2,True,True,235,away,167,1781394947.0,18,False,"ostout,jreinhard,gsanner,nlyle,cbelus,smadiraju,jsingleto",168,334,e9859ee9128a164db948e1a0008afe967979c459d866052341e5e38eb477dcc8,1781394947.0,False,235,292.285714285714,7.36929440312979,0.37,7.36,-2.87793569385175,6efbd6c0349989565931313e6fe83e9a89ff5bc2974a5d934a6c89f8a050db45,0.990761272330002,0.00923872766999767,0.602235512405053,0.635294261290009,0.654093667315462,0.914030451739013,1732.28571428571,8.0,0.999,0.0187994060254527,0.0472626556963944,334.0,3fcc20aba6cabfadee9c5c182bafe6d59b433d81,2026-08-18 08:07:04,2026-06-13 23:59:36,2026-06-13-HTX-CAR,flyers,havoc,32,11,2026-06-13 19:00:00
mbaldauf,2.95,25.72,cdixon,19.12,29.81,0,0,0,"bthibodea,cughetta,mbaldauf,jjoshi,blin,cdixon,sheslep",False,2026-06-13-HTX-CAR,13,5,2,9,297.0,1,3,True,True,236,away,168,1781394951.0,18,False,"ostout,jreinhard,gsanner,nlyle,cbelus,smadiraju,jsingleto",169,335,844fbae2809e139a980fe0f65fbc5de70de643f1d99eb10525b24dc1b3954c32,1781394951.0,False,236,287.571428571429,16.6792385917343,16.17,4.09,-75.80545828562,74d699637dd5cdf7f773beb14f4ffae42cbb5aea9e61becc3b0042eac26b79c6,0.985011629027373,0.0149883709726267,0.602235512405053,0.654015534054799,0.640297344841957,0.890395935148142,1727.57142857143,8.0,0.999,-0.0137181892128415,-0.0344882201419929,335.0,a1e01dab692aae483be1c034f68574e8c86f2735,2026-08-18 08:07:04,2026-06-13 23:59:36,2026-06-13-HTX-CAR,flyers,havoc,32,11,2026-06-13 19:00:00
cdixon,19.12,29.81,bthibodea,22.39,87.09,0,0,0,"bthibodea,cughetta,mbaldauf,jjoshi,blin,cdixon,sheslep",False,2026-06-13-HTX-CAR,13,5,2,9,297.0,1,4,True,True,237,away,169,1781394959.0,18,False,"ostout,jreinhard,gsanner,nlyle,cbelus,smadiraju,jsingleto",170,336,8fbb77aa1b59997c2ad7a561987bc250c382782d598eab448026a2adcbc99c65,1781394959.0,False,237,282.857142857143,57.3732629366676,3.27,57.28,-3.26735442226371,faed5076034c975602388158125b9d423b44a4316dbb227ed5e411925c5c8f33,0.611189126963161,0.388810873036839,0.602235512405053,0.640205777552978,0.86766463858044,0.632991206605492,1722.85714285714,8.0,0.999,0.227458861027461,0.571843058194496,336.0,2b3e9d5e8a4dae2e1fd01224d3a42b624cb9775b,2026-08-18 08:07:04,2026-06-13 23:59:36,2026-06-13-HTX-CAR,flyers,havoc,32,11,2026-06-13 19:00:00
bthibodea,22.39,87.09,blin,-5.5,95.0,0,0,0,"bthibodea,cughetta,mbaldauf,jjoshi,blin,cdixon,sheslep",False,2026-06-13-HTX-CAR,13,5,2,9,297.0,1,5,True,True,238,away,170,1781394961.0,18,False,"ostout,jreinhard,gsanner,nlyle,cbelus,smadiraju,jsingleto",171,337,6ddd98980d37ccc8d84521fa08c1caa3cdafb5034092010c7c4d493354ba1bab,1781394961.0,False,238,278.142857142857,28.9900017247326,-27.89,7.91,74.165910614352,84b0f19f2ce60be2e94f92310377382a9a6c6685abf705233dda483fc49f3d1b,0.8639835198632,0.1360164801368,0.602235512405053,0.867612123115984,0.91622732342489,0.651450934628662,1718.14285714286,8.0,0.998,0.0486152003089064,0.122221067553955,337.0,fcf9ebfc9b39486fac16a76b21754c234c472649,2026-08-18 08:07:04,2026-06-13 23:59:36,2026-06-13-HTX-CAR,flyers,havoc,32,11,2026-06-13 19:00:00
blin,-5.5,95.0,sheslep,-4.14,84.81,0,0,0,"bthibodea,cughetta,mbaldauf,jjoshi,blin,cdixon,sheslep",False,2026-06-13-HTX-CAR,13,5,2,9,297.0,1,6,True,True,239,away,171,1781394964.0,18,False,"ostout,jreinhard,gsanner,nlyle,cbelus,smadiraju,jsingleto",172,338,00ea3667cc6149c9f481211581b4f86ca7f597eb7cf4ea1d742e2b4db0cf7405,1781394964.0,False,239,273.428571428571,10.2803550522343,1.36,-10.19,-172.397990715204,0581dc1a841a5bb52bb50770671822d0b996a86c908fb3e9a94ede59939bf5fc,0.976786530952573,0.0232134690474272,0.602235512405053,0.916187055197521,0.878859927497569,0.681416793959635,1713.42857142857,8.0,0.999,-0.0373271276999527,-0.0938422832205268,338.0,87d138923129f74fb1bcbcccc2268af1ae074703,2026-08-18 08:07:04,2026-06-13 23:59:36,2026-06-13-HTX-CAR,flyers,havoc,32,11,2026-06-13 19:00:00
sheslep,-4.14,84.81,jjoshi,-5.23,102.81,0,0,0,"bthibodea,cughetta,mbaldauf,jjoshi,blin,cdixon,sheslep",False,2026-06-13-HTX-CAR,13,6,2,9,297.0,1,7,True,True,240,away,172,1781394972.0,19,False,"ostout,jreinhard,gsanner,nlyle,cbelus,smadiraju,jsingleto",173,340,600a135e88bcda20b2fc8b8d625f66810555b7db7de7941e7ddee5008e6cca01,1781394972.0,False,240,268.714285714286,18.0329725780305,-1.09,18.0,3.46534611392077,1f97636cd78accf08ac2f76df31d71f9b5e42a7804692fd917c5224112c549fc,0.94017809615218,0.0598219038478199,0.602235512405053,0.878796113132987,1.0,0.638348902020139,1708.71428571429,8.0,0.998,0.121203886867013,0.304712689661824,340.0,68ea144cce4fcd5d21c7dd4ed21325009c3bf118,2026-08-18 08:07:04,2026-06-13 23:59:36,2026-06-13-HTX-CAR,flyers,havoc,32,11,2026-06-13 19:00:00
kpignone,-0.28,39.34,,3.68,106.09,1,0,0,"zthoreson,kpignone,wmatthews,tbrooks1,jfairfax,gsanner,tmitchell",True,2026-06-13-HTX-CAR,13,6,2,10,264.0,1,1,True,True,241,home,168,1781395058.0,22,False,"ifuzat,ibaker,cburt,sheslep,skelly,jzhou,jsunukjia",169,344,3aa9c32509daa146f8f5b89a5dd5d8ab96a2db592a18e913b8483662aa46cb7f,1781395058.0,False,241,264.0,66.867361993726,3.96,66.75,-3.39514100486417,645a6de0e1e864e5d40a23c309d2c63161e1fa0c86d281ac8a2b9d84964bf58a,0.593491881313422,-0.593491881313422,0.695008472225393,0.695008472225393,0.948096986293782,0.63842568868567,1704.0,7.0,0.997,-0.63842568868567,-0.63842568868567,344.0,4ca5becbf3e918401f66b15d98d9fb0db1413948,2026-08-18 08:07:04,2026-06-13 23:59:36,2026-06-13-HTX-CAR,flyers,havoc,32,11,2026-06-13 19:00:00
skelly,-0.05,21.27,cburt,2.86,27.36,0,0,0,"ifuzat,ibaker,cburt,sheslep,skelly,jzhou,jsunukjia",False,2026-06-13-HTX-CAR,13,6,2,10,264.0,2,1,False,False,242,away,176,1781395072.0,18,False,"zthoreson,kpignone,wmatthews,tbrooks1,jfairfax,gsanner,tmitchell",177,346,7593193d0ec6760b340d348e8a6f522560d04b45447a119fa3ac4d0c95a4eae2,1781395072.0,False,242,258.294117647059,6.74953331720053,2.91,6.09,-25.5399875647139,aa5e9e93a9b1eece747eb780ffaecb46f62a566721bb9251f60b2965648d8666,0.991259082902534,0.00874091709746583,0.641668115689554,0.641668115689554,0.657735533475626,0.908052226465629,1698.29411764706,7.0,0.997,0.0160674177860718,0.0448394867707378,346.0,060cf7d7df03301cbe747cf161b3602771c334dc,2026-08-18 08:07:04,2026-06-13 23:59:36,2026-06-13-HTX-CAR,flyers,havoc,32,11,2026-06-13 19:00:00
cburt,2.86,27.36,sheslep,-5.32,24.9,0,0,0,"ifuzat,ibaker,cburt,sheslep,skelly,jzhou,jsunukjia",False,2026-06-13-HTX-CAR,13,6,2,10,264.0,2,2,False,False,243,away,177,1781395074.0,18,False,"zthoreson,kpignone,wmatthews,tbrooks1,jfairfax,gsanner,tmitchell",178,347,da403589d9dc8f1819f881955e8d04db1a5170289dea7f98eeeae557a0867bb8,1781395074.0,False,243,252.588235294118,8.54189674486879,-8.18,-2.46,106.737792633322,33d326dd6b75bfee8311c1dd2077f4e9fedcd856f3762df5467bcd2c91a5291c,0.991531111210733,0.00846888878926666,0.641668115689554,0.65749003685472,0.650327413598152,0.916286653850706,1692.58823529412,7.0,0.997,-0.00716262325656836,-0.019988796895235,347.0,dda25d33a0bfd00dbdc14eb5423f3ed025960b96,2026-08-18 08:07:04,2026-06-13 23:59:36,2026-06-13-HTX-CAR,flyers,havoc,32,11,2026-06-13 19:00:00
sheslep,-5.32,24.9,cburt,1.04,24.36,0,0,0,"ifuzat,ibaker,cburt,sheslep,skelly,jzhou,jsunukjia",False,2026-06-13-HTX-CAR,13,6,2,10,264.0,2,3,False,False,244,away,178,1781395076.0,18,False,"zthoreson,kpignone,wmatthews,tbrooks1,jfairfax,gsanner,tmitchell",179,348,e8b6183571808a680b179a838607f5e712ee5d82446f88653b5cfe5f848179a6,1781395076.0,False,244,246.882352941176,6.38288336098977,6.36,-0.539999999999999,-94.8530963869924,8c5561a57eebb46716e8c2578f6ed256c637e527e7717de58da26db1421da51a,0.992695305089295,0.00730469491070485,0.641668115689554,0.65004347591371,0.649139727235213,0.918157957812835,1686.88235294118,7.0,0.997,-0.000903748678497407,-0.00252209953416936,348.0,5b303c9e2db3566ad96c420059bb9ee2fc17d1be,2026-08-18 08:07:04,2026-06-13 23:59:36,2026-06-13-HTX-CAR,flyers,havoc,32,11,2026-06-13 19:00:00
cburt,1.04,24.36,sheslep,4.13,26.81,0,0,0,"ifuzat,ibaker,cburt,sheslep,skelly,jzhou,jsunukjia",False,2026-06-13-HTX-CAR,13,6,2,10,264.0,2,4,False,False,245,away,179,1781395082.0,18,False,"zthoreson,kpignone,wmatthews,tbrooks1,jfairfax,gsanner,tmitchell",180,351,7e63067961adb0c0c15d7db635d1f31927d6e23e5628472b88136d74fe61c917,1781395082.0,False,245,241.176470588235,3.94342490736162,3.09,2.45,-51.5897955429767,9349f8c340353a11c06af972a3028f037e0783d9224fb536aa4b8b51a4601321,0.993585321498412,0.00641467850158806,0.641668115689554,0.648816303623823,0.655186326027406,0.909604622668602,1681.17647058824,7.0,0.997,0.00637002240358353,0.0177768785935464,351.0,e675536997e1eeac804714830d33fd0888a00e64,2026-08-18 08:07:04,2026-06-13 23:59:36,2026-06-13-HTX-CAR,flyers,havoc,32,11,2026-06-13 19:00:00
sheslep,4.13,26.81,,11.67,45.09,1,0,0,"ifuzat,ibaker,cburt,sheslep,skelly,jzhou,jsunukjia",False,2026-06-13-HTX-CAR,13,6,2,10,264.0,2,5,False,False,246,away,180,1781395086.0,22,False,"zthoreson,kpignone,wmatthews,tbrooks1,jfairfax,gsanner,tmitchell",181,354,7a46e2416c4a12069c24ce4394af2cf4f85c919b0828011b63fd06208688afe7,1781395086.0,False,246,235.470588235294,19.7739727925372,7.54,18.28,-22.4148081827131,8df55bae85957ab1037ad65c7a7da9829b23d8dd8df839d1b622f34c68158d8a,0.959218260287578,-0.959218260287578,0.641668115689554,0.654823777393967,0.70980054869402,0.834716156524715,1675.47058823529,7.0,0.998,-0.834716156524715,-0.834716156524715,354.0,f7859ea0cde271078ea6f212658e29a855f260a2,2026-08-18 08:07:04,2026-06-13 23:59:36,2026-06-13-HTX-CAR,flyers,havoc,32,11,2026-06-13 19:00:00
tmitchell,-21.9,62.52,wmatthews,-19.72,72.75,0,0,0,"zthoreson,kpignone,wmatthews,tbrooks1,jfairfax,gsanner,tmitchell",True,2026-06-13-HTX-CAR,13,6,2,10,264.0,3,1,True,True,247,home,170,1781395081.0,18,False,"ifuzat,ibaker,cburt,sheslep,skelly,jzhou,jsunukjia",171,350,ae4eb47bab9845edaef1028bd4af3edb9cf960602ee9b733681ff2312096a088,1781395081.0,False,247,229.764705882353,10.4596988484373,2.18,10.23,-12.0297178253189,9bbf13371459152d09e0c0b6976984e75f64aec7fe6b94fea0413e17aa8977d1,0.977610072289216,0.0223899277107839,0.753293218948442,0.753293218948442,0.811094340433115,0.695878815435826,1669.76470588235,7.0,0.998,0.057801121484673,0.234290769140202,350.0,16d825e9b6b4b0b6e3921a500f197124f41ca551,2026-08-18 08:07:04,2026-06-13 23:59:36,2026-06-13-HTX-CAR,flyers,havoc,32,11,2026-06-13 19:00:00
wmatthews,-19.72,72.75,tbrooks1,-20.47,67.22,0,0,0,"zthoreson,kpignone,wmatthews,tbrooks1,jfairfax,gsanner,tmitchell",True,2026-06-13-HTX-CAR,13,6,2,10,264.0,3,2,True,True,248,home,171,1781395083.0,18,False,"ifuzat,ibaker,cburt,sheslep,skelly,jzhou,jsunukjia",172,352,e56cad91b190e1659f71056253a76bee4435133df8b159b206e0528af209e9d8,1781395083.0,False,248,224.058823529412,5.58062720489373,-0.75,-5.53,172.276449825731,7ab3d6b65338c9162aed5c7f2293df49ec4cee7bbcf9330431308ebe0624f9fe,0.989209036138076,0.0107909638619242,0.753293218948442,0.810785625350856,0.782121381133348,0.714703678671928,1664.05882352941,7.0,0.998,-0.0286642442175082,-0.116187500381345,352.0,3317e8880d8c8bc2c2f67a0f92188bd66f34af18,2026-08-18 08:07:04,2026-06-13 23:59:36,2026-06-13-HTX-CAR,flyers,havoc,32,11,2026-06-13 19:00:00
tbrooks1,-20.47,67.22,zthoreson,-11.33,63.61,0,0,0,"zthoreson,kpignone,wmatthews,tbrooks1,jfairfax,gsanner,tmitchell",True,2026-06-13-HTX-CAR,13,6,2,10,264.0,3,3,True,True,249,home,172,1781395084.0,18,False,"ifuzat,ibaker,cburt,sheslep,skelly,jzhou,jsunukjia",173,353,1a709fd217926f29656bdeaa5b3cd609eaf613db59f4a7612d4ed8106e4f9d71,1781395084.0,False,249,218.352941176471,9.82709010847056,9.14,-3.61,-111.552393116088,bfe0be341b625fa6f1ba016705d98d3e6a5106f9dd1c74cd8dd0872664c276dc,0.979178489871296,0.0208215101287036,0.753293218948442,0.781739746299172,0.7846592566604,0.753464261043688,1658.35294117647,7.0,0.998,0.0029195103612274,0.0118339283127255,353.0,8ca831aa5e55f50260e2dced112ced343568e78f,2026-08-18 08:07:04,2026-06-13 23:59:36,2026-06-13-HTX-CAR,flyers,havoc,32,11,2026-06-13 19:00:00
zthoreson,-11.33,63.61,jfairfax,-2.8,67.5,0,0,0,"zthoreson,kpignone,wmatthews,tbrooks1,jfairfax,gsanner,tmitchell",True,2026-06-13-HTX-CAR,13,6,2,10,264.0,3,4,True,True,250,home,173,1781395087.0,18,False,"ifuzat,ibaker,cburt,sheslep,skelly,jzhou,jsunukjia",174,355,da49e825b64afb8b555ace32bb03e2afdebb407c204b28f402e9fd600d367b1f,1781395087.0,False,250,212.647058823529,9.37512666581098,8.53,3.89,-65.4852347936663,fe90f3bbae256e38c10ea91f8af8ec54327ccd8786bcf95ec9f5432becd5ff92,0.981442479787157,0.0185575202128426,0.753293218948442,0.784240598777078,0.803596370688378,0.740465073554261,1652.64705882353,7.0,0.998,0.0193557719113,0.0784565865145593,355.0,ead55d149b3fc345eb6690d50f3ca4712e4bca79,2026-08-18 08:07:04,2026-06-13 23:59:36,2026-06-13-HTX-CAR,flyers,havoc,32,11,2026-06-13 19:00:00
jfairfax,-2.8,67.5,tmitchell,14.59,79.43,0,0,0,"zthoreson,kpignone,wmatthews,tbrooks1,jfairfax,gsanner,tmitchell",True,2026-06-13-HTX-CAR,13,6,2,10,264.0,3,5,True,True,251,home,174,1781395089.0,18,False,"ifuzat,ibaker,cburt,sheslep,skelly,jzhou,jsunukjia",175,356,f82638810874c51470f029b082646267ebee03539502f20c8b31457968a08ba5,1781395089.0,False,251,206.941176470588,21.0887884905701,17.39,11.93,-55.5488469338146,e2c477d7857823c3e7b16ea8eff6d2be8784c273b9757b2044daad08f698ec60,0.94844432104318,0.0515556789568198,0.753293218948442,0.803165595583359,0.849371780077819,0.687584661150524,1646.94117647059,7.0,0.998,0.0462061844944596,0.187291911059401,356.0,c6b35374fca907f2be5d567467bbc2d5bcad178e,2026-08-18 08:07:04,2026-06-13 23:59:36,2026-06-13-HTX-CAR,flyers,havoc,32,11,2026-06-13 19:00:00
tmitchell,14.59,79.43,kpignone,4.16,72.54,0,0,0,"zthoreson,kpignone,wmatthews,tbrooks1,jfairfax,gsanner,tmitchell",True,2026-06-13-HTX-CAR,13,6,2,10,264.0,3,6,True,True,252,home,175,1781395094.0,18,False,"ifuzat,ibaker,cburt,sheslep,skelly,jzhou,jsunukjia",176,357,aa0b5169bc8086c17013bdea40dc6f81523e11c0fc72e7a8109e58477fdcd666,1781395094.0,False,252,201.235294117647,12.5002799968641,-10.43,-6.89,123.448529171887,5b39302820205f207efa9a33d6b5e994471c243f23054575fb471127ca2fdbe4,0.975801841518278,0.024198158481722,0.753293218948442,0.848988641938664,0.824627256154831,0.71953008007312,1641.23529411765,7.0,0.998,-0.0243613857838336,-0.0987463160923107,357.0,860faab7368f7aa16e1b6277678753c858a1fc7c,2026-08-18 08:07:04,2026-06-13 23:59:36,2026-06-13-HTX-CAR,flyers,havoc,32,11,2026-06-13 19:00:00
kpignone,4.16,72.54,wmatthews,-13.24,75.47,0,0,0,"zthoreson,kpignone,wmatthews,tbrooks1,jfairfax,gsanner,tmitchell",True,2026-06-13-HTX-CAR,13,6,2,10,264.0,3,7,True,True,253,home,176,1781395098.0,18,False,"ifuzat,ibaker,cburt,sheslep,skelly,jzhou,jsunukjia",177,358,34bf4e714ca6dc456890a9d764df65263cb2903a14b0076ff54994b761f86c74,1781395098.0,False,253,195.529411764706,17.644968121252,-17.4,2.92999999999999,80.4415888080605,6d6c9122970a66225c8a94860fb72271635c78ae8a955f078c6a83c3b1f0a30e,0.963849247327731,0.0361507526722685,0.753293218948442,0.824153957783295,0.833466382746795,0.701830736318515,1635.52941176471,7.0,0.998,0.00931242496349993,0.0377469355475631,358.0,ce86503618d0956207995f45ebf8b03af33eeb49,2026-08-18 08:07:04,2026-06-13 23:59:36,2026-06-13-HTX-CAR,flyers,havoc,32,11,2026-06-13 19:00:00
wmatthews,-13.24,75.47,gsanner,-19.92,84.47,0,0,0,"zthoreson,kpignone,wmatthews,tbrooks1,jfairfax,gsanner,tmitchell",True,2026-06-13-HTX-CAR,13,6,2,10,264.0,3,8,True,True,254,home,177,1781395100.0,18,False,"ifuzat,ibaker,cburt,sheslep,skelly,jzhou,jsunukjia",178,359,d2c6eca8b9e3c8ba9acb28d223b348fe37a0a99609f2001384a2765fb172175b,1781395100.0,False,254,189.823529411765,11.2081398991983,-6.68,9.0,36.5836256121843,a018a7e53a5f09e70291dd769444f20336773b5c56cf93f096ff314bfe52df30,0.977847455527649,0.0221525444723512,0.753293218948442,0.83297162063562,0.861337313663616,0.647755605445583,1629.82352941176,7.0,0.998,0.0283656930279959,0.1149773545222,359.0,3d11df09e4ddac762e1447583637a614f3b2de61,2026-08-18 08:07:04,2026-06-13 23:59:36,2026-06-13-HTX-CAR,flyers,havoc,32,11,2026-06-13 19:00:00
gsanner,-19.92,84.47,wmatthews,-2.87,83.38,0,0,0,"zthoreson,kpignone,wmatthews,tbrooks1,jfairfax,gsanner,tmitchell",True,2026-06-13-HTX-CAR,13,6,2,10,264.0,3,9,True,True,255,home,178,1781395103.0,18,False,"ifuzat,ibaker,cburt,sheslep,skelly,jzhou,jsunukjia",179,360,71ce13c9156034e6d492454a592ea3a7441f68d002500571610330280a343276,1781395103.0,False,255,184.117647058824,17.0848061153763,17.05,-1.09,-93.657919459914,8da67d9673525339986d3d7f3283669ea6cce4007477d9e7d5043c59c98bb367,0.951253475181622,0.0487465248183782,0.753293218948442,0.860875090262904,0.869596744622626,0.679115408654381,1624.11764705882,7.0,0.998,0.00872165435972239,0.0353523090145613,360.0,9c66df5de4a750d44ecbe69a54c3c8932ca8e421,2026-08-18 08:07:04,2026-06-13 23:59:36,2026-06-13-HTX-CAR,flyers,havoc,32,11,2026-06-13 19:00:00
wmatthews,-2.87,83.38,gsanner,-3.76,95.52,0,0,0,"zthoreson,kpignone,wmatthews,tbrooks1,jfairfax,gsanner,tmitchell",True,2026-06-13-HTX-CAR,13,6,2,10,264.0,3,10,True,True,256,home,179,1781395105.0,18,False,"ifuzat,ibaker,cburt,sheslep,skelly,jzhou,jsunukjia",180,361,4e52912704250cd04477908f7eb9e6133c40b7a8f3fac91a1d224528310cef9c,1781395105.0,False,256,178.411764705882,12.1725798415948,-0.89,12.14,4.19293096203167,054d1bc0031fcb631c930c8da2151e17c1d78bd456460eaa54549bd1841cce54,0.966714792126678,0.0332852078733219,0.753293218948442,0.869121613215253,0.915211427296307,0.641865240995629,1618.41176470588,7.0,0.998,0.0460898140810547,0.18682021582302,361.0,eda43e35b9ed6bb360d0bdfab692bdbc109d80e3,2026-08-18 08:07:04,2026-06-13 23:59:36,2026-06-13-HTX-CAR,flyers,havoc,32,11,2026-06-13 19:00:00
gsanner,0.0,100.0,zthoreson,-18.21,107.04,0,0,0,"zthoreson,kpignone,wmatthews,tbrooks1,jfairfax,gsanner,tmitchell",True,2026-06-13-HTX-CAR,14,6,2,10,264.0,3,11,True,True,257,home,181,1781395128.0,19,False,"ifuzat,ibaker,cburt,sheslep,skelly,jzhou,jsunukjia",182,364,69a85ba15ac595c23059aab8e0c96580901189c16af8e6d3ec61fa58ca5aad3a,1781395128.0,False,257,172.705882352941,19.5234653686276,-18.21,7.04000000000001,68.8634598510684,e57ff5ceebcf13aff2c9df4cd3448a2e660376515835d3be9ba51cad457db1fa,0.943887911952332,0.0561120880476679,0.753293218948442,0.929534058716112,1.0,0.60708485736167,1612.70588235294,7.0,0.998,0.0704659412838883,0.28562628470744,364.0,6c0632be613a6f25260ddc516d007e0845bb2529,2026-08-18 08:07:04,2026-06-13 23:59:36,2026-06-13-HTX-CAR,flyers,havoc,32,11,2026-06-13 19:00:00
xfuzat,24.75,48.72,bgfroerer,23.85,64.09,0,0,0,"nfurrh,xfuzat,treinhard,jthachet,bgfroerer,awang,mturner",False,2026-06-13-HTX-CAR,14,6,2,11,167.0,1,1,True,True,258,away,183,1781395232.0,18,False,"mtucker,smadiraju1,mlee1,cbelus,elong,smadiraju,wcoffin",184,368,2fc197ad9fc96270743eab167c9cbecde9965695048b61a791b21bca55730da9,1781395232.0,False,258,167.0,15.3963274841762,-0.899999999999999,15.37,3.35116372429931,2303a27158e0b490c2fd474b4bd1728de982337d4cacc0f83a42d0a6f227ffc8,0.941644296623565,0.058355703376435,0.663873703108162,0.663873703108162,0.74173758841034,0.700785454886215,1607.0,8.0,0.999,0.0778638853021781,0.231650680182378,368.0,da4ddd7e50c9f65aa095755e3478ab6fa06a9fef,2026-08-18 08:07:04,2026-06-14 00:04:39,2026-06-13-HTX-CAR,flyers,havoc,32,11,2026-06-13 19:00:00
bgfroerer,23.85,64.09,,9.85,95.27,1,0,0,"nfurrh,xfuzat,treinhard,jthachet,bgfroerer,awang,mturner",False,2026-06-13-HTX-CAR,14,6,2,11,167.0,1,2,True,True,259,away,184,1781395238.0,22,False,"mtucker,smadiraju1,mlee1,cbelus,elong,smadiraju,wcoffin",185,370,6a5f89e3aee7b5ed36f377493bb3f9f77701bad424732f35c1c7c4082596bdf6,1781395238.0,False,259,161.8,34.1788297049504,-14.0,31.18,24.1803555431443,956e7b5f2214a66161451efeadaec339c9b99f7e7723fd6746a37b3503b1f663,0.779341874986944,-0.779341874986944,0.663873703108162,0.740687629516573,0.912339949896023,0.636958927229799,1601.8,8.0,0.999,-0.636958927229799,-0.636958927229799,370.0,9ed6ae3d92cac6f2ddf0dac8a0318c4ba700cbb1,2026-08-18 08:07:04,2026-06-14 00:04:39,2026-06-13-HTX-CAR,flyers,havoc,32,11,2026-06-13 19:00:00
smadiraju1,-3.62,29.31,wcoffin,-5.87,38.52,0,0,0,"mtucker,smadiraju1,mlee1,cbelus,elong,smadiraju,wcoffin",True,2026-06-13-HTX-CAR,14,6,2,11,167.0,2,1,False,False,260,home,185,1781395240.0,18,False,"nfurrh,xfuzat,treinhard,jthachet,bgfroerer,awang,mturner",186,371,36065468bdc9683501143cc74653cbd0d663de602d37591f69a0588bd039e8f4,1781395240.0,False,260,156.6,9.48085439187841,-2.25,9.21,13.728441013388,b90da73587beba571a3a0e15c27fada1f853e2a4dad475a94eac51d694fc5bcb,0.985973921511545,0.0140260784884547,0.650500719881931,0.650500719881931,0.679343451032229,0.858347364113162,1596.6,8.0,0.999,0.0288427311502982,0.0825258671221139,371.0,b3e6e2cdec48794e83930e711ba1662df28936d4,2026-08-18 08:07:04,2026-06-14 00:04:39,2026-06-13-HTX-CAR,flyers,havoc,32,11,2026-06-13 19:00:00
wcoffin,-5.87,38.52,elong,2.31,42.2,0,0,0,"mtucker,smadiraju1,mlee1,cbelus,elong,smadiraju,wcoffin",True,2026-06-13-HTX-CAR,14,6,2,11,167.0,2,2,False,False,261,home,186,1781395243.0,18,False,"nfurrh,xfuzat,treinhard,jthachet,bgfroerer,awang,mturner",187,372,4b07c4132e1502b762f83a6cfc629274aecadc88cba4aa2d184c72bb485c48da,1781395243.0,False,261,151.4,8.96965997125866,8.18,3.68,-65.778079791777,40936d5ad34b7335f09b97842b3ad530391fc5754cc942ef33bf9f70f0241e53,0.987540276341252,0.0124597236587476,0.650500719881931,0.677736092172103,0.691203714243574,0.841730436201033,1591.4,8.0,0.999,0.0134676220714717,0.0385340481013924,372.0,f68a9eadc0e9ba054351d696fc1fbf0a9dc34959,2026-08-18 08:07:04,2026-06-14 00:04:39,2026-06-13-HTX-CAR,flyers,havoc,32,11,2026-06-13 19:00:00
elong,2.31,42.2,cbelus,18.48,62.45,0,0,0,"mtucker,smadiraju1,mlee1,cbelus,elong,smadiraju,wcoffin",True,2026-06-13-HTX-CAR,14,6,2,11,167.0,2,3,False,False,262,home,187,1781395245.0,18,False,"nfurrh,xfuzat,treinhard,jthachet,bgfroerer,awang,mturner",188,373,854761a8be4c9663a47bb835520bdececb5ff43f2fd7094e4fb8d855ea809f04,1781395245.0,False,262,146.2,25.9139228987045,16.17,20.25,-38.608013132136,ac71427de40ecdf9706cf35651e7c129d2e3b2ca2e458cbf84db70c6a52ab074,0.942953148973929,0.0570468510260708,0.650500719881931,0.689372113161033,0.75379104632802,0.733873001647397,1586.2,8.0,0.999,0.0644189331669869,0.184317784990071,373.0,8450e035181400dd31ee7a536ea30a054790985d,2026-08-18 08:07:04,2026-06-14 00:04:39,2026-06-13-HTX-CAR,flyers,havoc,32,11,2026-06-13 19:00:00
cbelus,18.48,62.45,wcoffin,14.86,72.47,0,0,0,"mtucker,smadiraju1,mlee1,cbelus,elong,smadiraju,wcoffin",True,2026-06-13-HTX-CAR,14,6,2,11,167.0,2,4,False,False,263,home,188,1781395248.0,18,False,"nfurrh,xfuzat,treinhard,jthachet,bgfroerer,awang,mturner",189,374,35f8b776b0874f20e2beb9934c944c7f9fbaafbe0d9620266f95a338d9438f65,1781395248.0,False,263,141.0,10.6538631491117,-3.62,10.02,19.8636447649903,e0b903bfe073b30fb9379004d4250ff4e8ee9c0b5b83fb3bef7a0de7e044a5f4,0.974497725412532,0.0255022745874683,0.650500719881931,0.751943008181751,0.808229080884006,0.699116175450154,1581.0,8.0,0.999,0.0562860727022548,0.161047750036109,374.0,ffe6d7ae2e4a6ff5b64ae03eb834674d8733be70,2026-08-18 08:07:04,2026-06-14 00:04:39,2026-06-13-HTX-CAR,flyers,havoc,32,11,2026-06-13 19:00:00
wcoffin,14.86,72.47,mlee1,22.84,66.54,0,0,0,"mtucker,smadiraju1,mlee1,cbelus,elong,smadiraju,wcoffin",True,2026-06-13-HTX-CAR,14,6,2,11,167.0,2,5,False,False,264,home,189,1781395252.0,18,False,"nfurrh,xfuzat,treinhard,jthachet,bgfroerer,awang,mturner",190,375,63aac624056a92b2cbeae987a173a3b45300a456d2d10aac60924287b9806cc2,1781395252.0,False,264,135.8,9.94209736423859,7.98,-5.92999999999999,-126.616327153041,0f96d5185418df0fa0c3c3a200c839d82e8eab0d601b6caa969bbdeb1bbafac9,0.98239548692026,0.0176045130797404,0.650500719881931,0.806445780503642,0.750479444912881,0.687534049851746,1575.8,8.0,0.999,-0.0559663355907614,-0.160132906631037,375.0,145583a1d9fb84f4a5455f17bce0f4880db9d6ec,2026-08-18 08:07:04,2026-06-14 00:04:39,2026-06-13-HTX-CAR,flyers,havoc,32,11,2026-06-13 19:00:00
mlee1,22.84,66.54,cbelus,18.2,61.9,0,0,0,"mtucker,smadiraju1,mlee1,cbelus,elong,smadiraju,wcoffin",True,2026-06-13-HTX-CAR,14,6,2,11,167.0,2,6,False,False,265,home,190,1781395254.0,18,False,"nfurrh,xfuzat,treinhard,jthachet,bgfroerer,awang,mturner",191,376,f0c37c0a6e13806186c07d374a2690a3b831ac9510dc76afcc56cc4909da1376,1781395254.0,False,265,130.6,6.56195092941117,-4.64,-4.64000000000001,135.0,0a6da5d3661b68b89e6ed743001946a790285c4857b31b908f758c1d038fd5e5,0.988088100855154,0.0119118991448462,0.650500719881931,0.748006141759458,0.745689518398912,0.730520619792059,1570.6,8.0,0.999,-0.00231662336054539,-0.00662840667300596,376.0,c8d0ac4111c54383526d6462e91f6517cfde3ee3,2026-08-18 08:07:04,2026-06-14 00:04:39,2026-06-13-HTX-CAR,flyers,havoc,32,11,2026-06-13 19:00:00
cbelus,18.2,61.9,elong,5.31,66.54,0,0,0,"mtucker,smadiraju1,mlee1,cbelus,elong,smadiraju,wcoffin",True,2026-06-13-HTX-CAR,14,6,2,11,167.0,2,7,False,False,266,home,191,1781395256.0,18,False,"nfurrh,xfuzat,treinhard,jthachet,bgfroerer,awang,mturner",192,377,b1076f83ef22389c897333744eef916bff778c3e6fe34b89beb4f86e8e6f2ef6,1781395256.0,False,266,125.4,13.699697076943,-12.89,4.64000000000001,70.2026976621092,10c49bb3db55d77fc9bad50cd04157a83c3ccaca3196f963457556bd3ad4207c,0.970414709240112,0.029585290759888,0.650500719881931,0.74282856966766,0.781320028009476,0.722903961521324,1565.4,8.0,0.999,0.0384914583418162,0.110133154863189,377.0,2de340d40c5c874217a8a5632b7088def22ff154,2026-08-18 08:07:04,2026-06-14 00:04:39,2026-06-13-HTX-CAR,flyers,havoc,32,11,2026-06-13 19:00:00
elong,5.31,66.54,mlee1,-14.33,79.56,0,0,0,"mtucker,smadiraju1,mlee1,cbelus,elong,smadiraju,wcoffin",True,2026-06-13-HTX-CAR,14,6,2,11,167.0,2,8,False,False,267,home,192,1781395260.0,18,False,"nfurrh,xfuzat,treinhard,jthachet,bgfroerer,awang,mturner",193,378,900753ebaf1cd4604235192d18b4f299946386e7659175d43f185e6dad2de4ba,1781395260.0,False,267,120.2,23.5637433358964,-19.64,13.02,56.4582969198714,9c53bbaee03211552be31ca4b3906b2124e7d5e65a61535d16091e40d7b96219,0.936692058810728,0.0633079411892716,0.650500719881931,0.778390380917413,0.834892021142777,0.659464077006408,1560.2,8.0,0.999,0.0565016402253642,0.161664539641617,378.0,7456c4f1038d106acf9e0d316ef09af9b646c938,2026-08-18 08:07:04,2026-06-14 00:04:39,2026-06-13-HTX-CAR,flyers,havoc,32,11,2026-06-13 19:00:00
tbrooks1,-22.85,72.34,jlouie,-5.53,68.79,0,0,0,"tbrooks1,kpignone,jlouie,zthoreson,gsanner,wcoffin,jfairfax",True,2026-06-13-HTX-CAR,14,6,2,11,115.0,2,9,False,True,268,home,194,1781395333.0,18,False,"ifuzat,ibaker,cburt,sheslep,skelly,jzhou,jsunukjia",195,381,a282eca4a97bb27c91fda01111fd2613d5a983670e9e171aa6d8fa75698432bc,1781395333.0,False,268,115.0,17.6800707012161,17.32,-3.55,-101.583221418566,8a4bc4ea3f467a15905c8e4e482e7ac0b1293fefd376553ce347c485a8563206,0.956794720357324,0.043205279642676,0.650500719881931,0.769188185927549,0.785663314993161,0.705973840895413,1555.0,8.0,0.999,0.0164751290656119,0.0471392360523495,381.0,40a78b5f6ee8460ad3e022809c0045c9ebb12b8e,2026-08-18 08:07:04,2026-06-14 00:04:39,2026-06-13-HTX-CAR,flyers,havoc,32,11,2026-06-13 19:00:00
jlouie,-5.53,68.79,gsanner,14.73,75.75,0,0,0,"tbrooks1,kpignone,jlouie,zthoreson,gsanner,wcoffin,jfairfax",True,2026-06-13-HTX-CAR,14,6,2,11,115.0,2,10,False,True,269,home,195,1781395336.0,18,False,"ifuzat,ibaker,cburt,sheslep,skelly,jzhou,jsunukjia",196,382,d2612acb007c270a55b6f271339789d789ae91665fd3b4f098497f8776c61a2d,1781395336.0,False,269,112.5,21.4221660902907,20.26,6.95999999999999,-71.0406580355595,a53b407737b70dab4e42f554bb5596311e2bae7ddeb93df2f64cbc2b666980a8,0.951668323982945,0.0483316760170546,0.650500719881931,0.783958496155415,0.810856144335108,0.667862506290079,1552.5,8.0,0.999,0.0268976481796923,0.0769605252709123,382.0,32b8773264f5c89d8e2eea8170259ea908f428b4,2026-08-18 08:07:04,2026-06-14 00:04:39,2026-06-13-HTX-CAR,flyers,havoc,32,11,2026-06-13 19:00:00
gsanner,14.73,75.75,jfairfax,14.79,84.34,0,0,0,"tbrooks1,kpignone,jlouie,zthoreson,gsanner,wcoffin,jfairfax",True,2026-06-13-HTX-CAR,14,6,2,11,115.0,2,11,False,True,270,home,196,1781395340.0,18,False,"ifuzat,ibaker,cburt,sheslep,skelly,jzhou,jsunukjia",197,383,1391f163b1c1ffcdfdc7c79b597b95535b1686e806489634be26ed5abc0a3dd3,1781395340.0,False,270,110.0,8.59020954342792,0.0599999999999987,8.59,-0.40019684110419,9d6635e4c85a8e1424283ac90da8bbbd79569a476ea7ba5968808f8f812a0962,0.976932315596837,0.023067684403163,0.650500719881931,0.809215726241618,0.850594386263317,0.633836333414449,1550.0,8.0,0.999,0.0413786600216997,0.118394120891239,383.0,775e78ed902abf292296cb57fefe30d4e7bf6a3c,2026-08-18 08:07:04,2026-06-14 00:04:39,2026-06-13-HTX-CAR,flyers,havoc,32,11,2026-06-13 19:00:00
jfairfax,14.79,84.34,kpignone,22.77,103.77,0,0,0,"tbrooks1,kpignone,jlouie,zthoreson,gsanner,wcoffin,jfairfax",True,2026-06-13-HTX-CAR,15,6,2,11,115.0,2,12,False,True,271,home,197,1781395347.0,19,False,"ifuzat,ibaker,cburt,sheslep,skelly,jzhou,jsunukjia",198,384,d6fa1c6eed5d674f42b68d1afa66f41a28746b968dd835eb4cb02a71d0aeec7e,1781395347.0,False,271,107.5,21.0048875264782,7.98,19.43,-22.3282058048958,6786e51ac6ac5bccb16fc85da07149aca8cef7203916dd53545f59adc7eb7995,0.918125348230594,0.0818746517694057,0.650500719881931,0.849159689819406,1.0,0.545001795291383,1547.5,8.0,0.999,0.150840310180594,0.431589759296891,384.0,f5655b9685a7ae6aa7f9e2d5257309fe72979765,2026-08-18 08:07:04,2026-06-14 00:04:39,2026-06-13-HTX-CAR,flyers,havoc,32,11,2026-06-13 19:00:00
cdixon,5.22,2.72,treinhard,1.68,18.09,0,0,0,"bthibodea,cughetta,mbaldauf,jjoshi,blin,cdixon,treinhard",False,2026-06-13-HTX-CAR,15,6,2,12,105.0,1,1,True,True,272,away,188,1781395402.0,18,False,"mtucker,nlyle,ostout,jreinhard,jsingleto,cbelus,smadiraju1",189,389,05170e2acd1842983e02ab48b4a1942f9f189804bf2a5eb2201a6a19cf5f855f,1781395402.0,False,272,105.0,15.7723967741114,-3.54,15.37,12.9701116365596,3876045be46f6f41ae7075cab50298339366f7a4386fa3413f7a1c4700c0d364,0.981394596111169,0.018605403888831,0.551192097893086,0.551192097893086,0.585826186200523,0.918078578856365,1545.0,9.0,1.0,0.0346340883074374,0.0771690697620269,389.0,c10faf9e65647bc32c60ac45072dd89697225c24,2026-08-18 08:07:04,2026-06-14 00:04:39,2026-06-13-HTX-CAR,flyers,havoc,32,11,2026-06-13 19:00:00
treinhard,1.68,18.09,,1.68,18.09,1,0,0,"bthibodea,cughetta,mbaldauf,jjoshi,blin,cdixon,treinhard",False,2026-06-13-HTX-CAR,15,6,2,12,105.0,1,2,True,True,273,away,189,1781395406.0,22,False,"mtucker,nlyle,ostout,jreinhard,jsingleto,cbelus,smadiraju1",190,391,e0c6eb262c0d94a611eb6c2b2834880faab4fe53fcfdb987b923988137f3ab77,1781395406.0,False,273,100.2,0.0,0.0,0.0,-90.0,52099a2fabdd871656043588116e87d07d505db0c4a47d63921cf297597f47de,0.5,-0.5,0.551192097893086,0.579867860817391,0.579867860817391,0.916216456961931,1540.2,9.0,1.0,-0.916216456961931,-0.916216456961931,391.0,163641aaeca928dd2d85e61ceed658b91c3b217a,2026-08-18 08:07:04,2026-06-14 00:04:39,2026-06-13-HTX-CAR,flyers,havoc,32,11,2026-06-13 19:00:00
smadiraju1,7.09,87.13,jreinhard,-3.96,81.27,0,0,0,"mtucker,nlyle,ostout,jreinhard,jsingleto,cbelus,smadiraju1",True,2026-06-13-HTX-CAR,15,6,2,12,105.0,2,1,False,False,274,home,201,1781395410.0,18,False,"bthibodea,cughetta,mbaldauf,jjoshi,blin,cdixon,treinhard",202,392,c91da17269c9da700c3e7a3266c596da73c83cd4a479915e2e9ce5c3fe04e653,1781395410.0,False,274,95.4,12.5076816396965,-11.05,-5.86,117.93775600911,816b4ed0092fcc171b0883540f0dd54b7365fa6789b696a7e1dc51a0d7d82d73,0.974280503564708,0.0257194964352916,0.827657339933784,0.859488399906154,0.83182231291503,0.636126788309314,1535.4,9.0,1.0,-0.0276660869911237,-0.160529534477965,392.0,58cfd66e757ce93c1743a9e029744a4e1ca23c3b,2026-08-18 08:07:04,2026-06-14 00:04:39,2026-06-13-HTX-CAR,flyers,havoc,32,11,2026-06-13 19:00:00
jreinhard,-3.96,81.27,ostout,-13.92,86.31,0,0,0,"mtucker,nlyle,ostout,jreinhard,jsingleto,cbelus,smadiraju1",True,2026-06-13-HTX-CAR,15,6,2,12,105.0,2,2,False,False,275,home,202,1781395412.0,18,False,"bthibodea,cughetta,mbaldauf,jjoshi,blin,cdixon,treinhard",203,393,cdcfa549b7da6a547311922c12c05772ff412f1881b86073a4c0cf9bc81b02bd,1781395412.0,False,275,90.6,11.1625803468553,-9.96,5.04000000000001,63.1594904667867,1bb8eb5dafa437e7b5ac96cd19e8710fdbbcfe9504eff1c91fd15029acd3d309,0.974259177410468,0.025740822589532,0.827657339933784,0.827657339933784,0.848542592712071,0.603063217573394,1530.6,9.0,1.0,0.0208852527782866,0.121184463383948,393.0,9aa0fda70647fbd77a83a9d679bf5d1c74d446d1,2026-08-18 08:07:04,2026-06-14 00:04:39,2026-06-13-HTX-CAR,flyers,havoc,32,11,2026-06-13 19:00:00
ostout,-13.92,86.31,smadiraju1,-23.26,106.7,0,0,0,"mtucker,nlyle,ostout,jreinhard,jsingleto,cbelus,smadiraju1",True,2026-06-13-HTX-CAR,16,6,2,12,105.0,2,3,False,False,276,home,203,1781395418.0,19,False,"bthibodea,cughetta,mbaldauf,jjoshi,blin,cdixon,treinhard",204,394,448f369ff6ec1fd765a9accacbd2afcfc44881efca8015a8dc819254baa7a852,1781395418.0,False,276,85.8,22.4273872753827,-9.34,20.39,24.6109850678441,56cacda508232838a74fd18d4d70fb837e68390ecdf7ccb5d2aed61c40c4f1b5,0.897861847155696,0.102138152844304,0.827657339933784,0.844361809983526,1.0,0.509717138791093,1525.8,9.0,1.0,0.155638190016474,0.903074084830051,394.0,092cfaabe8f54f6a42bc1fe43f81cd6200883f8b,2026-08-18 08:07:04,2026-06-14 00:04:39,2026-06-13-HTX-CAR,flyers,havoc,32,11,2026-06-13 19:00:00
xfuzat,20.21,13.45,awang,11.58,14.45,0,0,0,"xfuzat,jthachet,bgfroerer,awang,mturner,skelly,nfurrh",False,2026-06-13-HTX-CAR,16,6,2,13,81.0,1,1,True,True,277,away,192,1781395481.0,18,False,"nlyle,cbelus,mtucker,ostout,jreinhard,jsingleto,elong",193,397,7c67848a27753d03063bdbb6f8401c9377ee8a9283d6ad8453ce7a4ac0b4fb54,1781395481.0,False,277,81.0,8.68774424117101,-8.63,1.0,83.3903372726311,c1252ec7176201251bf2a0332b97fda47624c74574880b04a4186ff71609435f,0.989784666947439,0.0102153330525605,0.43766496830248,0.504425300413137,0.53567643276626,0.904821439086097,1521.0,10.0,1.0,0.031251132353123,0.0555738671638245,397.0,56faeacda0552ad2878a9f7db4d261b5054e2e1b,2026-08-18 08:07:04,2026-06-14 00:09:42,2026-06-13-HTX-CAR,flyers,havoc,32,11,2026-06-13 19:00:00
awang,11.58,14.45,bgfroerer,0.4,14.45,0,0,0,"xfuzat,jthachet,bgfroerer,awang,mturner,skelly,nfurrh",False,2026-06-13-HTX-CAR,16,6,2,13,81.0,1,2,True,True,278,away,193,1781395483.0,18,False,"nlyle,cbelus,mtucker,ostout,jreinhard,jsingleto,elong",194,398,1804e18600c9b5b261253fd30ffb96561d54bbd85efd74df3ab2aee721d7e1ad,1781395483.0,False,278,76.1428571428571,11.18,-11.18,0.0,90.0,c807e4e7ade39d341ca620424036b93cffa452bf2564267270a4d69c8d0b35e3,0.9897755360397,0.0102244639602999,0.43766496830248,0.526112404588168,0.530981073269593,0.902939127438048,1516.14285714286,10.0,1.0,0.00486866868142521,0.00865795016669719,398.0,6697337cbe32a60d71d353780871f5e54fbe9498,2026-08-18 08:07:04,2026-06-14 00:09:42,2026-06-13-HTX-CAR,flyers,havoc,32,11,2026-06-13 19:00:00
bgfroerer,0.4,14.45,awang,10.94,13.54,0,0,0,"xfuzat,jthachet,bgfroerer,awang,mturner,skelly,nfurrh",False,2026-06-13-HTX-CAR,16,6,2,13,81.0,1,3,True,True,279,away,194,1781395486.0,18,False,"nlyle,cbelus,mtucker,ostout,jreinhard,jsingleto,elong",195,399,1c29ce8e677c7924d249a2ff2bc66939602092dd15022c15d26f0c5c5859f61f,1781395486.0,False,279,71.2857142857143,10.5792107456086,10.54,-0.91,-94.9345525286081,b2cd3fa3a85be7b8ae2fbc27ddb4562d09759e4f10feb42e76f732c727b87f74,0.991077153086692,0.00892284691330814,0.43766496830248,0.520619353258415,0.514411399363607,0.897969288207496,1511.28571428571,10.0,1.0,-0.0062079538948081,-0.0110396001402725,399.0,d25caa5f64f95540f1c8eb01b5ec62d5e048d2a9,2026-08-18 08:07:04,2026-06-14 00:09:42,2026-06-13-HTX-CAR,flyers,havoc,32,11,2026-06-13 19:00:00
awang,10.94,13.54,jthachet,23.57,12.81,0,0,0,"xfuzat,jthachet,bgfroerer,awang,mturner,skelly,nfurrh",False,2026-06-13-HTX-CAR,16,6,2,13,81.0,1,4,True,True,280,away,195,1781395488.0,18,False,"nlyle,cbelus,mtucker,ostout,jreinhard,jsingleto,elong",196,401,4754ab1ede07cdcca80632e52fed2027646f7a328310ec0ded78f2b67e6dc7c5,1781395488.0,False,280,66.4285714285714,12.6510790053655,12.63,-0.729999999999999,-93.3079521825932,7601343a1082bc3260959135eee7d69340bd2d587afe1ac540f2c19408f86b9c,0.987149535161677,0.0128504648383226,0.43766496830248,0.503202769805442,0.449580358708989,0.871563638629634,1506.42857142857,10.0,1.0,-0.0536224110964524,-0.0953566967623954,401.0,80782df5b223d1f0f4972c646835156ef930fff0,2026-08-18 08:07:04,2026-06-14 00:09:42,2026-06-13-HTX-CAR,flyers,havoc,32,11,2026-06-13 19:00:00
jthachet,23.57,12.81,awang,24.39,28.0,0,0,0,"xfuzat,jthachet,bgfroerer,awang,mturner,skelly,nfurrh",False,2026-06-13-HTX-CAR,16,6,2,13,81.0,1,5,True,True,281,away,196,1781395491.0,18,False,"nlyle,cbelus,mtucker,ostout,jreinhard,jsingleto,elong",197,402,22359d6f87a0ccf4beea421dc65df97cb0afdf33c040efe155ceef7905e3f68a,1781395491.0,False,281,61.5714285714286,15.2121168809604,0.82,15.19,-3.08999214947244,4ad9ddc6133394848a7ba6717941e5510aa5d474d44aa0bd88657222bb677987,0.956515931273361,0.0434840687266391,0.43766496830248,0.43766496830248,0.47213777477322,0.814059194161198,1501.57142857143,10.0,1.0,0.0344728064707402,0.0613029680307791,402.0,5b3522e00a2d284960a93b0fbac2e43a85e55275,2026-08-18 08:07:04,2026-06-14 00:09:42,2026-06-13-HTX-CAR,flyers,havoc,32,11,2026-06-13 19:00:00
awang,24.39,28.0,mturner,24.48,39.0,0,0,0,"xfuzat,jthachet,bgfroerer,awang,mturner,skelly,nfurrh",False,2026-06-13-HTX-CAR,16,6,2,13,81.0,1,6,True,True,282,away,197,1781395494.0,18,False,"nlyle,cbelus,mtucker,ostout,jreinhard,jsingleto,elong",198,404,0f95b4ea4238fb064f66ddeae423c9dac03692cc63e4382493d62e6fc579efaf,1781395494.0,False,282,56.7142857142857,11.0003681756567,0.0899999999999999,11.0,-0.468773190520082,b63016fb69b3df27eff00995a3a790b90d300f88a4b8a03b3267929102768a4f,0.964256461842106,0.0357435381578943,0.43766496830248,0.459239203115417,0.497284610054964,0.731132053704917,1496.71428571429,10.0,1.0,0.0380454069395471,0.0676561209866286,404.0,9a0380a354f2053e16f3ebf151b86c1604890dfe,2026-08-18 08:07:04,2026-06-14 00:09:42,2026-06-13-HTX-CAR,flyers,havoc,32,11,2026-06-13 19:00:00
mturner,24.48,39.0,nfurrh,15.12,103.9,0,0,0,"xfuzat,jthachet,bgfroerer,awang,mturner,skelly,nfurrh",False,2026-06-13-HTX-CAR,16,7,2,13,81.0,1,7,True,True,283,away,198,1781395514.0,19,False,"nlyle,cbelus,mtucker,ostout,jreinhard,jsingleto,elong",199,406,3c86a61a4ebaeb88083d3933e72f02c56adac97518abb8a5ba6d9fe34300231a,1781395514.0,False,283,51.8571428571429,65.5714846560607,-9.36,64.9,8.20671746463648,622bcbb9a173bc2ddad706da919e586e52712ded0a99453226374ed54b6525ae,0.518780286430165,0.481219713569835,0.43766496830248,0.483405406264229,1.0,0.474131649690411,1491.85714285714,10.0,1.0,0.516594593735771,0.918659810640514,406.0,7d8e5e790807f47f5b191d1594e4237f0af62652,2026-08-18 08:07:04,2026-06-14 00:09:42,2026-06-13-HTX-CAR,flyers,havoc,32,11,2026-06-13 19:00:00
kpignone,-7.64,7.97,jlouie,8.11,19.99,0,0,0,"jfairfax,gsanner,jlouie,tmitchell,kpignone,tbrooks1,zthoreson",True,2026-06-13-HTX-CAR,16,7,2,14,47.0,1,1,True,True,284,home,208,1781395562.0,18,False,"bthibodea,cughetta,mbaldauf,jjoshi,blin,cdixon,sheslep",209,409,a5fd285c052db3082037018c4f92c224d99de862f67a85326e330e6528f9685f,1781395562.0,False,284,47.0,19.8126954249037,15.75,12.02,-52.650045982395,004928b8d9e6ca95b1b0a6bc30bc676718e38576bcc844bdd40a95ab128ef5e6,0.973137372509646,0.026862627490354,0.437629984348167,0.439897756828673,0.468183742364781,0.872478269566072,1487.0,9.0,1.0,0.0282859855361075,0.0502978194940243,409.0,ee4d13684f03b8ddba276bcc5cb695d98ac3a331,2026-08-18 08:07:04,2026-06-14 00:09:42,2026-06-13-HTX-CAR,flyers,havoc,32,11,2026-06-13 19:00:00
jlouie,8.11,19.99,tbrooks1,19.64,30.2,0,0,0,"jfairfax,gsanner,jlouie,tmitchell,kpignone,tbrooks1,zthoreson",True,2026-06-13-HTX-CAR,16,7,2,14,47.0,1,2,True,True,285,home,209,1781395563.0,18,False,"bthibodea,cughetta,mbaldauf,jjoshi,blin,cdixon,sheslep",210,410,175a977b0150082de0316b7f6140e1cf592960ba563aeeb544e5b3c5f1b512dd,1781395563.0,False,285,44.2352941176471,15.400811666922,11.53,10.21,-48.4745949261424,2b1fd2f5395627ced4db389a3e06b3c11011bc61a66675c3d913cfc4055a5d72,0.984038445257602,0.0159615547423977,0.437629984348167,0.459339972463385,0.460614490032452,0.792389997575852,1484.23529411765,9.0,1.0,0.00127451756906621,0.0022663327232853,410.0,0c6f6565a6bef6f5b38ff72be0d75cf69e9fd239,2026-08-18 08:07:04,2026-06-14 00:09:42,2026-06-13-HTX-CAR,flyers,havoc,32,11,2026-06-13 19:00:00
tbrooks1,19.64,30.2,jlouie,4.7,31.97,0,0,0,"jfairfax,gsanner,jlouie,tmitchell,kpignone,tbrooks1,zthoreson",True,2026-06-13-HTX-CAR,16,7,2,14,47.0,1,3,True,True,286,home,210,1781395568.0,18,False,"bthibodea,cughetta,mbaldauf,jjoshi,blin,cdixon,sheslep",211,411,c8a5de0fb3bed570e4bf8514a121c38589c40eab961971ae40b89e4040067e96,1781395568.0,False,286,41.4705882352941,15.0444840390091,-14.94,1.77,83.2434401764359,19a9ab2613ca8b3c5ff4ac8c0cde610778f0eb1ef75908b779a19be0ca7aeca2,0.978567283637129,0.0214327163628706,0.437629984348167,0.451467295610147,0.487491959957049,0.792431743169399,1481.47058823529,9.0,1.0,0.0360246643469014,0.0640586506112811,411.0,b1acb0e58273b6a58d6bd000a0722a3a606969ab,2026-08-18 08:07:04,2026-06-14 00:09:42,2026-06-13-HTX-CAR,flyers,havoc,32,11,2026-06-13 19:00:00
jlouie,4.7,31.97,tbrooks1,18.41,35.25,0,0,0,"jfairfax,gsanner,jlouie,tmitchell,kpignone,tbrooks1,zthoreson",True,2026-06-13-HTX-CAR,16,7,2,14,47.0,1,4,True,True,287,home,211,1781395570.0,18,False,"bthibodea,cughetta,mbaldauf,jjoshi,blin,cdixon,sheslep",212,412,4a851d570854098c1027465cf633e1b5932a117dfcc32ed5d1f7eb9d968b9637,1781395570.0,False,287,38.7058823529412,14.0968968216413,13.71,3.28,-76.5453695531802,ea26e952435a00a06e1a8e673662c7a23f96ed32061d4005e037692a5c13a26f,0.986623887111643,0.0133761128883571,0.437629984348167,0.477950656470786,0.46545242331784,0.748944343233332,1478.70588235294,9.0,1.0,-0.0124982331529463,-0.0222242168058335,412.0,72656d7c712692390dffe49195a8c4faf2036ce5,2026-08-18 08:07:04,2026-06-14 00:09:42,2026-06-13-HTX-CAR,flyers,havoc,32,11,2026-06-13 19:00:00
tbrooks1,18.41,35.25,kpignone,23.39,40.97,0,0,0,"jfairfax,gsanner,jlouie,tmitchell,kpignone,tbrooks1,zthoreson",True,2026-06-13-HTX-CAR,16,7,2,14,47.0,1,5,True,True,288,home,212,1781395573.0,18,False,"bthibodea,cughetta,mbaldauf,jjoshi,blin,cdixon,sheslep",213,413,4bae19cd9d0fa5cf32bc632757bfcdc802a452463a3c39dfda56f2f677366d19,1781395573.0,False,288,35.9411764705882,7.58411497803138,4.98,5.72,-41.043787577081,88f48a3648a587fd71a68e7a0fd0acb5d646c069d0fd31335df287a80c207856,0.984768999358383,0.0152310006416169,0.437629984348167,0.455620814324074,0.447735455794521,0.671377835381288,1475.94117647059,9.0,1.0,-0.00788535852955313,-0.0140216553338345,413.0,97c1821e79cfe760f69fe4cd8e6b4da5245a0b94,2026-08-18 08:07:04,2026-06-14 00:09:42,2026-06-13-HTX-CAR,flyers,havoc,32,11,2026-06-13 19:00:00
kpignone,23.39,40.97,tbrooks1,11.32,41.65,0,0,0,"jfairfax,gsanner,jlouie,tmitchell,kpignone,tbrooks1,zthoreson",True,2026-06-13-HTX-CAR,16,7,2,14,47.0,1,6,True,True,289,home,213,1781395577.0,18,False,"bthibodea,cughetta,mbaldauf,jjoshi,blin,cdixon,sheslep",214,415,29ed4ae37f1c60557d4a10fd4b1ec93f6255ffe4a55ef72d25f3a7b3b16463e5,1781395577.0,False,289,33.1764705882353,12.0891397543415,-12.07,0.68,86.7754773934801,9d23314b6d54aef1372342a7b7e4f30fd338eeb664c313cac0977e3e012ac49d,0.978705954622667,0.0212940453773327,0.437629984348167,0.437629984348167,0.490337588174693,0.702021336786931,1473.17647058824,9.0,1.0,0.0527076038265256,0.0937240648675644,415.0,0675fdbff79c1767c511a061b84c37d88cca4f43,2026-08-18 08:07:04,2026-06-14 00:09:42,2026-06-13-HTX-CAR,flyers,havoc,32,11,2026-06-13 19:00:00
tbrooks1,11.32,41.65,jlouie,-6.07,49.84,0,0,0,"jfairfax,gsanner,jlouie,tmitchell,kpignone,tbrooks1,zthoreson",True,2026-06-13-HTX-CAR,16,7,2,14,47.0,1,7,True,True,290,home,214,1781395579.0,18,False,"bthibodea,cughetta,mbaldauf,jjoshi,blin,cdixon,sheslep",215,416,5232deb160d258896e23bf9a6fd7a24760c7d51225e4832d40da6850e50f0715,1781395579.0,False,290,30.4117647058824,19.2220758504382,-17.39,8.19,64.7814250585218,0c37113f4f6078b05e6d53c413fff3498a6849dcacd30a79a308d65171eb2516,0.963578557780442,0.036421442219558,0.437629984348167,0.479753933423792,0.520653693004126,0.639288687822415,1470.41176470588,9.0,1.0,0.0408997595803334,0.0727274898056704,416.0,385481ac33773c7bded8864df96856e88fce3950,2026-08-18 08:07:04,2026-06-14 00:09:42,2026-06-13-HTX-CAR,flyers,havoc,32,11,2026-06-13 19:00:00
jlouie,-6.07,49.84,zthoreson,-0.14,62.31,0,0,0,"jfairfax,gsanner,jlouie,tmitchell,kpignone,tbrooks1,zthoreson",True,2026-06-13-HTX-CAR,16,7,2,14,47.0,1,8,True,True,291,home,215,1781395583.0,18,False,"bthibodea,cughetta,mbaldauf,jjoshi,blin,cdixon,sheslep",216,417,accbc77e775ed340c1eaa16d1df71b0900d029899d87ba46be5a607b97c89806,1781395583.0,False,291,27.6470588235294,13.8081787358073,5.93,12.47,-25.433017566752,ce4db0883b8caced97f1732f4146d3c888250de7ff0cfc5819d03256112b10ed,0.973101090655271,0.0268989093447288,0.437629984348167,0.509711306212627,0.57931568828118,0.552089013151429,1467.64705882353,9.0,1.0,0.069604382068553,0.123769724792094,417.0,f8091bfc42b2ac240758dbc63b57b91ef146f060,2026-08-18 08:07:04,2026-06-14 00:09:42,2026-06-13-HTX-CAR,flyers,havoc,32,11,2026-06-13 19:00:00
zthoreson,-0.14,62.31,tbrooks1,6.41,55.43,0,0,0,"jfairfax,gsanner,jlouie,tmitchell,kpignone,tbrooks1,zthoreson",True,2026-06-13-HTX-CAR,16,7,2,14,47.0,1,9,True,True,292,home,216,1781395585.0,18,False,"bthibodea,cughetta,mbaldauf,jjoshi,blin,cdixon,sheslep",217,418,f47d3b45a5d870b6b23e44dfeb99e311219919317439e24963898a317233df03,1781395585.0,False,292,24.8823529411765,9.49931050129429,6.55,-6.88,-136.407580290198,f55ce9c0c2c01c42906890c9929d0d940e1004d944b5629828cb97832731a799,0.987440312275436,0.0125596877245638,0.437629984348167,0.568244042884582,0.527356282049412,0.581535348470893,1464.88235294118,9.0,1.0,-0.0408877608351707,-0.0727061537727583,418.0,61c5d859fb8141c3b2ce512650515f8615847048,2026-08-18 08:07:04,2026-06-14 00:09:42,2026-06-13-HTX-CAR,flyers,havoc,32,11,2026-06-13 19:00:00
tbrooks1,6.41,55.43,gsanner,17.32,62.04,0,0,0,"jfairfax,gsanner,jlouie,tmitchell,kpignone,tbrooks1,zthoreson",True,2026-06-13-HTX-CAR,16,7,2,14,47.0,1,10,True,True,293,home,217,1781395587.0,18,False,"bthibodea,cughetta,mbaldauf,jjoshi,blin,cdixon,sheslep",218,419,f56765575039db77a773fd6461cb3cc04ad9b20c4a1514935cc0cd283e2f6c8f,1781395587.0,False,293,22.1176470588235,12.7561828146197,10.91,6.61,-58.7897452651091,327069c0b1236d3da35287e40e2f2b47a84575f86526c07f6746e3905837150f,0.981372676439242,0.0186273235607578,0.437629984348167,0.515687926172203,0.53536239530425,0.513772698991909,1462.11764705882,9.0,1.0,0.0196744691320466,0.0349849184424285,419.0,4376246696144c986e917bd0a571b46fd95f6236,2026-08-18 08:07:04,2026-06-14 00:09:42,2026-06-13-HTX-CAR,flyers,havoc,32,11,2026-06-13 19:00:00
gsanner,17.32,62.04,tbrooks1,1.15,61.77,0,0,0,"jfairfax,gsanner,jlouie,tmitchell,kpignone,tbrooks1,zthoreson",True,2026-06-13-HTX-CAR,16,7,2,14,47.0,1,11,True,True,294,home,218,1781395590.0,18,False,"bthibodea,cughetta,mbaldauf,jjoshi,blin,cdixon,sheslep",219,420,097b70ca47fd16ec99490e9ac4f1fac6ee949628c1b2cf50c45bb47276cb5171,1781395590.0,False,294,19.3529411764706,16.1722540172977,-16.17,-0.269999999999996,90.9566124300907,da0abbfd8427eac66d9994174974638be282c395caaebd8f76d6b3e66234d1f3,0.969594893079111,0.0304051069208888,0.437629984348167,0.52333578781706,0.541438023726317,0.520264738913937,1459.35294117647,9.0,1.0,0.0181022359092572,0.0321891911116122,420.0,2aa8a740cb444f17eb74c5e67342b1c260a90f51,2026-08-18 08:07:04,2026-06-14 00:09:42,2026-06-13-HTX-CAR,flyers,havoc,32,11,2026-06-13 19:00:00
tbrooks1,1.15,61.77,kpignone,-12.55,65.59,0,0,0,"jfairfax,gsanner,jlouie,tmitchell,kpignone,tbrooks1,zthoreson",True,2026-06-13-HTX-CAR,16,7,2,14,47.0,1,12,True,True,295,home,219,1781395594.0,18,False,"bthibodea,cughetta,mbaldauf,jjoshi,blin,cdixon,sheslep",220,421,ca291298c53f50dcdaee3bcd2cd647d21c827f1672c7925df4256cfd2eb7913d,1781395594.0,False,295,16.5882352941176,14.2226017310477,-13.7,3.82,74.4198223945949,83b5b5eeb2cd2f98c9b7273aa5a7e9737425b3dba64032cb34801a2cdd5df79b,0.975110310350799,0.0248896896492011,0.437629984348167,0.529047256767427,0.548004309396211,0.480085366765072,1456.58823529412,9.0,1.0,0.0189570526287838,0.0337092165321279,421.0,e9d29948897bc5b999f1c36c59bd7cd033620b62,2026-08-18 08:07:04,2026-06-14 00:09:42,2026-06-13-HTX-CAR,flyers,havoc,32,11,2026-06-13 19:00:00
kpignone,-12.55,65.59,tbrooks1,-18.83,62.79,0,0,0,"jfairfax,gsanner,jlouie,tmitchell,kpignone,tbrooks1,zthoreson",True,2026-06-13-HTX-CAR,16,7,2,14,47.0,1,13,True,True,296,home,220,1781395596.0,18,False,"bthibodea,cughetta,mbaldauf,jjoshi,blin,cdixon,sheslep",221,422,a74a5bbcc2c4dc2f616fcb750a10f7ed763b31ecc19d48a5f0ddc3fc2680c6c8,1781395596.0,False,296,13.8235294117647,6.87592902813867,-6.28,-2.8,114.030174447537,f74fbffc6df91d9bc786c5d18ad4eb0549a3804938222b4ee379d3fb799c2341,0.989867877633813,0.010132122366187,0.437629984348167,0.535249979417977,0.499397113011258,0.462661825644037,1453.82352941176,9.0,1.0,-0.0358528664067193,-0.0637531614575198,422.0,d4c90e19593d05e00ce4ed7730290111f016d06a,2026-08-18 08:07:04,2026-06-14 00:09:42,2026-06-13-HTX-CAR,flyers,havoc,32,11,2026-06-13 19:00:00
tbrooks1,-18.83,62.79,kpignone,-5.26,65.31,0,0,0,"jfairfax,gsanner,jlouie,tmitchell,kpignone,tbrooks1,zthoreson",True,2026-06-13-HTX-CAR,16,7,2,14,47.0,1,14,True,True,297,home,221,1781395598.0,18,False,"bthibodea,cughetta,mbaldauf,jjoshi,blin,cdixon,sheslep",222,423,d48df33608a5f33f3dfcdf2daefb56a5571ad38d54d09eb33130bef92e806985,1781395598.0,False,297,11.0588235294118,13.8020034777564,13.57,2.52,-79.4797987543233,6249970bee952b8ea1ad8fd2a9dd9602c76e433747326513cf2b0eacdd0f1e45,0.970229250458854,0.0297707495411459,0.437629984348167,0.486159515480491,0.525086855412009,0.461438572007604,1451.05882352941,9.0,1.0,0.0389273399315178,0.0692201554992184,423.0,77fce69f87444b78d62293b7d8c3d7a021c3d4cc,2026-08-18 08:07:04,2026-06-14 00:09:42,2026-06-13-HTX-CAR,flyers,havoc,32,11,2026-06-13 19:00:00
kpignone,-5.26,65.31,jlouie,16.02,68.52,0,0,0,"jfairfax,gsanner,jlouie,tmitchell,kpignone,tbrooks1,zthoreson",True,2026-06-13-HTX-CAR,16,7,2,14,47.0,1,15,True,True,298,home,222,1781395601.0,18,False,"bthibodea,cughetta,mbaldauf,jjoshi,blin,cdixon,sheslep",223,424,15d74107bfeccf04eb1d0ab6d5650667188db088505c7c06717e05c78648c79d,1781395601.0,False,298,8.29411764705883,21.5207458049204,21.28,3.20999999999999,-81.4218422619342,7fb7e2ad24edc4b94da0d9af88ab0a6291a4ffd33331997daf4c6a06ea1192eb,0.960097120691807,0.0399028793081933,0.437629984348167,0.511461456724474,0.518835283732337,0.41925278738551,1448.29411764706,9.0,1.0,0.00737382700786227,0.0131120557686835,424.0,f6f6dd3b56854a84c2d8a8969a756cbcc6eb1ae3,2026-08-18 08:07:04,2026-06-14 00:09:42,2026-06-13-HTX-CAR,flyers,havoc,32,11,2026-06-13 19:00:00
jlouie,16.02,68.52,zthoreson,18.68,84.68,0,0,0,"jfairfax,gsanner,jlouie,tmitchell,kpignone,tbrooks1,zthoreson",True,2026-06-13-HTX-CAR,16,7,2,14,47.0,1,16,True,True,299,home,223,1781395603.0,18,False,"bthibodea,cughetta,mbaldauf,jjoshi,blin,cdixon,sheslep",224,425,054072c3b25d0ae501d7843900f9a3fb5f42fbe6c253467e57ef9ab6cb59733b,1781395603.0,False,299,5.52941176470588,16.3774601205437,2.66,16.16,-9.34729369460467,c31493aaf7090d4218ea41b3c89a4eeb9a4543b860eaf4499bec3302cb5b19c8,0.961367633972595,0.0386323660274048,0.437629984348167,0.504789963395197,0.622555089448373,0.331537640849634,1445.52941176471,9.0,1.0,0.117765126053176,0.209408614925311,425.0,3616ee67848b7990377b969cdf91430aa3741ba2,2026-08-18 08:07:04,2026-06-14 00:09:42,2026-06-13-HTX-CAR,flyers,havoc,32,11,2026-06-13 19:00:00
zthoreson,18.68,84.68,tmitchell,-21.56,110.65,0,0,0,"jfairfax,gsanner,jlouie,tmitchell,kpignone,tbrooks1,zthoreson",True,2026-06-13-HTX-CAR,17,7,2,14,47.0,1,17,True,True,300,home,224,1781395615.0,19,False,"bthibodea,cughetta,mbaldauf,jjoshi,blin,cdixon,sheslep",225,426,c16bffadf37cfa3c68c6ecd3d379e88fdc00642181df6b66f71faef2d8ae63e2,1781395615.0,False,300,2.76470588235294,47.8925724930286,-40.24,25.97,57.1627025429086,92a05cb4a566fe1126d04965c1ebfe3b25c88f205ecdf3dcd8fb7ed526b00d48,0.754006437782706,0.245993562217294,0.437629984348167,0.608861130855153,1.0,0.26323474474414,1442.76470588235,9.0,1.0,0.391138869144847,0.695518712340105,426.0,8e2e40572d188dd552c4f40dc78ae8522a3dcd55,2026-08-18 08:07:04,2026-06-14 00:09:42,2026-06-13-HTX-CAR,flyers,havoc,32,11,2026-06-13 19:00:00
tbrooks1,-1.64,19.99,kpignone,9.95,20.59,0,0,0,"wmatthews,gsanner,tbrooks1,jfairfax,zthoreson,kpignone,jlouie",True,2026-06-13-HTX-CAR,17,7,3,1,720.0,1,1,True,True,301,home,227,1781396352.0,18,False,"ifuzat,ibaker,cburt,sheslep,skelly,jzhou,jsunukjia",228,432,0132245368a336f476d19b57e2f2ab4d3a30000f58d8ea3654c545eff69ee404,1781396352.0,False,301,720.0,11.6055202382315,11.59,0.600000000000001,-87.0365136842626,07b4165e4c2e0068ccf8df78a100328a07a3863aa7c3e7e3489c709ebf48f0d4,0.988777928843028,0.0112220711569718,0.688584507881169,0.695297528847297,0.694216705725527,0.944654486665135,1440.0,10.0,1.0,-0.00108082312176971,-0.00347067872062476,432.0,5b3964daed1a7244ed73c8019ca4448734246a65,2026-08-18 08:07:04,2026-06-14 00:19:48,2026-06-13-HTX-CAR,flyers,havoc,32,11,2026-06-13 19:00:00
kpignone,9.95,20.59,wmatthews,3.34,31.15,0,0,0,"wmatthews,gsanner,tbrooks1,jfairfax,zthoreson,kpignone,jlouie",True,2026-06-13-HTX-CAR,17,7,3,1,720.0,1,2,True,True,302,home,228,1781396355.0,18,False,"ifuzat,ibaker,cburt,sheslep,skelly,jzhou,jsunukjia",229,433,1d9b7e51b71d240e277a374160602d89988c2b9eb821a31056b2cc25ef858c51,1781396355.0,False,302,715.875,12.4581579697803,-6.61,10.56,32.0443831370645,3a7721bdb7027b5691e50aec8e139e42810c7458dc46d0052e4c3049b0884278,0.982574244369091,0.0174257556309093,0.688584507881169,0.688584507881169,0.717508231042493,0.91413385194289,1435.875,10.0,1.0,0.0289237231613236,0.0928782411065369,433.0,c0595621e4ea822008a5ab989ffa7f4140addb35,2026-08-18 08:07:04,2026-06-14 00:19:48,2026-06-13-HTX-CAR,flyers,havoc,32,11,2026-06-13 19:00:00
wmatthews,3.34,31.15,tbrooks1,-1.98,32.04,0,0,0,"wmatthews,gsanner,tbrooks1,jfairfax,zthoreson,kpignone,jlouie",True,2026-06-13-HTX-CAR,17,7,3,1,720.0,1,3,True,True,303,home,229,1781396357.0,18,False,"ifuzat,ibaker,cburt,sheslep,skelly,jzhou,jsunukjia",230,435,cfca919f927a273f9859230214d18c0ce760588d20453155026961e448312bcc,1781396357.0,False,303,711.75,5.393931775616,-5.32,0.890000000000001,80.5027519934883,b44ade6666cdeb379fbe12cc7c78833d012290c0375fe15f524ca579bd7f1a50,0.992495736700221,0.0075042632997786,0.688584507881169,0.712437919319361,0.714993766969498,0.909377179775519,1431.75,10.0,1.0,0.00255584765013717,0.00820719493673069,435.0,2ed42ad8921cff5f7a8ae755c529857ce6381a60,2026-08-18 08:07:04,2026-06-14 00:19:48,2026-06-13-HTX-CAR,flyers,havoc,32,11,2026-06-13 19:00:00
tbrooks1,-1.98,32.04,jfairfax,-2.66,71.52,0,0,0,"wmatthews,gsanner,tbrooks1,jfairfax,zthoreson,kpignone,jlouie",True,2026-06-13-HTX-CAR,17,7,3,1,720.0,1,4,True,True,304,home,230,1781396363.0,18,False,"ifuzat,ibaker,cburt,sheslep,skelly,jzhou,jsunukjia",231,436,05bda8c2401c48044fc40be3ee7c2fb35b2347ac589608c5b3efe504f902e101,1781396363.0,False,304,707.625,39.4858556954259,-0.68,39.48,0.986759827201993,70d730b576851f7023695744eb8e142961f1e902b9457478875fca178a07de7e,0.798815891970622,0.201184108029378,0.688584507881169,0.71020052283861,0.848091214984272,0.76206293245436,1427.625,10.0,1.0,0.137890692145661,0.442786873599225,436.0,dc3b8c9fd2d909e9b3cbb193a78a2bb9fb6f6da2,2026-08-18 08:07:04,2026-06-14 00:19:48,2026-06-13-HTX-CAR,flyers,havoc,32,11,2026-06-13 19:00:00
jfairfax,-2.66,71.52,zthoreson,-9.48,68.59,0,0,0,"wmatthews,gsanner,tbrooks1,jfairfax,zthoreson,kpignone,jlouie",True,2026-06-13-HTX-CAR,17,7,3,1,720.0,1,5,True,True,305,home,231,1781396365.0,18,False,"ifuzat,ibaker,cburt,sheslep,skelly,jzhou,jsunukjia",232,437,e665321b29aa9e9a574917fa66a435253a31e46e380a4d2ddbe2b082a42f0b73,1781396365.0,False,305,703.5,7.42275555302746,-6.82,-2.92999999999999,113.249267821778,e760712a621ea9aa1824e9e787ce3fbc5112cdcb5aef9df125a09445b7498f8c,0.985964679584685,0.0140353204153153,0.688584507881169,0.84523927700275,0.832699614921799,0.766777993477382,1423.5,10.0,1.0,-0.0125396620809513,-0.0402666610952236,437.0,fe15932308e04161f733f692d89e9887cc455444,2026-08-18 08:07:04,2026-06-14 00:19:48,2026-06-13-HTX-CAR,flyers,havoc,32,11,2026-06-13 19:00:00
zthoreson,-9.48,68.59,tbrooks1,-5.94,60.88,0,0,0,"wmatthews,gsanner,tbrooks1,jfairfax,zthoreson,kpignone,jlouie",True,2026-06-13-HTX-CAR,17,7,3,1,720.0,1,6,True,True,306,home,232,1781396371.0,18,False,"ifuzat,ibaker,cburt,sheslep,skelly,jzhou,jsunukjia",233,438,e77cdb98bf0898223060b0fd43deff1592f3f17d520c1194cba9ac368442a99b,1781396371.0,False,306,699.375,8.48384936217045,3.54,-7.71,-155.338064084083,af1ace9c72405e895bc3be543188e7079e8e3353aa200f9b5f01b2ec84af37d3,0.986637517029407,0.0133624829705932,0.688584507881169,0.829814024761061,0.800288187016457,0.793455485125925,1419.375,10.0,1.0,-0.0295258377446039,-0.094811717759171,438.0,5b4cf3d32fb892483fdb610ba4596e23eb6bf307,2026-08-18 08:07:04,2026-06-14 00:19:48,2026-06-13-HTX-CAR,flyers,havoc,32,11,2026-06-13 19:00:00
tbrooks1,-5.94,60.88,wmatthews,-16.37,72.88,0,0,0,"wmatthews,gsanner,tbrooks1,jfairfax,zthoreson,kpignone,jlouie",True,2026-06-13-HTX-CAR,17,7,3,1,720.0,1,7,True,True,307,home,233,1781396374.0,18,False,"ifuzat,ibaker,cburt,sheslep,skelly,jzhou,jsunukjia",234,439,9e94222fcae8b6498b389cdc0b7d4c2408608518510885954ae4a82313df9c5e,1781396374.0,False,307,695.25,15.8992106722315,-10.43,12.0,40.9960812564233,4ad079df44dd7adf2ae18f5e842e529ee74e3f2becb73f696dd9c99cc962c86a,0.968933061877023,0.0310669381229768,0.688584507881169,0.797199183788321,0.838041040602289,0.733382997119443,1415.25,10.0,1.0,0.0408418568139682,0.131149084896469,439.0,d67c290b2c4110189e4d7385ee7b4eebd324725b,2026-08-18 08:07:04,2026-06-14 00:19:48,2026-06-13-HTX-CAR,flyers,havoc,32,11,2026-06-13 19:00:00
wmatthews,-16.37,72.88,gsanner,-13.44,104.59,0,0,0,"wmatthews,gsanner,tbrooks1,jfairfax,zthoreson,kpignone,jlouie",True,2026-06-13-HTX-CAR,18,7,3,1,720.0,1,8,True,True,308,home,234,1781396382.0,19,False,"ifuzat,ibaker,cburt,sheslep,skelly,jzhou,jsunukjia",235,440,2d394e862cbaceca44ab9a606ef9b61a0f9bb888f8e533aeece211cbcaa075c4,1781396382.0,False,308,691.125,31.8450781126378,2.93,31.71,-5.27913290398608,8cdeff4de10527fbf44815207436d4e5796d53284b5ec739c5a1701bb775ae78,0.821707296329012,0.178292703670988,0.688584507881169,0.835596736309521,1.0,0.654402367421139,1411.125,10.0,1.0,0.164403263690479,0.527922559574348,440.0,3fed57a8c59b557ba18787682dd2bb5a11b2461c,2026-08-18 08:07:04,2026-06-14 00:19:48,2026-06-13-HTX-CAR,flyers,havoc,32,11,2026-06-13 19:00:00
awang,3.67,13.81,xfuzat,-0.23,25.54,0,0,0,"nfurrh,xfuzat,treinhard,jthachet,bgfroerer,awang,mturner",False,2026-06-13-HTX-CAR,18,7,3,2,687.0,1,1,True,True,309,away,207,1781396431.0,18,False,"jsingleto,ostout,jreinhard,smadiraju,smadiraju1,nlyle,cbelus",208,445,4ac738404425eeb6cdbb98c9e891b943df0b4f2c53d0d44cacb9fb5d7caa0686,1781396431.0,False,309,687.0,12.3613470139787,-3.9,11.73,18.3909766293195,61d8329b049f3d2099e6c9b44548feaa9d310c25514bb5cbe41c5c051c04b95e,0.984953034159001,0.0150469658409991,0.643548062406397,0.643548062406397,0.67199159302957,0.920863463470052,1407.0,11.0,1.0,0.0284435306231728,0.0797962575689568,445.0,afa76505e1c880b948a18bc6f78aef5f86e114e7,2026-08-18 08:07:04,2026-06-14 00:24:51,2026-06-13-HTX-CAR,flyers,havoc,32,11,2026-06-13 19:00:00
xfuzat,-0.23,25.54,jthachet,-12.5,32.72,0,0,0,"nfurrh,xfuzat,treinhard,jthachet,bgfroerer,awang,mturner",False,2026-06-13-HTX-CAR,18,7,3,2,687.0,1,2,True,True,310,away,208,1781396433.0,18,False,"jsingleto,ostout,jreinhard,smadiraju,smadiraju1,nlyle,cbelus",209,446,0c76b8852fae533f5c2d9862a743dab0506e44ecf3c74c0360dc172c892fd768,1781396433.0,False,310,686.0,14.2163743619813,-12.27,7.18,59.6652344778319,b031fa6f8f53a9804f21a92d3f0f3f515dbfa77fd3cade171836165ce81a4ef3,0.981701261736928,0.0182987382630724,0.643548062406397,0.671144059745285,0.686612631734926,0.893878722998736,1406.0,11.0,1.0,0.0154685719896411,0.0433959542878881,446.0,20e3fbc63a91e35128e05eb2b5745482d5dc1bce,2026-08-18 08:07:04,2026-06-14 00:24:51,2026-06-13-HTX-CAR,flyers,havoc,32,11,2026-06-13 19:00:00
jthachet,-12.5,32.72,,-12.5,32.72,1,0,0,"nfurrh,xfuzat,treinhard,jthachet,bgfroerer,awang,mturner",False,2026-06-13-HTX-CAR,18,7,3,2,687.0,1,3,True,True,311,away,209,1781396441.0,22,False,"jsingleto,ostout,jreinhard,smadiraju,smadiraju1,nlyle,cbelus",210,447,82dc1bc17940cfac3d58d473a35724f1651aa6d0ac51a15ed2922e0e48b1fa9b,1781396441.0,False,311,685.0,0.0,0.0,0.0,-90.0,ca9ecdec5f77bcceba054c3509b6ba6db7e34b512862bfb2a845e152401b4f65,0.5,-0.5,0.643548062406397,0.685800737857795,0.685800737857795,0.893520521969128,1405.0,11.0,1.0,-0.893520521969128,-0.893520521969128,447.0,c732ae25f07f6f513b842797fe7bb5e27689ff41,2026-08-18 08:07:04,2026-06-14 00:24:51,2026-06-13-HTX-CAR,flyers,havoc,32,11,2026-06-13 19:00:00
smadiraju,0.61,42.2,nlyle,-7.58,48.75,0,0,0,"jsingleto,ostout,jreinhard,smadiraju,smadiraju1,nlyle,cbelus",True,2026-06-13-HTX-CAR,18,7,3,2,684.0,2,1,False,False,312,home,238,1781396446.0,18,False,"nfurrh,xfuzat,treinhard,jthachet,bgfroerer,awang,mturner",239,449,b28eaece8931016d48aaee05c3b500b3226a904a33281f62cc20aec70bdd42fe,1781396446.0,False,312,684.0,10.4870682271071,-8.19,6.55,51.3487242521034,e6dc6ff68561c6eea234356f2ec60b0dba6983586dd6a8595b0efbd3b9491cd1,0.98379760692703,0.0162023930729703,0.719883428638011,0.719883428638011,0.742148211061934,0.831944807290802,1404.0,11.0,1.0,0.0222647824239226,0.0794839888110379,449.0,d061b970a6749fdfc9b7cfc0e7dce4afc73454df,2026-08-18 08:07:04,2026-06-14 00:24:51,2026-06-13-HTX-CAR,flyers,havoc,32,11,2026-06-13 19:00:00
nlyle,-7.58,48.75,cbelus,-9.21,55.63,0,0,0,"jsingleto,ostout,jreinhard,smadiraju,smadiraju1,nlyle,cbelus",True,2026-06-13-HTX-CAR,18,7,3,2,684.0,2,2,False,False,313,home,239,1781396448.0,18,False,"nfurrh,xfuzat,treinhard,jthachet,bgfroerer,awang,mturner",240,450,c54bb4f8504c40e48cdc582acd34b22c3c9544cc00f3ca96df1279c30755a570,1781396448.0,False,313,678.571428571429,7.07045260220306,-1.63,6.88,13.3286814758934,c9d02e578420d8b2d33ac80c043bcac3e2e30c5ea3ef5f6eb1c2a68077e7bcba,0.985902261448096,0.0140977385519037,0.719883428638011,0.738523026703101,0.764416720155228,0.799924288226507,1398.57142857143,11.0,1.0,0.0258936934521268,0.0924389918319574,450.0,517054d9c895d16266ec5b28668f39a7f4505fe2,2026-08-18 08:07:04,2026-06-14 00:24:51,2026-06-13-HTX-CAR,flyers,havoc,32,11,2026-06-13 19:00:00
cbelus,-9.21,55.63,nlyle,0.61,53.52,0,0,0,"jsingleto,ostout,jreinhard,smadiraju,smadiraju1,nlyle,cbelus",True,2026-06-13-HTX-CAR,18,7,3,2,684.0,2,3,False,False,314,home,240,1781396449.0,18,False,"nfurrh,xfuzat,treinhard,jthachet,bgfroerer,awang,mturner",241,451,01008b1a8fb6250bd5dad36f801c35d6ce5ea70f3d095f165bc43358a0537a15,1781396449.0,False,314,673.142857142857,10.0441276375801,9.82,-2.11,-102.126630117053,fa98cd85f866f625c890a72f37d6c0a59a8f908521829c66d19fed8276cb393c,0.985566613467181,0.0144333865328192,0.719883428638011,0.761367023911373,0.754509058902289,0.80755960531024,1393.14285714286,11.0,1.0,-0.00685796500908342,-0.0244825394504098,451.0,04eb901862f148ead7b27e5b63c2d111b3280d0f,2026-08-18 08:07:04,2026-06-14 00:24:51,2026-06-13-HTX-CAR,flyers,havoc,32,11,2026-06-13 19:00:00
nlyle,0.61,53.52,smadiraju,5.59,49.09,0,0,0,"jsingleto,ostout,jreinhard,smadiraju,smadiraju1,nlyle,cbelus",True,2026-06-13-HTX-CAR,18,7,3,2,684.0,2,4,False,False,315,home,241,1781396454.0,18,False,"nfurrh,xfuzat,treinhard,jthachet,bgfroerer,awang,mturner",242,452,74fa20c9700e08874b1608ba2971da9860c55677e680d1e27029476e4a8a034c,1781396454.0,False,315,667.714285714286,6.66523067867872,4.98,-4.43,-131.654955649869,0694be93a9ee3b2602072205c1101edd27e77e79588d05039dd864edf7f91684,0.990591413494722,0.0094085865052782,0.719883428638011,0.751728854579936,0.734081382986374,0.823681522850412,1387.71428571429,11.0,1.0,-0.0176474715935618,-0.0630004555166298,452.0,0bec2ebf3c0d0566c39bd46ba1e25edbcdaa5576,2026-08-18 08:07:04,2026-06-14 00:24:51,2026-06-13-HTX-CAR,flyers,havoc,32,11,2026-06-13 19:00:00
smadiraju,5.59,49.09,jreinhard,14.86,66.4,0,0,0,"jsingleto,ostout,jreinhard,smadiraju,smadiraju1,nlyle,cbelus",True,2026-06-13-HTX-CAR,18,7,3,2,684.0,2,5,False,False,316,home,242,1781396457.0,18,False,"nfurrh,xfuzat,treinhard,jthachet,bgfroerer,awang,mturner",243,453,c03229931a1643dc52308afc15a1f7f312bf6b87bb03a8aefb905498538a3dcd,1781396457.0,False,316,662.285714285714,19.6359109796312,9.27,17.31,-28.170322718427,91d2f53abd22dbcfa646e91a62d2e4ee6d7c373dac5379de23382e652b7ed5f1,0.954953903088967,0.0450460969110326,0.719883428638011,0.731508955821848,0.79537980870782,0.742093807091636,1382.28571428571,11.0,1.0,0.0638708528859718,0.228015260130515,453.0,eda41625b6448d1f4aaf1442aa89b74d8ad43919,2026-08-18 08:07:04,2026-06-14 00:24:51,2026-06-13-HTX-CAR,flyers,havoc,32,11,2026-06-13 19:00:00
jreinhard,14.86,66.4,jsingleto,10.84,73.9,0,0,0,"jsingleto,ostout,jreinhard,smadiraju,smadiraju1,nlyle,cbelus",True,2026-06-13-HTX-CAR,18,7,3,2,684.0,2,6,False,False,317,home,243,1781396461.0,18,False,"nfurrh,xfuzat,treinhard,jthachet,bgfroerer,awang,mturner",244,454,620c1fb5503819acd04bb9fd3d86d898fe6361c2ee23d0d44cd7bcf179f1222d,1781396461.0,False,317,656.857142857143,8.50943006317109,-4.02,7.5,28.1913083737931,a42de6b06db6f585cc5afa95929536d8e97944c3863f1bb3bc4c664e51e07067,0.978368524116888,0.0216314758831117,0.719883428638011,0.793515946905358,0.831168049065515,0.715785624458448,1376.85714285714,11.0,1.0,0.037652102160157,0.134415832583857,454.0,6beec292e54a6755a001fc2282c1816b022dc936,2026-08-18 08:07:04,2026-06-14 00:24:51,2026-06-13-HTX-CAR,flyers,havoc,32,11,2026-06-13 19:00:00
jsingleto,10.84,73.9,cbelus,21.34,81.68,0,0,0,"jsingleto,ostout,jreinhard,smadiraju,smadiraju1,nlyle,cbelus",True,2026-06-13-HTX-CAR,18,7,3,2,684.0,2,7,False,False,318,home,244,1781396465.0,18,False,"nfurrh,xfuzat,treinhard,jthachet,bgfroerer,awang,mturner",245,455,3b1896830908b9863cc2a1a49b42bb603b12fe6835f71381460118785cfcad57,1781396465.0,False,318,651.428571428571,13.0682209959887,10.5,7.78,-53.4633155582041,fb93c7f6244fa3eb2e4657b99f584fcb6e2ebe471d5dfe2a13be76333c5384a9,0.975038075914388,0.0249619240856119,0.719883428638011,0.829791018314248,0.844849712765286,0.65564161267258,1371.42857142857,11.0,1.0,0.0150586944510382,0.0537586704628703,455.0,f33a62934046408996c03dd61df052a692b65665,2026-08-18 08:07:04,2026-06-14 00:24:51,2026-06-13-HTX-CAR,flyers,havoc,32,11,2026-06-13 19:00:00
cbelus,21.34,81.68,,25.57,96.0,1,0,0,"jsingleto,ostout,jreinhard,smadiraju,smadiraju1,nlyle,cbelus",True,2026-06-13-HTX-CAR,18,7,3,2,684.0,2,8,False,False,319,home,245,1781396469.0,22,False,"nfurrh,xfuzat,treinhard,jthachet,bgfroerer,awang,mturner",246,456,50460c41cee5550f1ca9e0c209b5e95a239435cdc7c2ff03029f388b586a8ee4,1781396469.0,False,319,646.0,14.9316877813595,4.23,14.32,-16.4566694149596,a2fda05621b48c06da37a85bcdbff4eaaae6a65a9290ba4bc7f71f580b703c48,0.876459610563019,-0.876459610563019,0.719883428638011,0.843766530821956,0.893425212740799,0.567464174701394,1366.0,11.0,1.0,-0.567464174701394,-0.567464174701394,456.0,bf25a04e85710f82f7967e0a68475a82c68eba2f,2026-08-18 08:07:04,2026-06-14 00:24:51,2026-06-13-HTX-CAR,flyers,havoc,32,11,2026-06-13 19:00:00
awang,-20.04,22.27,treinhard,0.68,22.0,0,0,0,"nfurrh,xfuzat,treinhard,jthachet,bgfroerer,awang,mturner",False,2026-06-13-HTX-CAR,18,7,3,2,684.0,3,1,True,True,320,away,211,1781396487.0,18,False,"jsingleto,ostout,jreinhard,smadiraju,smadiraju1,nlyle,cbelus",212,458,b0b8e3ecacf5adfae451b25cf8ec5baf062f9b4e6636d0b1bdaa141107f3476e,1781396487.0,False,320,640.571428571429,20.721759095212,20.72,-0.27,-90.7465726323736,b1bba183102fb6aa7ee9537da6add1c17a80cd810b6b420f942581d32b74bfe5,0.971485464827119,0.0285145351728806,0.610571841583521,0.610571841583521,0.637596828335052,0.924150134218008,1360.57142857143,11.0,1.0,0.0270249867515319,0.0693965913030604,458.0,6c4712683f557a064411966308789172ee1551c1,2026-08-18 08:07:04,2026-06-14 00:24:51,2026-06-13-HTX-CAR,flyers,havoc,32,11,2026-06-13 19:00:00
treinhard,0.68,22.0,mturner,-16.86,28.18,0,0,0,"nfurrh,xfuzat,treinhard,jthachet,bgfroerer,awang,mturner",False,2026-06-13-HTX-CAR,18,7,3,2,684.0,3,2,True,True,321,away,212,1781396492.0,18,False,"jsingleto,ostout,jreinhard,smadiraju,smadiraju1,nlyle,cbelus",213,459,cf95215b7594cc983c4f8fdbc2ba379775a6aec43e1fa1c2597aac06adc9aa43,1781396492.0,False,321,635.142857142857,18.5968814589974,-17.54,6.18,70.5907270859245,12624765df6324af4ccfd6ef3c7bc118340114121f6f498ca70b3d7dd57b77ab,0.980236762734854,0.0197632372651462,0.610571841583521,0.636340680372965,0.639004802533743,0.895955627877273,1355.14285714286,11.0,1.0,0.00266412216077816,0.00684111331756595,459.0,280a461def0c3432e16121238ffdf343cccb0e82,2026-08-18 08:07:04,2026-06-14 00:24:51,2026-06-13-HTX-CAR,flyers,havoc,32,11,2026-06-13 19:00:00
mturner,-16.86,28.18,jthachet,-3.59,23.54,0,0,0,"nfurrh,xfuzat,treinhard,jthachet,bgfroerer,awang,mturner",False,2026-06-13-HTX-CAR,18,7,3,2,684.0,3,3,True,True,322,away,213,1781396493.0,18,False,"jsingleto,ostout,jreinhard,smadiraju,smadiraju1,nlyle,cbelus",214,460,64734e6d64b8b45e23495d10be44973a74d86925954c0f2ea9bee52a585af040,1781396493.0,False,322,629.714285714286,14.0578270013541,13.27,-4.64,-109.272735154333,279aab121908e18ea76cde5f0ae1f1fdd2feb100ecc94fef92bf63c352ddf155,0.984871798461521,0.0151282015384792,0.610571841583521,0.638043381779287,0.639137976920699,0.918346084555145,1349.71428571429,11.0,1.0,0.00109459514141241,0.00281077553781251,460.0,542f4ba986c88adaadf0bf8406f0c24d6afa4118,2026-08-18 08:07:04,2026-06-14 00:24:51,2026-06-13-HTX-CAR,flyers,havoc,32,11,2026-06-13 19:00:00
jthachet,-3.59,23.54,treinhard,12.85,27.45,0,0,0,"nfurrh,xfuzat,treinhard,jthachet,bgfroerer,awang,mturner",False,2026-06-13-HTX-CAR,18,7,3,2,684.0,3,4,True,True,323,away,214,1781396496.0,18,False,"jsingleto,ostout,jreinhard,smadiraju,smadiraju1,nlyle,cbelus",215,461,c2e085164fac6f624b41ca1dce92934eafbfbbdea6c97a37130f64b89d089419,1781396496.0,False,323,624.285714285714,16.8985709454971,16.44,3.91,-76.6216381053776,1f7341ff21e45e1202d9e219fbd7df756288ed7efa11fedb91000b9730bf7599,0.980238417929391,0.019761582070609,0.610571841583521,0.638448078928835,0.643068693153152,0.902465765908213,1344.28571428571,11.0,1.0,0.00462061422431659,0.0118651261457447,461.0,a4eeb29dc6ad204bd6409cbecfadce01536539c9,2026-08-18 08:07:04,2026-06-14 00:24:51,2026-06-13-HTX-CAR,flyers,havoc,32,11,2026-06-13 19:00:00
treinhard,12.85,27.45,jthachet,3.77,23.09,0,0,0,"nfurrh,xfuzat,treinhard,jthachet,bgfroerer,awang,mturner",False,2026-06-13-HTX-CAR,18,7,3,2,684.0,3,5,True,True,324,away,215,1781396503.0,18,False,"jsingleto,ostout,jreinhard,smadiraju,smadiraju1,nlyle,cbelus",216,462,b14b52494fe595f574b5d97d0959adf168aa734344df2205fc6f0fa4b8bbbd6b,1781396503.0,False,324,618.857142857143,10.0725369197636,-9.08,-4.36,115.649210862129,8ef1f2a74b4a8d5519f56185a3bce34e8f84e54d2d83b132371eef0116d48a71,0.989930954136856,0.0100690458631436,0.610571841583521,0.642631091925975,0.6368354083395,0.919460014203817,1338.85714285714,11.0,1.0,-0.00579568358647475,-0.0148825488378693,462.0,537ba03c3e6acd4cf1434888a46bf4a040b5950d,2026-08-18 08:07:04,2026-06-14 00:24:51,2026-06-13-HTX-CAR,flyers,havoc,32,11,2026-06-13 19:00:00
jthachet,3.77,23.09,mturner,14.67,32.36,0,0,0,"nfurrh,xfuzat,treinhard,jthachet,bgfroerer,awang,mturner",False,2026-06-13-HTX-CAR,18,7,3,2,684.0,3,6,True,True,325,away,216,1781396507.0,18,False,"jsingleto,ostout,jreinhard,smadiraju,smadiraju1,nlyle,cbelus",217,463,30a790bda765a5aab877b0186563e96ee50ff88b457318be984e76e70f739720,1781396507.0,False,325,613.428571428571,14.3088399250254,10.9,9.27,-49.6202085537273,226fe2011fc8f937c7e12b62732b8792f697d3630ff435f587b3f1fcd584053f,0.981986188960156,0.0180138110398439,0.610571841583521,0.636624135981422,0.65335120204341,0.881802498905719,1333.42857142857,11.0,1.0,0.0167270660619881,0.0429528931087185,463.0,60c6a98a3b40b757aae77bb9e1842d139426b276,2026-08-18 08:07:04,2026-06-14 00:24:51,2026-06-13-HTX-CAR,flyers,havoc,32,11,2026-06-13 19:00:00
mturner,14.67,32.36,jthachet,1.22,28.81,0,0,0,"nfurrh,xfuzat,treinhard,jthachet,bgfroerer,awang,mturner",False,2026-06-13-HTX-CAR,18,7,3,2,684.0,3,7,True,True,326,away,217,1781396509.0,18,False,"jsingleto,ostout,jreinhard,smadiraju,smadiraju1,nlyle,cbelus",218,464,55899924eb390b46f0ceba3d6874a29dedbeea2f4d758095f85a32287cbec31f,1781396509.0,False,326,608.0,13.9106074633713,-13.45,-3.55,104.785491683368,4e8864985bf87be72843ab7621bd76cc6d2950f6ae9ac000f5988e7c3492d298,0.984601517178807,0.015398482821193,0.610571841583521,0.653348433558205,0.652687646316687,0.899276299368982,1328.0,11.0,1.0,-0.00066078724151819,-0.00169681423193724,464.0,a4a4525958bb10f93d174a7964c6d13cff3b8c69,2026-08-18 08:07:04,2026-06-14 00:24:51,2026-06-13-HTX-CAR,flyers,havoc,32,11,2026-06-13 19:00:00
jthachet,1.22,28.81,xfuzat,-18.22,38.36,0,0,0,"nfurrh,xfuzat,treinhard,jthachet,bgfroerer,awang,mturner",False,2026-06-13-HTX-CAR,18,7,3,2,684.0,3,8,True,True,327,away,218,1781396512.0,18,False,"jsingleto,ostout,jreinhard,smadiraju,smadiraju1,nlyle,cbelus",219,465,f3724d6735727016315e70d923651d128674fd7993159d28162549d83b2b591e,1781396512.0,False,327,602.571428571429,21.6590881617856,-19.44,9.55,63.8371839044888,04a626642f00d1f9d7b4ba41f5e76dd15a133e36e7e8b73443f56534251f111d,0.972312307998959,0.0276876920010407,0.610571841583521,0.652868413238466,0.664804570599889,0.849546659288434,1322.57142857143,11.0,1.0,0.0119361573614237,0.0306504732733231,465.0,f30ddf00c8650869328f87afb7b503a401d1ee07,2026-08-18 08:07:04,2026-06-14 00:24:51,2026-06-13-HTX-CAR,flyers,havoc,32,11,2026-06-13 19:00:00
xfuzat,-18.22,38.36,treinhard,-24.58,55.9,0,0,0,"nfurrh,xfuzat,treinhard,jthachet,bgfroerer,awang,mturner",False,2026-06-13-HTX-CAR,18,7,3,2,684.0,3,9,True,True,328,away,219,1781396516.0,18,False,"jsingleto,ostout,jreinhard,smadiraju,smadiraju1,nlyle,cbelus",220,466,4915fc43e4a0dc59267d25fe6e9ea777e29fd910fdcc004e875cb3112c84d851,1781396516.0,False,328,597.142857142857,18.6574703537216,-6.36,17.54,19.9306330687504,a5f154233641d0a5fbf0044c31bce1a9217d3369182d4339bd3579f0ec1fd4b4,0.921170044343339,0.0788299556566611,0.610571841583521,0.665142280445503,0.69501912116629,0.738303596575509,1317.14285714286,11.0,1.0,0.0298768407207873,0.0767197750729549,466.0,c0fe016165afd9e1ba5fa7bf28561c30af6f1dff,2026-08-18 08:07:04,2026-06-14 00:24:51,2026-06-13-HTX-CAR,flyers,havoc,32,11,2026-06-13 19:00:00
treinhard,-24.58,55.9,xfuzat,-23.4,48.18,0,0,0,"nfurrh,xfuzat,treinhard,jthachet,bgfroerer,awang,mturner",False,2026-06-13-HTX-CAR,18,7,3,2,684.0,3,10,True,True,329,away,220,1781396522.0,18,False,"jsingleto,ostout,jreinhard,smadiraju,smadiraju1,nlyle,cbelus",221,467,31a10b8f824ee271e7f40568a17603703f53103cc60f5f08f6309f01a4b74488,1781396522.0,False,329,591.714285714286,7.80966068405024,1.18,-7.72,-171.309616321374,9580ca4c226760e343173c18e90fd36c9b9ed7baa5497d0aef51e85666892aac,0.983933190806522,0.0160668091934779,0.610571841583521,0.695473131542004,0.672157129474195,0.784392794768351,1311.71428571429,11.0,1.0,-0.0233160020678083,-0.0598724092336246,467.0,2347bfb70ae30f03aee0259fc2fb5b3884ac4452,2026-08-18 08:07:04,2026-06-14 00:24:51,2026-06-13-HTX-CAR,flyers,havoc,32,11,2026-06-13 19:00:00
xfuzat,-23.4,48.18,mturner,-24.4,52.18,0,0,0,"nfurrh,xfuzat,treinhard,jthachet,bgfroerer,awang,mturner",False,2026-06-13-HTX-CAR,18,7,3,2,684.0,3,11,True,True,330,away,221,1781396526.0,18,False,"jsingleto,ostout,jreinhard,smadiraju,smadiraju1,nlyle,cbelus",222,468,e2805c8267877aebccb4ac861884dc585c5f72752c1a8733c5b1c7df50e6c928,1781396526.0,False,330,586.285714285714,4.12310562561766,-1.0,4.0,14.0362434679265,169454e46469a6cd6282df18fe3be5ab0f4f08388fd0788111096f05a5885e3a,0.979924617219681,0.0200753827803192,0.610571841583521,0.672747048815623,0.680758771018373,0.759082514670435,1306.28571428571,11.0,1.0,0.00801172220274926,0.0205730428824847,468.0,91d9cc05d8b077d8098abb5009f7ba8a0dac5342,2026-08-18 08:07:04,2026-06-14 00:24:51,2026-06-13-HTX-CAR,flyers,havoc,32,11,2026-06-13 19:00:00
mturner,-24.4,52.18,treinhard,-20.95,93.9,0,0,0,"nfurrh,xfuzat,treinhard,jthachet,bgfroerer,awang,mturner",False,2026-06-13-HTX-CAR,18,7,3,2,684.0,3,12,True,True,331,away,222,1781396530.0,18,False,"jsingleto,ostout,jreinhard,smadiraju,smadiraju1,nlyle,cbelus",223,469,f2bd99329dd56924cea5e81444bd8037a0d47c3e74711ec4bde72224d6a37871,1781396530.0,False,331,580.857142857143,41.8624043743309,3.45,41.72,-4.72726991786546,91c6d8e5b07a3af23b9f0dcfa55ed8de717892b2d9bb82ff65c71e13218c735f,0.735861692480384,0.264138307519616,0.610571841583521,0.68143696023123,0.897742508423971,0.611806121498534,1300.85714285714,11.0,1.0,0.216305548192741,0.55544403638478,469.0,45d0e01d54afcd8a859b4636d5e34496e432620d,2026-08-18 08:07:04,2026-06-14 00:24:51,2026-06-13-HTX-CAR,flyers,havoc,32,11,2026-06-13 19:00:00
treinhard,-20.95,93.9,nfurrh,18.21,98.27,0,0,0,"nfurrh,xfuzat,treinhard,jthachet,bgfroerer,awang,mturner",False,2026-06-13-HTX-CAR,18,7,3,2,684.0,3,13,True,True,332,away,223,1781396535.0,18,False,"jsingleto,ostout,jreinhard,smadiraju,smadiraju1,nlyle,cbelus",224,470,6d9cfa575e5e5e9b6d52a3e40a130c47a3345e6b3bc169f51f2121145491c880,1781396535.0,False,332,575.428571428571,39.4030772909934,39.16,4.36999999999999,-83.6325100231543,1e5f58f8b4155df2ba92da653ddbc0c8e0488ab484be19f67ed301d1c070a267,0.819848903931242,0.180151096068758,0.610571841583521,0.898061079119573,0.918053028755818,0.617346941024641,1295.42857142857,11.0,1.0,0.019991949636245,0.0513366822716099,470.0,961f01dae774e988f591de4e2d0f5729378b46c0,2026-08-18 08:07:04,2026-06-14 00:24:51,2026-06-13-HTX-CAR,flyers,havoc,32,11,2026-06-13 19:00:00
xfuzat,18.21,98.27,,18.21,98.27,1,0,0,"nfurrh,xfuzat,treinhard,jthachet,bgfroerer,mturner,ifuzat",False,2026-06-13-HTX-CAR,18,7,3,2,570.0,3,14,True,True,333,away,225,1781396619.0,22,False,"elong,mtucker,mlee1,wcoffin,smadiraju1,jreinhard,smadiraju",226,474,eba5660b007625c13eb2aa0553da4abe08166d87fc22c3fbf61bc72823ef24c4,1781396619.0,False,333,570.0,0.0,0.0,0.0,-90.0,d15af8e2fba299fddbe4179801abfced610e660742576732e96ce1467614c410,0.5,-0.5,0.610571841583521,0.918333677032822,0.918333677032822,0.618229174734426,1290.0,11.0,1.0,-0.618229174734426,-0.618229174734426,474.0,ba98f31ee88605bf96d36b58f594ee45561d98bb,2026-08-18 08:07:04,2026-06-14 00:24:51,2026-06-13-HTX-CAR,flyers,havoc,32,11,2026-06-13 19:00:00
smadiraju1,-10.03,25.43,jreinhard,-18.42,30.81,0,0,0,"elong,mtucker,mlee1,wcoffin,smadiraju1,jreinhard,smadiraju",True,2026-06-13-HTX-CAR,18,7,3,2,564.0,4,1,False,False,334,home,248,1781396624.0,18,False,"nfurrh,xfuzat,treinhard,jthachet,bgfroerer,mturner,ifuzat",249,475,3440448775e47eb652124d2a45a6fa3997ce80d4bc746367e244a00fec59ec39,1781396624.0,False,334,564.0,9.96676978764936,-8.39,5.38,57.3304006470313,3e74d0c11bd67e2c6532f793a8a84dd4a36488b6feb7b06f6aaecb82affa1261,0.989915174958497,0.0100848250415034,0.6451551596595,0.64573148269415,0.64412867174487,0.884084376328164,1284.0,11.0,1.0,-0.0016028109492805,-0.00451693463470535,475.0,88087485589d1bf39c2bb6118af6927a7ae5117f,2026-08-18 08:07:04,2026-06-14 00:24:51,2026-06-13-HTX-CAR,flyers,havoc,32,11,2026-06-13 19:00:00
jreinhard,-18.42,30.81,,-18.43,30.81,1,0,0,"elong,mtucker,mlee1,wcoffin,smadiraju1,jreinhard,smadiraju",True,2026-06-13-HTX-CAR,18,7,3,2,564.0,4,2,False,False,335,home,249,1781396635.0,22,False,"nfurrh,xfuzat,treinhard,jthachet,bgfroerer,mturner,ifuzat",250,476,ab933096eb5e0c350df7302f753493f5aaa71d711dd78d4f5e92435b89599a57,1781396635.0,False,335,557.9,0.00999999999999801,-0.00999999999999801,0.0,90.0,5b9a320bd0ca9cc0fa63861d46e3412ed1d089ae5ed7f0024c057f1d308153c9,0.5,-0.5,0.6451551596595,0.6451551596595,0.645115263166769,0.884523895521894,1277.9,11.0,1.0,-0.884523895521894,-0.884523895521894,476.0,22971a922e32129817f3a86c3afe28756e54142d,2026-08-18 08:07:04,2026-06-14 00:24:51,2026-06-13-HTX-CAR,flyers,havoc,32,11,2026-06-13 19:00:00
bgfroerer,19.21,85.36,ifuzat,21.57,104.54,1,1,0,"nfurrh,xfuzat,treinhard,jthachet,bgfroerer,mturner,ifuzat",False,2026-06-13-HTX-CAR,18,7,3,2,564.0,5,1,True,True,336,away,227,1781396673.0,20,False,"elong,mtucker,mlee1,wcoffin,smadiraju1,jreinhard,smadiraju",228,485,3a2433743d2648510374357d9ba56582ae2f466ffc3474503c334b4dfb1c86d6,1781396673.0,False,336,551.8,19.3246474741456,2.36,19.18,-7.01469085076143,66095ebf69963316e5273611369df0c5d84d52a519884197d28ef145f13461d1,0.933166195796372,1.0,0.867294748697399,0.867294748697399,0.934241289950905,0.598592464961711,1271.8,11.0,1.0,-0.598592464961711,-0.598592464961711,485.0,b0294fefa84ca63167943c44118120fff8c5fc04,2026-08-18 08:07:04,2026-06-14 00:24:51,2026-06-13-HTX-CAR,flyers,havoc,32,11,2026-06-13 19:00:00
elong,-15.62,19.5,jreinhard,-11.46,33.61,0,0,0,"elong,mtucker,mlee1,wcoffin,smadiraju1,jreinhard,smadiraju",True,2026-06-13-HTX-CAR,18,7,3,2,564.0,6,1,False,False,337,home,251,1781396647.0,18,False,"nfurrh,xfuzat,treinhard,jthachet,bgfroerer,mturner,ifuzat",252,479,107317b5897f425fd2c3ad5f7c8975fd0162b0046664c7f3b887f3e57e41e185,1781396647.0,False,337,545.7,14.7104622633009,4.16,14.11,-16.4269066636328,3d8eda8b81c47f4cd943d66f1307b8783a6d8e0d2dfd22cab87766f97358f29c,0.973293862865281,0.0267061371347195,0.624842147876483,0.624842147876483,0.671356870597413,0.882403032960557,1265.7,11.0,1.0,0.0465147227209303,0.123987069596549,479.0,8da92f34fbc350566d389b22136c375570880052,2026-08-18 08:07:04,2026-06-14 00:24:51,2026-06-13-HTX-CAR,flyers,havoc,32,11,2026-06-13 19:00:00
jreinhard,-11.46,33.61,mlee1,-15.9,43.77,0,0,0,"elong,mtucker,mlee1,wcoffin,smadiraju1,jreinhard,smadiraju",True,2026-06-13-HTX-CAR,18,7,3,2,564.0,6,2,False,False,338,home,252,1781396651.0,18,False,"nfurrh,xfuzat,treinhard,jthachet,bgfroerer,mturner,ifuzat",253,480,9da262fe28583c8b695b233cb7b5885a3748eb9269fe9d11e60f8bd2655ef117,1781396651.0,False,338,539.6,11.0877950919017,-4.44,10.16,23.6057066807691,0dd3412e2017429a15aef5614033a498e11c243bda6fc20505894c45046d5dd3,0.983040673325971,0.0169593266740292,0.624842147876483,0.672230761178203,0.699323672882635,0.835196908888916,1259.6,11.0,1.0,0.0270929117044325,0.072217365439848,480.0,63bafa68b32159f141baf8c9b899c73ef2d0669b,2026-08-18 08:07:04,2026-06-14 00:24:51,2026-06-13-HTX-CAR,flyers,havoc,32,11,2026-06-13 19:00:00
mlee1,-15.9,43.77,elong,-17.87,48.13,0,0,0,"elong,mtucker,mlee1,wcoffin,smadiraju1,jreinhard,smadiraju",True,2026-06-13-HTX-CAR,18,7,3,2,564.0,6,3,False,False,339,home,253,1781396653.0,18,False,"nfurrh,xfuzat,treinhard,jthachet,bgfroerer,mturner,ifuzat",254,481,a84bce9fe18da6815e17473e2d4388e5422e7aa52913b95f34eab4515a08ae3e,1781396653.0,False,339,533.5,4.78440173898472,-1.97,4.36,24.3151113488046,76b00c57bf0311e8e3f0daab4b76d23f62e1fd1f037220476f2e10b11d582aa9,0.991007075363559,0.00899292463644108,0.624842147876483,0.700074292762901,0.711128448567967,0.811775467527076,1253.5,11.0,1.0,0.0110541558050663,0.0294653457004728,481.0,6d539721ffb79b522732c55526b0f35b1d7fd379,2026-08-18 08:07:04,2026-06-14 00:24:51,2026-06-13-HTX-CAR,flyers,havoc,32,11,2026-06-13 19:00:00
elong,-17.87,48.13,jreinhard,-7.37,46.97,0,0,0,"elong,mtucker,mlee1,wcoffin,smadiraju1,jreinhard,smadiraju",True,2026-06-13-HTX-CAR,18,7,3,2,564.0,6,4,False,False,340,home,254,1781396656.0,18,False,"nfurrh,xfuzat,treinhard,jthachet,bgfroerer,mturner,ifuzat",255,482,f82d4909559d6015468af4ed6f12e328245c3e2711b080e186b6f3948db77f84,1781396656.0,False,340,527.4,10.5638818622701,10.5,-1.16,-96.3042546110576,00240b331f4c71b05e55868d7a39924510ac2e8188f2522581646a5066ced4f5,0.98271077597021,0.0172892240297896,0.624842147876483,0.711782391699435,0.721924228888074,0.829687884195095,1247.4,11.0,1.0,0.0101418371886388,0.0270335197070584,482.0,a38660b3c2ab2b531d2416b62f6aba360ae198a9,2026-08-18 08:07:04,2026-06-14 00:24:51,2026-06-13-HTX-CAR,flyers,havoc,32,11,2026-06-13 19:00:00
jreinhard,-7.37,46.97,wcoffin,3.54,52.97,0,0,0,"elong,mtucker,mlee1,wcoffin,smadiraju1,jreinhard,smadiraju",True,2026-06-13-HTX-CAR,18,7,3,2,564.0,6,5,False,False,341,home,255,1781396658.0,18,False,"nfurrh,xfuzat,treinhard,jthachet,bgfroerer,mturner,ifuzat",256,483,fd322f14b3c633485acc17541d7f7151d55ea95f0bb6fe822ac4501978d8112e,1781396658.0,False,341,521.3,12.4510280700029,10.91,6.0,-61.1912222943066,497793df2a2b92857bc3bfb3571af50f8514052621f8fc6d0ec46683dfc6c59d,0.980064885118354,0.0199351148816459,0.624842147876483,0.722489206117012,0.746313926103389,0.804847890668737,1241.3,11.0,1.0,0.0238247199863767,0.0635058545396849,483.0,b3a2dcd8a7741f3e871e8174385d16544bdda14f,2026-08-18 08:07:04,2026-06-14 00:24:51,2026-06-13-HTX-CAR,flyers,havoc,32,11,2026-06-13 19:00:00
wcoffin,3.54,52.97,jreinhard,-10.51,53.04,0,0,0,"elong,mtucker,mlee1,wcoffin,smadiraju1,jreinhard,smadiraju",True,2026-06-13-HTX-CAR,18,7,3,2,564.0,6,6,False,False,342,home,256,1781396662.0,18,False,"nfurrh,xfuzat,treinhard,jthachet,bgfroerer,mturner,ifuzat",257,484,584bbe4be061d11695d77e0330b17809a60df9aaf03f0f42f64f1888c0fa7867,1781396662.0,False,342,515.2,14.0501743761421,-14.05,0.0700000000000003,89.7145429621828,36d3cefaae74e0980c14219f657b491f5bb081048a485d1e4c0e78e64f483259,0.979570324620413,0.0204296753795871,0.624842147876483,0.746780167283092,0.744916722827026,0.802885550378395,1235.2,11.0,1.0,-0.00186344445606623,-0.00496709437245821,484.0,bb57c5919f9a094b623a1970720b1ecabe9133a9,2026-08-18 08:07:04,2026-06-14 00:24:51,2026-06-13-HTX-CAR,flyers,havoc,32,11,2026-06-13 19:00:00
jreinhard,-10.51,53.04,mlee1,-10.64,108.54,0,0,0,"elong,mtucker,mlee1,wcoffin,smadiraju1,jreinhard,smadiraju",True,2026-06-13-HTX-CAR,19,7,3,2,564.0,6,7,False,False,343,home,257,1781396676.0,19,False,"nfurrh,xfuzat,treinhard,jthachet,bgfroerer,mturner,ifuzat",258,486,f7f4911e9ad4a685ffff3ed81fd04d5d16186a5372b2954136acf442c6d1e704,1781396676.0,False,343,509.1,55.5001522520434,-0.130000000000001,55.5,0.134206084947778,4819393df45b0f4694431c825c65dd34b5c21a76ee7b25016e71323f0f09cba7,0.627322235147732,0.372677764852268,0.624842147876483,0.745321147136977,1.0,0.637850758336024,1229.1,11.0,1.0,0.254678852863023,0.678857849892937,486.0,f0fa7774f6fc3fc41625f54bdf10af908f009cbd,2026-08-18 08:07:04,2026-06-14 00:24:51,2026-06-13-HTX-CAR,flyers,havoc,32,11,2026-06-13 19:00:00
mbaldauf,-26.49,52.63,bthibodea,2.04,34.27,0,0,0,"bthibodea,cughetta,mbaldauf,jjoshi,blin,cdixon,sheslep",False,2026-06-13-HTX-CAR,19,7,3,3,503.0,1,1,True,True,344,away,230,1781396748.0,18,False,"smadiraju1,smadiraju,wcoffin,jreinhard,cbelus,bmorrison,mtucker",231,491,f121794c6aef55934d54df31f1b4cce64925f7034ff5decf73a70cf093f0d414,1781396748.0,False,344,503.0,33.9271351575697,28.53,-18.36,-122.762623040587,ae83b1ad2da9d31e333156e5557e47a30e67f39a20eb5bb1d27936b72af05fea,0.936104018717877,0.0638959812821228,0.669076418511867,0.669076418511867,0.681265135101406,0.883782588282765,1223.0,12.0,1.0,0.0121887165895384,0.0368324207502132,491.0,a555e02ac05a9eaefdd11b40ed24ba2d0dca3959,2026-08-18 08:07:04,2026-06-14 00:29:55,2026-06-13-HTX-CAR,flyers,havoc,32,11,2026-06-13 19:00:00
bthibodea,2.04,34.27,cdixon,15.12,36.9,0,0,0,"bthibodea,cughetta,mbaldauf,jjoshi,blin,cdixon,sheslep",False,2026-06-13-HTX-CAR,19,7,3,3,503.0,1,2,True,True,345,away,231,1781396750.0,18,False,"smadiraju1,smadiraju,wcoffin,jreinhard,cbelus,bmorrison,mtucker",232,492,5d67434b2e29fb6fcd4da632524ec57f6f65d2fa0451c6b39536648ff960a81a,1781396750.0,False,345,498.866666666667,13.3417877362818,13.08,2.63,-78.6311126068196,fbf8b2482fccdc046823f2ce7ef558e534fecb2d4a2edc95692ecb105b326203,0.984937286638007,0.0150627133619935,0.669076418511867,0.681494511220053,0.679260358834766,0.868885336209507,1218.86666666667,12.0,1.0,-0.00223415238528735,-0.00675126376682064,492.0,60b70dff3097616dbd5943c85a965101106ee672,2026-08-18 08:07:04,2026-06-14 00:29:55,2026-06-13-HTX-CAR,flyers,havoc,32,11,2026-06-13 19:00:00
cdixon,15.12,36.9,sheslep,15.12,36.9,0,0,0,"bthibodea,cughetta,mbaldauf,jjoshi,blin,cdixon,sheslep",False,2026-06-13-HTX-CAR,19,7,3,3,503.0,1,3,True,True,346,away,232,1781396754.0,18,False,"smadiraju1,smadiraju,wcoffin,jreinhard,cbelus,bmorrison,mtucker",233,493,11ab45a8c224b6651301f9554cdd64fd5f56cdd6e1fdad6c1c7d487e51a6d250,1781396754.0,False,346,494.733333333333,0.0,0.0,0.0,-90.0,e9e145f65c7558fdbd11a2e74a7b8d27677a1893125b6a24495702c0658765c1,0.5,0.5,0.669076418511867,0.679461700498513,0.679461700498513,0.868990600817387,1214.73333333333,12.0,1.0,0.0,0.0,493.0,3b2479f6e9d360befdfa9cac1f3e6d424935f357,2026-08-18 08:07:04,2026-06-14 00:29:55,2026-06-13-HTX-CAR,flyers,havoc,32,11,2026-06-13 19:00:00
sheslep,15.12,36.9,cdixon,15.12,36.9,0,0,0,"bthibodea,cughetta,mbaldauf,jjoshi,blin,cdixon,sheslep",False,2026-06-13-HTX-CAR,19,7,3,3,503.0,1,4,True,True,347,away,233,1781396756.0,18,False,"smadiraju1,smadiraju,wcoffin,jreinhard,cbelus,bmorrison,mtucker",234,494,e315dd166adfca3ff1252fdec3bf61a17f60dc33d00ad45191d88c003f933850,1781396756.0,False,347,490.6,0.0,0.0,0.0,-90.0,06961264b6e7030559ec72be72c239564c20988883a68dbc851abe8cfc49ffee,0.5,0.5,0.669076418511867,0.679635364140696,0.679635364140696,0.869081365292503,1210.6,12.0,1.0,0.0,0.0,494.0,9e347d733d444b9bd5387691eabdcad43111fcb3,2026-08-18 08:07:04,2026-06-14 00:29:55,2026-06-13-HTX-CAR,flyers,havoc,32,11,2026-06-13 19:00:00
cdixon,15.12,36.9,sheslep,15.12,36.9,0,0,0,"bthibodea,cughetta,mbaldauf,jjoshi,blin,cdixon,sheslep",False,2026-06-13-HTX-CAR,19,7,3,3,503.0,1,5,True,True,348,away,234,1781396756.0,18,False,"smadiraju1,smadiraju,wcoffin,jreinhard,cbelus,bmorrison,mtucker",235,495,fc7e8ae0c3ac2074ff2a680a3287aef6a02680483428402dce19164d02ea5394,1781396756.0,False,348,486.466666666667,0.0,0.0,0.0,-90.0,5c79171f986f6db52e9db8279885c2c5063e53da85283cce616fc11a0b2f6948,0.5,0.5,0.669076418511867,0.679782552172278,0.679782552172278,0.869158270942871,1206.46666666667,12.0,1.0,0.0,0.0,495.0,edb8c243193055f7c4fb7c294b80e18de3861cb3,2026-08-18 08:07:04,2026-06-14 00:29:55,2026-06-13-HTX-CAR,flyers,havoc,32,11,2026-06-13 19:00:00
sheslep,15.12,36.9,cdixon,15.12,36.9,0,0,0,"bthibodea,cughetta,mbaldauf,jjoshi,blin,cdixon,sheslep",False,2026-06-13-HTX-CAR,19,7,3,3,503.0,1,6,True,True,349,away,235,1781396759.0,18,False,"smadiraju1,smadiraju,wcoffin,jreinhard,cbelus,bmorrison,mtucker",236,496,f2ef3fc5221ee2da96a063ee2609fdcecb0b7f5ad0089c0191b9ffbf0f2403b0,1781396759.0,False,349,482.333333333333,0.0,0.0,0.0,-90.0,d23d755ae11d095a7aee4f58c508e00d5dcd21ad439fce9a61136c8ae1a5645c,0.5,0.5,0.669076418511867,0.679904462321861,0.679904462321861,0.86922195400565,1202.33333333333,12.0,1.0,0.0,0.0,496.0,f4096290b1b404e29be043126e113aa95b329a6d,2026-08-18 08:07:04,2026-06-14 00:29:55,2026-06-13-HTX-CAR,flyers,havoc,32,11,2026-06-13 19:00:00
cdixon,15.12,36.9,jjoshi,22.48,61.0,0,0,0,"bthibodea,cughetta,mbaldauf,jjoshi,blin,cdixon,sheslep",False,2026-06-13-HTX-CAR,19,7,3,3,503.0,1,7,True,True,350,away,236,1781396764.0,18,False,"smadiraju1,smadiraju,wcoffin,jreinhard,cbelus,bmorrison,mtucker",237,497,8d4fd73f19d56a37cf3404517e48ebb1c985d14fee1ad0932dce019cc9d61a8a,1781396764.0,False,350,478.2,25.1988015588043,7.36,24.1,-16.9823668853555,9023f1860f69ffaad7a0a1065bc57867dfb8767d48d4342f12fd39c3ffdc9e56,0.921160146325203,0.0788398536747966,0.669076418511867,0.68000228812725,0.746566380773589,0.738229511988533,1198.2,12.0,1.0,0.0665640926463391,0.201146416786034,497.0,39c5785487cc777bbdb686f2f89ca380f270779b,2026-08-18 08:07:04,2026-06-14 00:29:55,2026-06-13-HTX-CAR,flyers,havoc,32,11,2026-06-13 19:00:00
jjoshi,22.48,61.0,cdixon,13.58,70.63,0,0,0,"bthibodea,cughetta,mbaldauf,jjoshi,blin,cdixon,sheslep",False,2026-06-13-HTX-CAR,19,7,3,3,503.0,1,8,True,True,351,away,237,1781396769.0,18,False,"smadiraju1,smadiraju,wcoffin,jreinhard,cbelus,bmorrison,mtucker",238,498,2eedc6afd321cc7f35b506a85d74e8f2fce6cf5cd0db94d83e26951a51e01447,1781396769.0,False,351,474.066666666667,13.1128524738136,-8.9,9.63,42.7439664828931,2f388f0078ec897fa70cc95f75e45d418ae5a75f54fea9245a56836e457ee4fe,0.965403897785228,0.0345961022147717,0.669076418511867,0.746631532901454,0.817141107239899,0.729005399330377,1194.06666666667,12.0,1.0,0.070509574338445,0.213069053650906,498.0,81ac9691ea228d82ffd7873666003a167d5dd1e9,2026-08-18 08:07:04,2026-06-14 00:29:55,2026-06-13-HTX-CAR,flyers,havoc,32,11,2026-06-13 19:00:00
cdixon,13.58,70.63,sheslep,-1.96,69.36,0,0,0,"bthibodea,cughetta,mbaldauf,jjoshi,blin,cdixon,sheslep",False,2026-06-13-HTX-CAR,19,7,3,3,503.0,1,9,True,True,352,away,238,1781396771.0,18,False,"smadiraju1,smadiraju,wcoffin,jreinhard,cbelus,bmorrison,mtucker",239,499,6acde3133bc9cc11b354253f3fcd81dce85b7cf27d492196ca1adf458c4229fe,1781396771.0,False,352,469.933333333333,15.591808746903,-15.54,-1.27,94.6720905896595,2e6f86652286d36590fc7aea61e7a56be0642a6c9e14f536bee986080fdabe61,0.969888469602068,0.0301115303979319,0.669076418511867,0.817177658052379,0.816698561168806,0.739525989341386,1189.93333333333,12.0,1.0,-0.000479096883573282,-0.0014477568549779,499.0,d3a5a2e4b17979ce0bf5f0fa7b6785f9bca928c4,2026-08-18 08:07:04,2026-06-14 00:29:55,2026-06-13-HTX-CAR,flyers,havoc,32,11,2026-06-13 19:00:00
sheslep,-1.96,69.36,blin,2.4,76.9,0,0,0,"bthibodea,cughetta,mbaldauf,jjoshi,blin,cdixon,sheslep",False,2026-06-13-HTX-CAR,19,7,3,3,503.0,1,10,True,True,353,away,239,1781396773.0,18,False,"smadiraju1,smadiraju,wcoffin,jreinhard,cbelus,bmorrison,mtucker",240,500,3eae3fab8bd9ba8fc787be6472c4d8eb4a5a874f4b962bbb8cf9523545c53543,1781396773.0,False,353,465.8,8.70983352309331,4.36,7.54000000000001,-30.0386195469488,a8c7e198d51b4e21d96cd24696731a6938124e7f8454e25632b93b62a3a14f54,0.981294708916809,0.0187052910831912,0.669076418511867,0.81672106148921,0.848671199759622,0.711631493371065,1185.8,12.0,1.0,0.031950138270412,0.0965483877780339,500.0,e1ba831b4e2359706bfc035ba68bd8e6c882f1cd,2026-08-18 08:07:04,2026-06-14 00:29:55,2026-06-13-HTX-CAR,flyers,havoc,32,11,2026-06-13 19:00:00
blin,2.4,76.9,cdixon,13.31,75.0,0,0,0,"bthibodea,cughetta,mbaldauf,jjoshi,blin,cdixon,sheslep",False,2026-06-13-HTX-CAR,19,7,3,3,503.0,1,11,True,True,354,away,240,1781396775.0,18,False,"smadiraju1,smadiraju,wcoffin,jreinhard,cbelus,bmorrison,mtucker",241,501,73a6baf55536a36192722771ef6cbb67203b5e7e0a5badfabec27d3e1eada73c,1781396775.0,False,354,461.666666666667,11.0742087753482,10.91,-1.90000000000001,-99.8791042266069,1d321dfd239c3f5a4d3fce71205babdb3f9c014f5a7d4f79788fee8c1edbfbbd,0.979830268966723,0.0201697310332766,0.669076418511867,0.848679084614265,0.836488189541199,0.713072761435033,1181.66666666667,12.0,1.0,-0.0121908950730664,-0.0368390037912833,501.0,8038f95d03f8ea94d1f536d1b07ebeaffb9319a8,2026-08-18 08:07:04,2026-06-14 00:29:55,2026-06-13-HTX-CAR,flyers,havoc,32,11,2026-06-13 19:00:00
cdixon,13.31,75.0,mbaldauf,20.57,85.54,0,0,0,"bthibodea,cughetta,mbaldauf,jjoshi,blin,cdixon,sheslep",False,2026-06-13-HTX-CAR,19,7,3,3,503.0,1,12,True,True,355,away,241,1781396778.0,18,False,"smadiraju1,smadiraju,wcoffin,jreinhard,cbelus,bmorrison,mtucker",242,502,daa2f34bc54d66e3666a4e6c669436e9cb7d89869118e86ead2d4bf338821124,1781396778.0,False,355,457.533333333333,12.7984061507674,7.26,10.54,-34.5592476081903,d37b94d6e794806bbd5f689957d6aa7d858a25911d2bd494aec4e64240113467,0.973723526669431,0.0262764733305688,0.669076418511867,0.836485166723858,0.868044425249214,0.654007425048883,1177.53333333333,12.0,1.0,0.0315592585253565,0.0953672095032859,502.0,6e59313e9e19c26a19b6fda823645cfb35c9e39f,2026-08-18 08:07:04,2026-06-14 00:29:55,2026-06-13-HTX-CAR,flyers,havoc,32,11,2026-06-13 19:00:00
mbaldauf,20.57,85.54,bthibodea,-5.59,84.72,0,0,0,"bthibodea,cughetta,mbaldauf,jjoshi,blin,cdixon,sheslep",False,2026-06-13-HTX-CAR,19,7,3,3,503.0,1,13,True,True,356,away,242,1781396786.0,18,False,"smadiraju1,smadiraju,wcoffin,jreinhard,cbelus,bmorrison,mtucker",243,503,88fd79e3b3831206fe479f35f8fd02075980bd24e1e68a50cebf7829b75b8b1d,1781396786.0,False,356,453.4,26.1728485266698,-26.16,-0.820000000000007,91.7953807640414,d51015257781375889f47abab1d3f04d050ea03b296538b4709ec38811943a02,0.908065764648213,0.091934235351787,0.669076418511867,0.868032949642247,0.880154023712977,0.685041752335389,1173.4,12.0,1.0,0.0121210740707295,0.0366280154959708,503.0,4cc8cf0bf9edfc0679fbc580fda0b0ea38e2b8f6,2026-08-18 08:07:04,2026-06-14 00:29:55,2026-06-13-HTX-CAR,flyers,havoc,32,11,2026-06-13 19:00:00
bthibodea,-5.59,84.72,jjoshi,6.31,89.45,0,0,0,"bthibodea,cughetta,mbaldauf,jjoshi,blin,cdixon,sheslep",False,2026-06-13-HTX-CAR,19,7,3,3,503.0,1,14,True,True,357,away,243,1781396789.0,18,False,"smadiraju1,smadiraju,wcoffin,jreinhard,cbelus,bmorrison,mtucker",244,504,be8e1cea28130c79dd35308164d19377364f5c46a6e2fd5e0bc6a722cfc2334c,1781396789.0,False,357,449.266666666667,12.8055808146292,11.9,4.73,-68.3232186077983,b3c5b9aacd1884bfdce5b30e18d37c93c70077d44093a1c8b4ceea6e6484c58a,0.967949930150082,0.0320500698499175,0.669076418511867,0.880135789921348,0.898006800216149,0.670439886539226,1169.26666666667,12.0,1.0,0.017871010294801,0.0540034355195744,504.0,9c1871817b344bd92f3320482b9a9c96e63a6766,2026-08-18 08:07:04,2026-06-14 00:29:55,2026-06-13-HTX-CAR,flyers,havoc,32,11,2026-06-13 19:00:00
jjoshi,6.31,89.45,blin,12.03,105.36,0,0,0,"bthibodea,cughetta,mbaldauf,jjoshi,blin,cdixon,sheslep",False,2026-06-13-HTX-CAR,19,8,3,3,503.0,1,15,True,True,358,away,244,1781396843.0,19,False,"smadiraju1,smadiraju,wcoffin,jreinhard,cbelus,bmorrison,mtucker",245,507,a094841aa7918891dc660297d8b186142b0a1c6b820e62af916519615865c2aa,1781396843.0,False,358,445.133333333333,16.9069955935406,5.72,15.91,-19.7746433392357,cf122d17835ef430399523faf5530673566c824c86e47456c23ba76af062d00f,0.941891783095408,0.0581082169045919,0.669076418511867,0.897984807165671,1.0,0.638365526877091,1165.13333333333,12.0,1.0,0.102015192834329,0.308274171262068,507.0,6ced2704f000138854892efbfa45d548f00ed2e8,2026-08-18 08:07:04,2026-06-14 00:29:55,2026-06-13-HTX-CAR,flyers,havoc,32,11,2026-06-13 19:00:00
tbrooks1,-24.97,51.61,jfairfax,0.54,35.31,0,0,0,"jfairfax,gsanner,jlouie,tmitchell,kpignone,wmatthews,tbrooks1",True,2026-06-13-HTX-CAR,19,8,3,4,441.0,1,1,True,True,359,home,262,1781396914.0,18,False,"ifuzat,ibaker,cburt,skelly,jzhou,jsunukjia,cughetta",263,510,d8161d79035639d106bb0bc931afc235b151fab951c7dc2bfc93825e54f39900,1781396914.0,False,359,441.0,30.272926848919,25.51,-16.3,-122.577158370644,02f69aeb01374dad99e9cfb5f30a696d7fa3bc4a9b9f1354b0a3950091790ecd,0.94718082234708,0.0528191776529204,0.683659300019248,0.683659300019248,0.685542014216616,0.88023682072171,1161.0,11.0,1.0,0.00188271419736841,0.00595153958211182,510.0,6408245fb27adf23e5a0211278cecfe4350e3516,2026-08-18 08:07:04,2026-06-14 00:29:55,2026-06-13-HTX-CAR,flyers,havoc,32,11,2026-06-13 19:00:00
jfairfax,0.54,35.31,jlouie,15.48,45.34,0,0,0,"jfairfax,gsanner,jlouie,tmitchell,kpignone,wmatthews,tbrooks1",True,2026-06-13-HTX-CAR,19,8,3,4,441.0,1,2,True,True,360,home,263,1781396917.0,18,False,"ifuzat,ibaker,cburt,skelly,jzhou,jsunukjia,cughetta",264,511,27e39379e7449b74027ed633d4030e392a3e49948966a40b63d8513dbd70b063,1781396917.0,False,360,437.0,17.9945686250046,14.94,10.03,-56.1244813075622,ad7011df3948848793ed7a330424cde35ef6ab0d836ed1c55585bbffd796725c,0.972860487016476,0.0271395129835245,0.683659300019248,0.685467426384808,0.70860516034091,0.832899234557786,1157.0,11.0,1.0,0.0231377339561027,0.0731418181647526,511.0,2d3464523d8666b71e611b4a9dde1d79fdc8e8fe,2026-08-18 08:07:04,2026-06-14 00:29:55,2026-06-13-HTX-CAR,flyers,havoc,32,11,2026-06-13 19:00:00
jlouie,15.48,45.34,gsanner,21.0,58.02,0,0,0,"jfairfax,gsanner,jlouie,tmitchell,kpignone,wmatthews,tbrooks1",True,2026-06-13-HTX-CAR,19,8,3,4,441.0,1,3,True,True,361,home,264,1781396919.0,18,False,"ifuzat,ibaker,cburt,skelly,jzhou,jsunukjia,cughetta",265,512,27d27d6fc369c5275aec4991a7927f7f7353e6ee9cc3900eeb110667227100f5,1781396919.0,False,361,433.0,13.8294179197825,5.52,12.68,-23.5249966645111,14d6d321e4211caff0061b9b2ee5d90c9cc5be24567f92ec87da1c5c0c31456c,0.976519160686544,0.0234808393134562,0.683659300019248,0.708523818266806,0.740295484162357,0.760208372768885,1153.0,11.0,1.0,0.0317716658955508,0.100434961095692,512.0,8c61db583372642b4ae2caf7f0ced94237dc73ac,2026-08-18 08:07:04,2026-06-14 00:29:55,2026-06-13-HTX-CAR,flyers,havoc,32,11,2026-06-13 19:00:00
gsanner,21.0,58.02,wmatthews,21.89,68.52,0,0,0,"jfairfax,gsanner,jlouie,tmitchell,kpignone,wmatthews,tbrooks1",True,2026-06-13-HTX-CAR,19,8,3,4,441.0,1,4,True,True,362,home,265,1781396923.0,18,False,"ifuzat,ibaker,cburt,skelly,jzhou,jsunukjia,cughetta",266,513,5532994bd0ef5bebc0ff01cb281f9ae11423eea2c541300b46b6485a5b5ec5ae,1781396923.0,False,362,429.0,10.5376515410218,0.890000000000001,10.5,-4.8449186502551,56fbe24645f21dba0d5871d58869809f92dd7be235ab530c2e7721b812c75722,0.977218644599375,0.0227813554006251,0.683659300019248,0.7402114716669,0.784576249445481,0.708949198305652,1149.0,11.0,1.0,0.0443647777785815,0.140243660652205,513.0,f9f9903fb38a56271e508b05a067d3a82e8f6d41,2026-08-18 08:07:04,2026-06-14 00:29:55,2026-06-13-HTX-CAR,flyers,havoc,32,11,2026-06-13 19:00:00
wmatthews,21.89,68.52,kpignone,8.79,66.2,0,0,0,"jfairfax,gsanner,jlouie,tmitchell,kpignone,wmatthews,tbrooks1",True,2026-06-13-HTX-CAR,19,8,3,4,441.0,1,5,True,True,363,home,266,1781396926.0,18,False,"ifuzat,ibaker,cburt,skelly,jzhou,jsunukjia,cughetta",267,514,c35989deb08c9821c01594fe46ff47da86e5a2a7118caadc6ef97dcda8b00b46,1781396926.0,False,363,425.0,13.3038490670933,-13.1,-2.31999999999999,100.042907120688,09ba6621e7a2c690d72aa498efaca76744d368a680dba3aaca2c3f5c5256227d,0.971208745848491,0.0287912541515085,0.683659300019248,0.784495947489388,0.801642762974904,0.750164194387005,1145.0,11.0,1.0,0.0171468154855159,0.0542036338876382,514.0,ceddae9b4efc556784ac3c26021fd9e055236da9,2026-08-18 08:07:04,2026-06-14 00:29:55,2026-06-13-HTX-CAR,flyers,havoc,32,11,2026-06-13 19:00:00
kpignone,8.79,66.2,jlouie,-5.12,70.29,0,0,0,"jfairfax,gsanner,jlouie,tmitchell,kpignone,wmatthews,tbrooks1",True,2026-06-13-HTX-CAR,19,8,3,4,441.0,1,6,True,True,364,home,267,1781396929.0,18,False,"ifuzat,ibaker,cburt,skelly,jzhou,jsunukjia,cughetta",268,515,54dfad5de1c9b31e410c8b9d6cf7b397c1a3168e4c28b31a55fb73ed28dc4d7d,1781396929.0,False,364,421.0,14.4988344359124,-13.91,4.09,73.6149198698728,78fb7f73238336804b771d75165a4240ab6af9724384918f5098e8348553089c,0.971731205729515,0.0282687942704849,0.683659300019248,0.801561931469797,0.819981370374493,0.735048119628754,1141.0,11.0,1.0,0.0184194389046953,0.0582265857849339,515.0,7891cc983864a91743bb188d15ec0ce2df212da4,2026-08-18 08:07:04,2026-06-14 00:29:55,2026-06-13-HTX-CAR,flyers,havoc,32,11,2026-06-13 19:00:00
jlouie,-5.12,70.29,tbrooks1,-8.26,72.81,0,0,0,"jfairfax,gsanner,jlouie,tmitchell,kpignone,wmatthews,tbrooks1",True,2026-06-13-HTX-CAR,19,8,3,4,441.0,1,7,True,True,365,home,268,1781396931.0,18,False,"ifuzat,ibaker,cburt,skelly,jzhou,jsunukjia,cughetta",269,516,709a3dd318180e459e82eefeef95759010b13eda86f6812fa7f9fe16fa2457c8,1781396931.0,False,365,417.0,4.02616442783948,-3.14,2.52,51.2512922369347,8308e8d6086cf1f26a66456cb81d3ed6fb0aeda34325de657df70e569412d50d,0.987900065018818,0.0120999349811824,0.683659300019248,0.819902153939006,0.830126556335643,0.724514317619883,1137.0,11.0,1.0,0.0102244023966378,0.0323208565867746,516.0,148374a9f9425556c47039a02b87aa3999a07a24,2026-08-18 08:07:04,2026-06-14 00:29:55,2026-06-13-HTX-CAR,flyers,havoc,32,11,2026-06-13 19:00:00
tbrooks1,-8.26,72.81,jfairfax,10.23,72.34,0,0,0,"jfairfax,gsanner,jlouie,tmitchell,kpignone,wmatthews,tbrooks1",True,2026-06-13-HTX-CAR,19,8,3,4,441.0,1,8,True,True,366,home,269,1781396934.0,18,False,"ifuzat,ibaker,cburt,skelly,jzhou,jsunukjia,cughetta",270,517,144859bc2b4db71cc99ea27fa8c0427b8141f93b778c0bce31835551dedeb3dd,1781396934.0,False,366,413.0,18.4959725345817,18.49,-0.469999999999999,-91.4560961985014,2eaa08b1c7b66ac7921253de86045049590576910f67715b3a5d526fd0e34da8,0.961601931302232,0.0383980686977684,0.683659300019248,0.830047578764607,0.827062120698371,0.725262984251003,1133.0,11.0,1.0,-0.00298545806623574,-0.00943747695575494,517.0,72f6029520860792152cd83efb1f89499209cbab,2026-08-18 08:07:04,2026-06-14 00:29:55,2026-06-13-HTX-CAR,flyers,havoc,32,11,2026-06-13 19:00:00
jfairfax,10.23,72.34,wmatthews,24.21,103.02,0,0,0,"jfairfax,gsanner,jlouie,tmitchell,kpignone,wmatthews,tbrooks1",True,2026-06-13-HTX-CAR,20,8,3,4,441.0,1,9,True,True,367,home,270,1781396942.0,19,False,"ifuzat,ibaker,cburt,skelly,jzhou,jsunukjia,cughetta",271,519,0cc95c90a76976ab2735efb3242dff7332f11e12311520ac2c85d1e90dab704a,1781396942.0,False,367,409.0,33.7150233575479,13.98,30.68,-24.4973996964661,b10c58a1ccd37ec2c9fc7b16399cf4e8d47761dd793accf7d7f5e883cecd79da,0.773787113643294,0.226212886356706,0.683659300019248,0.826979370191167,1.0,0.580985834554995,1129.0,11.0,1.0,0.173020629808833,0.546943943094773,519.0,c2c504afa86b6915a353792b082d68bedbcbd869,2026-08-18 08:07:04,2026-06-14 00:29:55,2026-06-13-HTX-CAR,flyers,havoc,32,11,2026-06-13 19:00:00
xfuzat,-24.85,53.36,mturner,-25.67,61.72,0,0,0,"nfurrh,xfuzat,treinhard,jthachet,bgfroerer,mturner,skelly",False,2026-06-13-HTX-CAR,20,8,3,5,405.0,1,1,True,True,368,away,249,1781396998.0,18,False,"nlyle,ostout,bmorrison,cbelus,jsingleto,smadiraju,smadiraju1",250,523,417a2fc4d7298a1a3f53a444b1cd5d568470fa5fff71ea4ad2d26855e6508ad6,1781396998.0,False,368,405.0,8.40011904677547,-0.82,8.36,5.60200140869787,4a5e6d300528039dd379e6253101196a331da566a5a106a01091e59b968ba80e,0.938827439588811,0.0611725604111887,0.691772368003425,0.691772368003425,0.722671854013367,0.712840846895208,1125.0,12.0,1.0,0.0308994860099411,0.100248916068253,523.0,498ab5966ad1968cacb595ee410e50b0df0b9160,2026-08-18 08:07:04,2026-06-14 00:34:58,2026-06-13-HTX-CAR,flyers,havoc,32,11,2026-06-13 19:00:00
mturner,-25.67,61.72,bgfroerer,-25.67,61.72,1,1,0,"nfurrh,xfuzat,treinhard,jthachet,bgfroerer,mturner,skelly",False,2026-06-13-HTX-CAR,20,8,3,5,405.0,1,2,True,True,369,away,250,1781397013.0,20,False,"nlyle,ostout,bmorrison,cbelus,jsingleto,smadiraju,smadiraju1",251,526,2984f49c3127e64b43e0aa3c555acce349049d353ffdbb69521601151e7fc453,1781397013.0,False,369,404.0,0.0,0.0,0.0,-90.0,3f9497e4ea13b96c6b126da94ba74de2eec3b26dba3f7fee6fb1fa54e018fe77,0.5,1.0,0.691772368003425,0.722641880201775,0.722641880201775,0.71281023279587,1124.0,12.0,1.0,-0.71281023279587,-0.71281023279587,526.0,1858dfd5327010b305d3448d5a60d7fed8b52d6d,2026-08-18 08:07:04,2026-06-14 00:34:58,2026-06-13-HTX-CAR,flyers,havoc,32,11,2026-06-13 19:00:00
jsingleto,17.8,19.99,bmorrison,-2.05,21.0,0,0,0,"nlyle,ostout,bmorrison,cbelus,jsingleto,smadiraju,smadiraju1",True,2026-06-13-HTX-CAR,20,8,3,5,403.0,2,1,False,False,370,home,274,1781397011.0,18,False,"nfurrh,xfuzat,treinhard,jthachet,bgfroerer,mturner,skelly",275,525,1f3fca1d289d2863ef555cadc885f61d7d2ff123445c2bcec1ce36182d020cc4,1781397011.0,False,370,403.0,19.8756786047672,-19.85,1.01,87.0872103170644,0fb20f1b9e0439634d84006e4917cb89abf6c1c05ee1a94c377e1f52ca70d171,0.974825692302902,0.0251743076970984,0.6212169388747,0.6212169388747,0.643982025610864,0.929897646743491,1123.0,12.0,1.0,0.0227650867361641,0.0601005933806356,525.0,20983058956ec998efbb862c3294ae892729ad41,2026-08-18 08:07:04,2026-06-14 00:34:58,2026-06-13-HTX-CAR,flyers,havoc,32,11,2026-06-13 19:00:00
bmorrison,-2.05,21.0,cbelus,-12.28,33.2,0,0,0,"nlyle,ostout,bmorrison,cbelus,jsingleto,smadiraju,smadiraju1",True,2026-06-13-HTX-CAR,20,8,3,5,403.0,2,2,False,False,371,home,275,1781397015.0,18,False,"nfurrh,xfuzat,treinhard,jthachet,bgfroerer,mturner,skelly",276,527,a46af47a44d489c803e1c02fb89ad9ca088875cad8df25a4488a94b7ba4b1a7f,1781397015.0,False,371,398.684210526316,15.9214603601554,-10.23,12.2,39.9806601830713,9e4263f489be3e54ff14c1cc77ab81e4cda596a4e8d0765183ff8296f5b68ed4,0.976574048680141,0.0234259513198587,0.6212169388747,0.643832773721289,0.673342198739882,0.88544679452961,1118.68421052632,12.0,1.0,0.0295094250185934,0.0779058729049973,527.0,98f35bfcce79d504056ca32231f58720efe64366,2026-08-18 08:07:04,2026-06-14 00:34:58,2026-06-13-HTX-CAR,flyers,havoc,32,11,2026-06-13 19:00:00
cbelus,-12.28,33.2,ostout,-18.15,52.15,0,0,0,"nlyle,ostout,bmorrison,cbelus,jsingleto,smadiraju,smadiraju1",True,2026-06-13-HTX-CAR,20,8,3,5,403.0,2,3,False,False,372,home,276,1781397018.0,18,False,"nfurrh,xfuzat,treinhard,jthachet,bgfroerer,mturner,skelly",277,528,e6276c26962739838f91fa90f5360bef731f5d5f4270284885230fd83ce97165,1781397018.0,False,372,394.368421052632,19.8383315830742,-5.87,18.95,17.2110223862246,c8ad0084f602cafa29af5b3ef90ca79f9c00798e5f1b9ae40d0819af43329831,0.961685350320908,0.0383146496790925,0.6212169388747,0.673198772900353,0.728456090037125,0.794426457273861,1114.36842105263,12.0,1.0,0.0552573171367717,0.145881172649621,528.0,1f594deaa508703727b20eb7b53b8fb69df8ca24,2026-08-18 08:07:04,2026-06-14 00:34:58,2026-06-13-HTX-CAR,flyers,havoc,32,11,2026-06-13 19:00:00
ostout,-18.15,52.15,cbelus,-21.01,48.2,0,0,0,"nlyle,ostout,bmorrison,cbelus,jsingleto,smadiraju,smadiraju1",True,2026-06-13-HTX-CAR,20,8,3,5,403.0,2,4,False,False,373,home,277,1781397021.0,18,False,"nfurrh,xfuzat,treinhard,jthachet,bgfroerer,mturner,skelly",278,529,2f9c8f85d7614e266498ca19d16671fac4bf4de06960d760cbb658a871428628,1781397021.0,False,373,390.052631578947,4.87668945084675,-2.86,-3.95,144.093558278101,1d64907ee4fe28eebaaaedc85fae7ed04b9e895cd119f5f6fb2252afe8899f3b,0.992140184231225,0.00785981576877537,0.6212169388747,0.728328106750215,0.699740766458288,0.802869115590686,1110.05263157895,12.0,1.0,-0.0285873402919271,-0.0754715382651986,529.0,bb0779961613016372bed58ffb1c67922f49345f,2026-08-18 08:07:04,2026-06-14 00:34:58,2026-06-13-HTX-CAR,flyers,havoc,32,11,2026-06-13 19:00:00
cbelus,-21.01,48.2,bmorrison,-12.96,40.36,0,0,0,"nlyle,ostout,bmorrison,cbelus,jsingleto,smadiraju,smadiraju1",True,2026-06-13-HTX-CAR,20,8,3,5,403.0,2,5,False,False,374,home,278,1781397023.0,18,False,"nfurrh,xfuzat,treinhard,jthachet,bgfroerer,mturner,skelly",279,530,3cac2d0e7a54d715d2fb54c0ce89b6d87036c31ae9220928d26e381f68a6c1cc,1781397023.0,False,374,385.736842105263,11.2369079376846,8.05,-7.84,-134.242831134941,f0a8c70102a726724dde3b297c068fe7360d38a5980c881da4ed6ff892e8e63a,0.984208179414872,0.0157918205851275,0.6212169388747,0.699607195387239,0.695394726110361,0.855581031931122,1105.73684210526,12.0,1.0,-0.00421246927687768,-0.0111210603355999,530.0,df641842b36714550bc2ed57b3fd668cae3c0ac4,2026-08-18 08:07:04,2026-06-14 00:34:58,2026-06-13-HTX-CAR,flyers,havoc,32,11,2026-06-13 19:00:00
bmorrison,-12.96,40.36,ostout,7.22,45.54,0,0,0,"nlyle,ostout,bmorrison,cbelus,jsingleto,smadiraju,smadiraju1",True,2026-06-13-HTX-CAR,20,8,3,5,403.0,2,6,False,False,375,home,279,1781397025.0,18,False,"nfurrh,xfuzat,treinhard,jthachet,bgfroerer,mturner,skelly",280,531,9327011bac3652da43797cea80dea3538d996a1f4120fd834a4025d8d2906e00,1781397025.0,False,375,381.421052631579,20.8342218477197,20.18,5.18,-75.6035782621987,1dd4da536c496e19a24b699bcecfae7e2a390d74f86bfcbaf3e011171f082076,0.961747492663324,0.0382525073366756,0.6212169388747,0.695263754180138,0.717779734212189,0.836679198544528,1101.42105263158,12.0,1.0,0.0225159800320512,0.0594429433173704,531.0,243fb2748e204e54104e07df9c09ae4978db28e2,2026-08-18 08:07:04,2026-06-14 00:34:58,2026-06-13-HTX-CAR,flyers,havoc,32,11,2026-06-13 19:00:00
ostout,7.22,45.54,jsingleto,23.18,55.63,0,0,0,"nlyle,ostout,bmorrison,cbelus,jsingleto,smadiraju,smadiraju1",True,2026-06-13-HTX-CAR,20,8,3,5,403.0,2,7,False,False,376,home,280,1781397029.0,18,False,"nfurrh,xfuzat,treinhard,jthachet,bgfroerer,mturner,skelly",281,532,e1f2ef82c0b1534ff8bd0974d5a05c918e4caf890ba5075829e6111eaf9e6d00,1781397029.0,False,376,377.105263157895,18.881994068424,15.96,10.09,-57.6987000543422,b956b66748d0178f895567b876b28b1c8eb355826566698254f59b9d9f730579,0.962035435217528,0.037964564782472,0.6212169388747,0.717659257737472,0.716434305660234,0.7568908625411,1097.10526315789,12.0,1.0,-0.00122495207723783,-0.00323391461486875,532.0,fbeb2f0e397fc467513b80fc801d7461009dfbbb,2026-08-18 08:07:04,2026-06-14 00:34:58,2026-06-13-HTX-CAR,flyers,havoc,32,11,2026-06-13 19:00:00
jsingleto,23.18,55.63,nlyle,4.02,61.15,0,0,0,"nlyle,ostout,bmorrison,cbelus,jsingleto,smadiraju,smadiraju1",True,2026-06-13-HTX-CAR,20,8,3,5,403.0,2,8,False,False,377,home,281,1781397033.0,18,False,"nfurrh,xfuzat,treinhard,jthachet,bgfroerer,mturner,skelly",282,533,b19a75944cd00175a9bbdbb629ea12c5b6045a09fa49353c5bdd79cf0a944182,1781397033.0,False,377,372.789473684211,19.9393079117606,-19.16,5.52,73.9282978181168,a4ced700924b6099765f8e4b6c9ca01ca9fd94a6711da8c871b10eedd2e27903,0.949626555531677,0.0503734444683226,0.6212169388747,0.716319526610037,0.780084877854341,0.770439754538472,1092.78947368421,12.0,1.0,0.0637653512443043,0.168342668372942,533.0,b26a13051c2b831df512fea4c5c6d76f72c74139,2026-08-18 08:07:04,2026-06-14 00:34:58,2026-06-13-HTX-CAR,flyers,havoc,32,11,2026-06-13 19:00:00
nlyle,4.02,61.15,jsingleto,19.23,70.09,0,0,0,"nlyle,ostout,bmorrison,cbelus,jsingleto,smadiraju,smadiraju1",True,2026-06-13-HTX-CAR,20,8,3,5,403.0,2,9,False,False,378,home,282,1781397036.0,18,False,"nfurrh,xfuzat,treinhard,jthachet,bgfroerer,mturner,skelly",283,534,64869ecfe7885b6c0cf068b4270a05d3f6545471eb7603c66ae49a24e38c16f7,1781397036.0,False,378,368.473684210526,17.642780393124,15.21,8.94,-59.5542139484569,948e27dac15dfeb0e193780c1c325a221a70c4bbc6b94d7de02e2a725ca6f75c,0.972323993278983,0.0276760067210166,0.6212169388747,0.779994113285612,0.800755581085575,0.714690694094889,1088.47368421053,12.0,1.0,0.0207614677999639,0.0548109721123356,534.0,9fceaa70baff93d5ba413fb6343ef48548669c18,2026-08-18 08:07:04,2026-06-14 00:34:58,2026-06-13-HTX-CAR,flyers,havoc,32,11,2026-06-13 19:00:00
jsingleto,19.23,70.09,smadiraju1,15.89,77.65,0,0,0,"nlyle,ostout,bmorrison,cbelus,jsingleto,smadiraju,smadiraju1",True,2026-06-13-HTX-CAR,20,8,3,5,403.0,2,10,False,False,379,home,283,1781397038.0,18,False,"nfurrh,xfuzat,treinhard,jthachet,bgfroerer,mturner,skelly",284,535,3878db67ece9cd20e9e3e16673bfab59722bde29f6e58082178d784945698eb5,1781397038.0,False,379,364.157894736842,8.26493799129794,-3.34,7.56,23.8357908971542,39ac47686e524e7920e4c15de30cc64547a9840680a116d1d479a8059dc6d965,0.979243069673877,0.0207569303261235,0.6212169388747,0.800677882885619,0.8428497046156,0.696376520359031,1084.15789473684,12.0,1.0,0.0421718217299806,0.111335025396055,535.0,68fdef21758ac89372445f27b50441c1d65bfbd9,2026-08-18 08:07:04,2026-06-14 00:34:58,2026-06-13-HTX-CAR,flyers,havoc,32,11,2026-06-13 19:00:00
smadiraju1,15.89,77.65,bmorrison,3.13,74.52,0,0,0,"nlyle,ostout,bmorrison,cbelus,jsingleto,smadiraju,smadiraju1",True,2026-06-13-HTX-CAR,20,8,3,5,403.0,2,11,False,False,380,home,284,1781397039.0,18,False,"nfurrh,xfuzat,treinhard,jthachet,bgfroerer,mturner,skelly",285,536,b620fc00ea702426bcbc557b79ca269c8c8315451a97dcd7f6f16434e0af42cb,1781397039.0,False,380,359.842105263158,13.1382837539764,-12.76,-3.13000000000001,103.782396373407,e324a8222a827534a995bfab54b93424e9b557ae93f15d32260c8135a08cfb66,0.972478679509349,0.0275213204906515,0.6212169388747,0.842791589369138,0.837084044059219,0.717798875861512,1079.84210526316,12.0,1.0,-0.00570754530991913,-0.0150681112639065,536.0,74a8bce9cf3ed372eccf7d587db5f441afd65bd6,2026-08-18 08:07:04,2026-06-14 00:34:58,2026-06-13-HTX-CAR,flyers,havoc,32,11,2026-06-13 19:00:00
bmorrison,3.13,74.52,cbelus,4.09,63.54,0,0,0,"nlyle,ostout,bmorrison,cbelus,jsingleto,smadiraju,smadiraju1",True,2026-06-13-HTX-CAR,20,8,3,5,403.0,2,12,False,False,381,home,285,1781397044.0,18,False,"nfurrh,xfuzat,treinhard,jthachet,bgfroerer,mturner,skelly",286,537,4572f461a5440519678fb543a1b5eaaaffe5c0a231978f148ab1b090f9af1906,1781397044.0,False,381,355.526315789474,11.0218873157005,0.96,-10.98,-175.003239335429,c59e27b4ffc3eb511d6e7271796efda32187ac7dca9d98f08fc8c041288f2e30,0.984832607902091,0.0151673920979092,0.6212169388747,0.837031217400371,0.789879075371295,0.760253765080925,1075.52631578947,12.0,1.0,-0.0471521420290766,-0.124483238212912,537.0,6d0864391bf4c64f725024b508abd79c21d4b30a,2026-08-18 08:07:04,2026-06-14 00:34:58,2026-06-13-HTX-CAR,flyers,havoc,32,11,2026-06-13 19:00:00
cbelus,4.09,63.54,bmorrison,-10.71,66.4,0,0,0,"nlyle,ostout,bmorrison,cbelus,jsingleto,smadiraju,smadiraju1",True,2026-06-13-HTX-CAR,20,8,3,5,403.0,2,13,False,False,382,home,286,1781397048.0,18,False,"nfurrh,xfuzat,treinhard,jthachet,bgfroerer,mturner,skelly",287,538,8a2eeb805ce527acb0a357f1d990a42b8fc2ca71a9bcee7c861a0bb7fba65c78,1781397048.0,False,382,351.210526315789,15.0738050936053,-14.8,2.86000000000001,79.0627904722006,dcad8485b91b4057d35efdcd635089e254e922f73d6fad117d21987bdbff30ce,0.972735908209665,0.0272640917903346,0.6212169388747,0.789822559886465,0.800185252397348,0.746076984233919,1071.21052631579,12.0,1.0,0.0103626925108833,0.0273578561831606,538.0,58cffa68ca7591bb40341bf05f52f03ec4bdb789,2026-08-18 08:07:04,2026-06-14 00:34:58,2026-06-13-HTX-CAR,flyers,havoc,32,11,2026-06-13 19:00:00
bmorrison,-10.71,66.4,jsingleto,-17.33,82.36,0,0,0,"nlyle,ostout,bmorrison,cbelus,jsingleto,smadiraju,smadiraju1",True,2026-06-13-HTX-CAR,20,8,3,5,403.0,2,14,False,False,383,home,287,1781397051.0,18,False,"nfurrh,xfuzat,treinhard,jthachet,bgfroerer,mturner,skelly",288,539,7c9d6b358f785805fd0737a28eaa948330f7c183b326a03fab673fa1f29f9a74,1781397051.0,False,383,346.894736842105,17.2784837297721,-6.62,15.96,22.5280366915901,f1c88a54ced2193f8682b45cf7dfacf13b1882aa898bfb1972a6e7c0bf2365a3,0.960118005699941,0.0398819943000593,0.6212169388747,0.800137376601021,0.861771714812787,0.673285554387149,1066.89473684211,12.0,1.0,0.0616343382117662,0.162716722412721,539.0,1c04692e41131893a8cdd79c58b5ffb658de87cb,2026-08-18 08:07:04,2026-06-14 00:34:58,2026-06-13-HTX-CAR,flyers,havoc,32,11,2026-06-13 19:00:00
jsingleto,-17.33,82.36,cbelus,-16.1,72.88,0,0,0,"nlyle,ostout,bmorrison,cbelus,jsingleto,smadiraju,smadiraju1",True,2026-06-13-HTX-CAR,20,8,3,5,403.0,2,15,False,False,384,home,288,1781397055.0,18,False,"nfurrh,xfuzat,treinhard,jthachet,bgfroerer,mturner,skelly",289,540,d167d9e08daf900cf3485e2f98c2783a3375ee66637113095be02ab63a05c440,1781397055.0,False,384,342.578947368421,9.55946128189241,1.23,-9.48,-172.607352528606,f63e628aa036c366ee50a3c894bea0f4ed5c816e569b62ade0803440042f8a2d,0.981928013242761,0.0180719867572388,0.6212169388747,0.86174025404105,0.822465098216791,0.71131680001365,1062.57894736842,12.0,1.0,-0.0392751558242591,-0.103687730141837,540.0,425487c69ab111aa6b77681353365a6a4957660e,2026-08-18 08:07:04,2026-06-14 00:34:58,2026-06-13-HTX-CAR,flyers,havoc,32,11,2026-06-13 19:00:00
cbelus,-16.1,72.88,jsingleto,-6.35,76.15,0,0,0,"nlyle,ostout,bmorrison,cbelus,jsingleto,smadiraju,smadiraju1",True,2026-06-13-HTX-CAR,20,8,3,5,403.0,2,16,False,False,385,home,289,1781397058.0,18,False,"nfurrh,xfuzat,treinhard,jthachet,bgfroerer,mturner,skelly",290,541,e413ccc3a405262ab16839180cec4b5fb121b53a703f9d21cece1c882af70245,1781397058.0,False,385,338.263157894737,10.2837444542346,9.75,3.27000000000001,-71.4593395267093,2b4d92c66720f00a493acacee46017a0f5b83f1bb066b9fe60a626ff57515bcd,0.975135016163761,0.0248649838362387,0.6212169388747,0.82243085283016,0.843451288706109,0.711069007671729,1058.26315789474,12.0,1.0,0.0210204358759486,0.0554946565284637,541.0,4dc1cdb7a0910ed21cf25bf65435dc0ece41290f,2026-08-18 08:07:04,2026-06-14 00:34:58,2026-06-13-HTX-CAR,flyers,havoc,32,11,2026-06-13 19:00:00
jsingleto,-6.35,76.15,nlyle,-1.64,82.36,0,0,0,"nlyle,ostout,bmorrison,cbelus,jsingleto,smadiraju,smadiraju1",True,2026-06-13-HTX-CAR,20,8,3,5,403.0,2,17,False,False,386,home,290,1781397062.0,18,False,"nfurrh,xfuzat,treinhard,jthachet,bgfroerer,mturner,skelly",291,542,d2f38fddc82f54f9f9fcc3eb1802c0bdeb6edea5dbef89a4b8aa46ee82332f07,1781397062.0,False,386,333.947368421053,7.79411316315076,4.71,6.20999999999999,-37.1786478956251,94a1cafe7674a2295bbc9470fff1e4beab51ec079a7980dc9501e0bd9da90037,0.981043920357346,0.018956079642654,0.6212169388747,0.843423465636336,0.869598382032683,0.690374929339107,1053.94736842105,12.0,1.0,0.0261749163963467,0.069102658177442,542.0,aadd7b0444f750d807b9de0dcc76b1f1d3591681,2026-08-18 08:07:04,2026-06-14 00:34:58,2026-06-13-HTX-CAR,flyers,havoc,32,11,2026-06-13 19:00:00
nlyle,-1.64,82.36,ostout,7.7,84.27,0,0,0,"nlyle,ostout,bmorrison,cbelus,jsingleto,smadiraju,smadiraju1",True,2026-06-13-HTX-CAR,20,8,3,5,403.0,2,18,False,False,387,home,291,1781397065.0,18,False,"nfurrh,xfuzat,treinhard,jthachet,bgfroerer,mturner,skelly",292,543,e3d579acb904b24fcfac5ea66554150f17d62e40d8582b5b2909651d75dce793,1781397065.0,False,387,329.631578947368,9.53329428896433,9.34,1.91,-78.4425456406519,78e43ea2673b15a0e8d508ecaa089b05edf1452c46b888ca173722385fb72121,0.978053878639372,0.021946121360628,0.6212169388747,0.869576535606639,0.876658508136532,0.683070036609525,1049.63157894737,12.0,1.0,0.00708197252989307,0.0186966452746164,543.0,80a1710c5057cf3740a701657183de148a64d2fc,2026-08-18 08:07:04,2026-06-14 00:34:58,2026-06-13-HTX-CAR,flyers,havoc,32,11,2026-06-13 19:00:00
ostout,7.7,84.27,bmorrison,15.34,107.72,0,0,0,"nlyle,ostout,bmorrison,cbelus,jsingleto,smadiraju,smadiraju1",True,2026-06-13-HTX-CAR,21,8,3,5,403.0,2,19,False,False,388,home,292,1781397073.0,19,False,"nfurrh,xfuzat,treinhard,jthachet,bgfroerer,mturner,skelly",293,545,cec503584b84e5def5c6b5e55a4a588256ca05d8f7ea4feb57d6a9fd2ef220a7,1781397073.0,False,388,325.315789473684,24.6631729507783,7.64,23.45,-18.0455874216182,5bdb278a0123aa5dbb4f7f1bc6248fa4db7fdef20c6e51224bbd81ac5ce65cbc,0.904150351111982,0.0958496488880183,0.6212169388747,0.876639007381407,1.0,0.629512883535069,1045.31578947368,12.0,1.0,0.123360992618593,0.325677162680159,545.0,463a7ee61754af90dbb6ae9aa4a41b64a23779f0,2026-08-18 08:07:04,2026-06-14 00:34:58,2026-06-13-HTX-CAR,flyers,havoc,32,11,2026-06-13 19:00:00
cughetta,-11.59,9.81,,-11.59,9.81,1,0,0,"bthibodea,cughetta,mbaldauf,jjoshi,blin,cdixon,ifuzat",False,2026-06-13-HTX-CAR,21,8,3,6,321.0,1,1,True,True,389,away,253,1781397144.0,22,False,"mtucker,mlee1,elong,wcoffin,smadiraju1,zthoreson,smadiraju",254,550,ca0b66c53474d0d4ad10d587e6538166ea3cee5d7f5d6a0b0554e14d5ea19bd3,1781397144.0,False,389,321.0,0.0,0.0,0.0,-90.0,f1854dae55106278ed4daada3bfa75b192ee57e53b639936e5d268705789cf6f,0.5,-0.5,0.612517032012015,0.612517032012015,0.612517032012015,0.931144587238373,1041.0,13.0,1.0,-0.931144587238373,-0.931144587238373,550.0,51bfcf074bfd1cd8dd4300c332e540be568ba964,2026-08-18 08:07:04,2026-06-14 00:34:58,2026-06-13-HTX-CAR,flyers,havoc,32,11,2026-06-13 19:00:00
wcoffin,22.36,70.29,smadiraju1,12.41,65.93,0,0,0,"mtucker,mlee1,elong,wcoffin,smadiraju1,zthoreson,smadiraju",True,2026-06-13-HTX-CAR,21,8,3,6,320.0,2,1,False,False,390,home,296,1781397147.0,18,False,"bthibodea,cughetta,mbaldauf,jjoshi,blin,cdixon,ifuzat",297,551,e265ff271f198006e2ec31851da72fbad3f4004351670e1b913218767f8e0634,1781397147.0,False,390,320.0,10.8633374245671,-9.95,-4.36,113.662597923785,d43e16ac9b399660e16886f253cdaa1e8eabb8f120babbde28bdeb250dc2a6cb,0.977006959144911,0.0229930408550895,0.7889509686539,0.7889509686539,0.796000157712386,0.746515736459258,1040.0,13.0,1.0,0.00704918905848584,0.0334007174234591,551.0,d7eac7aac2ad4586e3eca7e1322c61be9aaecb7b,2026-08-18 08:07:04,2026-06-14 00:34:58,2026-06-13-HTX-CAR,flyers,havoc,32,11,2026-06-13 19:00:00
smadiraju1,12.41,65.93,elong,-0.62,69.61,0,0,0,"mtucker,mlee1,elong,wcoffin,smadiraju1,zthoreson,smadiraju",True,2026-06-13-HTX-CAR,21,8,3,6,320.0,2,2,False,False,391,home,297,1781397149.0,18,False,"bthibodea,cughetta,mbaldauf,jjoshi,blin,cdixon,ifuzat",298,552,19f48becf1c70969f33f5ef5206c83e1dbf042a0d6e6c12fa5bc8709f772162d,1781397149.0,False,391,314.25,13.5396934972694,-13.03,3.67999999999999,74.2289845472965,29281f4e09c39d228ea4f2e06c660a06803cb939b19b9b79067ae88e3561f65a,0.973218906297207,0.0267810937027935,0.7889509686539,0.795962411252397,0.815761891754152,0.735952120109713,1034.25,13.0,1.0,0.0197994805017556,0.0938146002162238,552.0,5f1c9e15ead4c53af8d76bf9db709419fbe21c60,2026-08-18 08:07:04,2026-06-14 00:34:58,2026-06-13-HTX-CAR,flyers,havoc,32,11,2026-06-13 19:00:00
elong,-0.62,69.61,smadiraju,-4.71,75.0,0,0,0,"mtucker,mlee1,elong,wcoffin,smadiraju1,zthoreson,smadiraju",True,2026-06-13-HTX-CAR,21,8,3,6,320.0,2,3,False,False,392,home,298,1781397152.0,18,False,"bthibodea,cughetta,mbaldauf,jjoshi,blin,cdixon,ifuzat",299,553,e9029063b0538fd0a71af6f3817bd66f53f2c20b8fb94970a05be8d8ab07f09b,1781397152.0,False,392,308.5,6.76610670917922,-4.09,5.39,37.1916855160326,1080d40decaae780f250d18bb70d6c83d9ac0eef926904c381e80a0e4d99c318,0.984694892972054,0.015305107027946,0.7889509686539,0.81572476612397,0.838583899306202,0.715302070099877,1028.5,13.0,1.0,0.0228591331822317,0.108311954982371,553.0,dfafd5e760cd3ced869cea6ff1e491148ffc4613,2026-08-18 08:07:04,2026-06-14 00:34:58,2026-06-13-HTX-CAR,flyers,havoc,32,11,2026-06-13 19:00:00
smadiraju,-4.71,75.0,elong,-11.12,75.75,0,0,0,"mtucker,mlee1,elong,wcoffin,smadiraju1,zthoreson,smadiraju",True,2026-06-13-HTX-CAR,21,8,3,6,320.0,2,4,False,False,393,home,299,1781397155.0,18,False,"bthibodea,cughetta,mbaldauf,jjoshi,blin,cdixon,ifuzat",300,554,a3056990286c6aaaf4ef528df1423c8733e50534aa141eb95a7913b1c31957cd,1781397155.0,False,393,302.75,6.45372760503571,-6.41,0.75,83.3264690130915,298680c4037411bc218fbfd7d9790e6baebf4d9735d859ba62f023d6d7f53ffd,0.984809661686517,0.0151903383134828,0.7889509686539,0.838546648095075,0.840034685680873,0.709394525046981,1022.75,13.0,1.0,0.00148803758579774,0.00705067242577155,554.0,0b9a4f195d0335ac23d4db94f22e5eaf982afd95,2026-08-18 08:07:04,2026-06-14 00:34:58,2026-06-13-HTX-CAR,flyers,havoc,32,11,2026-06-13 19:00:00
elong,-11.12,75.75,smadiraju,0.0,73.9,0,0,0,"mtucker,mlee1,elong,wcoffin,smadiraju1,zthoreson,smadiraju",True,2026-06-13-HTX-CAR,21,8,3,6,320.0,2,5,False,False,394,home,300,1781397157.0,18,False,"bthibodea,cughetta,mbaldauf,jjoshi,blin,cdixon,ifuzat",301,555,fd34f1703cfa5e1feda03a1e766f394f8fd932150cc93ec5f11d154f8e9b3c8a,1781397157.0,False,394,297.0,11.2728390390354,11.12,-1.84999999999999,-99.4456105913162,8f45a551afd7fc107775b0cb18629a8b605e8d1fb58a274a19d8eb15f6fa2fcb,0.978112203538764,0.0218877964612358,0.7889509686539,0.839992089656393,0.834072109613684,0.719573971704184,1017.0,13.0,1.0,-0.00591998004270822,-0.0280502592452084,555.0,7556a46f2db2c36c592b7871366ffc2bbcbf5785,2026-08-18 08:07:04,2026-06-14 00:34:58,2026-06-13-HTX-CAR,flyers,havoc,32,11,2026-06-13 19:00:00
smadiraju,0.0,73.9,mlee1,-19.92,82.43,0,0,0,"mtucker,mlee1,elong,wcoffin,smadiraju1,zthoreson,smadiraju",True,2026-06-13-HTX-CAR,21,8,3,6,320.0,2,6,False,False,395,home,301,1781397161.0,18,False,"bthibodea,cughetta,mbaldauf,jjoshi,blin,cdixon,ifuzat",302,556,6dda62e43c42ffccacdeb4a609c3cd7d5e3fe5074cfa568ef46730b26cbdd2dd,1781397161.0,False,395,291.25,21.6695016094049,-19.92,8.53,66.8187686870305,933a812da85b348425908528dfe4bb10b626ec892c6b4b9a7061ae5224ec7586,0.958385903311792,0.0416140966882077,0.7889509686539,0.834020571768325,0.856025318142304,0.661539041958752,1011.25,13.0,1.0,0.0220047463739785,0.104263669127639,556.0,e4468382dadf505b0c6d2578c2a559be0739f1fb,2026-08-18 08:07:04,2026-06-14 00:34:58,2026-06-13-HTX-CAR,flyers,havoc,32,11,2026-06-13 19:00:00
mlee1,-19.92,82.43,smadiraju1,-5.12,78.4,0,0,0,"mtucker,mlee1,elong,wcoffin,smadiraju1,zthoreson,smadiraju",True,2026-06-13-HTX-CAR,21,8,3,6,320.0,2,7,False,False,396,home,302,1781397164.0,18,False,"bthibodea,cughetta,mbaldauf,jjoshi,blin,cdixon,ifuzat",303,557,a3e91133bedfafac8a451d20854771ce8a4d8042be9d4e0f6b4a11ab0753c26f,1781397164.0,False,396,285.5,15.3388689283141,14.8,-4.03,-105.23218597762,b485d8501ac5c64388d8f40ee9a0eadf03fef060a87c0d0e9040191e71cdb659,0.960928525220644,0.0390714747793559,0.7889509686539,0.855970915045065,0.852741388328822,0.702831826378179,1005.5,13.0,1.0,-0.00322952671624255,-0.0153022579428306,557.0,606ba1961381a7e24c61805c3da87913205ac36b,2026-08-18 08:07:04,2026-06-14 00:34:58,2026-06-13-HTX-CAR,flyers,havoc,32,11,2026-06-13 19:00:00
smadiraju1,-5.12,78.4,smadiraju,17.39,103.22,0,0,0,"mtucker,mlee1,elong,wcoffin,smadiraju1,zthoreson,smadiraju",True,2026-06-13-HTX-CAR,22,8,3,6,320.0,2,8,False,False,397,home,303,1781397173.0,19,False,"bthibodea,cughetta,mbaldauf,jjoshi,blin,cdixon,ifuzat",304,559,86c1d46b2165a3e9ea6682cbb7a1636c401a8af6345f2a824cd3f29d39f83253,1781397173.0,False,397,279.75,33.5072007186515,22.51,24.82,-42.2058248486532,8eb75c7f41233e7e69b216cbf016c294e67e83554a522e20cb96a6859c9e7e57,0.867920661190667,0.132079338809333,0.7889509686539,0.852675580652526,1.0,0.623058443271136,999.75,13.0,1.0,0.147324419347474,0.698057784998198,559.0,6bb84d809ff2f3edf29f305e8d9a99b31d59fe13,2026-08-18 08:07:04,2026-06-14 00:34:58,2026-06-13-HTX-CAR,flyers,havoc,32,11,2026-06-13 19:00:00
awang,-4.87,12.63,jthachet,-4.68,22.18,0,0,0,"xfuzat,treinhard,jthachet,bgfroerer,awang,mturner,skelly",False,2026-06-13-HTX-CAR,22,8,3,7,274.0,1,1,True,True,398,away,256,1781397232.0,18,False,"smadiraju1,bmorrison,nlyle,cbelus,jsingleto,jreinhard,ostout",257,563,e54c3a6604e45e7f98b6ce63e53a9f08f0b11cb218b8430aac48e8d4f265b1c7,1781397232.0,False,398,274.0,9.55188986536172,0.19,9.55,-1.13976566644199,8b8d70bd2e8a0cadbfeb336913f9f7355fcb12221da5416ed3b0527b2f905436,0.988687174799194,0.0113128252008063,0.6213570148842,0.6213570148842,0.644072373698276,0.925410747907087,994.0,14.0,1.0,0.0227153588140756,0.0599914951735567,563.0,bd883261543b80f53c63924f5d52a06789e0a355,2026-08-18 08:07:04,2026-06-14 00:34:58,2026-06-13-HTX-CAR,flyers,havoc,32,11,2026-06-13 19:00:00
jthachet,-4.68,22.18,mturner,-16.4,28.72,0,0,0,"xfuzat,treinhard,jthachet,bgfroerer,awang,mturner,skelly",False,2026-06-13-HTX-CAR,22,8,3,7,274.0,1,2,True,True,399,away,257,1781397234.0,18,False,"smadiraju1,bmorrison,nlyle,cbelus,jsingleto,jreinhard,ostout",258,564,f2123c7a0f71d1e57ddd6b58bb3f5955d92cf718e53bb71d1762e689c7e6cdf8,1781397234.0,False,399,273.4,13.4212518045077,-11.72,6.54,60.837588077121,342594ed16905157501197bf680f8bbfcca6412d4b2eeb9f7c5cd001447e4d0b,0.985860476351675,0.0141395236483248,0.6213570148842,0.644056141170555,0.649563774382484,0.897600125988138,993.4,14.0,1.0,0.00550763321192915,0.0145457156963961,564.0,90c9c7dd7762d527458b28aca1acda8538644422,2026-08-18 08:07:04,2026-06-14 00:34:58,2026-06-13-HTX-CAR,flyers,havoc,32,11,2026-06-13 19:00:00
mturner,-16.4,28.72,skelly,-21.49,40.0,0,0,0,"xfuzat,treinhard,jthachet,bgfroerer,awang,mturner,skelly",False,2026-06-13-HTX-CAR,22,8,3,7,274.0,1,3,True,True,400,away,258,1781397236.0,18,False,"smadiraju1,bmorrison,nlyle,cbelus,jsingleto,jreinhard,ostout",259,565,45fefd32c03b503e0d35c139a4e7ab621e4d3577fdfe938ea6e229cb8d1ebee7,1781397236.0,False,400,272.8,12.3752373714608,-5.09,11.28,24.2868544612142,89f83232151f2ec6ef19d1e7004cb3e3c47f845acd628d522f52c5fff27a635a,0.98206751199032,0.0179324880096797,0.6213570148842,0.649547380283597,0.663525258887198,0.838265073989143,992.8,14.0,1.0,0.0139778786036011,0.0369157204888565,565.0,408a8880efa2a843887007a43e4ecc0a2dbc0ce1,2026-08-18 08:07:04,2026-06-14 00:34:58,2026-06-13-HTX-CAR,flyers,havoc,32,11,2026-06-13 19:00:00
skelly,-21.49,40.0,treinhard,-5.87,39.36,0,0,0,"xfuzat,treinhard,jthachet,bgfroerer,awang,mturner,skelly",False,2026-06-13-HTX-CAR,22,8,3,7,274.0,1,4,True,True,401,away,259,1781397243.0,18,False,"smadiraju1,bmorrison,nlyle,cbelus,jsingleto,jreinhard,ostout",260,566,e69abdb959f857bd39fc823a5c627b6f7c0e9d55a10f7d1a18a5efbf180d2fd8,1781397243.0,False,401,272.2,15.6331058974217,15.62,-0.640000000000001,-92.3462739720884,1f26bd83a6d1ab8461c4541083bb76a9124059dd9725dcccaedf4db0aa953956,0.974234200414527,0.0257657995854726,0.6213570148842,0.663508905686976,0.694702304348135,0.861819648351745,992.2,14.0,1.0,0.0311933986611597,0.0823820852025553,566.0,8bcab9cdd7c0fb84262bdba22549843249967e0d,2026-08-18 08:07:04,2026-06-14 00:34:58,2026-06-13-HTX-CAR,flyers,havoc,32,11,2026-06-13 19:00:00
treinhard,-5.87,39.36,,-5.87,39.36,1,0,0,"xfuzat,treinhard,jthachet,bgfroerer,awang,mturner,skelly",False,2026-06-13-HTX-CAR,22,8,3,7,274.0,1,5,True,True,402,away,260,1781397251.0,22,False,"smadiraju1,bmorrison,nlyle,cbelus,jsingleto,jreinhard,ostout",261,568,b8a0157d28cb0f487bb550de04d1a4ff7a742db0db1cd936a55a8abcc398226a,1781397251.0,False,402,271.6,0.0,0.0,0.0,-90.0,7dfce597c56c474ccbfc7edaf00c8e7001d16ad8bd66eb0fc959d77deea5f84e,0.5,-0.5,0.6213570148842,0.694686505695633,0.694686505695633,0.861810777488745,991.6,14.0,1.0,-0.861810777488745,-0.861810777488745,568.0,091a9ee172ec2c62322de730823c5d4cf3671e38,2026-08-18 08:07:04,2026-06-14 00:34:58,2026-06-13-HTX-CAR,flyers,havoc,32,11,2026-06-13 19:00:00
ostout,-2.94,22.15,nlyle,17.86,28.36,0,0,0,"smadiraju1,bmorrison,nlyle,cbelus,jsingleto,jreinhard,ostout",True,2026-06-13-HTX-CAR,22,8,3,7,271.0,2,1,False,False,403,home,307,1781397260.0,18,False,"xfuzat,treinhard,jthachet,bgfroerer,awang,mturner,skelly",308,569,8f3cf65675df06db1e9788f61ae8fa01d69e94d577b7a70a9299ee08ab7b2968,1781397260.0,False,403,271.0,21.7072361207041,20.8,6.21,-73.376600640092,cdfa75d6dc42ed76d0439354bae6fb0d9c4e8eead99ef0cb074ac7ed3dfd1b7b,0.976313892722861,0.0236861072771386,0.640690832030946,0.644163262097892,0.64102181673478,0.897959894171931,991.0,14.0,1.0,-0.00314144536311234,-0.00874301477156548,569.0,6c181892a7425dbb031db0e0097bd33ffdb5a235,2026-08-18 08:07:04,2026-06-14 00:34:58,2026-06-13-HTX-CAR,flyers,havoc,32,11,2026-06-13 19:00:00
nlyle,17.86,28.36,jsingleto,17.32,43.77,0,0,0,"smadiraju1,bmorrison,nlyle,cbelus,jsingleto,jreinhard,ostout",True,2026-06-13-HTX-CAR,22,8,3,7,271.0,2,2,False,False,404,home,308,1781397262.0,18,False,"xfuzat,treinhard,jthachet,bgfroerer,awang,mturner,skelly",309,570,2b3a1f50d04db6046e2d13b5231dfbc5ba2c9adce29f09d31cbf8c636d47fcf8,1781397262.0,False,404,261.142857142857,15.4194584859521,-0.539999999999999,15.41,2.00694783066973,b833358f738130a0a5d0a3faf4f75fb4b2507dc5c5a816c4f4091c8d33589123,0.973149152615261,0.026850847384739,0.640690832030946,0.640690832030946,0.69370675255979,0.834281461778877,981.142857142857,14.0,1.0,0.053015920528844,0.147549590311066,570.0,41e8da4995b6c001c078ab600c9bdb850f2269b8,2026-08-18 08:07:04,2026-06-14 00:34:58,2026-06-13-HTX-CAR,flyers,havoc,32,11,2026-06-13 19:00:00
jsingleto,17.32,43.77,cbelus,18.89,59.11,0,0,0,"smadiraju1,bmorrison,nlyle,cbelus,jsingleto,jreinhard,ostout",True,2026-06-13-HTX-CAR,22,8,3,7,271.0,2,3,False,False,405,home,309,1781397266.0,18,False,"xfuzat,treinhard,jthachet,bgfroerer,awang,mturner,skelly",310,571,71e481ebd8a4b91f17e338351e875cc1edaafbd0029a049c6cc1332da9f7212b,1781397266.0,False,405,251.285714285714,15.4201329436552,1.57,15.34,-5.84369272788125,dd8f2ebc42ea623a0a7f986defa080f5214491d275cfaa1b8801d3b91bc8c68b,0.971399938571976,0.0286000614280243,0.640690832030946,0.693313472868172,0.750346855218214,0.760698585516391,971.285714285714,14.0,1.0,0.0570333823500417,0.158730662711489,571.0,3a079a76afdc303aa42c07c0a06c928534d02d14,2026-08-18 08:07:04,2026-06-14 00:34:58,2026-06-13-HTX-CAR,flyers,havoc,32,11,2026-06-13 19:00:00
cbelus,18.89,59.11,jreinhard,18.27,74.45,0,0,0,"smadiraju1,bmorrison,nlyle,cbelus,jsingleto,jreinhard,ostout",True,2026-06-13-HTX-CAR,22,8,3,7,271.0,2,4,False,False,406,home,310,1781397269.0,18,False,"xfuzat,treinhard,jthachet,bgfroerer,awang,mturner,skelly",311,572,3f74217ff47b2d4db2b867ec145eb3c02b952f011f2a5108a7f49a5cac02abe5,1781397269.0,False,406,241.428571428571,15.3525242224202,-0.620000000000001,15.34,2.31447582466474,f1c14a028451f031e3b182fd98519923df032772f90f5fd0ac45e82b53c86a51,0.96582238109974,0.0341776189002596,0.640690832030946,0.749909939797917,0.821734199095503,0.698767370647304,961.428571428571,14.0,1.0,0.0718242592975862,0.199895426280278,572.0,695e8d9cae0c7155c4bcf9fccced390c88159d61,2026-08-18 08:07:04,2026-06-14 00:34:58,2026-06-13-HTX-CAR,flyers,havoc,32,11,2026-06-13 19:00:00
jreinhard,18.27,74.45,ostout,13.98,84.06,0,0,0,"smadiraju1,bmorrison,nlyle,cbelus,jsingleto,jreinhard,ostout",True,2026-06-13-HTX-CAR,22,8,3,7,271.0,2,5,False,False,407,home,311,1781397274.0,18,False,"xfuzat,treinhard,jthachet,bgfroerer,awang,mturner,skelly",312,573,5b2c8a50ac7ffb3ee9f571e49ebf363a01af9430200a7c7607fb870ede2cd974,1781397274.0,False,407,231.571428571429,10.5240771566917,-4.29,9.61,24.056461707654,be3f5061e51317b4cfb524ec797c69a230fdbdba6e9137b6376a43c6299427f4,0.97050928900459,0.0294907109954103,0.640690832030946,0.821311876571182,0.870940479290563,0.675238516038282,951.571428571429,14.0,1.0,0.0496286027193807,0.138122283380354,573.0,0764a08c6f5b7b23bb194763c2aa60455262f356,2026-08-18 08:07:04,2026-06-14 00:34:58,2026-06-13-HTX-CAR,flyers,havoc,32,11,2026-06-13 19:00:00
ostout,13.98,84.06,jreinhard,4.36,71.11,0,0,0,"smadiraju1,bmorrison,nlyle,cbelus,jsingleto,jreinhard,ostout",True,2026-06-13-HTX-CAR,22,8,3,7,271.0,2,6,False,False,408,home,312,1781397277.0,18,False,"xfuzat,treinhard,jthachet,bgfroerer,awang,mturner,skelly",313,574,65a80130c182ea3857fadb81fcb0f1b3524ff4f1ddb29d6ba7c8e77b10fce142,1781397277.0,False,408,221.714285714286,16.1321697238778,-9.62,-12.95,143.392925187393,00b38b97cec47e073c4c2c89ec3102def0620636c8f907a5b26b3ddfe5d2b540,0.970050854840518,0.0299491451594815,0.640690832030946,0.870546758777973,0.819773418444417,0.726864883446665,941.714285714286,14.0,1.0,-0.050773340333556,-0.141308223835605,574.0,41ea87ad0d678c6b2bb563ddaca35186a697d6ab,2026-08-18 08:07:04,2026-06-14 00:34:58,2026-06-13-HTX-CAR,flyers,havoc,32,11,2026-06-13 19:00:00
jreinhard,4.36,81.11,jsingleto,12.95,106.43,0,0,0,"smadiraju1,bmorrison,nlyle,cbelus,jsingleto,jreinhard,ostout",True,2026-06-13-HTX-CAR,23,8,3,7,271.0,2,7,False,False,409,home,314,1781397298.0,19,False,"xfuzat,treinhard,jthachet,bgfroerer,awang,mturner,skelly",315,576,fb7f6e5e5336242ee7270e1b5c8106e2a80fa5d37090f1c96eb196e93c7fe63a,1781397298.0,False,409,211.857142857143,26.7374363019344,8.59,25.32,-18.7398909557895,8519c8f4cbf245c3e2cc98ef37aad235348c0a12c71671c844e702cf2fa8186f,0.887084240715845,0.112915759284155,0.640690832030946,0.861986678482978,1.0,0.629507154328792,931.857142857143,14.0,1.0,0.138013321517022,0.384107431205063,576.0,c9483e3a5ab548b659a5559fba957389800d2047,2026-08-18 08:07:04,2026-06-14 00:40:01,2026-06-13-HTX-CAR,flyers,havoc,32,11,2026-06-13 19:00:00
cdixon,2.31,14.81,blin,2.86,18.0,0,0,0,"bthibodea,cughetta,mbaldauf,jjoshi,blin,cdixon,sheslep",False,2026-06-13-HTX-CAR,23,8,3,8,202.0,1,1,True,True,410,away,263,1781397366.0,18,False,"mlee1,mtucker,cbelus,smadiraju,zthoreson,wcoffin,elong",264,581,292a2393ec1356f846f614e711fd7c092c7c52e7022f9f0154649d5bf7faf77a,1781397366.0,False,410,202.0,3.23706657330368,0.55,3.19,-9.78240703180728,dc873cfcc1501973f801527bf964f14d2277cdafa0321887f26b4cfe4c51821e,0.994646844020153,0.00535315597984731,0.60065773921181,0.621587946981119,0.629016904103379,0.930775356312712,922.0,15.0,1.0,0.00742895712226044,0.0186029825834054,581.0,f79c4fb1a4473c6e3989f07d0d999920fe15f075,2026-08-18 08:07:04,2026-06-14 00:40:01,2026-06-13-HTX-CAR,flyers,havoc,32,11,2026-06-13 19:00:00
blin,2.86,18.0,sheslep,20.39,24.81,0,0,0,"bthibodea,cughetta,mbaldauf,jjoshi,blin,cdixon,sheslep",False,2026-06-13-HTX-CAR,23,8,3,8,202.0,1,2,True,True,411,away,264,1781397371.0,18,False,"mlee1,mtucker,cbelus,smadiraju,zthoreson,wcoffin,elong",265,582,69d0aa908dfbd27f767772f2ad9c033a9d7ebae56ed8931e959090c0a07c60a6,1781397371.0,False,411,201.5,18.8063021351886,17.53,6.81,-68.7700017779598,003dc90baf5443c71fc04bc143f4ae7b4a62c2c190cde96cb843e62b1f142282,0.982727050093979,0.0172729499060211,0.60065773921181,0.628953445452231,0.613999206230621,0.905011324597472,921.5,15.0,1.0,-0.0149542392216104,-0.0374471742412009,582.0,3c0cfb587a34799b41a3d9e43b97111c4a181b61,2026-08-18 08:07:04,2026-06-14 00:40:01,2026-06-13-HTX-CAR,flyers,havoc,32,11,2026-06-13 19:00:00
sheslep,20.39,24.81,jjoshi,25.48,33.27,0,0,0,"bthibodea,cughetta,mbaldauf,jjoshi,blin,cdixon,sheslep",False,2026-06-13-HTX-CAR,23,8,3,8,202.0,1,3,True,True,412,away,265,1781397374.0,18,False,"mlee1,mtucker,cbelus,smadiraju,zthoreson,wcoffin,elong",266,583,59b59d99aa16d6d3986a98060eb236038599e32e1ae05fc992d10ab8d7b576a1,1781397374.0,False,412,201.0,9.87318084509749,5.09,8.46,-31.0334230700167,6c1e3b33507ee1607b88a7f302f3682fa7eac54b168352454a72d91db406423c,0.961706329926223,0.0382936700737774,0.60065773921181,0.613934251012458,0.604581355785906,0.847545109152903,921.0,15.0,1.0,-0.00935289522655203,-0.0234207499303781,583.0,046c0b09bc07dcbe6fe83374c11779abed8823da,2026-08-18 08:07:04,2026-06-14 00:40:01,2026-06-13-HTX-CAR,flyers,havoc,32,11,2026-06-13 19:00:00
jjoshi,25.48,33.27,cughetta,15.67,23.36,0,0,0,"bthibodea,cughetta,mbaldauf,jjoshi,blin,cdixon,sheslep",False,2026-06-13-HTX-CAR,23,8,3,8,202.0,1,4,True,True,413,away,266,1781397379.0,18,False,"mlee1,mtucker,cbelus,smadiraju,zthoreson,wcoffin,elong",267,584,4867939b840734412e4496585746ef468f55b86e91108c5cd0d45e9030cb3e6d,1781397379.0,False,413,200.5,13.9443250105554,-9.81,-9.91,135.290544058827,ae5a39571dfe4638c245efb6953de0b5aca3ff2201fd3437725977e020798354,0.984445771940964,0.0155542280590355,0.60065773921181,0.60451532566364,0.629520117929486,0.916578102331094,920.5,15.0,1.0,0.0250047922658457,0.0626149414201575,584.0,aa63e9052094260e0818590b38101d43dadeba31,2026-08-18 08:07:04,2026-06-14 00:40:01,2026-06-13-HTX-CAR,flyers,havoc,32,11,2026-06-13 19:00:00
cughetta,15.67,23.36,cdixon,23.48,27.09,0,0,0,"bthibodea,cughetta,mbaldauf,jjoshi,blin,cdixon,sheslep",False,2026-06-13-HTX-CAR,23,8,3,8,202.0,1,5,True,True,414,away,267,1781397382.0,18,False,"mlee1,mtucker,cbelus,smadiraju,zthoreson,wcoffin,elong",268,585,9ae7d4faf45a74b271624e1125c3988bab1e3e890794a02be224a466e5d3c6c0,1781397382.0,False,414,200.0,8.654998555748,7.81,3.73,-64.4711935921741,acda9915fd312b664921a7e200bd359c274c96d0deaa8d621bf6c91d01af138f,0.986805976792037,0.0131940232079633,0.60065773921181,0.629455199392704,0.600725019541296,0.886603337920979,920.0,15.0,1.0,-0.0287301798514082,-0.0719437501923862,585.0,2852914d409a07d3471db6de2e7b1813ba527053,2026-08-18 08:07:04,2026-06-14 00:40:01,2026-06-13-HTX-CAR,flyers,havoc,32,11,2026-06-13 19:00:00
cdixon,23.48,27.09,,23.48,27.09,1,0,0,"bthibodea,cughetta,mbaldauf,jjoshi,blin,cdixon,sheslep",False,2026-06-13-HTX-CAR,23,8,3,8,202.0,1,6,True,True,415,away,268,1781397394.0,22,False,"mlee1,mtucker,cbelus,smadiraju,zthoreson,wcoffin,elong",269,587,d5649bd42fe464e3385f64f6f2880201c0463ff980b7a43d18af14d51df67207,1781397394.0,False,415,199.5,0.0,0.0,0.0,-90.0,ccbc5644c7d435a4f778b53308f83f80f844596e1921b4867f033b7c4d7e6119,0.5,-0.5,0.60065773921181,0.60065773921181,0.60065773921181,0.886575134307588,919.5,15.0,1.0,-0.886575134307588,-0.886575134307588,587.0,ff117268750e681049c9eb64073b003c1c7e3e86,2026-08-18 08:07:04,2026-06-14 00:40:01,2026-06-13-HTX-CAR,flyers,havoc,32,11,2026-06-13 19:00:00
elong,-24.63,26.65,zthoreson,-3.69,21.34,0,0,0,"mlee1,mtucker,cbelus,smadiraju,zthoreson,wcoffin,elong",True,2026-06-13-HTX-CAR,23,8,3,8,199.0,2,1,False,False,416,home,318,1781397402.0,18,False,"bthibodea,cughetta,mbaldauf,jjoshi,blin,cdixon,sheslep",319,588,df0094cd41d356fe0f45e8cf277d0fa6c55a8819fa0e98a0b9b760f227acff11,1781397402.0,False,416,199.0,21.6027706556358,20.94,-5.31,-104.229222797173,b9e5ceca35837ce4ed1c2c0d2657d34d4f6dc9a6a0d372a2c13b31df0b61b7ec,0.968634549925401,0.0313654500745987,0.586266797510229,0.586266797510229,0.636749880943538,0.926511871380992,919.0,15.0,1.0,0.0504830834333092,0.122018448433704,588.0,6a9b9b1a3d8cafdc1f0e129f9514df9ed63b2804,2026-08-18 08:07:04,2026-06-14 00:40:01,2026-06-13-HTX-CAR,flyers,havoc,32,11,2026-06-13 19:00:00
zthoreson,-3.69,21.34,wcoffin,-1.03,34.77,0,0,0,"mlee1,mtucker,cbelus,smadiraju,zthoreson,wcoffin,elong",True,2026-06-13-HTX-CAR,23,8,3,8,199.0,2,2,False,False,417,home,319,1781397406.0,18,False,"bthibodea,cughetta,mbaldauf,jjoshi,blin,cdixon,sheslep",320,589,29fdabfefd52c0824e271b3e9190849844bb9c00d1bf00e779ecb00adb310fbf,1781397406.0,False,417,190.777777777778,13.6908911324282,2.66,13.43,-11.2032365461179,9bd7c837f086dd341bb901ba70f733132b82dc181e0076f4e64116f8221c5220,0.980087891855499,0.0199121081445014,0.586266797510229,0.635600367134909,0.674223820523076,0.877693038597734,910.777777777778,15.0,1.0,0.0386234533881671,0.0933535262718538,589.0,1c37a07baf802e7d5bb81d34ef6cc4334f5fe8cb,2026-08-18 08:07:04,2026-06-14 00:40:01,2026-06-13-HTX-CAR,flyers,havoc,32,11,2026-06-13 19:00:00
wcoffin,-1.03,34.77,zthoreson,-15.83,33.34,0,0,0,"mlee1,mtucker,cbelus,smadiraju,zthoreson,wcoffin,elong",True,2026-06-13-HTX-CAR,23,8,3,8,199.0,2,3,False,False,418,home,320,1781397411.0,18,False,"bthibodea,cughetta,mbaldauf,jjoshi,blin,cdixon,sheslep",321,590,e06a513674ec19f2ccc8865ce371dd8d18b330715d6734e8fc3abe0942610b25,1781397411.0,False,418,182.555555555556,14.8689239691378,-14.8,-1.43,95.5188794063683,db2efcc25e89f06f33bd7759a8cc13239dbbfa0fa3763f8ef61716ef480d3d6b,0.985452239394238,0.0145477606057616,0.586266797510229,0.672993973302327,0.657470117550566,0.876682683176647,902.555555555556,15.0,1.0,-0.0155238557517615,-0.037521416358034,590.0,06fb44788165f47f1c1abad26f59fc3787fa0b01,2026-08-18 08:07:04,2026-06-14 00:40:01,2026-06-13-HTX-CAR,flyers,havoc,32,11,2026-06-13 19:00:00
zthoreson,-15.83,33.34,wcoffin,-7.37,35.72,0,0,0,"mlee1,mtucker,cbelus,smadiraju,zthoreson,wcoffin,elong",True,2026-06-13-HTX-CAR,23,8,3,8,199.0,2,4,False,False,419,home,321,1781397413.0,18,False,"bthibodea,cughetta,mbaldauf,jjoshi,blin,cdixon,sheslep",322,591,13dee102bdb7a13b3851cf7ba242f10a65af38d39046d8a6ea265a532390931e,1781397413.0,False,419,174.333333333333,8.78840144736231,8.46,2.38,-74.2874396831754,dbaf83583cd6bbe5b728428110b3f96fd229eb368310a38ca8ba7aebbbd0af64,0.986574157125869,0.0134258428741305,0.586266797510229,0.656050055504248,0.673670737981135,0.871993411066382,894.333333333333,15.0,1.0,0.0176206824768866,0.0425894812667888,591.0,52e5786d117e783aac7416384a4ebe9032279b4f,2026-08-18 08:07:04,2026-06-14 00:40:01,2026-06-13-HTX-CAR,flyers,havoc,32,11,2026-06-13 19:00:00
wcoffin,-7.37,35.72,zthoreson,9.61,41.52,0,0,0,"mlee1,mtucker,cbelus,smadiraju,zthoreson,wcoffin,elong",True,2026-06-13-HTX-CAR,23,8,3,8,199.0,2,5,False,False,420,home,322,1781397416.0,18,False,"bthibodea,cughetta,mbaldauf,jjoshi,blin,cdixon,sheslep",323,592,cc8861e3d6b2cef8db3b1b6a833e23602d390fd67c4e2631cdd4041b3629177a,1781397416.0,False,420,166.111111111111,17.9432550001386,16.98,5.8,-71.1409449398891,d987cf64f0344224573d6ef4c43eb1dec9094abb77c9a0b4efe42fdf420e6513,0.971937130925646,0.0280628690743542,0.586266797510229,0.672029654485217,0.690487578002283,0.845960863869185,886.111111111111,15.0,1.0,0.0184579235170662,0.0446131067218917,592.0,5c5fae71a568c90c2fd25e85cc342f4491a8c0d5,2026-08-18 08:07:04,2026-06-14 00:40:01,2026-06-13-HTX-CAR,flyers,havoc,32,11,2026-06-13 19:00:00
zthoreson,9.61,41.52,cbelus,2.79,53.45,0,0,0,"mlee1,mtucker,cbelus,smadiraju,zthoreson,wcoffin,elong",True,2026-06-13-HTX-CAR,23,8,3,8,199.0,2,6,False,False,421,home,323,1781397418.0,18,False,"bthibodea,cughetta,mbaldauf,jjoshi,blin,cdixon,sheslep",324,593,affce5b03cbe95f2b1e744206bc6e5664ba67c62374d633106ee9e45a422c30f,1781397418.0,False,421,157.888888888889,13.741808469048,-6.82,11.93,29.7552244287936,9aca7a6a1187a6b126a3f271f1e6f94782bae701a5577dd6f0a1592eefbc0afd,0.974612989196225,0.0253870108037749,0.586266797510229,0.688503083001474,0.736478640064643,0.792886751702267,877.888888888889,15.0,1.0,0.0479755570631685,0.115957715683586,593.0,f8e2bfbf3518cb14e6ad9d34bba937ecf059575b,2026-08-18 08:07:04,2026-06-14 00:40:01,2026-06-13-HTX-CAR,flyers,havoc,32,11,2026-06-13 19:00:00
cbelus,2.79,53.45,mtucker,12.82,60.81,0,0,0,"mlee1,mtucker,cbelus,smadiraju,zthoreson,wcoffin,elong",True,2026-06-13-HTX-CAR,23,8,3,8,199.0,2,7,False,False,422,home,324,1781397422.0,18,False,"bthibodea,cughetta,mbaldauf,jjoshi,blin,cdixon,sheslep",325,594,953d52543db7dcb2e588ee555d1b09fea6de1d44f5e34dc05ecfee9ab3d56e5a,1781397422.0,False,422,149.666666666667,12.4406792419064,10.03,7.36,-53.7288306673623,f44483f653afdf1063c7f26dd9d09ceddac7e4e95212a4e68182e88dd78f10a2,0.978459963196211,0.0215400368037894,0.586266797510229,0.734193072306718,0.760633152314059,0.754235521399237,869.666666666667,15.0,1.0,0.0264400800073414,0.0639061111079068,594.0,a2c614e3faa594fb014aee0e541a55c3adf57d4f,2026-08-18 08:07:04,2026-06-14 00:40:01,2026-06-13-HTX-CAR,flyers,havoc,32,11,2026-06-13 19:00:00
mtucker,12.82,60.81,wcoffin,15.54,71.45,0,0,0,"mlee1,mtucker,cbelus,smadiraju,zthoreson,wcoffin,elong",True,2026-06-13-HTX-CAR,23,8,3,8,199.0,2,8,False,False,423,home,325,1781397424.0,18,False,"bthibodea,cughetta,mbaldauf,jjoshi,blin,cdixon,sheslep",326,595,6129cb6528a99405ebcb0c85aec307655ade1b9adfe6f6a5b434be109acdab92,1781397424.0,False,423,141.444444444444,10.9821673635034,2.72,10.64,-14.3399285013422,ced2a75857c24807cc36a80a98c4f2db0ceb7bcf9a6bab733e6cc629db5415e0,0.976771918149794,0.0232280818502055,0.586266797510229,0.757913620352791,0.802355592434525,0.701950927875579,861.444444444444,15.0,1.0,0.0444419720817336,0.107416982283002,595.0,9d7612c8c425e8e263bf36af561092d4ba0573eb,2026-08-18 08:07:04,2026-06-14 00:40:01,2026-06-13-HTX-CAR,flyers,havoc,32,11,2026-06-13 19:00:00
wcoffin,15.54,71.45,mtucker,22.57,113.25,0,0,0,"mlee1,mtucker,cbelus,smadiraju,zthoreson,wcoffin,elong",True,2026-06-13-HTX-CAR,24,8,3,8,199.0,2,9,False,False,424,home,326,1781397435.0,19,False,"bthibodea,cughetta,mbaldauf,jjoshi,blin,cdixon,sheslep",327,596,5eaca82228222c14721348152f6e6e11c5b756e8c2b765e5f527b6d6dff6edfc,1781397435.0,False,424,133.222222222222,42.3870369334777,7.03,41.8,-9.54676692140384,e928b6ffe62fa9a390e4b990cac6a6ee73ae97222da5cd3de653c7cefd9afe6e,0.737140818753325,0.262859181246675,0.586266797510229,0.799377418285665,1.0,0.569016360283425,853.222222222222,15.0,1.0,0.200622581714335,0.484908101421459,596.0,148559aa005d299cdbe8ab229af2b38258a3277c,2026-08-18 08:07:04,2026-06-14 00:40:01,2026-06-13-HTX-CAR,flyers,havoc,32,11,2026-06-13 19:00:00
treinhard,24.12,51.63,jthachet,11.76,58.9,0,0,0,"xfuzat,treinhard,jthachet,bgfroerer,awang,mturner,skelly",False,2026-06-13-HTX-CAR,24,8,3,9,125.0,1,1,True,True,425,away,271,1781397548.0,18,False,"jsingleto,ostout,bmorrison,smadiraju,zthoreson,cbelus,nlyle",272,601,8bd89ef75bea9ef0ba9e1d93d1bc1bb125b050f71ff4ebbaa3685eb49e216c15,1781397548.0,False,425,125.0,14.3395432284296,-12.36,7.27,59.5364809549298,74f51155dfe64d519a0e5fbbfe48257ae14c636649b7e7087f069cb69883ae87,0.964279600170973,0.0357203998290267,0.663828407202504,0.663828407202504,0.742855796408503,0.753354120873827,845.0,16.0,1.0,0.0790273892059995,0.235080509177955,601.0,53c6a4c7eb80d6539680c93a790519d68a78a474,2026-08-18 08:07:04,2026-06-14 00:40:01,2026-06-13-HTX-CAR,flyers,havoc,32,11,2026-06-13 19:00:00
jthachet,11.76,58.9,skelly,9.13,72.09,0,0,0,"xfuzat,treinhard,jthachet,bgfroerer,awang,mturner,skelly",False,2026-06-13-HTX-CAR,24,8,3,9,125.0,1,2,True,True,426,away,272,1781397551.0,18,False,"jsingleto,ostout,bmorrison,smadiraju,zthoreson,cbelus,nlyle",273,602,4480a2fa0d0a9417d6f3718703f28ecf58ffae451b3ef654d86401831091f86e,1781397551.0,False,426,122.666666666667,13.4496468355121,-2.63,13.19,11.2765141170556,25f62931b37841079ef37b72da00a31b171021fce390e16fcf935f671c91be6d,0.96731435051899,0.0326856494810103,0.663828407202504,0.741426775650943,0.804720758483285,0.697073467036601,842.666666666667,16.0,1.0,0.0632939828323416,0.188278796270775,602.0,7963bc80e9d727a21ee4ddaaab49b3b0b650b3e0,2026-08-18 08:07:04,2026-06-14 00:40:01,2026-06-13-HTX-CAR,flyers,havoc,32,11,2026-06-13 19:00:00
skelly,9.13,72.09,,9.13,72.09,1,0,0,"xfuzat,treinhard,jthachet,bgfroerer,awang,mturner,skelly",False,2026-06-13-HTX-CAR,24,8,3,9,125.0,1,3,True,True,427,away,273,1781397559.0,22,False,"jsingleto,ostout,bmorrison,smadiraju,zthoreson,cbelus,nlyle",274,604,cde6a95315a9447abf826ad4b319660ce50673cb5081bf02478e0b1f15169a11,1781397559.0,False,427,120.333333333333,0.0,0.0,0.0,-90.0,c4931b6fe7cf1cbe28fe2f0f81b0eaaebdf064ffcc4cecaf3557de6eb45d9a92,0.5,-0.5,0.663828407202504,0.803477178012876,0.803477178012876,0.695403843075508,840.333333333333,16.0,1.0,-0.695403843075508,-0.695403843075508,604.0,50a0a2ab00875940cd18a93a92a440333c527cfc,2026-08-18 08:07:04,2026-06-14 00:40:01,2026-06-13-HTX-CAR,flyers,havoc,32,11,2026-06-13 19:00:00
bmorrison,-13.65,48.54,jsingleto,4.5,41.45,0,0,0,"jsingleto,ostout,bmorrison,smadiraju,zthoreson,cbelus,nlyle",True,2026-06-13-HTX-CAR,24,8,3,9,118.0,2,1,False,False,428,home,330,1781397564.0,18,False,"xfuzat,treinhard,jthachet,bgfroerer,awang,mturner,skelly",331,605,92093c136e42671a64d51396523ef8dd0d7621756038734be47754ea974696f7,1781397564.0,False,428,118.0,19.4856511310246,18.15,-7.09,-111.337287239518,e6dab8d254b254c7f1b71feb71b644a36008f55a32030acbfd211bac8b44c3a5,0.974113804834781,0.0258861951652186,0.654115758187299,0.691653467642065,0.670144817840884,0.833654144462894,838.0,16.0,1.0,-0.0215086498011805,-0.0621845322829931,605.0,36daf3b8803b6f52859e49c854423283c2ffdbfe,2026-08-18 08:07:04,2026-06-14 00:40:01,2026-06-13-HTX-CAR,flyers,havoc,32,11,2026-06-13 19:00:00
jsingleto,4.5,41.45,zthoreson,13.29,49.15,0,0,0,"jsingleto,ostout,bmorrison,smadiraju,zthoreson,cbelus,nlyle",True,2026-06-13-HTX-CAR,24,8,3,9,118.0,2,2,False,False,429,home,331,1781397566.0,18,False,"xfuzat,treinhard,jthachet,bgfroerer,awang,mturner,skelly",332,606,fe84894257a4360c3b90f531fbb059f51f5bea6be6e58bf3da619231da455590,1781397566.0,False,429,110.692307692308,11.6856364824514,8.79,7.7,-48.7817877296262,907b3b23bf3ee3c867119dd5afcfafe2aab6f3bd206a21a21271587512b6acc1,0.981957045449255,0.0180429545507446,0.654115758187299,0.663672137209673,0.68750802886671,0.788565770329305,830.692307692308,16.0,1.0,0.0238358916570363,0.0689129158706906,606.0,300c35778e95737270cfdd5bc7429021a37f9c1d,2026-08-18 08:07:04,2026-06-14 00:40:01,2026-06-13-HTX-CAR,flyers,havoc,32,11,2026-06-13 19:00:00
zthoreson,13.29,49.15,cbelus,-2.26,43.22,0,0,0,"jsingleto,ostout,bmorrison,smadiraju,zthoreson,cbelus,nlyle",True,2026-06-13-HTX-CAR,24,8,3,9,118.0,2,3,False,False,430,home,332,1781397571.0,18,False,"xfuzat,treinhard,jthachet,bgfroerer,awang,mturner,skelly",333,607,e7b192468c8bc2dc0328feeb57ca8db3fd526bd942dc49fde9ec80fd3d682894,1781397571.0,False,430,103.384615384615,16.642337576194,-15.55,-5.93,110.87437421658,b11c07f7b09fa0001d3bd2a03e65e46ab0cdd0f11c44d8649383324c0b8780ce,0.978609566630161,0.0213904333698387,0.654115758187299,0.680138166741804,0.662997608960839,0.816319030872609,823.384615384615,16.0,1.0,-0.0171405577809648,-0.0495557637755771,607.0,86a3172b545bd9a79fdd34ecb5cbd69520c1976a,2026-08-18 08:07:04,2026-06-14 00:40:01,2026-06-13-HTX-CAR,flyers,havoc,32,11,2026-06-13 19:00:00
cbelus,-2.26,43.22,bmorrison,-16.71,55.02,0,0,0,"jsingleto,ostout,bmorrison,smadiraju,zthoreson,cbelus,nlyle",True,2026-06-13-HTX-CAR,24,8,3,9,118.0,2,4,False,False,431,home,333,1781397573.0,18,False,"xfuzat,treinhard,jthachet,bgfroerer,awang,mturner,skelly",334,608,4823b95cb976c50d234edd1b75e3d1ada20d5bc415458a1ce54263a33340bcc1,1781397573.0,False,431,96.0769230769231,18.6558971909689,-14.45,11.8,50.7646151651582,312a98ecce026ef5f17ef4faf33321a5ef62c8629ca20b7e365f476f372a52d4,0.969339651404407,0.0306603485955932,0.654115758187299,0.654115758187299,0.691521778108748,0.7381295582677,816.076923076923,16.0,1.0,0.0374060199214484,0.108146065647316,608.0,40aca24d75eed01eaafd0f1a165f1132298989cb,2026-08-18 08:07:04,2026-06-14 00:40:01,2026-06-13-HTX-CAR,flyers,havoc,32,11,2026-06-13 19:00:00
bmorrison,-16.71,55.02,,-7.03,109.36,1,0,0,"jsingleto,ostout,bmorrison,smadiraju,zthoreson,cbelus,nlyle",True,2026-06-13-HTX-CAR,24,8,3,9,118.0,2,5,False,False,432,home,334,1781397582.0,22,False,"xfuzat,treinhard,jthachet,bgfroerer,awang,mturner,skelly",335,610,176bcd5ea32e0e39db4e286495a333eac151607614cbe30eb08b936a8573ae84,1781397582.0,False,432,88.7692307692308,55.1954527112515,9.68,54.34,-10.1005843055642,68e62eec3930e44d9d4a864c304f80be23dc8dc4a4320f51480a195d5e1649c0,0.61063586370655,-0.61063586370655,0.654115758187299,0.681758557642741,0.940485547893243,0.567030509580852,808.769230769231,16.0,1.0,-0.567030509580852,-0.567030509580852,610.0,a866be93d1ac9341117e48fb43160f88b66d6ee9,2026-08-18 08:07:04,2026-06-14 00:40:01,2026-06-13-HTX-CAR,flyers,havoc,32,11,2026-06-13 19:00:00
xfuzat,-6.23,20.09,awang,3.22,16.63,0,0,0,"xfuzat,treinhard,jthachet,bgfroerer,awang,mturner,skelly",False,2026-06-13-HTX-CAR,24,8,3,9,118.0,3,1,True,True,433,away,275,1781397601.0,18,False,"jsingleto,ostout,bmorrison,smadiraju,zthoreson,cbelus,nlyle",276,611,df6e68f8370d1d861a2c000a49c3a0dd42b346d470a010be339641bbe55836f5,1781397601.0,False,433,81.4615384615385,10.0635033661245,9.45,-3.46,-110.109576328162,6663ea9fe830382379fd15d3d4a7a782ad006220d61af7d4f238d477bad53bae,0.991480230731749,0.00851976926825104,0.45044442908777,0.554812192436244,0.546532765586752,0.906469837336105,801.461538461538,16.0,1.0,-0.00827942684949146,-0.0150656772266872,611.0,cca6c8fcf76357ab958b6b4d54894b2f819a6536,2026-08-18 08:07:04,2026-06-14 00:45:04,2026-06-13-HTX-CAR,flyers,havoc,32,11,2026-06-13 19:00:00
awang,3.22,16.63,treinhard,15.03,21.81,0,0,0,"xfuzat,treinhard,jthachet,bgfroerer,awang,mturner,skelly",False,2026-06-13-HTX-CAR,24,8,3,9,118.0,3,2,True,True,434,away,276,1781397603.0,18,False,"jsingleto,ostout,bmorrison,smadiraju,zthoreson,cbelus,nlyle",277,612,56af28fdd9789fdc867da4cd684a824b5a8dc8cd9a7e861ccfa7290755f6b8f2,1781397603.0,False,434,74.1538461538462,12.896065291398,11.81,5.18,-66.3171984605749,2df0ce1949a4ef3fcd03b45f856429b5a8f6ddd4597414f390b756c63ec3296f,0.987415792815358,0.0125842071846425,0.45044442908777,0.531993220911795,0.533798933515739,0.889783934974237,794.153846153846,16.0,1.0,0.00180571260394402,0.00328576890039827,612.0,5eaaf6a53105aa8c4777f634201c074c2423a074,2026-08-18 08:07:04,2026-06-14 00:45:04,2026-06-13-HTX-CAR,flyers,havoc,32,11,2026-06-13 19:00:00
treinhard,15.03,21.81,xfuzat,-1.23,15.45,0,0,0,"xfuzat,treinhard,jthachet,bgfroerer,awang,mturner,skelly",False,2026-06-13-HTX-CAR,24,8,3,9,118.0,3,3,True,True,435,away,277,1781397611.0,18,False,"jsingleto,ostout,bmorrison,smadiraju,zthoreson,cbelus,nlyle",278,613,ff81bea49f85fcb86333521411389455142b751cb231073550b02766a23d6422,1781397611.0,False,435,66.8461538461538,17.4595876239962,-16.26,-6.36,111.362650128096,8d4e8dd153d7544c46547aa27ce139b0c2b314d39363b9ddd79279aec53d55ac,0.983904121914169,0.0160958780858311,0.45044442908777,0.517395683012399,0.512803865804589,0.895467472988755,786.846153846154,16.0,1.0,-0.00459181720781043,-0.00835551025383709,613.0,78ac94dcc4ad1fea847f82cdbd80df2a6d6f4aec,2026-08-18 08:07:04,2026-06-14 00:45:04,2026-06-13-HTX-CAR,flyers,havoc,32,11,2026-06-13 19:00:00
xfuzat,-1.23,15.45,treinhard,10.76,15.45,0,0,0,"xfuzat,treinhard,jthachet,bgfroerer,awang,mturner,skelly",False,2026-06-13-HTX-CAR,24,8,3,9,118.0,3,4,True,True,436,away,278,1781397613.0,18,False,"jsingleto,ostout,bmorrison,smadiraju,zthoreson,cbelus,nlyle",279,614,c697ce354707681aca00221ab0dca272e26c1437da9e757fa8fbda284845050e,1781397613.0,False,436,59.5384615384615,11.99,11.99,0.0,-90.0,3b32410e19382fd4ab2cedbaa35d751e979f08556828052bc5ad95419559a5c3,0.989452858442932,0.0105471415570676,0.45044442908777,0.494426090444736,0.490650154889389,0.887074279169983,779.538461538462,16.0,1.0,-0.00377593555534755,-0.00687088941538655,614.0,961679fe414310139a0ff7168de9e48f5a57e950,2026-08-18 08:07:04,2026-06-14 00:45:04,2026-06-13-HTX-CAR,flyers,havoc,32,11,2026-06-13 19:00:00
treinhard,10.76,15.45,xfuzat,-5.5,18.27,0,0,0,"xfuzat,treinhard,jthachet,bgfroerer,awang,mturner,skelly",False,2026-06-13-HTX-CAR,24,8,3,9,118.0,3,5,True,True,437,away,279,1781397616.0,18,False,"jsingleto,ostout,bmorrison,smadiraju,zthoreson,cbelus,nlyle",280,615,c9c2d2d4d7c894eea58538f6aaa55db33cb0379831506e7c53ab6df86758b996,1781397616.0,False,437,52.2307692307692,16.5027270473701,-16.26,2.82,80.160962613999,17fe5ccc096792e99f5d3824ab08c0b860588cece0fa69d8a00ec3a46f01dbac,0.982287225259281,0.017712774740719,0.45044442908777,0.470254540723954,0.480523187837224,0.879761811422026,772.230769230769,16.0,1.0,0.0102686471132701,0.0186853662428073,615.0,fa6f68fb227661a7205b0781865f0b8af96e9977,2026-08-18 08:07:04,2026-06-14 00:45:04,2026-06-13-HTX-CAR,flyers,havoc,32,11,2026-06-13 19:00:00
xfuzat,-5.5,18.27,jthachet,-11.59,25.72,0,0,0,"xfuzat,treinhard,jthachet,bgfroerer,awang,mturner,skelly",False,2026-06-13-HTX-CAR,24,8,3,9,118.0,3,6,True,True,438,away,280,1781397619.0,18,False,"jsingleto,ostout,bmorrison,smadiraju,zthoreson,cbelus,nlyle",281,616,24f3aa085024e5757569b7fefcc483d4ffecaabb3c1ae26a62261d56352e3747,1781397619.0,False,438,44.9230769230769,9.62240094778845,-6.09,7.45,39.2642697862338,9910ac95056820bf1bbb1e85b950cba37137aba36bd8b9b94b3cffc777682dd3,0.987983863634757,0.012016136365243,0.45044442908777,0.458017903088471,0.475176869107368,0.835459135278966,764.923076923077,16.0,1.0,0.0171589660188962,0.0312233501525848,616.0,749caf0cdff02e01a17fb781c22f0b299451a187,2026-08-18 08:07:04,2026-06-14 00:45:04,2026-06-13-HTX-CAR,flyers,havoc,32,11,2026-06-13 19:00:00
jthachet,-11.59,25.72,bgfroerer,-18.86,97.9,0,0,0,"xfuzat,treinhard,jthachet,bgfroerer,awang,mturner,skelly",False,2026-06-13-HTX-CAR,24,8,3,9,118.0,3,7,True,True,439,away,281,1781397627.0,18,False,"jsingleto,ostout,bmorrison,smadiraju,zthoreson,cbelus,nlyle",282,617,fce994a4cc23010107bc295d6ec080e14499777468d3306b692038653fdecb4e,1781397627.0,False,439,37.6153846153846,72.5451948787788,-7.27,72.18,5.75145862407116,42c2da16664d5f63ec4396d777d95ebbad61fde3a78f7c58454cb6d1f3bc0e09,0.598055684488932,0.401944315511068,0.45044442908777,0.45044442908777,0.833689073521654,0.418028552259438,757.615384615385,16.0,1.0,0.383244644433884,0.697371957848995,617.0,834ca8ad5839d1aa6dc870e9757261aaa4dbe9e3,2026-08-18 08:07:04,2026-06-14 00:45:04,2026-06-13-HTX-CAR,flyers,havoc,32,11,2026-06-13 19:00:00
bgfroerer,-18.86,97.9,skelly,-21.22,104.36,0,0,0,"xfuzat,treinhard,jthachet,bgfroerer,awang,mturner,skelly",False,2026-06-13-HTX-CAR,24,9,3,9,118.0,3,8,True,True,440,away,282,1781397634.0,19,False,"jsingleto,ostout,bmorrison,smadiraju,zthoreson,cbelus,nlyle",283,618,4aa2ccc107b9f6b456c315a9b968a076918295ecfd7686bc51037a90ded16565,1781397634.0,False,440,30.3076923076923,6.87758678607547,-2.36,6.45999999999999,20.0685163162952,65de631b13ee5e2c8c9ed8830799724fe2f00bbb90a683b583eadbe78cf1ab68,0.974596074828117,0.0254039251718828,0.45044442908777,0.818008657970942,1.0,0.373956187357882,750.307692307692,16.0,1.0,0.181991342029058,0.33116094470112,618.0,816ad57aa512b496920ae00ce6239692df6af863,2026-08-18 08:07:04,2026-06-14 00:45:04,2026-06-13-HTX-CAR,flyers,havoc,32,11,2026-06-13 19:00:00
kpignone,-6.35,23.93,tbrooks1,6.61,34.9,0,0,0,"wmatthews,kpignone,tbrooks1,zthoreson,wcoffin,jfairfax,tmitchell",True,2026-06-13-HTX-CAR,24,9,3,10,23.0,1,1,True,True,441,home,337,1781397698.0,18,False,"ifuzat,ibaker,cburt,sheslep,skelly,jzhou,jsunukjia",338,621,8676a9f3ec6a4951ce826e52704370aa110d4a1d653dd474e6a3d06db5cc553e,1781397698.0,False,441,23.0,16.9794729011239,12.96,10.97,-49.7537340685678,51533420e671cf289c001ea1c98e99487befa387449bddb9330be0a46b5a64a5,0.974066450768917,0.0259335492310832,0.392980058554305,0.392980058554305,0.427353718053302,0.719916981660914,743.0,15.0,1.0,0.034373659498997,0.0566269032564758,621.0,6ccd8b62b3ff237def0e4da89260bb4181194fea,2026-08-18 08:07:04,2026-06-14 00:45:04,2026-06-13-HTX-CAR,flyers,havoc,32,11,2026-06-13 19:00:00
tbrooks1,6.61,34.9,jfairfax,15.41,43.97,0,0,0,"wmatthews,kpignone,tbrooks1,zthoreson,wcoffin,jfairfax,tmitchell",True,2026-06-13-HTX-CAR,24,9,3,10,23.0,1,2,True,True,442,home,338,1781397700.0,18,False,"ifuzat,ibaker,cburt,sheslep,skelly,jzhou,jsunukjia",339,622,237adacd24ed804acfa7d700ab8af76fbf05e14141ddc03c2fa774d6bd2442a1,1781397700.0,False,442,19.1666666666667,12.6374404053986,8.8,9.07,-44.1343769754966,c30f8c7f4b3c54c9eafe9f546f2990e8ad4963be945f225be8e5cb2ca95ba77f,0.982100010268299,0.0178999897317006,0.392980058554305,0.411122690745286,0.434525267151792,0.627585670677148,739.166666666667,15.0,1.0,0.0234025764065052,0.0385532250402994,622.0,2a12cb0867a10f0ef8008bc5b20a349aa4eb3797,2026-08-18 08:07:04,2026-06-14 00:45:04,2026-06-13-HTX-CAR,flyers,havoc,32,11,2026-06-13 19:00:00
jfairfax,15.41,43.97,zthoreson,17.25,57.68,0,0,0,"wmatthews,kpignone,tbrooks1,zthoreson,wcoffin,jfairfax,tmitchell",True,2026-06-13-HTX-CAR,24,9,3,10,23.0,1,3,True,True,443,home,339,1781397702.0,18,False,"ifuzat,ibaker,cburt,sheslep,skelly,jzhou,jsunukjia",340,623,97b19f8b0104471e2e40af7eea61153cfcac6183bb64cd0e741ebd44464416ae,1781397702.0,False,443,15.3333333333333,13.8329208773852,1.84,13.71,-7.64391121252433,5afb73718d8906757606e59e557d371293c5c316f530bd70843c442b45a88e63,0.974483529083236,0.025516470916764,0.392980058554305,0.417500749805081,0.479324260815189,0.509944424349647,735.333333333333,15.0,1.0,0.061823511010108,0.101847578290208,623.0,113509c26682e6ef6e48037e4a147e7222371daf,2026-08-18 08:07:04,2026-06-14 00:45:04,2026-06-13-HTX-CAR,flyers,havoc,32,11,2026-06-13 19:00:00
zthoreson,17.25,57.68,wmatthews,4.91,71.25,0,0,0,"wmatthews,kpignone,tbrooks1,zthoreson,wcoffin,jfairfax,tmitchell",True,2026-06-13-HTX-CAR,24,9,3,10,23.0,1,4,True,True,444,home,340,1781397710.0,18,False,"ifuzat,ibaker,cburt,sheslep,skelly,jzhou,jsunukjia",341,624,145ce3c4aacf58262c65eda14a828bd549f386685c83b6a5a112bc9185f6018f,1781397710.0,False,444,11.5,18.3417692712563,-12.34,13.57,42.2820941521094,9d717d549ad6a852f91d92c13f28d1c6296d7c1d9944f2e89bbdd4b2646d3ac3,0.950068617130735,0.0499313828692647,0.392980058554305,0.461226217214088,0.568454173931828,0.43357482953405,731.5,15.0,1.0,0.10722795671774,0.176646514218896,624.0,b2b790561ee4ecc7af9ec0c4cb9179dbb986230b,2026-08-18 08:07:04,2026-06-14 00:45:04,2026-06-13-HTX-CAR,flyers,havoc,32,11,2026-06-13 19:00:00
wmatthews,4.91,71.25,kpignone,-3.55,65.59,0,0,0,"wmatthews,kpignone,tbrooks1,zthoreson,wcoffin,jfairfax,tmitchell",True,2026-06-13-HTX-CAR,24,9,3,10,23.0,1,5,True,True,445,home,341,1781397714.0,18,False,"ifuzat,ibaker,cburt,sheslep,skelly,jzhou,jsunukjia",342,625,ad3df26d880ef5a2895aa1695f43f9adf4afafb3a3de99637532e2280f1fb097,1781397714.0,False,445,7.66666666666667,10.178762203726,-8.46,-5.66,123.78373901666,5cd1e9b16d959b4b337c1b841900e876878fca573c2654d408a827d33cd2e40a,0.984341179923246,0.0156588200767537,0.392980058554305,0.549783524712768,0.510472938078208,0.443620269233905,727.666666666667,15.0,1.0,-0.03931058663456,-0.0647599591883865,625.0,113f7aa3118f1945f552577b0506971380f4e605,2026-08-18 08:07:04,2026-06-14 00:45:04,2026-06-13-HTX-CAR,flyers,havoc,32,11,2026-06-13 19:00:00
kpignone,-3.55,65.59,,-12.96,108.75,1,0,0,"wmatthews,kpignone,tbrooks1,zthoreson,wcoffin,jfairfax,tmitchell",True,2026-06-13-HTX-CAR,24,9,3,10,23.0,1,6,True,True,446,home,342,1781397721.0,22,False,"ifuzat,ibaker,cburt,sheslep,skelly,jzhou,jsunukjia",343,626,4dfd35a73bc3f6db9d115d1f4a8fa3e3343542f4be17f00e2df4652efe20eddc,1781397721.0,False,446,3.83333333333333,44.1739029292183,-9.41,43.16,12.2994907570016,8f0bba456437cad6639e6b3ab38bcfb0f6017e96ac73389fe65a17c57f9880c7,0.737667549171331,-0.737667549171331,0.392980058554305,0.49074759111914,0.831756347411186,0.295756403914957,723.833333333333,15.0,1.0,-0.295756403914957,-0.295756403914957,626.0,fbce17f20f3278e30cc5b059ee46494440a849b8,2026-08-18 08:07:04,2026-06-14 00:45:04,2026-06-13-HTX-CAR,flyers,havoc,32,11,2026-06-13 19:00:00
treinhard,18.58,9.27,,18.57,9.27,1,0,0,"nfurrh,xfuzat,treinhard,jthachet,bgfroerer,awang,mturner",False,2026-06-13-HTX-CAR,24,9,4,1,720.0,1,1,True,True,447,away,288,1781397974.0,22,False,"mtucker,wcoffin,ostout,elong,mlee1,smadiraju,smadiraju1",289,636,d7faac94b8048137a6027d087bc110d717caecc8d6431a288fbe19baaff8bb1c,1781397974.0,False,447,720.0,0.00999999999999801,-0.00999999999999801,0.0,90.0,a9f217ba6193af61d3dc50950f03d334504a4e2ef072b3f10fe39e6485070f87,0.5,-0.5,0.65013965446479,0.65013965446479,0.650182493122795,0.941969669859593,720.0,15.0,1.0,-0.941969669859593,-0.941969669859593,636.0,ebb9724f1f89254fcbbabaaa7a95d9d5540454e6,2026-08-18 08:07:04,2026-06-14 00:50:08,2026-06-13-HTX-CAR,flyers,havoc,32,11,2026-06-13 19:00:00
wcoffin,25.23,40.43,ostout,14.93,47.45,0,0,0,"mtucker,wcoffin,ostout,elong,mlee1,smadiraju,smadiraju1",True,2026-06-13-HTX-CAR,24,9,4,1,720.0,2,1,False,False,448,home,347,1781398018.0,18,False,"nfurrh,xfuzat,treinhard,jthachet,bgfroerer,awang,mturner",348,639,99b0ea5afa08b9af80628559cc205876739e674f11addf814d272139caae6496,1781398018.0,False,448,712.538461538462,12.4647663435782,-10.3,7.02,55.7234808014392,3a07eca7e6ecba17be9027e3bf9e7f3f199911265c575dc7ce9d7bb6162fde64,0.973464502804501,0.0265354971954994,0.683823946131742,0.683823946131742,0.755080608592573,0.850564296877746,712.538461538462,15.0,1.0,0.0712566624608311,0.225370206215938,639.0,1a1e7f278fbf9f05570452985c1ec0a2c320a503,2026-08-18 08:07:04,2026-06-14 00:50:08,2026-06-13-HTX-CAR,flyers,havoc,32,11,2026-06-13 19:00:00
ostout,14.93,47.45,wcoffin,6.27,41.45,0,0,0,"mtucker,wcoffin,ostout,elong,mlee1,smadiraju,smadiraju1",True,2026-06-13-HTX-CAR,24,9,4,1,720.0,2,2,False,False,449,home,348,1781398020.0,18,False,"nfurrh,xfuzat,treinhard,jthachet,bgfroerer,awang,mturner",349,640,34ee11576d604419394176797e0a7a648303587379950bbca1ad63047ff485e3,1781398020.0,False,449,705.076923076923,10.5354449360243,-8.66,-6.0,124.715790742316,5ccf1ca0d82e1255612e45aecc417b9035a67ff36951abf1a75f0573b312e502,0.986481822666734,0.0135181773332658,0.683823946131742,0.747271545732076,0.735329264231882,0.872689733995029,705.076923076923,15.0,1.0,-0.0119422815001936,-0.037770986619909,640.0,a5f0f9396dd213182015cca03a56ef4de830c70b,2026-08-18 08:07:04,2026-06-14 00:50:08,2026-06-13-HTX-CAR,flyers,havoc,32,11,2026-06-13 19:00:00
wcoffin,6.27,41.45,mtucker,-6.35,40.97,0,0,0,"mtucker,wcoffin,ostout,elong,mlee1,smadiraju,smadiraju1",True,2026-06-13-HTX-CAR,24,9,4,1,720.0,2,3,False,False,450,home,349,1781398021.0,18,False,"nfurrh,xfuzat,treinhard,jthachet,bgfroerer,awang,mturner",350,641,9d8b1a401cab6671ba0527285e68fa1224e4fb8ccdad7bf548e8772c112e1c7d,1781398021.0,False,450,697.615384615385,12.6291250686657,-12.62,-0.480000000000004,92.1781873016122,b8aec7228ef5a681dd5d1a00e2a987896d0da010bab9686f114d8eac38a6e457,0.984375151435672,0.0156248485643276,0.683823946131742,0.728033420806506,0.726451802066915,0.870317752043587,697.615384615385,15.0,1.0,-0.00158161873959084,-0.00500233562991413,641.0,8875885f833a9af62e91bb2acee3920d2d2d4853,2026-08-18 08:07:04,2026-06-14 00:50:08,2026-06-13-HTX-CAR,flyers,havoc,32,11,2026-06-13 19:00:00
mtucker,-6.35,40.97,wcoffin,-7.71,45.0,0,0,0,"mtucker,wcoffin,ostout,elong,mlee1,smadiraju,smadiraju1",True,2026-06-13-HTX-CAR,24,9,4,1,720.0,2,4,False,False,451,home,350,1781398023.0,18,False,"nfurrh,xfuzat,treinhard,jthachet,bgfroerer,awang,mturner",351,642,70726e94d2a76c5e6c34a6a06e2590f1ccb0282f961a540543dbd2325e05840b,1781398023.0,False,451,690.153846153846,4.25329284202252,-1.36,4.03,18.6479433046334,c9afbda5a9029b04ce4a58c06020264858c1304fb87c4f3d8bb19e256fde84ec,0.990838366423168,0.00916163357683197,0.683823946131742,0.71988901094919,0.733267675377118,0.850361797931759,690.153846153846,15.0,1.0,0.013378664427928,0.0423139711696905,642.0,cef0e4c750a3064efa245b70bfb0744dd477a715,2026-08-18 08:07:04,2026-06-14 00:50:08,2026-06-13-HTX-CAR,flyers,havoc,32,11,2026-06-13 19:00:00
wcoffin,-7.71,45.0,elong,-15.69,42.54,0,0,0,"mtucker,wcoffin,ostout,elong,mlee1,smadiraju,smadiraju1",True,2026-06-13-HTX-CAR,24,9,4,1,720.0,2,5,False,False,452,home,351,1781398025.0,18,False,"nfurrh,xfuzat,treinhard,jthachet,bgfroerer,awang,mturner",352,643,ade35524ae1c9256d69fe3189883dedd4dc120fb9eb397c9cdd183c03bc3a41e,1781398025.0,False,452,682.692307692308,8.35056884289927,-7.98,-2.46,107.132996150343,379bed4adaf01a813a862f6bab474254b99b187ea74d127c6c23f96302453d72,0.990046884970821,0.00995311502917884,0.683823946131742,0.727628866757858,0.710333807923629,0.850353874824676,682.692307692308,15.0,1.0,-0.0172950588342294,-0.0547007232920802,643.0,3c9cf3272e5eb9874e5944b219d4f425d705def1,2026-08-18 08:07:04,2026-06-14 00:50:08,2026-06-13-HTX-CAR,flyers,havoc,32,11,2026-06-13 19:00:00
elong,-15.69,42.54,ostout,-19.85,53.52,0,0,0,"mtucker,wcoffin,ostout,elong,mlee1,smadiraju,smadiraju1",True,2026-06-13-HTX-CAR,24,9,4,1,720.0,2,6,False,False,453,home,352,1781398028.0,18,False,"nfurrh,xfuzat,treinhard,jthachet,bgfroerer,awang,mturner",353,644,c4391f314b3419bdc5e8318f259955f8f135c9b3bb3671d7d8e05f2637a96a06,1781398028.0,False,453,675.230769230769,11.7416353205165,-4.16,10.98,20.7502287368081,b03556b2a6b097928bfa02872504995cf81ddbc3ee6cd00ddba2c2c55927ac84,0.982035948790655,0.0179640512093453,0.683823946131742,0.705218290047484,0.734025158992447,0.788064293567642,675.230769230769,15.0,1.0,0.0288068689449622,0.0911102172113427,644.0,4f1141966a6b85334e6fdd1cc33e925fe79d9301,2026-08-18 08:07:04,2026-06-14 00:50:08,2026-06-13-HTX-CAR,flyers,havoc,32,11,2026-06-13 19:00:00
ostout,-19.85,53.52,elong,-8.94,46.5,0,0,0,"mtucker,wcoffin,ostout,elong,mlee1,smadiraju,smadiraju1",True,2026-06-13-HTX-CAR,24,9,4,1,720.0,2,7,False,False,454,home,353,1781398031.0,18,False,"nfurrh,xfuzat,treinhard,jthachet,bgfroerer,awang,mturner",354,645,21cab275912fcec2b1a6165cd1920e74c7811d448a4a515571e2cbeac34989b5,1781398031.0,False,454,667.769230769231,12.9733765843746,10.91,-7.02,-122.759108357406,7ff4565957eb61be027cf19fc346849c2f470396efdcc3aacdc24fadbb9aaa2f,0.980109338946126,0.0198906610538745,0.683823946131742,0.72989240909,0.723447543703694,0.833890631267839,667.769230769231,15.0,1.0,-0.00644486538630629,-0.0203837871573654,645.0,b587ccd28ed829dc5a2d29c2c4280d1fa8e4affa,2026-08-18 08:07:04,2026-06-14 00:50:08,2026-06-13-HTX-CAR,flyers,havoc,32,11,2026-06-13 19:00:00
elong,-8.94,46.5,ostout,-0.62,52.43,0,0,0,"mtucker,wcoffin,ostout,elong,mlee1,smadiraju,smadiraju1",True,2026-06-13-HTX-CAR,24,9,4,1,720.0,2,8,False,False,455,home,354,1781398034.0,18,False,"nfurrh,xfuzat,treinhard,jthachet,bgfroerer,awang,mturner",355,646,09f06fc72444928fb01b4654ffb7dc8115873eaa1668d96302bc01bb94579171,1781398034.0,False,455,660.307692307692,10.2170103259222,8.32,5.93,-54.5209934829577,c315907528bd0fcf0813de16229271df81b3883032a7766d81c8495781fc53fc,0.983309107140138,0.0166908928598619,0.683823946131742,0.719905732628683,0.744116248553932,0.807154751251026,660.307692307692,15.0,1.0,0.0242105159252486,0.0765728954772028,646.0,3e23bc14cbee362ddeb215225c616b8c01b4f9f3,2026-08-18 08:07:04,2026-06-14 00:50:08,2026-06-13-HTX-CAR,flyers,havoc,32,11,2026-06-13 19:00:00
ostout,-0.62,52.43,mtucker,9.0,57.54,0,0,0,"mtucker,wcoffin,ostout,elong,mlee1,smadiraju,smadiraju1",True,2026-06-13-HTX-CAR,24,9,4,1,720.0,2,9,False,False,456,home,355,1781398037.0,18,False,"nfurrh,xfuzat,treinhard,jthachet,bgfroerer,awang,mturner",356,647,97a9741863a60ce51b23921edfb844961fe8592ef7127452c2d9b510d6ef6b19,1781398037.0,False,456,652.846153846154,10.8929564398284,9.62,5.11,-62.0234287950959,a02a2c037d1b035ed09043cafc8165ab19fc89b5dd8266ecfba30f44e4530879,0.981983981272147,0.018016018727853,0.683823946131742,0.741357185672244,0.760566561766944,0.781566578587181,652.846153846154,15.0,1.0,0.0192093760947001,0.0607553160958359,647.0,d5fd89e26dfe6247a931dfdc28d807daf6c7121a,2026-08-18 08:07:04,2026-06-14 00:50:08,2026-06-13-HTX-CAR,flyers,havoc,32,11,2026-06-13 19:00:00
mtucker,9.0,57.54,smadiraju1,17.18,66.61,0,0,0,"mtucker,wcoffin,ostout,elong,mlee1,smadiraju,smadiraju1",True,2026-06-13-HTX-CAR,24,9,4,1,720.0,2,10,False,False,457,home,356,1781398039.0,18,False,"nfurrh,xfuzat,treinhard,jthachet,bgfroerer,awang,mturner",357,648,e88fa1bf09161278620455e950b22c41b77c2a7c0f80f4f08f37b490367437f3,1781398039.0,False,457,645.384615384615,12.2138159475243,8.18,9.07,-42.0464887801529,0b560dc1578a867529f852efcf0409f7f7eaeb62c739388a3070dcc1d8d38c69,0.979650068082797,0.0203499319172034,0.683823946131742,0.75846921094494,0.78619984757221,0.730170499080768,645.384615384615,15.0,1.0,0.0277306366272702,0.0877063151620734,648.0,0444ec15f087b225ad4f82ac2e2ef83cc8265614,2026-08-18 08:07:04,2026-06-14 00:50:08,2026-06-13-HTX-CAR,flyers,havoc,32,11,2026-06-13 19:00:00
smadiraju1,17.18,66.61,mlee1,-22.51,93.81,0,0,0,"mtucker,wcoffin,ostout,elong,mlee1,smadiraju,smadiraju1",True,2026-06-13-HTX-CAR,24,9,4,1,720.0,2,11,False,False,458,home,357,1781398047.0,18,False,"nfurrh,xfuzat,treinhard,jthachet,bgfroerer,awang,mturner",358,649,38af076e4d7b79083fd7ca689d225d04ca6bee1a1928f0fefe1d394799736d23,1781398047.0,False,458,637.923076923077,48.115861210208,-39.69,27.2,55.5767239239998,747f4ad2f8128b7446d07aca45b55e60855d5d531e143aa7b9f7de202cbadf68,0.755923539077233,0.244076460922767,0.683823946131742,0.784723060121607,0.893102588510394,0.602898328244337,637.923076923077,15.0,1.0,0.108379528388787,0.342782215992695,649.0,6e86256bc9e939a66b447f38d2955420e10574ad,2026-08-18 08:07:04,2026-06-14 00:50:08,2026-06-13-HTX-CAR,flyers,havoc,32,11,2026-06-13 19:00:00
mlee1,-22.51,93.81,wcoffin,-19.03,105.47,0,0,0,"mtucker,wcoffin,ostout,elong,mlee1,smadiraju,smadiraju1",True,2026-06-13-HTX-CAR,25,9,4,1,720.0,2,12,False,False,459,home,358,1781398062.0,19,False,"nfurrh,xfuzat,treinhard,jthachet,bgfroerer,awang,mturner",359,651,69e864bb0a1b963ddc4c3fcd868185f938131e910ad20d5bdcaef729f6ca15be,1781398062.0,False,459,630.461538461538,12.168237341538,3.48,11.66,-16.6180632405195,748a930018db04b4d3ddb6d7d04439d2ebcda8899412cc5b52eb316a89f04397,0.958598082852357,0.0414019171476425,0.683823946131742,0.892501367718374,1.0,0.604391121885443,630.461538461538,15.0,1.0,0.107498632281626,0.33999612230728,651.0,b88efdae0c81ce58ccc233e1be9b2069d7621390,2026-08-18 08:07:04,2026-06-14 00:50:08,2026-06-13-HTX-CAR,flyers,havoc,32,11,2026-06-13 19:00:00
cdixon,-2.05,13.18,mbaldauf,-4.78,16.81,0,0,0,"bthibodea,cughetta,mbaldauf,jjoshi,blin,cdixon,sheslep",False,2026-06-13-HTX-CAR,25,9,4,2,623.0,1,1,True,True,460,away,293,1781398113.0,18,False,"bmorrison,cbelus,smadiraju,zthoreson,jsingleto,jreinhard,nlyle",294,655,009fd1d2c1c2f05f3ae4e2b1dd68242fe4856200b8fe6c73f5ec1e1042ab1af5,1781398113.0,False,460,623.0,4.54200396301016,-2.73,3.63,36.9455855536183,798882703af8b158eed5fe044c301ea5a48bbdfa568efd948ea1dbea785ad83a,0.993978127206098,0.00602187279390165,0.61323902265079,0.61323902265079,0.621234330062518,0.929426676752525,623.0,16.0,1.0,0.00799530741172771,0.0206724770077015,655.0,92a5d8f0a7741f9584946e57647dfa0e847d411e,2026-08-18 08:07:04,2026-06-14 00:50:08,2026-06-13-HTX-CAR,flyers,havoc,32,11,2026-06-13 19:00:00
mbaldauf,-4.78,16.81,cughetta,-15.41,24.27,0,0,0,"bthibodea,cughetta,mbaldauf,jjoshi,blin,cdixon,sheslep",False,2026-06-13-HTX-CAR,25,9,4,2,623.0,1,2,True,True,461,away,294,1781398117.0,18,False,"bmorrison,cbelus,smadiraju,zthoreson,jsingleto,jreinhard,nlyle",295,656,999d5ebc5f9a7b9397fb9834697832a5083e4a6dfeda3822ebc7c6b5939257ed,1781398117.0,False,461,616.5,12.9864737323109,-10.63,7.46,54.9393058619106,4f4e9f77902445486289f52c9d79e8297974ebf05d9d0fcfa6503f047703e104,0.986197600659334,0.0138023993406657,0.61323902265079,0.62079347005565,0.629692860768777,0.911378021935695,616.5,16.0,1.0,0.00889939071312706,0.0230100533257566,656.0,4f6b09554ef324b1969ab736a6dc5654e5d102c0,2026-08-18 08:07:04,2026-06-14 00:50:08,2026-06-13-HTX-CAR,flyers,havoc,32,11,2026-06-13 19:00:00
cughetta,-15.41,24.27,blin,-22.76,35.0,0,0,0,"bthibodea,cughetta,mbaldauf,jjoshi,blin,cdixon,sheslep",False,2026-06-13-HTX-CAR,25,9,4,2,623.0,1,3,True,True,462,away,295,1781398120.0,18,False,"bmorrison,cbelus,smadiraju,zthoreson,jsingleto,jreinhard,nlyle",296,657,9a2293d32f4df88ec22df2c5b0aaf631a33913acee6dbef410f722c7251011b4,1781398120.0,False,462,610.0,13.0059755497233,-7.35,10.73,34.4109616627585,a0a8dda9389d9894c2144e0e8af260504dda8f1fd156c2cc756abc44a3cebb55,0.979411637775256,0.0205883622247438,0.61323902265079,0.629574627950122,0.626537018001463,0.851495121260179,610.0,16.0,1.0,-0.00303760994865943,-0.00785397215995952,657.0,60a9e3171b74f92496fddc0462201da452b64a02,2026-08-18 08:07:04,2026-06-14 00:50:08,2026-06-13-HTX-CAR,flyers,havoc,32,11,2026-06-13 19:00:00
blin,-22.76,35.0,mbaldauf,-23.13,56.0,0,0,0,"bthibodea,cughetta,mbaldauf,jjoshi,blin,cdixon,sheslep",False,2026-06-13-HTX-CAR,25,9,4,2,623.0,1,4,True,True,463,away,296,1781398129.0,18,False,"bmorrison,cbelus,smadiraju,zthoreson,jsingleto,jreinhard,nlyle",297,658,d5a0e8cc759459313288a03e5342a93dad51418d1e051e18bdec7686d94c9dbb,1781398129.0,False,463,603.5,21.0032592708846,-0.369999999999997,21.0,1.00939262738974,9c3f4932292bd41eebba35d1acc775aa2ec430fbed7f23ba55ca423b62a47ced,0.926702671502635,0.0732973284973648,0.61323902265079,0.626701312123073,0.708013199460167,0.746183077057905,603.5,16.0,1.0,0.0813118873370937,0.21023808527528,658.0,a87a95369787162ebfad1d087a70ef23370de8ea,2026-08-18 08:07:04,2026-06-14 00:50:08,2026-06-13-HTX-CAR,flyers,havoc,32,11,2026-06-13 19:00:00
mbaldauf,-23.13,56.0,cdixon,-12.77,55.63,0,0,0,"bthibodea,cughetta,mbaldauf,jjoshi,blin,cdixon,sheslep",False,2026-06-13-HTX-CAR,25,9,4,2,623.0,1,5,True,True,464,away,297,1781398133.0,18,False,"bmorrison,cbelus,smadiraju,zthoreson,jsingleto,jreinhard,nlyle",298,659,cdc38510fdcbc2b913967e3c7b82c3eabc5054aedd403b975c48d8d30fbc06a6,1781398133.0,False,464,597.0,10.3666050373302,10.36,-0.369999999999997,-92.0454084888872,e57117487c5ed2f9cc34156ec30b84821c1e9414ec7efb32c67423718f204d53,0.978306821828866,0.0216931781711343,0.61323902265079,0.708375775447105,0.744165835703253,0.781357825266909,597.0,16.0,1.0,0.0357900602561485,0.0925379300193291,659.0,e7cc47fefaf477ccbf91c16cfa539ecba530c011,2026-08-18 08:07:04,2026-06-14 00:50:08,2026-06-13-HTX-CAR,flyers,havoc,32,11,2026-06-13 19:00:00
cdixon,-12.77,55.63,jjoshi,-12.32,107.18,0,0,0,"bthibodea,cughetta,mbaldauf,jjoshi,blin,cdixon,sheslep",False,2026-06-13-HTX-CAR,25,10,4,2,623.0,1,6,True,True,465,away,298,1781398142.0,19,False,"bmorrison,cbelus,smadiraju,zthoreson,jsingleto,jreinhard,nlyle",299,661,fe0af4bd6762b6de4f21314c0fc739fc7ebd8d8ba5b1bc6826a69895a6398ef1,1781398142.0,False,465,590.5,51.5519640750961,0.449999999999999,51.55,-0.500144440366469,e7a40ce0535ac2f7b4da21c90bb1ae8d1ca1f6d3d7caa89381bcc93baf5c9c16,0.649205281537101,0.350794718462899,0.61323902265079,0.744669997029649,1.0,0.6244671169878,590.5,16.0,1.0,0.255330002970351,0.660175193268816,661.0,70abaf499e8fd9ba70e123e65b5ae06582e09716,2026-08-18 08:07:04,2026-06-14 00:50:08,2026-06-13-HTX-CAR,flyers,havoc,32,11,2026-06-13 19:00:00
kpignone,-8.87,12.54,jlouie,0.27,12.4,0,0,0,"gsanner,jfairfax,jlouie,kpignone,tbrooks1,zthoreson,wmatthews",True,2026-06-13-HTX-CAR,25,10,4,3,584.0,1,1,True,True,466,home,363,1781398198.0,18,False,"ifuzat,ibaker,cburt,skelly,jzhou,jsunukjia,cughetta",364,664,866fc043b39b7bd4b9f9312420b4fe6e2190f97cca12f2a44647e0f61c89f499,1781398198.0,False,466,584.0,9.14107214718273,9.14,-0.139999999999999,-90.8775472532174,1c86f7b18b8f6d6797715f0b21809501b186f8cb9daad7cd0816d0ca4204f018,0.991966575224867,0.00803342477513291,0.611607081950981,0.611607081950981,0.613058266955779,0.929946129758497,584.0,15.0,1.0,0.00145118500479846,0.00373638379424649,664.0,6bd9a7cd6760c6ceeb49a4a6207754a294482657,2026-08-18 08:07:04,2026-06-14 00:50:08,2026-06-13-HTX-CAR,flyers,havoc,32,11,2026-06-13 19:00:00
jlouie,0.27,12.4,jfairfax,19.3,29.11,0,0,0,"gsanner,jfairfax,jlouie,kpignone,tbrooks1,zthoreson,wmatthews",True,2026-06-13-HTX-CAR,25,10,4,3,584.0,1,2,True,True,467,home,364,1781398203.0,18,False,"ifuzat,ibaker,cburt,skelly,jzhou,jsunukjia,cughetta",365,666,75f0ec81ebf36b1d773a83a2cd0640c38bd4e167a9430a1947d80e14a62a7e44,1781398203.0,False,467,575.2,25.3251850931045,19.03,16.71,-48.7140451585301,de28e7ae1ac64643c83ac0be1d82275f39084c19a961e8ab17c6d8541e0269bb,0.965356511074441,0.0346434889255592,0.611607081950981,0.614358421701068,0.63019349884412,0.889810125369712,575.2,15.0,1.0,0.0158350771430525,0.0407707669403333,666.0,3e4ef1f6eb4a9e0feb640634b6b18f493335af7d,2026-08-18 08:07:04,2026-06-14 00:50:08,2026-06-13-HTX-CAR,flyers,havoc,32,11,2026-06-13 19:00:00
jfairfax,19.3,29.11,tbrooks1,-0.28,86.65,0,0,0,"gsanner,jfairfax,jlouie,kpignone,tbrooks1,zthoreson,wmatthews",True,2026-06-13-HTX-CAR,25,10,4,3,584.0,1,3,True,True,468,home,365,1781398233.0,18,False,"ifuzat,ibaker,cburt,skelly,jzhou,jsunukjia,cughetta",366,668,49eba86311eb5be351488a112749c7330a033e16e691e7b7b0a54cf5d5c94ce5,1781398233.0,False,468,566.4,60.7801612370352,-19.58,57.54,18.7926701655455,27041bb4bc28c784ab0ec6448f3d9ed768e8da30e0417de93573e047cf4275d6,0.582846037991953,0.417153962008047,0.611607081950981,0.631628083635969,0.883831548034766,0.670829085307545,566.4,15.0,1.0,0.252203464398797,0.649351346738423,668.0,3fcda55d15293c4e0951f8ab63df5055fc40477c,2026-08-18 08:07:04,2026-06-14 00:55:11,2026-06-13-HTX-CAR,flyers,havoc,32,11,2026-06-13 19:00:00
tbrooks1,-0.28,86.65,kpignone,16.36,92.72,0,0,0,"gsanner,jfairfax,jlouie,kpignone,tbrooks1,zthoreson,wmatthews",True,2026-06-13-HTX-CAR,25,10,4,3,584.0,1,4,True,True,469,home,366,1781398246.0,18,False,"ifuzat,ibaker,cburt,skelly,jzhou,jsunukjia,cughetta",367,669,3aef5e53a6ed72d885b661d311a487d26e189c70fb8cf9660b72ac25311de415,1781398246.0,False,469,557.6,17.7125520465008,16.64,6.06999999999999,-69.95885706298,8384591c6585ed5e4a2c44caa87a1b98189ab1733f5158d06d789b5d512451f7,0.958124310719791,0.0418756892802086,0.611607081950981,0.884491912521787,0.901544117106958,0.641662498666422,557.6,15.0,1.0,0.0170522045851709,0.0439045198631008,669.0,e2a0e0ce60c058ca2888f2ad3b93fafb9402a512,2026-08-18 08:07:04,2026-06-14 00:55:11,2026-06-13-HTX-CAR,flyers,havoc,32,11,2026-06-13 19:00:00
kpignone,16.36,92.72,jfairfax,19.57,109.7,0,0,0,"gsanner,jfairfax,jlouie,kpignone,tbrooks1,zthoreson,wmatthews",True,2026-06-13-HTX-CAR,26,10,4,3,584.0,1,5,True,True,470,home,367,1781398253.0,19,False,"ifuzat,ibaker,cburt,skelly,jzhou,jsunukjia,cughetta",368,671,d5a9358914a0610524165515d6a4e040fe818d29518bf9d241bc501af974fa0d,1781398253.0,False,470,548.8,17.2807551918312,3.21,16.98,-10.705198660731,95e368d03f292cb0d3f1b88491da48cc856da70ce97f61d5236d468f71ecbdc3,0.945036394497933,0.0549636055020671,0.611607081950981,0.902105898948688,1.0,0.611285117529912,548.8,15.0,1.0,0.0978941010513121,0.252049140193017,671.0,07dc5130658799f4d0cf6234a0d731af2f175198,2026-08-18 08:07:04,2026-06-14 00:55:11,2026-06-13-HTX-CAR,flyers,havoc,32,11,2026-06-13 19:00:00
awang,-18.22,15.09,xfuzat,-3.68,15.45,0,0,0,"nfurrh,xfuzat,treinhard,jthachet,bgfroerer,awang,mturner",False,2026-06-13-HTX-CAR,26,10,4,4,540.0,1,1,True,True,471,away,304,1781398319.0,18,False,"wmatthews,smadiraju,smadiraju1,elong,jsingleto,mtucker,mlee1",305,675,72fe2dd95b81956cff9b5be5c28ea399c70345accd6a8af569e39cc21b63f88a,1781398319.0,False,471,540.0,14.5444559884514,14.54,0.359999999999999,-88.581687252802,8ef0a5d6c163573fe042eb22fe4530c74e9ca3b496637e8038e3bb1b48f9a96c,0.984135107670977,0.0158648923290227,0.60682470788053,0.60682470788053,0.626776652404628,0.931828794767867,540.0,16.0,1.0,0.0199519445240974,0.0507456722840937,675.0,ff7f2175614ac6dbfd57e78d9ba012ae51c93802,2026-08-18 08:07:04,2026-06-14 00:55:11,2026-06-13-HTX-CAR,flyers,havoc,32,11,2026-06-13 19:00:00
xfuzat,-3.68,15.45,awang,8.4,17.0,0,0,0,"nfurrh,xfuzat,treinhard,jthachet,bgfroerer,awang,mturner",False,2026-06-13-HTX-CAR,26,10,4,4,540.0,1,2,True,True,472,away,305,1781398323.0,18,False,"wmatthews,smadiraju,smadiraju1,elong,jsingleto,mtucker,mlee1",306,676,7ac11f65a024e3876b725e84ad2c98fbdfe76a12c4fa26aae276e659a6555b45,1781398323.0,False,472,536.117647058824,12.1790352655701,12.08,1.55,-82.6882580727926,b8b245b3b554fe6b9828a581538b731ce2ad29981d90cd89d2961fe71ab52762,0.988604163370024,0.0113958366299757,0.60682470788053,0.627322933025341,0.629565637852147,0.931636506387569,536.117647058824,16.0,1.0,0.00224270482680589,0.00570408383170838,676.0,6885031be433d11b6c7db6789adc9a6dfbe42782,2026-08-18 08:07:04,2026-06-14 00:55:11,2026-06-13-HTX-CAR,flyers,havoc,32,11,2026-06-13 19:00:00
awang,8.4,17.0,xfuzat,-9.41,15.45,0,0,0,"nfurrh,xfuzat,treinhard,jthachet,bgfroerer,awang,mturner",False,2026-06-13-HTX-CAR,26,10,4,4,540.0,1,3,True,True,473,away,306,1781398324.0,18,False,"wmatthews,smadiraju,smadiraju1,elong,jsingleto,mtucker,mlee1",307,677,7740d5b5f5198481d49b51c0f082c2403a3e077cdf4c00068423a31ddf253a4d,1781398324.0,False,473,532.235294117647,17.8773208283568,-17.81,-1.55,94.9739053717814,5f0fecd4ae6bed8079ecc58f1d9535d6b724a35058c8bc424629b009815f6941,0.982695541802178,0.0173044581978217,0.60682470788053,0.630073019559381,0.626070117918862,0.931549141306941,532.235294117647,16.0,1.0,-0.00400290164051875,-0.010180959283938,677.0,87a4139ef7823aa5e0e819fde03c551deb435c32,2026-08-18 08:07:04,2026-06-14 00:55:11,2026-06-13-HTX-CAR,flyers,havoc,32,11,2026-06-13 19:00:00
xfuzat,-9.41,15.45,nfurrh,-20.95,30.9,0,0,0,"nfurrh,xfuzat,treinhard,jthachet,bgfroerer,awang,mturner",False,2026-06-13-HTX-CAR,26,10,4,4,540.0,1,4,True,True,474,away,307,1781398328.0,18,False,"wmatthews,smadiraju,smadiraju1,elong,jsingleto,mtucker,mlee1",308,678,10cbbc2892204c8f1e33badfbc19e0bf99cd19fb2c580e11a9e6858c0f4b2e51,1781398328.0,False,474,528.352941176471,19.2840374403287,-11.54,15.45,36.7569938497751,1d23c2f0fcdc4e108331758c2c2a04f9d370a7d6ab6a97a89a98604ccb7ae634,0.974917551887559,0.0250824481124406,0.60682470788053,0.626543126996256,0.637010867689631,0.880533953236441,528.352941176471,16.0,1.0,0.0104677406933754,0.0266235974212609,678.0,5f8790dc89542e34fb3ea75473484f93027b20b4,2026-08-18 08:07:04,2026-06-14 00:55:11,2026-06-13-HTX-CAR,flyers,havoc,32,11,2026-06-13 19:00:00
nfurrh,-20.95,30.9,,-20.95,30.9,1,0,0,"nfurrh,xfuzat,treinhard,jthachet,bgfroerer,awang,mturner",False,2026-06-13-HTX-CAR,26,10,4,4,540.0,1,5,True,True,475,away,308,1781398336.0,22,False,"wmatthews,smadiraju,smadiraju1,elong,jsingleto,mtucker,mlee1",309,680,4d5ff369b2d187d6c829a173138c25ae6d09aadbe0ed8e0a99d69a3f5eae1ebe,1781398336.0,False,475,524.470588235294,0.0,0.0,0.0,-90.0,ff975295e368d245009b53ae3fff2d39450911fb7305e85083bc62952cd7aca8,0.5,-0.5,0.60682470788053,0.637443213986279,0.637443213986279,0.880730553535434,524.470588235294,16.0,1.0,-0.880730553535434,-0.880730553535434,680.0,053aede8115b25508035b8fa586e796f6c56b3db,2026-08-18 08:07:04,2026-06-14 00:55:11,2026-06-13-HTX-CAR,flyers,havoc,32,11,2026-06-13 19:00:00
wmatthews,17.66,69.4,smadiraju1,6.34,64.36,0,0,0,"wmatthews,smadiraju,smadiraju1,elong,jsingleto,mtucker,mlee1",True,2026-06-13-HTX-CAR,26,10,4,4,540.0,2,1,False,False,476,home,371,1781398338.0,18,False,"nfurrh,xfuzat,treinhard,jthachet,bgfroerer,awang,mturner",372,681,1af1680374b0977716c02cdc2c44bb97c45795889c9e408a66ea1f0aac6c7a7f,1781398338.0,False,476,520.588235294118,12.3912872616206,-11.32,-5.04000000000001,114.000047657834,26de0ca6467371e4f9ff06c4834f0a0f5fe68997b8b1bbecc86c93578a9b8c04,0.977292168371348,0.0227078316286521,0.739531433990801,0.802093330464494,0.793090981395986,0.756641475770684,520.588235294118,16.0,1.0,-0.0090023490685085,-0.0345621324155889,681.0,4eae1a95db0da39c209862c048f528905eea08ba,2026-08-18 08:07:04,2026-06-14 00:55:11,2026-06-13-HTX-CAR,flyers,havoc,32,11,2026-06-13 19:00:00
smadiraju1,6.34,64.36,jsingleto,-2.32,51.06,0,0,0,"wmatthews,smadiraju,smadiraju1,elong,jsingleto,mtucker,mlee1",True,2026-06-13-HTX-CAR,26,10,4,4,540.0,2,2,False,False,477,home,372,1781398340.0,18,False,"nfurrh,xfuzat,treinhard,jthachet,bgfroerer,awang,mturner",373,682,e3cc509dd4e55adb09095df3a55daf3988a48bd7f53b1a355cbd3fa4707f39b0,1781398340.0,False,477,516.705882352941,15.8709041960438,-8.66,-13.3,146.93072927907,4a66ac7b1797fb2f7648cdbdbc1072bd424d43a1787d5ab18c2cf634e27e1706,0.982076029351458,0.0179239706485416,0.739531433990801,0.793350503425072,0.739253001889639,0.813461740199928,516.705882352941,16.0,1.0,-0.0540975015354328,-0.207693014033495,682.0,beb63a896f8e26285957b0b70391fbc9c26210f9,2026-08-18 08:07:04,2026-06-14 00:55:11,2026-06-13-HTX-CAR,flyers,havoc,32,11,2026-06-13 19:00:00
jsingleto,-2.32,51.06,elong,-19.92,68.45,0,0,0,"wmatthews,smadiraju,smadiraju1,elong,jsingleto,mtucker,mlee1",True,2026-06-13-HTX-CAR,26,10,4,4,540.0,2,3,False,False,478,home,373,1781398344.0,18,False,"nfurrh,xfuzat,treinhard,jthachet,bgfroerer,awang,mturner",374,683,8d3f2aa119202b19b6e70022168ecc3cd684fa28923dde152d5b91fd9ea5c77e,1781398344.0,False,478,512.823529411765,24.7421118742924,-17.6,17.39,45.3438687977412,f1da941e692dfc61ed4e203a98d78af007fcbda15d945c08b7100df934fd147e,0.94897853958734,0.0510214604126601,0.739531433990801,0.739531433990801,0.793338502458863,0.716107097559437,512.823529411765,16.0,1.0,0.0538070684680613,0.206577973275136,683.0,c05feb8d1ce9199b5ebc07d295ab494c96a697d5,2026-08-18 08:07:04,2026-06-14 00:55:11,2026-06-13-HTX-CAR,flyers,havoc,32,11,2026-06-13 19:00:00
elong,-19.92,68.45,wmatthews,-24.42,78.47,0,0,0,"wmatthews,smadiraju,smadiraju1,elong,jsingleto,mtucker,mlee1",True,2026-06-13-HTX-CAR,26,10,4,4,540.0,2,4,False,False,479,home,374,1781398347.0,18,False,"nfurrh,xfuzat,treinhard,jthachet,bgfroerer,awang,mturner",375,684,67d2d0b499260a2e3f4429c5d630d88b9c9e562c6a1d08e20a6fb585e7154aed,1781398347.0,False,479,508.941176470588,10.9840975960704,-4.5,10.02,24.1849340336327,3df8ac28ab624da1e3577c3d946512fdd4958dddf5aa122f268a216f20c45e83,0.95283070619508,0.0471692938049195,0.739531433990801,0.793553553626454,0.818106218875407,0.649984487212387,508.941176470588,16.0,1.0,0.0245526652489532,0.0942634484657395,684.0,60081f9d320ada6ffda3433203af4f780ca10442,2026-08-18 08:07:04,2026-06-14 00:55:11,2026-06-13-HTX-CAR,flyers,havoc,32,11,2026-06-13 19:00:00
wmatthews,-24.42,78.47,mlee1,-10.58,70.9,0,0,0,"wmatthews,smadiraju,smadiraju1,elong,jsingleto,mtucker,mlee1",True,2026-06-13-HTX-CAR,26,10,4,4,540.0,2,5,False,False,480,home,375,1781398350.0,18,False,"nfurrh,xfuzat,treinhard,jthachet,bgfroerer,awang,mturner",376,685,b80f9a1a65d31cd29683c4259dded3801b28082656c1774c56b377dac3f8fd26,1781398350.0,False,480,505.058823529412,15.7749960380344,13.84,-7.56999999999999,-118.67712982351,704309dedde9d394d367951d46f76305c043407c940704e1d70e6524ded36a2a,0.959635369396975,0.0403646306030251,0.739531433990801,0.818282322053761,0.820671286927927,0.729743651531882,505.058823529412,16.0,1.0,0.00238896487416573,0.00917179723745,685.0,83cf66260197f0891035f36c180d5e80752aa1e9,2026-08-18 08:07:04,2026-06-14 00:55:11,2026-06-13-HTX-CAR,flyers,havoc,32,11,2026-06-13 19:00:00
mlee1,-10.58,70.9,elong,0.54,71.31,0,0,0,"wmatthews,smadiraju,smadiraju1,elong,jsingleto,mtucker,mlee1",True,2026-06-13-HTX-CAR,26,10,4,4,540.0,2,6,False,False,481,home,376,1781398351.0,18,False,"nfurrh,xfuzat,treinhard,jthachet,bgfroerer,awang,mturner",377,686,4a7de62ea93c9fb72e1e9aec02afaf42da718ec68a4b9eb96cee0fdb50298871,1781398351.0,False,481,501.176470588235,11.1275558861773,11.12,0.409999999999997,-87.8884322544254,77066d0976b774f0de55a823809495e8b15cb8379d70360bb8a005790716fbf8,0.978881522250206,0.0211184777497939,0.739531433990801,0.82082724145735,0.824412549724402,0.731229777464336,501.176470588235,16.0,1.0,0.00358530826705228,0.0137648405025797,686.0,8ff7ff7c9caf3ee236c0374c155f9f2d2497cbe8,2026-08-18 08:07:04,2026-06-14 00:55:11,2026-06-13-HTX-CAR,flyers,havoc,32,11,2026-06-13 19:00:00
elong,0.54,71.31,jsingleto,9.68,72.88,0,0,0,"wmatthews,smadiraju,smadiraju1,elong,jsingleto,mtucker,mlee1",True,2026-06-13-HTX-CAR,26,10,4,4,540.0,2,7,False,False,482,home,377,1781398354.0,18,False,"nfurrh,xfuzat,treinhard,jthachet,bgfroerer,awang,mturner",378,687,1c79a8fb0f5d6adc7e7bdc32adeb0bb5ed111fb8a83fdefa9e5a0d5f3f86acf1,1781398354.0,False,482,497.294117647059,9.27386111606164,9.14,1.56999999999999,-80.2532834202004,ac110f51bdae5b4b05fde79c5d0d60f85ed86ef743ac55cb592f1fc9ea877100,0.981945425697577,0.0180545743024233,0.739531433990801,0.82454868356681,0.829714080340675,0.723639414341099,497.294117647059,16.0,1.0,0.00516539677386452,0.019831171388574,687.0,0d09613ece93c101413cf789d3856d48465d179c,2026-08-18 08:07:04,2026-06-14 00:55:11,2026-06-13-HTX-CAR,flyers,havoc,32,11,2026-06-13 19:00:00
jsingleto,9.68,72.88,mlee1,-21.22,83.38,0,0,0,"wmatthews,smadiraju,smadiraju1,elong,jsingleto,mtucker,mlee1",True,2026-06-13-HTX-CAR,26,10,4,4,540.0,2,8,False,False,483,home,378,1781398360.0,18,False,"nfurrh,xfuzat,treinhard,jthachet,bgfroerer,awang,mturner",379,688,f0b54df8244c97dd57d96bb75d468a347a64852851a56b16acd85040f9c21508,1781398360.0,False,483,493.411764705882,32.6352570083338,-30.9,10.5,71.2319399331566,382046622495d7afe88f5b0c439ebfb83a9bd50e0bd885986cbdcaa4e35c70c4,0.907038096991302,0.0929619030086983,0.739531433990801,0.829830735681625,0.857651549163486,0.654174319953704,493.411764705882,16.0,1.0,0.0278208134818612,0.106810637107276,688.0,b8e27a1ccb2c426d1717638a61dbcbf4545097fd,2026-08-18 08:07:04,2026-06-14 00:55:11,2026-06-13-HTX-CAR,flyers,havoc,32,11,2026-06-13 19:00:00
mlee1,-21.22,83.38,smadiraju,-21.08,89.79,0,0,0,"wmatthews,smadiraju,smadiraju1,elong,jsingleto,mtucker,mlee1",True,2026-06-13-HTX-CAR,26,10,4,4,540.0,2,9,False,False,484,home,379,1781398363.0,18,False,"nfurrh,xfuzat,treinhard,jthachet,bgfroerer,awang,mturner",380,689,9011fcbe00562b273bd2a203a6077dbdaf0095a9ecc657d093745a853b0b79e4,1781398363.0,False,484,489.529411764706,6.41152867887216,0.140000000000001,6.41000000000001,-1.25119095619027,6ee32dcfa859465741a548e99e305d0cabbf8b28ca9dcb865ce89347869a9f76,0.980405497080375,0.0195945029196253,0.739531433990801,0.857738881581018,0.885507277783973,0.63443655458208,489.529411764706,16.0,1.0,0.0277683962029553,0.106609394862544,689.0,2557368a0f8030ab12ca0a3d75c13a0dd7f0c02b,2026-08-18 08:07:04,2026-06-14 00:55:11,2026-06-13-HTX-CAR,flyers,havoc,32,11,2026-06-13 19:00:00
smadiraju,-21.08,89.79,jsingleto,-15.21,85.9,0,0,0,"wmatthews,smadiraju,smadiraju1,elong,jsingleto,mtucker,mlee1",True,2026-06-13-HTX-CAR,26,10,4,4,540.0,2,10,False,False,485,home,380,1781398367.0,18,False,"nfurrh,xfuzat,treinhard,jthachet,bgfroerer,awang,mturner",381,690,d812605326dd3d5b8a47b289cbf3ff9e548c5741482ff0e25cb1d088bd33a2d8,1781398367.0,False,485,485.647058823529,7.04194575383821,5.87,-3.89,-123.532103981113,f6a0d5ee1f4a8d495085b4a2e89c555f654e54390eb4d2198e32dd3ff8caa74c,0.977564957083355,0.0224350429166451,0.739531433990801,0.885569072470336,0.880401861912205,0.670551934058055,485.647058823529,16.0,1.0,-0.00516721055813185,-0.0198381349323717,690.0,3fc971c55b8195387352ab9a7cfcabdaed37e2f0,2026-08-18 08:07:04,2026-06-14 00:55:11,2026-06-13-HTX-CAR,flyers,havoc,32,11,2026-06-13 19:00:00
jsingleto,-15.21,85.9,wmatthews,4.36,89.11,0,0,0,"wmatthews,smadiraju,smadiraju1,elong,jsingleto,mtucker,mlee1",True,2026-06-13-HTX-CAR,26,10,4,4,540.0,2,11,False,False,486,home,381,1781398371.0,18,False,"nfurrh,xfuzat,treinhard,jthachet,bgfroerer,awang,mturner",382,691,ff7d0449009dbf3da82875b9d30e1451eff54e93ba90c6530bd4ef4110748227,1781398371.0,False,486,481.764705882353,19.831515322839,19.57,3.20999999999999,-80.6849185492429,4c104cee74ff95c36171293f423f08fed15e699daf8231e4e2f047721f6b9aaa,0.939228169809271,0.0607718301907287,0.739531433990801,0.880455369829925,0.896850011878364,0.671610700415994,481.764705882353,16.0,1.0,0.0163946420484388,0.0629428813604317,691.0,1dcf3d74d09c4888618c5b8c5d8fa810fc366209,2026-08-18 08:07:04,2026-06-14 00:55:11,2026-06-13-HTX-CAR,flyers,havoc,32,11,2026-06-13 19:00:00
wmatthews,4.36,89.11,mtucker,15.95,106.56,0,0,0,"wmatthews,smadiraju,smadiraju1,elong,jsingleto,mtucker,mlee1",True,2026-06-13-HTX-CAR,27,10,4,4,540.0,2,12,False,False,487,home,382,1781398377.0,19,False,"nfurrh,xfuzat,treinhard,jthachet,bgfroerer,awang,mturner",383,693,5f1d133fa4ca8a83d6b7534929dcba9664442a66959a0a24cc9b3096e8b4667b,1781398377.0,False,487,477.882352941176,20.9482839392634,11.59,17.45,-33.5914518238542,2d427120eff6eef6b08da3dba84585d1a6a7354edeb288077f6fe68075e3da07,0.931254598791428,0.0687454012085716,0.739531433990801,0.896888062334061,1.0,0.630951021421269,477.882352941176,16.0,1.0,0.103111937665939,0.395870946140571,693.0,34bf817bf424b0b525dc870fffd085e2567291e0,2026-08-18 08:07:04,2026-06-14 00:55:11,2026-06-13-HTX-CAR,flyers,havoc,32,11,2026-06-13 19:00:00
cdixon,10.49,15.18,cughetta,6.95,25.63,0,0,0,"bthibodea,cughetta,mbaldauf,jjoshi,blin,cdixon,sheslep",False,2026-06-13-HTX-CAR,27,10,4,5,474.0,1,1,True,True,488,away,311,1781398500.0,18,False,"bmorrison,cbelus,ostout,jsingleto,nlyle,zthoreson,jreinhard",312,697,68987e836c3f8d465af3bbacf5be5a583c68d4674e863ee2d35be5077f4f3837,1781398500.0,False,488,474.0,11.0333177240574,-3.54,10.45,18.7141177950494,ad6b7187041496ef8638c159be9996c11057e2a27436dd9d9266ca65c4da93f2,0.985171971196902,0.0148280288030981,0.628077977708997,0.628077977708997,0.656330703239652,0.915221654557401,474.0,17.0,1.0,0.0282527255306552,0.0759641103170529,697.0,d4bf7e5c7a86b9e0523fd5cf3a81d3daf62004ba,2026-08-18 08:07:04,2026-06-14 00:55:11,2026-06-13-HTX-CAR,flyers,havoc,32,11,2026-06-13 19:00:00
cughetta,6.95,25.63,bthibodea,6.76,37.27,0,0,0,"bthibodea,cughetta,mbaldauf,jjoshi,blin,cdixon,sheslep",False,2026-06-13-HTX-CAR,27,10,4,5,474.0,1,2,True,True,489,away,312,1781398504.0,18,False,"bmorrison,cbelus,ostout,jsingleto,nlyle,zthoreson,jreinhard",313,698,2f31385e2918b88289b996fd47b9ee4f888134db474e8a77fd73e3333211ba52,1781398504.0,False,489,468.1875,11.6415505840073,-0.19,11.64,0.935157338353577,b9665a8bd5e2fe2307048abdefdf85426119901986976a62fcae2baaa99809ec,0.98225605507887,0.0177439449211299,0.628077977708997,0.656401659398963,0.691118091051008,0.872146740308097,468.1875,17.0,1.0,0.034716431652045,0.0933433073906061,698.0,c592130ac4aa2ab3b7efdf03558bd627e4cf27a3,2026-08-18 08:07:04,2026-06-14 00:55:11,2026-06-13-HTX-CAR,flyers,havoc,32,11,2026-06-13 19:00:00
bthibodea,6.76,37.27,mbaldauf,-17.31,38.63,0,0,0,"bthibodea,cughetta,mbaldauf,jjoshi,blin,cdixon,sheslep",False,2026-06-13-HTX-CAR,27,10,4,5,474.0,1,3,True,True,490,away,313,1781398510.0,18,False,"bmorrison,cbelus,ostout,jsingleto,nlyle,zthoreson,jreinhard",314,699,182774fbeb429eae907fbd7c779f60aafa4a90320485b448a54ea63a837d2782,1781398510.0,False,490,462.375,24.1083906555373,-24.07,1.36,86.7661197613378,fa3e7f7efd27e0ae7849c6024dcde5efa6ae98ea7fc99de9dd96505b3c6db40c,0.969528961124418,0.0304710388755816,0.628077977708997,0.691146392856488,0.681891451139693,0.857715651325104,462.375,17.0,1.0,-0.0092549417167952,-0.0248840917238126,699.0,2142ddca6a02d7ec321e32f6895da3e45085cee8,2026-08-18 08:07:04,2026-06-14 01:00:14,2026-06-13-HTX-CAR,flyers,havoc,32,11,2026-06-13 19:00:00
mbaldauf,-17.31,38.63,cdixon,-8.41,49.27,0,0,0,"bthibodea,cughetta,mbaldauf,jjoshi,blin,cdixon,sheslep",False,2026-06-13-HTX-CAR,27,10,4,5,474.0,1,4,True,True,491,away,314,1781398514.0,18,False,"bmorrison,cbelus,ostout,jsingleto,nlyle,zthoreson,jreinhard",315,700,27b41b803ed3c7a20ded866f073caadafb623c8a8d64b49a8149c9f72a57b91f,1781398514.0,False,491,456.5625,13.8715392080331,8.9,10.64,-39.9113412868891,b58c66a3eeb27412948cfee38cec04c97f243e1f5e09e28f2008722dff52520d,0.971030312415204,0.0289696875847961,0.628077977708997,0.681883995223339,0.733111265379791,0.821586062853652,456.5625,17.0,1.0,0.0512272701564519,0.137736587473086,700.0,b99b895d0b6b10979e5043098eca7eb9de6884ca,2026-08-18 08:07:04,2026-06-14 01:00:14,2026-06-13-HTX-CAR,flyers,havoc,32,11,2026-06-13 19:00:00
cdixon,-8.41,49.27,bthibodea,-19.31,56.72,0,0,0,"bthibodea,cughetta,mbaldauf,jjoshi,blin,cdixon,sheslep",False,2026-06-13-HTX-CAR,27,10,4,5,474.0,1,5,True,True,492,away,315,1781398517.0,18,False,"bmorrison,cbelus,ostout,jsingleto,nlyle,zthoreson,jreinhard",316,701,89bf1f086d57484634f00280259320a6d41c556b997672aca2967a23204cbb72,1781398517.0,False,492,450.75,13.2027459265109,-10.9,7.45,55.6479308682896,54884098686684bc85e80dc6aad712f30895a75dace62425b17026b22fe9ffc7,0.982601334811469,0.0173986651885312,0.628077977708997,0.733074819025336,0.744710838222706,0.771104994981992,450.75,17.0,1.0,0.0116360191973691,0.0312861796289781,701.0,7f0b171699af96298be1c3ce9f278aad6ad13168,2026-08-18 08:07:04,2026-06-14 01:00:14,2026-06-13-HTX-CAR,flyers,havoc,32,11,2026-06-13 19:00:00
bthibodea,-19.31,56.72,,-19.31,56.72,1,0,0,"bthibodea,cughetta,mbaldauf,jjoshi,blin,cdixon,sheslep",False,2026-06-13-HTX-CAR,27,10,4,5,474.0,1,6,True,True,493,away,316,1781398522.0,22,False,"bmorrison,cbelus,ostout,jsingleto,nlyle,zthoreson,jreinhard",317,703,dc422e90bc6bf12f846fde939aa2c8f3e40b58607b1058d6c72368e61742309e,1781398522.0,False,493,444.9375,0.0,0.0,0.0,-90.0,9ecc5015aa53630cc21e2557d1c8e1c9320bcdd40aeb50cdc9fd31c2d337295e,0.5,-0.5,0.628077977708997,0.744649406211268,0.744649406211268,0.771047961718956,444.9375,17.0,1.0,-0.771047961718956,-0.771047961718956,703.0,bd7783b3c2c8bee25a82de7be78d6796e282f583,2026-08-18 08:07:04,2026-06-14 01:00:14,2026-06-13-HTX-CAR,flyers,havoc,32,11,2026-06-13 19:00:00
bmorrison,21.96,25.84,cbelus,21.96,36.4,0,0,0,"bmorrison,cbelus,ostout,jsingleto,nlyle,zthoreson,jreinhard",True,2026-06-13-HTX-CAR,27,10,4,5,474.0,2,1,False,False,494,home,386,1781398530.0,18,False,"bthibodea,cughetta,mbaldauf,jjoshi,blin,cdixon,sheslep",387,704,bb8c8e211ad344a1e0fbbca6df8b90d3fdd2262adeb1aa742140395ec8cfd9df,1781398530.0,False,494,439.125,10.56,0.0,10.56,0.0,bd3662aa10109fe9b700e1de90e1eefbfef6438ac1fe078b0b809f39bc2c6200,0.983091542961554,0.0169084570384463,0.616557099421301,0.616557099421301,0.649549411936772,0.856151101956694,439.125,17.0,1.0,0.0329923125154706,0.0860423089478983,704.0,2b3e112930f9c7e8ea16614c0a9c7195c5a41876,2026-08-18 08:07:04,2026-06-14 01:00:14,2026-06-13-HTX-CAR,flyers,havoc,32,11,2026-06-13 19:00:00
cbelus,21.96,36.4,jsingleto,15.61,34.77,0,0,0,"bmorrison,cbelus,ostout,jsingleto,nlyle,zthoreson,jreinhard",True,2026-06-13-HTX-CAR,27,10,4,5,474.0,2,2,False,False,495,home,387,1781398534.0,18,False,"bthibodea,cughetta,mbaldauf,jjoshi,blin,cdixon,sheslep",388,705,6ba090d1e7aef9dc571699498a54eca6f6d13c490f5329b5ff6f2c9f114c4545,1781398534.0,False,495,433.3125,6.55586760085955,-6.35,-1.63,104.396589531314,5aefb28371c649a0751bafbe6aa9b3b55b04d7cca46192e9d8abf4e5ccd6c8c7,0.989950461627261,0.0100495383727393,0.616557099421301,0.649423838441512,0.671647214289401,0.87729571325002,433.3125,17.0,1.0,0.0222233758478898,0.0579574581100599,705.0,27ab76297e4389b47faccc40f585a73274698b4b,2026-08-18 08:07:04,2026-06-14 01:00:14,2026-06-13-HTX-CAR,flyers,havoc,32,11,2026-06-13 19:00:00
jsingleto,15.61,34.77,cbelus,17.86,31.09,0,0,0,"bmorrison,cbelus,ostout,jsingleto,nlyle,zthoreson,jreinhard",True,2026-06-13-HTX-CAR,27,10,4,5,474.0,2,3,False,False,496,home,388,1781398535.0,18,False,"bthibodea,cughetta,mbaldauf,jjoshi,blin,cdixon,sheslep",389,706,a660a18be2a412e0ab83c01b1810d777b6a452f24d07bfa0b26dcb40b8879d23,1781398535.0,False,496,427.5,4.31333977330792,2.25,-3.68,-148.557840522409,8cf25d0f530179928d33efb99a1da7192b3e244f74c69e7243bf11b9d99d3fa7,0.994089559118344,0.00591044088165638,0.616557099421301,0.671505336097675,0.652566085675837,0.888843548336271,427.5,17.0,1.0,-0.0189392504218375,-0.0493926224563138,706.0,2cdcb4b13fe9e82f60da4ce80db9612739170b2b,2026-08-18 08:07:04,2026-06-14 01:00:14,2026-06-13-HTX-CAR,flyers,havoc,32,11,2026-06-13 19:00:00
cbelus,17.86,31.09,jreinhard,0.13,30.68,0,0,0,"bmorrison,cbelus,ostout,jsingleto,nlyle,zthoreson,jreinhard",True,2026-06-13-HTX-CAR,27,10,4,5,474.0,2,4,False,False,497,home,389,1781398538.0,18,False,"bthibodea,cughetta,mbaldauf,jjoshi,blin,cdixon,sheslep",390,707,038ad64930503a9cac386c978c660dfdafeb2c3b50c67f03ad2ea9726949e85f,1781398538.0,False,497,421.6875,17.734739919153,-17.73,-0.41,91.3247086085648,54fad486498c387ed19c0198e868ca27d023fadff54a2a919b66190be4c1c577,0.976283105687176,0.0237168943128244,0.616557099421301,0.652402858386341,0.670984407475949,0.89760183889418,421.6875,17.0,1.0,0.0185815490896082,0.0484597551853603,707.0,e74869cada25a65f48eac2c5d2b9332bc41c81eb,2026-08-18 08:07:04,2026-06-14 01:00:14,2026-06-13-HTX-CAR,flyers,havoc,32,11,2026-06-13 19:00:00
jreinhard,0.13,30.68,cbelus,6.82,32.86,0,0,0,"bmorrison,cbelus,ostout,jsingleto,nlyle,zthoreson,jreinhard",True,2026-06-13-HTX-CAR,27,10,4,5,474.0,2,5,False,False,498,home,390,1781398543.0,18,False,"bthibodea,cughetta,mbaldauf,jjoshi,blin,cdixon,sheslep",391,708,53b76d9fa56cd276d2f66461e33a3b2f77295a08d1414eca70fb2bc11faf60cc,1781398543.0,False,498,415.875,7.03622768250147,6.69,2.18,-71.9513090076071,371ec63b5097b4f7d8d27a5a1c97aaf648973008918e9bec762e048db1258668,0.990835842440367,0.00916415755963329,0.616557099421301,0.670811878366212,0.676435473676142,0.889002997020269,415.875,17.0,1.0,0.00562359530992929,0.0146660566708682,708.0,5fc45b8d7f8d28d526f087860bed5e8925a54aa8,2026-08-18 08:07:04,2026-06-14 01:00:14,2026-06-13-HTX-CAR,flyers,havoc,32,11,2026-06-13 19:00:00
cbelus,6.82,32.86,jreinhard,15.07,35.65,0,0,0,"bmorrison,cbelus,ostout,jsingleto,nlyle,zthoreson,jreinhard",True,2026-06-13-HTX-CAR,27,10,4,5,474.0,2,6,False,False,499,home,391,1781398548.0,18,False,"bthibodea,cughetta,mbaldauf,jjoshi,blin,cdixon,sheslep",392,709,2a98b1cc62d8f93387d4ff4629528e15e9f1e9ec52f71eba975f9a88793bea5a,1781398548.0,False,499,410.0625,8.70899534963706,8.25,2.79,-71.3153979443531,7b27c90218db904b507da5177be610a5c76225bc9f4d962fe31cf04409ec9556,0.989437313235984,0.0105626867640158,0.616557099421301,0.676254246867943,0.675235874079859,0.874014269397031,410.0625,17.0,1.0,-0.00101837278808325,-0.00265586554489941,709.0,d4601033531c99b53ae1a7c212d03c69f3b49b03,2026-08-18 08:07:04,2026-06-14 01:00:14,2026-06-13-HTX-CAR,flyers,havoc,32,11,2026-06-13 19:00:00
jreinhard,15.07,35.65,nlyle,19.5,75.4,0,0,0,"bmorrison,cbelus,ostout,jsingleto,nlyle,zthoreson,jreinhard",True,2026-06-13-HTX-CAR,27,10,4,5,474.0,2,7,False,False,500,home,392,1781398556.0,18,False,"bthibodea,cughetta,mbaldauf,jjoshi,blin,cdixon,sheslep",393,710,7d5eba6e1341fe0558c3cef8903323ebf22643dae8c03e7c39470cc040e13164,1781398556.0,False,500,404.25,39.9960923091244,4.43,39.75,-6.35917538191956,8cf71970a08a269b146584121b344a23a779ec988eb334ac406d35339cf60f16,0.810253148473658,0.189746851526342,0.616557099421301,0.675047404612602,0.825106807699709,0.69390794841564,404.25,17.0,1.0,0.150059403087107,0.39134745449879,710.0,d6f36ad48aaffb87e9ab6bc327351bb9162a7a75,2026-08-18 08:07:04,2026-06-14 01:00:14,2026-06-13-HTX-CAR,flyers,havoc,32,11,2026-06-13 19:00:00
nlyle,19.5,75.4,ostout,9.68,79.7,0,0,0,"bmorrison,cbelus,ostout,jsingleto,nlyle,zthoreson,jreinhard",True,2026-06-13-HTX-CAR,27,10,4,5,474.0,2,8,False,False,501,home,393,1781398559.0,18,False,"bthibodea,cughetta,mbaldauf,jjoshi,blin,cdixon,sheslep",394,711,9bd36bb17312b1229eace8b3df4707b1a39bcb1bd0fe5455be658f742eba0405,1781398559.0,False,501,398.4375,10.7201865655407,-9.82,4.3,66.3522601998363,e22b194b547a80d60b1419b3ba6c27108eb87825f116718b957c5f111ee42e66,0.971025036680511,0.0289749633194887,0.616557099421301,0.824980405956568,0.858255746391805,0.698758459213429,398.4375,17.0,1.0,0.0332753404352365,0.08678043167579,711.0,ce6ce218bef5a9ee4e81ee86944dca11b1920c42,2026-08-18 08:07:04,2026-06-14 01:00:14,2026-06-13-HTX-CAR,flyers,havoc,32,11,2026-06-13 19:00:00
ostout,9.68,79.7,jsingleto,4.36,81.0,0,0,0,"bmorrison,cbelus,ostout,jsingleto,nlyle,zthoreson,jreinhard",True,2026-06-13-HTX-CAR,27,10,4,5,474.0,2,9,False,False,502,home,394,1781398561.0,18,False,"bthibodea,cughetta,mbaldauf,jjoshi,blin,cdixon,sheslep",395,712,b897784301acc5c5b223ef58a6dcbadff49092bc72f835f6628b6fc214ef26b9,1781398561.0,False,502,392.625,5.4765317492004,-5.32,1.3,76.268248507889,1a8cc03c0c2e3cd39f566d68696ff9edf97ebbc1860e397e82e05fcf0c16457e,0.984578877367773,0.0154211226322273,0.616557099421301,0.858149024459607,0.864619923886128,0.695833597690787,392.625,17.0,1.0,0.00647089942652079,0.0168757836349423,712.0,9f8b3e71152f3803f142f1eadd626709ff00c595,2026-08-18 08:07:04,2026-06-14 01:00:14,2026-06-13-HTX-CAR,flyers,havoc,32,11,2026-06-13 19:00:00
jsingleto,4.36,81.0,zthoreson,-14.19,106.43,0,0,0,"bmorrison,cbelus,ostout,jsingleto,nlyle,zthoreson,jreinhard",True,2026-06-13-HTX-CAR,28,10,4,5,474.0,2,10,False,False,503,home,395,1781398571.0,19,False,"bthibodea,cughetta,mbaldauf,jjoshi,blin,cdixon,sheslep",396,714,049c7ac0dc3879aa666be8a20b367ee20bc06ecee8c627c0dcc702374a0c9fd0,1781398571.0,False,503,386.8125,31.4767755654864,-18.55,25.43,36.1090084068319,0c1b3f922140b5e6aeed048ba764c63acf5699cad65406fb6b1f920318d6539f,0.858326229544567,0.141673770455433,0.616557099421301,0.864518847694278,1.0,0.631912354867338,386.8125,17.0,1.0,0.135481152305722,0.353328102049228,714.0,93c2f39af53d1b087e8bfa14f8a3ebace765777c,2026-08-18 08:07:04,2026-06-14 01:00:14,2026-06-13-HTX-CAR,flyers,havoc,32,11,2026-06-13 19:00:00
xfuzat,-26.31,51.36,,-26.31,51.36,1,0,0,"xfuzat,treinhard,jthachet,bgfroerer,awang,mturner,jzhou",False,2026-06-13-HTX-CAR,28,10,4,6,381.0,1,1,True,True,504,away,319,1781398636.0,22,False,"wcoffin,mlee1,elong,smadiraju,smadiraju1,gsanner,mtucker",320,718,5d38d32937878b0a1dfd668f09c8ff98403f88cecd0f1e6e6d101e1a6574a62a,1781398636.0,False,504,381.0,0.0,0.0,0.0,-90.0,9fc42921094fde9b7edf0929f38e381f6cc17fbc71a4634d50b275ac05d9150f,0.5,-0.5,0.664868524406755,0.664868524406755,0.664868524406755,0.759065583484631,381.0,18.0,1.0,-0.759065583484631,-0.759065583484631,718.0,cd5d860db528ab1622946627afb3164799b810d3,2026-08-18 08:07:04,2026-06-14 01:00:14,2026-06-13-HTX-CAR,flyers,havoc,32,11,2026-06-13 19:00:00
elong,20.46,19.84,smadiraju1,21.61,34.7,0,0,0,"wcoffin,mlee1,elong,smadiraju,smadiraju1,gsanner,mtucker",True,2026-06-13-HTX-CAR,28,10,4,6,381.0,2,1,False,False,505,home,399,1781398645.0,18,False,"xfuzat,treinhard,jthachet,bgfroerer,awang,mturner,jzhou",400,720,b84d158bd0a2522c4bd3d802ce1dad8b5117de03480c6850819a239d79b8a3d9,1781398645.0,False,505,374.090909090909,14.9044322266902,1.15,14.86,-4.42524073186732,6c187be6e869f72735365e2936f849facd43ef830d05e5cc5071738a63c03196,0.976418621665818,0.0235813783341815,0.607175387215314,0.607175387215314,0.643931489901152,0.863955984126716,374.090909090909,18.0,1.0,0.0367561026858381,0.0935687365037504,720.0,2775be96aa828b8290377e4150f08432a3b41f77,2026-08-18 08:07:04,2026-06-14 01:00:14,2026-06-13-HTX-CAR,flyers,havoc,32,11,2026-06-13 19:00:00
smadiraju1,21.61,34.7,elong,4.09,34.5,0,0,0,"wcoffin,mlee1,elong,smadiraju,smadiraju1,gsanner,mtucker",True,2026-06-13-HTX-CAR,28,10,4,6,381.0,2,2,False,False,506,home,400,1781398648.0,18,False,"xfuzat,treinhard,jthachet,bgfroerer,awang,mturner,jzhou",401,721,1b03333efe39e877e389f55fd3b9f98e4d4c68c41aaf3e2d28c3c35d648ea962,1781398648.0,False,506,367.181818181818,17.5211415153237,-17.52,-0.200000000000003,90.6540330010218,d284a6a90f5050703f12cf5bb1b1e752501cd765c7474a055439d01b433f4453,0.973206976759549,0.0267930232404511,0.607175387215314,0.643737424699963,0.680596312105951,0.882225792302539,367.181818181818,18.0,1.0,0.0368588874059884,0.0938303920029354,721.0,9e53a478151ea6eab385a81b367e889e1ad97d2f,2026-08-18 08:07:04,2026-06-14 01:00:14,2026-06-13-HTX-CAR,flyers,havoc,32,11,2026-06-13 19:00:00
elong,4.09,34.5,mlee1,2.79,47.52,0,0,0,"wcoffin,mlee1,elong,smadiraju,smadiraju1,gsanner,mtucker",True,2026-06-13-HTX-CAR,28,10,4,6,381.0,2,3,False,False,507,home,401,1781398653.0,18,False,"xfuzat,treinhard,jthachet,bgfroerer,awang,mturner,jzhou",402,722,221b30d74410a02a0ff9f09746fb8083526dddac8f751d8b5b86c5d70002e103,1781398653.0,False,507,360.272727272727,13.0847392025978,-1.3,13.02,5.70187895056864,851de533ed41bcf484096fbc544d56de2935da9557dd7672d75b238bdc04f8e6,0.978210909868853,0.0217890901311469,0.607175387215314,0.680436788212831,0.725426212152545,0.828371387341061,360.272727272727,18.0,1.0,0.0449894239397135,0.114528017022123,722.0,a307a67a620eb6dbeb515833f4548053a728e00a,2026-08-18 08:07:04,2026-06-14 01:00:14,2026-06-13-HTX-CAR,flyers,havoc,32,11,2026-06-13 19:00:00
mlee1,2.79,47.52,gsanner,-12.55,51.68,0,0,0,"wcoffin,mlee1,elong,smadiraju,smadiraju1,gsanner,mtucker",True,2026-06-13-HTX-CAR,28,10,4,6,381.0,2,4,False,False,508,home,402,1781398655.0,18,False,"xfuzat,treinhard,jthachet,bgfroerer,awang,mturner,jzhou",403,723,b4513f77cf08ee33e853b2eb7c6ab356f824c828f20c539f15d959d55f430f1a,1781398655.0,False,508,353.363636363636,15.894061784201,-15.34,4.16,74.8270846544748,01ae489c3cd59c8d0d16fd200a89d13420e6dece0b360f304dde89f56a86f20d,0.975519063412478,0.0244809365875219,0.607175387215314,0.725305717217759,0.737123747817108,0.806544370573471,353.363636363636,18.0,1.0,0.0118180305993488,0.0300847508397507,723.0,4bf6597430d8d9c5b4dfcfbe47286a355a202542,2026-08-18 08:07:04,2026-06-14 01:00:14,2026-06-13-HTX-CAR,flyers,havoc,32,11,2026-06-13 19:00:00
gsanner,-12.55,51.68,elong,-0.69,51.06,0,0,0,"wcoffin,mlee1,elong,smadiraju,smadiraju1,gsanner,mtucker",True,2026-06-13-HTX-CAR,28,10,4,6,381.0,2,5,False,False,509,home,403,1781398658.0,18,False,"xfuzat,treinhard,jthachet,bgfroerer,awang,mturner,jzhou",404,724,c30d5d66148bf0f3c41012d96254437ba77a20d18f9d36fb5a0ae8590df68e96,1781398658.0,False,509,346.454545454545,11.8761946767473,11.86,-0.619999999999997,-92.9925022228524,250922ad7f79b4de138d7cae15f615c26c18a7e7be719b22c5f4d71834c63ef4,0.982414401308741,0.0175855986912588,0.607175387215314,0.737028356013758,0.738830985043813,0.813113199730064,346.454545454545,18.0,1.0,0.00180262903005513,0.0045888902359669,724.0,c44bf32728e7f826671937313b9b3c830825f343,2026-08-18 08:07:04,2026-06-14 01:00:14,2026-06-13-HTX-CAR,flyers,havoc,32,11,2026-06-13 19:00:00
elong,-0.69,51.06,smadiraju,-8.05,54.13,0,0,0,"wcoffin,mlee1,elong,smadiraju,smadiraju1,gsanner,mtucker",True,2026-06-13-HTX-CAR,28,10,4,6,381.0,2,6,False,False,510,home,404,1781398663.0,18,False,"xfuzat,treinhard,jthachet,bgfroerer,awang,mturner,jzhou",405,725,e711b7f68ea7c790d1351e7032114bf416069ec2f5946281c7635f51ab993f9c,1781398663.0,False,510,339.545454545455,7.97461597821488,-7.36,3.07,67.358028067617,49fe0f21b633860317971e9c549269c8580432437846ecc24a9a49b9bbb0d50d,0.986856766207008,0.0131432337929918,0.607175387215314,0.738753174664474,0.749824320979294,0.798860700352278,339.545454545455,18.0,1.0,0.0110711463148206,0.0281834334064218,725.0,fc6f6a62ad14810c7aecc91b842df4e4cc59b28a,2026-08-18 08:07:04,2026-06-14 01:00:14,2026-06-13-HTX-CAR,flyers,havoc,32,11,2026-06-13 19:00:00
smadiraju,-8.05,54.13,elong,-1.57,49.9,0,0,0,"wcoffin,mlee1,elong,smadiraju,smadiraju1,gsanner,mtucker",True,2026-06-13-HTX-CAR,28,10,4,6,381.0,2,7,False,False,511,home,405,1781398668.0,18,False,"xfuzat,treinhard,jthachet,bgfroerer,awang,mturner,jzhou",406,726,6d9e9357e77668061c5b277502e519071b7e98b8a5859ff5e02ef1a8aef6c070,1781398668.0,False,511,332.636363636364,7.73843007334175,6.48,-4.23,-123.135609548719,91220fefeb168567ddec32a10a9af28043380645b60d648baa36d34425ac7be6,0.989162565354737,0.0108374346452629,0.607175387215314,0.749760949404568,0.734158468141169,0.81797049481253,332.636363636364,18.0,1.0,-0.0156024812633988,-0.03971869571205,726.0,c6e823f81b36103fcfb7e865a884e97c61339bdc,2026-08-18 08:07:04,2026-06-14 01:00:14,2026-06-13-HTX-CAR,flyers,havoc,32,11,2026-06-13 19:00:00
elong,-1.57,49.9,smadiraju1,8.52,53.31,0,0,0,"wcoffin,mlee1,elong,smadiraju,smadiraju1,gsanner,mtucker",True,2026-06-13-HTX-CAR,28,10,4,6,381.0,2,8,False,False,512,home,406,1781398669.0,18,False,"xfuzat,treinhard,jthachet,bgfroerer,awang,mturner,jzhou",407,727,ec699a56b9b67fb1c5cacf19aee08be74cb5643d0d77a698c2f054fd30656047,1781398669.0,False,512,325.727272727273,10.6506431730671,10.09,3.41,-71.3268871945251,3bab9e025277e073a34eb4024fef7aa926b56a1fdfb3c3e6e024ba5988307a83,0.983648633135088,0.0163513668649122,0.607175387215314,0.734100695403026,0.746108076877112,0.802232729978036,325.727272727273,18.0,1.0,0.0120073814740865,0.030566774797963,727.0,43603c8149df1d5980aa06b55331a55500cdad40,2026-08-18 08:07:04,2026-06-14 01:00:14,2026-06-13-HTX-CAR,flyers,havoc,32,11,2026-06-13 19:00:00
smadiraju1,8.52,53.31,mtucker,8.93,90.95,0,0,0,"wcoffin,mlee1,elong,smadiraju,smadiraju1,gsanner,mtucker",True,2026-06-13-HTX-CAR,28,10,4,6,381.0,2,9,False,False,513,home,407,1781398681.0,18,False,"xfuzat,treinhard,jthachet,bgfroerer,awang,mturner,jzhou",408,728,2ece671259a1a0d354ffb5c28ba68e4f135640fed83e4f5d4f7e5c9835cc68f5,1781398681.0,False,513,318.818181818182,37.6422329305795,0.41,37.64,-0.624079186641893,10bfad1248b91b266ead6621053f4b9d9c3d5f1f77ae7a645b2058854e29d68f,0.788848217666089,0.211151782333911,0.607175387215314,0.746055449539113,0.901808022006313,0.662154584195834,318.818181818182,18.0,1.0,0.1557525724672,0.396493924764768,728.0,3b95b15be4bb46f4207c4349c37a00590df3e8a9,2026-08-18 08:07:04,2026-06-14 01:00:14,2026-06-13-HTX-CAR,flyers,havoc,32,11,2026-06-13 19:00:00
mtucker,8.93,90.95,gsanner,-5.6,106.43,0,0,0,"wcoffin,mlee1,elong,smadiraju,smadiraju1,gsanner,mtucker",True,2026-06-13-HTX-CAR,29,10,4,6,381.0,2,10,False,False,514,home,408,1781398705.0,19,False,"xfuzat,treinhard,jthachet,bgfroerer,awang,mturner,jzhou",409,730,003ddabf6fb025fff06f1de52d321040e2a3f61dabd18d0e666b53a27e53db3d,1781398705.0,False,514,311.909090909091,21.2309043613314,-14.53,15.48,43.186843734671,ef5ca610c7e55cc015b0e55929c42dc608b3b5502d11b4b8eb3003cf92881ce0,0.918280352414121,0.0817196475858788,0.607175387215314,0.901782940258413,1.0,0.639042564017662,311.909090909091,18.0,1.0,0.0982170597415875,0.250027764414604,730.0,0e15a55288e358a198b102537287bdfcccbd777b,2026-08-18 08:07:04,2026-06-14 01:00:14,2026-06-13-HTX-CAR,flyers,havoc,32,11,2026-06-13 19:00:00
cughetta,5.22,19.72,sheslep,12.67,31.09,0,0,0,"bthibodea,cughetta,mbaldauf,jjoshi,blin,cdixon,sheslep",False,2026-06-13-HTX-CAR,29,10,4,7,305.0,1,1,True,True,515,away,323,1781398774.0,18,False,"ostout,jreinhard,bmorrison,jsingleto,nlyle,cbelus,mlee1",324,735,4d94cf9a90c3a9a100bc087bccec6e9a27c8c98376794d61cee8114ad1dbe5a7,1781398774.0,False,515,305.0,13.5933586725283,7.45,11.37,-33.2341425643076,a08dbffb97c0e39be8a6e4be3a3b8b048a3e3f23cd9288d4c649355ee51f30e2,0.981367922800706,0.0186320771992938,0.638364765555631,0.638364765555631,0.663761448355242,0.892870512215572,305.0,19.0,1.0,0.0253966827996113,0.0702273461783439,735.0,bdfe15547de3b69287e4e1ad2895e627af5ff658,2026-08-18 08:07:04,2026-06-14 01:00:14,2026-06-13-HTX-CAR,flyers,havoc,32,11,2026-06-13 19:00:00
sheslep,12.67,31.09,blin,21.3,36.36,0,0,0,"bthibodea,cughetta,mbaldauf,jjoshi,blin,cdixon,sheslep",False,2026-06-13-HTX-CAR,29,10,4,7,305.0,1,2,True,True,516,away,324,1781398776.0,18,False,"ostout,jreinhard,bmorrison,jsingleto,nlyle,cbelus,mlee1",325,736,942dd020f16a5d54cc9c14113a0d6426c0c123fec3cc85b37cea0ad467cb2ca7,1781398776.0,False,516,301.9375,10.11186431871,8.63,5.27,-58.5892366186336,b4c7346a76e2fdd0f420a37b8179afb72f5be162139889add3e7883cdd4899d6,0.98840513170609,0.0115948682939095,0.638364765555631,0.663727113320842,0.650229843364905,0.857124245692115,301.9375,19.0,1.0,-0.0134972699559365,-0.0373228841395231,736.0,615f7b88c4fa7608efb72c565813b5bedaa4c818,2026-08-18 08:07:04,2026-06-14 01:00:14,2026-06-13-HTX-CAR,flyers,havoc,32,11,2026-06-13 19:00:00
blin,21.3,36.36,cughetta,9.4,27.45,0,0,0,"bthibodea,cughetta,mbaldauf,jjoshi,blin,cdixon,sheslep",False,2026-06-13-HTX-CAR,29,10,4,7,305.0,1,3,True,True,517,away,325,1781398779.0,18,False,"ostout,jreinhard,bmorrison,jsingleto,nlyle,cbelus,mlee1",326,737,8a6aec302b1584902607876de61722b1f4da382eb5ebca3509181d3994ae3696,1781398779.0,False,517,298.875,14.8660048432657,-11.9,-8.91,126.823647867503,d8859da92584e2cb90cf8738d09d6ab04151618325d6ffac38d17977e596f38b,0.982715831460247,0.0172841685397526,0.638364765555631,0.650192034905888,0.656870319578814,0.907433982515525,298.875,19.0,1.0,0.00667828467292597,0.0184669081904775,737.0,0bbaf7a4f35836398f88b9cdf0c5ea9d1ab056ba,2026-08-18 08:07:04,2026-06-14 01:00:14,2026-06-13-HTX-CAR,flyers,havoc,32,11,2026-06-13 19:00:00
cughetta,9.4,27.45,sheslep,-6.77,30.0,0,0,0,"bthibodea,cughetta,mbaldauf,jjoshi,blin,cdixon,sheslep",False,2026-06-13-HTX-CAR,29,10,4,7,305.0,1,4,True,True,518,away,326,1781398782.0,18,False,"ostout,jreinhard,bmorrison,jsingleto,nlyle,cbelus,mlee1",327,738,ff452321d04ad19b8e466ad8eea1a73604fadd8b45f23177318a814299dd05f5,1781398782.0,False,518,295.8125,16.369832008912,-16.17,2.55,81.0382910258848,2591e5369c35909aa6734d49214a2923ba154f4b1f37c6f50b17ad6a7e961b52,0.979582071795474,0.0204179282045265,0.638364765555631,0.656829592041226,0.665488633212527,0.898640658749964,295.8125,19.0,1.0,0.00865904117130067,0.0239441302908572,738.0,3c0fe39979b21c61dcb506ff22673f74c3bce6b9,2026-08-18 08:07:04,2026-06-14 01:00:14,2026-06-13-HTX-CAR,flyers,havoc,32,11,2026-06-13 19:00:00
sheslep,-6.77,30.0,bthibodea,-18.68,40.81,0,0,0,"bthibodea,cughetta,mbaldauf,jjoshi,blin,cdixon,sheslep",False,2026-06-13-HTX-CAR,29,10,4,7,305.0,1,5,True,True,519,away,327,1781398785.0,18,False,"ostout,jreinhard,bmorrison,jsingleto,nlyle,cbelus,mlee1",328,739,c86f65035032d18634c6a0698da84821c163e559ac5053b3b69631cd4b972f89,1781398785.0,False,519,292.75,16.0842842551355,-11.91,10.81,47.7718389760746,d1449510b618679912a53d41fc403a40392c5bfbfd5effa4ae3dc826febe8792,0.980276601187486,0.0197233988125143,0.638364765555631,0.665444731941319,0.681409617645126,0.843200449148274,292.75,19.0,1.0,0.0159648857038064,0.0441463778504201,739.0,12133bdc176bd7dbffb90db648be31b0b7fec1d5,2026-08-18 08:07:04,2026-06-14 01:00:14,2026-06-13-HTX-CAR,flyers,havoc,32,11,2026-06-13 19:00:00
bthibodea,-18.68,40.81,sheslep,-18.31,36.9,0,0,0,"bthibodea,cughetta,mbaldauf,jjoshi,blin,cdixon,sheslep",False,2026-06-13-HTX-CAR,29,10,4,7,305.0,1,6,True,True,520,away,328,1781398789.0,18,False,"ostout,jreinhard,bmorrison,jsingleto,nlyle,cbelus,mlee1",329,740,134a1b0a5ee38bfdf82ef95125ce9ce4f441a68cbc4449e39334afb52334ff47,1781398789.0,False,520,289.6875,3.9274673773311,0.370000000000001,-3.91,-174.594245985022,441264decb332bd675b326037ce644ab4be047210760aadb2b0340c765463f73,0.993550140972608,0.00644985902739237,0.638364765555631,0.681362774471118,0.669284270143569,0.861241088867256,289.6875,19.0,1.0,-0.0120785043275498,-0.0333996889050583,740.0,dfd9eb85741449d7dba9389bf44e2e0abeb25954,2026-08-18 08:07:04,2026-06-14 01:00:14,2026-06-13-HTX-CAR,flyers,havoc,32,11,2026-06-13 19:00:00
sheslep,-18.31,36.9,mbaldauf,-20.95,48.18,0,0,0,"bthibodea,cughetta,mbaldauf,jjoshi,blin,cdixon,sheslep",False,2026-06-13-HTX-CAR,29,10,4,7,305.0,1,7,True,True,521,away,329,1781398792.0,18,False,"ostout,jreinhard,bmorrison,jsingleto,nlyle,cbelus,mlee1",330,741,099333e3e3dd634f9847e5dce9e1ce15fa29e2d40ce62058925630a36060b1bb,1781398792.0,False,521,286.625,11.5848176507013,-2.64,11.28,13.1725534233269,111ed84a8b52192d3005883f674504042ef005a08831c5f0a10cf4ffef794a30,0.981568938678245,0.0184310613217545,0.638364765555631,0.66923194448702,0.698324312574899,0.80192937245554,286.625,19.0,1.0,0.0290923680878785,0.0804467190056223,741.0,670c2907f4c25c3a8a01d93b04dbfa1fb64e404d,2026-08-18 08:07:04,2026-06-14 01:00:14,2026-06-13-HTX-CAR,flyers,havoc,32,11,2026-06-13 19:00:00
mbaldauf,-20.95,48.18,bthibodea,-21.67,35.09,0,0,0,"bthibodea,cughetta,mbaldauf,jjoshi,blin,cdixon,sheslep",False,2026-06-13-HTX-CAR,29,10,4,7,305.0,1,8,True,True,522,away,330,1781398795.0,18,False,"ostout,jreinhard,bmorrison,jsingleto,nlyle,cbelus,mlee1",331,742,27edee4503875bbffee3177a20fb1f77862632cd38664d144120a098962ae0a5,1781398795.0,False,522,283.5625,13.1097864208384,-0.720000000000002,-13.09,176.851685707273,1fb0f250887c08865ec2ed6a70d537ce7f7ce3b2026dad5522f8f051f72484b2,0.987500614036188,0.0124993859638124,0.638364765555631,0.698269732048347,0.64552588657047,0.860244581948593,283.5625,19.0,1.0,-0.0527438454778771,-0.145848193024983,742.0,60e831b3e7b9b82d022bbafcc127bf2df885c8f7,2026-08-18 08:07:04,2026-06-14 01:00:14,2026-06-13-HTX-CAR,flyers,havoc,32,11,2026-06-13 19:00:00
bthibodea,-21.67,35.09,sheslep,1.49,40.45,0,0,0,"bthibodea,cughetta,mbaldauf,jjoshi,blin,cdixon,sheslep",False,2026-06-13-HTX-CAR,29,10,4,7,305.0,1,9,True,True,523,away,331,1781398798.0,18,False,"ostout,jreinhard,bmorrison,jsingleto,nlyle,cbelus,mlee1",332,743,af1e5b3980153ddb2cc2997c6edd830b2426543529dd736315207e3197b0d48c,1781398798.0,False,523,280.5,23.7721517747132,23.16,5.36,-76.9692526923069,11c9b9afa532e26635d32130c8378c0ac81bef50ccd333543c3b94e520237eec,0.948311774561576,0.0516882254384241,0.638364765555631,0.645460942849751,0.699189176672026,0.857734468940202,280.5,19.0,1.0,0.0537282338222753,0.148570240686933,743.0,d4ada49e85d3450de745872b1e9a2e241a2fb25c,2026-08-18 08:07:04,2026-06-14 01:00:14,2026-06-13-HTX-CAR,flyers,havoc,32,11,2026-06-13 19:00:00
sheslep,1.49,40.45,cdixon,-15.95,42.72,0,0,0,"bthibodea,cughetta,mbaldauf,jjoshi,blin,cdixon,sheslep",False,2026-06-13-HTX-CAR,29,10,4,7,305.0,1,10,True,True,524,away,332,1781398801.0,18,False,"ostout,jreinhard,bmorrison,jsingleto,nlyle,cbelus,mlee1",333,744,e77dd995855b986d0ee7793f3a563e0df033c39eda20e143e434c4b06fdbeb0e,1781398801.0,False,524,277.4375,17.5871117583303,-17.44,2.27,82.584042070731,edc535f680945de92f77b173b08cd5a9b69097c75b2934994163ea3673f5a51d,0.978560043307369,0.021439956692631,0.638364765555631,0.699123846728311,0.69641990894158,0.840403877450811,277.4375,19.0,1.0,-0.00270393778673117,-0.00747697549683069,744.0,3ff56e604f6505464d9320c7415e72f2ffda4187,2026-08-18 08:07:04,2026-06-14 01:00:14,2026-06-13-HTX-CAR,flyers,havoc,32,11,2026-06-13 19:00:00
cdixon,-15.95,42.72,blin,-8.41,48.45,0,0,0,"bthibodea,cughetta,mbaldauf,jjoshi,blin,cdixon,sheslep",False,2026-06-13-HTX-CAR,29,10,4,7,305.0,1,11,True,True,525,away,333,1781398807.0,18,False,"ostout,jreinhard,bmorrison,jsingleto,nlyle,cbelus,mlee1",334,745,d1061c9732305b687deb48cd6be644ac38a5eba0434b227b307161da7e304be8,1781398807.0,False,525,274.375,9.47019007201017,7.54,5.73,-52.767092768921,48788adc5a74f165521ceecd3ab19c809bb36089745aef9da699ae29d9769767,0.982230679016345,0.0177693209836551,0.638364765555631,0.696348139059048,0.726706859528025,0.822679890483921,274.375,19.0,1.0,0.0303587204689769,0.0839484584947075,745.0,eba19c736d1892bfbd35702385fd04973bbe464f,2026-08-18 08:07:04,2026-06-14 01:00:14,2026-06-13-HTX-CAR,flyers,havoc,32,11,2026-06-13 19:00:00
blin,-8.41,48.45,sheslep,19.39,51.09,0,0,0,"bthibodea,cughetta,mbaldauf,jjoshi,blin,cdixon,sheslep",False,2026-06-13-HTX-CAR,29,10,4,7,305.0,1,12,True,True,526,away,334,1781398810.0,18,False,"ostout,jreinhard,bmorrison,jsingleto,nlyle,cbelus,mlee1",335,746,e75b049dc92811dceacfc578b76e4708b88ea5e9d782050549ec1cdf132cde11,1781398810.0,False,526,271.3125,27.9250711726935,27.8,2.64,-84.5752300734568,10f40b694a2a071c92d23c95bfc626986a0f97025c8ae5ce9af5499b3da7bda8,0.95693540865734,0.0430645913426599,0.638364765555631,0.726633300711271,0.714727968609305,0.79590654921691,271.3125,19.0,1.0,-0.0119053321019658,-0.0329208300741425,746.0,483f6c84ebf8159a1b753dd564074badd5bdf79f,2026-08-18 08:07:04,2026-06-14 01:00:14,2026-06-13-HTX-CAR,flyers,havoc,32,11,2026-06-13 19:00:00
sheslep,19.39,51.09,jjoshi,7.4,60.9,0,0,0,"bthibodea,cughetta,mbaldauf,jjoshi,blin,cdixon,sheslep",False,2026-06-13-HTX-CAR,29,10,4,7,305.0,1,13,True,True,527,away,335,1781398814.0,18,False,"ostout,jreinhard,bmorrison,jsingleto,nlyle,cbelus,mlee1",336,747,34926636da572a3a184cd27a9cec6998a1c004085e978539e203bd12c878a303,1781398814.0,False,527,268.25,15.4918107398716,-11.99,9.81,50.7105931374997,5450b0d2a26e5cada83ad0bf2092b9478e4799bc8085918e28913f5f08d96de1,0.963748336517794,0.0362516634822057,0.638364765555631,0.714645730229053,0.777084909900215,0.769572840135789,268.25,19.0,1.0,0.0624391796711624,0.172657898689259,747.0,d591a7635c074ced279025fcbedbc34a90dd1229,2026-08-18 08:07:04,2026-06-14 01:05:17,2026-06-13-HTX-CAR,flyers,havoc,32,11,2026-06-13 19:00:00
jjoshi,7.4,60.9,bthibodea,24.75,75.18,0,0,0,"bthibodea,cughetta,mbaldauf,jjoshi,blin,cdixon,sheslep",False,2026-06-13-HTX-CAR,29,10,4,7,305.0,1,14,True,True,528,away,336,1781398823.0,18,False,"ostout,jreinhard,bmorrison,jsingleto,nlyle,cbelus,mlee1",337,748,3732d5840e30daf0c664e3d38165f5e1fb111d6bde7af03d050558d491722e97,1781398823.0,False,528,265.1875,22.4708900580284,17.35,14.28,-50.5437492750983,79d5e89913790f643d11fe58afbd09fdd68b69291607aac5deeeaced6c1206ff,0.901541452990315,0.0984585470096849,0.638364765555631,0.77700897243041,0.800476680701655,0.653572057385331,265.1875,19.0,1.0,0.0234677082712451,0.0648933124763184,748.0,341b08eb22dc87c33d62cd7a339df6a2ce42f757,2026-08-18 08:07:04,2026-06-14 01:05:17,2026-06-13-HTX-CAR,flyers,havoc,32,11,2026-06-13 19:00:00
bthibodea,24.75,75.18,cughetta,3.49,86.54,0,0,0,"bthibodea,cughetta,mbaldauf,jjoshi,blin,cdixon,sheslep",False,2026-06-13-HTX-CAR,29,10,4,7,305.0,1,15,True,True,529,away,337,1781398828.0,18,False,"ostout,jreinhard,bmorrison,jsingleto,nlyle,cbelus,mlee1",338,750,22bec751e4a5bc6d61a6c97c7fe7ffb4c9d9efbf59cf61431d0b5155e947e10b,1781398828.0,False,529,262.125,24.1047132320631,-21.26,11.36,61.8827704078015,657e0c5521c55074002ae26621e33b2b1b2c9002fa59fdd984889f49301de45f,0.899458044452554,0.100541955547446,0.638364765555631,0.800400742502548,0.885529646497257,0.67570910898497,262.125,19.0,1.0,0.0851289039947091,0.235399916508425,750.0,9b936e9e1e95edfb909ffd4e61dfd3816d12c17e,2026-08-18 08:07:04,2026-06-14 01:05:17,2026-06-13-HTX-CAR,flyers,havoc,32,11,2026-06-13 19:00:00
cughetta,3.49,86.54,cdixon,-12.23,106.54,0,0,0,"bthibodea,cughetta,mbaldauf,jjoshi,blin,cdixon,sheslep",False,2026-06-13-HTX-CAR,29,11,4,7,305.0,1,16,True,True,530,away,338,1781398834.0,19,False,"ostout,jreinhard,bmorrison,jsingleto,nlyle,cbelus,mlee1",339,751,99d77c266ace00da55d8153dc9e6b7680df7a26c8ea42a602c17958034817ef6,1781398834.0,False,530,259.0625,25.4385219696428,-15.72,20.0,38.1673468344621,ab67629fbf8739d7202245b1215b4e4ea8f97272527148fafb54125c6dd5f997,0.896204068334151,0.103795931665849,0.638364765555631,0.885477480365963,1.0,0.633075089772272,259.0625,19.0,1.0,0.114522519634037,0.31667965044942,751.0,9c50336f289abc69d52052459a6ada82d5b3f3ab,2026-08-18 08:07:04,2026-06-14 01:05:17,2026-06-13-HTX-CAR,flyers,havoc,32,11,2026-06-13 19:00:00
jlouie,7.16,14.59,kpignone,-2.46,23.18,0,0,0,"tmitchell,jfairfax,tbrooks1,gsanner,zthoreson,kpignone,jlouie",True,2026-06-13-HTX-CAR,29,11,4,8,256.0,1,1,True,True,531,home,413,1781398884.0,18,False,"ifuzat,ibaker,cburt,skelly,jzhou,jsunukjia,cughetta",414,753,3398abefca2e54df4abb79be5bd3d2842d18c1d61a2ce82a78e3732811edcf84,1781398884.0,False,531,256.0,12.8969957742104,-9.62,8.59,48.2373332398761,f54ca86cfe63a06fa06f805f6d1bc1563df62f608f9fa2f8620b45373109456f,0.985149613983568,0.014850386016432,0.624499382978016,0.624499382978016,0.646342155137131,0.92213166119375,256.0,18.0,1.0,0.0218427721591147,0.0581697370628711,753.0,55e7da1febab1a89251a86536b60c4d6633e4ade,2026-08-18 08:07:04,2026-06-14 01:05:17,2026-06-13-HTX-CAR,flyers,havoc,32,11,2026-06-13 19:00:00
kpignone,-2.46,23.18,tbrooks1,-19.1,34.36,0,0,0,"tmitchell,jfairfax,tbrooks1,gsanner,zthoreson,kpignone,jlouie",True,2026-06-13-HTX-CAR,29,11,4,8,256.0,1,2,True,True,532,home,414,1781398889.0,18,False,"ifuzat,ibaker,cburt,skelly,jzhou,jsunukjia,cughetta",415,754,ac5ef0bdbc360fa07e2c841350d6a4a0d4e0e7c6faf1c768c5809fc9e58f4134,1781398889.0,False,532,253.384615384615,20.0469947872493,-16.64,11.18,56.1038334366361,47f6eb07c41e80f87129cb4c095b2bfc4b696e07c318adbc86de9e08b4a71d7b,0.976430685078567,0.0235693149214331,0.624499382978016,0.64622585884587,0.656631147966132,0.869834596772142,253.384615384615,18.0,1.0,0.0104052891202614,0.0277104447997544,754.0,c101bd3cda3a94ed5167027089204194fbcb5f99,2026-08-18 08:07:04,2026-06-14 01:05:17,2026-06-13-HTX-CAR,flyers,havoc,32,11,2026-06-13 19:00:00
tbrooks1,-19.1,34.36,gsanner,-20.87,48.54,0,0,0,"tmitchell,jfairfax,tbrooks1,gsanner,zthoreson,kpignone,jlouie",True,2026-06-13-HTX-CAR,29,11,4,8,256.0,1,3,True,True,533,home,415,1781398893.0,18,False,"ifuzat,ibaker,cburt,skelly,jzhou,jsunukjia,cughetta",416,755,d93cbab57bedb2df5d2def95fa7132c955fc6bb646d31c15774f1195476f1647,1781398893.0,False,533,250.769230769231,14.2900419873421,-1.77,14.18,7.11507002845435,04451f1c2386d26ba2e6861e14ef4a482b6599c3f5266c9bcf3d467d911026f0,0.975316861039008,0.0246831389609922,0.624499382978016,0.656509036673898,0.699173404985342,0.799735618391086,250.769230769231,18.0,1.0,0.042664368311443,0.113619968589679,755.0,d977f1074c6b2f85778f049d2caa6b7d4bb621be,2026-08-18 08:07:04,2026-06-14 01:05:17,2026-06-13-HTX-CAR,flyers,havoc,32,11,2026-06-13 19:00:00
gsanner,-20.87,48.54,kpignone,-12.28,41.04,0,0,0,"tmitchell,jfairfax,tbrooks1,gsanner,zthoreson,kpignone,jlouie",True,2026-06-13-HTX-CAR,29,11,4,8,256.0,1,4,True,True,534,home,416,1781398898.0,18,False,"ifuzat,ibaker,cburt,skelly,jzhou,jsunukjia,cughetta",417,756,8200f138ee48a1becc678ca58b62ad21ce019030709f899a5d9f3107d4efaeb1,1781398898.0,False,534,248.153846153846,11.4034249241182,8.59,-7.5,-131.124479459711,cf9c6104201afa179a7bd64077710e9ca15bf129b1d65eb5bd2bdae68fc931b4,0.983600770896235,0.0163992291037653,0.624499382978016,0.699052315643734,0.695887402721481,0.851696076152431,248.153846153846,18.0,1.0,-0.00316491292225329,-0.00842851590325882,756.0,f13b9dfebaf5760b83118bfecc97ca3f9d36cbed,2026-08-18 08:07:04,2026-06-14 01:05:17,2026-06-13-HTX-CAR,flyers,havoc,32,11,2026-06-13 19:00:00
kpignone,-12.28,41.04,tbrooks1,-4.92,39.13,0,0,0,"tmitchell,jfairfax,tbrooks1,gsanner,zthoreson,kpignone,jlouie",True,2026-06-13-HTX-CAR,29,11,4,8,256.0,1,5,True,True,535,home,417,1781398900.0,18,False,"ifuzat,ibaker,cburt,skelly,jzhou,jsunukjia,cughetta",418,757,5be8c0b7285b85df2bcce29ab81406e2058d66a0dd802e3ac1be2cfa30c0965a,1781398900.0,False,535,245.538461538462,7.60379510507746,7.36,-1.91,-104.547962501553,cfdc0d1b11b07ece5c279997ba79829635bcc2e18ebf298246eb3dda7ceef6f7,0.989369423815445,0.0106305761845545,0.624499382978016,0.695758077423799,0.693092700485701,0.862316297545401,245.538461538462,18.0,1.0,-0.00266537693809754,-0.00709819589441978,757.0,2c704c186eaf67ac0d324422c4c54b583f17fe5d,2026-08-18 08:07:04,2026-06-14 01:05:17,2026-06-13-HTX-CAR,flyers,havoc,32,11,2026-06-13 19:00:00
tbrooks1,-4.92,39.13,zthoreson,16.64,43.36,0,0,0,"tmitchell,jfairfax,tbrooks1,gsanner,zthoreson,kpignone,jlouie",True,2026-06-13-HTX-CAR,29,11,4,8,256.0,1,6,True,True,536,home,418,1781398902.0,18,False,"ifuzat,ibaker,cburt,skelly,jzhou,jsunukjia,cughetta",419,758,a334f78484955b64eb088f2f5bcb48d62a7c5b7ab88e0f3d51b10e1dfe3a6749,1781398902.0,False,536,242.923076923077,21.9710377542801,21.56,4.23,-78.8997539021579,9de16751d0dbc6ff52a33e8aefd7b5f2ceb2532683699eed02156508a23ff7e0,0.969610101316678,0.0303898986833215,0.624499382978016,0.692954911248294,0.693604849390372,0.836835635837164,242.923076923077,18.0,1.0,0.000649938142077477,0.00173085772063971,758.0,1ffb6c3fb40940d1d09b0f80e53c69b25d971d41,2026-08-18 08:07:04,2026-06-14 01:05:17,2026-06-13-HTX-CAR,flyers,havoc,32,11,2026-06-13 19:00:00
zthoreson,16.64,43.36,gsanner,19.98,57.54,0,0,0,"tmitchell,jfairfax,tbrooks1,gsanner,zthoreson,kpignone,jlouie",True,2026-06-13-HTX-CAR,29,11,4,8,256.0,1,7,True,True,537,home,419,1781398904.0,18,False,"ifuzat,ibaker,cburt,skelly,jzhou,jsunukjia,cughetta",420,760,bed1a213d4336d57330df6ba236c688ce14d143945255f166e6bb37eff954d2e,1781398904.0,False,537,240.307692307692,14.5680472267219,3.34,14.18,-13.2540320082108,0ce5087dc06d0b8068d7f62928df1c40c456f6b3f45f831a4c400b5e1a1a8a5b,0.974872073609965,0.025127926390035,0.624499382978016,0.693459123455199,0.738599131394022,0.763140360757171,240.307692307692,18.0,1.0,0.0451400079388229,0.120212872875732,760.0,2377edf5e230133f0fb7efa3120a7e18df3f69e2,2026-08-18 08:07:04,2026-06-14 01:05:17,2026-06-13-HTX-CAR,flyers,havoc,32,11,2026-06-13 19:00:00
gsanner,19.98,57.54,tmitchell,15.75,68.25,0,0,0,"tmitchell,jfairfax,tbrooks1,gsanner,zthoreson,kpignone,jlouie",True,2026-06-13-HTX-CAR,29,11,4,8,256.0,1,8,True,True,538,home,420,1781398908.0,18,False,"ifuzat,ibaker,cburt,skelly,jzhou,jsunukjia,cughetta",421,761,cabebc45c79da3455dbd4f0fba9260a871dca2829f00c0f054d96fb9fe4a602f,1781398908.0,False,538,237.692307692308,11.5150770731246,-4.23,10.71,21.5519374220422,97f23edfd4ca13da7046dda6909992f66d5b032f8fea2d7bba7da74cfeea23b8,0.973916909943023,0.0260830900569774,0.624499382978016,0.738459161385197,0.799434174375903,0.729900177687407,237.692307692308,18.0,1.0,0.0609750129907057,0.162383256449179,761.0,85afa2eb628120a50ecc5b025337032fed049d06,2026-08-18 08:07:04,2026-06-14 01:05:17,2026-06-13-HTX-CAR,flyers,havoc,32,11,2026-06-13 19:00:00
tmitchell,15.75,68.25,gsanner,5.04,73.43,0,0,0,"tmitchell,jfairfax,tbrooks1,gsanner,zthoreson,kpignone,jlouie",True,2026-06-13-HTX-CAR,29,11,4,8,256.0,1,9,True,True,539,home,421,1781398912.0,18,False,"ifuzat,ibaker,cburt,skelly,jzhou,jsunukjia,cughetta",422,762,c17e61795c74d91d4d103664c1dc3c5a75b048ad05f5366f4770356b14f31061,1781398912.0,False,539,235.076923076923,11.8969113638793,-10.71,5.18000000000001,64.1887971559927,ec268e9ca40c787eb66a6f040a83cf4fa7581e9905783b1e038bd96ac4f71f1c,0.972987340890473,0.0270126591095271,0.624499382978016,0.799311431569437,0.830404808928683,0.718907092727408,235.076923076923,18.0,1.0,0.0310933773592466,0.0828051298712677,762.0,ac294194cae5fd75e9efd796c872a0d6bfd01b31,2026-08-18 08:07:04,2026-06-14 01:05:17,2026-06-13-HTX-CAR,flyers,havoc,32,11,2026-06-13 19:00:00
gsanner,5.04,73.43,jlouie,10.84,80.45,0,0,0,"tmitchell,jfairfax,tbrooks1,gsanner,zthoreson,kpignone,jlouie",True,2026-06-13-HTX-CAR,29,11,4,8,256.0,1,10,True,True,540,home,422,1781398920.0,18,False,"ifuzat,ibaker,cburt,skelly,jzhou,jsunukjia,cughetta",423,763,de501c1eb51172784874d6c6191b5bba312ce919184dcbdd964db1f9e5a68042,1781398920.0,False,540,232.461538461538,9.10606391367862,5.8,7.02,-39.5638861666982,ea52a5f127890a9b554f090a672b182dc30dfa3d7dccad709e7a576f4b16f768,0.978734553306433,0.0212654466935673,0.624499382978016,0.830291108883667,0.858486314468846,0.69131051962662,232.461538461538,18.0,1.0,0.0281952055851783,0.0750869753791312,763.0,5a2ae12f00b7d26b11922f04b3bb93a027f4a251,2026-08-18 08:07:04,2026-06-14 01:05:17,2026-06-13-HTX-CAR,flyers,havoc,32,11,2026-06-13 19:00:00
jlouie,10.84,80.45,kpignone,-1.57,67.97,0,0,0,"tmitchell,jfairfax,tbrooks1,gsanner,zthoreson,kpignone,jlouie",True,2026-06-13-HTX-CAR,29,11,4,8,256.0,1,11,True,True,541,home,423,1781398923.0,18,False,"ifuzat,ibaker,cburt,skelly,jzhou,jsunukjia,cughetta",424,764,3750f9c1414eadae78c4951af537d511d2b604e6573f9e42a03ab8dd010b7a49,1781398923.0,False,541,229.846153846154,17.5999573863121,-12.41,-12.48,135.161136761423,e9202b4adb0411590c5ec1fdf10209389e4ced1028802fe51f00d1df3902e40f,0.970445815987776,0.0295541840122239,0.624499382978016,0.858382995633727,0.80677271934965,0.739977803546251,229.846153846154,18.0,1.0,-0.0516102762840766,-0.137443918716797,764.0,0d1e2783bff9de36bb04b8bf2b1e593ca7fdc6db,2026-08-18 08:07:04,2026-06-14 01:05:17,2026-06-13-HTX-CAR,flyers,havoc,32,11,2026-06-13 19:00:00
kpignone,-1.57,67.97,gsanner,9.07,79.7,0,0,0,"tmitchell,jfairfax,tbrooks1,gsanner,zthoreson,kpignone,jlouie",True,2026-06-13-HTX-CAR,29,11,4,8,256.0,1,12,True,True,542,home,424,1781398929.0,18,False,"ifuzat,ibaker,cburt,skelly,jzhou,jsunukjia,cughetta",425,765,eea5be61e3c56fc5cd8a9d609e061155443c14baa8a03fceb59401d2dcfb96a4,1781398929.0,False,542,227.230769230769,15.8367452464198,10.64,11.73,-42.2104137369384,322f2ac093e0de44d47bdd732811b1e6c16f2fd54b4fa462610068da2e83eeb4,0.962460836761151,0.0375391632388494,0.624499382978016,0.806633232061596,0.855949211225458,0.694707662713217,227.230769230769,18.0,1.0,0.0493159791638623,0.131333949741486,765.0,e2fd59a877e187b651157b5754094575cd8f0a73,2026-08-18 08:07:04,2026-06-14 01:05:17,2026-06-13-HTX-CAR,flyers,havoc,32,11,2026-06-13 19:00:00
gsanner,9.07,79.7,kpignone,12.95,108.34,0,0,0,"tmitchell,jfairfax,tbrooks1,gsanner,zthoreson,kpignone,jlouie",True,2026-06-13-HTX-CAR,30,11,4,8,256.0,1,13,True,True,543,home,425,1781398937.0,19,False,"ifuzat,ibaker,cburt,skelly,jzhou,jsunukjia,cughetta",426,766,d8907e84b61702b34b75f092fc5b519088839dd2df51bf0ecbaf0ffc2a7f56f7,1781398937.0,False,543,224.615384615385,28.9016262518219,3.88,28.64,-7.71516659752112,a7495c920b1accc9d4a543d62c663efb407fbf00bbdc5a932fcf94f0450dbe7d,0.861980867125233,0.138019132874767,0.624499382978016,0.855833251077559,1.0,0.630738321615432,224.615384615385,18.0,1.0,0.144166748922441,0.383932122577578,766.0,5d317a1f297a27f3ed2d85c2060c43821fbcefd7,2026-08-18 08:07:04,2026-06-14 01:05:17,2026-06-13-HTX-CAR,flyers,havoc,32,11,2026-06-13 19:00:00
treinhard,26.21,46.18,awang,12.85,53.72,0,0,0,"nfurrh,xfuzat,treinhard,jthachet,bgfroerer,awang,mturner",False,2026-06-13-HTX-CAR,30,11,4,9,222.0,1,1,True,True,544,away,343,1781399056.0,18,False,"cbelus,smadiraju,mtucker,jreinhard,smadiraju1,wcoffin,jsingleto",344,772,bf94d1461c4c069c9465996baceaed8fc6147c6033794a3a794c0146e04809b3,1781399056.0,False,544,222.0,15.3408343971246,-13.36,7.54,60.5608662413384,b7eec8fd3e3b55d0dd701535fa621d294f7d2180afd74834ca35c5edff7a9c89,0.959586332982558,0.0404136670174424,0.649170549680994,0.649170549680994,0.740893076413302,0.795193548249089,222.0,19.0,1.0,0.0917225267323086,0.261444775086316,772.0,8b925ddadb365b679cc67dc1ac2659b56173ab13,2026-08-18 08:07:04,2026-06-14 01:05:17,2026-06-13-HTX-CAR,flyers,havoc,32,11,2026-06-13 19:00:00
awang,12.85,53.72,xfuzat,0.04,61.36,0,0,0,"nfurrh,xfuzat,treinhard,jthachet,bgfroerer,awang,mturner",False,2026-06-13-HTX-CAR,30,11,4,9,222.0,1,2,True,True,545,away,344,1781399059.0,18,False,"cbelus,smadiraju,mtucker,jreinhard,smadiraju1,wcoffin,jsingleto",345,773,589492277fe1b2af81ddd0110e41e5025c5c5d61c4ad646b574bc2dd78950af5,1781399059.0,False,545,217.6,14.9152841072505,-12.81,7.64,59.1877669652979,cd5949ccc88d80f1dba21b86af1e14910da2088fd234cf6f52b5401814e9c562,0.970880117501854,0.0291198824981463,0.649170549680994,0.740553150876185,0.777604011383604,0.766113617147576,217.6,19.0,1.0,0.0370508605074192,0.105609322346597,773.0,e5929521c2f88bf6cf51e90075c01337748e1adc,2026-08-18 08:07:04,2026-06-14 01:05:17,2026-06-13-HTX-CAR,flyers,havoc,32,11,2026-06-13 19:00:00
xfuzat,0.04,61.36,nfurrh,0.04,61.36,0,0,0,"nfurrh,xfuzat,treinhard,jthachet,bgfroerer,awang,mturner",False,2026-06-13-HTX-CAR,30,11,4,9,222.0,1,3,True,True,546,away,345,1781399061.0,18,False,"cbelus,smadiraju,mtucker,jreinhard,smadiraju1,wcoffin,jsingleto",346,774,f137a166f1ad1ed5c77d70d144109f475ac1c584e74c9935220f0d0db826e5c4,1781399061.0,False,546,213.2,0.0,0.0,0.0,-90.0,7f2c53852c881314fcb402080077e4c959f6b4bafa08a4137f91b87314dcf9af,0.5,0.5,0.649170549680994,0.777273106058939,0.777273106058939,0.765770764991978,213.2,19.0,1.0,0.0,0.0,774.0,ffbbee2dba924c5e961c2f3ba5d077250df65c8f,2026-08-18 08:07:04,2026-06-14 01:05:17,2026-06-13-HTX-CAR,flyers,havoc,32,11,2026-06-13 19:00:00
nfurrh,0.04,61.36,xfuzat,10.13,61.63,0,0,0,"nfurrh,xfuzat,treinhard,jthachet,bgfroerer,awang,mturner",False,2026-06-13-HTX-CAR,30,11,4,9,222.0,1,4,True,True,547,away,346,1781399065.0,18,False,"cbelus,smadiraju,mtucker,jreinhard,smadiraju1,wcoffin,jsingleto",347,775,7e048878f7553c20be301d7169b65c0d57982b6b0764478f0615e1be57f71c1f,1781399065.0,False,547,208.8,10.0936118411597,10.09,0.270000000000003,-88.4671784300757,bda2529d05a17d89d3fa18d66a46ea36e3f4cced826842abfc9ff3baddc20ee3,0.983659762859531,0.0163402371404688,0.649170549680994,0.776916099987337,0.775892805842159,0.762294048649169,208.8,19.0,1.0,-0.00102329414517843,-0.00291678519077563,775.0,976360f76ca52f10c0a401be65ea2b877f1a8ce9,2026-08-18 08:07:04,2026-06-14 01:05:17,2026-06-13-HTX-CAR,flyers,havoc,32,11,2026-06-13 19:00:00
xfuzat,10.13,61.63,bgfroerer,10.13,61.63,1,1,0,"nfurrh,xfuzat,treinhard,jthachet,bgfroerer,awang,mturner",False,2026-06-13-HTX-CAR,30,11,4,9,222.0,1,5,True,True,548,away,347,1781399082.0,20,False,"cbelus,smadiraju,mtucker,jreinhard,smadiraju1,wcoffin,jsingleto",348,778,c0a798b1bcc441c92d7a28dd40dc231c05fb567b75a4ee85dfcc8cc21eaf3aea,1781399082.0,False,548,204.4,0.0,0.0,0.0,-90.0,5d88f51802dfd6a4eb6f18b35a3c0f7285ed017c936383b32454a2cfd880e089,0.5,1.0,0.649170549680994,0.775507299426333,0.775507299426333,0.761892328534593,204.4,19.0,1.0,-0.761892328534593,-0.761892328534593,778.0,7e07429c03c5b942b99076fc004e5142519fcc45,2026-08-18 08:07:04,2026-06-14 01:05:17,2026-06-13-HTX-CAR,flyers,havoc,32,11,2026-06-13 19:00:00
cbelus,23.12,46.27,jsingleto,15.89,63.68,0,0,0,"cbelus,smadiraju,mtucker,jreinhard,smadiraju1,wcoffin,jsingleto",True,2026-06-13-HTX-CAR,30,11,4,9,200.0,2,1,False,False,549,home,430,1781399092.0,18,False,"nfurrh,xfuzat,treinhard,jthachet,bgfroerer,awang,mturner",431,779,1646d8b67438fd1dfe3374cd04da6bfd7357f80f4e31379cdd4d15b7919bf80c,1781399092.0,False,549,200.0,18.8515516602745,-7.23,17.41,22.5520648570329,67991e504f138666da2755566bde13fe7048cd9fa57dc6cfef8ec7fd0a2d3afc,0.946526856164853,0.0534731438351473,0.67040521938942,0.67040521938942,0.776058051272015,0.745502766411911,200.0,19.0,1.0,0.105652831882595,0.320553716557256,779.0,b0bb1e9f51485bafd0539a2a31ef5528ef1c3b93,2026-08-18 08:07:04,2026-06-14 01:05:17,2026-06-13-HTX-CAR,flyers,havoc,32,11,2026-06-13 19:00:00
jsingleto,15.89,63.68,jreinhard,-2.94,55.15,0,0,0,"cbelus,smadiraju,mtucker,jreinhard,smadiraju1,wcoffin,jsingleto",True,2026-06-13-HTX-CAR,30,11,4,9,200.0,2,2,False,False,550,home,431,1781399096.0,18,False,"nfurrh,xfuzat,treinhard,jthachet,bgfroerer,awang,mturner",432,780,7d67524fc1a6e6286c32d0c86024015fa4280f8024b74e3430857948c0b6c7ae,1781399096.0,False,550,189.75,20.6719568498002,-18.83,-8.53,114.370551627989,25e4d6524c586eaba5850b75117c0b4a785a2da7c317ef74f2ea97876e4b2c3c,0.966099018994568,0.0339009810054325,0.67040521938942,0.774979796099145,0.748757793403601,0.790033060700617,189.75,19.0,1.0,-0.0262220026955436,-0.0795583068608274,780.0,b098c96433f37414726234680a0f774ea39b9556,2026-08-18 08:07:04,2026-06-14 01:05:17,2026-06-13-HTX-CAR,flyers,havoc,32,11,2026-06-13 19:00:00
jreinhard,-2.94,55.15,jsingleto,-4.44,61.97,0,0,0,"cbelus,smadiraju,mtucker,jreinhard,smadiraju1,wcoffin,jsingleto",True,2026-06-13-HTX-CAR,30,11,4,9,200.0,2,3,False,False,551,home,432,1781399101.0,18,False,"nfurrh,xfuzat,treinhard,jthachet,bgfroerer,awang,mturner",433,781,66ebe05d096fed8ec324352eb3d15c34434c5a640a4e53a8a8cc2bfcc5437ca0,1781399101.0,False,551,179.5,6.98300794786888,-1.5,6.82,12.4042131691097,449d3409ebeca7dce1f5a3a26c030565426a8d10cf6f283d6fe8338cec397713,0.986213531912921,0.0137864680870792,0.67040521938942,0.747405357622315,0.776117089540556,0.759293169174434,179.5,19.0,1.0,0.0287117319182417,0.0871122165983718,781.0,fcb950c0045d6ad92e64668341bf9d6054f7e366,2026-08-18 08:07:04,2026-06-14 01:05:17,2026-06-13-HTX-CAR,flyers,havoc,32,11,2026-06-13 19:00:00
jsingleto,-4.44,61.97,smadiraju1,-12.42,109.29,0,0,0,"cbelus,smadiraju,mtucker,jreinhard,smadiraju1,wcoffin,jsingleto",True,2026-06-13-HTX-CAR,31,11,4,9,200.0,2,4,False,False,552,home,433,1781399111.0,19,False,"nfurrh,xfuzat,treinhard,jthachet,bgfroerer,awang,mturner",434,783,fd17108c46be1d642e37e1483fa99e6ebcebfb025bb2abcd50f3a2ca348d1077,1781399111.0,False,552,169.25,47.9881527045999,-7.98,47.32,9.57224203386869,cd33f6fa49caf45fa511f56fb37b496e37108925694ba32bd49d5f60cbe54076,0.703210951985792,0.296789048014208,0.67040521938942,0.774639509362474,1.0,0.622898123973825,169.25,19.0,1.0,0.225360490637526,0.683750180206256,783.0,214b01e9ffb876478791267fe3ad50c03d105fc8,2026-08-18 08:07:04,2026-06-14 01:05:17,2026-06-13-HTX-CAR,flyers,havoc,32,11,2026-06-13 19:00:00
mbaldauf,-26.22,45.36,sheslep,-25.22,57.0,0,0,0,"bthibodea,cughetta,mbaldauf,jjoshi,blin,cdixon,sheslep",False,2026-06-13-HTX-CAR,31,11,4,10,159.0,1,1,True,True,553,away,350,1781399179.0,18,False,"jsingleto,elong,cbelus,ostout,bmorrison,zthoreson,nlyle",351,787,d13e4651f7b7e3c64eaf9e1827c5c6b5d73b89793a8e3ae048c09c4c40049f5a,1781399179.0,False,553,159.0,11.6828763581577,1.0,11.64,-4.91026122158257,9fd71d4a78c02e6b083dbd16953fef7ed0f5757be03f2929278d4f1fcf532093,0.932134772674104,0.0678652273258963,0.625346335067641,0.625346335067641,0.690563001912119,0.725712481913597,159.0,20.0,1.0,0.0652166668444772,0.1740718774398,787.0,15fff690a605f2a26a99caf0dd2741311e81c5b4,2026-08-18 08:07:04,2026-06-14 08:07:39,2026-06-13-HTX-CAR,flyers,havoc,32,11,2026-06-13 19:00:00
sheslep,-25.22,57.0,jjoshi,-25.04,64.09,0,0,0,"bthibodea,cughetta,mbaldauf,jjoshi,blin,cdixon,sheslep",False,2026-06-13-HTX-CAR,31,11,4,10,159.0,1,2,True,True,554,away,351,1781399185.0,18,False,"jsingleto,elong,cbelus,ostout,bmorrison,zthoreson,nlyle",352,788,7ecceb82598e1648e40d7e483457002749dc22ba099d17ba51f9eabc99340263,1781399185.0,False,554,156.181818181818,7.09228454025923,0.18,7.09,-1.45430541466284,452f191b8c238887d8bcab9017d836bbe4549d919e0fa475e6604e44654196e3,0.95817035028228,0.04182964971772,0.625346335067641,0.689794179272267,0.727148471107074,0.69150713073762,156.181818181818,20.0,1.0,0.0373542918348067,0.0997035271002907,788.0,529c87fc906178089449dc8dee241a6d657718c1,2026-08-18 08:07:04,2026-06-14 08:07:39,2026-06-13-HTX-CAR,flyers,havoc,32,11,2026-06-13 19:00:00
jjoshi,-25.04,64.09,blin,-15.13,68.54,0,0,0,"bthibodea,cughetta,mbaldauf,jjoshi,blin,cdixon,sheslep",False,2026-06-13-HTX-CAR,31,11,4,10,159.0,1,3,True,True,555,away,352,1781399187.0,18,False,"jsingleto,elong,cbelus,ostout,bmorrison,zthoreson,nlyle",353,789,8f89ec38f270891eb1f4349bd420035e7a459cf741432acefe258f2601b80765,1781399187.0,False,555,153.363636363636,10.863268384791,9.91,4.45,-65.817947004395,dee94c1996872aad34eabef816c096db5368de7d18a171c4d47a2fafb35187a5,0.97204157637815,0.0279584236218495,0.625346335067641,0.726373560488061,0.794100340521844,0.717383917005922,153.363636363636,20.0,1.0,0.0677267800337825,0.18077170030089,789.0,c5654758a8744a5790f5972e42b7f2486b6ffd3e,2026-08-18 08:07:04,2026-06-14 08:07:39,2026-06-13-HTX-CAR,flyers,havoc,32,11,2026-06-13 19:00:00
blin,-15.13,68.54,cdixon,-6.59,63.18,0,0,0,"bthibodea,cughetta,mbaldauf,jjoshi,blin,cdixon,sheslep",False,2026-06-13-HTX-CAR,31,11,4,10,159.0,1,4,True,True,556,away,353,1781399190.0,18,False,"jsingleto,elong,cbelus,ostout,bmorrison,zthoreson,nlyle",354,790,8d50baaf787cd1777917c885ceb6916f6629b03a267eadb5407154fb979aae84,1781399190.0,False,556,150.545454545455,10.0827178875539,8.54,-5.36000000000001,-122.113806547044,7b98681be316eee15fe29932b1ac31643dedcf8dcd1f086d77d498892c5f741b,0.981990312596856,0.018009687403144,0.625346335067641,0.793406921541916,0.775670288786168,0.747976742039914,150.545454545455,20.0,1.0,-0.0177366327557483,-0.0473414099898117,790.0,81b6df904cb356a18906e76ad56656fca1b50b1c,2026-08-18 08:07:04,2026-06-14 08:07:39,2026-06-13-HTX-CAR,flyers,havoc,32,11,2026-06-13 19:00:00
cdixon,-6.59,63.18,sheslep,-4.96,60.09,0,0,0,"bthibodea,cughetta,mbaldauf,jjoshi,blin,cdixon,sheslep",False,2026-06-13-HTX-CAR,31,11,4,10,159.0,1,5,True,True,557,away,354,1781399195.0,18,False,"jsingleto,elong,cbelus,ostout,bmorrison,zthoreson,nlyle",355,791,955eb61975906baccaf5181b8bc625d36aa4f94ae783bab8bbb8f41b100f8d1a,1781399195.0,False,557,147.727272727273,3.49356551391268,1.63,-3.09,-152.187990482774,2750a895d3d7fec1f306d0376097a5c681cabe35d9a54878d506840b2bce989b,0.991135328117232,0.00886467188276785,0.625346335067641,0.774869596796904,0.761527786542892,0.760766405358873,147.727272727273,20.0,1.0,-0.0133418102540117,-0.0356110496247794,791.0,3985b4d28c16d9583e578ecc064947e8cda27b31,2026-08-18 08:07:04,2026-06-14 08:07:39,2026-06-13-HTX-CAR,flyers,havoc,32,11,2026-06-13 19:00:00
sheslep,-4.96,60.09,cdixon,-22.49,67.18,0,0,0,"bthibodea,cughetta,mbaldauf,jjoshi,blin,cdixon,sheslep",False,2026-06-13-HTX-CAR,31,11,4,10,159.0,1,6,True,True,558,away,355,1781399199.0,18,False,"jsingleto,elong,cbelus,ostout,bmorrison,zthoreson,nlyle",356,792,1248eace7e24c86c8fdb37c91f25702503bc14b35d879233debfc0fa2a5df134,1781399199.0,False,558,144.909090909091,18.9094949694591,-17.53,7.09,67.9791537587089,d9cfa32b5c8f19dace5722e2d6314e8c8e327a503523983cf38bf3baff5fe96f,0.964919427223637,0.0350805727763629,0.625346335067641,0.760621804636205,0.759865362157972,0.690479209428035,144.909090909091,20.0,1.0,-0.000756442478233144,-0.0020190446511973,792.0,7f119eff9ab572db27dbf2e0cd78e7e468ff2ff8,2026-08-18 08:07:04,2026-06-14 08:07:39,2026-06-13-HTX-CAR,flyers,havoc,32,11,2026-06-13 19:00:00
cdixon,-22.49,67.18,sheslep,-4.14,55.27,0,0,0,"bthibodea,cughetta,mbaldauf,jjoshi,blin,cdixon,sheslep",False,2026-06-13-HTX-CAR,31,11,4,10,159.0,1,7,True,True,559,away,356,1781399207.0,18,False,"jsingleto,elong,cbelus,ostout,bmorrison,zthoreson,nlyle",357,793,71521a452d9aae6eaf1c25c45b86884f34c4eeacb2d4ca09831736a9e99bffbd,1781399207.0,False,559,142.090909090909,21.8762565353399,18.35,-11.91,-122.985438335893,4b5be8919d7761dcd0ff75ed84e13dccc7d198571e24662d0fce46e22e1e873a,0.957938976449372,0.0420610235506284,0.625346335067641,0.758879463123327,0.738972390457246,0.780396944457531,142.090909090909,20.0,1.0,-0.0199070726660815,-0.0531346001104129,793.0,beecb86a7eaeb707a4ff9d0be13c279c5973df84,2026-08-18 08:07:04,2026-06-14 08:07:39,2026-06-13-HTX-CAR,flyers,havoc,32,11,2026-06-13 19:00:00
sheslep,-4.14,55.27,blin,8.4,60.18,0,0,0,"bthibodea,cughetta,mbaldauf,jjoshi,blin,cdixon,sheslep",False,2026-06-13-HTX-CAR,31,11,4,10,159.0,1,8,True,True,560,away,357,1781399210.0,18,False,"jsingleto,elong,cbelus,ostout,bmorrison,zthoreson,nlyle",358,794,27f3e84635450aecdddb66d4b310a486463d51c47d1ba7c5382ade9afb1e5d34,1781399210.0,False,560,139.272727272727,13.4669855572804,12.54,4.91,-68.6173194506692,50ae0397581badbcb847b9c75b93c36d5db18c69dad2895dd482163dc8a23cb6,0.976932821497154,0.0230671785028459,0.625346335067641,0.73784523577928,0.758059009214826,0.756598448849257,139.272727272727,20.0,1.0,0.0202137734355453,0.0539532248782213,794.0,d8f957d1da9b50f09bdd5f587cbdc7662a881235,2026-08-18 08:07:04,2026-06-14 08:07:39,2026-06-13-HTX-CAR,flyers,havoc,32,11,2026-06-13 19:00:00
blin,8.4,60.18,cughetta,8.4,60.18,0,0,0,"bthibodea,cughetta,mbaldauf,jjoshi,blin,cdixon,sheslep",False,2026-06-13-HTX-CAR,31,11,4,10,159.0,1,9,True,True,561,away,358,1781399216.0,18,False,"jsingleto,elong,cbelus,ostout,bmorrison,zthoreson,nlyle",359,795,c63b18de9c4f6c575aff9c1b6d1307514068d05ce957d4f2b898fc33cf8adb68,1781399216.0,False,561,136.454545454545,0.0,0.0,0.0,-90.0,3f0a7bde61aa816b75e6a6052006779f8736673ca44a197e8070ab9ffca5b779,0.5,0.5,0.625346335067641,0.75690136248431,0.75690136248431,0.755436068215498,136.454545454545,20.0,1.0,0.0,0.0,795.0,ada9f0b5f589627ee59d499d9c3ea6ebe613489e,2026-08-18 08:07:04,2026-06-14 08:07:39,2026-06-13-HTX-CAR,flyers,havoc,32,11,2026-06-13 19:00:00
cughetta,8.4,60.18,blin,-11.95,68.81,0,0,0,"bthibodea,cughetta,mbaldauf,jjoshi,blin,cdixon,sheslep",False,2026-06-13-HTX-CAR,31,11,4,10,159.0,1,10,True,True,562,away,359,1781399221.0,18,False,"jsingleto,elong,cbelus,ostout,bmorrison,zthoreson,nlyle",360,796,82a1e8d5ef64fe176dc7c626c2c0bf6dbe6d51bcee36d8d155a77a30cb4d6c8b,1781399221.0,False,562,133.636363636364,22.1042846525283,-20.35,8.63,67.0192372291244,5b2ce93abb80e6c4b23f8ea22d9b755a7f2adfc004aa0fd11c0045a9572f61e6,0.947046070413623,0.0529539295863773,0.625346335067641,0.755648945279797,0.792949249686223,0.714138268502781,133.636363636364,20.0,1.0,0.0373003044064262,0.0995594275399935,796.0,647d211885e6117f41dcddfa9205b1cdba6c6577,2026-08-18 08:07:04,2026-06-14 08:07:39,2026-06-13-HTX-CAR,flyers,havoc,32,11,2026-06-13 19:00:00
blin,-11.95,68.81,,-11.95,68.81,1,0,0,"bthibodea,cughetta,mbaldauf,jjoshi,blin,cdixon,sheslep",False,2026-06-13-HTX-CAR,31,11,4,10,159.0,1,11,True,True,563,away,360,1781399225.0,22,False,"jsingleto,elong,cbelus,ostout,bmorrison,zthoreson,nlyle",361,798,7624001c29dfea9d90db71bca8cb35588ba428698d8426de8302f040fb5ee3b2,1781399225.0,False,563,130.818181818182,0.0,0.0,0.0,-90.0,c22543700a6a4e8b6bfda8eaac8080b4f60fd8afa5aa98c1b0699fcea1d4fa48,0.5,-0.5,0.625346335067641,0.791745811856506,0.791745811856506,0.71264275970232,130.818181818182,20.0,1.0,-0.71264275970232,-0.71264275970232,798.0,1dd496f08b9269b65ae3487d1bdd49ae1eaca532,2026-08-18 08:07:04,2026-06-14 08:07:39,2026-06-13-HTX-CAR,flyers,havoc,32,11,2026-06-13 19:00:00
elong,-16.71,24.74,cbelus,-8.46,27.81,0,0,0,"jsingleto,elong,cbelus,ostout,bmorrison,zthoreson,nlyle",True,2026-06-13-HTX-CAR,31,11,4,10,128.0,2,1,False,False,564,home,437,1781399231.0,18,False,"bthibodea,cughetta,mbaldauf,jjoshi,blin,cdixon,sheslep",438,799,c59108d70d4acfedff5f8262ca22353d71e8dccb9081e733824aacb27935d46d,1781399231.0,False,564,128.0,8.80269276982902,8.25,3.07,-69.5886984973298,ee5d1b72428d0375878a44d345d20df4a9e9b8137ad99fcb853f27f2c415b5c8,0.987340434204762,0.0126595657952379,0.610236645567024,0.610236645567024,0.63158830623799,0.895751119475278,128.0,20.0,1.0,0.0213516606709661,0.0547810881349486,799.0,3016cd7aa2f83ddb4558dc9165dbf646405c7cbc,2026-08-18 08:07:04,2026-06-14 08:07:39,2026-06-13-HTX-CAR,flyers,havoc,32,11,2026-06-13 19:00:00
cbelus,-8.46,27.81,jsingleto,-6.21,33.81,0,0,0,"jsingleto,elong,cbelus,ostout,bmorrison,zthoreson,nlyle",True,2026-06-13-HTX-CAR,31,11,4,10,128.0,2,2,False,False,565,home,438,1781399232.0,18,False,"bthibodea,cughetta,mbaldauf,jjoshi,blin,cdixon,sheslep",439,800,45b4a12f2aa2b97276ac816980c7d778f94ac4c6de9085341a8b5fae54cf4448,1781399232.0,False,565,114.5,6.40800280898815,2.25,6.0,-20.5560452195835,20f03659512ddcf68dd410112c3791f774dade14f523054a114f4cdc02173844,0.989886670300236,0.0101133296997641,0.610236645567024,0.620806500483161,0.640229711311103,0.866411841681205,114.5,20.0,1.0,0.0194232108279423,0.0498333427374131,800.0,f6eb8b752abe5d4ad7c6ced9eae04a14978d59ef,2026-08-18 08:07:04,2026-06-14 08:07:39,2026-06-13-HTX-CAR,flyers,havoc,32,11,2026-06-13 19:00:00
jsingleto,-6.21,33.81,zthoreson,-8.94,92.04,0,0,0,"jsingleto,elong,cbelus,ostout,bmorrison,zthoreson,nlyle",True,2026-06-13-HTX-CAR,31,11,4,10,128.0,2,3,False,False,566,home,439,1781399240.0,18,False,"bthibodea,cughetta,mbaldauf,jjoshi,blin,cdixon,sheslep",440,801,f9f2d203fe5722ef11f6f19120326f4f889442818702c944eae94c90fe7ded48,1781399240.0,False,566,101.0,58.2939602360313,-2.73,58.23,2.68423537762293,58947f67104eba50caaafd747d894b09bc5e587bcae7157d3f7d4a2bc2cc09e8,0.614791123481706,0.385208876518294,0.610236645567024,0.625797611383123,0.884534461236519,0.606049567376299,101.0,20.0,1.0,0.258736849853396,0.663830621608345,801.0,cd9575833236b0f93fa2d20a0f1f6c85d664db79,2026-08-18 08:07:04,2026-06-14 08:07:39,2026-06-13-HTX-CAR,flyers,havoc,32,11,2026-06-13 19:00:00
zthoreson,-8.94,92.04,elong,2.38,107.79,0,0,0,"jsingleto,elong,cbelus,ostout,bmorrison,zthoreson,nlyle",True,2026-06-13-HTX-CAR,32,11,4,10,128.0,2,4,False,False,567,home,440,1781399268.0,19,False,"bthibodea,cughetta,mbaldauf,jjoshi,blin,cdixon,sheslep",441,803,7c5410c7fabce0f7b1c3b08e39d5eab6c7ac510e820957bba71d66dd9422c1f5,1781399268.0,False,567,87.5,19.3960021653948,11.32,15.75,-35.7059418090556,74b7f1d66f7416900a3183f16c73b22d359135aa2783699e78b479ba2f91cf56,0.927627548948486,0.0723724510515144,0.610236645567024,0.87598729711166,1.0,0.565883748492395,87.5,20.0,1.0,0.12401270288834,0.318174352406095,803.0,d22087018467e42b1cac563759e5d3d9539a1447,2026-08-18 08:07:04,2026-06-14 08:07:39,2026-06-13-HTX-CAR,flyers,havoc,32,11,2026-06-13 19:00:00
awang,-8.32,15.72,xfuzat,4.13,23.27,0,0,0,"xfuzat,jsunukjia,bgfroerer,nfurrh,awang,ifuzat,mturner",False,2026-06-13-HTX-CAR,32,11,4,11,74.0,1,1,True,True,568,away,363,1781399313.0,18,False,"mlee1,wcoffin,mtucker,jreinhard,wmatthews,smadiraju1,smadiraju",364,807,135709da672b27c80893332b24582c6215beebf0fbae43d8a9a5fbef7e998e34,1781399313.0,False,568,74.0,14.5603914782536,12.45,7.55,-58.7663006854663,2bdc1b01400574e76a9cc1c5b9b994fd66bcc9aee533a9e1eb0f915848da9ab7,0.98283206409775,0.0171679359022495,0.516766627052618,0.528046042715836,0.54920792329602,0.88702708747087,74.0,21.0,1.0,0.0211618805801841,0.0437922580783516,807.0,270c8e5d7e80a87bffac67662fdccc4bc1d31502,2026-08-18 08:07:04,2026-06-14 08:07:39,2026-06-13-HTX-CAR,flyers,havoc,32,11,2026-06-13 19:00:00
xfuzat,4.13,23.27,ifuzat,15.3,23.54,0,0,0,"xfuzat,jsunukjia,bgfroerer,nfurrh,awang,ifuzat,mturner",False,2026-06-13-HTX-CAR,32,11,4,11,74.0,1,2,True,True,569,away,364,1781399315.0,18,False,"mlee1,wcoffin,mtucker,jreinhard,wmatthews,smadiraju1,smadiraju",365,808,21754b67f677dafb309dd90e728c19ac6b99beaa7bf6ab91cbd1d9d5969bd579,1781399315.0,False,569,71.2727272727273,11.1732627284961,11.17,0.27,-88.6153224160092,a13516e4be55b320a6af1c73c283eeed4864b42f86bc1e5cb5bfecf927cfd909,0.989861940793793,0.0101380592062066,0.516766627052618,0.543324645499984,0.531655588219188,0.878959703793915,71.2727272727273,21.0,1.0,-0.0116690572807964,-0.0241478712648164,808.0,bef9c15f5ab152217b73e254e3524bd18baeb6b9,2026-08-18 08:07:04,2026-06-14 08:07:39,2026-06-13-HTX-CAR,flyers,havoc,32,11,2026-06-13 19:00:00
ifuzat,15.3,23.54,mturner,1.86,30.63,0,0,0,"xfuzat,jsunukjia,bgfroerer,nfurrh,awang,ifuzat,mturner",False,2026-06-13-HTX-CAR,32,11,4,11,74.0,1,3,True,True,570,away,365,1781399318.0,18,False,"mlee1,wcoffin,mtucker,jreinhard,wmatthews,smadiraju1,smadiraju",366,809,ea5fa36e29ecc02b8d1e293902f7514585a6d85934f355912436a99d10bf5235,1781399318.0,False,570,68.5454545454545,15.1954499768845,-13.44,7.09,62.1870191172508,f03fd2af10106803baaa3a60674263516986fcfebf36f84b095a4b23fca32375,0.978177402670046,0.0218225973299535,0.516766627052618,0.525482283472718,0.559933644457504,0.845749314739193,68.5454545454545,21.0,1.0,0.0344513609847857,0.0712934224195999,809.0,583fdd608a7fa011c8098fc8717911c1b08643a4,2026-08-18 08:07:04,2026-06-14 08:07:39,2026-06-13-HTX-CAR,flyers,havoc,32,11,2026-06-13 19:00:00
mturner,1.86,30.63,awang,-14.95,30.63,0,0,0,"xfuzat,jsunukjia,bgfroerer,nfurrh,awang,ifuzat,mturner",False,2026-06-13-HTX-CAR,32,11,4,11,74.0,1,4,True,True,571,away,366,1781399319.0,18,False,"mlee1,wcoffin,mtucker,jreinhard,wmatthews,smadiraju1,smadiraju",367,810,f95e30bfbe6e7fbaac3e69fa4ba7a348a6c53b59811152d357f04fbba6292091,1781399319.0,False,571,65.8181818181818,16.81,-16.81,0.0,90.0,9a547efa34d863cde84e1a3a811ba3877910676f8aad85812a38dc32a5472101,0.982435702999809,0.0175642970001906,0.516766627052618,0.553557854156835,0.543610970450418,0.83600577343368,65.8181818181818,21.0,1.0,-0.00994688370641639,-0.0205840164675453,810.0,587eb68867482ec21ebcb59f7ef67173cb0a4a71,2026-08-18 08:07:04,2026-06-14 08:07:39,2026-06-13-HTX-CAR,flyers,havoc,32,11,2026-06-13 19:00:00
awang,-14.95,30.63,mturner,1.22,26.18,0,0,0,"xfuzat,jsunukjia,bgfroerer,nfurrh,awang,ifuzat,mturner",False,2026-06-13-HTX-CAR,32,11,4,11,74.0,1,5,True,True,572,away,367,1781399321.0,18,False,"mlee1,wcoffin,mtucker,jreinhard,wmatthews,smadiraju1,smadiraju",368,811,c517f81b232a02983443dc0f2daa05e46edaaa7a423af817877a65163eddf5e7,1781399321.0,False,572,63.0909090909091,16.7711478438418,16.17,-4.45,-105.386956892017,cd10d7191d9b4a0934ecb04db2ffbba617aaef5fb6123a2ccc1fc01095851ce3,0.981484100733707,0.0185158992662932,0.516766627052618,0.536924151437017,0.532890638519631,0.862153678985476,63.0909090909091,21.0,1.0,-0.00403351291738585,-0.00834692540538803,811.0,497798925b86575296ad8348313b8d038dcf91a9,2026-08-18 08:07:04,2026-06-14 08:07:39,2026-06-13-HTX-CAR,flyers,havoc,32,11,2026-06-13 19:00:00
mturner,1.22,26.18,xfuzat,14.21,28.9,0,0,0,"xfuzat,jsunukjia,bgfroerer,nfurrh,awang,ifuzat,mturner",False,2026-06-13-HTX-CAR,32,11,4,11,74.0,1,6,True,True,573,away,368,1781399327.0,18,False,"mlee1,wcoffin,mtucker,jreinhard,wmatthews,smadiraju1,smadiraju",369,812,98e8868ab94467110f5b5a91d89aae1ae95a8e0e5d6e73e1f9f2bdb11518288a,1781399327.0,False,573,60.3636363636364,13.2717180500491,12.99,2.72,-78.1735982060549,9bbcf53d34234964c52e2e7bed24e1e3460b5342ef24e2052c1b9eb6adb73c94,0.985952566091773,0.0140474339082269,0.516766627052618,0.5259068817726,0.524506449676948,0.8399056109147,60.3636363636364,21.0,1.0,-0.00140043209565144,-0.00289804507314922,812.0,ae335aca86cab2791f5194dee209bbcbc4d48cb2,2026-08-18 08:07:04,2026-06-14 08:07:39,2026-06-13-HTX-CAR,flyers,havoc,32,11,2026-06-13 19:00:00
xfuzat,14.21,28.9,jsunukjia,20.76,38.54,0,0,0,"xfuzat,jsunukjia,bgfroerer,nfurrh,awang,ifuzat,mturner",False,2026-06-13-HTX-CAR,32,11,4,11,74.0,1,7,True,True,574,away,369,1781399329.0,18,False,"mlee1,wcoffin,mtucker,jreinhard,wmatthews,smadiraju1,smadiraju",370,813,921674f0c96d08bcf92af9f389414ba9d5b15daac9c7c6e265c8e008558fb22c,1781399329.0,False,574,57.6363636363636,11.6547029134165,6.55,9.64,-34.1945627795249,c0224fd8f0bb6c097207f054e31f47a08d14a584d25262aec88be5fd7a01b025,0.985362991091742,0.0146370089082579,0.516766627052618,0.517227628657258,0.524334901409061,0.761184826557069,57.6363636363636,21.0,1.0,0.00710727275180389,0.014707744021185,813.0,05be61534c3fff44cf192963099eb7de343b3af0,2026-08-18 08:07:04,2026-06-14 08:07:39,2026-06-13-HTX-CAR,flyers,havoc,32,11,2026-06-13 19:00:00
jsunukjia,20.76,38.54,nfurrh,21.21,48.36,0,0,0,"xfuzat,jsunukjia,bgfroerer,nfurrh,awang,ifuzat,mturner",False,2026-06-13-HTX-CAR,32,11,4,11,74.0,1,8,True,True,575,away,370,1781399332.0,18,False,"mlee1,wcoffin,mtucker,jreinhard,wmatthews,smadiraju1,smadiraju",371,814,dac78731580399f05ab42460b558d72a9fec4e2adb3a6d3a17081eba143505bc,1781399332.0,False,575,54.9090909090909,9.83030518346201,0.449999999999999,9.82,-2.62373483011497,be8826ec41d0e8a2acfe6dbf7852a5b382c31d999965170b90bac12547dacff0,0.983819913243307,0.0161800867566926,0.516766627052618,0.516766627052618,0.556354642353934,0.689705227831628,54.9090909090909,21.0,1.0,0.0395880153013161,0.081923181463766,814.0,3eab6eb58b3bfdb9d99ad2f1320e1bc690b6d2c3,2026-08-18 08:07:04,2026-06-14 08:07:39,2026-06-13-HTX-CAR,flyers,havoc,32,11,2026-06-13 19:00:00
nfurrh,21.21,48.36,mturner,13.94,52.36,0,0,0,"xfuzat,jsunukjia,bgfroerer,nfurrh,awang,ifuzat,mturner",False,2026-06-13-HTX-CAR,32,11,4,11,74.0,1,9,True,True,576,away,371,1781399338.0,18,False,"mlee1,wcoffin,mtucker,jreinhard,wmatthews,smadiraju1,smadiraju",372,815,265905175eebc8d3af969d37c3447afd2fcc8150ebaaa0f9dcca18ac4d35622a,1781399338.0,False,576,52.1818181818182,8.29776475925897,-7.27,4.0,61.1801308960395,8e9386a5491871c6d9ff33c3dfa23dea9f1dffe83e4ce6dcf71f72740f95fe8e,0.983288599216524,0.0167114007834764,0.516766627052618,0.548564687578774,0.597814661346559,0.683372451607627,52.1818181818182,21.0,1.0,0.0492499737677853,0.101917575492345,815.0,46bff454f6f560d32e28b6a91bc3da159e29a3c6,2026-08-18 08:07:04,2026-06-14 08:07:39,2026-06-13-HTX-CAR,flyers,havoc,32,11,2026-06-13 19:00:00
mturner,13.94,52.36,ifuzat,6.76,60.36,0,0,0,"xfuzat,jsunukjia,bgfroerer,nfurrh,awang,ifuzat,mturner",False,2026-06-13-HTX-CAR,32,11,4,11,74.0,1,10,True,True,577,away,372,1781399341.0,18,False,"mlee1,wcoffin,mtucker,jreinhard,wmatthews,smadiraju1,smadiraju",373,816,36fab59b3186aa9b4ab30302999adf59299e0134f2215dd18f2b4f475e52f748,1781399341.0,False,577,49.4545454545455,10.7495302222934,-7.18,8.0,41.9079762311411,a8a89b8642ee5ca098454663891115e8be41f46894c6e90b1e05910e8869fe3e,0.978084918478221,0.0219150815217787,0.516766627052618,0.58992465579871,0.6401141478317,0.636160875043217,49.4545454545455,21.0,1.0,0.0501894920329899,0.103861808481624,816.0,fb246c6bfb670872b77d895236d13a62a6bb4e66,2026-08-18 08:07:04,2026-06-14 08:07:39,2026-06-13-HTX-CAR,flyers,havoc,32,11,2026-06-13 19:00:00
ifuzat,6.76,60.36,,6.76,60.36,1,0,0,"xfuzat,jsunukjia,bgfroerer,nfurrh,awang,ifuzat,mturner",False,2026-06-13-HTX-CAR,32,11,4,11,74.0,1,11,True,True,578,away,373,1781399348.0,22,False,"mlee1,wcoffin,mtucker,jreinhard,wmatthews,smadiraju1,smadiraju",374,818,efa71dc5b2fc2e66638e6f47276dd6c73b71c2a6ecdf48f5c8df57616e1ddbf8,1781399348.0,False,578,46.7272727272727,0.0,0.0,0.0,-90.0,0f73311f3f3bc00542ed71ffe8b719c916d8689eec7e7f3f654340fcc0a176c9,0.5,-0.5,0.516766627052618,0.632257820313248,0.632257820313248,0.628268364207788,46.7272727272727,21.0,1.0,-0.628268364207788,-0.628268364207788,818.0,e5c1d3f0fc544d9e5e7a50eedceecd172b6864a5,2026-08-18 08:07:04,2026-06-14 08:07:39,2026-06-13-HTX-CAR,flyers,havoc,32,11,2026-06-13 19:00:00
mlee1,19.36,24.61,jreinhard,7.63,31.84,0,0,0,"mlee1,wcoffin,mtucker,jreinhard,wmatthews,smadiraju1,smadiraju",True,2026-06-13-HTX-CAR,32,11,4,11,44.0,2,1,False,False,579,home,444,1781399357.0,18,False,"xfuzat,jsunukjia,bgfroerer,nfurrh,awang,ifuzat,mturner",445,819,4f8fc4c3d06b1b168ba91c5c2c983b72a7c64eeafaaf9337dbdfde85f2cb9d04,1781399357.0,False,579,44.0,13.7791799465716,-11.73,7.23,58.3516364145702,014d9a8a71db2f9125dbfb1549c598577d0af26fb86696db2bf408acb4d7d7d1,0.977989931356604,0.0220100686433964,0.444065144136208,0.444065144136208,0.49457923747767,0.798254548581247,44.0,21.0,1.0,0.0505140933414621,0.0908633319329745,819.0,285c97084782b8c44fa45135c1f0b0d494a341c2,2026-08-18 08:07:04,2026-06-14 08:07:39,2026-06-13-HTX-CAR,flyers,havoc,32,11,2026-06-13 19:00:00
