game_id,Thrower,ThrowerX,ThrowerY,Receiver,ReceiverX,ReceiverY,turnover,DroppedThrow,stall,offensive_line,is_home_team,GameID,home_team_score,away_team_score,game_quarter,quarter_point,PointStartTime,possession_num,possession_throw,start_on_offense,o_line,event_id,source_side,source_side_idx,source_timestamp,source_event_type,is_callahan,defensive_line,source_event_id,global_event_seq,event_sig_id,derived_sort_timestamp,sort_timestamp_imputed,event_id_calc,time_left,throw_distance,x_diff,y_diff,throw_angle,throw_sig_id,cp,cpoe,min_fv,fv_thrower,fv_receiver,fv_opponent,game_time_left,score_diff,win_prob,ec,aec,source_global_event_seq,source_throw_hash,insert_timestamp,original_insert_timestamp,home_team_id,away_team_id,home_score_final,away_score_final,status,start_timestamp
2026-05-02-TOR-PHI,sdillon,0.44,20.0,rpoloz,-0.86,28.07,0,0,0,"sdillon,gchatha,rpoloz,kmallany,mgallant,pturner,asehgal",False,2026-05-02-TOR-PHI,0,0,1,1,720,1,1,True,True,1,away,1,,18,False,"jwisner,mhanna,bpastor,messer,swhitcomb,jbray,jthornton",2,3,abfd2e44e7b97887cd24ef1847956445eec4657bf6064c1021e43c7dcac359ad,1777763040.0,True,1,720.0,8.17403816971759,-1.3,8.07,9.1511856753262,9f2be7e680d406c9f53b9949d6122ceddcab1ffe62ba53f02cc8a12f45494e84,0.989722794738065,0.010277205261935,0.695381861742878,0.695381861742878,0.714875227835801,0.925373379282815,2880.0,0,0.517,0.0194933660929228,0.0639927950595933,3,08fde5b44bf9444f72f1e48343b5b7caf031010d,2026-07-21 08:07:47,2026-06-06 14:01:41,phoenix,rush,17,24,Final,2026-05-02 19:00:00
2026-05-02-TOR-PHI,rpoloz,-0.86,28.07,sdillon,10.81,29.79,0,0,0,"sdillon,gchatha,rpoloz,kmallany,mgallant,pturner,asehgal",False,2026-05-02-TOR-PHI,0,0,1,1,720,1,2,True,True,2,away,2,,18,False,"jwisner,mhanna,bpastor,messer,swhitcomb,jbray,jthornton",3,4,4fa0f204e37ed7b49d6d6f2479ca9717a4c76902cf181a375fe74a09d9b61d36,1777763041.0,True,2,714.8,11.7960713799129,11.67,1.72,-81.6157398785295,7fc1553ce197e182b05e535d6b1dbe96018edd85201c15e333b627131ccb3287,0.98682434286811,0.0131756571318904,0.695381861742878,0.708096075003204,0.709469902290617,0.916879567782285,2874.8,0,0.518,0.0013738272874122,0.00450999830565763,4,b1283c0ed94df9c355f60c3e976056e9c661fd28,2026-07-21 08:07:47,2026-06-06 14:01:41,phoenix,rush,17,24,Final,2026-05-02 19:00:00
2026-05-02-TOR-PHI,sdillon,10.81,29.79,kmallany,16.09,44.0,0,0,0,"sdillon,gchatha,rpoloz,kmallany,mgallant,pturner,asehgal",False,2026-05-02-TOR-PHI,0,0,1,1,720,1,3,True,True,3,away,3,,18,False,"jwisner,mhanna,bpastor,messer,swhitcomb,jbray,jthornton",4,5,13c5c71717860492202a4fded5e224a601ca1543633a0516ec4c719792c9f97f,1777763042.0,True,3,709.6,15.159238107504,5.28,14.21,-20.3835213894675,039c37c5ba3b485b3977fba456b93155e1210f56f74af430d9202f3ad7ad335b,0.975171957237985,0.0248280427620152,0.695381861742878,0.703115512529126,0.737321444376158,0.860220554197169,2869.6,0,0.511,0.0342059318470318,0.112291185425601,5,3b3339312da3f86193df5ee1a9d7400393478a94,2026-07-21 08:07:47,2026-06-06 14:01:41,phoenix,rush,17,24,Final,2026-05-02 19:00:00
2026-05-02-TOR-PHI,kmallany,16.09,44.0,gchatha,14.1,55.74,0,0,0,"sdillon,gchatha,rpoloz,kmallany,mgallant,pturner,asehgal",False,2026-05-02-TOR-PHI,0,0,1,1,720,1,4,True,True,4,away,4,,18,False,"jwisner,mhanna,bpastor,messer,swhitcomb,jbray,jthornton",5,6,20fef7480503e979200db16a0ea9c1ca4e10a88eba0cd527b2efe014827073bb,1777763043.0,True,4,704.4,11.9074640457152,-1.99,11.74,9.62053188327791,ff8631fe3497c88713278ad0eec390f12d442b691103fa08a93455de1301feb5,0.975511998433393,0.0244880015666069,0.695381861742878,0.73179973730889,0.77873518799717,0.812837344435514,2864.4,0,0.5,0.0469354506882802,0.154079632148047,6,53b1f86cbf2c4582f41586d16eeed70df3b9195b,2026-07-21 08:07:47,2026-06-06 14:01:41,phoenix,rush,17,24,Final,2026-05-02 19:00:00
2026-05-02-TOR-PHI,gchatha,14.1,55.74,mgallant,15.89,106.75,0,0,0,"sdillon,gchatha,rpoloz,kmallany,mgallant,pturner,asehgal",False,2026-05-02-TOR-PHI,0,1,1,1,720,1,5,True,True,5,away,5,,19,False,"jwisner,mhanna,bpastor,messer,swhitcomb,jbray,jthornton",6,7,c3c44e807604b1c4f7c25dd89860880660e05bc7775fb9b094348b95bcbb5954,1777763044.0,True,5,699.2,51.0413969244573,1.79,51.01,-2.00975062795514,f4aa4dd834ac9b46d45d9fa005d7a2050e1695f2144b1048ff70fdb3151b0c68,0.677500372383469,0.322499627616531,0.695381861742878,0.77420748823118,1.0,0.658636342148661,2859.2,0,0.447,0.22579251176882,0.741231343152104,7,38fccce1f55a8ddfa3c49b7c1500cdaa5d110a4e,2026-07-21 08:07:47,2026-06-06 14:01:41,phoenix,rush,17,24,Final,2026-05-02 19:00:00
2026-05-02-TOR-PHI,esarles,-2.44,31.51,eholmgren,-14.32,35.62,0,0,0,"eholmgren,ndigiorgi,esarles,crawlins,cwhite1,mcampanel,tnye",True,2026-05-02-TOR-PHI,0,1,1,2,694,1,1,True,True,6,home,4,1777763180.0,18,False,"amuraoka,rjamieson,lcomire,nhsieh,ebembenis,ezhuang,mayad",5,146,f51b6473c506cb96dec6b4729569baa5d0257495853be42529bce34c72d5c94e,1777763180.0,False,6,694.0,12.5708591591824,-11.88,4.11,70.916447418187,0cc01fe212c90180d5b2a357eb2378d997f0237f83a1bb41b24a78dddd548d93,0.984981655928394,0.015018344071606,0.67018225874681,0.694585139426595,0.699640412180036,0.884823971604438,2854.0,-1,0.457,0.00505527275344053,0.0153274736957214,146,b226a641a85e85a4ace772d6efd23f41a3b33bc8,2026-07-21 08:07:47,2026-06-06 14:01:41,phoenix,rush,17,24,Final,2026-05-02 19:00:00
2026-05-02-TOR-PHI,eholmgren,-14.32,35.62,esarles,-4.23,31.3,0,0,0,"eholmgren,ndigiorgi,esarles,crawlins,cwhite1,mcampanel,tnye",True,2026-05-02-TOR-PHI,0,1,1,2,694,1,2,True,True,7,home,5,1777763182.0,18,False,"amuraoka,rjamieson,lcomire,nhsieh,ebembenis,ezhuang,mayad",6,149,518729643c40910ad6f30695d974c8e1b87b83a7cedfaaeba7371c23fcd20053,1777763182.0,False,7,689.166666666667,10.9759054296217,10.09,-4.32,-113.178027368396,631cb758344eee8ac0f622263e23245e2110eb314143351ebf9056a59038b816,0.987466512661674,0.0125334873383265,0.67018225874681,0.695338660763308,0.689420474939796,0.902284863013858,2849.16666666667,-1,0.455,-0.00591818582351211,-0.0179438067856056,149,faf2f619dd53fd2ed7b12c14ab867021ae33024b,2026-07-21 08:07:47,2026-06-06 14:01:41,phoenix,rush,17,24,Final,2026-05-02 19:00:00
2026-05-02-TOR-PHI,esarles,-4.23,31.3,tnye,12.87,29.31,0,0,0,"eholmgren,ndigiorgi,esarles,crawlins,cwhite1,mcampanel,tnye",True,2026-05-02-TOR-PHI,0,1,1,2,694,1,3,True,True,8,home,6,1777763184.0,18,False,"amuraoka,rjamieson,lcomire,nhsieh,ebembenis,ezhuang,mayad",7,152,0a655e717f50ddc4658176edad0eb170eb62bd278836fa6a0a87f0ff8d66ec74,1777763184.0,False,8,684.333333333333,17.2154029868603,17.1,-1.99,-96.637896305248,85342e04bfe334f1e778d439d1df8733e601c6b497805fee0c7aae161438dfe3,0.981471451854343,0.018528548145657,0.67018225874681,0.685410409828698,0.673929315333114,0.905648464095269,2844.33333333333,-1,0.451,-0.0114810944955839,-0.0348104212100896,152,b6193b4f6e833e0d89dc55ea257f31a8c893d486,2026-07-21 08:07:47,2026-06-16 08:07:02,phoenix,rush,17,24,Final,2026-05-02 19:00:00
2026-05-02-TOR-PHI,tnye,12.87,29.31,cwhite1,21.24,49.29,0,0,0,"eholmgren,ndigiorgi,esarles,crawlins,cwhite1,mcampanel,tnye",True,2026-05-02-TOR-PHI,0,1,1,2,694,1,4,True,True,9,home,7,1777763187.0,18,False,"amuraoka,rjamieson,lcomire,nhsieh,ebembenis,ezhuang,mayad",8,156,62b90e5f0841eb70e5275ba3b69984ae30e896bcf8df2981963eedef2174fea2,1777763187.0,False,9,679.5,21.6623475182169,8.37,19.98,-22.7297320799447,f6d5a9c79e319c5103de77477b8598b89b664f906ab53f66e7b7b4621ab5b7ed,0.956337183985322,0.0436628160146785,0.67018225874681,0.67018225874681,0.710357363918006,0.805971916968178,2839.5,-1,0.458,0.0401751051711958,0.12181001852279,156,5cf79c35fae732cc93728c5c5d0e99fcad8b0fff,2026-07-21 08:07:47,2026-06-16 08:07:02,phoenix,rush,17,24,Final,2026-05-02 19:00:00
2026-05-02-TOR-PHI,cwhite1,21.24,49.29,mcampanel,20.83,59.51,0,0,0,"eholmgren,ndigiorgi,esarles,crawlins,cwhite1,mcampanel,tnye",True,2026-05-02-TOR-PHI,0,1,1,2,694,1,5,True,True,10,home,8,1777763189.0,18,False,"amuraoka,rjamieson,lcomire,nhsieh,ebembenis,ezhuang,mayad",9,159,70088c9ea4688c9447a698725d22606ce4b11ec32574fe9fbe9494e42cd080d9,1777763189.0,False,10,674.666666666667,10.2282207641407,-0.41,10.22,2.297326753113,5cba75429de93062705e683596d2d1545955b4f4ae0eecd6275cbabd3086423f,0.981363831201807,0.0186361687981932,0.67018225874681,0.70717751560865,0.752539528843084,0.759049117174942,2834.66666666667,-1,0.466,0.0453620132344343,0.137536607527766,159,94def458bd1b1d4457de1025c83e7f0f22513288,2026-07-21 08:07:47,2026-06-06 14:01:41,phoenix,rush,17,24,Final,2026-05-02 19:00:00
2026-05-02-TOR-PHI,mcampanel,20.83,59.51,crawlins,12.66,112.51,0,0,0,"eholmgren,ndigiorgi,esarles,crawlins,cwhite1,mcampanel,tnye",True,2026-05-02-TOR-PHI,1,1,1,2,694,1,6,True,True,11,home,9,1777763198.0,19,False,"amuraoka,rjamieson,lcomire,nhsieh,ebembenis,ezhuang,mayad",10,169,2c12cf968eea70cb8a85ebe118e3fabbd9a2995b0eb833e41755edc5e20ac32f,1777763198.0,False,11,669.833333333333,53.6260095476067,-8.17,53.0,8.76322086314815,7b9426037860034fe103aa25a64968dea46e9ae4f85246d203fcc7d7e452805c,0.611918499366313,0.388081500633687,0.67018225874681,0.749946953023962,1.0,0.640014893270529,2829.83333333333,-1,0.522,0.250053046976038,0.758155234542342,169,44e83f078b63bea7c89c8d07d1128061aa58801d,2026-07-21 08:07:47,2026-06-06 14:01:41,phoenix,rush,17,24,Final,2026-05-02 19:00:00
2026-05-02-TOR-PHI,sdillon,5.45,20.0,rpoloz,-0.73,26.84,0,0,0,"sdillon,gchatha,rpoloz,kmallany,mgallant,pturner,asehgal",False,2026-05-02-TOR-PHI,1,1,1,3,665,1,1,True,True,12,away,10,,18,False,"czaleski,jbray,jwisner,mhanna,bpastor,sdavies1,idietrich",11,12,b7c70190184ed5cb817a94368c51dab12530871207eb04548e75853b1c39c4e8,1777763049.0,True,12,665.0,9.21835126256317,-6.18,6.84,42.0980895311164,c46427a486e080abbf17724a227ef13cb5ab0854bd6a10b65fda58ac2d578e13,0.989022358736339,0.0109776412636612,0.641804372802158,0.641804372802158,0.660191762630252,0.911302932679489,2825.0,0,0.522,0.0183873898280941,0.0513333732517572,12,a1f33d4faf94b49128bbf1b685ffef87d4cd2e64,2026-07-21 08:07:47,2026-06-06 14:01:41,phoenix,rush,17,24,Final,2026-05-02 19:00:00
2026-05-02-TOR-PHI,rpoloz,-0.73,26.84,gchatha,-13.9,30.13,0,0,0,"sdillon,gchatha,rpoloz,kmallany,mgallant,pturner,asehgal",False,2026-05-02-TOR-PHI,1,1,1,3,665,1,2,True,True,13,away,11,,18,False,"czaleski,jbray,jwisner,mhanna,bpastor,sdavies1,idietrich",12,13,058294b24b3cd53dd3ee1b4bdb3490529cd32ec50e8f02236af7a2a46cf0a4ab,1777763050.0,True,13,660.666666666667,13.5747191499493,-13.17,3.29,75.9739934052026,1bb90954e6e2a6cd9e804377f618f309d9ef93485e4be8f8584857189962bd1d,0.984942572568794,0.015057427431206,0.641804372802158,0.657960998299261,0.660353907355274,0.895391160206549,2820.66666666667,0,0.522,0.0023929090560133,0.00668045301036473,13,7b161b4bb33c70f6f996700613518cf3a9f1fdc4,2026-07-21 08:07:47,2026-06-06 14:01:41,phoenix,rush,17,24,Final,2026-05-02 19:00:00
2026-05-02-TOR-PHI,gchatha,-13.9,30.13,kmallany,-14.87,52.31,0,0,0,"sdillon,gchatha,rpoloz,kmallany,mgallant,pturner,asehgal",False,2026-05-02-TOR-PHI,1,1,1,3,665,1,3,True,True,14,away,12,,18,False,"czaleski,jbray,jwisner,mhanna,bpastor,sdavies1,idietrich",13,14,56a6ba81c7638bf93cfbb606c9a0c7b7f56073fad9232577df47631089f3531c,1777763051.0,True,14,656.333333333333,22.2012004179954,-0.969999999999999,22.18,2.50412601032863,2d045d176d90065587b4c50ef7eb00f37262d449ed2f906a86c18377f0a25160,0.940398844156422,0.0596011558435784,0.641804372802158,0.658366859620705,0.734454392769245,0.799054989645488,2816.33333333333,0,0.506,0.0760875331485392,0.212418933597182,14,eb4d12bed72c2dd5c87c20c54a39f809e0cf84a2,2026-07-21 08:07:47,2026-06-06 14:01:41,phoenix,rush,17,24,Final,2026-05-02 19:00:00
2026-05-02-TOR-PHI,kmallany,-14.87,52.31,gchatha,-12.81,45.3,0,0,0,"sdillon,gchatha,rpoloz,kmallany,mgallant,pturner,asehgal",False,2026-05-02-TOR-PHI,1,1,1,3,665,1,4,True,True,15,away,13,,18,False,"czaleski,jbray,jwisner,mhanna,bpastor,sdavies1,idietrich",14,15,15d99be3777bf36389a68b876fb98cc67beb35f4079c4cfc893de8db3ce2f784,1777763052.0,True,15,652.0,7.30641498958279,2.06,-7.01000000000001,-163.623735894857,47edf9b74d10906d03528fdbf67df2cac1411e583e69110f3c36f738e8bd780e,0.989219590943596,0.0107804090564035,0.641804372802158,0.732927963566986,0.708947447628647,0.831745624209655,2812.0,0,0.511,-0.0239805159383383,-0.0669480979595911,15,00c19457bdee37ac6c4c79a0af99b0f20525be13,2026-07-21 08:07:47,2026-06-06 14:01:41,phoenix,rush,17,24,Final,2026-05-02 19:00:00
2026-05-02-TOR-PHI,gchatha,-12.81,45.3,asehgal,-18.64,48.26,0,0,0,"sdillon,gchatha,rpoloz,kmallany,mgallant,pturner,asehgal",False,2026-05-02-TOR-PHI,1,1,1,3,665,1,5,True,True,16,away,14,,18,False,"czaleski,jbray,jwisner,mhanna,bpastor,sdavies1,idietrich",15,16,077925516ab87791da2cd68238bce54c3cd37437c1fc7a6a2d348e1ff51a90f8,1777763053.0,True,16,647.666666666667,6.53838665115486,-5.83,2.96,63.0822432812191,cfc54ecad6af7b21e67a1a96032185d5c7238b1fd8702993ab6a569622526839,0.990800665765095,0.00919933423490527,0.641804372802158,0.707537332555729,0.70524360494132,0.806250976516896,2807.66666666667,0,0.511,-0.00229372761440905,-0.00640356118345955,16,8f1cf167b098da1343e0a620890f61fd535402ed,2026-07-21 08:07:47,2026-06-06 14:01:41,phoenix,rush,17,24,Final,2026-05-02 19:00:00
2026-05-02-TOR-PHI,asehgal,-18.64,48.26,rpoloz,-14.52,38.16,0,0,0,"sdillon,gchatha,rpoloz,kmallany,mgallant,pturner,asehgal",False,2026-05-02-TOR-PHI,1,1,1,3,665,1,6,True,True,17,away,15,,18,False,"czaleski,jbray,jwisner,mhanna,bpastor,sdavies1,idietrich",16,17,cde9199ec128e1a44e61396253b1d03ef14307d6c96f3fede9e40de3a3191538,1777763054.0,True,17,643.333333333333,10.9079970663729,4.12,-10.1,-157.808431208879,021ec6bf7d62b86b99f2ac445504bb9a50352a05f32ed612ab02dda16ddf8185,0.987125484627055,0.012874515372945,0.641804372802158,0.704019288429228,0.678144538967266,0.859134209194121,2803.33333333333,0,0.517,-0.0258747494619618,-0.0722363633090094,17,0c843089e32df3f84bdd91fe5109741b744f5207,2026-07-21 08:07:47,2026-06-06 14:01:41,phoenix,rush,17,24,Final,2026-05-02 19:00:00
2026-05-02-TOR-PHI,rpoloz,-14.52,38.16,sdillon,-14.8,51.89,0,0,0,"sdillon,gchatha,rpoloz,kmallany,mgallant,pturner,asehgal",False,2026-05-02-TOR-PHI,1,1,1,3,665,1,7,True,True,18,away,16,,18,False,"czaleski,jbray,jwisner,mhanna,bpastor,sdavies1,idietrich",17,18,f6e7c91cb99dd2fcc1675240aa65745ce2c6f5eb2b00dd621f7c06dbd088f2f2,1777763055.0,True,18,639.0,13.7328547651244,-0.280000000000001,13.73,1.16828804227472,d496308c6f96240895659e050be47202cc80c38418aa53015e066da8d34e19c6,0.972706007716019,0.0272939922839813,0.641804372802158,0.677054985362237,0.727869281202315,0.796946799571686,2799.0,0,0.506,0.0508142958400785,0.141861854198494,18,7dbbe67ca4ecf2ea8253181eeeeb7da24a7556c0,2026-07-21 08:07:47,2026-06-06 14:01:41,phoenix,rush,17,24,Final,2026-05-02 19:00:00
2026-05-02-TOR-PHI,sdillon,-14.8,51.89,asehgal,-5.05,56.7,0,0,0,"sdillon,gchatha,rpoloz,kmallany,mgallant,pturner,asehgal",False,2026-05-02-TOR-PHI,1,1,1,3,665,1,8,True,True,19,away,17,,18,False,"czaleski,jbray,jwisner,mhanna,bpastor,sdavies1,idietrich",18,19,0eb1548315ac84cc508179d45de96e371989327ba26e8f750153993aad768ac4,1777763056.0,True,19,634.666666666667,10.8719179540686,9.75,4.81,-63.7413404451927,651de2b7a3d2536a91c5724b717682bf88c400a627a45926f4c4a4e274f8e423,0.979699805983819,0.0203001940161808,0.641804372802158,0.727048701753231,0.753972705667202,0.782185332162599,2794.66666666667,0,0.499,0.026924003913971,0.0751656409783587,19,08234be4e314fa28b08a8434f81525cd35a153c5,2026-07-21 08:07:47,2026-06-06 14:01:41,phoenix,rush,17,24,Final,2026-05-02 19:00:00
2026-05-02-TOR-PHI,asehgal,-5.05,56.7,pturner,19.39,105.65,0,0,0,"sdillon,gchatha,rpoloz,kmallany,mgallant,pturner,asehgal",False,2026-05-02-TOR-PHI,1,2,1,3,665,1,9,True,True,20,away,18,,19,False,"czaleski,jbray,jwisner,mhanna,bpastor,sdavies1,idietrich",19,20,01c851b393939cfb5da1d140ec7a7add61d097ca0d4974c5cb3645fcf07af0ea,1777763057.0,True,20,630.333333333333,54.7121202294336,24.44,48.95,-26.532267916262,12a11002036de009196d4c603ee44df4c2ec07611493a43c4fc1315a3005a397,0.737071378592409,0.262928621407591,0.641804372802158,0.753353222418395,1.0,0.605850384201151,2790.33333333333,0,0.445,0.246646777581605,0.688581207735893,20,0ccb28beffb8f80df18fa4ff1be7bb17056bccb3,2026-07-21 08:07:47,2026-06-06 14:01:41,phoenix,rush,17,24,Final,2026-05-02 19:00:00
2026-05-02-TOR-PHI,esarles,0.0,40.0,jkeller,12.25,43.04,0,0,0,"esarles,jkeller,ndigiorgi,tnye,mcampanel,dsuvorov,crawlins",True,2026-05-02-TOR-PHI,1,2,1,4,626,1,1,True,True,21,home,14,1777763353.0,18,False,"nnishizak,ezhuang,lkeillor,dpetsinis,hnorris,nho,mayad",15,329,c51221049c0f3c25fca158d7329cfaf00a2b4238c2e0e8837a56744455200c45,1777763353.0,False,21,626.0,12.6215728021511,12.25,3.04,-76.0628459827866,e260ed2936c587c87836b1f9760f8ac19eb415f37961e34d2aeb4ebb0ea843b7,0.983278406964294,0.0167215930357064,0.679406309203289,0.689072389054023,0.694815040092323,0.838872246498205,2786.0,-1,0.449,0.00574265103829996,0.0179125516289133,329,ae0c753dba439fb484e1c346b6bd974d7b274f3e,2026-07-21 08:07:47,2026-06-06 14:01:41,phoenix,rush,17,24,Final,2026-05-02 19:00:00
2026-05-02-TOR-PHI,jkeller,12.25,43.04,crawlins,17.53,51.48,0,0,0,"esarles,jkeller,ndigiorgi,tnye,mcampanel,dsuvorov,crawlins",True,2026-05-02-TOR-PHI,1,2,1,4,626,1,2,True,True,22,home,15,1777763356.0,18,False,"nnishizak,ezhuang,lkeillor,dpetsinis,hnorris,nho,mayad",16,333,8a99f1632f34dfcb63d1f943f6b2d590993db46646e858326b6f460c32254e38,1777763356.0,False,22,619.071428571429,9.95550099191397,5.28,8.44,-32.029785156997,7ba879b61426e1666521237891adf64489aab9c08e68e3627cdf83b34375b2df,0.98521169145069,0.0147883085493102,0.679406309203289,0.694247958887705,0.714795269856231,0.792577863232688,2779.07142857143,-1,0.453,0.0205473109685265,0.0640914389720649,333,c157b5a0e2d9355c959d673f26f5b5fa642b5399,2026-07-21 08:07:47,2026-06-06 14:01:41,phoenix,rush,17,24,Final,2026-05-02 19:00:00
2026-05-02-TOR-PHI,crawlins,17.53,51.48,esarles,-4.5,37.48,0,0,0,"esarles,jkeller,ndigiorgi,tnye,mcampanel,dsuvorov,crawlins",True,2026-05-02-TOR-PHI,1,2,1,4,626,1,3,True,True,23,home,16,1777763363.0,18,False,"nnishizak,ezhuang,lkeillor,dpetsinis,hnorris,nho,mayad",17,341,89d335a521fd6af5ba9dd6313b9dd7400661974eeba51245dd056b2e4263ac90,1777763363.0,False,23,612.142857142857,26.1021244346126,-22.03,-14.0,122.43583804006,a772a7ee946a5fc3594a80fc4d23ee98b4d721e37de04ccc230b6cf58a4ba280,0.963813267578517,0.0361867324214825,0.679406309203289,0.714581136356924,0.679322973258552,0.864673425036734,2772.14285714286,-1,0.445,-0.0352581630983725,-0.109977719807124,341,720d5a4aa5a471cca3f97774a4b33c823153cbf1,2026-07-21 08:07:47,2026-06-06 14:01:41,phoenix,rush,17,24,Final,2026-05-02 19:00:00
2026-05-02-TOR-PHI,esarles,-4.5,37.48,,2.5,96.38,1,0,0,"esarles,jkeller,ndigiorgi,tnye,mcampanel,dsuvorov,crawlins",True,2026-05-02-TOR-PHI,1,2,1,4,626,1,4,True,True,24,home,17,1777763370.0,22,False,"nnishizak,ezhuang,lkeillor,dpetsinis,hnorris,nho,mayad",18,349,02960e82bbb6bc69132abefaf035fdf957ed0dfb038ffbffc8ebf329b40a012c,1777763370.0,False,24,605.214285714286,59.3145007565604,7.0,58.9,-6.77755561343064,fbafe8908ae05853c850ce1fcecf57a197e6355ce4103ad43cf20d3e81757f2c,0.626664575689762,-0.626664575689762,0.679406309203289,0.679406309203289,0.917704429646376,0.638210584109025,2765.21428571429,-1,0.346,-0.638210584109025,-0.638210584109025,349,32df40666411136a431c2795a1d131d95488636d,2026-07-21 08:07:47,2026-06-06 14:01:41,phoenix,rush,17,24,Final,2026-05-02 19:00:00
2026-05-02-TOR-PHI,hnorris,-8.96,21.0,ezhuang,-15.69,39.95,0,0,0,"nnishizak,ezhuang,lkeillor,dpetsinis,hnorris,nho,mayad",False,2026-05-02-TOR-PHI,1,2,1,4,626,2,1,False,False,25,away,22,,18,False,"esarles,jkeller,ndigiorgi,tnye,mcampanel,dsuvorov,crawlins",23,24,d71608d9471a8f45b6063e5cb490cb60779bac8999910a91dd1e5460034ac126,1777763061.0,True,25,598.285714285714,20.1095847794031,-6.73,18.95,19.5522460974345,960786e250c2f36e2f25cf82f58bf50d18835e44095adb3c1d144017dddda199,0.962211012065589,0.0377889879344113,0.630139007169898,0.630139007169898,0.678165300046964,0.847558914814614,2758.28571428571,-1,0.339,0.0480262928770659,0.129849575402852,24,169e0ead7ee3be9cb04607c12cd7cfa852e6bd53,2026-07-21 08:07:47,2026-06-06 14:01:41,phoenix,rush,17,24,Final,2026-05-02 19:00:00
2026-05-02-TOR-PHI,ezhuang,-15.69,39.95,lkeillor,-15.35,49.08,0,0,0,"nnishizak,ezhuang,lkeillor,dpetsinis,hnorris,nho,mayad",False,2026-05-02-TOR-PHI,1,2,1,4,626,2,2,False,False,26,away,23,,18,False,"esarles,jkeller,ndigiorgi,tnye,mcampanel,dsuvorov,crawlins",24,25,2256b9f8ffb9d6a49cd230beed95a51b73ed10da47649136e5e903b9521c0ab0,1777763062.0,True,26,591.357142857143,9.13632858428373,0.34,9.13,-2.13270178024044,dd10279c6410188c9cddf5d4625cc319142af29eccc15c154b1d8b9b41653743,0.983338450838799,0.0166615491612008,0.630139007169898,0.678749474279846,0.713681139253267,0.807259606956201,2751.35714285714,-1,0.332,0.0349316649734212,0.0944453879986939,25,c9f455f0c8735bf5bd787a75b6dd7e90076337bc,2026-07-21 08:07:47,2026-06-06 14:01:41,phoenix,rush,17,24,Final,2026-05-02 19:00:00
2026-05-02-TOR-PHI,lkeillor,-15.35,49.08,nnishizak,-8.48,51.35,0,0,0,"nnishizak,ezhuang,lkeillor,dpetsinis,hnorris,nho,mayad",False,2026-05-02-TOR-PHI,1,2,1,4,626,2,3,False,False,27,away,24,,18,False,"esarles,jkeller,ndigiorgi,tnye,mcampanel,dsuvorov,crawlins",25,26,6bcbee8d3857eb062877df6812cc3b68fa4d5bc7bade530045d601b063ae1d2f,1777763063.0,True,27,584.428571428571,7.235316164481,6.87,2.27,-71.7153020027122,602dacd040d1e4c7a04223c1650b4c01ff433c47460789a01c414536d06521ee,0.985898166854334,0.0141018331456663,0.630139007169898,0.714404026996112,0.73099630022644,0.804603253964926,2744.42857142857,-1,0.328,0.0165922732303284,0.0448608356976703,26,b9d57e613eea5c95658121b26ab795409fb73b90,2026-07-21 08:07:47,2026-06-06 14:01:41,phoenix,rush,17,24,Final,2026-05-02 19:00:00
2026-05-02-TOR-PHI,nnishizak,-8.48,51.35,ezhuang,21.72,72.76,0,0,0,"nnishizak,ezhuang,lkeillor,dpetsinis,hnorris,nho,mayad",False,2026-05-02-TOR-PHI,1,2,1,4,626,2,4,False,False,28,away,25,,18,False,"esarles,jkeller,ndigiorgi,tnye,mcampanel,dsuvorov,crawlins",26,27,59421957a84085a6ddb54087b604d96adda98a967888abcf4eb5769734e85a2b,1777763064.0,True,28,577.5,37.0192936183283,30.2,21.41,-54.6656318613823,f4782daff45ec79cdb7dd32c754d2350537279beb1fb57e0f8d2f09256dd3f7d,0.876369622833533,0.123630377166467,0.630139007169898,0.731823902575963,0.798171806438763,0.682883288124436,2737.5,-1,0.313,0.0663479038627999,0.179386053541681,27,4e4647f06991c6eddc856d3004f7f013393187b2,2026-07-21 08:07:47,2026-06-06 14:01:41,phoenix,rush,17,24,Final,2026-05-02 19:00:00
2026-05-02-TOR-PHI,ezhuang,21.72,72.76,lkeillor,20.62,64.32,0,0,0,"nnishizak,ezhuang,lkeillor,dpetsinis,hnorris,nho,mayad",False,2026-05-02-TOR-PHI,1,2,1,4,626,2,5,False,False,29,away,26,,18,False,"esarles,jkeller,ndigiorgi,tnye,mcampanel,dsuvorov,crawlins",27,28,138adbb4c8ec33cf8bdf8340232d47f0d9664a737d84c84e3fff9790c9ebcee4,1777763065.0,True,29,570.571428571429,8.51138061656276,-1.1,-8.44000000000001,172.574396484234,7dd62f8d0754becc1c55eb5d4bc30c8c9d91c43aae5b99efd71bd6ed31daf405,0.987008927568623,0.0129910724313772,0.630139007169898,0.798927114246859,0.763080972952508,0.726005360768097,2730.57142857143,-1,0.321,-0.0358461412943514,-0.0969178745237877,28,1ea0856e0f0ac681a04ded8b95fb6c02bce2a1b4,2026-07-21 08:07:47,2026-06-06 14:01:41,phoenix,rush,17,24,Final,2026-05-02 19:00:00
2026-05-02-TOR-PHI,lkeillor,20.62,64.32,mayad,22.2,73.66,0,0,0,"nnishizak,ezhuang,lkeillor,dpetsinis,hnorris,nho,mayad",False,2026-05-02-TOR-PHI,1,2,1,4,626,2,6,False,False,30,away,27,,18,False,"esarles,jkeller,ndigiorgi,tnye,mcampanel,dsuvorov,crawlins",28,29,1263a180c39fd02c1e551aef725fa7a1eb7e0e5cd652c8351dbbd80b916240a3,1777763066.0,True,30,563.642857142857,9.47269760944579,1.58,9.34,-9.60153417170299,d1b9d10148e2ca17f4cf6bf170a2f955bccfefda1907611fa96f1f55fdc9020b,0.977660741711812,0.0223392582881878,0.630139007169898,0.76398147729593,0.802064201912438,0.678034531523922,2723.64285714286,-1,0.312,0.0380827246165077,0.102964966175823,29,92b3c7c9743a3ae4d0258d31d5908817d8fd884b,2026-07-21 08:07:47,2026-06-06 14:01:41,phoenix,rush,17,24,Final,2026-05-02 19:00:00
2026-05-02-TOR-PHI,mayad,22.2,83.66,nnishizak,6.62,73.66,0,0,0,"nnishizak,ezhuang,lkeillor,dpetsinis,hnorris,nho,mayad",False,2026-05-02-TOR-PHI,1,2,1,4,626,2,7,False,False,31,away,29,,18,False,"esarles,jkeller,ndigiorgi,tnye,mcampanel,dsuvorov,crawlins",30,31,8ad17824f252f0580c886409461568906fd4798f47523ff3e82f376283bbc2e1,1777763068.0,True,31,556.714285714286,18.5131412785621,-15.58,-10.0,122.694316661077,64f6033979f6b4bc675153c5488482afe9f0ab3391662668cffb86e14cfc4d18,0.954812235916363,0.0451877640836371,0.630139007169898,0.850673092103235,0.829953289199876,0.716018009879243,2716.71428571429,-1,0.305,-0.0207198029033588,-0.0560205139363713,31,b551225295b5a016f6de948b768e3004708843c9,2026-07-21 08:07:47,2026-06-06 14:01:41,phoenix,rush,17,24,Final,2026-05-02 19:00:00
2026-05-02-TOR-PHI,nnishizak,6.62,73.66,lkeillor,-4.09,78.12,0,0,0,"nnishizak,ezhuang,lkeillor,dpetsinis,hnorris,nho,mayad",False,2026-05-02-TOR-PHI,1,2,1,4,626,2,8,False,False,32,away,30,,18,False,"esarles,jkeller,ndigiorgi,tnye,mcampanel,dsuvorov,crawlins",31,32,3986174c8028bc8462cea45db3df1caaae19b6ecfc1cddf305b7d76bbf8e9ced,1777763069.0,True,32,549.785714285714,11.601538691053,-10.71,4.46000000000001,67.3915319049149,10330823fb390e20c367426f70f1ae6ecb448625a132004c5b5d2076912e5275,0.975891516445595,0.0241084835544049,0.630139007169898,0.830658060759197,0.850083558117956,0.701380849856947,2709.78571428571,-1,0.299,0.0194254973587585,0.0525210761213788,32,2fc3fa94afe990555b802467f9ce6632bf9866ac,2026-07-21 08:07:47,2026-06-06 14:01:41,phoenix,rush,17,24,Final,2026-05-02 19:00:00
2026-05-02-TOR-PHI,lkeillor,-4.09,78.12,hnorris,-20.77,89.17,0,0,0,"nnishizak,ezhuang,lkeillor,dpetsinis,hnorris,nho,mayad",False,2026-05-02-TOR-PHI,1,2,1,4,626,2,9,False,False,33,away,31,,18,False,"esarles,jkeller,ndigiorgi,tnye,mcampanel,dsuvorov,crawlins",32,33,2421d0776491e730a0177caff9bfb65252f398f540d6dcbced9bf2926361e1c5,1777763070.0,True,33,542.857142857143,20.0081208512944,-16.68,11.05,56.4767203824119,be456ff1262f4e48331fb404084ec23d6f91d44cc8a37c5076a3e5054fb6aba5,0.957186766005525,0.0428132339944751,0.630139007169898,0.850684613852912,0.881652147956246,0.633210778890809,2702.85714285714,-1,0.291,0.0309675341033331,0.0837274941225235,33,153ffd27626a1792bbeb8c8870e9a5ddcd98aa1c,2026-07-21 08:07:47,2026-06-06 14:01:41,phoenix,rush,17,24,Final,2026-05-02 19:00:00
2026-05-02-TOR-PHI,hnorris,-20.77,89.17,dpetsinis,10.46,107.98,0,0,0,"nnishizak,ezhuang,lkeillor,dpetsinis,hnorris,nho,mayad",False,2026-05-02-TOR-PHI,1,3,1,4,626,2,10,False,False,34,away,32,,19,False,"esarles,jkeller,ndigiorgi,tnye,mcampanel,dsuvorov,crawlins",33,34,76981dc8b187dde82d9643e333ff599351abaffb3bcf194cee04417c5a29fa39,1777763071.0,True,34,535.928571428571,36.4572215068565,31.23,18.81,-58.9392142981707,a9aab76eccbf9b9e5223a4a9fa5d680338ee96603ed2a1ba2ebde9cc0b2bcad3,0.769402712705755,0.230597287294245,0.630139007169898,0.882096785860791,1.0,0.635696331178623,2695.92857142857,-1,0.272,0.117903214139209,0.318777098490538,34,915eb8d86876f46048ce72bb52b6561dcfaf866d,2026-07-21 08:07:47,2026-06-06 14:01:41,phoenix,rush,17,24,Final,2026-05-02 19:00:00
2026-05-02-TOR-PHI,messer,15.34,33.98,jwisner,16.71,46.33,0,0,0,"bpastor,jbray,jwisner,mhanna,jthornton,messer,eholmgren",True,2026-05-02-TOR-PHI,1,3,1,5,529,1,1,True,True,35,home,21,1777763497.0,18,False,"amuraoka,rjamieson,lcomire,nhsieh,orobinson,ebembenis,lkeillor",22,386,c98e662f39e4fa6d867e8e43b11e4baa9dc2cc8ad2ac9c656ccbd42e8870411a,1777763497.0,False,35,529.0,12.4257555102296,1.37,12.35,-6.33000764016698,c7a3d38f9be8d5f56bb379c2facd767fd7349729fefadda0199d6ac18e548e63,0.979500614912087,0.020499385087913,0.666821504328245,0.666821504328245,0.7059827166543,0.824514516699841,2689.0,-2,0.286,0.0391612123260549,0.117538235014532,386,2509ba9d6cea192233b49139e3cde82755a5e660,2026-07-21 08:07:47,2026-06-06 14:01:41,phoenix,rush,17,24,Final,2026-05-02 19:00:00
2026-05-02-TOR-PHI,jwisner,16.71,46.33,messer,6.0,38.37,0,0,0,"bpastor,jbray,jwisner,mhanna,jthornton,messer,eholmgren",True,2026-05-02-TOR-PHI,1,3,1,5,529,1,2,True,True,36,home,22,1777763500.0,18,False,"amuraoka,rjamieson,lcomire,nhsieh,orobinson,ebembenis,lkeillor",23,387,ad5d296faf1eb90d386b6bce2eb61de437910706356d760483d1b7dcbf08dcb9,1777763500.0,False,36,520.0,13.3441260485653,-10.71,-7.96,126.620861803166,78a74e3e6c0d0f6fc8a956ae90734f528bb80e84b3193cff6c2a25484348b8e8,0.983882878949869,0.0161171210501306,0.666821504328245,0.706847389309776,0.692600310144451,0.866548725116682,2680.0,-2,0.284,-0.0142470791653251,-0.0427611005824374,387,6ace8f6613d6d9d04a1e9b763df3679e8102f5ec,2026-07-21 08:07:47,2026-06-06 14:01:41,phoenix,rush,17,24,Final,2026-05-02 19:00:00
2026-05-02-TOR-PHI,messer,6.0,38.37,bpastor,18.22,48.32,0,0,0,"bpastor,jbray,jwisner,mhanna,jthornton,messer,eholmgren",True,2026-05-02-TOR-PHI,1,3,1,5,529,1,3,True,True,37,home,23,1777763503.0,18,False,"amuraoka,rjamieson,lcomire,nhsieh,orobinson,ebembenis,lkeillor",24,388,18aff541b8b37883e0807f0c3845b5c9c75895c5590b20f6c2918bc4907a2bb0,1777763503.0,False,37,511.0,15.7585183313661,12.22,9.95,-50.8461769498834,bf11e6d45f4e4648165f4b123b3667e3a63347c9fbeeb83eaf1b20116327304a,0.979344789399824,0.0206552106001762,0.666821504328245,0.693326064629762,0.710136926635158,0.813427299065219,2671.0,-2,0.286,0.0168108620053963,0.0504560234942601,388,50564c828a51af98de19080fdb28bab3a93abac1,2026-07-21 08:07:47,2026-06-06 14:01:41,phoenix,rush,17,24,Final,2026-05-02 19:00:00
2026-05-02-TOR-PHI,eholmgren,18.22,48.32,tnye,9.57,56.97,0,0,0,"mcampanel,eholmgren,dsuvorov,crawlins,tnye,ndigiorgi,jkeller",True,2026-05-02-TOR-PHI,1,3,1,5,502,1,4,True,True,38,home,25,1777763580.0,18,False,"amuraoka,lkeillor,rjamieson,lcomire,nhsieh,orobinson,ebembenis",26,390,7b41ad179100f78473fe0075c77f3daf90dbf16936a404dc10bc931dc1b1acca,1777763580.0,False,38,502.0,12.2329473145273,-8.65,8.65,45.0,63d39dbcb4018e7fb58d9380ee81b982bc073608dc1485f70dc27ed3450769c9,0.973755851476731,0.0262441485232687,0.666821504328245,0.710694188389923,0.761940430228077,0.787523736719209,2662.0,-2,0.294,0.0512462418381537,0.153810172336696,390,4d745b81e26c83fa60032c214ffdc55f5afde227,2026-07-21 08:07:47,2026-06-06 14:01:41,phoenix,rush,17,24,Final,2026-05-02 19:00:00
2026-05-02-TOR-PHI,tnye,9.57,56.97,,1.88,60.41,1,0,0,"mcampanel,eholmgren,dsuvorov,crawlins,tnye,ndigiorgi,jkeller",True,2026-05-02-TOR-PHI,1,3,1,5,502,1,5,True,True,39,home,26,,22,False,"amuraoka,lkeillor,rjamieson,lcomire,nhsieh,orobinson,ebembenis",27,391,0c68960d3e097e7c89b995b2f01e02069dc09ea1a13276a5049004e10a3728a0,1777763589.0,True,39,498.090909090909,8.42435160709713,-7.69,3.44,65.8993992536007,0a6d45c75ff5481ebc5e3cb68ef4d615c3616ee81875c960057026a3a1b6f3b4,0.984898772599138,-0.984898772599138,0.666821504328245,0.762116675906808,0.778179194512707,0.774740327824923,2658.09090909091,-2,0.187,-0.774740327824923,-0.774740327824923,391,b7b9ab00df082b846a10e7a09572dc66b43f5cbc,2026-07-21 08:07:47,2026-06-16 08:07:02,phoenix,rush,17,24,Final,2026-05-02 19:00:00
2026-05-02-TOR-PHI,nhsieh,2.5,53.2,ebembenis,-4.43,58.69,0,0,0,"amuraoka,lkeillor,rjamieson,lcomire,nhsieh,orobinson,ebembenis",False,2026-05-02-TOR-PHI,1,3,1,5,502,2,1,False,False,40,away,37,,18,False,"mcampanel,eholmgren,dsuvorov,crawlins,tnye,ndigiorgi,jkeller",38,39,cd4f989ab85726706aeee484197e1e1ef5380c07ddb095f86e2068b3c65acc95,1777763076.0,True,40,494.181818181818,8.84109721697482,-6.93,5.48999999999999,51.6134604823148,ff2a5e80df55879157c9c7ef7f5f4c602df32ba0340d94930997001a3407b3e3,0.984967777197769,0.0150322228022314,0.748926766725976,0.748926766725976,0.77092115400774,0.781861406637116,2654.18181818182,-2,0.187,0.0219943872817642,0.0876014818264569,39,8a690ea8b7dc9d74dfa22212931ed92dc68f6ee3,2026-07-21 08:07:47,2026-06-06 14:01:41,phoenix,rush,17,24,Final,2026-05-02 19:00:00
2026-05-02-TOR-PHI,ebembenis,-4.43,58.69,orobinson,-2.58,55.05,0,0,0,"amuraoka,lkeillor,rjamieson,lcomire,nhsieh,orobinson,ebembenis",False,2026-05-02-TOR-PHI,1,3,1,5,502,2,2,False,False,41,away,38,,18,False,"mcampanel,eholmgren,dsuvorov,crawlins,tnye,ndigiorgi,jkeller",39,40,beedadf75591f884fd21108810f1b20aa909999d2b86213df334bb785100a042,1777763077.0,True,41,490.272727272727,4.08314829512718,1.85,-3.64,-153.058421190665,73d6630797203fdc1d4f8a23a2b070b684a4db6b545dbf3b3aa627096a37651a,0.991669578272016,0.00833042172798393,0.748926766725976,0.771052122863818,0.756405995143239,0.797542293844709,2650.27272727273,-2,0.189,-0.0146461277205795,-0.0583340865515304,40,89ae15374ba467a61d02e200eb60eddf7f755aca,2026-07-21 08:07:47,2026-06-06 14:01:41,phoenix,rush,17,24,Final,2026-05-02 19:00:00
2026-05-02-TOR-PHI,orobinson,-2.58,55.05,,25.43,58.0,1,0,0,"amuraoka,lkeillor,rjamieson,lcomire,nhsieh,orobinson,ebembenis",False,2026-05-02-TOR-PHI,1,3,1,5,502,2,3,False,False,42,away,39,,22,False,"mcampanel,eholmgren,dsuvorov,crawlins,tnye,ndigiorgi,jkeller",40,41,9d6e2fcb612c5f7fb4be12d7e0faa6e7f548420fa41d253150cca7acf9af970a,1777763078.0,True,42,486.363636363636,28.1649178944303,28.01,2.95,-83.9877996449444,6f76d7351400e3ee89f47798a801d5a7829c50009505cc72288e996543bd62de,0.874463779249995,-0.874463779249995,0.748926766725976,0.756522711948932,0.713975950649984,0.727307445810737,2646.36363636364,-2,0.287,-0.727307445810737,-0.727307445810737,41,cd27b78e09a55fbf372ae5b84d31bcf126d719e5,2026-07-21 08:07:47,2026-06-06 14:01:41,phoenix,rush,17,24,Final,2026-05-02 19:00:00
2026-05-02-TOR-PHI,mcampanel,0.0,60.0,jkeller,-19.19,49.9,0,0,0,"mcampanel,eholmgren,dsuvorov,crawlins,tnye,ndigiorgi,jkeller",True,2026-05-02-TOR-PHI,1,3,1,5,502,3,1,True,True,43,home,28,1777763608.0,18,False,"amuraoka,lkeillor,rjamieson,lcomire,nhsieh,orobinson,ebembenis",29,393,86b5c4830656bc9857d2ed10091f4232ff8f0e96a947dcf859961c692dfb48a4,1777763608.0,False,43,482.454545454545,21.6856196591197,-19.19,-10.1,117.75854060106,11e392147cdb7a1eb66af95aeaa3e33019ed69d39464236cdfd33130fdfd67e2,0.978792333579259,0.0212076664207415,0.71677151157372,0.776988005233818,0.716684028638334,0.802392308492377,2642.45454545455,-2,0.286,-0.0603039765954835,-0.212916352202259,393,211f3bae251f486b163198daff8969075a766772,2026-07-21 08:07:47,2026-06-06 14:01:41,phoenix,rush,17,24,Final,2026-05-02 19:00:00
2026-05-02-TOR-PHI,jkeller,-19.19,49.9,eholmgren,5.45,49.01,0,0,0,"mcampanel,eholmgren,dsuvorov,crawlins,tnye,ndigiorgi,jkeller",True,2026-05-02-TOR-PHI,1,3,1,5,502,3,2,True,True,44,home,29,1777763611.0,18,False,"amuraoka,lkeillor,rjamieson,lcomire,nhsieh,orobinson,ebembenis",30,394,9d5107b0081c3201c20df28cac89b0f4099b778d9ea24692f284de04992cd708,1777763611.0,False,44,478.545454545455,24.6560682185948,24.64,-0.890000000000001,-92.0686316868507,ef16bf77737cd798af4f65d5f7800afeea851d73ea5b4cd758c7cf00a928ebea,0.948636163880976,0.0513638361190242,0.71677151157372,0.71677151157372,0.732743257530907,0.823250550673208,2638.54545454545,-2,0.288,0.0159717459571876,0.0563917353297771,394,3a24ab61c9f417fe5178fbcc54ecc1e73f470476,2026-07-21 08:07:47,2026-06-06 14:01:41,phoenix,rush,17,24,Final,2026-05-02 19:00:00
2026-05-02-TOR-PHI,eholmgren,5.45,49.01,tnye,20.42,59.72,0,0,0,"mcampanel,eholmgren,dsuvorov,crawlins,tnye,ndigiorgi,jkeller",True,2026-05-02-TOR-PHI,1,3,1,5,502,3,3,True,True,45,home,30,1777763612.0,18,False,"amuraoka,lkeillor,rjamieson,lcomire,nhsieh,orobinson,ebembenis",31,395,2e2e66aab6ff31bb9812c26c534d1ee1afab3b794a7c9e0ee456e7bd285cb733,1777763612.0,False,45,474.636363636364,18.4066564046814,14.97,10.71,-54.4188998749118,4d76721c94f8b92e130ab3535539da9a904f2470dbbd9c542aa5c8894889a6d5,0.972461305237316,0.0275386947626844,0.71677151157372,0.732809135233443,0.750684096195163,0.755530110873949,2634.63636363636,-2,0.291,0.0178749609617197,0.063111451326946,395,87f12d7a7e20d050008607d2dee58540fd893beb,2026-07-21 08:07:47,2026-06-06 14:01:41,phoenix,rush,17,24,Final,2026-05-02 19:00:00
2026-05-02-TOR-PHI,tnye,20.42,59.72,eholmgren,7.92,55.19,0,0,0,"mcampanel,eholmgren,dsuvorov,crawlins,tnye,ndigiorgi,jkeller",True,2026-05-02-TOR-PHI,1,3,1,5,502,3,4,True,True,46,home,31,1777763616.0,18,False,"amuraoka,lkeillor,rjamieson,lcomire,nhsieh,orobinson,ebembenis",32,396,d78740fe124322e170c3166084170feb4ae258def1d03ee845c19e488b1c93d7,1777763616.0,False,46,470.727272727273,13.2955218024717,-12.5,-4.53,109.920516375115,bf7865a9242e77b88606e1e24455f077251e86e25cc2505417cc802d379ee12d,0.977031256890872,0.0229687431091277,0.71677151157372,0.750730236571144,0.756381908068114,0.796483868781001,2630.72727272727,-2,0.292,0.00565167149696999,0.0199544598369066,396,1ba2cdccf35bea3829255884cdfa9bc836c2a5a8,2026-07-21 08:07:47,2026-06-06 14:01:41,phoenix,rush,17,24,Final,2026-05-02 19:00:00
2026-05-02-TOR-PHI,eholmgren,7.92,55.19,jkeller,-7.45,53.82,0,0,0,"mcampanel,eholmgren,dsuvorov,crawlins,tnye,ndigiorgi,jkeller",True,2026-05-02-TOR-PHI,1,3,1,5,502,3,5,True,True,47,home,32,1777763618.0,18,False,"amuraoka,lkeillor,rjamieson,lcomire,nhsieh,orobinson,ebembenis",33,397,fe1adf0773fe4c751bf014a94cb5096a1cb84f44e41f3d3e9fb487a9ebe8c17d,1777763618.0,False,47,466.818181818182,15.4309364589451,-15.37,-1.37,95.093579834143,a9b468f019fc764bf7e7ced7781708f181dba66342c6e3214aedc47dbe33f815,0.976946995006124,0.0230530049938759,0.71677151157372,0.756411619723583,0.751154593162019,0.802412740987364,2626.81818181818,-2,0.291,-0.00525702656156413,-0.0185610797514546,397,41d2214b6267f88c37aefb28d56ecae9be29d0a8,2026-07-21 08:07:47,2026-06-06 14:01:41,phoenix,rush,17,24,Final,2026-05-02 19:00:00
2026-05-02-TOR-PHI,jkeller,-7.45,53.82,ndigiorgi,-19.74,60.68,0,0,0,"mcampanel,eholmgren,dsuvorov,crawlins,tnye,ndigiorgi,jkeller",True,2026-05-02-TOR-PHI,1,3,1,5,502,3,6,True,True,48,home,33,1777763622.0,18,False,"amuraoka,lkeillor,rjamieson,lcomire,nhsieh,orobinson,ebembenis",34,398,7d76ed006afd98efa1f493a89a6acf85ba78054281c5f00be7bf2f79a7a4cad2,1777763622.0,False,48,462.909090909091,14.0749316161749,-12.29,6.86,60.8307333250002,2f4f8bc50ddf6ef77ec1f044e38e5befb6b99c5104315e9046e412910c6bcdc9,0.981098304885411,0.0189016951145886,0.71677151157372,0.751169645419363,0.760312618229884,0.751826619065142,2622.90909090909,-2,0.292,0.00914297281052168,0.032281261187119,398,8c2cab6678d764d17384122bff8c60056f45d522,2026-07-21 08:07:47,2026-06-06 14:01:41,phoenix,rush,17,24,Final,2026-05-02 19:00:00
2026-05-02-TOR-PHI,ndigiorgi,-19.74,60.68,jkeller,-8.0,50.04,0,0,0,"mcampanel,eholmgren,dsuvorov,crawlins,tnye,ndigiorgi,jkeller",True,2026-05-02-TOR-PHI,1,3,1,5,502,3,7,True,True,49,home,34,1777763627.0,18,False,"amuraoka,lkeillor,rjamieson,lcomire,nhsieh,orobinson,ebembenis",35,399,518d75bff24c11cb1106520b68beb118344c174b22ff9101aeb41d53062329eb,1777763627.0,False,49,459.0,15.8441534958482,11.74,-10.64,-132.186118043355,bb12ea05d9249124f3f529ff8e4380f97132a3fb1946c546b53d3f63e3347f8c,0.975569575776674,0.0244304242233264,0.71677151157372,0.760313418315037,0.736213033480503,0.818431386063257,2619.0,-2,0.288,-0.0241003848345342,-0.0850916691623949,399,130d729cf347c25ff17bfa9e7fcccb29f0cb2edd,2026-07-21 08:07:47,2026-06-06 14:01:41,phoenix,rush,17,24,Final,2026-05-02 19:00:00
2026-05-02-TOR-PHI,jkeller,-8.0,50.04,mcampanel,1.88,48.94,0,0,0,"mcampanel,eholmgren,dsuvorov,crawlins,tnye,ndigiorgi,jkeller",True,2026-05-02-TOR-PHI,1,3,1,5,502,3,8,True,True,50,home,35,1777763630.0,18,False,"amuraoka,lkeillor,rjamieson,lcomire,nhsieh,orobinson,ebembenis",36,400,30a27fe18d63e390064ec36065dce535ff1c12192c4cf98709a9852dc4ce8425,1777763630.0,False,50,455.090909090909,9.94104622260655,9.88,-1.1,-96.3529213123552,fb7848865efe5e3fcafacf0d909df26520bc34dd840401a56951bdd66de51bff,0.986403522410603,0.0135964775893974,0.71677151157372,0.736199989106881,0.733063974639421,0.823975174368717,2615.09090909091,-2,0.287,-0.0031360144674607,-0.0110723835899613,400,826198e12daa3a34ea62aab2f3a3be9e41a90e1f,2026-07-21 08:07:47,2026-06-06 14:01:41,phoenix,rush,17,24,Final,2026-05-02 19:00:00
2026-05-02-TOR-PHI,mcampanel,1.88,48.94,tnye,-16.72,57.25,0,0,0,"mcampanel,eholmgren,dsuvorov,crawlins,tnye,ndigiorgi,jkeller",True,2026-05-02-TOR-PHI,1,3,1,5,502,3,9,True,True,51,home,36,1777763634.0,18,False,"amuraoka,lkeillor,rjamieson,lcomire,nhsieh,orobinson,ebembenis",37,401,9698cad27b976a6bf54f59a8c183c12d122ef59c786e25ae757acd61fe299819,1777763634.0,False,51,451.181818181818,20.3719439425893,-18.6,8.31,65.9261407808653,43e7dca276f9f1a44541acb06ba4cb0fc4962c827643e2b3a99dbed489cea00f,0.96698337959,0.0330166204099998,0.71677151157372,0.733037724193613,0.75490093627543,0.776732121090407,2611.18181818182,-2,0.291,0.0218632120818174,0.077192842440735,401,120180a750adcb505d79cc70a843e723a85e23e1,2026-07-21 08:07:47,2026-06-06 14:01:41,phoenix,rush,17,24,Final,2026-05-02 19:00:00
2026-05-02-TOR-PHI,tnye,-16.72,57.25,eholmgren,-18.23,74.48,0,0,0,"mcampanel,eholmgren,dsuvorov,crawlins,tnye,ndigiorgi,jkeller",True,2026-05-02-TOR-PHI,1,3,1,5,502,3,10,True,True,52,home,37,1777763638.0,18,False,"amuraoka,lkeillor,rjamieson,lcomire,nhsieh,orobinson,ebembenis",38,402,3033da2a725a8c7320177ae5c196b649ecabbf76ec87072655bdb6c161b7b243,1777763638.0,False,52,447.272727272727,17.2960400092044,-1.51,17.23,5.00848220243081,dda64be37b259d09a9d8a6aff2bc4bd0c6949a93c711caf80d66ca92a2e605f0,0.959833013028614,0.0401669869713858,0.71677151157372,0.754864569246652,0.827047747133231,0.700809939025342,2607.27272727273,-2,0.305,0.0721831778865782,0.25485846528947,402,90dac88fb94b7544f2aa6850280d9346e15dd9eb,2026-07-21 08:07:47,2026-06-06 14:01:41,phoenix,rush,17,24,Final,2026-05-02 19:00:00
2026-05-02-TOR-PHI,eholmgren,-18.23,74.48,tnye,-17.41,62.19,0,0,0,"mcampanel,eholmgren,dsuvorov,crawlins,tnye,ndigiorgi,jkeller",True,2026-05-02-TOR-PHI,1,3,1,5,502,3,11,True,True,53,home,38,1777763642.0,18,False,"amuraoka,lkeillor,rjamieson,lcomire,nhsieh,orobinson,ebembenis",39,403,286a7f4b4a1426566b59db82a99f2d6462b734f4ea624b66518094d151d9f2fd,1777763642.0,False,53,443.363636363636,12.3173251966488,0.82,-12.29,-176.182830939892,5553b396cc6412677151e62dbcbb410e744f437dfb4374758a4844ff0cfb69a1,0.983048201588392,0.0169517984116078,0.71677151157372,0.827011360837526,0.774337391488523,0.753318364124401,2603.36363636364,-2,0.294,-0.052673969349003,-0.18597694618108,403,17aee26730cc493ddcf3f2188fdbb53bad9dc432,2026-07-21 08:07:47,2026-06-06 14:01:41,phoenix,rush,17,24,Final,2026-05-02 19:00:00
2026-05-02-TOR-PHI,tnye,-17.41,62.19,jkeller,-1.14,57.59,0,0,0,"mcampanel,eholmgren,dsuvorov,crawlins,tnye,ndigiorgi,jkeller",True,2026-05-02-TOR-PHI,1,3,1,5,502,3,12,True,True,54,home,39,1777763644.0,18,False,"amuraoka,lkeillor,rjamieson,lcomire,nhsieh,orobinson,ebembenis",40,404,6490e64ecea6db2ec85e58d3b4088a56ab23a5ef7ea42f5df6cb0d6a56b1a160,1777763644.0,False,54,439.454545454545,16.9077763174227,16.27,-4.59999999999999,-105.78713352794,aaf5b6c2fa15c3a6fccc981593b030f72fef115f0a694bc706ee78bf43b0a5a1,0.970788575592815,0.0292114244071849,0.71677151157372,0.774283638416805,0.767068547409007,0.78710895710901,2599.45454545455,-2,0.292,-0.00721509100779827,-0.0254744536747977,404,daf7f2fb20f1746fd280065b6f01353a34a14830,2026-07-21 08:07:47,2026-06-06 14:01:41,phoenix,rush,17,24,Final,2026-05-02 19:00:00
2026-05-02-TOR-PHI,jkeller,-1.14,57.59,mcampanel,9.84,63.43,0,0,0,"mcampanel,eholmgren,dsuvorov,crawlins,tnye,ndigiorgi,jkeller",True,2026-05-02-TOR-PHI,1,3,1,5,502,3,13,True,True,55,home,40,1777763648.0,18,False,"amuraoka,lkeillor,rjamieson,lcomire,nhsieh,orobinson,ebembenis",41,405,9ef3476c22a99d0df8d6b5ca8f64e6871c9edfa8cee51bdb46ef7333f259413a,1777763648.0,False,55,435.545454545455,12.4364786012762,10.98,5.84,-61.9925541254301,ef1b2404e1f89d39d39b8ad590acee30a789dc4479190f5220d220bff381a8c6,0.977873649634272,0.022126350365728,0.71677151157372,0.767004888922069,0.789464348306925,0.761056567480882,2595.54545454545,-2,0.296,0.0224594593848562,0.0792980236898096,405,27b1c4ce4dc62fad33e70f196036702b552a7ee3,2026-07-21 08:07:47,2026-06-06 14:01:41,phoenix,rush,17,24,Final,2026-05-02 19:00:00
2026-05-02-TOR-PHI,mcampanel,9.84,63.43,crawlins,0.24,74.41,0,0,0,"mcampanel,eholmgren,dsuvorov,crawlins,tnye,ndigiorgi,jkeller",True,2026-05-02-TOR-PHI,1,3,1,5,502,3,14,True,True,56,home,41,1777763652.0,18,False,"amuraoka,lkeillor,rjamieson,lcomire,nhsieh,orobinson,ebembenis",42,406,9788ba0b2f41dc95c10a166c1fed8da57fc53abb7092155c8293bf6dd2bbb214,1777763652.0,False,56,431.636363636364,14.5849374355874,-9.6,10.98,41.1637518775314,571d17fbf60244954bdd653d7089a007656ec9cb62e5da9ca3aea0cd45658670,0.967386131981316,0.0326138680186845,0.71677151157372,0.789397802826501,0.838031387471314,0.720334225049645,2591.63636363636,-2,0.306,0.0486335846448137,0.171711486069214,406,0dd5f601142cdd92df26d1975bee0eb1108eb0fc,2026-07-21 08:07:47,2026-06-06 14:01:41,phoenix,rush,17,24,Final,2026-05-02 19:00:00
2026-05-02-TOR-PHI,crawlins,0.24,74.41,dsuvorov,-14.87,84.02,0,0,0,"mcampanel,eholmgren,dsuvorov,crawlins,tnye,ndigiorgi,jkeller",True,2026-05-02-TOR-PHI,1,3,1,5,502,3,15,True,True,57,home,42,1777763654.0,18,False,"amuraoka,lkeillor,rjamieson,lcomire,nhsieh,orobinson,ebembenis",43,407,474bca67d8f70695777daa347dac10e0414e22af802dc6e9f48fe3ff195b65b6,1777763654.0,False,57,427.727272727273,17.9070991508954,-15.11,9.61,57.5435316542222,e7bad674a7f1831906d66178e64e4001aa35942e4d17dc2d7ada1050647eda89,0.95859590642981,0.0414040935701901,0.71677151157372,0.837971680221489,0.87314587158314,0.677310444779469,2587.72727272727,-2,0.314,0.0351741913616505,0.124190160238085,407,114767b7aaf8e70fd57e8750ad8b29610e921c4b,2026-07-21 08:07:47,2026-06-06 14:01:41,phoenix,rush,17,24,Final,2026-05-02 19:00:00
2026-05-02-TOR-PHI,dsuvorov,-14.87,84.02,eholmgren,0.58,83.34,0,0,0,"mcampanel,eholmgren,dsuvorov,crawlins,tnye,ndigiorgi,jkeller",True,2026-05-02-TOR-PHI,1,3,1,5,502,3,16,True,True,58,home,43,1777763662.0,18,False,"amuraoka,lkeillor,rjamieson,lcomire,nhsieh,orobinson,ebembenis",44,408,3134ef954df0a1d9b38f80927df029a337ce08375fed6fe0d7dd5bbec960e82d,1777763662.0,False,58,423.818181818182,15.4649571612727,15.45,-0.679999999999993,-92.5201295505811,e81f9104310bf15ecd56069186283486691a684e06d1124754e0c5898d473e90,0.96152802795629,0.0384719720437098,0.71677151157372,0.873093280202041,0.874727945509497,0.689451987341356,2583.81818181818,-2,0.315,0.00163466530745637,0.00577154267404089,408,f55257aebf1918d14c494c105517f68e5a64d0cd,2026-07-21 08:07:47,2026-06-06 14:01:41,phoenix,rush,17,24,Final,2026-05-02 19:00:00
2026-05-02-TOR-PHI,eholmgren,0.58,83.34,dsuvorov,6.55,88.0,0,0,0,"mcampanel,eholmgren,dsuvorov,crawlins,tnye,ndigiorgi,jkeller",True,2026-05-02-TOR-PHI,1,3,1,5,502,3,17,True,True,59,home,44,1777763664.0,18,False,"amuraoka,lkeillor,rjamieson,lcomire,nhsieh,orobinson,ebembenis",45,409,686d21762dbe94127d747114f826f99ffd8260c2def36738bff415c29416906a,1777763664.0,False,59,419.909090909091,7.57340742334651,5.97,4.66,-52.0254870115276,0df8e2fdeb36016b37fe635708e4bf21b9a49d79e3b2b652d4c8fa2fbd4813a1,0.980131636406025,0.019868363593975,0.71677151157372,0.874672590850449,0.892328935281407,0.674059534654962,2579.90909090909,-2,0.319,0.0176563444309584,0.0623395779466375,409,305bbe8d3344815d81322106abf1a361a81196a5,2026-07-21 08:07:47,2026-06-06 14:01:41,phoenix,rush,17,24,Final,2026-05-02 19:00:00
2026-05-02-TOR-PHI,dsuvorov,6.55,88.0,eholmgren,0.72,84.78,0,0,0,"mcampanel,eholmgren,dsuvorov,crawlins,tnye,ndigiorgi,jkeller",True,2026-05-02-TOR-PHI,1,3,1,5,502,3,18,True,True,60,home,45,1777763669.0,18,False,"amuraoka,lkeillor,rjamieson,lcomire,nhsieh,orobinson,ebembenis",46,410,8e3ca45547c2253694f79eed2c6e6d1a92e88c597df06899a0a936693a79b3cb,1777763669.0,False,60,416.0,6.66012762640477,-5.83,-3.22,118.912555644053,3b2a76d937e6f36f88aa710144d10fbb1d22e47192b66de6b6fac0fc9e06ce3b,0.983096693628372,0.0169033063716278,0.71677151157372,0.892277925098415,0.880293358181219,0.684631140873423,2576.0,-2,0.316,-0.0119845669171954,-0.0423141294288084,410,0a1fb12106235d5ab42fe65162b76ca122a8c65c,2026-07-21 08:07:47,2026-06-06 14:01:41,phoenix,rush,17,24,Final,2026-05-02 19:00:00
2026-05-02-TOR-PHI,eholmgren,0.72,84.78,dsuvorov,6.48,87.8,0,0,0,"mcampanel,eholmgren,dsuvorov,crawlins,tnye,ndigiorgi,jkeller",True,2026-05-02-TOR-PHI,1,3,1,5,502,3,19,True,True,61,home,46,1777763671.0,18,False,"amuraoka,lkeillor,rjamieson,lcomire,nhsieh,orobinson,ebembenis",47,411,4dce89ac61a84d19b4e824ac43cfefa0acd358d4ea842e3f64f5348fc3a86d94,1777763671.0,False,61,412.090909090909,6.50369125958482,5.76,3.02,-62.3317276678008,5e06595df46001612cf30cb522d6162c0e012cec3889b1839e68cece09a236e1,0.982021626779372,0.0179783732206276,0.71677151157372,0.880235179413465,0.891480639396249,0.674440654444343,2572.09090909091,-2,0.318,0.0112454599827839,0.0397045510685304,411,e3967562c4f57c61e5a6c942473981a64eb091ec,2026-07-21 08:07:47,2026-06-06 14:01:41,phoenix,rush,17,24,Final,2026-05-02 19:00:00
2026-05-02-TOR-PHI,dsuvorov,6.48,87.8,jkeller,3.19,82.72,0,0,0,"mcampanel,eholmgren,dsuvorov,crawlins,tnye,ndigiorgi,jkeller",True,2026-05-02-TOR-PHI,1,3,1,5,502,3,20,True,True,62,home,47,1777763674.0,18,False,"amuraoka,lkeillor,rjamieson,lcomire,nhsieh,orobinson,ebembenis",48,412,d5faecffbfa7d9cc8e9b39d0fa7e9544784cf680110d26e2f1035ca8c2f10737,1777763674.0,False,62,408.181818181818,6.0523136072084,-3.29,-5.08,147.07138058728,285561d013b34a1cf028b68886c9efb2487a269df513f96b7f88e5834236ec19,0.984562537764953,0.0154374622350474,0.71677151157372,0.891425621422811,0.871931717673416,0.690808091591176,2568.18181818182,-2,0.313,-0.0194939037493953,-0.0688274822130728,412,f9bcbaae887f3ac95426b4e1f4cbaf994f4a1a7e,2026-07-21 08:07:47,2026-06-06 14:01:41,phoenix,rush,17,24,Final,2026-05-02 19:00:00
2026-05-02-TOR-PHI,jkeller,3.19,82.72,dsuvorov,-6.29,77.71,0,0,0,"mcampanel,eholmgren,dsuvorov,crawlins,tnye,ndigiorgi,jkeller",True,2026-05-02-TOR-PHI,1,3,1,5,502,3,21,True,True,63,home,48,1777763677.0,18,False,"amuraoka,lkeillor,rjamieson,lcomire,nhsieh,orobinson,ebembenis",49,413,ba077e11bdd89c9ae626b63ca855220494e1468d40181b94e8757a31b0c334c3,1777763677.0,False,63,404.272727272727,10.7224297619523,-9.48,-5.01000000000001,117.855601380467,8e8cb09fbe990c1a00fea53a1487a3964298f7a52d0004e1901cd14f6825f080,0.97945063787439,0.0205493621256103,0.71677151157372,0.871866871430129,0.851006936145036,0.707110150294896,2564.27272727273,-2,0.308,-0.0208599352850933,-0.0736505547199671,413,ffc79688e2ef6082bec26fc87ccb82d740a51f97,2026-07-21 08:07:47,2026-06-06 14:01:41,phoenix,rush,17,24,Final,2026-05-02 19:00:00
2026-05-02-TOR-PHI,dsuvorov,-6.29,77.71,mcampanel,-15.14,90.82,0,0,0,"mcampanel,eholmgren,dsuvorov,crawlins,tnye,ndigiorgi,jkeller",True,2026-05-02-TOR-PHI,1,3,1,5,502,3,22,True,True,64,home,49,1777763679.0,18,False,"amuraoka,lkeillor,rjamieson,lcomire,nhsieh,orobinson,ebembenis",50,414,5c239040a4045dcc9035833aeb374865bb8490edfee9534e8278300598a28f88,1777763679.0,False,64,400.363636363636,15.8175408961064,-8.85,13.11,34.0216017398553,3d54ce0478f599d8ad78672bff67e4e37d457b686cb39124e665f1bfed4f03df,0.9593036625144,0.0406963374855996,0.71677151157372,0.850932363752109,0.899003479937334,0.654846817902789,2560.36363636364,-2,0.32,0.0480711161852254,0.169725568400008,414,91304780deb61d59811d151c04ce5075bb9436cb,2026-07-21 08:07:47,2026-06-06 14:01:41,phoenix,rush,17,24,Final,2026-05-02 19:00:00
2026-05-02-TOR-PHI,mcampanel,-15.14,90.82,dsuvorov,-11.64,82.99,0,0,0,"mcampanel,eholmgren,dsuvorov,crawlins,tnye,ndigiorgi,jkeller",True,2026-05-02-TOR-PHI,1,3,1,5,502,3,23,True,True,65,home,50,1777763688.0,18,False,"amuraoka,lkeillor,rjamieson,lcomire,nhsieh,orobinson,ebembenis",51,415,d679cc8ab5df72b8faf09d0a57f4289a11b17b256c18a85c56595d13691ef4d0,1777763688.0,False,65,396.454545454545,8.5766485295831,3.5,-7.83,-155.915417682199,6c9958e3b63093bac9978567843e32f3f0dd411cd32be7ac07e76722b0e042ff,0.977037118536046,0.0229628814639539,0.71677151157372,0.89894981895461,0.87099701259168,0.685487000771851,2556.45454545455,-2,0.313,-0.0279528063629297,-0.0986934842545169,415,1c0a3497e683f0e51cff7c9899d1b5fd3a3e6517,2026-07-21 08:07:47,2026-06-06 14:01:41,phoenix,rush,17,24,Final,2026-05-02 19:00:00
2026-05-02-TOR-PHI,dsuvorov,-11.64,82.99,jkeller,0.24,80.52,0,0,0,"mcampanel,eholmgren,dsuvorov,crawlins,tnye,ndigiorgi,jkeller",True,2026-05-02-TOR-PHI,1,3,1,5,502,3,24,True,True,66,home,51,1777763690.0,18,False,"amuraoka,lkeillor,rjamieson,lcomire,nhsieh,orobinson,ebembenis",52,416,071022e3e8504830e83cf80990c46079ea530813fa5291fd04023f8e13c969e9,1777763690.0,False,66,392.545454545455,12.1340553814461,11.88,-2.47,-101.745175699867,6af00c5a8b275b2016d0eef6cb1b90dd3c7c04901011c2c44ca300170595ae66,0.973624092734642,0.0263759072653575,0.71677151157372,0.870930802341514,0.862834724097697,0.697794253069543,2552.54545454545,-2,0.311,-0.00809607824381708,-0.0285849714087796,416,21a32f64e24d3a1ddb443eca98c508174df8005c,2026-07-21 08:07:47,2026-06-06 14:01:41,phoenix,rush,17,24,Final,2026-05-02 19:00:00
2026-05-02-TOR-PHI,jkeller,0.24,80.52,dsuvorov,-9.51,84.85,0,0,0,"mcampanel,eholmgren,dsuvorov,crawlins,tnye,ndigiorgi,jkeller",True,2026-05-02-TOR-PHI,1,3,1,5,502,3,25,True,True,67,home,52,1777763695.0,18,False,"amuraoka,lkeillor,rjamieson,lcomire,nhsieh,orobinson,ebembenis",53,417,27de22519961626122bf834d35325cfc63b45b151c50792ba4d48b791d53f733,1777763695.0,False,67,388.636363636364,10.6682425919174,-9.75,4.33,66.0538703414843,5c7f7d4f7cf314933ce0c4f72e2664849e1ea2a5db06d0c8fa28dab1e4376d08,0.975069449725427,0.0249305502745732,0.71677151157372,0.862765732014612,0.879184822896278,0.681322114850959,2548.63636363636,-2,0.314,0.0164190908816666,0.0579711842297256,417,817a8a199610fa6197242f8ce1daf288524fe160,2026-07-21 08:07:47,2026-06-06 14:01:41,phoenix,rush,17,24,Final,2026-05-02 19:00:00
2026-05-02-TOR-PHI,dsuvorov,-9.51,84.85,eholmgren,-14.93,89.03,0,0,0,"mcampanel,eholmgren,dsuvorov,crawlins,tnye,ndigiorgi,jkeller",True,2026-05-02-TOR-PHI,1,3,1,5,502,3,26,True,True,68,home,53,1777763697.0,18,False,"amuraoka,lkeillor,rjamieson,lcomire,nhsieh,orobinson,ebembenis",54,418,9622b8e7f267bf4bec2940d693f29fab811bd5730f9f3574ded55434ecaf0d74,1777763697.0,False,68,384.727272727273,6.84461832390967,-5.42,4.18000000000001,52.3599541588319,de9cab8ece8af8b1172e4b44a3d4c44ed4f20f53d11874f807d701cb85d0e99f,0.980786054428214,0.0192139455717862,0.71677151157372,0.879124060083185,0.892229810573658,0.660153413155374,2544.72727272727,-2,0.318,0.0131057504904727,0.0462727127602628,418,cdb148f1ca53a311ee943b1440ff58fef705392b,2026-07-21 08:07:47,2026-06-06 14:01:41,phoenix,rush,17,24,Final,2026-05-02 19:00:00
2026-05-02-TOR-PHI,eholmgren,-14.93,89.03,tnye,1.2,96.31,0,0,0,"mcampanel,eholmgren,dsuvorov,crawlins,tnye,ndigiorgi,jkeller",True,2026-05-02-TOR-PHI,1,3,1,5,502,3,27,True,True,69,home,54,1777763703.0,18,False,"amuraoka,lkeillor,rjamieson,lcomire,nhsieh,orobinson,ebembenis",55,419,37411f139146e08ed686f5daacac2525511a497fadf4f6342dfb57ab427edfd4,1777763703.0,False,69,380.818181818182,17.6967595903883,16.13,7.28,-65.708776440496,dfdbe3517c90ff21271fb0be59875063233722089a542b4e181b7646de545f56,0.941618684353072,0.0583813156469285,0.71677151157372,0.892176292479306,0.921276988102295,0.650189765114273,2540.81818181818,-2,0.325,0.0291006956229892,0.102746357842331,419,1a6af9d313015e5d7d248887a5182f84e2f950cd,2026-07-21 08:07:47,2026-06-06 14:01:41,phoenix,rush,17,24,Final,2026-05-02 19:00:00
2026-05-02-TOR-PHI,tnye,1.2,96.31,crawlins,2.29,117.25,0,0,0,"mcampanel,eholmgren,dsuvorov,crawlins,tnye,ndigiorgi,jkeller",True,2026-05-02-TOR-PHI,2,3,1,5,502,3,28,True,True,70,home,55,1777763709.0,19,False,"amuraoka,lkeillor,rjamieson,lcomire,nhsieh,orobinson,ebembenis",56,420,15178a4bd041143215d867078b0f7c623e91d26c074d11402e71d53735ead462,1777763709.0,False,70,376.909090909091,20.9683499589262,1.09,20.94,-2.97975572619606,d780dc96737165edceedcb7f658a8699afdc0b690705ac9bf4780aeed149cc83,0.914313306721181,0.0856866932788186,0.71677151157372,0.921238076405619,1.0,0.640594086115308,2536.90909090909,-2,0.339,0.0787619235943814,0.278086162984561,420,4cab86d4a03d424161c86370e34bb1bd561ad34a,2026-07-21 08:07:47,2026-06-06 14:01:41,phoenix,rush,17,24,Final,2026-05-02 19:00:00
2026-05-02-TOR-PHI,sdillon,18.7,18.74,rpoloz,4.77,28.76,0,0,0,"sdillon,gchatha,rpoloz,kmallany,mgallant,pturner,asehgal",False,2026-05-02-TOR-PHI,2,3,1,6,373,1,1,True,True,71,away,42,,18,False,"mhanna,jthornton,swhitcomb,jwisner,pburt1,idietrich,jbray",43,44,21f36b49c3ccf2227cafb1f558328e9d082ce9eb8c061bbd61e864a069a942b5,1777763081.0,True,71,373.0,17.159408497964,-13.93,10.02,54.2721262264628,c411eff3503ea54f036ce8766507912cca356fe23b1373003c35825b93cffa37,0.97205195975713,0.0279480402428703,0.613213570980926,0.613213570980926,0.66346059567022,0.903761651325952,2533.0,-1,0.33,0.0502470246892938,0.129908965050105,44,33042697bffade610a739860471f4650da6c4d31,2026-07-21 08:07:47,2026-06-06 14:01:41,phoenix,rush,17,24,Final,2026-05-02 19:00:00
2026-05-02-TOR-PHI,rpoloz,4.77,28.76,gchatha,21.65,35.76,0,0,0,"sdillon,gchatha,rpoloz,kmallany,mgallant,pturner,asehgal",False,2026-05-02-TOR-PHI,2,3,1,6,373,1,2,True,True,72,away,43,,18,False,"mhanna,jthornton,swhitcomb,jwisner,pburt1,idietrich,jbray",44,45,3c4745047d23098bed471d4f59503f8027acc51aac5312a8b4dd3fb7918e53ee,1777763082.0,True,72,367.166666666667,18.2738720582147,16.88,7.0,-67.4766087434331,5140f60a4b378370f98328e6ef2771da8ef1f92794e090235272288a3598fa2d,0.978922961433397,0.0210770385666029,0.613213570980926,0.663302503685657,0.647046540728799,0.8590160034247,2527.16666666667,-1,0.332,-0.0162559629568582,-0.042028266084942,45,ceb31e58110d4695df564e61e2ae4f0c5067a71a,2026-07-21 08:07:47,2026-06-06 14:01:41,phoenix,rush,17,24,Final,2026-05-02 19:00:00
2026-05-02-TOR-PHI,gchatha,21.65,35.76,kmallany,20.21,64.66,0,0,0,"sdillon,gchatha,rpoloz,kmallany,mgallant,pturner,asehgal",False,2026-05-02-TOR-PHI,2,3,1,6,373,1,3,True,True,73,away,44,,18,False,"mhanna,jthornton,swhitcomb,jwisner,pburt1,idietrich,jbray",45,46,b36629583f8e11b235f7e72874667f2c79b7b5745673e70d979b6b4166708a5e,1777763083.0,True,73,361.333333333333,28.9358531928817,-1.44,28.9,2.85251709637541,097b0c1cb2f5347c8ae26c79cc3fb291967ef5271701363ca7bd72f5305c87d7,0.897162758584844,0.102837241415156,0.613213570980926,0.646903179077928,0.772036073963353,0.73282324606033,2521.33333333333,-1,0.309,0.125132894885425,0.323519352017531,46,3ea71d44cc4607bbbd05e6d313e4342141da5955,2026-07-21 08:07:47,2026-06-06 14:01:41,phoenix,rush,17,24,Final,2026-05-02 19:00:00
2026-05-02-TOR-PHI,kmallany,20.21,64.66,pturner,22.2,80.45,1,1,0,"sdillon,gchatha,rpoloz,kmallany,mgallant,pturner,asehgal",False,2026-05-02-TOR-PHI,2,3,1,6,373,1,4,True,True,74,away,45,,20,False,"mhanna,jthornton,swhitcomb,jwisner,pburt1,idietrich,jbray",46,47,ac7ea9633d6b881520524641e3965c36e17fd64be255c7fbe2a0459a6c0a646a,1777763084.0,True,74,355.5,15.9149049635868,1.99,15.79,-7.18306676420887,fa3cf70d9ae1fe6401671548072f69a61ecd64032eda2d8fb7c59c09919b43ba,0.956791573861032,1.0,0.613213570980926,0.77194185414151,0.83851417211689,0.658064955792335,2515.5,-1,0.427,-0.658064955792335,-0.658064955792335,47,b302e52d43182b5059430e982657be153bbd25f9,2026-07-21 08:07:47,2026-06-06 14:01:41,phoenix,rush,17,24,Final,2026-05-02 19:00:00
2026-05-02-TOR-PHI,idietrich,-22.28,42.56,jthornton,-8.0,44.07,0,0,0,"mhanna,jthornton,swhitcomb,jwisner,pburt1,idietrich,jbray",True,2026-05-02-TOR-PHI,2,3,1,6,373,2,1,False,False,75,home,59,1777763778.0,18,False,"sdillon,gchatha,rpoloz,kmallany,mgallant,pturner,asehgal",60,424,230b724cc46114b937c6703cb5deefe08d6fd17216b856afcf1f3cbb607e74ce,1777763778.0,False,75,349.666666666667,14.3596135045481,14.28,1.51,-83.9638436058969,1a03c47c2e5ee30032b8634d79dfcb3c3617a71bf74fca8a010368f78d853302,0.973213922046516,0.0267860779534839,0.668452880388994,0.668452880388994,0.711548626867507,0.842237895219853,2509.66666666667,-1,0.436,0.043095746478513,0.129983775847837,424,65f9827d4fd325a95c672da5cf876d913b259adb,2026-07-21 08:07:47,2026-06-06 14:01:41,phoenix,rush,17,24,Final,2026-05-02 19:00:00
2026-05-02-TOR-PHI,jthornton,-8.0,44.07,swhitcomb,7.1,114.98,0,0,0,"mhanna,jthornton,swhitcomb,jwisner,pburt1,idietrich,jbray",True,2026-05-02-TOR-PHI,3,3,1,6,373,2,2,False,False,76,home,60,1777763791.0,19,False,"sdillon,gchatha,rpoloz,kmallany,mgallant,pturner,asehgal",61,425,c40f64902a475b5222e1b728e53c7e5ddb528a8faa39f32249344075c029f962,1777763791.0,False,76,343.833333333333,72.499917930988,15.1,70.91,-12.0213462787257,274e3d412937a719dab96d20c99ff50bcab82d2cb80ab6ca338abec7b486acc3,0.565026709405025,0.434973290594975,0.668452880388994,0.711470932394918,1.0,0.638989217770817,2503.83333333333,-1,0.503,0.288529067605082,0.870250563309386,425,14dc67dc3c1a03828cad3d7d7f1920fe5ce61ee8,2026-07-21 08:07:47,2026-06-06 14:01:41,phoenix,rush,17,24,Final,2026-05-02 19:00:00
2026-05-02-TOR-PHI,orobinson,16.78,14.96,lcomire,0.37,19.97,0,0,0,"amuraoka,rjamieson,lcomire,nhsieh,orobinson,ebembenis,nnishizak",False,2026-05-02-TOR-PHI,3,3,1,7,338,1,1,True,True,77,away,48,,18,False,"sdavies1,bpastor,messer,pburt1,jbray,jthornton,czaleski",49,50,1499ead21319cf218490a18868d3121e38dd56ed68ac10bd2f6a3ed7d9a49f8e,1777763087.0,True,77,338.0,17.157744607028,-16.41,5.01,73.0224833591548,f9c05f75d9f6075b4c6ccc30cbbb18ef4f5d19083ef416fb1618e476be423989,0.978631405962164,0.0213685940378361,0.61118227780419,0.61118227780419,0.639827469928464,0.932435390322317,2498.0,0,0.505,0.028645192124274,0.0736725475436228,50,9c98bd1be504d05902fb83d4566763f0ae8c27b2,2026-07-21 08:07:47,2026-06-06 14:01:41,phoenix,rush,17,24,Final,2026-05-02 19:00:00
2026-05-02-TOR-PHI,lcomire,0.37,19.97,orobinson,14.44,30.2,0,0,0,"amuraoka,rjamieson,lcomire,nhsieh,orobinson,ebembenis,nnishizak",False,2026-05-02-TOR-PHI,3,3,1,7,338,1,2,True,True,78,away,49,,18,False,"sdavies1,bpastor,messer,pburt1,jbray,jthornton,czaleski",50,51,09543ad94653f798d640d0deb5e97cf7d07689c8403955cc719ade2274406250,1777763088.0,True,78,333.8,17.3959133131894,14.07,10.23,-53.9798911995555,e9f6d3316d682a493aad46385d9576a5f916901e2da8219b7abb67845fe7482b,0.977328968571492,0.0226710314285081,0.61118227780419,0.639780440589201,0.657942738451488,0.89512048322694,2493.8,0,0.502,0.0181622978622865,0.0467115998718286,51,609c811c739be93dcd5e71356faa9f6bf42b25a2,2026-07-21 08:07:47,2026-06-06 14:01:41,phoenix,rush,17,24,Final,2026-05-02 19:00:00
2026-05-02-TOR-PHI,orobinson,14.44,30.2,amuraoka,17.88,35.62,0,0,0,"amuraoka,rjamieson,lcomire,nhsieh,orobinson,ebembenis,nnishizak",False,2026-05-02-TOR-PHI,3,3,1,7,338,1,3,True,True,79,away,50,,18,False,"sdavies1,bpastor,messer,pburt1,jbray,jthornton,czaleski",51,52,74380e6d2beddc1bb798d660eaad38789a5b4ec740ea54031b828193232655dc,1777763089.0,True,79,329.6,6.41950153828161,3.44,5.42,-32.4027385844548,d9fa9fa7e7b306ce00249e331f85539e0a7bafee1f415b5096ab2b500f389acc,0.991183841165862,0.00881615883413789,0.61118227780419,0.657900617270861,0.664318246894931,0.869232255911762,2489.6,0,0.5,0.00641762962406989,0.0165054966831937,52,4588bcf11ff95b20cc0621991d8108ba6a6b12ba,2026-07-21 08:07:47,2026-06-06 14:01:41,phoenix,rush,17,24,Final,2026-05-02 19:00:00
2026-05-02-TOR-PHI,amuraoka,17.88,35.62,orobinson,6.28,30.48,0,0,0,"amuraoka,rjamieson,lcomire,nhsieh,orobinson,ebembenis,nnishizak",False,2026-05-02-TOR-PHI,3,3,1,7,338,1,4,True,True,80,away,51,,18,False,"sdavies1,bpastor,messer,pburt1,jbray,jthornton,czaleski",52,53,6c0424f6d06ffc9ff86cd622329e7db1e32eda2992753a0f82ce4c509d6d5d48,1777763090.0,True,80,325.4,12.6877736423693,-11.6,-5.14,113.898297187001,217e0cc48f799cdef00df5cdd591111bb66e3bc3d52eafbe1806dd032c4183cf,0.985078626559505,0.0149213734404952,0.61118227780419,0.664279100130487,0.667308133803334,0.89705931438903,2485.4,0,0.5,0.00302903367284713,0.00779036936830182,53,e0ad2606e8cd714eda6f821dc2e9c50a911c436f,2026-07-21 08:07:47,2026-06-06 14:01:41,phoenix,rush,17,24,Final,2026-05-02 19:00:00
2026-05-02-TOR-PHI,orobinson,6.28,30.48,lcomire,-13.15,32.33,0,0,0,"amuraoka,rjamieson,lcomire,nhsieh,orobinson,ebembenis,nnishizak",False,2026-05-02-TOR-PHI,3,3,1,7,338,1,5,True,True,81,away,52,,18,False,"sdavies1,bpastor,messer,pburt1,jbray,jthornton,czaleski",53,54,59f530c82ddcf4a0e9edf484c78aa1bca2bbfafbf3b637842619d3f6818986bf,1777763091.0,True,81,321.2,19.517873859619,-19.43,1.85,84.5610595552161,9817f41d1711a73bf27e7e2b86873fbaf3c2341d32142315b960657a2f94de46,0.975066896844592,0.024933103155408,0.61118227780419,0.667270561951785,0.667838865225987,0.887439627930871,2481.2,0,0.499,0.000568303274202098,0.00146161875285072,54,2c70ecb49e96631e0ebd09bd2febb940ea0efaa4,2026-07-21 08:07:47,2026-06-06 14:01:41,phoenix,rush,17,24,Final,2026-05-02 19:00:00
2026-05-02-TOR-PHI,lcomire,-13.15,32.33,rjamieson,-20.01,39.54,0,0,0,"amuraoka,rjamieson,lcomire,nhsieh,orobinson,ebembenis,nnishizak",False,2026-05-02-TOR-PHI,3,3,1,7,338,1,6,True,True,82,away,53,,18,False,"sdavies1,bpastor,messer,pburt1,jbray,jthornton,czaleski",54,55,032d04e2836eb12ec1b689a25f5d8851b44e1e25b5a43650d8aa46be7fd82e69,1777763092.0,True,82,317.0,9.95207013640881,-6.86,7.21,43.5750257274846,8dbe8806a6b6148806d995bf5971c05f8e9386145b8dfd4c3e8631fcc099b4ba,0.988203305005581,0.0117966949944194,0.61118227780419,0.66780154663362,0.671182138040376,0.845472420293941,2477.0,0,0.498,0.00338059140675562,0.00869454043314707,55,fda8245567cd63c7d61d028ef989f133eae4911c,2026-07-21 08:07:47,2026-06-06 14:01:41,phoenix,rush,17,24,Final,2026-05-02 19:00:00
2026-05-02-TOR-PHI,rjamieson,-20.01,39.54,orobinson,-0.11,38.71,0,0,0,"amuraoka,rjamieson,lcomire,nhsieh,orobinson,ebembenis,nnishizak",False,2026-05-02-TOR-PHI,3,3,1,7,338,1,7,True,True,83,away,54,,18,False,"sdavies1,bpastor,messer,pburt1,jbray,jthornton,czaleski",55,56,50e7a6f1e6f14519b2721ce3b35fa00656ca570cfc7e98a51cf011ffb709d90b,1777763093.0,True,83,312.8,19.9173015240519,19.9,-0.829999999999998,-92.3883391886974,c9653cea53d27ddb910613c84ccc3cef2b26cea0887ff97833f4a8cb38835d76,0.967129629996838,0.0328703700031618,0.61118227780419,0.67114406154531,0.693764025858665,0.865179262861479,2472.8,0,0.494,0.0226199643133552,0.0581762687811944,56,032ebdc0acd9431fc9c28fb79ae396f80507c0f7,2026-07-21 08:07:47,2026-06-06 14:01:41,phoenix,rush,17,24,Final,2026-05-02 19:00:00
2026-05-02-TOR-PHI,orobinson,-0.11,38.71,amuraoka,13.21,47.5,0,0,0,"amuraoka,rjamieson,lcomire,nhsieh,orobinson,ebembenis,nnishizak",False,2026-05-02-TOR-PHI,3,3,1,7,338,1,8,True,True,84,away,55,,18,False,"sdavies1,bpastor,messer,pburt1,jbray,jthornton,czaleski",56,57,58b4a715fbad6aa6434c0de14c14334a010085d29ff6340f3861635df1de8d17,1777763094.0,True,84,308.6,15.9589003380559,13.32,8.79,-56.5787845235331,fb5e38744ca3426eed788cea9a94e9a86db31b45712466685b9b96ff6a787701,0.974835013723532,0.0251649862764682,0.61118227780419,0.69372533102817,0.718731368946049,0.824397990170055,2468.6,0,0.488,0.0250060379178784,0.0643130096453917,57,54734daf6dc43f5ee89c94a22e70e8820f428b15,2026-07-21 08:07:47,2026-06-06 14:01:41,phoenix,rush,17,24,Final,2026-05-02 19:00:00
2026-05-02-TOR-PHI,amuraoka,13.21,47.5,nnishizak,21.31,66.31,0,0,0,"amuraoka,rjamieson,lcomire,nhsieh,orobinson,ebembenis,nnishizak",False,2026-05-02-TOR-PHI,3,3,1,7,338,1,9,True,True,85,away,56,,18,False,"sdavies1,bpastor,messer,pburt1,jbray,jthornton,czaleski",57,58,fb02c744da68d873b22d3c50ed760a223620f9e8fa8b78f472790061d7dd96f7,1777763095.0,True,85,304.4,20.4798950192622,8.1,18.81,-23.2977752608152,bea5f1005d651fb42acee31c6aa948978110f4388c04c36ec0f483bad5112a20,0.953976359458734,0.0460236405412658,0.61118227780419,0.718691536267287,0.774574103668792,0.719370994685801,2464.4,0,0.475,0.0558825674015045,0.143724332023533,58,1e687851e7f0dbcb25e248d9ae961788c32062fd,2026-07-21 08:07:47,2026-06-06 14:01:41,phoenix,rush,17,24,Final,2026-05-02 19:00:00
2026-05-02-TOR-PHI,nnishizak,21.31,66.31,ebembenis,17.33,107.23,0,0,0,"amuraoka,rjamieson,lcomire,nhsieh,orobinson,ebembenis,nnishizak",False,2026-05-02-TOR-PHI,3,4,1,7,338,1,10,True,True,86,away,57,,19,False,"sdavies1,bpastor,messer,pburt1,jbray,jthornton,czaleski",58,59,182d289799ef13d2fda191997ce9b22eac60ccc8d61de8230ce50f6b310b113b,1777763096.0,True,86,300.2,41.1130976697208,-3.98,40.92,5.55528282266656,c01a5e4eeec52f23089cc598809e07be1a268ec5fe6e6358a79be26f4b3c7c63,0.751425217847784,0.248574782152216,0.61118227780419,0.774536169477434,1.0,0.623617938484052,2460.2,0,0.424,0.225463830522566,0.579870251924941,59,6a8e7e6b322c4b8dcc43c3b5ac016ae1ddfb3c09,2026-07-21 08:07:47,2026-06-06 14:01:41,phoenix,rush,17,24,Final,2026-05-02 19:00:00
2026-05-02-TOR-PHI,eholmgren,-14.18,30.13,jkeller,0.78,26.56,0,0,0,"ndigiorgi,jkeller,crawlins,dsuvorov,esarles,eholmgren,cwhite1",True,2026-05-02-TOR-PHI,3,4,1,8,296,1,1,True,True,87,home,65,1777763944.0,18,False,"ezhuang,lkeillor,dpetsinis,hnorris,nho,mayad,lcomire",66,430,a35e63f05323c2b0ee89bbdfa32ae661c7b6d0ca25b581d6719c78134d543255,1777763944.0,False,87,296.0,15.3800682703296,14.96,-3.57,-103.421835067886,1499b82761ee9a83f2c44740a6ce93ea432592d51be9c95c6f48e7567f892160,0.983258173837011,0.0167418261629895,0.656474986192237,0.659236679450862,0.656587936115129,0.91123732005381,2456.0,-1,0.425,-0.0026487433357324,-0.00771048170953465,430,b139ff607e92eccb92ef78c68fa99adb8aa42643,2026-07-21 08:07:47,2026-06-06 14:01:41,phoenix,rush,17,24,Final,2026-05-02 19:00:00
2026-05-02-TOR-PHI,jkeller,0.78,26.56,esarles,13.0,33.56,0,0,0,"ndigiorgi,jkeller,crawlins,dsuvorov,esarles,eholmgren,cwhite1",True,2026-05-02-TOR-PHI,3,4,1,8,296,1,2,True,True,88,home,66,1777763948.0,18,False,"ezhuang,lkeillor,dpetsinis,hnorris,nho,mayad,lcomire",67,431,1158b749fe88f17abf302b94f0e9d6c17b6e01e4364d7ff73534b6286d689e5a,1777763948.0,False,88,288.666666666667,14.0829116307673,12.22,7.0,-60.1945630312106,5bf34a0df046e5a6d70a81af3953ade7910bc78f5c8c21a94a5c4c529f1059c3,0.982074884442068,0.0179251155579321,0.656474986192237,0.656474986192237,0.670543714991272,0.88300789392247,2448.66666666667,-1,0.427,0.0140687287990349,0.0409540156714985,431,79b5f76df6bba8b7b8b425a2e40f9ea5882639b6,2026-07-21 08:07:47,2026-06-06 14:01:41,phoenix,rush,17,24,Final,2026-05-02 19:00:00
2026-05-02-TOR-PHI,esarles,13.0,33.56,eholmgren,-9.1,40.29,0,0,0,"ndigiorgi,jkeller,crawlins,dsuvorov,esarles,eholmgren,cwhite1",True,2026-05-02-TOR-PHI,3,4,1,8,296,1,3,True,True,89,home,67,1777763951.0,18,False,"ezhuang,lkeillor,dpetsinis,hnorris,nho,mayad,lcomire",68,432,4e8c10e2bb8a72c95fc9dfc716a1bdaf7d72e992e3914a0b646f25d1bd2788cb,1777763951.0,False,89,281.333333333333,23.1020107349988,-22.1,6.73,73.0632025871537,f116e24ece875f7e0a71927aeb7a5690cad10c40d58e4230c8b81858b7afefa6,0.955776424196644,0.0442235758033563,0.656474986192237,0.670406054842063,0.697006820715941,0.857343232694528,2441.33333333333,-1,0.431,0.0266007658738787,0.0774347276171409,432,5d6068e4442b59ffd22bcb0630563db148e5ed78,2026-07-21 08:07:47,2026-06-06 14:01:41,phoenix,rush,17,24,Final,2026-05-02 19:00:00
2026-05-02-TOR-PHI,eholmgren,-9.1,40.29,crawlins,-19.67,51.41,0,0,0,"ndigiorgi,jkeller,crawlins,dsuvorov,esarles,eholmgren,cwhite1",True,2026-05-02-TOR-PHI,3,4,1,8,296,1,4,True,True,90,home,68,1777763956.0,18,False,"ezhuang,lkeillor,dpetsinis,hnorris,nho,mayad,lcomire",69,433,77b20281085d73a203d23ca204c510f4f5bb38e800fee9b1d464e72141d1112d,1777763956.0,False,90,274.0,15.3420761306937,-10.57,11.12,43.5474445738909,3bc7c2bd92e2dafefbc86a677f87b8331785dbd1c65b25166828966f79e7d3fe,0.978964044445512,0.0210359555544882,0.656474986192237,0.696843445578178,0.71764526711778,0.791309942635938,2434.0,-1,0.435,0.0208018215396011,0.0605540228614671,433,c516dadd2030d10ffbbdfa7500f177a715a96e5b,2026-07-21 08:07:47,2026-06-06 14:01:41,phoenix,rush,17,24,Final,2026-05-02 19:00:00
2026-05-02-TOR-PHI,crawlins,-19.67,51.41,eholmgren,-11.91,43.45,0,0,0,"ndigiorgi,jkeller,crawlins,dsuvorov,esarles,eholmgren,cwhite1",True,2026-05-02-TOR-PHI,3,4,1,8,296,1,5,True,True,91,home,69,1777763960.0,18,False,"ezhuang,lkeillor,dpetsinis,hnorris,nho,mayad,lcomire",70,434,d5d9195ec9ff43bb10cacf7d439f12d86eb60105ceb8ca93393b9e1f6f670cde,1777763960.0,False,91,266.666666666667,11.1166181907989,7.76,-7.95999999999999,-135.728914610758,189220a41ef037a1825936a4e90975948ad72be24dd502ccc74f4e457020a3a8,0.984019839259568,0.015980160740432,0.656474986192237,0.71745229771798,0.705554408799232,0.842127970131766,2426.66666666667,-1,0.432,-0.0118978889187474,-0.0346347090910984,434,3bedce64a90448dafcac94233290cd0c7729c200,2026-07-21 08:07:47,2026-06-06 14:01:41,phoenix,rush,17,24,Final,2026-05-02 19:00:00
2026-05-02-TOR-PHI,eholmgren,-11.91,43.45,esarles,8.88,39.19,0,0,0,"ndigiorgi,jkeller,crawlins,dsuvorov,esarles,eholmgren,cwhite1",True,2026-05-02-TOR-PHI,3,4,1,8,296,1,6,True,True,92,home,70,1777763968.0,18,False,"ezhuang,lkeillor,dpetsinis,hnorris,nho,mayad,lcomire",71,435,cc8d5736e1e229590e5d4623e7eb6e2c9e4ff8f50ae92c16a4bd28563c8dedf8,1777763968.0,False,92,259.333333333333,21.2219626802047,20.79,-4.26000000000001,-101.579968803329,fcd144d5c2af9636974d7fb553f828c564f763bacd92e6e2851add49b9cf1ed9,0.969752703694667,0.0302472963053326,0.656474986192237,0.705313572548361,0.692571326042194,0.861755603157983,2419.33333333333,-1,0.43,-0.0127422465061674,-0.037092630795433,435,0c416e5ce1b832352d791572e2597230bc42eb99,2026-07-21 08:07:47,2026-06-06 14:01:41,phoenix,rush,17,24,Final,2026-05-02 19:00:00
2026-05-02-TOR-PHI,esarles,8.88,39.19,cwhite1,16.71,51.14,0,0,0,"ndigiorgi,jkeller,crawlins,dsuvorov,esarles,eholmgren,cwhite1",True,2026-05-02-TOR-PHI,3,4,1,8,296,1,7,True,True,93,home,71,1777763972.0,18,False,"ezhuang,lkeillor,dpetsinis,hnorris,nho,mayad,lcomire",72,436,619ee6a7b277f07a7cdd246b3b40dd2fa1fd1b1928b338f863a1940505a88102,1777763972.0,False,93,252.0,14.2867561048686,7.83,11.95,-33.234024553382,c49c7b21a94b2e7d0e9b826799a1374fae1e55be0903da88a4df9124277bc798,0.977667320980138,0.0223326790198621,0.656474986192237,0.692274418833845,0.723858628039104,0.802245369375689,2412.0,-1,0.436,0.031584209205259,0.0919415120755471,436,df61fe9326fa14b2c81b3d9b5131b74f9bb4f23b,2026-07-21 08:07:47,2026-06-06 14:01:41,phoenix,rush,17,24,Final,2026-05-02 19:00:00
2026-05-02-TOR-PHI,cwhite1,16.71,51.14,crawlins,18.15,69.06,0,0,0,"ndigiorgi,jkeller,crawlins,dsuvorov,esarles,eholmgren,cwhite1",True,2026-05-02-TOR-PHI,3,4,1,8,296,1,8,True,True,94,home,72,1777763975.0,18,False,"ezhuang,lkeillor,dpetsinis,hnorris,nho,mayad,lcomire",73,437,31da18a121507b86628fa6a29e75a10d69ea54ed05a6f7c5e5f6ace0a6e4b416,1777763975.0,False,94,244.666666666667,17.9777640433954,1.44,17.92,-4.59425333126637,69f7a5e0b8fa8c9cfbb0dbdb43476b40163d7a531a3218d5596425dba2b483bd,0.959478697888577,0.0405213021114231,0.656474986192237,0.723527203477991,0.797497415134036,0.720536693220437,2404.66666666667,-1,0.451,0.0739702116560448,0.215327002933878,437,cab7e8f8996a03ff6da02008a85440bcbcd21fd8,2026-07-21 08:07:47,2026-06-06 14:01:41,phoenix,rush,17,24,Final,2026-05-02 19:00:00
2026-05-02-TOR-PHI,crawlins,18.15,69.06,esarles,22.34,76.54,0,0,0,"ndigiorgi,jkeller,crawlins,dsuvorov,esarles,eholmgren,cwhite1",True,2026-05-02-TOR-PHI,3,4,1,8,296,1,9,True,True,95,home,73,1777763983.0,18,False,"ezhuang,lkeillor,dpetsinis,hnorris,nho,mayad,lcomire",74,438,9af778b00971d597e290dda2e1bd4ab4537c445df993a6d7f4129055fec863b6,1777763983.0,False,95,237.333333333333,8.5735931790586,4.19,7.48,-29.2558232972929,5cf0b645e3c691a806b68d6ee925c0e170a92d6097df5da43a973f81c33aa36e,0.979591604526425,0.0204083954735749,0.656474986192237,0.797182476439812,0.817655849907097,0.668850936428096,2397.33333333333,-1,0.456,0.0204733734672855,0.0595979117804284,438,76ddcd14a977b098d13b5b0ac07b8bc4475b14a7,2026-07-21 08:07:47,2026-06-06 14:01:41,phoenix,rush,17,24,Final,2026-05-02 19:00:00
2026-05-02-TOR-PHI,esarles,22.34,86.54,eholmgren,11.63,87.18,0,0,0,"ndigiorgi,jkeller,crawlins,dsuvorov,esarles,eholmgren,cwhite1",True,2026-05-02-TOR-PHI,3,4,1,8,296,1,10,True,True,96,home,75,1777763997.0,18,False,"ezhuang,lkeillor,dpetsinis,hnorris,nho,mayad,lcomire",76,440,38c8838e3f44714242ccf7915d696f0ff6f47d79b4b5704208353f49cd077606,1777763997.0,False,96,230.0,10.7291052749053,-10.71,0.640000000000001,86.5802292839925,7f3dbbfeb072889be7835a6618c796576b1f7047798419735954dc66c8784e8c,0.965964842972542,0.034035157027458,0.656474986192237,0.864180226792892,0.885320961720751,0.668528155073244,2390.0,-1,0.474,0.021140734927859,0.0615405984371471,440,0d671914b920a79ecc854e624c55e27f7df7d1bb,2026-07-21 08:07:47,2026-06-06 14:01:41,phoenix,rush,17,24,Final,2026-05-02 19:00:00
2026-05-02-TOR-PHI,eholmgren,11.63,87.18,esarles,20.62,83.06,0,0,0,"ndigiorgi,jkeller,crawlins,dsuvorov,esarles,eholmgren,cwhite1",True,2026-05-02-TOR-PHI,3,4,1,8,296,1,11,True,True,97,home,76,1777763999.0,18,False,"ezhuang,lkeillor,dpetsinis,hnorris,nho,mayad,lcomire",77,441,eda56cbbac761750b5df243266ae3c3adbd8ab60fd7ec0c77a6164d6bbd85a72,1777763999.0,False,97,222.666666666667,9.8891101723057,8.99,-4.12,-114.621370218235,82dadb03152eb1be8ed821d540d013bf6837a051d7f7ea732b6c9cc85b78fd87,0.982225404145193,0.0177745958548067,0.656474986192237,0.88505501126754,0.853528310598695,0.655506044038946,2382.66666666667,-1,0.465,-0.0315267006688457,-0.091774104946221,441,511943ce0f2c5960fab407a73298e88f2bcecbd5,2026-07-21 08:07:47,2026-06-06 14:01:41,phoenix,rush,17,24,Final,2026-05-02 19:00:00
2026-05-02-TOR-PHI,esarles,20.62,83.06,eholmgren,21.31,113.54,1,1,0,"ndigiorgi,jkeller,crawlins,dsuvorov,esarles,eholmgren,cwhite1",True,2026-05-02-TOR-PHI,3,4,1,8,296,1,12,True,True,98,home,77,1777764008.0,20,False,"ezhuang,lkeillor,dpetsinis,hnorris,nho,mayad,lcomire",78,442,1d7874508f5307cb7ba6d716786f8840b89fe8ffcac3bf123d271167a719d436,1777764008.0,False,98,215.333333333333,30.4878090390241,0.689999999999998,30.48,-1.29682862854638,7532ef4eb599813678d71f3e2c16ea87134398a753c90836de6119aa513f8cd0,0.849830021726067,1.0,0.656474986192237,0.853153722703584,0.956126133798128,0.599884027944325,2375.33333333333,-1,0.336,-0.599884027944325,-0.599884027944325,442,1689b1533c6d63371c72ed5b53ff644cfda4fc20,2026-07-21 08:07:47,2026-06-06 14:01:41,phoenix,rush,17,24,Final,2026-05-02 19:00:00
2026-05-02-TOR-PHI,rpoloz,-19.81,20.32,pturner,-18.71,42.56,0,0,0,"sdillon,gchatha,rpoloz,kmallany,mgallant,pturner,asehgal",False,2026-05-02-TOR-PHI,3,4,1,8,208,2,1,False,True,99,away,63,,18,False,"czaleski,sdavies1,jwisner,messer,mhanna,jthornton,jbray",64,65,da82525f50068be560b2d5076075f560aea5ed829d63d8eb03eb1b7d51131a6b,1777763102.0,True,99,208.0,22.2671866206757,1.1,22.24,-2.83156650497413,426a61ba66c82429af28ed4476950f644d4be8a5cb8699ca728e274d4caa65db,0.950382543840513,0.0496174561594874,0.609007613439472,0.609007613439472,0.683273788462428,0.832472176818738,2368.0,-1,0.322,0.074266175022956,0.189942765065731,65,ea2358e700fe235d4f6fdf82f45ee201d1ff8027,2026-07-21 08:07:47,2026-06-06 14:01:41,phoenix,rush,17,24,Final,2026-05-02 19:00:00
2026-05-02-TOR-PHI,pturner,-18.71,42.56,gchatha,-22.14,59.24,0,0,0,"sdillon,gchatha,rpoloz,kmallany,mgallant,pturner,asehgal",False,2026-05-02-TOR-PHI,3,4,1,8,208,2,2,False,True,100,away,64,,18,False,"czaleski,sdavies1,jwisner,messer,mhanna,jthornton,jbray",65,66,0639a765bdce9bf8edc0e0087258d849635ca6329779aa509331eb06cd703b15,1777763103.0,True,100,203.666666666667,17.0290134770045,-3.43,16.68,11.6200643797672,be81b0f399ba72363842ab3e1174d2c78f7f303eb5a8a895bce1dad08f6b5473,0.960458069640427,0.0395419303595733,0.609007613439472,0.68279548601533,0.734460435817614,0.740268165943897,2363.66666666667,-1,0.313,0.0516649498022842,0.132137994442217,66,19e9b35668ef48627ec29f156443845bf6f9ca5f,2026-07-21 08:07:47,2026-06-06 14:01:41,phoenix,rush,17,24,Final,2026-05-02 19:00:00
2026-05-02-TOR-PHI,gchatha,-22.14,59.24,mgallant,-15.69,104.69,0,0,0,"sdillon,gchatha,rpoloz,kmallany,mgallant,pturner,asehgal",False,2026-05-02-TOR-PHI,3,5,1,8,208,2,3,False,True,101,away,65,,19,False,"czaleski,sdavies1,jwisner,messer,mhanna,jthornton,jbray",66,67,3fbb3a9db1d41522c9068a168153c79e404f2b30153519e69213ab054fd33025,1777763104.0,True,101,199.333333333333,45.9053918401749,6.45,45.45,-8.0771487837312,b5b3e8ccd520b993ba7f8b51e18cfb5e7ca97ef6ca4aea3c30609e7058632afa,0.674806366167876,0.325193633832124,0.609007613439472,0.733998706094489,1.0,0.620579371905633,2359.33333333333,-1,0.264,0.266001293905511,0.680323461654751,67,c4db366566884d2ae14dcc245330d7c8b6bbfefc,2026-07-21 08:07:47,2026-06-06 14:01:41,phoenix,rush,17,24,Final,2026-05-02 19:00:00
2026-05-02-TOR-PHI,esarles,-10.82,18.39,,1.4,42.28,1,0,0,"mcampanel,tnye,eholmgren,esarles,cwhite1,jkeller,crawlins",True,2026-05-02-TOR-PHI,3,5,1,9,195,1,1,True,True,102,home,81,1777764170.0,22,False,"amuraoka,rjamieson,lcomire,nhsieh,orobinson,ebembenis,ezhuang",82,446,43ced0e6cc8b8d15c1c771f0c4cfb6e55bd03dcd34633736e26dfbf0d1551604,1777764170.0,False,102,195.0,26.8339430572549,12.22,23.89,-27.0902477792431,5644e585e3ea0dc87342c4791b585529854e54c3bd70795c7ecf6d1d12f94662,0.926879656020821,-0.926879656020821,0.626022569269698,0.626022569269698,0.700070806133236,0.846719878885401,2355.0,-2,0.169,-0.846719878885401,-0.846719878885401,446,8388eef02422a2a2acff51a0d311fdb2ba691bd9,2026-07-21 08:07:47,2026-06-06 14:01:41,phoenix,rush,17,24,Final,2026-05-02 19:00:00
2026-05-02-TOR-PHI,nhsieh,-7.45,64.46,ezhuang,-1.82,79.35,0,0,0,"amuraoka,rjamieson,lcomire,nhsieh,orobinson,ebembenis,ezhuang",False,2026-05-02-TOR-PHI,3,5,1,9,195,2,1,False,False,103,away,69,,18,False,"mcampanel,tnye,eholmgren,esarles,cwhite1,jkeller,crawlins",70,71,bec7f5adfe59d7c4a071a396ad451a1533fc236a3dd4dd699200a8e933fd8b43,1777763108.0,True,103,190.0,15.9188253335477,5.63,14.89,-20.7119115979711,49b937c20a36c7d503011bececbb2ba490fb69447a0c4cd24033a0c2fd2b20f1,0.960761511301052,0.0392384886989475,0.787672202363866,0.787672202363866,0.85325809577796,0.693664519743365,2350.0,-2,0.168,0.0655858934140945,0.308889811622729,71,aa7cf92c792a2e74a1d40cbf7bc230f988bc3b48,2026-07-21 08:07:47,2026-06-06 14:01:41,phoenix,rush,17,24,Final,2026-05-02 19:00:00
2026-05-02-TOR-PHI,ezhuang,-1.82,79.35,lcomire,5.66,80.73,0,0,0,"amuraoka,rjamieson,lcomire,nhsieh,orobinson,ebembenis,ezhuang",False,2026-05-02-TOR-PHI,3,5,1,9,195,2,2,False,False,104,away,70,,18,False,"mcampanel,tnye,eholmgren,esarles,cwhite1,jkeller,crawlins",71,72,0455fc6993e06d7c2edfb09fab8bfee74839da722bd7fe2ef187607c5aed17e1,1777763109.0,True,104,185.0,7.60623428511113,7.48,1.38000000000001,-79.5469286562045,874664a6cbab3186681926c0ba50031cef5e529e88b0c31ae5ac19dbaa1b017d,0.982701175252291,0.0172988247477092,0.787672202363866,0.852836741640719,0.858400210928819,0.687657504855648,2345.0,-2,0.167,0.00556346928810036,0.0262022653182438,72,f972c324e9f5ce17ee7b95393f031ecc90043a6f,2026-07-21 08:07:47,2026-06-06 14:01:41,phoenix,rush,17,24,Final,2026-05-02 19:00:00
2026-05-02-TOR-PHI,lcomire,5.66,80.73,ezhuang,13.62,105.99,0,0,0,"amuraoka,rjamieson,lcomire,nhsieh,orobinson,ebembenis,ezhuang",False,2026-05-02-TOR-PHI,3,6,1,9,195,2,3,False,False,105,away,71,,19,False,"mcampanel,tnye,eholmgren,esarles,cwhite1,jkeller,crawlins",72,73,6f196482cb8a05d967d05fa1fde6467d2603dd28e8a1a1260e15656f55e515a2,1777763110.0,True,105,180.0,26.4845086796036,7.96,25.26,-17.4908239219571,cebd108b31b13cd6f510540024ba0be70c6d6c6be6b5d6978b8172364725101d,0.889746157055578,0.110253842944422,0.787672202363866,0.857961635855813,1.0,0.62396232740903,2340.0,-2,0.152,0.142038364144187,0.668957930734995,73,c6bf37149ea39bed099fde14a38a84e47948e8e3,2026-07-21 08:07:47,2026-06-06 14:01:41,phoenix,rush,17,24,Final,2026-05-02 19:00:00
2026-05-02-TOR-PHI,eholmgren,4.97,43.31,,22.2,61.64,1,0,0,"cwhite1,mcampanel,jkeller,tnye,eholmgren,crawlins,ndigiorgi",True,2026-05-02-TOR-PHI,3,6,1,10,175,1,1,True,True,106,home,84,1777764241.0,22,False,"nnishizak,ezhuang,lkeillor,dpetsinis,hnorris,nho,mayad",85,449,04333adb4110a3081564667b9c61716101323b3eaee4cfbbf92ddbbbd68ba5ce,1777764241.0,False,106,175.0,25.1567446224666,17.23,18.33,-43.2281983625691,df73184e780dc01b5182b720449f039f30b6990174c5950f29d4d68da2b9b225,0.940793748404335,-0.940793748404335,0.700431658313645,0.700431658313645,0.740478360243266,0.726291737268102,2335.0,-3,0.106,-0.726291737268102,-0.726291737268102,449,0ee43362f98494b84422cb0316a80c51121de1b1,2026-07-21 08:07:47,2026-06-06 14:01:41,phoenix,rush,17,24,Final,2026-05-02 19:00:00
2026-05-02-TOR-PHI,nnishizak,-23.45,53.82,nho,-12.39,49.63,0,0,0,"nnishizak,ezhuang,lkeillor,dpetsinis,hnorris,nho,mayad",False,2026-05-02-TOR-PHI,3,6,1,10,175,2,1,False,False,107,away,75,,18,False,"cwhite1,mcampanel,jkeller,tnye,eholmgren,crawlins,ndigiorgi",76,78,afcdfc0bc454db2be13ee2f0246d7b25648bd58057c8e4d985dd211dbf4d96b1,1777763114.0,True,107,166.0,11.8270748708208,11.06,-4.19,-110.748825937265,6381b1c9a7ee22d5ec4a81188710b94f8923f27019ec4a759dc73e35c3932fa6,0.978428594099278,0.0215714059007218,0.694465492858358,0.694465492858358,0.718819188513055,0.807661232006639,2326.0,-3,0.106,0.0243536956546966,0.0797084947377369,78,0752fbf5828eb37d50d2960e3293fabefa2fd2be,2026-07-21 08:07:47,2026-06-06 14:01:41,phoenix,rush,17,24,Final,2026-05-02 19:00:00
2026-05-02-TOR-PHI,nho,-12.39,49.63,hnorris,6.69,54.91,0,0,0,"nnishizak,ezhuang,lkeillor,dpetsinis,hnorris,nho,mayad",False,2026-05-02-TOR-PHI,3,6,1,10,175,2,2,False,False,108,away,76,,18,False,"cwhite1,mcampanel,jkeller,tnye,eholmgren,crawlins,ndigiorgi",77,79,8943e93d0731fb24c904f84649ee265138f5d277509c0ff0b845ce70aa5df4d5,1777763115.0,True,108,157.0,19.7970906953522,19.08,5.27999999999999,-74.5316603479089,1400be1ec05a1be0b10376bf16f57145d13405f42c7d6032697cb1531d9cb87b,0.961243878718128,0.0387561212818721,0.694465492858358,0.716733443555881,0.741654968208442,0.785703401656495,2317.0,-3,0.104,0.0249215246525613,0.0815669722078494,79,d673201bd05981e17b5e26254f7e92ba8db589ac,2026-07-21 08:07:47,2026-06-06 14:01:41,phoenix,rush,17,24,Final,2026-05-02 19:00:00
2026-05-02-TOR-PHI,hnorris,6.69,54.91,mayad,21.24,60.75,0,0,0,"nnishizak,ezhuang,lkeillor,dpetsinis,hnorris,nho,mayad",False,2026-05-02-TOR-PHI,3,6,1,10,175,2,3,False,False,109,away,77,,18,False,"cwhite1,mcampanel,jkeller,tnye,eholmgren,crawlins,ndigiorgi",78,80,18310eae2451fc97733c044dc692f35ca1c8bd0689fe84194c2ec200e40b286f,1777763116.0,True,109,148.0,15.6782683992844,14.55,5.84,-68.1307286722163,d0fa8ce001b08e8f0c97d9988c0c73e509638d49a5d4443d48b274a2fb6d2c27,0.97814579154318,0.0218542084568201,0.694465492858358,0.739089462809438,0.734960950952032,0.729974759095826,2308.0,-3,0.105,-0.00412851185740559,-0.0135124241645533,80,bc6a50679a1f8064b68a014958f138a3ba412134,2026-07-21 08:07:47,2026-06-06 14:01:41,phoenix,rush,17,24,Final,2026-05-02 19:00:00
2026-05-02-TOR-PHI,mayad,21.24,60.75,hnorris,4.77,49.9,0,0,0,"nnishizak,ezhuang,lkeillor,dpetsinis,hnorris,nho,mayad",False,2026-05-02-TOR-PHI,3,6,1,10,175,2,4,False,False,110,away,78,,18,False,"cwhite1,mcampanel,jkeller,tnye,eholmgren,crawlins,ndigiorgi",79,81,7f5d55f29304b5ea6935fbf2c232c63645b705b896d3ff0ac44712b61a2c243d,1777763117.0,True,110,139.0,19.7226620921213,-16.47,-10.85,123.375834225883,69c493513009f80e0eeb1684a46709052d55c757e202a7337159ee9089550230,0.968618490017973,0.0313815099820272,0.694465492858358,0.731584547045905,0.715492303143678,0.803572929698327,2299.0,-3,0.107,-0.0160922439022266,-0.0526691536506758,81,16125236ae16fe803528a1afef1ac62f3ae6a36d,2026-07-21 08:07:47,2026-06-06 14:01:41,phoenix,rush,17,24,Final,2026-05-02 19:00:00
2026-05-02-TOR-PHI,hnorris,4.77,49.9,dpetsinis,-20.49,64.32,0,0,0,"nnishizak,ezhuang,lkeillor,dpetsinis,hnorris,nho,mayad",False,2026-05-02-TOR-PHI,3,6,1,10,175,2,5,False,False,111,away,79,,18,False,"cwhite1,mcampanel,jkeller,tnye,eholmgren,crawlins,ndigiorgi",80,82,e925c4666258c288d2bb107e1738bd16446aab9887d14babab4a13dabe25e4d1,1777763118.0,True,111,130.0,29.0861479058331,-25.26,14.42,60.2795518698126,6d50f626616ef0de702276caf984ecce80842265b33d793d321075c429253992,0.938032549509498,0.0619674504905022,0.694465492858358,0.710983255679435,0.750454780916884,0.707048567186207,2290.0,-3,0.104,0.0394715252374482,0.129188436378971,82,381ab2c870d3a2bd7ef657e8938b02f8960d840b,2026-07-21 08:07:47,2026-06-06 14:01:41,phoenix,rush,17,24,Final,2026-05-02 19:00:00
2026-05-02-TOR-PHI,dpetsinis,-20.49,64.32,,-7.73,73.31,1,0,0,"nnishizak,ezhuang,lkeillor,dpetsinis,hnorris,nho,mayad",False,2026-05-02-TOR-PHI,3,6,1,10,175,2,6,False,False,112,away,80,,22,False,"cwhite1,mcampanel,jkeller,tnye,eholmgren,crawlins,ndigiorgi",81,83,e8dfb562e3599346f301e2bab09aee4455d1dd76d2f04a19995f3640cf967fa8,1777763119.0,True,112,121.0,15.6088981033256,12.76,8.99000000000001,-54.8335639642071,ab44a33312a64a7adfbde469cbf742102959065f2f198d21458af29f32bc23fc,0.956139276403786,-0.956139276403786,0.694465492858358,0.745232304028544,0.810190915576339,0.691550481370335,2281.0,-3,0.162,-0.691550481370335,-0.691550481370335,83,02f03c6584086b3756c9c059352d3fb9698d7d61,2026-07-21 08:07:47,2026-06-06 14:01:41,phoenix,rush,17,24,Final,2026-05-02 19:00:00
2026-05-02-TOR-PHI,eholmgren,11.77,43.52,mcampanel,-3.75,33.43,0,0,0,"cwhite1,mcampanel,eholmgren,ndigiorgi,crawlins,dsuvorov,esarles",True,2026-05-02-TOR-PHI,3,6,1,10,112,3,1,True,True,113,home,87,1777764362.0,18,False,"amuraoka,rjamieson,lcomire,nhsieh,orobinson,ebembenis,hnorris",88,452,f9d0d7f1d6fdc269fc87e08496c89758fe0bdddf54c95448dde189b54dcb4c8e,1777764362.0,False,113,112.0,18.5115774584448,-15.52,-10.09,123.029057743478,6a01868efc77cb74f62787eb1baffb33ea5e7eefc6756352d3b8b24fdcf825fe,0.980256517233513,0.0197434827664871,0.604282493641013,0.668494916887894,0.637088084777232,0.867158263986723,2272.0,-3,0.157,-0.0314068321106625,-0.0793667998154493,452,440a7af09766211969c6c843e39caaa5361c07c2,2026-07-21 08:07:47,2026-06-06 14:01:41,phoenix,rush,17,24,Final,2026-05-02 19:00:00
2026-05-02-TOR-PHI,mcampanel,-3.75,33.43,eholmgren,2.29,29.24,0,0,0,"cwhite1,mcampanel,eholmgren,ndigiorgi,crawlins,dsuvorov,esarles",True,2026-05-02-TOR-PHI,3,6,1,10,112,3,2,True,True,114,home,88,1777764367.0,18,False,"amuraoka,rjamieson,lcomire,nhsieh,orobinson,ebembenis,hnorris",89,453,110bffec5243d397ca5f8c03258263c159bfb6c4d400e3c0007d5d7bd5ec41d0,1777764367.0,False,114,107.722222222222,7.35103394088206,6.04,-4.19,-124.749378205283,6dfb7eae56b79f70a3356c09bafa9f6ccd087598a7eb98af585d19fee5be9627,0.992222268773535,0.00777773122646519,0.604282493641013,0.632731307604509,0.619714674356526,0.88323730840644,2267.72222222222,-3,0.155,-0.0130166332479832,-0.0328937513221231,453,b7a942c20201fb816fa9a5ead6d8225338fdcb63,2026-07-21 08:07:47,2026-06-06 14:01:41,phoenix,rush,17,24,Final,2026-05-02 19:00:00
2026-05-02-TOR-PHI,eholmgren,2.29,29.24,ndigiorgi,-15.83,38.44,0,0,0,"cwhite1,mcampanel,eholmgren,ndigiorgi,crawlins,dsuvorov,esarles",True,2026-05-02-TOR-PHI,3,6,1,10,112,3,3,True,True,115,home,89,1777764371.0,18,False,"amuraoka,rjamieson,lcomire,nhsieh,orobinson,ebembenis,hnorris",90,454,65e2c77aee1dda97199ecc26f60b3831cf0bbd1971fff9d59cba8e30158bab82,1777764371.0,False,115,103.444444444444,20.3217715763169,-18.12,9.2,63.0818983119133,dc2c4184419f43ad511eff458206824aafc9d9af3115a7c14f40238fbdcbc0f4,0.971045991734573,0.0289540082654268,0.604282493641013,0.614858427877666,0.634038611718044,0.831460079428944,2263.44444444444,-3,0.157,0.0191801838403783,0.048469384174726,454,1e1564fbacf622052946a7481d819ae3ef47ed7b,2026-07-21 08:07:47,2026-06-06 14:01:41,phoenix,rush,17,24,Final,2026-05-02 19:00:00
2026-05-02-TOR-PHI,ndigiorgi,-15.83,38.44,mcampanel,-11.02,30.48,0,0,0,"cwhite1,mcampanel,eholmgren,ndigiorgi,crawlins,dsuvorov,esarles",True,2026-05-02-TOR-PHI,3,6,1,10,112,3,4,True,True,116,home,90,1777764377.0,18,False,"amuraoka,rjamieson,lcomire,nhsieh,orobinson,ebembenis,hnorris",91,455,7d174df09d26269763761cea3a8187a4f5d087bbba6092b08f91a1734c57dd91,1777764377.0,False,116,99.1666666666667,9.30041396928115,4.81,-7.96,-148.856633462179,1f6953e5c9ccfe57923fe36b78ff30f3eef69d94c7aa44c6c992cb80a5d15dc3,0.989231762216178,0.0107682377838216,0.604282493641013,0.628823301076454,0.610091735838734,0.871501085797379,2259.16666666667,-3,0.155,-0.0187315652377206,-0.0473357001818557,455,0103a60f777d174c753956d8754ca268a6c17f28,2026-07-21 08:07:47,2026-06-06 14:01:41,phoenix,rush,17,24,Final,2026-05-02 19:00:00
2026-05-02-TOR-PHI,mcampanel,-11.02,30.48,dsuvorov,-0.18,42.08,0,0,0,"cwhite1,mcampanel,eholmgren,ndigiorgi,crawlins,dsuvorov,esarles",True,2026-05-02-TOR-PHI,3,6,1,10,112,3,5,True,True,117,home,91,1777764382.0,18,False,"amuraoka,rjamieson,lcomire,nhsieh,orobinson,ebembenis,hnorris",92,456,8568560fd523c1d39b5bc1bba2bf8809d9f2b3991174a439630b3d6c0ab79838,1777764382.0,False,117,94.8888888888889,15.8765739377235,10.84,11.6,-43.0602426666194,657438f8d0cd4931bf1f054b642e29276fa28035d7db43ee0157949475500d76,0.972973347728108,0.0270266522718916,0.604282493641013,0.604282493641013,0.648236639681421,0.815006345956875,2254.88888888889,-3,0.158,0.0439541460404078,0.111074555292819,456,73503e45b7d4315785e3d86819bebfbf34b21410,2026-07-21 08:07:47,2026-06-06 14:01:41,phoenix,rush,17,24,Final,2026-05-02 19:00:00
2026-05-02-TOR-PHI,dsuvorov,-0.18,42.08,eholmgren,9.43,41.18,0,0,0,"cwhite1,mcampanel,eholmgren,ndigiorgi,crawlins,dsuvorov,esarles",True,2026-05-02-TOR-PHI,3,6,1,10,112,3,6,True,True,118,home,92,1777764384.0,18,False,"amuraoka,rjamieson,lcomire,nhsieh,orobinson,ebembenis,hnorris",93,457,a329d999a6f433e75a8ac5b240efd2fb649c82a27486b18ef6288a110c65fe1f,1777764384.0,False,118,90.6111111111111,9.65205159538634,9.61,-0.899999999999999,-95.3502842222117,50f41e8cd18339b0957dead680728e90d53ba829f546ec8b90f0dff7a9cf33a0,0.987944607884814,0.0120553921151864,0.604282493641013,0.642194298933686,0.636425313861508,0.814222304630801,2250.61111111111,-3,0.157,-0.00576898507217793,-0.0145785439852247,457,38db64c01c476f1f183f60cc6521ddb2a19c5d5d,2026-07-21 08:07:47,2026-06-06 14:01:41,phoenix,rush,17,24,Final,2026-05-02 19:00:00
2026-05-02-TOR-PHI,eholmgren,9.43,41.18,dsuvorov,16.71,46.81,0,0,0,"cwhite1,mcampanel,eholmgren,ndigiorgi,crawlins,dsuvorov,esarles",True,2026-05-02-TOR-PHI,3,6,1,10,112,3,7,True,True,119,home,93,1777764388.0,18,False,"amuraoka,rjamieson,lcomire,nhsieh,orobinson,ebembenis,hnorris",94,458,3cab941d9cf079e35031bac4116e2a800377ee02d7cf8712a2d925a696e7accb,1777764388.0,False,119,86.3333333333333,9.20300494403866,7.28,5.63,-52.2833669993694,8f19af07ba9b4eea5e1c29a1707fef34382e406f7917e9ba6823e605fd4313af,0.98743175169779,0.0125682483022104,0.604282493641013,0.629798687387944,0.638734348415758,0.771640992646109,2246.33333333333,-3,0.157,0.00893566102781418,0.0225809090682683,458,28486b7f1695bed463495f5441b583836b4cb932,2026-07-21 08:07:47,2026-06-06 14:01:41,phoenix,rush,17,24,Final,2026-05-02 19:00:00
2026-05-02-TOR-PHI,dsuvorov,16.71,46.81,cwhite1,18.01,65.14,0,0,0,"cwhite1,mcampanel,eholmgren,ndigiorgi,crawlins,dsuvorov,esarles",True,2026-05-02-TOR-PHI,3,6,1,10,112,3,8,True,True,120,home,94,1777764393.0,18,False,"amuraoka,rjamieson,lcomire,nhsieh,orobinson,ebembenis,hnorris",95,459,94153ad06a2dbc41e6444a32ff6a8dfbcff8770a6b4f9f0eb5a23a5d8634a5c2,1777764393.0,False,120,82.0555555555556,18.3760414670843,1.3,18.33,-4.05673786129488,e70a1eed31778deab5dac462cb22a40d12a14d19b396974e7ffea2a3f7417d8f,0.958956143321326,0.0410438566786739,0.604282493641013,0.631607750129875,0.716432305540353,0.666493544711774,2242.05555555556,-3,0.164,0.0848245554104783,0.214356337658529,459,7dbf8c549b8786e1a1465f8bbbd3b70dc00b1c88,2026-07-21 08:07:47,2026-06-06 14:01:41,phoenix,rush,17,24,Final,2026-05-02 19:00:00
2026-05-02-TOR-PHI,cwhite1,18.01,65.14,eholmgren,7.65,56.56,0,0,0,"cwhite1,mcampanel,eholmgren,ndigiorgi,crawlins,dsuvorov,esarles",True,2026-05-02-TOR-PHI,3,6,1,10,112,3,9,True,True,121,home,95,1777764399.0,18,False,"amuraoka,rjamieson,lcomire,nhsieh,orobinson,ebembenis,hnorris",96,460,e9393f0ef75854ad2714b25225b22c074e7d4a961f94518cb91d8b8dd33e1d4d,1777764399.0,False,121,77.7777777777778,13.451617003171,-10.36,-8.58,129.631055646374,0fb153fb6f23f8d67ab2225d6d5551477b0c36517702bcf4e2300d2c5a1816a1,0.978672148141523,0.0213278518584771,0.604282493641013,0.709665360975304,0.683534381560436,0.71821144626653,2237.77777777778,-3,0.161,-0.0261309794148687,-0.066034428588467,460,aaeb1a94b704f4d80d64db791bb46630f7a67eb0,2026-07-21 08:07:47,2026-06-06 14:01:41,phoenix,rush,17,24,Final,2026-05-02 19:00:00
2026-05-02-TOR-PHI,eholmgren,7.65,56.56,mcampanel,-0.73,62.47,0,0,0,"cwhite1,mcampanel,eholmgren,ndigiorgi,crawlins,dsuvorov,esarles",True,2026-05-02-TOR-PHI,3,6,1,10,112,3,10,True,True,122,home,96,1777764403.0,18,False,"amuraoka,rjamieson,lcomire,nhsieh,orobinson,ebembenis,hnorris",97,461,293cc310be2413437acfa1a193b3f87462dae063bf7740a8cb424f91ae85beb9,1777764403.0,False,122,73.5,10.254389304098,-8.38,5.91,54.8065734009627,e928bbc94e0680ca51ebb690bfd2020a16e999cc886cc7249c9c65be4478c9b6,0.981804962851153,0.0181950371488466,0.604282493641013,0.675808869815752,0.706929474885293,0.68179494243149,2233.5,-3,0.163,0.0311206050695412,0.0786434882699104,461,a31b0e9d54387e507a62cdd1c2f3e1cd6a03e526,2026-07-21 08:07:47,2026-06-06 14:01:41,phoenix,rush,17,24,Final,2026-05-02 19:00:00
2026-05-02-TOR-PHI,mcampanel,-0.73,62.47,crawlins,9.16,66.04,0,0,0,"cwhite1,mcampanel,eholmgren,ndigiorgi,crawlins,dsuvorov,esarles",True,2026-05-02-TOR-PHI,3,6,1,10,112,3,11,True,True,123,home,97,1777764407.0,18,False,"amuraoka,rjamieson,lcomire,nhsieh,orobinson,ebembenis,hnorris",98,462,6d1e4542baba5d0eba85ddf0093acc05ba4813c8e05d888e7dd5224c300aaf9a,1777764407.0,False,123,69.2222222222222,10.514608884785,9.89,3.57000000000001,-70.1519040030504,9b1b419f6813cde0b61b9f0524e9374a6622ed6a0fc8e42052441eebfb5ab2fc,0.981219500020759,0.018780499979241,0.604282493641013,0.698997278599846,0.716302669970285,0.654072273994241,2229.22222222222,-3,0.164,0.0173053913704392,0.0437316800301983,462,b798b8e2f10ac9eb7cb65cabeccf9b47ccbfe22d,2026-07-21 08:07:47,2026-06-06 14:01:41,phoenix,rush,17,24,Final,2026-05-02 19:00:00
2026-05-02-TOR-PHI,crawlins,9.16,66.04,cwhite1,22.06,75.99,0,0,0,"cwhite1,mcampanel,eholmgren,ndigiorgi,crawlins,dsuvorov,esarles",True,2026-05-02-TOR-PHI,3,6,1,10,112,3,12,True,True,124,home,98,1777764409.0,18,False,"amuraoka,rjamieson,lcomire,nhsieh,orobinson,ebembenis,hnorris",99,463,f489629f77e667ecde6dd8514ca6131ce0a4b5a031e04d18e2b3f3e9558b611c,1777764409.0,False,124,64.9444444444444,16.2914855062391,12.9,9.94999999999999,-52.3563574047039,0a228307456cd7dfd8ee761e8389d5c4e9f27b6c7e8112cb7e21e55b46532875,0.967672311554705,0.0323276884452949,0.604282493641013,0.707982777580391,0.732279659101467,0.559117526381392,2224.94444444444,-3,0.166,0.024296881521076,0.0613995618860348,463,f5b54cef5d63995cbb03415eb44998ac12f34780,2026-07-21 08:07:47,2026-06-06 14:01:41,phoenix,rush,17,24,Final,2026-05-02 19:00:00
2026-05-02-TOR-PHI,cwhite1,22.06,75.99,mcampanel,14.17,83.34,0,0,0,"cwhite1,mcampanel,eholmgren,ndigiorgi,crawlins,dsuvorov,esarles",True,2026-05-02-TOR-PHI,3,6,1,10,112,3,13,True,True,125,home,99,1777764411.0,18,False,"amuraoka,rjamieson,lcomire,nhsieh,orobinson,ebembenis,hnorris",100,464,e6fa7d4eb6cf2ebec690733b219dd9db93dafd17f61a0ae0fae301de5553e022,1777764411.0,False,125,60.6666666666667,10.783070063762,-7.89,7.35000000000001,47.0293164293431,410dfd1bbccffde13424d99b8fbfdadf4fa55e13211ac7d9a2b36c022638fdb5,0.96853137466494,0.0314686253350596,0.604282493641013,0.723710227378288,0.795017823472477,0.553644509319347,2220.66666666667,-3,0.174,0.0713075960941891,0.180198234721262,464,c011be9cbe65a4def6e175d4f1e695d15e94bfd5,2026-07-21 08:07:47,2026-06-06 14:01:41,phoenix,rush,17,24,Final,2026-05-02 19:00:00
2026-05-02-TOR-PHI,mcampanel,14.17,83.34,eholmgren,3.74,83.2,0,0,0,"cwhite1,mcampanel,eholmgren,ndigiorgi,crawlins,dsuvorov,esarles",True,2026-05-02-TOR-PHI,3,6,1,10,112,3,14,True,True,126,home,100,1777764417.0,18,False,"amuraoka,rjamieson,lcomire,nhsieh,orobinson,ebembenis,hnorris",101,465,265e4b946a79d0b37abc394dce2571f84169e08e8815764a3b684c16d84e95af,1777764417.0,False,126,56.3888888888889,10.430939554997,-10.43,-0.140000000000001,90.769024682578,139b899e240f4429b6ae50272e019426b46d6b877ab6eab2830b725bc762d20f,0.974383626111779,0.0256163738882207,0.604282493641013,0.787409216742033,0.792895038621897,0.550734284722311,2216.38888888889,-3,0.174,0.00548582187986346,0.0138629749548832,465,903e6dddcd2820751fd5399f24d106772216146d,2026-07-21 08:07:47,2026-06-06 14:01:41,phoenix,rush,17,24,Final,2026-05-02 19:00:00
2026-05-02-TOR-PHI,eholmgren,3.74,83.2,cwhite1,16.09,82.03,0,0,0,"cwhite1,mcampanel,eholmgren,ndigiorgi,crawlins,dsuvorov,esarles",True,2026-05-02-TOR-PHI,3,6,1,10,112,3,15,True,True,127,home,101,1777764424.0,18,False,"amuraoka,rjamieson,lcomire,nhsieh,orobinson,ebembenis,hnorris",102,466,184d75712822301f9e9306f18db2cb7220c07aefa0257adcac1c079f38848f59,1777764424.0,False,127,52.1111111111111,12.4052972556082,12.35,-1.17,-95.411869152317,9d0d72ad8ed963e71347a359a52ccc0d2f6dd41eff638dd311ff36b39064aaa2,0.977077010765665,0.0229229892343351,0.604282493641013,0.784743360944969,0.766979338732512,0.530330530621372,2212.11111111111,-3,0.17,-0.0177640222124567,-0.0448906655050572,466,99f6b5fee9c746b201c4334b6396fa1d4c8768a1,2026-07-21 08:07:47,2026-06-06 14:01:41,phoenix,rush,17,24,Final,2026-05-02 19:00:00
2026-05-02-TOR-PHI,cwhite1,16.09,82.03,eholmgren,-10.27,84.85,0,0,0,"cwhite1,mcampanel,eholmgren,ndigiorgi,crawlins,dsuvorov,esarles",True,2026-05-02-TOR-PHI,3,6,1,10,112,3,16,True,True,128,home,102,1777764427.0,18,False,"amuraoka,rjamieson,lcomire,nhsieh,orobinson,ebembenis,hnorris",103,467,02dc28a18765a97c9d2e66e00855b96e20ee37a7883d3d271d422e2754974931,1777764427.0,False,128,47.8333333333333,26.5104130484608,-26.36,2.81999999999999,83.8937062462931,a25098d5f28c3891a3d4a4004426d8d318f4d48f6fa02b8c332b419e719bc539,0.908322738443031,0.0916772615569688,0.604282493641013,0.757573776256025,0.784451230540115,0.516603480682599,2207.83333333333,-3,0.172,0.0268774542840896,0.0679208118220247,467,6f743aaf864cd88733e0d4ef1f99c622900c2f8e,2026-07-21 08:07:47,2026-06-06 14:01:41,phoenix,rush,17,24,Final,2026-05-02 19:00:00
2026-05-02-TOR-PHI,eholmgren,-10.27,84.85,crawlins,-2.92,93.56,0,0,0,"cwhite1,mcampanel,eholmgren,ndigiorgi,crawlins,dsuvorov,esarles",True,2026-05-02-TOR-PHI,3,6,1,10,112,3,17,True,True,129,home,103,1777764432.0,18,False,"amuraoka,rjamieson,lcomire,nhsieh,orobinson,ebembenis,hnorris",104,468,6b89567f4f8c33087b19110eb79fdd4a7e4d656178f9012e821ab81389d47a13,1777764432.0,False,129,43.5555555555556,11.3967802470698,7.35,8.71000000000001,-40.1596018492484,7556d0b5b2f717658d4f4d3922669d18966272de539894413a48e13cfc1b7a50,0.967834284185241,0.0321657158147591,0.604282493641013,0.775010891236749,0.8312895928093,0.476921959740868,2203.55555555556,-3,0.179,0.0562787015725501,0.142219387993149,468,ecd7eb59d87d30bf5a8c88e8e1cc83d79445bb6c,2026-07-21 08:07:47,2026-06-06 14:01:41,phoenix,rush,17,24,Final,2026-05-02 19:00:00
2026-05-02-TOR-PHI,crawlins,-2.92,93.56,esarles,-0.04,110.45,0,0,0,"cwhite1,mcampanel,eholmgren,ndigiorgi,crawlins,dsuvorov,esarles",True,2026-05-02-TOR-PHI,4,6,1,10,112,3,18,True,True,130,home,104,1777764438.0,19,False,"amuraoka,rjamieson,lcomire,nhsieh,orobinson,ebembenis,hnorris",105,469,7ad1976691dae0f81f521e2b9bb3d7e54305ea2a995c52af04a7c5a33c56108a,1777764438.0,False,130,39.2777777777778,17.133782419536,2.88,16.89,-9.67672683006434,eb54e43cc560bf5a8e51fac340becbe03e44687b3ae6bd78cb046df1d43d6ee8,0.939732189640045,0.0602678103599551,0.604282493641013,0.822979612849778,1.0,0.44434611300119,2199.27777777778,-3,0.192,0.177020387150222,0.447340297827594,469,e31193145c3776fbf90cf8f814a2e20be6aa46bb,2026-07-21 08:07:47,2026-06-06 14:01:41,phoenix,rush,17,24,Final,2026-05-02 19:00:00
2026-05-02-TOR-PHI,sdillon,11.84,30.0,mgallant,9.23,50.32,0,0,0,"sdillon,gchatha,rpoloz,mgallant,pturner,asehgal,ebembenis",False,2026-05-02-TOR-PHI,4,6,1,11,35,1,1,True,True,131,away,84,,18,False,"czaleski,mhanna,idietrich,jbray,bpastor,jwisner,jthornton",85,88,f8cd494888c5769ccac4799b6a2aea75483710e7b45d9a86b5f31acd9c6cfced,1777763123.0,True,131,35.0,20.4869348610279,-2.61,20.32,7.31927386288962,0d8f4293290641fc16f3bf9ca60d9e9cd9e417e496a51c0e5c381a677e5dcf39,0.947795847984489,0.0522041520155114,0.45331663685212,0.45331663685212,0.538780792955075,0.650861841787365,2195.0,-2,0.207,0.0854641561029551,0.15633209617143,88,a773f037c09f179fce901dfbbfd09e1741ebfa8d,2026-07-21 08:07:47,2026-06-06 14:01:41,phoenix,rush,17,24,Final,2026-05-02 19:00:00
2026-05-02-TOR-PHI,mgallant,9.23,50.32,gchatha,13.41,89.45,0,0,0,"sdillon,gchatha,rpoloz,mgallant,pturner,asehgal,ebembenis",False,2026-05-02-TOR-PHI,4,6,1,11,35,1,2,True,True,132,away,85,,18,False,"czaleski,mhanna,idietrich,jbray,bpastor,jwisner,jthornton",86,89,36772b1dc3385b7ed2708106072b498717fb71e5919f85880c77b4d201eb6fe8,1777763124.0,True,132,30.625,39.3526276123971,4.18,39.13,-6.09740765933635,cd315dbd6f338fe790bb87da8dde2fa325ce9801e33f852a74807687dbd62e33,0.777717978970792,0.222282021029208,0.45331663685212,0.522286733874603,0.769875062945054,0.437136907763783,2190.625,-2,0.18,0.247588329070452,0.452891647634571,89,0558c605e6b5fe6d18bac7164da1114bd67ca03b,2026-07-21 08:07:47,2026-06-06 14:01:41,phoenix,rush,17,24,Final,2026-05-02 19:00:00
2026-05-02-TOR-PHI,gchatha,13.41,89.45,ebembenis,5.66,83.4,0,0,0,"sdillon,gchatha,rpoloz,mgallant,pturner,asehgal,ebembenis",False,2026-05-02-TOR-PHI,4,6,1,11,35,1,3,True,True,133,away,86,,18,False,"czaleski,mhanna,idietrich,jbray,bpastor,jwisner,jthornton",87,90,3b10d4565bd208f7b04871e9bfc08fa8e023ff6b26ce62c68d23304f662bbad7,1777763125.0,True,133,26.25,9.83183604419846,-7.75,-6.05,127.977206164427,26ff5d4600b0946c5201fbd4128030aad93fe4c4f0b2e867ace8230a8889ca81,0.975884617488071,0.0241153825119291,0.45331663685212,0.757272086145372,0.71844163175146,0.447146785810598,2186.25,-2,0.187,-0.038830454393912,-0.0710291496165545,90,0fffdb7c8ea7e6fd7d614213bd877d491b9b8d4f,2026-07-21 08:07:47,2026-06-06 14:01:41,phoenix,rush,17,24,Final,2026-05-02 19:00:00
2026-05-02-TOR-PHI,ebembenis,5.66,83.4,mgallant,3.67,72.76,0,0,0,"sdillon,gchatha,rpoloz,mgallant,pturner,asehgal,ebembenis",False,2026-05-02-TOR-PHI,4,6,1,11,35,1,4,True,True,134,away,87,,18,False,"czaleski,mhanna,idietrich,jbray,bpastor,jwisner,jthornton",88,91,92e71d27b4e72426e1fe72a784728d82a4baf76e946bcad8c855ba6b0fc07524,1777763126.0,True,134,21.875,10.8244953693001,-1.99,-10.64,169.40635722056,6b5dcde3fbe27b247385a3c7709d61c160a99ed97b637a4b32466faa2b8d7150,0.981858567118793,0.0181414328812072,0.45331663685212,0.703334162786602,0.625108373049888,0.473679227322599,2181.875,-2,0.198,-0.0782257897367135,-0.143091586483039,91,a5b039aa01ea27283c55c3cf86215714949e6b06,2026-07-21 08:07:47,2026-06-06 14:01:41,phoenix,rush,17,24,Final,2026-05-02 19:00:00
2026-05-02-TOR-PHI,mgallant,3.67,72.76,gchatha,-4.78,74.48,0,0,0,"sdillon,gchatha,rpoloz,mgallant,pturner,asehgal,ebembenis",False,2026-05-02-TOR-PHI,4,6,1,11,35,1,5,True,True,135,away,88,,18,False,"czaleski,mhanna,idietrich,jbray,bpastor,jwisner,jthornton",89,92,354aafcaf1ad772163908c0e5fdb55b94a132b922fad5cbed07e4b6f84e73cad,1777763127.0,True,135,17.5,8.62327663942193,-8.45,1.72,78.4946084951075,ff424682320024f8df3117d56477448ffe618d18bc37ab12fc774af45b51c68a,0.982889638012665,0.0171103619873347,0.45331663685212,0.606822464789363,0.619139732564466,0.446476403274807,2177.5,-2,0.199,0.0123172677751034,0.0225308992470136,92,517163a5ab184de3172eb4220886625a05f250f5,2026-07-21 08:07:47,2026-06-06 14:01:41,phoenix,rush,17,24,Final,2026-05-02 19:00:00
2026-05-02-TOR-PHI,gchatha,-4.78,74.48,rpoloz,-10.95,74.82,0,0,0,"sdillon,gchatha,rpoloz,mgallant,pturner,asehgal,ebembenis",False,2026-05-02-TOR-PHI,4,6,1,11,35,1,6,True,True,136,away,89,,18,False,"czaleski,mhanna,idietrich,jbray,bpastor,jwisner,jthornton",90,93,127a1f3c0b252fb910d43d71193345625375da8366547565d7fe442cc09fb965,1777763128.0,True,136,13.125,6.17936080836845,-6.17,0.339999999999989,86.8458861169696,c00d7ad13b7ddea05af65c5ae0bbee187c7ae1f108df66eeb6f32d3681eda783,0.985397683806117,0.0146023161938834,0.45331663685212,0.599814398084818,0.599494923917353,0.421507396620652,2173.125,-2,0.201,-0.000319474167464806,-0.000584386116353036,93,8e63b44bf2529cd32e50177c78002f974184f473,2026-07-21 08:07:47,2026-06-06 14:01:41,phoenix,rush,17,24,Final,2026-05-02 19:00:00
2026-05-02-TOR-PHI,rpoloz,-10.95,74.82,gchatha,6.48,78.87,0,0,0,"sdillon,gchatha,rpoloz,mgallant,pturner,asehgal,ebembenis",False,2026-05-02-TOR-PHI,4,6,1,11,35,1,7,True,True,137,away,90,,18,False,"czaleski,mhanna,idietrich,jbray,bpastor,jwisner,jthornton",91,94,83b421160ae1706a13d8a4a01c016ba5bf5b8331764d0d387f5255580c603e09,1777763129.0,True,137,8.75,17.8943398872381,17.43,4.05000000000001,-76.9189860187095,0fd47c089a9fb1b561910055c3136ed4b4d61c4941621dcd17c99f715f906d95,0.957125502933048,0.0428744970669522,0.45331663685212,0.578876101510748,0.613058153953032,0.387261934768232,2168.75,-2,0.199,0.034182052442284,0.0625262350137362,94,c7b7d78791815232fdd74585099126ceb077842d,2026-07-21 08:07:47,2026-06-06 14:01:41,phoenix,rush,17,24,Final,2026-05-02 19:00:00
2026-05-02-TOR-PHI,gchatha,6.48,78.87,ebembenis,-23.99,103.04,0,0,0,"sdillon,gchatha,rpoloz,mgallant,pturner,asehgal,ebembenis",False,2026-05-02-TOR-PHI,4,7,1,11,35,1,8,True,True,138,away,91,,19,False,"czaleski,mhanna,idietrich,jbray,bpastor,jwisner,jthornton",92,95,44f35c387a5e9d7c7895dfbcf6a183dfbd52278f9bc435b60f1f7f9c84579141,1777763130.0,True,138,4.375,38.8922845819065,-30.47,24.17,51.5771684811741,b54f08ecac4c7738e2bf4568f1f7dd9588002c490e07d1936b0a8cb6635e09e4,0.762759156352152,0.237240843647848,0.45331663685212,0.591674769293459,1.0,0.256348856255164,2164.375,-2,0.182,0.408325230706541,0.746913585142498,95,63f7bded0764992bcd60aa1ba68049a1b638794d,2026-07-21 08:07:47,2026-06-06 14:01:41,phoenix,rush,17,24,Final,2026-05-02 19:00:00
2026-05-02-TOR-PHI,tnye,7.65,17.91,jkeller,-1.34,22.86,0,0,0,"eholmgren,tnye,ndigiorgi,cwhite1,jkeller,crawlins,mcampanel",True,2026-05-02-TOR-PHI,4,7,2,1,720,1,1,True,True,139,home,111,1777764820.0,18,False,"nnishizak,ezhuang,lkeillor,dpetsinis,hnorris,nho,mayad",112,476,dac40689effff872293e26789cc6f9d054cac8cbd074518a3a2e5f4f6e805c68,1777764820.0,False,139,720.0,10.2626799618813,-8.99,4.95,61.1623010903965,30e818a5af5aa8207555f9d5cf67575f20e0a075f124854d3c83d74a7c98c8db,0.988821792224366,0.0111782077756336,0.689538739227143,0.689538739227143,0.701979354494069,0.939538318250824,2160.0,-3,0.163,0.012440615266926,0.0400713932422889,476,c05f02d5f0604d2631b3072625b835174068adcf,2026-07-21 08:07:47,2026-06-16 08:07:02,phoenix,rush,17,24,Final,2026-05-02 19:00:00
2026-05-02-TOR-PHI,jkeller,-1.34,22.86,eholmgren,-5.87,33.22,0,0,0,"eholmgren,tnye,ndigiorgi,cwhite1,jkeller,crawlins,mcampanel",True,2026-05-02-TOR-PHI,4,7,2,1,720,1,2,True,True,140,home,112,1777764823.0,18,False,"nnishizak,ezhuang,lkeillor,dpetsinis,hnorris,nho,mayad",113,477,ee36e4446ff2229383ca70dee6c4c4d5d059dcef29bf032a70f83fa5f38f928b,1777764823.0,False,140,714.8,11.3070995396698,-4.53,10.36,23.6177717593742,b23be8b3c7b4cfa80d7d0508d273064e96fcfdf3937425b6ce43dbb526d8b2b6,0.984585433936957,0.0154145660630431,0.689538739227143,0.695024393714623,0.721487708464379,0.906868967406754,2154.8,-3,0.165,0.0264633147497555,0.0852387015496818,477,eab4a371e501d6139a3f2dd0310ae04a1313e143,2026-07-21 08:07:47,2026-06-16 08:07:02,phoenix,rush,17,24,Final,2026-05-02 19:00:00
2026-05-02-TOR-PHI,eholmgren,-5.87,33.22,crawlins,-19.19,40.36,0,0,0,"eholmgren,tnye,ndigiorgi,cwhite1,jkeller,crawlins,mcampanel",True,2026-05-02-TOR-PHI,4,7,2,1,720,1,3,True,True,141,home,113,1777764825.0,18,False,"nnishizak,ezhuang,lkeillor,dpetsinis,hnorris,nho,mayad",114,478,bc5ca453895e69d601c59a44b8cf068a4660d65c07506e9b9dff7ebc4f371e97,1777764825.0,False,141,709.6,15.1129745583059,-13.32,7.14,61.8070877357302,69295b13107537265cf77d58612711a181491f29aaf1250f4a4a46e11637afe4,0.983552515738947,0.0164474842610535,0.689538739227143,0.715290687329167,0.717500913428251,0.867200982303074,2149.6,-3,0.164,0.00221022609908317,0.00711916872843029,478,08690df8eaf31738b6565268960a4a8409ccce3c,2026-07-21 08:07:47,2026-06-16 08:07:02,phoenix,rush,17,24,Final,2026-05-02 19:00:00
2026-05-02-TOR-PHI,crawlins,-19.19,40.36,cwhite1,-18.23,61.3,0,0,0,"eholmgren,tnye,ndigiorgi,cwhite1,jkeller,crawlins,mcampanel",True,2026-05-02-TOR-PHI,4,7,2,1,720,1,4,True,True,142,home,114,1777764829.0,18,False,"nnishizak,ezhuang,lkeillor,dpetsinis,hnorris,nho,mayad",115,479,540e557dc73508963fdf7f8b9811cfac5d8f41777a472553223032df541d576f,1777764829.0,False,142,704.4,20.9619941799439,0.960000000000001,20.94,-2.62490264048114,a2a6a0b967a1906658a7207c7fd1cad8756229f98b1ffd3494356f47332265a9,0.946684228108992,0.0533157718910079,0.689538739227143,0.711725460556755,0.793196610677787,0.780604834336231,2144.4,-3,0.173,0.0814711501210317,0.262419697447014,479,2276b998b018fa3b008726ee458cff09740700ab,2026-07-21 08:07:47,2026-06-16 08:07:02,phoenix,rush,17,24,Final,2026-05-02 19:00:00
2026-05-02-TOR-PHI,cwhite1,-18.23,61.3,mcampanel,0.51,112.79,0,0,0,"eholmgren,tnye,ndigiorgi,cwhite1,jkeller,crawlins,mcampanel",True,2026-05-02-TOR-PHI,5,7,2,1,720,1,5,True,True,143,home,115,1777764845.0,19,False,"nnishizak,ezhuang,lkeillor,dpetsinis,hnorris,nho,mayad",116,480,6f267b39dafd482ef7a4e07df9e477a69e4977c3afa724b597463e475555b5c2,1777764845.0,False,143,699.2,54.7942305357051,18.74,51.49,-19.9991870396229,99aeaacac45a00a55affdc17c2e656134bbe2c10eef5f903701b290bbd4fb6c3,0.626850183511023,0.373149816488977,0.689538739227143,0.788884607870507,1.0,0.669802338683254,2139.2,-3,0.204,0.211115392129493,0.680005587827433,480,63f4d5e49551fec06f23d973a656cf5f3191d951,2026-07-21 08:07:47,2026-06-16 08:07:02,phoenix,rush,17,24,Final,2026-05-02 19:00:00
2026-05-02-TOR-PHI,asehgal,14.72,15.85,rpoloz,0.24,23.4,0,0,0,"sdillon,gchatha,rpoloz,kmallany,mgallant,pturner,asehgal",False,2026-05-02-TOR-PHI,5,7,2,2,694,1,1,True,True,144,away,99,,18,False,"mhanna,jbray,jwisner,swhitcomb,bpastor,messer,jthornton",100,103,2860783c7505aaff278894f71603d2a5d92f71c398b4f9ad1b2196122fedc5f2,1777763138.0,True,144,694.0,16.330122473515,-14.48,7.55,62.4620655255502,386e89ed8268e90d44a2442caa015ec28b9115a70cafcd15d5e260dd729cadfe,0.978548159620762,0.0214518403792382,0.644690682380433,0.644690682380433,0.672851056950531,0.929380911045295,2134.0,-2,0.192,0.0281603745700976,0.0792559417207549,103,2ce266a1abc23c89e179f9693ff92125833c4f96,2026-07-21 08:07:47,2026-06-06 14:01:41,phoenix,rush,17,24,Final,2026-05-02 19:00:00
2026-05-02-TOR-PHI,rpoloz,0.24,23.4,gchatha,23.57,37.82,0,0,0,"sdillon,gchatha,rpoloz,kmallany,mgallant,pturner,asehgal",False,2026-05-02-TOR-PHI,5,7,2,2,694,1,2,True,True,145,away,100,,18,False,"mhanna,jbray,jwisner,swhitcomb,bpastor,messer,jthornton",101,104,458d6db63d4a0f553c1af7caf843eb7d24a7b5e769a780b5abc881cf5937406c,1777763139.0,True,145,687.8125,27.4267260167888,23.33,14.42,-58.2802739889849,9802f30ac90b6672610209d5e1bf6e27ce635fe2822ef03cd19d62c6e95b1e76,0.935915747586081,0.0640842524139194,0.644690682380433,0.667149475617869,0.659989410460077,0.851331496729726,2127.8125,-2,0.194,-0.00716006515779177,-0.0201516391570066,104,e1e6db2157713db9329988c1614eca8fbcba0a66,2026-07-21 08:07:47,2026-06-06 14:01:41,phoenix,rush,17,24,Final,2026-05-02 19:00:00
2026-05-02-TOR-PHI,gchatha,23.57,37.82,mgallant,19.8,56.29,0,0,0,"sdillon,gchatha,rpoloz,kmallany,mgallant,pturner,asehgal",False,2026-05-02-TOR-PHI,5,7,2,2,694,1,3,True,True,146,away,101,,18,False,"mhanna,jbray,jwisner,swhitcomb,bpastor,messer,jthornton",102,105,02482b5e7c4ed7501380821c21cff8de41e848be748e873a9240ea4abbe97d76,1777763140.0,True,146,681.625,18.8508302204439,-3.77,18.47,11.5364439470424,97f2ee89fecba08686e97e5a1c9b4cb0f951cc0b00fcbe57bb7062fe3ccc8fb5,0.956311980338859,0.0436880196611407,0.644690682380433,0.65481161985158,0.747276468026807,0.781700852290261,2121.625,-2,0.183,0.0924648481752266,0.260237611540009,105,bf53b004d116fc1a99477773f406242582dcba50,2026-07-21 08:07:47,2026-06-06 14:01:41,phoenix,rush,17,24,Final,2026-05-02 19:00:00
2026-05-02-TOR-PHI,mgallant,19.8,56.29,rpoloz,21.24,62.67,0,0,0,"sdillon,gchatha,rpoloz,kmallany,mgallant,pturner,asehgal",False,2026-05-02-TOR-PHI,5,7,2,2,694,1,4,True,True,147,away,102,,18,False,"mhanna,jbray,jwisner,swhitcomb,bpastor,messer,jthornton",103,106,89131f16cd52623056bbade2e5a3b0fc924b0fbdb73bc8784e3f90b56ae305db,1777763141.0,True,147,675.4375,6.54048927833385,1.44,6.38,-12.7188427652514,d22f51d7fe591b5a64d0fb38146c32ec1f2a50e43a20f3174eb32b464a2488ab,0.986841263848505,0.0131587361514948,0.644690682380433,0.74341836589288,0.765290757515661,0.743511580768063,2115.4375,-2,0.18,0.0218723916227807,0.0615587335826629,106,ea3357479349c8526d15b97319fa65dd6a30481e,2026-07-21 08:07:47,2026-06-06 14:01:41,phoenix,rush,17,24,Final,2026-05-02 19:00:00
2026-05-02-TOR-PHI,rpoloz,21.24,62.67,mgallant,16.98,48.67,0,0,0,"sdillon,gchatha,rpoloz,kmallany,mgallant,pturner,asehgal",False,2026-05-02-TOR-PHI,5,7,2,2,694,1,5,True,True,148,away,103,,18,False,"mhanna,jbray,jwisner,swhitcomb,bpastor,messer,jthornton",104,107,46f72d637be69814be8ff7f2a39c6a115142ebb3353d3c1a32b74bfacf1b3e16,1777763142.0,True,148,669.25,14.6337828328836,-4.26,-14.0,163.075744043434,37825bd3e9380303c5a28b1667a865dfc1e99c031a22b50f8abc1baff3aa8fcb,0.983112579875883,0.0168874201241166,0.644690682380433,0.762078488347021,0.719057813406075,0.817138028975452,2109.25,-2,0.186,-0.0430206749409461,-0.121079501177081,107,f413a5b8bff88e7d174407864252bb6d4355cf18,2026-07-21 08:07:47,2026-06-06 14:01:41,phoenix,rush,17,24,Final,2026-05-02 19:00:00
2026-05-02-TOR-PHI,mgallant,16.98,48.67,asehgal,-6.9,53.13,0,0,0,"sdillon,gchatha,rpoloz,kmallany,mgallant,pturner,asehgal",False,2026-05-02-TOR-PHI,5,7,2,2,694,1,6,True,True,149,away,104,,18,False,"mhanna,jbray,jwisner,swhitcomb,bpastor,messer,jthornton",105,108,d663d69f38a4fb5c027f5cc79e84ba485745406264c25de099880c87017b2fc6,1777763143.0,True,149,663.0625,24.2929207795193,-23.88,4.46,79.4209122036983,9487545afb6dfce5dd8dd2cf4120c84e842cd0a320182899703db1b1a9f371bb,0.945028385400264,0.0549716145997355,0.644690682380433,0.715934780171339,0.747297224584932,0.804451703802126,2103.0625,-2,0.183,0.0313624444135936,0.0882680044072857,108,00cc534ebaf43ba5b9668cbcd8e527acbcfd5792,2026-07-21 08:07:47,2026-06-06 14:01:41,phoenix,rush,17,24,Final,2026-05-02 19:00:00
2026-05-02-TOR-PHI,asehgal,-6.9,43.13,rpoloz,10.81,44.96,0,0,0,"sdillon,gchatha,rpoloz,kmallany,mgallant,pturner,asehgal",False,2026-05-02-TOR-PHI,5,7,2,2,694,1,7,True,True,150,away,106,,18,False,"mhanna,jbray,jwisner,swhitcomb,bpastor,messer,jthornton",107,110,6c8b3976998ddd71d673bbb1d7d3e828c883ca682f3505f473f5fe549a6b043f,1777763145.0,True,150,656.875,17.8042972340949,17.71,1.83,-84.1004816548884,326c2e8a1f227c9aa60a462e7002f161ba2da7dd6617e27320e5c57bb716df9a,0.973487169062478,0.0265128309375218,0.644690682380433,0.706931905047845,0.711175421218589,0.836415320169921,2096.875,-2,0.187,0.00424351617074414,0.0119431603966202,110,c0ecd3aee5b9a3f0bf5822fcfdff110b7f482a55,2026-07-21 08:07:47,2026-06-06 14:01:41,phoenix,rush,17,24,Final,2026-05-02 19:00:00
2026-05-02-TOR-PHI,rpoloz,10.81,44.96,asehgal,19.66,57.32,0,0,0,"sdillon,gchatha,rpoloz,kmallany,mgallant,pturner,asehgal",False,2026-05-02-TOR-PHI,5,7,2,2,694,1,8,True,True,151,away,107,,18,False,"mhanna,jbray,jwisner,swhitcomb,bpastor,messer,jthornton",108,111,1fedc1e4a41f20b4de3fe09b32c53907d85dc00154bf1404fd189d44c7b49b52,1777763146.0,True,151,650.6875,15.2017137191831,8.85,12.36,-35.6033990059966,0e14629f0282a32ff0a59241ba60dcac949c56e1fcbdf9556a96a5ad03899484,0.97682792986837,0.0231720701316305,0.644690682380433,0.708904589172934,0.737434242191133,0.763999216964277,2090.6875,-2,0.184,0.028529653018199,0.0802952571278921,111,d2af3a7968e61ad50b9e716757e942104e1a16a2,2026-07-21 08:07:47,2026-06-06 14:01:41,phoenix,rush,17,24,Final,2026-05-02 19:00:00
2026-05-02-TOR-PHI,asehgal,19.66,57.32,mgallant,22.68,73.66,0,0,0,"sdillon,gchatha,rpoloz,kmallany,mgallant,pturner,asehgal",False,2026-05-02-TOR-PHI,5,7,2,2,694,1,9,True,True,152,away,108,,18,False,"mhanna,jbray,jwisner,swhitcomb,bpastor,messer,jthornton",109,112,52a4a47808b91de1d6f40e9592da7f64b9225a26e692ac7112a21e9c36f60a38,1777763147.0,True,152,644.5,16.6167385488248,3.02,16.34,-10.4713855677223,32214e3460b0b1ec99480cd28f58e9a92676695f875d5e0a08f07562d6fea15b,0.953808811770457,0.0461911882295434,0.644690682380433,0.735679368444913,0.799634531616456,0.674013304284557,2084.5,-2,0.175,0.0639551631715426,0.179998553373205,112,61ce919b3b73533f4e3d0125719947bbbca979ae,2026-07-21 08:07:47,2026-06-06 14:01:41,phoenix,rush,17,24,Final,2026-05-02 19:00:00
2026-05-02-TOR-PHI,mgallant,22.68,73.66,kmallany,2.09,73.66,0,0,0,"sdillon,gchatha,rpoloz,kmallany,mgallant,pturner,asehgal",False,2026-05-02-TOR-PHI,5,7,2,2,694,1,10,True,True,153,away,109,,18,False,"mhanna,jbray,jwisner,swhitcomb,bpastor,messer,jthornton",110,113,c77421e0d47985eb2e7f3c1f301f545eb903cdabb976b01edd3592b7360f4859,1777763148.0,True,153,638.3125,20.59,-20.59,0.0,90.0,949b7be55d14ebfd69fd169b7844a2ebe8d57e1bb1e4e815760adf73ee0ba1f7,0.94435917279273,0.0556408272072696,0.644690682380433,0.798479536842349,0.828447986109803,0.713796050295174,2078.3125,-2,0.17,0.029968449267454,0.0843446759804412,113,c4e975ad3c7dc5bebe77346df42bdc72e42e3762,2026-07-21 08:07:47,2026-06-06 14:01:41,phoenix,rush,17,24,Final,2026-05-02 19:00:00
2026-05-02-TOR-PHI,kmallany,2.09,73.66,gchatha,-20.36,89.03,0,0,0,"sdillon,gchatha,rpoloz,kmallany,mgallant,pturner,asehgal",False,2026-05-02-TOR-PHI,5,7,2,2,694,1,11,True,True,154,away,110,,18,False,"mhanna,jbray,jwisner,swhitcomb,bpastor,messer,jthornton",111,114,daf880c33f85f910011375a40cc1240900ff2b4c60cf1d7812f9c9962a52f39e,1777763149.0,True,154,632.125,27.2073409211558,-22.45,15.37,55.6031899207231,7151ff8bad1005b3e70cd89fb3ef57aff3f09ad7a5a51239430dcc22d43488ad,0.930767350365991,0.0692326496340091,0.644690682380433,0.827668015089481,0.879070590911511,0.629046215854806,2072.125,-2,0.162,0.0514025758220309,0.14466993482301,114,b4b2fee83fcf798cae79e75b34e7a2deebe0726b,2026-07-21 08:07:47,2026-06-06 14:01:41,phoenix,rush,17,24,Final,2026-05-02 19:00:00
2026-05-02-TOR-PHI,gchatha,-20.36,89.03,rpoloz,-19.46,86.01,0,0,0,"sdillon,gchatha,rpoloz,kmallany,mgallant,pturner,asehgal",False,2026-05-02-TOR-PHI,5,7,2,2,694,1,12,True,True,155,away,111,,18,False,"mhanna,jbray,jwisner,swhitcomb,bpastor,messer,jthornton",112,115,a101cb5a7ab50a52ff3686ad5e5ab106e360cb3f7961fb3b86eb89dd1cbadcd7,1777763150.0,True,155,625.9375,3.1512537187602,0.899999999999999,-3.02,-163.405246433471,832eb5091a0b1f60332fb5a7c7a67079f8b204c8e23f6572a37d24a48d655e7d,0.987228569935882,0.0127714300641179,0.644690682380433,0.878655557591946,0.867954716541424,0.642360347815168,2065.9375,-2,0.164,-0.0107008410505218,-0.0301169727892679,115,eff766edd5f0d39086b779fea0a25c09b4540716,2026-07-21 08:07:47,2026-06-06 14:01:41,phoenix,rush,17,24,Final,2026-05-02 19:00:00
2026-05-02-TOR-PHI,rpoloz,-19.46,86.01,gchatha,-13.9,87.73,0,0,0,"sdillon,gchatha,rpoloz,kmallany,mgallant,pturner,asehgal",False,2026-05-02-TOR-PHI,5,7,2,2,694,1,13,True,True,156,away,112,,18,False,"mhanna,jbray,jwisner,swhitcomb,bpastor,messer,jthornton",113,116,65d8323607378e2f9157aebd3521b83f437639eb2ffa5c03d598a1342193d17c,1777763151.0,True,156,619.75,5.81996563563738,5.56,1.72,-72.8104154438464,e60bf5953ebcc02839077c82b484983502a01fb36730e6071e2b27c0be556b64,0.978533663583301,0.0214663364166986,0.644690682380433,0.867673214376227,0.882961566528331,0.655060039393923,2059.75,-2,0.161,0.0152883521521039,0.0430282894198493,116,b5e198ec55dcee99acd2c777043b8094df0e83d5,2026-07-21 08:07:47,2026-06-06 14:01:41,phoenix,rush,17,24,Final,2026-05-02 19:00:00
2026-05-02-TOR-PHI,gchatha,-13.9,87.73,rpoloz,-4.23,83.75,0,0,0,"sdillon,gchatha,rpoloz,kmallany,mgallant,pturner,asehgal",False,2026-05-02-TOR-PHI,5,7,2,2,694,1,14,True,True,157,away,113,,18,False,"mhanna,jbray,jwisner,swhitcomb,bpastor,messer,jthornton",114,117,d9c241f6a414209d53b708f8557978adef296c9d0aaaa2ed0074383b9f9459ad,1777763152.0,True,157,613.5625,10.45702156448,9.67,-3.98,-112.371194228181,9f6a2661619ec25538a93efdfb94f959ac2f40926d636705862190d845cb8136,0.974240425682552,0.025759574317448,0.644690682380433,0.882843198086501,0.869804061168081,0.675358352021223,2053.5625,-2,0.164,-0.0130391369184203,-0.0366979875613097,117,0d262e3a0310cae31f74902c7864307f07b79aec,2026-07-21 08:07:47,2026-06-06 14:01:41,phoenix,rush,17,24,Final,2026-05-02 19:00:00
2026-05-02-TOR-PHI,rpoloz,-4.23,83.75,sdillon,-6.49,92.88,0,0,0,"sdillon,gchatha,rpoloz,kmallany,mgallant,pturner,asehgal",False,2026-05-02-TOR-PHI,5,7,2,2,694,1,15,True,True,158,away,114,,18,False,"mhanna,jbray,jwisner,swhitcomb,bpastor,messer,jthornton",115,118,fa53f2e7c47a1ecf32c254a23d934a4c595c04ff16abe153bde9ec0a21dd831e,1777763153.0,True,158,607.375,9.4055568681498,-2.26,9.13,13.9032725834941,28f784703d15e138dd37a5f40c0a262adce578ed0ad64e28ee89e0a5a0a3ed1f,0.973911197844858,0.0260888021551415,0.644690682380433,0.869807318514023,0.905195466019266,0.647051560359737,2047.375,-2,0.158,0.0353881475052432,0.099598140972857,118,8d0ee4ca4b84931a9e30b9755425d5ed5b9618e9,2026-07-21 08:07:47,2026-06-06 14:01:41,phoenix,rush,17,24,Final,2026-05-02 19:00:00
2026-05-02-TOR-PHI,sdillon,-6.49,92.88,pturner,-21.94,105.24,0,0,0,"sdillon,gchatha,rpoloz,kmallany,mgallant,pturner,asehgal",False,2026-05-02-TOR-PHI,5,8,2,2,694,1,16,True,True,159,away,115,,19,False,"mhanna,jbray,jwisner,swhitcomb,bpastor,messer,jthornton",116,119,c0584308a0315e2eae2f8412002bd4c5e59a43d9a64d2f9f2abd685efb807de5,1777763154.0,True,159,601.1875,19.7856538936675,-15.45,12.36,51.3401917459099,5fc7dd44b138713c33c203cc20b8d7ee45fd6db2b49ee4a5603c112d22a40666,0.939856462115187,0.0601435378848134,0.644690682380433,0.905286999669473,1.0,0.586868114363519,2041.1875,-2,0.152,0.094713000330527,0.266564921418518,119,6540949157c2c7b157aa7cabf244d9d743f554bd,2026-07-21 08:07:47,2026-06-06 14:01:41,phoenix,rush,17,24,Final,2026-05-02 19:00:00
2026-05-02-TOR-PHI,jkeller,7.1,24.85,esarles,0.1,25.12,0,0,0,"eholmgren,esarles,tnye,dsuvorov,jkeller,cwhite1,ndigiorgi",True,2026-05-02-TOR-PHI,5,8,2,3,595,1,1,True,True,160,home,121,1777765043.0,18,False,"amuraoka,rjamieson,lcomire,nhsieh,orobinson,ebembenis,lkeillor",122,486,9a2f7cc8c9e87fa64fcd305f456a8e923496fee5590c36d81c70b64f67ff2aef,1777765043.0,False,160,595.0,7.00520520755816,-7.0,0.27,87.7911149254912,45f60dd27a8531567c24b74b68aa9fb653ca6a4194c677357eb01adb780aa96f,0.992029581727277,0.00797041827272349,0.641256991598374,0.641256991598374,0.643029967688564,0.912829609767907,2035.0,-3,0.157,0.00177297609018956,0.00494218994842305,486,80ec1d2bb96301acf1b415685d37d412932968d7,2026-07-21 08:07:47,2026-06-06 14:01:41,phoenix,rush,17,24,Final,2026-05-02 19:00:00
2026-05-02-TOR-PHI,esarles,0.1,25.12,jkeller,6.14,26.15,0,0,0,"eholmgren,esarles,tnye,dsuvorov,jkeller,cwhite1,ndigiorgi",True,2026-05-02-TOR-PHI,5,8,2,3,595,1,2,True,True,161,home,122,1777765045.0,18,False,"amuraoka,rjamieson,lcomire,nhsieh,orobinson,ebembenis,lkeillor",123,487,cb6d0602d3804566c2d1bc9cc16c86c8661645e3663a696e3b563f745cacf426,1777765045.0,False,161,591.266666666667,6.12719348478567,6.04,1.03,-80.3224545184596,f0139fca1cd5fb80e70533c702606fc7acbf83601e667b4e687015defa36b208,0.992449646905359,0.00755035309464069,0.641256991598374,0.643389945490006,0.645488402758081,0.909090347814589,2031.26666666667,-3,0.157,0.00209845726807489,0.00584947223759019,487,63a823b2f5af1284d3ea7fc58678b69f06cd490c,2026-07-21 08:07:47,2026-06-06 14:01:41,phoenix,rush,17,24,Final,2026-05-02 19:00:00
2026-05-02-TOR-PHI,jkeller,6.14,26.15,esarles,-6.97,32.19,0,0,0,"eholmgren,esarles,tnye,dsuvorov,jkeller,cwhite1,ndigiorgi",True,2026-05-02-TOR-PHI,5,8,2,3,595,1,3,True,True,162,home,123,1777765049.0,18,False,"amuraoka,rjamieson,lcomire,nhsieh,orobinson,ebembenis,lkeillor",124,488,480c62b4ed2d66ea61e54a86aae6d4be8fcda5eac3695606be6acfeeff55db70,1777765049.0,False,162,587.533333333333,14.4344622345275,-13.11,6.04,65.2636720692136,48f03e18ef12173a284fe809ef72066b833e9fdc90fa0c7c84619da2eb011fd1,0.981420553625986,0.0185794463740142,0.641256991598374,0.645904379274631,0.663323349425267,0.886569379395258,2027.53333333333,-3,0.158,0.0174189701506355,0.0485555669175143,488,d21cee688e41c858c1ecbc5ce3e64d0b554c6ec4,2026-07-21 08:07:47,2026-06-16 08:07:02,phoenix,rush,17,24,Final,2026-05-02 19:00:00
2026-05-02-TOR-PHI,esarles,-6.97,32.19,jkeller,0.44,26.77,0,0,0,"eholmgren,esarles,tnye,dsuvorov,jkeller,cwhite1,ndigiorgi",True,2026-05-02-TOR-PHI,5,8,2,3,595,1,4,True,True,163,home,124,1777765052.0,18,False,"amuraoka,rjamieson,lcomire,nhsieh,orobinson,ebembenis,lkeillor",125,489,a3b20e38a84c556e8e44b27315951339eb83eed9ed2e90979b1ab921d0a4cfc4,1777765052.0,False,163,583.8,9.18065901773941,7.41,-5.42,-126.183379766884,88616bc53979c4af03dee52ec1c5f3a4c146067e5755d729f5ceadf41cb6897f,0.991220363384763,0.00877963661523684,0.641256991598374,0.663778394819723,0.648827016345376,0.907469512545223,2023.8,-3,0.157,-0.0149513784743475,-0.0416771285410219,489,15be934977a77f9d98e0e4577c19ed59f30730fd,2026-07-21 08:07:47,2026-06-16 08:07:02,phoenix,rush,17,24,Final,2026-05-02 19:00:00
2026-05-02-TOR-PHI,jkeller,0.44,26.77,cwhite1,-2.3,36.59,0,0,0,"eholmgren,esarles,tnye,dsuvorov,jkeller,cwhite1,ndigiorgi",True,2026-05-02-TOR-PHI,5,8,2,3,595,1,5,True,True,164,home,125,1777765055.0,18,False,"amuraoka,rjamieson,lcomire,nhsieh,orobinson,ebembenis,lkeillor",126,490,1be7cad9acf2e885554351a2f6391f940f34b83ae43bb4aa3b383c90dd73b40b,1777765055.0,False,164,580.066666666667,10.1950968607464,-2.74,9.82,15.5902932181486,8e3523c302a90d34b8d1f92c2353884dca89de51b083f50cdf7611e39fba21fc,0.98586967295721,0.0141303270427897,0.641256991598374,0.649334613293434,0.679010018947697,0.869755677353095,2020.06666666667,-3,0.16,0.029675405654263,0.0827205128999763,490,485d3d3b0a9a1a7793d819077bf1dc6fdcf4809d,2026-07-21 08:07:47,2026-06-16 08:07:02,phoenix,rush,17,24,Final,2026-05-02 19:00:00
2026-05-02-TOR-PHI,cwhite1,-2.3,36.59,ndigiorgi,-19.19,39.61,0,0,0,"eholmgren,esarles,tnye,dsuvorov,jkeller,cwhite1,ndigiorgi",True,2026-05-02-TOR-PHI,5,8,2,3,595,1,6,True,True,165,home,126,1777765057.0,18,False,"amuraoka,rjamieson,lcomire,nhsieh,orobinson,ebembenis,lkeillor",127,491,40af12eb84a6bd3ffa11844a974c2aba4a4af3e1ffec985a934e4425418f7baa,1777765057.0,False,165,576.333333333333,17.1578699144154,-16.89,3.02,79.8624138418365,5cd0d0f145ef6c01dd64dc836054060111ca0460690ee9e8bec7b0468eab6e56,0.982872100796717,0.0171278992032834,0.641256991598374,0.679530492400154,0.667980227942634,0.843066534989924,2016.33333333333,-3,0.159,-0.0115502644575201,-0.0321964865851521,491,d02b2a6c9f421f6e99836431225525790b1e3f1a,2026-07-21 08:07:47,2026-06-16 08:07:02,phoenix,rush,17,24,Final,2026-05-02 19:00:00
2026-05-02-TOR-PHI,ndigiorgi,-19.19,39.61,esarles,-10.54,32.6,0,0,0,"eholmgren,esarles,tnye,dsuvorov,jkeller,cwhite1,ndigiorgi",True,2026-05-02-TOR-PHI,5,8,2,3,595,1,7,True,True,166,home,127,1777765059.0,18,False,"amuraoka,rjamieson,lcomire,nhsieh,orobinson,ebembenis,lkeillor",128,492,fbf0d1f6ebe20e08cd4d879d452f13ea2e7a55e56b4111f1c33e34ff7ef541df,1777765059.0,False,166,572.6,11.1338492894416,8.65,-7.01,-129.021468491869,a1659433c309c28833cd088bf1761f96a9d6d262416cbcfcf3c8fcc223064995,0.985838928495529,0.0141610715044708,0.641256991598374,0.66853883247937,0.664788520415677,0.884876576292806,2012.6,-3,0.158,-0.00375031206369314,-0.0104540352727781,492,1cdf30d1cfe57a71b35360ec2e833654cdb041e5,2026-07-21 08:07:47,2026-06-16 08:07:02,phoenix,rush,17,24,Final,2026-05-02 19:00:00
2026-05-02-TOR-PHI,esarles,-10.54,32.6,tnye,7.85,33.02,0,0,0,"eholmgren,esarles,tnye,dsuvorov,jkeller,cwhite1,ndigiorgi",True,2026-05-02-TOR-PHI,5,8,2,3,595,1,8,True,True,167,home,128,1777765065.0,18,False,"amuraoka,rjamieson,lcomire,nhsieh,orobinson,ebembenis,lkeillor",129,493,32f9691045bd23e3dcc1f4ab3447a0189987abc740e2701807f25f90c29edae8,1777765065.0,False,167,568.866666666667,18.3947954595858,18.39,0.420000000000002,-88.6916778270198,d2cc90aa0245529ee4401ba52800c6dbac5b8b55f3306b7109b837731e5d41be,0.975640608025254,0.0243593919747456,0.641256991598374,0.665372299916877,0.668113629045918,0.884396362593173,2008.86666666667,-3,0.159,0.00274132912904024,0.00764148447451057,493,308ea218461cd6467d977f267be5f304c5c41412,2026-07-21 08:07:47,2026-06-16 08:07:02,phoenix,rush,17,24,Final,2026-05-02 19:00:00
2026-05-02-TOR-PHI,tnye,7.85,33.02,dsuvorov,5.31,46.95,0,0,0,"eholmgren,esarles,tnye,dsuvorov,jkeller,cwhite1,ndigiorgi",True,2026-05-02-TOR-PHI,5,8,2,3,595,1,9,True,True,168,home,129,1777765068.0,18,False,"amuraoka,rjamieson,lcomire,nhsieh,orobinson,ebembenis,lkeillor",130,494,566160f34e5587edfb6582b07be34590f9a0d01787ffd226bbba052dfc5a77bd,1777765068.0,False,168,565.133333333333,14.1596786686704,-2.54,13.93,10.3338001796553,e1587da24f46365e1857131ad276007a0ca25022aa0b07a325038d718c9082ba,0.974675881838409,0.0253241181615914,0.641256991598374,0.668710298878233,0.717328028583795,0.826617047579113,2005.13333333333,-3,0.164,0.048617729705562,0.135522445223888,494,ab90d8238688adca46320707ad92cc224e2fd903,2026-07-21 08:07:47,2026-06-16 08:07:02,phoenix,rush,17,24,Final,2026-05-02 19:00:00
2026-05-02-TOR-PHI,dsuvorov,5.31,46.95,eholmgren,14.58,66.24,0,0,0,"eholmgren,esarles,tnye,dsuvorov,jkeller,cwhite1,ndigiorgi",True,2026-05-02-TOR-PHI,5,8,2,3,595,1,10,True,True,169,home,130,1777765071.0,18,False,"amuraoka,rjamieson,lcomire,nhsieh,orobinson,ebembenis,lkeillor",131,495,83116f4ed5c150bab23992b60fdde56b3471ff63436b2c3eb630c5b32d2eb077,1777765071.0,False,169,561.4,21.4017989898046,9.27,19.29,-25.6670717384762,6f5e445b70eb7b413b3bb57e71d5045072bb38eded99d4f04c60f9e3ac4fb29d,0.946714170932421,0.0532858290675785,0.641256991598374,0.717881999822342,0.790575802730748,0.737863582962094,2001.4,-3,0.172,0.0726938029084058,0.202634758604194,495,68c5de3eb6f596b1dfe1c33a2367735db5413773,2026-07-21 08:07:47,2026-06-16 08:07:02,phoenix,rush,17,24,Final,2026-05-02 19:00:00
2026-05-02-TOR-PHI,eholmgren,14.58,66.24,dsuvorov,7.99,66.65,0,0,0,"eholmgren,esarles,tnye,dsuvorov,jkeller,cwhite1,ndigiorgi",True,2026-05-02-TOR-PHI,5,8,2,3,595,1,11,True,True,170,home,131,1777765074.0,18,False,"amuraoka,rjamieson,lcomire,nhsieh,orobinson,ebembenis,lkeillor",132,496,c073650c8ce50760189b56a46f7371a65ad929f0cd3cd9246c1f6136c058fad1,1777765074.0,False,170,557.666666666667,6.6027418547146,-6.59,0.410000000000011,86.4399043906083,2090cf0afa8cd7b463e9769a474cd2eb4ef27446b608cdf9041eb041a3fe4a84,0.984844748758914,0.0151552512410855,0.641256991598374,0.791029999216502,0.798901329865441,0.742746574885703,1997.66666666667,-3,0.174,0.00787133064893897,0.0219414189673259,496,3e9f21b01a0ae68e0f431b053cf13161bbee7954,2026-07-21 08:07:47,2026-06-16 08:07:02,phoenix,rush,17,24,Final,2026-05-02 19:00:00
2026-05-02-TOR-PHI,dsuvorov,7.99,66.65,jkeller,-8.28,63.63,0,0,0,"eholmgren,esarles,tnye,dsuvorov,jkeller,cwhite1,ndigiorgi",True,2026-05-02-TOR-PHI,5,8,2,3,595,1,12,True,True,171,home,132,1777765076.0,18,False,"amuraoka,rjamieson,lcomire,nhsieh,orobinson,ebembenis,lkeillor",133,497,b99d003d449fdab9668e99d0b62879fe6bf8782e27ba1583737450ec6ccb7232,1777765076.0,False,171,553.933333333333,16.5479092334953,-16.27,-3.02,100.515434840349,681308ab00c039f12429a134cff17bbc0d7586bef275c532ecbbec3ba143b430,0.971936854812476,0.0280631451875243,0.641256991598374,0.799339180919687,0.786240417467978,0.755377595463514,1993.93333333333,-3,0.172,-0.0130987634517093,-0.0365129442105944,497,65bf491e426263b27cef45d9f477a6794e99d3e4,2026-07-21 08:07:47,2026-06-16 08:07:02,phoenix,rush,17,24,Final,2026-05-02 19:00:00
2026-05-02-TOR-PHI,jkeller,-8.28,63.63,tnye,-19.6,68.99,0,0,0,"eholmgren,esarles,tnye,dsuvorov,jkeller,cwhite1,ndigiorgi",True,2026-05-02-TOR-PHI,5,8,2,3,595,1,13,True,True,172,home,133,1777765080.0,18,False,"amuraoka,rjamieson,lcomire,nhsieh,orobinson,ebembenis,lkeillor",134,498,621340d6cdaf236046a49cb6f519d1a072bb25efb688872b87e2115c094c5fbb,1777765080.0,False,172,550.2,12.5248552885852,-11.32,5.35999999999999,64.6625276550566,65778f65ae1ca41231bec33603d3f7d27664398483092b8a81d2f273f6f745a8,0.981920112008823,0.0180798879911774,0.641256991598374,0.786690480583545,0.793714936793838,0.711192305376077,1990.2,-3,0.173,0.00702445621029368,0.019580747347777,498,e0a044f2c2c9c3976741d826b58ab2a2da99842f,2026-07-21 08:07:47,2026-06-16 08:07:02,phoenix,rush,17,24,Final,2026-05-02 19:00:00
2026-05-02-TOR-PHI,tnye,-19.6,68.99,esarles,-18.57,80.32,0,0,0,"eholmgren,esarles,tnye,dsuvorov,jkeller,cwhite1,ndigiorgi",True,2026-05-02-TOR-PHI,5,8,2,3,595,1,14,True,True,173,home,134,1777765082.0,18,False,"amuraoka,rjamieson,lcomire,nhsieh,orobinson,ebembenis,lkeillor",135,499,189c1c3767573fe0c222c4e3079e791b42f28b197fa1dc92055aa51f6f1f601c,1777765082.0,False,173,546.466666666667,11.3767218477029,1.03,11.33,-5.1944289077348,2f6316d4349c1e44c2335877e55f0b7c19d6310e747297a95e84f26084fa0688,0.974194618026941,0.0258053819730591,0.641256991598374,0.794140733704849,0.848814382064199,0.672637543853616,1986.46666666667,-3,0.181,0.0546736483593501,0.152403383700627,499,2f76ecab83ef106979e804f4effd708177cb211f,2026-07-21 08:07:47,2026-06-16 08:07:02,phoenix,rush,17,24,Final,2026-05-02 19:00:00
2026-05-02-TOR-PHI,esarles,-18.57,80.32,ndigiorgi,-23.03,111.07,0,0,0,"eholmgren,esarles,tnye,dsuvorov,jkeller,cwhite1,ndigiorgi",True,2026-05-02-TOR-PHI,6,8,2,3,595,1,15,True,True,174,home,135,1777765092.0,19,False,"amuraoka,rjamieson,lcomire,nhsieh,orobinson,ebembenis,lkeillor",136,500,a3d67b0be9c8843b97ee00ae322f749edeeb9ac17841002803bd3a0e0a948ec8,1777765092.0,False,174,542.733333333333,31.0717572724814,-4.46,30.75,8.25266835158251,4a1e8b65d6f5943e2a8d305a0eb417f6e8c78257e757807de597215c075b4812,0.813763634396504,0.186236365603496,0.641256991598374,0.849134342033538,1.0,0.588161902556086,1982.73333333333,-3,0.199,0.150865657966462,0.420539646580546,500,ec67c92e9e49f13f3d731e8931f22714706c9a10,2026-07-21 08:07:47,2026-06-16 08:07:02,phoenix,rush,17,24,Final,2026-05-02 19:00:00
2026-05-02-TOR-PHI,asehgal,-2.44,20.0,rpoloz,-3.13,26.97,0,0,0,"sdillon,gchatha,rpoloz,kmallany,mgallant,pturner,asehgal",False,2026-05-02-TOR-PHI,6,8,2,4,539,1,1,True,True,175,away,120,,18,False,"czaleski,bpastor,mhanna,idietrich,jthornton,pburt1,sdavies1",121,124,50bacefecf375036f9bac30256c53b946a6325d062580d0dbf012fe2cea164c3,1777763159.0,True,175,539.0,7.0040702452217,-0.69,6.97,5.65361482745861,c6d3df00db03ae2d4386a1e50b8e74fc7bedb5b9ee475b45cf888da30b4b742a,0.990866602029971,0.00913339797002921,0.63793061026272,0.63793061026272,0.656158604148314,0.909269002288546,1979.0,-2,0.194,0.0182279938855934,0.0503439241268635,124,42bf196352a890061cc2a2dfc1eb9de8ff81f156,2026-07-21 08:07:47,2026-06-06 14:01:41,phoenix,rush,17,24,Final,2026-05-02 19:00:00
2026-05-02-TOR-PHI,rpoloz,-3.13,26.97,pturner,-16.99,39.74,0,0,0,"sdillon,gchatha,rpoloz,kmallany,mgallant,pturner,asehgal",False,2026-05-02-TOR-PHI,6,8,2,4,539,1,2,True,True,176,away,121,,18,False,"czaleski,bpastor,mhanna,idietrich,jthornton,pburt1,sdavies1",122,125,59c40fa42ed11c6120a6214ff583ee8d25a7a6c6e2a1bf944e80a3f4d7b45030,1777763160.0,True,176,533.4,18.8460208001583,-13.86,12.77,47.3438812517172,6780cf94cb241b62f236e0472f21a0ed969d3a8f74e31baaac3a4297a0a206f2,0.973348028200742,0.0266519717992577,0.63793061026272,0.656893418882528,0.682851804496827,0.851354448471681,1973.4,-2,0.19,0.0259583856142994,0.0716945048382439,125,0361df812a816fa9e16bbc8e554ea21b22f541c6,2026-07-21 08:07:47,2026-06-06 14:01:41,phoenix,rush,17,24,Final,2026-05-02 19:00:00
2026-05-02-TOR-PHI,pturner,-16.99,39.74,asehgal,-11.23,33.29,0,0,0,"sdillon,gchatha,rpoloz,kmallany,mgallant,pturner,asehgal",False,2026-05-02-TOR-PHI,6,8,2,4,539,1,3,True,True,177,away,122,,18,False,"czaleski,bpastor,mhanna,idietrich,jthornton,pburt1,sdavies1",123,127,da4bba31aeecd299c141152b0e3f2237bb988c5e1dd1e52525c560858fdda4c6,1777763161.0,True,177,527.8,8.64754878563862,5.76,-6.45,-138.234404937567,886db0b0578b30e369cb83020d8fdd9a30592eb72d12568084926ddc76132487,0.988844065257456,0.0111559347425444,0.63793061026272,0.68348661523231,0.67291201742381,0.884869847322193,1967.8,-2,0.192,-0.0105745978084997,-0.0292059978231595,127,e9a0be12afb8d41564d2e96065bc4883b64aa62a,2026-07-21 08:07:47,2026-06-06 14:01:41,phoenix,rush,17,24,Final,2026-05-02 19:00:00
2026-05-02-TOR-PHI,asehgal,-11.23,33.29,sdillon,-12.88,40.16,0,0,0,"sdillon,gchatha,rpoloz,kmallany,mgallant,pturner,asehgal",False,2026-05-02-TOR-PHI,6,8,2,4,539,1,4,True,True,178,away,123,,18,False,"czaleski,bpastor,mhanna,idietrich,jthornton,pburt1,sdavies1",124,128,7eeae771b2c9156688c9a0be03116e6324d8868f8e194840d1027d713aa9d4e4,1777763162.0,True,178,522.2,7.06536623254591,-1.65,6.87,13.5051958371942,03bc6b4991f1d2c513d9e4f473ad35f94c1a7ec48cbbe6c93e9dfbac536e3a0b,0.987793565116303,0.0122064348836969,0.63793061026272,0.673488541045994,0.693986130737577,0.856016093049526,1962.2,-2,0.189,0.0204975896915833,0.0566123242466217,128,4a502cb188032ddac0cafbf8dd5fe5e2040027ce,2026-07-21 08:07:47,2026-06-06 14:01:41,phoenix,rush,17,24,Final,2026-05-02 19:00:00
2026-05-02-TOR-PHI,sdillon,-12.88,40.16,kmallany,4.49,104.69,0,0,0,"sdillon,gchatha,rpoloz,kmallany,mgallant,pturner,asehgal",False,2026-05-02-TOR-PHI,6,9,2,4,539,1,5,True,True,179,away,124,,19,False,"czaleski,bpastor,mhanna,idietrich,jthornton,pburt1,sdavies1",125,129,7df6502ba6fc3bf1b794fcd3155114de07159f61bef9b56c8103e30455255490,1777763163.0,True,179,516.6,66.8269242147205,17.37,64.53,-15.0656223674917,177bd3e0c1a17108a00c50067ce6070a5d354d4b10d09d23258c48a9806a1f30,0.569770818067186,0.430229181932814,0.63793061026272,0.694478968577207,1.0,0.64022366658392,1956.6,-2,0.15,0.305521031422793,0.843819002883622,129,43ba1013787ce8735eb52b3f0d7c788886e59cb5,2026-07-21 08:07:47,2026-06-06 14:01:41,phoenix,rush,17,24,Final,2026-05-02 19:00:00
2026-05-02-TOR-PHI,eholmgren,-0.79,13.79,esarles,-1.27,21.69,0,0,0,"mcampanel,esarles,dsuvorov,cwhite1,crawlins,eholmgren,ndigiorgi",True,2026-05-02-TOR-PHI,6,9,2,5,511,1,1,True,True,180,home,140,1777765218.0,18,False,"nnishizak,ezhuang,lkeillor,dpetsinis,hnorris,nho,mayad",141,505,4bd95beb6fff2618f2151191b9baf573c4396f2a1e5d7d2f3fadbdaa54a411bd,1777765218.0,False,180,511.0,7.9145688448582,-0.48,7.9,3.47698807250222,186f2bee26efd4b76aa14639590b924a34ff817a0a4b6b3b12b090d407be1566,0.990867086614094,0.00913291338590649,0.626509786549045,0.626509786549045,0.645287133563348,0.927664075158319,1951.0,-3,0.156,0.0187773470143024,0.0502753387854651,505,cf2f3086a06541c90e9119c69e37606c24586f86,2026-07-21 08:07:47,2026-06-06 14:01:41,phoenix,rush,17,24,Final,2026-05-02 19:00:00
2026-05-02-TOR-PHI,esarles,-1.27,21.69,dsuvorov,2.09,32.33,0,0,0,"mcampanel,esarles,dsuvorov,cwhite1,crawlins,eholmgren,ndigiorgi",True,2026-05-02-TOR-PHI,6,9,2,5,511,1,2,True,True,181,home,141,1777765220.0,18,False,"nnishizak,ezhuang,lkeillor,dpetsinis,hnorris,nho,mayad",142,506,9e753ba503e6ab3c3eed150befac29ab95d7fdfdc6676379b5f2883ce71d4b53,1777765220.0,False,181,505.933333333333,11.1579209532959,3.36,10.64,-17.5255683737229,426a6eb69f8dfeda72f89008add9a3164bdab9d54c9db2e9a04e7bb7d099cff2,0.985266895503321,0.0147331044966786,0.626509786549045,0.645655047456115,0.67513208430728,0.891116318272619,1945.93333333333,-3,0.159,0.0294770368511653,0.0789231840342079,506,817596e9d0e7d3d69c4f15e0a71be9fb907207e5,2026-07-21 08:07:47,2026-06-06 14:01:41,phoenix,rush,17,24,Final,2026-05-02 19:00:00
2026-05-02-TOR-PHI,dsuvorov,2.09,32.33,mcampanel,6.82,26.84,0,0,0,"mcampanel,esarles,dsuvorov,cwhite1,crawlins,eholmgren,ndigiorgi",True,2026-05-02-TOR-PHI,6,9,2,5,511,1,3,True,True,182,home,142,1777765230.0,18,False,"nnishizak,ezhuang,lkeillor,dpetsinis,hnorris,nho,mayad",143,507,8f9e52328826810cd89e091ba93ce107b68c6f81c07c29e86a2a6ba164d10d57,1777765230.0,False,182,500.866666666667,7.24658540279489,4.73,-5.49,-139.252914882076,90ca9a7c91ab2b7a3c779ee4009e8c3556d6de1c8a22c9081da204bad6c79cf8,0.99260923891296,0.00739076108704029,0.626509786549045,0.675438005018106,0.658726526171812,0.910782933493783,1940.86666666667,-3,0.157,-0.0167114788462939,-0.0447440876479307,507,0b056b069809a7009d0f76f93c034d90eb295a71,2026-07-21 08:07:47,2026-06-06 14:01:41,phoenix,rush,17,24,Final,2026-05-02 19:00:00
2026-05-02-TOR-PHI,mcampanel,6.82,26.84,,8.4,36.79,1,0,0,"mcampanel,esarles,dsuvorov,cwhite1,crawlins,eholmgren,ndigiorgi",True,2026-05-02-TOR-PHI,6,9,2,5,511,1,4,True,True,183,home,143,1777765232.0,22,False,"nnishizak,ezhuang,lkeillor,dpetsinis,hnorris,nho,mayad",144,508,eb773f680940f9e641a683dce57fe43a559b4d6e7b2ab5423661a974ed6efaaa,1777765232.0,False,183,495.8,10.0746662475737,1.58,9.95,-9.02288865121761,cf81b61f1a549171b8bd50167f185e0a1d581f90414f19e022d026c864f80248,0.984817861446081,-0.984817861446081,0.626509786549045,0.658994560353066,0.688175761646198,0.873409202478791,1935.8,-3,0.091,-0.873409202478791,-0.873409202478791,508,440e7d556820c68c09054ada2f2342021df6f477,2026-07-21 08:07:47,2026-06-06 14:01:41,phoenix,rush,17,24,Final,2026-05-02 19:00:00
2026-05-02-TOR-PHI,nnishizak,-21.04,71.18,,-23.38,101.94,1,0,0,"nnishizak,ezhuang,lkeillor,dpetsinis,hnorris,nho,mayad",False,2026-05-02-TOR-PHI,6,9,2,5,511,2,1,False,False,184,away,128,,22,False,"mcampanel,esarles,dsuvorov,cwhite1,crawlins,eholmgren,ndigiorgi",129,133,c2ba31c051b96fdcfdb6e7fd15cae7f0bd566620348ed77391e01f138570a83a,1777763167.0,True,184,490.733333333333,30.8488768028919,-2.34,30.76,4.35027275493952,7dc9ff7a068ae04ac9cb83ddee4ad0becb46815d7d6824804a0391a24c8dc644,0.801977923771567,-0.801977923771567,0.802408306918017,0.802408306918017,0.92449000861157,0.590658211799665,1930.73333333333,-3,0.152,-0.590658211799665,-0.590658211799665,133,12f8bc91dcaf347bf648c3a7ea766f3fa91451f5,2026-07-21 08:07:47,2026-06-06 14:01:41,phoenix,rush,17,24,Final,2026-05-02 19:00:00
2026-05-02-TOR-PHI,crawlins,25.22,19.22,mcampanel,2.02,21.96,0,0,0,"mcampanel,esarles,dsuvorov,cwhite1,crawlins,eholmgren,ndigiorgi",True,2026-05-02-TOR-PHI,6,9,2,5,511,3,1,True,True,185,home,145,1777765253.0,18,False,"nnishizak,ezhuang,lkeillor,dpetsinis,hnorris,nho,mayad",146,510,98b033aadf0a254b55cbf8b8e43dbeffae2f3389b915b6a5ea2b6dd7da94dbef,1777765253.0,False,185,485.666666666667,23.3612414053706,-23.2,2.74,83.2643723559527,85bb7498cb266a42416b04865c75eef8943f94a9f95b9fd38bb770df507714ef,0.958226563279636,0.0417734367203637,0.574300563173133,0.574300563173133,0.647328518436249,0.927214425701295,1925.66666666667,-3,0.156,0.0730279552631156,0.171548160381561,510,4c93983920161b1bb87f0827453c5e9f716fe805,2026-07-21 08:07:47,2026-06-06 14:01:41,phoenix,rush,17,24,Final,2026-05-02 19:00:00
2026-05-02-TOR-PHI,mcampanel,2.02,21.96,cwhite1,-3.4,23.34,0,0,0,"mcampanel,esarles,dsuvorov,cwhite1,crawlins,eholmgren,ndigiorgi",True,2026-05-02-TOR-PHI,6,9,2,5,511,3,2,True,True,186,home,146,1777765257.0,18,False,"nnishizak,ezhuang,lkeillor,dpetsinis,hnorris,nho,mayad",147,511,869fa631f574812dae9b2d2914ff1178f3a4caff52ec5136c0c2123ecd5391a5,1777765257.0,False,186,480.6,5.59292410104053,-5.42,1.38,75.7152941714429,c264a8f2c837e1dbc6bc4486d12257b547c5351d3eab33c8c3f869d2fa541886,0.993130704643192,0.00686929535680847,0.574300563173133,0.647475634754548,0.650844790516245,0.922902097688924,1920.6,-3,0.157,0.00336915576169705,0.00791440032622664,511,f0b94892e7b90559748deae2adb6927336392fc7,2026-07-21 08:07:47,2026-06-16 08:07:02,phoenix,rush,17,24,Final,2026-05-02 19:00:00
2026-05-02-TOR-PHI,cwhite1,-3.4,23.34,mcampanel,-0.59,28.42,0,0,0,"mcampanel,esarles,dsuvorov,cwhite1,crawlins,eholmgren,ndigiorgi",True,2026-05-02-TOR-PHI,6,9,2,5,511,3,3,True,True,187,home,147,1777765259.0,18,False,"nnishizak,ezhuang,lkeillor,dpetsinis,hnorris,nho,mayad",148,512,27a2eda31ecb69e6ebdb67e1bec5bc4b85d38baf7af65b77879a5e383c37ad89,1777765259.0,False,187,475.533333333333,5.80538543078752,2.81,5.08,-28.9491577442029,b100f89519d93e7609baa6556826b88208793e36c9efef3ba9c9313537b94fd5,0.99189838420151,0.00810161579849034,0.574300563173133,0.650954256806742,0.664974349943122,0.905943856743251,1915.53333333333,-3,0.158,0.0140200931363795,0.0329342534274518,512,15a37d19061acdda09ce6495c4de4e06ebf1be8e,2026-07-21 08:07:47,2026-06-16 08:07:02,phoenix,rush,17,24,Final,2026-05-02 19:00:00
2026-05-02-TOR-PHI,mcampanel,-0.59,28.42,eholmgren,-9.92,29.58,0,0,0,"mcampanel,esarles,dsuvorov,cwhite1,crawlins,eholmgren,ndigiorgi",True,2026-05-02-TOR-PHI,6,9,2,5,511,3,4,True,True,188,home,148,1777765261.0,18,False,"nnishizak,ezhuang,lkeillor,dpetsinis,hnorris,nho,mayad",149,513,25bdcb363dfbd77bdb65fbf364befcbf5d4dbad78b4680d61bc22fd8cd7d736c,1777765261.0,False,188,470.466666666667,9.40183492728946,-9.33,1.16,82.9127776954274,21486dc2fd7d6466b60feef024563a7d7513da612e63e919116dfc14aeab4394,0.989245127350119,0.0107548726498805,0.574300563173133,0.665047638324651,0.666096349060648,0.900796565563039,1910.46666666667,-3,0.158,0.0010487107359971,0.00246350040726885,513,e0f4346e78fae03fdc8e56ece29128bc3eee2e9b,2026-07-21 08:07:47,2026-06-06 14:01:41,phoenix,rush,17,24,Final,2026-05-02 19:00:00
2026-05-02-TOR-PHI,eholmgren,-9.92,29.58,mcampanel,-1.07,27.59,0,0,0,"mcampanel,esarles,dsuvorov,cwhite1,crawlins,eholmgren,ndigiorgi",True,2026-05-02-TOR-PHI,6,9,2,5,511,3,5,True,True,189,home,149,1777765263.0,18,False,"nnishizak,ezhuang,lkeillor,dpetsinis,hnorris,nho,mayad",150,514,ac4405093323782f9c0203da6fb51f1428171870970ed0ab965065397406bcb9,1777765263.0,False,189,465.4,9.07097569173239,8.85,-1.99,-102.672680582626,039f421877aee72ce8602f576a2e8798f6393322766346c6645c5ade46f8aeb3,0.990197669099956,0.00980233090004445,0.574300563173133,0.666137760812147,0.662737631708815,0.908887320418685,1905.4,-3,0.158,-0.00340012910333132,-0.00798715903566995,514,30944336c9d7917f723e5e031b31f5ae4e18a9a5,2026-07-21 08:07:47,2026-06-06 14:01:41,phoenix,rush,17,24,Final,2026-05-02 19:00:00
2026-05-02-TOR-PHI,mcampanel,-1.07,27.59,cwhite1,8.2,34.39,0,0,0,"mcampanel,esarles,dsuvorov,cwhite1,crawlins,eholmgren,ndigiorgi",True,2026-05-02-TOR-PHI,6,9,2,5,511,3,6,True,True,190,home,150,1777765268.0,18,False,"nnishizak,ezhuang,lkeillor,dpetsinis,hnorris,nho,mayad",151,515,5b90e24ab739ce6e5ad85d48d5c01c8f78424a35e299b9329c69d79d68726689,1777765268.0,False,190,460.333333333333,11.4966473373762,9.27,6.8,-53.7381245100459,6f360abecbb69581a69bd97249fcddfe88926f70219c41e2b595dfc6e0464958,0.984964765428002,0.0150352345719976,0.574300563173133,0.662749564775541,0.681404282117456,0.883284117226086,1900.33333333333,-3,0.159,0.0186547173419146,0.0438213343220877,515,7fef6f3c202da8a7f44187420ffefd9ee9e62227,2026-07-21 08:07:47,2026-06-06 14:01:41,phoenix,rush,17,24,Final,2026-05-02 19:00:00
2026-05-02-TOR-PHI,cwhite1,8.2,34.39,mcampanel,-2.24,33.02,0,0,0,"mcampanel,esarles,dsuvorov,cwhite1,crawlins,eholmgren,ndigiorgi",True,2026-05-02-TOR-PHI,6,9,2,5,511,3,7,True,True,191,home,151,1777765271.0,18,False,"nnishizak,ezhuang,lkeillor,dpetsinis,hnorris,nho,mayad",152,516,799fab6a00bca9955de197e75812839066f1e30372c69e9b8b13c257dccf708f,1777765271.0,False,191,455.266666666667,10.5295061612594,-10.44,-1.37,97.4759815121434,591ca7a49039c73a18c8b790794974f0bd634664f2429942bd04cf850b4bb701,0.988319361568753,0.0116806384312472,0.574300563173133,0.681389205036548,0.678497882337204,0.889105242270642,1895.26666666667,-3,0.159,-0.00289132269934356,-0.00679193451815504,516,103aa3fc00999abee2c2184ddbf4cd48d1dc4089,2026-07-21 08:07:47,2026-06-06 14:01:41,phoenix,rush,17,24,Final,2026-05-02 19:00:00
2026-05-02-TOR-PHI,mcampanel,-2.24,33.02,eholmgren,-17.34,36.1,0,0,0,"mcampanel,esarles,dsuvorov,cwhite1,crawlins,eholmgren,ndigiorgi",True,2026-05-02-TOR-PHI,6,9,2,5,511,3,8,True,True,192,home,152,1777765273.0,18,False,"nnishizak,ezhuang,lkeillor,dpetsinis,hnorris,nho,mayad",153,517,985c73b4c4e4c9a5ddc5822e9d479f473bf4a631c80052495339988bc90bdb3e,1777765273.0,False,192,450.2,15.4109182075566,-15.1,3.08,78.4713267478664,8bfee5e7edd24bdc3b439734c8cec429f388689a6d6671c921174a0c136a166f,0.984271484632447,0.0157285153675533,0.574300563173133,0.678458111592695,0.6732986109432,0.86834333675053,1890.2,-3,0.159,-0.00515950064949444,-0.0121200551448999,517,89e3547fc04349c81879bee54691c822175a78bf,2026-07-21 08:07:47,2026-06-06 14:01:41,phoenix,rush,17,24,Final,2026-05-02 19:00:00
2026-05-02-TOR-PHI,eholmgren,-17.34,36.1,crawlins,-24.06,50.8,0,0,0,"mcampanel,esarles,dsuvorov,cwhite1,crawlins,eholmgren,ndigiorgi",True,2026-05-02-TOR-PHI,6,9,2,5,511,3,9,True,True,193,home,153,1777765276.0,18,False,"nnishizak,ezhuang,lkeillor,dpetsinis,hnorris,nho,mayad",154,518,21a8765d790050b75da916249d2260bfbae475379f48975eea06db8024517c2c,1777765276.0,False,193,445.133333333333,16.1631803801108,-6.72,14.7,24.5671713206013,5c171de734337fd32aa3eafefe750a3ee0182f0f232fa898f5c9a6a5165d7101,0.951021455302181,0.0489785446978187,0.574300563173133,0.6732358724902,0.689310342151542,0.777282832237725,1885.13333333333,-3,0.16,0.0160744696613412,0.0377601384233889,518,0b93db9c50a7e5a30a77c55b13d58efa9612d947,2026-07-21 08:07:47,2026-06-06 14:01:41,phoenix,rush,17,24,Final,2026-05-02 19:00:00
2026-05-02-TOR-PHI,crawlins,-24.06,50.8,,-16.58,105.1,1,0,0,"mcampanel,esarles,dsuvorov,cwhite1,crawlins,eholmgren,ndigiorgi",True,2026-05-02-TOR-PHI,6,9,2,5,511,3,10,True,True,194,home,154,1777765283.0,22,False,"nnishizak,ezhuang,lkeillor,dpetsinis,hnorris,nho,mayad",155,519,ad75a57539294001b7747a844072c65f91e1cd00749e4dbeeb652f33fab6f303,1777765283.0,False,194,440.066666666667,54.8127758830001,7.48,54.3,-7.84331540957949,93b0d2481e1d97a65c3eb6e15ac9f9558acee42dfcab5511ea597c159bb72f51,0.603018261550314,-0.603018261550314,0.574300563173133,0.689229357838093,0.943663819950555,0.626853498415743,1880.06666666667,-3,0.112,-0.626853498415743,-0.626853498415743,519,a9c130b780c965f9acc09cbda15ea1e5789661b0,2026-07-21 08:07:47,2026-06-06 14:01:41,phoenix,rush,17,24,Final,2026-05-02 19:00:00
2026-05-02-TOR-PHI,rpoloz,7.51,19.97,gchatha,19.11,27.32,0,0,0,"sdillon,gchatha,rpoloz,kmallany,mgallant,pturner,asehgal",False,2026-05-02-TOR-PHI,6,9,2,5,435,4,1,False,True,195,away,131,,18,False,"jthornton,bpastor,swhitcomb,jbray,czaleski,jkeller,messer",132,136,560957077e0a0d0fcf44efada7e032a5f4f8554bcae979fbe9bbe699cc4dd6af,1777763170.0,True,195,435.0,13.7325343618722,11.6,7.35,-57.640807135499,0bad24838fc19f2e4b58d42eade8def5a7cb5bf432adfe6978a6bbafc7749727,0.987265286442046,0.0127347135579542,0.636119775765838,0.641284538897498,0.636262530106118,0.9013087925571,1875.0,-3,0.111,-0.00502200879138059,-0.0138012688157212,136,bdeac5571b591c20e9b4bb61f828a9fd71d3e5ac,2026-07-21 08:07:47,2026-06-06 14:01:41,phoenix,rush,17,24,Final,2026-05-02 19:00:00
2026-05-02-TOR-PHI,gchatha,19.11,27.32,kmallany,21.51,39.33,0,0,0,"sdillon,gchatha,rpoloz,kmallany,mgallant,pturner,asehgal",False,2026-05-02-TOR-PHI,6,9,2,5,435,4,2,False,True,196,away,132,,18,False,"jthornton,bpastor,swhitcomb,jbray,czaleski,jkeller,messer",133,137,91286021902e91b994931ee406583c232d983c4d017c872f773f3e97234cbea5,1777763171.0,True,196,429.2,12.2474527963981,2.4,12.01,-11.300757809645,a994594996e5c08f912282a990ab631cc1914d5512791d1528560237eb07bcc8,0.981533464898214,0.018466535101786,0.636119775765838,0.636119775765838,0.662190552872713,0.84453819233969,1869.2,-3,0.109,0.0260707771068751,0.0716465896484064,137,13de3be1565e951e005de11b7cb28463a34eb8d4,2026-07-21 08:07:47,2026-06-06 14:01:41,phoenix,rush,17,24,Final,2026-05-02 19:00:00
2026-05-02-TOR-PHI,kmallany,21.51,39.33,asehgal,24.26,53.82,0,0,0,"sdillon,gchatha,rpoloz,kmallany,mgallant,pturner,asehgal",False,2026-05-02-TOR-PHI,6,9,2,5,435,4,3,False,True,197,away,133,,18,False,"jthornton,bpastor,swhitcomb,jbray,czaleski,jkeller,messer",134,138,ebe3258acc9e0741ef993c89c4834ffb0d99fb9d087070180d7670df96d81f65,1777763172.0,True,197,423.4,14.7486473956089,2.75,14.49,-10.7461358201824,6f6101d563bcbcd2d6f466ac54a419d6d2073800e99f81c3be3654c05fe71bfa,0.949764869903823,0.0502351300961773,0.636119775765838,0.662034522989192,0.702820564524842,0.758661096343969,1863.4,-3,0.106,0.0407860415356504,0.112086447185995,138,25b8f8126b61691b48d167b0b2911b0f4004a9cb,2026-07-21 08:07:47,2026-06-06 14:01:41,phoenix,rush,17,24,Final,2026-05-02 19:00:00
2026-05-02-TOR-PHI,asehgal,24.26,53.82,kmallany,3.46,56.7,0,0,0,"sdillon,gchatha,rpoloz,kmallany,mgallant,pturner,asehgal",False,2026-05-02-TOR-PHI,6,9,2,5,435,4,4,False,True,198,away,134,,18,False,"jthornton,bpastor,swhitcomb,jbray,czaleski,jkeller,messer",135,139,e08f00a83a33487f135ed981b90171d99ab19048195783214bb65964a59b8aee,1777763173.0,True,198,417.6,20.9984380371493,-20.8,2.88,82.1168606832703,14ff1381327761afb9080368c4ca4b7e3e2a1358f5d1440bf85dd713f68349be,0.948486445609989,0.0515135543900109,0.636119775765838,0.702661149292393,0.762850013077286,0.790275770372498,1857.6,-3,0.101,0.0601888637848931,0.165408449749005,139,7abea198f14736e8df9152aca6316ee8849bea01,2026-07-21 08:07:47,2026-06-06 14:01:41,phoenix,rush,17,24,Final,2026-05-02 19:00:00
2026-05-02-TOR-PHI,kmallany,3.46,56.7,pturner,-16.03,103.52,0,0,0,"sdillon,gchatha,rpoloz,kmallany,mgallant,pturner,asehgal",False,2026-05-02-TOR-PHI,6,10,2,5,435,4,5,False,True,199,away,135,,19,False,"jthornton,bpastor,swhitcomb,jbray,czaleski,jkeller,messer",136,140,a0fa198be69af758dab0fd455049bac277820bb64a20afb1ea7c8483f4acf876,1777763174.0,True,199,411.8,50.7146182081656,-19.49,46.82,22.600745787997,ebf065a44498b743ca23517d2a0433d3cfab64b106fce57fe94833c50d22a4c6,0.723946737265453,0.276053262734547,0.636119775765838,0.762702745151899,1.0,0.627856730248207,1851.8,-3,0.084,0.237297254848101,0.652130121518769,140,958a164c62de4501df588cf95f7143b64638cdff,2026-07-21 08:07:47,2026-06-06 14:01:41,phoenix,rush,17,24,Final,2026-05-02 19:00:00
2026-05-02-TOR-PHI,eholmgren,26.66,43.52,esarles,13.28,37.62,0,0,0,"mcampanel,eholmgren,cwhite1,crawlins,esarles,tnye,ndigiorgi",True,2026-05-02-TOR-PHI,6,10,2,6,406,1,1,True,True,200,home,158,1777765436.0,18,False,"amuraoka,rjamieson,lcomire,nhsieh,orobinson,ebembenis,ezhuang",159,523,8a577fbd47579539c3af9aa6b267239fce5a1e32f08b29ae304c1e6a0eb66059,1777765436.0,False,200,406.0,14.6230776514385,-13.38,-5.90000000000001,113.795399964877,d324f4fefeed7078b4aedda4c43bf4c7637eb90827bcbf60f0974a718abea857,0.974865099610713,0.0251349003892873,0.639863952663385,0.639863952663385,0.685346279691804,0.867580211552916,1846.0,-4,0.091,0.0454823270284194,0.126292070357255,523,739795e47060157efa5f00677f87ebb7cf22cde8,2026-07-21 08:07:47,2026-06-06 14:01:41,phoenix,rush,17,24,Final,2026-05-02 19:00:00
2026-05-02-TOR-PHI,esarles,13.28,37.62,tnye,-5.53,44.55,0,0,0,"mcampanel,eholmgren,cwhite1,crawlins,esarles,tnye,ndigiorgi",True,2026-05-02-TOR-PHI,6,10,2,6,406,1,2,True,True,201,home,159,1777765441.0,18,False,"amuraoka,rjamieson,lcomire,nhsieh,orobinson,ebembenis,ezhuang",160,524,b0e513bac93a538ef5952c1b22cfd55eefeffe28c37435136e8969b8c90ce2a4,1777765441.0,False,201,401.6,20.0459721640034,-18.81,6.93,69.7751405688319,8f2535dd98e77d2a8e7f18fdb383560adc45be586c71915e3276c002b1360917,0.963345900117496,0.0366540998825041,0.639863952663385,0.68520409946408,0.715218613306097,0.841544958405622,1841.6,-4,0.093,0.0300145138420169,0.0833421537887949,524,3b6c938db84fc8c2e3182ad48105ce42b7d77ed3,2026-07-21 08:07:47,2026-06-06 14:01:41,phoenix,rush,17,24,Final,2026-05-02 19:00:00
2026-05-02-TOR-PHI,tnye,-5.53,44.55,cwhite1,-20.63,56.22,0,0,0,"mcampanel,eholmgren,cwhite1,crawlins,esarles,tnye,ndigiorgi",True,2026-05-02-TOR-PHI,6,10,2,6,406,1,3,True,True,202,home,160,1777765445.0,18,False,"amuraoka,rjamieson,lcomire,nhsieh,orobinson,ebembenis,ezhuang",161,525,a995ca27149340fe52c350c0dcaa403c46fc7655786c8b404d62858dadcdb35f,1777765445.0,False,202,397.2,19.0839959128061,-15.1,11.67,52.3014401319346,c0924e7f90ff2c95a0ea6ec4ed253061424b8914487e02334092f22c3acb9c32,0.971142866295173,0.0288571337048266,0.639863952663385,0.715083210367851,0.735529536195202,0.76711912019026,1837.2,-4,0.094,0.0204463258273505,0.0567738941396209,525,9406542ac6b537e9539bf49a0ead44836ba59b05,2026-07-21 08:07:47,2026-06-06 14:01:41,phoenix,rush,17,24,Final,2026-05-02 19:00:00
2026-05-02-TOR-PHI,cwhite1,-20.63,56.22,ndigiorgi,-5.81,59.58,0,0,0,"mcampanel,eholmgren,cwhite1,crawlins,esarles,tnye,ndigiorgi",True,2026-05-02-TOR-PHI,6,10,2,6,406,1,4,True,True,203,home,161,1777765452.0,18,False,"amuraoka,rjamieson,lcomire,nhsieh,orobinson,ebembenis,ezhuang",162,526,04248745a7cb07a45d0e3061540ff5795d6fd04429e78e3fe2616ad2b31b600a,1777765452.0,False,203,392.8,15.1961179253124,14.82,3.36,-77.225815720283,8e3248831827e28812ab411234625bf112146b681635b45e90cfa5f7f9b87a31,0.966984742049663,0.0330152579503371,0.639863952663385,0.735400429171267,0.773725557946764,0.777239448746907,1832.8,-4,0.097,0.0383251287754972,0.106418474515202,526,36d9c73c8c46945f3246b0261a44ab114bb5bb11,2026-07-21 08:07:47,2026-06-06 14:01:41,phoenix,rush,17,24,Final,2026-05-02 19:00:00
2026-05-02-TOR-PHI,ndigiorgi,-5.81,59.58,esarles,-23.79,72.83,0,0,0,"mcampanel,eholmgren,cwhite1,crawlins,esarles,tnye,ndigiorgi",True,2026-05-02-TOR-PHI,6,10,2,6,406,1,5,True,True,204,home,162,1777765461.0,18,False,"amuraoka,rjamieson,lcomire,nhsieh,orobinson,ebembenis,ezhuang",163,527,7b314d9e9c27ed0f635817d5252de902141efd7e4086c808791b9fce10615e1e,1777765461.0,False,204,388.4,22.3347912459463,-17.98,13.25,53.6123873073552,7b8bd3f68f733fa62ac20efb2e217b52bea181a69f86125405aaf5e0ef7dee9a,0.930184557511026,0.0698154424889743,0.639863952663385,0.773610692373715,0.794269521569979,0.676534237789059,1828.4,-4,0.099,0.0206588291962641,0.0573639582847825,527,881e1b3b9583e2310d4579d8698d24bb411c29df,2026-07-21 08:07:47,2026-06-06 14:01:41,phoenix,rush,17,24,Final,2026-05-02 19:00:00
2026-05-02-TOR-PHI,esarles,-23.79,72.83,eholmgren,8.88,78.74,0,0,0,"mcampanel,eholmgren,cwhite1,crawlins,esarles,tnye,ndigiorgi",True,2026-05-02-TOR-PHI,6,10,2,6,406,1,6,True,True,205,home,163,1777765463.0,18,False,"amuraoka,rjamieson,lcomire,nhsieh,orobinson,ebembenis,ezhuang",164,528,018848711813df186346751ebb33580f8b60b73daba667c593c4df3b5f1d46b5,1777765463.0,False,205,384.0,33.2002560231092,32.67,5.91,-79.7460913319773,43609d83360fc02e0650c35bcdc87840473b591920d1ffdfb0265b6edd3d9759,0.85355402039582,0.14644597960418,0.639863952663385,0.794164623726359,0.854303050384904,0.702048415707312,1824.0,-4,0.105,0.0601384266585452,0.166988078819931,528,0ae513aa72642603216acd642c5a997562167b90,2026-07-21 08:07:47,2026-06-06 14:01:41,phoenix,rush,17,24,Final,2026-05-02 19:00:00
2026-05-02-TOR-PHI,eholmgren,8.88,78.74,ndigiorgi,16.3,84.85,0,0,0,"mcampanel,eholmgren,cwhite1,crawlins,esarles,tnye,ndigiorgi",True,2026-05-02-TOR-PHI,6,10,2,6,406,1,7,True,True,206,home,164,1777765465.0,18,False,"amuraoka,rjamieson,lcomire,nhsieh,orobinson,ebembenis,ezhuang",165,529,8ae6de237465cf0d758213cd3a2ebe9e49714ba8dc47dc3f2b4dde8aed45f77d,1777765465.0,False,206,379.6,9.61189367398537,7.42,6.11,-50.5302468683734,4f6fc399d2bd1e991305108f6a09a2a8844e4a88db3aff07e818e2ce2d61b693,0.979116673275015,0.0208833267249848,0.639863952663385,0.854225720017674,0.873055330942427,0.671281617068431,1819.6,-4,0.106,0.0188296109247531,0.0522847159122432,529,de95d04c7acc3c849b7bd2cce08e937da17bf3f3,2026-07-21 08:07:47,2026-06-06 14:01:41,phoenix,rush,17,24,Final,2026-05-02 19:00:00
2026-05-02-TOR-PHI,ndigiorgi,16.3,84.85,eholmgren,10.6,76.81,0,0,0,"mcampanel,eholmgren,cwhite1,crawlins,esarles,tnye,ndigiorgi",True,2026-05-02-TOR-PHI,6,10,2,6,406,1,8,True,True,207,home,165,1777765484.0,18,False,"amuraoka,rjamieson,lcomire,nhsieh,orobinson,ebembenis,ezhuang",166,530,57dec4c878572efdbd4b343821ea55578483d33aae5c325061fc7469f85608c2,1777765484.0,False,207,375.2,9.85553651507618,-5.7,-8.03999999999999,144.665066512244,9b32d2940dd0d4cb37311d52963fd9e0aea675489d3f22c3b852b042d0dc6de5,0.977498785817467,0.0225012141825333,0.639863952663385,0.872989491452813,0.845219577945958,0.707504086025792,1815.2,-4,0.104,-0.0277699135068558,-0.077109508232314,530,60a72baa3d843dee8c2d04eba5f39846cae79605,2026-07-21 08:07:47,2026-06-06 14:01:41,phoenix,rush,17,24,Final,2026-05-02 19:00:00
2026-05-02-TOR-PHI,eholmgren,10.6,86.81,mcampanel,18.36,87.73,0,0,0,"mcampanel,eholmgren,cwhite1,crawlins,esarles,tnye,ndigiorgi",True,2026-05-02-TOR-PHI,6,10,2,6,406,1,9,True,True,208,home,167,1777765495.0,18,False,"amuraoka,rjamieson,lcomire,nhsieh,orobinson,ebembenis,ezhuang",168,532,150a14c9249302370942840bcc77b231264aa429ebaa5848cf965f8d3acaa8cd,1777765495.0,False,208,370.8,7.81434578195769,7.76,0.920000000000002,-83.2387614899628,776457ca248c2462864a738cd50f96dbb5a29fbc9922cf40c168a153d480eb14,0.983247973466946,0.016752026533054,0.639863952663385,0.88602729060321,0.88116375127199,0.655287089578026,1810.8,-4,0.107,-0.00486353933122008,-0.0135047279137658,532,cc33b5df1abda9a49ce80470b651e86c13a1c337,2026-07-21 08:07:47,2026-06-06 14:01:41,phoenix,rush,17,24,Final,2026-05-02 19:00:00
2026-05-02-TOR-PHI,mcampanel,18.36,87.73,eholmgren,9.43,82.1,0,0,0,"mcampanel,eholmgren,cwhite1,crawlins,esarles,tnye,ndigiorgi",True,2026-05-02-TOR-PHI,6,10,2,6,406,1,10,True,True,209,home,168,1777765498.0,18,False,"amuraoka,rjamieson,lcomire,nhsieh,orobinson,ebembenis,ezhuang",169,533,c3faf249400c0e78563578127adee8feab009c26a78980c31d4644e7f057a0dc,1777765498.0,False,209,366.4,10.5565998313851,-8.93,-5.63000000000001,122.229755532468,0b89836f45c0348225f50388aa3cc82d7a7041e13441744b300a310a6eebc85a,0.972396571051326,0.0276034289486741,0.639863952663385,0.881109299453726,0.867709079473593,0.689898517635286,1806.4,-4,0.106,-0.0134002199801333,-0.0372087717384432,533,7f8b08d6039c3f5d953004a4165f970d99f83c8a,2026-07-21 08:07:47,2026-06-06 14:01:41,phoenix,rush,17,24,Final,2026-05-02 19:00:00
2026-05-02-TOR-PHI,eholmgren,9.43,82.1,mcampanel,9.3,76.27,0,0,0,"mcampanel,eholmgren,cwhite1,crawlins,esarles,tnye,ndigiorgi",True,2026-05-02-TOR-PHI,6,10,2,6,406,1,11,True,True,210,home,169,1777765503.0,18,False,"amuraoka,rjamieson,lcomire,nhsieh,orobinson,ebembenis,ezhuang",170,534,a061e5220494463bb8ae8cbd136316eb78c6a9e806633d2dd9a8b3cb17b7b03c,1777765503.0,False,210,362.0,5.83144921953368,-0.129999999999999,-5.83,178.7226042546,e1e3f2787bc0fef5401c3f0a62af350051f618378aaec68b90cded227a14f90c,0.985566208758971,0.0144337912410288,0.639863952663385,0.867654764073891,0.843370751931611,0.709963940286465,1802.0,-4,0.103,-0.0242840121422796,-0.0674301068217745,534,e3fa215a669578e048204b8ddc11d6b243dcc37e,2026-07-21 08:07:47,2026-06-06 14:01:41,phoenix,rush,17,24,Final,2026-05-02 19:00:00
2026-05-02-TOR-PHI,mcampanel,9.3,76.27,eholmgren,-5.39,79.7,0,0,0,"mcampanel,eholmgren,cwhite1,crawlins,esarles,tnye,ndigiorgi",True,2026-05-02-TOR-PHI,6,10,2,6,406,1,12,True,True,211,home,170,1777765506.0,18,False,"amuraoka,rjamieson,lcomire,nhsieh,orobinson,ebembenis,ezhuang",171,535,001aab0917ebcf8cae6d7a9bfdaaab8b384009426e3b32ed724f9cb6a99ce54c,1777765506.0,False,211,357.6,15.0851251237767,-14.69,3.43000000000001,76.8573471400636,5c2e0f7a1be5d0777bcf459aff5cf1ded517d773d7bcd18856ec9d39ab7001b3,0.966341307232374,0.0336586927676263,0.639863952663385,0.843315217361703,0.858625585719673,0.699134862971382,1797.6,-4,0.105,0.0153103683579703,0.0425127350377671,535,e3029f7da7e8ac2a1d671210e2dcc0767d43a022,2026-07-21 08:07:47,2026-06-06 14:01:41,phoenix,rush,17,24,Final,2026-05-02 19:00:00
2026-05-02-TOR-PHI,eholmgren,-5.39,79.7,esarles,2.84,90.89,0,0,0,"mcampanel,eholmgren,cwhite1,crawlins,esarles,tnye,ndigiorgi",True,2026-05-02-TOR-PHI,6,10,2,6,406,1,13,True,True,212,home,171,1777765509.0,18,False,"amuraoka,rjamieson,lcomire,nhsieh,orobinson,ebembenis,ezhuang",172,536,3c5a73b21a803ed6e3c00d0532fe43916d88e055a63b29d30a41bf3308d61816,1777765509.0,False,212,353.2,13.8906083380103,8.23,11.19,-36.3336677060085,f139373e66c11b016178184f23a1fbf366fd90ef859ecd2d5010b9fe86fd950a,0.963991633970795,0.0360083660292053,0.639863952663385,0.858580802273036,0.902446770953787,0.664243002412661,1793.2,-4,0.11,0.0438659686807512,0.121803882186084,536,20b8c02c83bafdf8a16293b2e450d652be217c2d,2026-07-21 08:07:47,2026-06-06 14:01:41,phoenix,rush,17,24,Final,2026-05-02 19:00:00
2026-05-02-TOR-PHI,esarles,2.84,90.89,,-6.77,101.73,1,0,0,"mcampanel,eholmgren,cwhite1,crawlins,esarles,tnye,ndigiorgi",True,2026-05-02-TOR-PHI,6,10,2,6,406,1,14,True,True,213,home,172,1777765513.0,22,False,"amuraoka,rjamieson,lcomire,nhsieh,orobinson,ebembenis,ezhuang",173,537,de0178034e3e7682be941a2b4504112a250dcfa8405f4154ac63dbb2e17690fa,1777765513.0,False,213,348.8,14.4864660977065,-9.61,10.84,41.5579946125875,1dca805567506cfd8912cb82b9c2bc9aeec80e53262d2b3e3174200082a1517c,0.955463573413858,-0.955463573413858,0.639863952663385,0.902418293849791,0.937198757142396,0.639122310961314,1788.8,-4,0.062,-0.639122310961314,-0.639122310961314,537,1bab9d9cdc407f5c5b3d23a0f9383138db430b5a,2026-07-21 08:07:47,2026-06-06 14:01:41,phoenix,rush,17,24,Final,2026-05-02 19:00:00
2026-05-02-TOR-PHI,lcomire,0.72,24.91,ebembenis,-12.88,27.39,0,0,0,"amuraoka,rjamieson,lcomire,nhsieh,orobinson,ebembenis,ezhuang",False,2026-05-02-TOR-PHI,6,10,2,6,406,2,1,False,False,214,away,140,,18,False,"mcampanel,eholmgren,cwhite1,crawlins,esarles,tnye,ndigiorgi",141,145,2854afb5c45b88262733d6d641eba39b75a1c6cf9e656aec10208dfe0c021757,1777763179.0,True,214,344.4,13.8242685159107,-13.6,2.48,79.6654973333062,8c0aa625b6914d0d369b1553c0e42e7747cce87509da24f15dd6ef3f07e20059,0.985057952649468,0.0149420473505323,0.636899697333698,0.652617114902952,0.653992328043843,0.906186181608118,1784.4,-4,0.061,0.00137521314089106,0.00378741942871614,145,5058968102ae7d3e1b203d7fc87043b67beec2a1,2026-07-21 08:07:47,2026-06-06 14:01:41,phoenix,rush,17,24,Final,2026-05-02 19:00:00
2026-05-02-TOR-PHI,ebembenis,-12.88,27.39,orobinson,-21.52,31.92,0,0,0,"amuraoka,rjamieson,lcomire,nhsieh,orobinson,ebembenis,ezhuang",False,2026-05-02-TOR-PHI,6,10,2,6,406,2,2,False,False,215,away,141,,18,False,"mcampanel,eholmgren,cwhite1,crawlins,esarles,tnye,ndigiorgi",142,147,a280b686147a7ed05ae24af968bdf1bc626bd7b712a3d92f00212b4da366c1b3,1777763180.0,True,215,340.0,9.75553688937723,-8.64,4.53,62.3317276678008,295da445aef0df88d97a97fd2eed29a488523c655f188fbb6c18a3a283274f93,0.989274026953712,0.0107259730462881,0.636899697333698,0.653935570040728,0.636951417818301,0.874916320471391,1780.0,-4,0.062,-0.0169841522224271,-0.0467753733547173,147,61f9328fc5f8244f8c62269107bc327936a46477,2026-07-21 08:07:47,2026-06-06 14:01:41,phoenix,rush,17,24,Final,2026-05-02 19:00:00
2026-05-02-TOR-PHI,orobinson,-21.52,31.92,lcomire,1.06,32.19,0,0,0,"amuraoka,rjamieson,lcomire,nhsieh,orobinson,ebembenis,ezhuang",False,2026-05-02-TOR-PHI,6,10,2,6,406,2,3,False,False,216,away,142,,18,False,"mcampanel,eholmgren,cwhite1,crawlins,esarles,tnye,ndigiorgi",143,148,3c0eb30024ad39d112f878ad939522be7c6ea9bc588af51c3156e865333dfeb8,1777763181.0,True,216,335.6,22.5816142027092,22.58,0.269999999999996,-89.3149192546136,9bbb8163fd7995dc17b8a52012a61cf0efa79157fb5ff3a495bd94afa46a519c,0.96099772337801,0.0390022766219903,0.636899697333698,0.636899697333698,0.673236936343291,0.891001392373888,1775.6,-4,0.06,0.0363372390095926,0.100074934509177,148,41942bef07fd055fe34572d27c33a2b0386cdfe9,2026-07-21 08:07:47,2026-06-06 14:01:41,phoenix,rush,17,24,Final,2026-05-02 19:00:00
2026-05-02-TOR-PHI,lcomire,1.06,32.19,orobinson,-11.98,31.02,0,0,0,"amuraoka,rjamieson,lcomire,nhsieh,orobinson,ebembenis,ezhuang",False,2026-05-02-TOR-PHI,6,10,2,6,406,2,4,False,False,217,away,143,,18,False,"mcampanel,eholmgren,cwhite1,crawlins,esarles,tnye,ndigiorgi",144,150,63bb8b9a84b9617c21652b933036faaed64fdffbfb7d1cdb362d151095a127bd,1777763182.0,True,217,331.2,13.0923832818933,-13.04,-1.17,95.1270734134379,332555b12cfffec85a6e58edc58d8a04e23cd82df9c55deba39f1cc3d3321f71,0.986056537967506,0.0139434620324942,0.636899697333698,0.673192366434465,0.665536256655891,0.893315458997503,1771.2,-4,0.061,-0.00765610977857334,-0.0210853852843232,150,71de3db0feba0b83539c5da215240593766f36e6,2026-07-21 08:07:47,2026-06-06 14:01:41,phoenix,rush,17,24,Final,2026-05-02 19:00:00
2026-05-02-TOR-PHI,orobinson,-11.98,31.02,ebembenis,-0.25,32.33,0,0,0,"amuraoka,rjamieson,lcomire,nhsieh,orobinson,ebembenis,ezhuang",False,2026-05-02-TOR-PHI,6,10,2,6,406,2,5,False,False,218,away,144,,18,False,"mcampanel,eholmgren,cwhite1,crawlins,esarles,tnye,ndigiorgi",145,151,3c0d7af7bd9756a8d198f300c59920299a9e7dd19cd9d40aac881a75fee6299c,1777763183.0,True,218,326.8,11.8029233666918,11.73,1.31,-83.6276437105866,45a3e647da1ac26bb5a486f6a11451f823660b58854126027bd5fbfb2e3b14af,0.985619915224881,0.0143800847751193,0.636899697333698,0.665494489268607,0.673582417866109,0.890446577646651,1766.8,-4,0.06,0.00808792859750251,0.0222746401975201,151,4f3c979c14e2c9372fb4308bd7acb4e636e986d4,2026-07-21 08:07:47,2026-06-06 14:01:41,phoenix,rush,17,24,Final,2026-05-02 19:00:00
2026-05-02-TOR-PHI,ebembenis,-0.25,32.33,orobinson,2.91,34.66,0,0,0,"amuraoka,rjamieson,lcomire,nhsieh,orobinson,ebembenis,ezhuang",False,2026-05-02-TOR-PHI,6,10,2,6,406,2,6,False,False,219,away,145,,18,False,"mcampanel,eholmgren,cwhite1,crawlins,esarles,tnye,ndigiorgi",146,153,8588cfc9d2d293dd85eef7c2f5b738a5400fe44c0bb67da1eff0004c46ecd7cc,1777763184.0,True,219,322.4,3.92613041046779,3.16,2.33,-53.5970978568888,982ff335effaa77376e1ff235c198210b299c3a54e9b8d53992f6c2529db0a70,0.992963221310861,0.0070367786891391,0.636899697333698,0.673543111702273,0.680596648546973,0.881359495831659,1762.4,-4,0.06,0.00705353684469978,0.0194258633025216,153,dc2daa4ccf414dbb1c68b7c0a89279f7f1c500ea,2026-07-21 08:07:47,2026-06-06 14:01:41,phoenix,rush,17,24,Final,2026-05-02 19:00:00
2026-05-02-TOR-PHI,orobinson,2.91,34.66,amuraoka,-1.82,49.29,0,0,0,"amuraoka,rjamieson,lcomire,nhsieh,orobinson,ebembenis,ezhuang",False,2026-05-02-TOR-PHI,6,10,2,6,406,2,7,False,False,220,away,146,,18,False,"mcampanel,eholmgren,cwhite1,crawlins,esarles,tnye,ndigiorgi",147,154,2deac4de1cb63877a264d5ddf92e6249971dbcf361233166e0ab77a8729af527,1777763185.0,True,220,318.0,15.3756235645908,-4.73,14.63,17.9164491356313,64647e15a3ef5338df9fa8a2d2105f0625be3a590d758c6354f65b852538cb79,0.972779648975562,0.0272203510244379,0.636899697333698,0.680558388023008,0.731684264583429,0.820495213698798,1758.0,-4,0.057,0.0511258765604216,0.140803728845711,154,26a106f9a58ddcfb8add043e242627ab709c32d6,2026-07-21 08:07:47,2026-06-06 14:01:41,phoenix,rush,17,24,Final,2026-05-02 19:00:00
2026-05-02-TOR-PHI,amuraoka,-1.82,49.29,nhsieh,-15.62,41.67,0,0,0,"amuraoka,rjamieson,lcomire,nhsieh,orobinson,ebembenis,ezhuang",False,2026-05-02-TOR-PHI,6,10,2,6,406,2,8,False,False,221,away,147,,18,False,"mcampanel,eholmgren,cwhite1,crawlins,esarles,tnye,ndigiorgi",148,155,926091bdf97066ba9a8a1b169652b33f9574b6aa6ae6b650e60cb71c20612306,1777763186.0,True,221,313.6,15.7640223293422,-13.8,-7.62,118.906334390644,03f9d8fc5c71eb8a3dd6b4b9f46ad9fa2da5e0ab9fae145c59bf93fe8fa0e8bf,0.984447084374729,0.0155529156252707,0.636899697333698,0.731649056828654,0.693939247842755,0.845867277562481,1753.6,-4,0.059,-0.0377098089858994,-0.103855074504181,155,70f3c8b5281bb8884b5dd3aadad9cf77667c3b48,2026-07-21 08:07:47,2026-06-06 14:01:41,phoenix,rush,17,24,Final,2026-05-02 19:00:00
2026-05-02-TOR-PHI,nhsieh,-15.62,41.67,lcomire,-6.63,52.37,0,0,0,"amuraoka,rjamieson,lcomire,nhsieh,orobinson,ebembenis,ezhuang",False,2026-05-02-TOR-PHI,6,10,2,6,406,2,9,False,False,222,away,148,,18,False,"mcampanel,eholmgren,cwhite1,crawlins,esarles,tnye,ndigiorgi",149,157,ced8da4df90760add5cf6d515e2bbf28a98e92c2631d77a1174cbe8dc0d9e143,1777763187.0,True,222,309.2,13.9753389940996,8.99,10.7,-40.0365377109618,7e7151207b0eaa295b5879997b74297414bc0355576adabdd0078ea2ad9a884f,0.971313913708498,0.0286860862915022,0.636899697333698,0.693899156539271,0.742945037374924,0.806622487341761,1749.2,-4,0.057,0.0490458808356534,0.135075295932011,157,f8f74f5e9b6a12e152673102fa77679ac491dc54,2026-07-21 08:07:47,2026-06-06 14:01:41,phoenix,rush,17,24,Final,2026-05-02 19:00:00
2026-05-02-TOR-PHI,lcomire,-6.63,52.37,amuraoka,-2.58,52.17,0,0,0,"amuraoka,rjamieson,lcomire,nhsieh,orobinson,ebembenis,ezhuang",False,2026-05-02-TOR-PHI,6,10,2,6,406,2,10,False,False,223,away,149,,18,False,"mcampanel,eholmgren,cwhite1,crawlins,esarles,tnye,ndigiorgi",150,158,e8e68132395185b814a7617d891fea40948cc480f8f2436623306d5fad2764eb,1777763188.0,True,223,304.8,4.05493526458808,4.05,-0.199999999999996,-92.8271245781612,04f733636c67afc70bd26e9e5957c9d907077c75e2e860e647abc27e8f4bce42,0.991315582442373,0.00868441755762683,0.636899697333698,0.742906021571388,0.742699122220138,0.80797275876841,1744.8,-4,0.057,-0.000206899351249512,-0.000569813216156026,158,472b4b0a718146be367e784a5fad855007fca4c7,2026-07-21 08:07:47,2026-06-06 14:01:41,phoenix,rush,17,24,Final,2026-05-02 19:00:00
2026-05-02-TOR-PHI,amuraoka,-2.58,52.17,lcomire,0.1,59.45,0,0,0,"amuraoka,rjamieson,lcomire,nhsieh,orobinson,ebembenis,ezhuang",False,2026-05-02-TOR-PHI,6,10,2,6,406,2,11,False,False,224,away,150,,18,False,"mcampanel,eholmgren,cwhite1,crawlins,esarles,tnye,ndigiorgi",151,160,e9d7246079f202238177135f6837ba86ec4efa801aa15d2fc3d41f3e4b68af8a,1777763189.0,True,224,300.4,7.75762850360856,2.68,7.28,-20.2102692151572,2580ea46268ee31a85f306777dae2c1a9b5909ca3f9263242334486b979d2581,0.985839878218931,0.0141601217810691,0.636899697333698,0.742655949103798,0.772372797911088,0.776977690848521,1740.4,-4,0.055,0.02971684880729,0.0818419830252813,160,4c602b774ffdd0510fd7919d74937a0f3aa75a9f,2026-07-21 08:07:47,2026-06-06 14:01:41,phoenix,rush,17,24,Final,2026-05-02 19:00:00
2026-05-02-TOR-PHI,lcomire,0.1,59.45,ezhuang,-3.27,65.49,0,0,0,"amuraoka,rjamieson,lcomire,nhsieh,orobinson,ebembenis,ezhuang",False,2026-05-02-TOR-PHI,6,10,2,6,406,2,12,False,False,225,away,151,,18,False,"mcampanel,eholmgren,cwhite1,crawlins,esarles,tnye,ndigiorgi",152,161,0ce73353181ec3b4bc871f2d658a17131b8bf22acd5867d6bad6f35baf0a8edd,1777763190.0,True,225,296.0,6.91653815141649,-3.37,6.03999999999999,29.1592023726633,917c73321d8239840755a12fd9fa61749bfa1bb7cc98c31381d43cafbb0eee20,0.986194544016916,0.0138054559830841,0.636899697333698,0.772328202824957,0.797760167348679,0.751903449812915,1736.0,-4,0.054,0.0254319645237214,0.0700411548461143,161,9a63976006455b9eaba2df2b79edddc38533b29f,2026-07-21 08:07:47,2026-06-06 14:01:41,phoenix,rush,17,24,Final,2026-05-02 19:00:00
2026-05-02-TOR-PHI,ezhuang,-3.27,65.49,nhsieh,-16.51,66.31,0,0,0,"amuraoka,rjamieson,lcomire,nhsieh,orobinson,ebembenis,ezhuang",False,2026-05-02-TOR-PHI,6,10,2,6,406,2,13,False,False,226,away,152,,18,False,"mcampanel,eholmgren,cwhite1,crawlins,esarles,tnye,ndigiorgi",153,162,6f4d9b3acf993cef3cafcfc25de7099471d15ebb3cc4dcab61e4e4b04a6d0033,1777763191.0,True,226,291.6,13.2653684456935,-13.24,0.820000000000007,86.4559965420148,21191cac636c800272796c08cbc84df68c16bd276615db9033aa7d35b0dc5758,0.980692459248966,0.0193075407510345,0.636899697333698,0.797713785838905,0.792096802050051,0.735858524524905,1731.6,-4,0.054,-0.00561698378885422,-0.0154695100709304,162,8324cd01688bf185f82a8f2daf402c90af67129d,2026-07-21 08:07:47,2026-06-06 14:01:41,phoenix,rush,17,24,Final,2026-05-02 19:00:00
2026-05-02-TOR-PHI,nhsieh,-16.51,66.31,ebembenis,-20.63,80.59,0,0,0,"amuraoka,rjamieson,lcomire,nhsieh,orobinson,ebembenis,ezhuang",False,2026-05-02-TOR-PHI,6,10,2,6,406,2,14,False,False,227,away,153,,18,False,"mcampanel,eholmgren,cwhite1,crawlins,esarles,tnye,ndigiorgi",154,163,341efac23a587d31f0d2d8849ce089637b5ab353d371f302c57086f7beb21e41,1777763192.0,True,227,287.2,14.8624627838054,-4.12,14.28,16.0936656093557,7360695d2baa66178a874fec34daf3c5ffdc60a4fa1d3c7bca6ad3d690c6290e,0.967493452795272,0.0325065472047285,0.636899697333698,0.792042885223229,0.845596773523844,0.66429861493091,1727.2,-4,0.051,0.0535538883006144,0.147490618728103,163,de00e985c9ceb5a47b342f33d58d0ab32e6d38bf,2026-07-21 08:07:47,2026-06-06 14:01:41,phoenix,rush,17,24,Final,2026-05-02 19:00:00
2026-05-02-TOR-PHI,ebembenis,-20.63,80.59,ezhuang,-22.35,92.4,0,0,0,"amuraoka,rjamieson,lcomire,nhsieh,orobinson,ebembenis,ezhuang",False,2026-05-02-TOR-PHI,6,10,2,6,406,2,15,False,False,228,away,154,,18,False,"mcampanel,eholmgren,cwhite1,crawlins,esarles,tnye,ndigiorgi",155,164,9882907a1aa7f67d3fc6a61a0cd2eb54d31feacbb22edae02986a733446120d3,1777763193.0,True,228,282.8,11.9345925778805,-1.72,11.81,8.28625825721582,0d65527c93770746146503157dc341cfb347090d66cbd8dfd09186eed62c417e,0.962781831200855,0.037218168799145,0.636899697333698,0.845548016283302,0.890934599422422,0.615649494340763,1722.8,-4,0.049,0.0453865831391194,0.12499737071503,164,328c619742865178ba2f00807a2562fa3edfff9b,2026-07-21 08:07:47,2026-06-06 14:01:41,phoenix,rush,17,24,Final,2026-05-02 19:00:00
2026-05-02-TOR-PHI,ezhuang,-22.35,92.4,rjamieson,-23.79,101.87,0,0,0,"amuraoka,rjamieson,lcomire,nhsieh,orobinson,ebembenis,ezhuang",False,2026-05-02-TOR-PHI,6,11,2,6,406,2,16,False,False,229,away,155,,19,False,"mcampanel,eholmgren,cwhite1,crawlins,esarles,tnye,ndigiorgi",156,165,f490c844fa85d11c044cd386cf339f5f65bf9c28119f3e0f7a8ea9a8ef318574,1777763194.0,True,229,278.4,9.57885692554179,-1.44,9.47,8.64611417396497,4250cbe2528796ba85f38df9e0155082dd9959a9ed1e5b6f647c6ee4a7e3e864,0.949223474732453,0.0507765252675467,0.636899697333698,0.890893246079235,1.0,0.584279250436061,1718.4,-4,0.047,0.109106753920765,0.300486540825159,165,02fe5a096287c5c5006f18a809eb86c89a81509c,2026-07-21 08:07:47,2026-06-06 14:01:41,phoenix,rush,17,24,Final,2026-05-02 19:00:00
2026-05-02-TOR-PHI,mhanna,0.0,40.0,czaleski,17.6,47.29,0,0,0,"mhanna,bpastor,czaleski,jbray,idietrich,sdavies1,jkeller",True,2026-05-02-TOR-PHI,6,11,2,7,274,1,1,True,True,230,home,175,1777765657.0,18,False,"nnishizak,lkeillor,dpetsinis,hnorris,nho,mayad,pturner",176,540,e70ac8649f0f3491f149a2e2676f8dcdfbcc6d22625e5c8f679c9ade9689cd0f,1777765657.0,False,230,274.0,19.0500419947044,17.6,7.29,-67.5004409738694,75222db6d9e11a7e89aa70bcca0f4d077923703475128b57e8ed04ca99009893,0.974892010062176,0.025107989937824,0.697533853486428,0.697533853486428,0.706471619492739,0.818191192539933,1714.0,-5,0.052,0.00893776600631102,0.0295496408749664,540,ac13bd4faab7fc319e5d8f8101c520e4fb634cb8,2026-07-21 08:07:47,2026-06-16 08:07:02,phoenix,rush,17,24,Final,2026-05-02 19:00:00
2026-05-02-TOR-PHI,czaleski,17.6,47.29,jbray,22.2,60.89,0,0,0,"mhanna,bpastor,czaleski,jbray,idietrich,sdavies1,jkeller",True,2026-05-02-TOR-PHI,6,11,2,7,274,1,2,True,True,231,home,176,1777765662.0,18,False,"nnishizak,lkeillor,dpetsinis,hnorris,nho,mayad,pturner",177,541,214a1ea43d3bf4d796f4996d0ac77c34d0937a9ed229ef4a483d3f0bf6d9d22b,1777765662.0,False,231,268.666666666667,14.3568798838745,4.6,13.6,-18.6873515052112,9308507545427ef0b9c55f563faf30fc90a246664d81b73c71805e5d9771db93,0.970302600274153,0.029697399725847,0.697533853486428,0.706332014465668,0.744372911943051,0.737351589854781,1708.66666666667,-5,0.053,0.0380408974773836,0.125769108099761,541,9eca53a6f7dfce427b9e6da269f2adac4680187d,2026-07-21 08:07:47,2026-06-16 08:07:02,phoenix,rush,17,24,Final,2026-05-02 19:00:00
2026-05-02-TOR-PHI,jbray,22.2,60.89,jkeller,17.81,54.64,0,0,0,"mhanna,bpastor,czaleski,jbray,idietrich,sdavies1,jkeller",True,2026-05-02-TOR-PHI,6,11,2,7,274,1,3,True,True,232,home,177,1777765667.0,18,False,"nnishizak,lkeillor,dpetsinis,hnorris,nho,mayad,pturner",178,542,20ead82bbbf65ac1dd6e985ff2dbc1e0ff2f8e10883598b2730496492018b905,1777765667.0,False,232,263.333333333333,7.63770908060788,-4.39,-6.25,144.915795316715,e675079838cf20e93c168338ff86eb0b7d73318adad56b4958b796500d5de18c,0.988527078778277,0.0114729212217233,0.697533853486428,0.744224754286055,0.735248590903849,0.784324910132407,1703.33333333333,-5,0.053,-0.00897616338220619,-0.0296765885560136,542,ef90f2fd3e821748694a3102ee2f38356fd280ea,2026-07-21 08:07:47,2026-06-16 08:07:02,phoenix,rush,17,24,Final,2026-05-02 19:00:00
2026-05-02-TOR-PHI,jkeller,17.81,54.64,czaleski,10.26,46.47,0,0,0,"mhanna,bpastor,czaleski,jbray,idietrich,sdavies1,jkeller",True,2026-05-02-TOR-PHI,6,11,2,7,274,1,4,True,True,233,home,178,1777765669.0,18,False,"nnishizak,lkeillor,dpetsinis,hnorris,nho,mayad,pturner",179,543,5d9422d4cbd26ce999c96c777d6401cbb71e581eb7f5957643dbac80c7ab3d84,1777765669.0,False,233,258.0,11.124360655786,-7.55,-8.17,137.258586593169,160122bb1974c572ce6f6eef3907ea1ccb5b6f5872a73aaca84d754f9b11847d,0.984453422062057,0.0155465779379435,0.697533853486428,0.735074397051036,0.717429714836124,0.830292304024593,1698.0,-5,0.052,-0.0176446822149118,-0.0583360565084597,543,5bd63d4114298b7a3bef3558a8d0ed37e813abfe,2026-07-21 08:07:47,2026-06-16 08:07:02,phoenix,rush,17,24,Final,2026-05-02 19:00:00
2026-05-02-TOR-PHI,czaleski,10.26,46.47,jkeller,22.41,53.27,0,0,0,"mhanna,bpastor,czaleski,jbray,idietrich,sdavies1,jkeller",True,2026-05-02-TOR-PHI,6,11,2,7,274,1,5,True,True,234,home,179,1777765675.0,18,False,"nnishizak,lkeillor,dpetsinis,hnorris,nho,mayad,pturner",180,544,602e717ffd72a12f303e487c47abd94212b0d6f8af5db9d0dbb8bc0b24f89bf6,1777765675.0,False,234,252.666666666667,13.9234514399268,12.15,6.8,-60.7655353073465,fd01e9cc0472e27147e22ca86a34622f136cd0eda38dde0c5035ca6190ae8914,0.978485928183637,0.0215140718163629,0.697533853486428,0.717222535028106,0.708338859913453,0.77130754205624,1692.66666666667,-5,0.052,-0.00888367511465371,-0.0293708079963755,544,fff978095bbb867c48ee8a250c48498a8e7a9b70,2026-07-21 08:07:47,2026-06-16 08:07:02,phoenix,rush,17,24,Final,2026-05-02 19:00:00
2026-05-02-TOR-PHI,jkeller,22.41,53.27,jbray,22.82,67.55,0,0,0,"mhanna,bpastor,czaleski,jbray,idietrich,sdavies1,jkeller",True,2026-05-02-TOR-PHI,6,11,2,7,274,1,6,True,True,235,home,180,1777765679.0,18,False,"nnishizak,lkeillor,dpetsinis,hnorris,nho,mayad,pturner",181,545,51d9f5e6028e0a9b12adee28890d5f0c703f564b80ad2bbecf6f29086ee2110e,1777765679.0,False,235,247.333333333333,14.2858846418414,0.41,14.28,-1.64459508311876,e442a729809562263cd5b60f5007474a6714fa011fef7b6ee537167a5fedc250,0.961128684785274,0.0388713152147258,0.697533853486428,0.708099218112398,0.7721631564349,0.702534421971717,1687.33333333333,-5,0.055,0.0640639383225016,0.21180531792052,545,c73d4fa8f7ba405f82fc336eadc3f1b4f7569363,2026-07-21 08:07:47,2026-06-16 08:07:02,phoenix,rush,17,24,Final,2026-05-02 19:00:00
2026-05-02-TOR-PHI,jbray,22.82,67.55,jkeller,14.86,61.92,0,0,0,"mhanna,bpastor,czaleski,jbray,idietrich,sdavies1,jkeller",True,2026-05-02-TOR-PHI,6,11,2,7,274,1,7,True,True,236,home,181,1777765685.0,18,False,"nnishizak,lkeillor,dpetsinis,hnorris,nho,mayad,pturner",182,546,22c7b198380cd94d593e808e4d403323a5dcc58188e0fabc5c2dc765d51a9c8c,1777765685.0,False,236,242.0,9.749794869637,-7.96,-5.63,125.271251263367,6ffd00aeabda967a9aa3f15711ac4595c745d16472e290146916a058c6e2f51c,0.981562851013277,0.0184371489867233,0.697533853486428,0.771932879293337,0.773368736046042,0.758069251235175,1682.0,-5,0.055,0.00143585675270486,0.00474716515965673,546,4bc50d6f4fccf5eaeba850285234705ee2f462d1,2026-07-21 08:07:47,2026-06-16 08:07:02,phoenix,rush,17,24,Final,2026-05-02 19:00:00
2026-05-02-TOR-PHI,jkeller,14.86,61.92,jbray,17.81,97.62,0,0,0,"mhanna,bpastor,czaleski,jbray,idietrich,sdavies1,jkeller",True,2026-05-02-TOR-PHI,6,11,2,7,274,1,8,True,True,237,home,182,1777765691.0,18,False,"nnishizak,lkeillor,dpetsinis,hnorris,nho,mayad,pturner",183,547,b8da52860c45cac187d86f50132caf93c4e93174186cb850c6433d0e14cb6bcb,1777765691.0,False,237,236.666666666667,35.821676398516,2.95,35.7,-4.7237930038536,676bd62b74b55b64cc273ae92b8a354cf79216078efc5b0c47d87328a6bb7a67,0.826678721084065,0.173321278915935,0.697533853486428,0.773111316649104,0.918037045900295,0.625847259733593,1676.66666666667,-5,0.063,0.144925729251191,0.479146942299832,547,0cdf04fa2012f60d691d4032ee1aff842be4776f,2026-07-21 08:07:47,2026-06-16 08:07:02,phoenix,rush,17,24,Final,2026-05-02 19:00:00
2026-05-02-TOR-PHI,jbray,17.81,87.62,jkeller,13.96,82.17,0,0,0,"mhanna,bpastor,czaleski,jbray,idietrich,sdavies1,jkeller",True,2026-05-02-TOR-PHI,6,11,2,7,274,1,9,True,True,238,home,184,1777765723.0,18,False,"nnishizak,lkeillor,dpetsinis,hnorris,nho,mayad,pturner",185,549,e02e7d432944fec8b438116b514a5faede6d18575ff984e0995b73c1e7a80632,1777765723.0,False,238,231.333333333333,6.6727055981813,-3.85,-5.45,144.761774775042,67ff1ef9335743356e87afed09ee15ef683e800d5fb445fc74a2d839984d9111,0.981104990898936,0.0188950091010639,0.697533853486428,0.88011047528937,0.863083104029523,0.681495311431777,1671.33333333333,-5,0.059,-0.0170273712598471,-0.0562951307315414,549,43d333fd5d0b8a4457df487ca371f1897715fe65,2026-07-21 08:07:47,2026-06-16 08:07:02,phoenix,rush,17,24,Final,2026-05-02 19:00:00
2026-05-02-TOR-PHI,jkeller,13.96,82.17,jbray,4.29,78.74,0,0,0,"mhanna,bpastor,czaleski,jbray,idietrich,sdavies1,jkeller",True,2026-05-02-TOR-PHI,6,11,2,7,274,1,10,True,True,239,home,185,1777765726.0,18,False,"nnishizak,lkeillor,dpetsinis,hnorris,nho,mayad,pturner",186,550,c51a606b53eafa7cd85567a5115441f273bab3927860261f9218738752c8776a,1777765726.0,False,239,226.0,10.2603021398008,-9.67,-3.43000000000001,109.529864327255,8880f9bfbeec4769b5ec22ddd914d1937960e99431d8c3b503b76c5a258fbbad,0.977088045040195,0.0229119549598046,0.697533853486428,0.862867892028061,0.852776203937901,0.699259909904111,1666.0,-5,0.059,-0.0100916880901599,-0.0333646862846752,550,e2974272b7a63dc989bdcb90122085e1e89e6f7e,2026-07-21 08:07:47,2026-06-16 08:07:02,phoenix,rush,17,24,Final,2026-05-02 19:00:00
2026-05-02-TOR-PHI,jbray,4.29,88.74,bpastor,4.29,88.74,0,0,0,"mhanna,bpastor,czaleski,jbray,idietrich,sdavies1,jkeller",True,2026-05-02-TOR-PHI,6,11,2,7,274,1,11,True,True,240,home,187,1777765739.0,18,False,"nnishizak,lkeillor,dpetsinis,hnorris,nho,mayad,pturner",188,552,bb7e5deb4b816a2be2cbfff6bcbac1a30289ab888149fdaf48c2ddfb71d1a4fc,1777765739.0,False,240,220.666666666667,0.0,0.0,0.0,-90.0,a834f9b19133987a288b39aaddd9fdb153b294df463e59875ca1e811a3558529,0.5,0.5,0.697533853486428,0.892807586836285,0.892807586836285,0.666448268033243,1660.66666666667,-5,0.061,0.0,0.0,552,1c62be601108ea7ba1147830c9f0d1f873a7e975,2026-07-21 08:07:47,2026-06-16 08:07:02,phoenix,rush,17,24,Final,2026-05-02 19:00:00
2026-05-02-TOR-PHI,bpastor,4.29,88.74,czaleski,-15.35,80.52,0,0,0,"mhanna,bpastor,czaleski,jbray,idietrich,sdavies1,jkeller",True,2026-05-02-TOR-PHI,6,11,2,7,274,1,12,True,True,241,home,188,1777765759.0,18,False,"nnishizak,lkeillor,dpetsinis,hnorris,nho,mayad,pturner",189,553,fdb93de4e0ba04791159450c867206beea29e9522a843a8e379b0b2c0f1bf70e,1777765759.0,False,241,215.333333333333,21.2907961335409,-19.64,-8.22,112.710948558666,0a8e781ae5c8fffc6fe5553b29c177e83a2edbd2fef94c3a6f89787eaf679c88,0.955423634960045,0.0445763650399554,0.697533853486428,0.892595392192508,0.854471383240728,0.681412289576972,1655.33333333333,-5,0.059,-0.0381240089517804,-0.126043887526665,553,2815483d861f4609e5320d269a3e454ceb1ce937,2026-07-21 08:07:47,2026-06-16 08:07:02,phoenix,rush,17,24,Final,2026-05-02 19:00:00
2026-05-02-TOR-PHI,czaleski,-15.35,80.52,jbray,-9.24,86.43,0,0,0,"mhanna,bpastor,czaleski,jbray,idietrich,sdavies1,jkeller",True,2026-05-02-TOR-PHI,6,11,2,7,274,1,13,True,True,242,home,189,1777765763.0,18,False,"nnishizak,lkeillor,dpetsinis,hnorris,nho,mayad,pturner",190,554,ceaed6ea66ad906ced1ed4e768f3a1f355ffe627e2cf0247ffdcc64c94af495c,1777765763.0,False,242,210.0,8.50059997882503,6.11,5.91000000000001,-45.9532527931153,96a65d2c8acc4ad45f77f295501fc466d60c3f0b961551d008ce0901e5d6e0e6,0.974265358917354,0.0257346410826459,0.697533853486428,0.854169044621724,0.882726703040075,0.67075688933032,1650.0,-5,0.061,0.0285576584183503,0.0944160486967719,554,fcabd25aa54e8b07913164327c9aceb63a375613,2026-07-21 08:07:47,2026-06-16 08:07:02,phoenix,rush,17,24,Final,2026-05-02 19:00:00
2026-05-02-TOR-PHI,jbray,-9.24,86.43,jkeller,-9.92,77.23,0,0,0,"mhanna,bpastor,czaleski,jbray,idietrich,sdavies1,jkeller",True,2026-05-02-TOR-PHI,6,11,2,7,274,1,14,True,True,243,home,190,1777765768.0,18,False,"nnishizak,lkeillor,dpetsinis,hnorris,nho,mayad,pturner",191,555,337dfb767e40c0b7c6794b0700dc08376fc7496cf73e5d067e68a7f802d445dc,1777765768.0,False,243,204.666666666667,9.22509620546041,-0.68,-9.2,175.772781334673,68b29c121cb0f57737c08df6aa53171933672a4be39a3aff14d3218d27ccf26b,0.980565966210141,0.0194340337898593,0.697533853486428,0.88245167408587,0.844011882954537,0.700513983728801,1644.66666666667,-5,0.058,-0.0384397911313329,-0.127087912397522,555,39ccf0eff3d9404d581ce096baae6b41b4888921,2026-07-21 08:07:47,2026-06-16 08:07:02,phoenix,rush,17,24,Final,2026-05-02 19:00:00
2026-05-02-TOR-PHI,jkeller,-9.92,77.23,czaleski,-9.72,65.14,0,0,0,"mhanna,bpastor,czaleski,jbray,idietrich,sdavies1,jkeller",True,2026-05-02-TOR-PHI,6,11,2,7,274,1,15,True,True,244,home,191,1777765772.0,18,False,"nnishizak,lkeillor,dpetsinis,hnorris,nho,mayad,pturner",192,556,3506b44f2bc72b47d7449481f942d9a161afea8aab9bb60d8b13d25932dd44cc,1777765772.0,False,244,199.333333333333,12.0916541465591,0.199999999999999,-12.09,-179.052265444212,984e95bfc840c0480f26072e9c4bc011ef4a78bcb66ed9739b75f641a97c9134,0.980902995165957,0.0190970048340429,0.697533853486428,0.843631054138408,0.790769809750656,0.746741116595852,1639.33333333333,-5,0.055,-0.0528612443877514,-0.174767473970445,556,c656b0c25df15ca1e46ca421aed670f7b73b82da,2026-07-21 08:07:47,2026-06-16 08:07:02,phoenix,rush,17,24,Final,2026-05-02 19:00:00
2026-05-02-TOR-PHI,czaleski,-9.72,65.14,jkeller,-0.45,64.05,0,0,0,"mhanna,bpastor,czaleski,jbray,idietrich,sdavies1,jkeller",True,2026-05-02-TOR-PHI,6,11,2,7,274,1,16,True,True,245,home,192,1777765774.0,18,False,"nnishizak,lkeillor,dpetsinis,hnorris,nho,mayad,pturner",193,557,f62a673d2af9c42e1f211d185b731569f70cf95ae2aeb4566a87f84ed88d278e,1777765774.0,False,245,194.0,9.33386308020425,9.27,-1.09,-96.706250666464,9ba86bb1588c9f4513f074dc6e76437ec778cdbe87c2514a9a81bb6a93aa44ad,0.984025486292045,0.0159745137079549,0.697533853486428,0.790250432563052,0.78710267785179,0.752711520453344,1634.0,-5,0.055,-0.00314775471126227,-0.0104069653663572,557,c038c4abb90f63a0952111aa93d342abd8378b30,2026-07-21 08:07:47,2026-06-16 08:07:02,phoenix,rush,17,24,Final,2026-05-02 19:00:00
2026-05-02-TOR-PHI,jkeller,-0.45,64.05,czaleski,12.18,75.24,0,0,0,"mhanna,bpastor,czaleski,jbray,idietrich,sdavies1,jkeller",True,2026-05-02-TOR-PHI,6,11,2,7,274,1,17,True,True,246,home,193,1777765778.0,18,False,"nnishizak,lkeillor,dpetsinis,hnorris,nho,mayad,pturner",194,558,d7e169254f551712f96eccc836bf5c427c7e916d8c8dea971c15daa2a60f41dd,1777765778.0,False,246,188.666666666667,16.8740333056445,12.63,11.19,-48.45951440926,436232be607f4b146959cf4b45caf2058bffa76d273c7ba30b793c9c84664c2c,0.962119625809766,0.0378803741902344,0.697533853486428,0.786533442558672,0.832297472936899,0.704098608972533,1628.66666666667,-5,0.057,0.0457640303782272,0.151302983509838,558,1f611966a0001ad13fb29a26ac49e4a3bbc9a025,2026-07-21 08:07:47,2026-06-16 08:07:02,phoenix,rush,17,24,Final,2026-05-02 19:00:00
2026-05-02-TOR-PHI,czaleski,12.18,75.24,jkeller,14.79,69.13,0,0,0,"mhanna,bpastor,czaleski,jbray,idietrich,sdavies1,jkeller",True,2026-05-02-TOR-PHI,6,11,2,7,274,1,18,True,True,247,home,194,1777765783.0,18,False,"nnishizak,lkeillor,dpetsinis,hnorris,nho,mayad,pturner",195,559,225690c97a6fb521b2686cc0fcbf7bb6ea9452de6a94b7e88fac87c017d4611c,1777765783.0,False,247,183.333333333333,6.64411017368014,2.61,-6.11,-156.869349114011,43415b855158bb989b1b643e14caaa13f2a1ecd23a7d2d4631db1f325254e644,0.986971827300259,0.0130281726997408,0.697533853486428,0.831785728673705,0.801024086936875,0.723082816899652,1623.33333333333,-5,0.056,-0.0307616417368303,-0.10170275943741,559,de9d9da06e2bb740633e1183362e4a56f9e69e48,2026-07-21 08:07:47,2026-06-16 08:07:02,phoenix,rush,17,24,Final,2026-05-02 19:00:00
2026-05-02-TOR-PHI,jkeller,14.79,69.13,czaleski,0.0,60.0,0,0,0,"mhanna,bpastor,czaleski,jbray,idietrich,sdavies1,jkeller",True,2026-05-02-TOR-PHI,6,11,2,7,274,1,19,True,True,248,home,195,1777765785.0,18,False,"nnishizak,lkeillor,dpetsinis,hnorris,nho,mayad,pturner",196,560,337bb88c8546a1ec8b0ecb217ef096f7ab2d45bbb762894de4bb363d1653da54,1777765785.0,False,248,178.0,17.3810529025143,-14.79,-9.13,121.687406602196,dedcc313d54071408422a9a7d239b39798ab479a0c84be40e6de52ebd23f64f9,0.972284276324968,0.0277157236750315,0.697533853486428,0.800394867366033,0.767746758142682,0.767746758142682,1618.0,-5,0.054,-0.032648109223351,-0.107939713583405,560,1c70caeb0038bb68ebb824385e64d7e3a2aab98d,2026-07-21 08:07:47,2026-06-16 08:07:02,phoenix,rush,17,24,Final,2026-05-02 19:00:00
2026-05-02-TOR-PHI,czaleski,0.0,60.0,jkeller,24.19,96.72,0,0,0,"mhanna,bpastor,czaleski,jbray,idietrich,sdavies1,jkeller",True,2026-05-02-TOR-PHI,6,11,2,7,274,1,20,True,True,249,home,196,1777765788.0,18,False,"nnishizak,lkeillor,dpetsinis,hnorris,nho,mayad,pturner",197,561,9a4a6ca4abfe4224df875d12e6c0286598fccdc59e6f39d7fab043c6fa09d5e5,1777765788.0,False,249,172.666666666667,43.97174661075,24.19,36.72,-33.375655845478,980b94936aab8ddea05bbc4549252a675f853886b7ba1f7e1ee94b4ddd0c417b,0.702092142534659,0.297907857465341,0.697533853486428,0.766977344955243,0.898894090773215,0.577024723532573,1612.66666666667,-5,0.061,0.131916745817971,0.436137225069755,561,841e7dba06e5bee277f00b25ae3857cbefd1fc77,2026-07-21 08:07:47,2026-06-16 08:07:02,phoenix,rush,17,24,Final,2026-05-02 19:00:00
2026-05-02-TOR-PHI,jkeller,24.19,96.72,idietrich,19.93,107.02,0,0,0,"mhanna,bpastor,czaleski,jbray,idietrich,sdavies1,jkeller",True,2026-05-02-TOR-PHI,7,11,2,7,274,1,21,True,True,250,home,197,1777765804.0,19,False,"nnishizak,lkeillor,dpetsinis,hnorris,nho,mayad,pturner",198,562,ea9fe6fa17e0d3dbdb3f09874e17b42e1c6cb750b7ff2a31fe36974e8f2c7e9d,1777765804.0,False,250,167.333333333333,11.1461921749089,-4.26,10.3,22.4696072095865,da385e069eafc3859782f8c4d7e0ac94a99138acdee4e80b6df2bd37ee557fe3,0.959889942796805,0.0401100572031949,0.697533853486428,0.898452295981569,1.0,0.600878101304219,1607.33333333333,-5,0.065,0.101547704018431,0.335732461926525,562,11c7b2d0b525d1ed2882ed7679597a377c842152,2026-07-21 08:07:47,2026-06-16 08:07:02,phoenix,rush,17,24,Final,2026-05-02 19:00:00
2026-05-02-TOR-PHI,sdillon,0.85,14.69,rpoloz,-8.48,16.88,0,0,0,"sdillon,gchatha,rpoloz,kmallany,mgallant,pturner,asehgal",False,2026-05-02-TOR-PHI,7,11,2,8,162,1,1,True,True,251,away,162,,18,False,"swhitcomb,messer,esarles,jthornton,jwisner,pburt1,sdavies1",163,173,27eb89798b8270636c56379d8bca029156cf9e486a1a8e746f1a1a9287b3b4da,1777763201.0,True,251,162.0,9.58357970697797,-9.33,2.19,76.7902897858295,6894125223fd2e148849e5e3dd1b8fe5368a6f833dcf6d041fbdba4622ec7611,0.990794912682212,0.00920508731778846,0.614229137297179,0.614229137297179,0.617808519394052,0.928362723222349,1602.0,-4,0.062,0.00357938209687292,0.00927851852728,173,1c40425afd56585f6f993635e8331b4e991ecade,2026-07-21 08:07:47,2026-06-06 14:01:41,phoenix,rush,17,24,Final,2026-05-02 19:00:00
2026-05-02-TOR-PHI,rpoloz,-8.48,16.88,sdillon,2.84,17.78,0,0,0,"sdillon,gchatha,rpoloz,kmallany,mgallant,pturner,asehgal",False,2026-05-02-TOR-PHI,7,11,2,8,162,1,2,True,True,252,away,163,,18,False,"swhitcomb,messer,esarles,jthornton,jwisner,pburt1,sdavies1",164,174,606ea872f8eaf9c8598f8842ead1e7a87127cbd80788356ebc4a3bbf234ab2a3,1777763202.0,True,252,155.0,11.3557210251045,11.32,0.900000000000002,-85.4542437979844,821e83d040bbe2909085b964ba60a732492eb7c70bd816d61cf419a3405d7280,0.989270863658463,0.0107291363415368,0.614229137297179,0.615749066718589,0.619325858253985,0.928216637504867,1595.0,-4,0.062,0.00357679153539581,0.00927180324178913,174,ca8aa741402ad4c409bd15844945eb94273c8cdf,2026-07-21 08:07:47,2026-06-06 14:01:41,phoenix,rush,17,24,Final,2026-05-02 19:00:00
2026-05-02-TOR-PHI,sdillon,2.84,17.78,gchatha,19.93,38.16,0,0,0,"sdillon,gchatha,rpoloz,kmallany,mgallant,pturner,asehgal",False,2026-05-02-TOR-PHI,7,11,2,8,162,1,3,True,True,253,away,164,,18,False,"swhitcomb,messer,esarles,jthornton,jwisner,pburt1,sdavies1",165,175,7e3c3bdbe36c1988a1e56351272a11fa0cde2ce7ce2d56f41bd3e5672e74ae0c,1777763203.0,True,253,148.0,26.5972272991002,17.09,20.38,-39.9820943814693,de6150d62292592f53298d5a7ca1790992db754684f043b5754facdea386119f,0.954531236373981,0.0454687636260187,0.614229137297179,0.616805944861608,0.647083161676889,0.844047588274332,1588.0,-4,0.06,0.0302772168152805,0.0784849757784962,175,e755a0c411158dd61715b83ae985c82ca241f8ea,2026-07-21 08:07:47,2026-06-06 14:01:41,phoenix,rush,17,24,Final,2026-05-02 19:00:00
2026-05-02-TOR-PHI,gchatha,19.93,38.16,kmallany,9.64,101.39,0,0,0,"sdillon,gchatha,rpoloz,kmallany,mgallant,pturner,asehgal",False,2026-05-02-TOR-PHI,7,12,2,8,162,1,4,True,True,254,away,165,,19,False,"swhitcomb,messer,esarles,jthornton,jwisner,pburt1,sdavies1",166,176,8cea3a46eacfa9657d27b7f5a032e286d549d810c00b74e56d0f7dd46b11a92b,1777763204.0,True,254,141.0,64.0618217037262,-10.29,63.23,9.24323863626412,784bc4ae60c40c1b0e33e8223e50dfade2d413d22185bc65514804071c012407,0.537717680808216,0.462282319191784,0.614229137297179,0.644098610455399,1.0,0.617144198052758,1581.0,-4,0.046,0.355901389544601,0.922571982370709,176,3a96f7b7d3a4121a99e9b882f93aa70ef8b2686d,2026-07-21 08:07:47,2026-06-06 14:01:41,phoenix,rush,17,24,Final,2026-05-02 19:00:00
2026-05-02-TOR-PHI,dsuvorov,-8.89,14.0,jkeller,-3.27,24.16,0,0,0,"tnye,eholmgren,jkeller,mcampanel,ndigiorgi,cwhite1,dsuvorov",True,2026-05-02-TOR-PHI,7,12,2,9,134,1,1,True,True,255,home,202,1777765926.0,18,False,"amuraoka,rjamieson,lcomire,nhsieh,orobinson,ebembenis,nnishizak",203,567,44ffe1a0bd97d5f13585af44f35ce6fa986e80ced5d417e05a4bfe3b95482eaf,1777765926.0,False,255,134.0,11.610770861575,5.62,10.16,-28.9491577442029,f831049c240d842a91b67a1df5b705da9fd9d5e8e92f2e590c4be7d69913a4b5,0.985536339028755,0.0144636609712445,0.599357574306816,0.599357574306816,0.626335067209626,0.911353814381116,1574.0,-5,0.049,0.0269774929028098,0.067335586979172,567,67b9314fc9643a6b6419785083b34d9db6c68e5a,2026-07-21 08:07:47,2026-06-06 14:01:41,phoenix,rush,17,24,Final,2026-05-02 19:00:00
2026-05-02-TOR-PHI,jkeller,-3.27,24.16,dsuvorov,2.57,18.46,0,0,0,"tnye,eholmgren,jkeller,mcampanel,ndigiorgi,cwhite1,dsuvorov",True,2026-05-02-TOR-PHI,7,12,2,9,134,1,2,True,True,256,home,203,1777765931.0,18,False,"amuraoka,rjamieson,lcomire,nhsieh,orobinson,ebembenis,nnishizak",204,568,c9adf692d61d14d8f3c6257c6cdb6805fa96947f830b688caa881e96a674ff25,1777765931.0,False,256,128.68,8.16061272209385,5.84,-5.7,-134.304937986119,47155b693135631b89d8721e456747f0d881292e88e0fc13e6c4452b6a53d73d,0.993044275691552,0.00695572430844793,0.599357574306816,0.62302175114008,0.608298284593005,0.924566067530244,1568.68,-5,0.048,-0.0147234665470758,-0.0367496440787606,568,0083f84af21463b398928e1e63aca7dfb4a9536a,2026-07-21 08:07:47,2026-06-06 14:01:41,phoenix,rush,17,24,Final,2026-05-02 19:00:00
2026-05-02-TOR-PHI,dsuvorov,2.57,18.46,jkeller,-6.49,19.77,0,0,0,"tnye,eholmgren,jkeller,mcampanel,ndigiorgi,cwhite1,dsuvorov",True,2026-05-02-TOR-PHI,7,12,2,9,134,1,3,True,True,257,home,204,1777765934.0,18,False,"amuraoka,rjamieson,lcomire,nhsieh,orobinson,ebembenis,nnishizak",205,569,d4981181bc57f5cd4209d76ce78e6f0b6a90f917d9aa4053583dec5323d3e6ff,1777765934.0,False,257,123.36,9.15421760720161,-9.06,1.31,81.7725312055609,6ea55d2075b5418edc9136b7980ada8cf9b16e5fa347954d2891e889a549e85f,0.990990736499517,0.00900926350048303,0.599357574306816,0.604443467931836,0.607007408123973,0.923220267199361,1563.36,-5,0.048,0.00256394019213635,0.00639957235607355,569,adfe1cc93aa9fb2d341ac298b438a5b018ff8150,2026-07-21 08:07:47,2026-06-06 14:01:41,phoenix,rush,17,24,Final,2026-05-02 19:00:00
2026-05-02-TOR-PHI,jkeller,-6.49,19.77,dsuvorov,1.95,22.65,0,0,0,"tnye,eholmgren,jkeller,mcampanel,ndigiorgi,cwhite1,dsuvorov",True,2026-05-02-TOR-PHI,7,12,2,9,134,1,4,True,True,258,home,205,1777765941.0,18,False,"amuraoka,rjamieson,lcomire,nhsieh,orobinson,ebembenis,nnishizak",206,570,967035b8ba71eca2ad7fa48197840c9cdbf74e04b3ad5ba8e1faaf3939d8d0d5,1777765941.0,False,258,118.04,8.91784727386604,8.44,2.88,-71.158704943769,30092ddeddf78f28b516c45310bfe7bb0d4df6b16ef2bbc1d046f4992a78ecc9,0.990449973751427,0.00955002624857348,0.599357574306816,0.602622139022015,0.61095357848712,0.912899949995388,1558.04,-5,0.048,0.00833143946510495,0.020795200235447,570,cc530e89bdf54549893ad367ba86edf09a0b2b94,2026-07-21 08:07:47,2026-06-06 14:01:41,phoenix,rush,17,24,Final,2026-05-02 19:00:00
2026-05-02-TOR-PHI,dsuvorov,1.95,22.65,,18.7,53.34,1,0,0,"tnye,eholmgren,jkeller,mcampanel,ndigiorgi,cwhite1,dsuvorov",True,2026-05-02-TOR-PHI,7,12,2,9,134,1,5,True,True,259,home,206,1777765945.0,22,False,"amuraoka,rjamieson,lcomire,nhsieh,orobinson,ebembenis,nnishizak",207,571,f5c96d0f2e1336a53319fd4afe2b9cc45850d8ac484468fd759cf9d6a40d7372,1777765945.0,False,259,112.72,34.9633894237959,16.75,30.69,-28.6248460605736,93a46a1d55fb0ab5240136b1d52a39f3f473f9755a47532d0dbe12959a007a6d,0.896540120597517,-0.896540120597517,0.599357574306816,0.606016630560486,0.692005999412796,0.758208810638341,1552.72,-5,0.031,-0.758208810638341,-0.758208810638341,571,3170a4f330ab3c490fb5df95630db3555b43afb6,2026-07-21 08:07:47,2026-06-06 14:01:41,phoenix,rush,17,24,Final,2026-05-02 19:00:00
2026-05-02-TOR-PHI,lcomire,-12.81,68.3,ebembenis,-3.33,64.05,0,0,0,"amuraoka,rjamieson,lcomire,nhsieh,orobinson,ebembenis,nnishizak",False,2026-05-02-TOR-PHI,7,12,2,9,134,2,1,False,False,260,away,169,,18,False,"tnye,eholmgren,jkeller,mcampanel,ndigiorgi,cwhite1,dsuvorov",170,180,b7e77a297b0bd3d3f6be9e27eb0d666ad10e08d77dbd756578dd05848a7acb65,1777763208.0,True,260,107.4,10.3890759935617,9.48,-4.25,-114.1472773022,98c2549a2a5f2400e2699210e6b409b97f7297fbf0e4c7ef3e2cc412bc95f8dd,0.982300275721302,0.0176997242786981,0.751785450401025,0.77413113452498,0.75766803133504,0.720243225227533,1547.4,-5,0.031,-0.0164631031899402,-0.0663261006115016,180,a578d66a54ab1c38f409742dfc64c076f5fe9030,2026-07-21 08:07:47,2026-06-06 14:01:41,phoenix,rush,17,24,Final,2026-05-02 19:00:00
2026-05-02-TOR-PHI,ebembenis,-3.33,64.05,orobinson,6.55,65.76,0,0,0,"amuraoka,rjamieson,lcomire,nhsieh,orobinson,ebembenis,nnishizak",False,2026-05-02-TOR-PHI,7,12,2,9,134,2,2,False,False,261,away,170,,18,False,"tnye,eholmgren,jkeller,mcampanel,ndigiorgi,cwhite1,dsuvorov",171,181,bf394c5393590a2af4f92e26dedbeb08de903a0355f99123754e0da3214d5deb,1777763209.0,True,261,102.08,10.0268888494887,9.88,1.71000000000001,-80.1806993612421,fd037f9c9d0542be083b1b3dacad5936e96c7f881c292d9ef3c7e683a29a9a73,0.982620612435118,0.0173793875648824,0.751785450401025,0.752859995142555,0.760641676404906,0.706727886916008,1542.08,-5,0.031,0.00778168126235079,0.0313506249932697,181,466ec5a02f2a42ae149358fcc8060ae190b530a9,2026-07-21 08:07:47,2026-06-06 14:01:41,phoenix,rush,17,24,Final,2026-05-02 19:00:00
2026-05-02-TOR-PHI,orobinson,6.55,65.76,nnishizak,21.86,72.28,0,0,0,"amuraoka,rjamieson,lcomire,nhsieh,orobinson,ebembenis,nnishizak",False,2026-05-02-TOR-PHI,7,12,2,9,134,2,3,False,False,262,away,171,,18,False,"tnye,eholmgren,jkeller,mcampanel,ndigiorgi,cwhite1,dsuvorov",172,182,dee57dfb63db0fe104fb8726d7cd6e4af7014638d060d9a92dfc4d94d7aad36f,1777763210.0,True,262,96.76,16.6405078047516,15.31,6.52,-66.932520881099,2f4d381f28a0e54429bb57a91c75ee72f9fb980213e78725e1726ebb6780a7fd,0.971340744135611,0.0286592558643888,0.751785450401025,0.755335728801128,0.757711684646493,0.635329063932266,1536.76,-5,0.031,0.00237595584536487,0.00957218603503929,182,c4904312cfb34bc7fc01a542e59b5432e2e1652c,2026-07-21 08:07:47,2026-06-06 14:01:41,phoenix,rush,17,24,Final,2026-05-02 19:00:00
2026-05-02-TOR-PHI,nnishizak,21.86,72.28,orobinson,22.89,79.56,0,0,0,"amuraoka,rjamieson,lcomire,nhsieh,orobinson,ebembenis,nnishizak",False,2026-05-02-TOR-PHI,7,12,2,9,134,2,4,False,False,263,away,172,,18,False,"tnye,eholmgren,jkeller,mcampanel,ndigiorgi,cwhite1,dsuvorov",173,183,aef9cbb344ae25a5fbe2e698f78f5e8847b7a054753d11a47b8a92b0a58416e6,1777763211.0,True,263,91.44,7.35250297517791,1.03,7.28,-8.05295863147188,f37864d67d6f748418bbff0d1537fa125ade8051f93aec39cf622edb305813f7,0.97725489596271,0.0227451040372901,0.751785450401025,0.751785450401025,0.787955923804094,0.589111482432699,1531.44,-5,0.03,0.0361704734030689,0.145722615622281,183,87ee95f869cc7a083bd61135878942f0e941ae3d,2026-07-21 08:07:47,2026-06-06 14:01:41,phoenix,rush,17,24,Final,2026-05-02 19:00:00
2026-05-02-TOR-PHI,orobinson,22.89,79.56,nnishizak,5.11,79.01,0,0,0,"amuraoka,rjamieson,lcomire,nhsieh,orobinson,ebembenis,nnishizak",False,2026-05-02-TOR-PHI,7,12,2,9,134,2,5,False,False,264,away,173,,18,False,"tnye,eholmgren,jkeller,mcampanel,ndigiorgi,cwhite1,dsuvorov",174,184,e9664d7a28e5782d2a2a5adbad335631213c0d3a0b012d244619ed8349eac36f,1777763212.0,True,264,86.12,17.7885047151243,-17.78,-0.549999999999997,91.7718016374309,dd347c632ffe05bf0b71800e2c0c315e2641fbc102f3064b72c5ebc85670ea85,0.949692386944758,0.0503076130552422,0.751785450401025,0.782000103084016,0.81164791035618,0.630532074188073,1526.12,-5,0.029,0.0296478072721639,0.119444276413546,184,5c1b75523fd3c8245943bfba95ac61a973d6b836,2026-07-21 08:07:47,2026-06-06 14:01:41,phoenix,rush,17,24,Final,2026-05-02 19:00:00
2026-05-02-TOR-PHI,nnishizak,5.11,79.01,,-3.06,104.41,1,0,0,"amuraoka,rjamieson,lcomire,nhsieh,orobinson,ebembenis,nnishizak",False,2026-05-02-TOR-PHI,7,12,2,9,134,2,6,False,False,265,away,174,,22,False,"tnye,eholmgren,jkeller,mcampanel,ndigiorgi,cwhite1,dsuvorov",175,185,c4b06c9c1b539cf222f58953756decf6ea5835fe1e02aef8cbfb8cc8b0765096,1777763213.0,True,265,80.8,26.6816210152232,-8.17,25.4,17.8305710530864,c0867ca3e697118a6a8ca5eb7e6d9058514eeca5a02516f21eaf3a0ae3e20b22,0.890172909479243,-0.890172909479243,0.751785450401025,0.805654319435991,0.922287808213142,0.553970686298166,1520.8,-5,0.047,-0.553970686298166,-0.553970686298166,185,6c87ae62df4fbf70b77afecbf51cd9159fd7b883,2026-07-21 08:07:47,2026-06-06 14:01:41,phoenix,rush,17,24,Final,2026-05-02 19:00:00
2026-05-02-TOR-PHI,ndigiorgi,7.44,19.63,eholmgren,18.56,26.84,0,0,0,"tnye,eholmgren,jkeller,mcampanel,ndigiorgi,cwhite1,dsuvorov",True,2026-05-02-TOR-PHI,7,12,2,9,134,3,1,True,True,266,home,208,1777765968.0,18,False,"amuraoka,rjamieson,lcomire,nhsieh,orobinson,ebembenis,nnishizak",209,573,0afb9a6aee01642ecec8714c1105233f85129af6c2ac0bf5bc82ad630c77a330,1777765968.0,False,266,75.48,13.2528676142184,11.12,7.21,-57.0413792468117,03e8ae87ef7de4dfe5e6afa96fbcab7089ad88a4b7b90a2912668423ffcd9847,0.987634628983197,0.0123653710168032,0.397175808117787,0.541408392132319,0.538051833415655,0.861884691436419,1515.48,-5,0.046,-0.00335655871666396,-0.00556805576462301,573,9e26cd47b841aecad42ce02afee23df2ef017cb5,2026-07-21 08:07:47,2026-06-06 14:01:41,phoenix,rush,17,24,Final,2026-05-02 19:00:00
2026-05-02-TOR-PHI,eholmgren,18.56,26.84,ndigiorgi,18.15,33.29,0,0,0,"tnye,eholmgren,jkeller,mcampanel,ndigiorgi,cwhite1,dsuvorov",True,2026-05-02-TOR-PHI,7,12,2,9,134,3,2,True,True,267,home,209,1777765970.0,18,False,"amuraoka,rjamieson,lcomire,nhsieh,orobinson,ebembenis,nnishizak",210,574,b06385ce09afce3599861ae19c8077ba44a45b2f3e691edf36b84c6fc4235e4a,1777765970.0,False,267,70.16,6.46301787093305,-0.41,6.45,3.63716376770532,a38cc46dce69b058a2ca1b0b9a660363e1575ef86261494c772c78f7010c9327,0.99078452412967,0.00921547587033034,0.397175808117787,0.526557251307426,0.549503084790095,0.822260829713172,1510.16,-5,0.047,0.0229458334826687,0.0380638895911332,574,63789e3597388295f253f22d69f172378536243e,2026-07-21 08:07:47,2026-06-06 14:01:41,phoenix,rush,17,24,Final,2026-05-02 19:00:00
2026-05-02-TOR-PHI,ndigiorgi,18.15,33.29,eholmgren,13.28,27.87,0,0,0,"tnye,eholmgren,jkeller,mcampanel,ndigiorgi,cwhite1,dsuvorov",True,2026-05-02-TOR-PHI,7,12,2,9,134,3,3,True,True,268,home,210,1777765975.0,18,False,"amuraoka,rjamieson,lcomire,nhsieh,orobinson,ebembenis,nnishizak",211,575,c0b7fe30b66f69c29369e6c2c378963ae9b008213ab9571392349b467b5ec305,1777765975.0,False,268,64.84,7.28651494200073,-4.87,-5.42,138.059545245115,ac45ec8c3bf0706b6d24cfcd9e08af21ef09d33f544e45cd92d0bd68a3bfabb2,0.990888453851399,0.00911154614860055,0.397175808117787,0.537057850880953,0.534645179961355,0.852292691584866,1504.84,-5,0.046,-0.00241267091959785,-0.00400227952376083,575,22b0caf99cc5a5d8893d004d0e78a55c0363312e,2026-07-21 08:07:47,2026-06-06 14:01:41,phoenix,rush,17,24,Final,2026-05-02 19:00:00
2026-05-02-TOR-PHI,eholmgren,13.28,27.87,jkeller,2.91,25.6,0,0,0,"tnye,eholmgren,jkeller,mcampanel,ndigiorgi,cwhite1,dsuvorov",True,2026-05-02-TOR-PHI,7,12,2,9,134,3,4,True,True,269,home,211,1777765978.0,18,False,"amuraoka,rjamieson,lcomire,nhsieh,orobinson,ebembenis,nnishizak",212,576,c783d18d619f104d3343ea732ab42663ad59e8bc4f0e413e63f81776e28a0a11,1777765978.0,False,269,59.52,10.6155452050283,-10.37,-2.27,102.347325822472,c2cb99630573d15ed96fb1e235d7ab5f494a10af98bb90bab3b0e9b833bd9b98,0.988605206381744,0.0113947936182561,0.397175808117787,0.521107072105368,0.521806624482808,0.860649476737357,1499.52,-5,0.046,0.000699552377440127,0.0011604583672329,576,77ab78c545e40ea15fe115fe490433c109ac303e,2026-07-21 08:07:47,2026-06-06 14:01:41,phoenix,rush,17,24,Final,2026-05-02 19:00:00
2026-05-02-TOR-PHI,jkeller,2.91,25.6,cwhite1,-14.25,26.43,0,0,0,"tnye,eholmgren,jkeller,mcampanel,ndigiorgi,cwhite1,dsuvorov",True,2026-05-02-TOR-PHI,7,12,2,9,134,3,5,True,True,270,home,212,1777765986.0,18,False,"amuraoka,rjamieson,lcomire,nhsieh,orobinson,ebembenis,nnishizak",213,577,76fb95b4e2caafe2f0666a41fd369b6e4e18572760827c0097f9c8574bc86f7b,1777765986.0,False,270,54.2,17.1800611174699,-17.16,0.829999999999998,87.2308587572302,a2c643219a124cf4067ec5e70b4d0c6ffa5dd4a209b2841525a2091d86223380,0.982063663606507,0.0179363363934932,0.397175808117787,0.507152785027372,0.50128733981892,0.843849636599416,1494.2,-5,0.045,-0.00586544520845234,-0.00972994330260455,577,3e656756a92f5217088031cdc05e73ee0c6e877a,2026-07-21 08:07:47,2026-06-06 14:01:41,phoenix,rush,17,24,Final,2026-05-02 19:00:00
2026-05-02-TOR-PHI,cwhite1,-14.25,26.43,eholmgren,7.44,21.28,0,0,0,"tnye,eholmgren,jkeller,mcampanel,ndigiorgi,cwhite1,dsuvorov",True,2026-05-02-TOR-PHI,7,12,2,9,134,3,6,True,True,271,home,213,1777765993.0,18,False,"amuraoka,rjamieson,lcomire,nhsieh,orobinson,ebembenis,nnishizak",214,578,e27088edb994d14cfb44518bccc5277da10f45bdea3e56a5b183f73c9454a3be,1777765993.0,False,271,48.88,22.293016843846,21.69,-5.15,-103.356780166628,fac2e0e53f25d1754f428c5162c0f166655f1e7bd6b221c6051735714681528a,0.973659246051183,0.0263407539488165,0.397175808117787,0.48549346249717,0.47785113667656,0.868520650652429,1488.88,-5,0.045,-0.0076423258206102,-0.0126775367072585,578,f3c991efa65e7ed3a64f88f37f32846852322a4c,2026-07-21 08:07:47,2026-06-06 14:01:41,phoenix,rush,17,24,Final,2026-05-02 19:00:00
2026-05-02-TOR-PHI,eholmgren,7.44,21.28,jkeller,-1.34,19.08,0,0,0,"tnye,eholmgren,jkeller,mcampanel,ndigiorgi,cwhite1,dsuvorov",True,2026-05-02-TOR-PHI,7,12,2,9,134,3,7,True,True,272,home,214,1777765998.0,18,False,"amuraoka,rjamieson,lcomire,nhsieh,orobinson,ebembenis,nnishizak",215,579,873db384fe74b44a72107f70858bd6c263f814023e99ac730b2c43c77594ae05,1777765998.0,False,272,43.56,9.05143082611805,-8.78,-2.2,104.066948598703,98954257563e73cdc9a5131504148c03ff92182910abf7fc02a4f347c682fbfd,0.991684939885115,0.00831506011488548,0.397175808117787,0.460942924318809,0.45627778047103,0.868110467172457,1483.56,-5,0.045,-0.00466514384777855,-0.00773881325700029,579,3ace8043ab5de977c5cf5a459607f9eed1763c09,2026-07-21 08:07:47,2026-06-06 14:01:41,phoenix,rush,17,24,Final,2026-05-02 19:00:00
2026-05-02-TOR-PHI,jkeller,-1.34,19.08,eholmgren,11.97,18.6,0,0,0,"tnye,eholmgren,jkeller,mcampanel,ndigiorgi,cwhite1,dsuvorov",True,2026-05-02-TOR-PHI,7,12,2,9,134,3,8,True,True,273,home,215,1777766006.0,18,False,"amuraoka,rjamieson,lcomire,nhsieh,orobinson,ebembenis,nnishizak",216,580,69e17c80622f8627897e5785a7ac207f08f19b875e3f86b0df831be838f38eaf,1777766006.0,False,273,38.24,13.3186523342266,13.31,-0.479999999999997,-92.0653689643813,7590d5bf04529e6671a9cc7e449204ae15bcfebb5cec522b639036c2e3d50c6f,0.987897509878727,0.0121024901212732,0.397175808117787,0.438288422581666,0.431728634807733,0.857288945203741,1478.24,-5,0.044,-0.00655978777393279,-0.0108817593292847,580,734a6fa9dd1c1f1cba5e773e1b40b90de3ad88ec,2026-07-21 08:07:47,2026-06-06 14:01:41,phoenix,rush,17,24,Final,2026-05-02 19:00:00
2026-05-02-TOR-PHI,eholmgren,11.97,18.6,mcampanel,20.48,30.34,0,0,0,"tnye,eholmgren,jkeller,mcampanel,ndigiorgi,cwhite1,dsuvorov",True,2026-05-02-TOR-PHI,7,12,2,9,134,3,9,True,True,274,home,216,1777766008.0,18,False,"amuraoka,rjamieson,lcomire,nhsieh,orobinson,ebembenis,nnishizak",217,581,1091c9e057fcf16293d835ed8caf95ef17b6a20d3badcc4c52f5c5223af10fad,1777766008.0,False,274,32.92,14.4999206894383,8.51,11.74,-35.9373131629097,8cc0e1868eac870ed27595cf007b1b00d15dc2d081809a77bafae63ad15c19fe,0.983571657977243,0.0164283420227572,0.397175808117787,0.412743290559712,0.417225494803867,0.760368262609601,1472.92,-5,0.044,0.00448220424415474,0.0074353423510756,581,30d4562bd93a9a9c293aa44a56942e659db807df,2026-07-21 08:07:47,2026-06-06 14:01:41,phoenix,rush,17,24,Final,2026-05-02 19:00:00
2026-05-02-TOR-PHI,mcampanel,20.48,30.34,dsuvorov,0.72,81.76,1,1,0,"tnye,eholmgren,jkeller,mcampanel,ndigiorgi,cwhite1,dsuvorov",True,2026-05-02-TOR-PHI,7,12,2,9,134,3,10,True,True,275,home,217,1777766019.0,20,False,"amuraoka,rjamieson,lcomire,nhsieh,orobinson,ebembenis,nnishizak",218,582,5405faeda4ef4e177028be28a681fdfbecf20ce24d9cbd44ce0178addbff13aa,1777766019.0,False,275,27.6,55.0860599426025,-19.76,51.42,21.0210823426449,e6eb5236606fe5d05870def689d04812311a1ec33ade4638b3cc694bd831e84e,0.620066515863554,1.0,0.397175808117787,0.397175808117787,0.711486387053609,0.459455622922562,1467.6,-5,0.037,-0.459455622922562,-0.459455622922562,582,b2ae6929407b6a7bfee7b663064db11676d01a99,2026-07-21 08:07:47,2026-06-06 14:01:41,phoenix,rush,17,24,Final,2026-05-02 19:00:00
2026-05-02-TOR-PHI,nnishizak,-18.57,33.02,rjamieson,-17.47,84.37,0,0,0,"amuraoka,rjamieson,lcomire,nhsieh,orobinson,ebembenis,nnishizak",False,2026-05-02-TOR-PHI,7,12,2,9,134,4,1,False,False,276,away,176,,18,False,"tnye,eholmgren,jkeller,mcampanel,ndigiorgi,cwhite1,dsuvorov",177,187,6c71ff8320ab2cfdd1900af41412bd9c56674607b82a5487f3e7f7dcb65487ae,1777763215.0,True,276,22.28,51.3617805376722,1.1,51.35,-1.22718051880284,7ff12a8601929040542212075b8d0b1ed4b373a5d3a1a4c8b821d55287e55b65,0.673250971939439,0.326749028060561,0.397441032185708,0.397441032185708,0.698041534329049,0.407956442216548,1462.28,-5,0.032,0.300600502143341,0.498873169598209,187,fe083cca55d7e19fff54285516956a94c22087c9,2026-07-21 08:07:47,2026-06-06 14:01:41,phoenix,rush,17,24,Final,2026-05-02 19:00:00
2026-05-02-TOR-PHI,rjamieson,-17.47,84.37,nhsieh,-21.25,81.83,0,0,0,"amuraoka,rjamieson,lcomire,nhsieh,orobinson,ebembenis,nnishizak",False,2026-05-02-TOR-PHI,7,12,2,9,134,4,2,False,False,277,away,177,,18,False,"tnye,eholmgren,jkeller,mcampanel,ndigiorgi,cwhite1,dsuvorov",178,188,a9e0c597a9e27050549610ae4f37493694318ccc416e7c8228f99966aecc6a11,1777763216.0,True,277,16.96,4.55411901469428,-3.78,-2.54000000000001,123.899429978495,cb09ada01a22da1299851cea7346b1bfd0550ee69f63b56c6327faa7b3f938ec,0.987046979179672,0.0129530208203282,0.397441032185708,0.677848514383912,0.639476336901605,0.376116089103648,1456.96,-5,0.034,-0.0383721774823071,-0.0636820287008547,188,d31f70932d7a5a58ae7deaa0b6a4a162f7976102,2026-07-21 08:07:47,2026-06-06 14:01:41,phoenix,rush,17,24,Final,2026-05-02 19:00:00
2026-05-02-TOR-PHI,nhsieh,-21.25,81.83,orobinson,-22.07,72.01,0,0,0,"amuraoka,rjamieson,lcomire,nhsieh,orobinson,ebembenis,nnishizak",False,2026-05-02-TOR-PHI,7,12,2,9,134,4,3,False,False,278,away,178,,18,False,"tnye,eholmgren,jkeller,mcampanel,ndigiorgi,cwhite1,dsuvorov",179,189,f573d440c156a7c409e9a522924fd8ea75da49c20d7573dc5867b4ae4e3bb823,1777763217.0,True,278,11.64,9.85417677941693,-0.82,-9.81999999999999,175.226701174777,c42db9c0ff09b4c35c42f0da20a31011b04cd42ea381dcbd429ab7884cc7c09f,0.980849961342893,0.0191500386571065,0.397441032185708,0.616147831236975,0.53205637505724,0.38740035895923,1451.64,-5,0.036,-0.0840914561797351,-0.139557222896817,189,1c9e840772bea27187656a0fbb4b02bd182ca0e3,2026-07-21 08:07:47,2026-06-06 14:01:41,phoenix,rush,17,24,Final,2026-05-02 19:00:00
2026-05-02-TOR-PHI,orobinson,-22.07,72.01,ebembenis,17.12,106.81,0,0,0,"amuraoka,rjamieson,lcomire,nhsieh,orobinson,ebembenis,nnishizak",False,2026-05-02-TOR-PHI,7,13,2,9,134,4,4,False,False,279,away,179,,19,False,"tnye,eholmgren,jkeller,mcampanel,ndigiorgi,cwhite1,dsuvorov",180,190,bda74bd9f6ce215592a817c572926873950da8c526286e732dc78fb9f6317b77,1777763218.0,True,279,6.32000000000001,52.410839527716,39.19,34.8,-48.3955120932486,76c8f1fcc3ac7cabe91cf6f97f70730fe8a1fdc0e7b372352b371d12a443070e,0.698985004702914,0.301014995297086,0.397441032185708,0.505645931231037,1.0,0.298872163399764,1446.32,-5,0.029,0.494354068768963,0.820424381969072,190,dd84eb966895e2fd417446fd1fdcd70eadaad802,2026-07-21 08:07:47,2026-06-06 14:01:41,phoenix,rush,17,24,Final,2026-05-02 19:00:00
2026-05-02-TOR-PHI,esarles,-8.96,7.41,swhitcomb,-7.45,89.45,0,0,0,"crawlins,sdavies1,jwisner,swhitcomb,esarles,jbray,pburt1",True,2026-05-02-TOR-PHI,7,13,2,10,1,1,1,True,True,280,home,220,1777766120.0,18,False,"gchatha,lkeillor,mayad,ebembenis,pturner,hnorris,ezhuang",221,585,153b2905bcb34b71006bf5a4f1e1bd1447839c49732c18197da7b108a304d45e,1777766120.0,False,280,1.0,82.053895093408,1.51,82.04,-1.05444733492301,4fc90e3460c1512468c634f7ffde08ca16aa4a8154c269727da05969f0fc01fd,0.490548089179438,0.509451910820562,0.263606824597604,0.263606824597604,0.665322569656929,0.314667063813491,1441.0,-6,0.028,0.401715745059326,0.545518017382238,585,c513c850388ff2c702e39151825f4fc49d1f54c7,2026-07-21 08:07:47,2026-06-06 14:01:41,phoenix,rush,17,24,Final,2026-05-02 19:00:00
2026-05-02-TOR-PHI,rpoloz,-9.44,23.95,kmallany,17.05,36.04,0,0,0,"sdillon,gchatha,rpoloz,kmallany,mgallant,pturner,asehgal",False,2026-05-02-TOR-PHI,7,13,3,1,720,1,1,True,True,281,away,184,,18,False,"idietrich,jwisner,mhanna,bpastor,swhitcomb,jbray,esarles",185,196,5e7b0d053e19aa975ea7c3f15ebf8507b6d33490f3eaecee03fdbbe9cfce56c5,1777763223.0,True,281,720.0,29.1185198799664,26.49,12.09,-65.4681083828296,db82652dbab2f03fb60c6c5a763fc89dc2aef4d45a70568e78101dff327f2cec,0.947153884352241,0.0528461156477593,0.687763013823882,0.702786158619558,0.721773292353007,0.894898729696982,1440.0,-6,0.018,0.018987133733449,0.0608100083400729,196,656ae7f0d36b71365a7f0071b7ffda8f0ad01e91,2026-07-21 08:07:47,2026-06-06 14:01:41,phoenix,rush,17,24,Final,2026-05-02 19:00:00
2026-05-02-TOR-PHI,kmallany,17.05,36.04,sdillon,18.36,31.78,0,0,0,"sdillon,gchatha,rpoloz,kmallany,mgallant,pturner,asehgal",False,2026-05-02-TOR-PHI,7,13,3,1,720,1,2,True,True,282,away,185,,18,False,"idietrich,jwisner,mhanna,bpastor,swhitcomb,jbray,esarles",186,197,a450545fb9c755a13e6fbf1253c2ee46512b16ab254e9e0ee02eb3e2d541e620,1777763224.0,True,282,713.25,4.45687109977392,1.31,-4.26,-162.906722660607,9bcab6f699eb19045af713f192b3916b44758877818a718b28d4782713393656,0.994062278522723,0.00593772147727734,0.687763013823882,0.713178376161202,0.695951624692157,0.903858465462857,1433.25,-6,0.018,-0.0172267514690451,-0.0551720399303633,197,89db83d13d0b33957c9dd9bba5b078db8071ca60,2026-07-21 08:07:47,2026-06-06 14:01:41,phoenix,rush,17,24,Final,2026-05-02 19:00:00
2026-05-02-TOR-PHI,sdillon,18.36,31.78,gchatha,7.03,47.64,0,0,0,"sdillon,gchatha,rpoloz,kmallany,mgallant,pturner,asehgal",False,2026-05-02-TOR-PHI,7,13,3,1,720,1,3,True,True,283,away,186,,18,False,"idietrich,jwisner,mhanna,bpastor,swhitcomb,jbray,esarles",187,198,22e01f801666484ac2e250e3accde69a8387c6dbe8ae0e6a120994470d6eab86,1777763225.0,True,283,706.5,19.4912416228418,-11.33,15.86,35.5410949673454,5e74695ee864330956fd8b1992388d3b7c3f6da2fa38c6916f9e23a6c025eb7e,0.952714883696906,0.0472851163030935,0.687763013823882,0.687763013823882,0.757317502940723,0.850069895724168,1426.5,-6,0.017,0.0695544891168408,0.222761851402218,198,350f4341b00ade62a9ff5d67a252bd3647c4408f,2026-07-21 08:07:47,2026-06-06 14:01:41,phoenix,rush,17,24,Final,2026-05-02 19:00:00
2026-05-02-TOR-PHI,gchatha,7.03,47.64,,-14.93,100.7,1,0,0,"sdillon,gchatha,rpoloz,kmallany,mgallant,pturner,asehgal",False,2026-05-02-TOR-PHI,7,13,3,1,720,1,4,True,True,284,away,187,,22,False,"idietrich,jwisner,mhanna,bpastor,swhitcomb,jbray,esarles",188,199,8a413396d7f5f6fac76cfcc3a2179791192b8e50f55fe8fa3f181012e589718e,1777763226.0,True,284,699.75,57.4247786238658,-21.96,53.06,22.4832493258767,f83f19f76df9d50a1b943cd5e845c7da69ca91a84d7538c4ba2c87694a81c68d,0.663343978064373,-0.663343978064373,0.687763013823882,0.750902912189355,0.940056412784485,0.65990003889283,1419.75,-6,0.028,-0.65990003889283,-0.65990003889283,199,0f31f9a1ffe7b131ee16ac58f9485646710b18c8,2026-07-21 08:07:47,2026-06-06 14:01:41,phoenix,rush,17,24,Final,2026-05-02 19:00:00
2026-05-02-TOR-PHI,esarles,13.21,19.01,jwisner,11.29,32.67,0,0,0,"idietrich,jwisner,mhanna,bpastor,swhitcomb,jbray,esarles",True,2026-05-02-TOR-PHI,7,13,3,1,720,2,1,False,False,285,home,225,1777766819.0,18,False,"sdillon,gchatha,rpoloz,kmallany,mgallant,pturner,asehgal",226,590,1e012c4b92db9474e3f4f7fc98211bf321deb07cee283cb5662b50fdb7b74554,1777766819.0,False,285,693.0,13.7942741744537,-1.92,13.66,8.00087280609313,196d808c17e2238c27a984f38352a81bc1649403b1f3490cfd584b4879fcbc63,0.976968284247291,0.0230317157527089,0.654258784141677,0.654258784141677,0.693348838565591,0.897642760884848,1413.0,-6,0.029,0.0390900544239141,0.113061598186582,590,fc7beb409d17dab9d9f8fcaaff9958ee56adf9d4,2026-07-21 08:07:47,2026-06-06 14:01:41,phoenix,rush,17,24,Final,2026-05-02 19:00:00
2026-05-02-TOR-PHI,jwisner,11.29,32.67,bpastor,19.8,46.4,0,0,0,"idietrich,jwisner,mhanna,bpastor,swhitcomb,jbray,esarles",True,2026-05-02-TOR-PHI,7,13,3,1,720,2,2,False,False,286,home,226,1777766821.0,18,False,"sdillon,gchatha,rpoloz,kmallany,mgallant,pturner,asehgal",227,591,f87613ee8ffb2813517c764309c8cd99dfdc45678e9a562fd886b716d660fe65,1777766821.0,False,286,686.25,16.1534206903677,8.51,13.73,-31.7910749068883,f4844ac12116ab8b4e4766540a5dce0ca0b8f4b939fb00b63c6d62229841dbc3,0.976829809730306,0.0231701902696938,0.654258784141677,0.687473340800988,0.710981453415193,0.827952260852035,1406.25,-6,0.029,0.0235081126142049,0.0679933763634302,591,2db40b6daf4441aea9b2a7939c46f5db1d77b9ad,2026-07-21 08:07:47,2026-06-06 14:01:41,phoenix,rush,17,24,Final,2026-05-02 19:00:00
2026-05-02-TOR-PHI,bpastor,19.8,46.4,esarles,11.42,36.59,0,0,0,"idietrich,jwisner,mhanna,bpastor,swhitcomb,jbray,esarles",True,2026-05-02-TOR-PHI,7,13,3,1,720,2,3,False,False,287,home,227,1777766824.0,18,False,"sdillon,gchatha,rpoloz,kmallany,mgallant,pturner,asehgal",228,592,e658073ee89981429126d71c55af898d5fa99f881efd228a83b9cd0d8c2af1f1,1777766824.0,False,287,679.5,12.9019572158646,-8.38,-9.81,139.495041169238,e350073caa8567cd56d22a990c22334ea5d0feef1be052322d49623a12e4580e,0.984273348384633,0.0157266516153671,0.654258784141677,0.705983425951171,0.694246221523484,0.877834601672427,1399.5,-6,0.029,-0.0117372044276871,-0.0339479468727754,592,f6d82259c6b38b43d14790171e801ff35bf4eddf,2026-07-21 08:07:47,2026-06-06 14:01:41,phoenix,rush,17,24,Final,2026-05-02 19:00:00
2026-05-02-TOR-PHI,esarles,11.42,36.59,idietrich,20.9,51.83,0,0,0,"idietrich,jwisner,mhanna,bpastor,swhitcomb,jbray,esarles",True,2026-05-02-TOR-PHI,7,13,3,1,720,2,4,False,False,288,home,228,1777766829.0,18,False,"sdillon,gchatha,rpoloz,kmallany,mgallant,pturner,asehgal",229,593,9fad8be44c701b3c7bb5072e219a0029205f0356ca479ece4e0c30c1018e2a78,1777766829.0,False,288,672.75,17.9479246711145,9.48,15.24,-31.8835638746085,db5976c097cad5a5ac0addf48320947981187cf3f175b19be192d2086ed1a873,0.970223509403492,0.0297764905965083,0.654258784141677,0.68975202103912,0.71811546858327,0.792461811468248,1392.75,-6,0.029,0.0283634475441507,0.082036639669172,593,6079c4d03bd5497ea141208fc48f8f6a927f359a,2026-07-21 08:07:47,2026-06-06 14:01:41,phoenix,rush,17,24,Final,2026-05-02 19:00:00
2026-05-02-TOR-PHI,idietrich,20.9,51.83,jbray,19.32,69.54,0,0,0,"idietrich,jwisner,mhanna,bpastor,swhitcomb,jbray,esarles",True,2026-05-02-TOR-PHI,7,13,3,1,720,2,5,False,False,289,home,229,1777766832.0,18,False,"sdillon,gchatha,rpoloz,kmallany,mgallant,pturner,asehgal",230,594,bfd9b767de9e4beb04e0740810037c63375fe3635755b3a22e0b1620c2930f3c,1777766832.0,False,289,666.0,17.7803402667103,-1.58,17.71,5.09815318369547,756b743188759fafc88fd69408c49a0d977fb5db37ef7a3b19328c18e46a0e78,0.958868783543255,0.0411312164567447,0.654258784141677,0.714427244683279,0.799647388064258,0.718709469713599,1386.0,-6,0.031,0.0852201433809785,0.246485346473415,594,f55451717676e6a40bb6240df77d4d9ff88c1030,2026-07-21 08:07:47,2026-06-06 14:01:41,phoenix,rush,17,24,Final,2026-05-02 19:00:00
2026-05-02-TOR-PHI,jbray,19.32,69.54,jwisner,15.89,81.62,0,0,0,"idietrich,jwisner,mhanna,bpastor,swhitcomb,jbray,esarles",True,2026-05-02-TOR-PHI,7,13,3,1,720,2,6,False,False,290,home,230,1777766837.0,18,False,"sdillon,gchatha,rpoloz,kmallany,mgallant,pturner,asehgal",231,595,fb81a309fa7fbdbe9f94c05cea947ebb8fdfe6c519d933fd3a467d0200df1050,1777766837.0,False,290,659.25,12.5575196595506,-3.43,12.08,15.8513862836124,daa447928eeb29cee8e8b98adee9a52e689b885c9323e50fddba42b49c44a0c4,0.967471533671556,0.0325284663284442,0.654258784141677,0.797170931816449,0.859451478564406,0.681651814082759,1379.25,-6,0.033,0.0622805467479575,0.180136309734847,595,0ae3d347460486466ea6d66f7534cff0020e3d94,2026-07-21 08:07:47,2026-06-06 14:01:41,phoenix,rush,17,24,Final,2026-05-02 19:00:00
2026-05-02-TOR-PHI,jwisner,15.89,81.62,jbray,12.59,74.0,0,0,0,"idietrich,jwisner,mhanna,bpastor,swhitcomb,jbray,esarles",True,2026-05-02-TOR-PHI,7,13,3,1,720,2,7,False,False,291,home,231,1777766840.0,18,False,"sdillon,gchatha,rpoloz,kmallany,mgallant,pturner,asehgal",232,596,9d17e0a38848a0bcb7a3e63f85baaea0da321511878548675ec258501bfa409c,1777766840.0,False,291,652.5,8.30387861182954,-3.3,-7.62,156.58396924177,ddd9fb975a7c649a6c13896fa92895dc609de583b267f0a82c205a0573155465,0.981719789714723,0.0182802102852774,0.654258784141677,0.857898163269934,0.82902137519057,0.712008106296638,1372.5,-6,0.032,-0.0288767880793639,-0.0835213933278841,596,521fb81cd0110394c635c88fdd79fb720470b6eb,2026-07-21 08:07:47,2026-06-06 14:01:41,phoenix,rush,17,24,Final,2026-05-02 19:00:00
2026-05-02-TOR-PHI,jbray,12.59,74.0,swhitcomb,14.44,108.19,0,0,0,"idietrich,jwisner,mhanna,bpastor,swhitcomb,jbray,esarles",True,2026-05-02-TOR-PHI,8,13,3,1,720,2,8,False,False,292,home,232,1777766857.0,19,False,"sdillon,gchatha,rpoloz,kmallany,mgallant,pturner,asehgal",233,597,fcea86c6abbabc00c54b413a422e7254b6b1a294023c1d4a5b15e73121f16729,1777766857.0,False,292,645.75,34.2400146028006,1.85,34.19,-3.09721925520145,7351d5ba6f16a41838986300eb2a63a006bfb29b03d01f77600959d7dbc02ad9,0.813306252372111,0.186693747627889,0.654258784141677,0.827543666000347,1.0,0.625695060905158,1365.75,-6,0.037,0.172456333999653,0.498801780318612,597,7ddd3fb8665ef190a6ce0a0842aebe9435c591c4,2026-07-21 08:07:47,2026-06-06 14:01:41,phoenix,rush,17,24,Final,2026-05-02 19:00:00
2026-05-02-TOR-PHI,orobinson,-1.21,16.95,,15.34,27.87,1,0,0,"rjamieson,lcomire,nhsieh,orobinson,ebembenis,lkeillor,nnishizak",False,2026-05-02-TOR-PHI,8,13,3,2,639,1,1,True,True,293,away,190,,22,False,"mhanna,bpastor,jbray,eholmgren,messer,czaleski,jthornton",191,202,800d14ba6f2e6c042cff37999840e3d96cb30756806c1995f93f6050ff58fb3d,1777763229.0,True,293,639.0,19.8279827516568,16.55,10.92,-56.5824239855821,af37dedf0d3bce986091ae715a358a60b2952a1939bd98cc915b3a8fb6a4a297,0.974253903740874,-0.974253903740874,0.62467815055077,0.62467815055077,0.641270749320323,0.900052483265731,1359.0,-5,0.06,-0.900052483265731,-0.900052483265731,202,7a57f4472d939387d4d8bc627976f73c6a0d821b,2026-07-21 08:07:47,2026-06-06 14:01:41,phoenix,rush,17,24,Final,2026-05-02 19:00:00
2026-05-02-TOR-PHI,czaleski,-12.33,84.57,bpastor,-13.22,75.65,0,0,0,"mhanna,bpastor,jbray,eholmgren,messer,czaleski,jthornton",True,2026-05-02-TOR-PHI,8,13,3,2,639,2,1,False,False,294,home,236,1777766922.0,18,False,"rjamieson,lcomire,nhsieh,orobinson,ebembenis,lkeillor,nnishizak",237,601,75127b1bf88c8a6130d9b16b5808ac8f65fd3ca226c1cc430e77b4f55f489e62,1777766922.0,False,294,634.222222222222,8.96429026750025,-0.890000000000001,-8.91999999999999,174.302126538063,bcc8aec988773e861068b898103e915368be11d955f0c3ec28d09f55627cc739,0.981353331444172,0.0186466685558283,0.832524848893629,0.872075023325855,0.833018942949733,0.699292713898164,1354.22222222222,-5,0.056,-0.0390560803761222,-0.233205225480381,601,d081568de326c9b4f80c8bf4c93dee331d95c6fd,2026-07-21 08:07:47,2026-06-06 14:01:41,phoenix,rush,17,24,Final,2026-05-02 19:00:00
2026-05-02-TOR-PHI,bpastor,-13.22,75.65,messer,-22.97,83.68,0,0,0,"mhanna,bpastor,jbray,eholmgren,messer,czaleski,jthornton",True,2026-05-02-TOR-PHI,8,13,3,2,639,2,2,False,False,295,home,237,1777766926.0,18,False,"rjamieson,lcomire,nhsieh,orobinson,ebembenis,lkeillor,nnishizak",238,602,7c76d4dd4eb816648d3a96f1157e97199698e24eb9009a499c2755a61e5fe92d,1777766926.0,False,295,629.444444444444,12.6310490459027,-9.75,8.03,50.5254804119471,792072da81d9b01b4e26305dc801069208ffa5d001af6dcac945cf8c50b1d7ab,0.96744632716139,0.0325536728386097,0.832524848893629,0.832524848893629,0.845297182133725,0.630441873748559,1349.44444444444,-5,0.057,0.0127723332400957,0.0762640496558409,602,2c373d3306edc87ad01d2d64969f3bae4596c736,2026-07-21 08:07:47,2026-06-06 14:01:41,phoenix,rush,17,24,Final,2026-05-02 19:00:00
2026-05-02-TOR-PHI,messer,-22.97,83.68,czaleski,-10.54,83.34,0,0,0,"mhanna,bpastor,jbray,eholmgren,messer,czaleski,jthornton",True,2026-05-02-TOR-PHI,8,13,3,2,639,2,3,False,False,296,home,238,1777766928.0,18,False,"rjamieson,lcomire,nhsieh,orobinson,ebembenis,lkeillor,nnishizak",239,603,ea0a5d92215b76b6d7a8b23ae6f3ea3c4cf3d4d82696b9a8b04ea40884e7f579,1777766928.0,False,296,624.666666666667,12.4346491707647,12.43,-0.340000000000003,-91.5668309561701,55ccd5accb16a54cee0921fa826db43925fa880694f025384ee325e8fa00d9b1,0.961081078352417,0.038918921647583,0.832524848893629,0.844951509343968,0.867210848020036,0.67453905905976,1344.66666666667,-5,0.058,0.0222593386760678,0.132911291788773,603,fb7d4f7f23d6bb2ff50f5043767176607f0b8288,2026-07-21 08:07:47,2026-06-06 14:01:41,phoenix,rush,17,24,Final,2026-05-02 19:00:00
2026-05-02-TOR-PHI,czaleski,-10.54,83.34,jbray,-2.37,82.1,0,0,0,"mhanna,bpastor,jbray,eholmgren,messer,czaleski,jthornton",True,2026-05-02-TOR-PHI,8,13,3,2,639,2,4,False,False,297,home,239,1777766931.0,18,False,"rjamieson,lcomire,nhsieh,orobinson,ebembenis,lkeillor,nnishizak",240,604,68de49a0aa1c183ceb2daa70997d6f3d335309a35a702dffa4254cbda913251e,1777766931.0,False,297,619.888888888889,8.26356460614909,8.17,-1.24000000000001,-98.6301897326207,d8e974e613016136a75c37b7a85d13f9cb36aa996daa2ce94e9c66a3534e0bc9,0.980301501123048,0.0196984988769515,0.832524848893629,0.867003854866821,0.863189030848554,0.681309283659108,1339.88888888889,-5,0.058,-0.00381482401826705,-0.022778447985063,604,1bd910e8104b7832d1db8703d8cce9beba0f6d63,2026-07-21 08:07:47,2026-06-06 14:01:41,phoenix,rush,17,24,Final,2026-05-02 19:00:00
2026-05-02-TOR-PHI,jbray,-2.37,82.1,bpastor,-19.26,90.82,0,0,0,"mhanna,bpastor,jbray,eholmgren,messer,czaleski,jthornton",True,2026-05-02-TOR-PHI,8,13,3,2,639,2,5,False,False,298,home,240,1777766935.0,18,False,"rjamieson,lcomire,nhsieh,orobinson,ebembenis,lkeillor,nnishizak",241,605,1e3204e66f49909205d5641afea1b287cf315ac8c8a8698b8dd13fe9673223ba,1777766935.0,False,298,615.111111111111,19.0081692963841,-16.89,8.72,62.6935154176597,a6fb48ecd5a269f68541091da5ca926101e263587e2647d78380a68555ad19eb,0.960827540259579,0.0391724597404214,0.832524848893629,0.863069240617974,0.8882572021547,0.627399451220987,1335.11111111111,-5,0.06,0.0251879615367265,0.150398201585909,605,50f1f7c93546c8ec03142d1bedc64e74a6860b1e,2026-07-21 08:07:47,2026-06-06 14:01:41,phoenix,rush,17,24,Final,2026-05-02 19:00:00
2026-05-02-TOR-PHI,bpastor,-19.26,90.82,czaleski,-6.9,83.13,0,0,0,"mhanna,bpastor,jbray,eholmgren,messer,czaleski,jthornton",True,2026-05-02-TOR-PHI,8,13,3,2,639,2,6,False,False,299,home,241,1777766940.0,18,False,"rjamieson,lcomire,nhsieh,orobinson,ebembenis,lkeillor,nnishizak",242,606,e5b32cd7f4c0754733adccb10b494f329fe38a58267d8c4d236ba5fdcdfd8365,1777766940.0,False,299,610.333333333333,14.5569811430805,12.36,-7.69,-121.888563896692,629dd52600b691e0882e2ce0402badb89bf61c0ceaed1ef2d948120c52f473e7,0.959866961739583,0.0401330382604175,0.832524848893629,0.888228018095167,0.866939205876619,0.676760955639328,1330.33333333333,-5,0.058,-0.0212888122185479,-0.127116244278093,606,a65da141489ddcaea3fee09b0ab28bb2ee2ed722,2026-07-21 08:07:47,2026-06-06 14:01:41,phoenix,rush,17,24,Final,2026-05-02 19:00:00
2026-05-02-TOR-PHI,czaleski,-6.9,83.13,mhanna,6.34,93.98,0,0,0,"mhanna,bpastor,jbray,eholmgren,messer,czaleski,jthornton",True,2026-05-02-TOR-PHI,8,13,3,2,639,2,7,False,False,300,home,242,1777766944.0,18,False,"rjamieson,lcomire,nhsieh,orobinson,ebembenis,lkeillor,nnishizak",243,607,1aa78311de40fa8a4165d460600f2ba2eb475d044b32f0863116d24f3a5828bc,1777766944.0,False,300,605.555555555556,17.1178298858237,13.24,10.85,-50.6658473777301,9e2f1a09e63869d26394cef56b3235729ef5137df4c0da37eec2d274592821d8,0.950183075082654,0.0498169249173465,0.832524848893629,0.86698115305391,0.909166172682266,0.644080169599397,1325.55555555556,-5,0.061,0.0421850196283566,0.251888231475982,607,1ff3e5eecc0f35db83f9fb8fa6434d57180ef595,2026-07-21 08:07:47,2026-06-16 08:07:02,phoenix,rush,17,24,Final,2026-05-02 19:00:00
2026-05-02-TOR-PHI,mhanna,6.34,93.98,jthornton,11.49,103.59,0,0,0,"mhanna,bpastor,jbray,eholmgren,messer,czaleski,jthornton",True,2026-05-02-TOR-PHI,9,13,3,2,639,2,8,False,False,301,home,243,1777766953.0,19,False,"rjamieson,lcomire,nhsieh,orobinson,ebembenis,lkeillor,nnishizak",244,608,22d8663691628ef082411d575aeeb33171d23911ab81cb2f057f73ab7c0e10e3,1777766953.0,False,301,600.777777777778,10.9029629000561,5.15,9.61,-28.1868619574911,78844dbb67ec5abe3c239347aba8a3f77a83f2c23e943994cb86aa1959efedf6,0.964076129138607,0.0359238708613929,0.832524848893629,0.90924534162539,1.0,0.625404635574597,1320.77777777778,-5,0.063,0.0907546583746101,0.541899247590274,608,c86186fda86d9f3365e9d27b3a4f21db0d986c2e,2026-07-21 08:07:47,2026-06-16 08:07:02,phoenix,rush,17,24,Final,2026-05-02 19:00:00
2026-05-02-TOR-PHI,asehgal,-21.66,14.62,rpoloz,-10.75,25.33,0,0,0,"sdillon,gchatha,rpoloz,kmallany,mgallant,pturner,asehgal",False,2026-05-02-TOR-PHI,9,13,3,3,596,1,1,True,True,302,away,193,,18,False,"pburt1,jwisner,czaleski,jkeller,sdavies1,esarles,idietrich",194,205,797a193ef30339ff963ab80390dbafc40af9fa804cc8a3ce62f9c11dbf881626,1777763232.0,True,302,596.0,15.2883027180914,10.91,10.71,-45.5300105941579,d37a843a793dafdee97f5fac3f8797d248781cc10b1fac53b6aac9af35b849ac,0.97305751497885,0.02694248502115,0.577880465746783,0.577880465746783,0.640490993517407,0.910841053327756,1316.0,-4,0.06,0.0626105277706241,0.148324165763591,205,938670193bb20e54b92a3cf8d0188fdacbc8d93d,2026-07-21 08:07:47,2026-06-06 14:01:41,phoenix,rush,17,24,Final,2026-05-02 19:00:00
2026-05-02-TOR-PHI,rpoloz,-10.75,25.33,kmallany,-2.44,33.63,0,0,0,"sdillon,gchatha,rpoloz,kmallany,mgallant,pturner,asehgal",False,2026-05-02-TOR-PHI,9,13,3,3,596,1,2,True,True,303,away,194,,18,False,"pburt1,jwisner,czaleski,jkeller,sdavies1,esarles,idietrich",195,206,5ffef5672ac3669c0b8e90aadee58e965861dc95485ab35d4db97321d045e1de,1777763233.0,True,303,583.333333333333,11.7450457640658,8.31,8.3,-45.0344947456897,cb692f05ec289efd696ef71d2e91740b0fe850d8fe34a3eb54ad0ffd3c0001dc,0.983498388129834,0.0165016118701664,0.577880465746783,0.641887000396885,0.669081572043176,0.881517000071806,1303.33333333333,-4,0.058,0.0271945716462917,0.064423864425991,206,780801ae89d125b32326e001bf582bee8ca21d8b,2026-07-21 08:07:47,2026-06-06 14:01:41,phoenix,rush,17,24,Final,2026-05-02 19:00:00
2026-05-02-TOR-PHI,kmallany,-2.44,33.63,mgallant,11.42,49.42,0,0,0,"sdillon,gchatha,rpoloz,kmallany,mgallant,pturner,asehgal",False,2026-05-02-TOR-PHI,9,13,3,3,596,1,3,True,True,304,away,195,,18,False,"pburt1,jwisner,czaleski,jkeller,sdavies1,esarles,idietrich",196,207,6ddd7039d159e633e2cf1816eb8aaf6550120b6e7c583bce556e5e6550dc9396,1777763234.0,True,304,570.666666666667,21.0100856733141,13.86,15.79,-41.2757143051984,68b716082630d286a91a008dbf89d954a961e324fdb599b4cd382d28e9ad7628,0.955608750356226,0.0443912496437745,0.577880465746783,0.670897927917359,0.722726573289671,0.813164947577688,1290.66666666667,-4,0.056,0.0518286453723119,0.122781916416172,207,9556ce6e47e43bddc0ed8578d8396c26e0b36561,2026-07-21 08:07:47,2026-06-06 14:01:41,phoenix,rush,17,24,Final,2026-05-02 19:00:00
2026-05-02-TOR-PHI,mgallant,11.42,49.42,,1.2,99.19,1,0,0,"sdillon,gchatha,rpoloz,kmallany,mgallant,pturner,asehgal",False,2026-05-02-TOR-PHI,9,13,3,3,596,1,4,True,True,305,away,196,,22,False,"pburt1,jwisner,czaleski,jkeller,sdavies1,esarles,idietrich",197,208,de8acc736e965cae829f72a76a9ce01c3b4cfb999854f589e3ca33f09a297cae,1777763235.0,True,305,558.0,50.8084766549835,-10.22,49.77,11.6040719626023,d3ac6042b81cd80f64e9cbfc9c4ce5e9cfa3a19e2bd080a1d11129e0d834782e,0.671784079217848,-0.671784079217848,0.577880465746783,0.724566553328049,0.928622653892496,0.637020215256278,1278.0,-4,0.085,-0.637020215256278,-0.637020215256278,208,5ca2ded324071d4a3d619da6462b05ad12904764,2026-07-21 08:07:47,2026-06-06 14:01:41,phoenix,rush,17,24,Final,2026-05-02 19:00:00
2026-05-02-TOR-PHI,idietrich,-7.32,19.63,pburt1,-26.47,42.21,1,1,0,"pburt1,jwisner,czaleski,jkeller,sdavies1,esarles,idietrich",True,2026-05-02-TOR-PHI,9,13,3,3,596,2,1,False,False,306,home,248,1777767074.0,20,False,"sdillon,gchatha,rpoloz,kmallany,mgallant,pturner,asehgal",249,613,3f28e653e62bb6c0b39a33820c97471a4e3169872bf70a545bad6bc593f624c5,1777767074.0,False,306,545.333333333333,29.6070751679392,-19.15,22.58,40.301132661024,fa71d888aa021cc104dc1a4b7093b2ff28666e736c7908102a5237cfd45dfba6,0.726430682294094,1.0,0.635147794811806,0.635147794811806,0.620042653563978,0.802956590667159,1265.33333333333,-4,0.052,-0.802956590667159,-0.802956590667159,613,84fd1b1e58fe395b9d0f513368014c0299cd26e7,2026-07-21 08:07:47,2026-06-06 14:01:41,phoenix,rush,17,24,Final,2026-05-02 19:00:00
2026-05-02-TOR-PHI,asehgal,24.19,74.27,rpoloz,21.31,102.42,0,0,0,"sdillon,gchatha,rpoloz,kmallany,mgallant,pturner,asehgal",False,2026-05-02-TOR-PHI,9,14,3,3,596,3,1,True,True,307,away,198,,19,False,"pburt1,jwisner,czaleski,jkeller,sdavies1,esarles,idietrich",199,210,0c993466abd7f194930a55dc2a9d2c9be5a3e9e89078204d6ba77eed8a41c6c5,1777763237.0,True,307,532.666666666667,28.2969415308439,-2.88,28.15,5.84155238860284,67815c68571891b339ae66ef78ec52044ed4d48c5a8017003e15ba8a067e4104,0.86364329248441,0.13635670751559,0.798971280331947,0.798971280331947,1.0,0.603361705623181,1252.66666666667,-4,0.045,0.201028719668053,1.0,210,bd8f072e40e229654a5ef11517964ccfb7f726a0,2026-07-21 08:07:47,2026-06-06 14:01:41,phoenix,rush,17,24,Final,2026-05-02 19:00:00
2026-05-02-TOR-PHI,tnye,15.4,20.86,dsuvorov,2.29,21.14,0,0,0,"tnye,mcampanel,ndigiorgi,crawlins,cwhite1,dsuvorov,eholmgren",True,2026-05-02-TOR-PHI,9,14,3,4,520,1,1,True,True,308,home,251,1777767123.0,18,False,"nnishizak,ezhuang,lkeillor,dpetsinis,hnorris,nho,mayad",252,616,a20d9c647ca6ec28313bfd96283977ca5af63215242c1ae609c653053711a713,1777767123.0,False,308,520.0,13.1129897429991,-13.11,0.280000000000001,88.7764775283217,61e50d24014cf44521899227a1fdc94bef2412a95d20f5b2b0bfe467bbb2fe25,0.985752968023207,0.0142470319767927,0.63028981691907,0.63028981691907,0.643075582759709,0.929092942211891,1240.0,-5,0.048,0.0127857658406384,0.034583212542565,616,697960eda89ed024546afa47c91c8e3a22f239ef,2026-07-21 08:07:47,2026-06-06 14:01:41,phoenix,rush,17,24,Final,2026-05-02 19:00:00
2026-05-02-TOR-PHI,dsuvorov,2.29,21.14,eholmgren,-13.77,26.7,0,0,0,"tnye,mcampanel,ndigiorgi,crawlins,cwhite1,dsuvorov,eholmgren",True,2026-05-02-TOR-PHI,9,14,3,4,520,1,2,True,True,309,home,252,1777767126.0,18,False,"nnishizak,ezhuang,lkeillor,dpetsinis,hnorris,nho,mayad",253,617,a4e083a4c028c07fb6dea30a2f0df36ca52bc275f668c8bf9ffa8a8a777ebd6d,1777767126.0,False,309,515.75,16.9952110901866,-16.06,5.56,70.9040573673725,4722a5c7542373f8bfa7ea05a2dabd157e5300baace737aa64959d7c43066881,0.980265208306698,0.0197347916933018,0.63028981691907,0.643466110111312,0.651358106982085,0.908286479428505,1235.75,-5,0.048,0.00789199687077313,0.0213464417047057,617,e61845097f771a8088c358132c4802821d1de641,2026-07-21 08:07:47,2026-06-06 14:01:41,phoenix,rush,17,24,Final,2026-05-02 19:00:00
2026-05-02-TOR-PHI,eholmgren,-13.77,26.7,dsuvorov,-7.32,22.17,0,0,0,"tnye,mcampanel,ndigiorgi,crawlins,cwhite1,dsuvorov,eholmgren",True,2026-05-02-TOR-PHI,9,14,3,4,520,1,3,True,True,310,home,253,1777767134.0,18,False,"nnishizak,ezhuang,lkeillor,dpetsinis,hnorris,nho,mayad",254,618,f6de1cd1227ccaec6131466df224af4c721dc3e9b40f572ecdff22cce31891df,1777767134.0,False,310,511.5,7.88183988672695,6.45,-4.53,-125.081349373939,0e560577cefb3ec397971621bcc79bf0f9c9bea647eb5a4eec278026991250f8,0.991285367832722,0.00871463216727775,0.63028981691907,0.651707439880681,0.645466839711877,0.925837647628008,1231.5,-5,0.048,-0.00624060016880357,-0.0168797086323086,618,b0baa7684f8b0021bb9fdb6fdc93788fbe9de33f,2026-07-21 08:07:47,2026-06-06 14:01:41,phoenix,rush,17,24,Final,2026-05-02 19:00:00
2026-05-02-TOR-PHI,dsuvorov,-7.32,22.17,eholmgren,-1.62,27.04,0,0,0,"tnye,mcampanel,ndigiorgi,crawlins,cwhite1,dsuvorov,eholmgren",True,2026-05-02-TOR-PHI,9,14,3,4,520,1,4,True,True,311,home,254,1777767135.0,18,False,"nnishizak,ezhuang,lkeillor,dpetsinis,hnorris,nho,mayad",255,619,4c7bd773e8d9f6ba1fcac6799c207f6d13d0fef08935149edcf1fb497dc9e3d1,1777767135.0,False,311,507.25,7.49712611605274,5.7,4.87,-49.4898877974971,36cea74895d3bcad2d91d3384d53f9432524f20baba7cede7d888ccaabb86c36,0.990525132606223,0.0094748673937769,0.63028981691907,0.645782884790441,0.659732400434587,0.910253359278311,1227.25,-5,0.049,0.0139495156441456,0.0377309478681361,619,283e0f036a27aba7a58e592ea5660a5c47e149e5,2026-07-21 08:07:47,2026-06-06 14:01:41,phoenix,rush,17,24,Final,2026-05-02 19:00:00
2026-05-02-TOR-PHI,eholmgren,-1.62,27.04,mcampanel,5.31,26.43,0,0,0,"tnye,mcampanel,ndigiorgi,crawlins,cwhite1,dsuvorov,eholmgren",True,2026-05-02-TOR-PHI,9,14,3,4,520,1,5,True,True,312,home,255,1777767137.0,18,False,"nnishizak,ezhuang,lkeillor,dpetsinis,hnorris,nho,mayad",256,620,94f2571e38a83f97b7bbf69912e2b3a3da1e9df2b0f42991ff40384d9b33ec41,1777767137.0,False,312,503.0,6.9567952391888,6.93,-0.609999999999999,-95.0303862600182,d8e4901015c7a8c55dbba4d0828145d7a1b6a7a65405ac33eb966df89c48e748,0.992157840321045,0.00784215967895507,0.63028981691907,0.660008450608186,0.657867701699913,0.912265545433148,1223.0,-5,0.049,-0.00214074890827298,-0.00579034337229595,620,018a91ec2a2ec73a62ffbb59237acf8d7ec23310,2026-07-21 08:07:47,2026-06-06 14:01:41,phoenix,rush,17,24,Final,2026-05-02 19:00:00
2026-05-02-TOR-PHI,mcampanel,5.31,26.43,tnye,14.17,31.37,0,0,0,"tnye,mcampanel,ndigiorgi,crawlins,cwhite1,dsuvorov,eholmgren",True,2026-05-02-TOR-PHI,9,14,3,4,520,1,6,True,True,313,home,256,1777767140.0,18,False,"nnishizak,ezhuang,lkeillor,dpetsinis,hnorris,nho,mayad",257,621,8ac3480db8a7510b8df3e34d736cb93d4947ae1276ac088f356868cbb68bb37c,1777767140.0,False,313,498.75,10.1441214503771,8.86,4.94,-60.8576199764656,0cf76a922910422e2d04243dfca47187760b9090ba03946c3be4cbe46291d477,0.987997481749057,0.0120025182509433,0.63028981691907,0.658111738014441,0.664045199515527,0.891749136856408,1218.75,-5,0.049,0.00593346150108598,0.016048953403556,621,39265d7e0322476b230fd41813d1bc27595bf748,2026-07-21 08:07:47,2026-06-06 14:01:41,phoenix,rush,17,24,Final,2026-05-02 19:00:00
2026-05-02-TOR-PHI,tnye,14.17,31.37,cwhite1,18.7,56.22,0,0,0,"tnye,mcampanel,ndigiorgi,crawlins,cwhite1,dsuvorov,eholmgren",True,2026-05-02-TOR-PHI,9,14,3,4,520,1,7,True,True,314,home,257,1777767143.0,18,False,"nnishizak,ezhuang,lkeillor,dpetsinis,hnorris,nho,mayad",258,622,39b143fe9551796f52cc4f8f9214fe02446c67507a35bc6293ae1fd3295963bd,1777767143.0,False,314,494.5,25.2595209772474,4.53,24.85,-10.3312210688531,69559b874749cb198cebbb03c386260b8240062ba1e9bdba82eede5032b51670,0.935216641433407,0.0647833585665929,0.63028981691907,0.664255936354763,0.741727344568863,0.777240587125736,1214.5,-5,0.052,0.0774714082140995,0.20954631968344,622,95182fdcaef2ddcddc0399c7a4633034fa66d831,2026-07-21 08:07:47,2026-06-06 14:01:41,phoenix,rush,17,24,Final,2026-05-02 19:00:00
2026-05-02-TOR-PHI,cwhite1,18.7,56.22,crawlins,21.93,114.3,0,0,0,"tnye,mcampanel,ndigiorgi,crawlins,cwhite1,dsuvorov,eholmgren",True,2026-05-02-TOR-PHI,10,14,3,4,520,1,8,True,True,315,home,258,1777767154.0,19,False,"nnishizak,ezhuang,lkeillor,dpetsinis,hnorris,nho,mayad",259,623,37b356eb05c1d0622bc0ca86c4b76ecfb2002f600e34e2e63011b0f0e76e106e,1777767154.0,False,315,490.25,58.1697455727632,3.23,58.08,-3.18310831678703,18a97990be8b34574c851e3d84c2afcac16c359fd22baa218944d485c5b05770,0.636380877730896,0.363619122269104,0.63028981691907,0.741882680228175,1.0,0.60241746614395,1210.25,-5,0.064,0.258117319771825,0.698161239760395,623,3c1579603da3b6ae87560d64614cde9b24b86fd5,2026-07-21 08:07:47,2026-06-06 14:01:41,phoenix,rush,17,24,Final,2026-05-02 19:00:00
2026-05-02-TOR-PHI,rpoloz,-13.08,27.32,asehgal,-1.21,27.32,0,0,0,"sdillon,gchatha,rpoloz,kmallany,mgallant,pturner,asehgal",False,2026-05-02-TOR-PHI,10,14,3,5,486,1,1,True,True,316,away,203,,18,False,"jwisner,czaleski,swhitcomb,bpastor,jbray,mhanna,jthornton",204,215,49467567b3bf020195de7f51f0838def2f7035129b5b70ee9db3bb0a64566543,1777763242.0,True,316,486.0,11.87,11.87,0.0,-90.0,10e0bbb3c853e4f7c5af1dfab6a99f504ce732ab312c5e9a24d69e4a9e78d4bd,0.986531577644293,0.0134684223557074,0.655946268477655,0.655946268477655,0.661600351184972,0.909681785082772,1206.0,-4,0.059,0.00565408270731727,0.01643372005384,215,afe4fb50b47f5aaf4f293600e58322dd348fa4cf,2026-07-21 08:07:47,2026-06-06 14:01:41,phoenix,rush,17,24,Final,2026-05-02 19:00:00
2026-05-02-TOR-PHI,asehgal,-1.21,27.32,gchatha,10.12,35.49,0,0,0,"sdillon,gchatha,rpoloz,kmallany,mgallant,pturner,asehgal",False,2026-05-02-TOR-PHI,10,14,3,5,486,1,2,True,True,317,away,204,,18,False,"jwisner,czaleski,swhitcomb,bpastor,jbray,mhanna,jthornton",205,216,42ebec9c4daaf2c92368893eb413cbc83a710d4447611617c3d98ff93daa0a78,1777763243.0,True,317,478.190476190476,13.9684573235558,11.33,8.17,-54.2048362505333,4b26f20e0c474b9c38cf9f3d3faa1a38eeec2394eea3714704ad9e48839d0f56,0.98075371870658,0.0192462812934199,0.655946268477655,0.661811130264205,0.68341791094059,0.87838236634713,1198.19047619048,-4,0.058,0.0216067806763848,0.0628005997225508,216,04c7197a4f8947e8dccae103bac1917acbb00e31,2026-07-21 08:07:47,2026-06-06 14:01:41,phoenix,rush,17,24,Final,2026-05-02 19:00:00
2026-05-02-TOR-PHI,gchatha,10.12,35.49,mgallant,8.47,105.65,1,1,0,"sdillon,gchatha,rpoloz,kmallany,mgallant,pturner,asehgal",False,2026-05-02-TOR-PHI,10,14,3,5,486,1,3,True,True,318,away,205,,20,False,"jwisner,czaleski,swhitcomb,bpastor,jbray,mhanna,jthornton",206,217,cf9e80d88553fabcb367cdede96e9b381b075a1b598abf219c3f5804bbbf354b,1777763244.0,True,318,470.380952380952,70.1793993989689,-1.65,70.16,1.34721512136139,ad39b9f5f1350d0b91218823596953acd70b419952d7719f7e888111a4b6485a,0.546213324792535,1.0,0.655946268477655,0.683540412254831,0.947648679323802,0.641315094077168,1190.38095238095,-4,0.085,-0.641315094077168,-0.641315094077168,217,cf1f1d87ec1cfa71f9321d006370a3be9f71eb8f,2026-07-21 08:07:47,2026-06-06 14:01:41,phoenix,rush,17,24,Final,2026-05-02 19:00:00
2026-05-02-TOR-PHI,czaleski,-7.11,18.81,jthornton,1.88,15.92,0,0,0,"jwisner,czaleski,swhitcomb,bpastor,jbray,mhanna,jthornton",True,2026-05-02-TOR-PHI,10,14,3,5,486,2,1,False,False,319,home,262,1777767236.0,18,False,"sdillon,gchatha,rpoloz,kmallany,mgallant,pturner,asehgal",263,627,10048c83210c1cdcfdebea8e72bf32d71ed1c4c29d315587d90c869810e9f8e6,1777767236.0,False,319,462.571428571429,9.44310330346968,8.99,-2.89,-107.820951917421,33918ceb3e1113d25e3b9809016d93cfaeaa5a6a25b9ebfa5e99838601ef5534,0.991870871280865,0.00812912871913474,0.619170862030717,0.638981748909274,0.633102193987702,0.933223268406254,1182.57142857143,-4,0.085,-0.00587955492157211,-0.0154388263275336,627,04a13f4e9416dbeb4b246bf601703744e8ec62d8,2026-07-21 08:07:47,2026-06-06 14:01:41,phoenix,rush,17,24,Final,2026-05-02 19:00:00
2026-05-02-TOR-PHI,jthornton,1.88,15.92,jwisner,16.91,17.29,0,0,0,"jwisner,czaleski,swhitcomb,bpastor,jbray,mhanna,jthornton",True,2026-05-02-TOR-PHI,10,14,3,5,486,2,2,False,False,320,home,263,1777767239.0,18,False,"sdillon,gchatha,rpoloz,kmallany,mgallant,pturner,asehgal",264,628,5e1e4a16e6973192bfd406a36490c9e01696fd75078ca3cef1fdb7b21715f32c,1777767239.0,False,320,454.761904761905,15.0923092997725,15.03,1.37,-84.7918228550934,b5e5a7c6aff8fdc2e5cc9a5bc84a58c323d354324b06c1dd89df8e6f0fbd2209,0.988302034266125,0.0116979657338753,0.619170862030717,0.633084803203902,0.61925118239446,0.929238147076096,1174.7619047619,-4,0.084,-0.0138336208094419,-0.0363250062303734,628,d298fd766c98a5fb58ef4f56107539adfc83c913,2026-07-21 08:07:47,2026-06-06 14:01:41,phoenix,rush,17,24,Final,2026-05-02 19:00:00
2026-05-02-TOR-PHI,jwisner,16.91,17.29,jthornton,19.25,28.0,0,0,0,"jwisner,czaleski,swhitcomb,bpastor,jbray,mhanna,jthornton",True,2026-05-02-TOR-PHI,10,14,3,5,486,2,3,False,False,321,home,264,1777767243.0,18,False,"sdillon,gchatha,rpoloz,kmallany,mgallant,pturner,asehgal",265,629,53c7f9a1bb20d1ffe98b94a8ad2337843601182c165f61798d1ecb6778bdedff,1777767243.0,False,321,446.952380952381,10.9626502270208,2.34,10.71,-12.3247274341374,bfe27bd47f65d8568790d42dfae7f85b69c43c3c9cbbeeeffd04c153bfb84702,0.987352616384907,0.0126473836150931,0.619170862030717,0.619170862030717,0.637795251459394,0.898579026856227,1166.95238095238,-4,0.085,0.0186243894286776,0.0489048435946616,629,66ae7e875e9e96003e564e2a211a7693c41a3b5e,2026-07-21 08:07:47,2026-06-06 14:01:41,phoenix,rush,17,24,Final,2026-05-02 19:00:00
2026-05-02-TOR-PHI,jthornton,19.25,28.0,bpastor,22.54,50.32,0,0,0,"jwisner,czaleski,swhitcomb,bpastor,jbray,mhanna,jthornton",True,2026-05-02-TOR-PHI,10,14,3,5,486,2,4,False,False,322,home,265,1777767246.0,18,False,"sdillon,gchatha,rpoloz,kmallany,mgallant,pturner,asehgal",266,630,2b79ca1b2c81c1f3b667fbe7dbdd569412fc19c0befa2601faacb8ae6ae9da71,1777767246.0,False,322,439.142857142857,22.5611723986144,3.29,22.32,-8.3850997519265,758be2e8157635ce5d087f00a6b4b326c3e70915e9f59004a31301ab36624957,0.93713828666518,0.0628617133348199,0.619170862030717,0.637663587143082,0.698973185658662,0.787965606656352,1159.14285714286,-4,0.088,0.0613095985155799,0.160989778362298,630,29578aee95b201cb840ea2b81e5c78b2a0521e06,2026-07-21 08:07:47,2026-06-06 14:01:41,phoenix,rush,17,24,Final,2026-05-02 19:00:00
2026-05-02-TOR-PHI,bpastor,22.54,50.32,jthornton,13.41,44.0,0,0,0,"jwisner,czaleski,swhitcomb,bpastor,jbray,mhanna,jthornton",True,2026-05-02-TOR-PHI,10,14,3,5,486,2,5,False,False,323,home,266,1777767248.0,18,False,"sdillon,gchatha,rpoloz,kmallany,mgallant,pturner,asehgal",267,631,3be3349ce743f05e1c604aa46733ac379b9e51d7709f08150342154bfe431113,1777767248.0,False,323,431.333333333333,11.1040217939267,-9.13,-6.32,124.691890116103,e6689264992b3abb845a52e65d79f5bcb5739eadacb8bc6fc41f35437b6860be,0.983420505922723,0.0165794940772771,0.619170862030717,0.69881269633435,0.707950355769773,0.841076758484794,1151.33333333333,-4,0.089,0.00913765943542366,0.0239941184231567,631,002d39bd57759ad1818b3ea9d33d922e09c4d094,2026-07-21 08:07:47,2026-06-06 14:01:41,phoenix,rush,17,24,Final,2026-05-02 19:00:00
2026-05-02-TOR-PHI,jthornton,13.41,44.0,jbray,18.36,53.75,0,0,0,"jwisner,czaleski,swhitcomb,bpastor,jbray,mhanna,jthornton",True,2026-05-02-TOR-PHI,10,14,3,5,486,2,6,False,False,324,home,267,1777767252.0,18,False,"sdillon,gchatha,rpoloz,kmallany,mgallant,pturner,asehgal",268,632,5a2d18c0a01c44c50ca96ada5c5915fb9ba907d3b8c86b2d4a03d716476807f6,1777767252.0,False,324,423.52380952381,10.9345781811646,4.95,9.75,-26.9165546169513,64306243377d039d77dbce48b5271672697ebc9940a1dbfc3be394b9e7e560dc,0.983599871109569,0.0164001288904313,0.619170862030717,0.707760343323974,0.732642764022758,0.789403790209524,1143.52380952381,-4,0.091,0.0248824206987841,0.0653374918512434,632,5c1c0d0e74032cdd3adb7747fd6aeb209ff59ed3,2026-07-21 08:07:47,2026-06-06 14:01:41,phoenix,rush,17,24,Final,2026-05-02 19:00:00
2026-05-02-TOR-PHI,jbray,18.36,53.75,jthornton,8.88,45.92,0,0,0,"jwisner,czaleski,swhitcomb,bpastor,jbray,mhanna,jthornton",True,2026-05-02-TOR-PHI,10,14,3,5,486,2,7,False,False,325,home,268,1777767260.0,18,False,"sdillon,gchatha,rpoloz,kmallany,mgallant,pturner,asehgal",269,633,cf1b125ecd1cf4516a70ab8ed4eb1fa9a1fbafad44a0d96fbb73f50f6659d64f,1777767260.0,False,325,415.714285714286,12.295499176528,-9.48,-7.83,129.554981964301,fbcdb2e9aa3ea849e06aa01125b0171e7553d918cd94efb1830c5ea0ac2e4dd6,0.982825403205436,0.0171745967945641,0.619170862030717,0.732439291466697,0.719460727542163,0.835341246515082,1135.71428571429,-4,0.09,-0.0129785639245343,-0.0340797555400846,633,050ffb194b0b3fdcbb987f6b151c30474b580ce5,2026-07-21 08:07:47,2026-06-06 14:01:41,phoenix,rush,17,24,Final,2026-05-02 19:00:00
2026-05-02-TOR-PHI,jthornton,8.88,45.92,mhanna,-7.04,50.45,0,0,0,"jwisner,czaleski,swhitcomb,bpastor,jbray,mhanna,jthornton",True,2026-05-02-TOR-PHI,10,14,3,5,486,2,8,False,False,326,home,269,1777767266.0,18,False,"sdillon,gchatha,rpoloz,kmallany,mgallant,pturner,asehgal",270,634,040f42271ff8226cf9335f818232f5190e7c3575080ab555d289bfc206d5b042,1777767266.0,False,326,407.904761904762,16.5519575881525,-15.92,4.53,74.1164169492595,671460725278cfec744170b7c2d57e72a84fcd7dd0fd86192e043a5ebb81f694,0.972810832907415,0.027189167092585,0.619170862030717,0.719234274008599,0.737137756734432,0.816216004584442,1127.90476190476,-4,0.091,0.0179034827258324,0.0470118510923302,634,00289543c7e3eb3762a72999053efa341f46a60b,2026-07-21 08:07:47,2026-06-06 14:01:41,phoenix,rush,17,24,Final,2026-05-02 19:00:00
2026-05-02-TOR-PHI,mhanna,-7.04,50.45,jwisner,-24.82,58.97,1,1,0,"jwisner,czaleski,swhitcomb,bpastor,jbray,mhanna,jthornton",True,2026-05-02-TOR-PHI,10,14,3,5,486,2,9,False,False,327,home,270,1777767272.0,20,False,"sdillon,gchatha,rpoloz,kmallany,mgallant,pturner,asehgal",271,635,44ad88e3d4ab57df827ee5afaed532ae2dc3e55117aa96a16a26e35714842d17,1777767272.0,False,327,400.095238095238,19.715952931573,-17.78,8.52,64.3967204763931,ebfcc25ca06d752479244aeeaec8260d5a30902145b7c16334395017e4d96bd3,0.932396064405755,1.0,0.619170862030717,0.736911312674386,0.717937440375454,0.731785906855706,1120.09523809524,-4,0.055,-0.731785906855706,-0.731785906855706,635,cd025fcd351c96fd55c84b43b76cd1db6010afb5,2026-07-21 08:07:47,2026-06-06 14:01:41,phoenix,rush,17,24,Final,2026-05-02 19:00:00
2026-05-02-TOR-PHI,asehgal,23.92,63.15,sdillon,14.51,49.22,0,0,0,"sdillon,gchatha,rpoloz,kmallany,mgallant,pturner,asehgal",False,2026-05-02-TOR-PHI,10,14,3,5,486,3,1,True,True,328,away,207,,18,False,"jwisner,czaleski,swhitcomb,bpastor,jbray,mhanna,jthornton",208,219,c7cf20302a223917ede4593d7f3ccdb6c00ed433a040e69c010b1e9fa4c15719,1777763246.0,True,328,392.285714285714,16.8105026694623,-9.41,-13.93,145.960168819755,c6e0ca050bfa03ad231f56fe29b5ff6cdea43c335732f34f531ed2cbc23b0398,0.974889749711097,0.0251102502889032,0.724117779603493,0.747405856678079,0.724347863342359,0.816409869840903,1112.28571428571,-4,0.056,-0.0230579933357202,-0.0835791204760513,219,9def0705fc66cac11d95b9d7298b37be8eaa6236,2026-07-21 08:07:47,2026-06-06 14:01:41,phoenix,rush,17,24,Final,2026-05-02 19:00:00
2026-05-02-TOR-PHI,sdillon,14.51,49.22,rpoloz,-0.45,51.28,0,0,0,"sdillon,gchatha,rpoloz,kmallany,mgallant,pturner,asehgal",False,2026-05-02-TOR-PHI,10,14,3,5,486,3,2,True,True,329,away,208,,18,False,"jwisner,czaleski,swhitcomb,bpastor,jbray,mhanna,jthornton",209,220,101f34d88a48a40986829d5039518f298ecbce809ab0ae9d49c38c3090ed943c,1777763247.0,True,329,384.47619047619,15.1011655179327,-14.96,2.06,82.1596471980525,6b2cf7d6134efb1ba53aaf0d1077f664604ba9ec48ee8d68628b5254e59c38c0,0.975372985499776,0.0246270145002242,0.724117779603493,0.724117779603493,0.740484403182104,0.812794811785171,1104.47619047619,-4,0.055,0.0163666235786114,0.0593246768678632,220,ac1bb4e8c96686eda165bb4968c1a1ad8e473629,2026-07-21 08:07:47,2026-06-06 14:01:41,phoenix,rush,17,24,Final,2026-05-02 19:00:00
2026-05-02-TOR-PHI,rpoloz,-0.45,51.28,mgallant,-16.58,54.43,0,0,0,"sdillon,gchatha,rpoloz,kmallany,mgallant,pturner,asehgal",False,2026-05-02-TOR-PHI,10,14,3,5,486,3,3,True,True,330,away,209,,18,False,"jwisner,czaleski,swhitcomb,bpastor,jbray,mhanna,jthornton",210,221,efa06e8fb5edcb1db52d64cd6416c605288ec9529c6749d1db561fdae04fe44d,1777763248.0,True,330,376.666666666667,16.4347010925055,-16.13,3.15,78.9498795424961,ae5fdaac53fa6701afe5c11a7fc5045b34edaeeb6ad0b5a821c21325f7f19eca,0.978067687399072,0.0219323126009279,0.724117779603493,0.740275058409337,0.741734825192646,0.7879633641937,1096.66666666667,-4,0.055,0.00145976678330972,0.00529126806798821,221,6f1343b9de609acaf4f2846a2eee2a839e6c9153,2026-07-21 08:07:47,2026-06-06 14:01:41,phoenix,rush,17,24,Final,2026-05-02 19:00:00
2026-05-02-TOR-PHI,mgallant,-16.58,64.43,pturner,-0.25,73.66,0,0,0,"sdillon,gchatha,rpoloz,kmallany,mgallant,pturner,asehgal",False,2026-05-02-TOR-PHI,10,14,3,5,486,3,4,True,True,331,away,211,,18,False,"jwisner,czaleski,swhitcomb,bpastor,jbray,mhanna,jthornton",212,223,8ae7f4b8c0c76e1002040f1a826c6ad8d45cb4feff2663700babf7ba6baccc01,1777763250.0,True,331,368.857142857143,18.7579796353445,16.33,9.22999999999999,-60.5241109967543,56e7f2d969831b48f8b39275a16480c2a0733f23abde6f31a76480d2d3190862,0.951154425781,0.0488455742190004,0.724117779603493,0.784417490922058,0.833649727630585,0.721339468938156,1088.85714285714,-4,0.05,0.0492322367085267,0.178453822206333,223,0346d9e423729ac4a19ff2cb8e4d7a5d56ade526,2026-07-21 08:07:47,2026-06-06 14:01:41,phoenix,rush,17,24,Final,2026-05-02 19:00:00
2026-05-02-TOR-PHI,pturner,-0.25,73.66,rpoloz,-0.86,82.31,0,0,0,"sdillon,gchatha,rpoloz,kmallany,mgallant,pturner,asehgal",False,2026-05-02-TOR-PHI,10,14,3,5,486,3,5,True,True,332,away,212,,18,False,"jwisner,czaleski,swhitcomb,bpastor,jbray,mhanna,jthornton",213,224,4fe43dde6fa2ad325866cc2a06bc53f3df38246711550caff31c95a54492a85a,1777763251.0,True,332,361.047619047619,8.67148199559914,-0.61,8.65000000000001,4.03383357374366,95a8a41790c51dc06bf4d65334311cbb8d10e62c9457a78def99ee0278ebc52e,0.979970067889049,0.0200299321109514,0.724117779603493,0.833531308383184,0.869628179110798,0.690964284739351,1081.04761904762,-4,0.048,0.036096870727614,0.130841598547867,224,9f21b7ff69bba63df870a831ad8e3210102466cb,2026-07-21 08:07:47,2026-06-06 14:01:41,phoenix,rush,17,24,Final,2026-05-02 19:00:00
2026-05-02-TOR-PHI,rpoloz,-0.86,82.31,gchatha,-16.58,86.49,0,0,0,"sdillon,gchatha,rpoloz,kmallany,mgallant,pturner,asehgal",False,2026-05-02-TOR-PHI,10,14,3,5,486,3,6,True,True,333,away,213,,18,False,"jwisner,czaleski,swhitcomb,bpastor,jbray,mhanna,jthornton",214,225,8bae091c5f4cf78d059b45f7d44d9ba687bdc5c68d25046f0068e8b3a878e707,1777763252.0,True,333,353.238095238095,16.2662472623528,-15.72,4.17999999999999,75.1094240960808,38a4782b1f552704666c14d55c4db73a907cedd287afa16f1178b088e8e4caed,0.966714085360902,0.033285914639098,0.724117779603493,0.869549858199426,0.880063707551984,0.66243641577197,1073.2380952381,-4,0.048,0.0105138493525575,0.0381099200138619,225,cf2978c4e262b5e56885bbb9a1db7bd8dcd83982,2026-07-21 08:07:47,2026-06-06 14:01:41,phoenix,rush,17,24,Final,2026-05-02 19:00:00
2026-05-02-TOR-PHI,gchatha,-16.58,86.49,sdillon,-2.85,75.37,0,0,0,"sdillon,gchatha,rpoloz,kmallany,mgallant,pturner,asehgal",False,2026-05-02-TOR-PHI,10,14,3,5,486,3,7,True,True,334,away,214,,18,False,"jwisner,czaleski,swhitcomb,bpastor,jbray,mhanna,jthornton",215,226,eee316ca57c4f4c8268aa807e3ce7f21c093e5740acab47ac8714785e6bd732c,1777763253.0,True,334,345.428571428571,17.6682568466728,13.73,-11.12,-129.004196664444,ba4cbac16a9148bbd98fef6007f87e0c439fbdc573ee535c48178c40911e6df7,0.961027862592736,0.0389721374072642,0.724117779603493,0.880005928740204,0.840541993636154,0.714546940355435,1065.42857142857,-4,0.05,-0.0394639351040503,-0.143046315370854,226,56b1bfddb57eaeb039e4f81e027f465093765c44,2026-07-21 08:07:47,2026-06-06 14:01:41,phoenix,rush,17,24,Final,2026-05-02 19:00:00
2026-05-02-TOR-PHI,sdillon,-2.85,75.37,asehgal,8.95,84.3,0,0,0,"sdillon,gchatha,rpoloz,kmallany,mgallant,pturner,asehgal",False,2026-05-02-TOR-PHI,10,14,3,5,486,3,8,True,True,335,away,215,,18,False,"jwisner,czaleski,swhitcomb,bpastor,jbray,mhanna,jthornton",216,227,3af3f8fbe3f1e54f5d0fe00b388f9c9405200475a8dcc3a675a9171eeae99e09,1777763254.0,True,335,337.619047619048,14.7981383964335,11.8,8.92999999999999,-52.8823048797685,857584d27762480ee69ef9ac90ba7627275f03d640589eb3af42730813e86dd4,0.964325036160192,0.0356749638398077,0.724117779603493,0.840483275798424,0.876496785836601,0.682523415453409,1057.61904761905,-4,0.048,0.0360135100381769,0.130539438121156,227,de6b978cd7c054346af9c1845ab1b22ae16c4259,2026-07-21 08:07:47,2026-06-06 14:01:41,phoenix,rush,17,24,Final,2026-05-02 19:00:00
2026-05-02-TOR-PHI,asehgal,8.95,84.3,,-19.26,104.62,1,0,0,"sdillon,gchatha,rpoloz,kmallany,mgallant,pturner,asehgal",False,2026-05-02-TOR-PHI,10,14,3,5,486,3,9,True,True,336,away,216,,22,False,"jwisner,czaleski,swhitcomb,bpastor,jbray,mhanna,jthornton",217,229,7f123f2eb76ec8a0c94e09b09f7696c50faf3f1a12bd1476d2917677c89a9665,1777763255.0,True,336,329.809523809524,34.7664565349994,-28.21,20.32,54.23434341445,42f7c03b5d494570264861d7fb33567e8c972ca5e52a9ff8d6ef088af0da92af,0.868502580680721,-0.868502580680721,0.724117779603493,0.87645750054376,0.939368657641086,0.61294930555217,1049.80952380952,-4,0.084,-0.61294930555217,-0.61294930555217,229,b30ac9244ece5e9fdd7c4d68e1311b17fc2de849,2026-07-21 08:07:47,2026-06-06 14:01:41,phoenix,rush,17,24,Final,2026-05-02 19:00:00
2026-05-02-TOR-PHI,crawlins,26.32,20.11,tnye,-0.86,5.9,0,0,0,"mcampanel,jkeller,esarles,dsuvorov,ndigiorgi,tnye,crawlins",True,2026-05-02-TOR-PHI,10,14,3,5,322,4,1,False,True,337,home,274,1777767433.0,18,False,"amuraoka,rjamieson,lcomire,nhsieh,orobinson,ebembenis,ezhuang",275,639,3f83079b95b6be6b08dc4c3abab3e6d86dcc04e066327866f38ec00c8cb78607,1777767433.0,False,337,322.0,30.6704499477918,-27.18,-14.21,117.601058520388,a9b7881b827bf6ebae9a9faa72484053da45385c6b722fc9fe1a2ca57d1991d6,0.959721285321133,0.0402787146788666,0.563916431458445,0.563916431458445,0.608473557101943,0.932390991125823,1042.0,-4,0.084,0.0445571256434978,0.102175658194404,639,503562c8e3c12dccd8290aed2c8e9e48380bddae,2026-07-21 08:07:47,2026-06-06 14:01:41,phoenix,rush,17,24,Final,2026-05-02 19:00:00
2026-05-02-TOR-PHI,tnye,-0.86,5.9,jkeller,10.53,6.93,0,0,0,"mcampanel,jkeller,esarles,dsuvorov,ndigiorgi,tnye,crawlins",True,2026-05-02-TOR-PHI,10,14,3,5,322,4,2,False,True,338,home,275,1777767436.0,18,False,"amuraoka,rjamieson,lcomire,nhsieh,orobinson,ebembenis,ezhuang",276,640,aed484812859ac8c55b79fbdd26f911224d89fe31f42e8a408b551706b183b9f,1777767436.0,False,338,318.5,11.4364767301822,11.39,1.03,-84.8327856783343,cc1e36c55c59ae23e5c501bd9587dbb60e132cfa2dd1842430b088c0c8079146,0.991159824716603,0.00884017528339731,0.563916431458445,0.608440222494611,0.607142912987475,0.931602413800204,1038.5,-4,0.084,-0.0012973095071358,-0.00297491031701686,640,0358bd75d8c92f816a1f68d59dd048afa6b385d7,2026-07-21 08:07:47,2026-06-06 14:01:41,phoenix,rush,17,24,Final,2026-05-02 19:00:00
2026-05-02-TOR-PHI,jkeller,10.53,6.93,mcampanel,-2.44,5.14,0,0,0,"mcampanel,jkeller,esarles,dsuvorov,ndigiorgi,tnye,crawlins",True,2026-05-02-TOR-PHI,10,14,3,5,322,4,3,False,True,339,home,276,1777767442.0,18,False,"amuraoka,rjamieson,lcomire,nhsieh,orobinson,ebembenis,ezhuang",277,641,442970b6b446a4f2b85ba5ce5b32074e493cf3fc60da58dbaa866db588dc8593,1777767442.0,False,339,315.0,13.0929370272678,-12.97,-1.79,97.8577978264424,c69e55b73dd473bc600c18c7ba67829a730547ad096f660472bb75d64986ea2e,0.990267030521934,0.00973296947806623,0.563916431458445,0.607109140099483,0.606780229687885,0.932348710209687,1035.0,-4,0.084,-0.000328910411597994,-0.000754237112620425,641,6489abd687c71581d1c69e3cedb55a2c2f8bb483,2026-07-21 08:07:47,2026-06-16 08:07:02,phoenix,rush,17,24,Final,2026-05-02 19:00:00
2026-05-02-TOR-PHI,mcampanel,-2.44,5.14,jkeller,9.36,6.59,0,0,0,"mcampanel,jkeller,esarles,dsuvorov,ndigiorgi,tnye,crawlins",True,2026-05-02-TOR-PHI,10,14,3,5,322,4,4,False,True,340,home,277,1777767446.0,18,False,"amuraoka,rjamieson,lcomire,nhsieh,orobinson,ebembenis,ezhuang",278,642,e60a9b164fff0d2c340a7e56a276c3e482c6bc4ce4884a6136df3b201dc37520,1777767446.0,False,340,311.5,11.8887551913562,11.8,1.45,-82.9945364864878,1db1c667d543021d6781baf679c1622b9343f2437ec97b1d868db9182a153414,0.990769816088613,0.0092301839113873,0.563916431458445,0.606745315198038,0.607446939899292,0.931819440274654,1031.5,-4,0.084,0.000701624701253567,0.00160892258243091,642,fa450fd3fcc94d727d83d34ed800095c5e70a2ee,2026-07-21 08:07:47,2026-06-16 08:07:02,phoenix,rush,17,24,Final,2026-05-02 19:00:00
2026-05-02-TOR-PHI,jkeller,9.36,6.59,mcampanel,5.31,13.38,0,0,0,"mcampanel,jkeller,esarles,dsuvorov,ndigiorgi,tnye,crawlins",True,2026-05-02-TOR-PHI,10,14,3,5,322,4,5,False,True,341,home,278,1777767448.0,18,False,"amuraoka,rjamieson,lcomire,nhsieh,orobinson,ebembenis,ezhuang",279,643,e71603d104d7b08479549faded340d62b6f71dbd3d40884c4090ce4349402a06,1777767448.0,False,341,308.0,7.90611156005277,-4.05,6.79,30.8146138419945,736047929b70bb0cd5417384fb45a2de125ad3dd9af3ee85a16956be6e35646d,0.991534362210285,0.00846563778971543,0.563916431458445,0.607410184453969,0.623548006483005,0.932203292526456,1028.0,-4,0.084,0.0161378220290359,0.0370062602519226,643,521573ed38aca49fab267beff3228f13a1c660ee,2026-07-21 08:07:47,2026-06-16 08:07:02,phoenix,rush,17,24,Final,2026-05-02 19:00:00
2026-05-02-TOR-PHI,mcampanel,5.31,13.38,jkeller,12.25,20.59,0,0,0,"mcampanel,jkeller,esarles,dsuvorov,ndigiorgi,tnye,crawlins",True,2026-05-02-TOR-PHI,10,14,3,5,322,4,6,False,True,342,home,279,1777767449.0,18,False,"amuraoka,rjamieson,lcomire,nhsieh,orobinson,ebembenis,ezhuang",280,644,8f474fb86ce058cf82fc73d133ff5bdb69153752a6a578b19744327e6194d689,1777767449.0,False,342,304.5,10.0073822751007,6.94,7.21,-43.9068562982863,3e394c393abbd60e4ac9bf395a16fb0b2352a8106bedbcd1ddd7cec118af98e1,0.988891068759301,0.0111089312406988,0.563916431458445,0.62350927091068,0.63556884475021,0.929262187094232,1024.5,-4,0.085,0.0120595738395307,0.0276542725052974,644,e656c957531a3dccdc593b0f0552bea32f40eed7,2026-07-21 08:07:47,2026-06-16 08:07:02,phoenix,rush,17,24,Final,2026-05-02 19:00:00
2026-05-02-TOR-PHI,jkeller,12.25,20.59,,12.93,91.71,1,0,0,"mcampanel,jkeller,esarles,dsuvorov,ndigiorgi,tnye,crawlins",True,2026-05-02-TOR-PHI,10,14,3,5,322,4,7,False,True,343,home,280,1777767455.0,22,False,"amuraoka,rjamieson,lcomire,nhsieh,orobinson,ebembenis,ezhuang",281,645,ab74f479b58f731d0eaa8f241797cb8e173f2ab3f09eafbc58ea176f265ab706,1777767455.0,False,343,301.0,71.1232507693511,0.68,71.12,-0.547805720997459,ba2eb6725a4c0ec3bae0782ceb9977cce64709c3849e014918f601c05b0cce1f,0.531648830836987,-0.531648830836987,0.563916431458445,0.635527392694819,0.902734389283296,0.656023548508977,1021.0,-4,0.059,-0.656023548508977,-0.656023548508977,645,80ec30b99a7848c3f381f2f9c899b6f0ac9b46f3,2026-07-21 08:07:47,2026-06-16 08:07:02,phoenix,rush,17,24,Final,2026-05-02 19:00:00
2026-05-02-TOR-PHI,lcomire,-7.86,37.82,nhsieh,4.08,47.78,0,0,0,"amuraoka,rjamieson,lcomire,nhsieh,orobinson,ebembenis,ezhuang",False,2026-05-02-TOR-PHI,10,14,3,5,322,5,1,True,False,344,away,219,,18,False,"mcampanel,jkeller,esarles,dsuvorov,ndigiorgi,tnye,crawlins",220,232,0a3974131c7c60d219a29c8aeff629a337e34b31074d9be003afeee05a41a128,1777763258.0,True,344,297.5,15.5488005968306,11.94,9.96,-50.1661207185792,8afd0bba7911335ce9b72a331dabe6c4619b46cc92503bf77a3aa9d40ae61914,0.973712172482568,0.026287827517432,0.689496682093361,0.689496682093361,0.725575399453508,0.826662984906944,1017.5,-4,0.056,0.036078717360147,0.116194305437326,232,98645c6a82c2d8ea724cdd239f7b75a79a2e3a40,2026-07-21 08:07:47,2026-06-06 14:01:41,phoenix,rush,17,24,Final,2026-05-02 19:00:00
2026-05-02-TOR-PHI,nhsieh,4.08,47.78,orobinson,-6.29,43.45,0,0,0,"amuraoka,rjamieson,lcomire,nhsieh,orobinson,ebembenis,ezhuang",False,2026-05-02-TOR-PHI,10,14,3,5,322,5,2,True,False,345,away,220,,18,False,"mcampanel,jkeller,esarles,dsuvorov,ndigiorgi,tnye,crawlins",221,233,5eec17b50e54fce1dafe96c2d963e3144c78b43f2a45c23c5a25dc6b3367202c,1777763259.0,True,345,294.0,11.237695493294,-10.37,-4.33,112.663006398895,e4d624968e2598b8d0d45ab38296876d08e6bf2598277cc3b82047c50aa40352,0.986912020386436,0.0130879796135644,0.689496682093361,0.725532376207366,0.709240761197121,0.844878406718569,1014.0,-4,0.057,-0.0162916150102453,-0.05246840877605,233,670207e0b27afc5d196de453d1a86dee375e8fb0,2026-07-21 08:07:47,2026-06-06 14:01:41,phoenix,rush,17,24,Final,2026-05-02 19:00:00
2026-05-02-TOR-PHI,orobinson,-6.29,43.45,rjamieson,-8.55,55.6,0,0,0,"amuraoka,rjamieson,lcomire,nhsieh,orobinson,ebembenis,ezhuang",False,2026-05-02-TOR-PHI,10,14,3,5,322,5,3,True,False,346,away,221,,18,False,"mcampanel,jkeller,esarles,dsuvorov,ndigiorgi,tnye,crawlins",222,234,21fac1f4df51315d607ea46a91b43205293ee220cf129cbc108b66e8ef9fcf7b,1777763260.0,True,346,290.5,12.3584020002588,-2.26,12.15,10.5370637434475,cc8115b371edb1f3032aa9eacd91e791072ec04884bba6d1ab68b2b0925ec065,0.976372856515999,0.0236271434840014,0.689496682093361,0.709191428186115,0.755156009511926,0.791969771026947,1010.5,-4,0.054,0.0459645813258104,0.148032496514678,234,f3334ebb87d1c2b40785614c7eb2c485416f42d6,2026-07-21 08:07:47,2026-06-06 14:01:41,phoenix,rush,17,24,Final,2026-05-02 19:00:00
2026-05-02-TOR-PHI,rjamieson,-8.55,55.6,nhsieh,-6.9,65.42,0,0,0,"amuraoka,rjamieson,lcomire,nhsieh,orobinson,ebembenis,ezhuang",False,2026-05-02-TOR-PHI,10,14,3,5,322,5,4,True,False,347,away,222,,18,False,"mcampanel,jkeller,esarles,dsuvorov,ndigiorgi,tnye,crawlins",223,235,4ab58832aaba4e531631ab10b74108d58a2962a60a4f634c1a453e2575241623,1777763261.0,True,347,287.0,9.95765534651607,1.65,9.82,-9.5379976198745,957e83cc54d3186f8e120e335a26cbe939cba8f634f312059a92532ec3038100,0.979251851976927,0.0207481480230729,0.689496682093361,0.755106927816978,0.796869092138195,0.751432935672284,1007.0,-4,0.052,0.0417621643212169,0.134498286854937,235,420eb7b62258cbc239e9013bff5f6baccc00fa8a,2026-07-21 08:07:47,2026-06-06 14:01:41,phoenix,rush,17,24,Final,2026-05-02 19:00:00
2026-05-02-TOR-PHI,nhsieh,-6.9,65.42,ezhuang,-8.89,107.16,0,0,0,"amuraoka,rjamieson,lcomire,nhsieh,orobinson,ebembenis,ezhuang",False,2026-05-02-TOR-PHI,10,15,3,5,322,5,5,True,False,348,away,223,,19,False,"mcampanel,jkeller,esarles,dsuvorov,ndigiorgi,tnye,crawlins",224,236,bc0cee072d1d95f381c570eee092a45f4608d17fe2d6df1e11be4e41087c598d,1777763262.0,True,348,283.5,41.7874107836319,-1.99,41.74,2.7295718830877,bbf735a5667f698e8e23c2c7c328370bb04073254056a95ed45da1f6949ec16c,0.744913177085747,0.255086822914253,0.689496682093361,0.796821380187655,1.0,0.637312879414424,1003.5,-4,0.044,0.203178619812345,0.654352491890073,236,6f0e541012b1a47df162e7c5d4f304c84d46b39d,2026-07-21 08:07:47,2026-06-06 14:01:41,phoenix,rush,17,24,Final,2026-05-02 19:00:00
2026-05-02-TOR-PHI,jbray,14.24,19.56,idietrich,16.16,33.22,0,0,0,"idietrich,jbray,sdavies1,jwisner,esarles,bpastor,swhitcomb",True,2026-05-02-TOR-PHI,10,15,3,6,280,1,1,True,True,349,home,283,1777767548.0,18,False,"nnishizak,lkeillor,dpetsinis,hnorris,nho,mayad,rjamieson",284,648,7ec42fe2d47cc4c3d06d658476ab68a482c83119968c7b7048f87b9373a49e33,1777767548.0,False,349,280.0,13.7942741744537,1.92,13.66,-8.00087280609311,e6234f34e4c9653ff7b46a434dc815e2b1f74b3591055752c1ccfdffc17c3ffa,0.979617917317644,0.0203820826823564,0.628817113356973,0.628817113356973,0.661917666582608,0.88132905489264,1000.0,-5,0.049,0.0331005532256359,0.0891758602477522,648,a7eeff6ca7139ecb99547df3dd5df8f18f943dd2,2026-07-21 08:07:47,2026-06-06 14:01:41,phoenix,rush,17,24,Final,2026-05-02 19:00:00
2026-05-02-TOR-PHI,idietrich,16.16,33.22,esarles,-0.11,39.95,0,0,0,"idietrich,jbray,sdavies1,jwisner,esarles,bpastor,swhitcomb",True,2026-05-02-TOR-PHI,10,15,3,6,280,1,2,True,True,350,home,284,1777767552.0,18,False,"nnishizak,lkeillor,dpetsinis,hnorris,nho,mayad,rjamieson",285,649,58f6f693b0a0449d92f8687729d2725a9506cf1ef7eb301a91d06c0ca49f51ea,1777767552.0,False,350,275.133333333333,17.6069815698205,-16.27,6.73,67.527823614342,f8e3435c04d42572de70bb58a65b98c2fb1be31855f0e3fc98f36fb8d83f5c40,0.970446493924953,0.0295535060750475,0.628817113356973,0.661802551194324,0.697390099411219,0.859769304373904,995.133333333333,-5,0.05,0.035587548216895,0.0958760478931243,649,9d1d8671bce1822966aaa61ca16e3907df4622ff,2026-07-21 08:07:47,2026-06-06 14:01:41,phoenix,rush,17,24,Final,2026-05-02 19:00:00
2026-05-02-TOR-PHI,esarles,-0.11,39.95,bpastor,-15.28,43.86,0,0,0,"idietrich,jbray,sdavies1,jwisner,esarles,bpastor,swhitcomb",True,2026-05-02-TOR-PHI,10,15,3,6,280,1,3,True,True,351,home,285,1777767554.0,18,False,"nnishizak,lkeillor,dpetsinis,hnorris,nho,mayad,rjamieson",286,650,37f515d7dcefa3419e924fabd573214649fca5851a82c6c645d9267697cee30b,1777767554.0,False,351,270.266666666667,15.6657907556561,-15.17,3.91,75.5468415128754,e871fe02b0c854392d2fb103d0846840e78c1b0c827428056d73d31886228ae0,0.979944908335634,0.020055091664366,0.628817113356973,0.697265336731826,0.701885937809953,0.836411625661553,990.266666666667,-5,0.05,0.00462060107812712,0.0124483138754477,650,672cced237a1498dde8879553e379585a282c10e,2026-07-21 08:07:47,2026-06-06 14:01:41,phoenix,rush,17,24,Final,2026-05-02 19:00:00
2026-05-02-TOR-PHI,bpastor,-15.28,43.86,esarles,-15.28,59.65,0,0,0,"idietrich,jbray,sdavies1,jwisner,esarles,bpastor,swhitcomb",True,2026-05-02-TOR-PHI,10,15,3,6,280,1,4,True,True,352,home,286,1777767557.0,18,False,"nnishizak,lkeillor,dpetsinis,hnorris,nho,mayad,rjamieson",287,651,7f4fbfac0c58fadf727d581c85f47945d732442b6e8ccaf9c21f95ea4a6d9146,1777767557.0,False,352,265.4,15.79,0.0,15.79,0.0,56894b9810ab48e45346b6b3be5b093d6b9d6daaca3c81276a0b887023d20eb3,0.964416286639848,0.0355837133601515,0.628817113356973,0.70174444456326,0.764875456727054,0.766538975351252,985.4,-5,0.053,0.0631310121637945,0.170080611029109,651,b3054aba087d668b9a66a3c4d45bf46db071fded,2026-07-21 08:07:47,2026-06-06 14:01:41,phoenix,rush,17,24,Final,2026-05-02 19:00:00
2026-05-02-TOR-PHI,esarles,-15.28,59.65,bpastor,-1.89,54.78,0,0,0,"idietrich,jbray,sdavies1,jwisner,esarles,bpastor,swhitcomb",True,2026-05-02-TOR-PHI,10,15,3,6,280,1,5,True,True,353,home,287,1777767559.0,18,False,"nnishizak,lkeillor,dpetsinis,hnorris,nho,mayad,rjamieson",288,652,0c07dc9f3bdf16fea0672a1f6edfbf85cbaf18661fd5e798d239865595426a7b,1777767559.0,False,353,260.533333333333,14.2481226833573,13.39,-4.87,-109.986542138584,75aae5c22aca1a222cd15cf9edd9879efc8e8131eb12db1d17db4342a91f9743,0.978151156604687,0.0218488433953135,0.628817113356973,0.764737061836817,0.752364689231634,0.796110044183064,980.533333333333,-5,0.052,-0.0123723726051836,-0.0333322818761371,652,769ee648b9b6d9b94e3c764a2ccdbf8d50a637d5,2026-07-21 08:07:47,2026-06-06 14:01:41,phoenix,rush,17,24,Final,2026-05-02 19:00:00
2026-05-02-TOR-PHI,bpastor,-1.89,54.78,jbray,4.97,49.77,0,0,0,"idietrich,jbray,sdavies1,jwisner,esarles,bpastor,swhitcomb",True,2026-05-02-TOR-PHI,10,15,3,6,280,1,6,True,True,354,home,288,1777767560.0,18,False,"nnishizak,lkeillor,dpetsinis,hnorris,nho,mayad,rjamieson",289,653,2ebe733018b3e1316b6ce160fcb216969eff9929f3144ae0fd27d14c9df55141,1777767560.0,False,354,255.666666666667,8.49468657455941,6.86,-5.01,-126.141429226208,3f1c3fca0121830a6f28f457a7d01d9cda9f5b057be49beb7d06ce47ecdb8e65,0.989043800410713,0.0109561995892867,0.628817113356973,0.752202395753699,0.732077196920429,0.817289311769479,975.666666666667,-5,0.051,-0.0201251988332697,-0.0542190913360303,653,171281157c127ca027314f37322cd9e32e75a21e,2026-07-21 08:07:47,2026-06-06 14:01:41,phoenix,rush,17,24,Final,2026-05-02 19:00:00
2026-05-02-TOR-PHI,jbray,4.97,49.77,esarles,10.39,66.38,0,0,0,"idietrich,jbray,sdavies1,jwisner,esarles,bpastor,swhitcomb",True,2026-05-02-TOR-PHI,10,15,3,6,280,1,7,True,True,355,home,289,1777767563.0,18,False,"nnishizak,lkeillor,dpetsinis,hnorris,nho,mayad,rjamieson",290,654,1269cad229053ec49ade9d57332d5a4d92fa4ed6addc280cec6001b4c7c85540,1777767563.0,False,355,250.8,17.4719346381561,5.42,16.61,-18.0719939887992,8c7b2c958eae16009ff598a6014b74fa6244b18051e2334f574435522ab85d35,0.958910004194119,0.0410899958058814,0.628817113356973,0.731884807637757,0.798655395179707,0.7451797753554,970.8,-5,0.054,0.0667705875419495,0.179885953648946,654,4ddd870ae608b5676627af95c029546bb4aea577,2026-07-21 08:07:47,2026-06-06 14:01:41,phoenix,rush,17,24,Final,2026-05-02 19:00:00
2026-05-02-TOR-PHI,esarles,10.39,66.38,idietrich,19.11,76.68,0,0,0,"idietrich,jbray,sdavies1,jwisner,esarles,bpastor,swhitcomb",True,2026-05-02-TOR-PHI,10,15,3,6,280,1,8,True,True,356,home,290,1777767566.0,18,False,"nnishizak,lkeillor,dpetsinis,hnorris,nho,mayad,rjamieson",291,655,e2a570715dfd1dc43b4d293a9cdf4655d8a5763705715761c8bd947d89df6d56,1777767566.0,False,356,245.933333333333,13.4954955448105,8.72,10.3,-40.251316740623,528a9ea69fe480ec1e235bdab5a23f4732876f5d3155fca2b000d4c1f9dbb01a,0.976242714729979,0.023757285270021,0.628817113356973,0.798478666383002,0.829791446222921,0.687359659623861,965.933333333333,-5,0.056,0.0313127798399191,0.0843594383434846,655,8f0759687a139fd832ad6114945ea715d73ed5da,2026-07-21 08:07:47,2026-06-06 14:01:41,phoenix,rush,17,24,Final,2026-05-02 19:00:00
2026-05-02-TOR-PHI,idietrich,19.11,76.68,,1.81,64.66,1,0,0,"idietrich,jbray,sdavies1,jwisner,esarles,bpastor,swhitcomb",True,2026-05-02-TOR-PHI,10,15,3,6,280,1,9,True,True,357,home,291,1777767575.0,22,False,"nnishizak,lkeillor,dpetsinis,hnorris,nho,mayad,rjamieson",292,656,22f6ec38b57804f76eeb5e4a146100a124303dc6fe0ad6f97315ab54a4531538,1777767575.0,False,357,241.066666666667,21.0658586342926,-17.3,-12.02,124.791483560942,491b903bc00527f81742d3d4d4ba34d04b81e7ac8efc7e6c8af615623b8484b0,0.959186484382029,-0.959186484382029,0.628817113356973,0.829618370334829,0.793027427476199,0.753865617285174,961.066666666667,-5,0.03,-0.753865617285174,-0.753865617285174,656,ae58e26f9121ed2946766e8609a6a2d9da9261d1,2026-07-21 08:07:47,2026-06-06 14:01:41,phoenix,rush,17,24,Final,2026-05-02 19:00:00
2026-05-02-TOR-PHI,nho,-1.48,51.96,nnishizak,-8.0,67.07,0,0,0,"nnishizak,lkeillor,dpetsinis,hnorris,nho,mayad,rjamieson",False,2026-05-02-TOR-PHI,10,15,3,6,280,2,1,False,False,358,away,227,,18,False,"idietrich,jbray,sdavies1,jwisner,esarles,bpastor,swhitcomb",228,240,303b511b79abf13f8e0155a707dd9f7d930bd9314eb21149057e8d4aeee32a4f,1777763266.0,True,358,236.2,16.4566855715238,-6.52,15.11,23.3403096186259,956eb6e65085209c64a3c3c7b9a8e1f6a4fa51a58cf04f24b943190c6be36670,0.963246719923018,0.0367532800769816,0.740065792025733,0.740065792025733,0.80233628230805,0.742782784159277,956.2,-5,0.029,0.0622704902823169,0.239562506095702,240,6309e5202cabfb1f50f9357eafc164d8006ceaf3,2026-07-21 08:07:47,2026-06-06 14:01:41,phoenix,rush,17,24,Final,2026-05-02 19:00:00
2026-05-02-TOR-PHI,nnishizak,-8.0,67.07,nho,-16.44,73.52,0,0,0,"nnishizak,lkeillor,dpetsinis,hnorris,nho,mayad,rjamieson",False,2026-05-02-TOR-PHI,10,15,3,6,280,2,2,False,False,359,away,228,,18,False,"idietrich,jbray,sdavies1,jwisner,esarles,bpastor,swhitcomb",229,241,c553cbc7d60de9707fca72473a87fc8ca3636791526e2f98bf111b4b07f791ab,1777763267.0,True,359,231.333333333333,10.6224338077486,-8.44,6.45,52.612286022175,9d993dc62195b4506e8288d6894274ea691ea0019a074b4a8ba67cf22b844004,0.98064323165201,0.0193567683479905,0.740065792025733,0.802097934507809,0.822827174069718,0.70520846950106,951.333333333333,-5,0.028,0.0207292395619085,0.079748024407625,241,0595a8fec4e156d412aeb850c033184593697bea,2026-07-21 08:07:47,2026-06-06 14:01:41,phoenix,rush,17,24,Final,2026-05-02 19:00:00
2026-05-02-TOR-PHI,nho,-16.44,73.52,nnishizak,-4.16,67.89,0,0,0,"nnishizak,lkeillor,dpetsinis,hnorris,nho,mayad,rjamieson",False,2026-05-02-TOR-PHI,10,15,3,6,280,2,3,False,False,360,away,229,,18,False,"idietrich,jbray,sdavies1,jwisner,esarles,bpastor,swhitcomb",230,242,8981e5c1d2149ea918e1070003e14a62e6b1a5a5c0892294126177ec79596930,1777763268.0,True,360,226.466666666667,13.5090821301819,12.28,-5.63,-114.629990781315,c8b1c52392fefb83701b886ebbcf67d584a9e7887b759c4c8cedb2ac6afe2bc4,0.974383347395233,0.0256166526047674,0.740065792025733,0.822586033637298,0.806044574479825,0.739835976397388,946.466666666667,-5,0.029,-0.0165414591574734,-0.0636370998891803,242,ebc6575f7517ffd3bd49e29c4832b585585ae840,2026-07-21 08:07:47,2026-06-06 14:01:41,phoenix,rush,17,24,Final,2026-05-02 19:00:00
2026-05-02-TOR-PHI,nnishizak,-4.16,67.89,hnorris,-14.25,74.89,0,0,0,"nnishizak,lkeillor,dpetsinis,hnorris,nho,mayad,rjamieson",False,2026-05-02-TOR-PHI,10,15,3,6,280,2,4,False,False,361,away,230,,18,False,"idietrich,jbray,sdavies1,jwisner,esarles,bpastor,swhitcomb",231,243,7d3df239a96bdc8fd593a624a368079b34db511fae3e93375a1d178b690acaa0,1777763269.0,True,361,221.6,12.280394944789,-10.09,7.0,55.2487811928071,1029a83d6b53963e9d628314645a8519908588a0e391064d5f1a0662fbfe826a,0.975697996137519,0.0243020038624809,0.740065792025733,0.805761057583375,0.83161695188206,0.70475729607549,941.6,-5,0.028,0.0258558942986856,0.0994709180457129,243,cef0ff811f7df8dcad68c88ac7c0f70211038535,2026-07-21 08:07:47,2026-06-06 14:01:41,phoenix,rush,17,24,Final,2026-05-02 19:00:00
2026-05-02-TOR-PHI,hnorris,-14.25,74.89,nnishizak,-5.46,82.99,0,0,0,"nnishizak,lkeillor,dpetsinis,hnorris,nho,mayad,rjamieson",False,2026-05-02-TOR-PHI,10,15,3,6,280,2,5,False,False,362,away,231,,18,False,"idietrich,jbray,sdavies1,jwisner,esarles,bpastor,swhitcomb",232,244,b5e8591c2982e84893f441576275afd2d1f1800ca5b3e57fd78a1d9080a82bcf,1777763270.0,True,362,216.733333333333,11.9529954404743,8.79,8.09999999999999,-47.3393793140324,60a51cc2aabd1ba51141d47432ca8323bcd51ae6e85440ea2de81e02f5ff0525,0.968684782018181,0.0313152179818189,0.740065792025733,0.83133950769406,0.869862440007825,0.683941491080418,936.733333333333,-5,0.027,0.0385229323137658,0.148202626402984,244,952845847963b7959c61835ed002d16453ef7426,2026-07-21 08:07:47,2026-06-06 14:01:41,phoenix,rush,17,24,Final,2026-05-02 19:00:00
2026-05-02-TOR-PHI,nnishizak,-5.46,82.99,hnorris,-17.82,105.1,0,0,0,"nnishizak,lkeillor,dpetsinis,hnorris,nho,mayad,rjamieson",False,2026-05-02-TOR-PHI,10,16,3,6,280,2,6,False,False,363,away,232,,19,False,"idietrich,jbray,sdavies1,jwisner,esarles,bpastor,swhitcomb",233,245,429d2a2ed218e425b2f256f6695d598ac94392e29015f07082daedab11ffbca4,1777763271.0,True,363,211.866666666667,25.3302526635642,-12.36,22.11,29.2061973181972,0631841840dbdee0ece6e9670204727575d5cfae479c8bdec4b13ffc8a75fbe6,0.916637224299832,0.083362775700168,0.740065792025733,0.869618206301843,1.0,0.614618059985105,931.866666666667,-5,0.025,0.130381793698157,0.501595364127927,245,083e2a1e6f6ec4243ec5b0171578b9888e736886,2026-07-21 08:07:47,2026-06-06 14:01:41,phoenix,rush,17,24,Final,2026-05-02 19:00:00
2026-05-02-TOR-PHI,jkeller,9.98,3.36,eholmgren,-0.79,14.62,0,0,0,"mcampanel,dsuvorov,jkeller,ndigiorgi,crawlins,tnye,eholmgren",True,2026-05-02-TOR-PHI,10,16,3,7,207,1,1,True,True,364,home,294,1777767674.0,18,False,"amuraoka,lcomire,nhsieh,orobinson,ebembenis,pturner,ezhuang",295,659,69ea30b99b6709adc66eec81ef9a84a2cd9f78d892e9613b77e97e5d01bdfcbb,1777767674.0,False,364,207.0,15.5814152117194,-10.77,11.26,43.7258146367528,f0eb56939e6be07253c545d39bfc59777dc150c3e4db9c6a655d3cfa0a19ab01,0.982871796690449,0.0171282033095512,0.595351135396797,0.595351135396797,0.621833394715711,0.930991752126264,927.0,-6,0.027,0.0264822593189147,0.0654450355245233,659,fd1ecfc3051e65951c5c07179c0e47422981c085,2026-07-21 08:07:47,2026-06-06 14:01:41,phoenix,rush,17,24,Final,2026-05-02 19:00:00
2026-05-02-TOR-PHI,eholmgren,-0.79,14.62,jkeller,10.94,13.31,0,0,0,"mcampanel,dsuvorov,jkeller,ndigiorgi,crawlins,tnye,eholmgren",True,2026-05-02-TOR-PHI,10,16,3,7,207,1,2,True,True,365,home,295,1777767677.0,18,False,"amuraoka,lcomire,nhsieh,orobinson,ebembenis,pturner,ezhuang",296,660,2e885bd09d233f0c0d95860531c3c53f382ed9e77c1703657c2d4e30f080953b,1777767677.0,False,365,201.5625,11.8029233666918,11.73,-1.31,-96.3723562894134,9392ce45104f5d728f78a6817ee5d6784789e8f209c60d448a0779284d8a2be6,0.9902234318547,0.00977656814530026,0.595351135396797,0.621164832929745,0.614412070324031,0.929907996734241,921.5625,-6,0.027,-0.00675276260571411,-0.0166879563898835,660,ed343b2450aa3234ed82c5118fe3e7346502ed5e,2026-07-21 08:07:47,2026-06-06 14:01:41,phoenix,rush,17,24,Final,2026-05-02 19:00:00
2026-05-02-TOR-PHI,jkeller,10.94,13.31,mcampanel,17.05,13.93,0,0,0,"mcampanel,dsuvorov,jkeller,ndigiorgi,crawlins,tnye,eholmgren",True,2026-05-02-TOR-PHI,10,16,3,7,207,1,3,True,True,366,home,296,1777767682.0,18,False,"amuraoka,lcomire,nhsieh,orobinson,ebembenis,pturner,ezhuang",297,661,e1588c93515dfc3c7e800ded9b68f9a563d3726bc2ae2a9de30e98c9ec82fc8a,1777767682.0,False,366,196.125,6.14137606729958,6.11,0.619999999999999,-84.205858312577,e4e16bd677fc3b41f372188b3c9763aa7f1118de13c198340af8ad757d697157,0.994296233125897,0.00570376687410301,0.595351135396797,0.613678906877258,0.600993054662744,0.926333726968165,916.125,-6,0.027,-0.0126858522145139,-0.0313502726047522,661,0290b09865f7c09c38020a5e853fbbc82ee76a94,2026-07-21 08:07:47,2026-06-06 14:01:41,phoenix,rush,17,24,Final,2026-05-02 19:00:00
2026-05-02-TOR-PHI,mcampanel,17.05,13.93,jkeller,1.75,9.81,0,0,0,"mcampanel,dsuvorov,jkeller,ndigiorgi,crawlins,tnye,eholmgren",True,2026-05-02-TOR-PHI,10,16,3,7,207,1,4,True,True,367,home,297,1777767684.0,18,False,"amuraoka,lcomire,nhsieh,orobinson,ebembenis,pturner,ezhuang",298,662,ffd2e387a1b7c68f3a3ea29ab1d57f1fa651f39e0911fbb36a6975d6471bf392,1777767684.0,False,367,190.6875,15.8450118333815,-15.3,-4.12,105.071174067024,393d6e32ccdddc7c51395d8dc45665a5293f112f762d7decc14a6b480d9b6f68,0.98600423180442,0.0139957681955802,0.595351135396797,0.600187857989873,0.609041135470992,0.930372701105735,910.6875,-6,0.027,0.00885327748111908,0.0218789134372107,662,6fad4f8b1022d0daff32614ab655f9ad9078540b,2026-07-21 08:07:47,2026-06-06 14:01:41,phoenix,rush,17,24,Final,2026-05-02 19:00:00
2026-05-02-TOR-PHI,jkeller,1.75,9.81,mcampanel,11.15,8.58,0,0,0,"mcampanel,dsuvorov,jkeller,ndigiorgi,crawlins,tnye,eholmgren",True,2026-05-02-TOR-PHI,10,16,3,7,207,1,5,True,True,368,home,298,1777767687.0,18,False,"amuraoka,lcomire,nhsieh,orobinson,ebembenis,pturner,ezhuang",299,663,64e1eb6f5df79d62d2c789629eb43cc7f0c6fa228e05a06f0bd97acb206a5f15,1777767687.0,False,368,185.25,9.48013185562311,9.4,-1.23,-97.4548588778451,9bd7a898048074a088c0bb870992b037e447ae482347f310b4eb585450214dd9,0.992559414467951,0.0074405855320494,0.595351135396797,0.608176169915999,0.601518423144276,0.929189907574375,905.25,-6,0.027,-0.0066577467717237,-0.0164531458113747,663,7f507d15c9406a26deef56ada424bc2676eee5d7,2026-07-21 08:07:47,2026-06-06 14:01:41,phoenix,rush,17,24,Final,2026-05-02 19:00:00
2026-05-02-TOR-PHI,mcampanel,11.15,8.58,dsuvorov,8.2,27.73,0,0,0,"mcampanel,dsuvorov,jkeller,ndigiorgi,crawlins,tnye,eholmgren",True,2026-05-02-TOR-PHI,10,16,3,7,207,1,6,True,True,369,home,299,1777767691.0,18,False,"amuraoka,lcomire,nhsieh,orobinson,ebembenis,pturner,ezhuang",300,664,d69868a5a7f3402ec7882711080364fb2e953a2c21b037d8b37783a8a077685b,1777767691.0,False,369,179.8125,19.375887076467,-2.95,19.15,8.75740334138156,671e3d9369218da7f1d3fd28178a169bdf941afcd74ac6a35bef69df3daf8add,0.965221624568772,0.0347783754312283,0.595351135396797,0.600579104299881,0.649849393998855,0.90342658134506,899.8125,-6,0.028,0.0492702896989744,0.121760602855734,664,658017ceab634db0c935c731e04c9477d5268976,2026-07-21 08:07:47,2026-06-06 14:01:41,phoenix,rush,17,24,Final,2026-05-02 19:00:00
2026-05-02-TOR-PHI,dsuvorov,8.2,27.73,mcampanel,-1.96,24.43,0,0,0,"mcampanel,dsuvorov,jkeller,ndigiorgi,crawlins,tnye,eholmgren",True,2026-05-02-TOR-PHI,10,16,3,7,207,1,7,True,True,370,home,300,1777767693.0,18,False,"amuraoka,lcomire,nhsieh,orobinson,ebembenis,pturner,ezhuang",301,665,ea56a59b25e5fa1c6ee8f7045fd24dec675f9b63486e4ab6f171cda416f9f778,1777767693.0,False,370,174.375,10.6824903463565,-10.16,-3.3,107.993959820219,664136a781cf07a56e8fc3ff5cc913c913d4e09640be975f378aa7b24133ff43,0.98983865957291,0.0101613404270902,0.595351135396797,0.648881131554921,0.641156552686216,0.915214405146369,894.375,-6,0.028,-0.00772457886870503,-0.0190895849325556,665,96fa5195661eba0e19877c8e996173a595853f06,2026-07-21 08:07:47,2026-06-06 14:01:41,phoenix,rush,17,24,Final,2026-05-02 19:00:00
2026-05-02-TOR-PHI,mcampanel,-1.96,24.43,eholmgren,-17.82,36.17,0,0,0,"mcampanel,dsuvorov,jkeller,ndigiorgi,crawlins,tnye,eholmgren",True,2026-05-02-TOR-PHI,10,16,3,7,207,1,8,True,True,371,home,301,1777767696.0,18,False,"amuraoka,lcomire,nhsieh,orobinson,ebembenis,pturner,ezhuang",302,666,474b14dd5e24f0e74fdb5233df7e5f1da4d7aca5d81e83a29c2efa498dda678a,1777767696.0,False,371,168.9375,19.7323896170738,-15.86,11.74,53.4901562330122,e10ed19147788763e1ecbb17263cac108dfcac6f7b50355e61357bb023ea0e10,0.974797546732119,0.0252024532678807,0.595351135396797,0.640061677549645,0.658312560695885,0.859920074695841,888.9375,-6,0.028,0.0182508831462397,0.0451030133598333,666,0b6b230db43268043dc3798b5e67d60807d15294,2026-07-21 08:07:47,2026-06-06 14:01:41,phoenix,rush,17,24,Final,2026-05-02 19:00:00
2026-05-02-TOR-PHI,eholmgren,-17.82,36.17,mcampanel,-4.57,44.82,0,0,0,"mcampanel,dsuvorov,jkeller,ndigiorgi,crawlins,tnye,eholmgren",True,2026-05-02-TOR-PHI,10,16,3,7,207,1,9,True,True,372,home,302,1777767699.0,18,False,"amuraoka,lcomire,nhsieh,orobinson,ebembenis,pturner,ezhuang",303,667,17083c2eab379da9333d5a26dc19f2094608fb61d16b10d5b69b8b7cf8f40b84,1777767699.0,False,372,163.5,15.8235583861532,13.25,8.65,-56.8622848403338,572812d863079d20b0272903b14c438919600e53952ad14840c70b81ec19d002,0.969756374366039,0.0302436256339608,0.595351135396797,0.657085672612548,0.703764252879939,0.832149347546723,883.5,-6,0.029,0.0466785802673911,0.115355767309922,667,bbcde98060c3d85fb749baf37f5ccedcb0a8cd28,2026-07-21 08:07:47,2026-06-06 14:01:41,phoenix,rush,17,24,Final,2026-05-02 19:00:00
2026-05-02-TOR-PHI,mcampanel,-4.57,44.82,crawlins,-19.81,53.54,0,0,0,"mcampanel,dsuvorov,jkeller,ndigiorgi,crawlins,tnye,eholmgren",True,2026-05-02-TOR-PHI,10,16,3,7,207,1,10,True,True,373,home,303,1777767701.0,18,False,"amuraoka,lcomire,nhsieh,orobinson,ebembenis,pturner,ezhuang",304,668,69fe00b74899921417ff60525988d3b0d89cfb37597d5a58bb5d0c349a78292d,1777767701.0,False,373,158.0625,17.558359832285,-15.24,8.72,60.2227390628128,c9fa7103b3ac9614f0f0ec487e82ed50530ff16502fdfeb78bccdfc98879de69,0.976847872639597,0.0231521273604025,0.595351135396797,0.702441876104013,0.714512624136284,0.771105765382478,878.0625,-6,0.029,0.0120707480322714,0.0298301789234177,668,96946addcccd5c5b25b095765fdc311273581392,2026-07-21 08:07:47,2026-06-06 14:01:41,phoenix,rush,17,24,Final,2026-05-02 19:00:00
2026-05-02-TOR-PHI,crawlins,-19.81,53.54,dsuvorov,-23.1,81.76,0,0,0,"mcampanel,dsuvorov,jkeller,ndigiorgi,crawlins,tnye,eholmgren",True,2026-05-02-TOR-PHI,10,16,3,7,207,1,11,True,True,374,home,304,1777767704.0,18,False,"amuraoka,lcomire,nhsieh,orobinson,ebembenis,pturner,ezhuang",305,669,182414cbfb7fc40131d600304eca8d50e043a93814f488d9823bedd1166fe382,1777767704.0,False,374,152.625,28.4111333811237,-3.29,28.22,6.64975119161994,b89f9b93f9536c7072641cb6bc224a2d768974e0d9153648c5a5c16ac238f8ac,0.85710970991334,0.14289029008666,0.595351135396797,0.712998514765705,0.831775225651815,0.630290541597807,872.625,-6,0.032,0.118776710886111,0.293530320423814,669,d82f5dd1256bc15cb318bfdb2a072dc519a33cda,2026-07-21 08:07:47,2026-06-06 14:01:41,phoenix,rush,17,24,Final,2026-05-02 19:00:00
2026-05-02-TOR-PHI,dsuvorov,-23.1,81.76,,-15.48,114.16,1,0,0,"mcampanel,dsuvorov,jkeller,ndigiorgi,crawlins,tnye,eholmgren",True,2026-05-02-TOR-PHI,10,16,3,7,207,1,12,True,True,375,home,305,1777767708.0,22,False,"amuraoka,lcomire,nhsieh,orobinson,ebembenis,pturner,ezhuang",306,670,38a793707beccb8e467c818c9c0c4d553d537575b34591dc8c7580c8b8a962c5,1777767708.0,False,375,147.1875,33.2839961543081,7.62,32.4,-13.2346058174055,48c580ed70e3a87a71e7207525d69b6b2cc1a386416031f57f5379b28ffba0fe,0.78518272320077,-0.78518272320077,0.595351135396797,0.830557445726881,0.959646617690939,0.609442299394871,867.1875,-6,0.019,-0.609442299394871,-0.609442299394871,670,04e3a8b254c88fd1180c6cf3e479b012c82fc0d0,2026-07-21 08:07:47,2026-06-06 14:01:41,phoenix,rush,17,24,Final,2026-05-02 19:00:00
2026-05-02-TOR-PHI,orobinson,12.66,19.77,lcomire,-0.11,14.41,0,0,0,"amuraoka,lcomire,nhsieh,orobinson,ebembenis,pturner,ezhuang",False,2026-05-02-TOR-PHI,10,16,3,7,207,2,1,False,False,376,away,236,,18,False,"mcampanel,dsuvorov,jkeller,ndigiorgi,crawlins,tnye,eholmgren",237,249,4764a59f20948be6baa8615ecd4f7ab5bcff2ca3ebef9aba45f43fc6afe102e8,1777763275.0,True,376,141.75,13.8492779595183,-12.77,-5.36,112.769437016463,0c9eb12ae095f6d1e1189354b57684c1cd5d9c958e70be4141524bc9f58254d6,0.988309954211078,0.0116900457889223,0.590610110030185,0.612875405375807,0.606238471215734,0.926776066571409,861.75,-6,0.019,-0.00663693416007283,-0.0162117685919459,249,2c63a92764e56004bf5a310c158615cf28173cab,2026-07-21 08:07:47,2026-06-06 14:01:41,phoenix,rush,17,24,Final,2026-05-02 19:00:00
2026-05-02-TOR-PHI,lcomire,-0.11,14.41,ebembenis,-15.21,14.75,0,0,0,"amuraoka,lcomire,nhsieh,orobinson,ebembenis,pturner,ezhuang",False,2026-05-02-TOR-PHI,10,16,3,7,207,2,2,False,False,377,away,237,,18,False,"mcampanel,dsuvorov,jkeller,ndigiorgi,crawlins,tnye,eholmgren",238,250,6775cc8265aea519649828f479fe61f9e2259305633e4880861235a90f9db202,1777763276.0,True,377,136.3125,15.1038273295215,-15.1,0.34,88.7101143145337,ffc189d002c1672bcf974ed543132935cf9131d68aa984cba069a4c521aad359,0.98781449908504,0.0121855009149597,0.590610110030185,0.603421620499404,0.593900565789686,0.922447364943124,856.3125,-6,0.02,-0.0095210547097172,-0.0232566923194396,250,f8e2b29d85b631a3cd8e26fde5b1a987c0498fdf,2026-07-21 08:07:47,2026-06-06 14:01:41,phoenix,rush,17,24,Final,2026-05-02 19:00:00
2026-05-02-TOR-PHI,ebembenis,-15.21,14.75,lcomire,0.78,14.21,0,0,0,"amuraoka,lcomire,nhsieh,orobinson,ebembenis,pturner,ezhuang",False,2026-05-02-TOR-PHI,10,16,3,7,207,2,3,False,False,378,away,238,,18,False,"mcampanel,dsuvorov,jkeller,ndigiorgi,crawlins,tnye,eholmgren",239,251,475f12c1248fd1029d4fecb8a118d82f1a37e8129ebe5359ede6f66c40576c6a,1777763277.0,True,378,130.875,15.9991156005574,15.99,-0.539999999999999,-91.9342068077483,bb72f194d23d6c76d7b187593879c4f070d85815477ffc21ca8d225f7cdb2261,0.984097644249422,0.0159023557505779,0.590610110030185,0.590610110030185,0.599690781099035,0.925026795256676,850.875,-6,0.019,0.00908067106885013,0.0221809851472386,251,8040f8402986415e44389fa42e87aed360764ef8,2026-07-21 08:07:47,2026-06-06 14:01:41,phoenix,rush,17,24,Final,2026-05-02 19:00:00
2026-05-02-TOR-PHI,lcomire,0.78,14.21,orobinson,12.66,18.05,0,0,0,"amuraoka,lcomire,nhsieh,orobinson,ebembenis,pturner,ezhuang",False,2026-05-02-TOR-PHI,10,16,3,7,207,2,4,False,False,379,away,239,,18,False,"mcampanel,dsuvorov,jkeller,ndigiorgi,crawlins,tnye,eholmgren",240,252,b953a5c53ad8072d56330dca59550d56d9e19eda7d191484caa381f0ca0fc99a,1777763278.0,True,379,125.4375,12.4851912280109,11.88,3.84,-72.0874906140367,9035acb74f6aaab360932035159d2fbd560ead2f8a66efd6c91a7db0d3917381,0.988024467823907,0.0119755321760933,0.590610110030185,0.595926324510337,0.598757311533493,0.922333159911451,845.4375,-6,0.019,0.00283098702315543,0.00691513662773685,252,0f63bb405511c3abfe5a0fa61d80bc3b2bf66bc0,2026-07-21 08:07:47,2026-06-06 14:01:41,phoenix,rush,17,24,Final,2026-05-02 19:00:00
2026-05-02-TOR-PHI,rpoloz,12.66,18.05,gchatha,-19.26,26.29,0,0,0,"sdillon,gchatha,rpoloz,kmallany,mgallant,pturner,asehgal",False,2026-05-02-TOR-PHI,10,16,3,7,120,2,5,False,True,380,away,241,,18,False,"swhitcomb,jbray,mhanna,jwisner,bpastor,jthornton,messer",242,254,69d6bcde1ac022f8362d05eaf0c403c2731ff10b432bf0398a253a47af585b3b,1777763280.0,True,380,120.0,32.9664071442431,-31.92,8.24,75.5253630075364,ec7ae62750600a9db61b694d8ff6b5ac7d4554e54ed6ea011b8d9401fd4156bb,0.949927730966108,0.0500722690338923,0.590610110030185,0.594454364846868,0.598669259269373,0.889144587688692,840.0,-6,0.02,0.004214894422505,0.0102955508325224,254,e046077674ab4b41521614f5fe58e980ad251ee5,2026-07-21 08:07:47,2026-06-06 14:01:41,phoenix,rush,17,24,Final,2026-05-02 19:00:00
2026-05-02-TOR-PHI,gchatha,-19.26,26.29,asehgal,-24.34,39.26,0,0,0,"sdillon,gchatha,rpoloz,kmallany,mgallant,pturner,asehgal",False,2026-05-02-TOR-PHI,10,16,3,7,120,2,6,False,True,381,away,242,,18,False,"swhitcomb,jbray,mhanna,jwisner,bpastor,jthornton,messer",243,255,829632e568adb526ce90ceee70c5d1bc38bad2b05d2d3c5b15043f1cea016d9c,1777763281.0,True,381,116.352941176471,13.9293682555958,-5.08,12.97,21.3889419959126,e1c985c2b55b5f987645aa04a6f10fc0533c9cae5aea691ca71dddc0901986e3,0.959589380365446,0.0404106196345536,0.590610110030185,0.595461749718762,0.600248803116989,0.807409088959216,836.352941176471,-6,0.019,0.0047870533982276,0.0116931402448179,255,306988d00c460e28262efc477b07493bb6076d73,2026-07-21 08:07:47,2026-06-06 14:01:41,phoenix,rush,17,24,Final,2026-05-02 19:00:00
2026-05-02-TOR-PHI,asehgal,-24.34,39.26,kmallany,-23.99,53.89,0,0,0,"sdillon,gchatha,rpoloz,kmallany,mgallant,pturner,asehgal",False,2026-05-02-TOR-PHI,10,16,3,7,120,2,7,False,True,382,away,243,,18,False,"swhitcomb,jbray,mhanna,jwisner,bpastor,jthornton,messer",244,256,f0a703227e91630abafa681d0892001cbacd67dabb97389bedbcb7bc1b282b66,1777763282.0,True,382,112.705882352941,14.6341860040113,0.350000000000001,14.63,-1.37045101779961,e7c94bf5d935fa4432a2ac74aad3de38cedc908df9dfecf382560764cee1bc7b,0.9475738504685,0.0524261495314997,0.590610110030185,0.596770324112835,0.663334707517383,0.727305512233791,832.705882352941,-6,0.019,0.0665643834045476,0.162594106584937,256,066deb1b60fbb75f92d536f8a00f8bba253e142d,2026-07-21 08:07:47,2026-06-06 14:01:41,phoenix,rush,17,24,Final,2026-05-02 19:00:00
2026-05-02-TOR-PHI,kmallany,-23.99,53.89,asehgal,-20.77,47.09,0,0,0,"sdillon,gchatha,rpoloz,kmallany,mgallant,pturner,asehgal",False,2026-05-02-TOR-PHI,10,16,3,7,120,2,8,False,True,383,away,244,,18,False,"swhitcomb,jbray,mhanna,jwisner,bpastor,jthornton,messer",245,257,1ee3bbd4ed8bbc080f644a3a8322b880a309826718ac639d1ad43435c4c24f6b,1777763283.0,True,383,109.058823529412,7.52385539467632,3.22,-6.8,-154.661068435245,4dbd894dc8488bc0e7aa5a7f8dc2c1d2cf0602fe3f82152bb91ae3c1a5055680,0.989395537710797,0.0106044622892029,0.590610110030185,0.659824807066513,0.654115748779114,0.777143826408155,829.058823529412,-6,0.019,-0.00570905828739954,-0.0139452840123152,257,9037342d9723e4244a3178d3d0bed8d3c887403d,2026-07-21 08:07:47,2026-06-06 14:01:41,phoenix,rush,17,24,Final,2026-05-02 19:00:00
2026-05-02-TOR-PHI,asehgal,-20.77,47.09,gchatha,-1.48,48.74,0,0,0,"sdillon,gchatha,rpoloz,kmallany,mgallant,pturner,asehgal",False,2026-05-02-TOR-PHI,10,16,3,7,120,2,9,False,True,384,away,245,,18,False,"swhitcomb,jbray,mhanna,jwisner,bpastor,jthornton,messer",246,258,72044b9c2541a46cdeb17bdf79acdfa135ce887d44eb92eb82aeb7d448c72a8b,1777763284.0,True,384,105.411764705882,19.3604390446085,19.29,1.65,-85.1110170793253,32f1621ca42efc223edc967c175ca7361f00523e1c19a45109f81389d95f29d7,0.962072524902789,0.0379274750972106,0.590610110030185,0.650274189710573,0.687310386532616,0.79098460976924,825.411764705882,-6,0.018,0.037036196822043,0.0904668086082284,258,34a838a6fd88c824f37e0cf60ca3a79396bee564,2026-07-21 08:07:47,2026-06-06 14:01:41,phoenix,rush,17,24,Final,2026-05-02 19:00:00
2026-05-02-TOR-PHI,gchatha,-1.48,48.74,mgallant,-4.23,62.33,0,0,0,"sdillon,gchatha,rpoloz,kmallany,mgallant,pturner,asehgal",False,2026-05-02-TOR-PHI,10,16,3,7,120,2,10,False,True,385,away,246,,18,False,"swhitcomb,jbray,mhanna,jwisner,bpastor,jthornton,messer",247,259,b3aecd1b5cb2e565dcbe3849a51b570ab2566b813ea823d8ab1dae174a3f43c1,1777763285.0,True,385,101.764705882353,13.8654462603985,-2.75,13.59,11.4395973830987,50c23c6bfdd6113dd6523d7aa271f987c00e0b6cb052ac051c7cbb986755913d,0.972858719028678,0.0271412809713215,0.590610110030185,0.683374470727207,0.744200719994595,0.722374803591992,821.764705882353,-6,0.017,0.0608262492673883,0.148577800179367,259,3e3fcedd87d1a9c40bab8cd00a8ca3167a5e8f93,2026-07-21 08:07:47,2026-06-06 14:01:41,phoenix,rush,17,24,Final,2026-05-02 19:00:00
2026-05-02-TOR-PHI,mgallant,-4.23,62.33,asehgal,-15.55,64.87,0,0,0,"sdillon,gchatha,rpoloz,kmallany,mgallant,pturner,asehgal",False,2026-05-02-TOR-PHI,10,16,3,7,120,2,11,False,True,386,away,247,,18,False,"swhitcomb,jbray,mhanna,jwisner,bpastor,jthornton,messer",248,260,5e87dff22f2131188e908bd7cfad888e6cabb6dd089a7396a5bbee5b9c933250,1777763286.0,True,386,98.1176470588235,11.601465424678,-11.32,2.54000000000001,77.3533439950629,761bf0d4609d6bc9c691c1244d9f314cf39b8c1a0a8d9d8731b3ad1a3714a490,0.981902689254042,0.0180973107459583,0.590610110030185,0.740446794953078,0.744342630382055,0.695671921075427,818.117647058824,-6,0.017,0.00389583542897642,0.00951619843192432,260,5201fb3d77cac9c07e42055f93c2c48531ae558d,2026-07-21 08:07:47,2026-06-06 14:01:41,phoenix,rush,17,24,Final,2026-05-02 19:00:00
2026-05-02-TOR-PHI,asehgal,-15.55,64.87,rpoloz,-19.94,77.29,0,0,0,"sdillon,gchatha,rpoloz,kmallany,mgallant,pturner,asehgal",False,2026-05-02-TOR-PHI,10,16,3,7,120,2,12,False,True,387,away,248,,18,False,"swhitcomb,jbray,mhanna,jwisner,bpastor,jthornton,messer",249,261,2aa6b1c4df304b991d8cc5145a560e4097ed16d3e240f5c37768467a7f6d1619,1777763287.0,True,387,94.4705882352941,13.1730216731014,-4.39,12.42,19.4665740537771,6a271acbceaa433d18fcda9e1cf2c468ab5015b8adb517e55d5511465b223d6e,0.974040707705672,0.0259592922943277,0.590610110030185,0.740314944771356,0.793092711435923,0.620173352606144,814.470588235294,-6,0.017,0.0527777666645666,0.128918099732404,261,9a9efdec31a2634c116a644d027d81d0827dfc65,2026-07-21 08:07:47,2026-06-06 14:01:41,phoenix,rush,17,24,Final,2026-05-02 19:00:00
2026-05-02-TOR-PHI,rpoloz,-19.94,77.29,asehgal,-13.7,66.45,0,0,0,"sdillon,gchatha,rpoloz,kmallany,mgallant,pturner,asehgal",False,2026-05-02-TOR-PHI,10,16,3,7,120,2,13,False,True,388,away,249,,18,False,"swhitcomb,jbray,mhanna,jwisner,bpastor,jthornton,messer",250,262,176cfb5a640d96588ffa37b1648fef8dde14a99ef5d8c4f435420d799efbcfcd,1777763288.0,True,388,90.8235294117647,12.5077256125964,6.24,-10.84,-150.073300100315,2176a2bce845e41f1601e11d423c2f1a69eeb9f7f8f924404874b29f8ae66202,0.97629680203283,0.0237031979671702,0.590610110030185,0.789368476124935,0.747224289722244,0.683240209179935,810.823529411765,-6,0.017,-0.0421441864026907,-0.102943886586447,262,d2549b3614a4ac57cc1ae4598071bffd934ef25e,2026-07-21 08:07:47,2026-06-06 14:01:41,phoenix,rush,17,24,Final,2026-05-02 19:00:00
2026-05-02-TOR-PHI,asehgal,-13.7,66.45,mgallant,6.14,74.14,0,0,0,"sdillon,gchatha,rpoloz,kmallany,mgallant,pturner,asehgal",False,2026-05-02-TOR-PHI,10,16,3,7,120,2,14,False,True,389,away,250,,18,False,"swhitcomb,jbray,mhanna,jwisner,bpastor,jthornton,messer",251,264,63eb414c0539a072f2697e33f5cb0719cb4bd758e1e06cfee307cecf7e11c9a0,1777763289.0,True,389,87.1764705882353,21.2781977620286,19.84,7.69,-68.8136289315292,b72c0b9c6cc5cc79427be8746ec1687d8965c8f161f4024d1fe74c9db3f62211,0.944055109677891,0.0559448903221088,0.590610110030185,0.742646519662024,0.787405367693024,0.651390949804505,807.176470588235,-6,0.017,0.0447588480309997,0.109330613988293,264,fa56387c56b14dc5ab3b1746c4ba07787a40ca29,2026-07-21 08:07:47,2026-06-06 14:01:41,phoenix,rush,17,24,Final,2026-05-02 19:00:00
2026-05-02-TOR-PHI,mgallant,6.14,74.14,sdillon,-2.78,63.7,0,0,0,"sdillon,gchatha,rpoloz,kmallany,mgallant,pturner,asehgal",False,2026-05-02-TOR-PHI,10,16,3,7,120,2,15,False,True,390,away,251,,18,False,"swhitcomb,jbray,mhanna,jwisner,bpastor,jthornton,messer",252,265,292d7da519d1d9343491d9344a9125447134127d6b03893467563726caffafed,1777763290.0,True,390,83.5294117647059,13.7317151150175,-8.92,-10.44,139.489219939275,6d6c2cbfc461c4a2b7f16d4e8928d85dd06e12d6e71328154c06a127b002dfca,0.980647558710708,0.0193524412892921,0.590610110030185,0.783071861358671,0.729192967974952,0.692765243709906,803.529411764706,-6,0.018,-0.0538788933837194,-0.131607777094085,265,7b5f566c7a7de67b40c6f5889e3336ddd7800b4e,2026-07-21 08:07:47,2026-06-06 14:01:41,phoenix,rush,17,24,Final,2026-05-02 19:00:00
2026-05-02-TOR-PHI,sdillon,-2.78,63.7,kmallany,-17.61,78.74,0,0,0,"sdillon,gchatha,rpoloz,kmallany,mgallant,pturner,asehgal",False,2026-05-02-TOR-PHI,10,16,3,7,120,2,16,False,True,391,away,252,,18,False,"swhitcomb,jbray,mhanna,jwisner,bpastor,jthornton,messer",253,266,ed01364d67e9d1e911e1af4f5fd74044b0afdb3018537023ae58d309b296a71c,1777763291.0,True,391,79.8823529411765,21.1218015330132,-14.83,15.04,44.5971906439654,e0762ce020fdef11db4bbe57a48ff7394f5aba9bfb1000f1bcbaf48cf809f4cf,0.954410816735573,0.0455891832644273,0.590610110030185,0.723756469841801,0.791763695853354,0.601370136168807,799.882352941176,-6,0.017,0.0680072260115524,0.166118479419623,266,6acb95383e9d122ee533cdf20359b2f60aa515ee,2026-07-21 08:07:47,2026-06-06 14:01:41,phoenix,rush,17,24,Final,2026-05-02 19:00:00
2026-05-02-TOR-PHI,kmallany,-17.61,88.74,sdillon,-17.47,73.79,0,0,0,"sdillon,gchatha,rpoloz,kmallany,mgallant,pturner,asehgal",False,2026-05-02-TOR-PHI,10,16,3,7,120,2,17,False,True,392,away,254,,18,False,"swhitcomb,jbray,mhanna,jwisner,bpastor,jthornton,messer",255,268,12a31eefed0a361efcbdf19b2d2b37ee7417220b215e8355f0bf3f05ade8b88b,1777763293.0,True,392,76.2352941176471,14.9506555040239,0.140000000000001,-14.95,-179.46346657755,831912e1ee7b1f3e034ec8c86c4f6cff6804f43da2f8f28fe7bd87e36161300f,0.974263772670299,0.0257362273297009,0.590610110030185,0.841805607502656,0.75937139248704,0.615536277769086,796.235294117647,-6,0.017,-0.0824342150156155,-0.20135869750397,268,db2b736f91308d3904cc197e379be5e741ee49d1,2026-07-21 08:07:47,2026-06-06 14:01:41,phoenix,rush,17,24,Final,2026-05-02 19:00:00
2026-05-02-TOR-PHI,sdillon,-17.47,73.79,mgallant,-21.11,83.2,0,0,0,"sdillon,gchatha,rpoloz,kmallany,mgallant,pturner,asehgal",False,2026-05-02-TOR-PHI,10,16,3,7,120,2,18,False,True,393,away,255,,18,False,"swhitcomb,jbray,mhanna,jwisner,bpastor,jthornton,messer",256,269,be3da5ffb10fd409a74e34e9ee02af04b55e54ae96d503b7c096f28d131089a2,1777763294.0,True,393,72.5882352941177,10.0894846250936,-3.64,9.41,21.1475931533198,389822bf7ac4382fd1f013ec1a16c85ffd2128a690e2b9ad4ecc7409cd37e5a5,0.977384760341641,0.0226152396583587,0.590610110030185,0.753687985907493,0.795448584482841,0.551932495076206,792.588235294118,-6,0.017,0.0417605985753478,0.102006912233291,269,2c95078547208516b6ab9d5e3c69f2c704f90cac,2026-07-21 08:07:47,2026-06-06 14:01:41,phoenix,rush,17,24,Final,2026-05-02 19:00:00
2026-05-02-TOR-PHI,mgallant,-21.11,83.2,asehgal,-11.98,72.01,0,0,0,"sdillon,gchatha,rpoloz,kmallany,mgallant,pturner,asehgal",False,2026-05-02-TOR-PHI,10,16,3,7,120,2,19,False,True,394,away,256,,18,False,"swhitcomb,jbray,mhanna,jwisner,bpastor,jthornton,messer",257,270,88dd7444797f1aec28cd22c89e0440e26c4e4ce053330e14e1bf7342882303ee,1777763295.0,True,394,68.9411764705882,14.4420566402435,9.13,-11.19,-140.788751611205,827c51d5be9f9865e1cb4b39d14a72dc33cbc7bfd6e871e224066cf79a10a0f5,0.967220403731377,0.0327795962686235,0.590610110030185,0.79007788171256,0.747104081215723,0.62252777638774,788.941176470588,-6,0.017,-0.042973800496837,-0.104970351124219,270,be6595a664cc47a590b92302b34291f385dccd23,2026-07-21 08:07:47,2026-06-06 14:01:41,phoenix,rush,17,24,Final,2026-05-02 19:00:00
2026-05-02-TOR-PHI,asehgal,-11.98,72.01,sdillon,8.82,74.48,0,0,0,"sdillon,gchatha,rpoloz,kmallany,mgallant,pturner,asehgal",False,2026-05-02-TOR-PHI,10,16,3,7,120,2,20,False,True,395,away,257,,18,False,"swhitcomb,jbray,mhanna,jwisner,bpastor,jthornton,messer",258,271,dcd5b8a55442b0e3ce44c195aaf76b2af0f7e2e2b243a94491b079f16cf16455,1777763296.0,True,395,65.2941176470588,20.9461428430153,20.8,2.47,-83.2278400338864,964c5b37204743acde241e5178f33519c4c0f4d79454f529bb6294228b87be4b,0.948837201449582,0.0511627985504179,0.590610110030185,0.740514021692711,0.756702535603995,0.606972243633389,785.294117647059,-6,0.017,0.016188513911284,0.0395430231862285,271,23114e8442a80e564e86e156f529b142d506393c,2026-07-21 08:07:47,2026-06-06 14:01:41,phoenix,rush,17,24,Final,2026-05-02 19:00:00
2026-05-02-TOR-PHI,sdillon,8.82,74.48,rpoloz,19.25,105.51,0,0,0,"sdillon,gchatha,rpoloz,kmallany,mgallant,pturner,asehgal",False,2026-05-02-TOR-PHI,10,17,3,7,120,2,21,False,True,396,away,258,,19,False,"swhitcomb,jbray,mhanna,jwisner,bpastor,jthornton,messer",259,272,2497c0906b946028b75beabb6a01ce874d678b19b278e3ef065c15a41345e6aa,1777763297.0,True,396,61.6470588235294,32.7360015884653,10.43,31.03,-18.5788521396708,7a122487ce327849c804546e61f87a73f6535bf8de95615a330ff1c36e83969a,0.870272243260087,0.129727756739913,0.590610110030185,0.749913403523505,1.0,0.486375878531713,781.647058823529,-6,0.015,0.250086596476495,0.610876337212269,272,563c278632d3b4da744bcaf49a3e8b9649553c44,2026-07-21 08:07:47,2026-06-06 14:01:41,phoenix,rush,17,24,Final,2026-05-02 19:00:00
2026-05-02-TOR-PHI,esarles,0.0,40.0,eholmgren,13.14,43.66,0,0,0,"crawlins,cwhite1,mcampanel,esarles,ndigiorgi,eholmgren,jkeller",True,2026-05-02-TOR-PHI,10,17,3,8,58,1,1,True,True,397,home,310,1777767965.0,18,False,"nnishizak,ezhuang,dpetsinis,hnorris,nho,mayad,ebembenis",311,675,11839637bc53ae5c9f0c7caf70cf7fd9288a9f54d50e56e2f1381bd5bf8e8f39,1777767965.0,False,397,58.0,13.6402052770477,13.14,3.66,-74.4354163613927,20f463157addde549a688fe25214f2daef3ad729430e0526269ff7612796f2a8,0.981810763230452,0.018189236769548,0.520762467817659,0.567718375213688,0.575350586057506,0.75045666379422,778.0,-7,0.015,0.00763221084381793,0.0159257368868055,675,09a8e80e492b53311c29b27978500df77c31b1c8,2026-07-21 08:07:47,2026-06-06 14:01:41,phoenix,rush,17,24,Final,2026-05-02 19:00:00
2026-05-02-TOR-PHI,eholmgren,13.14,43.66,esarles,0.58,37.2,0,0,0,"crawlins,cwhite1,mcampanel,esarles,ndigiorgi,eholmgren,jkeller",True,2026-05-02-TOR-PHI,10,17,3,8,58,1,2,True,True,398,home,311,1777767968.0,18,False,"nnishizak,ezhuang,dpetsinis,hnorris,nho,mayad,ebembenis",312,676,7770954a5c3c217e47c77cf4fa319db0019f979591f4f0beb636166b1db6591f,1777767968.0,False,398,55.2857142857143,14.1239229677877,-12.56,-6.45999999999999,117.218173001486,da7a5c2feb23e245c1c93c2e332ea78651daa6456b28038e27155fd2d919aa94,0.983993536792683,0.0160064632073169,0.520762467817659,0.567999308246791,0.549494554445305,0.788637356157007,775.285714285714,-7,0.015,-0.0185047538014862,-0.0386129060410183,676,8e2ab5c07274f2b589b40e88f48cf9c98bbcbd43,2026-07-21 08:07:47,2026-06-06 14:01:41,phoenix,rush,17,24,Final,2026-05-02 19:00:00
2026-05-02-TOR-PHI,esarles,0.58,37.2,jkeller,-14.52,36.17,0,0,0,"crawlins,cwhite1,mcampanel,esarles,ndigiorgi,eholmgren,jkeller",True,2026-05-02-TOR-PHI,10,17,3,8,58,1,3,True,True,399,home,312,1777767971.0,18,False,"nnishizak,ezhuang,dpetsinis,hnorris,nho,mayad,ebembenis",313,677,7da438e7f74f581286aec5e27ba32e4e153f704b6f44600ff9e4e544b1f8a111,1777767971.0,False,399,52.5714285714286,15.1350883710668,-15.1,-1.03,93.9022104955766,27ffbd2ccaaae01c0a8a0992af62ccef55cba8e4037862af6206c3217c0b2f5b,0.983550210823099,0.0164497891769011,0.520762467817659,0.541762022558572,0.528837912870488,0.782479839521958,772.571428571429,-7,0.015,-0.0129241096880842,-0.0269680666061999,677,c9f3ac31d795a0fe05420cb4bc967d46f598ec8c,2026-07-21 08:07:47,2026-06-06 14:01:41,phoenix,rush,17,24,Final,2026-05-02 19:00:00
2026-05-02-TOR-PHI,jkeller,-14.52,36.17,crawlins,-2.24,48.67,0,0,0,"crawlins,cwhite1,mcampanel,esarles,ndigiorgi,eholmgren,jkeller",True,2026-05-02-TOR-PHI,10,17,3,8,58,1,4,True,True,400,home,313,1777767974.0,18,False,"nnishizak,ezhuang,dpetsinis,hnorris,nho,mayad,ebembenis",314,678,b0204fb46908fcb7ac1c5784a86df2ee71fc4f4dbd8b1f1e6aac3842efd62514,1777767974.0,False,400,49.8571428571429,17.5227965804548,12.28,12.5,-44.4913341272611,926c68f3f29710d1483b1a513a4e02222544ee860682538f2864e307047785cb,0.964323467132955,0.0356765328670453,0.520762467817659,0.520762467817659,0.582112092500866,0.706449779528939,769.857142857143,-7,0.015,0.0613496246832068,0.128015066774579,678,c776210ab62b61b6f2db95271230059cd0923fc5,2026-07-21 08:07:47,2026-06-06 14:01:41,phoenix,rush,17,24,Final,2026-05-02 19:00:00
2026-05-02-TOR-PHI,crawlins,-2.24,48.67,cwhite1,-0.86,62.33,0,0,0,"crawlins,cwhite1,mcampanel,esarles,ndigiorgi,eholmgren,jkeller",True,2026-05-02-TOR-PHI,10,17,3,8,58,1,5,True,True,401,home,314,1777767978.0,18,False,"nnishizak,ezhuang,dpetsinis,hnorris,nho,mayad,ebembenis",315,679,8ea02737a5adf524106ace8fe6403fc56313a7c3e0344613d67e0eaae4ffe964,1777767978.0,False,401,47.1428571428571,13.729530217746,1.38,13.66,-5.76872769598036,ed4a4a1982593e390caf563ea5e5e902e6a922bb665e7e338c66fdb7f753e990,0.973415203705916,0.0265847962940835,0.520762467817659,0.573917394307689,0.64555340704884,0.619587577002387,767.142857142857,-7,0.016,0.0716360127411512,0.149479137026136,679,7c02c96fbb547d07d370e8eb0984e10472ac0564,2026-07-21 08:07:47,2026-06-06 14:01:41,phoenix,rush,17,24,Final,2026-05-02 19:00:00
2026-05-02-TOR-PHI,cwhite1,-0.86,62.33,esarles,7.17,58.69,0,0,0,"crawlins,cwhite1,mcampanel,esarles,ndigiorgi,eholmgren,jkeller",True,2026-05-02-TOR-PHI,10,17,3,8,58,1,6,True,True,402,home,315,1777767981.0,18,False,"nnishizak,ezhuang,dpetsinis,hnorris,nho,mayad,ebembenis",316,680,37e8d3e4c5e20e1dcd81926ca51252b91dabf88938e85e5f8b11b555c8e9c97c,1777767981.0,False,402,44.4285714285714,8.81649023137892,8.03,-3.64,-114.384792727413,f0aa2d736b6320fe1223fb5174889ca384eb87858142d0dc79a68586c2e779e4,0.986842639639444,0.0131573603605564,0.520762467817659,0.637542459931712,0.615856726228339,0.630676041957397,764.428571428571,-7,0.016,-0.0216857337033729,-0.0452504911387489,680,57b213cc34da50b33bbfdf9cfae1860052c13b25,2026-07-21 08:07:47,2026-06-06 14:01:41,phoenix,rush,17,24,Final,2026-05-02 19:00:00
2026-05-02-TOR-PHI,esarles,7.17,58.69,eholmgren,19.8,116.49,0,0,0,"crawlins,cwhite1,mcampanel,esarles,ndigiorgi,eholmgren,jkeller",True,2026-05-02-TOR-PHI,11,17,3,8,58,1,7,True,True,403,home,316,1777767988.0,19,False,"nnishizak,ezhuang,dpetsinis,hnorris,nho,mayad,ebembenis",317,681,b4fc73f600e8d5e07b9fdbb3c4f29608670b6320b2b8210603cc6793f5e72a06,1777767988.0,False,403,41.7142857142857,59.1638141096397,12.63,57.8,-12.3260790159578,5647b4d0447977da36d500eda737d413a6e6373b6ad0c42f40fc41ef6823e220,0.704450473351304,0.295549526648696,0.520762467817659,0.607281438283877,1.0,0.424860677445537,761.714285714286,-7,0.021,0.392718561716123,0.819465370184532,681,c1ef6675f077d7c0fb62afbec20eb854b1bcf219,2026-07-21 08:07:47,2026-06-06 14:01:41,phoenix,rush,17,24,Final,2026-05-02 19:00:00
2026-05-02-TOR-PHI,mgallant,26.66,45.65,pturner,-7.25,37.62,0,0,0,"sdillon,gchatha,rpoloz,kmallany,mgallant,pturner,asehgal",False,2026-05-02-TOR-PHI,11,17,3,9,39,1,1,True,True,404,away,263,,18,False,"jwisner,pburt1,messer,idietrich,mhanna,czaleski,sdavies1",264,277,ec1e996f75ff2cc1b5b94015f30036aa51b1671c28b82c2b5103fd1186f55006,1777763302.0,True,404,39.0,34.8477976348578,-33.91,-8.03,103.322426115126,adef60e06f48d967c0ae14de09c1c4caa3afbc4492e44f4124d94935ead2f47c,0.910164180027291,0.0898358199727085,0.45074680931164,0.45074680931164,0.498771415515463,0.748662150071229,759.0,-6,0.021,0.0480246062038228,0.0874361897536456,277,4c477bf8324c8f4083ba362cb23c33e484e49c10,2026-07-21 08:07:47,2026-06-06 14:01:41,phoenix,rush,17,24,Final,2026-05-02 19:00:00
2026-05-02-TOR-PHI,pturner,-7.25,37.62,asehgal,0.17,40.29,0,0,0,"sdillon,gchatha,rpoloz,kmallany,mgallant,pturner,asehgal",False,2026-05-02-TOR-PHI,11,17,3,9,39,1,2,True,True,405,away,264,,18,False,"jwisner,pburt1,messer,idietrich,mhanna,czaleski,sdavies1",265,278,f63cf25175beed5a363192975a16bef6b0ec0eca20342562fc39fdfe6df0cc89,1777763303.0,True,405,35.875,7.88576565718257,7.42,2.67,-70.2093271169285,ce72bbd1debefe830d972f3e1eb8f26a5cd93079767aa1ae799a216ec813b086,0.988968207616751,0.0110317923832494,0.45074680931164,0.48760699044451,0.499265426334494,0.722796800105123,755.875,-6,0.021,0.0116584358899842,0.0212259775412011,278,970df3582c9bd6f7503158a8bdd61775286b2293,2026-07-21 08:07:47,2026-06-06 14:01:41,phoenix,rush,17,24,Final,2026-05-02 19:00:00
2026-05-02-TOR-PHI,asehgal,0.17,40.29,pturner,-16.51,45.3,0,0,0,"sdillon,gchatha,rpoloz,kmallany,mgallant,pturner,asehgal",False,2026-05-02-TOR-PHI,11,17,3,9,39,1,3,True,True,406,away,265,,18,False,"jwisner,pburt1,messer,idietrich,mhanna,czaleski,sdavies1",266,279,443af8acdd1db75a085a8e808f16a963f6c21e2fc002b8e3aa3b5d54483f00b6,1777763304.0,True,406,32.75,17.4161562923626,-16.68,5.01,73.2818493883679,2782c22ed1f4cb52b8f9dce1f2f59725ded837d670574a4f3249ab7827c2d8f5,0.977767783421203,0.0222322165787967,0.45074680931164,0.487657648007509,0.494707408513005,0.66392799493988,752.75,-6,0.021,0.00704976050549538,0.0128351744241306,279,de450c277a88bb2af5d5429dc3e4bec7ef1f3a6c,2026-07-21 08:07:47,2026-06-06 14:01:41,phoenix,rush,17,24,Final,2026-05-02 19:00:00
2026-05-02-TOR-PHI,pturner,-16.51,45.3,gchatha,-18.85,59.24,0,0,0,"sdillon,gchatha,rpoloz,kmallany,mgallant,pturner,asehgal",False,2026-05-02-TOR-PHI,11,17,3,9,39,1,4,True,True,407,away,266,,18,False,"jwisner,pburt1,messer,idietrich,mhanna,czaleski,sdavies1",267,280,b9cf83cdf0487e11928fa0515c7920f125c8748caab8ae127d49b18b9034202b,1777763305.0,True,407,29.625,14.1350344888154,-2.34,13.94,9.52896067473674,06d5ff11638382da13610b6dd1066d6e5014f929644a8caa2a8059e5852da5a5,0.974762943793927,0.0252370562060733,0.45074680931164,0.482651502361656,0.545716953540174,0.551448680893907,749.625,-6,0.02,0.0630654511785188,0.114820363809778,280,5b45e3bf9d37835dd335b0151eee03e51c0db3d8,2026-07-21 08:07:47,2026-06-06 14:01:41,phoenix,rush,17,24,Final,2026-05-02 19:00:00
2026-05-02-TOR-PHI,gchatha,-18.85,59.24,pturner,-23.72,69.81,0,0,0,"sdillon,gchatha,rpoloz,kmallany,mgallant,pturner,asehgal",False,2026-05-02-TOR-PHI,11,17,3,9,39,1,5,True,True,408,away,267,,18,False,"jwisner,pburt1,messer,idietrich,mhanna,czaleski,sdavies1",268,282,3690297de3669df885b42035fb89d6c5614c648b3a460c5898a6bb71787c4b24,1777763306.0,True,408,26.5,11.6379465542681,-4.87,10.57,24.7373170386698,fec6c1b7abaf8799837d25d4e4e670ef420cec4af0be80166faacc95a4c1943c,0.964263521204086,0.0357364787959145,0.45074680931164,0.533271626247651,0.566511816993122,0.450464235212199,746.5,-6,0.02,0.0332401907454716,0.0605188851134625,282,49e486642a84b28e860e57b3cde673d6f311640e,2026-07-21 08:07:47,2026-06-06 14:01:41,phoenix,rush,17,24,Final,2026-05-02 19:00:00
2026-05-02-TOR-PHI,pturner,-23.72,69.81,kmallany,-8.41,71.6,0,0,0,"sdillon,gchatha,rpoloz,kmallany,mgallant,pturner,asehgal",False,2026-05-02-TOR-PHI,11,17,3,9,39,1,6,True,True,409,away,268,,18,False,"jwisner,pburt1,messer,idietrich,mhanna,czaleski,sdavies1",269,283,1e25c43170daa0a33e6032ddc62b0ef33e3d535fc86031ee551a31f378eb041b,1777763307.0,True,409,23.375,15.414285581888,15.31,1.78999999999999,-83.3314222266407,bc15e1619d63fc9006861e216ce6ed31d3ac07da264dd7cd8b3d2fbedd60811f,0.957660931439682,0.0423390685603177,0.45074680931164,0.553705719529229,0.621697489665726,0.484080342682833,743.375,-6,0.019,0.0679917701364978,0.123789485958718,283,fee35f61e410911fee548fe321e703b4c8dbf57a,2026-07-21 08:07:47,2026-06-06 14:01:41,phoenix,rush,17,24,Final,2026-05-02 19:00:00
2026-05-02-TOR-PHI,kmallany,-8.41,71.6,rpoloz,9.36,95.21,0,0,0,"sdillon,gchatha,rpoloz,kmallany,mgallant,pturner,asehgal",False,2026-05-02-TOR-PHI,11,17,3,9,39,1,7,True,True,410,away,269,,18,False,"jwisner,pburt1,messer,idietrich,mhanna,czaleski,sdavies1",270,284,5f6bfee5e4eb6e4aa7ab7b5719b07b5bb42c33f86073d80095b56ea1e003898a,1777763308.0,True,410,20.25,29.5500423011542,17.77,23.61,-36.9668447267805,7dc7a1c468a8a6682678c7f8a28a921de020e20c56cbb19c43591163d44db104,0.871869593200888,0.128130406799112,0.45074680931164,0.608940896350899,0.785799701923208,0.382837816115451,740.25,-6,0.017,0.176858805572309,0.321998685798544,284,e093cb51d6f96f59a807c737c2cca98662292aa8,2026-07-21 08:07:47,2026-06-06 14:01:41,phoenix,rush,17,24,Final,2026-05-02 19:00:00
2026-05-02-TOR-PHI,rpoloz,9.36,95.21,sdillon,21.86,110.73,0,0,0,"sdillon,gchatha,rpoloz,kmallany,mgallant,pturner,asehgal",False,2026-05-02-TOR-PHI,11,18,3,9,39,1,8,True,True,411,away,270,,19,False,"jwisner,pburt1,messer,idietrich,mhanna,czaleski,sdavies1",271,285,4bf6085b2e0dfa1ec6a5ae4a158a426949376c446d70ef5c5a16c1cdaecdb129,1777763309.0,True,411,17.125,19.9278799675229,12.5,15.52,-38.8483986968051,5b70ff30e46a62632a9d2fbb4ac073869a736257b7bd39de338314e52c4386d7,0.932613850035715,0.067386149964285,0.45074680931164,0.776248878318759,1.0,0.321631398315998,737.125,-6,0.016,0.223751121681241,0.407373367100192,285,291abf8d44557cf40a1ce03ef2f9346ab3694f48,2026-07-21 08:07:47,2026-06-06 14:01:41,phoenix,rush,17,24,Final,2026-05-02 19:00:00
2026-05-02-TOR-PHI,jbray,-16.86,11.25,esarles,-1.89,20.45,0,0,0,"ndigiorgi,cwhite1,crawlins,swhitcomb,mcampanel,jbray,esarles",True,2026-05-02-TOR-PHI,11,18,3,10,14,1,1,True,True,412,home,321,1777768119.0,18,False,"ezhuang,gchatha,rjamieson,ebembenis,nnishizak,pturner,lkeillor",322,686,ebefe44afee020a496a240580904c095fa1a30a6d05eb72ceeb8f9c7985a98d1,1777768119.0,False,412,14.0,17.5710244436686,14.97,9.2,-58.4266774026629,893b3079f21b2238d4c63763b86e47b5bc1148239f721701beb5e3351e24d792,0.975543546650101,0.0244564533498991,0.313282267638661,0.313282267638661,0.34706177663797,0.800914818305949,734.0,-7,0.014,0.0337795089993094,0.0491898015843505,686,f671d9ace669431d554191c756ff818361df9eb3,2026-07-21 08:07:47,2026-06-06 14:01:41,phoenix,rush,17,24,Final,2026-05-02 19:00:00
2026-05-02-TOR-PHI,esarles,-1.89,20.45,mcampanel,8.47,23.95,0,0,0,"ndigiorgi,cwhite1,crawlins,swhitcomb,mcampanel,jbray,esarles",True,2026-05-02-TOR-PHI,11,18,3,10,14,1,2,True,True,413,home,322,1777768122.0,18,False,"ezhuang,gchatha,rjamieson,ebembenis,nnishizak,pturner,lkeillor",323,687,fe93d981a417624e43c1f7498781b275557395989334be282f10846f17e98650,1777768122.0,False,413,11.6666666666667,10.9352457677,10.36,3.5,-71.3330857257798,d2d05478a8022a6b8e12a79425c49d911afedbb7bd4b13818ab157136c50ccb1,0.988249568029968,0.0117504319700322,0.313282267638661,0.33704545751806,0.344302297978139,0.765278089493589,731.666666666667,-7,0.014,0.00725684046007907,0.0105674283888459,687,5cc7d720678e3b04efffc169d4ede245f12b28a9,2026-07-21 08:07:47,2026-06-06 14:01:41,phoenix,rush,17,24,Final,2026-05-02 19:00:00
2026-05-02-TOR-PHI,mcampanel,8.47,23.95,crawlins,10.81,37.27,0,0,0,"ndigiorgi,cwhite1,crawlins,swhitcomb,mcampanel,jbray,esarles",True,2026-05-02-TOR-PHI,11,18,3,10,14,1,3,True,True,414,home,323,1777768124.0,18,False,"ezhuang,gchatha,rjamieson,ebembenis,nnishizak,pturner,lkeillor",324,688,1a3df0899b743965b97d69e06c9cd1f106ebc6f182322f4ac7b8a91981459fa9,1777768124.0,False,414,9.33333333333333,13.5239787045085,2.34,13.32,-9.96380418990718,9be07c364f5028123c27f8cae0252046be45d4614754530398d495e09dcd906e,0.977877516060376,0.0221224839396241,0.313282267638661,0.334070012745626,0.372735132193632,0.644783276598145,729.333333333333,-7,0.014,0.038665119448006,0.0563042391741547,688,8d5d9ba4e8a439600952aaa1744cf9fdca8f3a41,2026-07-21 08:07:47,2026-06-06 14:01:41,phoenix,rush,17,24,Final,2026-05-02 19:00:00
2026-05-02-TOR-PHI,crawlins,10.81,37.27,mcampanel,6.41,42.28,0,0,0,"ndigiorgi,cwhite1,crawlins,swhitcomb,mcampanel,jbray,esarles",True,2026-05-02-TOR-PHI,11,18,3,10,14,1,4,True,True,415,home,324,1777768127.0,18,False,"ezhuang,gchatha,rjamieson,ebembenis,nnishizak,pturner,lkeillor",325,689,12ca32866cdd99111f6c54f3e9eba79d1de3efcae5ca1f74597d4409e53c3907,1777768127.0,False,415,7.0,6.66784072995149,-4.4,5.01,41.2910104222678,dd89506bd1a7774e8d4d884ba3e85984e6dfc53dc639e897e68e20687230bbbd,0.988485765407582,0.0115142345924181,0.313282267638661,0.361856537243344,0.383470492708702,0.59551453819141,727.0,-7,0.014,0.0216139554653583,0.0314742935078096,689,836de647895b5042fafa7f4911ac707e4cc645a1,2026-07-21 08:07:47,2026-06-06 14:01:41,phoenix,rush,17,24,Final,2026-05-02 19:00:00
2026-05-02-TOR-PHI,mcampanel,6.41,42.28,crawlins,14.1,47.91,0,0,0,"ndigiorgi,cwhite1,crawlins,swhitcomb,mcampanel,jbray,esarles",True,2026-05-02-TOR-PHI,11,18,3,10,14,1,5,True,True,416,home,325,1777768128.0,18,False,"ezhuang,gchatha,rjamieson,ebembenis,nnishizak,pturner,lkeillor",326,690,fd3e541a457cd0d16477df6d2357cac27062fe11138b2f3b6e4dc20a0b0b531f,1777768128.0,False,416,4.66666666666667,9.5306348162124,7.69,5.63,-53.791409371447,994642d83d87708d84b12ff831293759ddd06baa5ee6073360ab34013398991d,0.985753869009677,0.0142461309903229,0.313282267638661,0.372189925674632,0.387689485503941,0.533038635498207,724.666666666667,-7,0.014,0.0154995598293092,0.022570495996969,690,1cc8fd98659619e334ebfd4ba47440c47e2af88d,2026-07-21 08:07:47,2026-06-06 14:01:41,phoenix,rush,17,24,Final,2026-05-02 19:00:00
2026-05-02-TOR-PHI,crawlins,14.1,47.91,,9.78,94.46,1,0,0,"ndigiorgi,cwhite1,crawlins,swhitcomb,mcampanel,jbray,esarles",True,2026-05-02-TOR-PHI,11,18,3,10,14,1,6,True,True,417,home,326,1777768134.0,22,False,"ezhuang,gchatha,rjamieson,ebembenis,nnishizak,pturner,lkeillor",327,691,7da2b83f3b383b710c0dca46edfe5c92f5811c52eb8356b8262f9b278aa303c6,1777768134.0,False,417,2.33333333333333,46.7500256684421,-4.32,46.55,5.30205878699853,00e24f44997e0bbab265d6c94782cc3870aab017bd134b0c09389e5cc4eca8fb,0.681164477308799,-0.681164477308799,0.313282267638661,0.376081179446662,0.714607740049233,0.306264750298068,722.333333333333,-7,0.013,-0.306264750298068,-0.306264750298068,691,ba7a4503b77792369f79f4756ae5fe67c388ae73,2026-07-21 08:07:47,2026-06-06 14:01:41,phoenix,rush,17,24,Final,2026-05-02 19:00:00
2026-05-02-TOR-PHI,jkeller,-15.07,25.94,eholmgren,-1.27,24.3,0,0,0,"tnye,eholmgren,cwhite1,dsuvorov,mcampanel,jkeller,crawlins",True,2026-05-02-TOR-PHI,11,18,4,1,720,1,1,True,True,418,home,329,1777768339.0,18,False,"amuraoka,rjamieson,lcomire,nhsieh,orobinson,ebembenis,ezhuang",330,694,b84029763de5f3a21501dd0743d40fef8d7df1bd2274b0965cf264f31b88de70,1777768339.0,False,418,720.0,13.8971076127373,13.8,-1.64,-96.7772775798045,ce9dd68173da5b6d87093c8535354091ffcf70dd4dfa3b465dda10d120ebe371,0.984705259072237,0.0152947409277634,0.668418701082667,0.700871196891373,0.705439161514684,0.935787080120461,720.0,-7,0.017,0.00456796462331077,0.013776303543734,694,8d060e3ee5e6c2d2f0dceadaa7b8fdfd85368276,2026-07-21 08:07:47,2026-06-06 14:01:41,phoenix,rush,17,24,Final,2026-05-02 19:00:00
2026-05-02-TOR-PHI,eholmgren,-1.27,24.3,dsuvorov,8.95,29.38,0,0,0,"tnye,eholmgren,cwhite1,dsuvorov,mcampanel,jkeller,crawlins",True,2026-05-02-TOR-PHI,11,18,4,1,720,1,2,True,True,419,home,330,1777768341.0,18,False,"amuraoka,rjamieson,lcomire,nhsieh,orobinson,ebembenis,ezhuang",331,695,9673d14cf2678664801e8767891a9aa7c3f259066c0aa6f118e7882dfa95931b,1777768341.0,False,419,716.083333333333,11.412922500394,10.22,5.08,-63.56965652028,f5621e9ed37f9c780923498b1601cc128545ee11df1a76f5fc2637adcc9cc67b,0.986409109380419,0.0135908906195809,0.668418701082667,0.700196555864338,0.711438231816534,0.919166216186759,716.083333333333,-7,0.017,0.0112416759521954,0.0339032267166492,695,2f0484cf62fb64c66ae3c352320005c96a9c8c00,2026-07-21 08:07:47,2026-06-06 14:01:41,phoenix,rush,17,24,Final,2026-05-02 19:00:00
2026-05-02-TOR-PHI,dsuvorov,8.95,29.38,mcampanel,10.6,38.71,0,0,0,"tnye,eholmgren,cwhite1,dsuvorov,mcampanel,jkeller,crawlins",True,2026-05-02-TOR-PHI,11,18,4,1,720,1,3,True,True,420,home,331,1777768344.0,18,False,"amuraoka,rjamieson,lcomire,nhsieh,orobinson,ebembenis,ezhuang",332,696,7be7510176f0fadc533417af24b34bd9702037068a30b60eaaf60742cf8239f6,1777768344.0,False,420,712.166666666667,9.47477704223165,1.65,9.33,-10.0289980615085,38f59ab1328624c42ca799ded3476608cf53f343a5dcd28e7ed01625fb6f0e3b,0.984903833986213,0.015096166013787,0.668418701082667,0.706541863585382,0.732225661744044,0.885857417417331,712.166666666667,-7,0.017,0.025683798158662,0.0774585244780804,696,d8c419c4aaff84167d263b881e064097fa776888,2026-07-21 08:07:47,2026-06-06 14:01:41,phoenix,rush,17,24,Final,2026-05-02 19:00:00
2026-05-02-TOR-PHI,mcampanel,10.6,38.71,eholmgren,6.48,26.01,0,0,0,"tnye,eholmgren,cwhite1,dsuvorov,mcampanel,jkeller,crawlins",True,2026-05-02-TOR-PHI,11,18,4,1,720,1,4,True,True,421,home,332,1777768349.0,18,False,"amuraoka,rjamieson,lcomire,nhsieh,orobinson,ebembenis,ezhuang",333,697,2f9a449cb9a5523726f66303a1632bc4b5f07663ca888124ac4b61b69daf3098,1777768349.0,False,421,708.25,13.3515691961657,-4.12,-12.7,162.026447291121,65105196122cd17c7f0bcf0f4b13967127d1adb502573c9a7b8549b752bba973,0.988634516391607,0.0113654836083932,0.668418701082667,0.727811414821053,0.694022202083439,0.926223341354216,708.25,-7,0.017,-0.0337892127376146,-0.10190325222786,697,d82417852d8063c843d15f0c3820d548127521bf,2026-07-21 08:07:47,2026-06-06 14:01:41,phoenix,rush,17,24,Final,2026-05-02 19:00:00
2026-05-02-TOR-PHI,eholmgren,6.48,26.01,mcampanel,14.17,29.72,0,0,0,"tnye,eholmgren,cwhite1,dsuvorov,mcampanel,jkeller,crawlins",True,2026-05-02-TOR-PHI,11,18,4,1,720,1,5,True,True,422,home,333,1777768352.0,18,False,"amuraoka,rjamieson,lcomire,nhsieh,orobinson,ebembenis,ezhuang",334,698,5249c920068a9496f7379aaa016d5641b378b0c02fdd462d8135294ac386edc7,1777768352.0,False,422,704.333333333333,8.53816139458607,7.69,3.71,-64.2452594077735,e84465991440d5a6770717c5437a9c4a30159a80dd2f7dedd0a2254aaf88c4b1,0.989847493794894,0.0101525062051062,0.668418701082667,0.689523891074929,0.691870157673354,0.910859048839478,704.333333333333,-7,0.017,0.00234626659842596,0.00707599193949388,698,77a85cfde74abdaf42649553889111ba551f4d40,2026-07-21 08:07:47,2026-06-06 14:01:41,phoenix,rush,17,24,Final,2026-05-02 19:00:00
2026-05-02-TOR-PHI,mcampanel,14.17,29.72,tnye,0.78,25.19,0,0,0,"tnye,eholmgren,cwhite1,dsuvorov,mcampanel,jkeller,crawlins",True,2026-05-02-TOR-PHI,11,18,4,1,720,1,6,True,True,423,home,334,1777768357.0,18,False,"amuraoka,rjamieson,lcomire,nhsieh,orobinson,ebembenis,ezhuang",335,699,8575a3e2cb4d2e5cf90d9f41a41f76cfc033bb184b47f590ba78dcc9c9ba986b,1777768357.0,False,423,700.416666666667,14.1355226291779,-13.39,-4.53,108.691304067578,902af4a7e65f1aa3c3c6bd7bd2625389c78f9f745e416efcfea9633c44fa9234,0.985470301834766,0.0145296981652338,0.668418701082667,0.687626453035913,0.683916866006632,0.92608444016295,700.416666666667,-7,0.017,-0.00370958702928059,-0.0111875640797385,699,7a9c88ea9d0aefad00a38a3942f004f125273fa2,2026-07-21 08:07:47,2026-06-06 14:01:41,phoenix,rush,17,24,Final,2026-05-02 19:00:00
2026-05-02-TOR-PHI,tnye,0.78,25.19,jkeller,-18.23,29.03,0,0,0,"tnye,eholmgren,cwhite1,dsuvorov,mcampanel,jkeller,crawlins",True,2026-05-02-TOR-PHI,11,18,4,1,720,1,7,True,True,424,home,335,1777768359.0,18,False,"amuraoka,rjamieson,lcomire,nhsieh,orobinson,ebembenis,ezhuang",336,700,d58017b91003f76e1c6c998a07c48ae69d9d17e0647103510be319e488532f26,1777768359.0,False,424,696.5,19.3939604000833,-19.01,3.84,78.579983748934,2f3bfa318b89b20d8b777dbf49c0bd7b122a1cfcfb1c9a5fab97934fa820aa70,0.981350800133122,0.0186491998668775,0.668418701082667,0.679882465564183,0.672264246292154,0.904847991777539,696.5,-7,0.016,-0.00761821927202933,-0.0229754189904679,700,8090b4e9fa3e734fbe1573eab57cfe0dcc5bad2b,2026-07-21 08:07:47,2026-06-06 14:01:41,phoenix,rush,17,24,Final,2026-05-02 19:00:00
2026-05-02-TOR-PHI,jkeller,-18.23,29.03,tnye,-0.86,25.05,0,0,0,"tnye,eholmgren,cwhite1,dsuvorov,mcampanel,jkeller,crawlins",True,2026-05-02-TOR-PHI,11,18,4,1,720,1,8,True,True,425,home,336,1777768361.0,18,False,"amuraoka,rjamieson,lcomire,nhsieh,orobinson,ebembenis,ezhuang",337,701,048fa71c3ba8ab5b7591feb1ad937a75527920846efcfa730a53debbefff1d65,1777768361.0,False,425,692.583333333333,17.8201374854405,17.37,-3.98,-102.905449930485,f93b939d7a89641e3421dc6fa9c83fed6858937981aaac9dcc5a111fedfe1d93,0.978620992016702,0.0213790079832976,0.668418701082667,0.668418701082667,0.675702068133348,0.924015089895749,692.583333333333,-7,0.017,0.00728336705068111,0.0219655543737312,701,f24acb92e0f6afb9afe20bb6acf43bb15acdde3e,2026-07-21 08:07:47,2026-06-06 14:01:41,phoenix,rush,17,24,Final,2026-05-02 19:00:00
2026-05-02-TOR-PHI,tnye,-0.86,25.05,eholmgren,-2.1,37.0,0,0,0,"tnye,eholmgren,cwhite1,dsuvorov,mcampanel,jkeller,crawlins",True,2026-05-02-TOR-PHI,11,18,4,1,720,1,9,True,True,426,home,337,1777768363.0,18,False,"amuraoka,rjamieson,lcomire,nhsieh,orobinson,ebembenis,ezhuang",338,702,45b0ffcea4f649fa35d3f692c472677978054c8e2ee57fd06bebad1c11874ae1,1777768363.0,False,426,688.666666666667,12.0141624760114,-1.24,11.95,5.92413447757342,85c811d2f80d61754324bdfa79619f04242044d9ad046e58f36bd93b77d2f96f,0.982790117944065,0.0172098820559345,0.668418701082667,0.672133509316312,0.70642512030422,0.881490948879762,688.666666666667,-7,0.017,0.0342916109879075,0.103418410808677,702,4b14b8f00698ad1068ae6581fca98602729d258c,2026-07-21 08:07:47,2026-06-06 14:01:41,phoenix,rush,17,24,Final,2026-05-02 19:00:00
2026-05-02-TOR-PHI,eholmgren,-2.1,37.0,crawlins,12.25,41.46,0,0,0,"tnye,eholmgren,cwhite1,dsuvorov,mcampanel,jkeller,crawlins",True,2026-05-02-TOR-PHI,11,18,4,1,720,1,10,True,True,427,home,338,1777768366.0,18,False,"amuraoka,rjamieson,lcomire,nhsieh,orobinson,ebembenis,ezhuang",339,703,d0be56321ae9586e87bb7f5e29a7dc8f0b3ac7d28a943d289103c6417d14f9bb,1777768366.0,False,427,684.75,15.0271121643515,14.35,4.46,-72.7346825338696,73c4d963e032f82aeaa648fe20ff7c91c7c143cab70b43b9cb50b8a1e48b81c5,0.979411420706486,0.0205885792935143,0.668418701082667,0.703281636598896,0.71312303717634,0.860156764889092,684.75,-7,0.017,0.00984140057744332,0.029680203948706,703,de600afe84ccce5fd6c7748ab775807d9244ce73,2026-07-21 08:07:47,2026-06-06 14:01:41,phoenix,rush,17,24,Final,2026-05-02 19:00:00
2026-05-02-TOR-PHI,crawlins,12.25,41.46,mcampanel,21.79,61.71,0,0,0,"tnye,eholmgren,cwhite1,dsuvorov,mcampanel,jkeller,crawlins",True,2026-05-02-TOR-PHI,11,18,4,1,720,1,11,True,True,428,home,339,1777768369.0,18,False,"amuraoka,rjamieson,lcomire,nhsieh,orobinson,ebembenis,ezhuang",340,704,1aebd401089567a556dfd409ac3d14d0977b57e492b8d0d82a119ed6bd74fb66,1777768369.0,False,428,680.833333333333,22.3846844963247,9.54,20.25,-25.2256456981242,62b9abb7415b9cc12e85b557c08dfcd19511848381ba40adb90edd65a78f73fd,0.946428528139742,0.0535714718602577,0.668418701082667,0.710247089158852,0.761585579134423,0.747935707906202,680.833333333333,-7,0.018,0.0513384899755708,0.154829268548013,704,db49eeb395e1b416c7d4f24d5755b480a6d96209,2026-07-21 08:07:47,2026-06-06 14:01:41,phoenix,rush,17,24,Final,2026-05-02 19:00:00
2026-05-02-TOR-PHI,mcampanel,21.79,61.71,cwhite1,7.37,109.49,0,0,0,"tnye,eholmgren,cwhite1,dsuvorov,mcampanel,jkeller,crawlins",True,2026-05-02-TOR-PHI,12,18,4,1,720,1,12,True,True,429,home,340,1777768377.0,19,False,"amuraoka,rjamieson,lcomire,nhsieh,orobinson,ebembenis,ezhuang",341,705,b52ebb1d932786c9bbbc7fd637d82678ab4af95931dc6e3b978b37908e2989de,1777768377.0,False,429,676.916666666667,49.9085643953019,-14.42,47.78,16.7938097842925,3301a4462ed62f7121e0d0f2dbb9a7a7f11a94474f0cb9d55a2a2b86f6eb7293,0.634793703518855,0.365206296481145,0.668418701082667,0.759225120878616,1.0,0.64891449272154,676.916666666667,-7,0.022,0.240774879121384,0.726141311067762,705,5bc6b0bcf3a4b75afd98a77e306d88c65b29468b,2026-07-21 08:07:47,2026-06-06 14:01:41,phoenix,rush,17,24,Final,2026-05-02 19:00:00
2026-05-02-TOR-PHI,sdillon,5.66,19.97,kmallany,15.82,42.21,0,0,0,"sdillon,gchatha,rpoloz,kmallany,mgallant,pturner,asehgal",False,2026-05-02-TOR-PHI,12,18,4,2,673,1,1,True,True,430,away,279,,18,False,"mhanna,czaleski,jbray,jwisner,idietrich,jthornton,messer",280,294,f2f9169a36831441a090bb02580d1c8fdfe4e487ad0387da72c48fe7f268e605,1777763318.0,True,430,673.0,24.4508322966724,10.16,22.24,-24.5525575359718,cc520b36d2ea09a0703062b6bbb562e0bfe498cf216cf16285fde2e3636e0ce7,0.947393458020531,0.0526065419794688,0.646570312106082,0.646570312106082,0.700591930279253,0.84859986021758,673.0,-6,0.018,0.0540216181731716,0.152849689835298,294,5af76e239e0bd1d59107c188c0534a875be9da45,2026-07-21 08:07:47,2026-06-06 14:01:41,phoenix,rush,17,24,Final,2026-05-02 19:00:00
2026-05-02-TOR-PHI,kmallany,15.82,42.21,mgallant,19.18,59.31,0,0,0,"sdillon,gchatha,rpoloz,kmallany,mgallant,pturner,asehgal",False,2026-05-02-TOR-PHI,12,18,4,2,673,1,2,True,True,431,away,280,,18,False,"mhanna,czaleski,jbray,jwisner,idietrich,jthornton,messer",281,295,f047021dcf6b79d8fddcc06c3b0237ce0f27b19354c8ec7eac398b7a04163adc,1777763319.0,True,431,665.5,17.4269790841672,3.36,17.1,-11.1164970863491,19632d0f1daee420595dd905a8ac030513e5981a7f51475adfd4e9348dd8de67,0.966480937242004,0.0335190627579963,0.646570312106082,0.69635701178251,0.753773983616461,0.762315828734107,665.5,-6,0.018,0.057416971833951,0.16245656151892,295,ca1cc8c553350b65ffb5acc286e900d1100cc7fa,2026-07-21 08:07:47,2026-06-06 14:01:41,phoenix,rush,17,24,Final,2026-05-02 19:00:00
2026-05-02-TOR-PHI,mgallant,19.18,59.31,pturner,-10.47,95.42,0,0,0,"sdillon,gchatha,rpoloz,kmallany,mgallant,pturner,asehgal",False,2026-05-02-TOR-PHI,12,18,4,2,673,1,3,True,True,432,away,281,,18,False,"mhanna,czaleski,jbray,jwisner,idietrich,jthornton,messer",282,296,e6b9d7bdf75b70b0b849bcc42ff8bb796e62ab1aad34d5c59f9396760f6b4e87,1777763320.0,True,432,658.0,46.723169841097,-29.65,36.11,39.389492753283,3103ec0b3f996ff670630521401334025b13a8bc691d5f190fd73391e40d00c7,0.702392338425979,0.297607661574021,0.646570312106082,0.750658660937706,0.916796906123598,0.647391413565852,658.0,-6,0.015,0.166138245185892,0.470074390682647,296,6e7ae778ff7c444e578604739bbad139d195bf4a,2026-07-21 08:07:47,2026-06-06 14:01:41,phoenix,rush,17,24,Final,2026-05-02 19:00:00
2026-05-02-TOR-PHI,pturner,-10.47,95.42,asehgal,-6.49,104.0,0,0,0,"sdillon,gchatha,rpoloz,kmallany,mgallant,pturner,asehgal",False,2026-05-02-TOR-PHI,12,19,4,2,673,1,4,True,True,433,away,282,,19,False,"mhanna,czaleski,jbray,jwisner,idietrich,jthornton,messer",283,297,90f2fe1636d26ba5a86e5cceb75b524497a3d7b4728b750ffa19921e6ad1ed74,1777763321.0,True,433,650.5,9.45816049768664,3.98,8.58,-24.8851456225096,9cd61508c595a298b50d7b41a247197d461f745e7d5667fcf0ac16bcc4be9fc9,0.965989304060195,0.0340106959398049,0.646570312106082,0.915756554170747,1.0,0.634824712298655,650.5,-6,0.014,0.0842434458292528,0.238359845578503,297,e41c83bdb314d41a764d9450c3d233786fe8797e,2026-07-21 08:07:47,2026-06-06 14:01:41,phoenix,rush,17,24,Final,2026-05-02 19:00:00
2026-05-02-TOR-PHI,cwhite1,-0.59,20.59,esarles,-1.55,33.5,0,0,0,"jkeller,crawlins,dsuvorov,cwhite1,tnye,ndigiorgi,esarles",True,2026-05-02-TOR-PHI,12,19,4,3,643,1,1,True,True,434,home,345,1777768500.0,18,False,"nnishizak,ezhuang,lkeillor,dpetsinis,hnorris,nho,mayad",346,710,0c458cdc6056c370c959626cc8e210c00e44c0dd8b5c20b35b50a3a1e3d4775e,1777768500.0,False,434,643.0,12.945644055048,-0.96,12.91,4.25274213506226,8bc8ed1af5955f6d8ea8d7d8c5d4992bbf32397ec599a7993c47834a471a0685,0.981977442816763,0.0180225571832372,0.634660431837137,0.634660431837137,0.670847656223744,0.88304704753035,643.0,-7,0.017,0.0361872243866067,0.0990509310792062,710,944f32dce4bd1cd1ad3a131b1755626f6162903b,2026-07-21 08:07:47,2026-06-16 08:07:02,phoenix,rush,17,24,Final,2026-05-02 19:00:00
2026-05-02-TOR-PHI,esarles,-1.55,33.5,tnye,18.84,32.54,0,0,0,"jkeller,crawlins,dsuvorov,cwhite1,tnye,ndigiorgi,esarles",True,2026-05-02-TOR-PHI,12,19,4,3,643,1,2,True,True,435,home,346,1777768503.0,18,False,"nnishizak,ezhuang,lkeillor,dpetsinis,hnorris,nho,mayad",347,711,55499730301c1e0abcc2555600ec203b22cb97641744da184585df3fa19cbc91,1777768503.0,False,435,638.583333333333,20.4125868032447,20.39,-0.960000000000001,-92.6956037166692,eabea9f291693d80631487196ac22080ea6dd0d4a48ed10495e59e206af79a24,0.981255733297617,0.0187442667023829,0.634660431837137,0.669741169122623,0.64276914100783,0.876589488180399,638.583333333333,-7,0.016,-0.0269720281147936,-0.0738272841631265,711,433f511c134ca4e85969cc595d41e5c349366f5a,2026-07-21 08:07:47,2026-06-16 08:07:02,phoenix,rush,17,24,Final,2026-05-02 19:00:00
2026-05-02-TOR-PHI,tnye,18.84,32.54,crawlins,7.51,38.78,0,0,0,"jkeller,crawlins,dsuvorov,cwhite1,tnye,ndigiorgi,esarles",True,2026-05-02-TOR-PHI,12,19,4,3,643,1,3,True,True,436,home,347,1777768505.0,18,False,"nnishizak,ezhuang,lkeillor,dpetsinis,hnorris,nho,mayad",348,712,765b38a2efb066a74d8623e8103eaf23212e26c9d57d043a61bf0062e5d06c5f,1777768505.0,False,436,634.166666666667,12.9347013881264,-11.33,6.24,61.1562151940248,f75db88f7845738a7a3e12ab8e6705bf428815a7db63be90e082932789c812e9,0.978245108153765,0.0217548918462351,0.634660431837137,0.641820307017154,0.684952956636343,0.859922028027174,634.166666666667,-7,0.017,0.0431326496191887,0.118061807091097,712,eecb476d7bcf5666acd6aa8110447e9a4adfed98,2026-07-21 08:07:47,2026-06-16 08:07:02,phoenix,rush,17,24,Final,2026-05-02 19:00:00
2026-05-02-TOR-PHI,crawlins,7.51,38.78,esarles,-0.73,28.62,0,0,0,"jkeller,crawlins,dsuvorov,cwhite1,tnye,ndigiorgi,esarles",True,2026-05-02-TOR-PHI,12,19,4,3,643,1,4,True,True,437,home,348,1777768507.0,18,False,"nnishizak,ezhuang,lkeillor,dpetsinis,hnorris,nho,mayad",349,713,107a61625d2eb0b101fee690d6a12fc28eb6906a62a540a63361c39330e75f92,1777768507.0,False,437,629.75,13.0814066521915,-8.24,-10.16,140.957131114708,2597b5f5444bfed7cedbd9d604d34e1aa7360c26af159df1c3a692bcc4dc8537,0.988774746252169,0.0112252537478311,0.634660431837137,0.68423994758024,0.653462338514394,0.900522121121361,629.75,-7,0.016,-0.030777609065846,-0.0842438425725785,713,7faf58e647ad451cb01ae613b513a8c0c86fca9d,2026-07-21 08:07:47,2026-06-16 08:07:02,phoenix,rush,17,24,Final,2026-05-02 19:00:00
2026-05-02-TOR-PHI,esarles,-0.73,28.62,ndigiorgi,15.89,34.18,0,0,0,"jkeller,crawlins,dsuvorov,cwhite1,tnye,ndigiorgi,esarles",True,2026-05-02-TOR-PHI,12,19,4,3,643,1,5,True,True,438,home,349,1777768511.0,18,False,"nnishizak,ezhuang,lkeillor,dpetsinis,hnorris,nho,mayad",350,714,8d9b7603a11b07f96159ddb6f11c0b761f025e14f5ce3cce526a6f8ba026c044,1777768511.0,False,438,625.333333333333,17.5253530634906,16.62,5.56,-71.5030204042948,559addef1dc0c9cb72de0c3abf6dbe8f506b29de11afc75a631ddc02046700de,0.979347884562665,0.0206521154373351,0.634660431837137,0.652890633278822,0.656620225867011,0.873344552282531,625.333333333333,-7,0.016,0.00372959258818895,0.0102085646154986,714,0e1d8594f1df9af4905c28ee534afb19af86c1a9,2026-07-21 08:07:47,2026-06-16 08:07:02,phoenix,rush,17,24,Final,2026-05-02 19:00:00
2026-05-02-TOR-PHI,ndigiorgi,15.89,34.18,dsuvorov,-6.08,42.56,0,0,0,"jkeller,crawlins,dsuvorov,cwhite1,tnye,ndigiorgi,esarles",True,2026-05-02-TOR-PHI,12,19,4,3,643,1,6,True,True,439,home,350,1777768517.0,18,False,"nnishizak,ezhuang,lkeillor,dpetsinis,hnorris,nho,mayad",351,715,d0b5ae40915cfaf59b09cccec1ea621e0ee6e06420338c38228c6b0437f7642e,1777768517.0,False,439,620.916666666667,23.5139384195842,-21.97,8.38,69.1216872438861,96194126ef363643a6a8f640613a9490f92fd043886a0843465daffd567d6e9a,0.950819888133083,0.0491801118669167,0.634660431837137,0.656215517114821,0.696977850335579,0.842976958140136,620.916666666667,-7,0.017,0.0407623332207584,0.111573825484425,715,fa49bce6f0c0c147c93f6716a5f57e0b1d2e6f55,2026-07-21 08:07:47,2026-06-16 08:07:02,phoenix,rush,17,24,Final,2026-05-02 19:00:00
2026-05-02-TOR-PHI,dsuvorov,-6.08,42.56,jkeller,2.43,37.13,0,0,0,"jkeller,crawlins,dsuvorov,cwhite1,tnye,ndigiorgi,esarles",True,2026-05-02-TOR-PHI,12,19,4,3,643,1,7,True,True,440,home,351,1777768519.0,18,False,"nnishizak,ezhuang,lkeillor,dpetsinis,hnorris,nho,mayad",352,716,02fa89034a355366f8c4df99e57c2e9fef9c89db85c937a7b4af9fa64ecb8981,1777768519.0,False,440,616.5,10.0948006419146,8.51,-5.43,-122.540842193648,b94373df54ee6109f6fa336e89bdb6a22ae19cccb2f606a6c186f616780f15a0,0.989249271296938,0.0107507287030617,0.634660431837137,0.696742424645349,0.678562692584259,0.866312216110239,616.5,-7,0.017,-0.0181797320610892,-0.0497611910817856,716,79050048d56b300b48c2f0997878a6d182c0fd51,2026-07-21 08:07:47,2026-06-16 08:07:02,phoenix,rush,17,24,Final,2026-05-02 19:00:00
2026-05-02-TOR-PHI,jkeller,2.43,37.13,dsuvorov,11.42,49.42,0,0,0,"jkeller,crawlins,dsuvorov,cwhite1,tnye,ndigiorgi,esarles",True,2026-05-02-TOR-PHI,12,19,4,3,643,1,8,True,True,441,home,352,1777768523.0,18,False,"nnishizak,ezhuang,lkeillor,dpetsinis,hnorris,nho,mayad",353,717,44e0a6592fe0249d5f238f98bc65391fc8c604f7ddcf2ab8e0e32aa410017379,1777768523.0,False,441,612.083333333333,15.2270877057959,8.99,12.29,-36.1850601789163,1a77b62418ea8dbbebf5a2fd46bd36f307bd2f5a44fca645f1a37fdf419eed1a,0.9732107014408,0.0267892985592003,0.634660431837137,0.67845717995106,0.719292983782762,0.810557733985972,612.083333333333,-7,0.017,0.0408358038317018,0.111774927739275,717,cc891629710985e8b5f70f9ed58d90cb6a40326f,2026-07-21 08:07:47,2026-06-16 08:07:02,phoenix,rush,17,24,Final,2026-05-02 19:00:00
2026-05-02-TOR-PHI,dsuvorov,11.42,49.42,crawlins,3.46,61.64,0,0,0,"jkeller,crawlins,dsuvorov,cwhite1,tnye,ndigiorgi,esarles",True,2026-05-02-TOR-PHI,12,19,4,3,643,1,9,True,True,442,home,353,1777768528.0,18,False,"nnishizak,ezhuang,lkeillor,dpetsinis,hnorris,nho,mayad",354,718,ece4575ec9cf79909420e142edf5feb93c479ce70588b01a71eac5b1a9a449c1,1777768528.0,False,442,607.666666666667,14.5838952272704,-7.96,12.22,33.0798654827593,823b55cd5d5205676ae6df5a0c716363035751cb82d8050c3c5f61d90f6025cc,0.969568932703253,0.0304310672967466,0.634660431837137,0.719312734009265,0.773530611016535,0.759413354575659,607.666666666667,-7,0.018,0.05421787700727,0.148404064963203,718,05df72aed76fc4a83fc1aceacec9a0d346f4427f,2026-07-21 08:07:47,2026-06-16 08:07:02,phoenix,rush,17,24,Final,2026-05-02 19:00:00
2026-05-02-TOR-PHI,crawlins,3.46,61.64,jkeller,-3.47,54.23,0,0,0,"jkeller,crawlins,dsuvorov,cwhite1,tnye,ndigiorgi,esarles",True,2026-05-02-TOR-PHI,12,19,4,3,643,1,10,True,True,443,home,354,1777768532.0,18,False,"nnishizak,ezhuang,lkeillor,dpetsinis,hnorris,nho,mayad",355,719,0ff9045f94a80b23a67c2c2598199cbe9a98a89eeaa8427fa0336d149cd13c6f,1777768532.0,False,443,603.25,10.1455901750465,-6.93,-7.41,136.917134569962,ec43b6b885ea3140c0d03464180b4cf4e796dac4b25335d0b41ad2df4129f900,0.987265697398345,0.0127343026016548,0.634660431837137,0.773640975287169,0.742263466273449,0.79169965387842,603.25,-7,0.017,-0.0313775090137196,-0.0858858764505135,719,f30d13f340c7dde1f8ed321f0e9c8ad5ac68bdea,2026-07-21 08:07:47,2026-06-16 08:07:02,phoenix,rush,17,24,Final,2026-05-02 19:00:00
2026-05-02-TOR-PHI,jkeller,-3.47,54.23,esarles,18.77,63.43,0,0,0,"jkeller,crawlins,dsuvorov,cwhite1,tnye,ndigiorgi,esarles",True,2026-05-02-TOR-PHI,12,19,4,3,643,1,11,True,True,444,home,355,1777768537.0,18,False,"nnishizak,ezhuang,lkeillor,dpetsinis,hnorris,nho,mayad",356,720,c417647f07f3fa3e953f27f0aa53c6e2f73a5c26435e66563dc328a04d1eab86,1777768537.0,False,444,598.833333333333,24.0677709811274,22.24,9.2,-67.5266337854111,4adb8cbc46b80f410d8fd605e891dbceb29588d13bfafaf1bdf09554bef32b09,0.958192602913336,0.0418073970866641,0.634660431837137,0.742476367309375,0.763314716362589,0.734884449943793,598.833333333333,-7,0.018,0.0208383490532134,0.0570383031818878,720,077586effc1a85cd61dd219fb88ec622c3ce5914,2026-07-21 08:07:47,2026-06-16 08:07:02,phoenix,rush,17,24,Final,2026-05-02 19:00:00
2026-05-02-TOR-PHI,esarles,18.77,63.43,crawlins,-4.78,104.27,0,0,0,"jkeller,crawlins,dsuvorov,cwhite1,tnye,ndigiorgi,esarles",True,2026-05-02-TOR-PHI,13,19,4,3,643,1,12,True,True,445,home,356,1777768547.0,19,False,"nnishizak,ezhuang,lkeillor,dpetsinis,hnorris,nho,mayad",357,721,1b6ce65201f553928317fe7bce1e152f3b29cae4358cac28148abe8c9065a3b7,1777768547.0,False,445,594.416666666667,47.1434841733192,-23.55,40.84,29.9694926265245,c8a1773bb97ccad46ac7f5b5a4cbb4131cdc74293d6028b5cdd78cdf306a6fa3,0.690235138689937,0.309764861310063,0.634660431837137,0.76359409073387,1.0,0.629281997481352,594.416666666667,-7,0.022,0.23640590926613,0.647085423719404,721,1eab72d24387f42ab7ca56d9e5276756b16dc50f,2026-07-21 08:07:47,2026-06-16 08:07:02,phoenix,rush,17,24,Final,2026-05-02 19:00:00
2026-05-02-TOR-PHI,sdillon,25.84,39.67,rpoloz,22.68,30.96,0,0,0,"sdillon,gchatha,rpoloz,kmallany,mgallant,pturner,asehgal",False,2026-05-02-TOR-PHI,13,19,4,4,590,1,1,True,True,446,away,287,,18,False,"pburt1,sdavies1,jwisner,swhitcomb,mhanna,jthornton,czaleski",288,302,e6857c3c9808ccda312c6b3ac08cea75278d3059e689d98334ff76faed976806,1777763326.0,True,446,590.0,9.26551131886417,-3.16,-8.71,160.059158683537,85741e9ad53bf0b4c14312b4c669e507b4489ae55a3c4ac18fcb7ac656941efb,0.98726372237895,0.01273627762105,0.615204593479568,0.620467910727059,0.614485131407186,0.871304604790853,590.0,-6,0.02,-0.00598277931987301,-0.0155479489060775,302,c0c6b3ec07192fb980b1bab75749aa95d278fc0d,2026-07-21 08:07:47,2026-06-06 14:01:41,phoenix,rush,17,24,Final,2026-05-02 19:00:00
2026-05-02-TOR-PHI,rpoloz,22.68,30.96,asehgal,12.59,20.32,0,0,0,"sdillon,gchatha,rpoloz,kmallany,mgallant,pturner,asehgal",False,2026-05-02-TOR-PHI,13,19,4,4,590,1,2,True,True,447,away,288,,18,False,"pburt1,sdavies1,jwisner,swhitcomb,mhanna,jthornton,czaleski",289,303,87f5735a234ad51c715d923913d623c6ca191a567e99e71618877b6f48e03134,1777763327.0,True,447,584.2,14.6634818511839,-10.09,-10.64,136.51979197586,8d5c9fe8a87a5d1102756ee00d0009ee575394a770201ad02d1ca0f01143678f,0.984753197200058,0.0152468027999422,0.615204593479568,0.615204593479568,0.62560301658359,0.927474695018627,584.2,-6,0.02,0.0103984231040214,0.027023251649625,303,b28a472476113c1a8afe485da711aa9b2000e83d,2026-07-21 08:07:47,2026-06-06 14:01:41,phoenix,rush,17,24,Final,2026-05-02 19:00:00
2026-05-02-TOR-PHI,asehgal,12.59,20.32,mgallant,-8.14,19.77,0,0,0,"sdillon,gchatha,rpoloz,kmallany,mgallant,pturner,asehgal",False,2026-05-02-TOR-PHI,13,19,4,4,590,1,3,True,True,448,away,289,,18,False,"pburt1,sdavies1,jwisner,swhitcomb,mhanna,jthornton,czaleski",290,304,7535f4511290c610e692ef3b37918a6ac98bd17a741faf72be3b4e1cb7d707db,1777763328.0,True,448,578.4,20.737294905556,-20.73,-0.550000000000001,91.5197919758604,edc07aebef6287b8ab090a9958a0d07204ebaae6873a2a67e51e29c87fa4ae6c,0.975325654857826,0.024674345142174,0.615204593479568,0.62642360248695,0.629738898473144,0.929745266531583,578.4,-6,0.02,0.00331529598619451,0.00861573690853941,304,6ed8e51d495038e62d886876b8563ec3b74b48dd,2026-07-21 08:07:47,2026-06-06 14:01:41,phoenix,rush,17,24,Final,2026-05-02 19:00:00
2026-05-02-TOR-PHI,mgallant,-8.14,19.77,asehgal,-12.6,38.99,0,0,0,"sdillon,gchatha,rpoloz,kmallany,mgallant,pturner,asehgal",False,2026-05-02-TOR-PHI,13,19,4,4,590,1,4,True,True,449,away,290,,18,False,"pburt1,sdavies1,jwisner,swhitcomb,mhanna,jthornton,czaleski",291,305,aa0c985cca0152d503da33bd84cff1a1fe639e3c10b62e18d01decbef7d12705,1777763329.0,True,449,572.6,19.7306867594618,-4.46,19.22,13.064266694716,19e1c2167ab428f917cde0199ca77e4ddc4bb58e6d56d503c73baf744f4ed30e,0.959823965392187,0.0401760346078134,0.615204593479568,0.630638548037305,0.683387398632688,0.857244806386061,572.6,-6,0.019,0.0527488505953829,0.137082848967383,305,e74d2be524477bce1172c638ddcfefdc8a1a7443,2026-07-21 08:07:47,2026-06-06 14:01:41,phoenix,rush,17,24,Final,2026-05-02 19:00:00
2026-05-02-TOR-PHI,asehgal,-12.6,38.99,kmallany,6.07,106.33,0,0,0,"sdillon,gchatha,rpoloz,kmallany,mgallant,pturner,asehgal",False,2026-05-02-TOR-PHI,13,20,4,4,590,1,5,True,True,450,away,291,,19,False,"pburt1,sdavies1,jwisner,swhitcomb,mhanna,jthornton,czaleski",292,306,7070193dc316bb335507d0a210b05f3652fea39d67a22dcb2c45b646cd5a0388,1777763330.0,True,450,566.8,69.8802153688725,18.67,67.34,-15.4960220357282,6a047e713f538410fa92ffa361747ba05af17859a428a7109ca91d2afd41db71,0.555079001749501,0.444920998250499,0.615204593479568,0.684274743681179,1.0,0.632817292053724,566.8,-6,0.014,0.315725256318821,0.820501624938333,306,1f03bd3d92af300dc4632059fc17278db0a8232c,2026-07-21 08:07:47,2026-06-06 14:01:41,phoenix,rush,17,24,Final,2026-05-02 19:00:00
2026-05-02-TOR-PHI,tnye,6.34,28.28,jkeller,3.12,20.32,0,0,0,"mcampanel,tnye,jkeller,eholmgren,crawlins,ndigiorgi,cwhite1",True,2026-05-02-TOR-PHI,13,20,4,5,561,1,1,True,True,451,home,361,1777768688.0,18,False,"amuraoka,rjamieson,lcomire,nhsieh,orobinson,ebembenis,lkeillor",362,726,e8e25d038a8fe0a704ace5c0a18c0ac33248b711757b700bc3de4435d362d616,1777768688.0,False,451,561.0,8.58661749468322,-3.22,-7.96,157.97555443624,f587259b700c3954ccaaeaa3ddecc30eba15fe5b5c151e9765c07913467e7ec8,0.992797267550717,0.00720273244928271,0.623323240207268,0.655827362111585,0.63515118499071,0.929925012528126,561.0,-7,0.016,-0.0206761771208752,-0.0548910347754195,726,8c3e6358f6453cec69caeefcfff63200f5fc785c,2026-07-21 08:07:47,2026-06-06 14:01:41,phoenix,rush,17,24,Final,2026-05-02 19:00:00
2026-05-02-TOR-PHI,jkeller,3.12,20.32,tnye,7.72,15.17,0,0,0,"mcampanel,tnye,jkeller,eholmgren,crawlins,ndigiorgi,cwhite1",True,2026-05-02-TOR-PHI,13,20,4,5,561,1,2,True,True,452,home,362,1777768694.0,18,False,"amuraoka,rjamieson,lcomire,nhsieh,orobinson,ebembenis,lkeillor",363,727,d131b14f8044a0b16a98c3101d6fa5c54678a58c5f148003dcd4829fdc6f74f4,1777768694.0,False,452,556.142857142857,6.90525162466944,4.6,-5.15,-138.228647869636,e3ae847280e5901e1bd8b51295f7441c38c0339091936d2f7d94d8ba112d8b40,0.993793258692032,0.00620674130796783,0.623323240207268,0.635977733544223,0.622496964338299,0.930852540475862,556.142857142857,-7,0.016,-0.013480769205924,-0.0357886937684763,727,f4060f86189e5c1cce590546e2df4d4e01516f39,2026-07-21 08:07:47,2026-06-06 14:01:41,phoenix,rush,17,24,Final,2026-05-02 19:00:00
2026-05-02-TOR-PHI,tnye,7.72,15.17,eholmgren,-10.88,17.36,0,0,0,"mcampanel,tnye,jkeller,eholmgren,crawlins,ndigiorgi,cwhite1",True,2026-05-02-TOR-PHI,13,20,4,5,561,1,3,True,True,453,home,363,1777768697.0,18,False,"amuraoka,rjamieson,lcomire,nhsieh,orobinson,ebembenis,lkeillor",364,728,2e5b3393310fd00e0ef1cf594e674a613cc4b276a19838cadb57a9681179157d,1777768697.0,False,453,551.285714285714,18.7284836545835,-18.6,2.19,83.2848014311214,67e4db548aca16d28bf4ee4392511a9243389c49aa53eb4af98f8eb94ada5094,0.979846296533659,0.0201537034663415,0.623323240207268,0.623323240207268,0.626556418920449,0.930390531703524,551.285714285714,-7,0.016,0.00323317871318163,0.00858343029965718,728,faa8e0acaf23262aeee7777366d04480b3a8c543,2026-07-21 08:07:47,2026-06-06 14:01:41,phoenix,rush,17,24,Final,2026-05-02 19:00:00
2026-05-02-TOR-PHI,eholmgren,-10.88,17.36,mcampanel,2.77,19.08,0,0,0,"mcampanel,tnye,jkeller,eholmgren,crawlins,ndigiorgi,cwhite1",True,2026-05-02-TOR-PHI,13,20,4,5,561,1,4,True,True,454,home,364,1777768705.0,18,False,"amuraoka,rjamieson,lcomire,nhsieh,orobinson,ebembenis,lkeillor",365,729,79a7d7aadce16dc9b43d535cd4258c9dd83c33b48d50173af3ca3e4743ca4541,1777768705.0,False,454,546.428571428571,13.757939525961,13.65,1.72,-82.8181631166563,36d1a459121f58bffa7410ec4300eaa9550875f99fa07b4daeb07d78470372fb,0.986039763108507,0.0139602368914934,0.623323240207268,0.627351932191124,0.634557441442837,0.931580429614036,546.428571428571,-7,0.016,0.00720550925171382,0.0191291579965769,729,dfc80a84bde1441eb8713d1a5eab309df6d59f32,2026-07-21 08:07:47,2026-06-06 14:01:41,phoenix,rush,17,24,Final,2026-05-02 19:00:00
2026-05-02-TOR-PHI,mcampanel,2.77,19.08,crawlins,15.82,33.02,0,0,0,"mcampanel,tnye,jkeller,eholmgren,crawlins,ndigiorgi,cwhite1",True,2026-05-02-TOR-PHI,13,20,4,5,561,1,5,True,True,455,home,365,1777768708.0,18,False,"amuraoka,rjamieson,lcomire,nhsieh,orobinson,ebembenis,lkeillor",366,730,5823f616ec9a7cbd3e9b9c9cf37b111a40b00e33342629ab4e5aa25eb6abee35,1777768708.0,False,455,541.571428571429,19.0951852570223,13.05,13.94,-43.1113459389918,396a8b7ed531ca30598662f73cd5e56a96baf879cc6caea8da8acfa4f5294dfc,0.972918728399528,0.0270812716004719,0.623323240207268,0.635303706582182,0.660866277636479,0.881866596451363,541.571428571429,-7,0.016,0.0255625710542967,0.0678634144255744,730,ccc3bbb39d583e9342b1abb195cf9361b9ff892b,2026-07-21 08:07:47,2026-06-06 14:01:41,phoenix,rush,17,24,Final,2026-05-02 19:00:00
2026-05-02-TOR-PHI,crawlins,15.82,33.02,mcampanel,2.77,33.22,0,0,0,"mcampanel,tnye,jkeller,eholmgren,crawlins,ndigiorgi,cwhite1",True,2026-05-02-TOR-PHI,13,20,4,5,561,1,6,True,True,456,home,366,1777768712.0,18,False,"amuraoka,rjamieson,lcomire,nhsieh,orobinson,ebembenis,lkeillor",367,731,75f43f9815ce7307346a36141c93676138b3b7a7773c3a46de65e058f69945ae,1777768712.0,False,456,536.714285714286,13.0515324770695,-13.05,0.199999999999996,89.1219725005271,9c55e6b3eec2b740078af2bb0540e7d262336842f4e6846f8fa82aa60db5a01a,0.983225785373449,0.0167742146265515,0.623323240207268,0.661533690722999,0.674845968304286,0.886363390471853,536.714285714286,-7,0.017,0.0133122775812869,0.0353413828573127,731,a9e48b983f5c87b470e6ce0de8b9697961161b19,2026-07-21 08:07:47,2026-06-06 14:01:41,phoenix,rush,17,24,Final,2026-05-02 19:00:00
2026-05-02-TOR-PHI,mcampanel,2.77,33.22,jkeller,-2.72,27.25,0,0,0,"mcampanel,tnye,jkeller,eholmgren,crawlins,ndigiorgi,cwhite1",True,2026-05-02-TOR-PHI,13,20,4,5,561,1,7,True,True,457,home,367,1777768714.0,18,False,"amuraoka,rjamieson,lcomire,nhsieh,orobinson,ebembenis,lkeillor",368,732,aae1f3de3a996ecee6a0530759444b73881813557c0304f3de1846fa719ad1fb,1777768714.0,False,457,531.857142857143,8.11054868674124,-5.49,-5.97,137.398421334093,3537ab018e7484402b0be950e0126d01c7ccdf410c986d8b9de72a791f16c88f,0.992290787902094,0.0077092120979062,0.623323240207268,0.675444355331261,0.657908891392632,0.908645795860235,531.857142857143,-7,0.016,-0.0175354639386288,-0.0465530816084267,732,22b68db89da9834bde78cd40ff275740a236d6e1,2026-07-21 08:07:47,2026-06-06 14:01:41,phoenix,rush,17,24,Final,2026-05-02 19:00:00
2026-05-02-TOR-PHI,jkeller,-2.72,27.25,mcampanel,-3.54,35.28,1,1,0,"mcampanel,tnye,jkeller,eholmgren,crawlins,ndigiorgi,cwhite1",True,2026-05-02-TOR-PHI,13,20,4,5,561,1,8,True,True,458,home,368,1777768717.0,20,False,"amuraoka,rjamieson,lcomire,nhsieh,orobinson,ebembenis,lkeillor",369,733,1ae2b16bf1487519860b4d9ecdf251203ada3de2995505e176dd2b981bf37298,1777768717.0,False,458,527.0,8.07175941167723,-0.82,8.03,5.83066547796015,00767950d30d02683d44eb0d64f2a254117f844cf29a493861caf3e317c19670,0.988563155410556,1.0,0.623323240207268,0.658468192283095,0.682290743606379,0.878832634181884,527.0,-7,0.009,-0.878832634181884,-0.878832634181884,733,c4d9ad9bca81fc7d327cd946519c145c8bcc81bf,2026-07-21 08:07:47,2026-06-06 14:01:41,phoenix,rush,17,24,Final,2026-05-02 19:00:00
2026-05-02-TOR-PHI,lcomire,2.43,69.19,lkeillor,12.25,75.1,0,0,0,"amuraoka,rjamieson,lcomire,nhsieh,orobinson,ebembenis,lkeillor",False,2026-05-02-TOR-PHI,13,20,4,5,561,2,1,False,False,459,away,295,,18,False,"mcampanel,tnye,jkeller,eholmgren,crawlins,ndigiorgi,cwhite1",296,310,697109af2a565e755280eece3cb62801d23edbd6bc53516fd4eb1546be0cf698,1777763334.0,True,459,522.142857142857,11.4612608381452,9.82,5.91,-58.9590832548661,a21e6bd7b6e35d0ae7f4258c9beb99f10227fa94c28f83b4c37593410fe46d44,0.97690833868179,0.0230916613182101,0.797074611449417,0.814187917483326,0.836348403871805,0.711603819178849,522.142857142857,-7,0.009,0.0221604863884787,0.109205095265617,310,ade11ae440da0cbe8b4c65460c3a0cb9bd937200,2026-07-21 08:07:47,2026-06-06 14:01:41,phoenix,rush,17,24,Final,2026-05-02 19:00:00
2026-05-02-TOR-PHI,lkeillor,12.25,75.1,ebembenis,11.15,65.69,0,0,0,"amuraoka,rjamieson,lcomire,nhsieh,orobinson,ebembenis,lkeillor",False,2026-05-02-TOR-PHI,13,20,4,5,561,2,2,False,False,460,away,296,,18,False,"mcampanel,tnye,jkeller,eholmgren,crawlins,ndigiorgi,cwhite1",297,311,50e4623dd27f693a91036736850e21937e1f93a3129dc376d0928cb08e8f1f07,1777763335.0,True,460,517.285714285714,9.47407515275238,-1.1,-9.41,173.332560012165,304da2f7d383d7210ed2773da7ee0de98d804419e316dc3f92178af1c341d38c,0.983670134495793,0.0163298655042071,0.797074611449417,0.836625765137912,0.796781380808683,0.749378651764796,517.285714285714,-7,0.01,-0.0398443843292293,-0.196349922569188,311,c01a710ab5a10a5d79d6ca40edd8d76179b03aea,2026-07-21 08:07:47,2026-06-06 14:01:41,phoenix,rush,17,24,Final,2026-05-02 19:00:00
2026-05-02-TOR-PHI,ebembenis,11.15,65.69,orobinson,2.84,65.08,0,0,0,"amuraoka,rjamieson,lcomire,nhsieh,orobinson,ebembenis,lkeillor",False,2026-05-02-TOR-PHI,13,20,4,5,561,2,3,False,False,461,away,297,,18,False,"mcampanel,tnye,jkeller,eholmgren,crawlins,ndigiorgi,cwhite1",298,312,381822680e0085c2874f1c62eb34053be3dfc6b20e2053457a2a25bd1776f4a4,1777763336.0,True,461,512.428571428571,8.33235860966149,-8.31,-0.609999999999999,94.1982975178834,e66618910950782026a97af60d7fec414191ebd444d14f136a7fe64f0761ba1c,0.984641311350798,0.0153586886492023,0.797074611449417,0.797074611449417,0.797144862453894,0.754794679217771,512.428571428571,-7,0.01,7.02510044772175e-05,0.000346191302029742,312,00fd7613bb5935332b48ffd1574300b81eb9d497,2026-07-21 08:07:47,2026-06-06 14:01:41,phoenix,rush,17,24,Final,2026-05-02 19:00:00
2026-05-02-TOR-PHI,orobinson,2.84,65.08,ebembenis,12.38,69.33,0,0,0,"amuraoka,rjamieson,lcomire,nhsieh,orobinson,ebembenis,lkeillor",False,2026-05-02-TOR-PHI,13,20,4,5,561,2,4,False,False,462,away,298,,18,False,"mcampanel,tnye,jkeller,eholmgren,crawlins,ndigiorgi,cwhite1",299,313,eb57d9ada1427987e91f640915a1fd2a555f8e0afd744a0441e2645f0f4fa329,1777763337.0,True,462,507.571428571429,10.4438546523781,9.54,4.25,-65.9873786237084,56c543b8f8c5210e3f19554110aee8896ba9352657255c8d730cb4993f5c5fef,0.980649437550118,0.019350562449882,0.797074611449417,0.797404241672789,0.811954576195794,0.734387087185719,507.571428571429,-7,0.01,0.0145503345230054,0.0717028787128744,313,339a210632924b98bf53ebd3cd3a9c2e5924b4ab,2026-07-21 08:07:47,2026-06-06 14:01:41,phoenix,rush,17,24,Final,2026-05-02 19:00:00
2026-05-02-TOR-PHI,ebembenis,12.38,69.33,nhsieh,-0.45,72.49,0,0,0,"amuraoka,rjamieson,lcomire,nhsieh,orobinson,ebembenis,lkeillor",False,2026-05-02-TOR-PHI,13,20,4,5,561,2,5,False,False,463,away,299,,18,False,"mcampanel,tnye,jkeller,eholmgren,crawlins,ndigiorgi,cwhite1",300,314,2b73842d70f99ad07cf5190b4fe42d0ae7d80e8ec1bbfb4b23ddc3048c419c7a,1777763338.0,True,463,502.714285714286,13.2134212072423,-12.83,3.16,76.1635758046931,a51750d789c6e1fe4b6a4b765c7011fba5ac7561b7bfdca63fbf7e5424d9ca2b,0.973117347655335,0.026882652344665,0.797074611449417,0.812169224563062,0.829387510109715,0.726725061538264,502.714285714286,-7,0.009,0.0172182855466534,0.0848503268597237,314,c20c7333358dc7239a9a011648d2242b0fb4c638,2026-07-21 08:07:47,2026-06-06 14:01:41,phoenix,rush,17,24,Final,2026-05-02 19:00:00
2026-05-02-TOR-PHI,nhsieh,-0.45,72.49,rjamieson,-6.77,107.71,0,0,0,"amuraoka,rjamieson,lcomire,nhsieh,orobinson,ebembenis,lkeillor",False,2026-05-02-TOR-PHI,13,21,4,5,561,2,6,False,False,464,away,300,,19,False,"mcampanel,tnye,jkeller,eholmgren,crawlins,ndigiorgi,cwhite1",301,315,c7c8064c05711416400cf0d20ad53f1b8bc30e490d7fc8ff41f4845c81125913,1777763339.0,True,464,497.857142857143,35.7825488192219,-6.32,35.22,10.1730861722326,50f670e6dbdb3077f646785586cc5bf0d50a106ef7608161fd0901130a9387ac,0.810341456962734,0.189658543037266,0.797074611449417,0.829559635692695,1.0,0.641036975465251,497.857142857143,-7,0.008,0.170440364307305,0.839916412257203,315,ca62972dd66592ce7f57f35b4b5bf695fe1364f3,2026-07-21 08:07:47,2026-06-06 14:01:41,phoenix,rush,17,24,Final,2026-05-02 19:00:00
2026-05-02-TOR-PHI,jthornton,-12.6,6.04,messer,8.27,17.64,0,0,0,"jbray,swhitcomb,jthornton,messer,czaleski,mhanna,bpastor",True,2026-05-02-TOR-PHI,13,21,4,6,493,1,1,True,True,465,home,371,1777768816.0,18,False,"nnishizak,ezhuang,lkeillor,dpetsinis,hnorris,nho,mayad",372,736,5cbf8ba1c497c402f6d4a5d7613e79af6bd39993661bb1154105ab51500ca2de,1777768816.0,False,465,493.0,23.8771208482095,20.87,11.6,-60.9337423641855,fc1b877073d5697001bd2acfb4d447141bf3b86af1e968a111ff67017aef567f,0.963408542471768,0.0365914575282318,0.606013854643261,0.606013854643261,0.634924475787114,0.932678480634231,493.0,-8,0.009,0.0289106211438533,0.0733797913570689,736,d934a35fea4765cf60f819af8ace836d5244a847,2026-07-21 08:07:47,2026-06-06 14:01:41,phoenix,rush,17,24,Final,2026-05-02 19:00:00
2026-05-02-TOR-PHI,messer,8.27,17.64,jthornton,-12.12,17.23,0,0,0,"jbray,swhitcomb,jthornton,messer,czaleski,mhanna,bpastor",True,2026-05-02-TOR-PHI,13,21,4,6,493,1,2,True,True,466,home,372,1777768819.0,18,False,"nnishizak,ezhuang,lkeillor,dpetsinis,hnorris,nho,mayad",373,737,c8adf9528cc970a301730ab1fef1cebfb3f69624695f59998cb186351435f754,1777768819.0,False,466,485.0,20.3941217020984,-20.39,-0.41,91.1519423400155,71bb19bbd8df066bd148904139baaa8f561a13de69365cd387a5f3e51ef9a0d7,0.978401560290759,0.0215984397092415,0.606013854643261,0.635234044151941,0.631303191623375,0.931709605885051,485.0,-8,0.009,-0.00393085252856551,-0.00997713390405207,737,e65909b8bafb5c5d166de9b908f5ab02945a523d,2026-07-21 08:07:47,2026-06-06 14:01:41,phoenix,rush,17,24,Final,2026-05-02 19:00:00
2026-05-02-TOR-PHI,jthornton,-12.12,17.23,mhanna,-15.14,32.4,0,0,0,"jbray,swhitcomb,jthornton,messer,czaleski,mhanna,bpastor",True,2026-05-02-TOR-PHI,13,21,4,6,493,1,3,True,True,467,home,373,1777768845.0,18,False,"nnishizak,ezhuang,lkeillor,dpetsinis,hnorris,nho,mayad",374,738,883c507c9e29879377e16061e7ab1fcd85d166ccd9c8e5ed7a323be3721d87ca,1777768845.0,False,467,477.0,15.467685670455,-3.02,15.17,11.2590803944867,50eaf54a5cdb8e291f1a97f929e6a3ac35da55921953a8d6ada0a7e902720fae,0.975763575858702,0.0242364241412981,0.606013854643261,0.631514620597956,0.66728309000821,0.886533170124572,477.0,-8,0.01,0.0357684694102547,0.0907861096939531,738,49f1807e6356b8320006bae7850d436dcef1e2c8,2026-07-21 08:07:47,2026-06-06 14:01:41,phoenix,rush,17,24,Final,2026-05-02 19:00:00
2026-05-02-TOR-PHI,mhanna,-15.14,32.4,jthornton,-3.81,40.98,0,0,0,"jbray,swhitcomb,jthornton,messer,czaleski,mhanna,bpastor",True,2026-05-02-TOR-PHI,13,21,4,6,493,1,4,True,True,468,home,374,1777768850.0,18,False,"nnishizak,ezhuang,lkeillor,dpetsinis,hnorris,nho,mayad",375,739,52ab579c469b6f44c46ed67db7ad69b5147e26403801b0982d5cf909c805893e,1777768850.0,False,468,469.0,14.2121532499477,11.33,8.58,-52.8640247954996,f6ef0d48a3e98358c7175dbca37457dfe758bc59164b8ca506ab955f339ac71a,0.975982922633525,0.0240170773664748,0.606013854643261,0.667398623770753,0.704079660973711,0.857371575153353,469.0,-8,0.01,0.0366810372029579,0.0931023530529091,739,ce513541ba858cf2a5c5c4d70eb1f44589393fc0,2026-07-21 08:07:47,2026-06-06 14:01:41,phoenix,rush,17,24,Final,2026-05-02 19:00:00
2026-05-02-TOR-PHI,jthornton,-3.81,50.98,jbray,-17.61,98.16,0,0,0,"jbray,swhitcomb,jthornton,messer,czaleski,mhanna,bpastor",True,2026-05-02-TOR-PHI,13,21,4,6,493,1,5,True,True,469,home,376,1777768853.0,18,False,"nnishizak,ezhuang,lkeillor,dpetsinis,hnorris,nho,mayad",377,741,bb473165b24fb09a01ee9ed48f6bb81411ae173de1ac8b6f606eab49e6ed1e62,1777768853.0,False,469,461.0,49.156814380104,-13.8,47.18,16.3040301991809,2bb65fe54c3dd50d8923f116e079b77600f1a90328a10f563ed70f8877a648da,0.745391159688663,0.254608840311337,0.606013854643261,0.740675278676231,0.922715877242839,0.628010596445175,461.0,-8,0.012,0.182040598566608,0.462048223553084,741,7906a9fd81fe69a9677d8eaac744f0017ec15a29,2026-07-21 08:07:47,2026-06-16 08:07:02,phoenix,rush,17,24,Final,2026-05-02 19:00:00
2026-05-02-TOR-PHI,jbray,-17.61,98.16,bpastor,-18.37,109.42,0,0,0,"jbray,swhitcomb,jthornton,messer,czaleski,mhanna,bpastor",True,2026-05-02-TOR-PHI,14,21,4,6,493,1,6,True,True,470,home,377,1777768867.0,19,False,"nnishizak,ezhuang,lkeillor,dpetsinis,hnorris,nho,mayad",378,742,48b8978deda7f2ef24268e7508a860fbef425b69506bc1abf65814232a9beb49,1777768867.0,False,470,453.0,11.2856191677728,-0.760000000000002,11.26,3.86135414179468,9160aec40626df2b4bef75f103922d1cedcf2b95c23b9b81f266d417078b5efa,0.962137371814766,0.037862628185234,0.606013854643261,0.922706045583063,1.0,0.620138578932454,453.0,-8,0.013,0.0772939544169366,0.196184447925066,742,37e31255228a5c9717c1ae7a36de6904cb77a87f,2026-07-21 08:07:47,2026-06-06 14:01:41,phoenix,rush,17,24,Final,2026-05-02 19:00:00
2026-05-02-TOR-PHI,asehgal,0.17,12.97,rpoloz,2.57,20.45,0,0,0,"sdillon,gchatha,rpoloz,kmallany,mgallant,pturner,asehgal",False,2026-05-02-TOR-PHI,14,21,4,7,445,1,1,True,True,471,away,306,,18,False,"esarles,swhitcomb,czaleski,jwisner,mhanna,sdavies1,idietrich",307,321,42073808defeedc30daf1eb90df73ee25d4fc79a6db36bc2bfdf883f322a3219,1777763345.0,True,471,445.0,7.85559673099377,2.4,7.48,-17.7891300289475,f025dd3f835f6353d18b77b0da62992145e33acee3fcaaec5f903f47fd70d324,0.991148685778014,0.00885131422198637,0.626389240859172,0.626389240859172,0.64375231971911,0.931844525015004,445.0,-7,0.011,0.0173630788599376,0.046473712105793,321,d33c44de7bf19daa5b4733998f25808ef1224ff8,2026-07-21 08:07:47,2026-06-06 14:01:41,phoenix,rush,17,24,Final,2026-05-02 19:00:00
2026-05-02-TOR-PHI,rpoloz,2.57,20.45,mgallant,18.7,25.94,0,0,0,"sdillon,gchatha,rpoloz,kmallany,mgallant,pturner,asehgal",False,2026-05-02-TOR-PHI,14,21,4,7,445,1,2,True,True,472,away,307,,18,False,"esarles,swhitcomb,czaleski,jwisner,mhanna,sdavies1,idietrich",308,322,70ae66f8a1f9e78e66543a4f3235f7620c7c61d1d3f9bf140e126ecfb48d249c,1777763346.0,True,472,438.0,17.0386912642961,16.13,5.49,-71.2035013168746,fed5939d35fc80beb22145ce29e95c44a593258315ce73012eef69368dee6fe9,0.984788367349136,0.0152116326508641,0.626389240859172,0.643626650472561,0.634272307505457,0.907093136251373,438.0,-7,0.011,-0.00935434296710436,-0.0250376701908051,322,8a7bb287f158b49b68e4b7488238929063eb6d5a,2026-07-21 08:07:47,2026-06-06 14:01:41,phoenix,rush,17,24,Final,2026-05-02 19:00:00
2026-05-02-TOR-PHI,mgallant,18.7,25.94,sdillon,19.93,37.62,0,0,0,"sdillon,gchatha,rpoloz,kmallany,mgallant,pturner,asehgal",False,2026-05-02-TOR-PHI,14,21,4,7,445,1,3,True,True,473,away,308,,18,False,"esarles,swhitcomb,czaleski,jwisner,mhanna,sdavies1,idietrich",309,323,fc3909d5a7d06c558ed9ffa48ff898d77fd54d2eeebc657f8386afc2139801d4,1777763347.0,True,473,431.0,11.744585986743,1.23,11.68,-6.01155947293597,7890a8d570b9345a416a4963230af388cf4988474562ea7883671dc10f30db24,0.98404603398508,0.0159539660149201,0.626389240859172,0.63411026521933,0.664645875054435,0.857418016496506,431.0,-7,0.011,0.0305356098351051,0.081731077299075,323,7bb4e5e85344cf6d7dcd7d72859c1e665417553a,2026-07-21 08:07:47,2026-06-06 14:01:41,phoenix,rush,17,24,Final,2026-05-02 19:00:00
2026-05-02-TOR-PHI,sdillon,19.93,37.62,kmallany,23.78,47.02,0,0,0,"sdillon,gchatha,rpoloz,kmallany,mgallant,pturner,asehgal",False,2026-05-02-TOR-PHI,14,21,4,7,445,1,4,True,True,474,away,309,,18,False,"esarles,swhitcomb,czaleski,jwisner,mhanna,sdavies1,idietrich",310,324,08510b148649e3b24f07a3fa0b6eda521ec445dcee67035a02144eab0c7056de,1777763348.0,True,474,424.0,10.1578787155587,3.85,9.40000000000001,-22.2727535293337,304c61891ddc543a649dd4474f367d80951077c3fb0b739012b66793c26e2562,0.975334315844586,0.0246656841554139,0.626389240859172,0.664462470573568,0.677116389914191,0.795918173325091,424.0,-7,0.011,0.0126539193406225,0.0338692583953473,324,6388649fcd156df2f7fc4de145d485c9813124fb,2026-07-21 08:07:47,2026-06-06 14:01:41,phoenix,rush,17,24,Final,2026-05-02 19:00:00
2026-05-02-TOR-PHI,kmallany,23.78,47.02,sdillon,23.92,58.62,0,0,0,"sdillon,gchatha,rpoloz,kmallany,mgallant,pturner,asehgal",False,2026-05-02-TOR-PHI,14,21,4,7,445,1,5,True,True,475,away,310,,18,False,"esarles,swhitcomb,czaleski,jwisner,mhanna,sdavies1,idietrich",311,325,741c7b1f6d2e3d0469cf0160c3732145d690e97ebc82c62a200975b870790d2c,1777763349.0,True,475,417.0,11.6008447968241,0.140000000000001,11.6,-0.691467215509064,07f5cb183cb754172bd92b1b261de986ea22778afe2dbe93e8b9695a048b23a4,0.962222167074196,0.0377778329258042,0.626389240859172,0.676915069624491,0.726698863820344,0.73803518809537,417.0,-7,0.01,0.049783794195853,0.13325042969945,325,307a2726f0a8f53455d8575c714390a3a65f401d,2026-07-21 08:07:47,2026-06-06 14:01:41,phoenix,rush,17,24,Final,2026-05-02 19:00:00
2026-05-02-TOR-PHI,sdillon,23.92,58.62,,4.35,53.75,1,0,0,"sdillon,gchatha,rpoloz,kmallany,mgallant,pturner,asehgal",False,2026-05-02-TOR-PHI,14,21,4,7,445,1,6,True,True,476,away,311,,22,False,"esarles,swhitcomb,czaleski,jwisner,mhanna,sdavies1,idietrich",312,326,a4216aff266d2ef42c19e15b6e1b8e3480c518ee136b0b5df5638a9cf90e5f96,1777763350.0,True,476,410.0,20.1668490349881,-19.57,-4.87,103.974227615342,d44f7e84c28cc7d5d483007176c9dec59f661a5edbb011acff0ed6674884210e,0.959135400970867,-0.959135400970867,0.626389240859172,0.726501736595014,0.750655570966003,0.802551952328668,410.0,-7,0.018,-0.802551952328668,-0.802551952328668,326,ee1c802e9136456f268aa5d11b5804a3119eda80,2026-07-21 08:07:47,2026-06-06 14:01:41,phoenix,rush,17,24,Final,2026-05-02 19:00:00
2026-05-02-TOR-PHI,idietrich,-1.14,64.39,,-6.08,107.29,1,0,0,"esarles,swhitcomb,czaleski,jwisner,mhanna,sdavies1,idietrich",True,2026-05-02-TOR-PHI,14,21,4,7,445,2,1,False,False,477,home,381,1777768955.0,22,False,"sdillon,gchatha,rpoloz,kmallany,mgallant,pturner,asehgal",382,746,f1e44058a04a24f81b6747110dea89244ad6232c7ada8abe9300b9bd44e70157,1777768955.0,False,477,403.0,43.1834875849554,-4.94,42.9,6.56876412182113,f9d524fa96606571653fdb0515bfe3c7efe014c0e656988fc5b770235186009c,0.746124618187002,-0.746124618187002,0.794705599958888,0.794705599958888,0.951292583443394,0.640874789658545,403.0,-7,0.011,-0.640874789658545,-0.640874789658545,746,25c32349c5e2f9d0854f27c61a6a6390fc63e477,2026-07-21 08:07:47,2026-06-06 14:01:41,phoenix,rush,17,24,Final,2026-05-02 19:00:00
2026-05-02-TOR-PHI,sdillon,7.99,21.69,pturner,12.87,31.3,0,0,0,"sdillon,gchatha,rpoloz,kmallany,mgallant,pturner,asehgal",False,2026-05-02-TOR-PHI,14,21,4,7,445,3,1,True,True,478,away,313,,18,False,"esarles,swhitcomb,czaleski,jwisner,mhanna,sdavies1,idietrich",314,328,85d9be73c14aa50d7a09e2676a342389fda6911c586618e5095c4976ffbf77e8,1777763352.0,True,478,396.0,10.7780564110604,4.88,9.61,-26.9216593078031,7f716201e0e129a072657489c82b044197e3aa17251efb28a02f0a223d90539a,0.985211681649496,0.0147883183505035,0.644167055127253,0.644167055127253,0.665783156514935,0.89269413831917,396.0,-7,0.011,0.0216161013876821,0.0607478922318799,328,a306d9d59b2d48bd8602bb622a5c000dd0a83131,2026-07-21 08:07:47,2026-06-06 14:01:41,phoenix,rush,17,24,Final,2026-05-02 19:00:00
2026-05-02-TOR-PHI,pturner,12.87,31.3,sdillon,13.69,36.24,0,0,0,"sdillon,gchatha,rpoloz,kmallany,mgallant,pturner,asehgal",False,2026-05-02-TOR-PHI,14,21,4,7,445,3,2,True,True,479,away,314,,18,False,"esarles,swhitcomb,czaleski,jwisner,mhanna,sdavies1,idietrich",315,330,44e4859bc6c0322f9ee343ce7e2fe6bb4d337c80ac4a6fdb5f8895652498b5e0,1777763353.0,True,479,389.0,5.00759423276288,0.82,4.94,-9.42470187232026,5d9f2475e960b95d29d327b37563dcf722d54512c3b0d1e493da649de0f1978a,0.990599700238217,0.00940029976178258,0.644167055127253,0.665549596991646,0.679505460527779,0.87258575552935,389.0,-7,0.011,0.0139558635361332,0.0392202682107586,330,277c68b765459013b10fafbf6f6683f7e6fc1005,2026-07-21 08:07:47,2026-06-06 14:01:41,phoenix,rush,17,24,Final,2026-05-02 19:00:00
2026-05-02-TOR-PHI,sdillon,13.69,36.24,mgallant,8.88,94.59,0,0,0,"sdillon,gchatha,rpoloz,kmallany,mgallant,pturner,asehgal",False,2026-05-02-TOR-PHI,14,21,4,7,445,3,3,True,True,480,away,315,,18,False,"esarles,swhitcomb,czaleski,jwisner,mhanna,sdavies1,idietrich",316,331,7043cdbf7ead8b24bcea7d8fa609129f75df362d9d117ea188fce6ea6f80a33f,1777763354.0,True,480,382.0,58.5479171277681,-4.81,58.35,4.71244194677183,a144a9bc27e14494436954cbb8333c160abb0564c00e16df6305ea9f1b0d1997,0.590662707565763,0.409337292434237,0.644167055127253,0.679284182844279,0.914990640408798,0.653160913430595,382.0,-7,0.008,0.235706457564519,0.662407629649953,331,a0679c27e6ddc90e8fe0caabdf53e986285f7886,2026-07-21 08:07:47,2026-06-06 14:01:41,phoenix,rush,17,24,Final,2026-05-02 19:00:00
2026-05-02-TOR-PHI,mgallant,8.88,100.0,gchatha,3.74,102.08,0,0,0,"sdillon,gchatha,rpoloz,kmallany,mgallant,pturner,asehgal",False,2026-05-02-TOR-PHI,14,22,4,7,445,3,4,True,True,481,away,317,,19,False,"esarles,swhitcomb,czaleski,jwisner,mhanna,sdavies1,idietrich",318,334,29e135a39d24e33fda420638d8095acac60ac35a6b012ab579c6dac890a0ea75,1777763356.0,True,481,375.0,5.54490757362104,-5.14,2.08,67.9683340994495,418014cfc4be1decc0df91549e047ca8492aed057e8732cdc31866e188d32966,0.97678052389329,0.0232194761067102,0.644167055127253,0.932117325537613,1.0,0.64036328433676,375.0,-7,0.008,0.0678826744623873,0.190771190359182,334,2c3efdb85e878e6103e3c5cb2f0ee11db4153b2a,2026-07-21 08:07:47,2026-06-06 14:01:41,phoenix,rush,17,24,Final,2026-05-02 19:00:00
2026-05-02-TOR-PHI,crawlins,-16.03,6.86,eholmgren,-0.73,14.55,0,0,0,"mcampanel,ndigiorgi,dsuvorov,crawlins,eholmgren,tnye,cwhite1",True,2026-05-02-TOR-PHI,14,22,4,8,368,1,1,True,True,482,home,385,1777769062.0,18,False,"amuraoka,rjamieson,lcomire,nhsieh,orobinson,ebembenis,lkeillor",386,750,f500643a4d8f9b6537ff5a05fba08686e01f9c0cccad4dbb6f15daa56c8835b5,1777769062.0,False,482,368.0,17.1238459465156,15.3,7.69,-63.3152398730277,11575b4ad49148293c7df2f40d6d720b9808d684f0d82ec8bbfbc5c0e86adc56,0.979598776267597,0.0204012237324033,0.598812231455337,0.598812231455337,0.627563143788582,0.932587754317106,368.0,-8,0.009,0.0287509123332447,0.0716644787988942,750,627bfdc9db14125b4bf2e3f3d0caac14dfad6afc,2026-07-21 08:07:47,2026-06-16 08:07:02,phoenix,rush,17,24,Final,2026-05-02 19:00:00
2026-05-02-TOR-PHI,eholmgren,-0.73,14.55,mcampanel,16.37,20.45,0,0,0,"mcampanel,ndigiorgi,dsuvorov,crawlins,eholmgren,tnye,cwhite1",True,2026-05-02-TOR-PHI,14,22,4,8,368,1,2,True,True,483,home,386,1777769065.0,18,False,"amuraoka,rjamieson,lcomire,nhsieh,orobinson,ebembenis,lkeillor",387,751,e3463ef3e42120c774eaf95719228eae6905bed23e7ba63048fadc153e418f89,1777769065.0,False,483,367.75,18.089223311132,17.1,5.9,-70.9640685382301,6c61fc193b3b71020e914390cfd13e7f0af9112c25859fdcc22109324194504c,0.982571701461298,0.0174282985387019,0.598812231455337,0.627556332347161,0.626435326721981,0.927595512864119,367.75,-8,0.009,-0.00112100562517981,-0.00279421685572901,751,aa0637e7a9f0df89fe11d4461ad1b45cec1433b1,2026-07-21 08:07:47,2026-06-06 14:01:41,phoenix,rush,17,24,Final,2026-05-02 19:00:00
2026-05-02-TOR-PHI,mcampanel,16.37,20.45,eholmgren,-2.17,18.67,0,0,0,"mcampanel,ndigiorgi,dsuvorov,crawlins,eholmgren,tnye,cwhite1",True,2026-05-02-TOR-PHI,14,22,4,8,368,1,3,True,True,484,home,387,1777769067.0,18,False,"amuraoka,rjamieson,lcomire,nhsieh,orobinson,ebembenis,lkeillor",388,752,e4498086144523e9f3aa708c9b7c4df2726bdca745e736dd12897c0497ae0ef7,1777769067.0,False,484,367.5,18.6252516761519,-18.54,-1.78,95.4840803906733,eb221aec053248af3afc9fdceec67653a175e5332a150f2c507795e9592ba9cb,0.979393693143993,0.0206063068560074,0.598812231455337,0.626428540783429,0.637084611615595,0.932565056078135,367.5,-8,0.009,0.0106560708321659,0.0265613053728471,752,66844c68f03d8b832affb1e2e1fe764951f0467b,2026-07-21 08:07:47,2026-06-06 14:01:41,phoenix,rush,17,24,Final,2026-05-02 19:00:00
2026-05-02-TOR-PHI,eholmgren,-2.17,18.67,dsuvorov,-13.97,24.64,0,0,0,"mcampanel,ndigiorgi,dsuvorov,crawlins,eholmgren,tnye,cwhite1",True,2026-05-02-TOR-PHI,14,22,4,8,368,1,4,True,True,485,home,388,1777769071.0,18,False,"amuraoka,rjamieson,lcomire,nhsieh,orobinson,ebembenis,lkeillor",389,753,f769fa1260e7ecfb755ffc024a196d6da5a9d5d3c7d9546be90ca36b13706fd9,1777769071.0,False,485,367.25,13.2242542322809,-11.8,5.97,63.1636823637635,88e27d7f18c781df66cc4eb0b834cc87bd69028241c8d3a665dc398b449ae8dd,0.985654655535575,0.0143453444644255,0.598812231455337,0.63707794077406,0.645091153802431,0.915199181026773,367.25,-8,0.009,0.00801321302837155,0.0199737221736347,753,10a041b9cd68b7a2b75387b4ecca17074b2e34fd,2026-07-21 08:07:47,2026-06-06 14:01:41,phoenix,rush,17,24,Final,2026-05-02 19:00:00
2026-05-02-TOR-PHI,dsuvorov,-13.97,24.64,crawlins,-23.1,39.33,0,0,0,"mcampanel,ndigiorgi,dsuvorov,crawlins,eholmgren,tnye,cwhite1",True,2026-05-02-TOR-PHI,14,22,4,8,368,1,5,True,True,486,home,389,1777769074.0,18,False,"amuraoka,rjamieson,lcomire,nhsieh,orobinson,ebembenis,lkeillor",390,754,2cbdb651155f012fbd10b123aba3056543f45293615ebd8aa0cbe0d4e6cadf33,1777769074.0,False,486,367.0,17.2960400092044,-9.13,14.69,31.8614154434132,026bc2a73ec8804e556609faf98cdc0a5a28a85398ce0ec4589c40f7f6caad33,0.965811855887993,0.0341881441120074,0.598812231455337,0.645084581810523,0.650299771656918,0.836229362446275,367.0,-8,0.009,0.00521518984639546,0.0129993739971533,754,d7b42695a2e626d17aef09898fd17e54ba2b55d7,2026-07-21 08:07:47,2026-06-06 14:01:41,phoenix,rush,17,24,Final,2026-05-02 19:00:00
2026-05-02-TOR-PHI,crawlins,-23.1,39.33,cwhite1,-6.42,93.36,0,0,0,"mcampanel,ndigiorgi,dsuvorov,crawlins,eholmgren,tnye,cwhite1",True,2026-05-02-TOR-PHI,14,22,4,8,368,1,6,True,True,487,home,390,1777769079.0,18,False,"amuraoka,rjamieson,lcomire,nhsieh,orobinson,ebembenis,lkeillor",391,755,e6f7c9aed3ebfdd2e0b0de8c259f632e76827611fb1cf2d78e89d8fba2bbb32d,1777769079.0,False,487,366.75,56.5461165775334,16.68,54.03,-17.1563662240594,3f667a3199dfa2d11470021eda8c664668d6ced337c0a648154fbe3998d29497,0.563782777713947,0.436217222286053,0.598812231455337,0.650293277542202,0.911026371624744,0.656957125660041,366.75,-8,0.012,0.260733094082542,0.649902899653122,755,5103cfefaaadacf3f73c6388acc2b61d294400f2,2026-07-21 08:07:47,2026-06-06 14:01:41,phoenix,rush,17,24,Final,2026-05-02 19:00:00
2026-05-02-TOR-PHI,cwhite1,-6.42,93.36,ndigiorgi,-15.14,88.07,0,0,0,"mcampanel,ndigiorgi,dsuvorov,crawlins,eholmgren,tnye,cwhite1",True,2026-05-02-TOR-PHI,14,22,4,8,368,1,7,True,True,488,home,391,1777769082.0,18,False,"amuraoka,rjamieson,lcomire,nhsieh,orobinson,ebembenis,lkeillor",392,756,9bc67494cb239d289eaa0d1c4af124ce6e1da9e0b7e9c69b068a16e3a6467292,1777769082.0,False,488,366.5,10.1991421207864,-8.72,-5.29000000000001,121.243151930703,ce4e766cce1ad791fb1294ebde28ea884aad5eea1386e26e2601e4c132ef4614,0.976529605084919,0.0234703949150807,0.598812231455337,0.911024068978891,0.88809519565596,0.66199411656662,366.5,-8,0.012,-0.0229288733229309,-0.0571524735315512,756,808941df9ecb36e8d59d29b7cbeac868e221455c,2026-07-21 08:07:47,2026-06-06 14:01:41,phoenix,rush,17,24,Final,2026-05-02 19:00:00
2026-05-02-TOR-PHI,ndigiorgi,-15.14,88.07,dsuvorov,-8.0,94.8,1,1,0,"mcampanel,ndigiorgi,dsuvorov,crawlins,eholmgren,tnye,cwhite1",True,2026-05-02-TOR-PHI,14,22,4,8,368,1,8,True,True,489,home,392,1777769091.0,20,False,"amuraoka,rjamieson,lcomire,nhsieh,orobinson,ebembenis,lkeillor",393,757,12b54aa00f28ab4550b72085942c6d80f26c6a93200aace7efcb16971c66507c,1777769091.0,False,489,366.25,9.81185507434757,7.14,6.73,-46.6931817533006,a078bc945be22d7c6811c0043075d387173d88a26cac7873f4a842691998217f,0.967480451945124,1.0,0.598812231455337,0.888092387419583,0.91574864994017,0.652418445725272,366.25,-8,0.006,-0.652418445725272,-0.652418445725272,757,0fe3614885e6ea61e15642e090c24f1648884681,2026-07-21 08:07:47,2026-06-06 14:01:41,phoenix,rush,17,24,Final,2026-05-02 19:00:00
2026-05-02-TOR-PHI,orobinson,6.48,28.97,lkeillor,14.44,40.98,0,0,0,"amuraoka,rjamieson,lcomire,nhsieh,orobinson,ebembenis,lkeillor",False,2026-05-02-TOR-PHI,14,22,4,8,366,2,1,False,False,490,away,321,,18,False,"mcampanel,ndigiorgi,dsuvorov,crawlins,eholmgren,tnye,cwhite1",322,338,a0ba60d183b312cea979d724f08910ef8803c7e8e47e07cbf86e7f34bcd50227,1777763360.0,True,490,366.0,14.4083899169893,7.96,12.01,-33.535661564219,869de24216f4e876007859eb8f93b71188179844b4d6377b411bb84ebd3313c2,0.978003800650229,0.0219961993497715,0.663476867001711,0.663476867001711,0.693306005742768,0.851755994432014,366.0,-8,0.006,0.0298291387410573,0.0886391924242812,338,b0f99c8b82085ef98136cfa4d80ddb6170605865,2026-07-21 08:07:47,2026-06-06 14:01:41,phoenix,rush,17,24,Final,2026-05-02 19:00:00
2026-05-02-TOR-PHI,lkeillor,14.44,40.98,orobinson,17.67,46.95,0,0,0,"amuraoka,rjamieson,lcomire,nhsieh,orobinson,ebembenis,lkeillor",False,2026-05-02-TOR-PHI,14,22,4,8,366,2,2,False,False,491,away,322,,18,False,"mcampanel,ndigiorgi,dsuvorov,crawlins,eholmgren,tnye,cwhite1",323,339,1123cbbac65b430d03e8c10bf36dc81d4775a904310d695c2e969037daeda5e0,1777763361.0,True,491,355.636363636364,6.78776841089913,3.23,5.97000000000001,-28.4150956252239,4859a87673f0121a04f7497306bac7fac6801ae0a7de13fd410b575c6ca0d34a,0.989391729853033,0.010608270146967,0.663476867001711,0.693089284372702,0.705944799491796,0.820299112572962,355.636363636364,-8,0.006,0.0128555151190939,0.0382009848908641,339,2f29da2dd25aa025041bed14241a20cca655b4f1,2026-07-21 08:07:47,2026-06-06 14:01:41,phoenix,rush,17,24,Final,2026-05-02 19:00:00
2026-05-02-TOR-PHI,orobinson,17.67,46.95,lkeillor,7.31,52.37,0,0,0,"amuraoka,rjamieson,lcomire,nhsieh,orobinson,ebembenis,lkeillor",False,2026-05-02-TOR-PHI,14,22,4,8,366,2,3,False,False,492,away,323,,18,False,"mcampanel,ndigiorgi,dsuvorov,crawlins,eholmgren,tnye,cwhite1",324,340,41b5183680becde9267981c7e0f420c81779d21039e3fa9f667b74ec5bc3eeb5,1777763362.0,True,492,345.272727272727,11.6921341080232,-10.36,5.41999999999999,62.382963984157,eacf91c38cafa73cd5681f7be60b12694cd8e5a4f6d6fe7fb7368688c8e6917e,0.977937259708683,0.0220627402913175,0.663476867001711,0.705788620060628,0.743035933960298,0.806762674946412,345.272727272727,-8,0.006,0.0372473138996708,0.110682774072058,340,c94eb71027cc0f66843b1bd290f35aeee6c9f092,2026-07-21 08:07:47,2026-06-06 14:01:41,phoenix,rush,17,24,Final,2026-05-02 19:00:00
2026-05-02-TOR-PHI,lkeillor,7.31,52.37,nhsieh,9.71,60.34,0,0,0,"amuraoka,rjamieson,lcomire,nhsieh,orobinson,ebembenis,lkeillor",False,2026-05-02-TOR-PHI,14,22,4,8,366,2,4,False,False,493,away,324,,18,False,"mcampanel,ndigiorgi,dsuvorov,crawlins,eholmgren,tnye,cwhite1",325,342,e86d96733fa650b2cf3ab571d4ada87baf979e4f2ecc51a76b29e8991e6c59ef,1777763363.0,True,493,334.909090909091,8.32351488254812,2.4,7.97000000000001,-16.7585839153801,88f9594b99ea20eb833a3c2b6242200fb2f45fdedf2100ad899330134ae5aa02,0.983514537458544,0.0164854625414557,0.663476867001711,0.742928800597755,0.774448246225865,0.771825302976187,334.909090909091,-8,0.006,0.0315194456281102,0.0936620473822536,342,3f4286c032dc68eca44fd183a392241e68771dc7,2026-07-21 08:07:47,2026-06-06 14:01:41,phoenix,rush,17,24,Final,2026-05-02 19:00:00
2026-05-02-TOR-PHI,nhsieh,9.71,50.34,amuraoka,13.41,33.29,0,0,0,"amuraoka,rjamieson,lcomire,nhsieh,orobinson,ebembenis,lkeillor",False,2026-05-02-TOR-PHI,14,22,4,8,366,2,5,False,False,494,away,326,,18,False,"mcampanel,ndigiorgi,dsuvorov,crawlins,eholmgren,tnye,cwhite1",327,344,746ee01814f465c81be78461000730cb781bf40d5315caa2cb55b7852b15b53b,1777763365.0,True,494,324.545454545455,17.4468478528358,3.7,-17.05,-167.756154962098,13e29d540c41d3ff903ddee05290faff5a84062d7ab60d7dc73f866fcfdab9d0,0.984591827848427,0.0154081721515728,0.663476867001711,0.733702233176009,0.669371939513097,0.883967874910982,324.545454545455,-8,0.006,-0.0643302936629123,-0.191161579561425,344,806be16cf93114288c8f61fd22a8d3050891b0e0,2026-07-21 08:07:47,2026-06-06 14:01:41,phoenix,rush,17,24,Final,2026-05-02 19:00:00
2026-05-02-TOR-PHI,amuraoka,13.41,33.29,ebembenis,22.82,47.64,0,0,0,"amuraoka,rjamieson,lcomire,nhsieh,orobinson,ebembenis,lkeillor",False,2026-05-02-TOR-PHI,14,22,4,8,366,2,6,False,False,495,away,327,,18,False,"mcampanel,ndigiorgi,dsuvorov,crawlins,eholmgren,tnye,cwhite1",328,345,88991682d004e01483d7c3782068b809bdb4b290909f67c8337dff7cebeb7f84,1777763366.0,True,495,314.181818181818,17.1601456870273,9.41,14.35,-33.2548243001326,0bb12c6f6defae7eaff4a04cddc3cfd90d406a9fd221c33be91a370e5f732f3f,0.965778366054269,0.0342216339457312,0.663476867001711,0.66927950193471,0.68343761271654,0.797134501021903,314.181818181818,-8,0.006,0.0141581107818308,0.0420717311635834,345,64949aa75ad55a3d720d019853f3461affc06a99,2026-07-21 08:07:47,2026-06-06 14:01:41,phoenix,rush,17,24,Final,2026-05-02 19:00:00
2026-05-02-TOR-PHI,ebembenis,22.82,47.64,nhsieh,18.91,58.42,0,0,0,"amuraoka,rjamieson,lcomire,nhsieh,orobinson,ebembenis,lkeillor",False,2026-05-02-TOR-PHI,14,22,4,8,366,2,7,False,False,496,away,328,,18,False,"mcampanel,ndigiorgi,dsuvorov,crawlins,eholmgren,tnye,cwhite1",329,346,4d6d44d87ac9f8daa50f82d099deb89e57d7053f27940d0df47d6be26a3448f0,1777763367.0,True,496,303.818181818182,11.4671923329122,-3.91,10.78,19.9361497767399,bb38682e2a55603282750a35115b062e4ad8231fd9dc1e0d2fbc1bcaffd5b273,0.978550531113472,0.0214494688865283,0.663476867001711,0.683336896242081,0.748360111548391,0.764778886491337,303.818181818182,-8,0.006,0.0650232153063097,0.19322064051579,346,6e0acb1ae77dc252b7eeb260124db294bb170f94,2026-07-21 08:07:47,2026-06-06 14:01:41,phoenix,rush,17,24,Final,2026-05-02 19:00:00
2026-05-02-TOR-PHI,nhsieh,18.91,58.42,rjamieson,13.14,65.14,0,0,0,"amuraoka,rjamieson,lcomire,nhsieh,orobinson,ebembenis,lkeillor",False,2026-05-02-TOR-PHI,14,22,4,8,366,2,8,False,False,497,away,329,,18,False,"mcampanel,ndigiorgi,dsuvorov,crawlins,eholmgren,tnye,cwhite1",330,347,dda402ff3e01a7bb816c1d10054cc2ecbbdd118004c29a8b76c0e5bb24edd494,1777763368.0,True,497,293.454545454545,8.85727384695765,-5.77,6.72,40.6504093104899,b44de330857bea9336bdf238a69405bbfa9d7dc8cbb7337505e1552dbeea93cc,0.979430858204904,0.0205691417950958,0.663476867001711,0.748248422132942,0.791462947556691,0.748624007390519,293.454545454545,-8,0.005,0.0432145254237482,0.12841472453535,347,3d26481af8df87c693bf6dea38d39a804014b734,2026-07-21 08:07:47,2026-06-06 14:01:41,phoenix,rush,17,24,Final,2026-05-02 19:00:00
2026-05-02-TOR-PHI,rjamieson,13.14,65.14,amuraoka,0.85,56.56,0,0,0,"amuraoka,rjamieson,lcomire,nhsieh,orobinson,ebembenis,lkeillor",False,2026-05-02-TOR-PHI,14,22,4,8,366,2,9,False,False,498,away,330,,18,False,"mcampanel,ndigiorgi,dsuvorov,crawlins,eholmgren,tnye,cwhite1",331,348,e32814073d741347946ab4cf3cad9470a5c97a0cbde49a195b31d4bf0f31b401,1777763369.0,True,498,283.090909090909,14.9886790612115,-12.29,-8.58,124.919993403925,080353d4702155756b2f3551b419649393bc60a83f08fa7565c678d024641620,0.978562536955172,0.0214374630448281,0.663476867001711,0.791330842947248,0.760196480956381,0.788986373287977,283.090909090909,-8,0.006,-0.0311343619908676,-0.0925177467399423,348,07dede6a181e96bb7dadb0047fbaecc2792797d4,2026-07-21 08:07:47,2026-06-06 14:01:41,phoenix,rush,17,24,Final,2026-05-02 19:00:00
2026-05-02-TOR-PHI,amuraoka,0.85,56.56,orobinson,11.22,64.94,0,0,0,"amuraoka,rjamieson,lcomire,nhsieh,orobinson,ebembenis,lkeillor",False,2026-05-02-TOR-PHI,14,22,4,8,366,2,10,False,False,499,away,331,,18,False,"mcampanel,ndigiorgi,dsuvorov,crawlins,eholmgren,tnye,cwhite1",332,350,f4021f20759e2de3d6dd91b1b85511db63a883caf93ab3d0bb4229a1b58198ac,1777763370.0,True,499,272.727272727273,13.3327154023477,10.37,8.38,-51.0583124762867,df34e6354f98783d85e78903cb620146c9827d4ec553b3ed957e7c1cc6e154ff,0.974987738213082,0.0250122617869177,0.663476867001711,0.759998249868065,0.792356781314147,0.751077709243753,272.727272727273,-8,0.005,0.0323585314460821,0.0961554445240669,350,aa872bf7f31dab7e0ddcb3fc377776c937eda089,2026-07-21 08:07:47,2026-06-06 14:01:41,phoenix,rush,17,24,Final,2026-05-02 19:00:00
2026-05-02-TOR-PHI,orobinson,11.22,64.94,,15.06,78.05,1,0,0,"amuraoka,rjamieson,lcomire,nhsieh,orobinson,ebembenis,lkeillor",False,2026-05-02-TOR-PHI,14,22,4,8,366,2,11,False,False,500,away,332,,22,False,"mcampanel,ndigiorgi,dsuvorov,crawlins,eholmgren,tnye,cwhite1",333,351,4078b221154757cab3296401662e6969d29ce813c19237ff73339a770ff8e474,1777763371.0,True,500,262.363636363636,13.6608089072353,3.84,13.11,-16.3256338026458,c5339653d0e379d84b3596dadedf1e9f81f6fd18d2edce3848ccf772e659cfa6,0.96824601628644,-0.96824601628644,0.663476867001711,0.792117511643638,0.844949784019686,0.695217116643757,262.363636363636,-8,0.009,-0.695217116643757,-0.695217116643757,351,26cdb355d7cb86e34786f6fa78e6fcb74c5c0540,2026-07-21 08:07:47,2026-06-06 14:01:41,phoenix,rush,17,24,Final,2026-05-02 19:00:00
2026-05-02-TOR-PHI,esarles,-17.13,33.7,dsuvorov,-8.48,46.95,0,0,0,"ndigiorgi,dsuvorov,crawlins,eholmgren,tnye,cwhite1,esarles",True,2026-05-02-TOR-PHI,14,22,4,8,252,3,1,True,True,501,home,396,1777769211.0,18,False,"amuraoka,rjamieson,nhsieh,orobinson,ebembenis,lkeillor,ezhuang",397,761,ac29f9eb5ead45fad96cdb0a02812252dd4338351d01f069193123cb2b650e5e,1777769211.0,False,501,252.0,15.8235583861532,8.65,13.25,-33.1377151596662,66ae5b5ecd7d7c136b2b2669ecd4c169ea9d0aad2c43394fd8dd145c2f48a302,0.965451153885207,0.0345488461147928,0.661784112621172,0.661784112621172,0.720306981187715,0.828630107135779,252.0,-8,0.01,0.0585228685665431,0.173034061232591,761,6d44158ce6d621f49df9c2793b0493d0c754bc7b,2026-07-21 08:07:47,2026-06-06 14:01:41,phoenix,rush,17,24,Final,2026-05-02 19:00:00
2026-05-02-TOR-PHI,dsuvorov,-8.48,46.95,tnye,-7.59,40.22,0,0,0,"ndigiorgi,dsuvorov,crawlins,eholmgren,tnye,cwhite1,esarles",True,2026-05-02-TOR-PHI,14,22,4,8,252,3,2,True,True,502,home,397,1777769220.0,18,False,"amuraoka,rjamieson,nhsieh,orobinson,ebembenis,lkeillor,ezhuang",398,762,ffd7280ad211bb4e95e9bab2deafd6c6f3993fe98b99e5287337381f434cb2f1,1777769220.0,False,502,247.857142857143,6.78859337418291,0.890000000000001,-6.73,-172.466707097073,0df1970460284eac18c91b47ced13b868cb6bd2274de12ddc6b75517d468a3c5,0.991128719294894,0.00887128070510612,0.661784112621172,0.72012518845652,0.696303293291001,0.857444443854971,247.857142857143,-8,0.009,-0.0238218951655188,-0.0704339921762352,762,3711565c48b21ca7281e189b0cdd2ffce3d4ac77,2026-07-21 08:07:47,2026-06-16 08:07:02,phoenix,rush,17,24,Final,2026-05-02 19:00:00
2026-05-02-TOR-PHI,tnye,-7.59,40.22,crawlins,8.4,50.52,0,0,0,"ndigiorgi,dsuvorov,crawlins,eholmgren,tnye,cwhite1,esarles",True,2026-05-02-TOR-PHI,14,22,4,8,252,3,3,True,True,503,home,398,1777769223.0,18,False,"amuraoka,rjamieson,nhsieh,orobinson,ebembenis,lkeillor,ezhuang",399,763,ae0330dbf1508fb385523279decd42ee3ae8dfd871f707745cae346a03a2ea01,1777769223.0,False,503,243.714285714286,19.0202549930331,15.99,10.3,-57.2122851904568,f244984ebfed60376f055cf6d6ed3ffab0dd48302d7ac8c2986e2265ca4f969d,0.963519460599574,0.0364805394004261,0.661784112621172,0.69609362507975,0.733478867533766,0.813001793362854,243.714285714286,-8,0.01,0.0373852424540165,0.110536624236526,763,74b136873b69a69ad28b0c9c589c39241528b56d,2026-07-21 08:07:47,2026-06-16 08:07:02,phoenix,rush,17,24,Final,2026-05-02 19:00:00
2026-05-02-TOR-PHI,crawlins,8.4,50.52,ndigiorgi,2.91,72.35,0,0,0,"ndigiorgi,dsuvorov,crawlins,eholmgren,tnye,cwhite1,esarles",True,2026-05-02-TOR-PHI,14,22,4,8,252,3,4,True,True,504,home,399,1777769227.0,18,False,"amuraoka,rjamieson,nhsieh,orobinson,ebembenis,lkeillor,ezhuang",400,764,0a4f61ad380fbdffa8523cd5726abfdcff9221812260a2defd628a162bb0f979,1777769227.0,False,504,239.571428571429,22.5097534415639,-5.49,21.83,14.1164982515214,5b2367a47c62e62d1f7156925797069f269944d07f7c778a41b1a8e66d6f167d,0.933007407280359,0.0669925927196414,0.661784112621172,0.733266605067188,0.826132639712024,0.723495633785897,239.571428571429,-8,0.01,0.0928660346448367,0.27457620446085,764,0c7c459e5eabdeed9c6c8abeadf873e509bc31d3,2026-07-21 08:07:47,2026-06-16 08:07:02,phoenix,rush,17,24,Final,2026-05-02 19:00:00
2026-05-02-TOR-PHI,ndigiorgi,2.91,72.35,esarles,-13.84,92.67,0,0,0,"ndigiorgi,dsuvorov,crawlins,eholmgren,tnye,cwhite1,esarles",True,2026-05-02-TOR-PHI,14,22,4,8,252,3,5,True,True,505,home,400,1777769232.0,18,False,"amuraoka,rjamieson,nhsieh,orobinson,ebembenis,lkeillor,ezhuang",401,765,e5c53f7d4a972b791c279da56994312cc59ca68e408ae7966f93b2333ee10159,1777769232.0,False,505,235.428571428571,26.3337217270936,-16.75,20.32,39.499134779114,b4357fcf3afb653dca10ede38a3884c873953282d56f173243acff0496384d0f,0.907551132512463,0.0924488674875373,0.661784112621172,0.825962384997115,0.905161723811884,0.648382651316589,235.428571428571,-8,0.011,0.079199338814769,0.234168002658195,765,ff82f7dede2c46ebe4b590cc2e86036da5b49cea,2026-07-21 08:07:47,2026-06-16 08:07:02,phoenix,rush,17,24,Final,2026-05-02 19:00:00
2026-05-02-TOR-PHI,esarles,-13.84,92.67,eholmgren,-12.12,97.27,0,0,0,"ndigiorgi,dsuvorov,crawlins,eholmgren,tnye,cwhite1,esarles",True,2026-05-02-TOR-PHI,14,22,4,8,252,3,6,True,True,506,home,401,1777769234.0,18,False,"amuraoka,rjamieson,nhsieh,orobinson,ebembenis,lkeillor,ezhuang",402,766,bc7586dd45ec09260fc827e66885d9930b5ba7df7422e20dd399135318ae89f3,1777769234.0,False,506,231.285714285714,4.91104876782953,1.72,4.59999999999999,-20.5014258085663,9abc470e61ce9019abd7da80f73e2fe83a98b6d6967fe9f34792723fd39a0ad9,0.977886878357545,0.0221131216424555,0.661784112621172,0.905050991147879,0.921765382556775,0.63862944401347,231.285714285714,-8,0.012,0.016714391408896,0.0494192970603258,766,71dfb9439e7c08245f12edb6dffe086ca1251dd9,2026-07-21 08:07:47,2026-06-16 08:07:02,phoenix,rush,17,24,Final,2026-05-02 19:00:00
2026-05-02-TOR-PHI,eholmgren,-12.12,97.27,cwhite1,-17.06,110.8,0,0,0,"ndigiorgi,dsuvorov,crawlins,eholmgren,tnye,cwhite1,esarles",True,2026-05-02-TOR-PHI,15,22,4,8,252,3,7,True,True,507,home,402,1777769239.0,19,False,"amuraoka,rjamieson,nhsieh,orobinson,ebembenis,lkeillor,ezhuang",403,767,c6e2ba05731985f53f0c919c35d759e10f98ac9760397cdd667bbd1008ca0343,1777769239.0,False,507,227.142857142857,14.4036280151912,-4.94,13.53,20.0578740901896,80755a6557f1669997527132f3708b69d44233c22274446b76509ccbf289331c,0.952361058879535,0.0476389411204647,0.661784112621172,0.921664453539006,1.0,0.619014314558642,227.142857142857,-8,0.012,0.0783355464609938,0.231614035248593,767,ea419385aa34456d036b544619b08468eaed2025,2026-07-21 08:07:47,2026-06-16 08:07:02,phoenix,rush,17,24,Final,2026-05-02 19:00:00
2026-05-02-TOR-PHI,rpoloz,24.47,54.91,sdillon,2.57,42.56,0,0,0,"sdillon,gchatha,rpoloz,kmallany,mgallant,pturner,asehgal",False,2026-05-02-TOR-PHI,15,22,4,9,223,1,1,True,True,508,away,336,,18,False,"swhitcomb,sdavies1,bpastor,idietrich,jbray,mhanna,jthornton",337,355,fdd2b29785958939bd5dae26bd7fde47435b2664217511b3fc550b568275d4dd,1777763375.0,True,508,223.0,25.1422453253483,-21.9,-12.35,119.419822394595,bd859f30387929c701120907ba628eaffec2988e4f86aa9246bdf842f2ce7b54,0.955597371750215,0.0444026282497846,0.700873251398147,0.700873251398147,0.703838780621577,0.847235939123728,223.0,-7,0.01,0.00296552922342963,0.00991395532927363,355,eabc7fccfe043696c99c4da0c481824d03006a6c,2026-07-21 08:07:47,2026-06-06 14:01:41,phoenix,rush,17,24,Final,2026-05-02 19:00:00
2026-05-02-TOR-PHI,sdillon,2.57,42.56,kmallany,-9.99,46.95,0,0,0,"sdillon,gchatha,rpoloz,kmallany,mgallant,pturner,asehgal",False,2026-05-02-TOR-PHI,15,22,4,9,223,1,2,True,True,509,away,337,,18,False,"swhitcomb,sdavies1,bpastor,idietrich,jbray,mhanna,jthornton",338,356,04801eb5c6859fb2af57322e18d1d0ed6d070c716e226b51ce4b51f77d4ec2ab,1777763376.0,True,509,215.7,13.3051005257382,-12.56,4.39,70.7343410156794,003ff6c6d71373f72317f7bc600816d995da53dc4c5ec65d8fc94368f58d56a9,0.980575657066272,0.019424342933728,0.700873251398147,0.703221192971409,0.717227280711359,0.826339493675008,215.7,-7,0.01,0.0140060877399503,0.0468232540400218,356,926bb78c9bdd9432354fc5f027bdbc18ac323812,2026-07-21 08:07:47,2026-06-06 14:01:41,phoenix,rush,17,24,Final,2026-05-02 19:00:00
2026-05-02-TOR-PHI,kmallany,-9.99,46.95,pturner,-13.01,57.73,0,0,0,"sdillon,gchatha,rpoloz,kmallany,mgallant,pturner,asehgal",False,2026-05-02-TOR-PHI,15,22,4,9,223,1,3,True,True,510,away,338,,18,False,"swhitcomb,sdavies1,bpastor,idietrich,jbray,mhanna,jthornton",339,357,6309b3992f315535c5b57b68e35d8eb8681754036ef273dfd901a834c7a19f67,1777763377.0,True,510,208.4,11.1950346136133,-3.02,10.78,15.650131920896,025e86014d849e7c571fead1a96629903ccb7faa0907861a9fce04888828bcf9,0.978156291830248,0.0218437081697516,0.700873251398147,0.716545251486052,0.757013899040772,0.775747352583172,208.4,-7,0.009,0.0404686475547207,0.135289297075153,357,134bd41fe97b530966fdac411ec532054afa70f7,2026-07-21 08:07:47,2026-06-06 14:01:41,phoenix,rush,17,24,Final,2026-05-02 19:00:00
2026-05-02-TOR-PHI,pturner,-13.01,57.73,asehgal,7.85,54.3,0,0,0,"sdillon,gchatha,rpoloz,kmallany,mgallant,pturner,asehgal",False,2026-05-02-TOR-PHI,15,22,4,9,223,1,4,True,True,511,away,339,,18,False,"swhitcomb,sdavies1,bpastor,idietrich,jbray,mhanna,jthornton",340,358,fa164414fbb14dd14991deae81b9129ac3523759423668762995e162070c3940,1777763378.0,True,511,201.1,21.1401158937221,20.86,-3.43,-99.337562950627,71da07356b8b1a580319b77aa8861978bc8f886090d4db03a25967806b4ff31b,0.962816001494523,0.0371839985054769,0.700873251398147,0.756316499689214,0.745607850902077,0.794075447532004,201.1,-7,0.01,-0.0107086487871372,-0.0357997030930548,358,6ad157a96bc5807bcd65c384a3f51973dbf7ebdd,2026-07-21 08:07:47,2026-06-06 14:01:41,phoenix,rush,17,24,Final,2026-05-02 19:00:00
2026-05-02-TOR-PHI,asehgal,7.85,54.3,mgallant,-1.21,48.67,0,0,0,"sdillon,gchatha,rpoloz,kmallany,mgallant,pturner,asehgal",False,2026-05-02-TOR-PHI,15,22,4,9,223,1,5,True,True,512,away,340,,18,False,"swhitcomb,sdavies1,bpastor,idietrich,jbray,mhanna,jthornton",341,359,b8661b5c5d95883429d19097c4a109b5497133b652777252e40e371e94718d49,1777763379.0,True,512,193.8,10.6667942700701,-9.06,-5.63,121.857347140064,a3e9adb8207742fd0721746ad4d0769fb6deb3f22b92ff065ced937f991a916c,0.98689241029563,0.0131075897043702,0.700873251398147,0.744802250108734,0.723559444965708,0.818894708920992,193.8,-7,0.01,-0.0212428051430251,-0.071016066741995,359,09275378effc4d455a289ea33f9e0501be867dbd,2026-07-21 08:07:47,2026-06-06 14:01:41,phoenix,rush,17,24,Final,2026-05-02 19:00:00
2026-05-02-TOR-PHI,mgallant,-1.21,48.67,rpoloz,-7.52,73.72,0,0,0,"sdillon,gchatha,rpoloz,kmallany,mgallant,pturner,asehgal",False,2026-05-02-TOR-PHI,15,22,4,9,223,1,6,True,True,513,away,341,,18,False,"swhitcomb,sdavies1,bpastor,idietrich,jbray,mhanna,jthornton",342,360,60bccef6ace0fae51e9d26125ad32b3842f545709ac1323254a2bb9c49b02e5c,1777763380.0,True,513,186.5,25.8325105245309,-6.31,25.05,14.1384515851003,4bce84e7ce8cf563167d89d03abb41772cdaa46aa375d04d87e14dd00b5d66b4,0.912642779338053,0.0873572206619471,0.700873251398147,0.722613190230891,0.827988754226419,0.712489372086668,186.5,-7,0.009,0.105375563995528,0.352277302140526,360,e95d31539ce4ef882fc87939eb9beb1fcfe97dbe,2026-07-21 08:07:47,2026-06-06 14:01:41,phoenix,rush,17,24,Final,2026-05-02 19:00:00
2026-05-02-TOR-PHI,rpoloz,-7.52,73.72,pturner,20.9,91.64,0,0,0,"sdillon,gchatha,rpoloz,kmallany,mgallant,pturner,asehgal",False,2026-05-02-TOR-PHI,15,22,4,9,223,1,7,True,True,514,away,342,,18,False,"swhitcomb,sdavies1,bpastor,idietrich,jbray,mhanna,jthornton",343,361,7825c2d442a9e4b2f59e3af18cadb68320d3229482630de87ee70cfb3e5aaf46,1777763381.0,True,514,179.2,33.5979582712998,28.42,17.92,-57.7668520837213,eb3a1669bc7f146a99c73e898aaf174a103a87c2ac988e158f7454d46ea08456,0.890253906956931,0.109746093043069,0.700873251398147,0.827241626879814,0.887343397259612,0.620747836346246,179.2,-7,0.008,0.0601017703797982,0.20092409208043,361,b69db1211a318480e06fc08a34ebd004afdb7112,2026-07-21 08:07:47,2026-06-06 14:01:41,phoenix,rush,17,24,Final,2026-05-02 19:00:00
2026-05-02-TOR-PHI,pturner,20.9,91.64,asehgal,15.54,94.46,0,0,0,"sdillon,gchatha,rpoloz,kmallany,mgallant,pturner,asehgal",False,2026-05-02-TOR-PHI,15,22,4,9,223,1,8,True,True,515,away,343,,18,False,"swhitcomb,sdavies1,bpastor,idietrich,jbray,mhanna,jthornton",344,362,d7e80fe8a7094537c6a8dada63be279aa55194031fa8f4079992819f513415cc,1777763382.0,True,515,171.9,6.05656668418667,-5.36,2.81999999999999,62.2502714227883,6f44fb71e25930b012e63fdeaa8e38f2e2d096cf0c357e6faf8fbbe8053eb055,0.976909520226014,0.023090479773986,0.700873251398147,0.886753919900643,0.906740352058629,0.633097196888474,171.9,-7,0.008,0.0199864321579859,0.0668159308768087,362,412fb50c5bf78200559694de5800888ce724ad85,2026-07-21 08:07:47,2026-06-06 14:01:41,phoenix,rush,17,24,Final,2026-05-02 19:00:00
2026-05-02-TOR-PHI,asehgal,15.54,94.46,rpoloz,18.22,86.08,0,0,0,"sdillon,gchatha,rpoloz,kmallany,mgallant,pturner,asehgal",False,2026-05-02-TOR-PHI,15,22,4,9,223,1,9,True,True,516,away,344,,18,False,"swhitcomb,sdavies1,bpastor,idietrich,jbray,mhanna,jthornton",345,363,cadd950929cd909d3466a4147151b61d3d21c20ae00ed2d13770f8c95ad61afe,1777763383.0,True,516,164.6,8.79811343414029,2.68,-8.38,-162.265252299588,a295e6d4978bf717af9a4d7e0870c5c7eeae6cb40a86248b5b37ae0625b14d43,0.980856196790177,0.0191438032098229,0.700873251398147,0.906151251783005,0.868421200093482,0.648453817847972,164.6,-7,0.008,-0.0377300516895224,-0.126133994588837,363,fc5c0aafb650882af7d6f281a686c2a39051c092,2026-07-21 08:07:47,2026-06-06 14:01:41,phoenix,rush,17,24,Final,2026-05-02 19:00:00
2026-05-02-TOR-PHI,rpoloz,18.22,86.08,mgallant,24.6,102.49,0,0,0,"sdillon,gchatha,rpoloz,kmallany,mgallant,pturner,asehgal",False,2026-05-02-TOR-PHI,15,23,4,9,223,1,10,True,True,517,away,345,,19,False,"swhitcomb,sdavies1,bpastor,idietrich,jbray,mhanna,jthornton",346,364,e2e77f25505b2c1dbd88723e1f7fe19090db30b03f1c4be1d7d2840a4a115c0b,1777763384.0,True,517,157.3,17.6066038746829,6.38,16.41,-21.2454505918852,c199c388a8930cd50f2adb17a07526b3b03c4b05c29698cc4724478cf120b7a3,0.894363261410755,0.105636738589245,0.700873251398147,0.867450062529165,1.0,0.55956674132248,157.3,-7,0.008,0.132549937470835,0.4431229841209,364,7566502bc36e9ed3740ddc7a220370e69c97535d,2026-07-21 08:07:47,2026-06-06 14:01:41,phoenix,rush,17,24,Final,2026-05-02 19:00:00
2026-05-02-TOR-PHI,jkeller,0.0,40.0,,-6.63,49.7,1,0,0,"crawlins,mcampanel,dsuvorov,eholmgren,esarles,jkeller,sdavies1",True,2026-05-02-TOR-PHI,15,23,4,10,150,1,1,True,True,518,home,407,1777769443.0,22,False,"nnishizak,ezhuang,lkeillor,dpetsinis,hnorris,nho,mayad",408,772,717ae596bce36a024c5ebb83332f28b76bb1c4e307adde61337ac98e7c1c9996,1777769443.0,False,518,150.0,11.7493361514598,-6.63,9.7,34.3528078435047,53b0e149611435076fee414961c41d3f2c057347b0faea3cee9abceff0f739e1,0.980857187842494,-0.980857187842494,0.683008801771018,0.683008801771018,0.718484484137401,0.807410098136902,150.0,-8,0.005,-0.807410098136902,-0.807410098136902,772,f95f9039b16c42292d7af411706f38aeeb9acb6b,2026-07-21 08:07:47,2026-06-06 14:01:41,phoenix,rush,17,24,Final,2026-05-02 19:00:00
2026-05-02-TOR-PHI,nho,7.24,72.01,nnishizak,15.82,78.39,0,0,0,"nnishizak,ezhuang,lkeillor,dpetsinis,hnorris,nho,mayad",False,2026-05-02-TOR-PHI,15,23,4,10,150,2,1,False,False,519,away,349,,18,False,"crawlins,mcampanel,dsuvorov,eholmgren,esarles,jkeller,sdavies1",350,368,232480ab0df39dfdb6289c6c1fee8949d189103b1669e826ce3d909649f9e04c,1777763388.0,True,519,142.0,10.6920905345961,8.58,6.38,-53.3658861240326,f85d59bb12a80b5d49f675866c3503a01e04bcce76fa50ce33e3a4e336208eb0,0.978987614554983,0.0210123854450169,0.812812480148489,0.812812480148489,0.83438141907407,0.674896059094132,142.0,-8,0.005,0.0215689389255816,0.11522637269136,368,d696b387becdc71c91271a1c0746388d3dae3fa3,2026-07-21 08:07:47,2026-06-06 14:01:41,phoenix,rush,17,24,Final,2026-05-02 19:00:00
2026-05-02-TOR-PHI,nnishizak,15.82,78.39,nho,11.49,86.36,1,1,0,"nnishizak,ezhuang,lkeillor,dpetsinis,hnorris,nho,mayad",False,2026-05-02-TOR-PHI,15,23,4,10,150,2,2,False,False,520,away,350,,20,False,"crawlins,mcampanel,dsuvorov,eholmgren,esarles,jkeller,sdavies1",351,369,dcd14b0f9958985b393b73c297fadb1e3aefff07a416cff499bfb78a7563c3c5,1777763389.0,True,520,134.0,9.07027011725671,-4.33,7.97,28.5146727063039,e505bf917833ad69ac107e1e89f6bfbd7d40d43e2a6d2f94d11ac5b1ac375c03,0.973036098290754,1.0,0.812812480148489,0.831900681867338,0.872412742849618,0.650900278590348,134.0,-8,0.009,-0.650900278590348,-0.650900278590348,369,974fc10eff2b0d78e9b4cb2229d9cb3c65ab5b2c,2026-07-21 08:07:47,2026-06-06 14:01:41,phoenix,rush,17,24,Final,2026-05-02 19:00:00
2026-05-02-TOR-PHI,esarles,-10.47,24.98,jkeller,-5.32,18.53,0,0,0,"crawlins,mcampanel,dsuvorov,eholmgren,esarles,jkeller,sdavies1",True,2026-05-02-TOR-PHI,15,23,4,10,150,3,1,True,True,521,home,409,1777769463.0,18,False,"nnishizak,ezhuang,lkeillor,dpetsinis,hnorris,nho,mayad",410,774,8e6c562bfe561766bdff4d43ed6e555ef7d72766823bc4f1a116721bd6f3effd,1777769463.0,False,521,126.0,8.25378700960959,5.15,-6.45,-141.394397765228,508232a35094fa54aeff15d130999f745ef5ee995435f119360be72a85729e48,0.992372331633868,0.00762766836613193,0.589445685151051,0.620821097162237,0.606127334929363,0.92389640234779,126.0,-8,0.008,-0.0146937622328739,-0.0357900567633299,774,3f75b7669382167e0cc466f80811305ba2d77f12,2026-07-21 08:07:47,2026-06-16 08:07:02,phoenix,rush,17,24,Final,2026-05-02 19:00:00
2026-05-02-TOR-PHI,jkeller,-5.32,18.53,mcampanel,5.25,17.5,0,0,0,"crawlins,mcampanel,dsuvorov,eholmgren,esarles,jkeller,sdavies1",True,2026-05-02-TOR-PHI,15,23,4,10,150,3,2,True,True,522,home,410,1777769465.0,18,False,"nnishizak,ezhuang,lkeillor,dpetsinis,hnorris,nho,mayad",411,775,aceb29c4655ee045ef3e140d9b3f1196b247e3c6d48999c556a02256849c2040,1777769465.0,False,522,118.0,10.6200659131665,10.57,-1.03,-95.5656495652311,cc82c77016354d39eaae23923602084c0ded8c28ad549ae84989392adf55d5f3,0.990490403303781,0.00950959669621931,0.589445685151051,0.599718009025649,0.597202561515624,0.921989910809473,118.0,-8,0.008,-0.00251544751002519,-0.00612695426414085,775,e0d47e1b837198fae9a5b72b0184b79b69998a1f,2026-07-21 08:07:47,2026-06-16 08:07:02,phoenix,rush,17,24,Final,2026-05-02 19:00:00
2026-05-02-TOR-PHI,mcampanel,5.25,17.5,eholmgren,14.38,26.56,0,0,0,"crawlins,mcampanel,dsuvorov,eholmgren,esarles,jkeller,sdavies1",True,2026-05-02-TOR-PHI,15,23,4,10,150,3,3,True,True,523,home,411,1777769467.0,18,False,"nnishizak,ezhuang,lkeillor,dpetsinis,hnorris,nho,mayad",412,776,ef617c281f6d79735b9b2b6d5467781088a81bc14fff366293406e3f63d12e87,1777769467.0,False,523,110.0,12.8623675892116,9.13,9.06,-45.2204884424239,62743885e5b817468d6e7cc2894c551cf685bbf8d4534cb8989492176b60b1f7,0.984934729571758,0.0150652704282421,0.589445685151051,0.589445685151051,0.604420810096323,0.89194709665817,110.0,-8,0.008,0.0149751249452723,0.0364753807319793,776,82d87e8c0aedb809a8c502a1618ca1eac9643f25,2026-07-21 08:07:47,2026-06-16 08:07:02,phoenix,rush,17,24,Final,2026-05-02 19:00:00
2026-05-02-TOR-PHI,eholmgren,14.38,26.56,mcampanel,17.12,40.22,0,0,0,"crawlins,mcampanel,dsuvorov,eholmgren,esarles,jkeller,sdavies1",True,2026-05-02-TOR-PHI,15,23,4,10,150,3,4,True,True,524,home,412,1777769468.0,18,False,"nnishizak,ezhuang,lkeillor,dpetsinis,hnorris,nho,mayad",413,777,6f619049c2a6fcc1c0bdc8c0824ff5862674e434c54b75e7bdea5e77ab63a16d,1777769468.0,False,524,102.0,13.9320924487315,2.74,13.66,-11.3421936077241,11a44c7c070ca09bba744fd3064f9ba13040c02a1b7f5c906c710497a7343778,0.978718015046812,0.0212819849531877,0.589445685151051,0.595268095467074,0.632664237702852,0.820460610069461,102.0,-8,0.008,0.0373961422357774,0.091086954595852,777,b95f978e87bdcbbcac9f0f19a539df9278fe65b5,2026-07-21 08:07:47,2026-06-16 08:07:02,phoenix,rush,17,24,Final,2026-05-02 19:00:00
2026-05-02-TOR-PHI,mcampanel,17.12,40.22,,6.89,104.34,1,0,0,"crawlins,mcampanel,dsuvorov,eholmgren,esarles,jkeller,sdavies1",True,2026-05-02-TOR-PHI,15,23,4,10,150,3,5,True,True,525,home,413,1777769476.0,22,False,"nnishizak,ezhuang,lkeillor,dpetsinis,hnorris,nho,mayad",414,778,1fa819d4dbacf66f9f6dbd4476e03f440061ccf65cea27e363dec8f3c44ee1ad,1777769476.0,False,525,94.0,64.930942546678,-10.23,64.12,9.06483412780604,a11bb49f62380c6fb5ee26878c43022dc371faefb175490db842adffcd39b655,0.551337950829471,-0.551337950829471,0.589445685151051,0.622209733209105,0.928047080342558,0.575235229689886,94.0,-8,0.006,-0.575235229689886,-0.575235229689886,778,49a445088f8a2236a2234f4a2abc36ae1f60a03f,2026-07-21 08:07:47,2026-06-16 08:07:02,phoenix,rush,17,24,Final,2026-05-02 19:00:00
2026-05-02-TOR-PHI,lcomire,-11.23,20.59,dpetsinis,-17.68,42.42,0,0,0,"nnishizak,lkeillor,dpetsinis,hnorris,nho,mayad,lcomire",False,2026-05-02-TOR-PHI,15,23,4,10,86,4,1,False,True,526,away,353,,18,False,"crawlins,mcampanel,dsuvorov,eholmgren,esarles,jkeller,sdavies1",354,372,d509bb0f6ed1b0f8bc9500cd0a24b22e0b990c7d30287b544ee852d5b72ac33e,1777763392.0,True,526,86.0,22.7629391775315,-6.45,21.83,16.4605634277558,0d6ddcc9b91000260fdf6eb982cd6e4b68883ae301a802020324895cc85da3a4,0.954687661768749,0.0453123382312514,0.561321473504987,0.561321473504987,0.619238248002094,0.790671147295306,86.0,-8,0.006,0.0579167744971074,0.132025551740258,372,7782f7f97e806a06a76827788cd250acf9100d03,2026-07-21 08:07:47,2026-06-06 14:01:41,phoenix,rush,17,24,Final,2026-05-02 19:00:00
2026-05-02-TOR-PHI,dpetsinis,-17.68,42.42,,-13.9,36.1,1,0,0,"nnishizak,lkeillor,dpetsinis,hnorris,nho,mayad,lcomire",False,2026-05-02-TOR-PHI,15,23,4,10,86,4,2,False,True,527,away,354,,22,False,"crawlins,mcampanel,dsuvorov,eholmgren,esarles,jkeller,sdavies1",355,373,c0e8d7a9d4dcead660c67a77426da1779c6bdfb1c1972906c977ffc3ada44a35,1777763393.0,True,527,80.2,7.36415643505758,3.78,-6.32,-149.116302725808,c53c89faefb1e8dbdeef03742462ebcb5c7231988f7259ad79aa7730a5c4bf5e,0.98994038589117,-0.98994038589117,0.561321473504987,0.609169072583579,0.595213353561084,0.825599512158235,80.2,-8,0.01,-0.825599512158235,-0.825599512158235,373,e86c6699c3bd73e8b8d46be74c4f4ab4fdb25ded,2026-07-21 08:07:47,2026-06-06 14:01:41,phoenix,rush,17,24,Final,2026-05-02 19:00:00
2026-05-02-TOR-PHI,jkeller,8.88,88.28,esarles,7.37,92.05,0,0,0,"crawlins,mcampanel,dsuvorov,eholmgren,esarles,jkeller,sdavies1",True,2026-05-02-TOR-PHI,15,23,4,10,86,5,1,True,True,528,home,416,,18,False,"nnishizak,lkeillor,dpetsinis,hnorris,nho,mayad,lcomire",417,781,903bc5523916d1e0f8690767032860dde7ededdec2711c0afc02377c9e0a5854,1777769574.5,True,528,74.4,4.06115747047562,-1.51,3.77,21.8276078290679,c7fdb3219a40096869250e8384329230ccce8be8f89dedfef93b1851d1cd1842,0.982985306786162,0.0170146932138375,0.845845061401107,0.845845061401107,0.865105119610029,0.563090522679448,74.4,-8,0.01,0.0192600582089221,0.124939611951299,781,e28b334dccb09f73e6c3d0abdd905bedd6f3dd47,2026-07-21 08:07:47,2026-06-16 08:07:02,phoenix,rush,17,24,Final,2026-05-02 19:00:00
2026-05-02-TOR-PHI,esarles,7.37,92.05,eholmgren,-1.21,93.91,0,0,0,"crawlins,mcampanel,dsuvorov,eholmgren,esarles,jkeller,sdavies1",True,2026-05-02-TOR-PHI,15,23,4,10,86,5,2,True,True,529,home,417,1777769579.0,18,False,"nnishizak,lkeillor,dpetsinis,hnorris,nho,mayad,lcomire",418,782,e4b6521e49a9e7ced3c2531e0e22f82eaafbe4e82695d1c83c43b80130751c84,1777769579.0,False,529,68.6,8.7792938212592,-8.58,1.86,77.7684990787698,2de456979def53197c01855d121f282b32b10e557cf8a351c33358d14978a29e,0.975398425409723,0.0246015745902772,0.845845061401107,0.858993385045179,0.868803411555759,0.545852809819335,68.6,-8,0.01,0.00981002651057927,0.0636374455449961,782,2cc112ba6ba8d5e21d6a4155fe168cf5d32dadae,2026-07-21 08:07:47,2026-06-16 08:07:02,phoenix,rush,17,24,Final,2026-05-02 19:00:00
2026-05-02-TOR-PHI,eholmgren,-1.21,93.91,sdavies1,2.23,103.52,0,0,0,"crawlins,mcampanel,dsuvorov,eholmgren,esarles,jkeller,sdavies1",True,2026-05-02-TOR-PHI,16,23,4,10,86,5,3,True,True,530,home,418,1777769625.0,19,False,"nnishizak,lkeillor,dpetsinis,hnorris,nho,mayad,lcomire",419,783,6400802bb63d607c2d996cbec6e5866f11cb83d0974aea40231204c79efdbfaf,1777769625.0,False,530,62.8,10.2071396581021,3.44,9.61,-19.6953591486188,2226f87bba9e07101f4b01efc772b858b98366ea8c0ebd7420a58f64a2719289,0.968270680789247,0.0317293192107527,0.845845061401107,0.862263535280076,1.0,0.514469825751595,62.8,-8,0.01,0.137736464719924,0.893493688699204,783,487d886da1a2137453cbb1cc17b9331aea444520,2026-07-21 08:07:47,2026-06-16 08:07:02,phoenix,rush,17,24,Final,2026-05-02 19:00:00
2026-05-02-TOR-PHI,gchatha,25.36,52.44,mgallant,24.95,69.74,0,0,0,"sdillon,gchatha,rpoloz,kmallany,mgallant,pturner,asehgal",False,2026-05-02-TOR-PHI,16,23,4,11,57,1,1,True,True,531,away,357,,18,False,"jbray,mhanna,idietrich,czaleski,swhitcomb,pburt1,messer",358,376,b6cba236b0fb37b5961855983c793c3ac474c06b75ad7fc1d438906554548b06,1777763396.0,True,531,57.0,17.3048576995016,-0.41,17.3,1.3576227182681,af6c76e6dc4cb40caa7add841e8be3ae6fd9eae78afbe99ebb8e1c72d84b08e3,0.893004113038735,0.106995886961265,0.551465334536687,0.551465334536687,0.656061522608304,0.538573439855286,57.0,-7,0.009,0.104596188071617,0.233195327196337,376,5c7db248a24cc3357175f64db536a24aad9f014c,2026-07-21 08:07:47,2026-06-06 14:01:41,phoenix,rush,17,24,Final,2026-05-02 19:00:00
2026-05-02-TOR-PHI,mgallant,24.95,69.74,kmallany,2.02,95.01,0,0,0,"sdillon,gchatha,rpoloz,kmallany,mgallant,pturner,asehgal",False,2026-05-02-TOR-PHI,16,23,4,11,57,1,2,True,True,532,away,358,,18,False,"jbray,mhanna,idietrich,czaleski,swhitcomb,pburt1,messer",359,377,fd25af08def137fca96e207cd979a4589119e4c5f41ad6b1a19f66f94bf8dc1c,1777763397.0,True,532,55.0,34.1226874674314,-22.93,25.27,42.2206028613082,05efa47d5f03297f0a1a9c8af34340ee2a8fc4f71dcc17f4572031313cb3c48a,0.793074059273935,0.206925940726065,0.551465334536687,0.651006863966262,0.857925363929976,0.507662845356959,55.0,-7,0.008,0.206918499963713,0.461321088192765,377,d89b2c4b9301928c334610ab0d98a02f3c09fbc4,2026-07-21 08:07:47,2026-06-06 14:01:41,phoenix,rush,17,24,Final,2026-05-02 19:00:00
2026-05-02-TOR-PHI,kmallany,2.02,95.01,pturner,1.47,107.16,0,0,0,"sdillon,gchatha,rpoloz,kmallany,mgallant,pturner,asehgal",False,2026-05-02-TOR-PHI,16,24,4,11,57,1,3,True,True,533,away,359,,19,False,"jbray,mhanna,idietrich,czaleski,swhitcomb,pburt1,messer",360,378,a4d9ee62b7c3507c26b269fc185234bd24f6a5283ae08b883fcea45c32057636,1777763398.0,True,533,53.0,12.1624421889685,-0.55,12.15,2.59186670523501,aa9f5d3ea751d7c89068b130812678fee5635d0886704b9129af6ca1290a72a3,0.960805844685879,0.039194155314121,0.551465334536687,0.855103807149925,1.0,0.487911778765676,53.0,-7,0.007,0.144896192850075,0.323043465771826,378,79f5473f25c83f2d0628ada5bde958f7ec1a1bf3,2026-07-21 08:07:47,2026-06-06 14:01:41,phoenix,rush,17,24,Final,2026-05-02 19:00:00
2026-05-02-TOR-PHI,jkeller,3.46,18.46,esarles,-0.04,30.96,0,0,0,"jkeller,tnye,crawlins,dsuvorov,ndigiorgi,cwhite1,esarles",True,2026-05-02-TOR-PHI,16,24,4,12,51,1,1,True,True,534,home,423,1777769713.0,18,False,"amuraoka,rjamieson,lcomire,nhsieh,orobinson,ebembenis,dpetsinis",424,788,88a2c940522d5a8e2ddc33df6959ecc920fbcb89ad461d5f6746a8165bf6b1b0,1777769713.0,False,534,51.0,12.9807549857472,-3.5,12.5,15.6422464572087,69bd9766ab274c368325eea57bc32640a8cdc2b37e928d131fa67922f031b533,0.982637670513441,0.0173623294865594,0.401240224062286,0.477788133640759,0.514919959274174,0.81802667922908,51.0,-8,0.008,0.0371318256334148,0.0620145626436962,788,8dc59d87cc96b34f0fc6f95dbadb81cfdc617dc5,2026-07-21 08:07:47,2026-06-06 14:01:41,phoenix,rush,17,24,Final,2026-05-02 19:00:00
2026-05-02-TOR-PHI,esarles,-0.04,30.96,jkeller,0.0,60.0,0,0,0,"jkeller,tnye,crawlins,dsuvorov,ndigiorgi,cwhite1,esarles",True,2026-05-02-TOR-PHI,16,24,4,12,51,1,2,True,True,535,home,424,1777769715.0,18,False,"amuraoka,rjamieson,lcomire,nhsieh,orobinson,ebembenis,dpetsinis",425,789,2f0c1e9e5c4cfdbfd34ef294ea7e98ffe4784bccbbc707f7763fa3a41b5dfde3,1777769715.0,False,535,47.8125,29.0400275481963,0.04,29.04,-0.0789197565814561,8f2d23ca054a08bbd632ec77b4bf6c1f0d61d833bac6b4d51f682e7857488285,0.90107877142664,0.0989212285733605,0.401240224062286,0.505180250148017,0.634345946482079,0.634345946482079,47.8125,-8,0.008,0.129165696334062,0.215722066719957,789,a4d070c4d4088d0360e59dee923a1a3efb95dcdb,2026-07-21 08:07:47,2026-06-06 14:01:41,phoenix,rush,17,24,Final,2026-05-02 19:00:00
2026-05-02-TOR-PHI,jkeller,0.0,60.0,tnye,-2.44,28.07,0,0,0,"jkeller,tnye,crawlins,dsuvorov,ndigiorgi,cwhite1,esarles",True,2026-05-02-TOR-PHI,16,24,4,12,51,1,3,True,True,536,home,425,1777769720.0,18,False,"amuraoka,rjamieson,lcomire,nhsieh,orobinson,ebembenis,dpetsinis",426,790,8118dc7c65a7222695e0e7e1a54d8604b777c903b33f33da1a48f4a7f1f7a115,1777769720.0,False,536,44.625,32.0230932297303,-2.44,-31.93,175.630112005872,d2104d8ed6b2a762dda211ad6058c5600388d2662c341745ffc4f57cc49e906b,0.973335240348661,0.0266647596513385,0.401240224062286,0.624860424842856,0.48548229161685,0.823541854515876,44.625,-8,0.007,-0.139378133226006,-0.232778050275216,790,607fd586afea15ec044d1ce6d5c83905b8f330b6,2026-07-21 08:07:47,2026-06-06 14:01:41,phoenix,rush,17,24,Final,2026-05-02 19:00:00
2026-05-02-TOR-PHI,tnye,-2.44,28.07,jkeller,-15.41,32.26,0,0,0,"jkeller,tnye,crawlins,dsuvorov,ndigiorgi,cwhite1,esarles",True,2026-05-02-TOR-PHI,16,24,4,12,51,1,4,True,True,537,home,426,1777769723.0,18,False,"amuraoka,rjamieson,lcomire,nhsieh,orobinson,ebembenis,dpetsinis",427,791,cb7802772ba7b50c0ecb422bea0a8fb5ed2d3d5c617c2563dbead373c6824f5d,1777769723.0,False,537,41.4375,13.6300036683781,-12.97,4.19,72.0967832846846,fd3fe6786500bd81f191aec376f63aabe6663be1685722ae2b751f34f7561705,0.985015140286687,0.0149848597133132,0.401240224062286,0.474895353005422,0.477593035261536,0.78195804596408,41.4375,-8,0.007,0.00269768225611428,0.00450545003944103,791,adcb93c8d9e3200fbba33efdc1299bb7946f922e,2026-07-21 08:07:47,2026-06-06 14:01:41,phoenix,rush,17,24,Final,2026-05-02 19:00:00
2026-05-02-TOR-PHI,jkeller,-15.41,32.26,tnye,-2.44,27.11,0,0,0,"jkeller,tnye,crawlins,dsuvorov,ndigiorgi,cwhite1,esarles",True,2026-05-02-TOR-PHI,16,24,4,12,51,1,5,True,True,538,home,427,1777769726.0,18,False,"amuraoka,rjamieson,lcomire,nhsieh,orobinson,ebembenis,dpetsinis",428,792,b2f49cc77b8783acc47351bb296d92d8fa9ad434601097b41dbfd7c2a5a42bc7,1777769726.0,False,538,38.25,13.9550492654093,12.97,-5.15,-111.656550206085,0dfb09b845bd23636594056e144815823ba517513253bb16bb40c429bda702ca,0.984977035903301,0.015022964096699,0.401240224062286,0.466579491633866,0.460908818499832,0.816702916488896,38.25,-8,0.007,-0.00567067313403441,-0.00947069820305415,792,516a49a8326a3c5ec9ce1162dfe540f966aa7494,2026-07-21 08:07:47,2026-06-06 14:01:41,phoenix,rush,17,24,Final,2026-05-02 19:00:00
2026-05-02-TOR-PHI,tnye,-2.44,27.11,jkeller,-16.1,30.0,0,0,0,"jkeller,tnye,crawlins,dsuvorov,ndigiorgi,cwhite1,esarles",True,2026-05-02-TOR-PHI,16,24,4,12,51,1,6,True,True,539,home,428,1777769728.0,18,False,"amuraoka,rjamieson,lcomire,nhsieh,orobinson,ebembenis,dpetsinis",429,793,4c8f0c2888b90ca51c03eb7e869f5f47407b1bd7e6b05eb706620ebc0f1f11f5,1777769728.0,False,539,35.0625,13.9623672777936,-13.66,2.89,78.0542786798347,696d53f8802a818ea1535bbf4b81ab6f538f307ee1ba3296d815dc720707fe13,0.985979925316915,0.0140200746830847,0.401240224062286,0.44949916427092,0.445765900057201,0.780353716507022,35.0625,-8,0.007,-0.00373326421371961,-0.00623499500759377,793,75d6dd4ae4582430fc76d8b2ed029b7c19bd1d47,2026-07-21 08:07:47,2026-06-06 14:01:41,phoenix,rush,17,24,Final,2026-05-02 19:00:00
2026-05-02-TOR-PHI,jkeller,-16.1,30.0,esarles,-21.8,38.3,0,0,0,"jkeller,tnye,crawlins,dsuvorov,ndigiorgi,cwhite1,esarles",True,2026-05-02-TOR-PHI,16,24,4,12,51,1,7,True,True,540,home,429,1777769730.0,18,False,"amuraoka,rjamieson,lcomire,nhsieh,orobinson,ebembenis,dpetsinis",430,794,fdbc5c2075a45ff7d4a71eeeb73acb6db811eff0f8a17de1c337e980651262d1,1777769730.0,False,540,31.875,10.0687635785135,-5.7,8.3,34.4792156861257,f345a8b0e1acad23df6247324c90e1b313b9bfcbf0339109e0c094129914fe78,0.98591730391211,0.0140826960878898,0.401240224062286,0.433973366261734,0.435326627037685,0.688611390298764,31.875,-8,0.007,0.0013532607759506,0.00226010635706327,794,f1a5583d7c4f2955a119d3bf5293838d9c6fdc51,2026-07-21 08:07:47,2026-06-06 14:01:41,phoenix,rush,17,24,Final,2026-05-02 19:00:00
2026-05-02-TOR-PHI,esarles,-21.8,38.3,dsuvorov,14.17,36.52,0,0,0,"jkeller,tnye,crawlins,dsuvorov,ndigiorgi,cwhite1,esarles",True,2026-05-02-TOR-PHI,16,24,4,12,51,1,8,True,True,541,home,430,1777769738.0,18,False,"amuraoka,rjamieson,lcomire,nhsieh,orobinson,ebembenis,dpetsinis",431,795,80fe466499bff4823a9f7f36250dccd83edebd0df2e71f73c6518bc7a41f528b,1777769738.0,False,541,28.6875,36.0140153273694,35.97,-1.77999999999999,-92.8330097401584,016ba699e11b82239b37c68de094ff359500f4ec218499ba7dd7b99cf69a5c56,0.916006504186035,0.083993495813965,0.401240224062286,0.423136997300153,0.447550419123757,0.720756562029529,28.6875,-8,0.004,0.0244134218236047,0.0407733164529481,795,47e281c3361533959c19b83a900aa31fff3bac08,2026-07-21 08:07:47,2026-06-06 14:01:41,phoenix,rush,17,24,Final,2026-05-02 19:00:00
2026-05-02-TOR-PHI,dsuvorov,14.17,36.52,cwhite1,8.06,46.61,0,0,0,"jkeller,tnye,crawlins,dsuvorov,ndigiorgi,cwhite1,esarles",True,2026-05-02-TOR-PHI,16,24,4,12,51,1,9,True,True,542,home,431,1777769740.0,18,False,"amuraoka,rjamieson,lcomire,nhsieh,orobinson,ebembenis,dpetsinis",432,796,aa0c02c89838d40e466d0c30f9d9e7dc3e722016509987b9261c65c41d5e4ade,1777769740.0,False,542,25.5,11.7957704284205,-6.11,10.09,31.1970035463304,600590fd4595208032db42f349a9243174f05a184c7862d96d231ce54b49f59b,0.978120916542088,0.0218790834579121,0.401240224062286,0.434807580896674,0.484758158685448,0.642660893030937,25.5,-8,0.004,0.0499505777887739,0.0834234024998534,796,e1ee41e5e0515885c2309f6f06643ea70af19868,2026-07-21 08:07:47,2026-06-06 14:01:41,phoenix,rush,17,24,Final,2026-05-02 19:00:00
2026-05-02-TOR-PHI,cwhite1,8.06,46.61,jkeller,-4.64,44.0,0,0,0,"jkeller,tnye,crawlins,dsuvorov,ndigiorgi,cwhite1,esarles",True,2026-05-02-TOR-PHI,16,24,4,12,51,1,10,True,True,543,home,432,1777769743.0,18,False,"amuraoka,rjamieson,lcomire,nhsieh,orobinson,ebembenis,dpetsinis",433,797,24a606d1e9715b9ccd72ffc21a13049c7f5ffff8afcdc075a0994eae3fc23f09,1777769743.0,False,543,22.3125,12.965419391597,-12.7,-2.61,101.613265335542,18841bc45b476c1656ea3f7ad3d475f1d7f5271ab1e5e98c5a966781c5c281c2,0.983927460276305,0.016072539723695,0.401240224062286,0.471369820238485,0.46079314691719,0.650004633901364,22.3125,-8,0.004,-0.0105766733212951,-0.0176643016888217,797,34b6ea2730ce6da36160b805a415f653fcfdd0c6,2026-07-21 08:07:47,2026-06-06 14:01:41,phoenix,rush,17,24,Final,2026-05-02 19:00:00
2026-05-02-TOR-PHI,jkeller,-4.64,44.0,esarles,-10.95,51.62,0,0,0,"jkeller,tnye,crawlins,dsuvorov,ndigiorgi,cwhite1,esarles",True,2026-05-02-TOR-PHI,16,24,4,12,51,1,11,True,True,544,home,433,1777769745.0,18,False,"amuraoka,rjamieson,lcomire,nhsieh,orobinson,ebembenis,dpetsinis",434,798,5e7eea6ebb14e4a54cddfc04d16b899bc87797805f5b3f7b7e78a3c7282808d7,1777769745.0,False,544,19.125,9.89345743408238,-6.31,7.62,39.6276114330967,5248616ee74a61b4af2f867497d7c37bb39d4585f94b452c733e70597366403e,0.983189652558627,0.0168103474413729,0.401240224062286,0.446995262254259,0.479837593034226,0.579412304527978,19.125,-8,0.004,0.0328423307799672,0.0548505963489833,798,8de46a2a5fed1bc802bb818a2ea4722fced7a069,2026-07-21 08:07:47,2026-06-06 14:01:41,phoenix,rush,17,24,Final,2026-05-02 19:00:00
2026-05-02-TOR-PHI,esarles,-10.95,51.62,jkeller,-1.82,46.61,0,0,0,"jkeller,tnye,crawlins,dsuvorov,ndigiorgi,cwhite1,esarles",True,2026-05-02-TOR-PHI,16,24,4,12,51,1,12,True,True,545,home,434,1777769746.0,18,False,"amuraoka,rjamieson,lcomire,nhsieh,orobinson,ebembenis,dpetsinis",435,799,21052d8b4185a4ac0c2e72dbed8a40878d7d592f6f12c6b12f6edd4841f57f4c,1777769746.0,False,545,15.9375,10.4142690574039,9.13,-5.01,-118.755356339516,2ed2bff2f77490b1a35ada00299b519b39d50a887907854540b2fb4b7006efbf,0.98667399103085,0.0133260089691498,0.401240224062286,0.465452863648934,0.444710543947811,0.604783442407566,15.9375,-8,0.004,-0.0207423197011231,-0.034642139526889,799,0f87a0086c9981635d9417efe8924866a951685d,2026-07-21 08:07:47,2026-06-06 14:01:41,phoenix,rush,17,24,Final,2026-05-02 19:00:00
2026-05-02-TOR-PHI,jkeller,-1.82,46.61,tnye,10.94,54.64,0,0,0,"jkeller,tnye,crawlins,dsuvorov,ndigiorgi,cwhite1,esarles",True,2026-05-02-TOR-PHI,16,24,4,12,51,1,13,True,True,546,home,435,1777769748.0,18,False,"amuraoka,rjamieson,lcomire,nhsieh,orobinson,ebembenis,dpetsinis",436,800,69c3edd0292ea8837e1ad470968733cdc6670bfe04531f4388a782e049334b72,1777769748.0,False,546,12.75,15.0764219893183,12.76,8.03,-57.8173682327952,19f7ec31c34b0eae8ee130a42ff114151b83fd13b75507f5461302f79cd65bac,0.974147755258666,0.0258522447413343,0.401240224062286,0.429996054931777,0.465824246495017,0.530660715357565,12.75,-8,0.004,0.0358281915632405,0.0598373387843734,800,479059932ddb691b7d87687603e208e3e1564d30,2026-07-21 08:07:47,2026-06-06 14:01:41,phoenix,rush,17,24,Final,2026-05-02 19:00:00
2026-05-02-TOR-PHI,tnye,10.94,54.64,jkeller,5.66,47.91,0,0,0,"jkeller,tnye,crawlins,dsuvorov,ndigiorgi,cwhite1,esarles",True,2026-05-02-TOR-PHI,16,24,4,12,51,1,14,True,True,547,home,436,1777769751.0,18,False,"amuraoka,rjamieson,lcomire,nhsieh,orobinson,ebembenis,dpetsinis",437,801,9cda5fc4a56f70fd98dbda40db5733f9846bc1ca27c74ee8e102622347cfb01b,1777769751.0,False,547,9.5625,8.55402244561002,-5.28,-6.73,141.884155780658,607e0b10e17b873f2aa840c73ba840ec2f8b9557c4afd0fb2ef56f2e13049f67,0.988542003507391,0.0114579964926095,0.401240224062286,0.450452654136998,0.420236663826837,0.565089475002841,9.5625,-8,0.004,-0.0302159903101613,-0.0504642955730288,801,b6d72a2e8eb7f660c278b634143528492551eb0a,2026-07-21 08:07:47,2026-06-06 14:01:41,phoenix,rush,17,24,Final,2026-05-02 19:00:00
2026-05-02-TOR-PHI,jkeller,5.66,47.91,tnye,20.9,57.52,0,0,0,"jkeller,tnye,crawlins,dsuvorov,ndigiorgi,cwhite1,esarles",True,2026-05-02-TOR-PHI,16,24,4,12,51,1,15,True,True,548,home,437,1777769754.0,18,False,"amuraoka,rjamieson,lcomire,nhsieh,orobinson,ebembenis,dpetsinis",438,802,c8319a79a7b6747ddf1434e58a7325e3359506f83f029db387fa3ccab7490b0f,1777769754.0,False,548,6.375,18.0169281510473,15.24,9.61000000000001,-57.7653944455916,3e7b88773a914532b7b138fa82e4d4dca92eaaa6789be29c3a48d5fc7e4fb6cf,0.973804502238069,0.0261954977619313,0.401240224062286,0.404707090362054,0.417265000095494,0.449322299449974,6.375,-8,0.005,0.0125579097334408,0.0209732020053851,802,4086966b0e03cf0b7e8f59e7af31f9f0092ee8f6,2026-07-21 08:07:47,2026-06-06 14:01:41,phoenix,rush,17,24,Final,2026-05-02 19:00:00
2026-05-02-TOR-PHI,tnye,20.9,57.52,crawlins,0.58,110.52,0,0,0,"jkeller,tnye,crawlins,dsuvorov,ndigiorgi,cwhite1,esarles",True,2026-05-02-TOR-PHI,17,24,4,12,51,1,16,True,True,549,home,438,1777769763.0,19,False,"amuraoka,rjamieson,lcomire,nhsieh,orobinson,ebembenis,dpetsinis",439,803,71efe7c05118a76f88c3af47175ee68639a69f9817168a69f23f858324aaa74e,1777769763.0,False,549,3.1875,56.7618040587154,-20.32,53.0,20.976635188487,05a90b6e887c09730c852aa864993fcc8f948c0020bd864c45c4cc1140a5d247,0.609482428787765,0.390517571212235,0.401240224062286,0.401240224062286,1.0,0.298906123366835,3.1875,-8,0.003,0.598759775937714,1.0,803,42af306a426a94006b93b52910870b1a20a9d3b1,2026-07-21 08:07:47,2026-06-06 14:01:41,phoenix,rush,17,24,Final,2026-05-02 19:00:00
