Thrower,ThrowerX,ThrowerY,Receiver,ReceiverX,ReceiverY,turnover,DroppedThrow,stall,offensive_line,is_home_team,GameID,home_team_score,away_team_score,game_quarter,quarter_point,PointStartTime,possession_num,possession_throw,start_on_offense,o_line,event_id,source_side,source_side_idx,source_timestamp,source_event_type,is_callahan,defensive_line,source_event_id,global_event_seq,event_sig_id,derived_sort_timestamp,sort_timestamp_imputed,event_id_calc,time_left,throw_distance,x_diff,y_diff,throw_angle,throw_sig_id,cp,cpoe,min_fv,fv_thrower,fv_receiver,fv_opponent,game_time_left,score_diff,win_prob,ec,aec,source_global_event_seq,source_throw_hash,insert_timestamp,original_insert_timestamp,game_id,home_team_id,away_team_id,home_score_final,away_score_final,start_timestamp
slofink,12.96,31.09,dmourad,15.81,40.63,0,0,0,"mmunoz,zraunig,nstoppel,dmourad,cbelfield,gleahy,slofink",True,2026-05-09-OAK-SEA,0,0,1,1,720.0,1,1,True,True,1,home,1,1778364338.0,18,False,"rvickersb,jwhealan,clankford,emagsig,klew,lgrench,arosentha",2,2,020b7aa33a6d84a0442a7b7f335dd0bc5deeeda542f02484abfd1ffd7f4cece6,1778364338.0,False,1,720.0,9.95661086916628,2.85,9.54,-16.6331019493627,02e69db8a2fc8b8d48e42f3196e1d3448b8b5072ec31fb6ebfccd2b7f5e559d8,0.984915263111681,0.0150847368883192,0.608616318578835,0.717040925204224,0.73931573471599,0.8802806582935,2880.0,0.0,0.643,0.0222748095117659,0.0569129745800416,2.0,45eb83b321284c558fea22e319de933dda9b62fb,2026-08-18 08:07:04,2026-06-06 14:01:41,2026-05-09-OAK-SEA,cascades,spiders,16,26,2026-05-09 15:00:00
dmourad,15.81,40.63,slofink,10.12,32.33,0,0,0,"mmunoz,zraunig,nstoppel,dmourad,cbelfield,gleahy,slofink",True,2026-05-09-OAK-SEA,0,0,1,1,720.0,1,2,True,True,2,home,2,1778364341.0,18,False,"rvickersb,jwhealan,clankford,emagsig,klew,lgrench,arosentha",3,3,94cfb2692f888fd88aadd6e3204ddf62dd11020dd873509fa0f7cb7072aefe65,1778364341.0,False,2,715.941176470588,10.0631058823805,-5.69,-8.3,145.567718856238,78177a209a9f72bace2ae5b199cc7c9e250030d00d6c129b0ebb46a3c31fdc52,0.988519419070941,0.0114805809290588,0.608616318578835,0.73427644098687,0.718477676814295,0.909652532926318,2875.94117647059,0.0,0.639,-0.015798764172575,-0.0403664356040794,3.0,7ba0ddd7536a68dd686177f189171fbe9b05f391,2026-08-18 08:07:04,2026-06-06 14:01:41,2026-05-09-OAK-SEA,cascades,spiders,16,26,2026-05-09 15:00:00
slofink,10.12,32.33,dmourad,18.72,31.96,0,0,0,"mmunoz,zraunig,nstoppel,dmourad,cbelfield,gleahy,slofink",True,2026-05-09-OAK-SEA,0,0,1,1,720.0,1,3,True,True,3,home,3,1778364344.0,18,False,"rvickersb,jwhealan,clankford,emagsig,klew,lgrench,arosentha",4,4,31ab9675fef4e95022fb0884c67fa163d24286d93bc80017746332ad7d7981eb,1778364344.0,False,3,711.882352941176,8.60795562256219,8.6,-0.369999999999997,-92.4635317290757,d5a37492bbddf6b9679ceafcc09a5bf50ca0cb3385999e5bc8ab7865bdefa59b,0.991965644370824,0.00803435562917587,0.608616318578835,0.713492183243346,0.693322026100086,0.901968622011703,2871.88235294118,0.0,0.634,-0.0201701571432595,-0.0515355087621924,4.0,3ccfb1882749ae9075e5653161b951481714104c,2026-08-18 08:07:04,2026-06-06 14:01:41,2026-05-09-OAK-SEA,cascades,spiders,16,26,2026-05-09 15:00:00
dmourad,18.72,31.96,cbelfield,24.11,35.16,0,0,0,"mmunoz,zraunig,nstoppel,dmourad,cbelfield,gleahy,slofink",True,2026-05-09-OAK-SEA,0,0,1,1,720.0,1,4,True,True,4,home,4,1778364348.0,18,False,"rvickersb,jwhealan,clankford,emagsig,klew,lgrench,arosentha",5,5,6a6797503878256f78787082cfbc358d8033f2f73c3012d91147e6788bd4b9a2,1778364348.0,False,4,707.823529411765,6.26834108835823,5.39,3.2,-59.3027335439849,19881373131abdd7ff4f4adee23725b5461af709c01f4fefa1ce03aaf4621c5b,0.985101277207459,0.0148987227925415,0.608616318578835,0.68839140996175,0.668323273688618,0.871372476354362,2867.82352941176,0.0,0.629,-0.0200681362731325,-0.0512748416087828,5.0,fc825e3a6fa401a829d14abc8205849e98518018,2026-08-18 08:07:04,2026-06-06 14:01:41,2026-05-09-OAK-SEA,cascades,spiders,16,26,2026-05-09 15:00:00
cbelfield,24.11,35.16,slofink,14.86,25.04,0,0,0,"mmunoz,zraunig,nstoppel,dmourad,cbelfield,gleahy,slofink",True,2026-05-09-OAK-SEA,0,0,1,1,720.0,1,5,True,True,5,home,5,1778364350.0,18,False,"rvickersb,jwhealan,clankford,emagsig,klew,lgrench,arosentha",6,6,5f36111c99ae3d93edf6cc9d5e16b56fe75c30eeba42f2a81ae71d0a1495e92c,1778364350.0,False,5,703.764705882353,13.7104668045986,-9.25,-10.12,137.57170103294,aff16e56b164dfc950586f05237eec911fd8f32ea3b1d9c0e77204be6c8030e4,0.984938288479541,0.0150617115204592,0.608616318578835,0.663496940821833,0.677121666723385,0.924978386540301,2863.76470588235,0.0,0.63,0.0136247259015523,0.0348116862003013,6.0,89eb47bf49d5466e5befe3af1c5b950c17c95bf0,2026-08-18 08:07:04,2026-06-06 14:01:41,2026-05-09-OAK-SEA,cascades,spiders,16,26,2026-05-09 15:00:00
slofink,14.86,25.04,mmunoz,4.95,19.22,0,0,0,"mmunoz,zraunig,nstoppel,dmourad,cbelfield,gleahy,slofink",True,2026-05-09-OAK-SEA,0,0,1,1,720.0,1,6,True,True,6,home,6,1778364354.0,18,False,"rvickersb,jwhealan,clankford,emagsig,klew,lgrench,arosentha",7,7,ce100048c63a4fddbed8b9c1684e22c60a1511e839d0babfd3eb7043cd1d4f6c,1778364354.0,False,6,699.705882352941,11.4926280719425,-9.91,-5.82,120.425101441278,4a1468f1f5b296e5c227239527d9a6753cc0be37a0c973dcef840889c2cd1b8a,0.989149822786098,0.0108501772139018,0.608616318578835,0.67265884501699,0.668072748443091,0.940333230951162,2859.70588235294,0.0,0.628,-0.00458609657389875,-0.0117176489250805,7.0,3a49e80d9c3c377bb65b03199e8e914c859fe979,2026-08-18 08:07:04,2026-06-06 14:01:41,2026-05-09-OAK-SEA,cascades,spiders,16,26,2026-05-09 15:00:00
mmunoz,4.95,19.22,slofink,10.78,15.36,0,0,0,"mmunoz,zraunig,nstoppel,dmourad,cbelfield,gleahy,slofink",True,2026-05-09-OAK-SEA,0,0,1,1,720.0,1,7,True,True,7,home,7,1778364357.0,18,False,"rvickersb,jwhealan,clankford,emagsig,klew,lgrench,arosentha",8,8,982bfa3c437da66694fa9ee6077445d59a9d718d80bf869b360c2e0d76f8d055,1778364357.0,False,7,695.647058823529,6.99203117842019,5.83,-3.86,-123.508248923237,29c0f9e4892d1290a5a15ccd8ae0786f4400b3c61ad868c5a9a0f943c1a8fbfc,0.993442301247763,0.00655769875223666,0.608616318578835,0.663840733176944,0.651985118141169,0.938617216434044,2855.64705882353,0.0,0.625,-0.0118556150357745,-0.0302915415193735,8.0,8f5ef6d1e64addafd2cb9e6c43dca93dd993822a,2026-08-18 08:07:04,2026-06-06 14:01:41,2026-05-09-OAK-SEA,cascades,spiders,16,26,2026-05-09 15:00:00
slofink,10.78,15.36,dmourad,18.28,7.57,0,0,0,"mmunoz,zraunig,nstoppel,dmourad,cbelfield,gleahy,slofink",True,2026-05-09-OAK-SEA,0,0,1,1,720.0,1,8,True,True,8,home,8,1778364364.0,18,False,"rvickersb,jwhealan,clankford,emagsig,klew,lgrench,arosentha",9,9,5eef07145d1176d94fd4ae791a538ca60e37408052ede29878ca59a17982cde9,1778364364.0,False,8,691.588235294118,10.8136071687481,7.5,-7.79,-136.086578421909,1d26b27809852f05a8c4f18e1451164c6416f68777e501c052f530b67de5ab24,0.993951478755164,0.00604852124483557,0.608616318578835,0.647947696082229,0.612541131945409,0.933371268886147,2851.58823529412,0.0,0.619,-0.0354065641368193,-0.0904651006609511,9.0,0f064afaac72a1ea1edbddea891b6893ebb073b0,2026-08-18 08:07:04,2026-06-06 14:01:41,2026-05-09-OAK-SEA,cascades,spiders,16,26,2026-05-09 15:00:00
dmourad,18.28,7.57,mmunoz,16.97,66.48,0,0,0,"mmunoz,zraunig,nstoppel,dmourad,cbelfield,gleahy,slofink",True,2026-05-09-OAK-SEA,0,0,1,1,720.0,1,9,True,True,9,home,9,1778364373.0,18,False,"rvickersb,jwhealan,clankford,emagsig,klew,lgrench,arosentha",10,10,b70435cbd636c13a745dda931bda3fc7f4962eb433403fe5c7f3abdca7e9f291,1778364373.0,False,9,687.529411764706,58.9245636386049,-1.31,58.91,1.27389412507671,10ce2bef9e6f31f73de3a491afed618d28170e5fc010e264ad019e89402e6859,0.648313290183618,0.351686709816382,0.608616318578835,0.608616318578835,0.803666735610565,0.751862176616659,2847.52941176471,0.0,0.653,0.19505041703173,0.49836113841915,10.0,6ccc4d859045708f9b1fe7ae5e39800aee8b35db,2026-08-18 08:07:04,2026-06-06 14:01:41,2026-05-09-OAK-SEA,cascades,spiders,16,26,2026-05-09 15:00:00
mmunoz,16.97,66.48,zraunig,4.44,76.38,0,0,0,"mmunoz,zraunig,nstoppel,dmourad,cbelfield,gleahy,slofink",True,2026-05-09-OAK-SEA,0,0,1,1,720.0,1,10,True,True,10,home,10,1778364376.0,18,False,"rvickersb,jwhealan,clankford,emagsig,klew,lgrench,arosentha",11,11,dddb539d0fa22b14337cc71f28f7b0aea73962757c727168204d8efcfc946453,1778364376.0,False,10,683.470588235294,15.9690607112629,-12.53,9.89999999999999,51.6876044397625,8e96861aadba641a8e57d690d485f4cbe26cef0446ec51107d36ec35c1f13c47,0.958592122688535,0.041407877311465,0.608616318578835,0.801240527939616,0.853159430999048,0.724028880885229,2843.47058823529,0.0,0.664,0.0519189030594325,0.132654746541573,11.0,0055ae90ccc241be1dff9b502df4779f74761040,2026-08-18 08:07:04,2026-06-06 14:01:41,2026-05-09-OAK-SEA,cascades,spiders,16,26,2026-05-09 15:00:00
zraunig,4.44,76.38,cbelfield,-5.32,79.58,0,0,0,"mmunoz,zraunig,nstoppel,dmourad,cbelfield,gleahy,slofink",True,2026-05-09-OAK-SEA,0,0,1,1,720.0,1,11,True,True,11,home,11,1778364380.0,18,False,"rvickersb,jwhealan,clankford,emagsig,klew,lgrench,arosentha",12,12,0f4e5de11c743bb954eddd7aa618a08448160f25ceb9e93aceb4dbecd56e87be,1778364380.0,False,11,679.411764705882,10.2712024612506,-9.76,3.2,71.8472941133488,bf1ef6f454468b2617d7b3e08bbf185685b14d9a2b4ac00c230ca01dbb5b9116,0.97838455505107,0.0216154449489303,0.608616318578835,0.851378853813528,0.864206445123222,0.710123799834301,2839.41176470588,0.0,0.666,0.0128275913096941,0.0327749773907678,12.0,cdd92721e6c9f33a040155341aa00dd43636db75,2026-08-18 08:07:04,2026-06-06 14:01:41,2026-05-09-OAK-SEA,cascades,spiders,16,26,2026-05-09 15:00:00
cbelfield,-5.32,79.58,gleahy,-14.07,86.5,0,0,0,"mmunoz,zraunig,nstoppel,dmourad,cbelfield,gleahy,slofink",True,2026-05-09-OAK-SEA,0,0,1,1,720.0,1,12,True,True,12,home,12,1778364384.0,18,False,"rvickersb,jwhealan,clankford,emagsig,klew,lgrench,arosentha",13,13,f6f4bd6c6f7ae9b31783b7b1b284dc9546fe5f66a0c5959a77e0e2094cd2b216,1778364384.0,False,12,675.352941176471,11.155666721447,-8.75,6.92,51.66103834043,d51a8f20bf01d81df22ec0692589054fcbfb2785bc59ad625a888b48e33039ea,0.973719888035012,0.0262801119649879,0.608616318578835,0.862671564820381,0.886672677787454,0.677452275494029,2835.35294117647,0.0,0.672,0.0240011129670725,0.0613237447200695,13.0,30e0a29a5a569789383ff7fde2ff385d061d21b4,2026-08-18 08:07:04,2026-06-06 14:01:41,2026-05-09-OAK-SEA,cascades,spiders,16,26,2026-05-09 15:00:00
gleahy,-14.07,86.5,dmourad,-4.89,79.15,0,0,0,"mmunoz,zraunig,nstoppel,dmourad,cbelfield,gleahy,slofink",True,2026-05-09-OAK-SEA,0,0,1,1,720.0,1,13,True,True,13,home,13,1778364388.0,18,False,"rvickersb,jwhealan,clankford,emagsig,klew,lgrench,arosentha",14,14,d115879f23159e541c911383c882cf25024f00768e0a4fb03168f0b3440830fa,1778364388.0,False,13,671.294117647059,11.7598852035213,9.18,-7.34999999999999,-128.682635256672,4ca92f7a3e4b854825c8f6fa9d3b8703f1d366467870d7441e5e348a413a86de,0.973979952460417,0.0260200475395832,0.608616318578835,0.885468303613614,0.859541330186661,0.706502084841433,2831.29411764706,0.0,0.665,-0.0259269734269529,-0.0662443904988801,14.0,8f51f2c132bb5ba87c00a9855b79a7ad851646fc,2026-08-18 08:07:04,2026-06-06 14:01:41,2026-05-09-OAK-SEA,cascades,spiders,16,26,2026-05-09 15:00:00
dmourad,-4.89,79.15,mmunoz,2.62,79.51,0,0,0,"mmunoz,zraunig,nstoppel,dmourad,cbelfield,gleahy,slofink",True,2026-05-09-OAK-SEA,0,0,1,1,720.0,1,14,True,True,14,home,14,1778364392.0,18,False,"rvickersb,jwhealan,clankford,emagsig,klew,lgrench,arosentha",15,15,dacc0aeeffcf0059f5dc3978010b6472f0abf46e0491d270ed79cee4cbf53ce7,1778364392.0,False,14,667.235294117647,7.51862354424,7.51,0.359999999999999,-87.2555654603222,eed1d53cc99520930756e0a355af92daa24faf16a42965477f6de13c4470889d,0.983278661981143,0.016721338018857,0.608616318578835,0.858222394262867,0.859893004421614,0.703279371353601,2827.23529411765,0.0,0.664,0.00167061015874681,0.00426847167638827,15.0,672996ec6da327763ba7d11c481f68ce81abf349,2026-08-18 08:07:04,2026-06-06 14:01:41,2026-05-09-OAK-SEA,cascades,spiders,16,26,2026-05-09 15:00:00
mmunoz,2.62,79.51,zraunig,-10.28,89.49,0,0,0,"mmunoz,zraunig,nstoppel,dmourad,cbelfield,gleahy,slofink",True,2026-05-09-OAK-SEA,0,0,1,1,720.0,1,15,True,True,15,home,15,1778364404.0,18,False,"rvickersb,jwhealan,clankford,emagsig,klew,lgrench,arosentha",16,16,22c4c1f4dc9de3be6a0b3b0067582554b3fbcd850b085124033856be50efa3a6,1778364404.0,False,15,663.176470588235,16.3098252596403,-12.9,9.97999999999999,52.2729079013236,55d24aea16f36b8455e619e44b307baa0e0f84a6c3a0a2c00d0f2b8c0e6922e9,0.956720509420203,0.0432794905797969,0.608616318578835,0.858699457088779,0.896843056882932,0.666771034190023,2823.17647058824,0.0,0.673,0.0381435997941528,0.0974583295237259,16.0,7db11adfe2f62ade9854fbd17b23beba7381428c,2026-08-18 08:07:04,2026-06-06 14:01:41,2026-05-09-OAK-SEA,cascades,spiders,16,26,2026-05-09 15:00:00
zraunig,-10.28,89.49,slofink,-4.45,79.58,0,0,0,"mmunoz,zraunig,nstoppel,dmourad,cbelfield,gleahy,slofink",True,2026-05-09-OAK-SEA,0,0,1,1,720.0,1,16,True,True,16,home,16,1778364406.0,18,False,"rvickersb,jwhealan,clankford,emagsig,klew,lgrench,arosentha",17,17,4069223ac3e04eabbfabb9534c7d48f0734de0e406120dbe4b78f5a89801cc2c,1778364406.0,False,16,659.117647058824,11.4976954212572,5.83,-9.91,-149.531928477397,ac02ff4dd03a72e25e7c3089c49ac151dad393d7fecca9b73f8aa6118678a2fc,0.976041393046511,0.0239586069534889,0.608616318578835,0.896016789385621,0.857753314872231,0.698914622488604,2819.11764705882,0.0,0.663,-0.0382634745133899,-0.09776461393191,17.0,27f51de56b423e0084af15c7950309d377c12fb4,2026-08-18 08:07:04,2026-06-06 14:01:41,2026-05-09-OAK-SEA,cascades,spiders,16,26,2026-05-09 15:00:00
slofink,-4.45,79.58,zraunig,-16.84,109.07,0,0,0,"mmunoz,zraunig,nstoppel,dmourad,cbelfield,gleahy,slofink",True,2026-05-09-OAK-SEA,1,0,1,1,720.0,1,17,True,True,17,home,17,1778364414.0,19,False,"rvickersb,jwhealan,clankford,emagsig,klew,lgrench,arosentha",18,19,b34749003bbb51a426bf1b208eebe4fc642eabcb90abd1258b18937cce751b1f,1778364414.0,False,17,655.058823529412,31.9870630099107,-12.39,29.49,22.7893419056133,3e4443c38ad55f518da55d5894a0a7312822114013f7e6ae736715d06bbb8721,0.864311445083729,0.135688554916271,0.608616318578835,0.856778621315064,1.0,0.620683033472899,2815.05882352941,0.0,0.687,0.143221378684936,0.365935999592217,19.0,7faf324c2d45e70320f152b8a61590a2dceecfc3,2026-08-18 08:07:04,2026-06-06 14:01:41,2026-05-09-OAK-SEA,cascades,spiders,16,26,2026-05-09 15:00:00
cboydflie,0.0,40.0,dritthale,-7.71,14.31,0,0,0,"mawais,wfrankenb,dritthale,dwhited,cboydflie,arees,lgordon",False,2026-05-09-OAK-SEA,1,0,1,2,651.0,1,1,True,True,18,away,4,1778364508.0,18,False,"isweeney,jbrown,mobrien2,alantz,rmcleod,gharris,bkassmull",5,27,7fac3a324a38dcc7d98b2251bac312b0a3c9f2f029b39325159cc44604b3bc96,1778364508.0,False,18,651.0,26.8220096189678,-7.71,-25.69,163.294617590172,b584b70e99d6414ab87e534861bd49b0193ab986f4755b314dd362b9f18a417b,0.981427614965894,0.0185723850341064,0.613123269286495,0.694634493000636,0.621152445006047,0.930966573704006,2811.0,1.0,0.703,-0.0734820479945891,-0.189936592617158,27.0,d5b17b6d833187a223407ce8c38d475ba2af90e7,2026-08-18 08:07:04,2026-06-06 14:01:41,2026-05-09-OAK-SEA,cascades,spiders,16,26,2026-05-09 15:00:00
dritthale,-7.71,14.31,cboydflie,-11.74,12.68,0,0,0,"mawais,wfrankenb,dritthale,dwhited,cboydflie,arees,lgordon",False,2026-05-09-OAK-SEA,1,0,1,2,651.0,1,2,True,True,19,away,5,1778364516.0,18,False,"isweeney,jbrown,mobrien2,alantz,rmcleod,gharris,bkassmull",6,29,a1916fa58a7181c9b03eefcbcc01f37bcd38fcea0739e169e8ef312f0c8c8059,1778364516.0,False,19,649.0,4.34715999245484,-4.03,-1.63,112.021682649573,8c6d8a735f18aaf489f7beb8ea8c032cbeb4e88938cf425de7580de2e785302f,0.994555103492239,0.00544489650776092,0.613123269286495,0.620407114533544,0.613825733086706,0.929798115446092,2809.0,1.0,0.703,-0.0065813814468384,-0.0170115722253457,29.0,5c0012961da0d884ca60b93a697cd2c60b256b98,2026-08-18 08:07:04,2026-06-06 14:01:41,2026-05-09-OAK-SEA,cascades,spiders,16,26,2026-05-09 15:00:00
cboydflie,-11.74,12.68,dritthale,-10.64,108.75,0,0,0,"mawais,wfrankenb,dritthale,dwhited,cboydflie,arees,lgordon",False,2026-05-09-OAK-SEA,1,1,1,2,651.0,1,3,True,True,20,away,6,1778364519.0,19,False,"isweeney,jbrown,mobrien2,alantz,rmcleod,gharris,bkassmull",7,31,2c5e56b2d0fcb6b67f76dad218101ce12bfa60388035eb36e85f3535781fe53c,1778364519.0,False,20,647.0,96.0762972850224,1.1,96.07,-0.656007113853363,08fca36c9a82e1f47ea7b243865fc6ef5113f191fc687819367f9a40e080d5f8,0.412638976821387,0.587361023178613,0.613123269286495,0.613123269286495,1.0,0.631011076671404,2807.0,1.0,0.626,0.386876730713505,1.0,31.0,d4baf12ed742e7d1dc14b186dd78eb5016d27ba5,2026-08-18 08:07:04,2026-06-06 14:01:41,2026-05-09-OAK-SEA,cascades,spiders,16,26,2026-05-09 15:00:00
isweeney,9.34,37.47,gharris,-0.69,33.24,0,0,0,"isweeney,jbrown,mobrien2,alantz,rmcleod,gharris,bkassmull",True,2026-05-09-OAK-SEA,1,0,1,2,645.0,2,1,False,False,21,home,21,,18,False,"mawais,wfrankenb,dritthale,dwhited,cboydflie,arees,lgordon",22,26,735de58aef1bf168fa057be08e640799268661803b9a15840c8d53d8a0071f48,1778364504.5,True,21,645.0,10.8854857493821,-10.03,-4.23,112.866845437235,c393206833f03930c39288ae186e1d907a876c6f0303386e9a62374ae68174a0,0.988475470306119,0.0115245296938806,0.666536045975706,0.682111325301827,0.670650015560923,0.884346665988479,2805.0,1.0,0.778,-0.0114613097409043,-0.0343704607427204,26.0,6a4e10d7f00cb75b582fc5849dc27d92fdd38a73,2026-08-18 08:07:04,2026-06-06 14:01:41,2026-05-09-OAK-SEA,cascades,spiders,16,26,2026-05-09 15:00:00
gharris,-0.69,33.24,,-17.13,36.68,1,0,0,"isweeney,jbrown,mobrien2,alantz,rmcleod,gharris,bkassmull",True,2026-05-09-OAK-SEA,1,0,1,2,645.0,2,2,False,False,22,home,22,,22,False,"mawais,wfrankenb,dritthale,dwhited,cboydflie,arees,lgordon",23,28,3f210edd00f878101f7d422bbcb037915bff2689796a198c71793a4346ba50f3,1778364511.25,True,22,623.0,16.7960471540181,-16.44,3.44,78.1816176267293,7115e938af97734ca5365263df5e16f7af40566e825542ce586aace982054065,0.982093600637095,-0.982093600637095,0.666536045975706,0.666536045975706,0.663098524360069,0.859477239626779,2783.0,1.0,0.652,-0.859477239626779,-0.859477239626779,28.0,beedda110de0a2cb6123097f7688ddd97bf8a4e5,2026-08-18 08:07:04,2026-06-06 14:01:41,2026-05-09-OAK-SEA,cascades,spiders,16,26,2026-05-09 15:00:00
tli,15.0,24.68,mmunoz,7.57,24.75,0,0,0,"zraunig,slofink,nstoppel,tli,cbelfield,ksmart,mmunoz",True,2026-05-09-OAK-SEA,1,1,1,3,601.0,1,1,True,True,23,home,25,1778364564.0,18,False,"arosentha,ichang,cbernard,tgoss,aorme,mwilliams,klew",26,35,4b380b0fea134dfc2805f5e1e85e40434e0ca5fc2ed486948a90a6eef78d6306,1778364564.0,False,23,601.0,7.43032973696323,-7.43,0.0700000000000003,89.4602172397659,b817e48eefe2c4ce5ca919a6fdfc29832dfbd70c80683f6213aaeb0efb775798,0.990345484921607,0.00965451507839254,0.630296360043516,0.630296360043516,0.640356422837725,0.913566605043835,2761.0,0.0,0.615,0.0100600627942092,0.0272111543056307,35.0,455bc6752977d806b8d94fb00850998236e55dbb,2026-08-18 08:07:04,2026-06-06 14:01:41,2026-05-09-OAK-SEA,cascades,spiders,16,26,2026-05-09 15:00:00
mmunoz,7.57,24.75,cbelfield,-0.08,29.27,0,0,0,"zraunig,slofink,nstoppel,tli,cbelfield,ksmart,mmunoz",True,2026-05-09-OAK-SEA,1,1,1,3,601.0,1,2,True,True,24,home,26,1778364569.0,18,False,"arosentha,ichang,cbernard,tgoss,aorme,mwilliams,klew",27,36,c7368571ee6c38b23bcd6a8310f34a831535376821d62ce630ec424044371c38,1778364569.0,False,24,596.588235294118,8.88554444026926,-7.65,4.52,59.423296503688,8566f4a7eabc142752d0f25ecc06f257cdbf19d3d6b86380dd92a5cc8adca838,0.989199080466634,0.0108009195333661,0.630296360043516,0.640664645138541,0.654610965143467,0.897802086362587,2756.58823529412,0.0,0.617,0.0139463200049265,0.0377229718554245,36.0,1baeebc8b9f8a3c473558334d047be78db6ff5ff,2026-08-18 08:07:04,2026-06-06 14:01:41,2026-05-09-OAK-SEA,cascades,spiders,16,26,2026-05-09 15:00:00
cbelfield,-0.08,29.27,,4.15,101.35,1,0,0,"zraunig,slofink,nstoppel,tli,cbelfield,ksmart,mmunoz",True,2026-05-09-OAK-SEA,1,1,1,3,601.0,1,3,True,True,25,home,27,1778364577.0,22,False,"arosentha,ichang,cbernard,tgoss,aorme,mwilliams,klew",28,38,188238765f59937ef67028d77fd3ff17069ed9e4e8b97a1c21293211992589a7,1778364577.0,False,25,592.176470588235,72.2040116614029,4.23,72.08,-3.35853909408135,3c49d26ff8e744e0dedad7b798af961436d596d4e4e35ebe291961438598dcf8,0.561224858867651,-0.561224858867651,0.630296360043516,0.655005733019954,0.933633493564211,0.629572559181685,2752.17647058824,0.0,0.521,-0.629572559181685,-0.629572559181685,38.0,9f340b8c4569e7d9566590e4e7eda54474ccdf87,2026-08-18 08:07:04,2026-06-06 14:01:41,2026-05-09-OAK-SEA,cascades,spiders,16,26,2026-05-09 15:00:00
tgoss,-0.62,22.43,ichang,-17.94,25.77,0,0,0,"arosentha,ichang,cbernard,tgoss,aorme,mwilliams,klew",False,2026-05-09-OAK-SEA,1,1,1,3,601.0,2,1,False,False,26,away,10,1778364585.0,18,False,"zraunig,slofink,nstoppel,tli,cbelfield,ksmart,mmunoz",11,39,8ffd4d77c0600b9e342ac231ca80572c5fb518c2f76a00bfb908665e11d6b327,1778364585.0,False,26,587.764705882353,17.639104285649,-17.32,3.34,79.0850288404365,4645c15cd40fb51e85cccab8dddaf5ce99422b8ba55779be5196c0875bbe5bb0,0.984245445610848,0.0157545543891524,0.628185040408838,0.636604346077603,0.627620780797542,0.903253027711484,2747.76470588235,0.0,0.521,-0.00898356528006106,-0.0241613874007091,39.0,c720e0ce2ae5bf04b495d4fcfff926f2f5cbe0df,2026-08-18 08:07:04,2026-06-06 14:01:41,2026-05-09-OAK-SEA,cascades,spiders,16,26,2026-05-09 15:00:00
ichang,-17.94,25.77,aorme,-5.19,28.22,0,0,0,"arosentha,ichang,cbernard,tgoss,aorme,mwilliams,klew",False,2026-05-09-OAK-SEA,1,1,1,3,601.0,2,2,False,False,27,away,11,1778364590.0,18,False,"zraunig,slofink,nstoppel,tli,cbelfield,ksmart,mmunoz",12,40,6e8e9d97a98791d8eadb7ae97420f849f0442cefcab49d8ba18760387cd97fe1,1778364590.0,False,27,583.352941176471,12.9832584507896,12.75,2.45,-79.122806876848,2fcb1ab48f82321d1ce4600f58fe87f7eab44a732158ebb15a8598ccee451e2c,0.982355784202648,0.017644215797352,0.628185040408838,0.628185040408838,0.652465626021331,0.902059806147178,2743.35294117647,0.0,0.516,0.024280585612493,0.065302874416864,40.0,b7220ed660d67cf5d7685479fc066a499ad658b6,2026-08-18 08:07:04,2026-06-06 14:01:41,2026-05-09-OAK-SEA,cascades,spiders,16,26,2026-05-09 15:00:00
aorme,-5.19,28.22,klew,18.55,29.45,0,0,0,"arosentha,ichang,cbernard,tgoss,aorme,mwilliams,klew",False,2026-05-09-OAK-SEA,1,1,1,3,601.0,2,3,False,False,28,away,12,1778364592.0,18,False,"zraunig,slofink,nstoppel,tli,cbelfield,ksmart,mmunoz",13,41,79ebcfb3b4919c40a22d6b19e790f91cda8ad2c0aca03a33466fb63874ff2977,1778364592.0,False,28,578.941176470588,23.7718425873974,23.74,1.23,-87.0340838254742,35fbccd68802c289b186745b3f612c4cf0de52547719941ba474ae73b619ba84,0.975278419434954,0.0247215805650461,0.628185040408838,0.653072117786827,0.634070909075672,0.889612912168784,2738.94117647059,0.0,0.519,-0.019001208711155,-0.0511039381848654,41.0,40e8cca9cb60dfe7b16fdc05639119a756c322b7,2026-08-18 08:07:04,2026-06-06 14:01:41,2026-05-09-OAK-SEA,cascades,spiders,16,26,2026-05-09 15:00:00
klew,18.55,29.45,cbernard,21.48,55.7,0,0,0,"arosentha,ichang,cbernard,tgoss,aorme,mwilliams,klew",False,2026-05-09-OAK-SEA,1,1,1,3,601.0,2,4,False,False,29,away,13,1778364597.0,18,False,"zraunig,slofink,nstoppel,tli,cbelfield,ksmart,mmunoz",14,42,d5eb4f57548db85c2a1d811aef6db5e5437904bfc34675dfcf27c27091b18001,1778364597.0,False,29,574.529411764706,26.4130157308854,2.93,26.25,-6.36893784911535,dce416e3932c8b50ef05f0ef9f5f3e4e210f594bead2dd5f7c0a9c5684ecfe19,0.920916115733156,0.0790838842668444,0.628185040408838,0.634740592498987,0.718861532894195,0.760414775788781,2734.52941176471,0.0,0.502,0.0841209403952077,0.226244098644403,42.0,114f69855e92122be40bc24cd862bbde8a19f862,2026-08-18 08:07:04,2026-06-06 14:01:41,2026-05-09-OAK-SEA,cascades,spiders,16,26,2026-05-09 15:00:00
cbernard,21.48,55.7,ichang,16.64,59.86,0,0,0,"arosentha,ichang,cbernard,tgoss,aorme,mwilliams,klew",False,2026-05-09-OAK-SEA,1,1,1,3,601.0,2,5,False,False,30,away,14,1778364599.0,18,False,"zraunig,slofink,nstoppel,tli,cbelfield,ksmart,mmunoz",15,43,80980fb5718c34d03c5881056c611189b3ab1f69e5581798b343f6dbb292df8e,1778364599.0,False,30,570.117647058824,6.38209996787891,-4.84,4.16,49.3208049549845,a61e538c906039b5300c0377458ba091a37f8edb368e65776e23b18bb6b524c6,0.986221655158115,0.0137783448418848,0.628185040408838,0.719477509413225,0.756620381196585,0.759692275369637,2730.11764705882,0.0,0.493,0.0371428717833594,0.099896119898459,43.0,6d021e6b0be9cae2c9c5d020d42307d3c9d06f69,2026-08-18 08:07:04,2026-06-06 14:01:41,2026-05-09-OAK-SEA,cascades,spiders,16,26,2026-05-09 15:00:00
ichang,16.64,59.86,klew,3.0,61.77,0,0,0,"arosentha,ichang,cbernard,tgoss,aorme,mwilliams,klew",False,2026-05-09-OAK-SEA,1,1,1,3,601.0,2,6,False,False,31,away,15,1778364601.0,18,False,"zraunig,slofink,nstoppel,tli,cbelfield,ksmart,mmunoz",16,44,b5a11ced533e5b23cfae5675e95fd68652eb0dac4ddbc5c72353a41114576eb2,1778364601.0,False,31,565.705882352941,13.7730788133954,-13.64,1.91,82.0287416835797,a0b876e22c495e3371ec03899ab5ba8361d546dda61756df0a749d8067695adb,0.974026951191159,0.0259730488088408,0.628185040408838,0.75720243572706,0.777705588372928,0.762642315317658,2725.70588235294,0.0,0.488,0.020503152645868,0.0551434312067829,44.0,a48b7085fcebbdf56ece467898ccef47248891cc,2026-08-18 08:07:04,2026-06-06 14:01:41,2026-05-09-OAK-SEA,cascades,spiders,16,26,2026-05-09 15:00:00
klew,3.0,61.77,aorme,-7.85,64.84,0,0,0,"arosentha,ichang,cbernard,tgoss,aorme,mwilliams,klew",False,2026-05-09-OAK-SEA,1,1,1,3,601.0,2,7,False,False,32,away,16,1778364603.0,18,False,"zraunig,slofink,nstoppel,tli,cbelfield,ksmart,mmunoz",17,45,18be1845bdcd0b151d4ab01aaac5bf5c5ad3bd15664113af351a8b640a1790df,1778364603.0,False,32,561.294117647059,11.2759655905825,-10.85,3.07,74.2011760012687,c1f303762fe38ca7019f3eeab5f0851f438dad0d80b7297189a0bcc65561929e,0.980457359906846,0.0195426400931541,0.628185040408838,0.778263110675155,0.790710134280913,0.749561643600955,2721.29411764706,0.0,0.484,0.0124470236057577,0.0334763927181523,45.0,578f0b3d7654d437a186081a7fb0627010f43495,2026-08-18 08:07:04,2026-06-06 14:01:41,2026-05-09-OAK-SEA,cascades,spiders,16,26,2026-05-09 15:00:00
aorme,-7.85,64.84,klew,-16.1,68.86,0,0,0,"arosentha,ichang,cbernard,tgoss,aorme,mwilliams,klew",False,2026-05-09-OAK-SEA,1,1,1,3,601.0,2,8,False,False,33,away,17,1778364606.0,18,False,"zraunig,slofink,nstoppel,tli,cbelfield,ksmart,mmunoz",18,46,7b6f1c7cc1b8129bff775ce703c45a428af87731cb1193be42ca4b6304b70f79,1778364606.0,False,33,556.882352941176,9.17730352554605,-8.25,4.02,64.021288670422,37348a4bc080729cea64492f6953127941238f94d1f86d74277d82c3b69707a1,0.983987241045225,0.0160127589547752,0.628185040408838,0.791246329522488,0.801371924091155,0.722994591435948,2716.88235294118,0.0,0.481,0.0101255945686669,0.0272328864330815,46.0,761aeca1ad7a10c323bb6910cbfc3133613f0a78,2026-08-18 08:07:04,2026-06-06 14:01:41,2026-05-09-OAK-SEA,cascades,spiders,16,26,2026-05-09 15:00:00
klew,-16.1,68.86,aorme,-3.82,74.04,0,0,0,"arosentha,ichang,cbernard,tgoss,aorme,mwilliams,klew",False,2026-05-09-OAK-SEA,1,1,1,3,601.0,2,9,False,False,34,away,18,1778364608.0,18,False,"zraunig,slofink,nstoppel,tli,cbelfield,ksmart,mmunoz",19,47,2f1d5343cf3e3c77a691a40dd5e31599eefdd63a9bef3574557b51ab78c0fa2d,1778364608.0,False,34,552.470588235294,13.3278205270029,12.28,5.18000000000001,-67.1288103771962,b1127be8ba556debb66b93c36a7c1f9c334ef1c3e27ad900e331d149439b7334,0.96911862313158,0.0308813768684201,0.628185040408838,0.801882289613452,0.832381016657705,0.715751325405614,2712.47058823529,0.0,0.472,0.030498727044253,0.0820266271098631,47.0,c589f443e4c5455664200a6ec012ebad9b407c47,2026-08-18 08:07:04,2026-06-06 14:01:41,2026-05-09-OAK-SEA,cascades,spiders,16,26,2026-05-09 15:00:00
aorme,-3.82,74.04,klew,11.25,76.09,0,0,0,"arosentha,ichang,cbernard,tgoss,aorme,mwilliams,klew",False,2026-05-09-OAK-SEA,1,1,1,3,601.0,2,10,False,False,35,away,19,1778364613.0,18,False,"zraunig,slofink,nstoppel,tli,cbelfield,ksmart,mmunoz",20,48,5d389b2541435926f052d36086948ecce60d23cb4e8a197dbc59a5985a9bba89,1778364613.0,False,35,548.058823529412,15.2087935090197,15.07,2.05,-82.2534976539473,28e783820209dcaeb42471a44aef6f3260452ade754209deee6da30501468cd5,0.96904945183322,0.0309505481667799,0.628185040408838,0.832816798968412,0.839424551003916,0.705974801836379,2708.05882352941,0.0,0.47,0.00660775203550401,0.0177716142534171,48.0,8ccb927d27a7717b91c915be52bfc3dfd9377cef,2026-08-18 08:07:04,2026-06-06 14:01:41,2026-05-09-OAK-SEA,cascades,spiders,16,26,2026-05-09 15:00:00
klew,11.25,76.09,aorme,16.64,84.34,0,0,0,"arosentha,ichang,cbernard,tgoss,aorme,mwilliams,klew",False,2026-05-09-OAK-SEA,1,1,1,3,601.0,2,11,False,False,36,away,20,1778364616.0,18,False,"zraunig,slofink,nstoppel,tli,cbelfield,ksmart,mmunoz",21,49,da6f0c36c96e5100d3ad53ce887065c2085d133b72bdb1c6b26d5fe65a3e2be4,1778364616.0,False,36,543.647058823529,9.85467401794702,5.39,8.25,-33.1579238846722,82a66bb51f33c5a56a7c98402adc1aea663c853062481a63641c434dcd66bde8,0.978118352945276,0.0218816470547235,0.628185040408838,0.839827807072793,0.868723137446579,0.6687359549053,2703.64705882353,0.0,0.461,0.0288953303737851,0.0777142759547859,49.0,bd05f02c3709c964b31396af92f3c090daaa8b14,2026-08-18 08:07:04,2026-06-06 14:01:41,2026-05-09-OAK-SEA,cascades,spiders,16,26,2026-05-09 15:00:00
aorme,16.64,84.34,klew,8.11,87.61,0,0,0,"arosentha,ichang,cbernard,tgoss,aorme,mwilliams,klew",False,2026-05-09-OAK-SEA,1,1,1,3,601.0,2,12,False,False,37,away,21,1778364618.0,18,False,"zraunig,slofink,nstoppel,tli,cbelfield,ksmart,mmunoz",22,50,53c6b9fb386b8618ec9fb8e289880be9f09b639751f745a931152b6e3173f391,1778364618.0,False,37,539.235294117647,9.13530513995017,-8.53,3.27,69.0255305172917,a45855a087186f9077fd11d506b68ce322e98666224f65198b1764490f9c95e7,0.972818063705458,0.0271819362945421,0.628185040408838,0.869043744739772,0.888841543126042,0.670806778760697,2699.23529411765,0.0,0.455,0.0197977983862704,0.0532463739706426,50.0,bf88ffc5f0d4a50c1fdc4014683218daeaef4e76,2026-08-18 08:07:04,2026-06-06 14:01:41,2026-05-09-OAK-SEA,cascades,spiders,16,26,2026-05-09 15:00:00
klew,8.11,87.61,cbernard,-9.42,89.38,0,0,0,"arosentha,ichang,cbernard,tgoss,aorme,mwilliams,klew",False,2026-05-09-OAK-SEA,1,1,1,3,601.0,2,13,False,False,38,away,22,1778364620.0,18,False,"zraunig,slofink,nstoppel,tli,cbelfield,ksmart,mmunoz",23,51,023537d87527346f92829c1f657d6411486d1e3eb882580172140dd82d8e1cd2,1778364620.0,False,38,534.823529411765,17.6191316471613,-17.53,1.77,84.2343987892832,b278707052687aafe653b4038894a564e7bfc26ad6f9f12fe61d020a0b712f0f,0.951937225563673,0.0480627744363274,0.628185040408838,0.889098753784245,0.89557186638669,0.665154507125924,2694.82352941176,0.0,0.452,0.00647311260244521,0.0174095001706302,51.0,b6b828798d5dec7e79428c91410c239ebdf95bac,2026-08-18 08:07:04,2026-06-06 14:01:41,2026-05-09-OAK-SEA,cascades,spiders,16,26,2026-05-09 15:00:00
cbernard,-9.42,89.38,ichang,-10.03,106.7,0,0,0,"arosentha,ichang,cbernard,tgoss,aorme,mwilliams,klew",False,2026-05-09-OAK-SEA,1,2,1,3,601.0,2,14,False,False,39,away,23,1778364627.0,19,False,"zraunig,slofink,nstoppel,tli,cbelfield,ksmart,mmunoz",24,53,7ecc6b557e76490c6607b865c5c8cfb4d19a31a25b6812e695beb39eec3d1f04,1778364627.0,False,39,530.411764705882,17.3307385878387,-0.609999999999999,17.32,2.01708922294543,dad6e8c0cfe399551ccc6863d794c2687ed4ff195d00fe777b80dd3732e4f557,0.934872580708129,0.065127419291871,0.628185040408838,0.895796259040282,1.0,0.636378386206213,2690.41176470588,0.0,0.434,0.104203740959718,0.280256988783609,53.0,a25464889e01a7ae0c1098f86b511af06f94da85,2026-08-18 08:07:04,2026-06-06 14:01:41,2026-05-09-OAK-SEA,cascades,spiders,16,26,2026-05-09 15:00:00
korser,0.65,10.92,dmourad,2.84,16.89,0,0,0,"jbrown,rmcleod,korser,alantz,dmourad,bkassmull,cbelfield",True,2026-05-09-OAK-SEA,1,2,1,4,526.0,1,1,True,True,40,home,30,1778364687.0,18,False,"rvickersb,jwhealan,clankford,emagsig,klew,lgrench,aorme",31,56,cadc7f4044eecf3019ec81e1b3e046ac3253fe70b11f54d7a47513ec8dcfecd5,1778364687.0,False,40,526.0,6.35900935681023,2.19,5.97,-20.1447628670635,5856baef71b556c270a7e1bc153dc845e0cce583d9213962d7f6192fb86623af,0.992829396907294,0.00717060309270567,0.60643013406127,0.618820949805472,0.63206715235202,0.932332618471671,2686.0,-1.0,0.431,0.0132462025465476,0.0336565466336027,56.0,19fbcaaa23f3af9691d0520fd54282741690b7a3,2026-08-18 08:07:04,2026-06-06 14:01:41,2026-05-09-OAK-SEA,cascades,spiders,16,26,2026-05-09 15:00:00
dmourad,2.84,16.89,korser,-3.14,17.91,0,0,0,"jbrown,rmcleod,korser,alantz,dmourad,bkassmull,cbelfield",True,2026-05-09-OAK-SEA,1,2,1,4,526.0,1,2,True,True,41,home,31,1778364693.0,18,False,"rvickersb,jwhealan,clankford,emagsig,klew,lgrench,aorme",32,58,6a8c6a9fa9a3fdb79acbff66097c49282547b7e50acf822023e19ca9e69ad82e,1778364693.0,False,41,525.7,6.06636629293023,-5.98,1.02,80.3202964737222,4fcb555196513c5b14f486909178585adb66b2c7598e42c1e08f7bf06b4017fa,0.99344699194224,0.00655300805775993,0.60643013406127,0.632100372493315,0.634438092123109,0.932343830436717,2685.7,-1.0,0.431,0.00233771962979346,0.0059397830782029,58.0,71c7993aaaef203d1c41f5d27112891832eff685,2026-08-18 08:07:04,2026-06-06 14:01:41,2026-05-09-OAK-SEA,cascades,spiders,16,26,2026-05-09 15:00:00
korser,-3.14,17.91,bkassmull,8.67,15.29,0,0,0,"jbrown,rmcleod,korser,alantz,dmourad,bkassmull,cbelfield",True,2026-05-09-OAK-SEA,1,2,1,4,526.0,1,3,True,True,42,home,32,1778364698.0,18,False,"rvickersb,jwhealan,clankford,emagsig,klew,lgrench,aorme",33,59,971ff188fd41e83bca528c3eab4f7fd60d42c98491d752d6ee34a62d5aad0d04,1778364698.0,False,42,525.4,12.0971277582739,11.81,-2.62,-102.508258699179,4e21830f3fc963339dcf7cbada1a7258e84654b6496e75680a0334478c99b05b,0.989820225649922,0.0101797743500782,0.60643013406127,0.634471017493931,0.626743602259589,0.9319587609631,2685.4,-1.0,0.43,-0.00772741523434139,-0.0196341638501978,59.0,fcd497ebd2f8762edebef2862925ca180b86774c,2026-08-18 08:07:04,2026-06-06 14:01:41,2026-05-09-OAK-SEA,cascades,spiders,16,26,2026-05-09 15:00:00
bkassmull,8.67,15.29,cbelfield,15.81,24.39,0,0,0,"jbrown,rmcleod,korser,alantz,dmourad,bkassmull,cbelfield",True,2026-05-09-OAK-SEA,1,2,1,4,526.0,1,4,True,True,43,home,33,1778364700.0,18,False,"rvickersb,jwhealan,clankford,emagsig,klew,lgrench,aorme",34,60,7c16751500aa857d3a0c53d2a98eb06438b4e51a293f959527158d56b9ce1dda,1778364700.0,False,43,525.1,11.5667454368115,7.14,9.1,-38.118276369363,24aae19707676e618b6a0f02c34f3a5eeb0300e97168f2cb925e12af23888efc,0.987164348956642,0.0128356510433582,0.60643013406127,0.626776607180244,0.637832273949282,0.914912739792903,2685.1,-1.0,0.432,0.0110556667690377,0.0280907349008239,60.0,1ff5fc83a9cc2225509114afab303a72d4b1ba46,2026-08-18 08:07:04,2026-06-06 14:01:41,2026-05-09-OAK-SEA,cascades,spiders,16,26,2026-05-09 15:00:00
cbelfield,15.81,24.39,dmourad,5.1,13.9,0,0,0,"jbrown,rmcleod,korser,alantz,dmourad,bkassmull,cbelfield",True,2026-05-09-OAK-SEA,1,2,1,4,526.0,1,5,True,True,44,home,34,1778364706.0,18,False,"rvickersb,jwhealan,clankford,emagsig,klew,lgrench,aorme",35,61,eb380fb4ef7538f719603c9e3eeaa987d723547d17960530c6cb7b6cf7a31e4c,1778364706.0,False,44,524.8,14.9914709084866,-10.71,-10.49,134.405442497931,b35939d9a8693f76d359c0859e3017406a6d51ed4b373d60122b19b1bfbd1c1b,0.987659570035101,0.012340429964899,0.60643013406127,0.637864662176162,0.624980472232502,0.932275158468201,2684.8,-1.0,0.43,-0.01288418994366,-0.0327367287455534,61.0,e595d589c01b8c786973c40e4609320505e842fc,2026-08-18 08:07:04,2026-06-06 14:01:41,2026-05-09-OAK-SEA,cascades,spiders,16,26,2026-05-09 15:00:00
dmourad,5.1,13.9,cbelfield,15.22,10.63,0,0,0,"jbrown,rmcleod,korser,alantz,dmourad,bkassmull,cbelfield",True,2026-05-09-OAK-SEA,1,2,1,4,526.0,1,6,True,True,45,home,35,1778364713.0,18,False,"rvickersb,jwhealan,clankford,emagsig,klew,lgrench,aorme",36,62,94e984e376d00d52b46bd76c2ebc13067b21533aa77fb704cf410a04b574e0eb,1778364713.0,False,45,524.5,10.6351915826655,10.12,-3.27,-107.906813568693,e7e2b68742d33dda54ad0a5595241efb715ccb907d55a5b989ac26f2d80cea79,0.992473471874588,0.0075265281254121,0.60643013406127,0.625013128878131,0.606397086711277,0.929663782724978,2684.5,-1.0,0.427,-0.0186160421668536,-0.0473004764286291,62.0,827b99d227fc955b20498b30b3f41d0e9d1e81b9,2026-08-18 08:07:04,2026-06-06 14:01:41,2026-05-09-OAK-SEA,cascades,spiders,16,26,2026-05-09 15:00:00
cbelfield,15.22,10.63,dmourad,7.14,15.87,0,0,0,"jbrown,rmcleod,korser,alantz,dmourad,bkassmull,cbelfield",True,2026-05-09-OAK-SEA,1,2,1,4,526.0,1,7,True,True,46,home,36,1778364716.0,18,False,"rvickersb,jwhealan,clankford,emagsig,klew,lgrench,aorme",37,63,7cf41a90e8dc59080931104544c85390d957d4c8ff7915e606e843a418cbbcba,1778364716.0,False,46,524.2,9.63036863261215,-8.08,5.24,57.0359921955531,786d38f03a6720826c9105856e2651177a9545527076ce852439f06ab6bd4ac9,0.988858113416918,0.0111418865830821,0.60643013406127,0.60643013406127,0.628956373942209,0.932161157009926,2684.2,-1.0,0.43,0.0225262398809389,0.0572356824809493,63.0,f92aeafe96cf44af5bf167db9848dd309bc6b9d2,2026-08-18 08:07:04,2026-06-06 14:01:41,2026-05-09-OAK-SEA,cascades,spiders,16,26,2026-05-09 15:00:00
dmourad,7.14,15.87,rmcleod,1.89,64.36,0,0,0,"jbrown,rmcleod,korser,alantz,dmourad,bkassmull,cbelfield",True,2026-05-09-OAK-SEA,1,2,1,4,526.0,1,8,True,True,47,home,37,1778364726.0,18,False,"rvickersb,jwhealan,clankford,emagsig,klew,lgrench,aorme",38,64,ef72905d9ece00fdfae4c78de1f27851ed2e706c71282d197e9e40b01d2ba774,1778364726.0,False,47,523.9,48.7733800346049,-5.25,48.49,6.17932913684338,1f062da3b5de7ecbdd97f373364cc1cb99915410c005744a706fd384170182c7,0.723502295858751,0.276497704141249,0.60643013406127,0.628988482699122,0.793377793034678,0.756925968598694,2683.9,-1.0,0.462,0.164389310335556,0.417687746350854,64.0,acf40d40bde76008d9b6ea9be3ebc6eb0928d107,2026-08-18 08:07:04,2026-06-06 14:01:41,2026-05-09-OAK-SEA,cascades,spiders,16,26,2026-05-09 15:00:00
rmcleod,1.89,64.36,bkassmull,-2.41,62.18,0,0,0,"jbrown,rmcleod,korser,alantz,dmourad,bkassmull,cbelfield",True,2026-05-09-OAK-SEA,1,2,1,4,526.0,1,9,True,True,48,home,38,1778364729.0,18,False,"rvickersb,jwhealan,clankford,emagsig,klew,lgrench,aorme",39,65,5169fd6716e2f397fffb2a2e245fd3fb80f54cce362350dfd644266a983614cf,1778364729.0,False,48,523.6,4.82103723279545,-4.3,-2.18,116.883948326644,fbbc5d74fe3c9ae85a1db8f2de79cf8a8067a8dd4d4f19bf11ba1e420787828b,0.990232942314399,0.00976705768560093,0.60643013406127,0.793400204618246,0.784077992436061,0.765870471680549,2683.6,-1.0,0.46,-0.0093222121821851,-0.0236862955957008,65.0,738c9aea7b1c20f3e3b87f9b91b9971d64fe3bee,2026-08-18 08:07:04,2026-06-06 14:01:41,2026-05-09-OAK-SEA,cascades,spiders,16,26,2026-05-09 15:00:00
bkassmull,-2.41,62.18,,6.7,79.58,1,0,0,"jbrown,rmcleod,korser,alantz,dmourad,bkassmull,cbelfield",True,2026-05-09-OAK-SEA,1,2,1,4,526.0,1,10,True,True,49,home,39,1778364738.0,22,False,"rvickersb,jwhealan,clankford,emagsig,klew,lgrench,aorme",40,67,c297d29b9b24223e4e188186b69a8ab0df5f1c86e531e826ce314652b522f172,1778364738.0,False,49,523.3,19.6405728022377,9.11,17.4,-27.6349003866292,7b1e329f00f5eb23d15eb08540d35773e79cd1440d8473f84ce49ff6087781fc,0.947017060236587,-0.947017060236587,0.60643013406127,0.784100991418813,0.857836399460799,0.699052307192548,2683.3,-1.0,0.33,-0.699052307192548,-0.699052307192548,67.0,37c6a42c900d1ed1ac25e3f7f0c924da71082b88,2026-08-18 08:07:04,2026-06-06 14:01:41,2026-05-09-OAK-SEA,cascades,spiders,16,26,2026-05-09 15:00:00
emagsig,7.5,42.47,lgrench,6.27,114.4,0,0,0,"rvickersb,jwhealan,clankford,emagsig,klew,lgrench,aorme",False,2026-05-09-OAK-SEA,1,3,1,4,523.0,2,1,False,False,50,away,27,1778364755.0,19,False,"jbrown,rmcleod,korser,alantz,dmourad,bkassmull,cbelfield",28,68,d8ae01d6370996e6323f7c16562ee6d192dc657a708873bce02331d74fe5c3ad,1778364755.0,False,50,523.0,71.9405157056856,-1.23,71.93,0.979659960480248,49eb7b187e034379f2d0e5af0167086734edf194165452e756ca4eff6d5d7b17,0.564456908581533,0.435543091418467,0.705904279370457,0.705904279370457,1.0,0.639254473991952,2683.0,-1.0,0.267,0.294095720629543,1.0,68.0,c5250efcf462c35cb7a277660f5d6d8e6c424d9c,2026-08-18 08:07:04,2026-06-06 14:01:41,2026-05-09-OAK-SEA,cascades,spiders,16,26,2026-05-09 15:00:00
slofink,26.08,44.12,nstoppel,24.18,66.4,0,0,0,"zraunig,nstoppel,tli,slofink,mmunoz,gleahy,ksmart",True,2026-05-09-OAK-SEA,1,3,1,5,450.0,1,1,True,True,51,home,42,1778364822.0,18,False,"arosentha,ichang,cbernard,tgoss,mwilliams,jvallee,cboydflie",43,73,8d2ceaa753b3cd7829fe1c66a59958d9176b95f0916030814e5ffdc717b664b0,1778364822.0,False,51,450.0,22.3608676039191,-1.9,22.28,4.87429224523544,a42a289c38f0796d4df8e38c402e333b52acb51505913e865c86ec79e6de7281,0.87190282944267,0.12809717055733,0.648407166303169,0.648407166303169,0.762912754304661,0.700498448128162,2610.0,-2.0,0.292,0.114505588001493,0.325676683445225,73.0,aa8360923bc686e5506853444f14bf6560f16001,2026-08-18 08:07:04,2026-06-06 14:01:41,2026-05-09-OAK-SEA,cascades,spiders,16,26,2026-05-09 15:00:00
nstoppel,24.18,66.4,mmunoz,20.83,70.33,0,0,0,"zraunig,nstoppel,tli,slofink,mmunoz,gleahy,ksmart",True,2026-05-09-OAK-SEA,1,3,1,5,450.0,1,2,True,True,52,home,43,1778364826.0,18,False,"arosentha,ichang,cbernard,tgoss,mwilliams,jvallee,cboydflie",44,74,f62b6487495dbf683c76314600353899657377a0e907494999171e0a7dc8a82a,1778364826.0,False,52,449.785714285714,5.16404879914975,-3.35,3.92999999999999,40.444847830773,3e90484aab6734daf71f082d6ee7e5115f697f6114572634c49666595acb1022,0.986229201717297,0.0137707982827031,0.648407166303169,0.762910905799157,0.79781972572539,0.708185603667444,2609.78571428571,-2.0,0.299,0.0349088199262327,0.0992876321146342,74.0,ace1e08521fdbf7f761aefadd1fc0c6f2f536442,2026-08-18 08:07:04,2026-06-06 14:01:41,2026-05-09-OAK-SEA,cascades,spiders,16,26,2026-05-09 15:00:00
mmunoz,20.83,70.33,slofink,16.24,67.86,0,0,0,"zraunig,nstoppel,tli,slofink,mmunoz,gleahy,ksmart",True,2026-05-09-OAK-SEA,1,3,1,5,450.0,1,3,True,True,53,home,44,1778364830.0,18,False,"arosentha,ichang,cbernard,tgoss,mwilliams,jvallee,cboydflie",45,75,e368857e28c4d7330eef7875a0607a33e8aa507cbef9aeb6c234b82fb7b3872e,1778364830.0,False,53,449.571428571429,5.21238908754901,-4.59,-2.47,118.285866010751,b0c5ec655a3591e3f3cf8d0cc8ff9991ec4bdeaa141e67789ff462495949512b,0.987335847193878,0.0126641528061215,0.648407166303169,0.797818047802794,0.800412561668889,0.734975296559263,2609.57142857143,-2.0,0.299,0.00259451386609488,0.00737931384668682,75.0,692c82ce62a0050d91c53e3c6313395971dcaab2,2026-08-18 08:07:04,2026-06-06 14:01:41,2026-05-09-OAK-SEA,cascades,spiders,16,26,2026-05-09 15:00:00
slofink,16.24,67.86,mmunoz,22.29,67.71,0,0,0,"zraunig,nstoppel,tli,slofink,mmunoz,gleahy,ksmart",True,2026-05-09-OAK-SEA,1,3,1,5,450.0,1,4,True,True,54,home,45,1778364833.0,18,False,"arosentha,ichang,cbernard,tgoss,mwilliams,jvallee,cboydflie",46,76,2db5930d232fbcad82db1bc99c4c83a6cce7a20f82fb3c0f42d91da5cc8bb56f,1778364833.0,False,54,449.357142857143,6.0518592184551,6.05,-0.150000000000006,-91.4202655463991,e0e29db4a227709a058c9f44473f1f50094c8408893d4b21ce47192161b4b462,0.987081884152438,0.0129181158475615,0.648407166303169,0.800410870833843,0.77917661954648,0.710044252027855,2609.35714285714,-2.0,0.295,-0.0212342512873626,-0.0603944371223228,76.0,7500b3932e1dcc52f62e16c0aee7f0a6f4ea543e,2026-08-18 08:07:04,2026-06-06 14:01:41,2026-05-09-OAK-SEA,cascades,spiders,16,26,2026-05-09 15:00:00
mmunoz,22.29,67.71,tli,16.24,60.0,0,0,0,"zraunig,nstoppel,tli,slofink,mmunoz,gleahy,ksmart",True,2026-05-09-OAK-SEA,1,3,1,5,450.0,1,5,True,True,55,home,46,1778364834.0,18,False,"arosentha,ichang,cbernard,tgoss,mwilliams,jvallee,cboydflie",47,77,65bae3b1df0d0e751a4306dfdc72b1520b39f003d850c989e9ef347554aa4ef8,1778364834.0,False,55,449.142857142857,9.80033672890885,-6.05,-7.70999999999999,141.878893161107,51198e88fef748a2423bc2f7d816548884c0d894f8fb5446c95565f7f8efb12a,0.983955198447588,0.0160448015524122,0.648407166303169,0.779174767285683,0.765982700543654,0.767638799114528,2609.14285714286,-2.0,0.292,-0.0131920667420283,-0.0375208635606136,77.0,3e714ae1f435231d278e21a6084f8683113dfd49,2026-08-18 08:07:04,2026-06-06 14:01:41,2026-05-09-OAK-SEA,cascades,spiders,16,26,2026-05-09 15:00:00
tli,16.24,60.0,mmunoz,15.15,53.51,0,0,0,"zraunig,nstoppel,tli,slofink,mmunoz,gleahy,ksmart",True,2026-05-09-OAK-SEA,1,3,1,5,450.0,1,6,True,True,56,home,47,1778364837.0,18,False,"arosentha,ichang,cbernard,tgoss,mwilliams,jvallee,cboydflie",48,78,73b71507fac6eeaa120eefc9f5ff8bab68ea5ba3375e5e22f212aabc7764b9ad,1778364837.0,False,56,448.928571428571,6.58089659544959,-1.09,-6.49,170.466111779339,9a367d86b61e3c521d71673b483d1ceb62c58025fa51ff74e511ec02da614d9f,0.989320847714295,0.0106791522857049,0.648407166303169,0.765980738528626,0.741370968058203,0.797761884124824,2608.92857142857,-2.0,0.288,-0.0246097704704232,-0.0699950855416,78.0,bf0cc655442a3e8ccf0b341b8f0896d19015f03a,2026-08-18 08:07:04,2026-06-06 14:01:41,2026-05-09-OAK-SEA,cascades,spiders,16,26,2026-05-09 15:00:00
mmunoz,15.15,53.51,tli,13.69,47.62,0,0,0,"zraunig,nstoppel,tli,slofink,mmunoz,gleahy,ksmart",True,2026-05-09-OAK-SEA,1,3,1,5,450.0,1,7,True,True,57,home,48,1778364841.0,18,False,"arosentha,ichang,cbernard,tgoss,mwilliams,jvallee,cboydflie",49,79,905b651231757adbab958e3aeb5bb1fded8ea80cf3e421f6f2d0e19f544bff7b,1778364841.0,False,57,448.714285714286,6.06825345548453,-1.46,-5.89,166.07825633871,d74ddb22caa8796a9c4d7c63a93df72ba8cbb85fc08cd9af8fb32a35a37488ef,0.990092455614922,0.0099075443850779,0.648407166303169,0.741368834939149,0.721159968145764,0.82537849395468,2608.71428571429,-2.0,0.285,-0.0202088667933843,-0.0574780395291271,79.0,2438327d7ad08c570beed8899b125a9e997317ba,2026-08-18 08:07:04,2026-06-06 14:01:41,2026-05-09-OAK-SEA,cascades,spiders,16,26,2026-05-09 15:00:00
tli,13.69,47.62,mmunoz,10.63,43.1,0,0,0,"zraunig,nstoppel,tli,slofink,mmunoz,gleahy,ksmart",True,2026-05-09-OAK-SEA,1,3,1,5,450.0,1,8,True,True,58,home,49,1778364846.0,18,False,"arosentha,ichang,cbernard,tgoss,mwilliams,jvallee,cboydflie",50,80,5497daee4499724a17a1eafc66ffda823450307d0d061097810e60792974f815,1778364846.0,False,58,448.5,5.45838804043831,-3.06,-4.52,145.902347421975,5edc4ac4ff5f47e2bf46a2e4032dc2a7d10e1b5a77d27ea1a0b6d956546531e1,0.990681356491576,0.0093186435084236,0.648407166303169,0.721157695071135,0.708669673360677,0.847048978582669,2608.5,-2.0,0.283,-0.0124880217104578,-0.035518419357847,80.0,4fb65386acd25197158ef544b6ce56c3cc42bcc8,2026-08-18 08:07:04,2026-06-06 14:01:41,2026-05-09-OAK-SEA,cascades,spiders,16,26,2026-05-09 15:00:00
mmunoz,10.63,43.1,ksmart,15.81,57.59,0,0,0,"zraunig,nstoppel,tli,slofink,mmunoz,gleahy,ksmart",True,2026-05-09-OAK-SEA,1,3,1,5,450.0,1,9,True,True,59,home,50,1778364848.0,18,False,"arosentha,ichang,cbernard,tgoss,mwilliams,jvallee,cboydflie",51,81,2c42862acb1486e3f35fc00215db7b0c5c50f25a744906a65657b91ca6ca1d1b,1778364848.0,False,59,448.285714285714,15.3880635558864,5.18,14.49,-19.6713564257781,f43d9967604de8a14687718007e8ddfffa8bfad960d041f6232744e092ec471a,0.970541973139752,0.029458026860248,0.648407166303169,0.708667302838456,0.756747373183127,0.778861851686954,2608.28571428571,-2.0,0.291,0.0480800703446703,0.136749289907679,81.0,365e5a3bbeeadd88c21e59b59b4d789f5d9cac11,2026-08-18 08:07:04,2026-06-06 14:01:41,2026-05-09-OAK-SEA,cascades,spiders,16,26,2026-05-09 15:00:00
ksmart,15.81,57.59,zraunig,18.72,71.06,0,0,0,"zraunig,nstoppel,tli,slofink,mmunoz,gleahy,ksmart",True,2026-05-09-OAK-SEA,1,3,1,5,450.0,1,10,True,True,60,home,51,1778364852.0,18,False,"arosentha,ichang,cbernard,tgoss,mwilliams,jvallee,cboydflie",52,82,0f8c8bb1dea98a891f2112cc5645c78c4e8aef2471a74a05e7114dde016fa325,1778364852.0,False,60,448.071428571429,13.7807474398162,2.91,13.47,-12.1905838957726,e8013ad0240ee4b08452b55a02e303011652ad6ce04db21a40eee080ba72e187,0.973364400710857,0.0266355992891429,0.648407166303169,0.756745226943435,0.808368951833224,0.71488790221276,2608.07142857143,-2.0,0.301,0.0516237248897884,0.146828148762276,82.0,fb4d8375b70221f1ec00fecd10a65e125606fee3,2026-08-18 08:07:04,2026-06-06 14:01:41,2026-05-09-OAK-SEA,cascades,spiders,16,26,2026-05-09 15:00:00
zraunig,18.72,71.06,ksmart,9.39,70.12,0,0,0,"zraunig,nstoppel,tli,slofink,mmunoz,gleahy,ksmart",True,2026-05-09-OAK-SEA,1,3,1,5,450.0,1,11,True,True,61,home,52,1778364855.0,18,False,"arosentha,ichang,cbernard,tgoss,mwilliams,jvallee,cboydflie",53,83,7dbaf79e72975b9f0b92725b07ca23ba43df18891974f5014b2d52840ba92309,1778364855.0,False,61,447.857142857143,9.37723306738187,-9.33,-0.939999999999998,95.7531515397525,32e7d63072f964b769538508b14c42077a5c6a6e7338dd7276d564728f4598ff,0.978877436645301,0.0211225633546986,0.648407166303169,0.808367118369028,0.818513119451909,0.734932765543428,2607.85714285714,-2.0,0.303,0.0101460010828808,0.0288572465377078,83.0,10e12221ff071b3c535bb7e39fdfd2d4132028f6,2026-08-18 08:07:04,2026-06-06 14:01:41,2026-05-09-OAK-SEA,cascades,spiders,16,26,2026-05-09 15:00:00
ksmart,9.39,70.12,gleahy,0.21,78.13,0,0,0,"zraunig,nstoppel,tli,slofink,mmunoz,gleahy,ksmart",True,2026-05-09-OAK-SEA,1,3,1,5,450.0,1,12,True,True,62,home,53,1778364859.0,18,False,"arosentha,ichang,cbernard,tgoss,mwilliams,jvallee,cboydflie",54,84,f5f3308a9018a186c087f2f8944b3dc0718c060fb7edd010f64db0a9047e994d,1778364859.0,False,62,447.642857142857,12.1832877336128,-9.18,8.00999999999999,48.8937075550972,2b0979edda5c461b33eb0323ae66597fe887dde0880319ca6d300ffb23b565e7,0.973132884283838,0.0268671157161618,0.648407166303169,0.818511335139656,0.85380347116564,0.707376425454296,2607.64285714286,-2.0,0.311,0.035292136025984,0.100377859397485,84.0,d2ed552e11a78a0292129b5ef43f36a372752be6,2026-08-18 08:07:04,2026-06-06 14:01:41,2026-05-09-OAK-SEA,cascades,spiders,16,26,2026-05-09 15:00:00
gleahy,0.21,78.13,ksmart,8.01,67.93,0,0,0,"zraunig,nstoppel,tli,slofink,mmunoz,gleahy,ksmart",True,2026-05-09-OAK-SEA,1,3,1,5,450.0,1,13,True,True,63,home,54,1778364863.0,18,False,"arosentha,ichang,cbernard,tgoss,mwilliams,jvallee,cboydflie",55,85,7bf27b15aaa20347fb1a8155545b5da87b0fc213c6020953ee9149ad224e99cb,1778364863.0,False,63,447.428571428571,12.8405607354196,7.8,-10.2,-142.594643368591,a41b9fe25520756722a9e9970837eca8cbab268f498e3c1d19e259ba0e450d4c,0.980295985542557,0.0197040144574429,0.648407166303169,0.853801949994026,0.809674967658686,0.744011736907979,2607.42857142857,-2.0,0.301,-0.0441269823353396,-0.125505920787308,85.0,63ad32033c696405d576a50cddee49ed3c0988b5,2026-08-18 08:07:04,2026-06-06 14:01:41,2026-05-09-OAK-SEA,cascades,spiders,16,26,2026-05-09 15:00:00
ksmart,8.01,67.93,,-10.28,76.38,1,0,0,"zraunig,nstoppel,tli,slofink,mmunoz,gleahy,ksmart",True,2026-05-09-OAK-SEA,1,3,1,5,450.0,1,14,True,True,64,home,55,1778364869.0,22,False,"arosentha,ichang,cbernard,tgoss,mwilliams,jvallee,cboydflie",56,86,96b17253e1c3a068500b10e0e6fc58aaa545bd6fd8394f558238cea23dc30881,1778364869.0,False,64,447.214285714286,20.1476202068631,-18.29,8.44999999999999,65.2030112825185,38756dbc9a76a24ee3b77dc75205a2c758020f602444c89d1692c43ad9db2612,0.949712193134846,-0.949712193134846,0.648407166303169,0.809673062827098,0.845010367200321,0.710819006176625,2607.21428571429,-2.0,0.194,-0.710819006176625,-0.710819006176625,86.0,c561a9d3db8fa13ee66e604a4ce2111e3a8aff4b,2026-08-18 08:07:04,2026-06-06 14:01:41,2026-05-09-OAK-SEA,cascades,spiders,16,26,2026-05-09 15:00:00
jvallee,-21.15,36.4,ichang,-6.76,36.0,0,0,0,"arosentha,ichang,cbernard,tgoss,mwilliams,jvallee,cboydflie",False,2026-05-09-OAK-SEA,1,3,1,5,447.0,2,1,False,False,65,away,31,1778364876.0,18,False,"zraunig,nstoppel,tli,slofink,mmunoz,gleahy,ksmart",32,88,0e9575bd8e3bb48bd7a0c954ce5b9097a59684caeab9e945fbf70b93e64da9a2,1778364876.0,False,65,447.0,14.3955583427667,14.39,-0.399999999999999,-91.5922454285803,00de4a78c1ededfbfdd48ab6fba5f54580059d51779a6bdf4b99e501ee6a9b13,0.977430370591247,0.022569629408753,0.656855487177553,0.656855487177553,0.686995115782519,0.877149015132209,2607.0,-2.0,0.197,0.0301396286049656,0.0878336312507515,88.0,a4a0f6730e94ba6979f2dd6cfe3ddac29dfff70b,2026-08-18 08:07:04,2026-06-06 14:01:41,2026-05-09-OAK-SEA,cascades,spiders,16,26,2026-05-09 15:00:00
ichang,-6.76,36.0,mwilliams,-22.58,40.9,0,0,0,"arosentha,ichang,cbernard,tgoss,mwilliams,jvallee,cboydflie",False,2026-05-09-OAK-SEA,1,3,1,5,447.0,2,2,False,False,66,away,32,1778364885.0,18,False,"zraunig,nstoppel,tli,slofink,mmunoz,gleahy,ksmart",33,89,e90dd5841f3580fa0835469aa3a29ebcaada2428e36171f19dd11d72cb5a5ab5,1778364885.0,False,66,435.555555555556,16.5614733644081,-15.82,4.9,72.7904424794521,2609e77b0700b68bd2a8818f8984f387f2c46a8706967b5b6d7bea9e3560e563,0.978001000519531,0.0219989994804692,0.656855487177553,0.68680127466175,0.662410014119641,0.832157747948346,2595.55555555556,-2.0,0.2,-0.0243912605421088,-0.0710815986579089,89.0,ade01d9890163fe995036d30bb8392f9e2917ead,2026-08-18 08:07:04,2026-06-06 14:01:41,2026-05-09-OAK-SEA,cascades,spiders,16,26,2026-05-09 15:00:00
mwilliams,-22.58,40.9,ichang,-14.12,44.93,0,0,0,"arosentha,ichang,cbernard,tgoss,mwilliams,jvallee,cboydflie",False,2026-05-09-OAK-SEA,1,3,1,5,447.0,2,3,False,False,67,away,33,1778364889.0,18,False,"zraunig,nstoppel,tli,slofink,mmunoz,gleahy,ksmart",34,90,5b15a5b748338eee255753dca9c3dd162e223cdb07cf48d4425dd959e2f0b162,1778364889.0,False,67,424.111111111111,9.37083240699566,8.46,4.03,-64.5287687508714,62f0920779d8b92a99024156cd2463b6b67fa96c4c16ebda8f782feec2a44c1b,0.981773621473588,0.0182263785264118,0.656855487177553,0.662123903917759,0.711023593296732,0.835443110963123,2584.11111111111,-2.0,0.193,0.0488996893789727,0.142504651981059,90.0,a1a205e631e53c1423fee2c3b7c7dd75da43f26f,2026-08-18 08:07:04,2026-06-06 14:01:41,2026-05-09-OAK-SEA,cascades,spiders,16,26,2026-05-09 15:00:00
ichang,-14.12,44.93,jvallee,0.2,44.79,0,0,0,"arosentha,ichang,cbernard,tgoss,mwilliams,jvallee,cboydflie",False,2026-05-09-OAK-SEA,1,3,1,5,447.0,2,4,False,False,68,away,34,1778364892.0,18,False,"zraunig,nstoppel,tli,slofink,mmunoz,gleahy,ksmart",35,91,ff4b188abc8354e93032b85ad77a559a9692da78303d07ec7912e70e40180f11,1778364892.0,False,68,412.666666666667,14.3206843411898,14.32,-0.140000000000001,-90.5601364233674,f16efdeeecbc5522c71057514b4685eae9c39f2cd77bacc597de480d8cce3c3a,0.979398061509461,0.020601938490539,0.656855487177553,0.710706638060581,0.716947584952556,0.841085400223399,2572.66666666667,-2.0,0.192,0.0062409468919753,0.0181875176748187,91.0,3ec528118bfe879aacc8f529055c66b7e245d349,2026-08-18 08:07:04,2026-06-06 14:01:41,2026-05-09-OAK-SEA,cascades,spiders,16,26,2026-05-09 15:00:00
jvallee,0.2,44.79,cbernard,15.68,66.34,0,0,0,"arosentha,ichang,cbernard,tgoss,mwilliams,jvallee,cboydflie",False,2026-05-09-OAK-SEA,1,3,1,5,447.0,2,5,False,False,69,away,35,1778364898.0,18,False,"zraunig,nstoppel,tli,slofink,mmunoz,gleahy,ksmart",36,92,edfeb8cb1ffa3cf873d682a1863cdb9361d3c8043c9f0c6f33cc5a24082e7ff6,1778364898.0,False,69,401.222222222222,26.5336182983023,15.48,21.55,-35.6908008688398,9b6984ddcedc63d7adda19179ad700600d6cb22e8012a6a41295181dafdcb356,0.92725796047924,0.0727420395207595,0.656855487177553,0.716604485668975,0.793982088317489,0.741273046649912,2561.22222222222,-2.0,0.181,0.0773776026485142,0.225495672397803,92.0,970b3e221c61c8ad0502e4f45a44d17f2dde923d,2026-08-18 08:07:04,2026-06-06 14:01:41,2026-05-09-OAK-SEA,cascades,spiders,16,26,2026-05-09 15:00:00
cbernard,15.68,66.34,jvallee,15.82,55.7,0,0,0,"arosentha,ichang,cbernard,tgoss,mwilliams,jvallee,cboydflie",False,2026-05-09-OAK-SEA,1,3,1,5,447.0,2,6,False,False,70,away,36,1778364903.0,18,False,"zraunig,nstoppel,tli,slofink,mmunoz,gleahy,ksmart",37,93,929fa2be2c4f1c5cedf87a0cbdb37d90151cbe721bf8686bb348c4b6de073a4d,1778364903.0,False,70,389.777777777778,10.6409210127695,0.140000000000001,-10.64,-179.246151666929,a8797d04cdb0b8ea424989253a8859a30bfdbfab38652c24baba1ebe9e54df39,0.986067197978351,0.0139328020216493,0.656855487177553,0.793700087103709,0.747450805684518,0.785837661136826,2549.77777777778,-2.0,0.187,-0.046249281419191,-0.134780769299732,93.0,9b9ee90a5940377086df2f90cea57d63a28b04cc,2026-08-18 08:07:04,2026-06-06 14:01:41,2026-05-09-OAK-SEA,cascades,spiders,16,26,2026-05-09 15:00:00
jvallee,15.82,55.7,cbernard,2.38,56.59,0,0,0,"arosentha,ichang,cbernard,tgoss,mwilliams,jvallee,cboydflie",False,2026-05-09-OAK-SEA,1,3,1,5,447.0,2,7,False,False,71,away,37,1778364905.0,18,False,"zraunig,nstoppel,tli,slofink,mmunoz,gleahy,ksmart",38,94,ac91d4b558f486d2673a3927f9c15c5e19f6a3e6e7f5eacf0d4f28ec1f18b0de,1778364905.0,False,71,378.333333333333,13.4694357714048,-13.44,0.890000000000001,86.2113912125101,30f77d20f3d9638e6524c03392ce9fa7459df5484fe586d65fddbe5f8613e10d,0.976899537625607,0.0231004623743933,0.656855487177553,0.74714086987404,0.761453936430274,0.789879268873042,2538.33333333333,-2.0,0.185,0.0143130665562342,0.0417114831255956,94.0,2602ab27d6df8a202d8979d972cbbd4425514ec2,2026-08-18 08:07:04,2026-06-06 14:01:41,2026-05-09-OAK-SEA,cascades,spiders,16,26,2026-05-09 15:00:00
cbernard,2.38,56.59,ichang,-10.71,56.79,0,0,0,"arosentha,ichang,cbernard,tgoss,mwilliams,jvallee,cboydflie",False,2026-05-09-OAK-SEA,1,3,1,5,447.0,2,8,False,False,72,away,38,1778364906.0,18,False,"zraunig,nstoppel,tli,slofink,mmunoz,gleahy,ksmart",39,95,3ec83f4e361ada29f929f678a15f806ee8fcc9e49cacddc5296e59b925cdba06,1778364906.0,False,72,366.888888888889,13.0915277947228,-13.09,0.199999999999996,89.1246551305396,6da7d63e29c7f70ac552c12df6ef8514c71a733711be09568a409bec72b1d79d,0.980261666326135,0.0197383336738651,0.656855487177553,0.761191477676531,0.75971370783767,0.786365834635235,2526.88888888889,-2.0,0.185,-0.00147776983886105,-0.00430655243968799,95.0,a5977b7b3f680b4d7f4af353dae77cdf26d99066,2026-08-18 08:07:04,2026-06-06 14:01:41,2026-05-09-OAK-SEA,cascades,spiders,16,26,2026-05-09 15:00:00
ichang,-10.71,56.79,mwilliams,-21.01,106.02,0,0,0,"arosentha,ichang,cbernard,tgoss,mwilliams,jvallee,cboydflie",False,2026-05-09-OAK-SEA,1,4,1,5,447.0,2,9,False,False,73,away,39,1778364913.0,19,False,"zraunig,nstoppel,tli,slofink,mmunoz,gleahy,ksmart",40,96,9e35e9eabc1196205f77911e60b092659e50b4fe907d9fb64b234343e0a0444d,1778364913.0,False,73,355.444444444444,50.2959531175223,-10.3,49.23,11.8170801551529,50f6923d8b74233213a1d0e2d7c4c1fdb096aaf02868302e55066c3f78623fcb,0.729912331452933,0.270087668547067,0.656855487177553,0.759506309716759,1.0,0.603978656441622,2515.44444444444,-2.0,0.155,0.240493690283241,0.700852501778688,96.0,9241afaede6a2d490845092de2c939c56e6ae113,2026-08-18 08:07:04,2026-06-06 14:01:41,2026-05-09-OAK-SEA,cascades,spiders,16,26,2026-05-09 15:00:00
slofink,-1.75,7.06,dmourad,-4.45,15.36,0,0,0,"dmourad,gleahy,cbelfield,slofink,zraunig,nstoppel,mmunoz",True,2026-05-09-OAK-SEA,1,4,1,6,344.0,1,1,True,True,74,home,58,1778365045.0,18,False,"rvickersb,jwhealan,clankford,emagsig,klew,lgrench,aorme",59,101,2bbad153f069058dfbe16afc2b698ce517713d415748cb5281fa4cda689c6472,1778365045.0,False,74,344.0,8.72811548961172,-2.7,8.3,18.0197692817771,ef52e03dbeac819f9f6b84f4b793f73be122ce1fd7b2ce38327a371b4e7474ee,0.991002695871761,0.00899730412823896,0.61099889773973,0.61099889773973,0.628530497966183,0.932358228217984,2504.0,-3.0,0.159,0.0175316002264526,0.0450682533406363,101.0,78753716c36c33a5d89dafe28f35afb0e455b55c,2026-08-18 08:07:04,2026-06-06 14:01:41,2026-05-09-OAK-SEA,cascades,spiders,16,26,2026-05-09 15:00:00
dmourad,-4.45,15.36,zraunig,17.26,34.51,0,0,0,"dmourad,gleahy,cbelfield,slofink,zraunig,nstoppel,mmunoz",True,2026-05-09-OAK-SEA,1,4,1,6,344.0,1,2,True,True,75,home,59,1778365050.0,18,False,"rvickersb,jwhealan,clankford,emagsig,klew,lgrench,aorme",60,102,543222706b6004c15953176e03fa1255a1e448398149ebdbdd8373e2c8429df0,1778365050.0,False,75,338.285714285714,28.9490345262152,21.71,19.15,-48.585064229195,9f0b3717334582da3354ac2ca72c9ac47100663b9ec132ebed80b95a9ec280f0,0.945302447834959,0.0546975521650411,0.61099889773973,0.628456537396487,0.663098436841361,0.874918930609129,2498.28571428571,-3.0,0.162,0.0346418994448744,0.0890534737397645,102.0,3d376914cfb480c6448d07855a4b1139b36f45f4,2026-08-18 08:07:04,2026-06-06 14:01:41,2026-05-09-OAK-SEA,cascades,spiders,16,26,2026-05-09 15:00:00
zraunig,17.26,34.51,cbelfield,19.16,42.66,0,0,0,"dmourad,gleahy,cbelfield,slofink,zraunig,nstoppel,mmunoz",True,2026-05-09-OAK-SEA,1,4,1,6,344.0,1,3,True,True,76,home,60,1778365053.0,18,False,"rvickersb,jwhealan,clankford,emagsig,klew,lgrench,aorme",61,103,e39cce5f8f5e0c041712b040282f2f0c0666e8215ae2fc6cf018408768f97fd3,1778365053.0,False,76,332.571428571429,8.36854228644392,1.9,8.15,-13.1229098589963,77b8a46524ed60a2fe6628619d813aa44458ee7b00937ac375c1a93e209bec5c,0.98821922605075,0.0117807739492505,0.61099889773973,0.663037007965162,0.683616314778116,0.835694236946364,2492.57142857143,-3.0,0.164,0.0205793068129541,0.0529029524424972,103.0,36be6b4a6eed0604d57eb84e014f6c3a8d0bedb2,2026-08-18 08:07:04,2026-06-06 14:01:41,2026-05-09-OAK-SEA,cascades,spiders,16,26,2026-05-09 15:00:00
cbelfield,19.16,42.66,gleahy,20.32,56.35,0,0,0,"dmourad,gleahy,cbelfield,slofink,zraunig,nstoppel,mmunoz",True,2026-05-09-OAK-SEA,1,4,1,6,344.0,1,4,True,True,77,home,61,1778365057.0,18,False,"rvickersb,jwhealan,clankford,emagsig,klew,lgrench,aorme",62,104,bf0f70201a15481b451151451eaea44a77d6fb3dc05e13454098b86107a5f78b,1778365057.0,False,77,326.857142857143,13.739057464033,1.16,13.69,-4.84329607175914,249591021a3093be459056cb5fd5f2b0d2c56d83a5dc0d4b923e02114e3f9c6e,0.975909369895656,0.0240906301043441,0.61099889773973,0.683562994091636,0.733750705762312,0.768837377596456,2486.85714285714,-3.0,0.169,0.0501877116706758,0.129016888073229,104.0,b421e45e196f84dc3d24553c20bd17d1d6e20652,2026-08-18 08:07:04,2026-06-06 14:01:41,2026-05-09-OAK-SEA,cascades,spiders,16,26,2026-05-09 15:00:00
gleahy,20.32,56.35,dmourad,5.53,51.04,0,0,0,"dmourad,gleahy,cbelfield,slofink,zraunig,nstoppel,mmunoz",True,2026-05-09-OAK-SEA,1,4,1,6,344.0,1,5,True,True,78,home,62,1778365063.0,18,False,"rvickersb,jwhealan,clankford,emagsig,klew,lgrench,aorme",63,105,0678a3c3edcd52274cc094382a8ba557b4be115d0c1cc114d13a5026a58dc6fc,1778365063.0,False,78,321.142857142857,15.7143310388957,-14.79,-5.31,109.74947635569,e4458131b46c70420b4d3b4119f7085566ff273aaceb8677f5285a5bfe7d9452,0.974615618763025,0.0253843812369754,0.61099889773973,0.733705490474763,0.738040151078692,0.812618722959802,2481.14285714286,-3.0,0.169,0.00433466060392962,0.0111430548107533,105.0,d15389fa0af7933c8108d86f334426aa6b851308,2026-08-18 08:07:04,2026-06-06 14:01:41,2026-05-09-OAK-SEA,cascades,spiders,16,26,2026-05-09 15:00:00
dmourad,5.53,51.04,slofink,10.63,62.76,0,0,0,"dmourad,gleahy,cbelfield,slofink,zraunig,nstoppel,mmunoz",True,2026-05-09-OAK-SEA,1,4,1,6,344.0,1,6,True,True,79,home,63,1778365067.0,18,False,"rvickersb,jwhealan,clankford,emagsig,klew,lgrench,aorme",64,106,4090d6099fc9807442151f63b9c46ed8028bfe19462d1c0679b8e484c421db2b,1778365067.0,False,79,315.428571428571,12.7815648494228,5.1,11.72,-23.5164393275788,b6cd079e291a7028f054656e899c510252a68820c8e75c2952fe96bf37523a96,0.974553933744444,0.0254460662555558,0.61099889773973,0.737995738346695,0.783953612003332,0.761035667293845,2475.42857142857,-3.0,0.175,0.0459578736566365,0.118143299310981,106.0,a4c743b8c1f2d7f858520945bd741e0d3d066b89,2026-08-18 08:07:04,2026-06-06 14:01:41,2026-05-09-OAK-SEA,cascades,spiders,16,26,2026-05-09 15:00:00
slofink,10.63,62.76,,10.63,62.76,1,0,0,"dmourad,gleahy,cbelfield,slofink,zraunig,nstoppel,mmunoz",True,2026-05-09-OAK-SEA,1,4,1,6,344.0,1,7,True,True,80,home,64,1778365074.0,22,False,"rvickersb,jwhealan,clankford,emagsig,klew,lgrench,aorme",65,108,7c086ac7a8073dabc75e91fb6972eca0f0b45561635bc944037190e96d39c59b,1778365074.0,False,80,309.714285714286,0.0,0.0,0.0,-90.0,33eb8fc2761885fe1580298bf934a8a8db8336a97a76a9e678129dc261fb9689,0.5,-0.5,0.61099889773973,0.783912734542313,0.783912734542313,0.760991775611168,2469.71428571429,-3.0,0.104,-0.760991775611168,-0.760991775611168,108.0,c94593e3587806a622122398af6a71c05251858b,2026-08-18 08:07:04,2026-06-06 14:01:41,2026-05-09-OAK-SEA,cascades,spiders,16,26,2026-05-09 15:00:00
jwhealan,-1.51,29.52,rvickersb,8.11,31.02,0,0,0,"rvickersb,jwhealan,clankford,emagsig,klew,aorme,wfrankenb",False,2026-05-09-OAK-SEA,1,4,1,6,304.0,2,1,False,True,81,away,44,1778365109.0,18,False,"gharris,mobrien2,nmahan,isweeney,korser,eshipway,emurray",45,110,ed9cd6d5aede4c24ad25ca28fcb2f15c5342f9ad4b65282af33a7798860e0c57,1778365109.0,False,81,304.0,9.73624157465292,9.62,1.5,-81.1375103736735,41715a5f3fc80ef703fc1b4c8f711072d27d21cc3e463984de906a99a1e70eac,0.988781790344805,0.0112182096551952,0.653401373549846,0.664997502112916,0.668025218400057,0.894729184832945,2464.0,-3.0,0.112,0.00302771628714149,0.00873551149971715,110.0,eac01d0e8b198894eff5ba47a4353f50b2549123,2026-08-18 08:07:04,2026-06-06 14:01:41,2026-05-09-OAK-SEA,cascades,spiders,16,26,2026-05-09 15:00:00
rvickersb,8.11,31.02,klew,16.09,30.27,0,0,0,"rvickersb,jwhealan,clankford,emagsig,klew,aorme,wfrankenb",False,2026-05-09-OAK-SEA,1,4,1,6,304.0,2,2,False,True,82,away,45,1778365113.0,18,False,"gharris,mobrien2,nmahan,isweeney,korser,eshipway,emurray",46,111,5728fe0f6d08cf8396633bbfdf1711ab96625f2b9c8491cb1d7b16e6fbb27e92,1778365113.0,False,82,300.9,8.01516687287295,7.98,-0.75,-95.3691698148307,ed1e327a56d65f5c6af4cc6014a618b159668e3ed1c145d297f93736c4515f09,0.991631032665585,0.00836896733441461,0.653401373549846,0.66798980808977,0.653440570988433,0.893143458653208,2460.9,-3.0,0.113,-0.0145492371013376,-0.0419771920343429,111.0,59a8ab31ad0c345c2e5b17bee72daeaf95c90f02,2026-08-18 08:07:04,2026-06-06 14:01:41,2026-05-09-OAK-SEA,cascades,spiders,16,26,2026-05-09 15:00:00
klew,16.09,30.27,clankford,17.59,49.56,0,0,0,"rvickersb,jwhealan,clankford,emagsig,klew,aorme,wfrankenb",False,2026-05-09-OAK-SEA,1,4,1,6,304.0,2,3,False,True,83,away,46,1778365117.0,18,False,"gharris,mobrien2,nmahan,isweeney,korser,eshipway,emurray",47,112,a249454fbcd7b7c9752381f573855faae522a664792e147a4edff64bc5e522a6,1778365117.0,False,83,297.8,19.3482324774125,1.5,19.29,-4.44640072471248,a5f48b5a5cd715bd720d854c46e59bddce9f76313146ed2dcb6f1672561d9dfe,0.960281515596425,0.0397184844035754,0.653401373549846,0.653401373549846,0.715844343563483,0.808295257567666,2457.8,-3.0,0.108,0.062442970013637,0.180159311804477,112.0,237b61375a587e20aa98ffc5580267acf0582955,2026-08-18 08:07:04,2026-06-06 14:01:41,2026-05-09-OAK-SEA,cascades,spiders,16,26,2026-05-09 15:00:00
clankford,17.59,49.56,wfrankenb,17.73,65.93,0,0,0,"rvickersb,jwhealan,clankford,emagsig,klew,aorme,wfrankenb",False,2026-05-09-OAK-SEA,1,4,1,6,304.0,2,4,False,True,84,away,47,1778365119.0,18,False,"gharris,mobrien2,nmahan,isweeney,korser,eshipway,emurray",48,113,696e16255b595a46cac8104d4922305c319e899decdd0a00b37b292f5bf810b1,1778365119.0,False,84,294.7,16.3705986451321,0.140000000000001,16.37,-0.489994720633291,209917e9c165522102083098f02ec622db684989bfc5b1d1b48c6dcefbfa6f0e,0.964740574841904,0.0352594251580958,0.653401373549846,0.715805971295497,0.785621875635059,0.736099752678534,2454.7,-3.0,0.102,0.0698159043395623,0.20143156669319,113.0,a96c69c48ec0bc877e06094b463f2fce05da1317,2026-08-18 08:07:04,2026-06-06 14:01:41,2026-05-09-OAK-SEA,cascades,spiders,16,26,2026-05-09 15:00:00
wfrankenb,17.73,65.93,aorme,9.0,70.15,0,0,0,"rvickersb,jwhealan,clankford,emagsig,klew,aorme,wfrankenb",False,2026-05-09-OAK-SEA,1,4,1,6,304.0,2,5,False,True,85,away,48,1778365123.0,18,False,"gharris,mobrien2,nmahan,isweeney,korser,eshipway,emurray",49,114,8f9ccccb0a4c9709daa26a008ed22556be4554c7a57d0e6ea1495b3b12d110f7,1778365123.0,False,85,291.6,9.69645811624018,-8.73,4.22,64.2013134519791,d7c429fd130f875bc2c29666cce1e3ee7646cdf70bd3addd3813d31e9277673e,0.977246882332627,0.0227531176673728,0.653401373549846,0.785587125354379,0.816620628243166,0.732127222450155,2451.6,-3.0,0.099,0.0310335028887864,0.0895372933431097,114.0,1fe4102d6dc726a78247692d350f694433d749f3,2026-08-18 08:07:04,2026-06-06 14:01:41,2026-05-09-OAK-SEA,cascades,spiders,16,26,2026-05-09 15:00:00
aorme,9.0,70.15,klew,-3.35,64.36,0,0,0,"rvickersb,jwhealan,clankford,emagsig,klew,aorme,wfrankenb",False,2026-05-09-OAK-SEA,1,4,1,6,304.0,2,6,False,True,86,away,49,1778365127.0,18,False,"gharris,mobrien2,nmahan,isweeney,korser,eshipway,emurray",50,115,641690bd5b138a83abc50487f0260dadd603544a71274902951f4fed56d48107,1778365127.0,False,86,288.5,13.6398900288822,-12.35,-5.79000000000001,115.118400643604,1909454f6fce8a7d66b15a2152a5efa8d6d77bec54a9963a77964978f1a73648,0.978741469056738,0.0212585309432616,0.653401373549846,0.816586761940432,0.792830872038551,0.756373397958466,2448.5,-3.0,0.101,-0.0237558899018807,-0.0685400578334292,115.0,3a296bff0ba3a5f8b3f7a1651f2fd7ecd544f00a,2026-08-18 08:07:04,2026-06-06 14:01:41,2026-05-09-OAK-SEA,cascades,spiders,16,26,2026-05-09 15:00:00
klew,-3.35,64.36,aorme,-7.51,70.02,0,0,0,"rvickersb,jwhealan,clankford,emagsig,klew,aorme,wfrankenb",False,2026-05-09-OAK-SEA,1,4,1,6,304.0,2,7,False,True,87,away,50,1778365131.0,18,False,"gharris,mobrien2,nmahan,isweeney,korser,eshipway,emurray",51,116,31faed569f1c2eb03d01ac4fa7c6213934f9387c373cfd3f58fbee2ed3a322b5,1778365131.0,False,87,285.4,7.02432914946331,-4.16,5.66,36.3152291813611,1c511a7176f8ac991272dd2598dda8f099f7a0cf7741463fae4c08396a1e2467,0.984669146298429,0.0153308537015706,0.653401373549846,0.792790121607332,0.816561220384225,0.733027245825513,2445.4,-3.0,0.099,0.023771098776893,0.0685839382006656,116.0,cef3332b653042ce99f076d47d8087bb80c2597b,2026-08-18 08:07:04,2026-06-06 14:01:41,2026-05-09-OAK-SEA,cascades,spiders,16,26,2026-05-09 15:00:00
aorme,-7.51,70.02,emagsig,-15.49,74.65,0,0,0,"rvickersb,jwhealan,clankford,emagsig,klew,aorme,wfrankenb",False,2026-05-09-OAK-SEA,1,4,1,6,304.0,2,8,False,True,88,away,51,1778365134.0,18,False,"gharris,mobrien2,nmahan,isweeney,korser,eshipway,emurray",52,117,556e9151e406999bf15a54e0d60066b95226521ace56389af41ea2c3e16646ef,1778365134.0,False,88,282.3,9.22590374976891,-7.98,4.63000000000001,59.8776714614528,96a8f8663ec92a88365f915da8bfc84f93db32d4a6f485562ef393459b7d0a35,0.982028486970823,0.0179715130291765,0.653401373549846,0.816520449935573,0.830786344084539,0.705575180476319,2442.3,-3.0,0.097,0.0142658941489664,0.0411596961450106,117.0,c78df52097b1acaa58d54d002a145f0fcd32972c,2026-08-18 08:07:04,2026-06-06 14:01:41,2026-05-09-OAK-SEA,cascades,spiders,16,26,2026-05-09 15:00:00
emagsig,-15.49,74.65,klew,-20.12,87.61,0,0,0,"rvickersb,jwhealan,clankford,emagsig,klew,aorme,wfrankenb",False,2026-05-09-OAK-SEA,1,4,1,6,304.0,2,9,False,True,89,away,52,1778365138.0,18,False,"gharris,mobrien2,nmahan,isweeney,korser,eshipway,emurray",53,118,a17aeefddd98398393738e6e9d4e783ce4144eba764082ae3cc5d2dbe2ccb89f,1778365138.0,False,89,279.2,13.7622127581287,-4.63,12.96,19.6594250922515,3be72801137b8e1285a867b1f56e0155f3ac12979e9808faf6cce3828ab2315e,0.969379232441163,0.0306207675588368,0.653401373549846,0.830744394184511,0.877622087487188,0.643214230539401,2439.2,-3.0,0.092,0.046877693302677,0.135250660923836,118.0,a1569678d6a5236e1e4582e985dceaa7f37ed0e0,2026-08-18 08:07:04,2026-06-06 14:01:41,2026-05-09-OAK-SEA,cascades,spiders,16,26,2026-05-09 15:00:00
klew,-20.12,87.61,rvickersb,-17.6,105.68,0,0,0,"rvickersb,jwhealan,clankford,emagsig,klew,aorme,wfrankenb",False,2026-05-09-OAK-SEA,1,5,1,6,304.0,2,10,False,True,90,away,53,1778365143.0,19,False,"gharris,mobrien2,nmahan,isweeney,korser,eshipway,emurray",54,119,884359e9745c1ad8d748dab2a38c095520ed855375bd62c13d922d433796abfe,1778365143.0,False,90,276.1,18.2448705120097,2.52,18.07,-7.93913193359521,daf8a2091e02b3a9675e3e8b4ad196450bda96a63d83b39c0ab4128983415599,0.933893800103961,0.0661061998960395,0.653401373549846,0.877586992768057,1.0,0.619463512910092,2436.1,-3.0,0.085,0.122413007231943,0.353183763264416,119.0,5920a9bf20a1a25a7ae86fd8dda850e45eb09aa7,2026-08-18 08:07:04,2026-06-06 14:01:41,2026-05-09-OAK-SEA,cascades,spiders,16,26,2026-05-09 15:00:00
korser,-0.15,24.97,bkassmull,-5.69,29.19,0,0,0,"alantz,korser,jbrown,tli,ksmart,rmcleod,bkassmull",True,2026-05-09-OAK-SEA,1,5,1,7,273.0,1,1,True,True,91,home,67,1778365214.0,18,False,"arosentha,ichang,cbernard,tgoss,aorme,mwilliams,lgrench",68,124,138c137b7b867181ec70463322b2fe8397b532b28c9ee734d88c038e122c4219,1778365214.0,False,91,273.0,6.96419413859206,-5.54,4.22,52.7022842662662,35de26cdf0bc7cf6b3b6f260d76edcb4afe51ba8c16c7a1bf4aa74c4498ffd0f,0.991006547594993,0.00899345240500726,0.651806973539671,0.651806973539671,0.662938886438344,0.90153789922909,2433.0,-4.0,0.092,0.0111319128986735,0.0319705222469234,124.0,d59ecc4da8e83dcb6a8b15c552a933793314d21c,2026-08-18 08:07:04,2026-06-06 14:01:41,2026-05-09-OAK-SEA,cascades,spiders,16,26,2026-05-09 15:00:00
bkassmull,-5.69,29.19,korser,0.43,44.41,0,0,0,"alantz,korser,jbrown,tli,ksmart,rmcleod,bkassmull",True,2026-05-09-OAK-SEA,1,5,1,7,273.0,1,2,True,True,92,home,68,1778365217.0,18,False,"arosentha,ichang,cbernard,tgoss,aorme,mwilliams,lgrench",69,125,6f828abca30d3e1cc0dd93069b12af7e5e1b92dcbbe8541941bd592a1dafb7fd,1778365217.0,False,92,263.0,16.4043530808136,6.12,15.22,-21.9051825755298,cdfa66e2fe4d9a2592cd22ef641a286b681461e2291bfdceef77f91366fcdf5d,0.970947869712889,0.0290521302871105,0.651806973539671,0.662629267038913,0.712700527714308,0.840808671897377,2423.0,-4.0,0.095,0.0500712606753946,0.143803169134116,125.0,2f09fce8c8a5166c15c258a92146ddc52b370f9e,2026-08-18 08:07:04,2026-06-06 14:01:41,2026-05-09-OAK-SEA,cascades,spiders,16,26,2026-05-09 15:00:00
korser,0.43,44.41,jbrown,-14.72,70.41,0,0,0,"alantz,korser,jbrown,tli,ksmart,rmcleod,bkassmull",True,2026-05-09-OAK-SEA,1,5,1,7,273.0,1,3,True,True,93,home,69,1778365220.0,18,False,"arosentha,ichang,cbernard,tgoss,aorme,mwilliams,lgrench",70,126,275b97fc72625a07e3167bcdf2982ebadc76a86d95e23b1fb866f909421fa132,1778365220.0,False,93,253.0,30.0919009037316,-15.15,26.0,30.2290261958738,9170411b5b0ee71042fd3a756400370c6d3ac1a5dd3d53190a104d74c964903f,0.896290617560791,0.103709382439209,0.651806973539671,0.712332590713873,0.812553299282959,0.722779816277626,2413.0,-4.0,0.103,0.100220708569086,0.287830889630135,126.0,f3b777ad3e8cca137dc25b58ed247a2b381dce1a,2026-08-18 08:07:04,2026-06-06 14:01:41,2026-05-09-OAK-SEA,cascades,spiders,16,26,2026-05-09 15:00:00
jbrown,-14.72,70.41,alantz,10.85,111.26,0,0,0,"alantz,korser,jbrown,tli,ksmart,rmcleod,bkassmull",True,2026-05-09-OAK-SEA,2,5,1,7,273.0,1,4,True,True,94,home,70,1778365229.0,19,False,"arosentha,ichang,cbernard,tgoss,aorme,mwilliams,lgrench",71,128,2c4061dd51fd52d94dffcf1a447962beb77ae7f63ddf36bea1545d400fa117e6,1778365229.0,False,94,243.0,48.1928148171488,25.57,40.85,-32.0444499383079,2ce8fb2c0515d2c3793893a8c423a64dad44d824e9ac68f3a911475d33c0150d,0.688326891983957,0.311673108016043,0.651806973539671,0.812205972450572,1.0,0.63459483082934,2403.0,-4.0,0.119,0.187794027549428,0.539338853102573,128.0,f3dd2ba6a475a8130b70b25ec5593e7db5cc9d94,2026-08-18 08:07:04,2026-06-06 14:01:41,2026-05-09-OAK-SEA,cascades,spiders,16,26,2026-05-09 15:00:00
lgordon,-2.46,20.52,dritthale,1.36,23.52,0,0,0,"mawais,wfrankenb,dritthale,dwhited,arees,lgordon,jvallee",False,2026-05-09-OAK-SEA,2,5,1,8,233.0,1,1,True,True,95,away,58,1778365284.0,18,False,"gharris,mobrien2,nmahan,isweeney,korser,eshipway,emurray",59,132,6108799f25001c13ec5dd62355ad8cb78f72981d08bcefc79143f53d860d450d,1778365284.0,False,95,233.0,4.85720083999005,3.82,3.0,-51.8560240552053,abaa940ead3ca6143bc895f6c3752af05e36a06a8ce301652f266f85eb7d9a72,0.993331074364079,0.00666892563592114,0.638236482081036,0.638236482081036,0.646042474829563,0.920632557101465,2393.0,-3.0,0.113,0.00780599274852789,0.0215776117874784,132.0,5c598fd5ac068514e6cf2fba2066b81008297af1,2026-08-18 08:07:04,2026-06-06 14:01:41,2026-05-09-OAK-SEA,cascades,spiders,16,26,2026-05-09 15:00:00
dritthale,1.36,23.52,lgordon,-3.69,22.29,0,0,0,"mawais,wfrankenb,dritthale,dwhited,arees,lgordon,jvallee",False,2026-05-09-OAK-SEA,2,5,1,8,233.0,1,2,True,True,96,away,59,1778365287.0,18,False,"gharris,mobrien2,nmahan,isweeney,korser,eshipway,emurray",60,133,1e111d88d298d3fecf353b76afa6ae08b0f6757e5cfa962705a9c2ba9437d829,1778365287.0,False,96,232.111111111111,5.19763407715472,-5.05,-1.23,103.688676507021,331627f30184861133a82311a70d951c4180bbffc5fc32e5be02946a515286e0,0.993778261209222,0.00622173879077814,0.638236482081036,0.645978206573097,0.642516000765504,0.924509657795086,2392.11111111111,-3.0,0.113,-0.00346220580759338,-0.00957035642374784,133.0,02de5beb1f03a38e10e925f413cd3e73a014d1ea,2026-08-18 08:07:04,2026-06-06 14:01:41,2026-05-09-OAK-SEA,cascades,spiders,16,26,2026-05-09 15:00:00
lgordon,-3.69,22.29,jvallee,-13.03,29.86,0,0,0,"mawais,wfrankenb,dritthale,dwhited,arees,lgordon,jvallee",False,2026-05-09-OAK-SEA,2,5,1,8,233.0,1,3,True,True,97,away,60,1778365291.0,18,False,"gharris,mobrien2,nmahan,isweeney,korser,eshipway,emurray",61,134,f27aad47084bbca43681e89fcf0ec5ab96eebefd1540cdd38bc3058f859974f9,1778365291.0,False,97,231.222222222222,12.0224997400707,-9.34,7.57,50.9754924369885,77f1f260e24b12ce5e3c0448c46f75568227837939b4cdbf41627c98ab5a3079,0.985037038401389,0.0149629615986105,0.638236482081036,0.642450299412812,0.657915692753748,0.895831188771973,2391.22222222222,-3.0,0.112,0.0154653933409356,0.0427500081542214,134.0,99a3b93a7b4bc433422fc23b4e303cbfab13b419,2026-08-18 08:07:04,2026-06-06 14:01:41,2026-05-09-OAK-SEA,cascades,spiders,16,26,2026-05-09 15:00:00
jvallee,-13.03,29.86,wfrankenb,-22.78,48.27,0,0,0,"mawais,wfrankenb,dritthale,dwhited,arees,lgordon,jvallee",False,2026-05-09-OAK-SEA,2,5,1,8,233.0,1,4,True,True,98,away,61,1778365295.0,18,False,"gharris,mobrien2,nmahan,isweeney,korser,eshipway,emurray",62,135,9df642520dcc6aa0c98bde1dd8adc5324fbfcfbbc6825e5688c9bc36332a562d,1778365295.0,False,98,230.333333333333,20.8324410475585,-9.75,18.41,27.9058499557457,b46215775a3f42d716b8d311c1c027228cfaf451ed3d6ef3c91129d7bacfa1bd,0.951662967838771,0.0483370321612286,0.638236482081036,0.657850179132481,0.68415152830885,0.791956652169516,2390.33333333333,-3.0,0.11,0.0263013491763683,0.0727031551651923,135.0,4ffa182fa6e585902bed86f3d251b1da0b96412c,2026-08-18 08:07:04,2026-06-06 14:01:41,2026-05-09-OAK-SEA,cascades,spiders,16,26,2026-05-09 15:00:00
wfrankenb,-22.78,48.27,jvallee,-18.9,32.25,0,0,0,"mawais,wfrankenb,dritthale,dwhited,arees,lgordon,jvallee",False,2026-05-09-OAK-SEA,2,5,1,8,233.0,1,5,True,True,99,away,62,1778365297.0,18,False,"gharris,mobrien2,nmahan,isweeney,korser,eshipway,emurray",63,136,531650ace9277cdfa68d8046c50ca887cc3c315a883122e0e7f1bc9019440279,1778365297.0,False,99,229.444444444444,16.4831671713903,3.88,-16.02,-166.385289387806,3f2ff4b503270076464c862c4b018d295b1b95f83c2c81c33a6a166778fdedb3,0.985452746877005,0.0145472531229952,0.638236482081036,0.684087525579896,0.649352360414514,0.878458607421096,2389.44444444444,-3.0,0.112,-0.034735165165382,-0.0960162190073647,136.0,352187a35e429b38bef90ba023bc918c3243d17a,2026-08-18 08:07:04,2026-06-06 14:01:41,2026-05-09-OAK-SEA,cascades,spiders,16,26,2026-05-09 15:00:00
jvallee,-18.9,32.25,lgordon,-7.51,32.25,0,0,0,"mawais,wfrankenb,dritthale,dwhited,arees,lgordon,jvallee",False,2026-05-09-OAK-SEA,2,5,1,8,233.0,1,6,True,True,100,away,63,1778365299.0,18,False,"gharris,mobrien2,nmahan,isweeney,korser,eshipway,emurray",64,137,7fc08f960d16d83911ff49882b233526ae579d362c9e84edcb6c7b009ac42be0,1778365299.0,False,100,228.555555555556,11.39,11.39,0.0,-90.0,11c99498fe2ae5967d08172dfdeb4318b59fb266eb7fd3f3dc58a8804a35def9,0.983741871593183,0.016258128406817,0.638236482081036,0.649283749368606,0.669366819591058,0.888947340234546,2388.55555555556,-3.0,0.111,0.0200830702224513,0.0555143601488028,137.0,036a536599f0e160d0c8c9dbe18f0b71ca70d3ad,2026-08-18 08:07:04,2026-06-06 14:01:41,2026-05-09-OAK-SEA,cascades,spiders,16,26,2026-05-09 15:00:00
lgordon,-7.51,32.25,wfrankenb,2.52,49.36,0,0,0,"mawais,wfrankenb,dritthale,dwhited,arees,lgordon,jvallee",False,2026-05-09-OAK-SEA,2,5,1,8,233.0,1,7,True,True,101,away,64,1778365301.0,18,False,"gharris,mobrien2,nmahan,isweeney,korser,eshipway,emurray",65,138,9c336a343a4b84efb32b48d39f10d821af2257cb80a5f9d5cc4fb9c3199d9880,1778365301.0,False,101,227.666666666667,19.8331288504865,10.03,17.11,-30.3791260113683,b73f1b12c4db1028ef7454cfec9682fcecc3489ecbe6ea918fc8242e0c3cd49e,0.958068465619445,0.0419315343805554,0.638236482081036,0.669298980448137,0.729349484368216,0.818189616270991,2387.66666666667,-3.0,0.106,0.0600505039200794,0.165993807959184,138.0,c35c6db5c2f9f5879318d8de8b41f28592479bab,2026-08-18 08:07:04,2026-06-06 14:01:41,2026-05-09-OAK-SEA,cascades,spiders,16,26,2026-05-09 15:00:00
wfrankenb,2.52,49.36,arees,12.2,61.29,0,0,0,"mawais,wfrankenb,dritthale,dwhited,arees,lgordon,jvallee",False,2026-05-09-OAK-SEA,2,5,1,8,233.0,1,8,True,True,102,away,65,1778365303.0,18,False,"gharris,mobrien2,nmahan,isweeney,korser,eshipway,emurray",66,139,d0cfebdfb14e6068b4d3df087bed6f8c176486f06cec938740164cd5d6fc9c64,1778365303.0,False,102,226.777777777778,15.36318000936,9.68,11.93,-39.0558691415512,299ab4d8a7e52d05cf8c653287639d524346c6b29da6ba8fd8248a064a8fd75f,0.970113540458637,0.0298864595413632,0.638236482081036,0.729287939465697,0.773860517749812,0.763453640311857,2386.77777777778,-3.0,0.102,0.0445725782841152,0.123209157574865,139.0,e16e89906647173a2d2e650dd77f3403faf4886a,2026-08-18 08:07:04,2026-06-06 14:01:41,2026-05-09-OAK-SEA,cascades,spiders,16,26,2026-05-09 15:00:00
arees,12.2,61.29,dritthale,2.65,108.13,0,0,0,"mawais,wfrankenb,dritthale,dwhited,arees,lgordon,jvallee",False,2026-05-09-OAK-SEA,2,6,1,8,233.0,1,9,True,True,103,away,66,1778365319.0,19,False,"gharris,mobrien2,nmahan,isweeney,korser,eshipway,emurray",67,141,2777179d248b5d2394dc36b417a1b53ff9dff333a04f3481e80b681fe6e92b8f,1778365319.0,False,103,225.888888888889,47.8036410747131,-9.55,46.84,11.5238357237608,190a2cfc1d3edf35fea93cd96423cda3dbd9c0accae346aa9eef62c9a4b20260,0.693002962509222,0.306997037490778,0.638236482081036,0.773805028544345,1.0,0.636368797804749,2385.88888888889,-3.0,0.084,0.226194971455655,0.625256445859539,141.0,3bdcd75552ea8e023239d1b76355c482245d42a3,2026-08-18 08:07:04,2026-06-06 14:01:41,2026-05-09-OAK-SEA,cascades,spiders,16,26,2026-05-09 15:00:00
slofink,24.18,48.05,ksmart,13.77,62.83,0,0,0,"zraunig,dmourad,cbelfield,tli,slofink,ksmart,gleahy",True,2026-05-09-OAK-SEA,2,6,1,9,225.0,1,1,True,True,104,home,75,1778365383.0,18,False,"rvickersb,jwhealan,clankford,emagsig,klew,lgrench,arosentha",76,145,04138fc1da65a9c2553796c396f447c8c203716dd39340f8e42146057d41de3f,1778365383.0,False,104,225.0,18.0780668214276,-10.41,14.78,35.1581922929725,f3557aef8528256d31946751a21fd13b610af3d4115acb2ad2ca2d47174b7222,0.945721755220683,0.0542782447793168,0.673048185221285,0.673048185221285,0.778310004378734,0.7549593418863,2385.0,-4.0,0.1,0.105261819157449,0.321949028570743,145.0,e6430e0665295f38827a956b4dc40a060508c9c8,2026-08-18 08:07:04,2026-06-06 14:01:41,2026-05-09-OAK-SEA,cascades,spiders,16,26,2026-05-09 15:00:00
ksmart,13.77,62.83,,13.77,62.83,1,0,0,"zraunig,dmourad,cbelfield,tli,slofink,ksmart,gleahy",True,2026-05-09-OAK-SEA,2,6,1,9,225.0,1,2,True,True,105,home,76,1778365388.0,22,False,"rvickersb,jwhealan,clankford,emagsig,klew,lgrench,arosentha",77,147,9e25c6c65e60200a24132e7edd49de3038ddd151913752c8fde1b3b628042cae,1778365388.0,False,105,190.5,0.0,0.0,0.0,-90.0,9a4e89c007589cc7c52d927fdf25049fbabd543385924ff409ebc06d982cfdfb,0.5,-0.5,0.673048185221285,0.77533294734382,0.77533294734382,0.751768720860442,2350.5,-4.0,0.058,-0.751768720860442,-0.751768720860442,147.0,3113f29519089b53e5fada831f264ca77220c828,2026-08-18 08:07:04,2026-06-06 14:01:41,2026-05-09-OAK-SEA,cascades,spiders,16,26,2026-05-09 15:00:00
arosentha,2.72,49.5,rvickersb,1.09,58.7,0,0,0,"rvickersb,jwhealan,clankford,emagsig,klew,lgrench,arosentha",False,2026-05-09-OAK-SEA,2,6,1,9,156.0,2,1,False,False,106,away,70,1778365393.0,18,False,"zraunig,dmourad,cbelfield,tli,slofink,ksmart,gleahy",71,148,1bcfc8097440782728409be0a8e0b8211d51420e7e18fcb9c3f4ae691424b083,1778365393.0,False,106,156.0,9.34328100829682,-1.63,9.2,10.0470555951625,d75366c0338cb8d53a257a01961f872cb5fbff000b5dc60d55291de0613b6fa7,0.983492464781002,0.0165075352189975,0.720099857753192,0.720099857753192,0.758170593823835,0.769407488088336,2316.0,-4.0,0.057,0.0380707360706438,0.136015422375434,148.0,173601fd9146e39326c642749efb1cca0a7245eb,2026-08-18 08:07:04,2026-06-06 14:01:41,2026-05-09-OAK-SEA,cascades,spiders,16,26,2026-05-09 15:00:00
rvickersb,1.09,58.7,,1.09,58.7,1,0,0,"rvickersb,jwhealan,clankford,emagsig,klew,lgrench,arosentha",False,2026-05-09-OAK-SEA,2,6,1,9,156.0,2,2,False,False,107,away,71,1778365397.0,22,False,"zraunig,dmourad,cbelfield,tli,slofink,ksmart,gleahy",72,149,248d9a73333f3753b8d3c9d8350a282a721a3c6fe2c86df50be71a30bbfa0765,1778365397.0,False,107,155.642857142857,0.0,0.0,0.0,-90.0,8ec7c684aaac4b4e0464828c6114cf7f3bbc04882514eeaf05a6c53e5ef3a643,0.5,-0.5,0.720099857753192,0.758082662726156,0.758082662726156,0.769322399680245,2315.64285714286,-4.0,0.099,-0.769322399680245,-0.769322399680245,149.0,be0991ad2d4d49ac208d83c557f68dfd3b3edac9,2026-08-18 08:07:04,2026-06-06 14:01:41,2026-05-09-OAK-SEA,cascades,spiders,16,26,2026-05-09 15:00:00
gleahy,-4.67,52.86,dmourad,2.69,44.19,0,0,0,"zraunig,dmourad,cbelfield,tli,slofink,ksmart,gleahy",True,2026-05-09-OAK-SEA,2,6,1,9,156.0,3,1,True,True,108,home,78,1778365410.0,18,False,"rvickersb,jwhealan,clankford,emagsig,klew,lgrench,arosentha",79,151,79fc72ce4df7b13ae42d55aa7777c2e68ae074d18ee5c0b2040ef66d33c83805,1778365410.0,False,108,155.285714285714,11.372708560409,7.36,-8.67,-139.671930654015,25622c3075d9042f97823e7742684bacf42762a0681821ba730d7518fee280d1,0.987851730597,0.0121482694029998,0.699516779375236,0.733132701340368,0.699619679667617,0.833682458495763,2315.28571428571,-4.0,0.094,-0.0335130216727509,-0.111530426235018,151.0,b5fb6ce360887e2e265b8461e5e5281171f2d0f1,2026-08-18 08:07:04,2026-06-06 14:01:41,2026-05-09-OAK-SEA,cascades,spiders,16,26,2026-05-09 15:00:00
dmourad,2.69,44.19,gleahy,-3.65,51.77,0,0,0,"zraunig,dmourad,cbelfield,tli,slofink,ksmart,gleahy",True,2026-05-09-OAK-SEA,2,6,1,9,156.0,3,2,True,True,109,home,79,1778365412.0,18,False,"rvickersb,jwhealan,clankford,emagsig,klew,lgrench,arosentha",80,152,c0c1b54a76a32bff3d31127b48422eef18ea08061fb0b9cf9ee0b00aaf774526,1778365412.0,False,109,154.928571428571,9.88190265080567,-6.34,7.58000000000001,39.9095021668183,95ccd330eed0f8370c83ea065ad1b4f476f9ce202db5823cf2bdc0250789175c,0.9842466827636,0.0157533172363997,0.699516779375236,0.699516779375236,0.728739611532371,0.799704768000885,2314.92857142857,-4.0,0.095,0.0292228321571353,0.0972527920074047,152.0,f3809a3b6c79ab103994d420be9dc4cb7d8c2b22,2026-08-18 08:07:04,2026-06-06 14:01:41,2026-05-09-OAK-SEA,cascades,spiders,16,26,2026-05-09 15:00:00
gleahy,-3.65,51.77,cbelfield,3.06,58.9,0,0,0,"zraunig,dmourad,cbelfield,tli,slofink,ksmart,gleahy",True,2026-05-09-OAK-SEA,2,6,1,9,156.0,3,3,True,True,110,home,80,1778365413.0,18,False,"rvickersb,jwhealan,clankford,emagsig,klew,lgrench,arosentha",81,153,f8ede01568640b1d50c2a23503614ca471cb7d4c8ee503b95928db26eae2c092,1778365413.0,False,110,154.571428571429,9.79086308759345,6.71,7.13,-43.2617887050526,68f0825781ec978a85d13c881d3510e8a907a5002f5d9ba6b01563009a07c53a,0.98316901719141,0.0168309828085904,0.699516779375236,0.728641805771934,0.758556192495609,0.768057398798819,2314.57142857143,-4.0,0.098,0.0299143867236749,0.0995542668288662,153.0,15afa8def30e6255ea773a4c831027d224a35a94,2026-08-18 08:07:04,2026-06-06 14:01:41,2026-05-09-OAK-SEA,cascades,spiders,16,26,2026-05-09 15:00:00
cbelfield,3.06,58.9,zraunig,8.23,70.12,0,0,0,"zraunig,dmourad,cbelfield,tli,slofink,ksmart,gleahy",True,2026-05-09-OAK-SEA,2,6,1,9,156.0,3,4,True,True,111,home,81,1778365416.0,18,False,"rvickersb,jwhealan,clankford,emagsig,klew,lgrench,arosentha",82,154,86db52271d161b008961d04c0391e8057f6b92f4f9dbd9b66f7a26bc37a1ab57,1778365416.0,False,111,154.214285714286,12.3538374604817,5.17,11.22,-24.7395088697481,adfd63cd77c845e222f702e9ed1407af91c8ad2efc3d0d03c2a2e3db60c2ea5a,0.974392004581208,0.0256079954187919,0.699516779375236,0.758464626776222,0.807134122789224,0.719993649434685,2314.21428571429,-4.0,0.102,0.0486694960130014,0.161970761335052,154.0,3c7088e92aa42a99e9b7a07750cbc7fcdb2d901a,2026-08-18 08:07:04,2026-06-06 14:01:41,2026-05-09-OAK-SEA,cascades,spiders,16,26,2026-05-09 15:00:00
zraunig,8.23,70.12,cbelfield,10.41,60.43,0,0,0,"zraunig,dmourad,cbelfield,tli,slofink,ksmart,gleahy",True,2026-05-09-OAK-SEA,2,6,1,9,156.0,3,5,True,True,112,home,82,1778365417.0,18,False,"rvickersb,jwhealan,clankford,emagsig,klew,lgrench,arosentha",83,155,2e9a1b446f0ec83552dda42ad255acb951590e727fdfc93661226fa84a4eb76f,1778365417.0,False,112,153.857142857143,9.93219512494595,2.18,-9.69,-167.321023506351,f8eda154adbd0daae957486e468d93a8688ed2708009a2051539560825cafaf5,0.985443147393283,0.0145568526067174,0.699516779375236,0.807055480181389,0.762643894824517,0.759221668900989,2313.85714285714,-4.0,0.098,-0.044411585356872,-0.147800550275425,155.0,b860ef9c53bb4eaab8d9a840e8d29f4070a56540,2026-08-18 08:07:04,2026-06-06 14:01:41,2026-05-09-OAK-SEA,cascades,spiders,16,26,2026-05-09 15:00:00
cbelfield,10.41,60.43,zraunig,19.59,68.95,0,0,0,"zraunig,dmourad,cbelfield,tli,slofink,ksmart,gleahy",True,2026-05-09-OAK-SEA,2,6,1,9,156.0,3,6,True,True,113,home,83,1778365419.0,18,False,"rvickersb,jwhealan,clankford,emagsig,klew,lgrench,arosentha",84,156,499ff67246c91b9aa38780a1b110f4ce0e3366d24793353eb52d38018bbe60bf,1778365419.0,False,113,153.5,12.5244880134878,9.18,8.52,-47.1354634423766,b02ef35baf245fa49adaca30c4d5427e3c1fec0728fb8bd7944e04d0a88f803a,0.980468676243338,0.019531323756662,0.699516779375236,0.762551491861796,0.782796301339437,0.703620107038115,2313.5,-4.0,0.1,0.0202448094776408,0.0673741762869417,156.0,f27823afe6911fdd736b0b481b3ce81be5414ba4,2026-08-18 08:07:04,2026-06-06 14:01:41,2026-05-09-OAK-SEA,cascades,spiders,16,26,2026-05-09 15:00:00
zraunig,19.59,68.95,cbelfield,12.09,64.58,0,0,0,"zraunig,dmourad,cbelfield,tli,slofink,ksmart,gleahy",True,2026-05-09-OAK-SEA,2,6,1,9,156.0,3,7,True,True,114,home,84,1778365423.0,18,False,"rvickersb,jwhealan,clankford,emagsig,klew,lgrench,arosentha",85,157,7ce58bdb015adf455f85d4b447e1419226e85e52c585d4c1121bbc0c24c76227,1778365423.0,False,114,153.142857142857,8.6802592127194,-7.5,-4.37,120.227929439115,8e317f687549aa64e6bd8d9196047e2ba5e25b2b1203a5535d6e046bd739b6da,0.982313871472081,0.0176861285279187,0.699516779375236,0.782708601267199,0.779314595553334,0.739810448699257,2313.14285714286,-4.0,0.099,-0.00339400571386472,-0.0112951588671338,157.0,623f1068377539953931f375303dbab83a15aa64,2026-08-18 08:07:04,2026-06-06 14:01:41,2026-05-09-OAK-SEA,cascades,spiders,16,26,2026-05-09 15:00:00
cbelfield,12.09,64.58,dmourad,0.0,60.0,0,0,0,"zraunig,dmourad,cbelfield,tli,slofink,ksmart,gleahy",True,2026-05-09-OAK-SEA,2,6,1,9,156.0,3,8,True,True,115,home,85,1778365425.0,18,False,"rvickersb,jwhealan,clankford,emagsig,klew,lgrench,arosentha",86,158,b4066231f2d21258d02e25ba88483dcfdb8944238485a9cfd892c51e838a3960,1778365425.0,False,115,152.785714285714,12.9284376472952,-12.09,-4.58,110.747964096411,42993ebd064006ffbb38491f87f1694f776c0226c849701947854b21d5e36d03,0.980104620823388,0.0198953791766118,0.699516779375236,0.779224959221858,0.762971049287614,0.762971049287614,2312.78571428571,-4.0,0.098,-0.0162539099342432,-0.0540925709610279,158.0,78bf1e6c2101d800dd32908549a6bd692a990a04,2026-08-18 08:07:04,2026-06-06 14:01:41,2026-05-09-OAK-SEA,cascades,spiders,16,26,2026-05-09 15:00:00
dmourad,0.0,60.0,cbelfield,10.92,73.1,0,0,0,"zraunig,dmourad,cbelfield,tli,slofink,ksmart,gleahy",True,2026-05-09-OAK-SEA,2,6,1,9,156.0,3,9,True,True,116,home,86,1778365428.0,18,False,"rvickersb,jwhealan,clankford,emagsig,klew,lgrench,arosentha",87,159,e245e4b21c45ee6d0e491b2a74583e081f0b1962844f5b2b6f5268eabaf14cca,1778365428.0,False,116,152.428571428571,17.0545125993093,10.92,13.1,-39.8141740620974,1c30fa206df666a6ddc1df627616a6f6607bd4d2589e4431cdceb9c8783ed185,0.96088255705544,0.0391174429445601,0.699516779375236,0.762875810018773,0.818764406988277,0.706213245299856,2312.42857142857,-4.0,0.103,0.0558885969695042,0.185995733316825,159.0,520e634657420ec5cd4ea6001e2bafbcd6c82c82,2026-08-18 08:07:04,2026-06-06 14:01:41,2026-05-09-OAK-SEA,cascades,spiders,16,26,2026-05-09 15:00:00
cbelfield,10.92,73.1,slofink,15.22,77.83,0,0,0,"zraunig,dmourad,cbelfield,tli,slofink,ksmart,gleahy",True,2026-05-09-OAK-SEA,2,6,1,9,156.0,3,10,True,True,117,home,87,1778365431.0,18,False,"rvickersb,jwhealan,clankford,emagsig,klew,lgrench,arosentha",88,160,c9a44bb07e25c382541f5ed54b9ac5eb529393fb5c7ecb08390456a87fef27da,1778365431.0,False,117,152.071428571429,6.39240956134696,4.3,4.73,-42.2736890060937,a0afd661ca64d7d24e14cacfa6483d092c6c7ac89bcf37ddc5505814f365aa5f,0.984370566521551,0.015629433478449,0.699516779375236,0.818685442398353,0.835243342006578,0.682135897846906,2312.07142857143,-4.0,0.104,0.0165578996082258,0.0551042403426011,160.0,b7b8cc4914a031092db8536a6950a41b21380dc8,2026-08-18 08:07:04,2026-06-06 14:01:41,2026-05-09-OAK-SEA,cascades,spiders,16,26,2026-05-09 15:00:00
slofink,15.22,77.83,cbelfield,20.69,83.3,0,0,0,"zraunig,dmourad,cbelfield,tli,slofink,ksmart,gleahy",True,2026-05-09-OAK-SEA,2,6,1,9,156.0,3,11,True,True,118,home,88,1778365433.0,18,False,"rvickersb,jwhealan,clankford,emagsig,klew,lgrench,arosentha",89,161,fcf3bac1be144a6ab4f0928f3142527d56fdb04f88825c9f732ac654eae965ba,1778365433.0,False,118,151.714285714286,7.73574818618083,5.47,5.47,-45.0,8f910e37ca84cb5a3f73e0fcc388ad8dc65c1c6af64983b1c538bc4693f76841,0.983271544458383,0.0167284555416169,0.699516779375236,0.83516934779562,0.8476493731919,0.642127450047317,2311.71428571429,-4.0,0.106,0.0124800253962805,0.0415331856811572,161.0,46bce7682299c92798d318d2f97f212b2973d047,2026-08-18 08:07:04,2026-06-06 14:01:41,2026-05-09-OAK-SEA,cascades,spiders,16,26,2026-05-09 15:00:00
cbelfield,20.69,83.3,dmourad,24.26,111.55,0,0,0,"zraunig,dmourad,cbelfield,tli,slofink,ksmart,gleahy",True,2026-05-09-OAK-SEA,3,6,1,9,156.0,3,12,True,True,119,home,89,1778365443.0,19,False,"rvickersb,jwhealan,clankford,emagsig,klew,lgrench,arosentha",90,162,22095ad9bd3a717ec471c9b4a2a3c96328ef9ff3552ad8816495932b339919a2,1778365443.0,False,119,151.357142857143,28.4746799806425,3.57,28.25,-7.2023856953026,0b4adb5ce4499bed064d2b6264e6e697ca07ce45ca3962fb39e7ffe3aac4d417,0.784743336595542,0.215256663404458,0.699516779375236,0.847579209867695,1.0,0.561361831614359,2311.35714285714,-4.0,0.117,0.152420790132305,0.507252251275103,162.0,8c75acd5b880fd2a54e691144d19998ca48698bf,2026-08-18 08:07:04,2026-06-06 14:01:41,2026-05-09-OAK-SEA,cascades,spiders,16,26,2026-05-09 15:00:00
dritthale,7.09,16.43,lgordon,-4.44,17.59,0,0,0,"mawais,wfrankenb,dritthale,dwhited,cboydflie,lgordon,jvallee",False,2026-05-09-OAK-SEA,3,6,1,10,151.0,1,1,True,True,120,away,74,1778365502.0,18,False,"isweeney,alantz,jbrown,korser,mobrien2,rmcleod,bkassmull",75,166,bb9d2f64b38af38e7f5a2ffcc914482011cea8725fa87d8aafe91591060954f4,1778365502.0,False,120,151.0,11.5882052104716,-11.53,1.16,84.2549683936448,e7398573fd958364e66d8962cffbd296bad42433e5e8a7809da8d6b9d75cc5b9,0.989201092442337,0.0107989075576633,0.562089868280603,0.613784969965845,0.617216873978798,0.927773046560905,2311.0,-3.0,0.114,0.00343190401295335,0.00783700527658134,166.0,93e8fa71a4e7ea95db8aaa7af20e7f9147861f40,2026-08-18 08:07:04,2026-06-06 14:01:41,2026-05-09-OAK-SEA,cascades,spiders,16,26,2026-05-09 15:00:00
lgordon,-4.44,17.59,dwhited,-22.78,15.88,0,0,0,"mawais,wfrankenb,dritthale,dwhited,cboydflie,lgordon,jvallee",False,2026-05-09-OAK-SEA,3,6,1,10,151.0,1,2,True,True,121,away,75,1778365508.0,18,False,"isweeney,alantz,jbrown,korser,mobrien2,rmcleod,bkassmull",76,168,dd584cd337d47fa0960a17ce6e4fe8a48e10cb758d64a416669656c4141ed144,1778365508.0,False,121,147.0,18.4195466828041,-18.34,-1.71,95.3267905123868,0ba5713d85816d09f9b4af3b7fb571886f016f382f149f6813eee1645198c88c,0.983776313405233,0.0162236865947668,0.562089868280603,0.615668136830326,0.563896449378592,0.912695537541505,2307.0,-3.0,0.118,-0.0517716874517341,-0.118224456804549,168.0,4ad2a6b4e8758db395e2887ef4c9d12e86003306,2026-08-18 08:07:04,2026-06-06 14:01:41,2026-05-09-OAK-SEA,cascades,spiders,16,26,2026-05-09 15:00:00
dwhited,-22.78,15.88,wfrankenb,-23.13,30.06,0,0,0,"mawais,wfrankenb,dritthale,dwhited,cboydflie,lgordon,jvallee",False,2026-05-09-OAK-SEA,3,6,1,10,151.0,1,3,True,True,122,away,76,1778365512.0,18,False,"isweeney,alantz,jbrown,korser,mobrien2,rmcleod,bkassmull",77,169,5f15919a7af10841f9b525c1450241a546162d2620c0cbd9f16598c71b53cf62,1778365512.0,False,122,143.0,14.1843188063439,-0.349999999999998,14.18,1.41392467510541,fe87465af3b7937876dda17d8fc2f3ee1e01e2325bf7b956096b193b43177e75,0.970928266156438,0.0290717338435618,0.562089868280603,0.562089868280603,0.598351271028166,0.868807512604987,2303.0,-3.0,0.115,0.036261402747563,0.0828055806911507,169.0,8b2b1cb21e3428aae3dc59f0bed1118ecd3a6b14,2026-08-18 08:07:04,2026-06-06 14:01:41,2026-05-09-OAK-SEA,cascades,spiders,16,26,2026-05-09 15:00:00
wfrankenb,-23.13,30.06,jvallee,-13.51,41.93,0,0,0,"mawais,wfrankenb,dritthale,dwhited,cboydflie,lgordon,jvallee",False,2026-05-09-OAK-SEA,3,6,1,10,151.0,1,4,True,True,123,away,77,1778365515.0,18,False,"isweeney,alantz,jbrown,korser,mobrien2,rmcleod,bkassmull",78,170,83b84d07fcd8d1f7227635a4007cfaa2d47b8581c0c98b98756a1b33787a39cb,1778365515.0,False,123,139.0,15.2787859465338,9.62,11.87,-39.0229167864419,482d9eed4eed67d049841b468c7d6bfb24cc1767a78ea70da9ec48d12904e23b,0.965795566801003,0.0342044331989967,0.562089868280603,0.59637621628946,0.679294724848067,0.83544294064921,2299.0,-3.0,0.11,0.0829185085586071,0.189350514072461,170.0,f56ecb4c45897c29e448b858072e6afa7766d12d,2026-08-18 08:07:04,2026-06-06 14:01:41,2026-05-09-OAK-SEA,cascades,spiders,16,26,2026-05-09 15:00:00
jvallee,-13.51,41.93,mawais,-11.6,56.38,0,0,0,"mawais,wfrankenb,dritthale,dwhited,cboydflie,lgordon,jvallee",False,2026-05-09-OAK-SEA,3,6,1,10,151.0,1,5,True,True,124,away,78,1778365516.0,18,False,"isweeney,alantz,jbrown,korser,mobrien2,rmcleod,bkassmull",79,171,4c0c327c4fcd30908a216e6cc3a0aba4ec7ce18e61b033a2b16b4db59614c7d5,1778365516.0,False,124,135.0,14.5756852326057,1.91,14.45,-7.52970281119701,d0a60b35902a4e4fe62aeb0dbcb0cdd483450d4fa02dfc92fc041ec6d07162f1,0.967233702495315,0.0327662975046846,0.562089868280603,0.677296711183552,0.737749795717458,0.769467769373182,2295.0,-3.0,0.105,0.0604530845339065,0.138049065675976,171.0,03de331d389cdb41f3410a46238af5c02c82b60c,2026-08-18 08:07:04,2026-06-06 14:01:41,2026-05-09-OAK-SEA,cascades,spiders,16,26,2026-05-09 15:00:00
mawais,-11.6,56.38,jvallee,-9.89,47.65,0,0,0,"mawais,wfrankenb,dritthale,dwhited,cboydflie,lgordon,jvallee",False,2026-05-09-OAK-SEA,3,6,1,10,151.0,1,6,True,True,125,away,79,1778365520.0,18,False,"isweeney,alantz,jbrown,korser,mobrien2,rmcleod,bkassmull",80,172,bcc49d83a85072ca561af22785b464613d495801c247ca5ec0717c9aecf9551f,1778365520.0,False,125,131.0,8.89589793106913,1.71,-8.73,-168.91743053697,e4519fcab6a63c9ce7198a815b0914fedae7250508097183d68d5f23b7cfad54,0.988079725686073,0.0119202743139267,0.562089868280603,0.735776004227187,0.700814322449457,0.809400364549623,2291.0,-3.0,0.108,-0.0349616817777304,-0.0798375722444647,172.0,9f9283f83c547a15f9e5d6bb31adb09e39bf4506,2026-08-18 08:07:04,2026-06-06 14:01:41,2026-05-09-OAK-SEA,cascades,spiders,16,26,2026-05-09 15:00:00
jvallee,-9.89,47.65,dritthale,-20.12,53.52,0,0,0,"mawais,wfrankenb,dritthale,dwhited,cboydflie,lgordon,jvallee",False,2026-05-09-OAK-SEA,3,6,1,10,151.0,1,7,True,True,126,away,80,1778365523.0,18,False,"isweeney,alantz,jbrown,korser,mobrien2,rmcleod,bkassmull",81,173,c429fbea005e10c4c05b8df1b8ed2dde45059d2601716887f183f9a43d4d3cbf,1778365523.0,False,126,127.0,11.7944817605523,-10.23,5.87,60.15268656361,658ebaf4580eb671b39a669730a44a8a5e3f6b047114096b68171ea1fb12025b,0.985198098451901,0.014801901548099,0.562089868280603,0.6984451113784,0.700001088499166,0.758727230419495,2287.0,-3.0,0.108,0.00155597712076549,0.00355318821845056,173.0,c165b33e4f53f4792f79b776d8cec693ec7eb058,2026-08-18 08:07:04,2026-06-06 14:01:41,2026-05-09-OAK-SEA,cascades,spiders,16,26,2026-05-09 15:00:00
dritthale,-20.12,53.52,wfrankenb,-15.42,95.25,0,0,0,"mawais,wfrankenb,dritthale,dwhited,cboydflie,lgordon,jvallee",False,2026-05-09-OAK-SEA,3,6,1,10,151.0,1,8,True,True,127,away,81,1778365549.0,18,False,"isweeney,alantz,jbrown,korser,mobrien2,rmcleod,bkassmull",82,175,796d2d5883f94326c9fd2015107c4ce84f9ea4f3cdb695d81f287c56425f7476,1778365549.0,False,127,123.0,41.993843596413,4.7,41.73,-6.42607432897803,2204cb1ce9b10341ead70dd15f7783561f5b97445a673235be3a01c84460fed3,0.721375738865811,0.278624261134189,0.562089868280603,0.697380740999493,0.902789778403252,0.608297800804014,2283.0,-3.0,0.089,0.20540903740376,0.46906664752708,175.0,6b5b6741eb8801a717037cfe210217f363c874f5,2026-08-18 08:07:04,2026-06-06 14:01:41,2026-05-09-OAK-SEA,cascades,spiders,16,26,2026-05-09 15:00:00
wfrankenb,-15.42,95.25,lgordon,-15.83,102.95,0,0,0,"mawais,wfrankenb,dritthale,dwhited,cboydflie,lgordon,jvallee",False,2026-05-09-OAK-SEA,3,7,1,10,151.0,1,9,True,True,128,away,82,1778365551.0,19,False,"isweeney,alantz,jbrown,korser,mobrien2,rmcleod,bkassmull",83,176,5d384ab97d25067b81c012c45b10eb2e18aff2c1ba95b71a1dfb5e1dc63b21f7,1778365551.0,False,128,119.0,7.71090785835235,-0.41,7.7,3.04793588881506,a0067da76e489287de1047f69f52401a9567785da6832cbdd7c2c8b3e486bfd5,0.971784674485822,0.0282153255141779,0.562089868280603,0.901581169734225,1.0,0.59096355802444,2279.0,-3.0,0.086,0.0984188302657749,0.224746638949289,176.0,2fec9eff6fd1cc465e808f419b65d414fce43404,2026-08-18 08:07:04,2026-06-06 14:01:41,2026-05-09-OAK-SEA,cascades,spiders,16,26,2026-05-09 15:00:00
tli,0.8,15.72,dmourad,0.0,60.0,0,0,0,"dmourad,ksmart,mmunoz,nstoppel,cbelfield,gleahy,tli",True,2026-05-09-OAK-SEA,3,7,1,11,115.0,1,1,True,True,129,home,94,1778365592.0,18,False,"arosentha,ichang,cbernard,tgoss,aorme,mwilliams,klew",95,179,2335d180bafb5664aea733885adef69e70caf05f2e8c44e589de1d872efa703d,1778365592.0,False,129,115.0,44.2872261493086,-0.8,44.28,1.03504149491113,ad157e5f5ff67231817df5600999adc4b58b552a21355244a58acecfec76b24d,0.773834671864317,0.226165328135683,0.590682900774778,0.590682900774778,0.745066992767064,0.745066992767064,2275.0,-4.0,0.096,0.154384091992286,0.377174792561837,179.0,f3773bc9a383aa88ec2318013be22f54f858a022,2026-08-18 08:07:04,2026-06-06 14:01:41,2026-05-09-OAK-SEA,cascades,spiders,16,26,2026-05-09 15:00:00
dmourad,0.0,60.0,gleahy,12.24,41.43,0,0,0,"dmourad,ksmart,mmunoz,nstoppel,cbelfield,gleahy,tli",True,2026-05-09-OAK-SEA,3,7,1,11,115.0,1,2,True,True,130,home,95,1778365599.0,18,False,"arosentha,ichang,cbernard,tgoss,aorme,mwilliams,klew",96,181,5b620af5f7b4753ca62b57c3806be43603dfd12f37b3a076474464837aed2017,1778365599.0,False,130,112.3,22.2410094195385,12.24,-18.57,-146.610019858426,cc53f4f50a6970d75a2191f949d1ddd3907c8d34498f2f6418d575bdcc8b9251,0.977079982929399,0.0229200170706008,0.590682900774778,0.742986036454589,0.660206343847615,0.828025571440224,2272.3,-4.0,0.091,-0.0827796926069742,-0.202238540153011,181.0,8a71676f39a5f3d9d2028a40533a6d7bb098217b,2026-08-18 08:07:04,2026-06-06 14:01:41,2026-05-09-OAK-SEA,cascades,spiders,16,26,2026-05-09 15:00:00
gleahy,12.24,41.43,dmourad,3.06,32.69,0,0,0,"dmourad,ksmart,mmunoz,nstoppel,cbelfield,gleahy,tli",True,2026-05-09-OAK-SEA,3,7,1,11,115.0,1,3,True,True,131,home,96,1778365602.0,18,False,"arosentha,ichang,cbernard,tgoss,aorme,mwilliams,klew",97,182,0141639ca083bc3be88842d8dbf87a08c2941f3864d5903e85c579403f16f8ac,1778365602.0,False,131,109.6,12.6751725826515,-9.18,-8.74,133.593466595697,d8cb83b0e4a0d6a88600edf4c3598ec64477679f1f9b0e96cf885c0ea1385c6a,0.987247487393785,0.0127525126062152,0.590682900774778,0.657601899600567,0.632429635318048,0.869254768891435,2269.6,-4.0,0.089,-0.025172264282519,-0.0614981986586107,182.0,01d8e900861d742f2afffa3ba3fa0c2e24ca2025,2026-08-18 08:07:04,2026-06-06 14:01:41,2026-05-09-OAK-SEA,cascades,spiders,16,26,2026-05-09 15:00:00
dmourad,3.06,32.69,ksmart,-9.7,40.92,0,0,0,"dmourad,ksmart,mmunoz,nstoppel,cbelfield,gleahy,tli",True,2026-05-09-OAK-SEA,3,7,1,11,115.0,1,4,True,True,132,home,97,1778365605.0,18,False,"arosentha,ichang,cbernard,tgoss,aorme,mwilliams,klew",98,183,81d4b03e3a5d939123fac34e47f4c6212588d62de8267395a10821742fa2e894,1778365605.0,False,132,106.9,15.1838894885336,-12.76,8.23,57.178618135296,f5ebbeef1deb97e0a2f22432e2422a3ac7cb83010cbe5188b0ce918f688b7e8b,0.977218522067812,0.0227814779321883,0.590682900774778,0.629571926068278,0.656093858759057,0.8283862179744,2266.9,-4.0,0.091,0.0265219326907788,0.064795564956805,183.0,118fd1b3707061c4bd2eb3edf540b73cb80e9add,2026-08-18 08:07:04,2026-06-06 14:01:41,2026-05-09-OAK-SEA,cascades,spiders,16,26,2026-05-09 15:00:00
ksmart,-9.7,40.92,dmourad,-0.81,35.82,0,0,0,"dmourad,ksmart,mmunoz,nstoppel,cbelfield,gleahy,tli",True,2026-05-09-OAK-SEA,3,7,1,11,115.0,1,5,True,True,133,home,98,1778365607.0,18,False,"arosentha,ichang,cbernard,tgoss,aorme,mwilliams,klew",99,184,15d550e3a7f69e6e246dfc3e6f9ef4fddcf99cb182c1899a5cac823389355b51,1778365607.0,False,133,104.2,10.2490048297383,8.89,-5.1,-119.84195743704,653dfa706ebe577f5ae4619d22b66dfafc3e8357b7328516f32cd42505638552,0.988773204055091,0.0112267959449087,0.590682900774778,0.653158784110644,0.637113442675028,0.852198461171255,2264.2,-4.0,0.09,-0.0160453414356165,-0.0392002715400555,184.0,71e30de8e7b050cb0a263f263b87878ca030244f,2026-08-18 08:07:04,2026-06-06 14:01:41,2026-05-09-OAK-SEA,cascades,spiders,16,26,2026-05-09 15:00:00
dmourad,-0.81,35.82,nstoppel,-14.58,40.48,0,0,0,"dmourad,ksmart,mmunoz,nstoppel,cbelfield,gleahy,tli",True,2026-05-09-OAK-SEA,3,7,1,11,115.0,1,6,True,True,134,home,99,1778365610.0,18,False,"arosentha,ichang,cbernard,tgoss,aorme,mwilliams,klew",100,185,0e1b7c0ee1b5b4e69700ecc82d37bc640e0f6da9abeabff757ffa007e299ceb6,1778365610.0,False,134,101.5,14.5371420850179,-13.77,4.66,71.303314609714,c7e6685b37e0a8d869c7b6936d9720e827af064c9dac7affe8cddeac4f9ed880,0.981483889231284,0.0185161107687158,0.590682900774778,0.633936887208506,0.642135798097166,0.822009182085583,2261.5,-4.0,0.09,0.00819891088866009,0.0200307070097473,185.0,608afb112c849306d0d3f8d7c299e759e5c249a5,2026-08-18 08:07:04,2026-06-06 14:01:41,2026-05-09-OAK-SEA,cascades,spiders,16,26,2026-05-09 15:00:00
nstoppel,-14.58,40.48,ksmart,-8.24,53.44,0,0,0,"dmourad,ksmart,mmunoz,nstoppel,cbelfield,gleahy,tli",True,2026-05-09-OAK-SEA,3,7,1,11,115.0,1,7,True,True,135,home,100,1778365616.0,18,False,"arosentha,ichang,cbernard,tgoss,aorme,mwilliams,klew",101,186,a9a5592fb6877ea64b5e3124096dc5b4f03d69fd9ad49cfbead8cb7bf35ad3ca,1778365616.0,False,135,98.8,14.4276540019506,6.34,12.96,-26.0677661358896,e188e840dda491084e64d3879c34d36a3bb6df635e4e95ddb4a405dd1e3f59ac,0.968797672019884,0.031202327980116,0.590682900774778,0.638804040282148,0.698998670402212,0.760831464656379,2258.8,-4.0,0.093,0.0601946301200634,0.147061117734889,186.0,a951ae8283d2cba6bce8a5e8ad1c85d8e0f878bf,2026-08-18 08:07:04,2026-06-06 14:01:41,2026-05-09-OAK-SEA,cascades,spiders,16,26,2026-05-09 15:00:00
ksmart,-8.24,53.44,tli,7.5,52.2,0,0,0,"dmourad,ksmart,mmunoz,nstoppel,cbelfield,gleahy,tli",True,2026-05-09-OAK-SEA,3,7,1,11,115.0,1,8,True,True,136,home,101,1778365623.0,18,False,"arosentha,ichang,cbernard,tgoss,aorme,mwilliams,klew",102,187,27c63200fee56f1591a53aede0de27a594adefd445f3c5d2fe9eff7acffb0afb,1778365623.0,False,136,96.1,15.788768159676,15.74,-1.23999999999999,-94.5044683564816,bf481e27991ee7e765ff889b1e150709dac7203d3bd86edcb83f548bbcb11838,0.976529792660274,0.0234702073397262,0.590682900774778,0.695780840246236,0.690461957325062,0.764562614889605,2256.1,-4.0,0.093,-0.005318882921174,-0.0129945290124499,187.0,ac55c6e472c472ba6c430928b1c2b0fceb1297aa,2026-08-18 08:07:04,2026-06-06 14:01:41,2026-05-09-OAK-SEA,cascades,spiders,16,26,2026-05-09 15:00:00
tli,7.5,52.2,nstoppel,14.35,60.07,0,0,0,"dmourad,ksmart,mmunoz,nstoppel,cbelfield,gleahy,tli",True,2026-05-09-OAK-SEA,3,7,1,11,115.0,1,9,True,True,137,home,102,1778365625.0,18,False,"arosentha,ichang,cbernard,tgoss,aorme,mwilliams,klew",103,188,6af5fd0eb658bebe7a0991ee271bf7abb53b534dd10732fd1248e132895c3e23,1778365625.0,False,137,93.4,10.4335708173185,6.85,7.87,-41.0361123607998,e164058df1857a95f0b04ca9a8697d71d947c85e986b7fef6803f11f0e157983,0.981713494102074,0.0182865058979265,0.590682900774778,0.687021267762927,0.71624052078173,0.7167865261892,2253.4,-4.0,0.094,0.029219253018803,0.071385371082984,188.0,e2afd3d6b3ca2c9e3d6b21d42b5eff77e55820a5,2026-08-18 08:07:04,2026-06-06 14:01:41,2026-05-09-OAK-SEA,cascades,spiders,16,26,2026-05-09 15:00:00
nstoppel,14.35,60.07,,14.49,102.52,1,0,0,"dmourad,ksmart,mmunoz,nstoppel,cbelfield,gleahy,tli",True,2026-05-09-OAK-SEA,3,7,1,11,115.0,1,10,True,True,138,home,103,1778365637.0,22,False,"arosentha,ichang,cbernard,tgoss,aorme,mwilliams,klew",104,190,c6204ed7089783fa3f9a2454f6cb51921b4c73e3ea3b14cc04d3a4ea799c47bd,1778365637.0,False,138,90.7,42.4502308592073,0.140000000000001,42.45,-0.1889606607687,5c1700be03b62e6fe8dc2926fd8e75adf413c6425b73ed7d959d3931088aed67,0.733833374377567,-0.733833374377567,0.590682900774778,0.71279829912929,0.917789095236012,0.562313552849953,2250.7,-4.0,0.066,-0.562313552849953,-0.562313552849953,190.0,8c3c4042d0478dcc1b88afaecfd29483b06fe92c,2026-08-18 08:07:04,2026-06-06 14:01:41,2026-05-09-OAK-SEA,cascades,spiders,16,26,2026-05-09 15:00:00
aorme,2.52,19.63,tgoss,2.52,19.63,0,0,0,"arosentha,ichang,cbernard,tgoss,aorme,mwilliams,klew",False,2026-05-09-OAK-SEA,3,7,1,11,88.0,2,1,False,False,139,away,86,1778365647.0,18,False,"dmourad,ksmart,mmunoz,nstoppel,cbelfield,gleahy,tli",87,191,f54792743e8450d88db8a9c6f405226fad28329bc504c992e17dff1a45cbc2a5,1778365647.0,False,139,88.0,0.0,0.0,0.0,-90.0,eedc46b8d69883165acc2b12bc7703d83ceb167864ed69ed5d63fc634f2377ec,0.5,0.5,0.524061721358723,0.565769708008406,0.565769708008406,0.910373352108445,2248.0,-4.0,0.066,0.0,0.0,191.0,021551eb3cb63bc365267d48906559f1c5d33d62,2026-08-18 08:07:04,2026-06-06 14:01:41,2026-05-09-OAK-SEA,cascades,spiders,16,26,2026-05-09 15:00:00
tgoss,2.52,19.63,aorme,-6.14,16.97,0,0,0,"arosentha,ichang,cbernard,tgoss,aorme,mwilliams,klew",False,2026-05-09-OAK-SEA,3,7,1,11,88.0,2,2,False,False,140,away,87,1778365650.0,18,False,"dmourad,ksmart,mmunoz,nstoppel,cbelfield,gleahy,tli",88,192,a45d1cc5d8cd3f4522c234b006ccdba4e3ee81ffa4aae8ef7b3bda4bcb32ead7,1778365650.0,False,140,79.2,9.05931564744269,-8.66,-2.66,107.074829711634,54cd81be6cef53b49d2c620f79c8f052df36d48c152215434b18d5f08712f913,0.992085392634176,0.00791460736582428,0.524061721358723,0.549999319277275,0.542482519953695,0.904795397026723,2239.2,-4.0,0.066,-0.00751679932358018,-0.0157936431275067,192.0,bfd3f5a3acfeb25460dba620c5b103872340f37b,2026-08-18 08:07:04,2026-06-06 14:01:41,2026-05-09-OAK-SEA,cascades,spiders,16,26,2026-05-09 15:00:00
aorme,-6.14,16.97,,-15.42,19.15,1,0,0,"arosentha,ichang,cbernard,tgoss,aorme,mwilliams,klew",False,2026-05-09-OAK-SEA,3,7,1,11,88.0,2,3,False,False,141,away,88,1778365655.0,22,False,"dmourad,ksmart,mmunoz,nstoppel,cbelfield,gleahy,tli",89,194,fbdbc835371d95be11681645f4eb673ca60d830109f0562bf092e7ba923a48d6,1778365655.0,False,141,70.4,9.53261768875685,-9.28,2.18,76.7801296921046,7fe557c6f1a93296da016d48a4a6208f135adc57126e5711f333e72b47b37b57,0.991171040436387,-0.991171040436387,0.524061721358723,0.524061721358723,0.519229032713051,0.893598921450367,2230.4,-4.0,0.11,-0.893598921450367,-0.893598921450367,194.0,dc770130b5d48f3e4401879b6ebc48ef5233f1da,2026-08-18 08:07:04,2026-06-06 14:01:41,2026-05-09-OAK-SEA,cascades,spiders,16,26,2026-05-09 15:00:00
mmunoz,10.41,78.05,cbelfield,18.72,92.33,0,0,0,"dmourad,ksmart,mmunoz,nstoppel,cbelfield,gleahy,tli",True,2026-05-09-OAK-SEA,3,7,1,11,88.0,3,1,True,True,142,home,105,1778365664.0,18,False,"arosentha,ichang,cbernard,tgoss,aorme,mwilliams,klew",106,195,0b843607866d4dffaa9cf00ad7a4af83107cc5a985729d4a6f4252944bf9ece0,1778365664.0,False,142,61.6,16.5219399587337,8.31,14.28,-30.1965278616002,a867b429c816bc38e5d6ed8fd48361b7dc10a195b60be5de5f7359f059036b76,0.962043682868916,0.0379563171310839,0.769775959744806,0.769775959744806,0.839028527892898,0.51101752712131,2221.6,-4.0,0.104,0.0692525681480924,0.30080511171348,195.0,af43e3d5c39b14cef0cd61dbb8070e88d080d367,2026-08-18 08:07:04,2026-06-06 14:01:41,2026-05-09-OAK-SEA,cascades,spiders,16,26,2026-05-09 15:00:00
cbelfield,18.72,92.33,mmunoz,18.5,104.19,0,0,0,"dmourad,ksmart,mmunoz,nstoppel,cbelfield,gleahy,tli",True,2026-05-09-OAK-SEA,4,7,1,11,88.0,3,2,True,True,143,home,106,1778365668.0,19,False,"arosentha,ichang,cbernard,tgoss,aorme,mwilliams,klew",107,196,6be5d03f36b1ecdca742704f3fc17521aae4f0577ec557b37a8ad803f850ffe4,1778365668.0,False,143,52.8,11.8620402966775,-0.219999999999999,11.86,1.06270033882959,6a7b74fb3d801bedd93fd79af8e4150cac1902e02e03ddeb5ed409fa2f6db15f,0.964341847280452,0.0356581527195475,0.769775959744806,0.825550933209443,1.0,0.465700848275695,2212.8,-4.0,0.11,0.174449066790557,0.757736101743272,196.0,b15f9b6a79e7409ea6c2998b546c02392c413c13,2026-08-18 08:07:04,2026-06-06 14:01:41,2026-05-09-OAK-SEA,cascades,spiders,16,26,2026-05-09 15:00:00
lgordon,0.75,12.54,dritthale,-0.07,23.52,0,0,0,"mawais,wfrankenb,dritthale,cboydflie,arees,lgordon,jvallee",False,2026-05-09-OAK-SEA,4,7,1,12,44.0,1,1,True,True,144,away,91,1778365717.0,18,False,"emurray,nmahan,isweeney,alantz,korser,bkassmull,gharris",92,200,0c29f2c37cfa76c19ea4f7f2642c0136594435822ddd58dd137d8f87dcc89cb2,1778365717.0,False,144,44.0,11.0105767333051,-0.82,10.98,4.2709913742314,5d950d7c7ed4dca1567f92d9a704ef7393622afce5d82df993f42baec75e9e3e,0.987214610264298,0.0127853897357024,0.441725999728769,0.441725999728769,0.469916517659489,0.849273921307999,2204.0,-3.0,0.122,0.0281905179307202,0.0504958459771084,200.0,e8636d0a8a562f96645fa78db02c2f289ca660b0,2026-08-18 08:07:04,2026-06-06 14:01:41,2026-05-09-OAK-SEA,cascades,spiders,16,26,2026-05-09 15:00:00
dritthale,-0.07,23.52,wfrankenb,7.97,28.43,0,0,0,"mawais,wfrankenb,dritthale,cboydflie,arees,lgordon,jvallee",False,2026-05-09-OAK-SEA,4,7,1,12,44.0,1,2,True,True,145,away,92,1778365722.0,18,False,"emurray,nmahan,isweeney,alantz,korser,bkassmull,gharris",93,201,345da6451cad6057eebbde33dad8922d26890dbe0c197b342d92ddc52b270996,1778365722.0,False,145,40.3333333333333,9.42070591834816,8.04,4.91,-58.5877329644718,75bc64621028217fe2ff2519dbba03b84237618525f3d2669c207f315c4254ad,0.988746906800303,0.0112530931996969,0.441725999728769,0.457646100106313,0.470886545392176,0.811973990043275,2200.33333333333,-3.0,0.122,0.0132404452858635,0.0237167506984577,201.0,f09d68daf01b3219948e9da9e8687e10657eda8d,2026-08-18 08:07:04,2026-06-06 14:01:41,2026-05-09-OAK-SEA,cascades,spiders,16,26,2026-05-09 15:00:00
wfrankenb,7.97,28.43,arees,12.07,44.79,0,0,0,"mawais,wfrankenb,dritthale,cboydflie,arees,lgordon,jvallee",False,2026-05-09-OAK-SEA,4,7,1,12,44.0,1,3,True,True,146,away,93,1778365725.0,18,False,"emurray,nmahan,isweeney,alantz,korser,bkassmull,gharris",94,203,7b547a039baef53c17d06dca3a37012a2bde57b4fc22cfaa56f9d8aaa47f03df,1778365725.0,False,146,36.6666666666667,16.8659301551975,4.1,16.36,-14.0692004844315,c9104b453ebd69a0fa4213124cfd1adc1af3f66ca986a0b568431eb91a4b46d6,0.967355181740551,0.0326448182594488,0.441725999728769,0.458024306876864,0.515631299430437,0.690563370774991,2196.66666666667,-3.0,0.12,0.057606992553573,0.103187668645836,203.0,5e17e4a545685d07a116749479203fc5f5ed0656,2026-08-18 08:07:04,2026-06-06 14:01:41,2026-05-09-OAK-SEA,cascades,spiders,16,26,2026-05-09 15:00:00
arees,12.07,44.79,jvallee,18.07,58.43,0,0,0,"mawais,wfrankenb,dritthale,cboydflie,arees,lgordon,jvallee",False,2026-05-09-OAK-SEA,4,7,1,12,44.0,1,4,True,True,147,away,94,1778365728.0,18,False,"emurray,nmahan,isweeney,alantz,korser,bkassmull,gharris",95,204,d89949320899f0840c19bf639e6cc27d744b488e3a05e8c356929354d25e7b27,1778365728.0,False,147,33.0,14.9013287998084,6.0,13.64,-23.7438634580433,75383ae0ff9bff242434a3563c9f0b6d937870d508a493d77ca450ca492846bf,0.974787353235572,0.0252126467644285,0.441725999728769,0.502100913603283,0.554180274974261,0.575770066720077,2193.0,-3.0,0.118,0.0520793613709774,0.0932863815002582,204.0,206aa34b1e53eeb4f388bbcbcaec0ec4efc6454c,2026-08-18 08:07:04,2026-06-06 14:01:41,2026-05-09-OAK-SEA,cascades,spiders,16,26,2026-05-09 15:00:00
jvallee,18.07,58.43,mawais,8.59,51.2,0,0,0,"mawais,wfrankenb,dritthale,cboydflie,arees,lgordon,jvallee",False,2026-05-09-OAK-SEA,4,7,1,12,44.0,1,5,True,True,148,away,95,1778365732.0,18,False,"emurray,nmahan,isweeney,alantz,korser,bkassmull,gharris",96,205,ca8aa381752e9cf8ce24663c0dfd19ab7c2eca91afd2f1c4d575294a317e83b8,1778365732.0,False,148,29.3333333333333,11.922386506065,-9.48,-7.23,127.331252783881,41ecfba6de1a1f204ed80f730ebbfc41fde913b2a9c3aa97cd6f43702599da58,0.982033451881606,0.0179665481183944,0.441725999728769,0.540149931070017,0.522093021346371,0.625468819473232,2189.33333333333,-3.0,0.119,-0.0180569097236459,-0.0323441709892869,205.0,15f53f938e28e039b9d4966defc138b00c9c55aa,2026-08-18 08:07:04,2026-06-06 14:01:41,2026-05-09-OAK-SEA,cascades,spiders,16,26,2026-05-09 15:00:00
mawais,8.59,51.2,jvallee,-0.69,63.13,0,0,0,"mawais,wfrankenb,dritthale,cboydflie,arees,lgordon,jvallee",False,2026-05-09-OAK-SEA,4,7,1,12,44.0,1,6,True,True,149,away,96,1778365738.0,18,False,"emurray,nmahan,isweeney,alantz,korser,bkassmull,gharris",97,206,5b295c59827eda3a333f631887b49e5fa55a0cc5f28963ae827cf0cd504896e6,1778365738.0,False,149,25.6666666666667,15.1143408721651,-9.28,11.93,37.878308422145,cc84dd4f946ba329deec4e90dacce447748f76948cb7baec56fd637dc22db5a0,0.969617383753836,0.0303826162461642,0.441725999728769,0.50731315888071,0.576476946572539,0.539452847262874,2185.66666666667,-3.0,0.116,0.0691637876918295,0.123888606057647,206.0,cc5c827e16cbaa833bba8488588d7220b9c1fd10,2026-08-18 08:07:04,2026-06-06 14:01:41,2026-05-09-OAK-SEA,cascades,spiders,16,26,2026-05-09 15:00:00
jvallee,-0.69,63.13,dritthale,5.31,65.18,0,0,0,"mawais,wfrankenb,dritthale,cboydflie,arees,lgordon,jvallee",False,2026-05-09-OAK-SEA,4,7,1,12,44.0,1,7,True,True,150,away,97,1778365744.0,18,False,"emurray,nmahan,isweeney,alantz,korser,bkassmull,gharris",98,207,530918b23dc7077c64b9b43110fa3dfef414ae6270e0719c5e11892a8d1f8bdc,1778365744.0,False,150,22.0,6.34054414068698,6.0,2.05,-71.1364124443758,4c88477d539a72b765af1561f08d1a68d6bf6d2c93dc2fd9456b0fadc4f0c433,0.987515601540899,0.012484398459101,0.441725999728769,0.561326679330325,0.573819563966766,0.512130227959489,2182.0,-3.0,0.116,0.0124928846364407,0.0223776938033496,207.0,07c53684dbb7716cc5d8e427a04829517d49ab25,2026-08-18 08:07:04,2026-06-06 14:01:41,2026-05-09-OAK-SEA,cascades,spiders,16,26,2026-05-09 15:00:00
dritthale,5.31,65.18,wfrankenb,11.04,75.47,0,0,0,"mawais,wfrankenb,dritthale,cboydflie,arees,lgordon,jvallee",False,2026-05-09-OAK-SEA,4,7,1,12,44.0,1,8,True,True,151,away,98,1778365747.0,18,False,"emurray,nmahan,isweeney,alantz,korser,bkassmull,gharris",99,208,4c0dc1e0b86a94815e017378c1dd33b404bbe2732eae7505d2f72b61a3243b02,1778365747.0,False,151,18.3333333333333,11.7778181341028,5.73,10.29,-29.1113045056178,e3f80c18f9ef0d77eedb1fca48444dc74e932d787474ddbf7b036bc435de7663,0.974061662292272,0.0259383377077281,0.441725999728769,0.557990328606269,0.626548171869144,0.442731403109151,2178.33333333333,-3.0,0.113,0.0685578432628754,0.122803217111252,208.0,9e17b9696fa53ac2b853e657f16b5020f4780430,2026-08-18 08:07:04,2026-06-06 14:01:41,2026-05-09-OAK-SEA,cascades,spiders,16,26,2026-05-09 15:00:00
wfrankenb,11.04,75.47,cboydflie,15.07,85.9,0,0,0,"mawais,wfrankenb,dritthale,cboydflie,arees,lgordon,jvallee",False,2026-05-09-OAK-SEA,4,7,1,12,44.0,1,9,True,True,152,away,99,1778365751.0,18,False,"emurray,nmahan,isweeney,alantz,korser,bkassmull,gharris",100,209,97ad3c5a19eee9ede7935c46aa7a44e6ccc323359a4bca2b3cecfa9b6ada5c9f,1778365751.0,False,152,14.6666666666667,11.1814936390448,4.03,10.43,-21.1258054661435,d0427bd250e560cfe6412df60e90e8af0b8c85085534937076be9dd872df4a8b,0.972509572193821,0.0274904278061795,0.441725999728769,0.610704086443086,0.685753389220837,0.379741395636335,2174.66666666667,-3.0,0.109,0.0750493027777507,0.134430947422393,209.0,d0f846f998fb42d2a25f49ad86ff8e88acd9cdba,2026-08-18 08:07:04,2026-06-06 14:01:41,2026-05-09-OAK-SEA,cascades,spiders,16,26,2026-05-09 15:00:00
cboydflie,15.07,85.9,wfrankenb,15.41,88.02,0,0,0,"mawais,wfrankenb,dritthale,cboydflie,arees,lgordon,jvallee",False,2026-05-09-OAK-SEA,4,7,1,12,44.0,1,10,True,True,153,away,100,1778365753.0,18,False,"emurray,nmahan,isweeney,alantz,korser,bkassmull,gharris",101,210,89f99743e83b1833686738db39c38e73fa4f1247623216cb91123f3fdb7c6ff4,1778365753.0,False,153,11.0,2.14709105535838,0.34,2.11999999999999,-9.11135704478403,ff9568bf0c159aafecae56af8296c54e40dac31feebaea1e4959ec7cedc92d27,0.986580084957777,0.013419915042223,0.441725999728769,0.670488659433629,0.687390470228274,0.355804538516176,2171.0,-3.0,0.108,0.0169018107946449,0.0302751172120381,210.0,6151477bd8968488bd1351a6a7387e19df76ef5b,2026-08-18 08:07:04,2026-06-06 14:01:41,2026-05-09-OAK-SEA,cascades,spiders,16,26,2026-05-09 15:00:00
wfrankenb,15.41,88.02,,15.41,88.02,1,0,0,"mawais,wfrankenb,dritthale,cboydflie,arees,lgordon,jvallee",False,2026-05-09-OAK-SEA,4,7,1,12,44.0,1,11,True,True,154,away,101,1778365754.0,22,False,"emurray,nmahan,isweeney,alantz,korser,bkassmull,gharris",102,211,1cac3609c541bf3f971a5bfc7d6fce49f22f9ebf68e94ace6ad6e2fecee29f58,1778365754.0,False,154,7.33333333333333,0.0,0.0,0.0,-90.0,898d5e4e086942f771dc1ad03cdd6f75522a342163e826364f779d57c2ae1fd2,0.5,-0.5,0.441725999728769,0.671541408763912,0.671541408763912,0.339302657151494,2167.33333333333,-3.0,0.14,-0.339302657151494,-0.339302657151494,211.0,4bc70585f0cb1982651ddbdbdafbf07c5e948b31,2026-08-18 08:07:04,2026-06-06 14:01:41,2026-05-09-OAK-SEA,cascades,spiders,16,26,2026-05-09 15:00:00
nmahan,-22.3,10.99,gharris,-13.48,5.82,0,0,0,"emurray,nmahan,isweeney,alantz,korser,bkassmull,gharris",True,2026-05-09-OAK-SEA,4,7,1,12,44.0,2,1,False,False,155,home,110,1778365801.0,18,False,"mawais,wfrankenb,dritthale,cboydflie,arees,lgordon,jvallee",111,214,93ae91c7928a9bb80536ba6c97fee969f812ac9459238bfa181e1f8c50ea2a09,1778365801.0,False,155,3.66666666666667,10.2235659141026,8.82,-5.17,-120.377458837059,1b235095ccbc7577df48d3cdaf94f91524ac7595fa30c8541c5e328384dd400e,0.990371371965929,0.00962862803407138,0.247278336142739,0.247278336142739,0.268084835512272,0.763958103915186,2163.66666666667,-3.0,0.138,0.0208064993695331,0.0276416906388901,214.0,e768d2e03a2f9b66a91fe7bacbd236e467726a6b,2026-08-18 08:07:04,2026-06-06 14:01:41,2026-05-09-OAK-SEA,cascades,spiders,16,26,2026-05-09 15:00:00
mawais,7.29,14.18,dritthale,-3.14,22.29,0,0,0,"mawais,wfrankenb,dritthale,dwhited,cboydflie,arees,lgordon",False,2026-05-09-OAK-SEA,4,7,2,1,720.0,1,1,True,True,156,away,104,1778365962.0,18,False,"isweeney,rmcleod,bkassmull,eshipway,gharris,mobrien2,jbrown",105,218,957d403f32f10ee27ed7fde29b61404a0ad23055ba3a56afcaab8a48d25c2cba,1778365962.0,False,156,720.0,13.2120021192853,-10.43,8.11,52.132623329674,172065c78e099987609aae9f054585cc6f087e847aff32f456d956324e3d6813,0.985036507683147,0.0149634923168532,0.681682565127136,0.681682565127136,0.70048133814991,0.94095233145584,2160.0,-3.0,0.107,0.0187987730227743,0.0590566867010679,218.0,c45c6aec1f454c57d8bc43c9f8223cbb4f7a1ecb,2026-08-18 08:07:04,2026-06-06 14:01:41,2026-05-09-OAK-SEA,cascades,spiders,16,26,2026-05-09 15:00:00
dritthale,-3.14,22.29,cboydflie,-10.51,33.27,0,0,0,"mawais,wfrankenb,dritthale,dwhited,cboydflie,arees,lgordon",False,2026-05-09-OAK-SEA,4,7,2,1,720.0,1,2,True,True,157,away,105,1778365967.0,18,False,"isweeney,rmcleod,bkassmull,eshipway,gharris,mobrien2,jbrown",106,220,27aaec6eaa63be1908ecdd01d3e3c395eb5085d1708c6f6f6f45aab25c694ab6,1778365967.0,False,157,715.5,13.2241181180448,-7.37,10.98,33.8703179155329,fd171a461faaca0af287a4219a37a9b6860b73456bdd427ad5f121b92d307712,0.9810808550783,0.0189191449217,0.681682565127136,0.694420894125333,0.720615299103631,0.906117288060312,2155.5,-3.0,0.106,0.0261944049782972,0.082290198740635,220.0,5824470089cce3b5ddb9dceaba01a5fd85874708,2026-08-18 08:07:04,2026-06-06 14:01:41,2026-05-09-OAK-SEA,cascades,spiders,16,26,2026-05-09 15:00:00
cboydflie,-10.51,33.27,arees,-5.19,45.88,0,0,0,"mawais,wfrankenb,dritthale,dwhited,cboydflie,arees,lgordon",False,2026-05-09-OAK-SEA,4,7,2,1,720.0,1,3,True,True,158,away,106,1778365971.0,18,False,"isweeney,rmcleod,bkassmull,eshipway,gharris,mobrien2,jbrown",107,221,234c1f359a47575baf16cafcd42e141558ebfc56276acf4c85592f23b2e84d65,1778365971.0,False,158,711.0,13.6862887591925,5.32,12.61,-22.8742678727018,ec75d39bef828653d9c8f5902ce6ae4615c0e2fa02d7638a0c18714c23201724,0.975406415603857,0.0245935843961428,0.681682565127136,0.71516326176762,0.756336748809684,0.860090934245306,2151.0,-3.0,0.103,0.0411734870420641,0.129347256955965,221.0,74da69839d724f3f2ca8c6d539b5856c928cbed5,2026-08-18 08:07:04,2026-06-06 14:01:41,2026-05-09-OAK-SEA,cascades,spiders,16,26,2026-05-09 15:00:00
arees,-5.19,45.88,dwhited,-17.4,60.61,0,0,0,"mawais,wfrankenb,dritthale,dwhited,cboydflie,arees,lgordon",False,2026-05-09-OAK-SEA,4,7,2,1,720.0,1,4,True,True,159,away,107,1778365973.0,18,False,"isweeney,rmcleod,bkassmull,eshipway,gharris,mobrien2,jbrown",108,222,89fc47b375b4aec6e27c4adb6038be3f4b72327fd27ec37173635f068b4e6d56,1778365973.0,False,159,706.5,19.1326161305766,-12.21,14.73,39.6560341634429,1b3b62b73c5ee1a3f1fa7fadb89bdea7237f26047932caa6b3ea97ec7f23e691,0.965458403679626,0.0345415963203742,0.681682565127136,0.751667744651762,0.794387758601242,0.78765554112347,2146.5,-3.0,0.099,0.04272001394948,0.134205699309377,222.0,0a5ce1e4cf6f9f3f48314f375b7903d75ca87fe1,2026-08-18 08:07:04,2026-06-06 14:01:41,2026-05-09-OAK-SEA,cascades,spiders,16,26,2026-05-09 15:00:00
dwhited,-17.4,60.61,lgordon,-18.08,81.47,0,0,0,"mawais,wfrankenb,dritthale,dwhited,cboydflie,arees,lgordon",False,2026-05-09-OAK-SEA,4,7,2,1,720.0,1,5,True,True,160,away,108,1778365977.0,18,False,"isweeney,rmcleod,bkassmull,eshipway,gharris,mobrien2,jbrown",109,223,cac8924dff853f4a4539960e14a1544bb5ab62b1564f3ac75ffea7c0bb8b627b,1778365977.0,False,160,702.0,20.8710804703542,-0.68,20.86,1.8670823687653,a026070de54b5d47ec42bb8c8275ef557e5ab5319ff84481a725b16e32767a80,0.940600668781674,0.0593993312183261,0.681682565127136,0.790526694494558,0.873552818792652,0.70471768393545,2142.0,-3.0,0.091,0.0830261242980939,0.260828076637569,223.0,c17c9b8d605ba76f3f935090faa1372a9c22c2b8,2026-08-18 08:07:04,2026-06-06 14:01:41,2026-05-09-OAK-SEA,cascades,spiders,16,26,2026-05-09 15:00:00
lgordon,-18.08,81.47,mawais,-10.78,106.9,0,0,0,"mawais,wfrankenb,dritthale,dwhited,cboydflie,arees,lgordon",False,2026-05-09-OAK-SEA,4,8,2,1,720.0,1,6,True,True,161,away,109,1778365987.0,19,False,"isweeney,rmcleod,bkassmull,eshipway,gharris,mobrien2,jbrown",110,224,b5c3a287451092df58af2306e2cf933ca3f5c425f007f22266e260094922422e,1778365987.0,False,161,697.5,26.45703876098,7.3,25.43,-16.0167887671628,c87e71e690162ebcb75e46fe4b3f63f339fd76e0b080d32f71b8eb16b7330da5,0.859852679605966,0.140147320394034,0.681682565127136,0.871121521896454,1.0,0.664608363431609,2137.5,-3.0,0.083,0.128878478103546,0.404874078465163,224.0,cf793d1b5ab3faacec4787ad771d7d0fa7066015,2026-08-18 08:07:04,2026-06-06 14:01:41,2026-05-09-OAK-SEA,cascades,spiders,16,26,2026-05-09 15:00:00
mmunoz,19.08,14.05,slofink,4.73,15.14,0,0,0,"zraunig,ksmart,mmunoz,slofink,cbelfield,tli,nstoppel",True,2026-05-09-OAK-SEA,4,8,2,2,693.0,1,1,True,True,162,home,116,1778366048.0,18,False,"rvickersb,jwhealan,clankford,emagsig,klew,lgrench,arosentha",117,229,58b41783207c547038614c1c62b18e98176164d3b397c168719aeeed34059f52,1778366048.0,False,162,693.0,14.3913376723639,-14.35,1.09,85.6562575375053,429d373a4730c548d3fb88664f8ab3cff0f1de25c61be04f4cc23682fded0b2a,0.984338742342769,0.0156612576572307,0.624228999447891,0.624228999447891,0.651916693336154,0.938594796027965,2133.0,-4.0,0.09,0.0276876938882633,0.0736823593294389,229.0,afd9d26072008cb71b05dae3a2ab1bc2d9144e07,2026-08-18 08:07:04,2026-06-06 14:01:41,2026-05-09-OAK-SEA,cascades,spiders,16,26,2026-05-09 15:00:00
slofink,4.73,15.14,tli,14.2,24.46,0,0,0,"zraunig,ksmart,mmunoz,slofink,cbelfield,tli,nstoppel",True,2026-05-09-OAK-SEA,4,8,2,2,693.0,1,2,True,True,163,home,117,1778366052.0,18,False,"rvickersb,jwhealan,clankford,emagsig,klew,lgrench,arosentha",118,230,4da308146d3a0f5489cc997f6ab9f42387a146405ce68bf377f6cfa7a487086a,1778366052.0,False,163,687.833333333333,13.2869597726493,9.47,9.32,-45.4573807539771,98a1a1668075cb0ef35cf23d3686cdd73a0927634b4197fdda539e8f7bd2f824,0.984792580857161,0.0152074191428394,0.624228999447891,0.647057974248661,0.661089994197896,0.922070119756766,2127.83333333333,-4.0,0.091,0.0140320199492351,0.0373419447711991,230.0,f4392483962e3ad7cf248e659cc106db9670478a,2026-08-18 08:07:04,2026-06-06 14:01:41,2026-05-09-OAK-SEA,cascades,spiders,16,26,2026-05-09 15:00:00
tli,14.2,24.46,ksmart,4.08,30.21,0,0,0,"zraunig,ksmart,mmunoz,slofink,cbelfield,tli,nstoppel",True,2026-05-09-OAK-SEA,4,8,2,2,693.0,1,3,True,True,164,home,118,1778366056.0,18,False,"rvickersb,jwhealan,clankford,emagsig,klew,lgrench,arosentha",119,231,6921db2042c12421e3399806e3cf14d517c42aa46a401312987ae61df5263ff0,1778366056.0,False,164,682.666666666667,11.6394544545696,-10.12,5.75,60.3955492539951,b03b2f9efaedc70431fd99b9484b7385e0b07dd01629a04f7c75686df5e393fa,0.984205606088093,0.0157943939119071,0.624228999447891,0.656731837939565,0.681019080658091,0.903920793517421,2122.66666666667,-4.0,0.092,0.0242872427185264,0.064633094844578,231.0,eb84d95cac88c9605b7bdf7d9913dce7ba9b8122,2026-08-18 08:07:04,2026-06-06 14:01:41,2026-05-09-OAK-SEA,cascades,spiders,16,26,2026-05-09 15:00:00
ksmart,4.08,30.21,slofink,-1.54,20.82,0,0,0,"zraunig,ksmart,mmunoz,slofink,cbelfield,tli,nstoppel",True,2026-05-09-OAK-SEA,4,8,2,2,693.0,1,4,True,True,165,home,119,1778366059.0,18,False,"rvickersb,jwhealan,clankford,emagsig,klew,lgrench,arosentha",120,232,6ea0dff7683d5e90c375743aa674ddb53c5058f9c90748134185838c15949bae,1778366059.0,False,165,677.5,10.9433313026701,-5.62,-9.39,149.099097298941,05d73b0a47e2a66624da846be09c0f0f1e86de9fcf5578b7801b06b9c8856c1f,0.991640180523011,0.00835981947698938,0.624228999447891,0.677201366986563,0.652350302237847,0.932899374402684,2117.5,-4.0,0.09,-0.0248510647487157,-0.0661335353505266,232.0,efd9c664c87b22a2b19d8229514290cce83065b5,2026-08-18 08:07:04,2026-06-06 14:01:41,2026-05-09-OAK-SEA,cascades,spiders,16,26,2026-05-09 15:00:00
slofink,-1.54,20.82,cbelfield,-12.03,85.77,0,0,0,"zraunig,ksmart,mmunoz,slofink,cbelfield,tli,nstoppel",True,2026-05-09-OAK-SEA,4,8,2,2,693.0,1,5,True,True,166,home,120,1778366061.0,18,False,"rvickersb,jwhealan,clankford,emagsig,klew,lgrench,arosentha",121,233,b1f941a9674da221277ff5fa9f256d5bab4c86a351c411884c55c96a0b7b430a,1778366061.0,False,166,672.333333333333,65.7916605657586,-10.49,64.95,9.17455002873375,a4f21348b79cd9750a22ccc70f9676e4219e4e60d709ae1204d71c76fd56f3eb,0.587436882933409,0.412563117066591,0.624228999447891,0.648775458583354,0.884331874379714,0.681250181649345,2112.33333333333,-4.0,0.109,0.235556415796361,0.626861613722891,233.0,de912d3a2822064022c09e623cf963a87ed78d13,2026-08-18 08:07:04,2026-06-06 14:01:41,2026-05-09-OAK-SEA,cascades,spiders,16,26,2026-05-09 15:00:00
cbelfield,-12.03,85.77,ksmart,-1.32,81.62,0,0,0,"zraunig,ksmart,mmunoz,slofink,cbelfield,tli,nstoppel",True,2026-05-09-OAK-SEA,4,8,2,2,693.0,1,6,True,True,167,home,121,1778366066.0,18,False,"rvickersb,jwhealan,clankford,emagsig,klew,lgrench,arosentha",122,234,cf63adfa3aaa5cb2f9f8039e9494a33ed5512f46b9b58ad7a64d2fb78d129b21,1778366066.0,False,167,667.166666666667,11.4859305239062,10.71,-4.14999999999999,-111.180768082848,56473678e116270a8b248b4eaa525e759da4696472d253494af1b4dddbb98356,0.974402751984483,0.0255972480155167,0.624228999447891,0.88289101560665,0.86847885733088,0.696293717279296,2107.16666666667,-4.0,0.107,-0.0144121582757697,-0.0383535670783385,234.0,20b19ebe69efec2060e65d64d06a342b3e22e7bb,2026-08-18 08:07:04,2026-06-06 14:01:41,2026-05-09-OAK-SEA,cascades,spiders,16,26,2026-05-09 15:00:00
ksmart,-1.32,81.62,slofink,-6.78,81.69,0,0,0,"zraunig,ksmart,mmunoz,slofink,cbelfield,tli,nstoppel",True,2026-05-09-OAK-SEA,4,8,2,2,693.0,1,7,True,True,168,home,122,1778366072.0,18,False,"rvickersb,jwhealan,clankford,emagsig,klew,lgrench,arosentha",123,235,a46eafc0d6fe62b82c761597f6926cce23631437fb005c010f31f330e6217a84,1778366072.0,False,168,662.0,5.46044869951179,-5.46,0.0699999999999932,89.2654789657452,e73635761ad7ccfc24b3fafb8f4ebbbdef67b9eddb05df68d24cfccdca36f510,0.985241133771127,0.0147588662288726,0.624228999447891,0.867058945783617,0.866919932807023,0.692601272039054,2102.0,-4.0,0.107,-0.000139012976594577,-0.000369940672351856,235.0,c67429b4894d4e7ff7d16f7d78fe1c8da3e53d1a,2026-08-18 08:07:04,2026-06-06 14:01:41,2026-05-09-OAK-SEA,cascades,spiders,16,26,2026-05-09 15:00:00
slofink,-6.78,81.69,ksmart,7.86,92.33,0,0,0,"zraunig,ksmart,mmunoz,slofink,cbelfield,tli,nstoppel",True,2026-05-09-OAK-SEA,4,8,2,2,693.0,1,8,True,True,169,home,123,1778366075.0,18,False,"rvickersb,jwhealan,clankford,emagsig,klew,lgrench,arosentha",124,236,7777c8d543a6e3fb9460b464be72001b51bbbf82bef3c8fe0c1fd09571ce34ab,1778366075.0,False,169,656.833333333333,18.0980440932163,14.64,10.64,-53.991247277066,eefd7dc305461f83132b08c3d9096a32ff59fa507f790e53e48bfd1a8056fc1a,0.947134280748729,0.0528657192512715,0.624228999447891,0.865666987901037,0.90644560582686,0.65730290663696,2096.83333333333,-4.0,0.111,0.040778617925823,0.108519864135093,236.0,47f0f2b19ae3bd17d8db033c874821e6779e29f5,2026-08-18 08:07:04,2026-06-06 14:01:41,2026-05-09-OAK-SEA,cascades,spiders,16,26,2026-05-09 15:00:00
ksmart,7.86,92.33,cbelfield,16.39,89.85,0,0,0,"zraunig,ksmart,mmunoz,slofink,cbelfield,tli,nstoppel",True,2026-05-09-OAK-SEA,4,8,2,2,693.0,1,9,True,True,170,home,124,1778366082.0,18,False,"rvickersb,jwhealan,clankford,emagsig,klew,lgrench,arosentha",125,237,56c5c8a4bec750d039aa6b6fc9eaeaadae2a05e94fc46f76cbd1ce2f5f27b1b6,1778366082.0,False,170,651.666666666667,8.8832032510801,8.53,-2.48,-106.21118545646,b87bdcb4eefb19601aa14a97dfd7abcda86b471c876760a570d343eec60e0aa9,0.979473151470177,0.0205268485298231,0.624228999447891,0.905650642539412,0.890922914501677,0.650959027290089,2091.66666666667,-4.0,0.11,-0.014727728037735,-0.0391933598284487,237.0,b4f9751b24eae481cdddb0b193e3e896e6563109,2026-08-18 08:07:04,2026-06-06 14:01:41,2026-05-09-OAK-SEA,cascades,spiders,16,26,2026-05-09 15:00:00
cbelfield,16.39,89.85,ksmart,19.3,83.44,0,0,0,"zraunig,ksmart,mmunoz,slofink,cbelfield,tli,nstoppel",True,2026-05-09-OAK-SEA,4,8,2,2,693.0,1,10,True,True,171,home,125,1778366092.0,18,False,"rvickersb,jwhealan,clankford,emagsig,klew,lgrench,arosentha",126,238,15ec34ed397b058d49b2be3aeaaa610cf9fc3eddd742e113fb23674feb242230,1778366092.0,False,171,646.5,7.03961646682544,2.91,-6.41,-155.582988918285,112585dd176cd915a404b0f80c20e3e441ba025f3306353407e981741b0f8ad1,0.984889872435514,0.0151101275644865,0.624228999447891,0.890148988065956,0.857755945788562,0.659105576807021,2086.5,-4.0,0.106,-0.0323930422773943,-0.0862042100901882,238.0,42b991915c316776b1a230898d621d4827a0a338,2026-08-18 08:07:04,2026-06-06 14:01:41,2026-05-09-OAK-SEA,cascades,spiders,16,26,2026-05-09 15:00:00
ksmart,19.3,83.44,cbelfield,22.36,85.48,0,0,0,"zraunig,ksmart,mmunoz,slofink,cbelfield,tli,nstoppel",True,2026-05-09-OAK-SEA,4,8,2,2,693.0,1,11,True,True,172,home,126,1778366096.0,18,False,"rvickersb,jwhealan,clankford,emagsig,klew,lgrench,arosentha",127,239,47ede42b3b0a0636a177eda6dcde71c9dcfea3b1c7082456440aa6da5f1a2bd8,1778366096.0,False,172,641.333333333333,3.67766230097327,3.06,2.04000000000001,-56.3099324740201,2aa10fd668b8fb64b8a6ad107a204e101d37727ccc82cff61af272c934e10bed,0.984916261613537,0.0150837383864628,0.624228999447891,0.856946512183366,0.857169069122991,0.63200490461691,2081.33333333333,-4.0,0.106,0.000222556939624474,0.000592267469542561,239.0,677798f9e80f617814ff1b437065bc097fd9a3f2,2026-08-18 08:07:04,2026-06-06 14:01:41,2026-05-09-OAK-SEA,cascades,spiders,16,26,2026-05-09 15:00:00
cbelfield,22.36,85.48,mmunoz,16.75,106.31,0,0,0,"zraunig,ksmart,mmunoz,slofink,cbelfield,tli,nstoppel",True,2026-05-09-OAK-SEA,5,8,2,2,693.0,1,12,True,True,173,home,127,1778366108.0,19,False,"rvickersb,jwhealan,clankford,emagsig,klew,lgrench,arosentha",128,241,f7e6a1b5bd455ee4ce327fc37b1b65251fa571648851de82890b4a07570a24aa,1778366108.0,False,173,636.166666666667,21.5722275159521,-5.61,20.83,15.0734202227935,6fae91f54b1d269c97c692f0b8c88df102959b2c6febe8392793036f926f4ebc,0.909650415150619,0.0903495848493814,0.624228999447891,0.856509563101739,1.0,0.617308477064523,2076.16666666667,-4.0,0.116,0.143490436898261,0.381856068423149,241.0,26af5feeea83e272dea042ae7fd3d01a41f3bf26,2026-08-18 08:07:04,2026-06-06 14:01:41,2026-05-09-OAK-SEA,cascades,spiders,16,26,2026-05-09 15:00:00
dritthale,8.45,11.45,lgordon,11.25,24.4,0,0,0,"mawais,wfrankenb,dritthale,dwhited,arees,lgordon,jvallee",False,2026-05-09-OAK-SEA,5,8,2,3,631.0,1,1,True,True,174,away,114,1778366160.0,18,False,"emurray,eshipway,korser,bkassmull,jbrown,nmahan,alantz",115,243,14f685a0fe4822f6a915429bef436ca6f57a7d4fe383fa58f365f327c5e7ae8f,1778366160.0,False,174,631.0,13.2492452615234,2.8,12.95,-12.2004687273808,6df75ffe17ae8473dda3e26a380479fb26954adef3bc3e25a9e106a8b468aaf6,0.982155705705536,0.0178442942944635,0.608853386438703,0.608853386438703,0.637824608455495,0.914400036639747,2071.0,-3.0,0.112,0.028971222016792,0.0740674238567885,243.0,3ec0710842e7742951bca4f893bb9b636786892d,2026-08-18 08:07:04,2026-06-06 14:01:41,2026-05-09-OAK-SEA,cascades,spiders,16,26,2026-05-09 15:00:00
lgordon,11.25,24.4,dritthale,-1.85,23.38,0,0,0,"mawais,wfrankenb,dritthale,dwhited,arees,lgordon,jvallee",False,2026-05-09-OAK-SEA,5,8,2,3,631.0,1,2,True,True,175,away,115,1778366163.0,18,False,"emurray,eshipway,korser,bkassmull,jbrown,nmahan,alantz",116,244,2cd768bae197335f3cc285f46f0891f55f90c7fdac6267619f44014cb8d3c156,1778366163.0,False,175,627.111111111111,13.139649919233,-13.1,-1.02,94.4522152899523,ebcc06b389ce761d03bfe1f6a6a1f05988c58c2f2e86ed9ff7c6cdfb6b816613,0.986585365442629,0.0134146345573712,0.608853386438703,0.637258050599844,0.638540424971807,0.918820402964132,2067.11111111111,-3.0,0.112,0.00128237437196244,0.00327850050978768,244.0,7f21f7bebb19437c6f16f168e6eb308a40c51969,2026-08-18 08:07:04,2026-06-06 14:01:41,2026-05-09-OAK-SEA,cascades,spiders,16,26,2026-05-09 15:00:00
dritthale,-1.85,23.38,jvallee,4.56,35.11,0,0,0,"mawais,wfrankenb,dritthale,dwhited,arees,lgordon,jvallee",False,2026-05-09-OAK-SEA,5,8,2,3,631.0,1,3,True,True,176,away,116,1778366168.0,18,False,"emurray,eshipway,korser,bkassmull,jbrown,nmahan,alantz",117,246,7c045b757772b32bb4f512f57411beadd35a67f86db66d0699310bc8c39edba1,1778366168.0,False,176,623.222222222222,13.3671612543576,6.41,11.73,-28.6549306782105,e8bbdf3c2884f3c23b5fd4713126711fefa1cf96a5c9d74b780c44b44f688337,0.981070301168053,0.0189296988319466,0.608853386438703,0.638108465306519,0.672122107219721,0.874719411521865,2063.22222222222,-3.0,0.109,0.0340136419132021,0.0869588045349952,246.0,99745b0f0f7003461adea37c805a5d57c0a9f471,2026-08-18 08:07:04,2026-06-06 14:01:41,2026-05-09-OAK-SEA,cascades,spiders,16,26,2026-05-09 15:00:00
jvallee,4.56,35.11,wfrankenb,10.98,47.25,0,0,0,"mawais,wfrankenb,dritthale,dwhited,arees,lgordon,jvallee",False,2026-05-09-OAK-SEA,5,8,2,3,631.0,1,4,True,True,177,away,117,1778366172.0,18,False,"emurray,eshipway,korser,bkassmull,jbrown,nmahan,alantz",118,247,f566a5f660b4a82ab6f87cf0236c8e795f53761e865eb39cfb3579badbb62d05,1778366172.0,False,177,619.333333333333,13.7330258865262,6.42,12.14,-27.8712432709967,85b8e24f2bbd659c93c7692b19dce5dc63ec426be849c1e47d3748bd061de761,0.976447143813697,0.023552856186303,0.608853386438703,0.671830281726764,0.711546370518657,0.820707311367886,2059.33333333333,-3.0,0.106,0.0397160887918926,0.101537601029668,247.0,e3bfbb933612758115ac5f4e6c20e185beba4ebe,2026-08-18 08:07:04,2026-06-06 14:01:41,2026-05-09-OAK-SEA,cascades,spiders,16,26,2026-05-09 15:00:00
wfrankenb,10.98,47.25,mawais,14.25,64.43,0,0,0,"mawais,wfrankenb,dritthale,dwhited,arees,lgordon,jvallee",False,2026-05-09-OAK-SEA,5,8,2,3,631.0,1,5,True,True,178,away,118,1778366174.0,18,False,"emurray,eshipway,korser,bkassmull,jbrown,nmahan,alantz",119,249,1ce1696132d79e77be4cdbac7fd7824783c7c89120a535e1e2ab77a0477ff846,1778366174.0,False,178,615.444444444444,17.4884333203406,3.27,17.18,-10.7766351356347,da5b5d76a3d7be38b2016a78772867a1875b0631c6c47fb8efb46af17e986fbe,0.95850173117433,0.0414982688256696,0.608853386438703,0.711380003970242,0.779081956602881,0.741444635968178,2055.44444444444,-3.0,0.1,0.0677019526326399,0.173085871858201,249.0,3738f8d26d6320566287bd11bd6325aca7fe7445,2026-08-18 08:07:04,2026-06-06 14:01:41,2026-05-09-OAK-SEA,cascades,spiders,16,26,2026-05-09 15:00:00
mawais,14.25,64.43,jvallee,-1.23,50.31,0,0,0,"mawais,wfrankenb,dritthale,dwhited,arees,lgordon,jvallee",False,2026-05-09-OAK-SEA,5,8,2,3,631.0,1,6,True,True,179,away,119,1778366178.0,18,False,"emurray,eshipway,korser,bkassmull,jbrown,nmahan,alantz",120,250,cdd75599079aab9afbdef6959d8af425178986635d1ea333300a5d41b613c40a,1778366178.0,False,179,611.555555555556,20.9524413851942,-15.48,-14.12,132.36934130373,1f549c148f217b353c861db65a306ffd79c482cd0f73b37d8791c89c28f27bfd,0.971237351678281,0.0287626483217188,0.608853386438703,0.779025062815569,0.726500233897259,0.809046963564856,2051.55555555556,-3.0,0.105,-0.0525248289183103,-0.134284248149522,250.0,ff81f34bcfa9fe22c34be655a7dd551786fc8128,2026-08-18 08:07:04,2026-06-06 14:01:41,2026-05-09-OAK-SEA,cascades,spiders,16,26,2026-05-09 15:00:00
jvallee,-1.23,50.31,dwhited,-19.44,52.43,0,0,0,"mawais,wfrankenb,dritthale,dwhited,arees,lgordon,jvallee",False,2026-05-09-OAK-SEA,5,8,2,3,631.0,1,7,True,True,180,away,120,1778366184.0,18,False,"emurray,eshipway,korser,bkassmull,jbrown,nmahan,alantz",121,251,348da649d3c2cb0a2ad3c279d5c389af7d88a622bd92aadee41b767282277cff,1778366184.0,False,180,607.666666666667,18.3329893907131,-18.21,2.12,83.3595439818071,74d179c75639d0b79592bd92ec7fef0db4be8a2b2d8a0fdba3162dcca4e8ce40,0.978918249617651,0.0210817503823486,0.608853386438703,0.726523233825317,0.714067959990886,0.78002987729862,2047.66666666667,-3.0,0.106,-0.0124552738344312,-0.0318429801066892,251.0,e7df2824beeb3c1189a1064757ff7000dfbeb919,2026-08-18 08:07:04,2026-06-06 14:01:41,2026-05-09-OAK-SEA,cascades,spiders,16,26,2026-05-09 15:00:00
dwhited,-19.44,52.43,jvallee,-7.64,48.0,0,0,0,"mawais,wfrankenb,dritthale,dwhited,arees,lgordon,jvallee",False,2026-05-09-OAK-SEA,5,8,2,3,631.0,1,8,True,True,181,away,121,1778366188.0,18,False,"emurray,eshipway,korser,bkassmull,jbrown,nmahan,alantz",122,252,c9202c29c1101002f46df68947c0f3c7babd9682b215d32ac4c87fc651244ca2,1778366188.0,False,181,603.777777777778,12.6041620110184,11.8,-4.43,-110.577326964176,897cde70874957ae66d64412faf189b86d7d747a793486f0a4bc8b4230af28fd,0.979779024176582,0.0202209758234183,0.608853386438703,0.714175840791741,0.716634538018344,0.818575329399325,2043.77777777778,-3.0,0.106,0.0024586972266023,0.00628587118322833,252.0,3598a205aa909a7cc3cb2de7aa491bb7362d1d54,2026-08-18 08:07:04,2026-06-06 14:01:41,2026-05-09-OAK-SEA,cascades,spiders,16,26,2026-05-09 15:00:00
jvallee,-7.64,48.0,arees,4.7,53.38,0,0,0,"mawais,wfrankenb,dritthale,dwhited,arees,lgordon,jvallee",False,2026-05-09-OAK-SEA,5,8,2,3,631.0,1,9,True,True,182,away,122,1778366192.0,18,False,"emurray,eshipway,korser,bkassmull,jbrown,nmahan,alantz",123,253,cc79a20a7ba4ec5705bfbf68edfb49d3ed987f58d7822cb959e3fac44caf1a43,1778366192.0,False,182,599.888888888889,13.4617977996997,12.34,5.38,-66.4437346662994,faa8d9af69dc8638966f28ecef28912af4d037898681f76b5ef38bd5b6a2aee1,0.978321972586116,0.0216780274138836,0.608853386438703,0.716818788075875,0.73881091310965,0.795413958384447,2039.88888888889,-3.0,0.104,0.0219921250337743,0.0562247614354661,253.0,9d0686d81ee2c49f40577d3760c522fbb3214ab7,2026-08-18 08:07:04,2026-06-06 14:01:41,2026-05-09-OAK-SEA,cascades,spiders,16,26,2026-05-09 15:00:00
arees,4.7,53.38,dritthale,10.7,62.31,0,0,0,"mawais,wfrankenb,dritthale,dwhited,arees,lgordon,jvallee",False,2026-05-09-OAK-SEA,5,8,2,3,631.0,1,10,True,True,183,away,123,1778366199.0,18,False,"emurray,eshipway,korser,bkassmull,jbrown,nmahan,alantz",124,254,ec430fc42735772e6445daf72fb842ac9a612097d0bb5e2ba0d1d3367dda6559,1778366199.0,False,183,596.0,10.7584803759639,6.0,8.93,-33.8968572734072,1444f08a5687e4c31743d9c9a42ad46685a366f2c76e085582f00a43b94c035b,0.979672025611227,0.0203279743887727,0.608853386438703,0.73905262454774,0.774453975364976,0.754878956822716,2036.0,-3.0,0.101,0.0354013508172367,0.0905066018465962,254.0,e2e7a6e241e5987769b1e29822add095932181b0,2026-08-18 08:07:04,2026-06-06 14:01:41,2026-05-09-OAK-SEA,cascades,spiders,16,26,2026-05-09 15:00:00
dritthale,10.7,62.31,arees,2.45,58.56,0,0,0,"mawais,wfrankenb,dritthale,dwhited,arees,lgordon,jvallee",False,2026-05-09-OAK-SEA,5,8,2,3,631.0,1,11,True,True,184,away,124,1778366203.0,18,False,"emurray,eshipway,korser,bkassmull,jbrown,nmahan,alantz",125,255,0ce3293cba083ac9cb0279b6800d4a41718eb46c56307c383a5cb4eece8e4468,1778366203.0,False,184,592.111111111111,9.06228448019593,-8.25,-3.75,114.443954780417,2479eadb0fe3c3acb8ddf55b2a84aedc27e6005ac37249df29e5881f64acc01d,0.985860985926007,0.0141390140739925,0.608853386438703,0.774727192501477,0.761162160933617,0.77346684090072,2032.11111111111,-3.0,0.102,-0.0135650315678596,-0.0346801713156947,255.0,12495544c356ad4aeb43b5532220a125dbb7fd44,2026-08-18 08:07:04,2026-06-06 14:01:41,2026-05-09-OAK-SEA,cascades,spiders,16,26,2026-05-09 15:00:00
arees,2.45,58.56,jvallee,-1.91,62.59,0,0,0,"mawais,wfrankenb,dritthale,dwhited,arees,lgordon,jvallee",False,2026-05-09-OAK-SEA,5,8,2,3,631.0,1,12,True,True,185,away,125,1778366205.0,18,False,"emurray,eshipway,korser,bkassmull,jbrown,nmahan,alantz",126,256,47b2575e8307a0e7805182da7930b14d83920e5285404d29eac41189ae4887b2,1778366205.0,False,185,588.222222222222,5.9372131509657,-4.36,4.03,47.2524274077167,f0caa5bebbc59d307811592b0c8adcd5d3931ddb150184dd53e9b8e735d8c60f,0.988137667762091,0.0118623322379088,0.608853386438703,0.761497057855703,0.778802611244871,0.756675331780811,2028.22222222222,-3.0,0.1,0.0173055533891687,0.0442431374558143,256.0,ae589933a090f96b71afcc3249c84ee76d5a3856,2026-08-18 08:07:04,2026-06-06 14:01:41,2026-05-09-OAK-SEA,cascades,spiders,16,26,2026-05-09 15:00:00
jvallee,-1.91,62.59,wfrankenb,-9.08,72.2,0,0,0,"mawais,wfrankenb,dritthale,dwhited,arees,lgordon,jvallee",False,2026-05-09-OAK-SEA,5,8,2,3,631.0,1,13,True,True,186,away,126,1778366206.0,18,False,"emurray,eshipway,korser,bkassmull,jbrown,nmahan,alantz",127,257,42957eeaf3f4b7e3726ef2a78894520b50fd4d6a2b49078922408f78160077d6,1778366206.0,False,186,584.333333333333,11.9900375312173,-7.17,9.61,36.7265390304609,0b036d559ae4e712050a6430927860a1ff4bfafea2f2a35c0a8e600c98ca0286,0.974919195610983,0.0250808043890166,0.608853386438703,0.77916204778917,0.820230636959293,0.716634538127351,2024.33333333333,-3.0,0.096,0.0410685891701231,0.104995384713173,257.0,b2fbeb4413062938fb7d5ad5418c7db7271bad3f,2026-08-18 08:07:04,2026-06-06 14:01:41,2026-05-09-OAK-SEA,cascades,spiders,16,26,2026-05-09 15:00:00
wfrankenb,-9.08,72.2,jvallee,-2.8,80.38,0,0,0,"mawais,wfrankenb,dritthale,dwhited,arees,lgordon,jvallee",False,2026-05-09-OAK-SEA,5,8,2,3,631.0,1,14,True,True,187,away,127,1778366209.0,18,False,"emurray,eshipway,korser,bkassmull,jbrown,nmahan,alantz",128,258,a8e91b76dbba71757f1b10e0aafddbcd6ef743508e070fd1934e3613ecc9c071,1778366209.0,False,187,580.444444444444,10.312652423116,6.28,8.17999999999999,-37.5143924191098,962a9ee2267f09dba021074f58a84307b9443d787f1441fdd51ae4ccc269791d,0.975988815255976,0.024011184744024,0.608853386438703,0.820569339998215,0.857038809998453,0.689111051863563,2020.44444444444,-3.0,0.093,0.0364694700002381,0.093237340515855,258.0,a1bed70d27982a1eabecfde1eb3eea44f8f7cdae,2026-08-18 08:07:04,2026-06-06 14:01:41,2026-05-09-OAK-SEA,cascades,spiders,16,26,2026-05-09 15:00:00
jvallee,-2.8,80.38,arees,5.31,86.45,0,0,0,"mawais,wfrankenb,dritthale,dwhited,arees,lgordon,jvallee",False,2026-05-09-OAK-SEA,5,8,2,3,631.0,1,15,True,True,188,away,128,1778366211.0,18,False,"emurray,eshipway,korser,bkassmull,jbrown,nmahan,alantz",129,259,a20073c9f87298f5ec6426a0bacf3f4346b09572c0b96909106195f5b255969b,1778366211.0,False,188,576.555555555556,10.130004935833,8.11,6.07000000000001,-53.186662828886,5273f3d63d7a5ade7daed664f87d36318b42c1e24b58c41e300430252ecfe586,0.975900904686373,0.0240990953136273,0.608853386438703,0.857341927338588,0.882074117146399,0.669355629630393,2016.55555555556,-3.0,0.09,0.0247321898078107,0.0632299729828413,259.0,8ca8364414b59101b2c4f0c4450b53d0c7e908cb,2026-08-18 08:07:04,2026-06-06 14:01:41,2026-05-09-OAK-SEA,cascades,spiders,16,26,2026-05-09 15:00:00
arees,5.31,86.45,mawais,10.5,94.84,0,0,0,"mawais,wfrankenb,dritthale,dwhited,arees,lgordon,jvallee",False,2026-05-09-OAK-SEA,5,8,2,3,631.0,1,16,True,True,189,away,129,1778366214.0,18,False,"emurray,eshipway,korser,bkassmull,jbrown,nmahan,alantz",130,260,a9f9a534b78701fa51dc2c27a1aedb37b1b32a28ed878def348a50d0d71658a0,1778366214.0,False,189,572.666666666667,9.86550556231154,5.19,8.39,-31.7406683709642,12d677a4cc78455cd54ff2231100a8cbd3f8311e9ed91133d99380a78248ed33,0.971728850001035,0.028271149998965,0.608853386438703,0.882346370684147,0.912564753300218,0.64320641484912,2012.66666666667,-3.0,0.087,0.0302183826160715,0.0772558973243825,260.0,d3795f4797bf4e6a68c0db3e13e803e5ba0ecfad,2026-08-18 08:07:04,2026-06-06 14:01:41,2026-05-09-OAK-SEA,cascades,spiders,16,26,2026-05-09 15:00:00
mawais,10.5,94.84,arees,16.43,96.88,0,0,0,"mawais,wfrankenb,dritthale,dwhited,arees,lgordon,jvallee",False,2026-05-09-OAK-SEA,5,8,2,3,631.0,1,17,True,True,190,away,130,1778366217.0,18,False,"emurray,eshipway,korser,bkassmull,jbrown,nmahan,alantz",131,261,bb87a1c0e545f6184362fbe1249fc98c24c43e22998e0387236dc0bf987c8283,1778366217.0,False,190,568.777777777778,6.27108443572561,5.93,2.03999999999999,-71.0160917724625,b3c73deec4555dfaf3511d92c101bfeddad5358ebcf85e396743b37e5a47159c,0.980187744226294,0.019812255773706,0.608853386438703,0.912782348370747,0.915779303678801,0.628102750286474,2008.77777777778,-3.0,0.087,0.00299695530805422,0.00766197431895844,261.0,8a32adb49502095f11665331b34e2e285dd3455c,2026-08-18 08:07:04,2026-06-06 14:01:41,2026-05-09-OAK-SEA,cascades,spiders,16,26,2026-05-09 15:00:00
arees,16.43,96.88,jvallee,18.75,105.13,0,0,0,"mawais,wfrankenb,dritthale,dwhited,arees,lgordon,jvallee",False,2026-05-09-OAK-SEA,5,9,2,3,631.0,1,18,True,True,191,away,131,1778366224.0,19,False,"emurray,eshipway,korser,bkassmull,jbrown,nmahan,alantz",132,262,39632651185689bcf8cb95fec2d5d6a1ccd4b7160964e3ab24f0d39189d8058a,1778366224.0,False,191,564.888888888889,8.57,2.32,8.25,-15.7066266039564,645e028764afabe0f4e75031e307872885c69788c8703104a71ff0e02eaf3a8d,0.973108033369765,0.0268919666302353,0.608853386438703,0.915995529304951,1.0,0.612382494406625,2004.88888888889,-3.0,0.084,0.0840044706950492,0.214764663127743,262.0,5a81244340eadf0ba6e7a62f4a9b10162bb0b664,2026-08-18 08:07:04,2026-06-06 14:01:41,2026-05-09-OAK-SEA,cascades,spiders,16,26,2026-05-09 15:00:00
dmourad,-0.3,16.52,zraunig,3.27,54.75,0,0,0,"mmunoz,zraunig,ksmart,slofink,gleahy,dmourad,nstoppel",True,2026-05-09-OAK-SEA,5,9,2,4,561.0,1,1,True,True,192,home,132,1778366308.0,18,False,"arosentha,ichang,cbernard,tgoss,aorme,mwilliams,emagsig",133,268,556ad94ccb9ce2da4364e27e76416ecc648e1904b44d014515dc17c90f670bc5,1778366308.0,False,192,561.0,38.3963253450119,3.57,38.23,-5.33493230610759,7fe8e1d58f7ebc43259ada135eb17462309d2ab5d4510c445c0245dba7db8406,0.830624367679136,0.169375632320864,0.626107720847266,0.626107720847266,0.748876425691013,0.793251095849182,2001.0,-4.0,0.096,0.122768704843747,0.328353142573443,268.0,fbbc8cad79e376d9ec8947dc17ad6f7643163af8,2026-08-18 08:07:04,2026-06-06 14:01:41,2026-05-09-OAK-SEA,cascades,spiders,16,26,2026-05-09 15:00:00
zraunig,3.27,54.75,mmunoz,9.54,51.11,0,0,0,"mmunoz,zraunig,ksmart,slofink,gleahy,dmourad,nstoppel",True,2026-05-09-OAK-SEA,5,9,2,4,561.0,1,2,True,True,193,home,133,1778366311.0,18,False,"arosentha,ichang,cbernard,tgoss,aorme,mwilliams,emagsig",134,269,d23fd2357d4cdd36c8ba204ea67b26a0f8224747de0cb73179d1d858e64ec249,1778366311.0,False,193,553.3,7.25,6.27,-3.64,-120.136976318984,af26c23144b65ac66339eabc0bd664f66048a47b4945ebfbbbba9984fa34d516,0.989361757794343,0.0106382422056571,0.626107720847266,0.749935177834788,0.733505135129765,0.808721525164267,1993.3,-4.0,0.095,-0.0164300427050232,-0.0439432521641122,269.0,fe28c3a61e558ac6fb486bf821d2ee902984b7c8,2026-08-18 08:07:04,2026-06-06 14:01:41,2026-05-09-OAK-SEA,cascades,spiders,16,26,2026-05-09 15:00:00
mmunoz,9.54,51.11,dmourad,13.26,40.41,0,0,0,"mmunoz,zraunig,ksmart,slofink,gleahy,dmourad,nstoppel",True,2026-05-09-OAK-SEA,5,9,2,4,561.0,1,3,True,True,194,home,134,1778366317.0,18,False,"arosentha,ichang,cbernard,tgoss,aorme,mwilliams,emagsig",135,270,67c1dd79c26ad7f93e3ba7b63bbf4647906a1ecdf7efe42cf4fe82856006bd75,1778366317.0,False,194,545.6,11.3282125686271,3.72,-10.7,-160.82929992447,73b869d3d82222336a229c1d78bb9592234eed654f052fe3b02851010fa07133,0.988223488828531,0.0117765111714688,0.626107720847266,0.734562030824835,0.690552019208839,0.853529735359745,1985.6,-4.0,0.092,-0.0440100116159953,-0.117707730461097,270.0,30a5483d6d7c4dc6092304f5744c5b5563bef5f1,2026-08-18 08:07:04,2026-06-06 14:01:41,2026-05-09-OAK-SEA,cascades,spiders,16,26,2026-05-09 15:00:00
dmourad,13.26,40.41,mmunoz,24.69,58.54,0,0,0,"mmunoz,zraunig,ksmart,slofink,gleahy,dmourad,nstoppel",True,2026-05-09-OAK-SEA,5,9,2,4,561.0,1,4,True,True,195,home,135,1778366323.0,18,False,"arosentha,ichang,cbernard,tgoss,aorme,mwilliams,emagsig",136,271,ff8411fa6186354c5339824f571e7ef4e3ac13d2973d21b33de7b32c80db7dd8,1778366323.0,False,195,537.9,21.4322607300303,11.43,18.13,-32.2292490544689,24ab34e9b0ca731d298fef6effca1a9d4eeb31a224e0cbbc37b27968efd94fa8,0.908657263064591,0.0913427369354088,0.626107720847266,0.691604764756672,0.717961166609286,0.728352272845989,1977.9,-4.0,0.094,0.0263564018526138,0.0704919660612923,271.0,f5645d112af9192461b41adda3ff5caa45853652,2026-08-18 08:07:04,2026-06-06 14:01:41,2026-05-09-OAK-SEA,cascades,spiders,16,26,2026-05-09 15:00:00
mmunoz,24.69,58.54,ksmart,17.92,70.84,0,0,0,"mmunoz,zraunig,ksmart,slofink,gleahy,dmourad,nstoppel",True,2026-05-09-OAK-SEA,5,9,2,4,561.0,1,5,True,True,196,home,136,1778366325.0,18,False,"arosentha,ichang,cbernard,tgoss,aorme,mwilliams,emagsig",137,272,94008e5e55f72602a3efa270a3a45d08a36820cf14362c0e57cc046f83c2502e,1778366325.0,False,196,530.2,14.04004629622,-6.77,12.3,28.8286724141914,9af6c32aaba14356c6b62a6271a1baf441f74fbb3a634c923929452d22722176,0.965618344542072,0.0343816554579276,0.626107720847266,0.71883250687619,0.80722269450967,0.715379231562353,1970.2,-4.0,0.101,0.0883901876334793,0.236405490463129,272.0,fa3d9bbded2fdcc92c10a7dd60b761b045f3ade1,2026-08-18 08:07:04,2026-06-06 14:01:41,2026-05-09-OAK-SEA,cascades,spiders,16,26,2026-05-09 15:00:00
ksmart,17.92,70.84,gleahy,22.14,83.66,0,0,0,"mmunoz,zraunig,ksmart,slofink,gleahy,dmourad,nstoppel",True,2026-05-09-OAK-SEA,5,9,2,4,561.0,1,6,True,True,197,home,137,1778366329.0,18,False,"arosentha,ichang,cbernard,tgoss,aorme,mwilliams,emagsig",138,273,475d1d6a69976c3a4f976a9491e68c2dd28da08fca4635e024f87f365e110e00,1778366329.0,False,197,522.5,13.4966958919581,4.22,12.82,-18.2201577784641,5e4781721c52d63f35f0a594fe9aafff29675d701987d371fe5f167a9b585d1a,0.966014025371343,0.033985974628657,0.626107720847266,0.807798706744176,0.8535059471196,0.647162366602157,1962.5,-4.0,0.105,0.0457072403754241,0.122247082713234,273.0,86d38a668849416aa9bd33908aff86bd42cfcc68,2026-08-18 08:07:04,2026-06-06 14:01:41,2026-05-09-OAK-SEA,cascades,spiders,16,26,2026-05-09 15:00:00
gleahy,22.14,83.66,slofink,14.57,90.58,0,0,0,"mmunoz,zraunig,ksmart,slofink,gleahy,dmourad,nstoppel",True,2026-05-09-OAK-SEA,5,9,2,4,561.0,1,7,True,True,198,home,138,1778366333.0,18,False,"arosentha,ichang,cbernard,tgoss,aorme,mwilliams,emagsig",139,274,5be2667fa1e443a1bddec12246e10d965f8e156411b61dc467bc4791e92d8439,1778366333.0,False,198,514.8,10.2562810023907,-7.57,6.92,47.5684821323009,3582d2bfd41d416f47f32ed6ead91b14a1723e3af43079a242abdab9892e211d,0.966966821274964,0.033033178725036,0.626107720847266,0.853898043608318,0.897732024117234,0.657697447681431,1954.8,-4.0,0.11,0.0438339805089162,0.117236923448238,274.0,b9f9d96740d5c75fc696ee28cbd6922e26e73bdb,2026-08-18 08:07:04,2026-06-06 14:01:41,2026-05-09-OAK-SEA,cascades,spiders,16,26,2026-05-09 15:00:00
slofink,14.57,90.58,dmourad,19.74,75.65,0,0,0,"mmunoz,zraunig,ksmart,slofink,gleahy,dmourad,nstoppel",True,2026-05-09-OAK-SEA,5,9,2,4,561.0,1,8,True,True,199,home,139,1778366336.0,18,False,"arosentha,ichang,cbernard,tgoss,aorme,mwilliams,emagsig",140,275,cbf4e1fc7ccccfe0feae014d611948b24f90be5e38ab094f9c5183d680adc96a,1778366336.0,False,199,507.1,15.7998037962501,5.17,-14.93,-160.89991788435,a218566d04d8b36acf2f586a39088cf4fe1be108f10d6af0bba4b89d32877365,0.975357301977677,0.0246426980223226,0.626107720847266,0.897971221319738,0.825364200942424,0.691637357205778,1947.1,-4.0,0.102,-0.0726070203773143,-0.194192350111767,275.0,563beac08e554416d70ac33e1d5718e980b2cebb,2026-08-18 08:07:04,2026-06-06 14:01:41,2026-05-09-OAK-SEA,cascades,spiders,16,26,2026-05-09 15:00:00
dmourad,19.74,75.65,slofink,11.73,82.86,0,0,0,"mmunoz,zraunig,ksmart,slofink,gleahy,dmourad,nstoppel",True,2026-05-09-OAK-SEA,5,9,2,4,561.0,1,9,True,True,200,home,140,1778366341.0,18,False,"arosentha,ichang,cbernard,tgoss,aorme,mwilliams,emagsig",141,276,374d21a911bcffcd4fdad021fb9ebe95cc7d6e9f06a36f398978a2c0c987f38f,1778366341.0,False,200,499.4,10.7770218520703,-8.01,7.20999999999999,48.0088357985883,2aebe5633df740347c9e2c1c73386d69caa6da5f062fae129198267b5d8e118e,0.968895220965039,0.0311047790349613,0.626107720847266,0.825668375055392,0.870342205967647,0.686901707243402,1939.4,-4.0,0.107,0.0446738309122552,0.119483159731164,276.0,8a3edf71e845f849c78e2119b42a2a80f707ceb2,2026-08-18 08:07:04,2026-06-06 14:01:41,2026-05-09-OAK-SEA,cascades,spiders,16,26,2026-05-09 15:00:00
slofink,11.73,82.86,mmunoz,22.95,116.35,0,0,0,"mmunoz,zraunig,ksmart,slofink,gleahy,dmourad,nstoppel",True,2026-05-09-OAK-SEA,6,9,2,4,561.0,1,10,True,True,201,home,141,1778366358.0,19,False,"arosentha,ichang,cbernard,tgoss,aorme,mwilliams,emagsig",142,278,949e90facc175645d161dc673e96b5059ee5040bcff2a9376525ad4d03d98f81,1778366358.0,False,201,491.7,35.319520098665,11.22,33.49,-18.5221569435727,0b8cc1b7f247800d5a99e05d4326ab2e083fcae2da61abef9fd55245c4d9ed77,0.795672838944432,0.204327161055568,0.626107720847266,0.870528337112264,1.0,0.593922485125677,1931.7,-4.0,0.118,0.129471662887736,0.346280653831974,278.0,51b25816328a9309fe79d8547ed90c94a5401a20,2026-08-18 08:07:04,2026-06-06 14:01:41,2026-05-09-OAK-SEA,cascades,spiders,16,26,2026-05-09 15:00:00
lgordon,-3.28,13.63,dritthale,4.63,20.52,0,0,0,"mawais,wfrankenb,dritthale,dwhited,cboydflie,lgordon,jvallee",False,2026-05-09-OAK-SEA,6,9,2,5,484.0,1,1,True,True,202,away,137,1778366410.0,18,False,"korser,jbrown,gharris,isweeney,alantz,rmcleod,mobrien2",138,281,908c7529723a5d9140c2baa4c6611f332c3c85d40162d269170c25602e73d20c,1778366410.0,False,202,484.0,10.4900047664431,7.91,6.89,-48.9425289718503,81566c32d54da5694fd6cf6488e630bf1bba6ac5f1e6a9a6c83c32d25d061c81,0.988818614026148,0.0111813859738518,0.627399335088254,0.627399335088254,0.643427206460876,0.931499080795844,1924.0,-3.0,0.111,0.0160278713726222,0.0430162178492583,281.0,68acca610d97286ae02aeb526fdf4f07b087bea4,2026-08-18 08:07:04,2026-06-06 14:01:41,2026-05-09-OAK-SEA,cascades,spiders,16,26,2026-05-09 15:00:00
dritthale,4.63,20.52,lgordon,-6.55,17.31,0,0,0,"mawais,wfrankenb,dritthale,dwhited,cboydflie,lgordon,jvallee",False,2026-05-09-OAK-SEA,6,9,2,5,484.0,1,2,True,True,203,away,138,1778366411.0,18,False,"korser,jbrown,gharris,isweeney,alantz,rmcleod,mobrien2",139,282,3c9471ad9313bf7b37df1ff26b91c375bcef37d3d7c1e583432eccc9efefe284,1778366411.0,False,203,477.0,11.631702368957,-11.18,-3.21,106.019823536745,380e0cf0d6d20adc789d77abf6a9ed178d9270ee0cf8d993decd674f640e336b,0.990119515951185,0.00988048404881547,0.627399335088254,0.643604385013701,0.635399920685256,0.932971802435326,1917.0,-3.0,0.112,-0.0082044643284449,-0.0220194570248236,282.0,0cda702afce6e255ce557babac5c24661b1dfc3d,2026-08-18 08:07:04,2026-06-06 14:01:41,2026-05-09-OAK-SEA,cascades,spiders,16,26,2026-05-09 15:00:00
lgordon,-6.55,17.31,cboydflie,-18.35,29.65,0,0,0,"mawais,wfrankenb,dritthale,dwhited,cboydflie,lgordon,jvallee",False,2026-05-09-OAK-SEA,6,9,2,5,484.0,1,3,True,True,204,away,139,1778366415.0,18,False,"korser,jbrown,gharris,isweeney,alantz,rmcleod,mobrien2",140,283,a9d72d74f70dcf7c464d547d3e8eecc9facf1670c36342b14ca7ab7e39a51ec8,1778366415.0,False,204,470.0,17.0738279246337,-11.8,12.34,43.7185351370447,380cb71cdeb375f44d209c8b761b84dbfd2a2a6b8b38f609287dce5b9b3656cd,0.980748996870396,0.0192510031296043,0.627399335088254,0.635510014315502,0.649632661044265,0.892622583373316,1910.0,-3.0,0.11,0.0141226467287631,0.0379029026480888,283.0,208bd6c670c1df501fd786bc0950268c5df43969,2026-08-18 08:07:04,2026-06-06 14:01:41,2026-05-09-OAK-SEA,cascades,spiders,16,26,2026-05-09 15:00:00
cboydflie,-18.35,29.65,,-18.36,29.65,1,0,0,"mawais,wfrankenb,dritthale,dwhited,cboydflie,lgordon,jvallee",False,2026-05-09-OAK-SEA,6,9,2,5,484.0,1,4,True,True,205,away,140,1778366421.0,22,False,"korser,jbrown,gharris,isweeney,alantz,rmcleod,mobrien2",141,285,4a8d48f9bcef6d85fa7b709b97a20e495c463b1107508d3029446b132167d91f,1778366421.0,False,205,463.0,0.00999999999999801,-0.00999999999999801,0.0,90.0,8c8255c88a87c6c3ae5bfea4e5c9e18823b785100b5887c7419b153b4886edc5,0.5,-0.5,0.627399335088254,0.64967919800228,0.649640031839336,0.892624598717269,1903.0,-3.0,0.188,-0.892624598717269,-0.892624598717269,285.0,46fa19cbf3e099a9ea25fe8e8b954bbada4ce4e5,2026-08-18 08:07:04,2026-06-06 14:01:41,2026-05-09-OAK-SEA,cascades,spiders,16,26,2026-05-09 15:00:00
isweeney,-23.61,65.09,alantz,-24.05,117.59,0,0,0,"korser,jbrown,gharris,isweeney,alantz,rmcleod,mobrien2",True,2026-05-09-OAK-SEA,7,9,2,5,484.0,2,1,False,False,206,home,145,1778366442.0,19,False,"mawais,wfrankenb,dritthale,dwhited,cboydflie,lgordon,jvallee",146,288,5c7010afa46484adfb94f729ef77d85cf22fa313a4893035130030d9be31d0bd,1778366442.0,False,206,456.0,52.5018437771475,-0.440000000000001,52.5,0.480181957220964,4bbe267e7cc4b78d44bc14051ee1f3b36b1e3bbd5e3c5d7aca93aa70093aa76a,0.522060432471945,0.477939567528055,0.758931172863135,0.758931172863135,1.0,0.586221982329132,1896.0,-3.0,0.201,0.241068827136865,1.0,288.0,8e6bef4b60e988811f9f0fe7ba1ff783c6b30df1,2026-08-18 08:07:04,2026-06-06 14:01:41,2026-05-09-OAK-SEA,cascades,spiders,16,26,2026-05-09 15:00:00
klew,0.2,17.25,emagsig,8.66,25.29,0,0,0,"aorme,arees,rvickersb,clankford,klew,jwhealan,emagsig",False,2026-05-09-OAK-SEA,7,9,2,6,449.0,1,1,True,True,207,away,143,1778366491.0,18,False,"emurray,korser,rmcleod,bkassmull,nmahan,eshipway,isweeney",144,290,7f05aa1410b1079d8e957c120d4c857cf8b4cf0427dd4614607274f6b68fb7b7,1778366491.0,False,207,449.0,11.6710410846676,8.46,8.04,-46.4581231558972,b57ff4a3ef0dbc7738217c266b9c7995d32d8282cfc73780084ed55feb2507a6,0.986195736670941,0.0138042633290595,0.634936921370996,0.636183038128126,0.654662377315651,0.91614901137612,1889.0,-2.0,0.193,0.0184793391875256,0.0506195785586559,290.0,1ad824ab0774000e8e53f1dee8dd168d742a24d4,2026-08-18 08:07:04,2026-06-06 14:01:41,2026-05-09-OAK-SEA,cascades,spiders,16,26,2026-05-09 15:00:00
emagsig,8.66,25.29,klew,-6.21,21.27,0,0,0,"aorme,arees,rvickersb,clankford,klew,jwhealan,emagsig",False,2026-05-09-OAK-SEA,7,9,2,6,449.0,1,2,True,True,208,away,144,1778366495.0,18,False,"emurray,korser,rmcleod,bkassmull,nmahan,eshipway,isweeney",145,291,d6ded2fc64b9d4203f4174c4fa80b34ac55c2862710c251d599f8f50d37141f7,1778366495.0,False,208,444.380952380952,15.4038079707584,-14.87,-4.02,105.127889201935,268cb4e0072df53b43da150c1e2ba2842a88d0a3fe54294c53e2c45781487c3c,0.985464761354942,0.0145352386450576,0.634936921370996,0.654599728469461,0.645155713245985,0.929209090398005,1884.38095238095,-2.0,0.194,-0.00944401522347615,-0.0258695435839285,291.0,b25016c87f7a8528544a9b1222e58efde8f8f871,2026-08-18 08:07:04,2026-06-06 14:01:41,2026-05-09-OAK-SEA,cascades,spiders,16,26,2026-05-09 15:00:00
klew,-6.21,21.27,rvickersb,-13.78,21.54,0,0,0,"aorme,arees,rvickersb,clankford,klew,jwhealan,emagsig",False,2026-05-09-OAK-SEA,7,9,2,6,449.0,1,3,True,True,209,away,145,1778366498.0,18,False,"emurray,korser,rmcleod,bkassmull,nmahan,eshipway,isweeney",146,292,1ffa59c126919680b2532baa0b781cf64296eab281ed51645c54c15c8844e293,1778366498.0,False,209,439.761904761905,7.57481352905799,-7.57,0.27,87.9572912132977,3d0c0d0fd7dad2f48272bcaddc32ca9e65be193639695a13ce6197f6745e2d2c,0.991986881641095,0.00801311835890495,0.634936921370996,0.645074876114013,0.639532430602903,0.926184543904248,1879.7619047619,-2.0,0.195,-0.00554244551111016,-0.015182158469503,292.0,209cb8137c8479494fc0b032fb62de0e32c8cec4,2026-08-18 08:07:04,2026-06-06 14:01:41,2026-05-09-OAK-SEA,cascades,spiders,16,26,2026-05-09 15:00:00
rvickersb,-13.78,21.54,klew,-7.71,17.38,0,0,0,"aorme,arees,rvickersb,clankford,klew,jwhealan,emagsig",False,2026-05-09-OAK-SEA,7,9,2,6,449.0,1,4,True,True,210,away,146,1778366503.0,18,False,"emurray,korser,rmcleod,bkassmull,nmahan,eshipway,isweeney",147,293,5d51d726ea756998e262b8b302a4717dfab81e8ba05901fcada007ffc6e82124,1778366503.0,False,210,435.142857142857,7.35870233125379,6.07,-4.16,-124.424311726234,b4df9f484cd6668c6e4ff73615c20063f3699592eaa7af521248a1b81476a402,0.992124060487242,0.00787593951275756,0.634936921370996,0.639435250091147,0.635048731781067,0.93281217973694,1875.14285714286,-2.0,0.195,-0.00438651831008008,-0.0120157818384529,293.0,939193cc8ea9f1df27d5153896f11d9f1e34212e,2026-08-18 08:07:04,2026-06-06 14:01:41,2026-05-09-OAK-SEA,cascades,spiders,16,26,2026-05-09 15:00:00
klew,-7.71,17.38,emagsig,-15.08,36.61,0,0,0,"aorme,arees,rvickersb,clankford,klew,jwhealan,emagsig",False,2026-05-09-OAK-SEA,7,9,2,6,449.0,1,5,True,True,211,away,147,1778366506.0,18,False,"emurray,korser,rmcleod,bkassmull,nmahan,eshipway,isweeney",148,294,676a7573b2b83b35a54cc46aaa7fc71f833e76de399b5ccddd50410275e2c055,1778366506.0,False,211,430.52380952381,20.5939262890785,-7.37,19.23,20.9695966623239,a68b6f57fcb6eaf511363f7512edf70529947a421b709f7c67963d725ac89813,0.961773929395242,0.0382260706047581,0.634936921370996,0.634936921370996,0.680486543587714,0.869575112816052,1870.52380952381,-2.0,0.19,0.0455496222167185,0.124771922670954,294.0,9dda792180b214fad68c8d151d0af7ac8633db40,2026-08-18 08:07:04,2026-06-06 14:01:41,2026-05-09-OAK-SEA,cascades,spiders,16,26,2026-05-09 15:00:00
emagsig,-15.08,36.61,arees,-17.4,55.9,0,0,0,"aorme,arees,rvickersb,clankford,klew,jwhealan,emagsig",False,2026-05-09-OAK-SEA,7,9,2,6,449.0,1,6,True,True,212,away,148,1778366512.0,18,False,"emurray,korser,rmcleod,bkassmull,nmahan,eshipway,isweeney",149,295,3f0b5d37092df9b3b5597c88eee3d323daeff7c83f6d8da3f93f7be340c57872,1778366512.0,False,212,425.904761904762,19.4290118122358,-2.32,19.29,6.85799888055141,d61491a33af1ae93eee46ca07470789403c7cf741101200ca13110ef597d3451,0.957457740149248,0.0425422598507519,0.634936921370996,0.68037005210043,0.747087068795952,0.780492780637202,1865.90476190476,-2.0,0.181,0.0667170166955212,0.182754763768709,295.0,682426453fa235cce19b284331ff6b52cb7fddf9,2026-08-18 08:07:04,2026-06-06 14:01:41,2026-05-09-OAK-SEA,cascades,spiders,16,26,2026-05-09 15:00:00
arees,-17.4,55.9,jwhealan,-17.46,73.02,0,0,0,"aorme,arees,rvickersb,clankford,klew,jwhealan,emagsig",False,2026-05-09-OAK-SEA,7,9,2,6,449.0,1,7,True,True,213,away,149,1778366518.0,18,False,"emurray,korser,rmcleod,bkassmull,nmahan,eshipway,isweeney",150,296,b4002450c1d41a981a50e92fb5c8a938b8a3ebe2f652b1f5e6d5cd32e2da3046,1778366518.0,False,213,421.285714285714,17.1201051398641,-0.0600000000000023,17.12,0.200802143452961,ebaddb467018195af6cfa01e0e0464136ffbba7257ec2c6e6bdaad18636b8917,0.95856224908942,0.0414377509105799,0.634936921370996,0.746977181336185,0.821917916950552,0.708604061617886,1861.28571428571,-2.0,0.17,0.0749407356143679,0.205281607484953,296.0,6fb69a884ed488555d61b8cd8406fc796c0a717c,2026-08-18 08:07:04,2026-06-06 14:01:41,2026-05-09-OAK-SEA,cascades,spiders,16,26,2026-05-09 15:00:00
jwhealan,-17.46,73.02,emagsig,-18.42,62.38,0,0,0,"aorme,arees,rvickersb,clankford,klew,jwhealan,emagsig",False,2026-05-09-OAK-SEA,7,9,2,6,449.0,1,8,True,True,214,away,150,1778366522.0,18,False,"emurray,korser,rmcleod,bkassmull,nmahan,eshipway,isweeney",151,298,d7ab20ce1d43041074e2901a8746ad001122c30167984af3995932a86e6c186a,1778366522.0,False,214,416.666666666667,10.6832204882236,-0.960000000000001,-10.64,174.844415682594,e441e019c5122c7c0ecc44fbfe9765cf570d99233880a741b10d9857310a7a6a,0.985947838931138,0.0140521610688621,0.634936921370996,0.821827194176744,0.771839522319964,0.748674619202221,1856.66666666667,-2.0,0.178,-0.0499876718567797,-0.136928861840832,298.0,f8eeaf1fc9830254bcea80f5c26ec1885fcf5d0d,2026-08-18 08:07:04,2026-06-06 14:01:41,2026-05-09-OAK-SEA,cascades,spiders,16,26,2026-05-09 15:00:00
emagsig,-18.42,62.38,aorme,-17.53,72.47,0,0,0,"aorme,arees,rvickersb,clankford,klew,jwhealan,emagsig",False,2026-05-09-OAK-SEA,7,9,2,6,449.0,1,9,True,True,215,away,151,1778366525.0,18,False,"emurray,korser,rmcleod,bkassmull,nmahan,eshipway,isweeney",152,299,2b7173c35a415f06548bfedb794b57ad7ced37ba7ae7acc73135faa101bc726c,1778366525.0,False,215,412.047619047619,10.129175682157,0.890000000000001,10.09,-5.04079382856416,54f848473a315b3cfcda54ab7232a28661ab26a2e2c443a1f75340df5023e440,0.978316204200604,0.0216837957993961,0.634936921370996,0.771724973321462,0.819126841181606,0.710225051491197,1852.04761904762,-2.0,0.171,0.0474018678601442,0.129845691429991,299.0,17c7f6eea294c37a9f3e4cdcbef2b04edbaea6f3,2026-08-18 08:07:04,2026-06-06 14:01:41,2026-05-09-OAK-SEA,cascades,spiders,16,26,2026-05-09 15:00:00
aorme,-17.53,72.47,emagsig,-20.53,70.7,0,0,0,"aorme,arees,rvickersb,clankford,klew,jwhealan,emagsig",False,2026-05-09-OAK-SEA,7,9,2,6,449.0,1,10,True,True,216,away,152,1778366529.0,18,False,"emurray,korser,rmcleod,bkassmull,nmahan,eshipway,isweeney",153,301,070329ccefd46b538faaebe182ba0bd23a2fc8394c62f4a18f075d8c8d0f64ed,1778366529.0,False,216,407.428571428571,3.48323125847251,-3.0,-1.77,120.540604849681,78583610d8d52add3ea8e60b622315b1e3bd5ed86c7de0d4cf68f215a49a5d40,0.990526810658189,0.00947318934181085,0.634936921370996,0.819027043654365,0.801926950409133,0.704757333223103,1847.42857142857,-2.0,0.173,-0.0171000932452315,-0.0468414754771997,301.0,4a74038fcae95f9e75ad73f18253cf6e34d6e65b,2026-08-18 08:07:04,2026-06-06 14:01:41,2026-05-09-OAK-SEA,cascades,spiders,16,26,2026-05-09 15:00:00
emagsig,-20.53,70.7,aorme,-2.66,61.97,0,0,0,"aorme,arees,rvickersb,clankford,klew,jwhealan,emagsig",False,2026-05-09-OAK-SEA,7,9,2,6,449.0,1,11,True,True,217,away,153,1778366534.0,18,False,"emurray,korser,rmcleod,bkassmull,nmahan,eshipway,isweeney",154,302,2f73a97716688667322df9c1d6dea19980c8d9e30a5f38d68d52603c6991d5c0,1778366534.0,False,217,402.809523809524,19.8884338247133,17.87,-8.73,-116.036816321533,dfedbcb5cfe19eb651c75242cdf818419eed81fafb657e6cbaf0055d72d8fe6c,0.960223897214611,0.039776102785389,0.634936921370996,0.801817489971135,0.784373717441804,0.767986640794999,1842.80952380952,-2.0,0.176,-0.0174437725293308,-0.0477828998616923,302.0,0304a274f9f816b8f9102676228a47ab0a829aae,2026-08-18 08:07:04,2026-06-06 14:01:41,2026-05-09-OAK-SEA,cascades,spiders,16,26,2026-05-09 15:00:00
aorme,-2.66,61.97,klew,-6.14,70.97,0,0,0,"aorme,arees,rvickersb,clankford,klew,jwhealan,emagsig",False,2026-05-09-OAK-SEA,7,9,2,6,449.0,1,12,True,True,218,away,154,1778366538.0,18,False,"emurray,korser,rmcleod,bkassmull,nmahan,eshipway,isweeney",155,303,d506ffbdf5e3d84a353c499ec8846b023f4277f577e115ae834b9bb65db04101,1778366538.0,False,218,398.190476190476,9.64937303662782,-3.48,9.0,21.1398248086577,a020cfe21be3c8aa9ce3ab9f41e93a9b101933285814ffb022e3a261938ec4f8,0.980122943489835,0.0198770565101646,0.634936921370996,0.784255816200201,0.822276794044155,0.731604552180839,1838.19047619048,-2.0,0.17,0.0380209778439534,0.104149063736441,303.0,88009717a7e648b8b4dd1abbdb0f73e3b93bbb03,2026-08-18 08:07:04,2026-06-06 14:01:41,2026-05-09-OAK-SEA,cascades,spiders,16,26,2026-05-09 15:00:00
klew,-6.14,70.97,clankford,-6.14,70.97,0,0,0,"aorme,arees,rvickersb,clankford,klew,jwhealan,emagsig",False,2026-05-09-OAK-SEA,7,9,2,6,449.0,1,13,True,True,219,away,155,1778366545.0,18,False,"emurray,korser,rmcleod,bkassmull,nmahan,eshipway,isweeney",156,305,c5b475e8bb704fc7696072f98d35d329e8f3f5ec4e58f66aecc3d9278c22ea96,1778366545.0,False,219,393.571428571429,0.0,0.0,0.0,-90.0,d40be6bb82fff4da4dd6dad6a2dedcdd18825ac85ef3f93568123a0d8f274c42,0.5,0.5,0.634936921370996,0.822174857352677,0.822174857352677,0.73146759259361,1833.57142857143,-2.0,0.17,0.0,0.0,305.0,7c6ae76f88c5e41a526933b656f900ded3222dfa,2026-08-18 08:07:04,2026-06-06 14:01:41,2026-05-09-OAK-SEA,cascades,spiders,16,26,2026-05-09 15:00:00
clankford,-6.14,70.97,,-6.14,70.97,1,0,0,"aorme,arees,rvickersb,clankford,klew,jwhealan,emagsig",False,2026-05-09-OAK-SEA,7,9,2,6,449.0,1,14,True,True,220,away,156,1778366547.0,22,False,"emurray,korser,rmcleod,bkassmull,nmahan,eshipway,isweeney",157,306,3cfc859fd8abbf7278e9107eb49ce3d136687c16cec2bf108e890616d5e69a32,1778366547.0,False,220,388.952380952381,0.0,0.0,0.0,-90.0,fe14a58cac7801bf0c06be875be3f7c67bac498010cc22c7e09731920a3dabf9,0.5,-0.5,0.634936921370996,0.822073918407701,0.822073918407701,0.731331990622608,1828.95238095238,-2.0,0.275,-0.731331990622608,-0.731331990622608,306.0,2df8ebc5870f0d7af6f7d741700c9756fb55df51,2026-08-18 08:07:04,2026-06-06 14:01:41,2026-05-09-OAK-SEA,cascades,spiders,16,26,2026-05-09 15:00:00
eshipway,0.36,16.82,korser,-5.11,27.74,0,0,0,"emurray,korser,rmcleod,bkassmull,nmahan,eshipway,isweeney",True,2026-05-09-OAK-SEA,7,9,2,6,449.0,2,1,False,False,221,home,149,1778366552.0,18,False,"aorme,arees,rvickersb,clankford,klew,jwhealan,emagsig",150,307,05f085a7a8c694fdb49b15515d361011d9afa73a5a36d03f109d8d659c518e81,1778366552.0,False,221,384.333333333333,12.2134065681938,-5.47,10.92,26.6070107298208,16faf65b996d9b01eb71cc36ddb62d775bc28bc387003ec370fb99c2a422838d,0.984624940371286,0.0153750596287139,0.633308173303011,0.633308173303011,0.660826139742884,0.907497722661913,1824.33333333333,-2.0,0.265,0.0275179664398727,0.0750438500027213,307.0,22244b66ea839c0b337782b1961b85e3e79a8b81,2026-08-18 08:07:04,2026-06-06 14:01:41,2026-05-09-OAK-SEA,cascades,spiders,16,26,2026-05-09 15:00:00
korser,-5.11,27.74,emurray,-8.02,36.04,0,0,0,"emurray,korser,rmcleod,bkassmull,nmahan,eshipway,isweeney",True,2026-05-09-OAK-SEA,7,9,2,6,449.0,2,2,False,False,222,home,150,1778366557.0,18,False,"aorme,arees,rvickersb,clankford,klew,jwhealan,emagsig",151,308,9d2cd49727bd10192b5b426531cf1508f8de944dce848ddcb974ee13191ae3ab,1778366557.0,False,222,379.714285714286,8.79534535990486,-2.91,8.3,19.3207892432884,b2f464c98127ee9a5fa2febaf063e418b4fcd080658d7ad4e3c24bc557fd94a4,0.986964833802171,0.0130351661978291,0.633308173303011,0.660679695369534,0.684877063809061,0.875820033378718,1819.71428571429,-2.0,0.268,0.0241973684395278,0.0659882950146118,308.0,276c1cc9709915ff2dfb7b37e04ff373fe7f5d06,2026-08-18 08:07:04,2026-06-06 14:01:41,2026-05-09-OAK-SEA,cascades,spiders,16,26,2026-05-09 15:00:00
emurray,-8.02,36.04,korser,2.69,22.06,0,0,0,"emurray,korser,rmcleod,bkassmull,nmahan,eshipway,isweeney",True,2026-05-09-OAK-SEA,7,9,2,6,449.0,2,3,False,False,223,home,151,1778366563.0,18,False,"aorme,arees,rvickersb,clankford,klew,jwhealan,emagsig",152,309,9214b8aa5790ccd25f6b93b7e5b91c47fc2c7797b99c1c4b4c77699ca1b0d5a7,1778366563.0,False,223,375.095238095238,17.6109199078299,10.71,-13.98,-142.544475939348,426e94f257e9d7b77f311c128a136951d56dcff56ad236b8afb89b5108d481e4,0.986136761700744,0.0138632382992557,0.633308173303011,0.68474248389208,0.645712483422238,0.926347038772814,1815.09523809524,-2.0,0.263,-0.0390300004698424,-0.106438152225559,309.0,90c6e7f52c128a0f789ce75c7c456ddd66d1a5b1,2026-08-18 08:07:04,2026-06-06 14:01:41,2026-05-09-OAK-SEA,cascades,spiders,16,26,2026-05-09 15:00:00
korser,2.69,22.06,bkassmull,-5.76,32.03,0,0,0,"emurray,korser,rmcleod,bkassmull,nmahan,eshipway,isweeney",True,2026-05-09-OAK-SEA,7,9,2,6,449.0,2,4,False,False,224,home,152,1778366568.0,18,False,"aorme,arees,rvickersb,clankford,klew,jwhealan,emagsig",153,310,85d826adf5bf1e2e2f0aa53e5f4fd735ee8ef1388a611a678c2c91152d922d77,1778366568.0,False,224,370.47619047619,13.0691774798569,-8.45,9.97,40.282697445074,b40588c8147d7fa5b869bddc7cded192d2117d0dbcac02da101bc7016c7e9513,0.982665207526807,0.017334792473193,0.633308173303011,0.645578382224782,0.672768714293462,0.891624654622986,1810.47619047619,-2.0,0.266,0.0271903320686797,0.0741503630271752,310.0,cfaf7e80e727be6b5ecc394260a889eee8242c99,2026-08-18 08:07:04,2026-06-06 14:01:41,2026-05-09-OAK-SEA,cascades,spiders,16,26,2026-05-09 15:00:00
bkassmull,-5.76,32.03,emurray,-16.76,94.8,0,0,0,"emurray,korser,rmcleod,bkassmull,nmahan,eshipway,isweeney",True,2026-05-09-OAK-SEA,7,9,2,6,449.0,2,5,False,False,225,home,153,1778366571.0,18,False,"aorme,arees,rvickersb,clankford,klew,jwhealan,emagsig",154,311,73d71267ece5c3568180d6bb7e2c28f14a0c320bd03d6b019883c41d14889f23,1778366571.0,False,225,365.857142857143,63.7265478431085,-11.0,62.77,9.93975135132891,a3c27897b3b188ccfb87e18784a9d0f756c0eedb2fc1de4ce7710d024f28bc1b,0.633955322371691,0.366044677628309,0.633308173303011,0.672649553230058,0.911410010326251,0.637605117057095,1805.85714285714,-2.0,0.313,0.238760457096193,0.651120204251211,311.0,bd076604537aa4f39b71a8a4dbbda3b5185d6864,2026-08-18 08:07:04,2026-06-06 14:01:41,2026-05-09-OAK-SEA,cascades,spiders,16,26,2026-05-09 15:00:00
emurray,-16.76,94.8,eshipway,-16.76,82.79,0,0,0,"emurray,korser,rmcleod,bkassmull,nmahan,eshipway,isweeney",True,2026-05-09-OAK-SEA,7,9,2,6,449.0,2,6,False,False,226,home,154,1778366575.0,18,False,"aorme,arees,rvickersb,clankford,klew,jwhealan,emagsig",155,312,c61feb65937aec7164d02331da28b1653369aede1f94a453cf19e8a5a8086b53,1778366575.0,False,226,361.238095238095,12.01,0.0,-12.01,-180.0,c4a3edc6b33687e91f4882e26eda57a21935482a4fe3a03087f52525995e07cb,0.973892081556363,0.0261079184436371,0.633308173303011,0.911370540448603,0.864642601727718,0.674034614573957,1801.2380952381,-2.0,0.301,-0.0467279387208842,-0.127431088774982,312.0,736c12dd77a2e8022c5e28e79da6a5f504b4353e,2026-08-18 08:07:04,2026-06-06 14:01:41,2026-05-09-OAK-SEA,cascades,spiders,16,26,2026-05-09 15:00:00
eshipway,-16.76,82.79,korser,-9.48,104.56,0,0,0,"emurray,korser,rmcleod,bkassmull,nmahan,eshipway,isweeney",True,2026-05-09-OAK-SEA,8,9,2,6,449.0,2,7,False,False,227,home,155,1778366585.0,19,False,"aorme,arees,rvickersb,clankford,klew,jwhealan,emagsig",156,313,2860a8ac446de1b625cd6efe182ca4d4f37a1e1f3dd2f82fe9c7a67bb8344fd1,1778366585.0,False,227,356.619047619048,22.9549842082281,7.28,21.77,-18.490200280736,ca202008a93b4c2a94bc57864793442460dbc0890dfe0d2b983fe6017298769c,0.893500174303764,0.106499825696236,0.633308173303011,0.864592250533344,1.0,0.637839115989438,1796.61904761905,-2.0,0.322,0.135407749466656,0.36926852361656,313.0,f6072c33d9a747afa30465fa0f923ccbf65e2f1f,2026-08-18 08:07:04,2026-06-06 14:01:41,2026-05-09-OAK-SEA,cascades,spiders,16,26,2026-05-09 15:00:00
lgordon,-0.41,36.13,jvallee,0.4,44.59,0,0,0,"mawais,wfrankenb,dritthale,dwhited,cboydflie,lgordon,jvallee",False,2026-05-09-OAK-SEA,8,9,2,7,352.0,1,1,True,True,228,away,159,1778366667.0,18,False,"jbrown,rmcleod,isweeney,mobrien2,ksmart,gharris,alantz",160,316,8c94da736763cd6f8189ea8fff68f609ba799aac2d66a766365421478a9fe649,1778366667.0,False,228,352.0,8.49868813405928,0.81,8.46,-5.46909497011194,eb9b37fa27081803a658a7faf1b697f3064208d913a0902c3b339ebc125477ec,0.986935523844223,0.0130644761557772,0.685729169395638,0.685729169395638,0.714615768609381,0.840872045195526,1792.0,-1.0,0.311,0.0288865992137431,0.0919162594829193,316.0,0d7b5481e2cf94903e7f813370601af3e5d62eaf,2026-08-18 08:07:04,2026-06-06 14:01:41,2026-05-09-OAK-SEA,cascades,spiders,16,26,2026-05-09 15:00:00
jvallee,0.4,44.59,cboydflie,5.79,54.2,0,0,0,"mawais,wfrankenb,dritthale,dwhited,cboydflie,lgordon,jvallee",False,2026-05-09-OAK-SEA,8,9,2,7,352.0,1,2,True,True,229,away,160,1778366672.0,18,False,"jbrown,rmcleod,isweeney,mobrien2,ksmart,gharris,alantz",161,317,aea87f750b1e3143356d587b78f85cea1ca9ec43a8ea66b62f2a65649af0d246,1778366672.0,False,229,345.214285714286,11.0183574093419,5.39,9.61,-29.2869376156424,59f45a37b48135ea522833f974b37f4354c7237e6ac9ea33f31db464fb4c6487,0.981372229058182,0.0186277709418183,0.685729169395638,0.714520894865173,0.75071647783369,0.799166467295484,1785.21428571429,-1.0,0.304,0.0361955829685171,0.115173218268176,317.0,8c7498a1c33d313d17ffc74f3a73be8f2235ecc8,2026-08-18 08:07:04,2026-06-06 14:01:41,2026-05-09-OAK-SEA,cascades,spiders,16,26,2026-05-09 15:00:00
cboydflie,5.79,54.2,mawais,10.36,69.88,0,0,0,"mawais,wfrankenb,dritthale,dwhited,cboydflie,lgordon,jvallee",False,2026-05-09-OAK-SEA,8,9,2,7,352.0,1,3,True,True,230,away,161,1778366678.0,18,False,"jbrown,rmcleod,isweeney,mobrien2,ksmart,gharris,alantz",162,318,fa54af0bb43ce0deb40244f290b70ea16a9da5302dff9bcadc230bd4001299b6,1778366678.0,False,230,338.428571428571,16.3324003134873,4.57,15.68,-16.2489787713954,c961b42223d018268ec6ee2c7217afa5c9f7b67ede3bc94be9837fe8b0043b69,0.961518531043627,0.0384814689563731,0.685729169395638,0.750644725837236,0.815061461104705,0.732824887017727,1778.42857142857,-1.0,0.29,0.0644167352674695,0.204972046383026,318.0,3e3838ccef8057c2b48cf0fb0d0e12a735e26d7e,2026-08-18 08:07:04,2026-06-06 14:01:41,2026-05-09-OAK-SEA,cascades,spiders,16,26,2026-05-09 15:00:00
mawais,10.36,69.88,cboydflie,-4.64,68.11,0,0,0,"mawais,wfrankenb,dritthale,dwhited,cboydflie,lgordon,jvallee",False,2026-05-09-OAK-SEA,8,9,2,7,352.0,1,4,True,True,231,away,162,1778366684.0,18,False,"jbrown,rmcleod,isweeney,mobrien2,ksmart,gharris,alantz",163,319,e5d8bec44143e54a0afb0d6d1d47eccc47f6313174a464fe2fa9f5115ad6fb7e,1778366684.0,False,231,331.642857142857,15.1040689881899,-15.0,-1.77,96.7297819611099,fba0ff15db94a5e2f7a34bcd233fd367c2550d1f4a8a818789f0c92146d7e97f,0.972742872026283,0.0272571279737169,0.685729169395638,0.815012623880478,0.80913438538685,0.741606380096732,1771.64285714286,-1.0,0.292,-0.00587823849362745,-0.0187043719021687,319.0,31398757fe993d3c54e328205dc19adc348d946f,2026-08-18 08:07:04,2026-06-06 14:01:41,2026-05-09-OAK-SEA,cascades,spiders,16,26,2026-05-09 15:00:00
cboydflie,-4.64,68.11,mawais,-12.01,68.52,0,0,0,"mawais,wfrankenb,dritthale,dwhited,cboydflie,lgordon,jvallee",False,2026-05-09-OAK-SEA,8,9,2,7,352.0,1,5,True,True,232,away,163,1778366692.0,18,False,"jbrown,rmcleod,isweeney,mobrien2,ksmart,gharris,alantz",164,321,e62048ded0038969ca36c88692bbc8442043bc4407c50caed0a7de3f651a827e,1778366692.0,False,232,324.857142857143,7.38139553201155,-7.37,0.409999999999997,86.8158641929482,8b1004e4eadad7160e98499c4c747204addd7e90616eaa33bdb0f576bba72def,0.985416432624156,0.0145835673758441,0.685729169395638,0.809090072280761,0.80822718025621,0.736002422195534,1764.85714285714,-1.0,0.292,-0.00086289202455081,-0.00274569556102746,321.0,78c4909306020d8693308f01feb45e1b3f5d7ca9,2026-08-18 08:07:04,2026-06-06 14:01:41,2026-05-09-OAK-SEA,cascades,spiders,16,26,2026-05-09 15:00:00
mawais,-12.01,68.52,cboydflie,-2.73,69.88,0,0,0,"mawais,wfrankenb,dritthale,dwhited,cboydflie,lgordon,jvallee",False,2026-05-09-OAK-SEA,8,9,2,7,352.0,1,6,True,True,233,away,164,1778366696.0,18,False,"jbrown,rmcleod,isweeney,mobrien2,ksmart,gharris,alantz",165,323,f51ab796e4694d4e8eb28f2322f4c8260a15df439f1767d0b09df5ffcc0bb610,1778366696.0,False,233,318.071428571429,9.37912575883275,9.28,1.36,-81.6625555611533,bdb47f7355072328870727c3e089e664450ed2092be934995822440b5f86ef36,0.981308417192324,0.0186915828076759,0.685729169395638,0.808184982309183,0.816848631654266,0.734835958338432,1758.07142857143,-1.0,0.29,0.00866364934508379,0.0275674625240372,323.0,fe6a6b9b7747f9879adcae33e0d3690db94d99a8,2026-08-18 08:07:04,2026-06-06 14:01:41,2026-05-09-OAK-SEA,cascades,spiders,16,26,2026-05-09 15:00:00
cboydflie,-2.73,69.88,dwhited,9.07,77.86,0,0,0,"mawais,wfrankenb,dritthale,dwhited,cboydflie,lgordon,jvallee",False,2026-05-09-OAK-SEA,8,9,2,7,352.0,1,7,True,True,234,away,165,1778366699.0,18,False,"jbrown,rmcleod,isweeney,mobrien2,ksmart,gharris,alantz",166,324,da8e067cfca5bc6ecf139fdbaad328fe188e8cf60931e0dfdd985f7cba55a70c,1778366699.0,False,234,311.285714285714,14.2450131625071,11.8,7.98,-55.9306435240086,4d25a7e181b12ee2f5280562776317492fcb2bf5c5bab1013489d1327dd5c705,0.968779742646001,0.0312202573539988,0.685729169395638,0.816806750589876,0.849824014951307,0.703841380802121,1751.28571428571,-1.0,0.282,0.0330172643614308,0.105059907398776,324.0,651640af0d763b270ec58b874a22bb7611928bfa,2026-08-18 08:07:04,2026-06-06 14:01:41,2026-05-09-OAK-SEA,cascades,spiders,16,26,2026-05-09 15:00:00
dwhited,9.07,77.86,wfrankenb,13.98,89.25,0,0,0,"mawais,wfrankenb,dritthale,dwhited,cboydflie,lgordon,jvallee",False,2026-05-09-OAK-SEA,8,9,2,7,352.0,1,8,True,True,235,away,166,1778366702.0,18,False,"jbrown,rmcleod,isweeney,mobrien2,ksmart,gharris,alantz",167,325,49807b4f7021932e62d260588e6ab5554898579dfe51670503c1e9400d8de27e,1778366702.0,False,235,304.5,12.4032334493873,4.91,11.39,-23.319902590496,9c6591bde3f62c11fbe3d37c416eafd1d3aad4f808c8dcd97741e62f79b2d56e,0.9677896692233,0.0322103307767004,0.685729169395638,0.849784451281501,0.892753561246182,0.66154686340401,1744.5,-1.0,0.271,0.0429691099646806,0.136726370315846,325.0,2f50dc8c3779e8e9b0376ac24207a6ab3a6a091e,2026-08-18 08:07:04,2026-06-06 14:01:41,2026-05-09-OAK-SEA,cascades,spiders,16,26,2026-05-09 15:00:00
wfrankenb,13.98,89.25,cboydflie,9.61,76.29,0,0,0,"mawais,wfrankenb,dritthale,dwhited,cboydflie,lgordon,jvallee",False,2026-05-09-OAK-SEA,8,9,2,7,352.0,1,9,True,True,236,away,167,1778366707.0,18,False,"jbrown,rmcleod,isweeney,mobrien2,ksmart,gharris,alantz",168,326,ff446abefa704902eb39bd91bee16b8358f6a228da8bb4d8d05273d6a4a109d4,1778366707.0,False,236,297.714285714286,13.6769331357582,-4.37,-12.96,161.36633828764,efc2354b11117b09fdcadb11d94aafe505a73f0f86092f6f3a210895a7ebb171,0.971168579475486,0.0288314205245143,0.685729169395638,0.892718859193126,0.842848485876131,0.708981835453491,1737.71428571429,-1.0,0.283,-0.0498703733169953,-0.158685975472466,326.0,bba191bfa50f0dcafeba7ef7093ffbce96aa68b0,2026-08-18 08:07:04,2026-06-06 14:01:41,2026-05-09-OAK-SEA,cascades,spiders,16,26,2026-05-09 15:00:00
cboydflie,9.61,76.29,dwhited,9.2,85.56,0,0,0,"mawais,wfrankenb,dritthale,dwhited,cboydflie,lgordon,jvallee",False,2026-05-09-OAK-SEA,8,9,2,7,352.0,1,10,True,True,237,away,168,1778366710.0,18,False,"jbrown,rmcleod,isweeney,mobrien2,ksmart,gharris,alantz",169,327,ee6fff3432ee201713f0b774f428f1e700e59db07464c685375a215cbb81822d,1778366710.0,False,237,290.928571428571,9.27906245264035,-0.41,9.27,2.53246708269494,6c82be56cffcccc33c0758d1f2eb060eb4b66d49cd5edf099ab555f3a55b8704,0.975062813224649,0.0249371867753513,0.685729169395638,0.842790570313604,0.881172683812915,0.677910871070117,1730.92857142857,-1.0,0.274,0.0383821134993116,0.122130690352332,327.0,01c89bc0b587ada4d205f4f7dee1b30d847bd4eb,2026-08-18 08:07:04,2026-06-06 14:01:41,2026-05-09-OAK-SEA,cascades,spiders,16,26,2026-05-09 15:00:00
dwhited,9.2,85.56,wfrankenb,-2.87,79.22,0,0,0,"mawais,wfrankenb,dritthale,dwhited,cboydflie,lgordon,jvallee",False,2026-05-09-OAK-SEA,8,9,2,7,352.0,1,11,True,True,238,away,169,1778366716.0,18,False,"jbrown,rmcleod,isweeney,mobrien2,ksmart,gharris,alantz",170,328,6f86c430453b684ae51a847db7a8ca51c8cd3403ba70bea1a76d5bcc0c073f07,1778366716.0,False,238,284.142857142857,13.6337999105165,-12.07,-6.34,117.711565627528,94044a2e6e50bf9bde35f75fc40d39a7eb0e59f595498a183b8e5e92182961eb,0.972459430604612,0.0275405693953877,0.685729169395638,0.881116723175209,0.85633689972984,0.700293034208939,1724.14285714286,-1.0,0.28,-0.0247798234453693,-0.078848626828383,328.0,3672c9a3d86b31b75e9331b15045d84adde1481f,2026-08-18 08:07:04,2026-06-06 14:01:41,2026-05-09-OAK-SEA,cascades,spiders,16,26,2026-05-09 15:00:00
wfrankenb,-2.87,79.22,lgordon,-9.08,81.75,0,0,0,"mawais,wfrankenb,dritthale,dwhited,cboydflie,lgordon,jvallee",False,2026-05-09-OAK-SEA,8,9,2,7,352.0,1,12,True,True,239,away,170,1778366718.0,18,False,"jbrown,rmcleod,isweeney,mobrien2,ksmart,gharris,alantz",171,329,819efec9949834cb50a3b88a86570e54cb7eaba492454fa4603e5e58867176c5,1778366718.0,False,239,277.357142857143,6.7055946790721,-6.21,2.53,67.8336541779175,4414c2e7f234f2e8b9a90320db176dd7665e5dadace7a184ed3f0e2076728d56,0.982916278580648,0.0170837214193515,0.685729169395638,0.856256440037609,0.865866461905767,0.689826123936036,1717.35714285714,-1.0,0.278,0.00961002186815763,0.0305787904326881,329.0,be28df6fc442d2882276203af92d75510a7a0d64,2026-08-18 08:07:04,2026-06-06 14:01:41,2026-05-09-OAK-SEA,cascades,spiders,16,26,2026-05-09 15:00:00
lgordon,-9.08,81.75,wfrankenb,-7.3,88.56,0,0,0,"mawais,wfrankenb,dritthale,dwhited,cboydflie,lgordon,jvallee",False,2026-05-09-OAK-SEA,8,9,2,7,352.0,1,13,True,True,240,away,171,1778366721.0,18,False,"jbrown,rmcleod,isweeney,mobrien2,ksmart,gharris,alantz",172,330,fafaf1bf71568d72b26c20971c5b80c1f970d9450fc7aa3e955ecffa633f1c4e,1778366721.0,False,240,270.571428571429,7.03878540658827,1.78,6.81,-14.6482702112826,61792055ee0edc9cb75b330910fabefcf9d2ba9f7dbf7df1dae1cd60a1fd401d,0.978932303172169,0.0210676968278312,0.685729169395638,0.865774014496866,0.893013616598417,0.669015825859104,1710.57142857143,-1.0,0.271,0.0272396021015511,0.0866755659415404,330.0,129f2e0792392070e334d4473fa17fac32abd067,2026-08-18 08:07:04,2026-06-06 14:01:41,2026-05-09-OAK-SEA,cascades,spiders,16,26,2026-05-09 15:00:00
wfrankenb,-7.3,88.56,dwhited,6.06,106.97,0,0,0,"mawais,wfrankenb,dritthale,dwhited,cboydflie,lgordon,jvallee",False,2026-05-09-OAK-SEA,8,10,2,7,352.0,1,14,True,True,241,away,172,1778366736.0,19,False,"jbrown,rmcleod,isweeney,mobrien2,ksmart,gharris,alantz",173,332,1ae7b595a015d351a6b083ada3b03da8891f83d393790cbe88d990ce20e6f28d,1778366736.0,False,241,263.785714285714,22.7468173597978,13.36,18.41,-35.9681127661234,784baa4783144b6aae2e617c47b63b3fe435e9ca276a978897083a417eaa46ea,0.909920895225166,0.0900791047748338,0.685729169395638,0.892921861761451,1.0,0.637988571586388,1703.78571428571,-1.0,0.256,0.107078138238549,0.340719302623889,332.0,eedb1d52106d59cea00de9408bd60de6094e9184,2026-08-18 08:07:04,2026-06-06 14:01:41,2026-05-09-OAK-SEA,cascades,spiders,16,26,2026-05-09 15:00:00
mmunoz,16.97,8.15,dmourad,1.67,21.84,0,0,0,"gleahy,zraunig,tli,mmunoz,nstoppel,dmourad,cbelfield",True,2026-05-09-OAK-SEA,8,10,2,8,257.0,1,1,True,True,242,home,160,1778366793.0,18,False,"rvickersb,jwhealan,clankford,emagsig,klew,lgrench,ichang",161,334,ead9cef235c28c31369a0f41aa106fa5b233dc650cc922e097a93dd3bc8f15fe,1778366793.0,False,242,257.0,20.5306137268227,-15.3,13.69,48.1787354982433,36e217012a78af97c3b9f8e41125ea462ce52b237e9ac8e78dcd125bed45b5b1,0.967048605587286,0.0329513944127137,0.594000181494676,0.594000181494676,0.643023274214063,0.926402996365701,1697.0,-2.0,0.261,0.0490230927193872,0.120746587769089,334.0,bb20124bfc0381754fc373ac95fcc0ecec6f407a,2026-08-18 08:07:04,2026-06-06 14:01:41,2026-05-09-OAK-SEA,cascades,spiders,16,26,2026-05-09 15:00:00
dmourad,1.67,21.84,tli,-10.86,23.66,0,0,0,"gleahy,zraunig,tli,mmunoz,nstoppel,dmourad,cbelfield",True,2026-05-09-OAK-SEA,8,10,2,8,257.0,1,2,True,True,243,home,161,1778366799.0,18,False,"rvickersb,jwhealan,clankford,emagsig,klew,lgrench,ichang",162,335,66f24ee2dbc2689ab44ad2d9952467210589b662876d36d42293a35b33668fa9,1778366799.0,False,243,253.863636363636,12.6614888540013,-12.53,1.82,81.7355059153414,b590841a87953becacbc1f14d1492d5ee58ae88585f0ff067c086d9d778828ef,0.986907921231798,0.013092078768202,0.594000181494676,0.642885708553544,0.644531252643359,0.919418133422818,1693.86363636364,-2.0,0.261,0.0016455440898151,0.0040530660724754,335.0,89940f8a404f4ff9090ed0dcc62e3e473c9ad625,2026-08-18 08:07:04,2026-06-06 14:01:41,2026-05-09-OAK-SEA,cascades,spiders,16,26,2026-05-09 15:00:00
tli,-10.86,23.66,cbelfield,1.74,23.22,0,0,0,"gleahy,zraunig,tli,mmunoz,nstoppel,dmourad,cbelfield",True,2026-05-09-OAK-SEA,8,10,2,8,257.0,1,3,True,True,244,home,162,1778366804.0,18,False,"rvickersb,jwhealan,clankford,emagsig,klew,lgrench,ichang",163,338,a1c0d84050c8947f36d5f0bc4cd1c7304ab57bbe468317d682870348c9a4c2ab,1778366804.0,False,244,250.727272727273,12.6076801989898,12.6,-0.440000000000001,-91.9999922990342,c64a41fb50d185b74deb0d9aa8d6c4bc418b9709c94e2dd2bd32a457f6f273e8,0.987075861740617,0.0129241382593828,0.594000181494676,0.644383209553543,0.646297070889179,0.921934000427082,1690.72727272727,-2.0,0.261,0.00191386133563598,0.00471394628372447,338.0,8059a9ff2a5f0c76f00ef07bed461d8a36943013,2026-08-18 08:07:04,2026-06-06 14:01:41,2026-05-09-OAK-SEA,cascades,spiders,16,26,2026-05-09 15:00:00
cbelfield,1.74,23.22,dmourad,-5.4,23.81,0,0,0,"gleahy,zraunig,tli,mmunoz,nstoppel,dmourad,cbelfield",True,2026-05-09-OAK-SEA,8,10,2,8,257.0,1,4,True,True,245,home,163,1778366808.0,18,False,"rvickersb,jwhealan,clankford,emagsig,klew,lgrench,ichang",164,339,24b1e6b5fd424c8200bc3d71d78c0024e2a12f6f9703d56b4dd3abb340fec6d7,1778366808.0,False,245,247.590909090909,7.16433527970321,-7.14,0.59,85.2762069961464,cd5ed1164e5042ff37a5e1f7a82a7fee0a3bdeb40ae0c9ef874106922383479c,0.992117432669741,0.00788256733025905,0.594000181494676,0.646138141212556,0.647160890311397,0.919812457662771,1687.59090909091,-2.0,0.261,0.00102274909884104,0.00251908757645818,339.0,db3ac08a2cbf31b9f78812ffa5ea65b2718b1f04,2026-08-18 08:07:04,2026-06-06 14:01:41,2026-05-09-OAK-SEA,cascades,spiders,16,26,2026-05-09 15:00:00
dmourad,-5.4,23.81,tli,0.0,60.0,0,0,0,"gleahy,zraunig,tli,mmunoz,nstoppel,dmourad,cbelfield",True,2026-05-09-OAK-SEA,8,10,2,8,257.0,1,5,True,True,246,home,164,1778366811.0,18,False,"rvickersb,jwhealan,clankford,emagsig,klew,lgrench,ichang",165,340,6bf79b5397fd8811691addecc87a20e3a40cefae874a297d06d46c486e61dafe,1778366811.0,False,246,244.454545454545,36.5906559110383,5.4,36.19,-8.48663238310557,e5490c6871395bd3b7dbd599c80b5f3eec4111ba33de1a558623f283cc9bf927,0.836470895888744,0.163529104111256,0.594000181494676,0.646990426364337,0.773383387275473,0.773383387275473,1684.45454545455,-2.0,0.281,0.126392960911136,0.311312850770348,340.0,90644a7df9dca6e2d0b7de0c6896bc55d759d886,2026-08-18 08:07:04,2026-06-06 14:01:41,2026-05-09-OAK-SEA,cascades,spiders,16,26,2026-05-09 15:00:00
tli,0.0,60.0,dmourad,-15.67,21.77,0,0,0,"gleahy,zraunig,tli,mmunoz,nstoppel,dmourad,cbelfield",True,2026-05-09-OAK-SEA,8,10,2,8,257.0,1,6,True,True,247,home,165,1778366813.0,18,False,"rvickersb,jwhealan,clankford,emagsig,klew,lgrench,ichang",166,341,2204c3c0f5ed51aa7760816dfe3dc6807e6a54052e2bf425d786394f3f5f1cf5,1778366813.0,False,247,241.318181818182,41.3168464430673,-15.67,-38.23,157.711888106151,f73c14bbec6b265a576a5384f2c7cc81cf7fd8b389560f32aa7859ae207751d2,0.969946249783622,0.0300537502163778,0.594000181494676,0.773243160801579,0.631049238482734,0.922501185809417,1681.31818181818,-2.0,0.259,-0.142193922318845,-0.350231492325114,341.0,99ae413493759152031bfbe022682baec60fd24f,2026-08-18 08:07:04,2026-06-06 14:01:41,2026-05-09-OAK-SEA,cascades,spiders,16,26,2026-05-09 15:00:00
dmourad,-15.67,21.77,tli,-12.1,25.48,0,0,0,"gleahy,zraunig,tli,mmunoz,nstoppel,dmourad,cbelfield",True,2026-05-09-OAK-SEA,8,10,2,8,257.0,1,7,True,True,248,home,166,1778366817.0,18,False,"rvickersb,jwhealan,clankford,emagsig,klew,lgrench,ichang",167,342,69828979c20d1fc1255439df4fbba0f64ca2d69b47f54d11636c21ef51a5212c,1778366817.0,False,248,238.181818181818,5.14868915356132,3.57,3.71,-43.8982938847936,cd2f0fef8ff07e8ce17f2f05389d0ef1ec85896d8d8023f54990b19c43b41112,0.991116596735904,0.00888340326409609,0.594000181494676,0.630850006895842,0.6472331484291,0.912444912146085,1678.18181818182,-2.0,0.261,0.016383141533258,0.040352583391717,342.0,693accd0a08b630ebc523b2e5de0917fd4ccacc6,2026-08-18 08:07:04,2026-06-06 14:01:41,2026-05-09-OAK-SEA,cascades,spiders,16,26,2026-05-09 15:00:00
tli,-12.1,25.48,dmourad,-8.97,23.81,0,0,0,"gleahy,zraunig,tli,mmunoz,nstoppel,dmourad,cbelfield",True,2026-05-09-OAK-SEA,8,10,2,8,257.0,1,8,True,True,249,home,167,1778366818.0,18,False,"rvickersb,jwhealan,clankford,emagsig,klew,lgrench,ichang",168,343,091da37fc76f9d202b3d79a8c3a167fd2788c9cf8c667bce4abf77b7ce0db621,1778366818.0,False,249,235.045454545455,3.54764710759117,3.13,-1.67,-118.081987147922,332d82b06b283c2334cd2d1730d2f3fad60aec4747247e5c6e9044237ed775bc,0.993555152796075,0.00644484720392502,0.594000181494676,0.647024544911946,0.645224913713277,0.919108592805701,1675.04545454545,-2.0,0.261,-0.00179963119866933,-0.00443259114079069,343.0,0b37aa3083a31f6caa2568ea9c7920cfa5c10b70,2026-08-18 08:07:04,2026-06-06 14:01:41,2026-05-09-OAK-SEA,cascades,spiders,16,26,2026-05-09 15:00:00
dmourad,-8.97,23.81,cbelfield,-4.01,21.55,0,0,0,"gleahy,zraunig,tli,mmunoz,nstoppel,dmourad,cbelfield",True,2026-05-09-OAK-SEA,8,10,2,8,257.0,1,9,True,True,250,home,168,1778366820.0,18,False,"rvickersb,jwhealan,clankford,emagsig,klew,lgrench,ichang",169,344,c3b1582c0d67937d47844f8b84cd22f0a338182b58ec844d69ce646e9b2b27ea,1778366820.0,False,250,231.909090909091,5.45061464423967,4.96,-2.26,-114.496152560856,18fca941dab70d6767b04fe4212c7e98a3394d5e2766f33fbe22af29d9e77519,0.993373371757838,0.00662662824216176,0.594000181494676,0.64500201100035,0.64055927158566,0.92681865036135,1671.90909090909,-2.0,0.26,-0.00444273941468964,-0.0109427128096891,344.0,aeae773206606ad803d151a51c923bb548dfbf07,2026-08-18 08:07:04,2026-06-06 14:01:41,2026-05-09-OAK-SEA,cascades,spiders,16,26,2026-05-09 15:00:00
cbelfield,-4.01,21.55,dmourad,-7.58,27.08,0,0,0,"gleahy,zraunig,tli,mmunoz,nstoppel,dmourad,cbelfield",True,2026-05-09-OAK-SEA,8,10,2,8,257.0,1,10,True,True,251,home,169,1778366822.0,18,False,"rvickersb,jwhealan,clankford,emagsig,klew,lgrench,ichang",170,345,231a7aecef409b7e5fb157d206e3c6660c18c76b66161bb3d072d5e745a3f8b8,1778366822.0,False,251,228.772727272727,6.58223366343067,-3.57,5.53,32.8450583027778,dd9bf6aab7a947c4943eaa72cbebfb0398e81bdd7acb016c2dacbf661bf2f207,0.990997827593243,0.00900217240675716,0.594000181494676,0.640320719600201,0.654275356432924,0.908030710485766,1668.77272727273,-2.0,0.262,0.0139546368327231,0.034371042046513,345.0,4da81096124dc6cdc76e363533cf8efcf4c86ff3,2026-08-18 08:07:04,2026-06-06 14:01:41,2026-05-09-OAK-SEA,cascades,spiders,16,26,2026-05-09 15:00:00
dmourad,-7.58,27.08,tli,-16.33,27.37,0,0,0,"gleahy,zraunig,tli,mmunoz,nstoppel,dmourad,cbelfield",True,2026-05-09-OAK-SEA,8,10,2,8,257.0,1,11,True,True,252,home,170,1778366823.0,18,False,"rvickersb,jwhealan,clankford,emagsig,klew,lgrench,ichang",171,346,de18e43cf01319fc48da76e52a9a9f9eab40dd981fa6b1266bd78779bb9f7411,1778366823.0,False,252,225.636363636364,8.75480439530204,-8.75,0.290000000000003,88.1017490051903,d26a250dc8cadc0a18b088e0c2ecb306440401cd2fd581bd95c81049e368a520,0.991342498764752,0.00865750123524844,0.594000181494676,0.654026390786483,0.643394846346129,0.901782976560903,1665.63636363636,-2.0,0.26,-0.0106315444403543,-0.0261860817561299,346.0,48f0f6879e4e2fed77619bd844577a84b5773d8e,2026-08-18 08:07:04,2026-06-06 14:01:41,2026-05-09-OAK-SEA,cascades,spiders,16,26,2026-05-09 15:00:00
tli,-16.33,27.37,mmunoz,-5.11,25.99,0,0,0,"gleahy,zraunig,tli,mmunoz,nstoppel,dmourad,cbelfield",True,2026-05-09-OAK-SEA,8,10,2,8,257.0,1,12,True,True,253,home,171,1778366827.0,18,False,"rvickersb,jwhealan,clankford,emagsig,klew,lgrench,ichang",172,347,eafa13a9c5dcd8b66552ea57887924c31d28e7324f349759e79a2cf47f509291,1778366827.0,False,253,222.5,11.3045477574293,11.22,-1.38,-97.0118582744751,5aa76df8160208567be3086e841bab1790ce596b004ae378a0e22c059364115c,0.986633514825639,0.0133664851743612,0.594000181494676,0.643127002815644,0.651355616005245,0.911912381810246,1662.5,-2.0,0.261,0.00822861318960133,0.0202675292316502,347.0,9e8af090e78af743c8f9a86729c524acbc969e1b,2026-08-18 08:07:04,2026-06-06 14:01:41,2026-05-09-OAK-SEA,cascades,spiders,16,26,2026-05-09 15:00:00
mmunoz,-5.11,25.99,dmourad,3.78,23.3,0,0,0,"gleahy,zraunig,tli,mmunoz,nstoppel,dmourad,cbelfield",True,2026-05-09-OAK-SEA,8,10,2,8,257.0,1,13,True,True,254,home,172,1778366832.0,18,False,"rvickersb,jwhealan,clankford,emagsig,klew,lgrench,ichang",173,348,2985a9453d078f965cf315d78fbac48320d3350ec57ed6b09484d884e4578f83,1778366832.0,False,254,219.363636363636,9.28806761387965,8.89,-2.69,-106.835141981503,0c3b3b44e8d86967268730e4afab55f7a6a7429296942a7031a242949cb530a4,0.991138586864806,0.00886141313519351,0.594000181494676,0.651074847419163,0.644116064075807,0.920914314654577,1659.36363636364,-2.0,0.26,-0.00695878334335653,-0.0171398681136733,348.0,c68caf49bf5315b27e28c6a6fe6693bb7b7c7e12,2026-08-18 08:07:04,2026-06-06 14:01:41,2026-05-09-OAK-SEA,cascades,spiders,16,26,2026-05-09 15:00:00
dmourad,3.78,23.3,mmunoz,3.78,28.68,0,0,0,"gleahy,zraunig,tli,mmunoz,nstoppel,dmourad,cbelfield",True,2026-05-09-OAK-SEA,8,10,2,8,257.0,1,14,True,True,255,home,173,1778366834.0,18,False,"rvickersb,jwhealan,clankford,emagsig,klew,lgrench,ichang",174,349,a3e0a7215d47de751bee1a354075c2d648db3454ab465201e1db1866dd7ea5f5,1778366834.0,False,255,216.227272727273,5.38,0.0,5.38,0.0,10dc39fcb25431a64cd7dd1ca5e941e64e26d0d36a9237e7a5bb24490e8ff55b,0.992078777590899,0.00792122240910131,0.594000181494676,0.643816337503396,0.658592193827761,0.902232901785591,1656.22727272727,-2.0,0.262,0.0147758563243653,0.0363937510582201,349.0,3aca9e90ddd72956a7ce77b8d31831379b4b16c4,2026-08-18 08:07:04,2026-06-06 14:01:41,2026-05-09-OAK-SEA,cascades,spiders,16,26,2026-05-09 15:00:00
mmunoz,3.78,28.68,tli,-3.87,26.86,0,0,0,"gleahy,zraunig,tli,mmunoz,nstoppel,dmourad,cbelfield",True,2026-05-09-OAK-SEA,8,10,2,8,257.0,1,15,True,True,256,home,174,1778366836.0,18,False,"rvickersb,jwhealan,clankford,emagsig,klew,lgrench,ichang",175,350,683ae40fc1bfa35ef4878e5f272708bb015d6bc533c026e11202180ff5707efb,1778366836.0,False,256,213.090909090909,7.86351702484327,-7.65,-1.82,103.382371842897,14ec88044411aa7bc3e8ef2f02d58328455fde4d33cc1edece1391b91ebace98,0.991733770056074,0.00826622994392567,0.594000181494676,0.658281689665536,0.653076155833457,0.908638380906422,1653.09090909091,-2.0,0.261,-0.00520553383207978,-0.012821517633293,350.0,5a592313b76540e8e0e32ba70c1d30ffd8079258,2026-08-18 08:07:04,2026-06-06 14:01:41,2026-05-09-OAK-SEA,cascades,spiders,16,26,2026-05-09 15:00:00
tli,-3.87,26.86,mmunoz,-11.3,31.09,0,0,0,"gleahy,zraunig,tli,mmunoz,nstoppel,dmourad,cbelfield",True,2026-05-09-OAK-SEA,8,10,2,8,257.0,1,16,True,True,257,home,175,1778366838.0,18,False,"rvickersb,jwhealan,clankford,emagsig,klew,lgrench,ichang",176,351,a210604a3d76157d2acd849bf62d1148032c6a88ab72d1858964aa60bad2b78f,1778366838.0,False,257,209.954545454545,8.54972514178088,-7.43,4.23,60.3465524822009,6c793040bbecb21532d7002fbd72b51d24cf5b4f668e7404b86877c0009fa6db,0.989004366727651,0.0109956332723492,0.594000181494676,0.652746151359786,0.661811644911728,0.891416001496811,1649.95454545455,-2.0,0.262,0.00906549355194131,0.0223288118337482,351.0,3caf67bd2e575cb5a0fbd2f0a6d1923940307663,2026-08-18 08:07:04,2026-06-06 14:01:41,2026-05-09-OAK-SEA,cascades,spiders,16,26,2026-05-09 15:00:00
mmunoz,-11.3,31.09,dmourad,-6.13,36.77,0,0,0,"gleahy,zraunig,tli,mmunoz,nstoppel,dmourad,cbelfield",True,2026-05-09-OAK-SEA,8,10,2,8,257.0,1,17,True,True,258,home,176,1778366841.0,18,False,"rvickersb,jwhealan,clankford,emagsig,klew,lgrench,ichang",177,352,3d1d8aaf01b7398d87481423ccebf177420c99ec003f624f7b1c6eae89763bcc,1778366841.0,False,258,206.818181818182,7.68057940522719,5.17,5.68,-42.3088151583396,886a55f9ebd0fe1e0fcce5cb2d26006dd3476a203ed5c9c0f5fa071a5b1bdfc0,0.987935116429772,0.0120648835702282,0.594000181494676,0.661468226744516,0.682011663223267,0.870251641602653,1646.81818181818,-2.0,0.265,0.0205434364787505,0.0505996198579115,352.0,dc492fcb7a24e93301f4fe39819d10d7a643473c,2026-08-18 08:07:04,2026-06-06 14:01:41,2026-05-09-OAK-SEA,cascades,spiders,16,26,2026-05-09 15:00:00
dmourad,-6.13,36.77,tli,-13.7,44.05,0,0,0,"gleahy,zraunig,tli,mmunoz,nstoppel,dmourad,cbelfield",True,2026-05-09-OAK-SEA,8,10,2,8,257.0,1,18,True,True,259,home,177,1778366844.0,18,False,"rvickersb,jwhealan,clankford,emagsig,klew,lgrench,ichang",178,353,01e3409d45bb0db16305df1d0ad42c6c5d96bc77c8df3e76afb6bfe62a7b8ea5,1778366844.0,False,259,203.681818181818,10.5025377885538,-7.57,7.27999999999999,46.1187652731225,0724aa60f991e4a3e065db8ed7c0709d87590d3877cb22f0c97f251c5eff075f,0.984324743427752,0.0156752565722476,0.594000181494676,0.681661534945254,0.70127610882891,0.83504676856097,1643.68181818182,-2.0,0.268,0.0196145738836554,0.0483117799310006,353.0,7e1a9115f5878511ba2c970b4096689604a2fa2c,2026-08-18 08:07:04,2026-06-06 14:01:41,2026-05-09-OAK-SEA,cascades,spiders,16,26,2026-05-09 15:00:00
tli,-13.7,44.05,dmourad,-7.51,49.36,0,0,0,"gleahy,zraunig,tli,mmunoz,nstoppel,dmourad,cbelfield",True,2026-05-09-OAK-SEA,8,10,2,8,257.0,1,19,True,True,260,home,178,1778366847.0,18,False,"rvickersb,jwhealan,clankford,emagsig,klew,lgrench,ichang",179,354,ebf6c0f4812c3d8eb9a091827ab35f4f3345060c2a93a054d1913417d6b6b90a,1778366847.0,False,260,200.545454545455,8.15550121083922,6.19,5.31,-49.3758449574136,d12b947b089caad1b22e02f60e4a458ded9f0f1003c5ee2e9f67fb803d55a487,0.984824563208201,0.0151754367917988,0.594000181494676,0.700920660867001,0.726076723362662,0.815691296824446,1640.54545454545,-2.0,0.272,0.0251560624956613,0.061960772761605,354.0,fc1b562d77565cad2a15c2b27f552000b0fe54b7,2026-08-18 08:07:04,2026-06-06 14:01:41,2026-05-09-OAK-SEA,cascades,spiders,16,26,2026-05-09 15:00:00
dmourad,-7.51,49.36,cbelfield,-0.3,36.4,0,0,0,"gleahy,zraunig,tli,mmunoz,nstoppel,dmourad,cbelfield",True,2026-05-09-OAK-SEA,8,10,2,8,257.0,1,20,True,True,261,home,179,1778366849.0,18,False,"rvickersb,jwhealan,clankford,emagsig,klew,lgrench,ichang",180,355,f897fa78ab643e4633b83261e034a325cc18e32fa536c702e835d418ae9bc63d,1778366849.0,False,261,197.409090909091,14.8305664086036,7.21,-12.96,-150.911624078544,1761ee07cca586aa32a78fb4b903d0ab71891f9347ec45825a9c94740cfef5b5,0.98633480343412,0.0136651965658795,0.594000181494676,0.725722444538992,0.680380613634888,0.871548138774587,1637.40909090909,-2.0,0.265,-0.0453418309041036,-0.111679436387504,355.0,4e99607a4e1166d4ecf1f2a6e1b1ca527ac68443,2026-08-18 08:07:04,2026-06-06 14:01:41,2026-05-09-OAK-SEA,cascades,spiders,16,26,2026-05-09 15:00:00
cbelfield,-0.3,36.4,dmourad,-5.32,39.53,0,0,0,"gleahy,zraunig,tli,mmunoz,nstoppel,dmourad,cbelfield",True,2026-05-09-OAK-SEA,8,10,2,8,257.0,1,21,True,True,262,home,180,1778366852.0,18,False,"rvickersb,jwhealan,clankford,emagsig,klew,lgrench,ichang",181,356,bdecb4bcd22be6874a1fe7017b5ad166a9173b71b4664fc98ea03c9599c1452a,1778366852.0,False,262,194.272727272727,5.91585158704983,-5.02,3.13,58.0562140943058,6754e585f12b62c90dcacaacc1ae09b82a6215b23ac0d8b9533b174b3946e52d,0.990862008107787,0.00913799189221254,0.594000181494676,0.67997443464436,0.689905039357202,0.858081097640435,1634.27272727273,-2.0,0.266,0.00993060471284191,0.0244596284535326,356.0,40c8add0d0ecae1eb3d7cb275c087ef5418ca6e9,2026-08-18 08:07:04,2026-06-06 14:01:41,2026-05-09-OAK-SEA,cascades,spiders,16,26,2026-05-09 15:00:00
dmourad,-5.32,39.53,tli,-13.99,43.76,0,0,0,"gleahy,zraunig,tli,mmunoz,nstoppel,dmourad,cbelfield",True,2026-05-09-OAK-SEA,8,10,2,8,257.0,1,22,True,True,263,home,181,1778366854.0,18,False,"rvickersb,jwhealan,clankford,emagsig,klew,lgrench,ichang",182,357,da1e35a8833854413b9219b5b89f13333406bdb4f67e95ce63867e706527a863,1778366854.0,False,263,191.136363636364,9.64685440959902,-8.67,4.23,63.9927482464679,77753b4bc2481b7fdbae098e28cb021875e01deeec3b6f12f758dd399321021a,0.986530327993323,0.0134696720066774,0.594000181494676,0.689486425187003,0.698203868307855,0.834958053630403,1631.13636363636,-2.0,0.267,0.00871744312085176,0.0214715443788738,357.0,2144a6f3d62f2c7073167f2283b469ded194290d,2026-08-18 08:07:04,2026-06-06 14:01:41,2026-05-09-OAK-SEA,cascades,spiders,16,26,2026-05-09 15:00:00
tli,-13.99,43.76,dmourad,-2.99,46.38,0,0,0,"gleahy,zraunig,tli,mmunoz,nstoppel,dmourad,cbelfield",True,2026-05-09-OAK-SEA,8,10,2,8,257.0,1,23,True,True,264,home,182,1778366858.0,18,False,"rvickersb,jwhealan,clankford,emagsig,klew,lgrench,ichang",183,358,d3f82d4727b208c6291626d2a756622441d83839dfb00613b87ae1fe32f55859,1778366858.0,False,264,188.0,11.3077141810359,11.0,2.62,-76.602807794845,f33203d9f6d75320a6c44c4c904cab186ff47fdc3bea4c4f37ef43cffe151a4a,0.982515999216806,0.0174840007831941,0.594000181494676,0.697772353650185,0.713969188439475,0.828294006710434,1628.0,-2.0,0.27,0.0161968347892898,0.0398936995807485,358.0,813631457a488caf4c92abcccee93e400c8a15f8,2026-08-18 08:07:04,2026-06-06 14:01:41,2026-05-09-OAK-SEA,cascades,spiders,16,26,2026-05-09 15:00:00
dmourad,-2.99,46.38,cbelfield,5.1,48.71,0,0,0,"gleahy,zraunig,tli,mmunoz,nstoppel,dmourad,cbelfield",True,2026-05-09-OAK-SEA,8,10,2,8,257.0,1,24,True,True,265,home,183,1778366861.0,18,False,"rvickersb,jwhealan,clankford,emagsig,klew,lgrench,ichang",184,359,50ffbb8010e1a3049bf29aa6ee667b7fa6c1ef701104c584148ba2ab16debcee,1778366861.0,False,265,184.863636363636,8.41884790217759,8.09,2.33,-73.9330762777889,64a88f0bbcdbf57da22bf74a19856960cd3f8e7256f2294d7a90afb77898fa7e,0.987608246258696,0.0123917537413043,0.594000181494676,0.713531909857454,0.722148722876784,0.817525390172382,1624.86363636364,-2.0,0.271,0.00861681301932982,0.0212236868751625,359.0,1dd9da7edf50a530042670983165aa36ece88595,2026-08-18 08:07:04,2026-06-06 14:01:41,2026-05-09-OAK-SEA,cascades,spiders,16,26,2026-05-09 15:00:00
cbelfield,5.1,48.71,mmunoz,-3.65,48.93,0,0,0,"gleahy,zraunig,tli,mmunoz,nstoppel,dmourad,cbelfield",True,2026-05-09-OAK-SEA,8,10,2,8,257.0,1,25,True,True,266,home,184,1778366864.0,18,False,"rvickersb,jwhealan,clankford,emagsig,klew,lgrench,ichang",185,360,81301ff5e08a5655fd9e2ddbfe717f8659af80864b0980f4d63fea37d0ed6ec0,1778366864.0,False,266,181.727272727273,8.75276527732807,-8.75,0.219999999999999,88.5597238462271,7ed5ab97d67b4162dd2af60ba7c152587d180ac8138cbdc5993b67feba44f224,0.987754977262778,0.0122450227372216,0.594000181494676,0.721699905508804,0.722734717221298,0.816404833898122,1621.72727272727,-2.0,0.271,0.00103481171249342,0.00254879846080486,360.0,995a715183702a0e2495ffa469834e27e3f1f392,2026-08-18 08:07:04,2026-06-06 14:01:41,2026-05-09-OAK-SEA,cascades,spiders,16,26,2026-05-09 15:00:00
mmunoz,-3.65,48.93,dmourad,5.17,53.0,0,0,0,"gleahy,zraunig,tli,mmunoz,nstoppel,dmourad,cbelfield",True,2026-05-09-OAK-SEA,8,10,2,8,257.0,1,26,True,True,267,home,185,1778366867.0,18,False,"rvickersb,jwhealan,clankford,emagsig,klew,lgrench,ichang",186,361,a9089d68d569660f629e7ab8f65fc4df5c6f80e34f9dc8f1979d8463125cbd45,1778366867.0,False,267,178.590909090909,9.71376857867224,8.82,4.07,-65.2289790586785,59bb7327b3bb5544bb4c7e169c10562481bd708fb75b678852047244a07e738e,0.984969866048888,0.015030133951112,0.594000181494676,0.722266723330526,0.738219132176253,0.797895119087226,1618.59090909091,-2.0,0.273,0.0159524088457267,0.0392916649678687,361.0,f55d589a59188ef512911d116712a7026456ca83,2026-08-18 08:07:04,2026-06-06 14:01:41,2026-05-09-OAK-SEA,cascades,spiders,16,26,2026-05-09 15:00:00
dmourad,5.17,53.0,nstoppel,23.53,49.29,0,0,0,"gleahy,zraunig,tli,mmunoz,nstoppel,dmourad,cbelfield",True,2026-05-09-OAK-SEA,8,10,2,8,257.0,1,27,True,True,268,home,186,1778366872.0,18,False,"rvickersb,jwhealan,clankford,emagsig,klew,lgrench,ichang",187,362,d60a1c8b0e84f77e4fd9c2a307b96ed58201cdc77c327f83f63dc9efccb13b2f,1778366872.0,False,268,175.454545454545,18.7310891301067,18.36,-3.71,-101.423911991842,31387f8b813777c23d7a5f4956d43cea9ce1e0dd1a6eb84ce1209893794c61cc,0.971074870431588,0.0289251295684121,0.594000181494676,0.737744828911869,0.67661782508731,0.777370605802915,1615.45454545455,-2.0,0.264,-0.0611270038245586,-0.150559190025246,362.0,bfbad0de215ddbf58b254de3b75467eef3c654f0,2026-08-18 08:07:04,2026-06-06 14:01:41,2026-05-09-OAK-SEA,cascades,spiders,16,26,2026-05-09 15:00:00
nstoppel,23.53,49.29,dmourad,5.24,47.03,0,0,0,"gleahy,zraunig,tli,mmunoz,nstoppel,dmourad,cbelfield",True,2026-05-09-OAK-SEA,8,10,2,8,257.0,1,28,True,True,269,home,187,1778366874.0,18,False,"rvickersb,jwhealan,clankford,emagsig,klew,lgrench,ichang",188,363,e20b2b0f6ecd26a24c20574af8e9bfb0eb69a5849779b32b7581f99eca9aef64,1778366874.0,False,269,172.318181818182,18.4290992726177,-18.29,-2.26,97.0440356941313,99da24ab45cbd0978c693bd27a0ca9d0cfe12cf1330be6dd1c9b62a89e483377,0.965672501475568,0.0343274985244324,0.594000181494676,0.676046994421565,0.713731812225129,0.823499879376361,1612.31818181818,-2.0,0.269,0.0376848178035643,0.0928197897779851,363.0,763701a0aff53d1a9747bd0b6f2537eb9867a15f,2026-08-18 08:07:04,2026-06-06 14:01:41,2026-05-09-OAK-SEA,cascades,spiders,16,26,2026-05-09 15:00:00
dmourad,5.24,47.03,tli,-5.47,47.33,0,0,0,"gleahy,zraunig,tli,mmunoz,nstoppel,dmourad,cbelfield",True,2026-05-09-OAK-SEA,8,10,2,8,257.0,1,29,True,True,270,home,188,1778366879.0,18,False,"rvickersb,jwhealan,clankford,emagsig,klew,lgrench,ichang",189,364,473bf32d011a19532e06652a450e57c627d5bae1ad0c3aea7ec2f7963e4ac407,1778366879.0,False,270,169.181818181818,10.7142008568068,-10.71,0.299999999999997,88.3954957624377,e719da5807bf7517de0602e42139b400b5a5a831a9f2a092d8dcd051b2eda219,0.9856361322616,0.0143638677384001,0.594000181494676,0.713159572696397,0.714243393075497,0.821747346146815,1609.18181818182,-2.0,0.269,0.00108382037909993,0.00266950951626034,364.0,160c93f82d5b9727e12eb348fae395fb99f605e1,2026-08-18 08:07:04,2026-06-06 14:01:41,2026-05-09-OAK-SEA,cascades,spiders,16,26,2026-05-09 15:00:00
tli,-5.47,47.33,dmourad,-7.95,50.53,0,0,0,"gleahy,zraunig,tli,mmunoz,nstoppel,dmourad,cbelfield",True,2026-05-09-OAK-SEA,8,10,2,8,257.0,1,30,True,True,271,home,189,1778366882.0,18,False,"rvickersb,jwhealan,clankford,emagsig,klew,lgrench,ichang",190,365,7190c9d08dd740067b88d5ce90ac2e749f1d6057f7c67a55bf90e2af49239a79,1778366882.0,False,271,166.045454545455,4.0485058972416,-2.48,3.2,37.7756843059547,10c0fe36239bbf48df377fdce8efc81f3afd4435d020e857045980d0be8a1ffc,0.990634620185382,0.00936537981461794,0.594000181494676,0.713625160115368,0.725505555999307,0.806517828684716,1606.04545454545,-2.0,0.271,0.0118803958839393,0.0292620719084965,365.0,19438806e60f00d87d61e86d73766cfec4fa1ce3,2026-08-18 08:07:04,2026-06-06 14:01:41,2026-05-09-OAK-SEA,cascades,spiders,16,26,2026-05-09 15:00:00
dmourad,-7.95,50.53,mmunoz,5.17,45.8,0,0,0,"gleahy,zraunig,tli,mmunoz,nstoppel,dmourad,cbelfield",True,2026-05-09-OAK-SEA,8,10,2,8,257.0,1,31,True,True,272,home,190,1778366885.0,18,False,"rvickersb,jwhealan,clankford,emagsig,klew,lgrench,ichang",191,366,00b2c2862754130fc1bd39e137cc137bb6b523d0cbec9a842b9f08046ce0cc52,1778366885.0,False,272,162.909090909091,13.9465873962056,13.12,-4.73,-109.825160948081,5c98fc545902d474b7395ed4db1a554778a4e3b650e6f7e2b773fc6e06606f90,0.982787316253583,0.0172126837464168,0.594000181494676,0.724849510079926,0.707217800774405,0.827637170859846,1602.90909090909,-2.0,0.268,-0.0176317093055212,-0.0434278748459341,366.0,6bb90f308c4e882666063ebf46189d1f96da8b1f,2026-08-18 08:07:04,2026-06-06 14:01:41,2026-05-09-OAK-SEA,cascades,spiders,16,26,2026-05-09 15:00:00
mmunoz,5.17,45.8,dmourad,2.62,48.78,0,0,0,"gleahy,zraunig,tli,mmunoz,nstoppel,dmourad,cbelfield",True,2026-05-09-OAK-SEA,8,10,2,8,257.0,1,32,True,True,273,home,191,1778366887.0,18,False,"rvickersb,jwhealan,clankford,emagsig,klew,lgrench,ichang",192,367,8bb6aeaa05a1516e593ff9b66df4db280daf5b53053038c213aca74814eb078e,1778366887.0,False,273,159.772727272727,3.92210402717725,-2.55,2.98,40.5537594406068,5f5d61fd53be70660d1f5b09914ce4e92b7b6bb02e504336351722d234d52e53,0.991456073780945,0.00854392621905475,0.594000181494676,0.706473233161856,0.718248741122871,0.814095717720011,1599.77272727273,-2.0,0.27,0.0117755079610152,0.0290037271552643,367.0,0de3daf594110b3d5d7c4433f77d7ddc5cbea42c,2026-08-18 08:07:04,2026-06-06 14:01:41,2026-05-09-OAK-SEA,cascades,spiders,16,26,2026-05-09 15:00:00
dmourad,2.62,48.78,tli,-11.44,48.05,0,0,0,"gleahy,zraunig,tli,mmunoz,nstoppel,dmourad,cbelfield",True,2026-05-09-OAK-SEA,8,10,2,8,257.0,1,33,True,True,274,home,192,1778366891.0,18,False,"rvickersb,jwhealan,clankford,emagsig,klew,lgrench,ichang",193,368,c52631ce25883a937a8bdeb3f42c25b10df3193b6fb062bcd6ab7e915d0ea007,1778366891.0,False,274,156.636363636364,14.0789381701888,-14.06,-0.730000000000004,92.9721476554438,c625f3aa04819f386663d6b3bb239efa325bc748078a31299af74950442607a7,0.981147643519835,0.0188523564801648,0.594000181494676,0.717452500341862,0.711415590749213,0.814040897257026,1596.63636363636,-2.0,0.269,-0.00603690959264869,-0.0148692420968891,368.0,4248af44bc0e107e5211aead6b317a25f61f97f9,2026-08-18 08:07:04,2026-06-06 14:01:41,2026-05-09-OAK-SEA,cascades,spiders,16,26,2026-05-09 15:00:00
tli,-11.44,48.05,cbelfield,6.26,44.7,0,0,0,"gleahy,zraunig,tli,mmunoz,nstoppel,dmourad,cbelfield",True,2026-05-09-OAK-SEA,8,10,2,8,257.0,1,34,True,True,275,home,193,1778366896.0,18,False,"rvickersb,jwhealan,clankford,emagsig,klew,lgrench,ichang",194,369,17fb392390b74597f61e66ec7cdbb33508b2e25df90eb74591be3f4a11e36e68,1778366896.0,False,275,153.5,18.0142304859242,17.7,-3.34999999999999,-100.717346195151,9b480c1a164154160125a59a1324c028da6d07463717587b29adbd742347460f,0.974692909031699,0.0253070909683009,0.594000181494676,0.710530758560244,0.700394313603216,0.830706327227188,1593.5,-2.0,0.267,-0.0101364449570275,-0.0249666243555096,369.0,fe0347d496fa9d2f7f3949a30590519acf1b46ed,2026-08-18 08:07:04,2026-06-06 14:01:41,2026-05-09-OAK-SEA,cascades,spiders,16,26,2026-05-09 15:00:00
cbelfield,6.26,44.7,mmunoz,10.56,53.3,0,0,0,"gleahy,zraunig,tli,mmunoz,nstoppel,dmourad,cbelfield",True,2026-05-09-OAK-SEA,8,10,2,8,257.0,1,35,True,True,276,home,194,1778366898.0,18,False,"rvickersb,jwhealan,clankford,emagsig,klew,lgrench,ichang",195,370,823ec39ac1f2ad5684da6afe7efde89443919c7679faa2372522ed4887614815,1778366898.0,False,276,150.363636363636,9.61509230324909,4.3,8.59999999999999,-26.565051177078,64a97286e5e3eb8ff9e213dfc2e8d22efbec009578efae81e6e741123f4cde31,0.982958326704548,0.0170416732954521,0.594000181494676,0.699403486702633,0.731085537301767,0.78987179813457,1590.36363636364,-2.0,0.272,0.0316820505991334,0.0780346422709496,370.0,4b74ef3d3f8d3784751dd8c8f8af2737a50f0b0d,2026-08-18 08:07:04,2026-06-06 14:01:41,2026-05-09-OAK-SEA,cascades,spiders,16,26,2026-05-09 15:00:00
mmunoz,10.56,53.3,tli,-4.67,48.05,0,0,0,"gleahy,zraunig,tli,mmunoz,nstoppel,dmourad,cbelfield",True,2026-05-09-OAK-SEA,8,10,2,8,257.0,1,36,True,True,277,home,195,1778366902.0,18,False,"rvickersb,jwhealan,clankford,emagsig,klew,lgrench,ichang",196,371,0706c4ca04b49fb9cf1541387e84779f9bb4e18fcbfa2eef66aae2d988825329,1778366902.0,False,277,147.227272727273,16.1094816800541,-15.23,-5.25,109.0198088646,8cd51e1a8e0b1add51999a5e96015e3d121afe7e2e1ce33f671d5b1656dd9428,0.978579274292898,0.0214207257071024,0.594000181494676,0.730068823254168,0.71141739295673,0.814464873792482,1587.22727272727,-2.0,0.269,-0.018651430297438,-0.0459395040276192,371.0,8a535839f18fe4b463a0b7dd78c1e11fb0e959ee,2026-08-18 08:07:04,2026-06-06 14:01:41,2026-05-09-OAK-SEA,cascades,spiders,16,26,2026-05-09 15:00:00
tli,-4.67,48.05,gleahy,17.41,84.9,0,0,0,"gleahy,zraunig,tli,mmunoz,nstoppel,dmourad,cbelfield",True,2026-05-09-OAK-SEA,8,10,2,8,257.0,1,37,True,True,278,home,196,1778366908.0,18,False,"rvickersb,jwhealan,clankford,emagsig,klew,lgrench,ichang",197,372,7c89f5ae82ae46199b86dfa7e4900cb5e3baa26777839504fbb1f262a242fa67,1778366908.0,False,278,144.090909090909,42.9586882946861,22.08,36.85,-30.9294463164974,edb8cda9ff4c7f469c10176e413f32dbe9ed3e412542dd5fbcefe756bf28ce9d,0.805891899633717,0.194108100366283,0.594000181494676,0.710256045181183,0.861460900180089,0.648562897710516,1584.09090909091,-2.0,0.297,0.151204854998906,0.372425917714846,372.0,ff734d2b5049dac02e8ddebd6b6ea54b515d31cb,2026-08-18 08:07:04,2026-06-06 14:01:41,2026-05-09-OAK-SEA,cascades,spiders,16,26,2026-05-09 15:00:00
gleahy,17.41,84.9,nstoppel,25.42,81.55,0,0,0,"gleahy,zraunig,tli,mmunoz,nstoppel,dmourad,cbelfield",True,2026-05-09-OAK-SEA,8,10,2,8,257.0,1,38,True,True,279,home,197,1778366913.0,18,False,"rvickersb,jwhealan,clankford,emagsig,klew,lgrench,ichang",198,373,5e742ad54791e57161e8c1a5a36b16f57c00b820fa789d95c5d4db6a711d8515,1778366913.0,False,279,140.954545454545,8.68231535939579,8.01,-3.35000000000001,-112.696008846927,72affa3147989377eec61875b44ec121868102692037d603cfbfd444e7a115f2,0.950220803102015,0.0497791968979852,0.594000181494676,0.860722729247212,0.816911565512543,0.601465451657859,1580.95454545455,-2.0,0.287,-0.0438111637346694,-0.107909318521272,373.0,118601e0721ee28c11d5ae595622929831af599d,2026-08-18 08:07:04,2026-06-06 14:01:41,2026-05-09-OAK-SEA,cascades,spiders,16,26,2026-05-09 15:00:00
nstoppel,25.42,81.55,cbelfield,20.69,68.22,0,0,0,"gleahy,zraunig,tli,mmunoz,nstoppel,dmourad,cbelfield",True,2026-05-09-OAK-SEA,8,10,2,8,257.0,1,39,True,True,280,home,198,1778366915.0,18,False,"rvickersb,jwhealan,clankford,emagsig,klew,lgrench,ichang",199,374,967d1884dd53e4de9a1132907a3266baec4349a40d5d43f5f5cce02aeffa98c4,1778366915.0,False,280,137.818181818182,14.1443204149227,-4.73,-13.33,160.463345061872,f0cbf13149b9b47b428e4c40630ed895d28cadc1842c352f24eb8c9f2aa03c3e,0.975292181165908,0.0247078188340922,0.594000181494676,0.81590292883986,0.770023162521372,0.695296167450856,1577.81818181818,-2.0,0.278,-0.0458797663184872,-0.113004401054641,374.0,cf95d11c2a7731fc29606fcc838b959035c480a2,2026-08-18 08:07:04,2026-06-06 14:01:41,2026-05-09-OAK-SEA,cascades,spiders,16,26,2026-05-09 15:00:00
cbelfield,20.69,68.22,nstoppel,9.1,77.4,0,0,0,"gleahy,zraunig,tli,mmunoz,nstoppel,dmourad,cbelfield",True,2026-05-09-OAK-SEA,8,10,2,8,257.0,1,40,True,True,281,home,199,1778366917.0,18,False,"rvickersb,jwhealan,clankford,emagsig,klew,lgrench,ichang",200,375,c75e534e86fb39663acccb1a4f64198b3cae55b5c4383dcc6a7b4ec4bf487783,1778366917.0,False,281,134.681818181818,14.7851445714947,-11.59,9.18000000000001,51.6185888216382,8ae6802cee043e4e8e0e4a13c313e844947593302e2abda7ee7cda6b6fb66434,0.958172740329766,0.0418272596702344,0.594000181494676,0.76872360785378,0.834365919645128,0.684015900690503,1574.68181818182,-2.0,0.291,0.0656423117913475,0.161680643190944,375.0,4f83624cda050ac545b2066de0a547cdebb3552f,2026-08-18 08:07:04,2026-06-06 14:01:41,2026-05-09-OAK-SEA,cascades,spiders,16,26,2026-05-09 15:00:00
nstoppel,9.1,77.4,mmunoz,16.97,82.79,0,0,0,"gleahy,zraunig,tli,mmunoz,nstoppel,dmourad,cbelfield",True,2026-05-09-OAK-SEA,8,10,2,8,257.0,1,41,True,True,282,home,200,1778366920.0,18,False,"rvickersb,jwhealan,clankford,emagsig,klew,lgrench,ichang",201,376,a86107812e408d7a728772b5eb97f562b1d7c31553a7fb6899404dd610610811,1778366920.0,False,282,131.545454545455,9.53881544008479,7.87,5.39,-55.5935643036812,4855afa2a8748b698f7861a84affa99038222d0d5a5dec02ff829064b48b49a9,0.980716656499807,0.0192833435001932,0.594000181494676,0.833263571801281,0.849297640103758,0.650703999014901,1571.54545454545,-2.0,0.294,0.0160340683024762,0.0394927967246517,376.0,87d1468a28b9180b210bb3035b981ad165a2b26f,2026-08-18 08:07:04,2026-06-06 14:01:41,2026-05-09-OAK-SEA,cascades,spiders,16,26,2026-05-09 15:00:00
mmunoz,16.97,82.79,tli,26.08,87.08,0,0,0,"gleahy,zraunig,tli,mmunoz,nstoppel,dmourad,cbelfield",True,2026-05-09-OAK-SEA,8,10,2,8,257.0,1,42,True,True,283,home,201,1778366924.0,18,False,"rvickersb,jwhealan,clankford,emagsig,klew,lgrench,ichang",202,377,9fe0c93437b140d9f462b425b0968f5ef8325b7a422b25d22fc5af61b79f13b6,1778366924.0,False,283,128.409090909091,10.0695680145675,9.11,4.28999999999999,-64.7837339637593,e3c489cd275a342d08f552f7fc2f10f39d7bd2e6689b318a89149c56275b60e7,0.91378289833746,0.0862171016625396,0.594000181494676,0.84819060623731,0.838187692967802,0.565395709565719,1568.40909090909,-2.0,0.292,-0.0100029132695083,-0.0246377284264159,377.0,5c6d38c5718002a2c75b370d2251870d23fc9ed0,2026-08-18 08:07:04,2026-06-06 14:01:41,2026-05-09-OAK-SEA,cascades,spiders,16,26,2026-05-09 15:00:00
tli,26.08,87.08,mmunoz,21.85,91.96,0,0,0,"gleahy,zraunig,tli,mmunoz,nstoppel,dmourad,cbelfield",True,2026-05-09-OAK-SEA,8,10,2,8,257.0,1,43,True,True,284,home,202,1778366926.0,18,False,"rvickersb,jwhealan,clankford,emagsig,klew,lgrench,ichang",203,378,14727d0759382c13daf7db948821d2eaf40b606e084c35fd1a3f80ebc9c97709,1778366926.0,False,284,125.272727272727,6.45811892117201,-4.23,4.88,40.9188528182307,5c04e076c0edcb9491045b19f87981108810b6eefea33886a6c95a9ca5bd43dc,0.974349287203562,0.025650712796438,0.594000181494676,0.83691855925512,0.877073983927447,0.592169620198777,1565.27272727273,-2.0,0.3,0.040155424672327,0.0989050310912896,378.0,f3d20282a0d081bcf2a402be8494c31dc59d35ce,2026-08-18 08:07:04,2026-06-06 14:01:41,2026-05-09-OAK-SEA,cascades,spiders,16,26,2026-05-09 15:00:00
mmunoz,21.85,91.96,tli,24.48,102.37,0,0,0,"gleahy,zraunig,tli,mmunoz,nstoppel,dmourad,cbelfield",True,2026-05-09-OAK-SEA,9,10,2,8,257.0,1,44,True,True,285,home,203,1778366935.0,19,False,"rvickersb,jwhealan,clankford,emagsig,klew,lgrench,ichang",204,380,6751c7e940890e3114f4e0a49025fcc173b35c9155f0f1f499e13344c0a2ad9d,1778366935.0,False,285,122.136363636364,10.7370852655644,2.63,10.41,-14.1786090151566,35374cc3a12778fb90b5100a740df0555f1242b5987c73f62938f9556ef2bd2a,0.934949961759784,0.0650500382402164,0.594000181494676,0.875984239477188,1.0,0.541927270219991,1562.13636363636,-2.0,0.309,0.124015760522812,0.305457674782646,380.0,2ea9a897f5e5c669ab8c835c80233fd62f1b25ed,2026-08-18 08:07:04,2026-06-06 14:01:41,2026-05-09-OAK-SEA,cascades,spiders,16,26,2026-05-09 15:00:00
lgordon,0.0,40.0,dritthale,4.29,34.02,0,0,0,"mawais,wfrankenb,dritthale,cboydflie,arees,lgordon,jvallee",False,2026-05-09-OAK-SEA,9,10,2,9,119.0,1,1,True,True,286,away,177,1778366985.0,18,False,"alantz,nmahan,mobrien2,gharris,bkassmull,isweeney,rmcleod",178,382,3b5a8e1f9008308c805785064e3052ff331c62e805a793dabeaac7b056a322e6,1778366985.0,False,286,119.0,7.35965352445344,4.29,-5.98,-144.3446719021,1b93da8eade6b4bd45d791f1fd61f5f6d2b08f14c8eac2ea0fd5a4b693af10a7,0.992071269308762,0.00792873069123834,0.627847247170498,0.666043872820653,0.645227740535843,0.867642991403991,1559.0,-1.0,0.319,-0.0208161322848103,-0.0559343767486438,382.0,cd32badf8a25a7cdf8d0d6cbf571ca3495cac08e,2026-08-18 08:07:04,2026-06-06 14:01:41,2026-05-09-OAK-SEA,cascades,spiders,16,26,2026-05-09 15:00:00
dritthale,4.29,34.02,lgordon,-4.51,30.95,0,0,0,"mawais,wfrankenb,dritthale,cboydflie,arees,lgordon,jvallee",False,2026-05-09-OAK-SEA,9,10,2,9,119.0,1,2,True,True,287,away,178,1778366988.0,18,False,"alantz,nmahan,mobrien2,gharris,bkassmull,isweeney,rmcleod",179,383,dd099fa1c1cd17eec8930147ca7a3877693e880b01961dc205933325f65aae44,1778366988.0,False,287,116.304347826087,9.32013411920666,-8.8,-3.07,109.232022258557,18c51d4f7fa24cfcde3bc4fdf9f80e1a988f8f07e6affe7f39df76681c0d73c1,0.990330521922436,0.00966947807756369,0.627847247170498,0.642941641939392,0.633070661261255,0.879683972925412,1556.30434782609,-1.0,0.321,-0.00987098067813708,-0.0265240028539017,383.0,e205ecf3d09a81fae3516fda422a4ec0be534d24,2026-08-18 08:07:04,2026-06-06 14:01:41,2026-05-09-OAK-SEA,cascades,spiders,16,26,2026-05-09 15:00:00
lgordon,-4.51,30.95,cboydflie,-16.17,39.2,0,0,0,"mawais,wfrankenb,dritthale,cboydflie,arees,lgordon,jvallee",False,2026-05-09-OAK-SEA,9,10,2,9,119.0,1,3,True,True,288,away,179,1778366992.0,18,False,"alantz,nmahan,mobrien2,gharris,bkassmull,isweeney,rmcleod",180,384,3bdcc17af9081121f2c5ce6f0d9ef536e69b0f1782a14b14be8524bc41335067,1778366992.0,False,288,113.608695652174,14.2834904697696,-11.66,8.25,54.7187922028256,b66b1574c334206ed173fb83706563462f8cb3f04878adabef3d0d3290a77bf9,0.981875640176913,0.0181243598230871,0.627847247170498,0.63060546943886,0.64649380193558,0.833536543715331,1553.60869565217,-1.0,0.319,0.0158883324967198,0.0426930403602279,384.0,ec4c64cc2004e635d3d84c335b5caa405b7ae737,2026-08-18 08:07:04,2026-06-06 14:01:41,2026-05-09-OAK-SEA,cascades,spiders,16,26,2026-05-09 15:00:00
cboydflie,-16.17,39.2,lgordon,-12.08,33.06,0,0,0,"mawais,wfrankenb,dritthale,cboydflie,arees,lgordon,jvallee",False,2026-05-09-OAK-SEA,9,10,2,9,119.0,1,4,True,True,289,away,180,1778366994.0,18,False,"alantz,nmahan,mobrien2,gharris,bkassmull,isweeney,rmcleod",181,385,2712468c69583b301d724c7485fb1cbe9a570d6754607a7ad4c6ed693ca9339c,1778366994.0,False,289,110.913043478261,7.3775131311303,4.09,-6.14,-146.33147223974,f768dfc39fad7a007dfe17546df65902562d4d133e7fb55875d370f4974e8ab5,0.990193997666966,0.00980600233303408,0.627847247170498,0.643919452911463,0.630627562140943,0.865781459860593,1550.91304347826,-1.0,0.321,-0.0132918907705201,-0.0357162231622928,385.0,f5f95732cac3b8019ef0f24cd840456fdba39838,2026-08-18 08:07:04,2026-06-06 14:01:41,2026-05-09-OAK-SEA,cascades,spiders,16,26,2026-05-09 15:00:00
lgordon,-12.08,33.06,dritthale,1.15,33.4,0,0,0,"mawais,wfrankenb,dritthale,cboydflie,arees,lgordon,jvallee",False,2026-05-09-OAK-SEA,9,10,2,9,119.0,1,5,True,True,290,away,181,1778366999.0,18,False,"alantz,nmahan,mobrien2,gharris,bkassmull,isweeney,rmcleod",182,387,863a3f9b35a8a3ff45c012106971c00fbfcf63f826af42d2564d8fdfe4203314,1778366999.0,False,290,108.217391304348,13.2343681375425,13.23,0.339999999999996,-88.5278701357169,f291a065385f4482f68fc728af9af8e3c7758cc69c00c2604bfc0ada3fbcaf47,0.983922739401622,0.016077260598378,0.627847247170498,0.627847247170498,0.633440613595558,0.865484381131061,1548.21739130435,-1.0,0.321,0.00559336642505948,0.0150297596417943,387.0,bdd21d2dcb2afa5511ffb5ebc32a47efcdb3c440,2026-08-18 08:07:04,2026-06-06 14:01:41,2026-05-09-OAK-SEA,cascades,spiders,16,26,2026-05-09 15:00:00
dritthale,1.15,33.4,wfrankenb,-0.62,39.54,0,0,0,"mawais,wfrankenb,dritthale,cboydflie,arees,lgordon,jvallee",False,2026-05-09-OAK-SEA,9,10,2,9,119.0,1,6,True,True,291,away,182,1778367001.0,18,False,"alantz,nmahan,mobrien2,gharris,bkassmull,isweeney,rmcleod",183,388,c1c5f0c6853ba6ca3cac77f19326cf5c2763e7e9b1830c68e5719a29c2b8b1ab,1778367001.0,False,291,105.521739130435,6.39003129882789,-1.77,6.14,16.080875780549,4be59d1ebdad8f408671030c2a4b094f5a96765eeb40cc9609d6451e9c522cab,0.990137648992667,0.00986235100733279,0.627847247170498,0.630507205453406,0.65170823297716,0.835589991060983,1545.52173913043,-1.0,0.318,0.0212010275237536,0.0569686166837699,388.0,188f2beb0276e3c2f4a1604d110aeb2a8bb4f4bb,2026-08-18 08:07:04,2026-06-06 14:01:41,2026-05-09-OAK-SEA,cascades,spiders,16,26,2026-05-09 15:00:00
wfrankenb,-0.62,39.54,lgordon,-0.62,39.54,0,0,0,"mawais,wfrankenb,dritthale,cboydflie,arees,lgordon,jvallee",False,2026-05-09-OAK-SEA,9,10,2,9,119.0,1,7,True,True,292,away,183,1778367003.0,18,False,"alantz,nmahan,mobrien2,gharris,bkassmull,isweeney,rmcleod",184,389,4b12e9dc72d205db3bc2700752fae235a25314869c47fd2af38b12e29aed7ad7,1778367003.0,False,292,102.826086956522,0.0,0.0,0.0,-90.0,7ab96e9ae7b474b830991c8cd546aece043c6f0aeefbc81f361ca6eb80954b12,0.5,0.5,0.627847247170498,0.648676327041624,0.648676327041624,0.833750452900991,1542.82608695652,-1.0,0.318,0.0,0.0,389.0,6fd66ae57ffca4bf2137df3ed4db61a12c24e939,2026-08-18 08:07:04,2026-06-06 14:01:41,2026-05-09-OAK-SEA,cascades,spiders,16,26,2026-05-09 15:00:00
lgordon,-0.62,39.54,cboydflie,-13.71,61.43,0,0,0,"mawais,wfrankenb,dritthale,cboydflie,arees,lgordon,jvallee",False,2026-05-09-OAK-SEA,9,10,2,9,119.0,1,8,True,True,293,away,184,1778367005.0,18,False,"alantz,nmahan,mobrien2,gharris,bkassmull,isweeney,rmcleod",185,390,b4436edf58cd3a9414c66592c641b8006767790abe5570bf7e70d5313a87eaa0,1778367005.0,False,293,100.130434782609,25.5052974889532,-13.09,21.89,30.8789995236124,7ebdede3e0da5be50fca90e61fab716b2fed60bafb75790b90ce88516923d19a,0.928159572411768,0.0718404275882321,0.627847247170498,0.645462731612871,0.732767592405595,0.718077131836494,1540.13043478261,-1.0,0.303,0.0873048607927231,0.23459415556902,390.0,73c9e6bc0f362b23f928de71ac7bbf953ade261f,2026-08-18 08:07:04,2026-06-06 14:01:41,2026-05-09-OAK-SEA,cascades,spiders,16,26,2026-05-09 15:00:00
cboydflie,-13.71,61.43,lgordon,-18.56,63.27,0,0,0,"mawais,wfrankenb,dritthale,cboydflie,arees,lgordon,jvallee",False,2026-05-09-OAK-SEA,9,10,2,9,119.0,1,9,True,True,294,away,185,1778367007.0,18,False,"alantz,nmahan,mobrien2,gharris,bkassmull,isweeney,rmcleod",186,392,cf82d72ce4c66f8e46d922a5b7c8879280894e091171dca1e473c022a38da060,1778367007.0,False,294,97.4347826086957,5.18730180344271,-4.85,1.84,69.2241841407872,298dc4971d9a036b1ead19f0ee3eeabdcff62c8e2ecc98d25c3e9c3cdbd5329a,0.990217525188922,0.00978247481107752,0.627847247170498,0.729852283883239,0.727464976085851,0.692479869011973,1537.4347826087,-1.0,0.304,-0.00238730779738816,-0.00641485997144265,392.0,8bcf1be2046e292d15cf968d1b8ff6e9ae5a1dd4,2026-08-18 08:07:04,2026-06-06 14:01:41,2026-05-09-OAK-SEA,cascades,spiders,16,26,2026-05-09 15:00:00
lgordon,-18.56,63.27,dritthale,-15.21,53.86,0,0,0,"mawais,wfrankenb,dritthale,cboydflie,arees,lgordon,jvallee",False,2026-05-09-OAK-SEA,9,10,2,9,119.0,1,10,True,True,295,away,186,1778367010.0,18,False,"alantz,nmahan,mobrien2,gharris,bkassmull,isweeney,rmcleod",187,393,365c73dec3da3e01fb20cffb9818a534d899465b2c5ab4d084c8c043712160de,1778367010.0,False,295,94.7391304347826,9.98852341439915,3.35,-9.41,-160.404054344557,8cea7075b451addbec919ccb62e19cb9ddc6107d543e03b4c68799bc818d7210,0.985440987798996,0.0145590122010035,0.627847247170498,0.724356266977227,0.688127988200015,0.746315293170257,1534.73913043478,-1.0,0.312,-0.0362282787772126,-0.0973478726188819,393.0,17c411cb8c1d7182e633a78b1bee9cdecad21b7f,2026-08-18 08:07:04,2026-06-06 14:01:41,2026-05-09-OAK-SEA,cascades,spiders,16,26,2026-05-09 15:00:00
dritthale,-15.21,53.86,lgordon,-11.87,60.34,0,0,0,"mawais,wfrankenb,dritthale,cboydflie,arees,lgordon,jvallee",False,2026-05-09-OAK-SEA,9,10,2,9,119.0,1,11,True,True,296,away,187,1778367013.0,18,False,"alantz,nmahan,mobrien2,gharris,bkassmull,isweeney,rmcleod",188,394,e1f6e2bda7e99e21dc6ca10df2214cc59750050cd4675f3c2d9945be511bdb35,1778367013.0,False,296,92.0434782608696,7.29013031433596,3.34,6.48,-27.2680315998136,a5d5e9dc044591764b02abbf4e731fb9edc8d69826a8d17aaface4fbb3a94a24,0.983230658979977,0.0167693410200227,0.627847247170498,0.684589871746476,0.720476399394981,0.716562197183387,1532.04347826087,-1.0,0.306,0.0358865276485054,0.0964295638703672,394.0,e1242d5284f4d3704754d125042da25119918f2e,2026-08-18 08:07:04,2026-06-06 14:01:41,2026-05-09-OAK-SEA,cascades,spiders,16,26,2026-05-09 15:00:00
lgordon,-11.87,60.34,dritthale,-2.87,63.74,0,0,0,"mawais,wfrankenb,dritthale,cboydflie,arees,lgordon,jvallee",False,2026-05-09-OAK-SEA,9,10,2,9,119.0,1,12,True,True,297,away,188,1778367018.0,18,False,"alantz,nmahan,mobrien2,gharris,bkassmull,isweeney,rmcleod",189,395,57a99ebda34181b0818cf1fdf4cd32c93a5d69ec9d1519dae03a473a5ea16c4f,1778367018.0,False,297,89.3478260869565,9.62081077664455,9.0,3.4,-69.3045492659367,6b791551ace26a890a2ea9b6b7558a5313f35d7e734f1509f7dea86833af44f6,0.981872007957674,0.0181279920423256,0.627847247170498,0.716985116491268,0.737254716326517,0.701065202338326,1529.34782608696,-1.0,0.302,0.0202695998352487,0.054465806530081,395.0,134a406404ae99ff94471db643dd86f89f1fde71,2026-08-18 08:07:04,2026-06-06 14:01:41,2026-05-09-OAK-SEA,cascades,spiders,16,26,2026-05-09 15:00:00
dritthale,-2.87,63.74,arees,-0.69,67.36,0,0,0,"mawais,wfrankenb,dritthale,cboydflie,arees,lgordon,jvallee",False,2026-05-09-OAK-SEA,9,10,2,9,119.0,1,13,True,True,298,away,189,1778367019.0,18,False,"alantz,nmahan,mobrien2,gharris,bkassmull,isweeney,rmcleod",190,396,ae478caa6e4566386911afe46251b6608bb451dec345c97a2ba83d3d63b162e0,1778367019.0,False,298,86.6521739130435,4.22573070604363,2.18,3.62,-31.0567690794463,2c0b9d7bde7d96626e1b8823bf1e0cfa80cea94bbde8166213212adab124a43d,0.989128921981587,0.010871078018413,0.627847247170498,0.733728041071713,0.752252013642628,0.680650074744037,1526.65217391304,-1.0,0.299,0.0185239725709155,0.0497751862107067,396.0,a9063ca508a1f8b994542948d611b2888d140d17,2026-08-18 08:07:04,2026-06-06 14:01:41,2026-05-09-OAK-SEA,cascades,spiders,16,26,2026-05-09 15:00:00
arees,-0.69,67.36,dritthale,1.84,71.11,0,0,0,"mawais,wfrankenb,dritthale,cboydflie,arees,lgordon,jvallee",False,2026-05-09-OAK-SEA,9,10,2,9,119.0,1,14,True,True,299,away,190,1778367021.0,18,False,"alantz,nmahan,mobrien2,gharris,bkassmull,isweeney,rmcleod",191,397,e72bfbb9873ecd477356debf44d09b39dde58f80b8167cde6bcd130786b37af0,1778367021.0,False,299,83.9565217391304,4.52364896958197,2.53,3.75,-34.0062274167626,5aff9ca2945642b7a54c96904632da63ebc139a0e90f522e57b7a7fb499487ad,0.988379728546654,0.0116202714533457,0.627847247170498,0.748692328021958,0.768201963906142,0.659749836859309,1523.95652173913,-1.0,0.296,0.0195096358841846,0.0524237312121208,397.0,7a9da85bfa8d13816d66f330016af56a064a1af8,2026-08-18 08:07:04,2026-06-06 14:01:41,2026-05-09-OAK-SEA,cascades,spiders,16,26,2026-05-09 15:00:00
dritthale,1.84,71.11,arees,-2.32,72.88,0,0,0,"mawais,wfrankenb,dritthale,cboydflie,arees,lgordon,jvallee",False,2026-05-09-OAK-SEA,9,10,2,9,119.0,1,15,True,True,300,away,191,1778367023.0,18,False,"alantz,nmahan,mobrien2,gharris,bkassmull,isweeney,rmcleod",192,398,81515262a5f60f7c97a397c6cb5994fdd3af4684343859b6a6e98984f7769974,1778367023.0,False,300,81.2608695652174,4.52089592890613,-4.16,1.77,66.9511802795896,36c229b960e5c07009230b7d5d26d0f5eadfb7a69372e42aebb5da68c7cf5444,0.988367494844705,0.0116325051552951,0.627847247170498,0.764637083555288,0.773965467969534,0.647631944454055,1521.26086956522,-1.0,0.295,0.0093283844142461,0.0250660094365064,398.0,c04dae7ca0aae47dd691fde3cd5abbdf427c91f7,2026-08-18 08:07:04,2026-06-06 14:01:41,2026-05-09-OAK-SEA,cascades,spiders,16,26,2026-05-09 15:00:00
arees,-2.32,72.88,dritthale,-4.98,80.72,0,0,0,"mawais,wfrankenb,dritthale,cboydflie,arees,lgordon,jvallee",False,2026-05-09-OAK-SEA,9,10,2,9,119.0,1,16,True,True,301,away,192,1778367025.0,18,False,"alantz,nmahan,mobrien2,gharris,bkassmull,isweeney,rmcleod",193,399,3b31d008e2952391d880e355fa4cd9bd7227acaec0f152c740b38af04aec9ff7,1778367025.0,False,301,78.5652173913043,8.27896128750461,-2.66,7.84,18.7413404451927,2f4b63ac0b755529624bd2f6d3aee3f103e70d49c646596521a7e600858d75d0,0.980632450092926,0.0193675499070741,0.627847247170498,0.770298650561859,0.812017924439137,0.610873929207358,1518.5652173913,-1.0,0.287,0.0417192738772773,0.112102553481287,399.0,3490bc7bc220113f16c0270380df4c07f8d4227b,2026-08-18 08:07:04,2026-06-06 14:01:41,2026-05-09-OAK-SEA,cascades,spiders,16,26,2026-05-09 15:00:00
dritthale,-4.98,80.72,lgordon,-10.64,82.09,0,0,0,"mawais,wfrankenb,dritthale,cboydflie,arees,lgordon,jvallee",False,2026-05-09-OAK-SEA,9,10,2,9,119.0,1,17,True,True,302,away,193,1778367028.0,18,False,"alantz,nmahan,mobrien2,gharris,bkassmull,isweeney,rmcleod",194,400,c52fc4bfa57050b8773f112577d0304c1125ced9cf3a7c37d2e8e0a34bf45e59,1778367028.0,False,302,75.8695652173913,5.82344399818527,-5.66,1.37,76.3932878567989,c4014c50d02cc06c232fd7390b927756cd8b9e294b6166f58e1f524a41732b74,0.983897515594141,0.0161024844058586,0.627847247170498,0.808668840715946,0.814406013371508,0.597489535763497,1515.86956521739,-1.0,0.286,0.00573717265556184,0.0154161768573301,400.0,c05fee6d51a09501ff7552e6c7a9618bf10a8046,2026-08-18 08:07:04,2026-06-06 14:01:41,2026-05-09-OAK-SEA,cascades,spiders,16,26,2026-05-09 15:00:00
lgordon,-10.64,82.09,cboydflie,-2.19,85.22,0,0,0,"mawais,wfrankenb,dritthale,cboydflie,arees,lgordon,jvallee",False,2026-05-09-OAK-SEA,9,10,2,9,119.0,1,18,True,True,303,away,194,1778367030.0,18,False,"alantz,nmahan,mobrien2,gharris,bkassmull,isweeney,rmcleod",195,401,5825aed0c67605cf6eb2a295fe87643ccd408b88bfb12787ee0652d62dee9ba7,1778367030.0,False,303,73.1739130434783,9.01107096853643,8.45,3.13,-69.6746548149898,1a3ccfd0143ecf6db7b9b83b6eecbe9158420853c50bc5e9b8a9b04bda071b39,0.977360369098198,0.0226396309018022,0.627847247170498,0.810940267022463,0.829554291881949,0.584146591899411,1513.17391304348,-1.0,0.283,0.0186140248594855,0.0500171628933599,401.0,d834e776839840a6e1d886bcf87c2f4a2492e38d,2026-08-18 08:07:04,2026-06-06 14:01:41,2026-05-09-OAK-SEA,cascades,spiders,16,26,2026-05-09 15:00:00
cboydflie,-2.19,85.22,lgordon,1.43,84.34,0,0,0,"mawais,wfrankenb,dritthale,cboydflie,arees,lgordon,jvallee",False,2026-05-09-OAK-SEA,9,10,2,9,119.0,1,19,True,True,304,away,195,1778367032.0,18,False,"alantz,nmahan,mobrien2,gharris,bkassmull,isweeney,rmcleod",196,402,85fc08775973762373800356bd7d5f988ee3d53800d939fa90b49525146e300f,1778367032.0,False,304,70.4782608695652,3.72542615012028,3.62,-0.879999999999995,-103.663229340128,d3075c21f911ef808939ba9ac72828bb0c3d9aacc218ff537cc6e93d603aca63,0.987109011215327,0.0128909887846733,0.627847247170498,0.826167891446382,0.82147983497904,0.581519718345205,1510.47826086957,-1.0,0.285,-0.00468805646734149,-0.0125971296240533,402.0,b0233d0b4e48b12cc3dcba79d76f89d453684209,2026-08-18 08:07:04,2026-06-06 14:01:41,2026-05-09-OAK-SEA,cascades,spiders,16,26,2026-05-09 15:00:00
lgordon,1.43,84.34,dritthale,3.95,86.59,0,0,0,"mawais,wfrankenb,dritthale,cboydflie,arees,lgordon,jvallee",False,2026-05-09-OAK-SEA,9,10,2,9,119.0,1,20,True,True,305,away,196,1778367034.0,18,False,"alantz,nmahan,mobrien2,gharris,bkassmull,isweeney,rmcleod",197,403,9b8bad374cd4e0f52bd94a9547ee9bf0e5551275c90904ee9109ee9db3f7d565,1778367034.0,False,305,67.7826086956522,3.37829838824222,2.52,2.25,-48.2397002961021,1a8e000e7a1e7694bcf8e60e6abb0dce5fde5d12b3a028e687ad08686759242b,0.986750700937138,0.0132492990628624,0.627847247170498,0.817816183271979,0.829909203907976,0.567246687946877,1507.78260869565,-1.0,0.283,0.012093020635997,0.0324947767927364,403.0,01eacfabc730608f086995a20e82d3517a5c892a,2026-08-18 08:07:04,2026-06-06 14:01:41,2026-05-09-OAK-SEA,cascades,spiders,16,26,2026-05-09 15:00:00
dritthale,3.95,86.59,cboydflie,-3.21,87.0,0,0,0,"mawais,wfrankenb,dritthale,cboydflie,arees,lgordon,jvallee",False,2026-05-09-OAK-SEA,9,10,2,9,119.0,1,21,True,True,306,away,197,1778367037.0,18,False,"alantz,nmahan,mobrien2,gharris,bkassmull,isweeney,rmcleod",198,404,75fb924b9869beb875a18078198ec69e557c55b6049c9e555ed1956db7ce55d7,1778367037.0,False,306,65.0869565217391,7.17172921965128,-7.16,0.409999999999997,86.7226754155436,d010aa4e8608aa543dc3847667f0eb369b1cbb262b71faa4872e380206a969e7,0.981670302807125,0.0183296971928754,0.627847247170498,0.82623214331978,0.828515020147899,0.559635600603053,1505.08695652174,-1.0,0.283,0.00228287682811901,0.00613424678646643,404.0,2c4997e81140350b86d7844e9b17164f7a26a7b7,2026-08-18 08:07:04,2026-06-06 14:01:41,2026-05-09-OAK-SEA,cascades,spiders,16,26,2026-05-09 15:00:00
cboydflie,-3.21,87.0,lgordon,-9.28,88.56,0,0,0,"mawais,wfrankenb,dritthale,cboydflie,arees,lgordon,jvallee",False,2026-05-09-OAK-SEA,9,10,2,9,119.0,1,22,True,True,307,away,198,1778367040.0,18,False,"alantz,nmahan,mobrien2,gharris,bkassmull,isweeney,rmcleod",199,405,7a146970453704786b1689ff7ee30edc936d9d5f7099cbc844636cc4254aefa5,1778367040.0,False,307,62.3913043478261,6.26725617794582,-6.07,1.56,75.5868160524764,78d29c720a48ec8fefbb8b8dcc9ba144a31be5be5eb2a4937abe5c987314593a,0.981506548320927,0.0184934516790735,0.627847247170498,0.824659912409871,0.832238481511865,0.545522653361756,1502.39130434783,-1.0,0.282,0.00757856910199373,0.0203641355448089,405.0,c04af673b0d21f35ff137366a779ad03a7f99560,2026-08-18 08:07:04,2026-06-06 14:01:41,2026-05-09-OAK-SEA,cascades,spiders,16,26,2026-05-09 15:00:00
lgordon,-9.28,88.56,wfrankenb,-13.17,101.45,0,0,0,"mawais,wfrankenb,dritthale,cboydflie,arees,lgordon,jvallee",False,2026-05-09-OAK-SEA,9,11,2,9,119.0,1,23,True,True,308,away,199,1778367047.0,19,False,"alantz,nmahan,mobrien2,gharris,bkassmull,isweeney,rmcleod",200,407,30c20c3f6cde7cb4b9a4f7252fe3ba890e4c43ae91da26745d4313655133f7f3,1778367047.0,False,308,59.695652173913,13.4641821140387,-3.89,12.89,16.7929912463593,1c603350c7034f2b862fb7305d7a171bce786c4e2d245cefb8b3c72ab6b74e4d,0.956624152547971,0.0433758474520287,0.627847247170498,0.828294703117711,1.0,0.498967883401713,1499.69565217391,-1.0,0.267,0.171705296882289,0.461383922533965,407.0,4b7eea6a124e98468d407a6c604258b08f6d0b44,2026-08-18 08:07:04,2026-06-06 14:01:41,2026-05-09-OAK-SEA,cascades,spiders,16,26,2026-05-09 15:00:00
dmourad,16.68,19.8,mmunoz,5.97,22.35,0,0,0,"zraunig,slofink,ksmart,dmourad,gleahy,cbelfield,mmunoz",True,2026-05-09-OAK-SEA,9,11,2,10,57.0,1,1,True,True,309,home,208,1778367100.0,18,False,"arosentha,ichang,cbernard,tgoss,aorme,mwilliams,clankford",209,411,ec010c5e8dd3964686c7dc9b25237ca58ebaf265c10827226e841c6b2856cbb0,1778367100.0,False,309,57.0,11.0093869039107,-10.71,2.55,76.6075022462489,a271bbd2186de162798f14abadc046087d6f6e89d4fdfcf6a86e604c9544ff16,0.986675590545528,0.0133244094544719,0.470261719246146,0.481349083622002,0.504986181716414,0.873835745341513,1497.0,-2.0,0.244,0.0236370980944118,0.0446203322530789,411.0,2bd47d2a9f33b4c89e10d6c93e018d309b526489,2026-08-18 08:07:04,2026-06-06 14:01:41,2026-05-09-OAK-SEA,cascades,spiders,16,26,2026-05-09 15:00:00
mmunoz,5.97,22.35,dmourad,15.88,21.69,0,0,0,"zraunig,slofink,ksmart,dmourad,gleahy,cbelfield,mmunoz",True,2026-05-09-OAK-SEA,9,11,2,10,57.0,1,2,True,True,310,home,209,1778367103.0,18,False,"arosentha,ichang,cbernard,tgoss,aorme,mwilliams,clankford",210,412,81af610336cd4ef608e54339c9c4969c855bb30da0419e182bfe2cc25cef69e0,1778367103.0,False,310,53.7,9.93195348358016,9.91,-0.66,-93.8102374637574,650c13632d6c45de0929a0e7608a8dbf416c72498f9d304f28eb7bd5db28ee77,0.991370782583403,0.00862921741659661,0.470261719246146,0.495692828896151,0.479967635233365,0.867757112549036,1493.7,-2.0,0.242,-0.0157251936627861,-0.0296848353877844,412.0,4b8da1f9fa8fdc2456331a3af7774f1e79d9da1a,2026-08-18 08:07:04,2026-06-06 14:01:41,2026-05-09-OAK-SEA,cascades,spiders,16,26,2026-05-09 15:00:00
dmourad,15.88,21.69,slofink,16.61,31.16,0,0,0,"zraunig,slofink,ksmart,dmourad,gleahy,cbelfield,mmunoz",True,2026-05-09-OAK-SEA,9,11,2,10,57.0,1,3,True,True,311,home,210,1778367106.0,18,False,"arosentha,ichang,cbernard,tgoss,aorme,mwilliams,clankford",211,413,ab037fc6125c7e45c4ed6fca3c00b8708cd80b0dfe604407c8f94bbaa2446a6b,1778367106.0,False,311,50.4,9.49809454574969,0.729999999999999,9.47,-4.40795854928089,842482e9b8db4450bb7d26595f42b2b881d01f55241baac862e1f16c84e69606,0.98710566206333,0.0128943379366699,0.470261719246146,0.470261719246146,0.496634710054558,0.80678125410943,1490.4,-2.0,0.243,0.0263729908084124,0.0497849443141655,413.0,0b6bd04f93f5b0c167480672e508bdc3867af7a2,2026-08-18 08:07:04,2026-06-06 14:01:41,2026-05-09-OAK-SEA,cascades,spiders,16,26,2026-05-09 15:00:00
slofink,16.61,31.16,gleahy,25.06,68.44,0,0,0,"zraunig,slofink,ksmart,dmourad,gleahy,cbelfield,mmunoz",True,2026-05-09-OAK-SEA,9,11,2,10,57.0,1,4,True,True,312,home,211,1778367110.0,18,False,"arosentha,ichang,cbernard,tgoss,aorme,mwilliams,clankford",212,414,ddc2f7f1456ff1faa56cc243aec722f85046e34bb501a4e1b54c044ad136b395,1778367110.0,False,312,47.1,38.2256576137023,8.45,37.28,-12.7710476580945,40c7accbc457c708c38a4c3b310d75ac9aaa7f11971d691814b62f8a57b32fc1,0.654528841927666,0.345471158072334,0.470261719246146,0.486460263965833,0.619713073096877,0.514614835882414,1487.1,-2.0,0.255,0.133252809131044,0.251544609805083,414.0,25de63a674b2ec224d17ff90cae839f6b6e6d34d,2026-08-18 08:07:04,2026-06-06 14:01:41,2026-05-09-OAK-SEA,cascades,spiders,16,26,2026-05-09 15:00:00
gleahy,25.06,68.44,cbelfield,20.03,75.14,0,0,0,"zraunig,slofink,ksmart,dmourad,gleahy,cbelfield,mmunoz",True,2026-05-09-OAK-SEA,9,11,2,10,57.0,1,5,True,True,313,home,212,1778367115.0,18,False,"arosentha,ichang,cbernard,tgoss,aorme,mwilliams,clankford",213,415,0a50376a99ec5fc971eb880d6b9ed190bb5a71786bd0278634380da5555a9344,1778367115.0,False,313,43.8,8.37800095488178,-5.03,6.7,36.8972529932584,ab00162500887e3ad71e0127b30dd29d42536497410323a9caffa49f7df1fc83,0.979786326294377,0.0202136737056227,0.470261719246146,0.609637210193973,0.687193741658358,0.51666341852708,1483.8,-2.0,0.263,0.0775565314643843,0.146405374657871,415.0,77658ce93e484d32c3eb9bc0393bc31e69ffd133,2026-08-18 08:07:04,2026-06-06 14:01:41,2026-05-09-OAK-SEA,cascades,spiders,16,26,2026-05-09 15:00:00
cbelfield,20.03,75.14,gleahy,13.11,92.4,0,0,0,"zraunig,slofink,ksmart,dmourad,gleahy,cbelfield,mmunoz",True,2026-05-09-OAK-SEA,9,11,2,10,57.0,1,6,True,True,314,home,213,1778367119.0,18,False,"arosentha,ichang,cbernard,tgoss,aorme,mwilliams,clankford",214,416,4e3a8f923cbbec1b3596dbaf2f8d33064bbd4beab03c73129ae4732ceb927fbe,1778367119.0,False,314,40.5,18.5955370989923,-6.92,17.26,21.8471820186659,4ad6b5f5c101ac794b82166dac6a8aaf8a88fe3f98ef74cfb47d31983b0995c2,0.931893482164778,0.0681065178352221,0.470261719246146,0.677567264456238,0.813882529462356,0.464023898940456,1480.5,-2.0,0.285,0.136315265006118,0.257325683188558,416.0,5dbd506de02d42704a9a27d0fbecb9e9f1d85d49,2026-08-18 08:07:04,2026-06-06 14:01:41,2026-05-09-OAK-SEA,cascades,spiders,16,26,2026-05-09 15:00:00
gleahy,13.11,92.4,cbelfield,22.29,89.41,0,0,0,"zraunig,slofink,ksmart,dmourad,gleahy,cbelfield,mmunoz",True,2026-05-09-OAK-SEA,9,11,2,10,57.0,1,7,True,True,315,home,214,1778367123.0,18,False,"arosentha,ichang,cbernard,tgoss,aorme,mwilliams,clankford",215,417,71b4369aa09f6b8e877cd8c47fd0ac2682b8f7f8a459790dce46581c227702e9,1778367123.0,False,315,37.2,9.65466208626693,9.18,-2.99000000000001,-108.040847154311,bd6336e7e696fe00b649b9a606c29202084c335b84efa9988ad9d74b71b5a5b8,0.976211966358977,0.0237880336410227,0.470261719246146,0.806761425085871,0.759390342480392,0.423581803097691,1477.2,-2.0,0.275,-0.047371082605479,-0.0894235593811846,417.0,dd939cb9f5a2d38e1e8f9f12a9a2ff92449e5bb9,2026-08-18 08:07:04,2026-06-06 14:01:41,2026-05-09-OAK-SEA,cascades,spiders,16,26,2026-05-09 15:00:00
cbelfield,22.29,89.41,dmourad,15.44,86.35,0,0,0,"zraunig,slofink,ksmart,dmourad,gleahy,cbelfield,mmunoz",True,2026-05-09-OAK-SEA,9,11,2,10,57.0,1,8,True,True,316,home,215,1778367124.0,18,False,"arosentha,ichang,cbernard,tgoss,aorme,mwilliams,clankford",216,418,99c5e48591841b28872ed5bdd9c68d47ab920e90079b08325862abea32b715c7,1778367124.0,False,316,33.9,7.50240628065423,-6.85,-3.06,114.07104763655,67eeccc21cec2fd72228889023ba9efd47141f589746d0bf5b3cbbfa3ee26eeb,0.977001672765999,0.022998327234001,0.470261719246146,0.750455685116638,0.753204699862076,0.455603638942923,1473.9,-2.0,0.274,0.00274901474543821,0.00518938284302612,418.0,6c881157b16544d6165a73bb7b480a53a7a01644,2026-08-18 08:07:04,2026-06-06 14:01:41,2026-05-09-OAK-SEA,cascades,spiders,16,26,2026-05-09 15:00:00
dmourad,15.44,86.35,slofink,16.17,93.71,0,0,0,"zraunig,slofink,ksmart,dmourad,gleahy,cbelfield,mmunoz",True,2026-05-09-OAK-SEA,9,11,2,10,57.0,1,9,True,True,317,home,216,1778367129.0,18,False,"arosentha,ichang,cbernard,tgoss,aorme,mwilliams,clankford",217,419,1affc2e074cd79a0211805008c18c72db0294ce2b66f2cfd1c687941884d381a,1778367129.0,False,317,30.6,7.39611384444561,0.730000000000002,7.36,-5.66434335915822,a2b343c089d0b420eef43e82517d22d78ee6b134bf04fa9e349d05295107742a,0.977463487101525,0.022536512898475,0.470261719246146,0.743736170410558,0.794692995397011,0.417507022858122,1470.6,-2.0,0.281,0.0509568249864533,0.0961924535903619,419.0,b2c0a5c5009d579b5be04ed5a227674cd7cf5059,2026-08-18 08:07:04,2026-06-06 14:01:41,2026-05-09-OAK-SEA,cascades,spiders,16,26,2026-05-09 15:00:00
slofink,16.17,93.71,cbelfield,16.02,107.47,0,0,0,"zraunig,slofink,ksmart,dmourad,gleahy,cbelfield,mmunoz",True,2026-05-09-OAK-SEA,10,11,2,10,57.0,1,10,True,True,318,home,217,1778367132.0,19,False,"arosentha,ichang,cbernard,tgoss,aorme,mwilliams,clankford",218,420,255ecc23051b00209a4f20ca831b61bab5069237185e36d63d8c908ce3f3ad2c,1778367132.0,False,318,27.3,13.7608175629212,-0.150000000000002,13.76,0.624565880307628,8f719d0ec77dfbc3e8674fb13ac1aa1899b99a2f982b41efe03c032f60f4981d,0.95173344991659,0.0482665500834096,0.470261719246146,0.786020856877367,1.0,0.388062839870091,1467.3,-2.0,0.298,0.213979143122633,0.403933698765598,420.0,dcde0f3e8c2fa2e76537a15b0c78ec186c3ef650,2026-08-18 08:07:04,2026-06-06 14:01:41,2026-05-09-OAK-SEA,cascades,spiders,16,26,2026-05-09 15:00:00
lgordon,-14.12,15.68,dritthale,-5.73,28.22,0,0,0,"mawais,wfrankenb,dritthale,dwhited,cboydflie,arees,lgordon",False,2026-05-09-OAK-SEA,10,11,2,11,24.0,1,1,True,True,319,away,204,1778367325.0,18,False,"isweeney,rmcleod,alantz,bkassmull,nmahan,mobrien2,gharris",205,424,520f9e6b255eacadff6f938ed084db98f00cdc29f0a1c816a1730b5c952d3c93,1778367325.0,False,319,24.0,15.087865985619,8.39,12.54,-33.7848582511911,bdac6b38b98793a1fa25b30211d9dbeb52104b41347d56c48e5f9bde47234973,0.976524756001207,0.0234752439987925,0.36916388332512,0.36916388332512,0.409670536936135,0.772948375257291,1464.0,-1.0,0.345,0.0405066536110149,0.0642110566283433,424.0,2fadb244aa71b3887a9d7eef05f3b64591521f58,2026-08-18 08:07:04,2026-06-06 14:01:41,2026-05-09-OAK-SEA,cascades,spiders,16,26,2026-05-09 15:00:00
dritthale,-5.73,28.22,lgordon,-11.19,31.15,0,0,0,"mawais,wfrankenb,dritthale,dwhited,cboydflie,arees,lgordon",False,2026-05-09-OAK-SEA,10,11,2,11,24.0,1,2,True,True,320,away,205,1778367327.0,18,False,"isweeney,rmcleod,alantz,bkassmull,nmahan,mobrien2,gharris",206,425,8497c89357fa7a3468f3e3dc1f811092f4aa99add5eb1884a5689b4f0fee83bb,1778367327.0,False,320,21.4285714285714,6.1964909424609,-5.46,2.93,61.7806569165148,d738a4582c965ecb08efae19d225e7aa38d5f0f49f2ffaff3584e41fe9e010d7,0.991047539185561,0.00895246081443879,0.36916388332512,0.39909963642141,0.405351725686743,0.740314320484424,1461.42857142857,-1.0,0.346,0.00625208926533355,0.00991079790784354,425.0,29c5e5877f0d8e9c4741ab8c3cb002d7b3057d72,2026-08-18 08:07:04,2026-06-06 14:01:41,2026-05-09-OAK-SEA,cascades,spiders,16,26,2026-05-09 15:00:00
lgordon,-11.19,31.15,dritthale,-5.53,31.97,0,0,0,"mawais,wfrankenb,dritthale,dwhited,cboydflie,arees,lgordon",False,2026-05-09-OAK-SEA,10,11,2,11,24.0,1,3,True,True,321,away,206,1778367329.0,18,False,"isweeney,rmcleod,alantz,bkassmull,nmahan,mobrien2,gharris",207,427,ec4b9a30b1ffc991233dad22199b9bff5feaa294cfdb9d6603a49c3ca7056af4,1778367329.0,False,321,18.8571428571429,5.71909083683762,5.66,0.82,-81.7565530271057,136a8ac4d3c4d33b90d1b206c7fbaf9fc45566754679302230183d77f87dec6e,0.991325827413451,0.00867417258654923,0.36916388332512,0.394503767582079,0.400128088220491,0.728094688843611,1458.85714285714,-1.0,0.346,0.00562432063841201,0.00891566048573383,427.0,1d17330c1a1644b3b941126b95f640d679210f14,2026-08-18 08:07:04,2026-06-06 14:01:41,2026-05-09-OAK-SEA,cascades,spiders,16,26,2026-05-09 15:00:00
dritthale,-5.53,31.97,mawais,7.09,42.34,0,0,0,"mawais,wfrankenb,dritthale,dwhited,cboydflie,arees,lgordon",False,2026-05-09-OAK-SEA,10,11,2,11,24.0,1,4,True,True,322,away,207,1778367331.0,18,False,"isweeney,rmcleod,alantz,bkassmull,nmahan,mobrien2,gharris",208,428,df3e1589bb351b19acb304b749025957dba827776abe115cf7eb57ea2b8dcc81,1778367331.0,False,322,16.2857142857143,16.3340533854889,12.62,10.37,-50.5896588697005,33126a96b41227a06c8a237a0edfe5b2d55082f29a3c0f36bdf7edaa8f0a42b6,0.973453908752485,0.0265460912475154,0.36916388332512,0.389011189831756,0.426702716179198,0.637262947614098,1456.28571428571,-1.0,0.344,0.0376915263474419,0.0597485231919075,428.0,1a3d042e89b62a0d25b2cd47f9b15d69eb4d686b,2026-08-18 08:07:04,2026-06-06 14:01:41,2026-05-09-OAK-SEA,cascades,spiders,16,26,2026-05-09 15:00:00
mawais,7.09,42.34,cboydflie,14.25,70.36,0,0,0,"mawais,wfrankenb,dritthale,dwhited,cboydflie,arees,lgordon",False,2026-05-09-OAK-SEA,10,11,2,11,24.0,1,5,True,True,323,away,208,1778367334.0,18,False,"isweeney,rmcleod,alantz,bkassmull,nmahan,mobrien2,gharris",209,429,bb265185dbd37966bc90c09802fa7f16c0a74729edc75eba73c8632739f9d85a,1778367334.0,False,323,13.7142857142857,28.9203388638515,7.16,28.02,-14.3341557722604,119a70ae328d3c9e8e65d829a6d99db957488b29a6435c771ecfe36417e7c5bf,0.894324074646683,0.105675925353317,0.36916388332512,0.415029808152526,0.563109853634315,0.440370063773658,1453.71428571429,-1.0,0.329,0.148080045481789,0.23473615661436,429.0,5fdf071d2fd555f21852caf219bcd2d2fde3ae48,2026-08-18 08:07:04,2026-06-06 14:01:41,2026-05-09-OAK-SEA,cascades,spiders,16,26,2026-05-09 15:00:00
cboydflie,14.25,70.36,wfrankenb,11.11,84.95,0,0,0,"mawais,wfrankenb,dritthale,dwhited,cboydflie,arees,lgordon",False,2026-05-09-OAK-SEA,10,11,2,11,24.0,1,6,True,True,324,away,209,1778367340.0,18,False,"isweeney,rmcleod,alantz,bkassmull,nmahan,mobrien2,gharris",210,430,298b7e06843638a0fb9507d9aa5d368cc7e0057412b3a90bc793fe244ec02992,1778367340.0,False,324,11.1428571428571,14.9240644597911,-3.14,14.59,12.145703329532,0c9dfae9c898fdbe23337677c8c5f587ac2d6084ddda9c084980d89399c6460d,0.955995199570861,0.0440048004291387,0.36916388332512,0.550953617822921,0.670236237574701,0.37350655090266,1451.14285714286,-1.0,0.313,0.11928261975178,0.18908654181139,430.0,13a3ac66f3757a5f7842a000524b6f3b39180e8a,2026-08-18 08:07:04,2026-06-06 14:01:41,2026-05-09-OAK-SEA,cascades,spiders,16,26,2026-05-09 15:00:00
wfrankenb,11.11,84.95,dwhited,12.07,107.18,0,0,0,"mawais,wfrankenb,dritthale,dwhited,cboydflie,arees,lgordon",False,2026-05-09-OAK-SEA,10,12,2,11,24.0,1,7,True,True,325,away,210,1778367348.0,19,False,"isweeney,rmcleod,alantz,bkassmull,nmahan,mobrien2,gharris",211,432,d2388bab759a8808e6d1d4da57e1d45ac3b6632c100d30a8e0ab959670f43b6a,1778367348.0,False,325,8.57142857142857,22.2507190895036,0.960000000000001,22.23,-2.47277524180137,94d1300ce651b62c6b05c4c91de1287f93bfff2c68df8713b6f4a8bad95b9bca,0.906798435216655,0.0932015647833445,0.36916388332512,0.658943626392729,1.0,0.318422312895963,1448.57142857143,-1.0,0.28,0.341056373607271,0.540641799973295,432.0,c9cce8f5bf9e7529c45515a4ce03f5d308428b65,2026-08-18 08:07:04,2026-06-06 14:01:41,2026-05-09-OAK-SEA,cascades,spiders,16,26,2026-05-09 15:00:00
isweeney,18.57,17.03,slofink,0.0,60.0,0,0,0,"slofink,tli,cbelfield,jbrown,zraunig,isweeney,alantz",True,2026-05-09-OAK-SEA,10,12,2,12,6.0,1,1,True,True,326,home,222,1778367409.0,18,False,"rvickersb,jwhealan,clankford,emagsig,klew,lgrench,mwilliams",223,436,1fbd6d6858f36b735dca1d0424cc1656e3f2c7345c361ba9aa04b7a273f07f5c,1778367409.0,False,326,6.0,46.8109581187995,-18.57,42.97,23.3721648546689,92578a85f456cae985d0d8eb92bc865c2bce4c222ecc3ffb237b9342c76c799d,0.725438853630987,0.274561146369013,0.283715735474108,0.283715735474108,0.466986958114572,0.466986958114572,1446.0,-2.0,0.24,0.183271222640464,0.255863812339603,436.0,75fc877a275674190e51725cc020a7dba91f93ff,2026-08-18 08:07:04,2026-06-06 14:01:41,2026-05-09-OAK-SEA,cascades,spiders,16,26,2026-05-09 15:00:00
slofink,0.0,60.0,tli,-7.95,44.27,0,0,0,"slofink,tli,cbelfield,jbrown,zraunig,isweeney,alantz",True,2026-05-09-OAK-SEA,10,12,2,12,6.0,1,2,True,True,327,home,223,1778367411.0,18,False,"rvickersb,jwhealan,clankford,emagsig,klew,lgrench,mwilliams",224,437,a8df7624c32b1fbb61eb58a5d38e5fd58fcd5a32db7acce46976dc1ce3e82619,1778367411.0,False,327,3.0,17.6248517724263,-7.95,-15.73,153.18779779262,c4d3f6950acbdaf9bc8a9fc9002688b338767a9c065277740fc371224480432c,0.981930794195541,0.0180692058044593,0.283715735474108,0.451448789534883,0.371556839924122,0.55888272493216,1443.0,-2.0,0.234,-0.0798919496107607,-0.111536653207985,437.0,e86d47a4c2a991f7771a487211993a76e7fc3b15,2026-08-18 08:07:04,2026-06-06 14:01:41,2026-05-09-OAK-SEA,cascades,spiders,16,26,2026-05-09 15:00:00
slofink,23.97,43.1,mmunoz,15.66,52.71,0,0,0,"mmunoz,slofink,zraunig,nstoppel,dmourad,gleahy,cbelfield",True,2026-05-09-OAK-SEA,10,12,3,1,720.0,1,1,True,True,328,home,226,1778368135.0,18,False,"rvickersb,jwhealan,clankford,klew,lgrench,aorme",227,444,f4782c7c2f7c0ed2c157abd56bd6ebe07463c3e6753a7f4e53d18a63bc0c9859,1778368135.0,False,328,720.0,12.704652691042,-8.31,9.61,40.8507667093141,953ecf8d13c39535b6c35393cd1b5961a5d15daa5e7c8aa7f5b6236ec3593450,0.972669139842699,0.0273308601573006,0.711894217000556,0.711894217000556,0.780403598035895,0.835727480875049,1440.0,-2.0,0.278,0.0685093810353385,0.237792453598444,444.0,cbf7dd41e12158ef3b4269db2abc4c199b434698,2026-08-18 08:07:04,2026-06-06 14:01:41,2026-05-09-OAK-SEA,cascades,spiders,16,26,2026-05-09 15:00:00
mmunoz,15.66,52.71,zraunig,23.24,75.0,0,0,0,"mmunoz,slofink,zraunig,nstoppel,dmourad,gleahy,cbelfield",True,2026-05-09-OAK-SEA,10,12,3,1,720.0,1,2,True,True,329,home,227,1778368138.0,18,False,"rvickersb,jwhealan,clankford,klew,lgrench,aorme",228,445,b704eeda5d9cbe18c6ba2114388498024be022d8cc720cb5d2d9a4472bffc634,1778368138.0,False,329,715.2,23.5435872372924,7.58,22.29,-18.7812589210056,680b2fc389364b326cf63f624ca1099e59e857f12f8eae610cc4d88813a56c08,0.912285922421623,0.0877140775783773,0.711894217000556,0.775119540053779,0.839750363283034,0.716721245029929,1435.2,-2.0,0.29,0.064630823229255,0.224330183713736,445.0,cf030c86496f2ebca33a1bfcda1434d641131a64,2026-08-18 08:07:04,2026-06-06 14:01:41,2026-05-09-OAK-SEA,cascades,spiders,16,26,2026-05-09 15:00:00
zraunig,23.24,75.0,mmunoz,22.73,65.24,0,0,0,"mmunoz,slofink,zraunig,nstoppel,dmourad,gleahy,cbelfield",True,2026-05-09-OAK-SEA,10,12,3,1,720.0,1,3,True,True,330,home,228,1778368140.0,18,False,"rvickersb,jwhealan,clankford,klew,lgrench,aorme",229,446,b5f4a73037c32e300fc66247a8a8264b3b08b37a6a55b506ca7a2da0e6bf6ef1,1778368140.0,False,330,710.4,9.77331571167125,-0.509999999999998,-9.76000000000001,177.008781220616,01e2f960b84622a0efcdf8a26cc09805411e395eba0a64474b2f0d63f7088f57,0.98098051601414,0.0190194839858603,0.711894217000556,0.835874171404009,0.795830851302798,0.75238314609203,1430.4,-2.0,0.281,-0.0400433201012118,-0.138988255231549,446.0,7746c5a4c02e6b807b5d1fa1c4dd6c156ac725b9,2026-08-18 08:07:04,2026-06-06 14:01:41,2026-05-09-OAK-SEA,cascades,spiders,16,26,2026-05-09 15:00:00
mmunoz,22.73,65.24,slofink,14.93,68.22,0,0,0,"mmunoz,slofink,zraunig,nstoppel,dmourad,gleahy,cbelfield",True,2026-05-09-OAK-SEA,10,12,3,1,720.0,1,4,True,True,331,home,229,1778368142.0,18,False,"rvickersb,jwhealan,clankford,klew,lgrench,aorme",230,447,64765b26198c3c9dcb7d810844d140f66375f492ef3cd85323652ce07dbaa739,1778368142.0,False,331,705.6,8.34987425055013,-7.8,2.98,69.0905790679208,8a5fd1cf06851a2a30fb3c2a5361e5531731029136473d06cde6854aa8fdc9cd,0.979991328670169,0.0200086713298311,0.711894217000556,0.791483690547313,0.827403475630486,0.764721092083385,1425.6,-2.0,0.287,0.0359197850831734,0.124675682345615,447.0,f43a4afc2779f58d5a6bb3999886816c9a786dab,2026-08-18 08:07:04,2026-06-06 14:01:41,2026-05-09-OAK-SEA,cascades,spiders,16,26,2026-05-09 15:00:00
slofink,14.93,68.22,mmunoz,19.45,61.01,0,0,0,"mmunoz,slofink,zraunig,nstoppel,dmourad,gleahy,cbelfield",True,2026-05-09-OAK-SEA,10,12,3,1,720.0,1,5,True,True,332,home,230,1778368146.0,18,False,"rvickersb,jwhealan,clankford,klew,lgrench,aorme",231,448,0d3be93df35301b558995c1b5cdf79b54034f17c3c8842e61e9ee9969da8b63f,1778368146.0,False,332,700.8,8.50967096896231,4.52,-7.21,-147.916109918446,78f735ea5970b2eaddbff30f4f5de5d00716501f55e0960605f43c75feb42980,0.989080702773241,0.0109192972267592,0.711894217000556,0.823858052229317,0.782868948157133,0.776864370343776,1420.8,-2.0,0.278,-0.0409891040721837,-0.142271021586064,448.0,4f8816d7b3f85277d4320d4555613c2ae884fd36,2026-08-18 08:07:04,2026-06-06 14:01:41,2026-05-09-OAK-SEA,cascades,spiders,16,26,2026-05-09 15:00:00
mmunoz,19.45,61.01,slofink,13.11,60.29,0,0,0,"mmunoz,slofink,zraunig,nstoppel,dmourad,gleahy,cbelfield",True,2026-05-09-OAK-SEA,10,12,3,1,720.0,1,6,True,True,333,home,231,1778368149.0,18,False,"rvickersb,jwhealan,clankford,klew,lgrench,aorme",232,449,a83c9e3fa7a16ce86e047b9de755f98346ea1239a52fe0cadde64f9e892f5669,1778368149.0,False,333,696.0,6.38075230674252,-6.34,-0.719999999999999,96.4790182158716,3437bd30845b2cc3690176e3a413b7d78ac4cd38e8b57ef9c4671b476dd8faf3,0.985811514610901,0.0141884853890989,0.711894217000556,0.778972970252886,0.79101125832226,0.789431482658842,1416.0,-2.0,0.279,0.0120382880693739,0.0417842639048906,449.0,06394d1ce4effd7f044de4d18829ef618a35d6d3,2026-08-18 08:07:04,2026-06-06 14:01:41,2026-05-09-OAK-SEA,cascades,spiders,16,26,2026-05-09 15:00:00
slofink,13.11,60.29,mmunoz,5.31,56.21,0,0,0,"mmunoz,slofink,zraunig,nstoppel,dmourad,gleahy,cbelfield",True,2026-05-09-OAK-SEA,10,12,3,1,720.0,1,7,True,True,334,home,232,1778368154.0,18,False,"rvickersb,jwhealan,clankford,klew,lgrench,aorme",233,450,c1551d09ee7ff52bbb84bb80c0336ebfdcb5881ce824658915c80d202f61d6fc,1778368154.0,False,334,691.2,8.80263596884479,-7.8,-4.08,117.613027823084,3d866774b9958ba9605fe9f3f67a8b44162004c90cae068eb5053fdb420cdfde,0.985881869266137,0.0141181307338631,0.711894217000556,0.787521630186062,0.776075759124498,0.806090809997767,1411.2,-2.0,0.277,-0.0114458710615641,-0.0397280156698078,450.0,9f1b41be88cd412c54df2555c1874a5829b095bb,2026-08-18 08:07:04,2026-06-06 14:01:41,2026-05-09-OAK-SEA,cascades,spiders,16,26,2026-05-09 15:00:00
mmunoz,5.31,56.21,slofink,1.09,63.13,0,0,0,"mmunoz,slofink,zraunig,nstoppel,dmourad,gleahy,cbelfield",True,2026-05-09-OAK-SEA,10,12,3,1,720.0,1,8,True,True,335,home,233,1778368156.0,18,False,"rvickersb,jwhealan,clankford,klew,lgrench,aorme",234,451,0303de766d6e840b6407b54feaa1617ac9de2bc7adc23825d8cb1fae7b7154fd,1778368156.0,False,335,686.4,8.10523287759211,-4.22,6.92,31.3759492734758,3fd0ec9fc572a767a751c4fa834db8fef367059a91f589455ff172d0950904ce,0.98478101439807,0.0152189856019298,0.711894217000556,0.772712212709137,0.800755268348366,0.775684185888321,1406.4,-2.0,0.281,0.0280430556392287,0.0973359692654377,451.0,447623cdfbb25f0529e77d027446b06cf3b212e7,2026-08-18 08:07:04,2026-06-06 14:01:41,2026-05-09-OAK-SEA,cascades,spiders,16,26,2026-05-09 15:00:00
slofink,1.09,63.13,dmourad,-2.12,69.68,0,0,0,"mmunoz,slofink,zraunig,nstoppel,dmourad,gleahy,cbelfield",True,2026-05-09-OAK-SEA,10,12,3,1,720.0,1,9,True,True,336,home,234,1778368162.0,18,False,"rvickersb,jwhealan,clankford,klew,lgrench,aorme",235,452,91de875a74535895f106a3756e66e69e2bb6cc68d95e98e34d21a8accdbfe276,1778368162.0,False,336,681.6,7.29428543450282,-3.21,6.55,26.1083808147623,2a20a65e4d73b90d9799f729d0908bab1eb29fddb0bef129ee075f1f21dd36cf,0.985023662305165,0.014976337694835,0.711894217000556,0.797934419398435,0.824930968910262,0.747243549862409,1401.6,-2.0,0.286,0.0269965495118276,0.093703601610384,452.0,9ef4d2fbdee159a5d39209c42a4b82e71b61e7dd,2026-08-18 08:07:04,2026-06-06 14:01:41,2026-05-09-OAK-SEA,cascades,spiders,16,26,2026-05-09 15:00:00
dmourad,-2.12,69.68,cbelfield,0.65,112.35,0,0,0,"mmunoz,slofink,zraunig,nstoppel,dmourad,gleahy,cbelfield",True,2026-05-09-OAK-SEA,11,12,3,1,720.0,1,10,True,True,337,home,235,1778368173.0,19,False,"rvickersb,jwhealan,clankford,klew,lgrench,aorme",236,453,8d3f21124b36de500f634f3d9085c556d92feaa776277b9c7947e36db563ca3d,1778368173.0,False,337,676.8,42.7598152474961,2.77,42.67,-3.71424718717282,fb0658d1247ad1b7f375245becf8adb8739325a42f323db567bee8f08cbf7c84,0.753490328968025,0.246509671031975,0.711894217000556,0.822610373329035,1.0,0.649874240970349,1396.8,-2.0,0.32,0.177389626670965,0.615710052134939,453.0,ae2e056e9fb827974586f609c6aade60c13ea7ac,2026-08-18 08:07:04,2026-06-06 14:01:41,2026-05-09-OAK-SEA,cascades,spiders,16,26,2026-05-09 15:00:00
lgordon,-0.69,15.61,dritthale,2.18,24.54,0,0,0,"mawais,wfrankenb,dritthale,cboydflie,arees,lgordon,jvallee",False,2026-05-09-OAK-SEA,11,12,3,2,672.0,1,1,True,True,338,away,219,1778368229.0,18,False,"korser,jbrown,rmcleod,alantz,isweeney,mobrien2,bkassmull",220,458,9d446db3c491d144e8e48dd9077f71627f669532b377979d326dee3dbcf22c2a,1778368229.0,False,338,672.0,9.37986140622557,2.87,8.93,-17.8168120022276,3d13d14741c4ea5568cd293a88e6c9b3d59e9e3c83410ab175a9ea77d5c88c78,0.988994595689926,0.0110054043100737,0.636196908266124,0.636196908266124,0.658071322782744,0.920336478129313,1392.0,-1.0,0.314,0.0218744145166205,0.0601270715220358,458.0,88370720611385079b8a4792cede7851d343f238,2026-08-18 08:07:04,2026-06-06 14:01:41,2026-05-09-OAK-SEA,cascades,spiders,16,26,2026-05-09 15:00:00
dritthale,2.18,24.54,jvallee,8.45,21.81,0,0,0,"mawais,wfrankenb,dritthale,cboydflie,arees,lgordon,jvallee",False,2026-05-09-OAK-SEA,11,12,3,2,672.0,1,2,True,True,339,away,220,1778368232.0,18,False,"korser,jbrown,rmcleod,alantz,isweeney,mobrien2,bkassmull",221,459,bc8707c92ddbb2e23f3a058deb940898fc78a5e5ed6b14ee0f516897d941ff79,1778368232.0,False,339,665.333333333333,6.83855247841237,6.27,-2.73,-113.528631676085,81c39737fa6ec4907d965129e58463918a3fd2b55495f7321d45f6ec75504d01,0.992854535934479,0.00714546406552119,0.636196908266124,0.654093383074135,0.645430670005396,0.927287739939877,1385.33333333333,-1.0,0.316,-0.00866271306873934,-0.0238115432924252,459.0,70e8deb5e95f6cc2d9dd899c6057f741c3d1739f,2026-08-18 08:07:04,2026-06-06 14:01:41,2026-05-09-OAK-SEA,cascades,spiders,16,26,2026-05-09 15:00:00
jvallee,8.45,21.81,wfrankenb,13.09,31.56,0,0,0,"mawais,wfrankenb,dritthale,cboydflie,arees,lgordon,jvallee",False,2026-05-09-OAK-SEA,11,12,3,2,672.0,1,3,True,True,340,away,221,1778368235.0,18,False,"korser,jbrown,rmcleod,alantz,isweeney,mobrien2,bkassmull",222,460,24a017517d81aa4680a414d18b4055042ad3ca87bff2ff68cdcebd4e47e313f2,1778368235.0,False,340,658.666666666667,10.7977821796886,4.64,9.75,-25.4496570399509,f46ed216a1e617d352488b78bfaae55211f26415cf042ba0f049ea87c22d5260,0.985070929453901,0.0149290705460992,0.636196908266124,0.64200139369203,0.66402325656335,0.890625664114958,1378.66666666667,-1.0,0.313,0.0220218628713202,0.0605323686677994,460.0,c75640fdcd8a5f3954aa08bfdb38ed838429c4d3,2026-08-18 08:07:04,2026-06-06 14:01:41,2026-05-09-OAK-SEA,cascades,spiders,16,26,2026-05-09 15:00:00
wfrankenb,13.09,31.56,,13.09,31.56,1,0,0,"mawais,wfrankenb,dritthale,cboydflie,arees,lgordon,jvallee",False,2026-05-09-OAK-SEA,11,12,3,2,672.0,1,4,True,True,341,away,222,1778368240.0,22,False,"korser,jbrown,rmcleod,alantz,isweeney,mobrien2,bkassmull",223,461,6ad7b59009836cbfc6ddd6a404a52ae19a5ecc01e4ec163f54b883dc2e05a1be,1778368240.0,False,341,652.0,0.0,0.0,0.0,-90.0,0d0b652fb1ac5afa577c73048e5508e6d297c65f457d66506939fb511c8a8585,0.5,-0.5,0.636196908266124,0.661241293454372,0.661241293454372,0.889407520732845,1372.0,-1.0,0.461,-0.889407520732845,-0.889407520732845,461.0,6ff7207654defacf242474175e55c7ab244fa2b3,2026-08-18 08:07:04,2026-06-06 14:01:41,2026-05-09-OAK-SEA,cascades,spiders,16,26,2026-05-09 15:00:00
isweeney,-17.86,20.46,jbrown,-5.62,81.04,0,0,0,"korser,jbrown,rmcleod,alantz,isweeney,mobrien2,bkassmull",True,2026-05-09-OAK-SEA,11,12,3,2,672.0,2,1,False,False,342,home,239,1778368265.0,18,False,"mawais,wfrankenb,dritthale,cboydflie,arees,lgordon,jvallee",240,463,09043bc7d4ccbee17cbc0d3fa6a400da67b44a264c34412be9724c3eab7e5ff2,1778368265.0,False,342,645.333333333333,61.8041584361441,12.24,60.58,-11.4226548750678,7b2ae28026936e03af5dd4261933802698bd99dbffd54700af1d6316b72361bc,0.563902855718353,0.436097144281647,0.617191037662912,0.617191037662912,0.86088638470717,0.688733290681694,1365.33333333333,-1.0,0.453,0.243695347044258,0.636597809927106,463.0,e432bd08b55ebbd113988b876d14a62853ace337,2026-08-18 08:07:04,2026-06-06 14:01:41,2026-05-09-OAK-SEA,cascades,spiders,16,26,2026-05-09 15:00:00
jbrown,-5.62,81.04,alantz,-0.08,69.46,0,0,0,"korser,jbrown,rmcleod,alantz,isweeney,mobrien2,bkassmull",True,2026-05-09-OAK-SEA,11,12,3,2,672.0,2,2,False,False,343,home,240,1778368269.0,18,False,"mawais,wfrankenb,dritthale,cboydflie,arees,lgordon,jvallee",241,464,688cbc74df51af8d76d07843fcf63a715e6dadf3dafd1bc523fd6e78846566fa,1778368269.0,False,343,638.666666666667,12.8369778374819,5.54,-11.58,-154.43303216633,f345204e920f5eb4137eb07d8923efaaf954d822fe80c5ad787e0a40754e398e,0.980147007497651,0.0198529925023487,0.617191037662912,0.859933191274613,0.810117517430643,0.73010423821609,1358.66666666667,-1.0,0.439,-0.0498156738439701,-0.130131942418068,464.0,a5b40f850a695a8b5b5e3c45b14cd335d6753f28,2026-08-18 08:07:04,2026-06-06 14:01:41,2026-05-09-OAK-SEA,cascades,spiders,16,26,2026-05-09 15:00:00
alantz,-0.08,69.46,mobrien2,20.83,84.75,0,0,0,"korser,jbrown,rmcleod,alantz,isweeney,mobrien2,bkassmull",True,2026-05-09-OAK-SEA,11,12,3,2,672.0,2,3,False,False,344,home,241,1778368271.0,18,False,"mawais,wfrankenb,dritthale,cboydflie,arees,lgordon,jvallee",242,465,44532be478007d436bff2a8e8c4add3e9e36bf0b13a67838d9461aea0071373e,1778368271.0,False,344,632.0,25.903903180795,20.91,15.29,-53.8246430670315,4de8b03d4607f6f68cce853a5e029b611851bf3ff4acc30d01248118816dbcb4,0.937484284784234,0.0625157152157659,0.617191037662912,0.80920267334857,0.857585387422182,0.643061029153693,1352.0,-1.0,0.452,0.0483827140736121,0.126388665976446,465.0,3b6d92b7690a216f32eb480706db2ed5c4de11c0,2026-08-18 08:07:04,2026-06-06 14:01:41,2026-05-09-OAK-SEA,cascades,spiders,16,26,2026-05-09 15:00:00
mobrien2,20.83,84.75,bkassmull,14.93,70.04,0,0,0,"korser,jbrown,rmcleod,alantz,isweeney,mobrien2,bkassmull",True,2026-05-09-OAK-SEA,11,12,3,2,672.0,2,4,False,False,345,home,242,1778368275.0,18,False,"mawais,wfrankenb,dritthale,cboydflie,arees,lgordon,jvallee",243,466,965b3c43a0ace2e891a0625c2aa9eaf1bd56d000df4a14d9fcac9c9369793748,1778368275.0,False,345,625.333333333333,15.8491040756252,-5.9,-14.71,158.144886225204,03034adc2658eddcdbe879d68494aa16a32e7823ea184f740a72f4529cf1f386,0.969762710671332,0.0302372893286682,0.617191037662912,0.857083232433485,0.803804744374128,0.717763028627383,1345.33333333333,-1.0,0.438,-0.0532784880593564,-0.139177744779239,466.0,73a5b2626e1a8200c14826cf1e21596267c4e665,2026-08-18 08:07:04,2026-06-06 14:01:41,2026-05-09-OAK-SEA,cascades,spiders,16,26,2026-05-09 15:00:00
bkassmull,14.93,70.04,mobrien2,11.87,75.72,0,0,0,"korser,jbrown,rmcleod,alantz,isweeney,mobrien2,bkassmull",True,2026-05-09-OAK-SEA,11,12,3,2,672.0,2,5,False,False,346,home,243,1778368279.0,18,False,"mawais,wfrankenb,dritthale,cboydflie,arees,lgordon,jvallee",244,467,d75bc4806f0d26c23b74a081013674082a867ebd3447fb818faa0cd3c908a546,1778368279.0,False,346,618.666666666667,6.45182144824234,-3.06,5.67999999999999,28.3127851127776,449662520d6f9247dae2f2d1ce93ba6438aeaeaa8ffe175926f944b05435b14f,0.981903625949895,0.0180963740501054,0.617191037662912,0.803419021917504,0.83287151944944,0.699930580371444,1338.66666666667,-1.0,0.445,0.0294524975319362,0.0769378474112145,467.0,9c38675c4be2b7373c878c1fc3c8a0470d872668,2026-08-18 08:07:04,2026-06-06 14:01:41,2026-05-09-OAK-SEA,cascades,spiders,16,26,2026-05-09 15:00:00
mobrien2,11.87,75.72,bkassmull,4.95,66.33,0,0,0,"korser,jbrown,rmcleod,alantz,isweeney,mobrien2,bkassmull",True,2026-05-09-OAK-SEA,11,12,3,2,672.0,2,6,False,False,347,home,244,1778368281.0,18,False,"mawais,wfrankenb,dritthale,cboydflie,arees,lgordon,jvallee",245,468,bf016fc2f4758ea55486f026201c1d4d98c6c8a251a758a6fcdff9d47d2411db,1778368281.0,False,347,612.0,11.6644116868362,-6.92,-9.39,143.611485608014,cd3abb078f2c87b8e23e6ffdac9349405c8950ae2989ba1b0ee4e824b278b1ec,0.980952963585334,0.0190470364146659,0.617191037662912,0.832738971905543,0.79387246576442,0.739632282762167,1332.0,-1.0,0.435,-0.0388665061411233,-0.101529770629818,468.0,ea283a83760ad519c016ac447e0518fb7e724fd6,2026-08-18 08:07:04,2026-06-06 14:01:41,2026-05-09-OAK-SEA,cascades,spiders,16,26,2026-05-09 15:00:00
bkassmull,4.95,66.33,rmcleod,-23.76,87.3,0,0,0,"korser,jbrown,rmcleod,alantz,isweeney,mobrien2,bkassmull",True,2026-05-09-OAK-SEA,11,12,3,2,672.0,2,7,False,False,348,home,245,1778368285.0,18,False,"mawais,wfrankenb,dritthale,cboydflie,arees,lgordon,jvallee",246,469,5cd18b87c782d9e4889a22c268707425ad93aaccf9f69def40c9753cd18a2d9f,1778368285.0,False,348,605.333333333333,35.5528479871866,-28.71,20.97,53.8553266532153,b70b8806bc1067232550b49c78462c2c26527d7ebd4a445886e804542d991d6b,0.827604942335848,0.172395057664152,0.617191037662912,0.793933151385548,0.857853655767466,0.611304987844006,1325.33333333333,-1.0,0.451,0.0639205043819175,0.166977554526614,469.0,831ab70319627f5291c52cabab8f76d219ac7682,2026-08-18 08:07:04,2026-06-06 14:01:41,2026-05-09-OAK-SEA,cascades,spiders,16,26,2026-05-09 15:00:00
rmcleod,-23.76,97.3,mobrien2,-2.99,104.19,0,0,0,"korser,jbrown,rmcleod,alantz,isweeney,mobrien2,bkassmull",True,2026-05-09-OAK-SEA,12,12,3,2,672.0,2,8,False,False,349,home,247,1778368321.0,19,False,"mawais,wfrankenb,dritthale,cboydflie,arees,lgordon,jvallee",248,471,ed8daabc88100469b140ad1b397a8025f69fc4a86e8be0cbc1b6b034d2ac5964,1778368321.0,False,349,598.666666666667,21.8829842571803,20.77,6.89,-71.647848488682,84446d92082440039e398de9430dce29665644f973b5df60a8bbd9a9517ae14f,0.889285792320114,0.110714207679886,0.617191037662912,0.901842531871234,1.0,0.629210641670948,1318.66666666667,-1.0,0.476,0.0981574681287664,0.256413714897125,471.0,48ed3f3d9c8272699e53ff8a6a01695d2c2734a8,2026-08-18 08:07:04,2026-06-06 14:01:41,2026-05-09-OAK-SEA,cascades,spiders,16,26,2026-05-09 15:00:00
rvickersb,10.09,13.77,emagsig,0.68,16.97,0,0,0,"rvickersb,klew,emagsig,clankford,aorme,jwhealan,dwhited",False,2026-05-09-OAK-SEA,12,12,3,3,592.0,1,1,True,True,350,away,225,1778368457.0,18,False,"emurray,alantz,bkassmull,ksmart,nmahan,isweeney,gharris",226,475,1ad87cb9b9126921c0c3db6fd64ff6a3ed1c3acb42d5befce0f04953b69cbd34,1778368457.0,False,350,592.0,9.93922029135083,-9.41,3.2,71.2186921092681,9b46c077f605d077b2659d4a61a9062747313f45b80b4dc43b781a8333b96fd7,0.99005422504565,0.00994577495434956,0.612212019356792,0.612212019356792,0.622561126232965,0.92967722212147,1312.0,0.0,0.49,0.0103491068761734,0.0266875390490643,475.0,2c92914857843d2a861fb5759b876a8a614329f2,2026-08-18 08:07:04,2026-06-06 14:01:41,2026-05-09-OAK-SEA,cascades,spiders,16,26,2026-05-09 15:00:00
emagsig,0.68,16.97,klew,-8.19,27.47,0,0,0,"rvickersb,klew,emagsig,clankford,aorme,jwhealan,dwhited",False,2026-05-09-OAK-SEA,12,12,3,3,592.0,1,2,True,True,351,away,226,1778368461.0,18,False,"emurray,alantz,bkassmull,ksmart,nmahan,isweeney,gharris",227,477,d428cd4201d931f0c13b46bfb97f487c207101a69f236a3fe7f0321496c893ab,1778368461.0,False,351,586.333333333333,13.7450682064514,-8.87,10.5,40.1898500180937,ea7db005de3949d8bf8319c9b148ca415d0b7bc2407b9dfaf5988f271503514c,0.982326177112131,0.0176738228878688,0.612212019356792,0.623214062959409,0.649112418371499,0.904269384644012,1306.33333333333,0.0,0.485,0.0258983554120894,0.0667848327045434,477.0,74458d81c1e9dc11eeae4115d6cb35a91a286fe6,2026-08-18 08:07:04,2026-06-06 14:01:41,2026-05-09-OAK-SEA,cascades,spiders,16,26,2026-05-09 15:00:00
klew,-8.19,27.47,dwhited,-13.03,85.97,0,0,0,"rvickersb,klew,emagsig,clankford,aorme,jwhealan,dwhited",False,2026-05-09-OAK-SEA,12,12,3,3,592.0,1,3,True,True,352,away,227,1778368469.0,18,False,"emurray,alantz,bkassmull,ksmart,nmahan,isweeney,gharris",228,478,75a6ac12e117cb2b4c429fa08acff0c5dafce47c27e9bb208a0e67557fbf46f1,1778368469.0,False,352,580.666666666667,58.6998773422909,-4.84,58.5,4.72959689336977,3b012bdaf589010fa7700479b52bb49bcea0000ec4bed8e6a707367cd709dd2f,0.615418619097709,0.384581380902291,0.612212019356792,0.649855578341685,0.877471485541751,0.664320759051018,1300.66666666667,0.0,0.43,0.227615907200066,0.586959675290938,478.0,c8ce5c627caa58f9e6176b9c91006d5761729a70,2026-08-18 08:07:04,2026-06-06 14:01:41,2026-05-09-OAK-SEA,cascades,spiders,16,26,2026-05-09 15:00:00
dwhited,-13.03,85.97,aorme,-6.35,82.43,0,0,0,"rvickersb,klew,emagsig,clankford,aorme,jwhealan,dwhited",False,2026-05-09-OAK-SEA,12,12,3,3,592.0,1,4,True,True,353,away,228,1778368473.0,18,False,"emurray,alantz,bkassmull,ksmart,nmahan,isweeney,gharris",229,479,dea1d301abb16177c2243e311ea8a1331ad9e0c001d6e119c91bd05866c8302b,1778368473.0,False,353,575.0,7.56002645498016,6.68,-3.53999999999999,-117.920911153185,ad13bfc2ba9a1a6602d330e5b8a3bda3a77ea59de5f2892aef4a6cb7cc4708af,0.980139411117581,0.0198605888824188,0.612212019356792,0.877862862031004,0.865735073139854,0.682321491591293,1295.0,0.0,0.433,-0.0121277888911501,-0.0312742774312762,479.0,9d5e31c25242acc2762cfe0bd670a6e96805f50f,2026-08-18 08:07:04,2026-06-06 14:01:41,2026-05-09-OAK-SEA,cascades,spiders,16,26,2026-05-09 15:00:00
aorme,-6.35,82.43,dwhited,0.2,87.47,0,0,0,"rvickersb,klew,emagsig,clankford,aorme,jwhealan,dwhited",False,2026-05-09-OAK-SEA,12,12,3,3,592.0,1,5,True,True,354,away,229,1778368475.0,18,False,"emurray,alantz,bkassmull,ksmart,nmahan,isweeney,gharris",230,480,1c5d7bd64f3738d5a4814b698e6b1288c8c503dca197e6b0af1ebb3982ee36dc,1778368475.0,False,354,569.333333333333,8.26462945327859,6.55,5.03999999999999,-52.4229541490999,0e6d1b47a98d86fa4b58d91fd16154506a9c7080ff051fef66bbe91725e41508,0.978951230918665,0.0210487690813355,0.612212019356792,0.866190305878156,0.886826758051899,0.667829099771541,1289.33333333333,0.0,0.427,0.0206364521737437,0.0532158117420628,480.0,3d8f3cd06fb49c7826734fd5a211bf9128ac194f,2026-08-18 08:07:04,2026-06-06 14:01:41,2026-05-09-OAK-SEA,cascades,spiders,16,26,2026-05-09 15:00:00
dwhited,0.2,87.47,emagsig,-8.46,105.61,0,0,0,"rvickersb,klew,emagsig,clankford,aorme,jwhealan,dwhited",False,2026-05-09-OAK-SEA,12,13,3,3,592.0,1,6,True,True,355,away,230,1778368490.0,19,False,"emurray,alantz,bkassmull,ksmart,nmahan,isweeney,gharris",231,482,7322b7dc5dd4ff61e96fb234d96b02b576b216fb39e357498ccda9adc36d3cc8,1778368490.0,False,355,563.666666666667,20.1011243466628,-8.66,18.14,25.5197168163135,3c85eeecb04a3e7eeb74bb75a23e87ff174133ee09898638ec407d919dcbe27e,0.927556281297775,0.0724437187022253,0.612212019356792,0.887237086080016,1.0,0.63238604692638,1283.66666666667,0.0,0.407,0.112762913919984,0.290784963816952,482.0,85a8e109ad1dba3f33adb9df1c3f9a8616d9bc90,2026-08-18 08:07:04,2026-06-06 14:01:41,2026-05-09-OAK-SEA,cascades,spiders,16,26,2026-05-09 15:00:00
cbelfield,0.0,40.0,mmunoz,-7.66,47.47,0,0,0,"zraunig,cbelfield,eshipway,mmunoz,tli,nstoppel,slofink",True,2026-05-09-OAK-SEA,12,13,3,4,558.0,1,1,True,True,356,home,252,1778368557.0,18,False,"arosentha,ichang,cbernard,tgoss,aorme,mwilliams,emagsig",253,486,d7c0d6d1259209965c3cb43e95328f066bbafc9228c23caf6ab1dd2b7764c5cc,1778368557.0,False,356,558.0,10.6993691402811,-7.66,7.47,45.7194729619016,ca8d4a328f75d0230e6221a71cf6ebb2c454db5494d18f949d7ac8d8d12e92a0,0.983419185406843,0.0165808145931569,0.609464983653215,0.693881922353907,0.719792800560623,0.824659647999203,1278.0,-1.0,0.419,0.0259108782067163,0.0663471318118838,486.0,477c8bc8903125bfbb7f4dafd7ab450ea004cbf0,2026-08-18 08:07:04,2026-06-06 14:01:41,2026-05-09-OAK-SEA,cascades,spiders,16,26,2026-05-09 15:00:00
mmunoz,-7.66,47.47,tli,5.1,27.3,0,0,0,"zraunig,cbelfield,eshipway,mmunoz,tli,nstoppel,slofink",True,2026-05-09-OAK-SEA,12,13,3,4,558.0,1,2,True,True,357,home,253,1778368561.0,18,False,"arosentha,ichang,cbernard,tgoss,aorme,mwilliams,emagsig",254,487,a5b31b57d7d09db3ce5296ac661291e69ec035fa844fd2b6ef60b6044a21b393,1778368561.0,False,357,557.875,23.8672683816142,12.76,-20.17,-147.681625551077,96d0876e82fb2ded7e7ebdc4d49ef09435086dd2754f5541783209419435e50a,0.979024457883501,0.020975542116499,0.609464983653215,0.719811321866946,0.653865995885278,0.906892975536499,1277.875,-1.0,0.407,-0.0659453259816677,-0.168858932544758,487.0,adf1c2422067e5d468382587c1484876cf2d5c8f,2026-08-18 08:07:04,2026-06-06 14:01:41,2026-05-09-OAK-SEA,cascades,spiders,16,26,2026-05-09 15:00:00
tli,5.1,27.3,mmunoz,-5.69,35.46,0,0,0,"zraunig,cbelfield,eshipway,mmunoz,tli,nstoppel,slofink",True,2026-05-09-OAK-SEA,12,13,3,4,558.0,1,3,True,True,358,home,254,1778368564.0,18,False,"arosentha,ichang,cbernard,tgoss,aorme,mwilliams,emagsig",255,488,1530f92b433ddf7930de727df544896598348ecfee6fb3cf2e796db85ed07007,1778368564.0,False,358,557.75,13.5281077760343,-10.79,8.16,52.9013948097358,21ce987c49ba484e83de40dd1195173918bf5f3ab0c36e0ad995c1ab9fca9a3c,0.981619235737739,0.0183807642622608,0.609464983653215,0.653886775348829,0.678273633811641,0.875828156688105,1277.75,-1.0,0.411,0.0243868584628125,0.0624447423202575,488.0,82d9e1d94782b3e16e5b308a3247818754ea482f,2026-08-18 08:07:04,2026-06-06 14:01:41,2026-05-09-OAK-SEA,cascades,spiders,16,26,2026-05-09 15:00:00
mmunoz,-5.69,35.46,cbelfield,-20.26,53.37,0,0,0,"zraunig,cbelfield,eshipway,mmunoz,tli,nstoppel,slofink",True,2026-05-09-OAK-SEA,12,13,3,4,558.0,1,4,True,True,359,home,255,1778368567.0,18,False,"arosentha,ichang,cbernard,tgoss,aorme,mwilliams,emagsig",256,489,12a4e449181218f6f8456e0bb7a9ec3aae6f2c3771b629fe0cf6e6500a6e49b7,1778368567.0,False,359,557.625,23.0879405751141,-14.57,17.91,39.1287681746358,06d08461895071006efc8101fdd3dd260890183f45108960e37ff41985790da1,0.958215849346452,0.0417841506535479,0.609464983653215,0.678293664712794,0.71968813717932,0.777082539882904,1277.625,-1.0,0.419,0.0413944724665254,0.105994266157604,489.0,cf83aa3065b38c1c4b8964e167565641f85fbd9c,2026-08-18 08:07:04,2026-06-06 14:01:41,2026-05-09-OAK-SEA,cascades,spiders,16,26,2026-05-09 15:00:00
cbelfield,-20.26,53.37,mmunoz,-11.81,41.57,0,0,0,"zraunig,cbelfield,eshipway,mmunoz,tli,nstoppel,slofink",True,2026-05-09-OAK-SEA,12,13,3,4,558.0,1,5,True,True,360,home,256,1778368572.0,18,False,"arosentha,ichang,cbernard,tgoss,aorme,mwilliams,emagsig",257,490,cdff8aa144063cf79940eac591165b8af5c9724f3ac9bdb7824fe1ae446e7b82,1778368572.0,False,360,557.5,14.5135281720194,8.45,-11.8,-144.393484700683,b32986915ad65e94a8c631a8c29afd6a119122c6172fb531f980d5d9ac213262,0.980592346202522,0.019407653797478,0.609464983653215,0.719706651011752,0.695622418821826,0.848208623851138,1277.5,-1.0,0.414,-0.0240842321899254,-0.061669840556728,490.0,6444f3bb1d3899d395208fe0eed43ce0e1a8d054,2026-08-18 08:07:04,2026-06-06 14:01:41,2026-05-09-OAK-SEA,cascades,spiders,16,26,2026-05-09 15:00:00
mmunoz,-11.81,41.57,cbelfield,-19.39,32.11,0,0,0,"zraunig,cbelfield,eshipway,mmunoz,tli,nstoppel,slofink",True,2026-05-09-OAK-SEA,12,13,3,4,558.0,1,6,True,True,361,home,257,1778368575.0,18,False,"arosentha,ichang,cbernard,tgoss,aorme,mwilliams,emagsig",258,491,09efabdbcd5133a1bdaf3a4d7fb27108710d757009a54ed4bcbdaa38f55993d9,1778368575.0,False,361,557.375,12.1222110194469,-7.58,-9.46,141.295902309089,e8c03d21a72d7de55b83ece6449e0678d7abbde024393234d9b5d18c5dd5d27f,0.990990972363543,0.00900902763645695,0.609464983653215,0.695641845370583,0.645044624733659,0.877212061149398,1277.375,-1.0,0.406,-0.0505972206369236,-0.129558729740113,491.0,82f2781a6855f18b950cd451644b13bef3795749,2026-08-18 08:07:04,2026-06-06 14:01:41,2026-05-09-OAK-SEA,cascades,spiders,16,26,2026-05-09 15:00:00
cbelfield,-19.39,32.11,nstoppel,23.75,30.14,0,0,0,"zraunig,cbelfield,eshipway,mmunoz,tli,nstoppel,slofink",True,2026-05-09-OAK-SEA,12,13,3,4,558.0,1,7,True,True,362,home,258,1778368579.0,18,False,"arosentha,ichang,cbernard,tgoss,aorme,mwilliams,emagsig",259,492,fa5092563ad1052b2431d7aee623424476a7dbf989364398850bc00765199762,1778368579.0,False,362,557.25,43.1849568715774,43.14,-1.97,-92.6146111544305,78f3bdd51700d9113b57652697d16bb737d3390792bf73b628be89bfc6ff3ad6,0.885495948331947,0.114504051668053,0.609464983653215,0.645065627069562,0.609443155836852,0.872749636639208,1277.25,-1.0,0.4,-0.03562247123271,-0.0912145383682527,492.0,92c334e97be57997d4d50f3e07368831001ed29f,2026-08-18 08:07:04,2026-06-06 14:01:41,2026-05-09-OAK-SEA,cascades,spiders,16,26,2026-05-09 15:00:00
nstoppel,23.75,30.14,zraunig,23.75,30.14,1,1,0,"zraunig,cbelfield,eshipway,mmunoz,tli,nstoppel,slofink",True,2026-05-09-OAK-SEA,12,13,3,4,558.0,1,8,True,True,363,home,259,1778368590.0,20,False,"arosentha,ichang,cbernard,tgoss,aorme,mwilliams,emagsig",260,494,68343e6555d5ea80fb05173b99bc145ad590f719759849215087072ebfd84fe9,1778368590.0,False,363,557.125,0.0,0.0,0.0,-90.0,f30cdd65df90f59112e19c3a007d6971364726575f08903fd0c0ca6834ca0ead,0.5,1.0,0.609464983653215,0.609464983653215,0.609464983653215,0.8727598209362,1277.125,-1.0,0.27,-0.8727598209362,-0.8727598209362,494.0,47cc9596c3ae1ec7ca6485526317349e305bd2bd,2026-08-18 08:07:04,2026-06-06 14:01:41,2026-05-09-OAK-SEA,cascades,spiders,16,26,2026-05-09 15:00:00
aorme,-18.83,56.31,emagsig,-7.85,67.15,0,0,0,"arosentha,ichang,cbernard,tgoss,aorme,mwilliams,emagsig",False,2026-05-09-OAK-SEA,12,13,3,4,557.0,2,1,False,False,364,away,234,1778368596.0,18,False,"zraunig,cbelfield,eshipway,mmunoz,tli,nstoppel,slofink",235,495,fd9900f63645da12aa0bce814862f3f902781e44994c7c9f146819c57fe16c54,1778368596.0,False,364,557.0,15.4293875445528,10.98,10.84,-45.367612239357,50e09c481f978bbb99b19abf34080670b2eac290f7675ff7791843b629a496bb,0.959784660502591,0.0402153394974087,0.738418506288599,0.738418506288599,0.801282987844376,0.740783733792546,1277.0,-1.0,0.286,0.0628644815557773,0.240324652420307,495.0,a2d5139b4896f4423099717fd80a690c3c04bc8e,2026-08-18 08:07:04,2026-06-06 14:01:41,2026-05-09-OAK-SEA,cascades,spiders,16,26,2026-05-09 15:00:00
emagsig,-7.85,67.15,aorme,-3.14,62.59,0,0,0,"arosentha,ichang,cbernard,tgoss,aorme,mwilliams,emagsig",False,2026-05-09-OAK-SEA,12,13,3,4,557.0,2,2,False,False,365,away,235,1778368599.0,18,False,"zraunig,cbelfield,eshipway,mmunoz,tli,nstoppel,slofink",236,496,d20719a0fed67d1e919d8929b20f0992b3b231af986cbb47a96a51f52d26b24c,1778368599.0,False,365,545.5,6.55573794473208,4.71,-4.56,-134.072964730228,b8603b973ec716bdbc1236bcff3259fcc805ef19412391f0292cc9beac8c6f68,0.988340016026781,0.0116599839732193,0.738418506288599,0.802582027100518,0.78366350666247,0.761882283544359,1265.5,-1.0,0.29,-0.0189185204380482,-0.0723236195711945,496.0,2a537630362c3de398ecae3b1863ec3c5ee514c0,2026-08-18 08:07:04,2026-06-06 14:01:41,2026-05-09-OAK-SEA,cascades,spiders,16,26,2026-05-09 15:00:00
aorme,-3.14,62.59,emagsig,-0.41,68.45,0,0,0,"arosentha,ichang,cbernard,tgoss,aorme,mwilliams,emagsig",False,2026-05-09-OAK-SEA,12,13,3,4,557.0,2,3,False,False,366,away,236,1778368600.0,18,False,"zraunig,cbelfield,eshipway,mmunoz,tli,nstoppel,slofink",237,497,f48afc71179faf9309684cfd42bd811ecfa713272a8828c5cd3a200557a9a37e,1778368600.0,False,366,534.0,6.46471190386702,2.73,5.86,-24.9794137659811,004b29f6a7f5651a17c459f294f59d92cd00d8cdfad62581ef0b245348edd5e4,0.986244690015883,0.013755309984117,0.738418506288599,0.784868550642401,0.810157152162613,0.739696857573545,1254.0,-1.0,0.284,0.0252886015202117,0.096675805162701,497.0,0d898f815764173fc5b780e330e6820b4eeeac5b,2026-08-18 08:07:04,2026-06-06 14:01:41,2026-05-09-OAK-SEA,cascades,spiders,16,26,2026-05-09 15:00:00
emagsig,-0.41,68.45,aorme,2.72,75.13,0,0,0,"arosentha,ichang,cbernard,tgoss,aorme,mwilliams,emagsig",False,2026-05-09-OAK-SEA,12,13,3,4,557.0,2,4,False,False,367,away,237,1778368605.0,18,False,"zraunig,cbelfield,eshipway,mmunoz,tli,nstoppel,slofink",238,498,f5c6f0ac7b10e808ac98e28260395653c9c27f6361732de137ff147cc19fa0b3,1778368605.0,False,367,522.5,7.37694381163364,3.13,6.67999999999999,-25.1060441563585,e0738e511c536acdbc63a45355b8d7728332eb4543118d38613e7c2b2eb838e5,0.983845452572334,0.016154547427666,0.738418506288599,0.811040554705189,0.839595790356399,0.715454249413685,1242.5,-1.0,0.277,0.0285552356512107,0.10916382212694,498.0,729f5886798da7c16860a6a672290f3938ad0d08,2026-08-18 08:07:04,2026-06-06 14:01:41,2026-05-09-OAK-SEA,cascades,spiders,16,26,2026-05-09 15:00:00
aorme,2.72,75.13,emagsig,4.91,85.15,0,0,0,"arosentha,ichang,cbernard,tgoss,aorme,mwilliams,emagsig",False,2026-05-09-OAK-SEA,12,13,3,4,557.0,2,5,False,False,368,away,238,1778368606.0,18,False,"zraunig,cbelfield,eshipway,mmunoz,tli,nstoppel,slofink",239,499,f5722376e8996a68b51305d8487b92c147c05a01e639be7376e15bebef2b4740,1778368606.0,False,368,511.0,10.2565345024526,2.19,10.02,-12.3288549756377,7f9165ce96fa497d509a26788fad9e6f42a5211d5f58889c6334ee0a76e7e439,0.975571919996266,0.024428080003734,0.738418506288599,0.840199657934899,0.88111257997428,0.682155286226044,1231.0,-1.0,0.267,0.0409129220393805,0.156406026507819,499.0,05fd29232227878136e540606c18111c122dfb59,2026-08-18 08:07:04,2026-06-06 14:01:41,2026-05-09-OAK-SEA,cascades,spiders,16,26,2026-05-09 15:00:00
emagsig,4.91,85.15,mwilliams,6.41,109.84,0,0,0,"arosentha,ichang,cbernard,tgoss,aorme,mwilliams,emagsig",False,2026-05-09-OAK-SEA,12,14,3,4,557.0,2,6,False,False,369,away,239,1778368620.0,19,False,"zraunig,cbelfield,eshipway,mmunoz,tli,nstoppel,slofink",240,501,1bbe19de6c8169d38a50b4ef3bcd33a6a7de28d25b028e4b22f1b44c173c3300,1778368620.0,False,369,499.5,24.7355230387392,1.5,24.69,-3.47663687168384,fa869be1c61b8967d6ce38dac5d5f4c346b24ecaf2559b8427268348af1bcc66,0.895965148797439,0.104034851202561,0.738418506288599,0.881462438888333,1.0,0.641076664878867,1219.5,-1.0,0.248,0.118537561111667,0.453157291174611,501.0,94dd054d99029ed4ab33ef403a04bc705b3871c4,2026-08-18 08:07:04,2026-06-06 14:01:41,2026-05-09-OAK-SEA,cascades,spiders,16,26,2026-05-09 15:00:00
korser,18.21,14.92,dmourad,1.96,25.48,0,0,0,"bkassmull,alantz,gleahy,dmourad,jbrown,korser,rmcleod",True,2026-05-09-OAK-SEA,12,14,3,5,488.0,1,1,True,True,370,home,262,1778368686.0,18,False,"rvickersb,jwhealan,clankford,emagsig,klew,lgrench,jvallee",263,503,441444535c05544d02efa9dd09412d9e2d50f92285d7f3d5b6637b68af7b175b,1778368686.0,False,370,488.0,19.37978586053,-16.25,10.56,56.9823295303081,58b304eb4d26c1c5b336db447fba6e768b89b7e9cced032f3afe5bc3b63df2ef,0.968930699657377,0.0310693003426228,0.608077121505815,0.608077121505815,0.656474687758692,0.915884967082983,1208.0,-2.0,0.256,0.0483975662528768,0.12348747396127,503.0,841aa719423212c4574df3eedf0dbf908d58426a,2026-08-18 08:07:04,2026-06-06 14:01:41,2026-05-09-OAK-SEA,cascades,spiders,16,26,2026-05-09 15:00:00
dmourad,1.96,25.48,korser,-21.57,34.51,0,0,0,"bkassmull,alantz,gleahy,dmourad,jbrown,korser,rmcleod",True,2026-05-09-OAK-SEA,12,14,3,5,488.0,1,2,True,True,371,home,263,1778368695.0,18,False,"rvickersb,jwhealan,clankford,emagsig,klew,lgrench,jvallee",264,506,50842387bad9cca2d170e814e8619df41122e567cd58b09ef694db796b76aecf,1778368695.0,False,371,481.0,25.2032101129995,-23.53,9.03,69.0049254489099,e031d7caf40d41b9a680dead48176e8605bc5e0e5ad792827847e4c513770415,0.965651105218872,0.0343488947811281,0.608077121505815,0.656689779756559,0.64764646790663,0.864859662630181,1201.0,-2.0,0.255,-0.00904331184992924,-0.0230742126733574,506.0,931fa3f2997f3de949b35f4721e1131538bd0dc5,2026-08-18 08:07:04,2026-06-06 14:01:41,2026-05-09-OAK-SEA,cascades,spiders,16,26,2026-05-09 15:00:00
korser,-21.57,34.51,gleahy,-0.08,111.04,0,0,0,"bkassmull,alantz,gleahy,dmourad,jbrown,korser,rmcleod",True,2026-05-09-OAK-SEA,13,14,3,5,488.0,1,3,True,True,372,home,264,1778368702.0,19,False,"rvickersb,jwhealan,clankford,emagsig,klew,lgrench,jvallee",265,507,4ab9d313ff0bd813e478fa7f9dc69a24ff1079d20cefa8ff3364d061d4566912,1778368702.0,False,372,474.0,79.4900056610892,21.49,76.53,-15.6850028361393,517a7babf4d28be958eb835dabfac3b701bde6bcb3088bc22119c559b254a658,0.472167514668089,0.527832485331911,0.608077121505815,0.647792913156862,1.0,0.642769602463577,1194.0,-2.0,0.317,0.352207086843138,0.898664268328401,507.0,78565740d9151b863cd972a98ba01af77636593d,2026-08-18 08:07:04,2026-06-06 14:01:41,2026-05-09-OAK-SEA,cascades,spiders,16,26,2026-05-09 15:00:00
lgordon,-8.8,29.38,dritthale,-8.81,29.38,0,0,0,"mawais,wfrankenb,dritthale,dwhited,cboydflie,arees,lgordon",False,2026-05-09-OAK-SEA,13,14,3,6,467.0,1,1,True,True,373,away,244,1778368762.0,18,False,"isweeney,gharris,nmahan,emurray,ksmart,mobrien2,bkassmull",245,510,479a13dbd11081173264beb40289a4ca4a000a6e6a116694c665e4b23a8f767b,1778368762.0,False,373,467.0,0.00999999999999979,-0.00999999999999979,0.0,90.0,4cc1ae56a7227cce2ebc04e0bd68fd884e88bf86344ba4332a4991f9b99f133e,0.5,0.5,0.666217645950123,0.666217645950123,0.666212614392516,0.901852676367125,1187.0,-1.0,0.311,-5.03155760722684e-06,-1.5074366712852e-05,510.0,76322b8a9cbef8a087b56b831db9f74da02f8c40,2026-08-18 08:07:04,2026-06-06 14:01:41,2026-05-09-OAK-SEA,cascades,spiders,16,26,2026-05-09 15:00:00
dritthale,-8.81,29.38,arees,-8.81,29.38,0,0,0,"mawais,wfrankenb,dritthale,dwhited,cboydflie,arees,lgordon",False,2026-05-09-OAK-SEA,13,14,3,6,467.0,1,2,True,True,374,away,245,1778368766.0,18,False,"isweeney,gharris,nmahan,emurray,ksmart,mobrien2,bkassmull",246,511,a9a01ce8ee95985c6fc3e5ce313372cd90e2f0a88df0dfe9ef6a75112ddffc1a,1778368766.0,False,374,462.2,0.0,0.0,0.0,-90.0,f5929667ca8449bcc586fa9163a46af32c3ed3f2e68c8727ad4e3c4590e4a7f5,0.5,0.5,0.666217645950123,0.666233187803175,0.666233187803175,0.901860865315164,1182.2,-1.0,0.311,0.0,0.0,511.0,dcdea3a335b99ad1d80d6f8c55688578fa518fe1,2026-08-18 08:07:04,2026-06-06 14:01:41,2026-05-09-OAK-SEA,cascades,spiders,16,26,2026-05-09 15:00:00
arees,-8.81,29.38,dritthale,-17.46,41.25,0,0,0,"mawais,wfrankenb,dritthale,dwhited,cboydflie,arees,lgordon",False,2026-05-09-OAK-SEA,13,14,3,6,467.0,1,3,True,True,375,away,246,1778368772.0,18,False,"isweeney,gharris,nmahan,emurray,ksmart,mobrien2,bkassmull",247,513,bf4576ae8e79c0a61c4fd8680414f973b1e2d390c646ea4d0d6ff4075c0d2675,1778368772.0,False,375,457.4,14.6873891485179,-8.65,11.87,36.0818670269168,6279dc29ad08c8f4ea0f9ad15b61854360909ea2378dae07cae318d82fbed04f,0.980133015481199,0.0198669845188014,0.666217645950123,0.666228512175452,0.690511119753215,0.846061682889385,1177.4,-1.0,0.307,0.0242826075777635,0.0727498241987199,513.0,946718451a37eeca0af33d501160ea97c52aad1d,2026-08-18 08:07:04,2026-06-06 14:01:41,2026-05-09-OAK-SEA,cascades,spiders,16,26,2026-05-09 15:00:00
dritthale,-17.46,41.25,cboydflie,-18.83,58.36,0,0,0,"mawais,wfrankenb,dritthale,dwhited,cboydflie,arees,lgordon",False,2026-05-09-OAK-SEA,13,14,3,6,467.0,1,4,True,True,376,away,247,1778368775.0,18,False,"isweeney,gharris,nmahan,emurray,ksmart,mobrien2,bkassmull",248,514,d6f7e527d1c7135af9928e06cc169746611e483b8ebb819ed464f6d3cd8894b4,1778368775.0,False,376,452.6,17.1647604119603,-1.37,17.11,4.57791408989137,fd8b459f331e116c2abb204e7025f3f030b9507a20a9305b557da10dead07f76,0.965656858524821,0.0343431414751795,0.666217645950123,0.690484172633713,0.753545538689139,0.765487225406408,1172.6,-1.0,0.295,0.0630613660554258,0.188929598255522,514.0,3f09168af36474fa0793745e2a8310afaf3cc5ba,2026-08-18 08:07:04,2026-06-06 14:01:41,2026-05-09-OAK-SEA,cascades,spiders,16,26,2026-05-09 15:00:00
cboydflie,-18.83,58.36,wfrankenb,-15.08,107.45,0,0,0,"mawais,wfrankenb,dritthale,dwhited,cboydflie,arees,lgordon",False,2026-05-09-OAK-SEA,13,15,3,6,467.0,1,5,True,True,377,away,248,1778368798.0,19,False,"isweeney,gharris,nmahan,emurray,ksmart,mobrien2,bkassmull",249,517,03e17eebec7ca120c6b6be1c6683d0f05495265965d9c4425e2c8f4d2a0dfcc8,1778368798.0,False,377,447.8,49.2330234700247,3.75,49.09,-4.36835801698962,fde59b5a264983f2b903a2b1516603419ae18748e54a1421b610c1bde6183d36,0.658290148480439,0.341709851519561,0.666217645950123,0.753504182120852,1.0,0.631498826186244,1167.8,-1.0,0.249,0.246495817879148,0.738492658129896,517.0,169859907b88575972a66e1bc212afc57c3af6c1,2026-08-18 08:07:04,2026-06-06 14:01:41,2026-05-09-OAK-SEA,cascades,spiders,16,26,2026-05-09 15:00:00
slofink,0.0,60.0,zraunig,15.88,70.92,0,0,0,"gleahy,slofink,nstoppel,eshipway,zraunig,tli,dmourad",True,2026-05-09-OAK-SEA,13,15,3,7,443.0,1,1,True,True,378,home,269,1778368872.0,18,False,"rvickersb,jwhealan,clankford,emagsig,klew,lgrench,arosentha",270,521,ce51b49b8a7f38efed824c7a41a5e32509021af0b95175347d42c637a11ebbdf,1778368872.0,False,378,443.0,19.2722806123199,15.88,10.92,-55.4853523966935,e7053650a9469b2c92901877b9d1bfc923ce72de4965fb91f113354e94140fe5,0.961723954967525,0.0382760450324751,0.776462444928037,0.7770887294443,0.814660268035885,0.723632472981232,1163.0,-2.0,0.282,0.037571538591585,0.16807707581614,521.0,4370f2ecf2c6e914e1f07012843aef4ba6565f54,2026-08-18 08:07:04,2026-06-06 14:01:41,2026-05-09-OAK-SEA,cascades,spiders,16,26,2026-05-09 15:00:00
zraunig,15.88,70.92,slofink,16.68,63.85,0,0,0,"gleahy,slofink,nstoppel,eshipway,zraunig,tli,dmourad",True,2026-05-09-OAK-SEA,13,15,3,7,443.0,1,2,True,True,379,home,270,1778368877.0,18,False,"rvickersb,jwhealan,clankford,emagsig,klew,lgrench,arosentha",271,522,b10c31ca9cc2a59f5cc241d52781caad794b9595641876d7c15172f348abffd5,1778368877.0,False,379,437.538461538462,7.11511770809169,0.799999999999999,-7.07,-173.544203082137,d967f60cb763105fa1768274d2b10480d86729b886e64f51e4756743adb0c53f,0.988179724009278,0.0118202759907219,0.776462444928037,0.8145923165704,0.7815053508664,0.750209624628918,1157.53846153846,-2.0,0.275,-0.0330869657040006,-0.148015243762279,522.0,6ec005b4f377d65daebab51755844aca357ab76b,2026-08-18 08:07:04,2026-06-06 14:01:41,2026-05-09-OAK-SEA,cascades,spiders,16,26,2026-05-09 15:00:00
slofink,16.68,63.85,dmourad,18.14,73.68,0,0,0,"gleahy,slofink,nstoppel,eshipway,zraunig,tli,dmourad",True,2026-05-09-OAK-SEA,13,15,3,7,443.0,1,3,True,True,380,home,271,1778368882.0,18,False,"rvickersb,jwhealan,clankford,emagsig,klew,lgrench,arosentha",272,523,84217912ee9b5b4876234868ccb3015316d2870ae37f224ec3a31af3949372d8,1778368882.0,False,380,432.076923076923,9.9378317554686,1.46,9.83000000000001,-8.44809188854697,18abee5deabf2e3324b28cbb22b571e076176ccae103a33113fd39862f330d23,0.980274437105016,0.019725562894984,0.776462444928037,0.781413031842225,0.821665355408957,0.706548411043948,1152.07692307692,-2.0,0.283,0.0402523235667325,0.180069624335714,523.0,24a4e65bf4c39f998cc37a55b8e1c275f361eb49,2026-08-18 08:07:04,2026-06-06 14:01:41,2026-05-09-OAK-SEA,cascades,spiders,16,26,2026-05-09 15:00:00
dmourad,18.14,63.68,,18.14,63.68,1,0,0,"gleahy,slofink,nstoppel,eshipway,zraunig,tli,dmourad",True,2026-05-09-OAK-SEA,13,15,3,7,443.0,1,4,True,True,381,home,273,1778368907.0,22,False,"rvickersb,jwhealan,clankford,emagsig,klew,lgrench,arosentha",274,525,1d57382f851d55b1e21bd0665c19a4d97c1ecb2d563813f2da1a057b8346ce8f,1778368907.0,False,381,426.615384615385,7.105427357601e-15,0.0,-7.105427357601e-15,-180.0,b0d6c2bf46617a3de20b905c73b2e6663d025670b624a93b137da426f3863524,0.5,-0.5,0.776462444928037,0.776462444928037,0.776462444928037,0.746703863519988,1146.61538461538,-2.0,0.175,-0.746703863519988,-0.746703863519988,525.0,724eca704b59d521cd7cadd27227d81b4d3eb6d8,2026-08-18 08:07:04,2026-06-06 14:01:41,2026-05-09-OAK-SEA,cascades,spiders,16,26,2026-05-09 15:00:00
emagsig,0.0,40.0,klew,-7.51,42.34,0,0,0,"rvickersb,jwhealan,clankford,emagsig,klew,lgrench,arosentha",False,2026-05-09-OAK-SEA,13,15,3,7,443.0,2,1,False,False,382,away,252,1778368913.0,18,False,"gleahy,slofink,nstoppel,eshipway,zraunig,tli,dmourad",253,527,a160b81ce76ac830ae303db5f7632cc3522b9c4da409db3d60d32cbb882002ad,1778368913.0,False,382,421.153846153846,7.86611085607113,-7.51,2.34,72.6937725295541,2e5db09db72119ed4f0f8fd81489127b13fa6dcd3cbb1ec141afe9f2cf780577,0.988832551778812,0.0111674482211883,0.700428437939939,0.700428437939939,0.7074757863435,0.850862103539081,1141.15384615385,-2.0,0.18,0.0070473484035618,0.0235247576742577,527.0,0dd8862ab70ee934a27ba80f8836cefecf821de9,2026-08-18 08:07:04,2026-06-06 14:01:41,2026-05-09-OAK-SEA,cascades,spiders,16,26,2026-05-09 15:00:00
klew,-7.51,42.34,clankford,-15.9,44.79,0,0,0,"rvickersb,jwhealan,clankford,emagsig,klew,lgrench,arosentha",False,2026-05-09-OAK-SEA,13,15,3,7,443.0,2,2,False,False,383,away,253,1778368917.0,18,False,"gleahy,slofink,nstoppel,eshipway,zraunig,tli,dmourad",254,528,56ffd8a9810841cc24464a867ba011259554e1830553d01e70e797cfeeac4aa2,1778368917.0,False,383,415.692307692308,8.74040044849205,-8.39,2.45,73.721440505048,a4e4340b468e7ab4be2acfaa82e249949fad775566430bfa9b23a587670e309d,0.988533778070543,0.0114662219294569,0.700428437939939,0.707323156969017,0.706733067288937,0.833122773181387,1135.69230769231,-2.0,0.18,-0.000590089680079786,-0.001969778693351,528.0,905817442840ad0369960703c3b650e776427112,2026-08-18 08:07:04,2026-06-06 14:01:41,2026-05-09-OAK-SEA,cascades,spiders,16,26,2026-05-09 15:00:00
clankford,-15.9,44.79,rvickersb,-15.21,61.22,0,0,0,"rvickersb,jwhealan,clankford,emagsig,klew,lgrench,arosentha",False,2026-05-09-OAK-SEA,13,15,3,7,443.0,2,3,False,False,384,away,254,1778368923.0,18,False,"gleahy,slofink,nstoppel,eshipway,zraunig,tli,dmourad",255,529,ec581860067c048476329ade9bcaf3bc34165b736ab89a51010bb3cf6e2eaa83,1778368923.0,False,384,410.230769230769,16.4444823573137,0.69,16.43,-2.40480039115887,a84008b9cf80a08d2eb4b5a5684f5681aaadde51e7f98886881d251c018345c6,0.961020075646952,0.0389799243530476,0.700428437939939,0.706571788960233,0.774108227962354,0.762369111748618,1130.23076923077,-2.0,0.171,0.067536439002121,0.225443425062425,529.0,1cd1bdd6ed3f72041c0889d785f5b49eff5a4645,2026-08-18 08:07:04,2026-06-06 14:01:41,2026-05-09-OAK-SEA,cascades,spiders,16,26,2026-05-09 15:00:00
rvickersb,-15.21,61.22,jwhealan,-14.33,75.81,0,0,0,"rvickersb,jwhealan,clankford,emagsig,klew,lgrench,arosentha",False,2026-05-09-OAK-SEA,13,15,3,7,443.0,2,4,False,False,385,away,255,1778368928.0,18,False,"gleahy,slofink,nstoppel,eshipway,zraunig,tli,dmourad",256,530,84ab820e0ff4f2e52f702738836f4f172fad77cc9fde7894b214ec2d027719b8,1778368928.0,False,385,404.769230769231,14.6165146324286,0.880000000000001,14.59,-3.45162969161503,152d8b23649b6b17783500f1287c8f64a9face4ee76ee8794cfe2036b376e17d,0.961921360664273,0.038078639335727,0.700428437939939,0.773967230538646,0.838816164801734,0.70615543455249,1124.76923076923,-2.0,0.161,0.064848934263088,0.216472263979738,530.0,b27d0b4f8eee4fd7816d32ddaa1fdf645f9bad23,2026-08-18 08:07:04,2026-06-06 14:01:41,2026-05-09-OAK-SEA,cascades,spiders,16,26,2026-05-09 15:00:00
jwhealan,-14.33,75.81,rvickersb,-15.42,87.75,0,0,0,"rvickersb,jwhealan,clankford,emagsig,klew,lgrench,arosentha",False,2026-05-09-OAK-SEA,13,15,3,7,443.0,2,5,False,False,386,away,256,1778368930.0,18,False,"gleahy,slofink,nstoppel,eshipway,zraunig,tli,dmourad",257,531,5d16c41374353ecc6d8b0bfbad044e7ca32dbcc95dd52cae9abb32a0bcbe3a45,1778368930.0,False,386,399.307692307692,11.989649702973,-1.09,11.94,5.21606138405836,5b33b2c3eede773353ff3275577ca2894db6f10859fe4f54d924397bfbb9881f,0.968094301519899,0.0319056984801006,0.700428437939939,0.838705025811155,0.887021604040721,0.663256548471656,1119.30769230769,-2.0,0.154,0.0483165782295665,0.161285596994949,531.0,f71a42045ee1f831c4f1d206c0c2564498088265,2026-08-18 08:07:04,2026-06-06 14:01:41,2026-05-09-OAK-SEA,cascades,spiders,16,26,2026-05-09 15:00:00
rvickersb,-15.42,87.75,klew,11.38,90.61,0,0,0,"rvickersb,jwhealan,clankford,emagsig,klew,lgrench,arosentha",False,2026-05-09-OAK-SEA,13,15,3,7,443.0,2,6,False,False,387,away,257,1778368963.0,18,False,"gleahy,slofink,nstoppel,eshipway,zraunig,tli,dmourad",258,533,8aa063d40d669cb8a40a1615971b0a91e11026a8cce99a22472909b330c64ef7,1778368963.0,False,387,393.846153846154,26.9521724541826,26.8,2.86,-83.9086533922086,5b2ac87e63094c48e084ff2823460d676fdfd0f1511f0b87638d8678e18209ba,0.897845863507682,0.102154136492318,0.700428437939939,0.886938907953435,0.900290194178548,0.662807022192346,1113.84615384615,-2.0,0.151,0.0133512862251138,0.0445679360660977,533.0,7a1060914c24400a6ffff11319dab2c9a50f193d,2026-08-18 08:07:04,2026-06-06 14:01:41,2026-05-09-OAK-SEA,cascades,spiders,16,26,2026-05-09 15:00:00
klew,11.38,90.61,rvickersb,16.3,83.93,0,0,0,"rvickersb,jwhealan,clankford,emagsig,klew,lgrench,arosentha",False,2026-05-09-OAK-SEA,13,15,3,7,443.0,2,7,False,False,388,away,258,1778368965.0,18,False,"gleahy,slofink,nstoppel,eshipway,zraunig,tli,dmourad",259,534,7b6053a4879a5f692526e93c0889501d50cb9451e243d9dcd5fa8c9b35b907cb,1778368965.0,False,388,388.384615384615,8.29631243384673,4.92,-6.67999999999999,-143.627353144065,f9c9682e9ed784ec772729ef85c47d5dbf73e980c1387308f6e8806f40733639,0.981772953109605,0.0182270468903954,0.700428437939939,0.900216957203441,0.869389565431589,0.674542857456987,1108.38461538462,-2.0,0.156,-0.0308273917718519,-0.102904933832375,534.0,c2d79c06288ba4942963f167d1fafb1fe171113c,2026-08-18 08:07:04,2026-06-06 14:01:41,2026-05-09-OAK-SEA,cascades,spiders,16,26,2026-05-09 15:00:00
rvickersb,16.3,83.93,klew,7.91,88.97,0,0,0,"rvickersb,jwhealan,clankford,emagsig,klew,lgrench,arosentha",False,2026-05-09-OAK-SEA,13,15,3,7,443.0,2,8,False,False,389,away,259,1778368966.0,18,False,"gleahy,slofink,nstoppel,eshipway,zraunig,tli,dmourad",260,535,ebb62a9d8de5f2da5a94b1951c7d2ae48adb690fba8bc4ebdbab99888ad688f2,1778368966.0,False,389,382.923076923077,9.78742560635839,-8.39,5.03999999999999,59.0061247851323,a22cd51992d3faf0bf4d6538239e0dc4abb2585470957bd313f77e0951d8f5a8,0.970641017500798,0.0293589824992017,0.700428437939939,0.869299408213612,0.895227448320419,0.669553859225434,1102.92307692308,-2.0,0.152,0.025928040106807,0.0865504052804876,535.0,d137ae7c95ed8b3e49f24fe56d24135f72125bc9,2026-08-18 08:07:04,2026-06-06 14:01:41,2026-05-09-OAK-SEA,cascades,spiders,16,26,2026-05-09 15:00:00
klew,7.91,88.97,emagsig,15.14,109.43,0,0,0,"rvickersb,jwhealan,clankford,emagsig,klew,lgrench,arosentha",False,2026-05-09-OAK-SEA,13,16,3,7,443.0,2,9,False,False,390,away,260,1778368980.0,19,False,"gleahy,slofink,nstoppel,eshipway,zraunig,tli,dmourad",261,537,f23fad24c12897562c11f866aaa72a84400c0c0a8f3a8a8dcbbf48371144f3da,1778368980.0,False,390,377.461538461538,21.6998732715194,7.23,20.46,-19.4620040677104,0c390f413f59ce17d5a67fa3bcbc359e507ca2f2e81dd7ef0142fb60edec3535,0.919020338839157,0.0809796611608434,0.700428437939939,0.895156197482403,1.0,0.630953469940287,1097.46153846154,-2.0,0.142,0.104843802517597,0.349979156221033,537.0,5cb9f27d9b12aa142da2ff747af481626da7ff50,2026-08-18 08:07:04,2026-06-06 14:01:41,2026-05-09-OAK-SEA,cascades,spiders,16,26,2026-05-09 15:00:00
mmunoz,-7.8,16.38,korser,17.26,14.85,0,0,0,"cbelfield,jbrown,korser,bkassmull,alantz,mmunoz,rmcleod",True,2026-05-09-OAK-SEA,13,16,3,8,372.0,1,1,True,True,391,home,277,1778369043.0,18,False,"arosentha,ichang,cbernard,tgoss,aorme,mwilliams,arees",278,541,d2a41b9f44c8895f4cbbe4415b5b8cc54558341776ab9551caf85785e0abae45,1778369043.0,False,391,372.0,25.1066624623824,25.06,-1.53,-93.4937695184416,2d5ce3a99b6845de613272cd9b3ccc9dcc84f6c3496f78a038e7ff831ef43cda,0.97703446151321,0.0229655384867902,0.609846972877797,0.630654589607753,0.609855480015202,0.928262759530021,1092.0,-3.0,0.147,-0.0207991095925504,-0.0533101325548238,541.0,edfda0986e20287957c5771005927bebfc2d2fa1,2026-08-18 08:07:04,2026-06-06 14:01:41,2026-05-09-OAK-SEA,cascades,spiders,16,26,2026-05-09 15:00:00
korser,17.26,14.85,jbrown,18.72,46.16,0,0,0,"cbelfield,jbrown,korser,bkassmull,alantz,mmunoz,rmcleod",True,2026-05-09-OAK-SEA,13,16,3,8,372.0,1,2,True,True,392,home,278,1778369047.0,18,False,"arosentha,ichang,cbernard,tgoss,aorme,mwilliams,arees",279,542,edf6ce04503f0402834279707d11e348b82aa43f9182c3f0e50b2a8cdf3296c6,1778369047.0,False,392,371.714285714286,31.3440217585427,1.46,31.31,-2.66979515159919,2d674edd6a61ca54581255053d34efcc8823b1fa5cb93484d705569e6649e9c7,0.902483677387288,0.0975163226127121,0.609846972877797,0.609846972877797,0.699309038717388,0.821523840406768,1091.71428571429,-3.0,0.155,0.0894620658395908,0.229299940332309,542.0,90d6323993fffcdc45f04b549a4be5dcbb294e2d,2026-08-18 08:07:04,2026-06-06 14:01:41,2026-05-09-OAK-SEA,cascades,spiders,16,26,2026-05-09 15:00:00
jbrown,18.72,46.16,bkassmull,13.91,33.13,0,0,0,"cbelfield,jbrown,korser,bkassmull,alantz,mmunoz,rmcleod",True,2026-05-09-OAK-SEA,13,16,3,8,372.0,1,3,True,True,393,home,279,1778369050.0,18,False,"arosentha,ichang,cbernard,tgoss,aorme,mwilliams,arees",280,543,2ae643f7fdce7a40a691147bb9f7cef6790dff72bc6270a39e20c3b8e71f0158,1778369050.0,False,393,371.428571428571,13.8894564328486,-4.81,-13.03,159.738469971107,e99c745eb2c529064ed233540eeb9b742d3b11d9af6ed2e1d7056267df62ef83,0.985707634210297,0.0142923657897033,0.609846972877797,0.6993015548889,0.668656158928418,0.884562415313295,1091.42857142857,-3.0,0.152,-0.0306453959604824,-0.0785471182590204,543.0,1a648424439d5f7625f9b734a540649d151a95c6,2026-08-18 08:07:04,2026-06-06 14:01:41,2026-05-09-OAK-SEA,cascades,spiders,16,26,2026-05-09 15:00:00
bkassmull,13.91,33.13,mmunoz,15.37,43.98,0,0,0,"cbelfield,jbrown,korser,bkassmull,alantz,mmunoz,rmcleod",True,2026-05-09-OAK-SEA,13,16,3,8,372.0,1,4,True,True,394,home,280,1778369053.0,18,False,"arosentha,ichang,cbernard,tgoss,aorme,mwilliams,arees",281,544,e07c1eac4a006bab62d53efc4108009571c2d699b255a66e17edaf30d0fc7287,1778369053.0,False,394,371.142857142857,10.9477897312654,1.46,10.85,-7.66381189841486,875aea21ec126b61c9f49cb2901b15f6638896736cca8ad593f79c51518bdee7,0.98187780252571,0.0181221974742901,0.609846972877797,0.668648310434146,0.702005047897231,0.83775039966067,1091.14285714286,-3.0,0.155,0.0333567374630847,0.085496549159509,544.0,8332f49cc7f0674d3fbcb8907292f23ea86a2414,2026-08-18 08:07:04,2026-06-06 14:01:41,2026-05-09-OAK-SEA,cascades,spiders,16,26,2026-05-09 15:00:00
mmunoz,15.37,33.98,bkassmull,-2.19,29.78,0,0,0,"cbelfield,jbrown,korser,bkassmull,alantz,mmunoz,rmcleod",True,2026-05-09-OAK-SEA,13,16,3,8,372.0,1,5,True,True,395,home,282,1778369073.0,18,False,"arosentha,ichang,cbernard,tgoss,aorme,mwilliams,arees",283,546,d6269076976a11bff2ef5e8c7b6315d572768202f03f22a486ead09aaf6cd3cc,1778369073.0,False,395,370.857142857143,18.0552928527897,-17.56,-4.2,103.451298820456,d72a6b1d00a243a232da17faf7d5b9455fb230f14404a3b14665ac1f2cc1b7e2,0.978451338743761,0.0215486612562386,0.609846972877797,0.667877958686426,0.666640290850501,0.900202676196899,1090.85714285714,-3.0,0.152,-0.00123766783592527,-0.00317226254799149,546.0,9c93e04a98d8132e01e2fef4f897ff905bd1e04d,2026-08-18 08:07:04,2026-06-06 14:01:41,2026-05-09-OAK-SEA,cascades,spiders,16,26,2026-05-09 15:00:00
bkassmull,-2.19,29.78,korser,-1.46,18.85,0,0,0,"cbelfield,jbrown,korser,bkassmull,alantz,mmunoz,rmcleod",True,2026-05-09-OAK-SEA,13,16,3,8,372.0,1,6,True,True,396,home,283,1778369077.0,18,False,"arosentha,ichang,cbernard,tgoss,aorme,mwilliams,arees",284,547,319f4daef9a914799ed6d002294760b20aa46df45d78217d8a29b59d6f5cfa88,1778369077.0,False,396,370.571428571429,10.9543507338409,0.73,-10.93,-176.17896672762,768d44e2415e9f856defbdadf7b6d9021557cfa19759d80e071257b4f62dcaf0,0.992129780280821,0.00787021971917923,0.609846972877797,0.666632493345381,0.637659674797278,0.932600359455737,1090.57142857143,-3.0,0.149,-0.0289728185481033,-0.0742601403398275,547.0,856cd1ee5f547d37f6c699500f9292de1e97e89c,2026-08-18 08:07:04,2026-06-06 14:01:41,2026-05-09-OAK-SEA,cascades,spiders,16,26,2026-05-09 15:00:00
korser,-1.46,18.85,,-1.46,18.85,1,0,0,"cbelfield,jbrown,korser,bkassmull,alantz,mmunoz,rmcleod",True,2026-05-09-OAK-SEA,13,16,3,8,372.0,1,7,True,True,397,home,284,1778369081.0,22,False,"arosentha,ichang,cbernard,tgoss,aorme,mwilliams,arees",285,548,7e9a88f128c2bf71ead473a415a44e1bfc296bd58244b6b428591beab144b85d,1778369081.0,False,397,370.285714285714,0.0,0.0,0.0,-90.0,16ba60f83eeec9b8b3144d94182487613fd60b0e1ecac4d5f24339b0bf17a500,0.5,-0.5,0.609846972877797,0.63765160744457,0.63765160744457,0.932598164715868,1090.28571428571,-3.0,0.081,-0.932598164715868,-0.932598164715868,548.0,614826bf7c99f7f5937bb8cd898af389cc411f6e,2026-08-18 08:07:04,2026-06-06 14:01:41,2026-05-09-OAK-SEA,cascades,spiders,16,26,2026-05-09 15:00:00
ichang,-18.96,83.65,tgoss,-18.35,104.18,0,0,0,"arosentha,ichang,cbernard,tgoss,aorme,mwilliams,arees",False,2026-05-09-OAK-SEA,13,17,3,8,370.0,2,1,False,False,398,away,264,1778369103.0,19,False,"cbelfield,jbrown,korser,bkassmull,alantz,mmunoz,rmcleod",265,551,6b4a2e513b66678957a169ca0a2ab7d589b40a47e47aeb1a8f3a2e13de2a188b,1778369103.0,False,398,370.0,20.5390603485164,0.609999999999999,20.53,-1.70190675800818,a97c9544738b0025e694372aa5adf80e131d80dcff77bd917cc4b5db9a8f0310,0.92804313270969,0.0719568672903103,0.864318529133601,0.864318529133601,1.0,0.617834279406137,1090.0,-3.0,0.08,0.135681470866399,1.0,551.0,d245eadde32aef7795df6dd3bdc8b5ee005ff41d,2026-08-18 08:07:04,2026-06-06 14:01:41,2026-05-09-OAK-SEA,cascades,spiders,16,26,2026-05-09 15:00:00
slofink,16.17,15.14,dmourad,2.4,20.82,0,0,0,"tli,zraunig,cbelfield,eshipway,gleahy,dmourad,slofink",True,2026-05-09-OAK-SEA,13,17,3,9,320.0,1,1,True,True,399,home,287,1778369157.0,18,False,"rvickersb,jwhealan,clankford,emagsig,klew,lgrench,aorme",288,555,30b612df5b084aaebb585e74b95d27aa8281702630fa6ad03a6150d2956a48be,1778369157.0,False,399,320.0,14.8954791799391,-13.77,5.68,67.5842970047648,bb0bd7b8150696ed1a6947a1b323e3d8f2e051e9e14a3fd72bf411d728b6b5f0,0.981703033361181,0.0182969666388189,0.613477855165088,0.613477855165088,0.641668045252842,0.92989273167696,1040.0,-4.0,0.085,0.0281901900877547,0.0729329236745155,555.0,7a54f51d5e57f4b38f2aa940ac0be24d2f96766d,2026-08-18 08:07:04,2026-06-06 14:01:41,2026-05-09-OAK-SEA,cascades,spiders,16,26,2026-05-09 15:00:00
dmourad,2.4,20.82,zraunig,25.13,57.16,0,0,0,"tli,zraunig,cbelfield,eshipway,gleahy,dmourad,slofink",True,2026-05-09-OAK-SEA,13,17,3,9,320.0,1,2,True,True,400,home,288,1778369162.0,18,False,"rvickersb,jwhealan,clankford,emagsig,klew,lgrench,aorme",289,556,ec55b730101d9ab496975d04e9c9659d3a2e42ec1ec3a65eb64b5351425ecb02,1778369162.0,False,400,319.75,42.8631368427463,22.73,36.34,-32.0252200130179,14e68e135ef728d5b19a6248607dadffeda9af15cf0a5ac32e078d98036470d1,0.677273699323782,0.322726300676218,0.613477855165088,0.641665748792891,0.709737035555836,0.732167457853242,1039.75,-4.0,0.089,0.068071286762945,0.176112255591511,556.0,2c89c297063d2c45005fe539b14e44b7861ad094,2026-08-18 08:07:04,2026-06-06 14:01:41,2026-05-09-OAK-SEA,cascades,spiders,16,26,2026-05-09 15:00:00
zraunig,25.13,57.16,tli,18.87,76.45,0,0,0,"tli,zraunig,cbelfield,eshipway,gleahy,dmourad,slofink",True,2026-05-09-OAK-SEA,13,17,3,9,320.0,1,3,True,True,401,home,289,1778369165.0,18,False,"rvickersb,jwhealan,clankford,emagsig,klew,lgrench,aorme",290,557,e17f9ef7e1847da9682681109a09d827f6f9f215a8001b7f45116ac1d5a91ace,1778369165.0,False,401,319.5,20.2803279066193,-6.26,19.29,17.9793082247201,3fd65a876d9b8312220e11a59fef15f7216399d0e0a9032f26ecff6466c1f7c8,0.937163823433178,0.0628361765668224,0.613477855165088,0.709734977394494,0.830520189594092,0.690889354466894,1039.5,-4.0,0.098,0.120785212199599,0.312492346981018,557.0,b8552d1054b44d1a5572524c2f587c02b87b409d,2026-08-18 08:07:04,2026-06-06 14:01:41,2026-05-09-OAK-SEA,cascades,spiders,16,26,2026-05-09 15:00:00
tli,18.87,76.45,,18.36,87.08,1,0,0,"tli,zraunig,cbelfield,eshipway,gleahy,dmourad,slofink",True,2026-05-09-OAK-SEA,13,17,3,9,320.0,1,4,True,True,402,home,290,1778369181.0,22,False,"rvickersb,jwhealan,clankford,emagsig,klew,lgrench,aorme",291,559,4864355dc1209a165f52a835e93d735e73667fe07fbdc107a17ad90b104b1b9f,1778369181.0,False,402,319.25,10.6422272105044,-0.510000000000002,10.63,2.74679755047063,8064c5f30439718f641a6245c2394fd014bfe4afb7134c69046609edf9da9e0a,0.974777125017989,-0.974777125017989,0.613477855165088,0.830518782786571,0.878121550862251,0.656514725332845,1039.25,-4.0,0.059,-0.656514725332845,-0.656514725332845,559.0,47479659e7adaef5e57b3338c30de0bfc3a557a5,2026-08-18 08:07:04,2026-06-06 14:01:41,2026-05-09-OAK-SEA,cascades,spiders,16,26,2026-05-09 15:00:00
emagsig,-7.17,24.47,aorme,-6.21,50.25,0,0,0,"rvickersb,jwhealan,clankford,emagsig,klew,lgrench,aorme",False,2026-05-09-OAK-SEA,13,17,3,9,319.0,2,1,False,False,403,away,268,1778369181.0,18,False,"tli,zraunig,cbelfield,eshipway,gleahy,dmourad,slofink",269,560,a9ed7cc22cef2f962e3fff03a965e2bd0376ca8ccecb28d3da223085cda65764,1778369181.0,False,403,319.0,25.7978681289753,0.96,25.78,-2.13260454423822,d263883a94f23266f7ad8abdd11ee2e4db868b53496a080f01e791d2662ef8e4,0.923735331546751,0.0762646684532494,0.650184468457588,0.650184468457588,0.734818101554908,0.815909692333527,1039.0,-4.0,0.055,0.0846336330973191,0.241937894307183,560.0,2f256a1fecaa343e769122f03624b65055305c99,2026-08-18 08:07:04,2026-06-06 14:01:41,2026-05-09-OAK-SEA,cascades,spiders,16,26,2026-05-09 15:00:00
aorme,-6.21,50.25,klew,-11.39,63.27,0,0,0,"rvickersb,jwhealan,clankford,emagsig,klew,lgrench,aorme",False,2026-05-09-OAK-SEA,13,17,3,9,319.0,2,2,False,False,404,away,269,1778369182.0,18,False,"tli,zraunig,cbelfield,eshipway,gleahy,dmourad,slofink",270,561,15873a232c6b8b6b8c50498d3d10c81a5ac555bb9136124bc0013513bea470c1,1778369182.0,False,404,313.272727272727,14.0125943350973,-5.18,13.02,21.6951094607969,af3e0bebd381870ca4c099df52a2fc181f4a2663f39f83b2c603bf271c530acc,0.970600074318804,0.0293999256811964,0.650184468457588,0.734772688392299,0.785922795291735,0.757854825771289,1033.27272727273,-4.0,0.053,0.0511501068994362,0.146220228341219,561.0,250d0663561f877891f69fd640c1eba043af0de9,2026-08-18 08:07:04,2026-06-06 14:01:41,2026-05-09-OAK-SEA,cascades,spiders,16,26,2026-05-09 15:00:00
klew,-11.39,63.27,aorme,-5.8,66.2,0,0,0,"rvickersb,jwhealan,clankford,emagsig,klew,lgrench,aorme",False,2026-05-09-OAK-SEA,13,17,3,9,319.0,2,3,False,False,405,away,270,1778369186.0,18,False,"tli,zraunig,cbelfield,eshipway,gleahy,dmourad,slofink",271,562,43bb83bc3acc02f1849419ccb72249b26d0742b95afd32659e96b146b4497e04,1778369186.0,False,405,307.545454545455,6.31133900214527,5.59,2.93,-62.3387069573018,cc902f97d201b6c71bb7a024f0cded78812a1021f6ea0d227d2159fd48fb174f,0.985712068693607,0.0142879313063929,0.650184468457588,0.78588076625393,0.800608499047565,0.748788989851175,1027.54545454545,-4.0,0.052,0.0147277327936357,0.0421014262251249,562.0,71277e0c2b7f1b7461ac8e5ced5f793f225d897e,2026-08-18 08:07:04,2026-06-06 14:01:41,2026-05-09-OAK-SEA,cascades,spiders,16,26,2026-05-09 15:00:00
aorme,-5.8,66.2,jwhealan,-11.74,82.56,0,0,0,"rvickersb,jwhealan,clankford,emagsig,klew,lgrench,aorme",False,2026-05-09-OAK-SEA,13,17,3,9,319.0,2,4,False,False,406,away,271,1778369187.0,18,False,"tli,zraunig,cbelfield,eshipway,gleahy,dmourad,slofink",272,563,035545dcad7339e03c6a41df9c1ae31ca8a7bb340c530252c8b713a820c54fd4,1778369187.0,False,406,301.818181818182,17.4049762998977,-5.94,16.36,19.9549817551067,f839945ca9a7f797e8ebbceb40f2db23a658f1eb19d23568c4ecc6715882143d,0.952567370121828,0.0474326298781721,0.650184468457588,0.800563801038839,0.868288424432209,0.685057858258601,1021.81818181818,-4.0,0.048,0.0677246233933702,0.193600961897712,563.0,a2a58cdd6998870ccf816f3a69a2365cbf2caf87,2026-08-18 08:07:04,2026-06-06 14:01:41,2026-05-09-OAK-SEA,cascades,spiders,16,26,2026-05-09 15:00:00
jwhealan,-11.74,82.56,klew,-5.87,77.59,0,0,0,"rvickersb,jwhealan,clankford,emagsig,klew,lgrench,aorme",False,2026-05-09-OAK-SEA,13,17,3,9,319.0,2,5,False,False,407,away,272,1778369191.0,18,False,"tli,zraunig,cbelfield,eshipway,gleahy,dmourad,slofink",273,564,2412a27360686787b37c2a82e7098a5ddbf97c199df6c09f30f4c3cd58082057,1778369191.0,False,407,296.090909090909,7.6914107938661,5.87,-4.97,-130.253855874622,292b98e343d04627e17f3ba3549e88a22a8baee717936d3b64b869c8ea22e4c6,0.98230553239506,0.0176944676049404,0.650184468457588,0.868251409696601,0.849351051304276,0.705670677482395,1016.09090909091,-4.0,0.049,-0.0189003583923257,-0.0540295003740686,564.0,2e89c059e9729aa3a4404fd1f6af4f5487557d6d,2026-08-18 08:07:04,2026-06-06 14:01:41,2026-05-09-OAK-SEA,cascades,spiders,16,26,2026-05-09 15:00:00
klew,-5.87,77.59,jwhealan,-1.03,82.56,0,0,0,"rvickersb,jwhealan,clankford,emagsig,klew,lgrench,aorme",False,2026-05-09-OAK-SEA,13,17,3,9,319.0,2,6,False,False,408,away,273,1778369193.0,18,False,"tli,zraunig,cbelfield,eshipway,gleahy,dmourad,slofink",274,565,2845c78d5b13e8c5aa061ca03a2f0bcb5c754882030fdaa54c50196a26a88bbb,1778369193.0,False,408,290.363636363636,6.9373265744089,4.84,4.97,-44.2407731523265,f75a8dfd9dbfd65cf549a2ec8fcef61658bc35de92619618e1b2c8eee33bb722,0.982588637792577,0.0174113622074231,0.650184468457588,0.849302331597156,0.870188196490938,0.689295436320712,1010.36363636364,-4.0,0.048,0.0208858648937829,0.0597053675738542,565.0,04a6ee73741d6673d31a49f0795638ccaa948f64,2026-08-18 08:07:04,2026-06-06 14:01:41,2026-05-09-OAK-SEA,cascades,spiders,16,26,2026-05-09 15:00:00
jwhealan,-1.03,82.56,emagsig,-4.37,72.27,0,0,0,"rvickersb,jwhealan,clankford,emagsig,klew,lgrench,aorme",False,2026-05-09-OAK-SEA,13,17,3,9,319.0,2,7,False,False,409,away,274,1778369197.0,18,False,"tli,zraunig,cbelfield,eshipway,gleahy,dmourad,slofink",275,566,ba384811890aadcab1c25dbf58f40d242eddfe51b13686389e91f65d6a43e3e3,1778369197.0,False,409,284.636363636364,10.8184888038949,-3.34,-10.29,162.017244666479,e06e9ec60ed1c4a878f0364b3272d40b5154c578ba1b3a4b8f20db42e8603b30,0.982244985683451,0.0177550143165487,0.650184468457588,0.870137214726903,0.826717989721598,0.725162495603342,1004.63636363636,-4.0,0.051,-0.043419225005305,-0.124120346554827,566.0,ef81bc5b3b213e8a62e42d4a6b81169f6eb73398,2026-08-18 08:07:04,2026-06-06 14:01:41,2026-05-09-OAK-SEA,cascades,spiders,16,26,2026-05-09 15:00:00
emagsig,-4.37,72.27,jwhealan,4.84,77.45,0,0,0,"rvickersb,jwhealan,clankford,emagsig,klew,lgrench,aorme",False,2026-05-09-OAK-SEA,13,17,3,9,319.0,2,8,False,False,410,away,275,1778369198.0,18,False,"tli,zraunig,cbelfield,eshipway,gleahy,dmourad,slofink",276,567,b0c83726eec4ff5e490c64979d34aa0588edf9ddcc49e98b9f61efa69f483b1f,1778369198.0,False,410,278.909090909091,10.5667639322548,9.21,5.18000000000001,-60.6452001524073,92c926f8a2f3b9126c63db103a4cda2f1af45fb71f9e85ff853c4ca934133f02,0.978047993736769,0.0219520062632309,0.650184468457588,0.826641301109374,0.848715485774579,0.706056974207055,998.909090909091,-4.0,0.05,0.0220741846652056,0.0631023573135127,567.0,9846872a2a72630d8a1c09f6dda30f45a8d51b92,2026-08-18 08:07:04,2026-06-06 14:01:41,2026-05-09-OAK-SEA,cascades,spiders,16,26,2026-05-09 15:00:00
jwhealan,4.84,77.45,aorme,5.31,87.81,0,0,0,"rvickersb,jwhealan,clankford,emagsig,klew,lgrench,aorme",False,2026-05-09-OAK-SEA,13,17,3,9,319.0,2,9,False,False,411,away,276,1778369201.0,18,False,"tli,zraunig,cbelfield,eshipway,gleahy,dmourad,slofink",277,568,6348d310f5883abd3d53065303c192b614b91def58a7beaf894102a6b151cd0b,1778369201.0,False,411,273.181818181818,10.3706557169737,0.47,10.36,-2.59754483927317,666d8f621ddf97260cc3018ddf9046371429b18abd5c7faefa98a15da45c1e2b,0.974024068908295,0.0259759310917049,0.650184468457588,0.848634234616431,0.890419505265454,0.671880737368511,993.181818181818,-4.0,0.047,0.0417852706490229,0.119449443724762,568.0,13c3c62736fa67974b08965e3da5a12666f6bb64,2026-08-18 08:07:04,2026-06-06 14:01:41,2026-05-09-OAK-SEA,cascades,spiders,16,26,2026-05-09 15:00:00
aorme,5.31,87.81,emagsig,6.0,82.7,0,0,0,"rvickersb,jwhealan,clankford,emagsig,klew,lgrench,aorme",False,2026-05-09-OAK-SEA,13,17,3,9,319.0,2,10,False,False,412,away,277,1778369208.0,18,False,"tli,zraunig,cbelfield,eshipway,gleahy,dmourad,slofink",278,569,712f245e9b26c6fe8aefd9aef3b8af73e6789c6e55290ed49b9a78e725a80d1e,1778369208.0,False,412,267.454545454545,5.15637469546192,0.69,-5.11,-172.309900467814,2e1a4bc44cee7b1a15d91b5373ed7dda599466a422bb26181b6e31143c10e0f8,0.985569395741779,0.0144306042582214,0.650184468457588,0.890346933713591,0.870159819928095,0.687689037821437,987.454545454545,-4.0,0.048,-0.0201871137854963,-0.0577078830562125,569.0,18b143af459e277461a28c7b517ac2fb5df73b5d,2026-08-18 08:07:04,2026-06-06 14:01:41,2026-05-09-OAK-SEA,cascades,spiders,16,26,2026-05-09 15:00:00
emagsig,6.0,82.7,klew,-9.62,106.97,0,0,0,"rvickersb,jwhealan,clankford,emagsig,klew,lgrench,aorme",False,2026-05-09-OAK-SEA,13,18,3,9,319.0,2,11,False,False,413,away,278,1778369216.0,19,False,"tli,zraunig,cbelfield,eshipway,gleahy,dmourad,slofink",279,571,aee7f0e6e04cae49583446df71000e2ef056d95cc6a0fae7279811c572be9b07,1778369216.0,False,413,261.727272727273,28.8620390825042,-15.62,24.27,32.7650454568545,9704248450210a23bba79139ca5384bf1f0b97ae78309c0b1f035b2802254d9a,0.867458947976071,0.132541052023929,0.650184468457588,0.870061733139405,1.0,0.636164283193845,981.727272727273,-4.0,0.044,0.129938266860595,0.371447963695807,571.0,c6570354eb196e67442c0777504faaec725d090f,2026-08-18 08:07:04,2026-06-06 14:01:41,2026-05-09-OAK-SEA,cascades,spiders,16,26,2026-05-09 15:00:00
tli,11.65,40.33,slofink,-1.39,36.84,0,0,0,"eshipway,tli,cbelfield,mmunoz,zraunig,gleahy,slofink",True,2026-05-09-OAK-SEA,13,18,3,10,256.0,1,1,True,True,414,home,293,1778369353.0,18,False,"arosentha,ichang,cbernard,tgoss,aorme,mwilliams,clankford",294,575,340aa38b357ae44f807f69cae356c0146c6367435639c6904762a1a9b5b73bc1,1778369353.0,False,414,256.0,13.4989518111593,-13.04,-3.48999999999999,104.983365045691,199877cdf4b986adda6e9e652e5ccb903153cf3ad3a10d04eb5067ce428339fa,0.984289719029755,0.015710280970245,0.686121717696153,0.693869281728717,0.686390227200014,0.872137618351717,976.0,-5.0,0.05,-0.00747905452870246,-0.0238278815399609,575.0,426a84c4db743805685dc94e177da31a92cf8510,2026-08-18 08:07:04,2026-06-06 14:01:41,2026-05-09-OAK-SEA,cascades,spiders,16,26,2026-05-09 15:00:00
slofink,-1.39,36.84,,-1.39,36.84,1,0,0,"eshipway,tli,cbelfield,mmunoz,zraunig,gleahy,slofink",True,2026-05-09-OAK-SEA,13,18,3,10,256.0,1,2,True,True,415,home,294,1778369360.0,22,False,"arosentha,ichang,cbernard,tgoss,aorme,mwilliams,clankford",295,577,c7d26d0647f831cb4b820c7343c2699437c941c1bc1d272e2612008ee8900509,1778369360.0,False,415,249.857142857143,0.0,0.0,0.0,-90.0,7ef7ec27708d4d71391347981f5d7d1d788af9de1fc6e88586e5a1d3168c14bf,0.5,-0.5,0.686121717696153,0.686121717696153,0.686121717696153,0.871998486223373,969.857142857143,-5.0,0.027,-0.871998486223373,-0.871998486223373,577.0,ac43c0f22074c2644c962e753b62d1d66e09df58,2026-08-18 08:07:04,2026-06-06 14:01:41,2026-05-09-OAK-SEA,cascades,spiders,16,26,2026-05-09 15:00:00
tgoss,0.0,40.0,cbernard,10.5,87.4,0,0,0,"arosentha,ichang,cbernard,tgoss,aorme,mwilliams,clankford",False,2026-05-09-OAK-SEA,13,18,3,10,256.0,2,1,False,False,416,away,282,1778369360.0,18,False,"eshipway,tli,cbelfield,mmunoz,zraunig,gleahy,slofink",283,578,9059de48043c2f4ecbbcc49c9dc236d121b05031205d6c7314182803661d1278,1778369360.0,False,416,243.714285714286,48.5490473644952,10.5,47.4,-12.4904057179092,bd63551e1913267e99f94c4bcdc39abf588d2c7ccfab4443d37770f67a76029d,0.702721266710597,0.297278733289403,0.696393617844525,0.696393617844525,0.887156457717164,0.669794078668199,963.714285714286,-5.0,0.026,0.190762839872638,0.628322891364484,578.0,7e6fe66a4d591338a194b6ceb8979a8da89cfa85,2026-08-18 08:07:04,2026-06-06 14:01:41,2026-05-09-OAK-SEA,cascades,spiders,16,26,2026-05-09 15:00:00
cbernard,10.5,87.4,aorme,1.7,89.04,0,0,0,"arosentha,ichang,cbernard,tgoss,aorme,mwilliams,clankford",False,2026-05-09-OAK-SEA,13,18,3,10,256.0,2,2,False,False,417,away,283,1778369362.0,18,False,"eshipway,tli,cbelfield,mmunoz,zraunig,gleahy,slofink",284,579,6f03de819099f54d37958aa8147a432827cc2c81e7370195978298d70da00179,1778369362.0,False,417,237.571428571429,8.95151383845213,-8.8,1.64,79.4432552442818,dba25198b877fc65a4350af7778e75fce491c307e119498dc8218b7508cfccca,0.976261040479091,0.0237389595209085,0.696393617844525,0.886991690284036,0.894604236021433,0.667121686776416,957.571428571429,-5.0,0.026,0.007612545737397,0.0250737342323017,579.0,eb385bd1cb3400a567103929b931a77cff349b32,2026-08-18 08:07:04,2026-06-06 14:01:41,2026-05-09-OAK-SEA,cascades,spiders,16,26,2026-05-09 15:00:00
aorme,1.7,89.04,tgoss,-2.12,83.79,0,0,0,"arosentha,ichang,cbernard,tgoss,aorme,mwilliams,clankford",False,2026-05-09-OAK-SEA,13,18,3,10,256.0,2,3,False,False,418,away,284,1778369365.0,18,False,"eshipway,tli,cbelfield,mmunoz,zraunig,gleahy,slofink",285,580,53502d6e52fa9d721be822849bc8760b411d56505a2198d869d3bf0e23b15fec,1778369365.0,False,418,231.428571428571,6.49268049421809,-3.82,-5.25,143.959650558157,e93994b42ea25e491a92695cdafa2b97efc755d61b3a521a51c42bfe6cf7d969,0.984156653962877,0.0158433460371227,0.696393617844525,0.894427923050324,0.873949537636041,0.682991562750272,951.428571428571,-5.0,0.027,-0.0204783854142825,-0.067450444450129,580.0,294732e8f3263e8b83752323199869b752394127,2026-08-18 08:07:04,2026-06-06 14:01:41,2026-05-09-OAK-SEA,cascades,spiders,16,26,2026-05-09 15:00:00
tgoss,-2.12,83.79,ichang,7.36,93.54,0,0,0,"arosentha,ichang,cbernard,tgoss,aorme,mwilliams,clankford",False,2026-05-09-OAK-SEA,13,18,3,10,256.0,2,4,False,False,419,away,285,1778369368.0,18,False,"eshipway,tli,cbelfield,mmunoz,zraunig,gleahy,slofink",286,581,86a4591945bf1419d1e773c8a9665e2aaf0e2b33d296c140a261d7efaf4a8846,1778369368.0,False,419,225.285714285714,13.599003639973,9.48,9.75,-44.195587934154,051e9ee369cd83e3eda5903a03a8c231b67556f3a251929c2ba9abb8dea601e5,0.963395642265794,0.0366043577342057,0.696393617844525,0.873717032010321,0.910137664400751,0.65234704291603,945.285714285714,-5.0,0.026,0.0364206323904297,0.11996003552975,581.0,d80a0a69d3ac211682e85147fb37cf0e00254643,2026-08-18 08:07:04,2026-06-06 14:01:41,2026-05-09-OAK-SEA,cascades,spiders,16,26,2026-05-09 15:00:00
ichang,7.36,93.54,arosentha,6.34,107.04,0,0,0,"arosentha,ichang,cbernard,tgoss,aorme,mwilliams,clankford",False,2026-05-09-OAK-SEA,13,19,3,10,256.0,2,5,False,False,420,away,286,1778369380.0,19,False,"eshipway,tli,cbelfield,mmunoz,zraunig,gleahy,slofink",287,583,39322d2feede2d376fc1539e383e20c351b5077c4b73abdd882f46d022c4fc7e,1778369380.0,False,420,219.142857142857,13.5384784964929,-1.02,13.5,4.32080495498448,f0769256ffed3afd077ed652b43065405f093d2f797a69cb5f4832d69eef1ebd,0.953595009655554,0.0464049903444456,0.696393617844525,0.909943979559018,1.0,0.63514535923143,939.142857142857,-5.0,0.024,0.0900560204409816,0.296620972858418,583.0,304e94a27939a31a0a358bd690b88bd18a5de7eb,2026-08-18 08:07:04,2026-06-06 14:01:41,2026-05-09-OAK-SEA,cascades,spiders,16,26,2026-05-09 15:00:00
bkassmull,18.21,29.49,dmourad,21.49,52.71,0,0,0,"jbrown,bkassmull,alantz,rmcleod,korser,nstoppel,dmourad",True,2026-05-09-OAK-SEA,13,19,3,11,213.0,1,1,True,True,421,home,297,1778369464.0,18,False,"rvickersb,jwhealan,clankford,emagsig,klew,lgrench,tgoss",298,587,e5a4fe31249dd403424aa24a95a04d60d5674e50fe4ff402601ca379ef537ef7,1778369464.0,False,421,213.0,23.4505181179436,3.28,23.22,-8.0402646357545,49937aee049c161038664e316b5b87e6b27e57aae5e457cd4726c50df880611e,0.940005084042429,0.0599949159575707,0.639333397851816,0.639333397851816,0.708369214356626,0.776894912570502,933.0,-6.0,0.029,0.0690358165048102,0.191411725104633,587.0,c0aed99ebd6758b0471936374c56e5c2f3337384,2026-08-18 08:07:04,2026-06-06 14:01:41,2026-05-09-OAK-SEA,cascades,spiders,16,26,2026-05-09 15:00:00
dmourad,21.49,62.71,,22.14,110.46,1,0,0,"jbrown,bkassmull,alantz,rmcleod,korser,nstoppel,dmourad",True,2026-05-09-OAK-SEA,13,19,3,11,213.0,1,2,True,True,422,home,299,1778369568.0,22,False,"rvickersb,jwhealan,clankford,emagsig,klew,lgrench,tgoss",300,591,db99a1904b95e960aec84dcc7db371bf4369938deea657a6f7c07651c9b2f110,1778369568.0,False,422,199.0,47.7544238788408,0.650000000000002,47.75,-0.779894378745809,9af99cae7cf6da0a5dfae9e510568ac0b5a461eb0a5c41076679aa7e4e0a4049,0.683609148919417,-0.683609148919417,0.639333397851816,0.752180016407533,0.948181553988521,0.591775331321643,919.0,-6.0,0.019,-0.591775331321643,-0.591775331321643,591.0,44626145eaf63a7b7fe23b3c0d3ce94edfe9b28d,2026-08-18 08:07:04,2026-06-06 14:01:41,2026-05-09-OAK-SEA,cascades,spiders,16,26,2026-05-09 15:00:00
klew,-3.82,21.81,rvickersb,6.06,12.95,0,0,0,"rvickersb,jwhealan,clankford,emagsig,klew,lgrench,tgoss",False,2026-05-09-OAK-SEA,13,19,3,11,213.0,2,1,False,False,423,away,290,1778369564.0,18,False,"jbrown,bkassmull,alantz,rmcleod,korser,nstoppel,dmourad",291,590,59f4987f3b6522d05e626fabe3745457640cb79b5976875faaef2de5b9a390e7,1778369564.0,False,423,185.0,13.2707950025611,9.88,-8.86,-131.88452049508,d072241c02d928c2e35124610b8dad77ff47b13093b44ec2e67bee74251fe298,0.990570402738886,0.00942959726111392,0.611687765862035,0.635890715052688,0.614268046388751,0.929945560661427,905.0,-6.0,0.019,-0.0216226686639365,-0.0556837172847201,590.0,fb76a4e8a6568d21b32b7d52ad85a3265d225016,2026-08-18 08:07:04,2026-06-06 14:01:41,2026-05-09-OAK-SEA,cascades,spiders,16,26,2026-05-09 15:00:00
rvickersb,6.06,12.95,jwhealan,17.73,22.97,0,0,0,"rvickersb,jwhealan,clankford,emagsig,klew,lgrench,tgoss",False,2026-05-09-OAK-SEA,13,19,3,11,213.0,2,2,False,False,424,away,291,1778369568.0,18,False,"jbrown,bkassmull,alantz,rmcleod,korser,nstoppel,dmourad",292,592,03b426b8565d372cccfa3fa11384d3d234bf365e00a4889ab18417c7f9f234cb,1778369568.0,False,424,171.0,15.3814596186448,11.67,10.02,-49.3502215252199,b5e400cd0ab53ef36e6bc2086ca648897ab07e17597d19987095ca4c2d141bda,0.985065235963196,0.0149347640368043,0.611687765862035,0.611687765862035,0.616515053982377,0.914285804926777,891.0,-6.0,0.019,0.00482728812034194,0.0124314602939521,592.0,d1912acaff4598c2b17d725adf3c54b294300bb7,2026-08-18 08:07:04,2026-06-06 14:01:41,2026-05-09-OAK-SEA,cascades,spiders,16,26,2026-05-09 15:00:00
jwhealan,17.73,32.97,rvickersb,8.11,22.15,0,0,0,"rvickersb,jwhealan,clankford,emagsig,klew,lgrench,tgoss",False,2026-05-09-OAK-SEA,13,19,3,11,213.0,2,3,False,False,425,away,293,1778369582.0,18,False,"jbrown,bkassmull,alantz,rmcleod,korser,nstoppel,dmourad",294,594,64d7fe15896a9bbae701cd8ab5ab54b0d10a09adac3f033e38b34b930fa927c5,1778369582.0,False,425,157.0,14.4781490529694,-9.62,-10.82,138.359887785231,7c3e403b92bd3c5ebfa2283dacaa4093a473aa47890775c293f528d8351ff17b,0.986060037889669,0.0139399621103306,0.611687765862035,0.642415990888243,0.62956933491393,0.921119038615461,877.0,-6.0,0.019,-0.012846655974313,-0.0330833150359838,594.0,682968196dbab6b00c8b30fcb3edaf1fe20d55c8,2026-08-18 08:07:04,2026-06-06 14:01:41,2026-05-09-OAK-SEA,cascades,spiders,16,26,2026-05-09 15:00:00
rvickersb,8.11,22.15,klew,11.32,33.95,0,0,0,"rvickersb,jwhealan,clankford,emagsig,klew,lgrench,tgoss",False,2026-05-09-OAK-SEA,13,19,3,11,213.0,2,4,False,False,426,away,294,1778369586.0,18,False,"jbrown,bkassmull,alantz,rmcleod,korser,nstoppel,dmourad",295,595,a9660352599565c89cdb522fd8d1300c224ae91aac89359451d1ff9748407a3b,1778369586.0,False,426,143.0,12.2288225107735,3.21,11.8,-15.2181351310861,31e2669d69db2b6be22e0fe94209285e06792f25454d8e6f24a0bc17f8daa75b,0.981593276287763,0.0184067237122373,0.611687765862035,0.624330758203109,0.655985930616185,0.873687748361474,863.0,-6.0,0.019,0.0316551724130759,0.0815198946367191,595.0,d350258142700f0b41a09af63b773d0e0873786d,2026-08-18 08:07:04,2026-06-06 14:01:41,2026-05-09-OAK-SEA,cascades,spiders,16,26,2026-05-09 15:00:00
dwhited,11.32,33.95,dritthale,18.95,42.61,0,0,0,"mawais,wfrankenb,dritthale,dwhited,cboydflie,lgordon,jvallee",False,2026-05-09-OAK-SEA,13,19,3,11,129.0,2,5,False,True,427,away,296,1778369715.0,18,False,"ksmart,gharris,nmahan,isweeney,bkassmull,alantz,emurray",297,597,5519863a0cc7bcf34490ed827cb03d6143a40a9d433629383d470d56e7cbb55c,1778369715.0,False,427,129.0,11.5417719610119,7.63,8.66,-41.3820628574163,688589eb4d1e0c6f20e19b3196fe0dce1527ad5401c740310e210dcfd9aa4f17,0.9858707042533,0.0141292957466996,0.611687765862035,0.648491828496322,0.65856467933513,0.819860816772589,849.0,-6.0,0.019,0.0100728508388085,0.0259400810823531,597.0,49a625144d7e18acb547a4fc352ba48684924b59,2026-08-18 08:07:04,2026-06-06 14:01:41,2026-05-09-OAK-SEA,cascades,spiders,16,26,2026-05-09 15:00:00
dritthale,18.95,42.61,mawais,21.41,85.36,0,0,0,"mawais,wfrankenb,dritthale,dwhited,cboydflie,lgordon,jvallee",False,2026-05-09-OAK-SEA,13,19,3,11,129.0,2,6,False,True,428,away,297,1778369716.0,18,False,"ksmart,gharris,nmahan,isweeney,bkassmull,alantz,emurray",298,598,34cd6f21e3787736e0827369f4c7e975d0cfa8304f38f190e2b5e1e886cd0ca5,1778369716.0,False,428,124.4,42.8207204516692,2.46,42.75,-3.29338837141876,266a40f3975c03b4fb87822d3cfbbfa6091511b354af0b96956245b91135b804,0.757219994161496,0.242780005838504,0.611687765862035,0.655470421288821,0.847196724162017,0.616006464624786,844.4,-6.0,0.016,0.191726302873196,0.493742627756293,598.0,54afb70de49cab06437eaaa3e94c0c4e9163ad8e,2026-08-18 08:07:04,2026-06-06 14:01:41,2026-05-09-OAK-SEA,cascades,spiders,16,26,2026-05-09 15:00:00
mawais,21.41,75.36,wfrankenb,9.68,76.09,0,0,0,"mawais,wfrankenb,dritthale,dwhited,cboydflie,lgordon,jvallee",False,2026-05-09-OAK-SEA,13,19,3,11,129.0,2,7,False,True,429,away,299,1778369727.0,18,False,"ksmart,gharris,nmahan,isweeney,bkassmull,alantz,emurray",300,600,421c2e879cc5c1b175571ebe9f13d0e27e02f5ccdf12f3dc871350570a5532ea,1778369727.0,False,429,119.8,11.7526933083443,-11.73,0.730000000000004,86.4388707038647,f85e7fb5f33205ea48084ae09c01d715a45e3294e90339229b099b7f8632af3b,0.969880597800271,0.0301194021997293,0.611687765862035,0.794477590298193,0.821788263962315,0.679034108262134,839.8,-6.0,0.016,0.0273106736641215,0.0703317363274685,600.0,9c9933280a78b303f53ab5469d05f9f2c709bbee,2026-08-18 08:07:04,2026-06-06 14:01:41,2026-05-09-OAK-SEA,cascades,spiders,16,26,2026-05-09 15:00:00
wfrankenb,9.68,76.09,lgordon,-6.07,82.7,0,0,0,"mawais,wfrankenb,dritthale,dwhited,cboydflie,lgordon,jvallee",False,2026-05-09-OAK-SEA,13,19,3,11,129.0,2,8,False,True,430,away,300,1778369730.0,18,False,"ksmart,gharris,nmahan,isweeney,bkassmull,alantz,emurray",301,602,ceb16a874755fdc1d95b666fb2e7f60e75a3461aaa5bbf7acf47d43562070c83,1778369730.0,False,430,115.2,17.080825506983,-15.75,6.61,67.2330577153739,2716e37a9d82f01822efb19aced760f4efa5f7bf2d6e6a667e86cdc50aba8f7b,0.95747076949608,0.0425292305039204,0.611687765862035,0.819273095871507,0.851152880995991,0.652631114707946,835.2,-6.0,0.016,0.0318797851244838,0.0820983278965068,602.0,1d6ce02de42a70d1d9a0674c1cfe04a3de801134,2026-08-18 08:07:04,2026-06-06 14:01:41,2026-05-09-OAK-SEA,cascades,spiders,16,26,2026-05-09 15:00:00
lgordon,-6.07,82.7,cboydflie,-2.94,104.04,0,0,0,"mawais,wfrankenb,dritthale,dwhited,cboydflie,lgordon,jvallee",False,2026-05-09-OAK-SEA,13,20,3,11,129.0,2,9,False,True,431,away,301,1778369741.0,19,False,"ksmart,gharris,nmahan,isweeney,bkassmull,alantz,emurray",302,603,9022e4b4967e6bb665c53ad38e6fa3ae719cf9233e2be5d054d01635e7aa452d,1778369741.0,False,431,110.6,21.5683216778682,3.13,21.34,-8.34424203193919,b52b6db0e4758cce6843a379bf7422fd2c2a90d403e3eb313a56c0d7472ac546,0.921114092328843,0.0788859076711571,0.611687765862035,0.84873890570183,1.0,0.596784430440128,830.6,-6.0,0.014,0.15126109429817,0.389534712018443,603.0,39f96cae0e3a8e1006b1c2bf1b9d13aeee5007f6,2026-08-18 08:07:04,2026-06-06 14:01:41,2026-05-09-OAK-SEA,cascades,spiders,16,26,2026-05-09 15:00:00
dmourad,11.8,4.36,slofink,2.47,16.01,0,0,0,"mmunoz,gleahy,nstoppel,zraunig,dmourad,cbelfield,slofink",True,2026-05-09-OAK-SEA,13,20,3,12,106.0,1,1,True,True,432,home,303,1778369795.0,18,False,"arosentha,ichang,cbernard,tgoss,aorme,mwilliams,emagsig",304,608,4f5f3f436ccb2f0e192a612a4ca278d095364bebbc0c874fb14759af526aab0d,1778369795.0,False,432,106.0,14.9255284663559,-9.33,11.65,38.689784069872,c8ecd70cbc76a97f6e585131e1686f748d978d564eb4d5970882793aef46d145,0.982627901689325,0.0173720983106748,0.551074155417499,0.551074155417499,0.581812984403307,0.918417601511602,826.0,-7.0,0.015,0.0307388289858077,0.0684719522316536,608.0,b07ac4f8be00a77286dbe923e93a0929b5b46939,2026-08-18 08:07:04,2026-06-06 14:01:41,2026-05-09-OAK-SEA,cascades,spiders,16,26,2026-05-09 15:00:00
slofink,2.47,16.01,cbelfield,18.36,19.73,0,0,0,"mmunoz,gleahy,nstoppel,zraunig,dmourad,cbelfield,slofink",True,2026-05-09-OAK-SEA,13,20,3,12,106.0,1,2,True,True,433,home,304,1778369800.0,18,False,"arosentha,ichang,cbernard,tgoss,aorme,mwilliams,emagsig",305,609,d393ae5bbff88d72426aa95d560376cc28b824369586f127d3d60611019e3527,1778369800.0,False,433,101.133333333333,16.3196354125942,15.89,3.72,-76.8238099039066,ec3d08f29b80e1b5e7c3cddb13495ad4bcd4a295975c2539f224123aec2efb8e,0.98712745685787,0.0128725431421305,0.551074155417499,0.57587244262537,0.561480726184628,0.909927704376954,821.133333333333,-7.0,0.015,-0.0143917164407421,-0.0320581151974584,609.0,639f32555377fa30d7d3400b48b2c0e6435fb4d6,2026-08-18 08:07:04,2026-06-06 14:01:41,2026-05-09-OAK-SEA,cascades,spiders,16,26,2026-05-09 15:00:00
cbelfield,18.36,19.73,nstoppel,-12.03,27.3,0,0,0,"mmunoz,gleahy,nstoppel,zraunig,dmourad,cbelfield,slofink",True,2026-05-09-OAK-SEA,13,20,3,12,106.0,1,3,True,True,434,home,305,1778369816.0,18,False,"arosentha,ichang,cbernard,tgoss,aorme,mwilliams,emagsig",306,611,2b44a7be919c428e2477e5ccaee5c5d44f7aff28b49b81381a86e1ad6569c4e5,1778369816.0,False,434,96.2666666666667,31.318636624221,-30.39,7.57,76.0125642004848,8509931df8edc37f15c874ff3fcc2232f31df429645f04fb0a63b045060996a9,0.932320447819115,0.0676795521808847,0.551074155417499,0.554863482403026,0.595278170724365,0.883185491911212,816.266666666667,-7.0,0.016,0.0404146883213384,0.0900253099906154,611.0,b6492b1fee704b8add681c36c0a4c4fcaf8dbe6d,2026-08-18 08:07:04,2026-06-06 14:01:41,2026-05-09-OAK-SEA,cascades,spiders,16,26,2026-05-09 15:00:00
nstoppel,-12.03,27.3,mmunoz,-18.66,48.13,0,0,0,"mmunoz,gleahy,nstoppel,zraunig,dmourad,cbelfield,slofink",True,2026-05-09-OAK-SEA,13,20,3,12,106.0,1,4,True,True,435,home,306,1778369821.0,18,False,"arosentha,ichang,cbernard,tgoss,aorme,mwilliams,emagsig",307,612,01c533cbb11a5c5a0c013e1cd8c2ea514299107164450368ca6ee963c053039f,1778369821.0,False,435,91.4,21.8596843527074,-6.63,20.83,17.6558007788028,b4188e1e62f248a75c360c60531d9170c94406864eee658bfb2ed9aba6828e1b,0.957131391029553,0.0428686089704466,0.551074155417499,0.588167502162697,0.647597521223522,0.762831122067832,811.4,-7.0,0.016,0.0594300190608252,0.132382708142132,612.0,ffd5522663620b42a13782590abe1bef02e67b9d,2026-08-18 08:07:04,2026-06-06 14:01:41,2026-05-09-OAK-SEA,cascades,spiders,16,26,2026-05-09 15:00:00
mmunoz,-18.66,48.13,gleahy,-5.62,50.97,0,0,0,"mmunoz,gleahy,nstoppel,zraunig,dmourad,cbelfield,slofink",True,2026-05-09-OAK-SEA,13,20,3,12,106.0,1,5,True,True,436,home,307,1778369827.0,18,False,"arosentha,ichang,cbernard,tgoss,aorme,mwilliams,emagsig",308,613,120ae19228945f5d287e87a8eb24508636fae88ee2d646a26f0fac79386c2879,1778369827.0,False,436,86.5333333333333,13.3456809492809,13.04,2.84,-77.7133381618087,6708136412c7fda2f628bd903b89346136e068ad73b938f17e4a6decdd09c95a,0.975543712196432,0.0244562878035679,0.551074155417499,0.640221026695797,0.672403099219727,0.760223223788939,806.533333333333,-7.0,0.016,0.03218207252393,0.0716868340557653,613.0,9c51ddf0bd7d45a6a1bee87202792175fa88b2c7,2026-08-18 08:07:04,2026-06-06 14:01:41,2026-05-09-OAK-SEA,cascades,spiders,16,26,2026-05-09 15:00:00
gleahy,-5.62,50.97,dmourad,-3.21,47.33,0,0,0,"mmunoz,gleahy,nstoppel,zraunig,dmourad,cbelfield,slofink",True,2026-05-09-OAK-SEA,13,20,3,12,106.0,1,6,True,True,437,home,308,1778369829.0,18,False,"arosentha,ichang,cbernard,tgoss,aorme,mwilliams,emagsig",309,614,5ffea0c95f2e74605f008f7f5128b4dc2dbcb86a42477e145ae945e924116329,1778369829.0,False,437,81.6666666666667,4.36551257013423,2.41,-3.64,-146.491938785303,fd0fa9c2a2b378d989c5ab1c6f1de690fef675922aa1959e75979a974852365d,0.992167062835067,0.0078329371649335,0.551074155417499,0.664636924403401,0.649088915017133,0.773345227154374,801.666666666667,-7.0,0.016,-0.0155480093862678,-0.0346338032748535,614.0,10697b29a7729e048241ffc72f1a557fc65b0f04,2026-08-18 08:07:04,2026-06-06 14:01:41,2026-05-09-OAK-SEA,cascades,spiders,16,26,2026-05-09 15:00:00
dmourad,-3.21,47.33,slofink,7.21,74.19,0,0,0,"mmunoz,gleahy,nstoppel,zraunig,dmourad,cbelfield,slofink",True,2026-05-09-OAK-SEA,13,20,3,12,106.0,1,7,True,True,438,home,309,1778369837.0,18,False,"arosentha,ichang,cbernard,tgoss,aorme,mwilliams,emagsig",310,615,f1b3d50028c9587b0be83ee3be73ab122eafce42000a95c20bbe28423b88294b,1778369837.0,False,438,76.8,28.8103453641222,10.42,26.86,-21.2031383158539,b11148be401a28a42fae36a4706e0e7eb942a9abfc8f64777d2325319ac28db8,0.892399346578016,0.107600653421984,0.551074155417499,0.640371709932869,0.774149593119803,0.633086541092787,796.8,-7.0,0.018,0.133777883186934,0.297995503714754,615.0,c9909d8692955891088def1e9039bd94db2b3935,2026-08-18 08:07:04,2026-06-06 14:01:41,2026-05-09-OAK-SEA,cascades,spiders,16,26,2026-05-09 15:00:00
slofink,7.21,74.19,gleahy,2.91,77.4,0,0,0,"mmunoz,gleahy,nstoppel,zraunig,dmourad,cbelfield,slofink",True,2026-05-09-OAK-SEA,13,20,3,12,106.0,1,8,True,True,439,home,310,1778369840.0,18,False,"arosentha,ichang,cbernard,tgoss,aorme,mwilliams,emagsig",311,616,759a211e7c15901fcdcebb665ee36256f4edbb287234603b8ca65fb873588b8b,1778369840.0,False,439,71.9333333333333,5.36601341779911,-4.3,3.21000000000001,53.258232843907,73a87b5e821e3aaaa98711142df26f5e7fc73ba7c37952e0055dd95d6d2d0389,0.98592382919201,0.0140761708079902,0.551074155417499,0.766863419917529,0.785372030848179,0.610983323896701,791.933333333333,-7.0,0.018,0.0185086109306503,0.0412286598198934,616.0,7274849d76fcc7a4a409ef21dca8a7ad7739ef47,2026-08-18 08:07:04,2026-06-06 14:01:41,2026-05-09-OAK-SEA,cascades,spiders,16,26,2026-05-09 15:00:00
gleahy,2.91,77.4,zraunig,1.16,83.81,0,0,0,"mmunoz,gleahy,nstoppel,zraunig,dmourad,cbelfield,slofink",True,2026-05-09-OAK-SEA,13,20,3,12,106.0,1,9,True,True,440,home,311,1778369842.0,18,False,"arosentha,ichang,cbernard,tgoss,aorme,mwilliams,emagsig",312,617,7fab59aad4c8d40d879de08e3918e324120cba5f7d6c16ddbd28c7c6564b0df3,1778369842.0,False,440,67.0666666666667,6.64459178580595,-1.75,6.41,15.2702443044786,5d024cf251328c4048e40fc5c0ff37a95ddbe7507531cd1583b72ed1d31a67e7,0.983019448179259,0.0169805518207413,0.551074155417499,0.77777681465675,0.813886483317206,0.575762731911394,787.066666666667,-7.0,0.018,0.0361096686604556,0.0804357091404205,617.0,427e3963654595399b85f2ea974320bff9c67d43,2026-08-18 08:07:04,2026-06-06 14:01:41,2026-05-09-OAK-SEA,cascades,spiders,16,26,2026-05-09 15:00:00
zraunig,1.16,83.81,slofink,2.4,72.37,0,0,0,"mmunoz,gleahy,nstoppel,zraunig,dmourad,cbelfield,slofink",True,2026-05-09-OAK-SEA,13,20,3,12,106.0,1,10,True,True,441,home,312,1778369843.0,18,False,"arosentha,ichang,cbernard,tgoss,aorme,mwilliams,emagsig",313,618,6e83060b4e2e7de8ff07077e6f0dcad0ba209f3ed3da9eadbaf4a6bf960778df,1778369843.0,False,441,62.2,11.5070065612217,1.24,-11.44,-173.813769671079,48f5ebe45a1d9be1d21f669bc926647e5b1d4a0b3f8db171854ac0c7084f2d1a,0.981573969449764,0.0184260305502363,0.551074155417499,0.806518852886365,0.740187552838737,0.610493694743045,782.2,-7.0,0.017,-0.0663313000476279,-0.147755583351,618.0,e0c988c096508683c2f770087e0aad43fb342692,2026-08-18 08:07:04,2026-06-06 14:01:41,2026-05-09-OAK-SEA,cascades,spiders,16,26,2026-05-09 15:00:00
slofink,2.4,72.37,mmunoz,-0.22,76.89,0,0,0,"mmunoz,gleahy,nstoppel,zraunig,dmourad,cbelfield,slofink",True,2026-05-09-OAK-SEA,13,20,3,12,106.0,1,11,True,True,442,home,313,1778369846.0,18,False,"arosentha,ichang,cbernard,tgoss,aorme,mwilliams,emagsig",314,619,9df2b46102bed02c3e7f939fff4bf7998f98401969f8ede1af1f05561555ec85,1778369846.0,False,442,57.3333333333333,5.22444255399559,-2.62,4.52,30.0985544561887,bae0a3c6503aab63b8b58f8c1e47d2b544774def707637a07caaeef644b2b455,0.98659055897557,0.0134094410244295,0.551074155417499,0.730166361499496,0.757184617527414,0.578615466230731,777.333333333333,-7.0,0.017,0.0270182560279184,0.0601842294311331,619.0,8a9bfe1adc0dcdc531d8754e3e5d30845b34ab61,2026-08-18 08:07:04,2026-06-06 14:01:41,2026-05-09-OAK-SEA,cascades,spiders,16,26,2026-05-09 15:00:00
mmunoz,-0.22,76.89,slofink,10.05,73.03,0,0,0,"mmunoz,gleahy,nstoppel,zraunig,dmourad,cbelfield,slofink",True,2026-05-09-OAK-SEA,13,20,3,12,106.0,1,12,True,True,443,home,314,1778369849.0,18,False,"arosentha,ichang,cbernard,tgoss,aorme,mwilliams,emagsig",315,620,ba327e4ad324852e121a9d10506a1177b6f0c1643bc4e7ce1939e36d13cb9e69,1778369849.0,False,443,52.4666666666667,10.9714401971665,10.27,-3.86,-110.598830624111,a8bd79d0e731113c267a14b0a3d3d9b41ddd9154cf8ffa27103439c0eacfe550,0.98028342267577,0.0197165773242299,0.551074155417499,0.746897238630534,0.720797276527926,0.579393756672924,772.466666666667,-7.0,0.017,-0.0260999621026078,-0.05813869354499,620.0,7e090fa9a3f43cf3ec14576852268a8ad7fa7855,2026-08-18 08:07:04,2026-06-06 14:01:41,2026-05-09-OAK-SEA,cascades,spiders,16,26,2026-05-09 15:00:00
slofink,10.05,73.03,cbelfield,13.91,82.13,0,0,0,"mmunoz,gleahy,nstoppel,zraunig,dmourad,cbelfield,slofink",True,2026-05-09-OAK-SEA,13,20,3,12,106.0,1,13,True,True,444,home,315,1778369850.0,18,False,"arosentha,ichang,cbernard,tgoss,aorme,mwilliams,emagsig",316,621,32c45a6fe10bd4e961abde84a4d7e4bed5321ae874386adc9fe9c7f6a5443df7,1778369850.0,False,444,47.6,9.88481663967521,3.86,9.09999999999999,-22.9854828584416,cef1c0e15ed49ff3fae415e61b12a51e050bda55b33f8552c803eec74ceaba0d,0.976058475657667,0.023941524342333,0.551074155417499,0.708768882330292,0.762174949186736,0.521518271425522,767.6,-7.0,0.018,0.0534060668564432,0.118964117350184,621.0,37c1528caea6cb7f36c1ede057ff046e65032e58,2026-08-18 08:07:04,2026-06-06 14:01:41,2026-05-09-OAK-SEA,cascades,spiders,16,26,2026-05-09 15:00:00
cbelfield,13.91,82.13,slofink,15.15,96.48,0,0,0,"mmunoz,gleahy,nstoppel,zraunig,dmourad,cbelfield,slofink",True,2026-05-09-OAK-SEA,13,20,3,12,106.0,1,14,True,True,445,home,316,1778369853.0,18,False,"arosentha,ichang,cbernard,tgoss,aorme,mwilliams,emagsig",317,622,a5ca9841abb28b6ff2dfe0076e8a0b6283adcd43289e93bf074edd5f97a6704f,1778369853.0,False,445,42.7333333333333,14.4034752750855,1.24,14.35,-4.93872626533985,170436c8756d56f10ed5871a9172372afd110beb2f2a3534f9abd2c6e80ab5e9,0.956423800749916,0.0435761992500836,0.551074155417499,0.750571486472232,0.840573577796981,0.455223552305764,762.733333333333,-7.0,0.019,0.0900020913247492,0.200483203207984,622.0,ded4d7bab77967ecbfe78470ada558fb717a10b2,2026-08-18 08:07:04,2026-06-06 14:01:41,2026-05-09-OAK-SEA,cascades,spiders,16,26,2026-05-09 15:00:00
slofink,0.0,100.0,gleahy,-3.5,117.37,0,0,0,"mmunoz,gleahy,nstoppel,zraunig,dmourad,cbelfield,slofink",True,2026-05-09-OAK-SEA,14,20,3,12,106.0,1,15,True,True,446,home,318,1778369893.0,19,False,"arosentha,ichang,cbernard,tgoss,aorme,mwilliams,emagsig",319,625,b01156d9eb3cf6a6885658df917f92acadb5da7985e7063777a6e789b8ddeeb7,1778369893.0,False,446,37.8666666666667,17.7191111515223,-3.5,17.37,11.3923723876513,e5b57962738cb614467047e50be973e9c8c0246de413a7f5dc68c66477897120,0.929752081710865,0.0702479182891352,0.551074155417499,0.858924161668372,1.0,0.43921202890234,757.866666666667,-7.0,0.021,0.141075838331628,0.314251986233556,625.0,0c5cadfaa513d0595e44cf2fdbfdcffec4d72166,2026-08-18 08:07:04,2026-06-06 14:01:41,2026-05-09-OAK-SEA,cascades,spiders,16,26,2026-05-09 15:00:00
mawais,-2.32,14.93,lgordon,4.63,31.5,0,0,0,"mawais,wfrankenb,dritthale,cboydflie,arees,lgordon,jvallee",False,2026-05-09-OAK-SEA,14,20,3,13,33.0,1,1,True,True,447,away,308,1778369945.0,18,False,"jbrown,mobrien2,isweeney,alantz,rmcleod,korser,bkassmull",309,629,2203f8bbfbddfd82084a57b8200758dc4969dd50831a62e9d064f902ddf4f9d7,1778369945.0,False,447,33.0,17.9685113462412,6.95,16.57,-22.7547706396274,e255d261977aa0f7a6482f8eef95def635de37cb81fe9538fdb9a892bb652634,0.971725462646238,0.0282745373537618,0.40924337163192,0.40924337163192,0.455669865080121,0.774997082673926,753.0,-6.0,0.021,0.0464264934482005,0.0785881888053464,629.0,a21cdb8a2eed8454ef13ec4f78222066ac87e315,2026-08-18 08:07:04,2026-06-06 14:01:41,2026-05-09-OAK-SEA,cascades,spiders,16,26,2026-05-09 15:00:00
lgordon,4.63,31.5,wfrankenb,-6.35,54.2,0,0,0,"mawais,wfrankenb,dritthale,cboydflie,arees,lgordon,jvallee",False,2026-05-09-OAK-SEA,14,20,3,13,33.0,1,2,True,True,448,away,309,1778369950.0,18,False,"jbrown,mobrien2,isweeney,alantz,rmcleod,korser,bkassmull",310,631,3bf41b9e1b9fd30d86ef8fa5f1dd1015f9de775c1eb6641279b2316b12a50c6d,1778369950.0,False,448,28.875,25.2160742384694,-10.98,22.7,25.8130745473148,ee321754cac11e397c288fefaba5d758120753e9d8b3545eba29565d7362679f,0.930194417939824,0.0698055820601761,0.40924337163192,0.439874125951557,0.536901025988629,0.605037079525647,748.875,-6.0,0.02,0.0970269000370723,0.164241745886291,631.0,32706247139230c6059cb158d072b99f4b4c80e0,2026-08-18 08:07:04,2026-06-06 14:01:41,2026-05-09-OAK-SEA,cascades,spiders,16,26,2026-05-09 15:00:00
wfrankenb,-6.35,54.2,cboydflie,-10.58,62.45,0,0,0,"mawais,wfrankenb,dritthale,cboydflie,arees,lgordon,jvallee",False,2026-05-09-OAK-SEA,14,20,3,13,33.0,1,3,True,True,449,away,310,1778369952.0,18,False,"jbrown,mobrien2,isweeney,alantz,rmcleod,korser,bkassmull",311,632,2f51e44f8f4ff7397e099c106c93975d394e509bc3e264b255efa3e942dbbc90,1778369952.0,False,449,24.75,9.27121351280403,-4.23,8.25,27.1454516660808,6df4a11529b31ed63f2db9aaacb4722f06a64cf55a403ff62d43f648cbeab323,0.981609921786952,0.0183900782130475,0.40924337163192,0.520178056083684,0.565494094271566,0.535928829234002,744.75,-6.0,0.02,0.0453160381878829,0.0767084718339344,632.0,2b0c11aa1949093247cfc8a401e6370047ae7a33,2026-08-18 08:07:04,2026-06-06 14:01:41,2026-05-09-OAK-SEA,cascades,spiders,16,26,2026-05-09 15:00:00
cboydflie,-10.58,62.45,dritthale,-11.33,47.93,0,0,0,"mawais,wfrankenb,dritthale,cboydflie,arees,lgordon,jvallee",False,2026-05-09-OAK-SEA,14,20,3,13,33.0,1,4,True,True,450,away,311,1778369957.0,18,False,"jbrown,mobrien2,isweeney,alantz,rmcleod,korser,bkassmull",312,633,5b15013813e6a341231fba834960bb150d9d9b39533873bf3dfc601b02953f4f,1778369957.0,False,450,20.625,14.5393569321342,-0.75,-14.52,177.043135047804,1398ee9d25c491ca06d7f66afd2e4940971a5223d2a66cc43e2f526c495451dc,0.983108169042187,0.0168918309578133,0.40924337163192,0.548115323814672,0.467927533695666,0.611045394349524,740.625,-6.0,0.021,-0.0801877901190066,-0.13573743614273,633.0,deff376c650a24371f33fd4a51fdbf5aff56a9ce,2026-08-18 08:07:04,2026-06-06 14:01:41,2026-05-09-OAK-SEA,cascades,spiders,16,26,2026-05-09 15:00:00
dritthale,-11.33,47.93,jvallee,-2.6,63.2,0,0,0,"mawais,wfrankenb,dritthale,cboydflie,arees,lgordon,jvallee",False,2026-05-09-OAK-SEA,14,20,3,13,33.0,1,5,True,True,451,away,312,1778369960.0,18,False,"jbrown,mobrien2,isweeney,alantz,rmcleod,korser,bkassmull",313,634,3352abc54e8d93ff350da90171bc998157a29cc5f81acc0c19929fe503a39b28,1778369960.0,False,451,16.5,17.5893661056901,8.73,15.27,-29.7570022570984,b74aa814eb7a2e2bc2d56e6523630f1690bd3dd06ed5313c5746a77d8f81cfa3,0.958954098593702,0.0410459014062979,0.40924337163192,0.449597771740846,0.537445264317036,0.499157586160422,736.5,-6.0,0.02,0.0878474925761902,0.148703354914294,634.0,161277c817240d8b4453bf7a8c1ff84ff340709f,2026-08-18 08:07:04,2026-06-06 14:01:41,2026-05-09-OAK-SEA,cascades,spiders,16,26,2026-05-09 15:00:00
jvallee,-2.6,63.2,lgordon,7.91,59.65,0,0,0,"mawais,wfrankenb,dritthale,cboydflie,arees,lgordon,jvallee",False,2026-05-09-OAK-SEA,14,20,3,13,33.0,1,6,True,True,452,away,313,1778369963.0,18,False,"jbrown,mobrien2,isweeney,alantz,rmcleod,korser,bkassmull",314,635,4b7fc88f5cc177d1fbd09c40af13b6bf46acda8256a492f320367bac957f6a75,1778369963.0,False,452,12.375,11.0933583733692,10.51,-3.55,-108.663608074527,3a7b13357c8cb60fb0ca517af3574053fb5d74c18c12a12d272c587855706c44,0.983689161569659,0.0163108384303412,0.40924337163192,0.51817967128525,0.494979309662679,0.499301723973123,732.375,-6.0,0.021,-0.0232003616225708,-0.0392722832186582,635.0,5050dcbf15c1b549f53c5176a6d65d8e1d0fc72d,2026-08-18 08:07:04,2026-06-06 14:01:41,2026-05-09-OAK-SEA,cascades,spiders,16,26,2026-05-09 15:00:00
lgordon,7.91,59.65,jvallee,8.93,66.2,0,0,0,"mawais,wfrankenb,dritthale,cboydflie,arees,lgordon,jvallee",False,2026-05-09-OAK-SEA,14,20,3,13,33.0,1,7,True,True,453,away,314,1778369966.0,18,False,"jbrown,mobrien2,isweeney,alantz,rmcleod,korser,bkassmull",315,636,db778736bf5f1b395fec4ca3279b5641f587cb971268ced8c22e487acf81e898,1778369966.0,False,453,8.25,6.62894410898146,1.02,6.55,-8.85130407276067,287f6b4b130681995852ca408dc58b47d218669afbd4b619fc47461b2cbfc4c0,0.985036635604094,0.0149633643959058,0.40924337163192,0.474781508058794,0.5156524721467,0.441665062216016,728.25,-6.0,0.021,0.0408709640879063,0.0691840973512379,636.0,6a0426e42a0807923bba29b3557fc3b70081e577,2026-08-18 08:07:04,2026-06-06 14:01:41,2026-05-09-OAK-SEA,cascades,spiders,16,26,2026-05-09 15:00:00
jvallee,8.93,66.2,dritthale,2.93,75.27,0,0,0,"mawais,wfrankenb,dritthale,cboydflie,arees,lgordon,jvallee",False,2026-05-09-OAK-SEA,14,20,3,13,33.0,1,8,True,True,454,away,315,1778369970.0,18,False,"jbrown,mobrien2,isweeney,alantz,rmcleod,korser,bkassmull",316,637,a703b9a8d4f097fa9f5cbc3758fcab1ababf137e5f6cd7c2528f906ea9039a1c,1778369970.0,False,454,4.125,10.8749666666156,-6.0,9.06999999999999,33.4854927990006,67722c2579871f551ebf569859c16314438f7650e00e6abe505f687bc8e55f9c,0.976316752479443,0.0236832475205574,0.40924337163192,0.49452667368698,0.56246205069379,0.380138368480704,724.125,-6.0,0.02,0.0679353770068102,0.114997231930307,637.0,f9a30715fd241a611813b7189f42e1ee5717213a,2026-08-18 08:07:04,2026-06-06 14:01:41,2026-05-09-OAK-SEA,cascades,spiders,16,26,2026-05-09 15:00:00
dritthale,-2.26,14.59,lgordon,-6.07,26.45,0,0,0,"mawais,wfrankenb,dritthale,dwhited,cboydflie,arees,lgordon",False,2026-05-09-OAK-SEA,14,20,4,1,720.0,1,1,True,True,455,away,318,1778370138.0,18,False,"ksmart,emurray,nmahan,gharris,rmcleod,isweeney,bkassmull",319,644,3f68222bd6d3c51deebfe3543a4bec6070966a4efde31130f343383295a41c5a,1778370138.0,False,455,720.0,12.4569538812665,-3.81,11.86,17.8095056496811,6b7aa7fc5f12950c86bed8bc7819961493609708b0502f6edd82310d14d15f30,0.98409474254941,0.0159052574505899,0.683474678646338,0.683474678646338,0.710143412187467,0.929751404592942,720.0,-6.0,0.018,0.0266687335411286,0.0842546606605636,644.0,3b003f8f8e959b28f89e93c8a4bb2901e2b4a175,2026-08-18 08:07:04,2026-06-06 14:01:41,2026-05-09-OAK-SEA,cascades,spiders,16,26,2026-05-09 15:00:00
lgordon,-6.07,26.45,arees,-9.35,33.75,0,0,0,"mawais,wfrankenb,dritthale,dwhited,cboydflie,arees,lgordon",False,2026-05-09-OAK-SEA,14,20,4,1,720.0,1,2,True,True,456,away,319,1778370141.0,18,False,"ksmart,emurray,nmahan,gharris,rmcleod,isweeney,bkassmull",320,645,2becb701f86389b0f48afeb78c5d02d2d05ef876c2fa97d9f3a4b110cf8aa460,1778370141.0,False,456,715.533333333333,8.00302442830209,-3.28,7.3,24.1951018737235,febfd833f8f34caf6ba5e73923011c905e03f0d26271dec6244bf1ec47cf1e34,0.988177276716644,0.0118227232833563,0.683474678646338,0.704238835225276,0.722750407008593,0.90494344778857,715.533333333333,-6.0,0.018,0.0185115717833172,0.0584836995162031,645.0,4bca3260f7df489e389d3fdb2093982938939a14,2026-08-18 08:07:04,2026-06-06 14:01:41,2026-05-09-OAK-SEA,cascades,spiders,16,26,2026-05-09 15:00:00
arees,-9.35,33.75,cboydflie,-14.12,41.38,0,0,0,"mawais,wfrankenb,dritthale,dwhited,cboydflie,arees,lgordon",False,2026-05-09-OAK-SEA,14,20,4,1,720.0,1,3,True,True,457,away,320,1778370145.0,18,False,"ksmart,emurray,nmahan,gharris,rmcleod,isweeney,bkassmull",321,646,5d0adc5cbd741aec2d09fc765ddf5f46dd0343f54b5a7a06305727e3316e55e4,1778370145.0,False,457,711.066666666667,8.9983220658076,-4.77,7.63,32.0121326225314,351f651af7283fbaefd3b939e3390775aaa24b5db5bbfed713f318916d7a065f,0.986123146009775,0.0138768539902249,0.683474678646338,0.717360162874349,0.735779215873974,0.872696221016993,711.066666666667,-6.0,0.018,0.0184190529996257,0.0581914044691722,646.0,1b421fcd42e89919bf82b201f17847ad6dffbdb6,2026-08-18 08:07:04,2026-06-06 14:01:41,2026-05-09-OAK-SEA,cascades,spiders,16,26,2026-05-09 15:00:00
cboydflie,-14.12,41.38,,-14.12,41.38,1,0,0,"mawais,wfrankenb,dritthale,dwhited,cboydflie,arees,lgordon",False,2026-05-09-OAK-SEA,14,20,4,1,720.0,1,4,True,True,458,away,321,1778370153.0,22,False,"ksmart,emurray,nmahan,gharris,rmcleod,isweeney,bkassmull",322,647,b3e78f58dd1b1f5fde47a776fec7900d96ed7c6d09ea390584e2b283814a706e,1778370153.0,False,458,706.6,0.0,0.0,0.0,-90.0,a75d47a2e8ecebc5d99775b505988f7f90241cd874155a30d3c65230d1a12121,0.5,-0.5,0.683474678646338,0.730886925178545,0.730886925178545,0.869890780220236,706.6,-6.0,0.034,-0.869890780220236,-0.869890780220236,647.0,638b5d8104ceb8def23016e923ca0251b6ff65ec,2026-08-18 08:07:04,2026-06-06 14:01:41,2026-05-09-OAK-SEA,cascades,spiders,16,26,2026-05-09 15:00:00
emurray,13.55,19.0,isweeney,13.55,19.0,0,0,0,"ksmart,emurray,nmahan,gharris,rmcleod,isweeney,bkassmull",True,2026-05-09-OAK-SEA,14,20,4,1,720.0,2,1,False,False,459,home,326,1778370160.0,18,False,"mawais,wfrankenb,dritthale,dwhited,cboydflie,arees,lgordon",327,649,8b9442e03ef36eb21462a27799298627d426078483d32212e49fb8d2db17a4e7,1778370160.0,False,459,702.133333333333,0.0,0.0,0.0,-90.0,1eb7c5a677e5190c49dde5cd466911bcd59e4db0d8f2d2a86f2d67cecb5f7b9a,0.5,0.5,0.651668544609081,0.663204778266712,0.663204778266712,0.939515241402399,702.133333333333,-6.0,0.029,0.0,0.0,649.0,e7a47dfce022e5d16c6b1f799501d46575d15126,2026-08-18 08:07:04,2026-06-06 14:01:41,2026-05-09-OAK-SEA,cascades,spiders,16,26,2026-05-09 15:00:00
isweeney,13.55,19.0,gharris,-8.82,15.5,0,0,0,"ksmart,emurray,nmahan,gharris,rmcleod,isweeney,bkassmull",True,2026-05-09-OAK-SEA,14,20,4,1,720.0,2,2,False,False,460,home,327,1778370163.0,18,False,"mawais,wfrankenb,dritthale,dwhited,cboydflie,arees,lgordon",328,650,831d0a0dd6b75c6d22b412547b7b8c36fdd8f344d98848490b7215da49bee136,1778370163.0,False,460,697.666666666667,22.6421487496218,-22.37,-3.5,98.89237863508,4f3bbeb2217a09072b3c7e3da8302ee76ea4e3454593ee73e03168ad7ad69466,0.974404512100622,0.0255954878993782,0.651668544609081,0.658335302937315,0.656229268183518,0.93944220881913,697.666666666667,-6.0,0.028,-0.00210603475379645,-0.00604606538170067,650.0,02d7dd022a1015163193eaf7ac5ac473d35b681f,2026-08-18 08:07:04,2026-06-06 14:01:41,2026-05-09-OAK-SEA,cascades,spiders,16,26,2026-05-09 15:00:00
gharris,-8.82,15.5,bkassmull,-12.03,27.3,0,0,0,"ksmart,emurray,nmahan,gharris,rmcleod,isweeney,bkassmull",True,2026-05-09-OAK-SEA,14,20,4,1,720.0,2,3,False,False,461,home,328,1778370164.0,18,False,"mawais,wfrankenb,dritthale,dwhited,cboydflie,arees,lgordon",329,651,e95e6b780cf69efe13621e5811007c358072b0c1b970856dcc6a76c6e7f64ccb,1778370164.0,False,461,693.2,12.2288225107735,-3.21,11.8,15.2181351310861,036516b738029f9fc0af16207968f1d9057b89ec02f8d699de4171f516e70be0,0.982962929137483,0.0170370708625166,0.651668544609081,0.651668544609081,0.6781110878199,0.915461695248468,693.2,-6.0,0.029,0.0264425432108193,0.0759120165623395,651.0,1fa09fe1cd197a0e3f1ea93a7cdde5ff04cadce4,2026-08-18 08:07:04,2026-06-06 14:01:41,2026-05-09-OAK-SEA,cascades,spiders,16,26,2026-05-09 15:00:00
bkassmull,-12.03,27.3,rmcleod,-8.02,40.84,0,0,0,"ksmart,emurray,nmahan,gharris,rmcleod,isweeney,bkassmull",True,2026-05-09-OAK-SEA,14,20,4,1,720.0,2,4,False,False,462,home,329,1778370166.0,18,False,"mawais,wfrankenb,dritthale,dwhited,cboydflie,arees,lgordon",330,652,badc95041d9fd61d36c2cb2647a9859eccb858701ba7ca6bf697b645eeeb03c1,1778370166.0,False,462,688.733333333333,14.121320759759,4.01,13.54,-16.4971572652722,8f04a2ee0b056c5357ea70df0d4627f10846bbf0d6b893e20474d4997c364a54,0.974229348674982,0.0257706513250178,0.651668544609081,0.674030272793687,0.71782762703997,0.866092489613974,688.733333333333,-6.0,0.03,0.0437973542462826,0.125734709192802,652.0,7b8c396217139aab446c3ef9f0b39cc0fc5af3fe,2026-08-18 08:07:04,2026-06-06 14:01:41,2026-05-09-OAK-SEA,cascades,spiders,16,26,2026-05-09 15:00:00
rmcleod,-8.02,40.84,ksmart,-2.77,47.4,0,0,0,"ksmart,emurray,nmahan,gharris,rmcleod,isweeney,bkassmull",True,2026-05-09-OAK-SEA,14,20,4,1,720.0,2,5,False,False,463,home,330,1778370168.0,18,False,"mawais,wfrankenb,dritthale,dwhited,cboydflie,arees,lgordon",331,653,9588a224d7ea290eb1d45b96bfe142afad525d6de9df6ce3986cb9a21752245d,1778370168.0,False,463,684.266666666667,8.4021485347499,5.25,6.56,-38.6704580271112,49498a83b0a5e9fc8e2974051b02976259d744c01a133beea9ef2fa4ed210623,0.986288872458546,0.0137111275414542,0.651668544609081,0.714337776861203,0.738213432136128,0.83828570046533,684.266666666667,-6.0,0.03,0.0238756552749249,0.0685429205586102,653.0,f5c2049054a29b496d73696976a822b819535456,2026-08-18 08:07:04,2026-06-06 14:01:41,2026-05-09-OAK-SEA,cascades,spiders,16,26,2026-05-09 15:00:00
ksmart,-2.77,47.4,,0.07,41.86,1,0,0,"ksmart,emurray,nmahan,gharris,rmcleod,isweeney,bkassmull",True,2026-05-09-OAK-SEA,14,20,4,1,720.0,2,6,False,False,464,home,331,1778370172.0,22,False,"mawais,wfrankenb,dritthale,dwhited,cboydflie,arees,lgordon",332,654,48a3d60b4d5646ec699e1b9a8e0ebdfc34ea1aa8e2c1a691725e74f82653ca48,1778370172.0,False,464,679.8,6.22552809004987,2.84,-5.54,-152.858717595496,2ded2356f74e3ab1d67f7c1926d1674bba39007248c6a10d274617e8cc64e239,0.992000451651186,-0.992000451651186,0.651668544609081,0.735158712438459,0.715735533487355,0.858872387262387,679.8,-6.0,0.016,-0.858872387262387,-0.858872387262387,654.0,55d0a5ea6c42677a49dfb249c3381b11d2c5950d,2026-08-18 08:07:04,2026-06-06 14:01:41,2026-05-09-OAK-SEA,cascades,spiders,16,26,2026-05-09 15:00:00
dritthale,0.27,63.4,arees,8.72,69.06,0,0,0,"mawais,wfrankenb,dritthale,dwhited,cboydflie,arees,lgordon",False,2026-05-09-OAK-SEA,14,20,4,1,720.0,3,1,True,True,465,away,323,1778370180.0,18,False,"ksmart,emurray,nmahan,gharris,rmcleod,isweeney,bkassmull",324,656,23d9abef2e547128a8e2206697db5765e38b21e9983bc18dc52629f6e153e9b4,1778370180.0,False,465,675.333333333333,10.17045230066,8.45,5.66,-56.1849350622629,efa099f84de989b061ed3f005ce27e6bd3986f3661eeb8cf971e1726c1d73359,0.98054832321021,0.01945167678979,0.795730799557143,0.795730799557143,0.818234176370228,0.744413196606633,675.333333333333,-6.0,0.016,0.0225033768130846,0.110165295425336,656.0,5c386c16f47096666063254d56add23a57142143,2026-08-18 08:07:04,2026-06-06 14:01:41,2026-05-09-OAK-SEA,cascades,spiders,16,26,2026-05-09 15:00:00
arees,8.72,69.06,dritthale,7.7,83.86,0,0,0,"mawais,wfrankenb,dritthale,dwhited,cboydflie,arees,lgordon",False,2026-05-09-OAK-SEA,14,20,4,1,720.0,3,2,True,True,466,away,324,1778370181.0,18,False,"ksmart,emurray,nmahan,gharris,rmcleod,isweeney,bkassmull",325,657,88302b24480ec6005adc1f4923fb58e940df99deaf7c4ce6c51eb8511ace81b3,1778370181.0,False,466,670.866666666667,14.8351070100623,-1.02,14.8,3.94252897185029,3db586b7fa5949eb6946696c3496cf8699084ac3405cf0e87066fc91a8496faa,0.960547160806502,0.0394528391934977,0.795730799557143,0.816282958273355,0.877877556176466,0.690052412345879,670.866666666667,-6.0,0.015,0.0615945979031109,0.301536393002829,657.0,e00998ef2801a6c342f41ef9d946cc6b5a4a9e5d,2026-08-18 08:07:04,2026-06-06 14:01:41,2026-05-09-OAK-SEA,cascades,spiders,16,26,2026-05-09 15:00:00
dritthale,7.7,83.86,wfrankenb,4.09,89.86,0,0,0,"mawais,wfrankenb,dritthale,dwhited,cboydflie,arees,lgordon",False,2026-05-09-OAK-SEA,14,20,4,1,720.0,3,3,True,True,467,away,325,1778370186.0,18,False,"ksmart,emurray,nmahan,gharris,rmcleod,isweeney,bkassmull",326,658,86c611e9b354669bfc4ca2436bf76bceae2fa05484dba145fd6cfcb80afbd545,1778370186.0,False,467,666.4,7.00229248175196,-3.61,6.0,31.0339203220227,aa257f6e793d06e3fae3ff91785bcacf5efd20ae76d8e6dae7ccd2d9ca81e647,0.979821282689536,0.0201787173104636,0.795730799557143,0.876606827285035,0.899832864968151,0.669993580493518,666.4,-6.0,0.015,0.0232260376831159,0.11370308217177,658.0,f4f344781d79a9ff6c456e983ec2edbab01d27d7,2026-08-18 08:07:04,2026-06-06 14:01:41,2026-05-09-OAK-SEA,cascades,spiders,16,26,2026-05-09 15:00:00
wfrankenb,4.09,89.86,cboydflie,8.25,91.77,0,0,0,"mawais,wfrankenb,dritthale,dwhited,cboydflie,arees,lgordon",False,2026-05-09-OAK-SEA,14,20,4,1,720.0,3,4,True,True,468,away,326,1778370190.0,18,False,"ksmart,emurray,nmahan,gharris,rmcleod,isweeney,bkassmull",327,659,ac73d3a87f7f0cbe279e0eb8ca16a697b45e46db0caada1d3c5bd6d77d987aaf,1778370190.0,False,468,661.933333333333,4.57752116324982,4.16,1.91,-65.3385066934268,b5c7c1bc959ccff2166ec5875eafdfab40f0a4e88f91db5ab7ec30ccfde24539,0.983149275118171,0.0168507248818287,0.795730799557143,0.898874651010251,0.905292331227274,0.66112495674221,661.933333333333,-6.0,0.015,0.00641768021702327,0.0314177575626169,659.0,d97e121a6c845f68b2779d9278d5789aa45e5200,2026-08-18 08:07:04,2026-06-06 14:01:41,2026-05-09-OAK-SEA,cascades,spiders,16,26,2026-05-09 15:00:00
cboydflie,8.25,91.77,dritthale,9.95,105.74,0,0,0,"mawais,wfrankenb,dritthale,dwhited,cboydflie,arees,lgordon",False,2026-05-09-OAK-SEA,14,21,4,1,720.0,3,5,True,True,469,away,327,1778370201.0,19,False,"ksmart,emurray,nmahan,gharris,rmcleod,isweeney,bkassmull",328,660,c3918eb833201883b20c52c5a477ecb654638b5e6e1acdf908a5d5d6069e634a,1778370201.0,False,469,657.466666666667,14.0730558159911,1.7,13.97,-6.93817196963417,fca1f806e067c850db49776414a2f3c94821efb2d707ddb03994739bc6cdc297,0.951100571590051,0.0488994284099487,0.795730799557143,0.904481326573499,1.0,0.636163902774942,657.466666666667,-6.0,0.014,0.0955186734265006,0.46761172618983,660.0,396e79130ca27a60f90630e508793365dbcc7692,2026-08-18 08:07:04,2026-06-06 14:01:41,2026-05-09-OAK-SEA,cascades,spiders,16,26,2026-05-09 15:00:00
slofink,-0.44,14.05,nstoppel,-0.44,14.05,0,0,0,"slofink,nstoppel,eshipway,mmunoz,tli,cbelfield,zraunig",True,2026-05-09-OAK-SEA,14,21,4,2,653.0,1,1,True,True,470,home,334,1778370231.0,18,False,"rvickersb,jwhealan,clankford,emagsig,lgrench,jvallee,ichang",335,663,8ccee2013957f6a2e1bd5fb515ee5befc39beaf1bffd91ac0293075bf37e7b47,1778370231.0,False,470,653.0,0.0,0.0,0.0,-90.0,ca86321d21cdf83f9441364266e8ba78d747398e56e1a255354e790025c6037d,0.5,0.5,0.611546015272029,0.622564873223187,0.622564873223187,0.931540654227422,653.0,-7.0,0.016,0.0,0.0,663.0,5916799b0984191faa48151d7a4a74502a566a17,2026-08-18 08:07:04,2026-06-06 14:01:41,2026-05-09-OAK-SEA,cascades,spiders,16,26,2026-05-09 15:00:00
nstoppel,-0.44,14.05,slofink,-0.44,14.05,0,0,0,"slofink,nstoppel,eshipway,mmunoz,tli,cbelfield,zraunig",True,2026-05-09-OAK-SEA,14,21,4,2,653.0,1,2,True,True,471,home,335,1778370232.0,18,False,"rvickersb,jwhealan,clankford,emagsig,lgrench,jvallee,ichang",336,664,0faedbc9fdeb3b513c3a03834b64ceee773acb18acd7e1f55ec3d403b8c68b2b,1778370232.0,False,471,647.428571428571,0.0,0.0,0.0,-90.0,eb8f4b4c7145ac1364976fa4adece37ed2bec8d7282efd6fc269d9f70e15b1aa,0.5,0.5,0.611546015272029,0.620474862494126,0.620474862494126,0.930971865070389,647.428571428571,-7.0,0.016,0.0,0.0,664.0,faf370d7d479a0352476153824054fe1b3c78ff3,2026-08-18 08:07:04,2026-06-06 14:01:41,2026-05-09-OAK-SEA,cascades,spiders,16,26,2026-05-09 15:00:00
slofink,-0.44,14.05,mmunoz,-0.44,16.52,0,0,0,"slofink,nstoppel,eshipway,mmunoz,tli,cbelfield,zraunig",True,2026-05-09-OAK-SEA,14,21,4,2,653.0,1,3,True,True,472,home,336,1778370266.0,18,False,"rvickersb,jwhealan,clankford,emagsig,lgrench,jvallee,ichang",337,666,0cb12fb190e968e54b273652af47e28b637152616f590ea9793a1876558aed4c,1778370266.0,False,472,641.857142857143,2.47,0.0,2.47,0.0,1a871254d94edaf2f2c16084a7ae196054d005b87251db3a9f468dbc99957dd8,0.995196088174045,0.00480391182595497,0.611546015272029,0.6187466297556,0.624442829750257,0.930499159239305,641.857142857143,-7.0,0.016,0.00569619999465787,0.0146637702755111,666.0,e9bc601705a73dbd557308bf6c350e4d8c6064c3,2026-08-18 08:07:04,2026-06-06 14:01:41,2026-05-09-OAK-SEA,cascades,spiders,16,26,2026-05-09 15:00:00
mmunoz,-0.44,16.52,tli,-4.01,24.68,0,0,0,"slofink,nstoppel,eshipway,mmunoz,tli,cbelfield,zraunig",True,2026-05-09-OAK-SEA,14,21,4,2,653.0,1,4,True,True,473,home,337,1778370270.0,18,False,"rvickersb,jwhealan,clankford,emagsig,lgrench,jvallee,ichang",338,668,8077fc06f6a2faf2a9ab200413d04bb8877ef28d18fc34dfb114cda92ce5ad8b,1778370270.0,False,473,636.285714285714,8.90676709025222,-3.57,8.16,23.6293777306568,49395d3053dfd26dd477f8c69b0ed270a6a85084049cd36c0910c56325e6900c,0.989436457643982,0.0105635423560181,0.611546015272029,0.623063099750312,0.643324649029049,0.914869036704077,636.285714285714,-7.0,0.016,0.0202615492787366,0.0521594579417829,668.0,d9f233ccd51427b3dfd234036e65c8f4684572fd,2026-08-18 08:07:04,2026-06-06 14:01:41,2026-05-09-OAK-SEA,cascades,spiders,16,26,2026-05-09 15:00:00
tli,-4.01,24.68,eshipway,-14.94,16.45,0,0,0,"slofink,nstoppel,eshipway,mmunoz,tli,cbelfield,zraunig",True,2026-05-09-OAK-SEA,14,21,4,2,653.0,1,5,True,True,474,home,338,1778370277.0,18,False,"rvickersb,jwhealan,clankford,emagsig,lgrench,jvallee,ichang",339,669,85dffd1758e583cc53d4231ef29895d2a60fc0cf9c084fc004b9428ebbb7041c,1778370277.0,False,474,630.714285714286,13.6820247039683,-10.93,-8.23,126.978777084097,e42602ca44a2f603b95a443cba80ce93e62550ab63c09018d4fe59a7e7470fef,0.99022459823667,0.00977540176333003,0.611546015272029,0.642285814982196,0.61232220558033,0.926676576626459,630.714285714286,-7.0,0.016,-0.029963609401866,-0.0771355439251038,669.0,16a9ce6ff36dfba6035194e16bf683e6ddbd2234,2026-08-18 08:07:04,2026-06-06 14:01:41,2026-05-09-OAK-SEA,cascades,spiders,16,26,2026-05-09 15:00:00
eshipway,-14.94,16.45,,-14.94,16.45,1,0,0,"slofink,nstoppel,eshipway,mmunoz,tli,cbelfield,zraunig",True,2026-05-09-OAK-SEA,14,21,4,2,653.0,1,6,True,True,475,home,339,1778370283.0,22,False,"rvickersb,jwhealan,clankford,emagsig,lgrench,jvallee,ichang",340,670,73b5284ae1ba01459be9441db6a1618e350f70b1986c6d6841eabcc61000f817,1778370283.0,False,475,625.142857142857,0.0,0.0,0.0,-90.0,0d2d50eb79bb1e172799a457a616182c7b93452511289faa0d1184cff93b1c5b,0.5,-0.5,0.611546015272029,0.611546015272029,0.611546015272029,0.926454176604435,625.142857142857,-7.0,0.008,-0.926454176604435,-0.926454176604435,670.0,48d2713844efb51dcb66ec05a04334abf8d9c710,2026-08-18 08:07:04,2026-06-06 14:01:41,2026-05-09-OAK-SEA,cascades,spiders,16,26,2026-05-09 15:00:00
emagsig,13.36,100.0,jvallee,3.88,107.65,0,0,0,"rvickersb,jwhealan,clankford,emagsig,lgrench,jvallee,ichang",False,2026-05-09-OAK-SEA,14,22,4,2,653.0,2,1,False,False,476,away,331,1778370304.0,19,False,"slofink,nstoppel,eshipway,mmunoz,tli,cbelfield,zraunig",332,672,4570f19abdea898af06f2647f94582147e26f10b48b018f03dbf97a1ef5d457d,1778370304.0,False,476,619.571428571429,12.1816624481226,-9.48,7.65000000000001,51.0977879711808,c9feb8c913e5435ced062f547c68aec748b10edba4c116e39af3459ecec36bef,0.95341524238305,0.0465847576169496,0.927348510233403,0.927348510233403,1.0,0.628883070558391,619.571428571429,-7.0,0.008,0.0726514897665966,1.0,672.0,88dfc498fc209e83c6bc6881733e727d5d66b76d,2026-08-18 08:07:04,2026-06-06 14:01:41,2026-05-09-OAK-SEA,cascades,spiders,16,26,2026-05-09 15:00:00
bkassmull,-2.34,11.14,dmourad,0.29,24.17,0,0,0,"dmourad,isweeney,rmcleod,bkassmull,jbrown,alantz,gleahy",True,2026-05-09-OAK-SEA,14,22,4,3,614.0,1,1,True,True,477,home,342,1778370356.0,18,False,"arosentha,ichang,cbernard,tgoss,aorme,mwilliams,clankford",343,676,cb8359ee957ba4303e4f2d69330197b0ac718ec349763b4c8cd6a26a34c3bbab,1778370356.0,False,477,614.0,13.2927724722873,2.63,13.03,-11.4113707501782,f8deb882f2c1566173d1e7a6bd4c0c561d1001b7e9b77914003e48bdada29b18,0.983761468293481,0.016238531706519,0.608187893847599,0.608187893847599,0.639764833458998,0.915855494286542,614.0,-8.0,0.009,0.0315769396113994,0.0805920468397091,676.0,5b4778c80f08d4e890d88c757bc2936f8bcc07e5,2026-08-18 08:07:04,2026-06-06 14:01:41,2026-05-09-OAK-SEA,cascades,spiders,16,26,2026-05-09 15:00:00
dmourad,0.29,24.17,bkassmull,9.76,24.83,0,0,0,"dmourad,isweeney,rmcleod,bkassmull,jbrown,alantz,gleahy",True,2026-05-09-OAK-SEA,14,22,4,3,614.0,1,2,True,True,478,home,343,1778370358.0,18,False,"arosentha,ichang,cbernard,tgoss,aorme,mwilliams,clankford",344,677,f5871f8cc817fb99508b7068d17f228d1760be5a39dbcb4f3de83fe1dca54a7f,1778370358.0,False,478,609.083333333333,9.49297108391256,9.47,0.659999999999997,-86.013287574564,3d61fa9a368e1837518c81e58fcd797ce668b61e8878b5558c281b0ebcbec2c4,0.990015117335347,0.00998488266465281,0.608187893847599,0.639734987445487,0.638946836063645,0.912809412744431,609.083333333333,-8.0,0.009,-0.000788151381841851,-0.0020115544401665,677.0,8b16e408bc9ae449711de2d1b74f475bd52fd7d3,2026-08-18 08:07:04,2026-06-06 14:01:41,2026-05-09-OAK-SEA,cascades,spiders,16,26,2026-05-09 15:00:00
bkassmull,9.76,24.83,dmourad,3.93,26.06,0,0,0,"dmourad,isweeney,rmcleod,bkassmull,jbrown,alantz,gleahy",True,2026-05-09-OAK-SEA,14,22,4,3,614.0,1,3,True,True,479,home,344,1778370360.0,18,False,"arosentha,ichang,cbernard,tgoss,aorme,mwilliams,clankford",345,679,7d4209db92f244894c33bd6f85b2276c1cb42c0aabacaa3f9eb50316bd791ab5,1778370360.0,False,479,604.166666666667,5.95833869463628,-5.83,1.23,78.086579329226,3065ca7888a30e5c7ffe5c56bbd8400c6bfec46f32c3d845ea65753a200f781c,0.992084330719615,0.00791566928038467,0.608187893847599,0.639073638874411,0.644739270002637,0.909211649744762,604.166666666667,-8.0,0.009,0.00566563112822649,0.0144600716498095,679.0,6ec2e59989795058a50aac057f01d14f8e0811ce,2026-08-18 08:07:04,2026-06-06 14:01:41,2026-05-09-OAK-SEA,cascades,spiders,16,26,2026-05-09 15:00:00
dmourad,3.93,26.06,alantz,-8.02,32.54,0,0,0,"dmourad,isweeney,rmcleod,bkassmull,jbrown,alantz,gleahy",True,2026-05-09-OAK-SEA,14,22,4,3,614.0,1,4,True,True,480,home,345,1778370365.0,18,False,"arosentha,ichang,cbernard,tgoss,aorme,mwilliams,clankford",346,680,9fe294b80da5613ac4f017adb66e5dc992ae6d2ba78ce8b0604aad731e4700c0,1778370365.0,False,480,599.25,13.5938552294778,-11.95,6.48,61.5308200770282,6040cecb142a3e0fbe07ff0a0c860c15864083c570854d1f71d28274b8c15cf9,0.982543766410232,0.0174562335897676,0.608187893847599,0.645005149344087,0.662968280369905,0.884506668351472,599.25,-8.0,0.01,0.0179631310258184,0.045846288932255,680.0,241bbb0cccf0a422641138032fdd795d34c41e81,2026-08-18 08:07:04,2026-06-06 14:01:41,2026-05-09-OAK-SEA,cascades,spiders,16,26,2026-05-09 15:00:00
alantz,-8.02,32.54,dmourad,-2.7,19.95,0,0,0,"dmourad,isweeney,rmcleod,bkassmull,jbrown,alantz,gleahy",True,2026-05-09-OAK-SEA,14,22,4,3,614.0,1,5,True,True,481,home,346,1778370372.0,18,False,"arosentha,ichang,cbernard,tgoss,aorme,mwilliams,clankford",347,681,e54a83222e32ee3dc89f6c04e789b9c3358456cfaecc79a350cad40b430e0076,1778370372.0,False,481,594.333333333333,13.6678637687094,5.32,-12.59,-157.093142608818,7a63a67f4fb769b96329756357e0798a6872e78a6b9e7025bf444fe39d5908ad,0.989817161438757,0.0101828385612432,0.608187893847599,0.663348996796761,0.629432218993987,0.929583246159507,594.333333333333,-8.0,0.009,-0.0339167778027745,-0.0865638842450213,681.0,8c2cbb199fc5b6b157336b1ab4c836bf7cda591a,2026-08-18 08:07:04,2026-06-06 14:01:41,2026-05-09-OAK-SEA,cascades,spiders,16,26,2026-05-09 15:00:00
dmourad,-2.7,19.95,bkassmull,5.46,26.21,0,0,0,"dmourad,isweeney,rmcleod,bkassmull,jbrown,alantz,gleahy",True,2026-05-09-OAK-SEA,14,22,4,3,614.0,1,6,True,True,482,home,347,1778370376.0,18,False,"arosentha,ichang,cbernard,tgoss,aorme,mwilliams,clankford",348,682,d9874c0d7a0a7c5f49c3783b958b2e3bd95006237c23fb82305c546a93c0c119,1778370376.0,False,482,589.416666666667,10.2846098613414,8.16,6.26,-52.5061356469229,6311dc50d7b8f6ccba2d6ce4afb78ae1724ddc719a2deb2d4922aafc0f0e6a37,0.988118344854149,0.0118816551458506,0.608187893847599,0.629940507471268,0.646021162509312,0.909001685204912,589.416666666667,-8.0,0.009,0.0160806550380446,0.0410417513536188,682.0,463680ffff48457c600153a34a10a3af1bc17274,2026-08-18 08:07:04,2026-06-06 14:01:41,2026-05-09-OAK-SEA,cascades,spiders,16,26,2026-05-09 15:00:00
bkassmull,5.46,26.21,alantz,0.8,29.92,0,0,0,"dmourad,isweeney,rmcleod,bkassmull,jbrown,alantz,gleahy",True,2026-05-09-OAK-SEA,14,22,4,3,614.0,1,7,True,True,483,home,348,1778370378.0,18,False,"arosentha,ichang,cbernard,tgoss,aorme,mwilliams,clankford",349,683,987fbf2bfddac3f7eb4f0e204277d5be73efd55545c16f0910dfb108a5685b1d,1778370378.0,False,483,584.5,5.95648386214552,-4.66,3.71,51.4753939112215,f2b556e71712bf4635190b1f83cfa7267c7eef6b4d1b4bdb6b0692053c569ec0,0.991802673832144,0.00819732616785596,0.608187893847599,0.646612603487297,0.657781202246297,0.895869848296276,584.5,-8.0,0.01,0.0111685987589997,0.0285049864045178,683.0,238492a7cbc51e8d381f3eed055536a6e006a62a,2026-08-18 08:07:04,2026-06-06 14:01:41,2026-05-09-OAK-SEA,cascades,spiders,16,26,2026-05-09 15:00:00
alantz,0.8,29.92,gleahy,-3.94,34.07,0,0,0,"dmourad,isweeney,rmcleod,bkassmull,jbrown,alantz,gleahy",True,2026-05-09-OAK-SEA,14,22,4,3,614.0,1,8,True,True,484,home,349,1778370382.0,18,False,"arosentha,ichang,cbernard,tgoss,aorme,mwilliams,clankford",350,684,a008b504bfce62d8443ac95388dcf115324b35b224df8a174ec7af4eb2546f1b,1778370382.0,False,484,579.583333333333,6.30000793650294,-4.74,4.15,48.7969639554462,df5513324d3f14f8ac7a7c9a31b04387ac68e4844d3e71fec9ed0abfefc3d0f4,0.991086902487861,0.00891309751213876,0.608187893847599,0.65843976718877,0.670783947400682,0.879916263261862,579.583333333333,-8.0,0.01,0.0123441802119121,0.0315053568230243,684.0,e4c8cfdbf0cede3802f38bd41c8752676d5e6a1a,2026-08-18 08:07:04,2026-06-06 14:01:41,2026-05-09-OAK-SEA,cascades,spiders,16,26,2026-05-09 15:00:00
gleahy,-3.94,34.07,alantz,-21.35,53.22,0,0,0,"dmourad,isweeney,rmcleod,bkassmull,jbrown,alantz,gleahy",True,2026-05-09-OAK-SEA,14,22,4,3,614.0,1,9,True,True,485,home,350,1778370386.0,18,False,"arosentha,ichang,cbernard,tgoss,aorme,mwilliams,clankford",351,685,05a5a84f993f87348b4c6d5d7632daec4477ee8de9304aa7b4642d1e3c3b9c3a,1778370386.0,False,485,574.666666666667,25.8810857577498,-17.41,19.15,42.2751781751516,7f812038e35bab4e6ad3db73f595a7726fc8a7a6e290327b2a5edfb970f3a0a5,0.946642966786391,0.0533570332136086,0.608187893847599,0.671489925319694,0.710679367389948,0.771091336120473,574.666666666667,-8.0,0.01,0.0391894420702544,0.100021008679633,685.0,01bb8673d53f906c8eeed39aec0e1e9a74f6796a,2026-08-18 08:07:04,2026-06-06 14:01:41,2026-05-09-OAK-SEA,cascades,spiders,16,26,2026-05-09 15:00:00
alantz,-21.35,53.22,gleahy,-14.65,56.43,0,0,0,"dmourad,isweeney,rmcleod,bkassmull,jbrown,alantz,gleahy",True,2026-05-09-OAK-SEA,14,22,4,3,614.0,1,10,True,True,486,home,351,1778370388.0,18,False,"arosentha,ichang,cbernard,tgoss,aorme,mwilliams,clankford",352,686,c28ee6863b6f4ed607c36803efc0c670700f87b997803aacf607d487932ed5a3,1778370388.0,False,486,569.75,7.42927318113959,6.7,3.21,-64.4007103460098,ebfe473681e38254696e20775564524d59d4a23be3b14bdeffae4b9c94aee9b3,0.983533986474379,0.0164660135256214,0.608187893847599,0.71137845046116,0.74772605509826,0.777543259725911,569.75,-8.0,0.01,0.0363476046370999,0.092767946845833,686.0,2afce5dcf54a79747e97e9eaab86ed4cee55de02,2026-08-18 08:07:04,2026-06-06 14:01:41,2026-05-09-OAK-SEA,cascades,spiders,16,26,2026-05-09 15:00:00
gleahy,-14.65,66.43,dmourad,-15.23,58.98,0,0,0,"dmourad,isweeney,rmcleod,bkassmull,jbrown,alantz,gleahy",True,2026-05-09-OAK-SEA,14,22,4,3,614.0,1,11,True,True,487,home,353,1778370402.0,18,False,"arosentha,ichang,cbernard,tgoss,aorme,mwilliams,clankford",354,689,834d6d4058b26818a62928f103f36bb59fe0f82e7abcba949ac65c489a42eb67,1778370402.0,False,487,564.833333333333,7.47254307448275,-0.58,-7.45000000000001,175.548368249752,a2e8d0e4c36814b9ae232f4000f0d4c44d7a0c348be4c1e0a4ee99b580bde530,0.987932445487095,0.0120675545129045,0.608187893847599,0.79195938108434,0.75824907917416,0.765775799326601,564.833333333333,-8.0,0.01,-0.0337103019101804,-0.0860369074381492,689.0,e169c7538d1c96b9d2702e198b4351d0b1d0fa0e,2026-08-18 08:07:04,2026-06-06 14:01:41,2026-05-09-OAK-SEA,cascades,spiders,16,26,2026-05-09 15:00:00
dmourad,-15.23,58.98,gleahy,-9.11,59.56,0,0,0,"dmourad,isweeney,rmcleod,bkassmull,jbrown,alantz,gleahy",True,2026-05-09-OAK-SEA,14,22,4,3,614.0,1,12,True,True,488,home,354,1778370406.0,18,False,"arosentha,ichang,cbernard,tgoss,aorme,mwilliams,clankford",355,690,a2eb34ac24082ec2da69900e867b067d03d7a48ed27207957b85d1d3c25fcde8,1778370406.0,False,488,559.916666666667,6.1474222239895,6.12,0.580000000000005,-84.5861774270873,60ee34adefa5dc37ef9835ac43be8af1f30734cfee37c7c65f0fb803cd3699e2,0.986213978200979,0.0137860217990209,0.608187893847599,0.758909509798629,0.767735837566828,0.771298768395393,559.916666666667,-8.0,0.01,0.00882632776819903,0.022526939902071,690.0,9fbe7f33a35b8168cc929c837b4d062e68690ec3,2026-08-18 08:07:04,2026-06-06 14:01:41,2026-05-09-OAK-SEA,cascades,spiders,16,26,2026-05-09 15:00:00
gleahy,-9.11,59.56,isweeney,-15.82,55.92,0,0,0,"dmourad,isweeney,rmcleod,bkassmull,jbrown,alantz,gleahy",True,2026-05-09-OAK-SEA,14,22,4,3,614.0,1,13,True,True,489,home,355,1778370408.0,18,False,"arosentha,ichang,cbernard,tgoss,aorme,mwilliams,clankford",356,691,62bf46696ee06ec57fdcfd3b5bccfbccf9bb398a5235112ef8eaf7eb8896038d,1778370408.0,False,489,555.0,7.63372124196319,-6.71,-3.64,118.478676610398,651b830c3997775c1b1ccc547ed87a7086386677cfe3101090f81b04c3b72e8d,0.989028663116766,0.0109713368832345,0.608187893847599,0.768378272766511,0.745389477579768,0.779301666433427,555.0,-8.0,0.01,-0.0229887951867424,-0.0586730088880932,691.0,1bb04b318077009207d50244ef0d4f6a9dab14d7,2026-08-18 08:07:04,2026-06-06 14:01:41,2026-05-09-OAK-SEA,cascades,spiders,16,26,2026-05-09 15:00:00
isweeney,-15.82,55.92,bkassmull,-13.63,49.29,0,0,0,"dmourad,isweeney,rmcleod,bkassmull,jbrown,alantz,gleahy",True,2026-05-09-OAK-SEA,14,22,4,3,614.0,1,14,True,True,490,home,356,1778370414.0,18,False,"arosentha,ichang,cbernard,tgoss,aorme,mwilliams,clankford",357,692,c0c7b1264f5a0e02c32fb01e304a1f276001589b076f714659d42be4054e9cc7,1778370414.0,False,490,550.083333333333,6.98233485304164,2.19,-6.63,-161.720745846876,359b03a936b8821e99b4143567a6225a062cb5ad74d0864d066425836caeaf52,0.988877538322797,0.0111224616772034,0.608187893847599,0.746060416432279,0.723093361128632,0.813239914217536,550.083333333333,-8.0,0.01,-0.0229670553036472,-0.0586175234072879,692.0,bf276819fa286709e94020bf85db3d87c04f555f,2026-08-18 08:07:04,2026-06-06 14:01:41,2026-05-09-OAK-SEA,cascades,spiders,16,26,2026-05-09 15:00:00
bkassmull,-13.63,49.29,gleahy,-9.33,63.78,0,0,0,"dmourad,isweeney,rmcleod,bkassmull,jbrown,alantz,gleahy",True,2026-05-09-OAK-SEA,14,22,4,3,614.0,1,15,True,True,491,home,357,1778370418.0,18,False,"arosentha,ichang,cbernard,tgoss,aorme,mwilliams,clankford",358,693,e8a980025f22a88ad92c4942eb03a9c7c3b729ca5f4a0de672220791ef3ad2ec,1778370418.0,False,491,545.166666666667,15.1145658224112,4.3,14.49,-16.5285919099075,8ce0da4978f59ebebd84135d2054f7b8f8fdde7c93ab39c4e0ab83e64d24441b,0.96317893673107,0.0368210632689303,0.608187893847599,0.723774131855096,0.787521444129841,0.755364348780653,545.166666666667,-8.0,0.011,0.0637473122747452,0.162698679478652,693.0,f25e0dbf9aaacd03161fb8b00bce7537b0fdc153,2026-08-18 08:07:04,2026-06-06 14:01:41,2026-05-09-OAK-SEA,cascades,spiders,16,26,2026-05-09 15:00:00
gleahy,-9.33,63.78,alantz,-6.05,72.01,0,0,0,"dmourad,isweeney,rmcleod,bkassmull,jbrown,alantz,gleahy",True,2026-05-09-OAK-SEA,14,22,4,3,614.0,1,16,True,True,492,home,358,1778370423.0,18,False,"arosentha,ichang,cbernard,tgoss,aorme,mwilliams,clankford",359,694,47a69616e432413fad32bee93ccc70f10efb59e09c4a3da6e4e0f5f68c988260,1778370423.0,False,492,540.25,8.85953159032689,3.28,8.23,-21.7293544673105,02639e1c7229c9758803956018273d84218d51d112e6d58a3e81e0dc3fbe04d1,0.980139491991387,0.0198605080086127,0.608187893847599,0.788056215612012,0.824534476055732,0.724636841308155,540.25,-8.0,0.011,0.0364782604437202,0.0931014123119804,694.0,d1eaa97215b3537b8abbd2f6d53670b9a5fdec53,2026-08-18 08:07:04,2026-06-06 14:01:41,2026-05-09-OAK-SEA,cascades,spiders,16,26,2026-05-09 15:00:00
alantz,-6.05,72.01,dmourad,-15.6,68.37,0,0,0,"dmourad,isweeney,rmcleod,bkassmull,jbrown,alantz,gleahy",True,2026-05-09-OAK-SEA,14,22,4,3,614.0,1,17,True,True,493,home,359,1778370428.0,18,False,"arosentha,ichang,cbernard,tgoss,aorme,mwilliams,clankford",360,695,4bbd9340fed9eadd3ed3189819a4db80fe3d51f67def87930995e73082fbf052,1778370428.0,False,493,535.333333333333,10.2201810160095,-9.55,-3.64,110.864436840281,e75d2f1e5c767588882b778517975b28b81bb4b738ecf6eecd3c483dccca334d,0.984139592883119,0.0158604071168813,0.608187893847599,0.824960045384836,0.80236167387545,0.729136538349986,535.333333333333,-8.0,0.011,-0.0225983715093864,-0.0576765524968143,695.0,d8dc4a69fd7bd64964f8b2034991ad512cf082c4,2026-08-18 08:07:04,2026-06-06 14:01:41,2026-05-09-OAK-SEA,cascades,spiders,16,26,2026-05-09 15:00:00
dmourad,-15.6,68.37,bkassmull,-17.93,80.97,0,0,0,"dmourad,isweeney,rmcleod,bkassmull,jbrown,alantz,gleahy",True,2026-05-09-OAK-SEA,14,22,4,3,614.0,1,18,True,True,494,home,360,1778370436.0,18,False,"arosentha,ichang,cbernard,tgoss,aorme,mwilliams,clankford",361,697,ac1b24139ca8aa7771193b391ced1e0187ed32afbdad739a16654084d3fca481,1778370436.0,False,494,530.416666666667,12.8136216582198,-2.33,12.6,10.4768212782298,51aecb79d1960d7440ddd47e08a3e2b2d03ba547bcc3980b3f08e387c33fc7e8,0.97197947510138,0.0280205248986199,0.608187893847599,0.802787840107403,0.854258015848702,0.675046104780535,530.416666666667,-8.0,0.011,0.0514701757412984,0.131364434465122,697.0,6c9dfb52117f7490a7c7a4aa313c5a168881789b,2026-08-18 08:07:04,2026-06-06 14:01:41,2026-05-09-OAK-SEA,cascades,spiders,16,26,2026-05-09 15:00:00
bkassmull,-17.93,80.97,,-17.93,80.97,1,0,0,"dmourad,isweeney,rmcleod,bkassmull,jbrown,alantz,gleahy",True,2026-05-09-OAK-SEA,14,22,4,3,614.0,1,19,True,True,495,home,361,1778370437.0,22,False,"arosentha,ichang,cbernard,tgoss,aorme,mwilliams,clankford",362,698,995902f6c8b6ab9f84376982e9d384864cc87daad4f629bc4437f27289796983,1778370437.0,False,495,525.5,0.0,0.0,0.0,-90.0,e46562c5207d4bb752c27fa22fcd64587422e22394f8d093e137c26dbf589648,0.5,-0.5,0.608187893847599,0.854562038052148,0.854562038052148,0.675581996248732,525.5,-8.0,0.006,-0.675581996248732,-0.675581996248732,698.0,d7fe853243ec0229f7237073211d64922a6dc9f0,2026-08-18 08:07:04,2026-06-06 14:01:41,2026-05-09-OAK-SEA,cascades,spiders,16,26,2026-05-09 15:00:00
tgoss,4.43,21.0,cbernard,-8.05,28.7,0,0,0,"arosentha,ichang,cbernard,tgoss,aorme,mwilliams,clankford",False,2026-05-09-OAK-SEA,14,22,4,3,614.0,2,1,False,False,496,away,336,1778370447.0,18,False,"dmourad,isweeney,rmcleod,bkassmull,jbrown,alantz,gleahy",337,699,9739d2a9d7525d3894b096a7a030cf0ecb07c3d1c0ece0276f045772f25c673e,1778370447.0,False,496,520.583333333333,14.6642558624705,-12.48,7.7,58.3259462170559,6801f8a8baa153d933cf270ca1281ac9153da81563b8c8c977b7d4a2dda2a889,0.981443858149199,0.0185561418508007,0.642389812653448,0.642389812653448,0.662090506198425,0.903474652232303,520.583333333333,-8.0,0.006,0.0197006935449774,0.0550898554964428,699.0,159732a6b101a86bf09bead5f9243e272b2ebdb0,2026-08-18 08:07:04,2026-06-06 14:01:41,2026-05-09-OAK-SEA,cascades,spiders,16,26,2026-05-09 15:00:00
cbernard,-8.05,28.7,clankford,-0.41,35.04,0,0,0,"arosentha,ichang,cbernard,tgoss,aorme,mwilliams,clankford",False,2026-05-09-OAK-SEA,14,22,4,3,614.0,2,2,False,False,497,away,337,1778370450.0,18,False,"dmourad,isweeney,rmcleod,bkassmull,jbrown,alantz,gleahy",338,700,f9157b0015fe24d6df64b924be89ca0b8dbd00bbfa1239c4047b4cf1ecc5705b,1778370450.0,False,497,515.666666666667,9.92800080580174,7.64,6.34,-50.3126557804606,4c04077085e1600c33f829315c8ae1298eccd1173ec610f8ffe131979a9093a6,0.986654465562752,0.0133455344372476,0.642389812653448,0.662533389596403,0.682837351123139,0.880398451822487,515.666666666667,-8.0,0.006,0.020303961526736,0.0567767984390776,700.0,5a33c43dac19c71cfaff084111fb8f58c202e3b5,2026-08-18 08:07:04,2026-06-06 14:01:41,2026-05-09-OAK-SEA,cascades,spiders,16,26,2026-05-09 15:00:00
clankford,-0.41,35.04,ichang,-9.35,46.56,0,0,0,"arosentha,ichang,cbernard,tgoss,aorme,mwilliams,clankford",False,2026-05-09-OAK-SEA,14,22,4,3,614.0,2,3,False,False,498,away,338,1778370460.0,18,False,"dmourad,isweeney,rmcleod,bkassmull,jbrown,alantz,gleahy",339,701,e1d0f2a11fcedb748cead408f2eb63243ace1d322cb1ea7e4bde1fed773c2cc3,1778370460.0,False,498,510.75,14.581975174852,-8.94,11.52,37.812952878315,0937773f0183cda44841c9025a530d35a364a483e1c320ef0ada9f86a1d6ae9d,0.975407624050345,0.0245923759496546,0.642389812653448,0.683218818260785,0.720983184638734,0.831740389664388,510.75,-8.0,0.006,0.0377643663779488,0.105602042990325,701.0,8c6ff175687c5be06f124dbe9061e3111be509e7,2026-08-18 08:07:04,2026-06-06 14:01:41,2026-05-09-OAK-SEA,cascades,spiders,16,26,2026-05-09 15:00:00
ichang,-9.35,46.56,aorme,-13.58,43.36,0,0,0,"arosentha,ichang,cbernard,tgoss,aorme,mwilliams,clankford",False,2026-05-09-OAK-SEA,14,22,4,3,614.0,2,4,False,False,499,away,339,1778370463.0,18,False,"dmourad,isweeney,rmcleod,bkassmull,jbrown,alantz,gleahy",340,702,6f568b46a07ea0ee74ea7097383757e7aedba39c653657d120103c6d87b6400e,1778370463.0,False,499,505.833333333333,5.30404562574645,-4.23,-3.2,127.107548460442,69487b77dc988fac06370610d984f123fc5de405432fdce99fd583fbd3c354f1,0.991454333420563,0.00854566657943678,0.642389812653448,0.721295456456884,0.705478805732267,0.842421451869512,505.833333333333,-8.0,0.006,-0.0158166507246168,-0.0442287476259429,702.0,31024bf955a2df4e81b913d32e0a562dde39c743,2026-08-18 08:07:04,2026-06-06 14:01:41,2026-05-09-OAK-SEA,cascades,spiders,16,26,2026-05-09 15:00:00
aorme,-13.58,43.36,clankford,-16.51,51.88,0,0,0,"arosentha,ichang,cbernard,tgoss,aorme,mwilliams,clankford",False,2026-05-09-OAK-SEA,14,22,4,3,614.0,2,5,False,False,500,away,340,1778370465.0,18,False,"dmourad,isweeney,rmcleod,bkassmull,jbrown,alantz,gleahy",341,703,fc2ed5579d8f3988f34eb03de2a5fbbf80cdeafc9fa3c398fc5a3b4c0de26dc8,1778370465.0,False,500,500.916666666667,9.00973362536319,-2.93,8.52,18.977925213175,5607f91f022181fa0e6df57b7aacbf128d08bdccce4e16868be3510612835d08,0.984926664385655,0.0150733356143445,0.642389812653448,0.705759815323108,0.732425540637037,0.800253428094203,500.916666666667,-8.0,0.006,0.0266657253139296,0.074566458835493,703.0,ed305e1a8eb4e26f79d41795ef348e17661da091,2026-08-18 08:07:04,2026-06-06 14:01:41,2026-05-09-OAK-SEA,cascades,spiders,16,26,2026-05-09 15:00:00
lgordon,-16.52,51.88,mawais,-6.89,56.31,0,0,0,"mawais,wfrankenb,dritthale,dwhited,cboydflie,arees,lgordon",False,2026-05-09-OAK-SEA,14,22,4,3,496.0,2,6,False,True,501,away,342,1778370545.0,18,False,"emurray,ksmart,korser,gharris,mobrien2,nmahan,bkassmull",343,706,52a91f1c2a07c8c9a2af861c878d7a0b45f5f4dca3eee6050d65803fd4b35494,1778370545.0,False,501,496.0,10.6000849053203,9.63,4.43,-65.2965876542714,044abc5f1455cb7f5c203d4e6e9d33e1c27d0a9289ce1d4b5d9f212d490a36b5,0.979316539234982,0.0206834607650183,0.642389812653448,0.732628902212012,0.760681589491935,0.791400473794982,496.0,-8.0,0.006,0.0280526872799222,0.0784448773343722,706.0,d5b13db206aa554038c0ca81f4eea705c770c4c0,2026-08-18 08:07:04,2026-06-06 14:01:41,2026-05-09-OAK-SEA,cascades,spiders,16,26,2026-05-09 15:00:00
mawais,-6.89,56.31,dritthale,-16.85,58.97,0,0,0,"mawais,wfrankenb,dritthale,dwhited,cboydflie,arees,lgordon",False,2026-05-09-OAK-SEA,14,22,4,3,496.0,2,7,False,True,502,away,343,1778370548.0,18,False,"emurray,ksmart,korser,gharris,mobrien2,nmahan,bkassmull",344,707,2660551ca546066595337f87901b194e275f7aea0d587cb9c2e5ad101a7af635,1778370548.0,False,502,492.0,10.309083373414,-9.96,2.66,75.0471022756883,7b0c1bf6db53248db7048e88ea7ed5d80f8a4d8313fef43aeab29205aaa4af43,0.985581283821399,0.0144187161786012,0.642389812653448,0.760829154754504,0.761424717220089,0.768433570718046,492.0,-8.0,0.006,0.000595562465584898,0.00166539569245479,707.0,5547d5d2f50588027022c596bf990d98a1f17dbc,2026-08-18 08:07:04,2026-06-06 14:01:41,2026-05-09-OAK-SEA,cascades,spiders,16,26,2026-05-09 15:00:00
dritthale,-16.85,58.97,arees,-19.51,76.84,0,0,0,"mawais,wfrankenb,dritthale,dwhited,cboydflie,arees,lgordon",False,2026-05-09-OAK-SEA,14,22,4,3,496.0,2,8,False,True,503,away,344,1778370550.0,18,False,"emurray,ksmart,korser,gharris,mobrien2,nmahan,bkassmull",345,708,526863f255993e47dc6a4410fe1d31209320056a46f533a1e6594874039a5c2e,1778370550.0,False,503,488.0,18.0668896050206,-2.66,17.87,8.4664729290661,3ce63de9ff8c78422c9c60b65c3e0bf757a006a29a60cb6c9da9e0b4aad92388,0.957964897602918,0.0420351023970817,0.642389812653448,0.761551010544828,0.83398893673288,0.686314528227377,488.0,-8.0,0.005,0.0724379261880527,0.202561137101653,708.0,20b5ca8aab91e793830308c7353423ca812cadae,2026-08-18 08:07:04,2026-06-06 14:01:41,2026-05-09-OAK-SEA,cascades,spiders,16,26,2026-05-09 15:00:00
arees,-19.51,76.84,wfrankenb,-12.83,84.75,0,0,0,"mawais,wfrankenb,dritthale,dwhited,cboydflie,arees,lgordon",False,2026-05-09-OAK-SEA,14,22,4,3,496.0,2,9,False,True,504,away,345,1778370552.0,18,False,"emurray,ksmart,korser,gharris,mobrien2,nmahan,bkassmull",346,709,2d7ef2909f8f99b418f7951ee9e54720e0b649081e5261614a0f7e245197aa23,1778370552.0,False,504,484.0,10.3532845029971,6.68,7.91,-40.1811131189914,19c80d65accc5ebf7a314aad9eadf998da8e92506d15498fc477fc674c104e29,0.968310091224046,0.0316899087759539,0.642389812653448,0.83406989423813,0.877892617400547,0.679201784358699,484.0,-8.0,0.005,0.0438227231624172,0.122543273969848,709.0,1b6a4dc914d996366308d5d49214124c082e9561,2026-08-18 08:07:04,2026-06-06 14:01:41,2026-05-09-OAK-SEA,cascades,spiders,16,26,2026-05-09 15:00:00
wfrankenb,-12.83,84.75,dritthale,-3.07,82.09,0,0,0,"mawais,wfrankenb,dritthale,dwhited,cboydflie,arees,lgordon",False,2026-05-09-OAK-SEA,14,22,4,3,496.0,2,10,False,True,505,away,346,1778370556.0,18,False,"emurray,ksmart,korser,gharris,mobrien2,nmahan,bkassmull",347,710,51a3a6b837dc4c30fa1c7976ad70d8c431aa23d7641c48fb2cdb074af82be54a,1778370556.0,False,505,480.0,10.1159873467695,9.76,-2.66,-105.245183593133,0d40e2563d8f0418675b4fcfc0ccaf351d139f1ee07239dde81e8b955ae7b11b,0.976284319500554,0.0237156804994457,0.642389812653448,0.877943982604344,0.869816736679222,0.693733634919833,480.0,-8.0,0.005,-0.00812724592512171,-0.0227265503408206,710.0,c205e52063ca909dbb80e89f8c5080fbbb80aebc,2026-08-18 08:07:04,2026-06-06 14:01:41,2026-05-09-OAK-SEA,cascades,spiders,16,26,2026-05-09 15:00:00
dritthale,-3.07,82.09,lgordon,6.61,80.38,0,0,0,"mawais,wfrankenb,dritthale,dwhited,cboydflie,arees,lgordon",False,2026-05-09-OAK-SEA,14,22,4,3,496.0,2,11,False,True,506,away,347,1778370559.0,18,False,"emurray,ksmart,korser,gharris,mobrien2,nmahan,bkassmull",348,711,368dfa46b9055115187d246663693a9b74ba1274cfa2ca053719dc042811b333,1778370559.0,False,506,476.0,9.82987792396223,9.68,-1.71000000000001,-100.018109292675,013c311228fbd129aed47fb1fd0403fa1d827904162e8d2a71bbf6dfab6229a4,0.979446889481333,0.0205531105186672,0.642389812653448,0.869859597410598,0.862586084899998,0.69887181686012,476.0,-8.0,0.005,-0.0072735125106006,-0.0203392206597068,711.0,02b6e7db541d515049f337a47f620028c3c5182a,2026-08-18 08:07:04,2026-06-06 14:01:41,2026-05-09-OAK-SEA,cascades,spiders,16,26,2026-05-09 15:00:00
lgordon,6.61,80.38,dritthale,11.86,85.36,0,0,0,"mawais,wfrankenb,dritthale,dwhited,cboydflie,arees,lgordon",False,2026-05-09-OAK-SEA,14,22,4,3,496.0,2,12,False,True,507,away,348,1778370562.0,18,False,"emurray,ksmart,korser,gharris,mobrien2,nmahan,bkassmull",349,712,c2d315f4ace1c66774ede79791b355d9ad82771e1aef7e55d934942a2f4a9906,1778370562.0,False,507,472.0,7.23622138964805,5.25,4.98,-46.5118543428267,bf15e6c9f5015eda2154f8060e88b1104f0622446739c78a70f8ff6130146f43,0.980647867058971,0.0193521329410286,0.642389812653448,0.862619599750431,0.880694500182315,0.679609634285309,472.0,-8.0,0.005,0.0180749004318843,0.0505435836881468,712.0,d63cb0886dc463eced70489a420c374acd8b5bbc,2026-08-18 08:07:04,2026-06-06 14:01:41,2026-05-09-OAK-SEA,cascades,spiders,16,26,2026-05-09 15:00:00
dritthale,11.86,85.36,lgordon,16.98,86.65,0,0,0,"mawais,wfrankenb,dritthale,dwhited,cboydflie,arees,lgordon",False,2026-05-09-OAK-SEA,14,22,4,3,496.0,2,13,False,True,508,away,349,1778370567.0,18,False,"emurray,ksmart,korser,gharris,mobrien2,nmahan,bkassmull",350,713,4956ebbe62dd487d0335c55d51670ee3bc3000b7d165136a2279a68bc561feba,1778370567.0,False,508,468.0,5.28000946968848,5.12,1.29000000000001,-75.8584819063752,0e79346eb914f726dc6c07283a300be6de7cbd78fd581f7d991967315bf5095f,0.985297098813725,0.0147029011862754,0.642389812653448,0.8807146625163,0.880280597242195,0.665626184653898,468.0,-8.0,0.005,-0.000434065274104722,-0.00121379448758287,713.0,7f89847ce4efa13ebd931171e77f3266e58901d9,2026-08-18 08:07:04,2026-06-06 14:01:41,2026-05-09-OAK-SEA,cascades,spiders,16,26,2026-05-09 15:00:00
lgordon,16.98,86.65,dritthale,3.34,82.63,0,0,0,"mawais,wfrankenb,dritthale,dwhited,cboydflie,arees,lgordon",False,2026-05-09-OAK-SEA,14,22,4,3,496.0,2,14,False,True,509,away,350,1778370570.0,18,False,"emurray,ksmart,korser,gharris,mobrien2,nmahan,bkassmull",351,714,68a1d86692ad8075af894218df0f2e00b823c417ad164dd25dbf7c75e80b4f06,1778370570.0,False,509,464.0,14.2200562586792,-13.64,-4.02000000000001,106.421373845847,668d3b9416dcf607296d48db478a921b963a726a08114478aa3246128eed7894,0.964828947469406,0.0351710525305938,0.642389812653448,0.880291761257412,0.872094571322797,0.692100811236466,464.0,-8.0,0.005,-0.00819718993461538,-0.0229221376366207,714.0,66077e6a446e2ea660c72a8591b29512a7b0325c,2026-08-18 08:07:04,2026-06-06 14:01:41,2026-05-09-OAK-SEA,cascades,spiders,16,26,2026-05-09 15:00:00
dritthale,3.34,82.63,lgordon,-2.66,84.34,0,0,0,"mawais,wfrankenb,dritthale,dwhited,cboydflie,arees,lgordon",False,2026-05-09-OAK-SEA,14,22,4,3,496.0,2,15,False,True,510,away,351,1778370573.0,18,False,"emurray,ksmart,korser,gharris,mobrien2,nmahan,bkassmull",352,715,58c522edb73252383ba7d10ce2787de9bdaac2a5dc94c6818d813272c1d37959,1778370573.0,False,510,460.0,6.23891817545318,-6.0,1.71000000000001,74.0924480694741,b530f738ba4e1e8c8662bd99f1fc98272ecd6623bec7e5f8802de571327a84d7,0.983846205794484,0.0161537942055161,0.642389812653448,0.872097346403955,0.878887709309088,0.686721677465843,460.0,-8.0,0.005,0.00679036290513291,0.018988169647842,715.0,104d1d520058c7cfa636c66854cabab2088fab72,2026-08-18 08:07:04,2026-06-06 14:01:41,2026-05-09-OAK-SEA,cascades,spiders,16,26,2026-05-09 15:00:00
lgordon,-2.66,84.34,wfrankenb,-10.92,86.25,0,0,0,"mawais,wfrankenb,dritthale,dwhited,cboydflie,arees,lgordon",False,2026-05-09-OAK-SEA,14,22,4,3,496.0,2,16,False,True,511,away,352,1778370576.0,18,False,"emurray,ksmart,korser,gharris,mobrien2,nmahan,bkassmull",353,716,e214d9bd3ee2c5a7e6711cff5edd787dce605a27fd28d87c5a750dd760f299df,1778370576.0,False,511,456.0,8.47795376255379,-8.26,1.91,76.9800557499538,a6ae54f5bbe75c49f7630a49cf01914b6fc41cd15fecfcb8166bf0116e437128,0.97876318574882,0.0212368142511804,0.642389812653448,0.87888225148161,0.884956770466586,0.67735017230345,456.0,-8.0,0.005,0.00607451898497524,0.0169864260021445,716.0,e914cc9bae9a2952cce97a4bdb6c876e15551740,2026-08-18 08:07:04,2026-06-06 14:01:41,2026-05-09-OAK-SEA,cascades,spiders,16,26,2026-05-09 15:00:00
wfrankenb,-10.92,86.25,arees,-15.42,89.65,0,0,0,"mawais,wfrankenb,dritthale,dwhited,cboydflie,arees,lgordon",False,2026-05-09-OAK-SEA,14,22,4,3,496.0,2,17,False,True,512,away,353,1778370580.0,18,False,"emurray,ksmart,korser,gharris,mobrien2,nmahan,bkassmull",354,717,e7a1200e5218a6f7a3ca3244250cc575ce43f92fae08a86354ab72ace4fe48e6,1778370580.0,False,512,452.0,5.64003546088143,-4.5,3.40000000000001,52.9269266826896,3b0f6d9af41d60882f7ba0c91d3fd33f2813feabf2d9f465de22a5847360185d,0.982516827876096,0.0174831721239036,0.642389812653448,0.884944296606555,0.894895909174065,0.658851036508621,452.0,-8.0,0.005,0.00995161256751054,0.0278281014345563,717.0,6e51bf48f0a9402d6c8c041d155a4421b9a187e6,2026-08-18 08:07:04,2026-06-06 14:01:41,2026-05-09-OAK-SEA,cascades,spiders,16,26,2026-05-09 15:00:00
arees,-15.42,89.65,wfrankenb,-14.87,80.93,0,0,0,"mawais,wfrankenb,dritthale,dwhited,cboydflie,arees,lgordon",False,2026-05-09-OAK-SEA,14,22,4,3,496.0,2,18,False,True,513,away,354,1778370587.0,18,False,"emurray,ksmart,korser,gharris,mobrien2,nmahan,bkassmull",355,718,dcf4c6b3fb640af3698102dc9505d8db7d3eaa6c98ea1d6986efcf25d44e673d,1778370587.0,False,513,448.0,8.73732796683288,0.550000000000001,-8.72,-176.390941545167,08ed9961a976f0c0e5d5f2d8ceac88703c19e0f9e35bc91f9473e65147462ccd,0.979431482877873,0.0205685171221266,0.642389812653448,0.894878144791781,0.860615564709607,0.687963502017836,448.0,-8.0,0.005,-0.0342625800821743,-0.0958098546811565,718.0,961f18676d391b10509cc1eae068970f94d1fddd,2026-08-18 08:07:04,2026-06-06 14:01:41,2026-05-09-OAK-SEA,cascades,spiders,16,26,2026-05-09 15:00:00
wfrankenb,-14.87,80.93,arees,-9.01,79.77,0,0,0,"mawais,wfrankenb,dritthale,dwhited,cboydflie,arees,lgordon",False,2026-05-09-OAK-SEA,14,22,4,3,496.0,2,19,False,True,514,away,355,1778370590.0,18,False,"emurray,ksmart,korser,gharris,mobrien2,nmahan,bkassmull",356,719,196434a4a52b85bf38554261c93efb558fb4c2ca57fd6f748584dee9d3178202,1778370590.0,False,514,444.0,5.97370906556387,5.86,-1.16000000000001,-101.197071596656,c19f409141d6faea7bc11b0e08f216b21a02be8ee4f638ac0ee764fa24db4f6c,0.982279785154516,0.0177202148454838,0.642389812653448,0.860585539001418,0.859607258125917,0.699876180796747,444.0,-8.0,0.005,-0.000978280875501114,-0.00273560684263473,719.0,d915d79959525fb2de8857bbde68815b5dee69f9,2026-08-18 08:07:04,2026-06-06 14:01:41,2026-05-09-OAK-SEA,cascades,spiders,16,26,2026-05-09 15:00:00
arees,-9.01,79.77,lgordon,-16.37,110.99,0,0,0,"mawais,wfrankenb,dritthale,dwhited,cboydflie,arees,lgordon",False,2026-05-09-OAK-SEA,14,23,4,3,496.0,2,20,False,True,515,away,356,1778370606.0,19,False,"emurray,ksmart,korser,gharris,mobrien2,nmahan,bkassmull",357,721,2a4e99267400adee5d353ffd4e33903b3121b999a751a56a110cca910748f3ab,1778370606.0,False,515,440.0,32.0758164354393,-7.36,31.22,13.2650673575125,24386a293e46bc4572e66b0029c411bbff392c26b54aa84939ed7870fa450915,0.850761282190628,0.149238717809372,0.642389812653448,0.859570228163263,1.0,0.627552264883163,440.0,-8.0,0.005,0.140429771836737,0.39268951726101,721.0,238fe56a2a8cf69694d8bb92ceb4dad06a98d6a5,2026-08-18 08:07:04,2026-06-06 14:01:41,2026-05-09-OAK-SEA,cascades,spiders,16,26,2026-05-09 15:00:00
mmunoz,17.55,14.56,slofink,10.63,16.67,0,0,0,"mmunoz,tli,slofink,dmourad,cbelfield,nstoppel,gleahy",True,2026-05-09-OAK-SEA,14,23,4,4,436.0,1,1,True,True,516,home,365,1778370668.0,18,False,"rvickersb,jwhealan,clankford,emagsig,lgrench,jvallee,arosentha",366,725,84b4ffaa71b01f8cb5e5c92ee8ec1871cc2d5642e32319dc59d7a3a916c42f39,1778370668.0,False,516,436.0,7.234535230407,-6.92,2.11,73.0428392632494,26285cb678dc223b1210b8bb78af892ee3b84a62a996cb3b98c7cb4b9bc43977,0.990803950964255,0.00919604903574478,0.610146295739151,0.610146295739151,0.631186879153366,0.932370272892411,436.0,-9.0,0.006,0.0210405834142156,0.053970459134428,725.0,6e6831676d53ecdf2dc2688bf3f3736cc19d81ba,2026-08-18 08:07:04,2026-06-06 14:01:41,2026-05-09-OAK-SEA,cascades,spiders,16,26,2026-05-09 15:00:00
slofink,10.63,16.67,tli,-1.17,17.33,0,0,0,"mmunoz,tli,slofink,dmourad,cbelfield,nstoppel,gleahy",True,2026-05-09-OAK-SEA,14,23,4,4,436.0,1,2,True,True,517,home,366,1778370671.0,18,False,"rvickersb,jwhealan,clankford,emagsig,lgrench,jvallee,arosentha",367,726,5a2813f52ec36893c1dac311a966fd05be5ff54ab480aa44976a208879798e65,1778370671.0,False,517,431.222222222222,11.8184432138924,-11.8,0.659999999999997,86.7986563996813,2576529455ba225e9877539ae1d88c19a59f9e7ff62989e75b3d2337cf72dafc,0.988746417381354,0.0112535826186462,0.610146295739151,0.631073059905943,0.635995529335966,0.933132154987889,431.222222222222,-9.0,0.006,0.0049224694300235,0.0126264528879015,726.0,b50ab7f4d26a4a687338f8b5da3698bc11e1de93,2026-08-18 08:07:04,2026-06-06 14:01:41,2026-05-09-OAK-SEA,cascades,spiders,16,26,2026-05-09 15:00:00
tli,-1.17,17.33,nstoppel,-15.38,18.71,0,0,0,"mmunoz,tli,slofink,dmourad,cbelfield,nstoppel,gleahy",True,2026-05-09-OAK-SEA,14,23,4,4,436.0,1,3,True,True,518,home,367,1778370673.0,18,False,"rvickersb,jwhealan,clankford,emagsig,lgrench,jvallee,arosentha",368,727,76192f60bd13857bc9dc4ceff591a4f76652950d230a84f85d0b8467024b3625,1778370673.0,False,518,426.444444444444,14.2768518938875,-14.21,1.38,84.45313146287,eac31e74c116a4141dc70b31607fe9d3113f7d30612031887cd085b1182a0c44,0.987688218818762,0.0123117811812377,0.610146295739151,0.635868845842009,0.628838436090399,0.92976034476357,426.444444444444,-9.0,0.006,-0.00703040975160973,-0.0180334563318801,727.0,277bb7df42dfb8b7166bfd9b9e6e1c4521f5da52,2026-08-18 08:07:04,2026-06-06 14:01:41,2026-05-09-OAK-SEA,cascades,spiders,16,26,2026-05-09 15:00:00
nstoppel,-15.38,18.71,mmunoz,-3.14,35.67,0,0,0,"mmunoz,tli,slofink,dmourad,cbelfield,nstoppel,gleahy",True,2026-05-09-OAK-SEA,14,23,4,4,436.0,1,4,True,True,519,home,368,1778370681.0,18,False,"rvickersb,jwhealan,clankford,emagsig,lgrench,jvallee,arosentha",369,728,1ccc7afac3bafd62d1c5049248c4a00306ebb5aed552f411a07c040215b27f51,1778370681.0,False,519,421.666666666667,20.915525334067,12.24,16.96,-35.817912807079,f8bb5f5e1cf08643eb90e7b1efe8c2313ec262b0302c5c5815c5321474aa2e5d,0.956166542718841,0.0438334572811592,0.610146295739151,0.628699065428253,0.68603694501539,0.878532698161008,421.666666666667,-9.0,0.006,0.0573378795871363,0.147075374584031,728.0,7d5808292077a959f7c6ae04c2558e44c05816ac,2026-08-18 08:07:04,2026-06-06 14:01:41,2026-05-09-OAK-SEA,cascades,spiders,16,26,2026-05-09 15:00:00
mmunoz,-3.14,35.67,gleahy,-12.03,39.61,0,0,0,"mmunoz,tli,slofink,dmourad,cbelfield,nstoppel,gleahy",True,2026-05-09-OAK-SEA,14,23,4,4,436.0,1,5,True,True,520,home,369,1778370685.0,18,False,"rvickersb,jwhealan,clankford,emagsig,lgrench,jvallee,arosentha",370,729,7690aed540728db2d55edc32b8e8b173e2a5426601cdacecd1a7466f9204c317,1778370685.0,False,520,416.888888888889,9.72397552444472,-8.89,3.94,66.0973374415126,394b1bc3fc632d3fc454441e49e45016fc90a7cfbde4791afc1f56d5efe97056,0.986790728280008,0.0132092717199919,0.610146295739151,0.685899373956304,0.694970014755329,0.860072461092224,416.888888888889,-9.0,0.006,0.00907064079902453,0.0232667811024707,729.0,5f871cb2e4181594bfafaeca61e53d376bd54e65,2026-08-18 08:07:04,2026-06-06 14:01:41,2026-05-09-OAK-SEA,cascades,spiders,16,26,2026-05-09 15:00:00
gleahy,-12.03,39.61,tli,-16.33,35.67,0,0,0,"mmunoz,tli,slofink,dmourad,cbelfield,nstoppel,gleahy",True,2026-05-09-OAK-SEA,14,23,4,4,436.0,1,6,True,True,521,home,370,1778370689.0,18,False,"rvickersb,jwhealan,clankford,emagsig,lgrench,jvallee,arosentha",371,730,f03f1c67398b9a9dad03cd9daa8aabe6ac0b2af4787feaaa8df481dbf26bba2a,1778370689.0,False,521,412.111111111111,5.83211796862855,-4.3,-3.94,132.498377185718,cecaa65fd3d200bc460cf240f936a51964fdb9fd4dbe4a89d91d89621192974e,0.992629662505698,0.00737033749430172,0.610146295739151,0.694827580781626,0.673939881930342,0.871399166796731,412.111111111111,-9.0,0.006,-0.0208876988512837,-0.0535783003290584,730.0,9eb017fc9d227268d396260a8a304272c4d0eb90,2026-08-18 08:07:04,2026-06-06 14:01:41,2026-05-09-OAK-SEA,cascades,spiders,16,26,2026-05-09 15:00:00
tli,-16.33,35.67,gleahy,-12.17,37.06,0,0,0,"mmunoz,tli,slofink,dmourad,cbelfield,nstoppel,gleahy",True,2026-05-09-OAK-SEA,14,23,4,4,436.0,1,7,True,True,522,home,371,1778370691.0,18,False,"rvickersb,jwhealan,clankford,emagsig,lgrench,jvallee,arosentha",372,731,ec49a2aea88f9b02af949823fe5e6150acb5eab20d24619e30f5b2892621984b,1778370691.0,False,522,407.333333333333,4.38608025462371,4.16,1.39,-71.5237420425536,f6d80b7c918150ae96ebe76d32d93d2e136841e0a34e20a5926caa8d43e0e4a7,0.990644559525736,0.00935544047426384,0.610146295739151,0.67378678210161,0.686020276707561,0.870293524346578,407.333333333333,-9.0,0.006,0.0122334946059505,0.0313797059569943,731.0,07ecf29407ecc41930b959668450a8f08e62caea,2026-08-18 08:07:04,2026-06-06 14:01:41,2026-05-09-OAK-SEA,cascades,spiders,16,26,2026-05-09 15:00:00
gleahy,-12.17,37.06,tli,-18.15,39.46,0,0,0,"mmunoz,tli,slofink,dmourad,cbelfield,nstoppel,gleahy",True,2026-05-09-OAK-SEA,14,23,4,4,436.0,1,8,True,True,523,home,372,1778370694.0,18,False,"rvickersb,jwhealan,clankford,emagsig,lgrench,jvallee,arosentha",373,732,70c70066d79843179e8297af95675ca6ff9a0e028b17ccfbfb843efcaf4a792e,1778370694.0,False,523,402.555555555556,6.44363251590281,-5.98,2.4,68.1325435348185,60d4025b0d535ca88dd04d3ea15b795b72cc497cf38f6c03487947d55cad678e,0.991738791175742,0.0082612088242584,0.610146295739151,0.685866659767469,0.680714146998043,0.851655056673525,402.555555555556,-9.0,0.006,-0.0051525127694253,-0.0132165289520445,732.0,7429d2246d064cfa13a22441fe0f915fc4678d1b,2026-08-18 08:07:04,2026-06-06 14:01:41,2026-05-09-OAK-SEA,cascades,spiders,16,26,2026-05-09 15:00:00
tli,-18.15,39.46,cbelfield,-14.29,34.44,0,0,0,"mmunoz,tli,slofink,dmourad,cbelfield,nstoppel,gleahy",True,2026-05-09-OAK-SEA,14,23,4,4,436.0,1,9,True,True,524,home,373,1778370696.0,18,False,"rvickersb,jwhealan,clankford,emagsig,lgrench,jvallee,arosentha",374,733,42dd65ee8afa50d565ce07a319c2e58a2c0c794fcb7a4a70813400adee77953a,1778370696.0,False,524,397.777777777778,6.33245607959503,3.86,-5.02,-142.442441242654,9f5171e965e9617cb66b3df51e563c505bdfa366ef998566568051afc05000e9,0.990750826841715,0.00924917315828533,0.610146295739151,0.68055738347007,0.674094727423702,0.878816502335255,397.777777777778,-9.0,0.006,-0.00646265604636709,-0.0165771313078071,733.0,0f34fdbceb00ec699b2285682d5f15881876a659,2026-08-18 08:07:04,2026-06-06 14:01:41,2026-05-09-OAK-SEA,cascades,spiders,16,26,2026-05-09 15:00:00
cbelfield,-14.29,34.44,tli,-18.88,37.42,0,0,0,"mmunoz,tli,slofink,dmourad,cbelfield,nstoppel,gleahy",True,2026-05-09-OAK-SEA,14,23,4,4,436.0,1,10,True,True,525,home,374,1778370699.0,18,False,"rvickersb,jwhealan,clankford,emagsig,lgrench,jvallee,arosentha",375,734,383e59084d6f9e849367311e57fe334ddb49afef8a757771ee848776f558ebd5,1778370699.0,False,525,393.0,5.47252227039781,-4.59,2.98,57.0068563922767,af262dc8b240fbdce72f2bbd8ae5441269c0c64572dc7d45f334f2474b484908,0.992447299045742,0.00755270095425831,0.610146295739151,0.673936330063484,0.670578702004296,0.858679467740748,393.0,-9.0,0.006,-0.00335762805918804,-0.00861253342597835,734.0,3a8d4fa67ebb7e1f8e5007681d3991ea25684f21,2026-08-18 08:07:04,2026-06-06 14:01:41,2026-05-09-OAK-SEA,cascades,spiders,16,26,2026-05-09 15:00:00
tli,-18.88,37.42,dmourad,-18.58,43.25,0,0,0,"mmunoz,tli,slofink,dmourad,cbelfield,nstoppel,gleahy",True,2026-05-09-OAK-SEA,14,23,4,4,436.0,1,11,True,True,526,home,375,1778370702.0,18,False,"rvickersb,jwhealan,clankford,emagsig,lgrench,jvallee,arosentha",376,735,87a2b6bcff0d569bd26c76624d7b69d9f241d8d81f53c3adc1e51067e9088412,1778370702.0,False,526,388.222222222222,5.83771359352272,0.300000000000001,5.83,-2.94572666025196,1de60d7f6cbe7266b095cb11c621386e51eaee24d426bde2855f13ae99b196f7,0.990136758390347,0.00986324160965291,0.610146295739151,0.670421338930361,0.692187609621081,0.833484868506749,388.222222222222,-9.0,0.006,0.0217662706907205,0.0558318939972332,735.0,9c83b2e3002f69fcbcb9aa3dcfdc02e5f219fce6,2026-08-18 08:07:04,2026-06-06 14:01:41,2026-05-09-OAK-SEA,cascades,spiders,16,26,2026-05-09 15:00:00
dmourad,-18.58,43.25,cbelfield,-10.35,39.83,0,0,0,"mmunoz,tli,slofink,dmourad,cbelfield,nstoppel,gleahy",True,2026-05-09-OAK-SEA,14,23,4,4,436.0,1,12,True,True,527,home,376,1778370707.0,18,False,"rvickersb,jwhealan,clankford,emagsig,lgrench,jvallee,arosentha",377,736,4fa75c9ff6cf671ef790ef68cca87eb706da9619759aa4db87db97c34863a0aa,1778370707.0,False,527,383.444444444444,8.91231170909097,8.23,-3.42,-112.565467107088,50631e8e3d66dfbafdf75a4859fe8b6cc60122fdcd07f0473d84bb1833e1c12e,0.986326928151524,0.0136730718484759,0.610146295739151,0.692039450791247,0.696231636968443,0.859622770964515,383.444444444444,-9.0,0.006,0.00419218617719685,0.0107532290481762,736.0,47ec7656e9f33c420b81349bff817b43f87c661f,2026-08-18 08:07:04,2026-06-06 14:01:41,2026-05-09-OAK-SEA,cascades,spiders,16,26,2026-05-09 15:00:00
cbelfield,-10.35,39.83,slofink,-13.05,44.92,0,0,0,"mmunoz,tli,slofink,dmourad,cbelfield,nstoppel,gleahy",True,2026-05-09-OAK-SEA,14,23,4,4,436.0,1,13,True,True,528,home,377,1778370711.0,18,False,"rvickersb,jwhealan,clankford,emagsig,lgrench,jvallee,arosentha",378,737,eae8e92e715512e059f00223e52ea576baae8373fcfb9972e0a1329a8813ab39,1778370711.0,False,528,378.666666666667,5.76177923908926,-2.7,5.09,27.9437983161835,ac3b1850c48960d194cef99eec3a470bf020c2c63d2bd260493af23c012e5cb7,0.989046080820411,0.0109539191795887,0.610146295739151,0.696089934895462,0.711267561605929,0.835866356240052,378.666666666667,-9.0,0.006,0.0151776267104669,0.038931595479497,737.0,3f5f2e3685014709168d56bd2a76f7b11fc4401f,2026-08-18 08:07:04,2026-06-06 14:01:41,2026-05-09-OAK-SEA,cascades,spiders,16,26,2026-05-09 15:00:00
slofink,-13.05,44.92,cbelfield,-17.27,47.11,0,0,0,"mmunoz,tli,slofink,dmourad,cbelfield,nstoppel,gleahy",True,2026-05-09-OAK-SEA,14,23,4,4,436.0,1,14,True,True,529,home,378,1778370714.0,18,False,"rvickersb,jwhealan,clankford,emagsig,lgrench,jvallee,arosentha",379,738,0fa4a4f90b993ee8a2025e419a38bb21a9256181c073d6b7129f8d027c14c7e4,1778370714.0,False,529,373.888888888889,4.75441899710154,-4.22,2.19,62.5726127443291,9d0f9f38e08b8692adb5fb7ce5210de68ae78f98b03e9bd7523c4b78a80b8673,0.99164970959868,0.00835029040131996,0.610146295739151,0.711136890870065,0.710642779061966,0.819080024273347,373.888888888889,-9.0,0.006,-0.00049411180809833,-0.00126742878853787,738.0,55b680ad4e55bb607473f4a3d3494aa9183a80dd,2026-08-18 08:07:04,2026-06-06 14:01:41,2026-05-09-OAK-SEA,cascades,spiders,16,26,2026-05-09 15:00:00
cbelfield,-17.27,47.11,nstoppel,-20.48,51.26,0,0,0,"mmunoz,tli,slofink,dmourad,cbelfield,nstoppel,gleahy",True,2026-05-09-OAK-SEA,14,23,4,4,436.0,1,15,True,True,530,home,379,1778370719.0,18,False,"rvickersb,jwhealan,clankford,emagsig,lgrench,jvallee,arosentha",380,739,17dd5a45b6d778dca665365743bef55652871465a201636b2883e032616946c4,1778370719.0,False,530,369.111111111111,5.24657983833278,-3.21,4.15,37.721735525701,3836bbe3f7c6201372d4e7a0352ee92cb26bb0f7081a6772e0517b4a71f790e8,0.99063960753406,0.00936039246593967,0.610146295739151,0.710520597093277,0.714471592524681,0.790078269908929,369.111111111111,-9.0,0.006,0.00395099543140365,0.0101345591646862,739.0,fc0e48a1f57ad67b5e7ee6718c7764a4e7b1b269,2026-08-18 08:07:04,2026-06-06 14:01:41,2026-05-09-OAK-SEA,cascades,spiders,16,26,2026-05-09 15:00:00
nstoppel,-20.48,51.26,cbelfield,-20.77,64.29,0,0,0,"mmunoz,tli,slofink,dmourad,cbelfield,nstoppel,gleahy",True,2026-05-09-OAK-SEA,14,23,4,4,436.0,1,16,True,True,531,home,380,1778370722.0,18,False,"rvickersb,jwhealan,clankford,emagsig,lgrench,jvallee,arosentha",381,740,2de916e9d6684b4c8eea5dabf1182cb6179ad3e77862a2e23deaf9ca977755cd,1778370722.0,False,531,364.333333333333,13.0332267685328,-0.289999999999999,13.03,1.27498337405545,8ab4b58f84e750648c60c3c7f962aee7073998e7b82f682df72bf237311086c8,0.973881078321436,0.0261189216785642,0.610146295739151,0.714360671737771,0.770195419731038,0.729385427048027,364.333333333333,-9.0,0.006,0.055834747993267,0.143219744696611,740.0,a312dce159b9ee60047cc1704adfea43f5e8359c,2026-08-18 08:07:04,2026-06-06 14:01:41,2026-05-09-OAK-SEA,cascades,spiders,16,26,2026-05-09 15:00:00
cbelfield,-20.77,64.29,mmunoz,-12.54,74.05,0,0,0,"mmunoz,tli,slofink,dmourad,cbelfield,nstoppel,gleahy",True,2026-05-09-OAK-SEA,14,23,4,4,436.0,1,17,True,True,532,home,381,1778370725.0,18,False,"rvickersb,jwhealan,clankford,emagsig,lgrench,jvallee,arosentha",382,741,6bf6fb2803d431fbcd52f633977aa8a66c3453cba918bc3002b1e575bba438aa,1778370725.0,False,532,359.555555555556,12.7667732806688,8.23,9.75999999999999,-40.1388493724577,339f1295cb19cda88689fa8f474bc7ee9d71bda21916798eb4e97e397d63fb74,0.964198662761865,0.0358013372381348,0.610146295739151,0.770109589391059,0.832138356212242,0.714498959137813,359.555555555556,-9.0,0.006,0.0620287668211823,0.15910780414101,741.0,f87cba13e12d7320d2655eb921a29d1170cf2eed,2026-08-18 08:07:04,2026-06-06 14:01:41,2026-05-09-OAK-SEA,cascades,spiders,16,26,2026-05-09 15:00:00
mmunoz,-12.54,74.05,cbelfield,-16.98,75.14,0,0,0,"mmunoz,tli,slofink,dmourad,cbelfield,nstoppel,gleahy",True,2026-05-09-OAK-SEA,14,23,4,4,436.0,1,18,True,True,533,home,382,1778370728.0,18,False,"rvickersb,jwhealan,clankford,emagsig,lgrench,jvallee,arosentha",383,742,98d86cbd48cd61f0eadcc52ea36a6b6e5dfb35a5bee7a99e2ee076937ee917f4,1778370728.0,False,533,354.777777777778,4.57183770490598,-4.44,1.09,76.2069201841335,8d28e5cf28e271747afd939f09a7a14c94ebcb35ab41ffa8e8ac16e1f336613f,0.988388389039849,0.0116116109601506,0.610146295739151,0.832079361925004,0.831032738844775,0.700306900467215,354.777777777778,-9.0,0.006,-0.00104662308022885,-0.00268465598451402,742.0,9ef918d7f18cfbb7b19b72a25e871a798629d058,2026-08-18 08:07:04,2026-06-06 14:01:41,2026-05-09-OAK-SEA,cascades,spiders,16,26,2026-05-09 15:00:00
cbelfield,-16.98,75.14,slofink,-21.72,79.15,0,0,0,"mmunoz,tli,slofink,dmourad,cbelfield,nstoppel,gleahy",True,2026-05-09-OAK-SEA,14,23,4,4,436.0,1,19,True,True,534,home,383,1778370731.0,18,False,"rvickersb,jwhealan,clankford,emagsig,lgrench,jvallee,arosentha",384,743,74ec9bc1fcf658054c2476e77be92f8983470ea1f2307379ef727aeb098f15a7,1778370731.0,False,534,350.0,6.20867940869876,-4.74,4.01000000000001,49.7690607562082,752af053d8b16a6b7dd3b190a73bf79a0e7005012413298e877ebe3de375160e,0.984608743004103,0.0153912569958973,0.610146295739151,0.830981324487921,0.835317354004572,0.664184926989111,350.0,-9.0,0.006,0.0043360295166508,0.0111221965297772,743.0,6305e90eb6ec2a750840834a0661b19306bfe633,2026-08-18 08:07:04,2026-06-06 14:01:41,2026-05-09-OAK-SEA,cascades,spiders,16,26,2026-05-09 15:00:00
slofink,-21.72,79.15,cbelfield,-19.68,81.91,0,0,0,"mmunoz,tli,slofink,dmourad,cbelfield,nstoppel,gleahy",True,2026-05-09-OAK-SEA,14,23,4,4,436.0,1,20,True,True,535,home,384,1778370733.0,18,False,"rvickersb,jwhealan,clankford,emagsig,lgrench,jvallee,arosentha",385,744,d1baa91db0cd9cff42d3b4fda60c862f8c18dddf680f19604e32bdd3703379d6,1778370733.0,False,535,345.222222222222,3.43208391505801,2.04,2.75999999999999,-36.4692343900519,ee21c7f6f9cc2c16a495ef1d425a129e4693a2a7a2a55686e9faed3a9bc8498e,0.98714124415812,0.0128587558418796,0.610146295739151,0.835273639606372,0.854724288984084,0.665077082233227,345.222222222222,-9.0,0.007,0.0194506493777121,0.0498921753599596,744.0,861b49c89dd648299e026ed17290567218f82b04,2026-08-18 08:07:04,2026-06-06 14:01:41,2026-05-09-OAK-SEA,cascades,spiders,16,26,2026-05-09 15:00:00
cbelfield,-19.68,81.91,slofink,-19.24,74.63,0,0,0,"mmunoz,tli,slofink,dmourad,cbelfield,nstoppel,gleahy",True,2026-05-09-OAK-SEA,14,23,4,4,436.0,1,21,True,True,536,home,385,1778370739.0,18,False,"rvickersb,jwhealan,clankford,emagsig,lgrench,jvallee,arosentha",386,745,053632de3019a52d679e3a81302a9b46fbd288be0d82652d22c84f9ca63287b3,1778370739.0,False,536,340.444444444444,7.29328458240867,0.440000000000001,-7.28,-176.541275681194,b3e2ea9107b3c776ea9b1c5b6ddf9bbe557d9fc6528d8b3ffc81d37ffd2b6433,0.986029799336591,0.0139702006634091,0.610146295739151,0.854689866959201,0.823248032998619,0.693530568961384,340.444444444444,-9.0,0.006,-0.0314418339605824,-0.0806503404147337,745.0,44e00df58d0a1b7302b93ffbd15fdcfaa7664f99,2026-08-18 08:07:04,2026-06-06 14:01:41,2026-05-09-OAK-SEA,cascades,spiders,16,26,2026-05-09 15:00:00
slofink,-19.24,74.63,cbelfield,-15.38,74.78,0,0,0,"mmunoz,tli,slofink,dmourad,cbelfield,nstoppel,gleahy",True,2026-05-09-OAK-SEA,14,23,4,4,436.0,1,22,True,True,537,home,386,1778370742.0,18,False,"rvickersb,jwhealan,clankford,emagsig,lgrench,jvallee,arosentha",387,746,0e44bcf199c4b8cb0694052717040418f548b005bade957b11d4e0ba48783bf7,1778370742.0,False,537,335.666666666667,3.8629134082969,3.86,0.150000000000006,-87.7745998179423,01b2fd973c45f3e6110a39f4af72332fbd4acd5f438a8971017dc009b992f73b,0.986387760285303,0.013612239714697,0.610146295739151,0.823212461747656,0.831914645243912,0.705954839619658,335.666666666667,-9.0,0.006,0.0087021834962554,0.0223216642580182,746.0,1d8cd215afda46870e7845e34da4ad54cc09daad,2026-08-18 08:07:04,2026-06-06 14:01:41,2026-05-09-OAK-SEA,cascades,spiders,16,26,2026-05-09 15:00:00
cbelfield,-15.38,74.78,tli,-17.64,71.43,0,0,0,"mmunoz,tli,slofink,dmourad,cbelfield,nstoppel,gleahy",True,2026-05-09-OAK-SEA,14,23,4,4,436.0,1,23,True,True,538,home,387,1778370747.0,18,False,"rvickersb,jwhealan,clankford,emagsig,lgrench,jvallee,arosentha",388,747,c90535528883ac40cd3d9d23ea64cb4588a9d765b4dc8068c885266c273354eb,1778370747.0,False,538,330.888888888889,4.04105184327051,-2.26,-3.34999999999999,145.99533972873,c69fed5ee935cbd805c39012cb815a332c4350cefbe28a9ad61f1c1599ddae2f,0.989864602014846,0.0101353979851544,0.610146295739151,0.831883950211036,0.812862849419441,0.712054038620808,330.888888888889,-9.0,0.006,-0.0190211007915947,-0.0487903554171894,747.0,b958027baf1a479942801f1b827fc4c2b7dc4125,2026-08-18 08:07:04,2026-06-06 14:01:41,2026-05-09-OAK-SEA,cascades,spiders,16,26,2026-05-09 15:00:00
tli,-17.64,71.43,cbelfield,-12.83,72.16,0,0,0,"mmunoz,tli,slofink,dmourad,cbelfield,nstoppel,gleahy",True,2026-05-09-OAK-SEA,14,23,4,4,436.0,1,24,True,True,539,home,388,1778370750.0,18,False,"rvickersb,jwhealan,clankford,emagsig,lgrench,jvallee,arosentha",389,748,2e0fe751f94c5a26cce1f7724c4bbda7e2d193f506437e0ed75d25e41ecd86c1,1778370750.0,False,539,326.111111111111,4.86507964991325,4.81,0.72999999999999,-81.3702378169804,67629d437787a14d94d73a0eaf02f926d5cccb033bd632019bd6e66b473f889d,0.984928962001349,0.0150710379986513,0.610146295739151,0.81283206479593,0.823383561766453,0.720766732205211,326.111111111111,-9.0,0.006,0.0105514969705225,0.0270652730888573,748.0,65156de52bae73e71f7932a3ff14673e5a2da2e4,2026-08-18 08:07:04,2026-06-06 14:01:41,2026-05-09-OAK-SEA,cascades,spiders,16,26,2026-05-09 15:00:00
cbelfield,-12.83,72.16,slofink,-16.84,77.33,0,0,0,"mmunoz,tli,slofink,dmourad,cbelfield,nstoppel,gleahy",True,2026-05-09-OAK-SEA,14,23,4,4,436.0,1,25,True,True,540,home,389,1778370754.0,18,False,"rvickersb,jwhealan,clankford,emagsig,lgrench,jvallee,arosentha",390,749,22a5ec437f21facd8b8532bf345a471f04e8b7e4959031097a94f7b68e6775ff,1778370754.0,False,540,321.333333333333,6.54285870243275,-4.01,5.17,37.7981797031157,cdfcd26f8df7f8ec984e248e964e97de1079dd7b4883c90bfdda0378622ea8ff,0.985040745932502,0.0149592540674982,0.610146295739151,0.823355488278167,0.840701574118211,0.692301899444817,321.333333333333,-9.0,0.006,0.0173460858400439,0.0444938335854255,749.0,c32d8ce4cd36f38b5612486fd0e4eac29c36a57a,2026-08-18 08:07:04,2026-06-06 14:01:41,2026-05-09-OAK-SEA,cascades,spiders,16,26,2026-05-09 15:00:00
slofink,-16.84,77.33,,-16.84,77.33,1,0,0,"mmunoz,tli,slofink,dmourad,cbelfield,nstoppel,gleahy",True,2026-05-09-OAK-SEA,14,23,4,4,436.0,1,26,True,True,541,home,390,1778370758.0,22,False,"rvickersb,jwhealan,clankford,emagsig,lgrench,jvallee,arosentha",391,750,22ed8c80ed119bcdfae3a2335ad4dfea52b889e28f3bbe95d4a536d8a3dcaf82,1778370758.0,False,541,316.555555555556,0.0,0.0,0.0,-90.0,d32f8d3ff53e4ae0d5fbf6f26596ff7b289583c05d60abc0bc74e90849cc8222,0.5,-0.5,0.610146295739151,0.840675924244886,0.840675924244886,0.692261101350784,316.555555555556,-9.0,0.004,-0.692261101350784,-0.692261101350784,750.0,3ae876aaa1503fe1d6b6f5a6dc33842d811663a5,2026-08-18 08:07:04,2026-06-06 14:01:41,2026-05-09-OAK-SEA,cascades,spiders,16,26,2026-05-09 15:00:00
emagsig,0.0,40.0,,0.0,20.0,1,0,0,"rvickersb,jwhealan,clankford,emagsig,lgrench,jvallee,arosentha",False,2026-05-09-OAK-SEA,15,23,4,4,436.0,2,1,False,False,542,away,360,1778370798.0,23,True,"mmunoz,tli,slofink,dmourad,cbelfield,nstoppel,gleahy",361,753,e6a94769bfdb969c6fb9443e33758043c94106198e7ca319b6fd04926d14eb4d,1778370798.0,False,542,311.777777777778,20.0,0.0,-20.0,-180.0,2b8dd2a0ee72fc220b9ddeb4582cdec299c0cb502afe55b66059992b845e7609,0.986577856031484,-0.986577856031484,0.698101794823684,0.698101794823684,0.639642588725302,0.932366485882385,311.777777777778,-8.0,0.012,-0.932366485882385,-0.932366485882385,753.0,4d03eb9b49af5c8a590fb69fc7e8f232eaa65ea7,2026-08-18 08:07:04,2026-06-06 14:01:41,2026-05-09-OAK-SEA,cascades,spiders,16,26,2026-05-09 15:00:00
dritthale,8.86,16.5,lgordon,-3.42,26.18,0,0,0,"mawais,wfrankenb,dritthale,dwhited,cboydflie,arees,lgordon",False,2026-05-09-OAK-SEA,15,23,4,5,307.0,1,1,True,True,543,away,362,1778370850.0,18,False,"jbrown,slofink,alantz,isweeney,mobrien2,bkassmull",363,756,f234ed354b4a08864dc0e9712cbcb85469d815811344f5f3851066b5ff9382bb,1778370850.0,False,543,307.0,15.6365213522701,-12.28,9.68,51.7522198135096,7dd96c34984679ede6654b453a25fede516306e84d82c33e4bc2416b949eefb0,0.979743892495165,0.0202561075048351,0.629255705863993,0.629255705863993,0.655436146944301,0.912524082251583,307.0,-8.0,0.006,0.026180441080308,0.070615897518584,756.0,160490466e5bfa0339846d8b50b482e3a8d2fb2f,2026-08-18 08:07:04,2026-06-06 14:01:41,2026-05-09-OAK-SEA,cascades,spiders,16,26,2026-05-09 15:00:00
lgordon,-3.42,26.18,dwhited,-14.74,27.74,0,0,0,"mawais,wfrankenb,dritthale,dwhited,cboydflie,arees,lgordon",False,2026-05-09-OAK-SEA,15,23,4,5,307.0,1,2,True,True,544,away,363,1778370855.0,18,False,"jbrown,slofink,alantz,isweeney,mobrien2,bkassmull",364,757,1909d94c6eaf3cb59568e2a30e6cbae267ec73296769c485acad3eb16ec20f64,1778370855.0,False,544,299.4,11.4269856042615,-11.32,1.56,82.1535378016019,eed852f8a9e7334a73951e421b22ef549acaad432b9f869db7250d039ba3857c,0.988367575970449,0.0116324240295513,0.629255705863993,0.655349111074498,0.651246224866183,0.903282829577057,299.4,-8.0,0.006,-0.00410288620831478,-0.0110666199674799,757.0,1b602c1d84c4bcb7172e06ae62576a3ff8b6b543,2026-08-18 08:07:04,2026-06-06 14:01:41,2026-05-09-OAK-SEA,cascades,spiders,16,26,2026-05-09 15:00:00
dwhited,-14.74,27.74,lgordon,-9.35,38.79,0,0,0,"mawais,wfrankenb,dritthale,dwhited,cboydflie,arees,lgordon",False,2026-05-09-OAK-SEA,15,23,4,5,307.0,1,3,True,True,545,away,364,1778370857.0,18,False,"jbrown,slofink,alantz,isweeney,mobrien2,bkassmull",365,758,73ee1aa3c2e314fd1e6f21b046c9602a413eac9bef36b41b94587de8b827809d,1778370857.0,False,545,291.8,12.2944947029148,5.39,11.05,-26.0023242562168,23494eade31a933856be591e634d664be9be91c4bad186746d2d595acbbc3ed7,0.978096871019633,0.0219031289803665,0.629255705863993,0.651138966528871,0.691965080140838,0.863576351416999,291.8,-8.0,0.006,0.0408261136119663,0.110119330918116,758.0,e169faa5bae11672fbf27f49bb2109e3b7a3d00b,2026-08-18 08:07:04,2026-06-06 14:01:41,2026-05-09-OAK-SEA,cascades,spiders,16,26,2026-05-09 15:00:00
lgordon,-9.35,38.79,dritthale,2.79,38.93,0,0,0,"mawais,wfrankenb,dritthale,dwhited,cboydflie,arees,lgordon",False,2026-05-09-OAK-SEA,15,23,4,5,307.0,1,4,True,True,546,away,365,1778370859.0,18,False,"jbrown,slofink,alantz,isweeney,mobrien2,bkassmull",366,759,28c756018385465350063e207bcc1238422ecce12530a7dc98a42aebcef37092,1778370859.0,False,546,284.2,12.1408072219272,12.14,0.140000000000001,-89.3392871852247,12f6d25e3a87451d8d58ecb64e34a038b67b8746358be2cf232d57d5e590148f,0.984885665179612,0.0151143348203878,0.629255705863993,0.691839205084434,0.694019393468803,0.863991179800155,284.2,-8.0,0.006,0.00218018838436951,0.00588057164696299,759.0,a243f704b2aaccafa0a01f15177c475b1f4d5ae6,2026-08-18 08:07:04,2026-06-06 14:01:41,2026-05-09-OAK-SEA,cascades,spiders,16,26,2026-05-09 15:00:00
dritthale,2.79,38.93,,-7.03,105.2,1,0,0,"mawais,wfrankenb,dritthale,dwhited,cboydflie,arees,lgordon",False,2026-05-09-OAK-SEA,15,23,4,5,307.0,1,5,True,True,547,away,366,1778370869.0,22,False,"jbrown,slofink,alantz,isweeney,mobrien2,bkassmull",367,761,43dc851ccf23b621355971ff4b62b8f141344e8d0ee68c88af6a7557c50d62f3,1778370869.0,False,547,276.6,66.9936213381543,-9.82,66.27,8.42884904071404,02c1e03a573501485a2f47d99ff9bc89122b6d4f5bdcf33d31feb830bcb5b99d,0.586642951119253,-0.586642951119253,0.629255705863993,0.693862189490265,0.945920635861839,0.638072606249606,276.6,-8.0,0.009,-0.638072606249606,-0.638072606249606,761.0,140c247253b47c7444a3559bde1ede17257f10e8,2026-08-18 08:07:04,2026-06-06 14:01:41,2026-05-09-OAK-SEA,cascades,spiders,16,26,2026-05-09 15:00:00
jbrown,-10.64,22.71,isweeney,-3.14,29.92,0,0,0,"jbrown,slofink,alantz,isweeney,mobrien2,bkassmull",True,2026-05-09-OAK-SEA,15,23,4,5,269.0,2,1,False,False,548,home,395,1778370901.0,18,False,"mawais,wfrankenb,dritthale,dwhited,cboydflie,arees,lgordon",396,764,4d8e54d8d9cf2f74a57d26ede5acf67c6620547018101602393a5c8972b0d75a,1778370901.0,False,548,269.0,10.4035618900452,7.5,7.21,-46.1294101922149,6ce435b8f2d048e8f831bec4d95251facdad728d3dca66ea0c2ddd2c16a42d8d,0.986189817917572,0.0138101820824283,0.642813270761237,0.642813270761237,0.665349211901249,0.899004309707577,269.0,-8.0,0.009,0.0225359411400119,0.06309288474418,764.0,634ccbe388ad2762e01820305a7b4bb43695041e,2026-08-18 08:07:04,2026-06-06 14:01:41,2026-05-09-OAK-SEA,cascades,spiders,16,26,2026-05-09 15:00:00
isweeney,-3.14,29.92,alantz,-5.69,43.39,0,0,0,"jbrown,slofink,alantz,isweeney,mobrien2,bkassmull",True,2026-05-09-OAK-SEA,15,23,4,5,269.0,2,2,False,False,549,home,396,1778370904.0,18,False,"mawais,wfrankenb,dritthale,dwhited,cboydflie,arees,lgordon",397,765,9297320cf309dbc3c1f966eeda4069f81ae346d6bf8eac65a8908d1b40be780a,1778370904.0,False,549,263.076923076923,13.7092450558008,-2.55,13.47,10.7197822254009,20e4be30457e48f6a68d09fce923f4236e3a73fa0fb8049c2e97e77fd4817086,0.977346144781198,0.0226538552188018,0.642813270761237,0.665156854265044,0.708472326058267,0.844794034933692,263.076923076923,-8.0,0.01,0.043315471793223,0.121268424181204,765.0,b567a4e2091f3782f31d7ee066c3df88c46b4879,2026-08-18 08:07:04,2026-06-06 14:01:41,2026-05-09-OAK-SEA,cascades,spiders,16,26,2026-05-09 15:00:00
alantz,-5.69,43.39,,-5.69,43.39,1,0,0,"jbrown,slofink,alantz,isweeney,mobrien2,bkassmull",True,2026-05-09-OAK-SEA,15,23,4,5,269.0,2,3,False,False,550,home,397,1778370910.0,22,False,"mawais,wfrankenb,dritthale,dwhited,cboydflie,arees,lgordon",398,766,86e2e19e5b621eaf49ab48732602eff4297ceaef1529ddbcf271f793b4ef46b6,1778370910.0,False,550,257.153846153846,0.0,0.0,0.0,-90.0,9e0137f6880433ed38d588d8819a452decea61d6a9db446178c590e9818fd71a,0.5,-0.5,0.642813270761237,0.708264140508289,0.708264140508289,0.84466185460396,257.153846153846,-8.0,0.005,-0.84466185460396,-0.84466185460396,766.0,67c2d1a5ec3e7a1056b31cb7a86fd6de7a2d21cd,2026-08-18 08:07:04,2026-06-06 14:01:41,2026-05-09-OAK-SEA,cascades,spiders,16,26,2026-05-09 15:00:00
dritthale,23.66,22.77,wfrankenb,20.66,41.72,0,0,0,"mawais,wfrankenb,dritthale,dwhited,cboydflie,arees,lgordon",False,2026-05-09-OAK-SEA,15,23,4,5,269.0,3,1,True,True,551,away,369,1778370929.0,18,False,"jbrown,slofink,alantz,isweeney,mobrien2,bkassmull",370,768,ab3dee48606b973b5af510ea40f44e33398f27829dd20faece356ea9850b71b9,1778370929.0,False,551,251.230769230769,19.1859974981756,-3.0,18.95,8.99591442536571,46e03e1432ea127876ccbb672dff28e6976df549839d8abdc3405664938dd1ed,0.960254893994231,0.0397451060057687,0.591646105865671,0.591646105865671,0.671407433969962,0.83428083031492,251.230769230769,-8.0,0.006,0.0797613281042906,0.195324029597849,768.0,20f88aecb17de2c6bd16859d6a6c2119d23f4c80,2026-08-18 08:07:04,2026-06-06 14:01:41,2026-05-09-OAK-SEA,cascades,spiders,16,26,2026-05-09 15:00:00
wfrankenb,20.66,41.72,dritthale,0.68,35.45,0,0,0,"mawais,wfrankenb,dritthale,dwhited,cboydflie,arees,lgordon",False,2026-05-09-OAK-SEA,15,23,4,5,269.0,3,2,True,True,552,away,370,1778370933.0,18,False,"jbrown,slofink,alantz,isweeney,mobrien2,bkassmull",371,769,019b58d146c893c16473a13d1e44dbcbeca80d718006c99e8d5f072b1551ae05,1778370933.0,False,552,245.307692307692,20.9407091570462,-19.98,-6.27,107.42257779671,68f245f25ea760682b78690ac46c30c69c08d973bea93ffcacbd9e5035e89522,0.970157713408142,0.0298422865918576,0.591646105865671,0.671111662526904,0.681462257631742,0.877457147511678,245.307692307692,-8.0,0.006,0.0103505951048377,0.0253471198720413,769.0,d09da150de964cc17ff2511442308b484ad5c7d9,2026-08-18 08:07:04,2026-06-06 14:01:41,2026-05-09-OAK-SEA,cascades,spiders,16,26,2026-05-09 15:00:00
dritthale,0.68,35.45,lgordon,-3.62,48.95,0,0,0,"mawais,wfrankenb,dritthale,dwhited,cboydflie,arees,lgordon",False,2026-05-09-OAK-SEA,15,23,4,5,269.0,3,3,True,True,553,away,371,1778370934.0,18,False,"jbrown,slofink,alantz,isweeney,mobrien2,bkassmull",372,770,2c80bfd9d9e7bc79f72c77853b9213a637282bfacb02445471f337e5d4ff98cb,1778370934.0,False,553,239.384615384615,14.1682744185734,-4.3,13.5,17.6676405078323,65cae9570224b97fa013f50ca0e56dd2b54e959a82be520cfe289dab2e69097c,0.975765332039277,0.0242346679607228,0.591646105865671,0.681130277874431,0.728346451483159,0.820447850946084,239.384615384615,-8.0,0.006,0.0472161736087274,0.115625623477453,770.0,cd218d2ce7c0ab347ae409cf5f8a032bc7ba39f9,2026-08-18 08:07:04,2026-06-06 14:01:41,2026-05-09-OAK-SEA,cascades,spiders,16,26,2026-05-09 15:00:00
lgordon,-3.62,48.95,cboydflie,2.38,60.88,0,0,0,"mawais,wfrankenb,dritthale,dwhited,cboydflie,arees,lgordon",False,2026-05-09-OAK-SEA,15,23,4,5,269.0,3,4,True,True,554,away,372,1778370936.0,18,False,"jbrown,slofink,alantz,isweeney,mobrien2,bkassmull",373,771,b004d29cb04c05a26c276e82d32282a85c20b75c5416af0563f282984214dcd8,1778370936.0,False,554,233.461538461538,13.3538346552591,6.0,11.93,-26.6993678957264,3790168eb0f2a5ca75248807b8ef0d90a78ebd5d56b883dd7385c2251f2d2586,0.975068816973261,0.0249311830267387,0.591646105865671,0.728003545123307,0.776495119934651,0.769052020937099,233.461538461538,-8.0,0.005,0.0484915748113445,0.118748897727893,771.0,b1b383896bd5476c05aef1583fee610aa60f137b,2026-08-18 08:07:04,2026-06-06 14:01:41,2026-05-09-OAK-SEA,cascades,spiders,16,26,2026-05-09 15:00:00
cboydflie,2.38,60.88,wfrankenb,10.02,72.95,0,0,0,"mawais,wfrankenb,dritthale,dwhited,cboydflie,arees,lgordon",False,2026-05-09-OAK-SEA,15,23,4,5,269.0,3,5,True,True,555,away,373,1778370941.0,18,False,"jbrown,slofink,alantz,isweeney,mobrien2,bkassmull",374,772,8b974d03c309f59acf78b8d98e5b9b7484ed44ff32d40c6d41512e34feb6829e,1778370941.0,False,555,227.538461538462,14.2847646112913,7.64,12.07,-32.3327598043475,3d9e925f9b5b68ad1f8567e8009c06e5910961eaf7d493bae151db517dce3cb7,0.968785526245689,0.0312144737543114,0.591646105865671,0.776156381982433,0.826548336074961,0.718518826461938,227.538461538462,-8.0,0.005,0.0503919540925281,0.123402653473782,772.0,90b499f56a3c13c1f3a8dc30699511144ad3dc55,2026-08-18 08:07:04,2026-06-06 14:01:41,2026-05-09-OAK-SEA,cascades,spiders,16,26,2026-05-09 15:00:00
wfrankenb,10.02,72.95,arees,11.66,86.45,0,0,0,"mawais,wfrankenb,dritthale,dwhited,cboydflie,arees,lgordon",False,2026-05-09-OAK-SEA,15,23,4,5,269.0,3,6,True,True,556,away,374,1778370944.0,18,False,"jbrown,slofink,alantz,isweeney,mobrien2,bkassmull",375,773,18cc52338264ca389588ac6678d7e600fe0a425473163a0e33d11f01d9dfee2b,1778370944.0,False,556,221.615384615385,13.5992499793187,1.64,13.5,-6.92643636863774,f86f9324dacda6517cf2645a0951dd0f6d4c2fb54c52bb2efe375911c59e1878,0.962915343824943,0.0370846561750566,0.591646105865671,0.82623500277457,0.882114526888629,0.670091202825909,221.615384615385,-8.0,0.005,0.0558795241140592,0.136840923808302,773.0,217d33cb3b5581bed58e84b7568f915ef4bad9db,2026-08-18 08:07:04,2026-06-06 14:01:41,2026-05-09-OAK-SEA,cascades,spiders,16,26,2026-05-09 15:00:00
arees,11.66,86.45,dritthale,9.13,95.38,0,0,0,"mawais,wfrankenb,dritthale,dwhited,cboydflie,arees,lgordon",False,2026-05-09-OAK-SEA,15,23,4,5,269.0,3,7,True,True,557,away,375,1778370952.0,18,False,"jbrown,slofink,alantz,isweeney,mobrien2,bkassmull",376,774,ccef130888a1ec9b4f22dfa6f7e400550588f696f37cd8ae9bb6b600e4dc3aa9,1778370952.0,False,557,215.692307692308,9.28147617569532,-2.53,8.92999999999999,15.8182040582531,ad9134d5c1f135f5594524d6878aa50aea64b1654169d4605c43bed05ae84fd2,0.970348339765379,0.0296516602346206,0.591646105865671,0.881861382366728,0.915830979160339,0.64568325584445,215.692307692308,-8.0,0.005,0.033969596793611,0.0831866605940499,774.0,5fc3855c7c850a4313eb92650a910fe919a55441,2026-08-18 08:07:04,2026-06-06 14:01:41,2026-05-09-OAK-SEA,cascades,spiders,16,26,2026-05-09 15:00:00
dritthale,0.0,100.0,arees,3.41,87.95,0,0,0,"mawais,wfrankenb,dritthale,dwhited,cboydflie,arees,lgordon",False,2026-05-09-OAK-SEA,15,23,4,5,269.0,3,8,True,True,558,away,377,1778370977.0,18,False,"jbrown,slofink,alantz,isweeney,mobrien2,bkassmull",378,777,3dda65bb25801817e2193e3094aa4e5d6e30e943755a7dc3304c80142d40a953,1778370977.0,False,558,209.769230769231,12.5232024658232,3.41,-12.05,-164.199147274812,05fc66546c55414f80d0541ebb88e2f0b811fadb3b26efc9af0e4d3df1f1a7a4,0.970563941482528,0.0294360585174719,0.591646105865671,0.931080024102301,0.889388068290538,0.667898835108425,209.769230769231,-8.0,0.005,-0.0416919558117628,-0.102097608007745,777.0,62b6e6e28fac9db03e95baf511baf35622da608c,2026-08-18 08:07:04,2026-06-06 14:01:41,2026-05-09-OAK-SEA,cascades,spiders,16,26,2026-05-09 15:00:00
arees,3.41,87.95,dritthale,10.16,91.84,0,0,0,"mawais,wfrankenb,dritthale,dwhited,cboydflie,arees,lgordon",False,2026-05-09-OAK-SEA,15,23,4,5,269.0,3,9,True,True,559,away,378,1778370980.0,18,False,"jbrown,slofink,alantz,isweeney,mobrien2,bkassmull",379,778,5e3bae29ab7a5ee1fea84a5e620d64421e80eb000f88862c51f43b41974a2076,1778370980.0,False,559,203.846153846154,7.79067391179993,6.75,3.89,-60.045311819013,116b5dcb7defee909d334ad2503be2fd78890468827286fe9020e1834248b3e9,0.977856182587666,0.0221438174123341,0.591646105865671,0.889095262554038,0.902606411256498,0.653532158382354,203.846153846154,-8.0,0.005,0.01351114870246,0.0330868614124577,778.0,3edcbff9ea4bdc06a1eb5496feb4c741d07f3587,2026-08-18 08:07:04,2026-06-06 14:01:41,2026-05-09-OAK-SEA,cascades,spiders,16,26,2026-05-09 15:00:00
dritthale,10.16,91.84,mawais,12.68,104.52,0,0,0,"mawais,wfrankenb,dritthale,dwhited,cboydflie,arees,lgordon",False,2026-05-09-OAK-SEA,15,24,4,5,269.0,3,10,True,True,560,away,379,1778370990.0,19,False,"jbrown,slofink,alantz,isweeney,mobrien2,bkassmull",380,780,72440c6ab07f350b16ede7d893cfe1f3ae6bfc655e4090d474b3f4ef7d99ed68,1778370990.0,False,560,197.923076923077,12.9279851485063,2.52,12.68,-11.2403987951554,54cb2c4b8f74c6f1e45c085a0d99cc4e0b432c271e3edeb656eefafcc012fa53,0.955840796611179,0.0441592033888214,0.591646105865671,0.902318956384266,1.0,0.628220263914105,197.923076923077,-8.0,0.004,0.097681043615734,0.239206837546654,780.0,0a4f75818f980cf77a728d2578c33a7ff929656a,2026-08-18 08:07:04,2026-06-06 14:01:41,2026-05-09-OAK-SEA,cascades,spiders,16,26,2026-05-09 15:00:00
tli,9.32,6.48,gleahy,-10.13,20.0,0,0,0,"zraunig,nstoppel,slofink,gleahy,tli,eshipway,dmourad",True,2026-05-09-OAK-SEA,15,24,4,6,192.0,1,1,True,True,561,home,401,1778371043.0,18,False,"arosentha,ichang,cbernard,tgoss,aorme,mwilliams,emagsig",402,783,86e687e03e8518c26203a60c3c05c431dd64d0ff9919bfc11940bf476245eeec,1778371043.0,False,561,192.0,23.6873996040089,-19.45,13.52,55.1962304574355,d3bde811b9581e652bdd211a3533711c83a18559821e956e02f4ff46085c26ac,0.962827703868299,0.0371722961317007,0.600072627994365,0.600072627994365,0.630147309124742,0.929630790184897,192.0,-9.0,0.005,0.0300746811303771,0.0752003569536955,783.0,1711b5492ff6d08daa31b5a662fa04f60d614390,2026-08-18 08:07:04,2026-06-06 14:01:41,2026-05-09-OAK-SEA,cascades,spiders,16,26,2026-05-09 15:00:00
gleahy,-10.13,20.0,dmourad,0.8,20.6,0,0,0,"zraunig,nstoppel,slofink,gleahy,tli,eshipway,dmourad",True,2026-05-09-OAK-SEA,15,24,4,6,192.0,1,2,True,True,562,home,402,1778371047.0,18,False,"arosentha,ichang,cbernard,tgoss,aorme,mwilliams,emagsig",403,785,a09b5c08d9d73347a35875bc9e1b5e0b72d4856339f59a40e49a67980eecdc28,1778371047.0,False,562,188.0,10.9464560475069,10.93,0.600000000000001,-86.8579141299546,1cc9713eb86bdd20ac87d14a90e854ac023e84dc2df7b2b6811848936edd36b6,0.989045754424509,0.0109542455754907,0.600072627994365,0.629542397908508,0.63358634269583,0.928428811236293,188.0,-9.0,0.005,0.00404394478732117,0.0101116979491571,785.0,01b61ad746b12f3acb3662e4462a65ca32d84c95,2026-08-18 08:07:04,2026-06-06 14:01:41,2026-05-09-OAK-SEA,cascades,spiders,16,26,2026-05-09 15:00:00
dmourad,0.8,20.6,nstoppel,19.01,33.34,0,0,0,"zraunig,nstoppel,slofink,gleahy,tli,eshipway,dmourad",True,2026-05-09-OAK-SEA,15,24,4,6,192.0,1,3,True,True,563,home,403,1778371053.0,18,False,"arosentha,ichang,cbernard,tgoss,aorme,mwilliams,emagsig",404,786,4babc48fdd08a7139947a6a12c1cfaf8aa89c914b02a1432fb35a6c981ef4419,1778371053.0,False,563,184.0,22.2241242797101,18.21,12.74,-55.0227641735915,b81653d470515d958a61a0f2cb1e8b6878791a3ca4d684a6c07013e2939e607d,0.972036568890708,0.0279634311092922,0.600072627994365,0.632948548115224,0.643987344758977,0.872578885517634,184.0,-9.0,0.005,0.0110387966437532,0.0276020033047341,786.0,56920d96dd25a3dc0f1fe0d29ec8af690617bfd8,2026-08-18 08:07:04,2026-06-06 14:01:41,2026-05-09-OAK-SEA,cascades,spiders,16,26,2026-05-09 15:00:00
nstoppel,19.01,33.34,tli,7.43,39.97,0,0,0,"zraunig,nstoppel,slofink,gleahy,tli,eshipway,dmourad",True,2026-05-09-OAK-SEA,15,24,4,6,192.0,1,4,True,True,564,home,404,1778371056.0,18,False,"arosentha,ichang,cbernard,tgoss,aorme,mwilliams,emagsig",405,787,14a356941b94b3291f8333b65cffa7f108c634b17cb512874455bda09c5924ea,1778371056.0,False,564,180.0,13.3436614165678,-11.58,6.63,60.2071858256347,a77643028d74c3721a730ad3c44e96cfc4a2943a2a95975a3411b34d32451a0d,0.976981256590435,0.0230187434095654,0.600072627994365,0.643321614383973,0.688784369338747,0.854735396463465,180.0,-9.0,0.005,0.0454627549547748,0.113677527814061,787.0,bc039271175d2df98f5fe7f3e50f9babaae0c3d9,2026-08-18 08:07:04,2026-06-06 14:01:41,2026-05-09-OAK-SEA,cascades,spiders,16,26,2026-05-09 15:00:00
tli,7.43,39.97,gleahy,17.55,54.39,0,0,0,"zraunig,nstoppel,slofink,gleahy,tli,eshipway,dmourad",True,2026-05-09-OAK-SEA,15,24,4,6,192.0,1,5,True,True,565,home,405,1778371060.0,18,False,"arosentha,ichang,cbernard,tgoss,aorme,mwilliams,emagsig",406,788,246ff97d6f18b0e772035f1d63b7d7d70d90f1ff9d55403284e9a05397a6f43f,1778371060.0,False,565,176.0,17.6167760955289,10.12,14.42,-35.061295195835,0fc4e57c4eeba5cd5c21e573fe63c6fbd17669dfe5d82649315f89148e94126c,0.970848999823311,0.029151000176689,0.600072627994365,0.688124268095906,0.727740869462104,0.779790119358007,176.0,-9.0,0.006,0.0396166013661978,0.0990594896456339,788.0,cfce0ebd391472035bede2bb97977781ce3da3a9,2026-08-18 08:07:04,2026-06-06 14:01:41,2026-05-09-OAK-SEA,cascades,spiders,16,26,2026-05-09 15:00:00
gleahy,17.55,54.39,dmourad,11.65,57.37,0,0,0,"zraunig,nstoppel,slofink,gleahy,tli,eshipway,dmourad",True,2026-05-09-OAK-SEA,15,24,4,6,192.0,1,6,True,True,566,home,406,1778371067.0,18,False,"arosentha,ichang,cbernard,tgoss,aorme,mwilliams,emagsig",407,789,0c528631345c1faa31f57050ba924555ae63e8fb081c91a3d6d14f25557f0614,1778371067.0,False,566,172.0,6.60987140570828,-5.9,2.98,63.2023555965054,45999dc2f33647fdccab0a1def3412a5a68dd7b7df3c901d12dcddd46e7fff84,0.985263888988114,0.0147361110118862,0.600072627994365,0.727082777062647,0.751992450479749,0.775272623516283,172.0,-9.0,0.006,0.0249096734171018,0.06228549271879,789.0,ead3ceb62f2f810f0e5ce447a14a53faaf6f9d36,2026-08-18 08:07:04,2026-06-06 14:01:41,2026-05-09-OAK-SEA,cascades,spiders,16,26,2026-05-09 15:00:00
dmourad,11.65,57.37,gleahy,5.31,52.79,0,0,0,"zraunig,nstoppel,slofink,gleahy,tli,eshipway,dmourad",True,2026-05-09-OAK-SEA,15,24,4,6,192.0,1,7,True,True,567,home,407,1778371072.0,18,False,"arosentha,ichang,cbernard,tgoss,aorme,mwilliams,emagsig",408,790,a00f5311b836f652a0a5724f649e78e58601b4567afd85e632aa841b4a6eaa03,1778371072.0,False,567,168.0,7.82125309653127,-6.34,-4.58,125.844251569879,a76cd6fa2899d199aee9f77f5f56638ae871e73c8d079eaf6e256762a0ca7518,0.987964268685631,0.0120357313143693,0.600072627994365,0.751313656269102,0.735602785905997,0.797356079956473,168.0,-9.0,0.006,-0.0157108703631043,-0.0392843087591486,790.0,8c68d1914222e189a62a104cee192900bce23cab,2026-08-18 08:07:04,2026-06-06 14:01:41,2026-05-09-OAK-SEA,cascades,spiders,16,26,2026-05-09 15:00:00
gleahy,5.31,52.79,eshipway,-11.08,65.16,0,0,0,"zraunig,nstoppel,slofink,gleahy,tli,eshipway,dmourad",True,2026-05-09-OAK-SEA,15,24,4,6,192.0,1,8,True,True,568,home,408,1778371075.0,18,False,"arosentha,ichang,cbernard,tgoss,aorme,mwilliams,emagsig",409,791,03c7429d563d8241d595bcb913fd3ec4b5a86d577182ec2c7140ea3b5498673f,1778371075.0,False,568,164.0,20.5340936006438,-16.39,12.37,52.9571050066005,c1ea23a198eb193a37718e4fdb9dc614becb6d1fcfc43d04b88256587ed2ca4e,0.952579137079828,0.0474208629201717,0.600072627994365,0.734818291624443,0.785590802101484,0.740458447559082,164.0,-9.0,0.006,0.0507725104770405,0.126954327288018,791.0,12e64beb11d4150ade4ae2c84ff4d6e193367d83,2026-08-18 08:07:04,2026-06-06 14:01:41,2026-05-09-OAK-SEA,cascades,spiders,16,26,2026-05-09 15:00:00
eshipway,-11.08,65.16,gleahy,-10.86,77.54,0,0,0,"zraunig,nstoppel,slofink,gleahy,tli,eshipway,dmourad",True,2026-05-09-OAK-SEA,15,24,4,6,192.0,1,9,True,True,569,home,409,1778371078.0,18,False,"arosentha,ichang,cbernard,tgoss,aorme,mwilliams,emagsig",410,792,b944f8e0c1219e186164be2df776ef50633e3908227e1d57cc725ea4ff00a7cd,1778371078.0,False,569,160.0,12.3819546114497,0.220000000000001,12.38,-1.01807309167835,099399b0c130ff004b0f31aaeca6b3dccbb4e454e53e4757797ce1fa08f8e63b,0.968734080838405,0.0312659191615946,0.600072627994365,0.784831989498988,0.840390488862633,0.691337846809164,160.0,-9.0,0.006,0.0555584993636449,0.138921472378895,792.0,c27b517be36bb064ca48485b36ddd7d3c9183cb0,2026-08-18 08:07:04,2026-06-06 14:01:41,2026-05-09-OAK-SEA,cascades,spiders,16,26,2026-05-09 15:00:00
gleahy,-10.86,77.54,dmourad,-0.95,65.97,0,0,0,"zraunig,nstoppel,slofink,gleahy,tli,eshipway,dmourad",True,2026-05-09-OAK-SEA,15,24,4,6,192.0,1,10,True,True,570,home,410,1778371084.0,18,False,"arosentha,ichang,cbernard,tgoss,aorme,mwilliams,emagsig",411,793,2121eae215cf1f2bb7c1a5eb0e5102a709164358d47065ae1f95df175e2afeaf,1778371084.0,False,570,156.0,15.2339423656518,9.91,-11.57,-139.419102570052,0ad019a15292ff6c534024345434f6b4ba46e7ce2840aecf0d71fc6871b6b874,0.976053762397008,0.023946237602992,0.600072627994365,0.839712653757362,0.790005342557969,0.738493390349526,156.0,-9.0,0.006,-0.0497073111993939,-0.124290845485548,793.0,a3f42efcc002f5a9351fdb26b406e5e7fc1a04ed,2026-08-18 08:07:04,2026-06-06 14:01:41,2026-05-09-OAK-SEA,cascades,spiders,16,26,2026-05-09 15:00:00
dmourad,-0.95,75.97,gleahy,-14.8,84.46,0,0,0,"zraunig,nstoppel,slofink,gleahy,tli,eshipway,dmourad",True,2026-05-09-OAK-SEA,15,24,4,6,192.0,1,11,True,True,571,home,412,1778371094.0,18,False,"arosentha,ichang,cbernard,tgoss,aorme,mwilliams,emagsig",413,796,ab2986a62a115c42b216652b800c74b293e46c36a7335ff6b7465d9cdc621004,1778371094.0,False,571,152.0,16.2450792549621,-13.85,8.48999999999999,58.491853161646,343401e5d99c7474959497d35f8aa847cba46c9748ed7aab2ee5daec523e201f,0.963437538917886,0.0365624610821137,0.600072627994365,0.833820754845906,0.866050210454555,0.658421835534663,152.0,-9.0,0.006,0.0322294556086486,0.0805882714329303,796.0,d3ab80c935a8c3aa5533217959e2928e80c5fdb7,2026-08-18 08:07:04,2026-06-06 14:01:41,2026-05-09-OAK-SEA,cascades,spiders,16,26,2026-05-09 15:00:00
gleahy,-14.8,84.46,tli,-7.0,84.9,0,0,0,"zraunig,nstoppel,slofink,gleahy,tli,eshipway,dmourad",True,2026-05-09-OAK-SEA,15,24,4,6,192.0,1,12,True,True,572,home,413,1778371101.0,18,False,"arosentha,ichang,cbernard,tgoss,aorme,mwilliams,emagsig",414,797,811473d9531f4ac1a3485dfcc9f5e4fc487cae58a02133c3a904e26ec717b462,1778371101.0,False,572,148.0,7.8124003993651,7.8,0.440000000000012,-86.7713521303643,1ab8409bd9b9b8fbc778030065c8135399e2881c4c647c7843585dc97d0e021d,0.977585444007567,0.0224145559924331,0.600072627994365,0.865310228090521,0.871160105415754,0.664812720451781,148.0,-9.0,0.006,0.0058498773252329,0.0146273492006705,797.0,84be7195a91ea18c10007e90a3cc06d3a6c93b3d,2026-08-18 08:07:04,2026-06-06 14:01:41,2026-05-09-OAK-SEA,cascades,spiders,16,26,2026-05-09 15:00:00
tli,-7.0,84.9,zraunig,0.8,91.6,0,0,0,"zraunig,nstoppel,slofink,gleahy,tli,eshipway,dmourad",True,2026-05-09-OAK-SEA,15,24,4,6,192.0,1,13,True,True,573,home,414,1778371106.0,18,False,"arosentha,ichang,cbernard,tgoss,aorme,mwilliams,emagsig",415,798,e613b7a0c391f1a7e2d3a281ddc8d8346038a950360b396347dd13296120220b,1778371106.0,False,573,144.0,10.2825094213426,7.8,6.69999999999999,-49.3382667914282,36cac4ead640f272cf0cc499ec1fa8daed965c9342140310b51049584434af61,0.973063649263008,0.0269363507369917,0.600072627994365,0.870356857068916,0.897648911142347,0.643532055449366,144.0,-9.0,0.006,0.0272920540734308,0.0682425259780575,798.0,cf763471e9bb83d2ae252b43282221fef0c05790,2026-08-18 08:07:04,2026-06-06 14:01:41,2026-05-09-OAK-SEA,cascades,spiders,16,26,2026-05-09 15:00:00
zraunig,0.8,91.6,slofink,3.71,98.3,0,0,0,"zraunig,nstoppel,slofink,gleahy,tli,eshipway,dmourad",True,2026-05-09-OAK-SEA,15,24,4,6,192.0,1,14,True,True,574,home,415,1778371109.0,18,False,"arosentha,ichang,cbernard,tgoss,aorme,mwilliams,emagsig",416,799,189c1f5a28ef257a4f75a25d57e167b6238afcb2fedb85e09e4c35bae4aed42f,1778371109.0,False,574,140.0,7.30466289434359,2.91,6.7,-23.4766731848455,c9a14fd260f0028a316e9b53619eab7db00c87815cbd1bff30506c146737371a,0.977111233058259,0.0228887669417414,0.600072627994365,0.89691274136395,0.920892619418953,0.622942236657964,140.0,-9.0,0.007,0.0239798780550033,0.05996058217957,799.0,cb7cad5473d83ca30714abfd66b2e24fc7c7890b,2026-08-18 08:07:04,2026-06-06 14:01:41,2026-05-09-OAK-SEA,cascades,spiders,16,26,2026-05-09 15:00:00
slofink,3.71,98.3,gleahy,6.41,103.61,0,0,0,"zraunig,nstoppel,slofink,gleahy,tli,eshipway,dmourad",True,2026-05-09-OAK-SEA,16,24,4,6,192.0,1,15,True,True,575,home,416,1778371121.0,19,False,"arosentha,ichang,cbernard,tgoss,aorme,mwilliams,emagsig",417,801,c58bf4b047ae68777fad0871c820a5838de2c1a9ed504bf914b25da5d18fd321,1778371121.0,False,575,136.0,5.95702106761425,2.7,5.31,-26.9521789312289,16007005a9a59a3ab1df704382dab2af7b4cf9913ab73b705f37f99aaa37373b,0.976436557539382,0.0235634424606178,0.600072627994365,0.920240868110892,1.0,0.615953416443359,136.0,-9.0,0.007,0.0797591318891078,0.199434040958777,801.0,aaff008dd286ddc9d91d28cdb12fc4271bd074a5,2026-08-18 08:07:04,2026-06-06 14:01:41,2026-05-09-OAK-SEA,cascades,spiders,16,26,2026-05-09 15:00:00
dritthale,10.29,14.52,lgordon,-0.89,16.97,0,0,0,"mawais,wfrankenb,dritthale,dwhited,cboydflie,arees,lgordon",False,2026-05-09-OAK-SEA,16,24,4,7,132.0,1,1,True,True,576,away,385,1778371168.0,18,False,"alantz,korser,nmahan,ksmart,emurray,isweeney,gharris",386,804,144168edcac81f7b84f77c8dd1457e42a55655ad8fc91213092c9b01bd2a514b,1778371168.0,False,576,132.0,11.4453003455567,-11.18,2.45,77.6395171633825,236ad069e69adb53b711c81f80751fd4e489d1e2bdbe15a2b37bbb70108aeb9f,0.988851559705263,0.0111484402947374,0.597956378420113,0.597956378420113,0.606897029041365,0.925236788904649,132.0,-8.0,0.006,0.00894065062125138,0.0222380113533896,804.0,a3c828ad1e574d47b7cc74aebc88fd222de8325b,2026-08-18 08:07:04,2026-06-06 14:01:41,2026-05-09-OAK-SEA,cascades,spiders,16,26,2026-05-09 15:00:00
lgordon,-0.89,16.97,mawais,-18.56,25.56,0,0,0,"mawais,wfrankenb,dritthale,dwhited,cboydflie,arees,lgordon",False,2026-05-09-OAK-SEA,16,24,4,7,132.0,1,2,True,True,577,away,386,1778371173.0,18,False,"alantz,korser,nmahan,ksmart,emurray,isweeney,gharris",387,805,48e73814a79308f07aa4eed87cc1262c664bb3546cd14d8fbf4f5c4090711f24,1778371173.0,False,577,127.769230769231,19.6473153382339,-17.67,8.59,64.0740056802431,fd6ac3d63905686a1c5cfc51679c5848ba4d8e787266cb0bbbf1dd9f421004d5,0.980439338584778,0.0195606614152216,0.597956378420113,0.604111496649743,0.605702927117312,0.895855645772329,127.769230769231,-8.0,0.006,0.00159143046756938,0.00395835273126739,805.0,4c0570f48393bf5197a0e32381207782a042aa2a,2026-08-18 08:07:04,2026-06-06 14:01:41,2026-05-09-OAK-SEA,cascades,spiders,16,26,2026-05-09 15:00:00
mawais,-18.56,25.56,wfrankenb,-12.08,34.22,0,0,0,"mawais,wfrankenb,dritthale,dwhited,cboydflie,arees,lgordon",False,2026-05-09-OAK-SEA,16,24,4,7,132.0,1,3,True,True,578,away,387,1778371175.0,18,False,"alantz,korser,nmahan,ksmart,emurray,isweeney,gharris",388,807,600f5a952e51f542ac7455352c421c64fbbb0104844178f704c63acf6bb497f5,1778371175.0,False,578,123.538461538462,10.8160066568027,6.48,8.66,-36.806329869212,68c2d77c8bc02f4f3273e942efd5ee7db46e6bdb6a7c15d238df23ece189ae05,0.981222373112255,0.0187776268877452,0.597956378420113,0.602604204507347,0.645331075688342,0.86613859620729,123.538461538462,-8.0,0.006,0.0427268711809954,0.106274217243129,807.0,24422f5f7f422f7a8b411c31766820a84ff2695e,2026-08-18 08:07:04,2026-06-06 14:01:41,2026-05-09-OAK-SEA,cascades,spiders,16,26,2026-05-09 15:00:00
wfrankenb,-12.08,34.22,cboydflie,-4.17,48.95,0,0,0,"mawais,wfrankenb,dritthale,dwhited,cboydflie,arees,lgordon",False,2026-05-09-OAK-SEA,16,24,4,7,132.0,1,4,True,True,579,away,388,1778371178.0,18,False,"alantz,korser,nmahan,ksmart,emurray,isweeney,gharris",389,808,79c5175f01db552edeb6ccd9524ebb502a53a07f9b8c761caffeeed2aba51db9,1778371178.0,False,579,119.307692307692,16.719479656975,7.91,14.73,-28.2357682776166,d4fae2dffe7b9a5c18d66c8d052c1edc5f6fede7746efb1a38fcf099106115f2,0.965930200682432,0.0340697993175676,0.597956378420113,0.642041476560504,0.700209221131662,0.799218582321315,119.307692307692,-8.0,0.006,0.0581677445711577,0.144680182569691,808.0,943d1a448f4fd29cf4720e6684f5d755e0c53911,2026-08-18 08:07:04,2026-06-06 14:01:41,2026-05-09-OAK-SEA,cascades,spiders,16,26,2026-05-09 15:00:00
cboydflie,-4.17,48.95,wfrankenb,-9.89,59.38,0,0,0,"mawais,wfrankenb,dritthale,dwhited,cboydflie,arees,lgordon",False,2026-05-09-OAK-SEA,16,24,4,7,132.0,1,5,True,True,580,away,389,1778371180.0,18,False,"alantz,korser,nmahan,ksmart,emurray,isweeney,gharris",390,809,e9376f3c9f53be459c0a109c81f4d68785975ad0ac0e028391c11ea87a3deb12,1778371180.0,False,580,115.076923076923,11.8955159619077,-5.72,10.43,28.7411576280293,abdd7695061bb69a13171f564b2a6ac342e0536070ae171b7e9f581b28d45a16,0.977458006530716,0.0225419934692841,0.597956378420113,0.69687813648353,0.740357785375572,0.745756650353116,115.076923076923,-8.0,0.005,0.0434796488920416,0.108146595439525,809.0,556bbf9060aee8868ddf068dc2a4c9d4c405fcc6,2026-08-18 08:07:04,2026-06-06 14:01:41,2026-05-09-OAK-SEA,cascades,spiders,16,26,2026-05-09 15:00:00
wfrankenb,-9.89,59.38,dritthale,-10.99,72.4,0,0,0,"mawais,wfrankenb,dritthale,dwhited,cboydflie,arees,lgordon",False,2026-05-09-OAK-SEA,16,24,4,7,132.0,1,6,True,True,581,away,390,1778371183.0,18,False,"alantz,korser,nmahan,ksmart,emurray,isweeney,gharris",391,810,8c1bcb2f58ff53b8bc6a60a921eb29070ff10e12c1d47d8d84d718a2627fc500,1778371183.0,False,581,110.846153846154,13.0663843506917,-1.1,13.02,4.82918914091751,654bf348bcccbea160ae3029594e20329d11904c7b88edd2de3709efad8657c8,0.968880865115863,0.0311191348841373,0.597956378420113,0.737002067397134,0.798283324760744,0.684489824668554,110.846153846154,-8.0,0.005,0.0612812573636097,0.152424398931629,810.0,8f6c6c03279538aaee65bc4698fd5c36a1101649,2026-08-18 08:07:04,2026-06-06 14:01:41,2026-05-09-OAK-SEA,cascades,spiders,16,26,2026-05-09 15:00:00
dritthale,-10.99,72.4,mawais,4.16,77.59,0,0,0,"mawais,wfrankenb,dritthale,dwhited,cboydflie,arees,lgordon",False,2026-05-09-OAK-SEA,16,24,4,7,132.0,1,7,True,True,582,away,391,1778371185.0,18,False,"alantz,korser,nmahan,ksmart,emurray,isweeney,gharris",392,811,cc605e140d3a4c01b8f917ed0696e6833ba94d5980cc8fa2e4270efa64da5b56,1778371185.0,False,582,106.615384615385,16.0143248374697,15.15,5.19,-71.0898601098688,b0bfaa377142e7428caf6a8be737a48c6522a7c89f2c972aa4bdf9457dcf7de1,0.963639364135639,0.0363606358643612,0.597956378420113,0.79519992243896,0.822413362978804,0.663183533313913,106.615384615385,-8.0,0.005,0.0272134405398441,0.0676877808256355,811.0,7589e3eb945fe63bd57942f58de55d6d47fa44bd,2026-08-18 08:07:04,2026-06-06 14:01:41,2026-05-09-OAK-SEA,cascades,spiders,16,26,2026-05-09 15:00:00
mawais,4.16,77.59,lgordon,9.75,84.95,0,0,0,"mawais,wfrankenb,dritthale,dwhited,cboydflie,arees,lgordon",False,2026-05-09-OAK-SEA,16,24,4,7,132.0,1,8,True,True,583,away,392,1778371187.0,18,False,"alantz,korser,nmahan,ksmart,emurray,isweeney,gharris",393,812,9469e6ee9495ef7870542cbb4cfcae29278a1a04feaccff333ca995f6a6f9d27,1778371187.0,False,583,102.384615384615,9.24216965868946,5.59,7.36,-37.217065400234,20944017d444c9131c632dfafe18f02b12cc58885045a7444c98014b7eb7b964,0.97717259328561,0.0228274067143899,0.597956378420113,0.819357220964647,0.853234799233831,0.630128722301812,102.384615384615,-8.0,0.005,0.0338775782691839,0.0842634392160165,812.0,ed6ff8b45dee54446960f3eb2751f8f91d1c388a,2026-08-18 08:07:04,2026-06-06 14:01:41,2026-05-09-OAK-SEA,cascades,spiders,16,26,2026-05-09 15:00:00
lgordon,9.75,84.95,,9.75,84.95,1,0,0,"mawais,wfrankenb,dritthale,dwhited,cboydflie,arees,lgordon",False,2026-05-09-OAK-SEA,16,24,4,7,132.0,1,9,True,True,584,away,393,1778371193.0,22,False,"alantz,korser,nmahan,ksmart,emurray,isweeney,gharris",394,814,2cdc05a2250591ad6cb20b8fbea3104fd311fc6cd8b050e38b8c7dd979095238,1778371193.0,False,584,98.1538461538462,0.0,0.0,0.0,-90.0,276ef00e046037e16db8932e98464dcc3b22ca545d390f25b5ea803b45618a01,0.5,-0.5,0.597956378420113,0.850379312356207,0.850379312356207,0.624841049781359,98.1538461538462,-8.0,0.008,-0.624841049781359,-0.624841049781359,814.0,b5823a73bdc41bca61654c81910d6038d7c91876,2026-08-18 08:07:04,2026-06-06 14:01:41,2026-05-09-OAK-SEA,cascades,spiders,16,26,2026-05-09 15:00:00
emurray,-22.15,22.57,korser,-19.82,41.79,0,0,0,"alantz,korser,nmahan,ksmart,emurray,isweeney,gharris",True,2026-05-09-OAK-SEA,16,24,4,7,132.0,2,1,False,False,585,home,420,1778371203.0,18,False,"mawais,wfrankenb,dritthale,dwhited,cboydflie,arees,lgordon",421,815,8c3bff2bf49fd6627c8fc13957eaeb0597ebc40cb7c9f7624b1d22e5946f129f,1778371203.0,False,585,93.9230769230769,19.3607153793448,2.33,19.22,-6.91211738565055,39329a9a70482820bd6a588e756a8380007c3abc3b16ffecf67fe9a0e16deb4e,0.960800679596179,0.0391993204038207,0.539433676775806,0.539433676775806,0.619495495550845,0.795779922515091,93.9230769230769,-8.0,0.008,0.0800618187750388,0.173833419288163,815.0,85d7a658fde17a9c70c1126583ae4c8045ac68c3,2026-08-18 08:07:04,2026-06-06 14:01:41,2026-05-09-OAK-SEA,cascades,spiders,16,26,2026-05-09 15:00:00
korser,-19.82,41.79,,-19.9,42.01,1,0,0,"alantz,korser,nmahan,ksmart,emurray,isweeney,gharris",True,2026-05-09-OAK-SEA,16,24,4,7,132.0,2,2,False,False,586,home,421,1778371212.0,22,False,"mawais,wfrankenb,dritthale,dwhited,cboydflie,arees,lgordon",422,816,0f72c475ddad2e202e530b26299c38fb25f3c35e7a576ce3f7d8e493b264e77b,1778371212.0,False,586,89.6923076923077,0.234093998214391,-0.0799999999999983,0.219999999999999,19.9831065218997,afb97514429f1b3b9f638b3e5e3ba7879df77a96be18dc98f905a1bc1d9aa51e,0.5,-0.5,0.539433676775806,0.613214495749082,0.613662899711938,0.789931879543233,89.6923076923077,-8.0,0.005,-0.789931879543233,-0.789931879543233,816.0,f09ba11229066a2dcd50d2dad0e8f187c98dbaa4,2026-08-18 08:07:04,2026-06-06 14:01:41,2026-05-09-OAK-SEA,cascades,spiders,16,26,2026-05-09 15:00:00
dritthale,15.2,89.31,cboydflie,17.05,95.59,0,0,0,"mawais,wfrankenb,dritthale,dwhited,cboydflie,arees,lgordon",False,2026-05-09-OAK-SEA,16,24,4,7,132.0,3,1,True,True,587,away,395,1778371218.0,18,False,"alantz,korser,nmahan,ksmart,emurray,isweeney,gharris",396,818,5af922623c7420612def89970181ef4d6a0bd926383d389bcc43685b34f1f4c1,1778371218.0,False,587,85.4615384615385,6.54682365731658,1.85,6.28,-16.414234660371,2ea39b99d805ef56cfaa8946a7016f46db1e60cce503bd5f2623f695aa3228da,0.979549028279177,0.0204509717208226,0.856542149470518,0.856542149470518,0.883431471183278,0.558861114134616,85.4615384615385,-8.0,0.004,0.0268893217127603,0.187437087712632,818.0,0e34ad3f25f4c9646e0cc5ff78af3084493f968e,2026-08-18 08:07:04,2026-06-06 14:01:41,2026-05-09-OAK-SEA,cascades,spiders,16,26,2026-05-09 15:00:00
cboydflie,17.05,95.59,,17.05,95.59,1,0,0,"mawais,wfrankenb,dritthale,dwhited,cboydflie,arees,lgordon",False,2026-05-09-OAK-SEA,16,24,4,7,132.0,3,2,True,True,588,away,396,1778371223.0,22,False,"alantz,korser,nmahan,ksmart,emurray,isweeney,gharris",397,820,3b8c98066be94c52319ab160cff0bb034b31e148a411e401b20afd04390be9f9,1778371223.0,False,588,81.2307692307692,0.0,0.0,0.0,-90.0,3b90e583364f15b1a3a5cfd1a31d459b485ce4604fcf81892da728870741ce10,0.5,-0.5,0.856542149470518,0.880215261646152,0.880215261646152,0.551238758396707,81.2307692307692,-8.0,0.008,-0.551238758396707,-0.551238758396707,820.0,d60d84bdb2dec79e2b8946855f113c4a60a520fc,2026-08-18 08:07:04,2026-06-06 14:01:41,2026-05-09-OAK-SEA,cascades,spiders,16,26,2026-05-09 15:00:00
korser,-22.96,21.99,nmahan,-8.02,38.66,0,0,0,"alantz,korser,nmahan,ksmart,emurray,isweeney,gharris",True,2026-05-09-OAK-SEA,16,24,4,7,132.0,4,1,False,False,589,home,423,1778371240.0,18,False,"mawais,wfrankenb,dritthale,dwhited,cboydflie,arees,lgordon",424,821,3fb25aa6171dee6d920d03611c73813af5ff19c9de811d54be9bee6397518df2,1778371240.0,False,589,77.0,22.3850954878464,14.94,16.67,-41.8673549833989,40c3001b9135b0a6756df80d7debe57a0be705208f7af9c674a9f0dc032ce2f3,0.93784530204336,0.0621546979566404,0.500991187644048,0.500991187644048,0.604677328274761,0.812783475396598,77.0,-8.0,0.008,0.103686140630713,0.207784187499982,821.0,afffb0b3a3083bc58c3dc7f6cf58eb004f0fb527,2026-08-18 08:07:04,2026-06-06 14:01:41,2026-05-09-OAK-SEA,cascades,spiders,16,26,2026-05-09 15:00:00
nmahan,-8.02,38.66,korser,-19.46,40.84,0,0,0,"alantz,korser,nmahan,ksmart,emurray,isweeney,gharris",True,2026-05-09-OAK-SEA,16,24,4,7,132.0,4,2,False,False,590,home,424,1778371243.0,18,False,"mawais,wfrankenb,dritthale,dwhited,cboydflie,arees,lgordon",425,822,300dc54fcfee002d526df26f5d5284b941e03bee3a571385b6e869da9bc055a8,1778371243.0,False,590,72.7692307692308,11.6458576326521,-11.44,2.18000000000001,79.2110993223964,d26da4a26f3d8c3b61ea4133c089f232dfbaadeeb089e123255efa4c107ca071,0.988466211549195,0.0115337884508051,0.500991187644048,0.596154447103096,0.580465254399797,0.776410317179556,72.7692307692308,-8.0,0.008,-0.015689192703299,-0.0314407126984917,822.0,b57e969a6174b7d57e3973259e0c9ea760b035ec,2026-08-18 08:07:04,2026-06-06 14:01:41,2026-05-09-OAK-SEA,cascades,spiders,16,26,2026-05-09 15:00:00
korser,-19.46,40.84,gharris,6.99,29.85,0,0,0,"alantz,korser,nmahan,ksmart,emurray,isweeney,gharris",True,2026-05-09-OAK-SEA,16,24,4,7,132.0,4,3,False,False,591,home,425,1778371246.0,18,False,"mawais,wfrankenb,dritthale,dwhited,cboydflie,arees,lgordon",426,823,17409a0a5ee5c8dbb6558f6df2c25fcf7a27b07a193caca759d3c821ae0d7881,1778371246.0,False,591,68.5384615384615,28.6423218332593,26.45,-10.99,-112.562930796188,8ddc2efdbb614116fa45d41165f8b1f8cefb5a5db9c8005f91cb54018c7caa0b,0.955970749286371,0.0440292507136293,0.500991187644048,0.571186241726121,0.556364692717283,0.849306953465776,68.5384615384615,-8.0,0.008,-0.0148215490088385,-0.0297019784858348,823.0,dd53cf0947c255d316f5e5276b039238c6ca0530,2026-08-18 08:07:04,2026-06-06 14:01:41,2026-05-09-OAK-SEA,cascades,spiders,16,26,2026-05-09 15:00:00
gharris,6.99,29.85,ksmart,15.0,41.35,0,0,0,"alantz,korser,nmahan,ksmart,emurray,isweeney,gharris",True,2026-05-09-OAK-SEA,16,24,4,7,132.0,4,4,False,False,592,home,426,1778371248.0,18,False,"mawais,wfrankenb,dritthale,dwhited,cboydflie,arees,lgordon",427,824,85384eff89c0b64d21d4188bc652cfe5b48a8ac9c014767c0a6c50635a152e35,1778371248.0,False,592,64.3076923076923,14.0146387752236,8.01,11.5,-34.8580500691477,8df1d02969a45a1b16ba2ba6595a489f87268b54bd3a5b8b8ed7900e5aaf24be,0.979148153464845,0.0208518465351553,0.500991187644048,0.546335329243333,0.577397486558765,0.773334600025324,64.3076923076923,-8.0,0.008,0.0310621573154327,0.0622477129587754,824.0,9bb7adeb5c21787c07789698a30a91876033dda0,2026-08-18 08:07:04,2026-06-06 14:01:41,2026-05-09-OAK-SEA,cascades,spiders,16,26,2026-05-09 15:00:00
ksmart,15.0,41.35,,15.0,41.35,1,0,0,"alantz,korser,nmahan,ksmart,emurray,isweeney,gharris",True,2026-05-09-OAK-SEA,16,24,4,7,132.0,4,5,False,False,593,home,427,1778371250.0,22,False,"mawais,wfrankenb,dritthale,dwhited,cboydflie,arees,lgordon",428,825,14d18576bdf6e071ef1bb9d1abfac107bac8b3f63ac8f61f0b2c76d197140f07,1778371250.0,False,593,60.0769230769231,0.0,0.0,0.0,-90.0,9c16c9b48dd68ff357994190352eaf0032be96fb5cecfa43fb6d391a402ee294,0.5,-0.5,0.500991187644048,0.566824503715509,0.566824503715509,0.765674293768499,60.0769230769231,-8.0,0.005,-0.765674293768499,-0.765674293768499,825.0,90138d2ba7fa2f2c488f08787bee4170e4bca985,2026-08-18 08:07:04,2026-06-06 14:01:41,2026-05-09-OAK-SEA,cascades,spiders,16,26,2026-05-09 15:00:00
lgordon,-8.6,72.4,wfrankenb,0.95,70.97,0,0,0,"mawais,wfrankenb,dritthale,dwhited,cboydflie,arees,lgordon",False,2026-05-09-OAK-SEA,16,24,4,7,132.0,5,1,True,True,594,away,398,1778371262.0,18,False,"alantz,korser,nmahan,ksmart,emurray,isweeney,gharris",399,827,5a5876c59577f8f81b33974a69643472d94a59d152c393e0585edd8a659dc83f,1778371262.0,False,594,55.8461538461539,9.65646933407858,9.55,-1.43000000000001,-98.5160962007974,1af167ac9fc98d570722945d98773b69845b90bf5b631f41c9f27ba9ed79355b,0.982231965453362,0.0177680345466377,0.708688928097641,0.725815316887976,0.718650630084033,0.600765253192748,55.8461538461539,-8.0,0.005,-0.00716468680394333,-0.0245946257969377,827.0,65111683f6f704dd8b5b1037197be38639c454c3,2026-08-18 08:07:04,2026-06-06 14:01:41,2026-05-09-OAK-SEA,cascades,spiders,16,26,2026-05-09 15:00:00
wfrankenb,0.95,70.97,cboydflie,-0.62,81.4,0,0,0,"mawais,wfrankenb,dritthale,dwhited,cboydflie,arees,lgordon",False,2026-05-09-OAK-SEA,16,24,4,7,132.0,5,2,True,True,595,away,399,1778371265.0,18,False,"alantz,korser,nmahan,ksmart,emurray,isweeney,gharris",400,828,31307b71c78ef8a536a6f448fda3281012f13d27eb35e4e003e13e2cbbcbbea7,1778371265.0,False,595,51.6153846153846,10.547502073951,-1.57,10.43,8.5603119752745,4da124c6cd19ae3c166984c0be70607388897f74194f4fae33b8d2df9dfaf1a6,0.976488171952579,0.0235118280474211,0.708688928097641,0.708688928097641,0.772860828213634,0.544332414585474,51.6153846153846,-8.0,0.005,0.0641719001159929,0.220286512616664,828.0,c8e44a9f9922f6192a9fd296dfffc0927f7a15e0,2026-08-18 08:07:04,2026-06-06 14:01:41,2026-05-09-OAK-SEA,cascades,spiders,16,26,2026-05-09 15:00:00
cboydflie,-0.62,81.4,dritthale,-4.98,86.52,0,0,0,"mawais,wfrankenb,dritthale,dwhited,cboydflie,arees,lgordon",False,2026-05-09-OAK-SEA,16,24,4,7,132.0,5,3,True,True,596,away,400,1778371266.0,18,False,"alantz,korser,nmahan,ksmart,emurray,isweeney,gharris",401,829,cb7a937df2ef8f283df939ac039d751961d4feeb9fc1bdf852f5e51109479204,1778371266.0,False,596,47.3846153846154,6.72487918107083,-4.36,5.11999999999999,40.416470190883,52ad705f05db1642c91120be04ba386af5f0c2e8f6ca81de953cbb6fa3553def,0.982032757944433,0.0179672420555665,0.708688928097641,0.763662932125075,0.795490534723757,0.511988226268001,47.3846153846154,-8.0,0.005,0.0318276025986819,0.109256412366468,829.0,8da13507d9a01fb60b67d8a785b323940929a6ce,2026-08-18 08:07:04,2026-06-06 14:01:41,2026-05-09-OAK-SEA,cascades,spiders,16,26,2026-05-09 15:00:00
dritthale,-4.98,86.52,lgordon,-13.3,83.04,0,0,0,"mawais,wfrankenb,dritthale,dwhited,cboydflie,arees,lgordon",False,2026-05-09-OAK-SEA,16,24,4,7,132.0,5,4,True,True,597,away,401,1778371269.0,18,False,"alantz,korser,nmahan,ksmart,emurray,isweeney,gharris",402,830,52f9fdeb0f8dae0040e55d8bd2a0f6328e880a78a700d01cd19a34e48f75b8e0,1778371269.0,False,597,43.1538461538461,9.01846993674647,-8.32,-3.47999999999999,112.698057706747,da0e29a3ab51b79fee71148d1453b1d24409075540e71243644e8e1cf9ee78dc,0.97985377644034,0.0201462235596598,0.708688928097641,0.786452091696867,0.759473731248025,0.503685228626002,43.1538461538461,-8.0,0.005,-0.0269783604488417,-0.0926101444502743,830.0,b3b7b64525c575d2f5ef2034347710c817a4fd00,2026-08-18 08:07:04,2026-06-06 14:01:41,2026-05-09-OAK-SEA,cascades,spiders,16,26,2026-05-09 15:00:00
lgordon,-13.3,83.04,cboydflie,-8.05,78.54,0,0,0,"mawais,wfrankenb,dritthale,dwhited,cboydflie,arees,lgordon",False,2026-05-09-OAK-SEA,16,24,4,7,132.0,5,5,True,True,598,away,402,1778371271.0,18,False,"alantz,korser,nmahan,ksmart,emurray,isweeney,gharris",403,831,f3d11698abcb9868e745129c9d803c26a7fa2f01ae0e835b213e717eac7b1a61,1778371271.0,False,598,38.9230769230769,6.91465834296967,5.25,-4.5,-130.601294645004,87286b55816b3cfe24f3a285cde813c8aaebbe1566ce42c4b0230b86994825c5,0.982253836098423,0.0177461639015766,0.708688928097641,0.748763203872562,0.72245956605909,0.513390337310055,38.9230769230769,-8.0,0.005,-0.0263036378134717,-0.0902939858814843,831.0,4eaa166eee919ae437e84eea3993437e7e81df86,2026-08-18 08:07:04,2026-06-06 14:01:41,2026-05-09-OAK-SEA,cascades,spiders,16,26,2026-05-09 15:00:00
cboydflie,-8.05,78.54,dwhited,-1.16,82.77,0,0,0,"mawais,wfrankenb,dritthale,dwhited,cboydflie,arees,lgordon",False,2026-05-09-OAK-SEA,16,24,4,7,132.0,5,6,True,True,599,away,403,1778371276.0,18,False,"alantz,korser,nmahan,ksmart,emurray,isweeney,gharris",404,832,105cb7070da15502ee55cee68a00bbe1ad98ec8b6bf2c7a81eb7ad7eccc2d3d8,1778371276.0,False,599,34.6923076923077,8.08486239833431,6.89,4.22999999999999,-58.4528530619243,9dcbbdb762468f0acfc86ac62d3f16dc3fdac6fa1cab0d03de1db53aacd7f578,0.980437653308145,0.0195623466918545,0.708688928097641,0.710073250581758,0.740394443398664,0.482880894246391,34.6923076923077,-8.0,0.005,0.0303211928169056,0.104085274270209,832.0,f8614742028f865cb9db58a4fe104540e8387f2c,2026-08-18 08:07:04,2026-06-06 14:01:41,2026-05-09-OAK-SEA,cascades,spiders,16,26,2026-05-09 15:00:00
dwhited,-1.16,82.77,lgordon,-6.28,91.56,0,0,0,"mawais,wfrankenb,dritthale,dwhited,cboydflie,arees,lgordon",False,2026-05-09-OAK-SEA,16,24,4,7,132.0,5,7,True,True,600,away,404,1778371280.0,18,False,"alantz,korser,nmahan,ksmart,emurray,isweeney,gharris",405,833,d9125b9514874f0eece222d03b5e1fe3c1a706095484ed4dfaaf6292a427fcd6,1778371280.0,False,600,30.4615384615385,10.1724382524545,-5.12,8.79000000000001,30.2199482061344,822908d6ff5dc9a8d6dbf19b48d5768d276ddd8395330260dfa0a68f5d1f4dc0,0.973332174792988,0.0266678252070121,0.708688928097641,0.727859442029702,0.789176219540977,0.435733115376683,30.4615384615385,-8.0,0.005,0.0613167775112754,0.210485571697829,833.0,daa959c5d3e704551d05557e7437df3cf8dcd309,2026-08-18 08:07:04,2026-06-06 14:01:41,2026-05-09-OAK-SEA,cascades,spiders,16,26,2026-05-09 15:00:00
lgordon,-6.28,91.56,cboydflie,-10.03,103.7,0,0,0,"mawais,wfrankenb,dritthale,dwhited,cboydflie,arees,lgordon",False,2026-05-09-OAK-SEA,16,25,4,7,132.0,5,8,True,True,601,away,405,1778371295.0,19,False,"alantz,korser,nmahan,ksmart,emurray,isweeney,gharris",406,835,81b7be3639e180e8851d4e094e5c8a669ca44bc42f43cd15dfa836e562b4052a,1778371295.0,False,601,26.2307692307692,12.7059867778933,-3.75,12.14,17.165720484626,6fa6d06076a7e23cda8f29e77d1a30f411c80148e0bf311a48223edfdcf1b4a2,0.957736964537095,0.0422630354629046,0.708688928097641,0.77771005501245,1.0,0.393302469293701,26.2307692307692,-8.0,0.004,0.22228994498755,0.763067272163472,835.0,a9a50d00e791d21513951d0bc99abf07660f71c5,2026-08-18 08:07:04,2026-06-06 14:01:41,2026-05-09-OAK-SEA,cascades,spiders,16,26,2026-05-09 15:00:00
dmourad,-0.44,57.3,,-0.44,57.3,1,0,0,"gleahy,slofink,eshipway,cbelfield,dmourad,zraunig,mmunoz",True,2026-05-09-OAK-SEA,16,25,4,8,22.0,1,1,True,True,602,home,430,1778371365.0,22,False,"rvickersb,jwhealan,clankford,emagsig,lgrench,jvallee,tgoss",431,839,4047c6509f13068ab36a66a4bb4005e540fda0db22941c96268d059862c7f446,1778371365.0,False,602,22.0,0.0,0.0,0.0,-90.0,f0cf373f92321d6be740d8979a39f598e3d68a10b8b8b6e8807352388c482e86,0.5,-0.5,0.526499189628119,0.526499189628119,0.526499189628119,0.558659079386535,22.0,-9.0,0.002,-0.558659079386535,-0.558659079386535,839.0,097a8a2b1ee8823412920393991974b4ce3cf2b4,2026-08-18 08:07:04,2026-06-06 14:01:41,2026-05-09-OAK-SEA,cascades,spiders,16,26,2026-05-09 15:00:00
tgoss,0.0,40.0,clankford,0.0,40.0,0,0,0,"rvickersb,jwhealan,clankford,emagsig,lgrench,jvallee,tgoss",False,2026-05-09-OAK-SEA,16,25,4,8,22.0,2,1,False,False,603,away,409,1778371370.0,18,False,"gleahy,slofink,eshipway,cbelfield,dmourad,zraunig,mmunoz",410,841,62687c7ea7170c3cb8baad0a1a57d566e409a5ee2f501ee8d80fba00aa15bd21,1778371370.0,False,603,18.0,0.0,0.0,0.0,-90.0,64cd6d30cbac9be4f49da88924485d7b85ccb2d74649934b26d3f7ad3f3847d6,0.5,0.5,0.389599886736784,0.425969898133523,0.425969898133523,0.663209702870097,18.0,-9.0,0.002,0.0,0.0,841.0,f30280f344b44f09f34e17e322bdc5b7219a746c,2026-08-18 08:07:04,2026-06-06 14:01:41,2026-05-09-OAK-SEA,cascades,spiders,16,26,2026-05-09 15:00:00
clankford,0.0,40.0,jvallee,0.0,40.0,0,0,0,"rvickersb,jwhealan,clankford,emagsig,lgrench,jvallee,tgoss",False,2026-05-09-OAK-SEA,16,25,4,8,22.0,2,2,False,False,604,away,410,1778371377.0,18,False,"gleahy,slofink,eshipway,cbelfield,dmourad,zraunig,mmunoz",411,842,64db66c9c98ddd431b3ac266e315a9add4e4bb4c5e7a5805c381448e624d3ff9,1778371377.0,False,604,14.0,0.0,0.0,0.0,-90.0,2d515334345933d7c8bb7f50ac0221e1abe49fd0df95eeb1fb9b4ae9206d0105,0.5,0.5,0.389599886736784,0.408059495955848,0.408059495955848,0.646559659933285,14.0,-9.0,0.002,0.0,0.0,842.0,a67ca164504ac7843b1b5567846bfbf4154941ee,2026-08-18 08:07:04,2026-06-06 14:01:41,2026-05-09-OAK-SEA,cascades,spiders,16,26,2026-05-09 15:00:00
jvallee,0.0,40.0,lgrench,3.54,104.65,0,0,0,"rvickersb,jwhealan,clankford,emagsig,lgrench,jvallee,tgoss",False,2026-05-09-OAK-SEA,16,26,4,8,22.0,2,3,False,False,605,away,411,1778371417.0,19,False,"gleahy,slofink,eshipway,cbelfield,dmourad,zraunig,mmunoz",412,844,b44a20e8c39504e4ba74fab68752247210d6eab8ad8e0b5b36e1a7403c3ff148,1778371417.0,False,605,10.0,64.7468462552424,3.54,64.65,-3.13417964209459,81c0bf70f8b0b7a41e9cddb5b8b896dbda5b246f9252982bf6efcb120474054b,0.603325170861502,0.396674829138498,0.389599886736784,0.389599886736784,1.0,0.32858194787379,10.0,-9.0,0.004,0.610400113263216,1.0,844.0,a9e28ff0ff4354d1be1e1cfe1c12c12aa59d7e62,2026-08-18 08:07:04,2026-06-06 14:01:41,2026-05-09-OAK-SEA,cascades,spiders,16,26,2026-05-09 15:00:00
mmunoz,4.95,10.33,tli,-0.3,19.58,0,0,0,"mmunoz,slofink,gleahy,eshipway,zraunig,cbelfield,tli",True,2026-05-09-OAK-SEA,16,26,4,9,6.0,1,1,True,True,606,home,433,1778371441.0,18,False,"rvickersb,lgrench,jwhealan,clankford,emagsig,tgoss,jvallee",434,848,1e4165a2367d3cfc0bf07fbc6cad0aa854a482c40cdd043753f2bd73655f9ab5,1778371441.0,False,606,6.0,10.6360236930913,-5.25,9.25,29.5778386812613,8f1579e72a56aa82a0b7bfcba25eb3938c8172cee60256b9c0ce498d308552dc,0.98854133659957,0.01145866340043,0.290972238966686,0.290972238966686,0.310376538602169,0.778329720616219,6.0,-10.0,0.005,0.0194042996354829,0.0273674751566902,848.0,d4910012d7e5f12f5c475a07b42fabc17d9333bc,2026-08-18 08:07:04,2026-06-06 14:01:41,2026-05-09-OAK-SEA,cascades,spiders,16,26,2026-05-09 15:00:00
