Thrower,ThrowerX,ThrowerY,Receiver,ReceiverX,ReceiverY,turnover,DroppedThrow,stall,offensive_line,is_home_team,GameID,home_team_score,away_team_score,game_quarter,quarter_point,PointStartTime,possession_num,possession_throw,start_on_offense,o_line,event_id,source_side,source_side_idx,source_timestamp,source_event_type,is_callahan,defensive_line,source_event_id,global_event_seq,event_sig_id,derived_sort_timestamp,sort_timestamp_imputed,event_id_calc,time_left,throw_distance,x_diff,y_diff,throw_angle,throw_sig_id,cp,cpoe,min_fv,fv_thrower,fv_receiver,fv_opponent,game_time_left,score_diff,win_prob,ec,aec,source_global_event_seq,source_throw_hash,insert_timestamp,original_insert_timestamp,game_id,home_team_id,away_team_id,home_score_final,away_score_final,start_timestamp
jwilliams,-20.53,5.38,aatkins,-4.3,22.02,0,0,0,"aatkins,jcowan,ddemarre,bjagt,mlabar,srueschem,jwilliams",True,2026-07-25-DC-NY,0,0,1,1,720.0,1,1,True,True,1,home,1,1785002956.0,18,False,"adowney,khealey,ilee,lblumenfe,jlightner,cjurek,mwagner",2,4,675026a0d5b8e6cf44a36b71071cb06703ff69e1eb6bd7b5054ece53dd637b02,1785002956.0,False,1,720.0,23.2444079296505,16.23,16.64,-44.2853650314555,a06f18fbec32527a3d1cb8fd87c548b8428ca5c68175800a1639d6704e28e4ea,0.953163813256129,0.0468361867438707,0.635921079098323,0.635921079098323,0.699696367022291,0.941591764770487,2880.0,0.0,0.636,0.0637752879239674,0.175168855604224,4.0,83f07f7d4f631644d2804793f84631a01ddf6955,2026-08-18 08:07:04,2026-07-25 18:13:19,2026-07-25-DC-NY,empire,breeze,23,15,2026-07-25 14:00:00
aatkins,-4.3,22.02,ddemarre,-5.39,35.52,0,0,0,"aatkins,jcowan,ddemarre,bjagt,mlabar,srueschem,jwilliams",True,2026-07-25-DC-NY,0,0,1,1,720.0,1,2,True,True,2,home,2,1785002959.0,18,False,"adowney,khealey,ilee,lblumenfe,jlightner,cjurek,mwagner",3,5,f91de18d70798ccad685750a7c23d8936c2abc9e79af1aa340176f28ae29689c,1785002959.0,False,2,716.090909090909,13.54393222074,-1.09,13.5,4.61609019034115,5135d9012826d1af0d2bbf032e66fce9f6fde6bf72534f213932102f9a21bec7,0.979531911987645,0.0204680880123554,0.635921079098323,0.694405849815559,0.729736594607253,0.90005896931746,2876.09090909091,0.0,0.641,0.0353307447916938,0.0970414455860115,5.0,06ee91f5336e99323f129e77b6f0c930f1c115e8,2026-08-18 08:07:04,2026-07-25 18:13:19,2026-07-25-DC-NY,empire,breeze,23,15,2026-07-25 14:00:00
ddemarre,-5.39,35.52,mlabar,-11.87,59.52,0,0,0,"aatkins,jcowan,ddemarre,bjagt,mlabar,srueschem,jwilliams",True,2026-07-25-DC-NY,0,0,1,1,720.0,1,3,True,True,3,home,3,1785002961.0,18,False,"adowney,khealey,ilee,lblumenfe,jlightner,cjurek,mwagner",4,6,c6321f32710202584d5a3c5acabaff98187ad42f9281199671eff1fc2f0c270d,1785002961.0,False,3,712.181818181818,24.8594127042455,-6.48,24.0,15.1095751223405,755263cf2961888e67adae1a2dda9cd1f69b220981888ad8c97d5d9cd1028fcc,0.924723155204376,0.0752768447956241,0.635921079098323,0.725039084556015,0.803544623916159,0.806681323131241,2872.18181818182,0.0,0.655,0.0785055393601444,0.215627807195533,6.0,6a5e4758ac71a4b7597d7624aadbab87e0cae779,2026-08-18 08:07:04,2026-07-25 18:13:19,2026-07-25-DC-NY,empire,breeze,23,15,2026-07-25 14:00:00
mlabar,-11.87,59.52,ddemarre,1.43,60.47,0,0,0,"aatkins,jcowan,ddemarre,bjagt,mlabar,srueschem,jwilliams",True,2026-07-25-DC-NY,0,0,1,1,720.0,1,4,True,True,4,home,4,1785002965.0,18,False,"adowney,khealey,ilee,lblumenfe,jlightner,cjurek,mwagner",5,7,c542cb4ffc4f8869e0639015ab2899fd3532d4732f3ab51acab6f564ac9f481c,1785002965.0,False,4,708.272727272727,13.3338854052373,13.3,0.949999999999996,-85.9143832200251,43e43e81514aae268ce7617e71c29df051e0f09e94e1988f895f1bb9eac7c437,0.977499692759011,0.0225003072409894,0.635921079098323,0.799990829923544,0.806451581304403,0.80288957086777,2868.27272727273,0.0,0.656,0.00646075138085866,0.0177454694846326,7.0,7b63935eca149e12c90da08aa95f318fa5d5d6a4,2026-08-18 08:07:04,2026-07-25 18:13:19,2026-07-25-DC-NY,empire,breeze,23,15,2026-07-25 14:00:00
ddemarre,1.43,60.47,jcowan,-17.46,61.77,0,0,0,"aatkins,jcowan,ddemarre,bjagt,mlabar,srueschem,jwilliams",True,2026-07-25-DC-NY,0,0,1,1,720.0,1,5,True,True,5,home,5,1785002970.0,18,False,"adowney,khealey,ilee,lblumenfe,jlightner,cjurek,mwagner",6,8,6d7f20c17f76085a830c313a5bd953d6ed6c1cbca00cefb72cb76f3a55440f7a,1785002970.0,False,5,704.363636363636,18.9346798230126,-18.89,1.3,86.0631414945299,6ae1ae1ec0efc8c2e61b75d5ae4ae19a1c173fdf7fe0c1b1f419be03987642c3,0.973585078918096,0.0264149210819039,0.635921079098323,0.803142379470202,0.797026652151851,0.780967110461076,2864.36363636364,0.0,0.653,-0.00611572731835086,-0.0167978066491866,8.0,be1d0f7fdc73fe33eef2a3376e13b34febb2539b,2026-08-18 08:07:04,2026-07-25 18:13:19,2026-07-25-DC-NY,empire,breeze,23,15,2026-07-25 14:00:00
jcowan,-17.46,61.77,mlabar,-5.73,67.09,0,0,0,"aatkins,jcowan,ddemarre,bjagt,mlabar,srueschem,jwilliams",True,2026-07-25-DC-NY,0,0,1,1,720.0,1,6,True,True,6,home,6,1785002972.0,18,False,"adowney,khealey,ilee,lblumenfe,jlightner,cjurek,mwagner",7,9,656ea9a3999d619e5e067a94177aa735559b175f5c4e434cf3f2a11c11a6291c,1785002972.0,False,6,700.454545454545,12.8800349378408,11.73,5.32,-65.6039052054751,6cba4b3feb0551a68182ac5d51847eaaaa47a3be22e6bd417a199adf28d0c74c,0.971300055306211,0.0286999446937894,0.635921079098323,0.793804083290092,0.825508676494329,0.770874036949807,2860.45454545455,0.0,0.659,0.0317045932042367,0.0870816501150827,9.0,571519155e9683b2f6147785bab3a9a365ac3be5,2026-08-18 08:07:04,2026-07-25 18:13:19,2026-07-25-DC-NY,empire,breeze,23,15,2026-07-25 14:00:00
mlabar,-5.73,67.09,jwilliams,-12.76,77.52,0,0,0,"aatkins,jcowan,ddemarre,bjagt,mlabar,srueschem,jwilliams",True,2026-07-25-DC-NY,0,0,1,1,720.0,1,7,True,True,7,home,7,1785002977.0,18,False,"adowney,khealey,ilee,lblumenfe,jlightner,cjurek,mwagner",8,10,e959ec5a52d019a04a4c2eb45e4ffe4d22f122cab9137be32d6596d254924438,1785002977.0,False,7,696.545454545455,12.5779887104417,-7.03,10.43,33.9806500243762,62428aa019a49df4ee1ef3145ebdc46aa72847aa74a39c6dc35fd25c90157286,0.971699694435794,0.0283003055642058,0.635921079098323,0.822816668288365,0.861606863359231,0.725741955045485,2856.54545454545,0.0,0.667,0.0387901950708663,0.106543369703466,10.0,69446596f72cc75dc29ac312d1bc1a8b1b8a87d2,2026-08-18 08:07:04,2026-07-25 18:13:19,2026-07-25-DC-NY,empire,breeze,23,15,2026-07-25 14:00:00
jwilliams,-12.76,77.52,jcowan,-19.37,88.36,0,0,0,"aatkins,jcowan,ddemarre,bjagt,mlabar,srueschem,jwilliams",True,2026-07-25-DC-NY,0,0,1,1,720.0,1,8,True,True,8,home,8,1785002983.0,18,False,"adowney,khealey,ilee,lblumenfe,jlightner,cjurek,mwagner",9,11,24f501db61daeee63e0eb2c81634746dcc4b2d5f9a7a07d8a6a6c4712fd3d54e,1785002983.0,False,8,692.636363636364,12.6963656217045,-6.61,10.84,31.3739448927616,27436104b3f11a88edff3ffee3e855705bee4d3808d5ae4fcd896862a738e37e,0.973412181248704,0.0265878187512957,0.635921079098323,0.859521020075924,0.892999209250489,0.668405156357065,2852.63636363636,0.0,0.675,0.0334781891745649,0.0919531103082071,11.0,b85b71c4507db204e28a41cc68e065591ef7f28e,2026-08-18 08:07:04,2026-07-25 18:13:19,2026-07-25-DC-NY,empire,breeze,23,15,2026-07-25 14:00:00
jcowan,-19.37,88.36,mlabar,-11.33,79.02,0,0,0,"aatkins,jcowan,ddemarre,bjagt,mlabar,srueschem,jwilliams",True,2026-07-25-DC-NY,0,0,1,1,720.0,1,9,True,True,9,home,9,1785002988.0,18,False,"adowney,khealey,ilee,lblumenfe,jlightner,cjurek,mwagner",10,12,a3c54213e7182d07e5abc8d3ddd019a482af26b361e8c1e2cf75038ee3ead9d4,1785002988.0,False,9,688.727272727273,12.3238468020339,8.04,-9.34,-139.277679420902,44e11c0b919a8c608f82d10dc931afd40bb424d5211b33defbfac34f273afe45,0.968773605667127,0.0312263943328731,0.635921079098323,0.891439039129628,0.864444975762718,0.715759974346211,2848.72727272727,0.0,0.667,-0.0269940633669103,-0.0741434392852432,12.0,c84bff5e75d13fbd6774e4b5b10e39b3724b92f6,2026-08-18 08:07:04,2026-07-25 18:13:19,2026-07-25-DC-NY,empire,breeze,23,15,2026-07-25 14:00:00
mlabar,-11.33,79.02,ddemarre,-10.92,91.43,0,0,0,"aatkins,jcowan,ddemarre,bjagt,mlabar,srueschem,jwilliams",True,2026-07-25-DC-NY,0,0,1,1,720.0,1,10,True,True,10,home,10,1785002990.0,18,False,"adowney,khealey,ilee,lblumenfe,jlightner,cjurek,mwagner",11,13,141ad2fcbcc0d28cf3e822928ba92b154d19dabaa6119f3a59ab9b573014c48b,1785002990.0,False,10,684.818181818182,12.4167709167883,0.41,12.41,-1.89224240760547,e4fcf3f504ff2507113c4b8533ccf0e4f4f1a2ab54a8852dbb53e28caf79b654,0.963169761232827,0.0368302387671733,0.635921079098323,0.862665865301896,0.909199811400002,0.674873740482486,2844.81818181818,0.0,0.678,0.0465339460981062,0.127812799441562,13.0,babbfd331594aa6eb09d3dae3bc1c15efe5f807f,2026-08-18 08:07:04,2026-07-25 18:13:19,2026-07-25-DC-NY,empire,breeze,23,15,2026-07-25 14:00:00
ddemarre,-10.92,91.43,jwilliams,-20.33,116.38,0,0,0,"aatkins,jcowan,ddemarre,bjagt,mlabar,srueschem,jwilliams",True,2026-07-25-DC-NY,1,0,1,1,720.0,1,11,True,True,11,home,11,1785003011.0,19,False,"adowney,khealey,ilee,lblumenfe,jlightner,cjurek,mwagner",12,15,4edf471421119c4aa7cedcef2be3e57a3c43887c26938c37133d2b1bc45a05bd,1785003011.0,False,11,680.909090909091,26.6655320591958,-9.41,24.95,20.6641835505175,a9bc7f62790a16f131cce8248a0435e59d7d7b141771a5c14683433b221d8b46,0.897428025247738,0.102571974752262,0.635921079098323,0.908036659469782,1.0,0.621094755079181,2840.90909090909,0.0,0.694,0.091963340530218,0.25259177406498,15.0,aa5dfbd6167021533c59715051a50926ad06432c,2026-08-18 08:07:04,2026-07-25 18:13:19,2026-07-25-DC-NY,empire,breeze,23,15,2026-07-25 14:00:00
aroy,13.76,28.35,mgrovic,21.99,41.67,0,0,0,"cboxley,aroy,mgrovic,amerriman,smott,jnissen,gnorrbom",False,2026-07-25-DC-NY,1,0,1,2,677.0,1,1,True,True,12,away,4,1785003061.0,18,False,"aagami,adavis2,mbrownlee,sjonas,jrandolph,dschnaudi,nwhitlock",5,19,0cecf5527b6afe1addad631fd096eea02cee07fd191efacaa1be7c1cadb206a5,1785003061.0,False,12,677.0,15.6574359331277,8.23,13.32,-31.7105865918859,a00bb420e4565a6449640a42ea908bfa4181a12b739023d8b796a786d15ec014,0.975266144579417,0.0247338554205826,0.6640059435304,0.6640059435304,0.675235633086553,0.836350046468491,2837.0,1.0,0.696,0.0112296895561529,0.0334222863170466,19.0,db7d29312c56f53511c8345811c7608454ea9d47,2026-08-18 08:07:04,2026-07-25 18:13:19,2026-07-25-DC-NY,empire,breeze,23,15,2026-07-25 14:00:00
mgrovic,21.99,41.67,cboxley,4.22,52.99,0,0,0,"cboxley,aroy,mgrovic,amerriman,smott,jnissen,gnorrbom",False,2026-07-25-DC-NY,1,0,1,2,677.0,1,2,True,True,13,away,5,1785003063.0,18,False,"aagami,adavis2,mbrownlee,sjonas,jrandolph,dschnaudi,nwhitlock",6,20,33ce685cd0e42578eda1483a0a2f1ba76303904625ad9bc733185de99f83539d,1785003063.0,False,13,671.888888888889,21.0692975677881,-17.77,11.32,57.5016938407787,4c4dc6baaf71270ddcffed2033477c57591755777d991366ba8dfb9a2a6d2a33,0.94619323211661,0.0538067678833903,0.6640059435304,0.671849910000935,0.75149820790115,0.808994951065838,2831.88888888889,1.0,0.682,0.0796482979002148,0.237052698899217,20.0,f6bc13821af5e961725deada64684aa7250cbacc,2026-08-18 08:07:04,2026-07-25 18:13:19,2026-07-25-DC-NY,empire,breeze,23,15,2026-07-25 14:00:00
cboxley,4.22,52.99,aroy,-2.3,51.69,0,0,0,"cboxley,aroy,mgrovic,amerriman,smott,jnissen,gnorrbom",False,2026-07-25-DC-NY,1,0,1,2,677.0,1,3,True,True,14,away,6,1785003066.0,18,False,"aagami,adavis2,mbrownlee,sjonas,jrandolph,dschnaudi,nwhitlock",7,21,329c25819157522ab3c6e5ad2d50709da590af10f9b75f3a3c76aad4104d9db5,1785003066.0,False,14,666.777777777778,6.64833813821168,-6.52,-1.3,101.27612965817,ec51bb1260da87405dd9e11cf81c1e799de515053817e4e084642479edaba4de,0.989812493706096,0.0101875062939043,0.6640059435304,0.748925981147788,0.744002329822235,0.812590723127551,2826.77777777778,1.0,0.683,-0.00492365132555295,-0.014653983398657,21.0,7015baedf53cbb185763df3839cca62c72fbc071,2026-08-18 08:07:04,2026-07-25 18:13:19,2026-07-25-DC-NY,empire,breeze,23,15,2026-07-25 14:00:00
aroy,-2.3,51.69,jnissen,-14.45,67.0,0,0,0,"cboxley,aroy,mgrovic,amerriman,smott,jnissen,gnorrbom",False,2026-07-25-DC-NY,1,0,1,2,677.0,1,4,True,True,15,away,7,1785003068.0,18,False,"aagami,adavis2,mbrownlee,sjonas,jrandolph,dschnaudi,nwhitlock",8,22,ffe3743f1dfee061fc11fc465a6561d558ada80741543e42d8e85e650f459dca,1785003068.0,False,15,661.666666666667,19.5452961092944,-12.15,15.31,38.4354791409963,5acdfa3dba07a674b0c1e2153e467e6ba22d6458586c9f1e0069e571c2175057,0.956294946175439,0.0437050538245608,0.6640059435304,0.741684963933142,0.799491213455617,0.738918279370934,2821.66666666667,1.0,0.67,0.0578062495224749,0.172045452618609,22.0,0c4cf1539d2afc55f4bfcfa9c6685f74bf467f1d,2026-08-18 08:07:04,2026-07-25 18:13:19,2026-07-25-DC-NY,empire,breeze,23,15,2026-07-25 14:00:00
jnissen,-14.45,67.0,smott,-21.8,79.22,0,0,0,"cboxley,aroy,mgrovic,amerriman,smott,jnissen,gnorrbom",False,2026-07-25-DC-NY,1,0,1,2,677.0,1,5,True,True,16,away,8,1785003070.0,18,False,"aagami,adavis2,mbrownlee,sjonas,jrandolph,dschnaudi,nwhitlock",9,23,4ef3028f00bb81fbc8cca1fb40ce013546652af04465bfbe1b726233adfb72b4,1785003070.0,False,16,656.555555555556,14.2601157078055,-7.35,12.22,31.0257723846584,8d4bf828bfd8b1daeb1dfa680665a8ce6f538f9446b07a9904bda7689dca887b,0.968810463709558,0.0311895362904416,0.6640059435304,0.79778461528067,0.834152428617052,0.661595700781657,2816.55555555556,1.0,0.662,0.0363678133363812,0.108239454347823,23.0,2779b8df6ee211fa3d9139872b1b023a5f9e48e2,2026-08-18 08:07:04,2026-07-25 18:13:19,2026-07-25-DC-NY,empire,breeze,23,15,2026-07-25 14:00:00
smott,-21.8,79.22,gnorrbom,-23.38,88.69,0,0,0,"cboxley,aroy,mgrovic,amerriman,smott,jnissen,gnorrbom",False,2026-07-25-DC-NY,1,0,1,2,677.0,1,6,True,True,17,away,9,1785003075.0,18,False,"aagami,adavis2,mbrownlee,sjonas,jrandolph,dschnaudi,nwhitlock",10,24,98171d91fb5e22382b700c0cd36c19e1bdfbb8a1d0b940c2d976492733605962,1785003075.0,False,17,651.444444444444,9.60090099938542,-1.58,9.47,9.47213312907923,b29f933881be0d043b1e847c952fb7789236aaf85d2d2f9ee00fd0e3d9b792d9,0.963363961755697,0.0366360382443028,0.6640059435304,0.832880002336067,0.869616784144827,0.616712464854111,2811.44444444444,1.0,0.652,0.0367367818087598,0.109337594226414,24.0,a454dbc4c195b983479ea4d02e8f266bd20adef5,2026-08-18 08:07:04,2026-07-25 18:13:19,2026-07-25-DC-NY,empire,breeze,23,15,2026-07-25 14:00:00
gnorrbom,-23.38,88.69,smott,-21.39,98.03,0,0,0,"cboxley,aroy,mgrovic,amerriman,smott,jnissen,gnorrbom",False,2026-07-25-DC-NY,1,0,1,2,677.0,1,7,True,True,18,away,10,1785003081.0,18,False,"aagami,adavis2,mbrownlee,sjonas,jrandolph,dschnaudi,nwhitlock",11,25,adec9e52a4ba568f0291b29a1a319db374dc5cf09f6320aecd26c971fe1be737,1785003081.0,False,18,646.333333333333,9.54964397242117,1.99,9.34,-12.0277101923658,0fe3b20fa5d2523ae60789c5a438e6e5f55957400c0b58687adc3b4a2014380e,0.968178277813281,0.0318217221867194,0.6640059435304,0.868729475092,0.913358421032154,0.600708275215503,2806.33333333333,1.0,0.639,0.0446289459401543,0.132826593449555,25.0,a4dc8079153c66a43b057cbe58b89a0177a22ecd,2026-08-18 08:07:04,2026-07-25 18:13:19,2026-07-25-DC-NY,empire,breeze,23,15,2026-07-25 14:00:00
smott,-21.39,98.03,cboxley,-21.66,94.66,0,0,0,"cboxley,aroy,mgrovic,amerriman,smott,jnissen,gnorrbom",False,2026-07-25-DC-NY,1,0,1,2,677.0,1,8,True,True,19,away,11,1785003086.0,18,False,"aagami,adavis2,mbrownlee,sjonas,jrandolph,dschnaudi,nwhitlock",12,26,bd4e1ee8056600dffefca35dbc88c39697029eaf6f5bc337b5d00ba9d529f234,1785003086.0,False,19,641.222222222222,3.38079872219569,-0.27,-3.37,175.419321365497,dcb9cdeb4235bc142a474dda0ae46aa92522848f49c6687d8d52e833a43823da,0.982243207234617,0.0177567927653833,0.6640059435304,0.912841614233038,0.899411345750266,0.606789320487697,2801.22222222222,1.0,0.642,-0.0134302684827722,-0.0399717442144317,26.0,c4bb99e641bc5707ecf6c1892cb4aae4535fa77a,2026-08-18 08:07:04,2026-07-25 18:13:19,2026-07-25-DC-NY,empire,breeze,23,15,2026-07-25 14:00:00
cboxley,-21.66,94.66,aroy,-18.71,109.42,0,0,0,"cboxley,aroy,mgrovic,amerriman,smott,jnissen,gnorrbom",False,2026-07-25-DC-NY,1,1,1,2,677.0,1,9,True,True,20,away,12,1785003093.0,19,False,"aagami,adavis2,mbrownlee,sjonas,jrandolph,dschnaudi,nwhitlock",13,27,1d5f2c6731eeeeebe1772da6d7302c392d004029095eba49105943c02a7daf7f,1785003093.0,False,20,636.111111111111,15.0519134996186,2.95,14.76,-11.3024672259174,6dfc3be692030cc2dd5b2d0ac61cc5cfec9d6594845a022b845c6ddcd7480734,0.945728832352112,0.0542711676478878,0.6640059435304,0.89893089017067,1.0,0.606964763521748,2796.11111111111,1.0,0.626,0.10106910982933,0.30080624309637,27.0,ccdfa1cfe43d559ba8473de19b555852e9d70f02,2026-08-18 08:07:04,2026-07-25 18:13:19,2026-07-25-DC-NY,empire,breeze,23,15,2026-07-25 14:00:00
mlabar,12.61,30.0,adavis4,17.18,41.59,0,0,0,"adavis4,aatkins,ddemarre,bjagt,mlabar,srueschem,jwilliams",True,2026-07-25-DC-NY,1,1,1,3,631.0,1,1,True,True,21,home,16,1785003151.0,18,False,"ffarah,khealey,tgesell,cjurek,jlightner,wvandenbr,mwagner",17,32,3b93b8a241ea434cccf5bad856eadbfd66100a46e16ffd08a0d43b029bada46b,1785003151.0,False,21,631.0,12.458450947048,4.57,11.59,-21.5195872362943,dbff89c8c283349f1b212c1a6be0200830f9f8fdf6aff516074f2ab23be80cfe,0.98215559212804,0.0178444078719601,0.6517934388421,0.6517934388421,0.678662337326318,0.839532965725127,2791.0,0.0,0.624,0.0268688984842185,0.0771636766259391,32.0,2fbe223268c6b3c7fd7f92544a5796a48cc43394,2026-08-18 08:07:04,2026-07-25 18:13:19,2026-07-25-DC-NY,empire,breeze,23,15,2026-07-25 14:00:00
adavis4,17.18,41.59,ddemarre,16.57,60.06,0,0,0,"adavis4,aatkins,ddemarre,bjagt,mlabar,srueschem,jwilliams",True,2026-07-25-DC-NY,1,1,1,3,631.0,1,2,True,True,22,home,17,1785003153.0,18,False,"ffarah,khealey,tgesell,cjurek,jlightner,wvandenbr,mwagner",18,33,c090b884d85bbcfe500e2c0fc5143d988fd5cb63e308390ad67a14bfcfeb7789,1785003153.0,False,22,626.25,18.4800703461865,-0.609999999999999,18.47,1.89159319986143,a1f3b2ff8d60d862f97a0fa1afe71da40db34eea7ec1c760be4540339bed6c5f,0.956425906431716,0.0435740935682836,0.6517934388421,0.67802631784389,0.755183085872195,0.75647897003092,2786.25,0.0,0.637,0.0771567680283051,0.22158332620653,33.0,d09d959c3436a7c60caa62ce0833804d228f2ba4,2026-08-18 08:07:04,2026-07-25 18:13:19,2026-07-25-DC-NY,empire,breeze,23,15,2026-07-25 14:00:00
ddemarre,16.57,60.06,bjagt,18.55,74.45,0,0,0,"adavis4,aatkins,ddemarre,bjagt,mlabar,srueschem,jwilliams",True,2026-07-25-DC-NY,1,1,1,3,631.0,1,3,True,True,23,home,18,1785003157.0,18,False,"ffarah,khealey,tgesell,cjurek,jlightner,wvandenbr,mwagner",19,34,553264eb0d914fc7fde97b473413dc765b217e3b7540cb15aaf0155ab32de8fe,1785003157.0,False,23,621.5,14.5255808833933,1.98,14.39,-7.8344496074082,e67f3afa81138c7c91e754837ffd35ba51be085e1f6b3d59cc7b7c96fe28e2d2,0.96989331067639,0.03010668932361,0.6517934388421,0.754802090542438,0.81566220475595,0.690151550345133,2781.5,0.0,0.65,0.0608601142135119,0.174781641136032,34.0,b8c64c307a1e7e3b7d86fac1a75d237f2b1a259b,2026-08-18 08:07:04,2026-07-25 18:13:19,2026-07-25-DC-NY,empire,breeze,23,15,2026-07-25 14:00:00
bjagt,18.55,74.45,jwilliams,14.25,106.36,0,0,0,"adavis4,aatkins,ddemarre,bjagt,mlabar,srueschem,jwilliams",True,2026-07-25-DC-NY,2,1,1,3,631.0,1,4,True,True,24,home,19,1785003165.0,19,False,"ffarah,khealey,tgesell,cjurek,jlightner,wvandenbr,mwagner",20,35,94f1de9e7697f0268e116f7940a7781760d40b1e7bf142689b918d06da30d722,1785003165.0,False,24,616.75,32.1984176629846,-4.3,31.91,7.67460458926774,14c0eac852add675b852b55b34169ecf94e99d878a6d8ae579e70696b674264e,0.818960539429293,0.181039460570707,0.6517934388421,0.815471829330514,1.0,0.62105024086874,2776.75,0.0,0.682,0.184528170669486,0.52993881004387,35.0,bfc400dd02cdf11d8b5daf7313440c77c113c13f,2026-08-18 08:07:04,2026-07-25 18:13:19,2026-07-25-DC-NY,empire,breeze,23,15,2026-07-25 14:00:00
tshapinsk,-9.65,17.98,smott,-15.21,27.32,0,0,0,"amerriman,smott,jnissen,jwodatch1,cboxley,mgrovic,tshapinsk",False,2026-07-25-DC-NY,2,1,1,4,612.0,1,1,True,True,25,away,17,1785003218.0,18,False,"lbarry,ochartock,relston,ofay,cpanarell,adavis2,jrandolph",18,40,419f1ec4a6f7c2c6dee97903ef9f8c4d74fa34b2b0e868f8b6d63c53b8a7e54b,1785003218.0,False,25,612.0,10.8696458083969,-5.56,9.34,30.7648764300184,17e20e3504e0567d3cbbad5d806a2040d47c5566b83ddb2883acf315a22733cd,0.98656470685127,0.01343529314873,0.621734601160376,0.621734601160376,0.63857010596394,0.90033803228902,2772.0,1.0,0.697,0.0168355048035642,0.0445071234514424,40.0,626c9cb5b6151bee82e6f50a428ee4bf80c3ea52,2026-08-18 08:07:04,2026-07-25 18:18:22,2026-07-25-DC-NY,empire,breeze,23,15,2026-07-25 14:00:00
smott,-15.21,27.32,jnissen,-0.73,23.95,0,0,0,"amerriman,smott,jnissen,jwodatch1,cboxley,mgrovic,tshapinsk",False,2026-07-25-DC-NY,2,1,1,4,612.0,1,2,True,True,26,away,18,1785003224.0,18,False,"lbarry,ochartock,relston,ofay,cpanarell,adavis2,jrandolph",19,41,69ad8d0b0ca2569be371c6e376e8132980811f748918555719887c25a41d191b,1785003224.0,False,26,607.888888888889,14.8669869173279,14.48,-3.37,-103.101495611331,cfce4e0a043efa600ebbe186c4d43292b2f2649cd1e41f437c578ffc2f793efc,0.984090038824413,0.0159099611755869,0.621734601160376,0.6385892966776,0.639144134176238,0.916598962472956,2767.88888888889,1.0,0.697,0.000554837498637717,0.00146679421469622,41.0,9b1e17577f54005b79e8257dddb82958c7ecfab5,2026-08-18 08:07:04,2026-07-25 18:18:22,2026-07-25-DC-NY,empire,breeze,23,15,2026-07-25 14:00:00
jnissen,-0.73,23.95,amerriman,-0.86,38.85,0,0,0,"amerriman,smott,jnissen,jwodatch1,cboxley,mgrovic,tshapinsk",False,2026-07-25-DC-NY,2,1,1,4,612.0,1,3,True,True,27,away,19,1785003227.0,18,False,"lbarry,ochartock,relston,ofay,cpanarell,adavis2,jrandolph",20,42,38aba7cf69ed175542bb7611abdb9bae226410ffd20579e879f906d24d27e092,1785003227.0,False,27,603.777777777778,14.9005671033018,-0.13,14.9,0.49988337896626,51232d19cf67311189f46d0958a4126c72fe24c914f52fe0b512745f8ecd90c7,0.976607151072026,0.0233928489279736,0.621734601160376,0.639270165279111,0.684440718239449,0.85917174505584,2763.77777777778,1.0,0.689,0.0451705529603377,0.119414974509707,42.0,8b9a379c858b7f617c7a2403034b79612a3391b8,2026-08-18 08:07:04,2026-07-25 18:18:22,2026-07-25-DC-NY,empire,breeze,23,15,2026-07-25 14:00:00
amerriman,-0.86,38.85,mgrovic,-9.1,51.21,0,0,0,"amerriman,smott,jnissen,jwodatch1,cboxley,mgrovic,tshapinsk",False,2026-07-25-DC-NY,2,1,1,4,612.0,1,4,True,True,28,away,20,1785003231.0,18,False,"lbarry,ochartock,relston,ofay,cpanarell,adavis2,jrandolph",21,43,2d742fa1b356f3c1179d9dc5b6a1c5cb093673214d1095c98ae3999379ee7d06,1785003231.0,False,28,599.666666666667,14.8548712549116,-8.24,12.36,33.6900675259798,ee62a47d52cdd41ea7214f4bc67e1d71f3b76ff03219c475f5089768166691c0,0.973204550130255,0.026795449869745,0.621734601160376,0.684650207616089,0.72885403414723,0.803913932416088,2759.66666666667,1.0,0.68,0.0442038265311415,0.116859291562861,43.0,1da5a1401902ff139d8d7407c134c2265e326309,2026-08-18 08:07:04,2026-07-25 18:18:22,2026-07-25-DC-NY,empire,breeze,23,15,2026-07-25 14:00:00
mgrovic,-9.1,51.21,amerriman,-14.93,51.48,0,0,0,"amerriman,smott,jnissen,jwodatch1,cboxley,mgrovic,tshapinsk",False,2026-07-25-DC-NY,2,1,1,4,612.0,1,5,True,True,29,away,21,1785003234.0,18,False,"lbarry,ochartock,relston,ofay,cpanarell,adavis2,jrandolph",22,44,b3b35c476025d02995eda01d2ff4f14bf2e42bf40e53dc0e8372271bccda09d3,1785003234.0,False,29,595.555555555556,5.83624879524511,-5.83,0.269999999999996,87.3484022866648,1beee638c7c3d366f58f5fb8fdc4d5e94be8412c97f4afb93143861d3ec68384,0.990011837985064,0.00998816201493613,0.621734601160376,0.72912154420902,0.723804377163231,0.796819113481371,2755.55555555556,1.0,0.681,-0.00531716704578888,-0.0140567100826561,44.0,354c450dca8e17fbb1964e32651de4d1857acc8e,2026-08-18 08:07:04,2026-07-25 18:18:22,2026-07-25-DC-NY,empire,breeze,23,15,2026-07-25 14:00:00
amerriman,-14.93,51.48,jwodatch1,-16.24,59.86,0,0,0,"amerriman,smott,jnissen,jwodatch1,cboxley,mgrovic,tshapinsk",False,2026-07-25-DC-NY,2,1,1,4,612.0,1,6,True,True,30,away,22,1785003236.0,18,False,"lbarry,ochartock,relston,ofay,cpanarell,adavis2,jrandolph",23,45,119dfc21cabc4e6cda64f083850203f0532e702090bd206dc78b847b25ba69b2,1785003236.0,False,30,591.444444444444,8.48177457847119,-1.31,8.38,8.88483051518929,5203533e258f7cc25b20301dd6ed3382137c24eff05a521fd80724c7619ee20e,0.983705642242548,0.0162943577574516,0.621734601160376,0.724143749470991,0.757011914759783,0.75654359181906,2751.44444444444,1.0,0.674,0.0328681652887917,0.0868918103258158,45.0,6b33deddd09b2750a75b4ae9ca151079af737cf2,2026-08-18 08:07:04,2026-07-25 18:18:22,2026-07-25-DC-NY,empire,breeze,23,15,2026-07-25 14:00:00
jwodatch1,-16.24,59.86,amerriman,-17.47,71.87,0,0,0,"amerriman,smott,jnissen,jwodatch1,cboxley,mgrovic,tshapinsk",False,2026-07-25-DC-NY,2,1,1,4,612.0,1,7,True,True,31,away,23,1785003239.0,18,False,"lbarry,ochartock,relston,ofay,cpanarell,adavis2,jrandolph",24,46,0555f0297a1816bc5d35da0742fb31ae121451c7cd713fd0cb3ce1e849f1e875,1785003239.0,False,31,587.333333333333,12.0728207143153,-1.23,12.01,5.84753984826585,46532fb89d1b52c13e5ccf35037a6869007ebd9a2cbbde903ef4cc6d7d7ed2d9,0.975133867476939,0.0248661325230614,0.621734601160376,0.757380124603771,0.809068912569378,0.702543940727612,2747.33333333333,1.0,0.662,0.0516887879656064,0.136646883706964,46.0,92dcc6b1334a589c9f14cca11d79f2deb676c11e,2026-08-18 08:07:04,2026-07-25 18:18:22,2026-07-25-DC-NY,empire,breeze,23,15,2026-07-25 14:00:00
amerriman,-17.47,71.87,jnissen,-19.05,85.88,0,0,0,"amerriman,smott,jnissen,jwodatch1,cboxley,mgrovic,tshapinsk",False,2026-07-25-DC-NY,2,1,1,4,612.0,1,8,True,True,32,away,24,1785003242.0,18,False,"lbarry,ochartock,relston,ofay,cpanarell,adavis2,jrandolph",25,47,982acea986743044db994bd7f422c46463015b8fead63103a7bc718550e5907b,1785003242.0,False,32,583.222222222222,14.0988120066905,-1.58,14.01,6.43443552163227,7e43f06f8e06edfeeca85f5e370da51c390c49b91a8218ac5af980497149481a,0.967159239641067,0.0328407603589332,0.621734601160376,0.809418954649625,0.868937155512577,0.645897368668195,2743.22222222222,1.0,0.646,0.059518200862952,0.157345083757413,47.0,b108ba16fdd974311312b77a17ca688aed97e69a,2026-08-18 08:07:04,2026-07-25 18:18:22,2026-07-25-DC-NY,empire,breeze,23,15,2026-07-25 14:00:00
jnissen,-19.05,85.88,tshapinsk,-18.16,110.25,0,0,0,"amerriman,smott,jnissen,jwodatch1,cboxley,mgrovic,tshapinsk",False,2026-07-25-DC-NY,2,2,1,4,612.0,1,9,True,True,33,away,25,1785003253.0,19,False,"lbarry,ochartock,relston,ofay,cpanarell,adavis2,jrandolph",26,49,754d74bc7e1608579dda55fbc15ffc58b602fd6f11dff25c351deaea8f9e9588,1785003253.0,False,33,579.111111111111,24.3862461235837,0.890000000000001,24.37,-2.0915302187454,2f659a7be5d4e608ba7e75bc0b9c91f2f9e1ea42c8bf7bc8f63224e0dcb9ae4d,0.898911673907122,0.101088326092878,0.621734601160376,0.86922077465304,1.0,0.609506639721168,2739.11111111111,1.0,0.621,0.13077922534696,0.345734042151732,49.0,2b8f7eeda1af4e6aff56ef2d4586910206d1164d,2026-08-18 08:07:04,2026-07-25 18:18:22,2026-07-25-DC-NY,empire,breeze,23,15,2026-07-25 14:00:00
aatkins,3.34,29.59,ddemarre,-7.71,93.68,0,0,0,"adavis4,aatkins,jcowan,ddemarre,mlabar,srueschem,jwilliams",True,2026-07-25-DC-NY,2,2,1,5,575.0,1,1,True,True,34,home,24,1785003313.0,18,False,"ilee,cjurek,wvandenbr,mlee2,tgesell,ffarah,lblumenfe",25,53,0580f9a8aa648ff2103341da186cef6680a4c91dcfb5d4eb66b7ba6623a08af8,1785003313.0,False,34,575.0,65.0356102454648,-11.05,64.09,9.7824070318073,c55e21c929a468f63782455bfa399fde8626775e995e00529281938873e1727a,0.589242388896024,0.410757611103976,0.65795495874168,0.65795495874168,0.909097861885121,0.647552421905971,2735.0,0.0,0.67,0.251142903143442,0.734239275095272,53.0,52748427190ceba4039f9b66bb7e38c4be2260b7,2026-08-18 08:07:04,2026-07-25 18:18:22,2026-07-25-DC-NY,empire,breeze,23,15,2026-07-25 14:00:00
ddemarre,-7.71,93.68,jcowan,8.45,110.93,0,0,0,"adavis4,aatkins,jcowan,ddemarre,mlabar,srueschem,jwilliams",True,2026-07-25-DC-NY,3,2,1,5,575.0,1,2,True,True,35,home,25,1785003324.0,19,False,"ilee,cjurek,wvandenbr,mlee2,tgesell,ffarah,lblumenfe",26,54,8ea6c5387cd76a6cae1476190c07b2980a90434ad7229a0f6d3e43a22d02c380,1785003324.0,False,35,562.0,23.6370070017335,16.16,17.25,-43.1313901243989,409c4267148ac2b70a13dfd25b56b5c4bc0dc5a9d8de9377955aeb504ce29a1c,0.897071151854321,0.102928848145679,0.65795495874168,0.909858480386071,1.0,0.632840979298809,2722.0,0.0,0.682,0.0901415196139295,0.26353698706555,54.0,b84cd92e632492a5feeb139521a67d4f2935f425,2026-08-18 08:07:04,2026-07-25 18:18:22,2026-07-25-DC-NY,empire,breeze,23,15,2026-07-25 14:00:00
gnorrbom,-6.77,20.8,aroy,-5.53,26.22,0,0,0,"smott,cboxley,gnorrbom,jwodatch1,mgrovic,aroy,tshapinsk",False,2026-07-25-DC-NY,3,2,1,6,549.0,1,1,True,True,36,away,30,1785003374.0,18,False,"aagami,adavis2,mbrownlee,sjonas,jrandolph,dschnaudi,nwhitlock",31,59,005ca62fd3f16c91b46cf7e352338e7dee42312a179a899768eae1c1885d94bb,1785003374.0,False,36,549.0,5.56003597110666,1.24,5.42,-12.8864825292039,5fc29218881d3d75d202d7f37afbbf7550eca352d5d440dd9fc72af5dd33b653,0.991810159365471,0.00818984063452866,0.637643931814851,0.637643931814851,0.652205106325296,0.911190202222879,2709.0,1.0,0.691,0.0145611745104445,0.0401847127422862,59.0,55190679917650ef86ba9ade0afbedbb6585babd,2026-08-18 08:07:04,2026-07-25 18:18:22,2026-07-25-DC-NY,empire,breeze,23,15,2026-07-25 14:00:00
aroy,-5.53,26.22,mgrovic,18.97,38.3,0,0,0,"smott,cboxley,gnorrbom,jwodatch1,mgrovic,aroy,tshapinsk",False,2026-07-25-DC-NY,3,2,1,6,549.0,1,2,True,True,37,away,31,1785003379.0,18,False,"aagami,adavis2,mbrownlee,sjonas,jrandolph,dschnaudi,nwhitlock",32,60,3b8cd0beeaa70cbfe15a95576b19a30777cbd44a95cfb4d427d1e1db706e06f3,1785003379.0,False,37,543.388888888889,27.3162296080554,24.5,12.08,-63.7538807782689,b482924c7187f2d6c082a20f824627452e391552206543ac8dffd63011fae57c,0.957579859895314,0.0424201401046859,0.637643931814851,0.653071670898992,0.666565358069457,0.854223476251141,2703.38888888889,1.0,0.688,0.0134936871704654,0.0372387503762479,60.0,0f454c612b99cbed18da41126aa4b08d24da52d2,2026-08-18 08:07:04,2026-07-25 18:18:22,2026-07-25-DC-NY,empire,breeze,23,15,2026-07-25 14:00:00
mgrovic,18.97,38.3,aroy,-0.79,35.76,0,0,0,"smott,cboxley,gnorrbom,jwodatch1,mgrovic,aroy,tshapinsk",False,2026-07-25-DC-NY,3,2,1,6,549.0,1,3,True,True,38,away,32,1785003381.0,18,False,"aagami,adavis2,mbrownlee,sjonas,jrandolph,dschnaudi,nwhitlock",33,61,149de2a5d21a1133624849d4c8bc4f178e8708dcb8e2508cbad54b598c735925,1785003381.0,False,38,537.777777777778,19.9225801541869,-19.76,-2.54,97.3247766933261,fdf32d353d8eda459af96187bf9031248370ab957a85070d78ba09e2532b9b18,0.971003274504048,0.028996725495952,0.637643931814851,0.667349016119083,0.682784683638709,0.876401170947603,2697.77777777778,1.0,0.685,0.0154356675196257,0.0425980654799982,61.0,026271b325c50601eb3e0076eb16f488f8182442,2026-08-18 08:07:04,2026-07-25 18:18:22,2026-07-25-DC-NY,empire,breeze,23,15,2026-07-25 14:00:00
aroy,-0.79,35.76,gnorrbom,-16.79,49.7,0,0,0,"smott,cboxley,gnorrbom,jwodatch1,mgrovic,aroy,tshapinsk",False,2026-07-25-DC-NY,3,2,1,6,549.0,1,4,True,True,39,away,33,1785003384.0,18,False,"aagami,adavis2,mbrownlee,sjonas,jrandolph,dschnaudi,nwhitlock",34,62,aad3fee6839fac56dcd8e4313dd2020d452ca1f3b26424b95a24b7d5efd19ab2,1785003384.0,False,39,532.166666666667,21.2208293900121,-16.0,13.94,48.9359913723662,f050c328a1d046a9809dff81fce6fe38b02e7861afd9cf4f1f6a75187b3eaac1,0.963822927405325,0.0361770725946748,0.637643931814851,0.68347571159851,0.720598314511103,0.807452316630287,2692.16666666667,1.0,0.678,0.0371226029125925,0.102447857706703,62.0,edb7397a7613189b88c814b6fd924c7ae1dbd9e2,2026-08-18 08:07:04,2026-07-25 18:18:22,2026-07-25-DC-NY,empire,breeze,23,15,2026-07-25 14:00:00
gnorrbom,-16.79,49.7,cboxley,-17.89,61.3,0,0,0,"smott,cboxley,gnorrbom,jwodatch1,mgrovic,aroy,tshapinsk",False,2026-07-25-DC-NY,3,2,1,6,549.0,1,5,True,True,40,away,34,1785003389.0,18,False,"aagami,adavis2,mbrownlee,sjonas,jrandolph,dschnaudi,nwhitlock",35,63,a3417921e41f8c430be432e8f6f6e763d43cc05dac58a28e2a21340506f19701,1785003389.0,False,40,526.555555555556,11.6520384482716,-1.1,11.6,5.41702211385662,52f285684849c48adb3e9ce2615944564c071bbf73bec016382c96e8fb79eb6a,0.978724837740714,0.0212751622592865,0.637643931814851,0.721175436880219,0.76677829085777,0.75316549410417,2686.55555555556,1.0,0.668,0.0456028539775507,0.125850946020999,63.0,c917ffaae1c3f2d9d4a1c9d37fabab94e37a6691,2026-08-18 08:07:04,2026-07-25 18:18:22,2026-07-25-DC-NY,empire,breeze,23,15,2026-07-25 14:00:00
cboxley,-17.89,71.3,aroy,-3.54,63.5,0,0,0,"smott,cboxley,gnorrbom,jwodatch1,mgrovic,aroy,tshapinsk",False,2026-07-25-DC-NY,3,2,1,6,549.0,1,6,True,True,41,away,36,1785003405.0,18,False,"aagami,adavis2,mbrownlee,sjonas,jrandolph,dschnaudi,nwhitlock",37,65,b006e77fb27de8ead4fee24bad3541f18ff03cd36c4c77f2e44377ece0c2b44f,1785003405.0,False,41,520.944444444444,16.3328656395625,14.35,-7.8,-118.526468844848,864da894ce69182d769766336b57f8fe01e687374b70f3f3b6ae4a0a7f944929,0.970153232564586,0.0298467674354143,0.637643931814851,0.811953039808078,0.789778317880431,0.760561308158744,2680.94444444444,1.0,0.662,-0.0221747219276465,-0.0611959447476843,65.0,d534e1f5db75f818426c03a180854ff00774f828,2026-08-18 08:07:04,2026-07-25 18:18:22,2026-07-25-DC-NY,empire,breeze,23,15,2026-07-25 14:00:00
aroy,-3.54,63.5,mgrovic,9.5,61.51,0,0,0,"smott,cboxley,gnorrbom,jwodatch1,mgrovic,aroy,tshapinsk",False,2026-07-25-DC-NY,3,2,1,6,549.0,1,7,True,True,42,away,37,1785003410.0,18,False,"aagami,adavis2,mbrownlee,sjonas,jrandolph,dschnaudi,nwhitlock",38,66,96aff8c690a4e5d1fc9cf2b3418fe280eb0e4c1cffcb6c1d0fa9a8a546d10d82,1785003410.0,False,42,515.333333333333,13.1909703964492,13.04,-1.99,-98.6768129379325,ac6db0a9e1ec7de564212e8eea9a302a19a066130545598a0938b49cb75e13aa,0.979443999611685,0.0205560003883147,0.637643931814851,0.790153420911223,0.780178480784492,0.767720390379473,2675.33333333333,1.0,0.664,-0.00997494012673128,-0.0275280062969292,66.0,be442a69682b421650e2394eaad21d35f7d01fc6,2026-08-18 08:07:04,2026-07-25 18:18:22,2026-07-25-DC-NY,empire,breeze,23,15,2026-07-25 14:00:00
mgrovic,9.5,61.51,aroy,-1.0,55.33,0,0,0,"smott,cboxley,gnorrbom,jwodatch1,mgrovic,aroy,tshapinsk",False,2026-07-25-DC-NY,3,2,1,6,549.0,1,8,True,True,43,away,38,1785003415.0,18,False,"aagami,adavis2,mbrownlee,sjonas,jrandolph,dschnaudi,nwhitlock",39,67,6403bb2d8ee7c5c193a25153ff1b47c1840ce71f1bab413347fa54bc66290c9d,1785003415.0,False,43,509.722222222222,12.1836940211087,-10.5,-6.18,120.479850981463,f3f2182b156b30fec462c70d6d36b64aa80ba3738ea603e7c486ecc39fd8a3b0,0.98354584946874,0.0164541505312595,0.637643931814851,0.780517401231074,0.756736991204204,0.795635011380135,2669.72222222222,1.0,0.669,-0.0237804100268706,-0.0656271885992532,67.0,5e035794684547692f85e7ecee4143793a7b6805,2026-08-18 08:07:04,2026-07-25 18:18:22,2026-07-25-DC-NY,empire,breeze,23,15,2026-07-25 14:00:00
aroy,-1.0,55.33,mgrovic,-12.19,59.31,0,0,0,"smott,cboxley,gnorrbom,jwodatch1,mgrovic,aroy,tshapinsk",False,2026-07-25-DC-NY,3,2,1,6,549.0,1,9,True,True,44,away,39,1785003418.0,18,False,"aagami,adavis2,mbrownlee,sjonas,jrandolph,dschnaudi,nwhitlock",40,68,10e7d4d18543b8301a18230a725652f02f122722a70c652600bebb1ead67dceb,1785003418.0,False,44,504.111111111111,11.8767209279329,-11.19,3.98,70.4208135826005,9a11b320112bcc806717255c07bcd7f2f8b8b7019adbe7269a41b36e09992027,0.980587453259045,0.0194125467409554,0.637643931814851,0.7570511644084,0.769863033033628,0.775091475598182,2664.11111111111,1.0,0.666,0.012811868625228,0.035357124525045,68.0,5ec2dbf6684d0a2c935a0dc1017c223e981c7a3f,2026-08-18 08:07:04,2026-07-25 18:18:22,2026-07-25-DC-NY,empire,breeze,23,15,2026-07-25 14:00:00
mgrovic,-12.19,59.31,,-9.1,108.74,1,0,0,"smott,cboxley,gnorrbom,jwodatch1,mgrovic,aroy,tshapinsk",False,2026-07-25-DC-NY,3,2,1,6,549.0,1,10,True,True,45,away,40,1785003425.0,22,False,"aagami,adavis2,mbrownlee,sjonas,jrandolph,dschnaudi,nwhitlock",41,70,c612787bca3ab26dbc3d4800de5ed03caa1578a184536714f59562e9c775247d,1785003425.0,False,45,498.5,49.5264878625569,3.09,49.43,-3.57705601157694,e9362169bb9f9241cd9e957ef2d8a1016f33b2f54a40bb369e3ff7654902a7ec,0.664591548629312,-0.664591548629312,0.637643931814851,0.770120023234028,0.954209595923498,0.639859157726738,2658.5,1.0,0.766,-0.639859157726738,-0.639859157726738,70.0,d30d130848cb204c95635f60c8a2a0da1e4ba28b,2026-08-18 08:07:04,2026-07-25 18:18:22,2026-07-25-DC-NY,empire,breeze,23,15,2026-07-25 14:00:00
nwhitlock,-2.32,19.97,mbrownlee,-9.83,35.04,0,0,0,"aagami,adavis2,mbrownlee,sjonas,jrandolph,dschnaudi,nwhitlock",True,2026-07-25-DC-NY,3,2,1,6,549.0,2,1,False,False,46,home,29,1785003432.0,18,False,"smott,cboxley,gnorrbom,jwodatch1,mgrovic,aroy,tshapinsk",30,71,252cc9ff44d0f812bf1e562821d9e824ab993c777fc8c9da0ff98d6c4d068924,1785003432.0,False,46,492.888888888889,16.8376067182958,-7.51,15.07,26.4889612091762,11735f760fe6f2cbb3b2417e37c2e44c4ab34497081313ac22e9d8162bd64920,0.972338883932136,0.0276611160678637,0.642006955860244,0.642006955860244,0.682084723063585,0.879877354194332,2652.88888888889,1.0,0.771,0.0400777672033411,0.111951245588155,71.0,f02184818e9e369a9c69c5fd9b6d1d836f662f18,2026-08-18 08:07:04,2026-07-25 18:18:22,2026-07-25-DC-NY,empire,breeze,23,15,2026-07-25 14:00:00
mbrownlee,-9.83,35.04,jrandolph,-2.39,95.31,0,0,0,"aagami,adavis2,mbrownlee,sjonas,jrandolph,dschnaudi,nwhitlock",True,2026-07-25-DC-NY,3,2,1,6,549.0,2,2,False,False,47,home,30,1785003438.0,18,False,"smott,cboxley,gnorrbom,jwodatch1,mgrovic,aroy,tshapinsk",31,72,5a4ddd05db9491721e6776893a86fba30d1e645cf36ebddc9dfe2a6fafb5bf9d,1785003438.0,False,47,487.277777777778,60.7274773064055,7.44,60.27,-7.03724714746747,e2dfb8678919ca7544631e56249f08a4f67bee835abaafb86d6cf2f895b632cb,0.603347125505817,0.396652874494183,0.642006955860244,0.68229697870071,0.918495335646238,0.654350214459728,2647.27777777778,1.0,0.809,0.236198356945527,0.659784766246235,72.0,4757959eda9e966dff9eaf7084e1a8b236b4936b,2026-08-18 08:07:04,2026-07-25 18:18:22,2026-07-25-DC-NY,empire,breeze,23,15,2026-07-25 14:00:00
jrandolph,-2.39,95.31,dschnaudi,-11.74,92.86,0,0,0,"aagami,adavis2,mbrownlee,sjonas,jrandolph,dschnaudi,nwhitlock",True,2026-07-25-DC-NY,3,2,1,6,549.0,2,3,False,False,48,home,31,1785003442.0,18,False,"smott,cboxley,gnorrbom,jwodatch1,mgrovic,aroy,tshapinsk",32,73,9a1319c6af295379e0d6ec3f12ac0b213929cee6d75336d8d291b60eecd3e225,1785003442.0,False,48,481.666666666667,9.66566086721441,-9.35,-2.45,104.683219752396,0fc90ddd254ab70ae5ddfcba17d14ec5f6f8430df6f8af3347d060658a44457d,0.973508933698627,0.0264910663013732,0.642006955860244,0.918552459475851,0.908913550875482,0.65666782720343,2641.66666666667,1.0,0.807,-0.00963890860036887,-0.026924848843169,73.0,6a5ba13caa1664ead3f1504deb5da6904a9c461f,2026-08-18 08:07:04,2026-07-25 18:18:22,2026-07-25-DC-NY,empire,breeze,23,15,2026-07-25 14:00:00
dschnaudi,-11.74,92.86,sjonas,-3.21,85.97,0,0,0,"aagami,adavis2,mbrownlee,sjonas,jrandolph,dschnaudi,nwhitlock",True,2026-07-25-DC-NY,3,2,1,6,549.0,2,4,False,False,49,home,32,1785003449.0,18,False,"smott,cboxley,gnorrbom,jwodatch1,mgrovic,aroy,tshapinsk",33,74,b91c6b4292004f0130d608d245246baaba97534e24237ec3150fc43af63eba35,1785003449.0,False,49,476.055555555556,10.9650809390538,8.53,-6.89,-128.929107043539,bdab9ac4d10cd1bba1f91a5eb723baa0e673c4149fcbd4e7ddffee175ba5a62f,0.973041682696078,0.0269583173039215,0.642006955860244,0.908959997007237,0.885129952976139,0.681423194160504,2636.05555555556,1.0,0.802,-0.0238300440310973,-0.0665656621579339,74.0,8dcc2383dd11f4ca5865324b16e4a21375b68335,2026-08-18 08:07:04,2026-07-25 18:18:22,2026-07-25-DC-NY,empire,breeze,23,15,2026-07-25 14:00:00
sjonas,-3.21,85.97,jrandolph,3.0,79.9,0,0,0,"aagami,adavis2,mbrownlee,sjonas,jrandolph,dschnaudi,nwhitlock",True,2026-07-25-DC-NY,3,2,1,6,549.0,2,5,False,False,50,home,33,1785003452.0,18,False,"smott,cboxley,gnorrbom,jwodatch1,mgrovic,aroy,tshapinsk",34,75,68732cdb0f9c963c988aaed95d3b20c9c067473de9197a658e761aa92528495e,1785003452.0,False,50,470.444444444444,8.68383555809297,6.21,-6.06999999999999,-134.346819085361,10a40b8923472f76f9158425bf6350099398f934a3aaf6326cf77fe3ed373f91,0.982266057918905,0.0177339420810951,0.642006955860244,0.885167824370356,0.861037358818623,0.701163421334072,2630.44444444444,1.0,0.797,-0.0241304655517328,-0.0674048447218225,75.0,e039d3e657c946c059d179779b50bb1001372b37,2026-08-18 08:07:04,2026-07-25 18:18:22,2026-07-25-DC-NY,empire,breeze,23,15,2026-07-25 14:00:00
jrandolph,3.0,79.9,aagami,-5.05,85.9,0,0,0,"aagami,adavis2,mbrownlee,sjonas,jrandolph,dschnaudi,nwhitlock",True,2026-07-25-DC-NY,3,2,1,6,549.0,2,6,False,False,51,home,34,1785003461.0,18,False,"smott,cboxley,gnorrbom,jwodatch1,mgrovic,aroy,tshapinsk",35,76,391b8e38d0ca2d857aafd966c74278983a6e9f16e77f4415c2df086959058840,1785003461.0,False,51,464.833333333333,10.0400448206171,-8.05,6.0,53.301304373061,754c21c98a3b48403be70c89f6bec6b95284f64d0dea37477835605001726228,0.976409095698343,0.023590904301657,0.642006955860244,0.86106098389582,0.884791736089126,0.681478989562088,2624.83333333333,1.0,0.802,0.0237307521933059,0.0662883052667405,76.0,e74b7b3177eb026578a0ff30042d734d15c0d472,2026-08-18 08:07:04,2026-07-25 18:18:22,2026-07-25-DC-NY,empire,breeze,23,15,2026-07-25 14:00:00
aagami,-5.05,85.9,sjonas,-11.8,96.81,0,0,0,"aagami,adavis2,mbrownlee,sjonas,jrandolph,dschnaudi,nwhitlock",True,2026-07-25-DC-NY,3,2,1,6,549.0,2,7,False,False,52,home,35,1785003463.0,18,False,"smott,cboxley,gnorrbom,jwodatch1,mgrovic,aroy,tshapinsk",36,77,7ec6f219f8820cf558fe0aa9bce6d020d61e63c4defba8dae90c92e00bbf2046,1785003463.0,False,52,459.222222222222,12.8292868079251,-6.75,10.91,31.7450141936822,70af31bdca622a4c30d74eb9d5e14a6de3be0047f5e8f1dde83dafb254b88c53,0.962565368397608,0.0374346316023917,0.642006955860244,0.884795399874721,0.922244365855492,0.646189022866991,2619.22222222222,1.0,0.808,0.0374489659807707,0.104608082737359,77.0,9b424cbbd404a9ce4c5cf7a6b00140dd27cfef68,2026-08-18 08:07:04,2026-07-25 18:18:22,2026-07-25-DC-NY,empire,breeze,23,15,2026-07-25 14:00:00
sjonas,-11.8,96.81,aagami,-0.62,106.49,0,0,0,"aagami,adavis2,mbrownlee,sjonas,jrandolph,dschnaudi,nwhitlock",True,2026-07-25-DC-NY,4,2,1,6,549.0,2,8,False,False,53,home,36,1785003485.0,19,False,"smott,cboxley,gnorrbom,jwodatch1,mgrovic,aroy,tshapinsk",37,79,43fa0e634e38acc52b197c01821a2a2fd4df99db764f100f209a753492de311d,1785003485.0,False,53,453.611111111111,14.7883332394155,11.18,9.67999999999999,-49.112943238119,6a574f48f05fa11b01b3450083c4a3ccc25e028b925355a013145c07a4abb1a5,0.946717056436507,0.0532829435634933,0.642006955860244,0.922236331849592,1.0,0.642844582528058,2613.61111111111,1.0,0.814,0.0777636681504082,0.217221170699759,79.0,008eccbf0c0b4c1ff6b67a853b807fff481d6159,2026-08-18 08:07:04,2026-07-25 18:18:22,2026-07-25-DC-NY,empire,breeze,23,15,2026-07-25 14:00:00
smott,2.71,16.95,aroy,5.59,29.38,0,0,0,"amerriman,jnissen,tshapinsk,smott,aroy,jwodatch1,cboxley",False,2026-07-25-DC-NY,4,2,1,7,448.0,1,1,True,True,54,away,43,1785003528.0,18,False,"nwhitlock,mbrownlee,ochartock,lbarry,relston,cpanarell,ofay",44,83,6b89139ac49681a93689383f2b760a749f2ff3a5e1f948741298cd35d0b9374f,1785003528.0,False,54,448.0,12.7592828952101,2.88,12.43,-13.0451035727578,7b50a774c892146db263bcc60819fb7b15a6bd77e0bd2e303f3abd2458175404,0.983008560312747,0.016991439687253,0.635342783438182,0.635342783438182,0.667192991843588,0.902314133229022,2608.0,2.0,0.824,0.031850208405406,0.0873428714936913,83.0,af44e930b70509c41ca4b120a691539701b0c55d,2026-08-18 08:07:04,2026-07-25 18:23:25,2026-07-25-DC-NY,empire,breeze,23,15,2026-07-25 14:00:00
aroy,5.59,39.38,smott,-4.23,36.31,0,0,0,"amerriman,jnissen,tshapinsk,smott,aroy,jwodatch1,cboxley",False,2026-07-25-DC-NY,4,2,1,7,448.0,1,2,True,True,55,away,45,1785003545.0,18,False,"nwhitlock,mbrownlee,ochartock,lbarry,relston,cpanarell,ofay",46,85,a2a7f10a535a643cc1a72260ab5ce40e78155c34dcd2a28ad1f746dce27cd74c,1785003545.0,False,55,442.75,10.2886976824086,-9.82,-3.06999999999999,107.360668780664,a7aaf5cd405874ee6870221f8a6dcf0be0f65a9241abf94229ca4d1294ecebd9,0.988702476858311,0.0112975231416894,0.635342783438182,0.698270953414553,0.68841079579407,0.87617247903265,2602.75,2.0,0.822,-0.00986015762048242,-0.027039524168613,85.0,2e70a1e239398e1e1984a738fd4e2be8dbfff9dd,2026-08-18 08:07:04,2026-07-25 18:23:25,2026-07-25-DC-NY,empire,breeze,23,15,2026-07-25 14:00:00
smott,-4.23,36.31,jwodatch1,2.09,44.82,0,0,0,"amerriman,jnissen,tshapinsk,smott,aroy,jwodatch1,cboxley",False,2026-07-25-DC-NY,4,2,1,7,448.0,1,3,True,True,56,away,46,1785003548.0,18,False,"nwhitlock,mbrownlee,ochartock,lbarry,relston,cpanarell,ofay",47,86,36d6055c909ade4fabbff659c69749386026fbc2b1eb1906804a3796e5135ded,1785003548.0,False,56,437.5,10.6001179238724,6.32,8.51,-36.5996365393499,2f1483e89029158346be71387e6beb39db45e3392e56db3da255b1f2c8894459,0.984065159885882,0.0159348401141183,0.635342783438182,0.688317470962377,0.717605015132763,0.841302411938825,2597.5,2.0,0.818,0.0292875441703861,0.0803152737426252,86.0,3556f71d9712fa02497ca6831f8b89837e0fb1e4,2026-08-18 08:07:04,2026-07-25 18:23:25,2026-07-25-DC-NY,empire,breeze,23,15,2026-07-25 14:00:00
jwodatch1,2.09,44.82,amerriman,-2.99,55.33,0,0,0,"amerriman,jnissen,tshapinsk,smott,aroy,jwodatch1,cboxley",False,2026-07-25-DC-NY,4,2,1,7,448.0,1,4,True,True,57,away,47,1785003551.0,18,False,"nwhitlock,mbrownlee,ochartock,lbarry,relston,cpanarell,ofay",48,87,51c1971d246af0579afeee5773fe27f6bccf56f384df68f861e0e28065333edf,1785003551.0,False,57,432.25,11.6733242908779,-5.08,10.51,25.7967630198433,b8386bb70ed8ee73e75452d51db997dde22c6c6673eda26e54b585c6d69e3c26,0.980096936153083,0.0199030638469168,0.635342783438182,0.717499895635977,0.757638434129734,0.796448222015487,2592.25,2.0,0.812,0.040138538493757,0.110071970800975,87.0,fd9b3bbdaf86ed7ac87dc4f9610418a97f569659,2026-08-18 08:07:04,2026-07-25 18:23:25,2026-07-25-DC-NY,empire,breeze,23,15,2026-07-25 14:00:00
amerriman,-2.99,55.33,aroy,-14.8,69.67,0,0,0,"amerriman,jnissen,tshapinsk,smott,aroy,jwodatch1,cboxley",False,2026-07-25-DC-NY,4,2,1,7,448.0,1,5,True,True,58,away,48,1785003554.0,18,False,"nwhitlock,mbrownlee,ochartock,lbarry,relston,cpanarell,ofay",49,88,dc5f6b51255096775a7ade229b7c69095818edc385c6c3b95933b9b899516574,1785003554.0,False,58,427.0,18.5771822405875,-11.81,14.34,39.4738603122542,35978e8b57c31ab90342479f2fda02f528716dfedd469171506b71c76457c07c,0.959416768357158,0.0405832316428416,0.635342783438182,0.757529859433369,0.811896733664381,0.729053301008224,2587.0,2.0,0.803,0.0543668742310118,0.149090355988596,88.0,030d6626101d41d6bac24cc0f8c37890eb083cc6,2026-08-18 08:07:04,2026-07-25 18:23:25,2026-07-25-DC-NY,empire,breeze,23,15,2026-07-25 14:00:00
aroy,-14.8,69.67,tshapinsk,-7.18,78.19,0,0,0,"amerriman,jnissen,tshapinsk,smott,aroy,jwodatch1,cboxley",False,2026-07-25-DC-NY,4,2,1,7,448.0,1,6,True,True,59,away,49,1785003556.0,18,False,"nwhitlock,mbrownlee,ochartock,lbarry,relston,cpanarell,ofay",50,89,448ad5541458b22ade922ae8327ff56bd1822b34fd319ed6e49892e668a779f7,1785003556.0,False,59,421.75,11.4304330626621,7.62,8.52,-41.8083733434457,269674b08f737e9cb66f6e9857129247e50d18649b6b47c0cb6db5789e43c2d5,0.970814786731493,0.0291852132685071,0.635342783438182,0.811797042019527,0.853189508218087,0.705685537595105,2581.75,2.0,0.796,0.0413924661985599,0.113510618516836,89.0,1088b9657a7e6a0b871f3b4323ec8adc83d7aee7,2026-08-18 08:07:04,2026-07-25 18:23:25,2026-07-25-DC-NY,empire,breeze,23,15,2026-07-25 14:00:00
tshapinsk,-7.18,78.19,smott,-5.74,70.77,0,0,0,"amerriman,jnissen,tshapinsk,smott,aroy,jwodatch1,cboxley",False,2026-07-25-DC-NY,4,2,1,7,448.0,1,7,True,True,60,away,50,1785003565.0,18,False,"nwhitlock,mbrownlee,ochartock,lbarry,relston,cpanarell,ofay",51,90,6ba49e472082cf3adcf4113a012985a4c9e4d9b9bcd36b657aa78f3df6482207,1785003565.0,False,60,416.5,7.55843899227876,1.44,-7.42,-169.017128620483,ef81e9bcd6b08302af179292e806275425519d2f1f5b1e642a97aa725a47db5b,0.985775891674926,0.0142241083250737,0.635342783438182,0.853101433149136,0.821868583477955,0.732979758593997,2576.5,2.0,0.801,-0.0312328496711816,-0.0856498877649029,90.0,c927fd35e812c9483fa254b07f9be05292134fbc,2026-08-18 08:07:04,2026-07-25 18:23:25,2026-07-25-DC-NY,empire,breeze,23,15,2026-07-25 14:00:00
smott,-5.74,70.77,cboxley,8.68,75.24,0,0,0,"amerriman,jnissen,tshapinsk,smott,aroy,jwodatch1,cboxley",False,2026-07-25-DC-NY,4,2,1,7,448.0,1,8,True,True,61,away,51,1785003569.0,18,False,"nwhitlock,mbrownlee,ochartock,lbarry,relston,cpanarell,ofay",52,91,bafcc54368b9b3f24c02e5884d9db6728979adf47306a4056cdc1d1f3466bd9e,1785003569.0,False,61,411.25,15.0969301515242,14.42,4.47,-72.7772888103491,db7cddf5a66ee965aa35fcee3705fa239484fcb7365360b9e66eb182a1fb5e4b,0.968362437439446,0.0316375625605544,0.635342783438182,0.821759895578767,0.840141718535509,0.715376493189822,2571.25,2.0,0.798,0.0183818229567421,0.0504084990557864,91.0,027bebe08ae2fc631b2aadf330ace67aa10d5916,2026-08-18 08:07:04,2026-07-25 18:23:25,2026-07-25-DC-NY,empire,breeze,23,15,2026-07-25 14:00:00
cboxley,8.68,75.24,jnissen,5.8,83.2,0,0,0,"amerriman,jnissen,tshapinsk,smott,aroy,jwodatch1,cboxley",False,2026-07-25-DC-NY,4,2,1,7,448.0,1,9,True,True,62,away,52,1785003573.0,18,False,"nwhitlock,mbrownlee,ochartock,lbarry,relston,cpanarell,ofay",53,92,44224e964d097f6ebef347b4450f0a7c424c0da97b61be52db78e6a3d056146e,1785003573.0,False,62,406.0,8.46498670997186,-2.88,7.96000000000001,19.8905821299604,6e02a2bd94308a17c486794294369e575e71ee0b39aca10122515412b14e29d5,0.978515150794069,0.0214848492059314,0.635342783438182,0.840038227816707,0.873588186298978,0.688774203505297,2566.0,2.0,0.791,0.0335499584822709,0.092004098530115,92.0,6320ec351cc9312d98f7e94fca3110fbec8bef34,2026-08-18 08:07:04,2026-07-25 18:23:25,2026-07-25-DC-NY,empire,breeze,23,15,2026-07-25 14:00:00
jnissen,5.8,83.2,tshapinsk,10.46,92.88,0,0,0,"amerriman,jnissen,tshapinsk,smott,aroy,jwodatch1,cboxley",False,2026-07-25-DC-NY,4,2,1,7,448.0,1,10,True,True,63,away,53,1785003577.0,18,False,"nwhitlock,mbrownlee,ochartock,lbarry,relston,cpanarell,ofay",54,93,0034d4c1440e332d18c8f63406a55a52cdb7c768a49770ffefb9c38af8d73c97,1785003577.0,False,63,400.75,10.7432769674806,4.66,9.67999999999999,-25.7063943735031,867407cc097830908e8e2d4447e60abad758aa045499fba0900dcb785fb24ff8,0.970275025793056,0.0297249742069441,0.635342783438182,0.873501204168738,0.908891383707473,0.657436604768951,2560.75,2.0,0.784,0.035390179538735,0.0970505393322871,93.0,a4a112e3924788ee6a23add516a9414fdcc68540,2026-08-18 08:07:04,2026-07-25 18:23:25,2026-07-25-DC-NY,empire,breeze,23,15,2026-07-25 14:00:00
tshapinsk,10.46,92.88,jnissen,1.81,92.05,0,0,0,"amerriman,jnissen,tshapinsk,smott,aroy,jwodatch1,cboxley",False,2026-07-25-DC-NY,4,2,1,7,448.0,1,11,True,True,64,away,54,1785003580.0,18,False,"nwhitlock,mbrownlee,ochartock,lbarry,relston,cpanarell,ofay",55,94,e4763c5015ca313fe888b973a6ffb7a564ecd90f9f88364fdc8a74559e4b1d08,1785003580.0,False,64,395.5,8.6897295700154,-8.65,-0.829999999999998,95.4809651120594,745ca8f1d4947065e05560cd65ba6533ad6cf14cc02b71f86caa2fb723431fbf,0.975340858433741,0.0246591415662591,0.635342783438182,0.908825664471158,0.90706179437321,0.662215083639725,2555.5,2.0,0.784,-0.00176387009794832,-0.00483706346080032,94.0,d7a5deaf23b6a586901dbaa177fdc97a587ecb9f,2026-08-18 08:07:04,2026-07-25 18:23:25,2026-07-25-DC-NY,empire,breeze,23,15,2026-07-25 14:00:00
jnissen,1.81,92.05,tshapinsk,-3.2,106.06,0,0,0,"amerriman,jnissen,tshapinsk,smott,aroy,jwodatch1,cboxley",False,2026-07-25-DC-NY,4,3,1,7,448.0,1,12,True,True,65,away,55,1785003587.0,19,False,"nwhitlock,mbrownlee,ochartock,lbarry,relston,cpanarell,ofay",56,95,7733eee631e287befbb3f54bb90c6f9a7f6056fd0efb2f12b2cf0c7d5e1d2806,1785003587.0,False,65,390.25,14.8788507620717,-5.01,14.01,19.6771371367259,519d55abca166cc7d48f89b2414d8015fe393d2d69f3764c42ed780bdeade8e1,0.952327570063084,0.0476724299369163,0.635342783438182,0.906995324090029,1.0,0.640976201142176,2550.25,2.0,0.774,0.0930046759099713,0.25504685410279,95.0,cc805836abda0eacf0ff73692defd692bab96584,2026-08-18 08:07:04,2026-07-25 18:23:25,2026-07-25-DC-NY,empire,breeze,23,15,2026-07-25 14:00:00
aatkins,11.66,19.56,srueschem,-2.6,23.52,0,0,0,"adavis4,aatkins,jcowan,ddemarre,bjagt,srueschem,jwilliams",True,2026-07-25-DC-NY,4,3,1,8,385.0,1,1,True,True,66,home,41,1785003634.0,18,False,"ilee,cjurek,jlightner,adowney,tgesell,mwagner,khealey",42,100,ccd514c1fa95b2d649ba37e3419ef2410c8cc52ea041edcbf981b1af77e8299d,1785003634.0,False,66,385.0,14.7996351306375,-14.26,3.96,74.4800336632149,961bbef3ce10d7b8f540808b2c1746393da3f39a33f3a6e6c9b73eaa84ba407f,0.982937509798529,0.0170624902014709,0.635272686792597,0.635272686792597,0.649769100253611,0.921838342710917,2545.0,1.0,0.763,0.0144964134610146,0.0397458949085372,100.0,01b6bb0e575b865af97065d1a3c86d75939a24cf,2026-08-18 08:07:04,2026-07-25 18:23:25,2026-07-25-DC-NY,empire,breeze,23,15,2026-07-25 14:00:00
srueschem,-2.6,23.52,jwilliams,-13.17,32.52,0,0,0,"adavis4,aatkins,jcowan,ddemarre,bjagt,srueschem,jwilliams",True,2026-07-25-DC-NY,4,3,1,8,385.0,1,2,True,True,67,home,42,1785003637.0,18,False,"ilee,cjurek,jlightner,adowney,tgesell,mwagner,khealey",43,101,c20ceb69c50a246235374b7a60b840cec2a5c15bab5a3147fd47c5bfbe6b4509,1785003637.0,False,67,380.5,13.8825393930649,-10.57,9.0,49.586721145442,b3bffd11ca0019342d3468117009ff544b9c4d8db22458f89e69239496a5aa58,0.981674427336611,0.0183255726633893,0.635272686792597,0.649623355391303,0.669444217860021,0.887161703940857,2540.5,1.0,0.765,0.0198208624687171,0.0543443327411179,101.0,15cee377066ec1a46401dd8fb0171bfca636c389,2026-08-18 08:07:04,2026-07-25 18:23:25,2026-07-25-DC-NY,empire,breeze,23,15,2026-07-25 14:00:00
jwilliams,-13.17,32.52,srueschem,0.68,35.52,0,0,0,"adavis4,aatkins,jcowan,ddemarre,bjagt,srueschem,jwilliams",True,2026-07-25-DC-NY,4,3,1,8,385.0,1,3,True,True,68,home,43,1785003640.0,18,False,"ilee,cjurek,jlightner,adowney,tgesell,mwagner,khealey",44,102,ee67b3bb39133d1d13ef1e24068020ed55e5fadfa6acccf83c00422749e6b51a,1785003640.0,False,68,376.0,14.1711855537919,13.85,3.0,-77.7781701851522,573e898dd4406efc38fb059a7bc33b34019bd37a32f220982c876ab02d2d624c,0.980895297551167,0.0191047024488327,0.635272686792597,0.669308484884848,0.68433361597765,0.878490315699192,2536.0,1.0,0.767,0.0150251310928026,0.0411955193612234,102.0,3acc6dab1a3eb4d33e77264cecb34ea5a95fe258,2026-08-18 08:07:04,2026-07-25 18:23:25,2026-07-25-DC-NY,empire,breeze,23,15,2026-07-25 14:00:00
srueschem,0.68,35.52,bjagt,-16.58,48.27,0,0,0,"adavis4,aatkins,jcowan,ddemarre,bjagt,srueschem,jwilliams",True,2026-07-25-DC-NY,4,3,1,8,385.0,1,4,True,True,69,home,44,1785003643.0,18,False,"ilee,cjurek,jlightner,adowney,tgesell,mwagner,khealey",45,103,7dfd90286ea6967f0d1c6d88a4c6be15bf44e7bb9b690a812aca200798c8226b,1785003643.0,False,69,371.5,21.4585670537434,-17.26,12.75,53.5466362407925,19b3bfdbfa49e9fbc17630678a2ec0ac897d50b1c2cce5bf8e7d1c63ac64fac5,0.964182131901051,0.0358178680989495,0.635272686792597,0.684208471349066,0.716929590445483,0.815397921688321,2531.5,1.0,0.771,0.0327211190964167,0.0897139257509068,103.0,d1d5bbdfbf5382a5372639a3162a5763e9af9059,2026-08-18 08:07:04,2026-07-25 18:23:25,2026-07-25-DC-NY,empire,breeze,23,15,2026-07-25 14:00:00
bjagt,-16.58,48.27,srueschem,-13.03,40.36,0,0,0,"adavis4,aatkins,jcowan,ddemarre,bjagt,srueschem,jwilliams",True,2026-07-25-DC-NY,4,3,1,8,385.0,1,5,True,True,70,home,45,1785003647.0,18,False,"ilee,cjurek,jlightner,adowney,tgesell,mwagner,khealey",46,104,6ff203a73384d08ef4aacae57b29ad77ef908214bea79590e872407561598bbc,1785003647.0,False,70,367.0,8.67009803866139,3.55,-7.91,-155.829505244678,5f844ca37bc153830db720df7e198636a82b1d375615146bac56f51f6cf2b424,0.988521307199727,0.0114786928002732,0.635272686792597,0.716820352427173,0.694772189558315,0.855207447803402,2527.0,1.0,0.768,-0.0220481628688586,-0.0604510878962356,104.0,00ba9e283696725242bb0ad5f5002add0b88f0fd,2026-08-18 08:07:04,2026-07-25 18:23:25,2026-07-25-DC-NY,empire,breeze,23,15,2026-07-25 14:00:00
srueschem,-13.03,40.36,ddemarre,-23.33,62.79,0,0,0,"adavis4,aatkins,jcowan,ddemarre,bjagt,srueschem,jwilliams",True,2026-07-25-DC-NY,4,3,1,8,385.0,1,6,True,True,71,home,46,1785003653.0,18,False,"ilee,cjurek,jlightner,adowney,tgesell,mwagner,khealey",47,105,9263bef1bd7419f328373d3f34acb2320670f8fb74ce05bd49257214916fdecf,1785003653.0,False,71,362.5,24.6818739158922,-10.3,22.43,24.6648910372014,4e16648901245bfc41e640664d18f2f5d6cf0bae4dfaf579d38da24d710650ee,0.914110178222923,0.0858898217770775,0.635272686792597,0.694668230529739,0.747927001585423,0.722321636772524,2522.5,1.0,0.776,0.0532587710556843,0.146023533547098,105.0,2785264dbda4a1bbaa8880e7d3512e4f70d60d9a,2026-08-18 08:07:04,2026-07-25 18:23:25,2026-07-25-DC-NY,empire,breeze,23,15,2026-07-25 14:00:00
ddemarre,-23.33,62.79,srueschem,-13.03,53.65,0,0,0,"adavis4,aatkins,jcowan,ddemarre,bjagt,srueschem,jwilliams",True,2026-07-25-DC-NY,4,3,1,8,385.0,1,7,True,True,72,home,47,1785003658.0,18,False,"ilee,cjurek,jlightner,adowney,tgesell,mwagner,khealey",48,106,da68d1496e48eacb19a7ad2dc864f452df6cece6ffddd922cd75a06ab8fc242f,1785003658.0,False,72,358.0,13.7706063773532,10.3,-9.14,-131.585165152359,89c94f20e6db3b41aa13d68c2d0c283f8cee2fb2ed96ae475669e2c598eac2d8,0.975840861710867,0.0241591382891333,0.635272686792597,0.747844878474449,0.744496725839839,0.797442731688721,2518.0,1.0,0.775,-0.00334815263460964,-0.00917987908601103,106.0,f4e2fe2a484cf82bc5aec99bc30a728ded485e76,2026-08-18 08:07:04,2026-07-25 18:23:25,2026-07-25-DC-NY,empire,breeze,23,15,2026-07-25 14:00:00
srueschem,-13.03,53.65,jwilliams,7.02,62.52,0,0,0,"adavis4,aatkins,jcowan,ddemarre,bjagt,srueschem,jwilliams",True,2026-07-25-DC-NY,4,3,1,8,385.0,1,8,True,True,73,home,48,1785003663.0,18,False,"ilee,cjurek,jlightner,adowney,tgesell,mwagner,khealey",49,107,2f8e63c5df40b0b645c2ba1efd67d04b5c5353be93de4a6fa53067c6abcd4ef4,1785003663.0,False,73,353.5,21.9244019302694,20.05,8.87,-66.135688294313,8b0377c3beea06af04638c9b2b34184a4c0030e26e2d8ef7667afd7fa8afe254,0.947451130871175,0.0525488691288251,0.635272686792597,0.744424198822831,0.785001650983535,0.763926587011603,2513.5,1.0,0.781,0.0405774521607044,0.111254218401872,107.0,56f6d8b96a339c03846ec585d11042fe0f6210aa,2026-08-18 08:07:04,2026-07-25 18:23:25,2026-07-25-DC-NY,empire,breeze,23,15,2026-07-25 14:00:00
jwilliams,7.02,62.52,aatkins,15.0,79.09,0,0,0,"adavis4,aatkins,jcowan,ddemarre,bjagt,srueschem,jwilliams",True,2026-07-25-DC-NY,4,3,1,8,385.0,1,9,True,True,74,home,49,1785003669.0,18,False,"ilee,cjurek,jlightner,adowney,tgesell,mwagner,khealey",50,108,db05c10b5c6b16eb1a5ab30560833c0e0899262cce38a23042eb80e92859deda,1785003669.0,False,74,349.0,18.3914463814024,7.98,16.57,-25.7151518084414,7424859822a91597a69410e68103ed65de247c7ed935af48f2dd9ac8076aa48b,0.954441166882021,0.0455588331179787,0.635272686792597,0.784945399398396,0.85031787925679,0.692960959173758,2509.0,1.0,0.792,0.0653724798583944,0.179236589888238,108.0,17a1ad6a0a387fab09f3105f00db3e3c269b621e,2026-08-18 08:07:04,2026-07-25 18:23:25,2026-07-25-DC-NY,empire,breeze,23,15,2026-07-25 14:00:00
aatkins,15.0,79.09,jcowan,17.32,89.31,0,0,0,"adavis4,aatkins,jcowan,ddemarre,bjagt,srueschem,jwilliams",True,2026-07-25-DC-NY,4,3,1,8,385.0,1,10,True,True,75,home,50,1785003672.0,18,False,"ilee,cjurek,jlightner,adowney,tgesell,mwagner,khealey",51,109,f107717a7db88830cc507c2b215f442877480137cee969051b013172be5d86c7,1785003672.0,False,75,344.5,10.4800190839521,2.32,10.22,-12.7897264497522,6327c1511b129d7f22cce3131760d6cda4b99d4a8b107ad15e90085ec33f529e,0.974487574420986,0.0255124255790139,0.635272686792597,0.850280734769773,0.889073498656249,0.653607429758364,2504.5,1.0,0.799,0.0387927638864758,0.106361005830173,109.0,946406ad58ad768596448701c2444d0c2842229e,2026-08-18 08:07:04,2026-07-25 18:23:25,2026-07-25-DC-NY,empire,breeze,23,15,2026-07-25 14:00:00
jcowan,17.32,89.31,adavis4,25.09,98.99,0,0,0,"adavis4,aatkins,jcowan,ddemarre,bjagt,srueschem,jwilliams",True,2026-07-25-DC-NY,4,3,1,8,385.0,1,11,True,True,76,home,51,1785003676.0,18,False,"ilee,cjurek,jlightner,adowney,tgesell,mwagner,khealey",52,110,2bfd72c918f8d3557ac5c8ecfebde9dfa0f44471472b27d5bbea905110ca59d1,1785003676.0,False,76,340.0,12.4127071986735,7.77,9.67999999999999,-38.7535229583485,4ef4df01bf0026f408da89bcc3659edeb437aab1c140abf7360b00bd10181da1,0.91944676764398,0.0805532323560195,0.635272686792597,0.8890481623649,0.909186785839469,0.571482316348809,2500.0,1.0,0.803,0.0201386234745692,0.0552155617232793,110.0,43ab04018329fd644542869ca8a5dd5bc2caf16e,2026-08-18 08:07:04,2026-07-25 18:23:25,2026-07-25-DC-NY,empire,breeze,23,15,2026-07-25 14:00:00
adavis4,25.09,98.99,jwilliams,22.71,112.97,0,0,0,"adavis4,aatkins,jcowan,ddemarre,bjagt,srueschem,jwilliams",True,2026-07-25-DC-NY,5,3,1,8,385.0,1,12,True,True,77,home,52,1785003684.0,19,False,"ilee,cjurek,jlightner,adowney,tgesell,mwagner,khealey",53,112,eed1d9a47ce1b055b8a36a2f0b34a08ce452aad3691326b0145640c5792f9c57,1785003684.0,False,77,335.5,14.1811424081419,-2.38,13.98,9.66158796912407,240d7d0f5a230782503e177259a6f9681a6ee6241c8aa98df67e72f3aaabac07,0.927265112749426,0.0727348872505742,0.635272686792597,0.909167920181264,1.0,0.593535678779918,2495.5,1.0,0.811,0.0908320798187355,0.249041068572464,112.0,8450d6e69d008aab95ab9cb6bb142165ebd3aacd,2026-08-18 08:07:04,2026-07-25 18:23:25,2026-07-25-DC-NY,empire,breeze,23,15,2026-07-25 14:00:00
tshapinsk,11.08,9.61,aroy,0.3,19.97,0,0,0,"cboxley,tshapinsk,jnissen,amerriman,gnorrbom,aroy,mgrovic",False,2026-07-25-DC-NY,5,3,1,9,331.0,1,1,True,True,78,away,60,1785003740.0,18,False,"aagami,adavis2,mbrownlee,sjonas,jrandolph,dschnaudi,nwhitlock",61,116,f0629d836552a35b2d89cbc5ea30ec532f2c503f4fe0cf0d3401ff8671beafd2,1785003740.0,False,78,331.0,14.9511872438278,-10.78,10.36,46.1381770074882,9bbb9eb9dd79d6de306e87cbb44baf1e854afd09a02c157198d93954fde3369d,0.981970946884716,0.0180290531152837,0.612186431510732,0.612186431510732,0.639751574829767,0.932415002184173,2491.0,2.0,0.824,0.0275651433190348,0.0710783364966191,116.0,206ac706523cd7b0328cdc061f2707a355b02cf6,2026-08-18 08:07:04,2026-07-25 18:23:25,2026-07-25-DC-NY,empire,breeze,23,15,2026-07-25 14:00:00
aroy,0.3,19.97,mgrovic,3.12,30.0,0,0,0,"cboxley,tshapinsk,jnissen,amerriman,gnorrbom,aroy,mgrovic",False,2026-07-25-DC-NY,5,3,1,9,331.0,1,2,True,True,79,away,61,1785003744.0,18,False,"aagami,adavis2,mbrownlee,sjonas,jrandolph,dschnaudi,nwhitlock",62,117,992eadf238853b1250c020bb623e392414ab1ecadb383200152f040bbd9620c8,1785003744.0,False,79,326.176470588235,10.4188914957398,2.82,10.03,-15.7036748637761,7c5ea56266931f04e2fe98c7f6e1066b74fd7a7fa0adb45335bd10ecd6fd4c93,0.98671553479243,0.0132844652075704,0.612186431510732,0.639704429978695,0.666495951602943,0.899049402224227,2486.17647058824,2.0,0.821,0.0267915216242472,0.0690835076467642,117.0,d8aada7a767fb8df8a5b5ee3ed032bf80b905a94,2026-08-18 08:07:04,2026-07-25 18:23:25,2026-07-25-DC-NY,empire,breeze,23,15,2026-07-25 14:00:00
mgrovic,3.12,30.0,aroy,9.43,26.84,0,0,0,"cboxley,tshapinsk,jnissen,amerriman,gnorrbom,aroy,mgrovic",False,2026-07-25-DC-NY,5,3,1,9,331.0,1,3,True,True,80,away,62,1785003747.0,18,False,"aagami,adavis2,mbrownlee,sjonas,jrandolph,dschnaudi,nwhitlock",63,118,1c51b5c6c853fa64c1450e4916e5ce1be72056673d75c4c6642eb2de4e229bcd,1785003747.0,False,80,321.352941176471,7.0570319540158,6.31,-3.16,-116.60136028471,24a3ea2b482e96a9216fe80d7a5d3b645ccec2573bb19c2703ae81816fba465b,0.992212663086684,0.0077873369133159,0.612186431510732,0.666452619385176,0.655374558798004,0.909651295237306,2481.35294117647,2.0,0.822,-0.0110780605871725,-0.0285654280491713,118.0,00e0a4d702013aa2fbcbda4da3de97794832dd81,2026-08-18 08:07:04,2026-07-25 18:23:25,2026-07-25-DC-NY,empire,breeze,23,15,2026-07-25 14:00:00
aroy,9.43,26.84,gnorrbom,1.75,31.3,0,0,0,"cboxley,tshapinsk,jnissen,amerriman,gnorrbom,aroy,mgrovic",False,2026-07-25-DC-NY,5,3,1,9,331.0,1,4,True,True,81,away,63,1785003752.0,18,False,"aagami,adavis2,mbrownlee,sjonas,jrandolph,dschnaudi,nwhitlock",64,119,3abb4bba6acbd058e1e86e1d9e66bee0b622e5f279bb409549b32f4f6a3ede67,1785003752.0,False,81,316.529411764706,8.88110353503437,-7.68,4.46,59.8550150146141,941ab889589a126fe22f3927124da33922929a61aa5a73289ea21b133c16dc87,0.988604011863755,0.0113959881362448,0.612186431510732,0.655330886063559,0.670359640961544,0.894255480871896,2476.52941176471,2.0,0.821,0.0150287548979845,0.0387525247157524,119.0,60d7ac46091230ccf839efff21dfebc7026fafda,2026-08-18 08:07:04,2026-07-25 18:23:25,2026-07-25-DC-NY,empire,breeze,23,15,2026-07-25 14:00:00
gnorrbom,1.75,31.3,aroy,-5.6,32.4,0,0,0,"cboxley,tshapinsk,jnissen,amerriman,gnorrbom,aroy,mgrovic",False,2026-07-25-DC-NY,5,3,1,9,331.0,1,5,True,True,82,away,64,1785003754.0,18,False,"aagami,adavis2,mbrownlee,sjonas,jrandolph,dschnaudi,nwhitlock",65,120,792d8dbc761c3fe1416750a3d4609ee0f18ba40b5f29d37aa9cc2a58f6074378,1785003754.0,False,82,311.705882352941,7.43185710303959,-7.35,1.1,81.4882948615753,3f34b27f87b4dff44d272ab2d91e01e4478200273ec55f226fcf59874c1948af,0.990851426695553,0.0091485733044474,0.612186431510732,0.670315486008635,0.673076150931134,0.889864982654809,2471.70588235294,2.0,0.82,0.0027606649224996,0.00711853619060778,120.0,f99b0a95460f6790329a46c02afae12e48d0f9cf,2026-08-18 08:07:04,2026-07-25 18:23:25,2026-07-25-DC-NY,empire,breeze,23,15,2026-07-25 14:00:00
aroy,-5.6,32.4,gnorrbom,8.4,32.6,0,0,0,"cboxley,tshapinsk,jnissen,amerriman,gnorrbom,aroy,mgrovic",False,2026-07-25-DC-NY,5,3,1,9,331.0,1,6,True,True,83,away,65,1785003758.0,18,False,"aagami,adavis2,mbrownlee,sjonas,jrandolph,dschnaudi,nwhitlock",66,121,24b222238ffbdc321801bbafc71ee5ada6cb5e4461a8289deb4c300d442f57dd,1785003758.0,False,83,306.882352941176,14.0014284985497,14.0,0.200000000000003,-89.1815445383114,801205c99cc69032e84211e6bdf8605c056bd965e88934780d1e0120d4fa294c,0.983767263116081,0.0162327368839187,0.612186431510732,0.673028994509643,0.672663378516044,0.888706365726136,2466.88235294118,2.0,0.82,-0.000365615993599189,-0.000942762253067756,121.0,d053dc24db1e86eb82e7e375fa6e0fb5a325f2fb,2026-08-18 08:07:04,2026-07-25 18:23:25,2026-07-25-DC-NY,empire,breeze,23,15,2026-07-25 14:00:00
gnorrbom,8.4,32.6,amerriman,13.76,44.89,0,0,0,"cboxley,tshapinsk,jnissen,amerriman,gnorrbom,aroy,mgrovic",False,2026-07-25-DC-NY,5,3,1,9,331.0,1,7,True,True,84,away,66,1785003760.0,18,False,"aagami,adavis2,mbrownlee,sjonas,jrandolph,dschnaudi,nwhitlock",67,122,2820d1c17dad324de9737bd9f7068f7fce58157744ed9ab6f60164ce9b3ebc3f,1785003760.0,False,84,302.058823529412,13.4079715095163,5.36,12.29,-23.5633124179963,eef05e0c8cca69d86c9f6cd935b5bfcc3090968b7f56ecf92faedcd59505945b,0.977636499272312,0.0223635007276876,0.612186431510732,0.672611232460399,0.707937500171773,0.835158308319938,2462.05882352941,2.0,0.816,0.0353262677113744,0.0910908502995092,122.0,42df878874788adc391b4132b99759bbe562d2d2,2026-08-18 08:07:04,2026-07-25 18:23:25,2026-07-25-DC-NY,empire,breeze,23,15,2026-07-25 14:00:00
amerriman,13.76,44.89,mgrovic,13.0,54.09,0,0,0,"cboxley,tshapinsk,jnissen,amerriman,gnorrbom,aroy,mgrovic",False,2026-07-25-DC-NY,5,3,1,9,331.0,1,8,True,True,85,away,67,1785003764.0,18,False,"aagami,adavis2,mbrownlee,sjonas,jrandolph,dschnaudi,nwhitlock",68,123,21193887d093f0efba011e94dfd927eb8c86b4561eefba6e1be871d4d7b67bad,1785003764.0,False,85,297.235294117647,9.23133793119936,-0.76,9.2,4.72240687991575,f79660a7ce0e0a18e8598059057193979b9a98cb7e56bd3f23d61dceaac7affe,0.98168334799058,0.0183166520094197,0.612186431510732,0.707882215082527,0.74489917322454,0.795732553670256,2457.23529411765,2.0,0.811,0.037016958142013,0.0954503945960761,123.0,4badf7431fbca47413705a8dfcc5fffe232aa8e6,2026-08-18 08:07:04,2026-07-25 18:23:25,2026-07-25-DC-NY,empire,breeze,23,15,2026-07-25 14:00:00
mgrovic,13.0,54.09,gnorrbom,4.42,46.95,0,0,0,"cboxley,tshapinsk,jnissen,amerriman,gnorrbom,aroy,mgrovic",False,2026-07-25-DC-NY,5,3,1,9,331.0,1,9,True,True,86,away,68,1785003767.0,18,False,"aagami,adavis2,mbrownlee,sjonas,jrandolph,dschnaudi,nwhitlock",69,124,b8ecd2403d5b28ef0552580f7fb462368807a2827aa576c1d815fda291b0936f,1785003767.0,False,86,292.411764705882,11.162257836119,-8.58,-7.14,129.766138352784,75246b9539310ae2752c221e69e9f2777d571cdb1e50427d91a7d75d57310b81,0.985725831536463,0.014274168463537,0.612186431510732,0.744841029317901,0.722352575053905,0.830148771666945,2452.41176470588,2.0,0.814,-0.022488454263996,-0.0579877964342508,124.0,f5d19933db6c10936df01e522e584c14d1367bd8,2026-08-18 08:07:04,2026-07-25 18:23:25,2026-07-25-DC-NY,empire,breeze,23,15,2026-07-25 14:00:00
gnorrbom,4.42,46.95,mgrovic,-4.71,53.34,0,0,0,"cboxley,tshapinsk,jnissen,amerriman,gnorrbom,aroy,mgrovic",False,2026-07-25-DC-NY,5,3,1,9,331.0,1,10,True,True,87,away,69,1785003770.0,18,False,"aagami,adavis2,mbrownlee,sjonas,jrandolph,dschnaudi,nwhitlock",70,125,b2609868de70ba88cb8eb101a144094e9853f945166da652cf3b1420d266ec2d,1785003770.0,False,87,287.588235294118,11.1440118449327,-9.13,6.39,55.0121917972812,2406dc79a5d09ec7ab7c07e1b0cd9110e5fcfef40b538495208ed3e07133c944,0.982359501693004,0.0176404983069959,0.612186431510732,0.722281856236568,0.746890311568316,0.802564879051364,2447.58823529412,2.0,0.81,0.0246084553317479,0.0634543433526848,125.0,63ea3eb96fd9a485a184bffc6a2cd22338964b62,2026-08-18 08:07:04,2026-07-25 18:23:25,2026-07-25-DC-NY,empire,breeze,23,15,2026-07-25 14:00:00
mgrovic,-4.71,53.34,cboxley,-16.86,69.06,0,0,0,"cboxley,tshapinsk,jnissen,amerriman,gnorrbom,aroy,mgrovic",False,2026-07-25-DC-NY,5,3,1,9,331.0,1,11,True,True,88,away,70,1785003773.0,18,False,"aagami,adavis2,mbrownlee,sjonas,jrandolph,dschnaudi,nwhitlock",71,126,6767178f910015870cce8116a7884b54b56f7e92c04bd40cd4c90708776665dd,1785003773.0,False,88,282.764705882353,19.8680874771579,-12.15,15.72,37.7004638718147,b37c4cb439f1602337741510f6af82fb80b9dd99c01c62cf379b501dbec2a5d8,0.95887854149121,0.04112145850879,0.612186431510732,0.746813317788247,0.803530968999116,0.723486686988104,2442.76470588235,2.0,0.801,0.0567176512108692,0.146249785513729,126.0,5a2965846ae940806a145c403d4bf26289e4e5a0,2026-08-18 08:07:04,2026-07-25 18:23:25,2026-07-25-DC-NY,empire,breeze,23,15,2026-07-25 14:00:00
cboxley,-16.86,69.06,amerriman,-2.24,70.16,0,0,0,"cboxley,tshapinsk,jnissen,amerriman,gnorrbom,aroy,mgrovic",False,2026-07-25-DC-NY,5,3,1,9,331.0,1,12,True,True,89,away,71,1785003786.0,18,False,"aagami,adavis2,mbrownlee,sjonas,jrandolph,dschnaudi,nwhitlock",72,127,111a1a38174f3aacfd6ae1544fb544cddcf0b94b729538c4d3a2e00a586e38dc,1785003786.0,False,89,277.941176470588,14.6613232690641,14.62,1.09999999999999,-85.697207138822,476b99e29cd7e666554970af83a4ba2b61742c649be85bc764615bc6b3a5c829,0.968762182092711,0.0312378179072886,0.612186431510732,0.803456771690712,0.817711176517369,0.733303460575579,2437.94117647059,2.0,0.799,0.0142544048266571,0.0367558177043296,127.0,ebc8a7c907c84321742a8ef8a37019482998567a,2026-08-18 08:07:04,2026-07-25 18:23:25,2026-07-25-DC-NY,empire,breeze,23,15,2026-07-25 14:00:00
amerriman,-2.24,70.16,,9.16,70.91,1,0,0,"cboxley,tshapinsk,jnissen,amerriman,gnorrbom,aroy,mgrovic",False,2026-07-25-DC-NY,5,3,1,9,331.0,1,13,True,True,90,away,72,1785003788.0,22,False,"aagami,adavis2,mbrownlee,sjonas,jrandolph,dschnaudi,nwhitlock",73,129,e0d38ccdd94e4f114b089e789f32593c542b45f39c86ef124c1e06dad16ca007,1785003788.0,False,90,273.117647058824,11.4246444145978,11.4,0.75,-86.2359651350943,51c876e78601665a7fbcb285bbc1877b02dea08dc7774cca62acdf16d1593977,0.979139852757145,-0.979139852757145,0.612186431510732,0.817630573637,0.819587100551508,0.728787126593686,2433.11764705882,2.0,0.88,-0.728787126593686,-0.728787126593686,129.0,e6c5d1f050d8fc60deb6cd2ca4618ff0e9f79a9b,2026-08-18 08:07:04,2026-07-25 18:23:25,2026-07-25-DC-NY,empire,breeze,23,15,2026-07-25 14:00:00
adavis2,-3.01,63.68,jrandolph,-15.08,69.4,0,0,0,"aagami,adavis2,mbrownlee,sjonas,jrandolph,dschnaudi,nwhitlock",True,2026-07-25-DC-NY,5,3,1,9,331.0,2,1,False,False,91,home,56,1785003791.0,18,False,"cboxley,tshapinsk,jnissen,amerriman,gnorrbom,aroy,mgrovic",57,130,48dce967707c3e8f7bc05974d0738fc86deb5e4b648cecee9da5354307790fa0,1785003791.0,False,91,268.294117647059,13.3567698190843,-12.07,5.72000000000001,64.643622181534,4c6712b3d0b60dd14a5e04cb78695eee668c62fee4c99e3db49db8d1ee1aefd5,0.976603183143946,0.0233968168560544,0.789607638933642,0.789607638933642,0.807956324168973,0.726488922165094,2428.29411764706,2.0,0.887,0.0183486852353314,0.0872117463881884,130.0,7c584e97180edfec7df846d6be7eebb4c395013f,2026-08-18 08:07:04,2026-07-25 18:23:25,2026-07-25-DC-NY,empire,breeze,23,15,2026-07-25 14:00:00
jrandolph,-15.08,69.4,,-8.73,64.43,1,0,0,"aagami,adavis2,mbrownlee,sjonas,jrandolph,dschnaudi,nwhitlock",True,2026-07-25-DC-NY,5,3,1,9,331.0,2,2,False,False,92,home,57,1785003801.0,22,False,"cboxley,tshapinsk,jnissen,amerriman,gnorrbom,aroy,mgrovic",58,132,813def5493f3a6a64af050c2c1b2b0e5597e9cd3d5bfa3f28c3d6add82cacf98,1785003801.0,False,92,263.470588235294,8.06370882410817,6.35,-4.97,-128.049475370325,f2e32fc022bdfc1ebaa291cd65f4a2f214dacbd0cdd5af314cbf87f9d7057d7d,0.98411522701806,-0.98411522701806,0.789607638933642,0.80784672446431,0.791670818016165,0.754258718347553,2423.47058823529,2.0,0.809,-0.754258718347553,-0.754258718347553,132.0,22d67561e8b595dd8658f712239b4c2c253b4d78,2026-08-18 08:07:04,2026-07-25 18:23:25,2026-07-25-DC-NY,empire,breeze,23,15,2026-07-25 14:00:00
jnissen,6.14,60.75,cboxley,6.89,98.58,0,0,0,"cboxley,tshapinsk,jnissen,amerriman,gnorrbom,aroy,mgrovic",False,2026-07-25-DC-NY,5,3,1,9,331.0,3,1,True,True,93,away,74,1785003810.0,18,False,"aagami,adavis2,mbrownlee,sjonas,jrandolph,dschnaudi,nwhitlock",75,133,be8bd66feb132ed36a26af681a18154a13aeb7b4af1177c27b462712a63598bc,1785003810.0,False,93,258.647058823529,37.8374338453336,0.75,37.83,-1.13577070867444,0ecd242eb6fccde26e06176f59093405fd1160dab254175a6ea312a60f87ce22,0.79116618985649,0.20883381014351,0.776506474928846,0.776506474928846,0.927465634095759,0.641141411821894,2418.64705882353,2.0,0.776,0.150959159166913,0.675452047744345,133.0,2ee0c0965cdbf481f3536068d1054a02b89c3d75,2026-08-18 08:07:04,2026-07-25 18:28:29,2026-07-25-DC-NY,empire,breeze,23,15,2026-07-25 14:00:00
cboxley,6.89,98.58,aroy,15.06,108.26,0,0,0,"cboxley,tshapinsk,jnissen,amerriman,gnorrbom,aroy,mgrovic",False,2026-07-25-DC-NY,5,4,1,9,331.0,3,2,True,True,94,away,75,1785003821.0,19,False,"aagami,adavis2,mbrownlee,sjonas,jrandolph,dschnaudi,nwhitlock",76,134,f08a21e0a05f4e852d40e7b7b604442f976a6b67aa1d4313a8430b49e6b2f5f2,1785003821.0,False,94,253.823529411765,12.6669372778111,8.17,9.68000000000001,-40.1646423369515,9b5dfb7e464fa091eb0c99ae8a030474bd46de27c8ce09acc349d239b499c93d,0.958345035588864,0.0416549644111363,0.776506474928846,0.927404803504552,1.0,0.628675020362699,2413.82352941176,2.0,0.77,0.0725951964954481,0.324820132808482,134.0,9ec55ef95190a3176727a9a76a26cb10627e81c5,2026-08-18 08:07:04,2026-07-25 18:28:29,2026-07-25-DC-NY,empire,breeze,23,15,2026-07-25 14:00:00
aatkins,15.2,27.47,srueschem,10.77,36.4,0,0,0,"adavis4,aatkins,jcowan,ddemarre,bjagt,mlabar,srueschem",True,2026-07-25-DC-NY,5,4,1,10,249.0,1,1,True,True,95,home,60,1785003868.0,18,False,"khealey,mlee2,wvandenbr,ffarah,mwagner,jlightner,lblumenfe",61,138,5d79dd808ca943a8f7331976658a96ffcef9b5c09b43bdb81481f8cadb509bf4,1785003868.0,False,95,249.0,9.96844019894788,-4.43,8.93,26.3851188584984,d1d48d181f98d0d460628deca06fc1b075daf2fc16f8b93741dda32a94902daa,0.983225891318177,0.0167741086818233,0.646369171830324,0.646369171830324,0.681381425952758,0.872292767524386,2409.0,1.0,0.764,0.0350122541224348,0.0990079238952422,138.0,5d5a2393ad706a22ddd5ea387510c875984102c5,2026-08-18 08:07:04,2026-07-25 18:28:29,2026-07-25-DC-NY,empire,breeze,23,15,2026-07-25 14:00:00
srueschem,10.77,36.4,adavis4,18.0,53.93,0,0,0,"adavis4,aatkins,jcowan,ddemarre,bjagt,mlabar,srueschem",True,2026-07-25-DC-NY,5,4,1,10,249.0,1,2,True,True,96,home,61,1785003872.0,18,False,"khealey,mlee2,wvandenbr,ffarah,mwagner,jlightner,lblumenfe",62,140,733a9105a5a82d3d1616f6c3fd0e94ca918ea39b0ed887b3fee1c96d4be28f13,1785003872.0,False,96,248.470588235294,18.9624312787153,7.23,17.53,-22.4130050956905,f87b906288f51957465ee2de1217fdf0d6ee087c12b0d24491011b153fd0a85a,0.965079977502577,0.0349200224974234,0.646369171830324,0.681355704256141,0.731066958725431,0.786535309170592,2408.47058823529,1.0,0.771,0.0497112544692899,0.140573871137269,140.0,7384faf871915e816743babe99b0d2553e77c332,2026-08-18 08:07:04,2026-07-25 18:28:29,2026-07-25-DC-NY,empire,breeze,23,15,2026-07-25 14:00:00
adavis4,18.0,53.93,bjagt,12.34,63.61,0,0,0,"adavis4,aatkins,jcowan,ddemarre,bjagt,mlabar,srueschem",True,2026-07-25-DC-NY,5,4,1,10,249.0,1,3,True,True,97,home,62,1785003875.0,18,False,"khealey,mlee2,wvandenbr,ffarah,mwagner,jlightner,lblumenfe",63,141,6a125f54156b0ac90408e9e8972660553164f6498c8b43c1fd6ccf7c21c71832,1785003875.0,False,97,247.941176470588,11.2132956796831,-5.66,9.68,30.3152850355187,aa639754f0754ab180e23a2facf92f74d85506c5cd322a0af9869139294c57dd,0.974194124736648,0.0258058752633518,0.646369171830324,0.731043381057218,0.784771218949007,0.754710848316669,2407.94117647059,1.0,0.779,0.0537278378917891,0.151931996907266,141.0,9ee83b5d2d194881e68d308d9266d3707dc20b55,2026-08-18 08:07:04,2026-07-25 18:28:29,2026-07-25-DC-NY,empire,breeze,23,15,2026-07-25 14:00:00
bjagt,12.34,63.61,mlabar,18.0,72.61,0,0,0,"adavis4,aatkins,jcowan,ddemarre,bjagt,mlabar,srueschem",True,2026-07-25-DC-NY,5,4,1,10,249.0,1,4,True,True,98,home,63,1785003878.0,18,False,"khealey,mlee2,wvandenbr,ffarah,mwagner,jlightner,lblumenfe",64,142,7506a6e742cad7f0f6ac1935464eca525481f0d571421710773d8ff3be47b4f9,1785003878.0,False,98,247.411764705882,10.6318201640171,5.66,9.0,-32.1653311302076,475cbf2dfd3f4bdcca7ff4a4dad7cb667550064e07e17291bc85cd7ef109b955,0.980837569496101,0.0191624305038985,0.646369171830324,0.78475071773303,0.814263974297046,0.707080435396429,2407.41176470588,1.0,0.784,0.0295132565640153,0.0834578159284644,142.0,24b1556bbda618b6993eb64c1a76b5b1265d22dc,2026-08-18 08:07:04,2026-07-25 18:28:29,2026-07-25-DC-NY,empire,breeze,23,15,2026-07-25 14:00:00
mlabar,18.0,72.61,jcowan,2.52,58.22,0,0,0,"adavis4,aatkins,jcowan,ddemarre,bjagt,mlabar,srueschem",True,2026-07-25-DC-NY,5,4,1,10,249.0,1,5,True,True,99,home,64,1785003883.0,18,False,"khealey,mlee2,wvandenbr,ffarah,mwagner,jlightner,lblumenfe",65,143,0c78ffa6786987fbc11c9d8db817b6b79ab8e7839dafb8560063c8fb7af5574d,1785003883.0,False,99,246.882352941176,21.1353377072617,-15.48,-14.39,132.910120498867,3c8b2f53eb07e334767c78757773f107263ad26d60f64e8fbce51c1b79afcc96,0.964839910790252,0.0351600892097478,0.646369171830324,0.814245395898947,0.765963949137404,0.780897801637239,2406.88235294118,1.0,0.776,-0.0482814467615437,-0.136530649806294,143.0,8f802f1c08025baed62b374a1741526fdc454906,2026-08-18 08:07:04,2026-07-25 18:28:29,2026-07-25-DC-NY,empire,breeze,23,15,2026-07-25 14:00:00
jcowan,2.52,58.22,mlabar,-6.96,64.09,0,0,0,"adavis4,aatkins,jcowan,ddemarre,bjagt,mlabar,srueschem",True,2026-07-25-DC-NY,5,4,1,10,249.0,1,6,True,True,100,home,65,1785003889.0,18,False,"khealey,mlee2,wvandenbr,ffarah,mwagner,jlightner,lblumenfe",66,144,bf966f6dab6086513b8ee798df81c423e819417913109631f66e9678738a613a,1785003889.0,False,100,246.352941176471,11.1502152445592,-9.48,5.87,58.2342783182571,fc88365aa0a09acb17a5eadb9161855c656e8ca5814feca75066ae214d380571,0.980149724248265,0.0198502757517347,0.646369171830324,0.765941663765396,0.790156511420107,0.755706647361731,2406.35294117647,1.0,0.78,0.0242148476547113,0.0684749341001817,144.0,43f263d14b74ccd89d306ed7b978fba3b02e4044,2026-08-18 08:07:04,2026-07-25 18:28:29,2026-07-25-DC-NY,empire,breeze,23,15,2026-07-25 14:00:00
mlabar,-6.96,64.09,jcowan,2.45,57.4,0,0,0,"adavis4,aatkins,jcowan,ddemarre,bjagt,mlabar,srueschem",True,2026-07-25-DC-NY,5,4,1,10,249.0,1,7,True,True,101,home,66,1785003891.0,18,False,"khealey,mlee2,wvandenbr,ffarah,mwagner,jlightner,lblumenfe",67,145,3324a5fe75075936fb899b7391c7433701cd984e8d161ce027a2917ae6479de9,1785003891.0,False,101,245.823529411765,11.5457438045368,9.41,-6.69,-125.41076427126,51c1738e0ba8ad74731194a66fa5400d397f423cf9a54d1f36dc298f3e89efb9,0.984387806450315,0.015612193549685,0.646369171830324,0.790135652167907,0.762524235884546,0.784347953447276,2405.82352941176,1.0,0.775,-0.0276114162833612,-0.0780797772249451,145.0,48962db6d9cb52f381ad50a77273952f1dced664,2026-08-18 08:07:04,2026-07-25 18:28:29,2026-07-25-DC-NY,empire,breeze,23,15,2026-07-25 14:00:00
jcowan,2.45,57.4,mlabar,-9.83,60.54,0,0,0,"adavis4,aatkins,jcowan,ddemarre,bjagt,mlabar,srueschem",True,2026-07-25-DC-NY,5,4,1,10,249.0,1,8,True,True,102,home,67,1785003896.0,18,False,"khealey,mlee2,wvandenbr,ffarah,mwagner,jlightner,lblumenfe",68,146,fe5d1cf58a1771d33d42b5d6cc7a99bd774501dcb9a5ea537e149f3933bc4ece,1785003896.0,False,102,245.294117647059,12.6750936880167,-12.28,3.14,75.6567786377698,e2724831331ebc1b98312058d5e341751f14f2af7dd9b5760a3928a8b7865a91,0.979008980304541,0.0209910196954586,0.646369171830324,0.762501184490177,0.773952815716886,0.769133379054837,2405.29411764706,1.0,0.777,0.0114516312267087,0.032383011645167,146.0,936f024adbebc8b262035ec0ca82dbb707dc7b03,2026-08-18 08:07:04,2026-07-25 18:28:29,2026-07-25-DC-NY,empire,breeze,23,15,2026-07-25 14:00:00
mlabar,-9.83,60.54,jcowan,4.36,59.86,0,0,0,"adavis4,aatkins,jcowan,ddemarre,bjagt,mlabar,srueschem",True,2026-07-25-DC-NY,5,4,1,10,249.0,1,9,True,True,103,home,68,1785003901.0,18,False,"khealey,mlee2,wvandenbr,ffarah,mwagner,jlightner,lblumenfe",69,147,fe3a39fabfcae7e15dda1b4c858429048f9dd40a9fcae0fa4c6bb11fd412a1a1,1785003901.0,False,103,244.764705882353,14.2062838209012,14.19,-0.68,-92.7435762699638,79c61fd7e57fd7ad23784ce18981b53d0d10de488229ab8201cba9f3054a502c,0.977105317361664,0.0228946826383365,0.646369171830324,0.773930281112758,0.772542535760045,0.773690881696786,2404.76470588235,1.0,0.777,-0.00138774535271291,-0.00392427707701732,147.0,af6427b6f7bd0ad4b4ae9d72c2e89eea36ae44e6,2026-08-18 08:07:04,2026-07-25 18:28:29,2026-07-25-DC-NY,empire,breeze,23,15,2026-07-25 14:00:00
jcowan,4.36,59.86,mlabar,-7.98,66.61,0,0,0,"adavis4,aatkins,jcowan,ddemarre,bjagt,mlabar,srueschem",True,2026-07-25-DC-NY,5,4,1,10,249.0,1,10,True,True,104,home,69,1785003904.0,18,False,"khealey,mlee2,wvandenbr,ffarah,mwagner,jlightner,lblumenfe",70,148,804377fd9ec716326088335a56def66daba98dbffafe94b375837e02868c4172,1785003904.0,False,104,244.235294117647,14.0654932369967,-12.34,6.75,61.3212691810427,1b940980c96e48bf66afc5cc3c69fbf7ab97943c77fbd2419d6cf7aa7573f09c,0.973385449269723,0.0266145507302772,0.646369171830324,0.772519635191435,0.800693929956078,0.74504731271732,2404.23529411765,1.0,0.781,0.0281742947646433,0.0796714893621348,148.0,3308b23212594d4ba6a3068624b05e0c5dd09734,2026-08-18 08:07:04,2026-07-25 18:28:29,2026-07-25-DC-NY,empire,breeze,23,15,2026-07-25 14:00:00
mlabar,-7.98,66.61,adavis4,-15.9,75.0,0,0,0,"adavis4,aatkins,jcowan,ddemarre,bjagt,mlabar,srueschem",True,2026-07-25-DC-NY,5,4,1,10,249.0,1,11,True,True,105,home,70,1785003907.0,18,False,"khealey,mlee2,wvandenbr,ffarah,mwagner,jlightner,lblumenfe",71,149,157a74c68147c56d7e4db761a3417a733701d57f9ed8c2d4e9af0efed3da49f2,1785003907.0,False,105,243.705882352941,11.5376990773724,-7.92,8.39,43.3493828250582,0f6130b76f485ac7b8f57ced1e422efef90865d8aacb04791eebc38a6611ef86,0.977519121622776,0.0224808783772236,0.646369171830324,0.800672888497592,0.830826507510967,0.701881606462116,2403.70588235294,1.0,0.787,0.0301536190133749,0.0852686378318431,149.0,ca1565d4a564660a438f3bf25ab19f4df4fe30af,2026-08-18 08:07:04,2026-07-25 18:28:29,2026-07-25-DC-NY,empire,breeze,23,15,2026-07-25 14:00:00
adavis4,-15.9,75.0,mlabar,-5.53,76.15,0,0,0,"adavis4,aatkins,jcowan,ddemarre,bjagt,mlabar,srueschem",True,2026-07-25-DC-NY,5,4,1,10,249.0,1,12,True,True,106,home,71,1785003908.0,18,False,"khealey,mlee2,wvandenbr,ffarah,mwagner,jlightner,lblumenfe",72,150,9d76ac14fcb9f161042727f80c578110bb4de1322611d950c104e3384972e6ca,1785003908.0,False,106,243.176470588235,10.4335708173185,10.37,1.15000000000001,-83.6719369117228,67d4ce6e3001c97d028c490bba540df734b73a6d889c2a37dcf8ae008c5773a4,0.975649445063504,0.0243505549364956,0.646369171830324,0.830807758734511,0.842315170992473,0.709330757195536,2403.17647058824,1.0,0.789,0.0115074122579613,0.0325407496781923,150.0,7a13c0b5657287ffd56b0d1c7104e9b358fd70fb,2026-08-18 08:07:04,2026-07-25 18:28:29,2026-07-25-DC-NY,empire,breeze,23,15,2026-07-25 14:00:00
mlabar,-5.53,76.15,ddemarre,1.7,73.09,0,0,0,"adavis4,aatkins,jcowan,ddemarre,bjagt,mlabar,srueschem",True,2026-07-25-DC-NY,5,4,1,10,249.0,1,13,True,True,107,home,72,1785003912.0,18,False,"khealey,mlee2,wvandenbr,ffarah,mwagner,jlightner,lblumenfe",73,151,b1111f3495dc0db8690dd604433eb7f7ff9332fcd803e82bfe086887b5ef4b06,1785003912.0,False,107,242.647058823529,7.85089166910358,7.23,-3.06,-112.939855686529,67068d781045fc631256420cfcd1a421cb5308be53ccb1edd6bca93fb999982d,0.984924800667098,0.015075199332902,0.646369171830324,0.842297247954312,0.829503625853192,0.720981330352265,2402.64705882353,1.0,0.786,-0.0127936221011201,-0.0361779038533982,151.0,3232f684c3df48921b2b2dbf6d0dbc9d53992491,2026-08-18 08:07:04,2026-07-25 18:28:29,2026-07-25-DC-NY,empire,breeze,23,15,2026-07-25 14:00:00
ddemarre,1.7,73.09,mlabar,-11.94,82.36,0,0,0,"adavis4,aatkins,jcowan,ddemarre,bjagt,mlabar,srueschem",True,2026-07-25-DC-NY,5,4,1,10,249.0,1,14,True,True,108,home,73,1785003916.0,18,False,"khealey,mlee2,wvandenbr,ffarah,mwagner,jlightner,lblumenfe",74,152,fd1feb19cc78a360515f352a226b60304407c5afdb07280132621415818534de,1785003916.0,False,108,242.117647058824,16.491891947257,-13.64,9.27,55.7992368979642,da684efae1e2854bc808a70f9958ed4eaa8a5fb734f87c4bca517ed9958057fa,0.960714651642432,0.0392853483575679,0.646369171830324,0.829484320735278,0.866424916234738,0.683723846548645,2402.11764705882,1.0,0.793,0.0369405954994602,0.104460902604723,152.0,8497f20931d9f249d2efda24c3061d4eb592be4f,2026-08-18 08:07:04,2026-07-25 18:28:29,2026-07-25-DC-NY,empire,breeze,23,15,2026-07-25 14:00:00
mlabar,-11.94,82.36,ddemarre,-12.55,73.5,0,0,0,"adavis4,aatkins,jcowan,ddemarre,bjagt,mlabar,srueschem",True,2026-07-25-DC-NY,5,4,1,10,249.0,1,15,True,True,109,home,74,1785003922.0,18,False,"khealey,mlee2,wvandenbr,ffarah,mwagner,jlightner,lblumenfe",75,153,cbf03eb7ab37dd1ca81c397bb98683d9f555afa4c6a55ef69c5cd52c2133ca25,1785003922.0,False,109,241.588235294118,8.88097404567765,-0.610000000000001,-8.86,176.061471941778,3d6e0c2376b713b0b7c1dd2ca767ae709ce565cc96e6997ea2e55653195c37f8,0.982130973453094,0.0178690265469057,0.646369171830324,0.866408936595196,0.828150419279567,0.714240660714815,2401.58823529412,1.0,0.786,-0.0382585173156296,-0.108187732143287,153.0,6e71115bc031e7176959cba520811dfcba32a8b2,2026-08-18 08:07:04,2026-07-25 18:28:29,2026-07-25-DC-NY,empire,breeze,23,15,2026-07-25 14:00:00
ddemarre,-12.55,73.5,aatkins,-23.67,85.56,0,0,0,"adavis4,aatkins,jcowan,ddemarre,bjagt,mlabar,srueschem",True,2026-07-25-DC-NY,5,4,1,10,249.0,1,16,True,True,110,home,75,1785003931.0,18,False,"khealey,mlee2,wvandenbr,ffarah,mwagner,jlightner,lblumenfe",76,154,19bb29f16c5ac5357255233b8b1dcc950db744bdd0f0647061950938b6ab0cb1,1785003931.0,False,110,241.058823529412,16.4042067775312,-11.12,12.06,42.677802458935,5ca40e3357b3d91cfd964b147e6586e218808da656e1d68cdd00721fd11ae147,0.945855095511301,0.0541449044886994,0.646369171830324,0.828130544049034,0.854710994849089,0.62650274421026,2401.05882352941,1.0,0.791,0.0265804508000548,0.0751644050311732,154.0,b3fc79914bc991ebee98fd805ca60dfd9107600c,2026-08-18 08:07:04,2026-07-25 18:28:29,2026-07-25-DC-NY,empire,breeze,23,15,2026-07-25 14:00:00
aatkins,-23.67,85.56,bjagt,-15.28,117.88,0,0,0,"adavis4,aatkins,jcowan,ddemarre,bjagt,mlabar,srueschem",True,2026-07-25-DC-NY,6,4,1,10,249.0,1,17,True,True,111,home,76,1785003942.0,19,False,"khealey,mlee2,wvandenbr,ffarah,mwagner,jlightner,lblumenfe",77,155,14e62b31c3d3fdeb63ca60ce5b7699d64d4b52d5720a8b0b1031aea5047067a0,1785003942.0,False,111,240.529411764706,33.3912338795678,8.39,32.32,-14.5522952251892,5146b3e0cce7051302288cc7d05b345621301c0de3e79276d9762ad320ae95c6,0.774991055645949,0.225008944354051,0.646369171830324,0.854693454780403,1.0,0.625684635384574,2400.52941176471,1.0,0.813,0.145306545219597,0.410898976120592,155.0,647fcb7602bf08e3c76cec24ce37c98239ca2f57,2026-08-18 08:07:04,2026-07-25 18:28:29,2026-07-25-DC-NY,empire,breeze,23,15,2026-07-25 14:00:00
aroy,-20.77,7.82,jwodatch1,-15.83,16.61,0,0,0,"tshapinsk,jnissen,amerriman,smott,jwodatch1,mgrovic,aroy",False,2026-07-25-DC-NY,6,4,1,11,240.0,1,1,True,True,112,away,80,1785004097.0,18,False,"lbarry,ochartock,relston,ofay,cpanarell,dschnaudi,aagami",81,166,46fe2fc235aa0619e95a03ce6279747431af0f2d7059051fafae2f9421eba4c5,1785004097.0,False,112,240.0,10.0830402161253,4.94,8.79,-29.3360857719932,1de6bda767325a57a933e091c95c12645b75e136b11f602c68802dadc68a7e76,0.987325433986812,0.0126745660131875,0.577260636102458,0.577260636102458,0.617777287311197,0.928017500090627,2400.0,2.0,0.825,0.040516651208739,0.0958431001910646,166.0,66bdd146a03bbd490fc53bfe423e932b8cda8df7,2026-08-18 08:07:04,2026-07-29 08:08:24,2026-07-25-DC-NY,empire,breeze,23,15,2026-07-25 14:00:00
jwodatch1,-15.83,16.61,aroy,-2.85,16.95,0,0,0,"tshapinsk,jnissen,amerriman,smott,jwodatch1,mgrovic,aroy",False,2026-07-25-DC-NY,6,4,1,11,240.0,1,2,True,True,113,away,81,,18,False,"lbarry,ochartock,relston,ofay,cpanarell,dschnaudi,aagami",82,167,06039a914470f93eb7b081b92d34f9afc9f70fd10da62219534a4c457e927d86,1785004097.5,True,113,225.6,12.9844522410458,12.98,0.34,-88.4995291643456,fe89f79b1237c4957be7616b26830e66dc2fe679445d21caa6ba1bbb53c7ec72,0.986448366476671,0.0135516335233289,0.577260636102458,0.616704787309706,0.628942092138652,0.931466037109387,2385.6,2.0,0.824,0.0122373048289457,0.028947635053715,167.0,cb8c4b4bc74bc142fea8c03b8127be11a4cb482d,2026-08-18 08:07:04,2026-07-29 08:08:24,2026-07-25-DC-NY,empire,breeze,23,15,2026-07-25 14:00:00
aroy,-2.85,16.95,mgrovic,13.21,26.36,0,0,0,"tshapinsk,jnissen,amerriman,smott,jwodatch1,mgrovic,aroy",False,2026-07-25-DC-NY,6,4,1,11,240.0,1,3,True,True,114,away,82,,18,False,"lbarry,ochartock,relston,ofay,cpanarell,dschnaudi,aagami",83,168,0d649905ba6885ffab5f0450f9bfb07242f6d7749e9181c122f862c44516650d,1785004098.0,True,114,211.2,18.6137502938016,16.06,9.41,-59.632777987656,3b7dffbe49231c0523a84fdc51bc1b148b5235e11fb8384f1028482b62b92df4,0.975705960060042,0.0242940399399584,0.577260636102458,0.627553184314372,0.644796260362322,0.908253787620818,2371.2,2.0,0.822,0.0172430760479505,0.0407889056958737,168.0,9d4bb89aad571f5edb0a77c0f9443928a6a5d8ac,2026-08-18 08:07:04,2026-07-29 08:08:24,2026-07-25-DC-NY,empire,breeze,23,15,2026-07-25 14:00:00
mgrovic,13.21,26.36,jwodatch1,3.53,32.54,0,0,0,"tshapinsk,jnissen,amerriman,smott,jwodatch1,mgrovic,aroy",False,2026-07-25-DC-NY,6,4,1,11,240.0,1,4,True,True,115,away,83,,18,False,"lbarry,ochartock,relston,ofay,cpanarell,dschnaudi,aagami",84,169,d8f1e8e7ef9527f3c62314766b5d7b48466f563128cd9b3057bfd30d6de0e9da,1785004098.5,True,115,196.8,11.4845461381806,-9.68,6.18,57.4446280482515,32927d84fdc6ed8acf4a6c24331a8bdf5e5439bb576395705fdcec501eb740d1,0.984098917556736,0.0159010824432644,0.577260636102458,0.643061055862005,0.667892338265879,0.886781714614703,2356.8,2.0,0.819,0.0248312824038741,0.058738987954508,169.0,1da6fb9dfb402c0802c7a8e067f30ffb0a5d605f,2026-08-18 08:07:04,2026-07-29 08:08:24,2026-07-25-DC-NY,empire,breeze,23,15,2026-07-25 14:00:00
jwodatch1,3.53,32.54,,16.71,86.36,1,0,0,"tshapinsk,jnissen,amerriman,smott,jwodatch1,mgrovic,aroy",False,2026-07-25-DC-NY,6,4,1,11,240.0,1,5,True,True,116,away,84,1785004099.0,22,False,"lbarry,ochartock,relston,ofay,cpanarell,dschnaudi,aagami",85,170,36518248c281136bdf3d724dc2fb9ea39e5363746a8b6b71d766fa1418ab97fb,1785004099.0,False,116,182.4,55.4103311666696,13.18,53.82,-13.7603751739696,0caaaf9b4ba259a661f7202eb485e7498632c06ce123225baa233a494963514f,0.692329164579678,-0.692329164579678,0.577260636102458,0.665803419102947,0.874094023755499,0.656035188288478,2342.4,2.0,0.873,-0.656035188288478,-0.656035188288478,170.0,1967b973119352120f28fd544409acd95c7840d9,2026-08-18 08:07:04,2026-07-29 08:08:24,2026-07-25-DC-NY,empire,breeze,23,15,2026-07-25 14:00:00
aagami,-3.55,34.63,ochartock,-11.6,51.34,0,0,0,"lbarry,ochartock,relston,ofay,cpanarell,dschnaudi,aagami",True,2026-07-25-DC-NY,6,4,1,11,168.0,2,1,False,False,117,home,80,1785004015.0,18,False,"tshapinsk,jnissen,amerriman,smott,jwodatch1,mgrovic,aroy",81,159,ec0132be091a17f1ebbb2858e58bb70942b171db8f20ecdd0e37b86a7b35f78b,1785004015.0,False,117,168.0,18.5479540650714,-8.05,16.71,25.7223237808738,293de71ba1fe39b25c0c6d839bd76dd06b9d3c27d43d57f374f9d409ceaa4dfb,0.96098506253801,0.0390149374619901,0.669694358789808,0.669694358789808,0.726881102119245,0.801056670623915,2328.0,2.0,0.879,0.057186743329437,0.17313280851006,159.0,7625af3470ae7ded7e9cd692d8dcfb323f7ad49c,2026-08-18 08:07:04,2026-07-25 18:28:29,2026-07-25-DC-NY,empire,breeze,23,15,2026-07-25 14:00:00
ochartock,-11.6,51.34,relston,-2.26,96.4,0,0,0,"lbarry,ochartock,relston,ofay,cpanarell,dschnaudi,aagami",True,2026-07-25-DC-NY,6,4,1,11,168.0,2,2,False,False,118,home,81,1785004023.0,18,False,"tshapinsk,jnissen,amerriman,smott,jwodatch1,mgrovic,aroy",82,160,debade7914f94ed408ee6edbeca6d690c67732e06c0937fa2439848ad25c485a,1785004023.0,False,118,155.0,46.0178139419942,9.34,45.06,-11.7103908285828,3dae94eb2017d731a4a273e52d546ba3636cf05c3a3445b8639f8ed3f2de53cb,0.708968923631403,0.291031076368597,0.669694358789808,0.723907298269839,0.916442829476736,0.634188166634336,2315.0,2.0,0.898,0.192535531206897,0.582901129092058,160.0,06cb8f9228c6d2be6e9b4b14dbb00726e840f0c8,2026-08-18 08:07:04,2026-07-25 18:28:29,2026-07-25-DC-NY,empire,breeze,23,15,2026-07-25 14:00:00
relston,-2.26,96.4,ofay,-12.49,104.45,0,0,0,"lbarry,ochartock,relston,ofay,cpanarell,dschnaudi,aagami",True,2026-07-25-DC-NY,7,4,1,11,168.0,2,3,False,False,119,home,82,1785004030.0,19,False,"tshapinsk,jnissen,amerriman,smott,jwodatch1,mgrovic,aroy",83,161,4f947f5d91a9eec778d1c9d4517b11722a838571c31736aed771c744df499105,1785004030.0,False,119,142.0,13.0175036009213,-10.23,8.05,51.8007477804505,b8e48f29a27dc2d75387d17207972398946b6387ff7ad3e0c5a4b51d705fd748,0.957785612873034,0.0422143871269665,0.669694358789808,0.914766434391041,1.0,0.613863979711228,2302.0,2.0,0.9,0.0852335656089588,0.258044535045406,161.0,52888b4108e35d96814fea1c69da7e24bc4b7b3b,2026-08-18 08:07:04,2026-07-25 18:28:29,2026-07-25-DC-NY,empire,breeze,23,15,2026-07-25 14:00:00
jnissen,0.0,40.0,cboxley,15.47,59.65,0,0,0,"ilee,wvandenbr,amerriman,jnissen,cboxley,mgrovic,jwodatch1",False,2026-07-25-DC-NY,7,4,1,12,129.0,1,1,True,True,120,away,87,1785004131.0,18,False,"aagami,adavis2,mbrownlee,sjonas,jrandolph,dschnaudi,nwhitlock",88,173,1519fd3a2aecb95275eb97d7c4027b5eaac1936cfc4665e1c44668396ce0b2dd,1785004131.0,False,120,129.0,25.0088664277292,15.47,19.65,-38.2125574597203,44a388d97331710dac773ec9b063a88635b8fc59231dee4e231e8cb27ae083f7,0.938720158033373,0.0612798419666266,0.630052800582138,0.673106185314787,0.742236262123124,0.746922375433034,2289.0,3.0,0.905,0.0691300768083368,0.186864711821357,173.0,cba829fc55f6560973101442cf18c87623667b7e,2026-08-18 08:07:04,2026-07-29 08:08:24,2026-07-25-DC-NY,empire,breeze,23,15,2026-07-25 14:00:00
cboxley,15.47,69.65,ilee,1.47,61.99,0,0,0,"ilee,wvandenbr,amerriman,jnissen,cboxley,mgrovic,jwodatch1",False,2026-07-25-DC-NY,7,4,1,12,129.0,1,2,True,True,121,away,89,,18,False,"aagami,adavis2,mbrownlee,sjonas,jrandolph,dschnaudi,nwhitlock",90,175,df8744f0951cf775e983b111de75d361a788337442e76d54afe48d27eefbe733,1785004132.71429,True,121,116.714285714286,15.9585588321753,-14.0,-7.66,118.68495903723,1e0a33033fcb2b47eb5d40a5271aba53ce8115e8bd20ea8a23da903a71f7c4ea,0.973569604628874,0.0264303953711262,0.630052800582138,0.782317859090391,0.755396086858357,0.737301306611947,2276.71428571429,3.0,0.904,-0.026921772232034,-0.0727719314388574,175.0,1f14fb1e5500cca6e6644b68354d586cd80b1e6b,2026-08-18 08:07:04,2026-07-29 08:08:24,2026-07-25-DC-NY,empire,breeze,23,15,2026-07-25 14:00:00
ilee,1.47,61.99,wvandenbr,13.89,59.72,0,0,0,"ilee,wvandenbr,amerriman,jnissen,cboxley,mgrovic,jwodatch1",False,2026-07-25-DC-NY,7,4,1,12,129.0,1,3,True,True,122,away,90,,18,False,"aagami,adavis2,mbrownlee,sjonas,jrandolph,dschnaudi,nwhitlock",91,176,f0849886c9bf7bc61a37c88ca6371bd8f5da9c16ee4e7f2b8ea24ffe0ed7919c,1785004133.57143,True,122,104.428571428571,12.6257395822977,12.42,-2.27,-100.357612473519,1ae622cd8ac28a4e12507cefcc002e1d08e7ed955699e6e017564523285708b0,0.982131182084947,0.0178688179150531,0.630052800582138,0.745424104333828,0.727612337721234,0.731327467524476,2264.42857142857,3.0,0.906,-0.0178117666125948,-0.0481467805152271,176.0,3b6412d984a20bbbe0c7270e20332d4215930ec3,2026-08-18 08:07:04,2026-07-29 08:08:24,2026-07-25-DC-NY,empire,breeze,23,15,2026-07-25 14:00:00
wvandenbr,13.89,59.72,amerriman,19.25,65.76,0,0,0,"ilee,wvandenbr,amerriman,jnissen,cboxley,mgrovic,jwodatch1",False,2026-07-25-DC-NY,7,4,1,12,129.0,1,4,True,True,123,away,91,,18,False,"aagami,adavis2,mbrownlee,sjonas,jrandolph,dschnaudi,nwhitlock",92,177,fc1b896253e9dea189279687777feb5e0a5849c5644f04486db849a8b97767a5,1785004134.42857,True,123,92.1428571428571,8.07534519386014,5.36,6.04000000000001,-41.5864017252281,c2755c235997afe7a8f95de7dc7df8db09536f09b5f2accc1320ef86c1b58548,0.986580848714084,0.0134191512859156,0.630052800582138,0.713855030221637,0.728843474910306,0.673813234779541,2252.14285714286,3.0,0.906,0.0149884446886698,0.0405150916462002,177.0,73f2e24ff28d3862a444da4bbcab0ca4f4a6208c,2026-08-18 08:07:04,2026-07-29 08:08:24,2026-07-25-DC-NY,empire,breeze,23,15,2026-07-25 14:00:00
amerriman,19.25,65.76,wvandenbr,5.25,60.34,0,0,0,"ilee,wvandenbr,amerriman,jnissen,cboxley,mgrovic,jwodatch1",False,2026-07-25-DC-NY,7,4,1,12,129.0,1,5,True,True,124,away,92,,18,False,"aagami,adavis2,mbrownlee,sjonas,jrandolph,dschnaudi,nwhitlock",93,178,2cb7b8b6a6552cebd3b10b1fa682edc4955daa882e7669641efe2a26f4540eae,1785004135.28571,True,124,79.8571428571429,15.0125414237563,-14.0,-5.42,111.163556056788,58cb9597ba3e46bc9971f9fa1bbe4606f091a8902e0ffbd9bbdb188e756ba80d,0.973374297270056,0.0266257027299445,0.630052800582138,0.7115831416351,0.706347129699277,0.702930630999276,2239.85714285714,3.0,0.907,-0.0052360119358229,-0.0141534033615125,178.0,9761c5bca97c8245b42cdd4e43f26cb46e384226,2026-08-18 08:07:04,2026-07-29 08:08:24,2026-07-25-DC-NY,empire,breeze,23,15,2026-07-25 14:00:00
wvandenbr,5.25,60.34,amerriman,0.99,55.33,0,0,0,"ilee,wvandenbr,amerriman,jnissen,cboxley,mgrovic,jwodatch1",False,2026-07-25-DC-NY,7,4,1,12,129.0,1,6,True,True,125,away,93,,18,False,"aagami,adavis2,mbrownlee,sjonas,jrandolph,dschnaudi,nwhitlock",94,179,7b39d3010284d473ed907ddbdfe42e8569f5f6b0b0d47f401659e5b6e1a3d7fd,1785004136.14286,True,125,67.5714285714286,6.5762983508962,-4.26,-5.01000000000001,139.625505870605,75b1dc20955baf1379b6218be463b80124b5df6edae37a1bb19a25f3d8f0f476,0.9900003157752,0.00999968422479958,0.630052800582138,0.684063836662327,0.659117552851652,0.707560296134171,2227.57142857143,3.0,0.91,-0.0249462838106753,-0.0674320115138865,179.0,ae70936a56b629e9bfab330d6b89b6a19df2d6b5,2026-08-18 08:07:04,2026-07-29 08:08:24,2026-07-25-DC-NY,empire,breeze,23,15,2026-07-25 14:00:00
amerriman,0.99,55.33,,21.24,101.8,1,0,0,"ilee,wvandenbr,amerriman,jnissen,cboxley,mgrovic,jwodatch1",False,2026-07-25-DC-NY,7,4,1,12,129.0,1,7,True,True,126,away,94,1785004137.0,22,False,"aagami,adavis2,mbrownlee,sjonas,jrandolph,dschnaudi,nwhitlock",95,180,453857bce1ccae0e6eb7f1340b7e4c0e2f5b79679978a8d35666587b63bdefc3,1785004137.0,False,126,55.2857142857143,50.6904665593048,20.25,46.47,-23.5458873793992,7e1ce37373a03a0ad926c37c66d9ff7119749b926e90df3dbdb962b16146647c,0.751599148119784,-0.751599148119784,0.630052800582138,0.630052800582138,0.875759927801457,0.45733294972597,2215.28571428571,3.0,0.933,-0.45733294972597,-0.45733294972597,180.0,3915fc9070077df994f4c3045690227ea6175feb,2026-08-18 08:07:04,2026-07-29 08:08:24,2026-07-25-DC-NY,empire,breeze,23,15,2026-07-25 14:00:00
aatkins,-24.22,21.13,bjagt,-24.9,47.25,0,0,0,"adavis4,aatkins,ddemarre,bjagt,mlabar,srueschem,jwilliams",True,2026-07-25-DC-NY,7,4,1,12,43.0,2,1,False,True,127,home,87,1785004227.0,18,False,"mlee2,ffarah,cjurek,lblumenfe,tgesell,mwagner,wvandenbr",88,184,814bc2e814620718242ef9c6ca71bf8ebb3120ed902a86c19dfc109a7b8fe982,1785004227.0,False,127,43.0,26.1288499555568,-0.68,26.12,1.49128375337982,4ff5b46441bd499f144f6e278437f642b020057969ebc0342c6d0b1008d3b738,0.824008338305246,0.175991661694754,0.39715351161491,0.39715351161491,0.482283370899115,0.637910343510916,2203.0,3.0,0.933,0.0851298592842051,0.141213162760973,184.0,bdd508b7069abfa87e9f0c9168d0b5257689b28b,2026-08-18 08:07:04,2026-07-25 18:33:32,2026-07-25-DC-NY,empire,breeze,23,15,2026-07-25 14:00:00
bjagt,-24.9,47.25,,-5.87,53.45,1,0,0,"adavis4,aatkins,ddemarre,bjagt,mlabar,srueschem,jwilliams",True,2026-07-25-DC-NY,7,4,1,12,43.0,2,2,False,True,128,home,88,1785004233.0,22,False,"mlee2,ffarah,cjurek,lblumenfe,tgesell,mwagner,wvandenbr",89,186,3623743127fbf11c37fd48339b541a9313589872cc2402f4a22d41e6915a2d9d,1785004233.0,False,128,39.375,20.0145172312499,19.03,6.2,-71.9543197205472,9c4fdd0345bff690c51bd69108276503a4871c0eef1e04c9e760b50821c30a66,0.947540951270126,-0.947540951270126,0.39715351161491,0.469961567214857,0.57170905722695,0.646502000020704,2199.375,3.0,0.911,-0.646502000020704,-0.646502000020704,186.0,3a0c5de41dc7cba835e2f9a7b8d3806fbfeab0d9,2026-08-18 08:07:04,2026-07-25 18:33:32,2026-07-25-DC-NY,empire,breeze,23,15,2026-07-25 14:00:00
ffarah,-4.74,67.93,tgesell,4.66,72.3,0,0,0,"mlee2,ffarah,cjurek,lblumenfe,tgesell,mwagner,wvandenbr",False,2026-07-25-DC-NY,7,4,1,12,43.0,3,1,True,False,129,away,97,1785004235.0,18,False,"adavis4,aatkins,ddemarre,bjagt,mlabar,srueschem,jwilliams",98,187,2836f617a7cb7b9062661215161b062b42b4753eaa7123fa74b9657e85691422,1785004235.0,False,129,35.75,10.3661420017285,9.4,4.36999999999999,-65.066584199754,bfbc5588d783989759760eb23364547303f8fa2f36f826a3830e1419346182fc,0.979967768985005,0.0200322310149949,0.60694120821803,0.643539287050789,0.672006537467405,0.530750199023175,2195.75,3.0,0.91,0.0284672504166167,0.0724249171162352,187.0,7f8c60625526d6c07eee0b1d428171ccaf455ac0,2026-08-18 08:07:04,2026-07-25 18:33:32,2026-07-25-DC-NY,empire,breeze,23,15,2026-07-25 14:00:00
tgesell,4.66,72.3,cjurek,1.47,76.47,0,0,0,"mlee2,ffarah,cjurek,lblumenfe,tgesell,mwagner,wvandenbr",False,2026-07-25-DC-NY,7,4,1,12,43.0,3,2,True,False,130,away,98,1785004236.0,18,False,"adavis4,aatkins,ddemarre,bjagt,mlabar,srueschem,jwilliams",99,188,707dde7aeb8536086d91ff5675446d16c1844a4733102182d96019c4490295a5,1785004236.0,False,130,32.125,5.25023808983936,-3.19,4.17,37.4155552392597,58e030ca864444b3efe62206d39f3228af5072ed0abccac0691f0bdbf98f62c5,0.986517245912555,0.013482754087445,0.60694120821803,0.659968173539829,0.688843402312818,0.498809729496842,2192.125,3.0,0.908,0.0288752287729888,0.0734628747065551,188.0,2418b4f74049201fd43676d1ae76d89ab5eade81,2026-08-18 08:07:04,2026-07-29 08:08:24,2026-07-25-DC-NY,empire,breeze,23,15,2026-07-25 14:00:00
cjurek,1.47,76.47,wvandenbr,6.55,71.73,0,0,0,"mlee2,ffarah,cjurek,lblumenfe,tgesell,mwagner,wvandenbr",False,2026-07-25-DC-NY,7,4,1,12,43.0,3,3,True,False,131,away,99,1785004239.0,18,False,"adavis4,aatkins,ddemarre,bjagt,mlabar,srueschem,jwilliams",100,189,df139248ef3bf23ead8cf54eff348b86a3031da00d33ff244329b9c13460cad7,1785004239.0,False,131,28.5,6.94794933775427,5.08,-4.73999999999999,-133.017027860732,c72f2d85ce6ca5e94d25f64afe39920d15974233ef130e56b4731ce08f90fafd,0.986547013121451,0.0134529868785493,0.60694120821803,0.67659138669808,0.642811317045592,0.505395001002728,2188.5,3.0,0.911,-0.0337800696524884,-0.0859415190774469,189.0,62f54f380acb6830ee88ff15fd4a8e543d966b7f,2026-08-18 08:07:04,2026-07-29 08:08:24,2026-07-25-DC-NY,empire,breeze,23,15,2026-07-25 14:00:00
wvandenbr,6.55,71.73,mlee2,-4.57,80.73,0,0,0,"mlee2,ffarah,cjurek,lblumenfe,tgesell,mwagner,wvandenbr",False,2026-07-25-DC-NY,7,4,1,12,43.0,3,4,True,False,132,away,100,1785004243.0,18,False,"adavis4,aatkins,ddemarre,bjagt,mlabar,srueschem,jwilliams",101,190,a33891aaf2ab705b8e39225fe889349f7b5de1e36edacfc702faaa1de46cd8cb,1785004243.0,False,132,24.875,14.3057470968838,-11.12,9.0,51.0149353561604,c5b7662b60756885c34c0d5e467fc82ff879d3ca2d48e25d75e4709f76f3d4b2,0.967485630440852,0.0325143695591475,0.60694120821803,0.6291376420379,0.694254061616906,0.452003087259206,2184.875,3.0,0.908,0.0651164195790058,0.165665851878785,190.0,98fdd31140aa44fb3a1eed1f7e590c38451df8b9,2026-08-18 08:07:04,2026-07-29 08:08:24,2026-07-25-DC-NY,empire,breeze,23,15,2026-07-25 14:00:00
mlee2,-4.57,80.73,wvandenbr,1.16,80.75,0,0,0,"mlee2,ffarah,cjurek,lblumenfe,tgesell,mwagner,wvandenbr",False,2026-07-25-DC-NY,7,4,1,12,43.0,3,5,True,False,133,away,101,1785004247.0,18,False,"adavis4,aatkins,ddemarre,bjagt,mlabar,srueschem,jwilliams",102,191,e07cad9974bb261e9a1d84fdecfd8c733acacf45b77f5642ebfcd5baf1ae8f61,1785004247.0,False,133,21.25,5.73003490390765,5.73,0.019999999999996,-89.8000155433212,6bc26aeeb4caed040c14dc842e10d886920b7079cd979d70acffbddc925adeeb,0.985421884048547,0.0145781159514534,0.60694120821803,0.681018763256384,0.681553681828125,0.437083529232215,2181.25,3.0,0.909,0.000534918571741372,0.00136091236966426,191.0,a73e0d150914a4dcb3d4a1b43d20eafa72904def,2026-08-18 08:07:04,2026-07-29 08:08:24,2026-07-25-DC-NY,empire,breeze,23,15,2026-07-25 14:00:00
wvandenbr,1.16,80.75,mlee2,10.05,80.16,0,0,0,"mlee2,ffarah,cjurek,lblumenfe,tgesell,mwagner,wvandenbr",False,2026-07-25-DC-NY,7,4,1,12,43.0,3,6,True,False,134,away,102,1785004250.0,18,False,"adavis4,aatkins,ddemarre,bjagt,mlabar,srueschem,jwilliams",103,192,ce4b69543a5faab72afd93cd6973d21f23c8e074766a200ad69d2ce362d88e59,1785004250.0,False,134,17.625,8.90955666686059,8.89,-0.590000000000003,-93.7969639554462,aaebddb9b0c2559cc9501074cd8834c0767d404c89c67150f0c58973d2607853,0.980741397993438,0.0192586020065616,0.60694120821803,0.667451427279632,0.660184597762953,0.421083891121218,2177.625,3.0,0.91,-0.00726682951667867,-0.0184878946066409,192.0,2df13d6c71c5c69fc8ddc7bfd5888743ae7883ad,2026-08-18 08:07:04,2026-07-25 18:33:32,2026-07-25-DC-NY,empire,breeze,23,15,2026-07-25 14:00:00
jnissen,10.05,80.16,smott,-3.87,78.42,0,0,0,"smott,jnissen,mgrovic,amerriman,jwodatch1,tshapinsk,cboxley",False,2026-07-25-DC-NY,7,4,1,12,14.0,3,7,True,True,135,away,104,1785004333.0,18,False,"aagami,adavis2,mbrownlee,sjonas,jrandolph,nwhitlock,jcowan",105,195,af58c1b012e42d8bfd5d2fb43c4825b4b935b5fff4a14b9aa6438d1257cc5db4,1785004333.0,False,135,14.0,14.0283284820395,-13.92,-1.73999999999999,97.1250163489018,24c925a752d3512f7762907683b9f82f9d360a2307151fe25a9bf5101c5a67a2,0.970817480329004,0.0291825196709959,0.60694120821803,0.645016692589792,0.633932322403497,0.414048967881472,2174.0,3.0,0.912,-0.0110843701862956,-0.0282002856011528,195.0,f19410a494d241b1ba5f74a0e8076ec7484f5520,2026-08-18 08:07:04,2026-07-25 18:33:32,2026-07-25-DC-NY,empire,breeze,23,15,2026-07-25 14:00:00
smott,-3.87,78.42,mgrovic,15.51,81.99,0,0,0,"smott,jnissen,mgrovic,amerriman,jwodatch1,tshapinsk,cboxley",False,2026-07-25-DC-NY,7,4,1,12,14.0,3,8,True,True,136,away,105,1785004339.0,18,False,"aagami,adavis2,mbrownlee,sjonas,jrandolph,nwhitlock,jcowan",106,196,186ade05b8d2a20ca849c365d3c26bb01c9afe68063c19d5535ce2b5487f375b,1785004339.0,False,136,9.33333333333333,19.7060726680889,19.38,3.56999999999999,-79.5625246488818,a19dde4ad62e41b7f377810d7479423562e79c98dcb35cff44e7f9df9b4bd2cf,0.957085732507044,0.0429142674929563,0.60694120821803,0.612767656253316,0.629314493581968,0.368279577994303,2169.33333333333,3.0,0.912,0.0165468373286524,0.0420976140837245,196.0,28d0f824dfce1f1d535ab73536c7bd44a5931e33,2026-08-18 08:07:04,2026-07-25 18:33:32,2026-07-25-DC-NY,empire,breeze,23,15,2026-07-25 14:00:00
mgrovic,15.51,81.99,,-15.45,109.95,1,0,0,"smott,jnissen,mgrovic,amerriman,jwodatch1,tshapinsk,cboxley",False,2026-07-25-DC-NY,7,4,1,12,14.0,3,9,True,True,137,away,106,1785004344.0,22,False,"aagami,adavis2,mbrownlee,sjonas,jrandolph,nwhitlock,jcowan",107,197,713f46d69d7538b052e0abf94475fb44e2b44b94b02b44eff3d564fe59ae8c22,1785004344.0,False,137,4.66666666666667,41.7167016912891,-30.96,27.96,47.9147832730361,9ef545685ecd13cc71ac4191105d14ca530d1053e0f47e086d85b2b4244cdfde,0.76699380910757,-0.76699380910757,0.60694120821803,0.60694120821803,0.839050524928158,0.294297541783174,2164.66666666667,3.0,0.929,-0.294297541783174,-0.294297541783174,197.0,00c6de9f48e724933e69b2f3f6a5f178ce95e8ea,2026-08-18 08:07:04,2026-07-25 18:33:32,2026-07-25-DC-NY,empire,breeze,23,15,2026-07-25 14:00:00
aroy,-0.3,20.97,cboxley,-0.66,42.23,0,0,0,"jwodatch1,gnorrbom,cboxley,aroy,amerriman,tshapinsk,smott",False,2026-07-25-DC-NY,7,4,2,1,720.0,1,1,True,True,138,away,109,1785004556.0,18,False,"lbarry,ochartock,relston,ofay,cpanarell,sjonas,dschnaudi",110,204,98b572d7cb99af7a51612edf3f278822bc5545481173371ec3f8e9dc5c1225ac,1785004556.0,False,138,720.0,21.2630477589644,-0.36,21.26,0.970108632609282,78a640d23e66b6313a7afb8f9956648139244959eaad91e4b17793abd8c16947,0.955856001576461,0.0441439984235392,0.697596793128966,0.697596793128966,0.755212654321661,0.87982101817235,2160.0,3.0,0.903,0.0576158611926948,0.190526621026431,204.0,7781f64b66991d84e8da3398b99b5c5ec38a173f,2026-08-18 08:07:04,2026-07-25 18:38:36,2026-07-25-DC-NY,empire,breeze,23,15,2026-07-25 14:00:00
cboxley,-0.66,42.23,amerriman,-10.28,46.82,0,0,0,"jwodatch1,gnorrbom,cboxley,aroy,amerriman,tshapinsk,smott",False,2026-07-25-DC-NY,7,4,2,1,720.0,1,2,True,True,139,away,110,1785004560.0,18,False,"lbarry,ochartock,relston,ofay,cpanarell,sjonas,dschnaudi",111,205,170f8ed21158cd8d90bd31dd82c3355c7d7771dec13f948f19fc042c323c3414,1785004560.0,False,139,714.363636363636,10.65891645525,-9.62,4.59,64.4927448220578,1e25c380e0722cbde9f985c5b70ee5b5cac2a7f06af9eaf3f11db0af8a0f2b1e,0.984295210381121,0.0157047896188787,0.697596793128966,0.748555295382991,0.761477587866553,0.857677428480499,2154.36363636364,3.0,0.903,0.0129222924835615,0.0427319955276548,205.0,2fd1e5faa1535f58216aa84bf2ccb566645e7b7d,2026-08-18 08:07:04,2026-07-25 18:38:36,2026-07-25-DC-NY,empire,breeze,23,15,2026-07-25 14:00:00
amerriman,-10.28,46.82,smott,-12.32,53.37,0,0,0,"jwodatch1,gnorrbom,cboxley,aroy,amerriman,tshapinsk,smott",False,2026-07-25-DC-NY,7,4,2,1,720.0,1,3,True,True,140,away,111,1785004562.0,18,False,"lbarry,ochartock,relston,ofay,cpanarell,sjonas,dschnaudi",112,206,45b1781434071ac623ba2ea313dc5e21d7ac6f199af6aec82d4990e6630f6453,1785004562.0,False,140,708.727272727273,6.86032798049772,-2.04,6.55,17.2992199943108,44842875dac75fa3113d823397b7c154e8553f2fab49b06bb2ca061598ed7dd4,0.986273749729906,0.0137262502700944,0.697596793128966,0.755453685284574,0.777027806312675,0.826875844249275,2148.72727272727,3.0,0.901,0.0215741210281006,0.0713422362524792,206.0,79cb3f03a021a334fd3aee2a8f611f0536fd9dcd,2026-08-18 08:07:04,2026-07-25 18:38:36,2026-07-25-DC-NY,empire,breeze,23,15,2026-07-25 14:00:00
smott,-12.32,53.37,,7.86,49.95,1,0,0,"jwodatch1,gnorrbom,cboxley,aroy,amerriman,tshapinsk,smott",False,2026-07-25-DC-NY,7,4,2,1,720.0,1,4,True,True,141,away,112,1785004570.0,22,False,"lbarry,ochartock,relston,ofay,cpanarell,sjonas,dschnaudi",113,208,9bed177abb4cebd8dd01f268505f02d8e89d18596870b1ec311f581d4a070ebc,1785004570.0,False,141,703.090909090909,20.4677502427599,20.18,-3.41999999999999,-99.618792220928,6b6f78d542ba6917aa1553a53726cdfccc2606891831f0c7c2548ec78c1c586c,0.966811024470271,-0.966811024470271,0.697596793128966,0.77175488507291,0.761906388052223,0.838609772522311,2143.09090909091,3.0,0.947,-0.838609772522311,-0.838609772522311,208.0,8acd4a17b334f2d8f108b3d4d274024ecf589195,2026-08-18 08:07:04,2026-07-25 18:38:36,2026-07-25-DC-NY,empire,breeze,23,15,2026-07-25 14:00:00
ofay,-14.12,79.29,sjonas,-1.64,76.56,0,0,0,"lbarry,ochartock,relston,ofay,cpanarell,sjonas,dschnaudi",True,2026-07-25-DC-NY,7,4,2,1,720.0,2,1,False,False,142,home,95,1785004576.0,18,False,"jwodatch1,gnorrbom,cboxley,aroy,amerriman,tshapinsk,smott",96,209,91fc72f8b7709f351e53d5228d9a790a94107ec0397b7011e9ee669ab2772361,1785004576.0,False,142,697.454545454545,12.7751046962442,12.48,-2.73,-102.339087278326,672b107c6f4d18d2228f5e07e3b7349c2c5376e66cbbe3ebb1286a2037bff5c8,0.97296273773776,0.0270372622622403,0.798932697771318,0.86786615552988,0.861113424408509,0.735140379392109,2137.45454545455,3.0,0.948,-0.00675273112137176,-0.0335844319117168,209.0,62265961e4cb81452119594f61d85593772f71b9,2026-08-18 08:07:04,2026-07-25 18:38:36,2026-07-25-DC-NY,empire,breeze,23,15,2026-07-25 14:00:00
sjonas,-1.64,76.56,lbarry,6.75,74.11,0,0,0,"lbarry,ochartock,relston,ofay,cpanarell,sjonas,dschnaudi",True,2026-07-25-DC-NY,7,4,2,1,720.0,2,2,False,False,143,home,96,1785004582.0,18,False,"jwodatch1,gnorrbom,cboxley,aroy,amerriman,tshapinsk,smott",97,210,e57830a6a7a057ee11cb7e18096eddddfb5f9251f8eb8eb638686c6d1043fc36,1785004582.0,False,143,691.818181818182,8.74040044849205,8.39,-2.45,-106.278559494952,cdfe53b0bc2be238a82d790afc770a98d1fb04341eb0fa510fb2f5e7577b6b91,0.983316239330185,0.0166837606698146,0.798932697771318,0.858085929946356,0.847894109443848,0.737997133580816,2131.81818181818,3.0,0.948,-0.0101918205025078,-0.0506886022219377,210.0,6db86c43d8621881c77472b0bca67d6295475d39,2026-08-18 08:07:04,2026-07-25 18:38:36,2026-07-25-DC-NY,empire,breeze,23,15,2026-07-25 14:00:00
lbarry,6.75,74.11,sjonas,-8.53,71.79,0,0,0,"lbarry,ochartock,relston,ofay,cpanarell,sjonas,dschnaudi",True,2026-07-25-DC-NY,7,4,2,1,720.0,2,3,False,False,144,home,97,1785004585.0,18,False,"jwodatch1,gnorrbom,cboxley,aroy,amerriman,tshapinsk,smott",98,211,5a964838510817eb141b0cd97c52931f3c38aa48d800e82cabea2f05429035fd,1785004585.0,False,144,686.181818181818,15.4551221282784,-15.28,-2.31999999999999,98.6334198273637,87b45969a7667e47ead4fdd49d067dd17e821e15d8b996d612cfdf1f2d43d53f,0.971049565950372,0.0289504340496284,0.798932697771318,0.844944425488402,0.835113672971325,0.741259393280209,2126.18181818182,3.0,0.947,-0.00983075251707666,-0.0488928453712267,211.0,61094d576bc6d356073b9793e64fe17ff049e1ca,2026-08-18 08:07:04,2026-07-25 18:38:36,2026-07-25-DC-NY,empire,breeze,23,15,2026-07-25 14:00:00
sjonas,-8.53,71.79,lbarry,0.68,64.22,0,0,0,"lbarry,ochartock,relston,ofay,cpanarell,sjonas,dschnaudi",True,2026-07-25-DC-NY,7,4,2,1,720.0,2,4,False,False,145,home,98,1785004587.0,18,False,"jwodatch1,gnorrbom,cboxley,aroy,amerriman,tshapinsk,smott",99,212,007014682901618bee1f9df01e9a7bb1df62a9042776ae8b51ecc3770b000c47,1785004587.0,False,145,680.545454545455,11.9217867788348,9.21,-7.57000000000001,-129.417902847585,aabb14aac6a75f4179cdb6c9cccd8d75210d0defb65cdf77954a9254079be885,0.982059807212414,0.0179401927875862,0.798932697771318,0.832285471644144,0.801841931148658,0.767662110008276,2120.54545454545,3.0,0.945,-0.0304435404954857,-0.151409702910626,212.0,a06bd48a4a4fbc064cf66913f36237ef17b2ffd8,2026-08-18 08:07:04,2026-07-25 18:38:36,2026-07-25-DC-NY,empire,breeze,23,15,2026-07-25 14:00:00
lbarry,0.68,64.22,,-6.21,67.09,1,0,0,"lbarry,ochartock,relston,ofay,cpanarell,sjonas,dschnaudi",True,2026-07-25-DC-NY,7,4,2,1,720.0,2,5,False,False,146,home,99,1785004591.0,22,False,"jwodatch1,gnorrbom,cboxley,aroy,amerriman,tshapinsk,smott",100,214,0c5688a9e5ac7a79f68d085f5a895baf8bd511072652d7231f679b6104f203a5,1785004591.0,False,146,674.909090909091,7.46384619348497,-6.89,2.87,67.3860400070569,35b874ed3d37a479155075196bf0cb8e170463aab41c0940bbed0009ad8e19fb,0.985645693846538,-0.985645693846538,0.798932697771318,0.798932697771318,0.810446595458127,0.752495052928587,2114.90909090909,3.0,0.904,-0.752495052928587,-0.752495052928587,214.0,9c8e121c1f7716730ab3c2e8b4e50326bf039e08,2026-08-18 08:07:04,2026-07-25 18:38:36,2026-07-25-DC-NY,empire,breeze,23,15,2026-07-25 14:00:00
tshapinsk,10.34,49.36,aroy,4.59,53.59,0,0,0,"jwodatch1,gnorrbom,cboxley,aroy,amerriman,tshapinsk,smott",False,2026-07-25-DC-NY,7,4,2,1,720.0,3,1,True,True,147,away,114,1785004595.0,18,False,"lbarry,ochartock,relston,ofay,cpanarell,sjonas,dschnaudi",115,215,f96cc05e4d310e179ce6bbd003ae45b35ad0c82358691e2ba207a76d63ea52e9,1785004595.0,False,147,669.272727272727,7.13830512096534,-5.75,4.23,53.6598605059918,9a5e6879e48a3b5c7398df856cdfc97d7ca8a7b94596608a9b58e4218e682cee,0.986926966453943,0.0130730335460572,0.733795672878495,0.733795672878495,0.75245596622903,0.805290250386762,2109.27272727273,3.0,0.903,0.0186602933505351,0.0700976334694135,215.0,cf35644b5aee52a7d0ea1d0cf8f5a728f27e8ec0,2026-08-18 08:07:04,2026-07-25 18:38:36,2026-07-25-DC-NY,empire,breeze,23,15,2026-07-25 14:00:00
aroy,4.59,53.59,tshapinsk,8.96,69.17,0,0,0,"jwodatch1,gnorrbom,cboxley,aroy,amerriman,tshapinsk,smott",False,2026-07-25-DC-NY,7,4,2,1,720.0,3,2,True,True,148,away,115,1785004600.0,18,False,"lbarry,ochartock,relston,ofay,cpanarell,sjonas,dschnaudi",116,216,3e1a204713d0641a1004e6a07ad0d87190d20dd04d6732b20608831589658e5f,1785004600.0,False,148,663.636363636364,16.1812638566955,4.37,15.58,-15.6681604217525,9aa62af4ae489e75c9c23b5ef75f0f70f9c24957ba95aa38e960e0301ccb1a41,0.962704317302081,0.0372956826979194,0.733795672878495,0.749813414370022,0.813866500539127,0.737829652156922,2103.63636363636,3.0,0.898,0.0640530861691054,0.240616247157656,216.0,da3d1e230d7e6fb306ce84d57b00e487a2550cb2,2026-08-18 08:07:04,2026-07-25 18:38:36,2026-07-25-DC-NY,empire,breeze,23,15,2026-07-25 14:00:00
tshapinsk,8.96,69.17,smott,-5.47,70.19,0,0,0,"jwodatch1,gnorrbom,cboxley,aroy,amerriman,tshapinsk,smott",False,2026-07-25-DC-NY,7,4,2,1,720.0,3,3,True,True,149,away,116,1785004604.0,18,False,"lbarry,ochartock,relston,ofay,cpanarell,sjonas,dschnaudi",117,217,b3d62048c37b2e08bc7b6ce322797e477b279a7f4ce69120d8fccff08014f760,1785004604.0,False,149,658.0,14.466004977187,-14.43,1.02,85.9567116546361,db04b0ff5cb51570c72ff33c6c72c05c711e65d5c788a9dbea69364d9bc947d1,0.972778024196584,0.027221975803416,0.733795672878495,0.812003079536219,0.817326922967902,0.732497517743439,2098.0,3.0,0.898,0.00532384343168246,0.0199990867513302,217.0,07234f953ffb41302ee967f83af18e9f3b1af7e7,2026-08-18 08:07:04,2026-07-25 18:38:36,2026-07-25-DC-NY,empire,breeze,23,15,2026-07-25 14:00:00
smott,-5.47,70.19,cboxley,13.91,73.68,0,0,0,"jwodatch1,gnorrbom,cboxley,aroy,amerriman,tshapinsk,smott",False,2026-07-25-DC-NY,7,4,2,1,720.0,3,4,True,True,150,away,117,1785004611.0,18,False,"lbarry,ochartock,relston,ofay,cpanarell,sjonas,dschnaudi",118,218,45d239e0bec979619ce3d63a56ae04e1f9ad980ad175512a459de043f608cb75,1785004611.0,False,150,652.363636363636,19.6917368456924,19.38,3.49000000000001,-79.7914444944484,f502c692d6cd50f43a9348603aa766c84043c3c8b8efdfd8f6d206efde25de73,0.958900233272425,0.0410997667275749,0.733795672878495,0.815758063344099,0.826040918362754,0.711285908110805,2092.36363636364,3.0,0.897,0.0102828550186549,0.0386276779564197,218.0,dba82ee88ca0869312b6e92e7871b1a5369138df,2026-08-18 08:07:04,2026-07-25 18:38:36,2026-07-25-DC-NY,empire,breeze,23,15,2026-07-25 14:00:00
cboxley,13.91,73.68,smott,-0.59,71.21,0,0,0,"jwodatch1,gnorrbom,cboxley,aroy,amerriman,tshapinsk,smott",False,2026-07-25-DC-NY,7,4,2,1,720.0,3,5,True,True,151,away,118,1785004615.0,18,False,"lbarry,ochartock,relston,ofay,cpanarell,sjonas,dschnaudi",119,219,b6fbf8ccc48fdd5e3376bdedf9d579de531b499f375e3aafa9c8bb7b37194167,1785004615.0,False,151,646.727272727273,14.7088714726861,-14.5,-2.47000000000001,99.6672464425696,441d35aebbf7612a064d83217734859f458bb835dc0ab88e4a0d8c72b8fd5d46,0.971399083632947,0.0286009163670532,0.733795672878495,0.824773514342003,0.819262507111325,0.725251912830528,2086.72727272727,3.0,0.897,-0.0055110072306781,-0.0207021699844972,219.0,9a8c4102fe56485f1864a1018ec4fd719ed03cd2,2026-08-18 08:07:04,2026-07-25 18:38:36,2026-07-25-DC-NY,empire,breeze,23,15,2026-07-25 14:00:00
smott,-0.59,71.21,cboxley,-7.66,69.68,0,0,0,"jwodatch1,gnorrbom,cboxley,aroy,amerriman,tshapinsk,smott",False,2026-07-25-DC-NY,7,4,2,1,720.0,3,6,True,True,152,away,119,1785004618.0,18,False,"lbarry,ochartock,relston,ofay,cpanarell,sjonas,dschnaudi",120,220,8d1386228b79bad47fdbc107a7ce7e9cd7fd14ae271a69c15242e79684980219,1785004618.0,False,152,641.090909090909,7.23365744281549,-7.07,-1.52999999999999,102.210930652458,e4329c57ebf810d0a4dbc41e42a8e5c8686bca7da4c922405f9e0c6b9bf49120,0.98600499696103,0.0139950030389695,0.733795672878495,0.818191152701755,0.810710613959176,0.728676140501241,2081.09090909091,3.0,0.898,-0.0074805387425787,-0.0281007405982711,220.0,e493b675b1968526dcb101c4038e1698c2cec318,2026-08-18 08:07:04,2026-07-25 18:38:36,2026-07-25-DC-NY,empire,breeze,23,15,2026-07-25 14:00:00
cboxley,-7.66,69.68,smott,-2.77,75.29,0,0,0,"jwodatch1,gnorrbom,cboxley,aroy,amerriman,tshapinsk,smott",False,2026-07-25-DC-NY,7,4,2,1,720.0,3,7,True,True,153,away,120,1785004621.0,18,False,"lbarry,ochartock,relston,ofay,cpanarell,sjonas,dschnaudi",121,221,8e13c90a5f6f514dc4afe8f17b201ae1ac04e3bd67f77c04d4733785bc087b91,1785004621.0,False,153,635.454545454545,7.4420561674849,4.89,5.61,-41.0772871094895,fdaaf7986177bba1eaccceb206983ce65663e26a5835815c55f06b337372da52,0.98304495091611,0.0169550490838898,0.733795672878495,0.809827404833624,0.835119438660899,0.707155634270364,2075.45454545455,3.0,0.896,0.0252920338272753,0.0950098523970692,221.0,6b3aaf91d21cd6d74fb19b0ccbe9b767ad2051e5,2026-08-18 08:07:04,2026-07-25 18:38:36,2026-07-25-DC-NY,empire,breeze,23,15,2026-07-25 14:00:00
smott,-2.77,75.29,cboxley,-11.59,75.94,0,0,0,"jwodatch1,gnorrbom,cboxley,aroy,amerriman,tshapinsk,smott",False,2026-07-25-DC-NY,7,4,2,1,720.0,3,8,True,True,154,away,121,1785004625.0,18,False,"lbarry,ochartock,relston,ofay,cpanarell,sjonas,dschnaudi",122,222,62244ca32f4261763618571eb39437fb5f3eee55e678140d74a22378c58e0382,1785004625.0,False,154,629.818181818182,8.8439188146432,-8.82,0.649999999999991,85.7851413683039,7253bf2e73d67c20246d2a8ff51dfe42d9efb79ab53cefe4f3966c051b030005,0.98176390160294,0.0182360983970602,0.733795672878495,0.834516311788151,0.835151680293006,0.699880390404363,2069.81818181818,3.0,0.896,0.000635368504854794,0.00238677001131086,222.0,29f61b6ea09eae725b66a55e12f70b4f00fa4750,2026-08-18 08:07:04,2026-07-25 18:38:36,2026-07-25-DC-NY,empire,breeze,23,15,2026-07-25 14:00:00
cboxley,-11.59,75.94,smott,-4.96,81.18,0,0,0,"jwodatch1,gnorrbom,cboxley,aroy,amerriman,tshapinsk,smott",False,2026-07-25-DC-NY,7,4,2,1,720.0,3,9,True,True,155,away,122,1785004629.0,18,False,"lbarry,ochartock,relston,ofay,cpanarell,sjonas,dschnaudi",123,223,f6df54639b78c4ed59d670ff104cc07c3b8e091b33697e56c7523543509d17e4,1785004629.0,False,155,624.181818181818,8.45071002934074,6.63,5.24000000000001,-51.6790281107876,383d8262f71c15b441da37887f0ba19d909710e84c438e5c3bbc278f6cde3d78,0.978704641232834,0.0212953587671665,0.733795672878495,0.834723795375064,0.859313567863997,0.684408548337613,2064.18181818182,3.0,0.893,0.0245897724889329,0.0923717985910473,223.0,877932284c1946692b0d2b996c30638328390a05,2026-08-18 08:07:04,2026-07-25 18:38:36,2026-07-25-DC-NY,empire,breeze,23,15,2026-07-25 14:00:00
smott,-4.96,81.18,amerriman,9.1,90.65,0,0,0,"jwodatch1,gnorrbom,cboxley,aroy,amerriman,tshapinsk,smott",False,2026-07-25-DC-NY,7,4,2,1,720.0,3,10,True,True,156,away,123,1785004631.0,18,False,"lbarry,ochartock,relston,ofay,cpanarell,sjonas,dschnaudi",124,224,9144743d91aaae33ff8618efc1ed419b8ae2c02968ab17834aeaafa003f084da,1785004631.0,False,156,618.545454545455,16.9518288098954,14.06,9.47,-56.03807953928,bb7d81e47dd0e66beb4eaba065562a3cdb40da1c26289fb203dc6f3fac017d5c,0.953329111930095,0.0466708880699046,0.733795672878495,0.859079106628166,0.896519102274437,0.652668096004762,2058.54545454545,3.0,0.888,0.0374399956462712,0.140643828186844,224.0,f78e734bd0367866b183fa3797b1741929c0f490,2026-08-18 08:07:04,2026-07-25 18:38:36,2026-07-25-DC-NY,empire,breeze,23,15,2026-07-25 14:00:00
amerriman,9.1,80.65,gnorrbom,10.34,94.73,0,0,0,"jwodatch1,gnorrbom,cboxley,aroy,amerriman,tshapinsk,smott",False,2026-07-25-DC-NY,7,4,2,1,720.0,3,11,True,True,157,away,125,1785004646.0,18,False,"lbarry,ochartock,relston,ofay,cpanarell,sjonas,dschnaudi",126,226,50108392eaea4acfa2a4872759a1ff6786fbc8bbebcae1ba511c5bf728997ed7,1785004646.0,False,157,612.909090909091,14.1344968074566,1.24,14.08,-5.03295006942166,00aee9e8f4944dc4f2a4ff8c27aeb4d0b0252d55150c168191e4ad0391570a85,0.957437384729951,0.0425626152700493,0.733795672878495,0.855880014366041,0.91097775170852,0.640044688136448,2052.90909090909,3.0,0.887,0.0550977373424791,0.206975363391936,226.0,b57e0411cc0ccb11da01f657fab009c03be6c94c,2026-08-18 08:07:04,2026-07-25 18:38:36,2026-07-25-DC-NY,empire,breeze,23,15,2026-07-25 14:00:00
gnorrbom,10.34,94.73,smott,9.9,89.49,0,0,0,"jwodatch1,gnorrbom,cboxley,aroy,amerriman,tshapinsk,smott",False,2026-07-25-DC-NY,7,4,2,1,720.0,3,12,True,True,158,away,126,1785004651.0,18,False,"lbarry,ochartock,relston,ofay,cpanarell,sjonas,dschnaudi",127,227,63d0a666e7962b10605dae010ef967fba3358332a33aee53679bc1270379c9e3,1785004651.0,False,158,607.272727272727,5.25844083355514,-0.44,-5.24000000000001,175.200163886095,cc7f92fe04541bdee50ecd1e9285ca61ab052d84d69d13e3766666a7fc1ccbb5,0.981440208851351,0.0185597911486486,0.733795672878495,0.910984917925747,0.891753771508994,0.655425415076255,2047.27272727273,3.0,0.889,-0.0192311464167525,-0.0722420504005359,227.0,94f488712ff1b76d65fea54df0535fc5d864eda5,2026-08-18 08:07:04,2026-07-25 18:38:36,2026-07-25-DC-NY,empire,breeze,23,15,2026-07-25 14:00:00
smott,9.9,89.49,jwodatch1,-18.73,103.76,0,0,0,"jwodatch1,gnorrbom,cboxley,aroy,amerriman,tshapinsk,smott",False,2026-07-25-DC-NY,7,5,2,1,720.0,3,13,True,True,159,away,127,1785004668.0,19,False,"lbarry,ochartock,relston,ofay,cpanarell,sjonas,dschnaudi",128,229,02364cfa5dde3ab9a40cd9c7c835b1c962e144db7f43576c7bc99e5ccf599405,1785004668.0,False,159,601.636363636364,31.9892138071569,-28.63,14.27,63.5070390988206,864577d3d4cc3ab3f99765cf304a6409609d47b97bd6e9b7681ee153bb5e96ce,0.883719311000492,0.116280688999508,0.733795672878495,0.891845256213013,1.0,0.604520788320247,2041.63636363636,3.0,0.883,0.108154743786987,0.406284694754873,229.0,02f067086cbbf06f533e4db0f5974afc5952e460,2026-08-18 08:07:04,2026-07-25 18:38:36,2026-07-25-DC-NY,empire,breeze,23,15,2026-07-25 14:00:00
srueschem,6.68,30.34,aatkins,-11.19,44.11,0,0,0,"aatkins,jcowan,ddemarre,bjagt,mlabar,srueschem,jwilliams",True,2026-07-25-DC-NY,7,5,2,2,596.0,1,1,True,True,160,home,102,1785004724.0,18,False,"tgesell,adowney,jlightner,mwagner,khealey,ilee,cjurek",103,233,c5a8ddfe97e30d0d43c4a89ff718425162f78ea560ac9ea9d9f8f04359bbc174,1785004724.0,False,160,596.0,22.5599157799846,-17.87,13.77,52.3834047077655,3b5538e23eeef4cf5264d681dcfafa8d85e22e46719fa3a38908d5101d9ec850,0.953553946711273,0.0464460532887268,0.656938028451055,0.656938028451055,0.700365745179263,0.83441143462322,2036.0,2.0,0.876,0.0434277167282079,0.126588547637994,233.0,766c6e6a5fc52b77f0500488e543ca79188ecd4c,2026-08-18 08:07:04,2026-07-25 18:43:39,2026-07-25-DC-NY,empire,breeze,23,15,2026-07-25 14:00:00
aatkins,-11.19,44.11,bjagt,0.34,61.36,0,0,0,"aatkins,jcowan,ddemarre,bjagt,mlabar,srueschem,jwilliams",True,2026-07-25-DC-NY,7,5,2,2,596.0,1,2,True,True,161,home,103,1785004727.0,18,False,"tgesell,adowney,jlightner,mwagner,khealey,ilee,cjurek",104,234,b0b60b8040b8f65dcee02c923c765a08d886638d13ac2921a01dad15c519e01c,1785004727.0,False,161,591.28,20.7485758547424,11.53,17.25,-33.7589970496853,6996dd727660c798521fcf121e62ebda96d825909aced24d0abe612b56fa2a50,0.947724361460026,0.0522756385399744,0.656938028451055,0.700771962681382,0.773290654759236,0.761641220753842,2031.28,2.0,0.882,0.0725186920778544,0.211386565961911,234.0,f4e835081ba2b6ad4765a5a0b201a6812d433116,2026-08-18 08:07:04,2026-07-25 18:43:39,2026-07-25-DC-NY,empire,breeze,23,15,2026-07-25 14:00:00
bjagt,0.34,61.36,jwilliams,9.88,66.54,0,0,0,"aatkins,jcowan,ddemarre,bjagt,mlabar,srueschem,jwilliams",True,2026-07-25-DC-NY,7,5,2,2,596.0,1,3,True,True,162,home,104,1785004733.0,18,False,"tgesell,adowney,jlightner,mwagner,khealey,ilee,cjurek",105,235,0b514b1a3831c605c3e32df4b9048c29d7fe23cc136f57b17e4f419bb6146230,1785004733.0,False,162,586.56,10.8555976344004,9.54,5.18000000000001,-61.4990601438433,411ffa6cd693c8098205a6c863eafd75e9ccc22d645303510bb858be09bdfc8a,0.980100324839745,0.0198996751602554,0.656938028451055,0.77369988278127,0.794386398156453,0.738592862549691,2026.56,2.0,0.884,0.020686515375183,0.0602996458097122,235.0,7444b7d33f01652d0a4db8953360195c6a42cc72,2026-08-18 08:07:04,2026-07-25 18:43:39,2026-07-25-DC-NY,empire,breeze,23,15,2026-07-25 14:00:00
jwilliams,9.88,66.54,bjagt,-0.35,59.79,0,0,0,"aatkins,jcowan,ddemarre,bjagt,mlabar,srueschem,jwilliams",True,2026-07-25-DC-NY,7,5,2,2,596.0,1,4,True,True,163,home,105,1785004735.0,18,False,"tgesell,adowney,jlightner,mwagner,khealey,ilee,cjurek",106,236,34d04d88fce56b5e815b13d9c4aa374f0d31cd47d7a3cba90c5feaf554b1e5a4,1785004735.0,False,163,581.84,12.2562392274303,-10.23,-6.75000000000001,123.417788206601,86e9f1391f4e34c6cc796797709f8892968e0b429779d580d779345c0acaedde,0.982402988572845,0.017597011427155,0.656938028451055,0.794822977197086,0.76743609085561,0.769234727284536,2021.84,2.0,0.881,-0.0273868863414766,-0.0798307262615648,236.0,742d897b52ee81de08e2507732bc6df98ca25702,2026-08-18 08:07:04,2026-07-25 18:43:39,2026-07-25-DC-NY,empire,breeze,23,15,2026-07-25 14:00:00
bjagt,-0.35,59.79,srueschem,-12.21,68.45,0,0,0,"aatkins,jcowan,ddemarre,bjagt,mlabar,srueschem,jwilliams",True,2026-07-25-DC-NY,7,5,2,2,596.0,1,5,True,True,164,home,106,1785004738.0,18,False,"tgesell,adowney,jlightner,mwagner,khealey,ilee,cjurek",107,237,45a157e31a22e683dc0ffbde1659a7655960c3cde24badfdb7563ff2096c5275,1785004738.0,False,164,577.12,14.6852034374741,-11.86,8.66,53.8636230605391,21ed596badf69aef87cffa546990cf44cf3b7af7308de228c506af121aa5b83c,0.971095269000858,0.0289047309991416,0.656938028451055,0.767962917468952,0.802410126792127,0.729359530588624,2017.12,2.0,0.885,0.0344472093231755,0.100411039928571,237.0,4bd8c4ca49b5d316f96c1a3d338be0c4c93cbf31,2026-08-18 08:07:04,2026-07-25 18:43:39,2026-07-25-DC-NY,empire,breeze,23,15,2026-07-25 14:00:00
srueschem,-12.21,68.45,jwilliams,-14.4,81.13,0,0,0,"aatkins,jcowan,ddemarre,bjagt,mlabar,srueschem,jwilliams",True,2026-07-25-DC-NY,7,5,2,2,596.0,1,6,True,True,165,home,107,1785004741.0,18,False,"tgesell,adowney,jlightner,mwagner,khealey,ilee,cjurek",108,238,8fdd2dffe17fe8d79c35f461401a13de6d57f361068b5941d018bba065c48fa3,1785004741.0,False,165,572.4,12.8677309577097,-2.19,12.68,9.79905090528329,77edc82779ad70c9e943e047d2931d57590a592d20534a7b198fbec37832452a,0.967794497635082,0.0322055023649177,0.656938028451055,0.802912739896369,0.856632021457336,0.678826652084742,2012.4,2.0,0.89,0.0537192815609668,0.156587689735534,238.0,3658e4be232f0a41bf88c89c3e71237c090b5aa4,2026-08-18 08:07:04,2026-07-25 18:43:39,2026-07-25-DC-NY,empire,breeze,23,15,2026-07-25 14:00:00
jwilliams,-14.4,81.13,,-1.16,87.68,1,0,0,"aatkins,jcowan,ddemarre,bjagt,mlabar,srueschem,jwilliams",True,2026-07-25-DC-NY,7,5,2,2,596.0,1,7,True,True,166,home,108,1785004747.0,22,False,"tgesell,adowney,jlightner,mwagner,khealey,ilee,cjurek",109,240,95de832feb1c41ded2d2ecb9bf9e1ca3d66c31e411c9aa02b22dce80ab3510bb,1785004747.0,False,166,567.68,14.7715977470279,13.24,6.55000000000001,-63.6777995978594,17b355280bc87bd66a93ef974d599e522823c1119dd747c7f245b43d8f11f982,0.959637420775061,-0.959637420775061,0.656938028451055,0.857040761095545,0.887744196577455,0.667436172225714,2007.68,2.0,0.817,-0.667436172225714,-0.667436172225714,240.0,5ede145a84ccf75f089e04654d10fe7056ceaa53,2026-08-18 08:07:04,2026-07-25 18:43:39,2026-07-25-DC-NY,empire,breeze,23,15,2026-07-25 14:00:00
ilee,-2.05,24.32,jlightner,-11.52,28.25,0,0,0,"tgesell,adowney,jlightner,mwagner,khealey,ilee,cjurek",False,2026-07-25-DC-NY,7,5,2,2,596.0,2,1,False,False,167,away,131,1785004749.0,18,False,"aatkins,jcowan,ddemarre,bjagt,mlabar,srueschem,jwilliams",132,241,a0c01e66e6a69ad7d3e361ca9b8821bbcea13a961cfa25cb3c0c9cd48abd61c1,1785004749.0,False,167,562.96,10.2530873399186,-9.47,3.93,67.461808026182,cf416031e9f876a50cd5392e3d4425a065c26974bd3aec97f26ed07112109ac3,0.988034464066031,0.0119655359339692,0.645232656059071,0.645232656059071,0.65246514470558,0.901666073491858,2002.96,2.0,0.819,0.00723248864650916,0.0203865681834386,241.0,118afc916550f06c67298442458e23bba7ac673c,2026-08-18 08:07:04,2026-07-25 18:43:39,2026-07-25-DC-NY,empire,breeze,23,15,2026-07-25 14:00:00
jlightner,-11.52,28.25,ilee,-3.72,29.19,0,0,0,"tgesell,adowney,jlightner,mwagner,khealey,ilee,cjurek",False,2026-07-25-DC-NY,7,5,2,2,596.0,2,2,False,False,168,away,132,1785004751.0,18,False,"aatkins,jcowan,ddemarre,bjagt,mlabar,srueschem,jwilliams",133,242,8e541b9bedd8c6631f9c2cb833f4b52c2a1dc34162ac8ec6c6013eea5155cd5a,1785004751.0,False,168,558.24,7.85643685139771,7.8,0.940000000000001,-83.1282629969168,e9afd530a37f6238e66bf219282a6ada214c2af8d3560d1b0408929394002495,0.990053437907184,0.00994656209281564,0.645232656059071,0.653251500039233,0.659394999295806,0.900137492885302,1998.24,2.0,0.818,0.00614349925657365,0.0173169807241237,242.0,cacfa7061778e2930249f41f56b56752ade33589,2026-08-18 08:07:04,2026-07-25 18:43:39,2026-07-25-DC-NY,empire,breeze,23,15,2026-07-25 14:00:00
ilee,-3.72,29.19,jlightner,0.07,36.77,0,0,0,"tgesell,adowney,jlightner,mwagner,khealey,ilee,cjurek",False,2026-07-25-DC-NY,7,5,2,2,596.0,2,3,False,False,169,away,133,1785004754.0,18,False,"aatkins,jcowan,ddemarre,bjagt,mlabar,srueschem,jwilliams",134,243,1a7e78728a6410a2ea3c00aa8003b6c30a0b2e8296a20c74c8682d862971cce8,1785004754.0,False,169,553.52,8.4746976347242,3.79,7.58,-26.565051177078,223040abd4bbe3be371999a2adf80fb4d8f323f43e1a4a98aec2e8f0e0a36051,0.988119462778166,0.0118805372218345,0.645232656059071,0.660169057753264,0.683779179015142,0.871172364401739,1993.52,2.0,0.815,0.0236101212618782,0.0665509993101548,243.0,b3b16105632c986ecc7037cf9f4b6569d208db9f,2026-08-18 08:07:04,2026-07-25 18:43:39,2026-07-25-DC-NY,empire,breeze,23,15,2026-07-25 14:00:00
jlightner,0.07,36.77,ilee,8.74,40.63,0,0,0,"tgesell,adowney,jlightner,mwagner,khealey,ilee,cjurek",False,2026-07-25-DC-NY,7,5,2,2,596.0,2,4,False,False,170,away,134,1785004757.0,18,False,"aatkins,jcowan,ddemarre,bjagt,mlabar,srueschem,jwilliams",135,244,582f904fb8bbfea742ee52a2b7f400fb6fc089d04b9e109c5571138156c07c80,1785004757.0,False,170,548.8,9.49044256080822,8.67,3.86,-66.000731884536,44e0b56d5a15d0b02cba3b7874c506cd185237ddeead96a512502dbf8e923787,0.987037110855397,0.0129628891446026,0.645232656059071,0.684506753380606,0.695770970613063,0.854743721314024,1988.8,2.0,0.814,0.0112642172324573,0.0317509980127507,244.0,d220b3009ee1c110ac86593cceaf8c5016c2c33b,2026-08-18 08:07:04,2026-07-25 18:43:39,2026-07-25-DC-NY,empire,breeze,23,15,2026-07-25 14:00:00
ilee,8.74,40.63,,-0.44,89.12,1,0,0,"tgesell,adowney,jlightner,mwagner,khealey,ilee,cjurek",False,2026-07-25-DC-NY,7,5,2,2,596.0,2,5,False,False,171,away,135,1785004763.0,22,False,"aatkins,jcowan,ddemarre,bjagt,mlabar,srueschem,jwilliams",136,245,8a5f88b6d4f4c0f8e9118a910c810272ee286c2bb3cc6139d55d8fbf54e337d6,1785004763.0,False,171,544.08,49.3513171050176,-9.18,48.49,10.7202141227328,c421d6bd64fe6da6b837a9f0866cbe5bf8b586cdde8828732b2d72b2b09546e9,0.692466235653661,-0.692466235653661,0.645232656059071,0.696453287680514,0.894885242070295,0.666876711802799,1984.08,2.0,0.873,-0.666876711802799,-0.666876711802799,245.0,aafeb07c78d81410fc0d5b6ee748d31b8a508ae4,2026-08-18 08:07:04,2026-07-25 18:43:39,2026-07-25-DC-NY,empire,breeze,23,15,2026-07-25 14:00:00
jcowan,-15.08,34.09,aatkins,-19.03,52.36,0,0,0,"aatkins,jcowan,ddemarre,bjagt,mlabar,srueschem,jwilliams",True,2026-07-25-DC-NY,7,5,2,2,596.0,3,1,True,True,172,home,110,1785004771.0,18,False,"tgesell,adowney,jlightner,mwagner,khealey,ilee,cjurek",111,247,907db7a8ab7020178acaafe85a6a702f3a3e5f216e1c7fead5e409475fa33f9d,1785004771.0,False,172,539.36,18.6921213349368,-3.95,18.27,12.1996589960461,ef759119bda9a43dabcfd8f14307b3daae0367521025b4b7a0ed7c75999130a9,0.964721770577541,0.0352782294224591,0.668147394391839,0.668147394391839,0.72334156894521,0.78837643093174,1979.36,2.0,0.877,0.0551941745533708,0.166321353578709,247.0,30ced9213a0b6a5625414962e858b253cba9a66a,2026-08-18 08:07:04,2026-07-25 18:43:39,2026-07-25-DC-NY,empire,breeze,23,15,2026-07-25 14:00:00
aatkins,-19.03,52.36,bjagt,-22.24,70.97,0,0,0,"aatkins,jcowan,ddemarre,bjagt,mlabar,srueschem,jwilliams",True,2026-07-25-DC-NY,7,5,2,2,596.0,3,2,True,True,173,home,111,1785004776.0,18,False,"tgesell,adowney,jlightner,mwagner,khealey,ilee,cjurek",112,248,ee756c4a2d2f8f4ac48b0fcd455798d318d36b44e1a3a7a59e3596a052504d81,1785004776.0,False,173,534.64,18.8848140049088,-3.21,18.61,9.78653095878134,32253d535d015402c889c2f134bd19f06f47716600200d37c33ecfc604d3f739,0.947208752170447,0.0527912478295532,0.668147394391839,0.72389886327812,0.79298904624248,0.691703592185977,1974.64,2.0,0.884,0.0690901829643601,0.208195390956006,248.0,8a470cfd6059bc12a84c6474ab27aef7782c9e99,2026-08-18 08:07:04,2026-07-25 18:43:39,2026-07-25-DC-NY,empire,breeze,23,15,2026-07-25 14:00:00
bjagt,-22.24,70.97,srueschem,-10.71,64.43,0,0,0,"aatkins,jcowan,ddemarre,bjagt,mlabar,srueschem,jwilliams",True,2026-07-25-DC-NY,7,5,2,2,596.0,3,3,True,True,174,home,112,1785004784.0,18,False,"tgesell,adowney,jlightner,mwagner,khealey,ilee,cjurek",113,249,06e0a90d1c550234e19a4c304c6192f0af4e8d65793d5036cc92184dbfae17b4,1785004784.0,False,174,529.92,13.2556591688229,11.53,-6.53999999999999,-119.562599091361,9cf13f23a217f77979af958ca941d3f86325b03dfef711f00d66c5762a8ca1be,0.971802386946324,0.028197613053676,0.668147394391839,0.793407828398928,0.791092066641103,0.753384659097527,1969.92,2.0,0.883,-0.00231576175782511,-0.00697828408965236,249.0,6c133735d300a13aa84db9b9db16602f4683f7b4,2026-08-18 08:07:04,2026-07-25 18:43:39,2026-07-25-DC-NY,empire,breeze,23,15,2026-07-25 14:00:00
srueschem,-10.71,64.43,jwilliams,-7.98,77.04,0,0,0,"aatkins,jcowan,ddemarre,bjagt,mlabar,srueschem,jwilliams",True,2026-07-25-DC-NY,7,5,2,2,596.0,3,4,True,True,175,home,113,1785004792.0,18,False,"tgesell,adowney,jlightner,mwagner,khealey,ilee,cjurek",114,250,34f18e275c55de99ab815757e6ca5a697a66f2ba275b5ba5cf9e84097e11c57d,1785004792.0,False,175,525.2,12.9021316068315,2.73,12.61,-12.2157191341309,c24ef1c517346e39cee70bf220734c84dfe3d012ac78ba16d58e21933f91c367,0.967902365424266,0.0320976345757336,0.668147394391839,0.791476466008132,0.846861395550043,0.707231967244108,1965.2,2.0,0.889,0.0553849295419112,0.166896171993019,250.0,2a03cc21477dfe500ff394deb591e469c4e437d1,2026-08-18 08:07:04,2026-07-25 18:43:39,2026-07-25-DC-NY,empire,breeze,23,15,2026-07-25 14:00:00
jwilliams,-7.98,77.04,mlabar,-11.87,82.97,0,0,0,"aatkins,jcowan,ddemarre,bjagt,mlabar,srueschem,jwilliams",True,2026-07-25-DC-NY,7,5,2,2,596.0,3,5,True,True,176,home,114,1785004794.0,18,False,"tgesell,adowney,jlightner,mwagner,khealey,ilee,cjurek",115,251,9a6b0f239e3d0a15335e1bae3471a22ec0c12827be91a93f45024c53f2f2e4f6,1785004794.0,False,176,520.48,7.09203778895741,-3.89,5.92999999999999,33.2643343324376,a16c7ea768e9461c7fb1a84122a9b2730e84c1b737814ec0777acb2d2207e1c2,0.980817795291937,0.0191822047080628,0.668147394391839,0.847134849527586,0.870249436944112,0.684228760987665,1960.48,2.0,0.892,0.0231145874165262,0.0696531744090599,251.0,d7d0a92053678bcca8fd7ad1233e931c43c9f86c,2026-08-18 08:07:04,2026-07-25 18:43:39,2026-07-25-DC-NY,empire,breeze,23,15,2026-07-25 14:00:00
mlabar,-11.87,82.97,ddemarre,4.77,84.68,0,0,0,"aatkins,jcowan,ddemarre,bjagt,mlabar,srueschem,jwilliams",True,2026-07-25-DC-NY,7,5,2,2,596.0,3,6,True,True,177,home,115,1785004796.0,18,False,"tgesell,adowney,jlightner,mwagner,khealey,ilee,cjurek",116,252,7459a8c23bc9d9779ec91f7ce666b36ea64d288e289f6ee0abe88c29f459b5a2,1785004796.0,False,177,515.76,16.7276328271516,16.64,1.71000000000001,-84.1326286054232,8302e819e4d125fec1ce18e71e2a92e5fc8ff1da6877f3778057c0101e49bb15,0.957739746009561,0.0422602539904389,0.668147394391839,0.870463910382434,0.87909934395661,0.683291648794195,1955.76,2.0,0.893,0.0086354335741764,0.026021894745563,252.0,a08a6d056c32a7c8358666709ba85c677fc43e25,2026-08-18 08:07:04,2026-07-25 18:43:39,2026-07-25-DC-NY,empire,breeze,23,15,2026-07-25 14:00:00
ddemarre,4.77,84.68,aatkins,12.07,74.45,0,0,0,"aatkins,jcowan,ddemarre,bjagt,mlabar,srueschem,jwilliams",True,2026-07-25-DC-NY,7,5,2,2,596.0,3,7,True,True,178,home,116,1785004801.0,18,False,"tgesell,adowney,jlightner,mwagner,khealey,ilee,cjurek",117,253,abec17a2334725c73bbb07b5fe4c0734e577e66916c78d794d75759c41dc502a,1785004801.0,False,178,511.04,12.567533568684,7.3,-10.23,-144.488821040431,102bedb7a2cdbd3182762423d756cda5174c59d52b254b86c5d79ef690ca5fa9,0.977854100690337,0.0221458993096626,0.668147394391839,0.879279852865264,0.83429875221131,0.715074400480697,1951.04,2.0,0.888,-0.044981100653954,-0.135545419544079,253.0,e5b5aede507125316c7d58d78f947a31088fefbe,2026-08-18 08:07:04,2026-07-25 18:43:39,2026-07-25-DC-NY,empire,breeze,23,15,2026-07-25 14:00:00
aatkins,12.07,74.45,srueschem,4.36,64.29,0,0,0,"aatkins,jcowan,ddemarre,bjagt,mlabar,srueschem,jwilliams",True,2026-07-25-DC-NY,7,5,2,2,596.0,3,8,True,True,179,home,117,1785004807.0,18,False,"tgesell,adowney,jlightner,mwagner,khealey,ilee,cjurek",118,254,7a42878e4d3f70cf316c6c53bd5c97daa5e8273ee7fa8a1db846df1268e76099,1785004807.0,False,179,506.32,12.7542032287399,-7.71,-10.16,142.806654627766,487bec6705dd125c8eb60e1e02387684e09f0cb23a2d3c5238804a7e4105a6c3,0.980107172314214,0.0198928276857856,0.668147394391839,0.834506875887834,0.793952551169239,0.758183497454745,1946.32,2.0,0.884,-0.0405543247185949,-0.122205834859347,254.0,3ee30bfd3767d674ec7cdf1cdd0e01d6f5b30c07,2026-08-18 08:07:04,2026-07-25 18:43:39,2026-07-25-DC-NY,empire,breeze,23,15,2026-07-25 14:00:00
srueschem,4.36,64.29,ddemarre,14.52,83.11,0,0,0,"aatkins,jcowan,ddemarre,bjagt,mlabar,srueschem,jwilliams",True,2026-07-25-DC-NY,7,5,2,2,596.0,3,9,True,True,180,home,118,1785004812.0,18,False,"tgesell,adowney,jlightner,mwagner,khealey,ilee,cjurek",119,255,0b0c909da4ff62e0e068e3721a0a69d381f9521437e5975c372a509ddd0e303a,1785004812.0,False,180,501.6,21.387332699521,10.16,18.82,-28.3624460488192,4f965634681b54cf3441308c2b4f9a2670817eef77e5bb4a1e9c32ae6132ce4c,0.940155002269542,0.0598449977304581,0.668147394391839,0.794168583684462,0.868767508031052,0.681870699862635,1941.6,2.0,0.891,0.0745989243465899,0.224795355184505,255.0,a2ac12ca5922f4d3bcb7537914d9f79d356653b1,2026-08-18 08:07:04,2026-07-25 18:43:39,2026-07-25-DC-NY,empire,breeze,23,15,2026-07-25 14:00:00
ddemarre,14.52,83.11,srueschem,10.36,73.77,0,0,0,"aatkins,jcowan,ddemarre,bjagt,mlabar,srueschem,jwilliams",True,2026-07-25-DC-NY,7,5,2,2,596.0,3,10,True,True,181,home,119,1785004818.0,18,False,"tgesell,adowney,jlightner,mwagner,khealey,ilee,cjurek",120,256,4ca91df93dcc080663afa9be0f4c1e7e0391fdf10e612ff83e2134d4bbf9a9cf,1785004818.0,False,181,496.88,10.2245391094171,-4.16,-9.34,155.991993037371,109309f6708534d18c1a8aba80e804dfe869c6e9878928b461d55aaaaf539fda,0.978905106165959,0.0210948938340413,0.668147394391839,0.868897877552265,0.833172895137176,0.719914977511346,1936.88,2.0,0.888,-0.0357249824150896,-0.107653162311681,256.0,f0bfc69fc9bb89aaa6806a7692a98f01f83df6aa,2026-08-18 08:07:04,2026-07-25 18:43:39,2026-07-25-DC-NY,empire,breeze,23,15,2026-07-25 14:00:00
srueschem,10.36,73.77,bjagt,-10.03,78.68,0,0,0,"aatkins,jcowan,ddemarre,bjagt,mlabar,srueschem,jwilliams",True,2026-07-25-DC-NY,7,5,2,2,596.0,3,11,True,True,182,home,120,1785004824.0,18,False,"tgesell,adowney,jlightner,mwagner,khealey,ilee,cjurek",121,257,d07bd24754497730da173ebee74fb0f50c1a18658643043d2aaed738abccc2a4,1785004824.0,False,182,492.16,20.9728443469168,-20.39,4.91000000000001,76.4607006409173,5e0dd99621e8f3d545e67457409aa8fd74ce2508eb2c2f8757e16bcbbaf432fb,0.945478698365646,0.0545213016343538,0.668147394391839,0.833308362507935,0.854471695727118,0.702444712958774,1932.16,2.0,0.89,0.0211633332191832,0.0637732923036683,257.0,28be4976573fb1ea0b2ecb0361af17488bbe470c,2026-08-18 08:07:04,2026-07-25 18:43:39,2026-07-25-DC-NY,empire,breeze,23,15,2026-07-25 14:00:00
bjagt,-10.03,78.68,ddemarre,-4.23,97.84,0,0,0,"aatkins,jcowan,ddemarre,bjagt,mlabar,srueschem,jwilliams",True,2026-07-25-DC-NY,7,5,2,2,596.0,3,12,True,True,183,home,121,1785004825.0,18,False,"tgesell,adowney,jlightner,mwagner,khealey,ilee,cjurek",122,258,1b85fa03cd5864f66b5a82b971a9c520e6bc23a249fde08b5db221d1d144f67d,1785004825.0,False,183,487.44,20.0186313218462,5.8,19.16,-16.8417980324107,a1be1233488dffc414f7bd720254d8ef418fa94502e95f250eb4e10f3258987d,0.930710596794462,0.0692894032055376,0.668147394391839,0.854572881918121,0.926498096515161,0.647515646914988,1927.44,2.0,0.898,0.0719252145970406,0.216738435623336,258.0,014f09bd0f44757685e1be04f274e22ccb5e540a,2026-08-18 08:07:04,2026-07-25 18:43:39,2026-07-25-DC-NY,empire,breeze,23,15,2026-07-25 14:00:00
ddemarre,-4.23,97.84,aatkins,-0.82,106.09,0,0,0,"aatkins,jcowan,ddemarre,bjagt,mlabar,srueschem,jwilliams",True,2026-07-25-DC-NY,8,5,2,2,596.0,3,13,True,True,184,home,122,1785004833.0,19,False,"tgesell,adowney,jlightner,mwagner,khealey,ilee,cjurek",123,260,23ae2344752101589df608a3e2969da3398b417ac9102f96be457de31e56b32a,1785004833.0,False,184,482.72,8.92695916872033,3.41,8.25,-22.4569389999421,49ceefbcc5bf15005252b25011d44af3e662b3350cc91d4704e48ebb78a19a9d,0.969342058844571,0.0306579411554291,0.668147394391839,0.926543100635964,1.0,0.642569294100255,1922.72,2.0,0.9,0.0734568993640358,0.221353993075983,260.0,7e12985b976f35fc1cc83dc07e5759596d0b77c1,2026-08-18 08:07:04,2026-07-25 18:43:39,2026-07-25-DC-NY,empire,breeze,23,15,2026-07-25 14:00:00
gnorrbom,-7.44,22.5,jnissen,4.29,25.41,0,0,0,"cboxley,mgrovic,amerriman,tshapinsk,smott,jnissen,gnorrbom",False,2026-07-25-DC-NY,8,5,2,3,478.0,1,1,True,True,185,away,138,1785004886.0,18,False,"aagami,adavis2,mbrownlee,sjonas,jrandolph,dschnaudi,nwhitlock",139,264,ec67342dc033626184a2700a2e0d84824d3e8751243718b1554aa8857642c504,1785004886.0,False,185,478.0,12.0855699079522,11.73,2.91,-76.067240669119,c3d4de7440e2a7f890858aa293425ade77154b3ea4d838672d6a225ac9dded1e,0.986822036690557,0.0131779633094429,0.647894734993841,0.647894734993841,0.656298478286363,0.916120419653288,1918.0,3.0,0.91,0.00840374329252258,0.0238671332914479,264.0,cc871e37fc981efd72f1739f609186ff68889e1c,2026-08-18 08:07:04,2026-07-25 18:43:39,2026-07-25-DC-NY,empire,breeze,23,15,2026-07-25 14:00:00
jnissen,4.29,25.41,cboxley,-15.82,85.04,0,0,0,"cboxley,mgrovic,amerriman,tshapinsk,smott,jnissen,gnorrbom",False,2026-07-25-DC-NY,8,5,2,3,478.0,1,2,True,True,186,away,139,1785004893.0,18,False,"aagami,adavis2,mbrownlee,sjonas,jrandolph,dschnaudi,nwhitlock",140,265,fc0f84e9819ed256e5ea647a78073c7af706cde033a3e67b56a280cb8ee0a663,1785004893.0,False,186,472.25,62.929714761788,-20.11,59.63,18.6364909346802,a04d998005313cd48b5b970758d1d147d85723de690f2b3121d76755f1271ee8,0.642716576020763,0.357283423979237,0.647894734993841,0.656398809967965,0.876413833633613,0.67193504369968,1912.25,3.0,0.89,0.220015023665648,0.624855818789871,265.0,cc15b6f575d9a36cd812d2004311b71043d7404c,2026-08-18 08:07:04,2026-07-25 18:43:39,2026-07-25-DC-NY,empire,breeze,23,15,2026-07-25 14:00:00
cboxley,-15.82,85.04,tshapinsk,-21.72,90.29,0,0,0,"cboxley,mgrovic,amerriman,tshapinsk,smott,jnissen,gnorrbom",False,2026-07-25-DC-NY,8,5,2,3,478.0,1,3,True,True,187,away,140,1785004897.0,18,False,"aagami,adavis2,mbrownlee,sjonas,jrandolph,dschnaudi,nwhitlock",141,266,0e02cba1926f0e772d27553f6c77cf88326e989029d0ee2a5733e8f4afe22770,1785004897.0,False,187,466.5,7.89762622564527,-5.9,5.25,48.3363367022133,c64300878e8a7afd2f480b2dc3fa4ac0d3bda086e64d984f29aff15cfb98c29f,0.979262707619832,0.020737292380168,0.647894734993841,0.876441602653681,0.885887231117945,0.629654207706345,1906.5,3.0,0.889,0.00944562846426478,0.0268261494587408,266.0,fe4a85c3e0ed2ef64f97f9ee680b49a9d3373193,2026-08-18 08:07:04,2026-07-25 18:43:39,2026-07-25-DC-NY,empire,breeze,23,15,2026-07-25 14:00:00
tshapinsk,-21.72,90.29,amerriman,-19.24,110.16,0,0,0,"cboxley,mgrovic,amerriman,tshapinsk,smott,jnissen,gnorrbom",False,2026-07-25-DC-NY,8,6,2,3,478.0,1,4,True,True,188,away,141,1785004902.0,19,False,"aagami,adavis2,mbrownlee,sjonas,jrandolph,dschnaudi,nwhitlock",142,268,b37e5fd3f1022de2be880ff166acc569350e424e76e57c123e365b7d2eefbcbf,1785004902.0,False,188,460.75,20.0241678978179,2.48,19.87,-7.11436921457569,9601d88f0ba79a45ab22951abccbd1e3b5546d74f4535dea96cf378d12eb6042,0.922977946585726,0.0770220534142738,0.647894734993841,0.885895577248499,1.0,0.616197397933185,1900.75,3.0,0.88,0.114104422751501,0.324063381300207,268.0,aac116c517b0fdaebc55df9877c4979833cc6f7e,2026-08-18 08:07:04,2026-07-25 18:43:39,2026-07-25-DC-NY,empire,breeze,23,15,2026-07-25 14:00:00
srueschem,-9.76,20.18,aatkins,1.36,25.84,0,0,0,"adavis4,aatkins,jcowan,ddemarre,mlabar,srueschem,jwilliams",True,2026-07-25-DC-NY,8,6,2,4,455.0,1,1,True,True,189,home,127,1785004962.0,18,False,"khealey,jlightner,wvandenbr,mwagner,ffarah,lblumenfe,mlee2",128,272,ce47b85e2ac22403eb0b1fecee8a724f88db824b71f1e129079b64511a94301c,1785004962.0,False,189,455.0,12.4775798935531,11.12,5.66,-63.0242334241569,198e0fddb7afcd2b1b563e6be95c409bec7305f9845388b5802712bd77a7a32d,0.985312016326012,0.0146879836739876,0.641055968127526,0.641055968127526,0.657926191651114,0.914847619946905,1895.0,2.0,0.872,0.0168702235235888,0.0469995933226226,272.0,246a140d292f499b0493e435fb614b449227ce94,2026-08-18 08:07:04,2026-07-25 18:43:39,2026-07-25-DC-NY,empire,breeze,23,15,2026-07-25 14:00:00
aatkins,1.36,25.84,mlabar,9.68,32.38,0,0,0,"adavis4,aatkins,jcowan,ddemarre,mlabar,srueschem,jwilliams",True,2026-07-25-DC-NY,8,6,2,4,455.0,1,2,True,True,190,home,128,1785004966.0,18,False,"khealey,jlightner,wvandenbr,mwagner,ffarah,lblumenfe,mlee2",129,273,b9519952060d82fedf842950f310789372d82ac1d6b288c5e55dbae13dfde553,1785004966.0,False,190,449.470588235294,10.582721767107,8.32,6.54,-51.8306099950208,e946fecdc76e32a3545f85c5bb3cf34575c84fe198aa11c1bf5c992cbbdb2964,0.986416812726735,0.0135831872732648,0.641055968127526,0.657878838283361,0.674237861851901,0.890609395062318,1889.47058823529,2.0,0.873,0.01635902356854,0.0455754159867242,273.0,ba7639ce316f8ae45652fdf957a8fbbb252f6242,2026-08-18 08:07:04,2026-07-25 18:43:39,2026-07-25-DC-NY,empire,breeze,23,15,2026-07-25 14:00:00
mlabar,9.68,32.38,jcowan,11.66,42.95,0,0,0,"adavis4,aatkins,jcowan,ddemarre,mlabar,srueschem,jwilliams",True,2026-07-25-DC-NY,8,6,2,4,455.0,1,3,True,True,191,home,129,1785004969.0,18,False,"khealey,jlightner,wvandenbr,mwagner,ffarah,lblumenfe,mlee2",130,274,2909c3a845e93a02f08713982fa288cdf77969cb7e7c57a8e6cb82b3a93043ea,1785004969.0,False,191,443.941176470588,10.7538504732026,1.98,10.57,-10.6098365090549,91d0da7fad7880474514f7e701ec22d05c22f20c828876b7b6ffb15df791f428,0.981880964872784,0.0181190351272158,0.641055968127526,0.674165106112432,0.706980399172726,0.84706899219923,1883.94117647059,2.0,0.875,0.0328152930602941,0.0914217542192001,274.0,ada21f7560ba82a57e83b16003f7615f5eec1a41,2026-08-18 08:07:04,2026-07-25 18:43:39,2026-07-25-DC-NY,empire,breeze,23,15,2026-07-25 14:00:00
jcowan,11.66,42.95,ddemarre,20.05,62.52,0,0,0,"adavis4,aatkins,jcowan,ddemarre,mlabar,srueschem,jwilliams",True,2026-07-25-DC-NY,8,6,2,4,455.0,1,4,True,True,192,home,130,1785004973.0,18,False,"khealey,jlightner,wvandenbr,mwagner,ffarah,lblumenfe,mlee2",131,275,06660a4689d9c4b1ddfa9cca7adeb52af9e2bd3babc70201aa14f91c805009fa,1785004973.0,False,192,438.411764705882,21.2926513144794,8.39,19.57,-23.2056570873066,58123b032cb0b480d614a0241a92ed043176b774caae1542a9d2039f337086a9,0.955579015743294,0.0444209842567059,0.641055968127526,0.706889427868649,0.764711921423543,0.744764892452018,1878.41176470588,2.0,0.881,0.057822493554894,0.161090555687069,275.0,ae74474ac810cd2999fb21d5e452ade394edff99,2026-08-18 08:07:04,2026-07-25 18:43:39,2026-07-25-DC-NY,empire,breeze,23,15,2026-07-25 14:00:00
ddemarre,20.05,62.52,mlabar,16.02,49.77,0,0,0,"adavis4,aatkins,jcowan,ddemarre,mlabar,srueschem,jwilliams",True,2026-07-25-DC-NY,8,6,2,4,455.0,1,5,True,True,193,home,131,1785004982.0,18,False,"khealey,jlightner,wvandenbr,mwagner,ffarah,lblumenfe,mlee2",132,277,b8f73a40aa9877d59a10e5e78aae82bceac9130a38d4c979ced7bd7e5d89e58f,1785004982.0,False,193,432.882352941176,13.3717388547638,-4.03,-12.75,162.459378124518,0bb155dac41830c2f659bdd065a964c25966781a3ffff272689142d6076e406e,0.983673795656871,0.0163262043431291,0.641055968127526,0.764615826135023,0.724061685348731,0.812536075252033,1872.88235294118,2.0,0.877,-0.0405541407862923,-0.112981794333609,277.0,bea57e8b75ccaf1f7caa37ad439f2c319792a530,2026-08-18 08:07:04,2026-07-25 18:43:39,2026-07-25-DC-NY,empire,breeze,23,15,2026-07-25 14:00:00
mlabar,16.02,59.77,adavis4,24.68,68.86,0,0,0,"adavis4,aatkins,jcowan,ddemarre,mlabar,srueschem,jwilliams",True,2026-07-25-DC-NY,8,6,2,4,455.0,1,6,True,True,194,home,133,1785004996.0,18,False,"khealey,jlightner,wvandenbr,mwagner,ffarah,lblumenfe,mlee2",134,279,7a083e474a2d1a906cef31761664b754134b892d40c7259ef6a218c9e2da7602,1785004996.0,False,194,427.352941176471,12.5548277566839,8.66,9.09,-43.612260997312,5d3ccaf5340ec3bd0a97b791bee253f28c62c05364188c59a4626adfe22c0453,0.953428994731937,0.0465710052680633,0.641055968127526,0.765187013840226,0.771772131183551,0.684343033145468,1867.35294117647,2.0,0.881,0.00658511734332545,0.0183458053584939,279.0,3f936c279545e7e7827ca8863d0812b285241a36,2026-08-18 08:07:04,2026-07-25 18:43:39,2026-07-25-DC-NY,empire,breeze,23,15,2026-07-25 14:00:00
adavis4,24.68,68.86,mlabar,9.88,59.86,0,0,0,"adavis4,aatkins,jcowan,ddemarre,mlabar,srueschem,jwilliams",True,2026-07-25-DC-NY,8,6,2,4,455.0,1,7,True,True,195,home,134,1785005000.0,18,False,"khealey,jlightner,wvandenbr,mwagner,ffarah,lblumenfe,mlee2",135,280,ecc76691df15dd8c599f052c0a24bb85038cfd07e14bcabed7e56495f549ff34,1785005000.0,False,195,421.823529411765,17.3216627377397,-14.8,-9.0,121.304123495591,8e2f72563c2c6e3d04c4523cba303cac7d66bdeabeb24895c1dd49264651f392,0.963347600731793,0.0366523992682066,0.641055968127526,0.771651466981914,0.774103371211502,0.775530822223606,1861.82352941176,2.0,0.881,0.00245190422958874,0.00683088173049734,280.0,eee6caff295ef9115480893b50d289e92dbdc3fe,2026-08-18 08:07:04,2026-07-25 18:43:39,2026-07-25-DC-NY,empire,breeze,23,15,2026-07-25 14:00:00
mlabar,9.88,59.86,srueschem,-0.82,55.84,0,0,0,"adavis4,aatkins,jcowan,ddemarre,mlabar,srueschem,jwilliams",True,2026-07-25-DC-NY,8,6,2,4,455.0,1,8,True,True,196,home,135,1785005003.0,18,False,"khealey,jlightner,wvandenbr,mwagner,ffarah,lblumenfe,mlee2",136,281,f75026ee719fbd04fb2f41da866167eba40ce5459f675db8f6f6726dcb1bb12b,1785005003.0,False,196,416.294117647059,11.4302405923935,-10.7,-4.02,110.591246390362,1e02839b9c863bdc12e2778d417693cbb825e83d07b5087c511ccd5175f69a06,0.983787154237888,0.0162128457621116,0.641055968127526,0.773973779856311,0.759474117665064,0.794066480246909,1856.29411764706,2.0,0.88,-0.0144996621912463,-0.0403953288082465,281.0,05cb9c218b039d6b4201d763218b144c7321c2b4,2026-08-18 08:07:04,2026-07-25 18:43:39,2026-07-25-DC-NY,empire,breeze,23,15,2026-07-25 14:00:00
srueschem,-0.82,55.84,ddemarre,-12.35,59.45,0,0,0,"adavis4,aatkins,jcowan,ddemarre,mlabar,srueschem,jwilliams",True,2026-07-25-DC-NY,8,6,2,4,455.0,1,9,True,True,197,home,136,1785005007.0,18,False,"khealey,jlightner,wvandenbr,mwagner,ffarah,lblumenfe,mlee2",137,282,1107e2324b95c092c808de5dbfee18c53201aa152538ebd91d1936c899ad6a50,1785005007.0,False,197,410.764705882353,12.0819286539857,-11.53,3.61,72.6148563437085,eed0ffde476023f37fe7f25cd593f05fa2241fec50087096f328a66855d9f0c6,0.980415592597122,0.0195844074028776,0.641055968127526,0.75933087588116,0.770496364262885,0.774514610135212,1850.76470588235,2.0,0.881,0.0111654883817248,0.0311064884502431,282.0,1b2d2b08594cf872cc8bc52cc17ff7f8f43a1bec,2026-08-18 08:07:04,2026-07-25 18:43:39,2026-07-25-DC-NY,empire,breeze,23,15,2026-07-25 14:00:00
ddemarre,-12.35,59.45,aatkins,-20.87,67.63,0,0,0,"adavis4,aatkins,jcowan,ddemarre,mlabar,srueschem,jwilliams",True,2026-07-25-DC-NY,8,6,2,4,455.0,1,10,True,True,198,home,137,1785005011.0,18,False,"khealey,jlightner,wvandenbr,mwagner,ffarah,lblumenfe,mlee2",138,283,5cccca913731158ac539e6a4887d7fb1e005ed47bf341f159ea7208e572e6eff,1785005011.0,False,198,405.235294117647,11.8111303438748,-8.52,8.17999999999999,46.1663397686644,a8bcb35f7732eaf9eeef6352c56d326b5ee3b35a7496fb8bafebaff74792da8e,0.980907879875731,0.0190921201242694,0.641055968127526,0.770352379394551,0.786171651245414,0.715722616914769,1845.23529411765,2.0,0.882,0.0158192718508628,0.0440716948777215,283.0,86664582b6da8a1c340550db243bbbf996c707ab,2026-08-18 08:07:04,2026-07-25 18:43:39,2026-07-25-DC-NY,empire,breeze,23,15,2026-07-25 14:00:00
aatkins,-20.87,67.63,ddemarre,-8.94,60.95,0,0,0,"adavis4,aatkins,jcowan,ddemarre,mlabar,srueschem,jwilliams",True,2026-07-25-DC-NY,8,6,2,4,455.0,1,11,True,True,199,home,138,1785005013.0,18,False,"khealey,jlightner,wvandenbr,mwagner,ffarah,lblumenfe,mlee2",139,284,59781cb33254b9343825eea2bf65c5d26ebce2ff71be497389a69ee5d56a71d1,1785005013.0,False,199,399.705882352941,13.6728672925616,11.93,-6.67999999999999,-119.245901366311,3da8d12576b60b4e16a69f84211f6f5a713574156cd7f87ad8a5265ee3c9843b,0.973469199724,0.026530800276,0.641055968127526,0.786031890029042,0.778823717148182,0.77070634256715,1839.70588235294,2.0,0.882,-0.00720817288085995,-0.02008160671528,284.0,930928440b020f4a4c04aaf5d02a94891287c059,2026-08-18 08:07:04,2026-07-25 18:43:39,2026-07-25-DC-NY,empire,breeze,23,15,2026-07-25 14:00:00
ddemarre,-8.94,60.95,aatkins,-1.78,64.09,0,0,0,"adavis4,aatkins,jcowan,ddemarre,mlabar,srueschem,jwilliams",True,2026-07-25-DC-NY,8,6,2,4,455.0,1,12,True,True,200,home,139,1785005017.0,18,False,"khealey,jlightner,wvandenbr,mwagner,ffarah,lblumenfe,mlee2",140,285,5e102be8b71c5dbc06875724d986a6c264a773f894ce7e1cd2d649ffd3cf4ec5,1785005017.0,False,200,394.176470588235,7.81826067613507,7.16,3.14,-66.3202671223433,1f3a76afb5e21e224de628b4637a22786e15579b4fa622fc7e3002766a7b6217,0.985107358899233,0.0148926411007674,0.641055968127526,0.778679788625992,0.793183819068278,0.75914111615736,1834.17647058824,2.0,0.883,0.0145040304422858,0.0404074985357014,285.0,1c1f2679a858b791b8113b86c8b8ea6bbfc5d41b,2026-08-18 08:07:04,2026-07-25 18:43:39,2026-07-25-DC-NY,empire,breeze,23,15,2026-07-25 14:00:00
aatkins,-1.78,64.09,ddemarre,-2.12,72.88,0,0,0,"adavis4,aatkins,jcowan,ddemarre,mlabar,srueschem,jwilliams",True,2026-07-25-DC-NY,8,6,2,4,455.0,1,13,True,True,201,home,140,1785005023.0,18,False,"khealey,jlightner,wvandenbr,mwagner,ffarah,lblumenfe,mlee2",141,286,09c84e0689a1ba169fd6a7b877b3a3d36e6a3a95f3bcff4b256f0a37320caf57,1785005023.0,False,201,388.647058823529,8.79657319642143,-0.34,8.78999999999999,2.21511471598672,fe41f71695b4a0b400986ea5f668f1da882c710eec4b1cdc0c8b11f45a82ee41,0.981729291851092,0.018270708148908,0.641055968127526,0.793048197308771,0.830634884248535,0.724706823447955,1828.64705882353,2.0,0.887,0.0375866869397649,0.104714617328193,286.0,1d887c106e0bd3424f3b52dce70f458fc6267d26,2026-08-18 08:07:04,2026-07-25 18:48:42,2026-07-25-DC-NY,empire,breeze,23,15,2026-07-25 14:00:00
ddemarre,-2.12,72.88,mlabar,-18.62,81.68,0,0,0,"adavis4,aatkins,jcowan,ddemarre,mlabar,srueschem,jwilliams",True,2026-07-25-DC-NY,8,6,2,4,455.0,1,14,True,True,202,home,141,1785005028.0,18,False,"khealey,jlightner,wvandenbr,mwagner,ffarah,lblumenfe,mlee2",142,287,a3cdf1624dc6f996cc2ae6f859871d234ef8e6fdd0d564fa601cfeb0cb26fadb,1785005028.0,False,202,383.117647058824,18.7,-16.5,8.80000000000001,61.927513064147,4a36abecabe4ad95e02870253bf046802d555b31cf8b6c6e163dbdf4019b77b0,0.965422783996577,0.0345772160034227,0.641055968127526,0.830521637994954,0.856813178389094,0.671483936717192,1823.11764705882,2.0,0.889,0.0262915403941395,0.0732469077615988,287.0,d585bc6d54d62def122d5d3ba303c933bb62fc5f,2026-08-18 08:07:04,2026-07-25 18:48:42,2026-07-25-DC-NY,empire,breeze,23,15,2026-07-25 14:00:00
mlabar,-18.62,81.68,aatkins,-17.4,74.59,0,0,0,"adavis4,aatkins,jcowan,ddemarre,mlabar,srueschem,jwilliams",True,2026-07-25-DC-NY,8,6,2,4,455.0,1,15,True,True,203,home,142,1785005036.0,18,False,"khealey,jlightner,wvandenbr,mwagner,ffarah,lblumenfe,mlee2",143,288,9c5f97851a1d29439b2a68c861779dbe014782f9b9a509de4c1035beef4f89d2,1785005036.0,False,203,377.588235294118,7.19419905201406,1.22,-7.09,-170.236537299683,bd94a791fd17d65c9b6860d0926136282be7134a5607abb1327fb270aed16549,0.985233940752225,0.0147660592477751,0.641055968127526,0.856718680390881,0.828119360779507,0.701513655950811,1817.58823529412,2.0,0.886,-0.0285993196113741,-0.0796762644643576,288.0,16fe392334b4a58259dea2dd71f214b0421966ee,2026-08-18 08:07:04,2026-07-25 18:48:42,2026-07-25-DC-NY,empire,breeze,23,15,2026-07-25 14:00:00
aatkins,-17.4,74.59,ddemarre,4.43,90.47,0,0,0,"adavis4,aatkins,jcowan,ddemarre,mlabar,srueschem,jwilliams",True,2026-07-25-DC-NY,8,6,2,4,455.0,1,16,True,True,204,home,143,1785005041.0,18,False,"khealey,jlightner,wvandenbr,mwagner,ffarah,lblumenfe,mlee2",144,289,126d9ac573b8f442cd090f19d76bea7c3197c1d8d2e1dc2cc598b2216653ca7b,1785005041.0,False,204,372.058823529412,26.9948754396089,21.83,15.88,-53.9663847346462,c71be8213ea8f039fbbd4967fc8dc06251afe4410e1555cb73670de5f3b09fbf,0.889253843932967,0.110746156067033,0.641055968127526,0.828016519534598,0.901013161510458,0.665670747142547,1812.05882352941,2.0,0.894,0.0729966419758594,0.203364969170998,289.0,4b59d7ae07c71ccc3f272cd4cedb5db0f713f06c,2026-08-18 08:07:04,2026-07-25 18:48:42,2026-07-25-DC-NY,empire,breeze,23,15,2026-07-25 14:00:00
ddemarre,4.43,90.47,jcowan,20.18,104.18,0,0,0,"adavis4,aatkins,jcowan,ddemarre,mlabar,srueschem,jwilliams",True,2026-07-25-DC-NY,9,6,2,4,455.0,1,17,True,True,205,home,144,1785005052.0,19,False,"khealey,jlightner,wvandenbr,mwagner,ffarah,lblumenfe,mlee2",145,291,5c2f55dec991f9b0c7833a47c0586c69259cb3fc3450e36a486d5f98b0a81882,1785005052.0,False,205,366.529411764706,20.8812499625861,15.75,13.71,-48.9612051786483,a5d9ecf01e19abf2c3647bf93a57c4600c701d5ee961c9f99c33af29f8f157bc,0.944239951760707,0.0557600482392931,0.641055968127526,0.900954131262611,1.0,0.611975184803493,1806.52941176471,2.0,0.898,0.0990458687373891,0.275936803352613,291.0,d7c507b73917ac6459e6211b771edac0bc8582b2,2026-08-18 08:07:04,2026-07-25 18:48:42,2026-07-25-DC-NY,empire,breeze,23,15,2026-07-25 14:00:00
smott,-1.46,10.41,aroy,-1.61,17.11,0,0,0,"amerriman,smott,cboxley,jwodatch1,jnissen,aroy,mgrovic",False,2026-07-25-DC-NY,9,6,2,5,361.0,1,1,True,True,206,away,147,1785005105.0,18,False,"lbarry,ochartock,relston,ofay,cpanarell,adavis4,jrandolph",148,295,fe239b59978e6cdeb5f4552057f70add4fe9f2cc334d17794e0d01ab1df261fe,1785005105.0,False,206,361.0,6.70167889412795,-0.15,6.7,1.28252708271019,e919fe44aa5f38bfa973da3154d2b2114caceaa8342ed894d8e97352446482c0,0.992490180437306,0.00750981956269414,0.618279291096736,0.618279291096736,0.63324615341257,0.932531247837191,1801.0,3.0,0.911,0.0149668623158336,0.0392089346130458,295.0,87e0fea3e336e7f1440e4e9076ceaa777e6ed549,2026-08-18 08:07:04,2026-07-25 18:48:42,2026-07-25-DC-NY,empire,breeze,23,15,2026-07-25 14:00:00
aroy,-1.61,17.11,jwodatch1,-16.11,49.95,0,0,0,"amerriman,smott,cboxley,jwodatch1,jnissen,aroy,mgrovic",False,2026-07-25-DC-NY,9,6,2,5,361.0,1,2,True,True,207,away,148,1785005109.0,18,False,"lbarry,ochartock,relston,ofay,cpanarell,adavis4,jrandolph",149,296,4a4e69a7e88d09aabe61b4ed5138ccdd8f2d7960aec0e93c7645ad85daf66e7c,1785005109.0,False,207,356.857142857143,35.8986852126927,-14.5,32.84,23.8231228890396,8ad6ca02291c2a2f438a85a1d7b5514502401659e0bb5e387e6840c58eb4444a,0.876084936128199,0.123915063871801,0.618279291096736,0.633156557413046,0.724319051693234,0.808649117033676,1796.85714285714,3.0,0.905,0.0911624942801879,0.238819881012247,296.0,b76f424a559130291de60411a87170eb1d98fde9,2026-08-18 08:07:04,2026-07-25 18:48:42,2026-07-25-DC-NY,empire,breeze,23,15,2026-07-25 14:00:00
jwodatch1,-16.11,49.95,amerriman,-14.14,45.8,0,0,0,"amerriman,smott,cboxley,jwodatch1,jnissen,aroy,mgrovic",False,2026-07-25-DC-NY,9,6,2,5,361.0,1,3,True,True,208,away,149,1785005112.0,18,False,"lbarry,ochartock,relston,ofay,cpanarell,adavis4,jrandolph",150,297,1f1bacee99c15a13f0ff9e8664af765cb12d68dbdfab0b9e8ae2e974f09eef93,1785005112.0,False,208,352.714285714286,4.59384370652725,1.97,-4.15000000000001,-154.606364321951,43ff8b2a914b339e6ddaa9e89804eb72f246596f7154cb8b3d4f5d820271c941,0.99099502509769,0.00900497490231011,0.618279291096736,0.724250960184866,0.712275208693249,0.830319365233023,1792.71428571429,3.0,0.905,-0.0119757514916163,-0.0313730725430756,297.0,c6adeb15eda9d76709e93853b6e283c7f0b0b689,2026-08-18 08:07:04,2026-07-25 18:48:42,2026-07-25-DC-NY,empire,breeze,23,15,2026-07-25 14:00:00
amerriman,-14.14,45.8,,-4.01,43.25,1,0,0,"amerriman,smott,cboxley,jwodatch1,jnissen,aroy,mgrovic",False,2026-07-25-DC-NY,9,6,2,5,361.0,1,4,True,True,209,away,150,1785005116.0,22,False,"lbarry,ochartock,relston,ofay,cpanarell,adavis4,jrandolph",151,298,ced46a057f452bd060483050522c2c414636240c17c17187f29ed573466fbfb6,1785005116.0,False,209,348.571428571429,10.4460231667367,10.13,-2.55,-104.129363993455,117c9e77df325e56e417ca31ec5db7dc6142b3f14a0aae100f43961dc773be33,0.985665315547658,-0.985665315547658,0.618279291096736,0.712213461416632,0.709465872133284,0.846348877971142,1788.57142857143,3.0,0.947,-0.846348877971142,-0.846348877971142,298.0,b6f49460001f23b424cbaedf7527e14ed6ccd63f,2026-08-18 08:07:04,2026-07-25 18:48:42,2026-07-25-DC-NY,empire,breeze,23,15,2026-07-25 14:00:00
jrandolph,-0.28,79.09,ochartock,-1.44,71.38,0,0,0,"lbarry,ochartock,relston,ofay,cpanarell,adavis4,jrandolph",True,2026-07-25-DC-NY,9,6,2,5,361.0,2,1,False,False,210,home,148,1785005123.0,18,False,"amerriman,smott,cboxley,jwodatch1,jnissen,aroy,mgrovic",149,300,adf7dcdb06c934f57d17b68ccdc480e2a2eaf5b2ea116e3b8e8220fccd4dfdaa,1785005123.0,False,210,344.428571428571,7.7967749743083,-1.16,-7.71000000000001,171.443798670224,13e543172851f00df471e82203ca92c608f1348b5ca73a4ffa1e8ca48ac94f08,0.986395735946266,0.0136042640537339,0.823516208966498,0.856276950580934,0.823550672831722,0.729417920840026,1784.42857142857,3.0,0.946,-0.0327262777492121,-0.185435033764657,300.0,765fa55e95ae34e02850857606c4026a7f95fc10,2026-08-18 08:07:04,2026-07-25 18:48:42,2026-07-25-DC-NY,empire,breeze,23,15,2026-07-25 14:00:00
ochartock,-1.44,71.38,jrandolph,-11.6,96.54,0,0,0,"lbarry,ochartock,relston,ofay,cpanarell,adavis4,jrandolph",True,2026-07-25-DC-NY,9,6,2,5,361.0,2,2,False,False,211,home,149,1785005125.0,18,False,"amerriman,smott,cboxley,jwodatch1,jnissen,aroy,mgrovic",150,301,825c493fa2cfb967db3f80e282412419f13287033bce613264317014b5ff9531,1785005125.0,False,211,340.285714285714,27.1339492149595,-10.16,25.16,21.9896237981639,8f2a33be20783bb6265aaacfee142babb4a98f2b3f09fe06c018d6444235a214,0.890841557088832,0.109158442911168,0.823516208966498,0.823516208966498,0.920513327559872,0.644235761642061,1780.28571428571,3.0,0.951,0.0969971185933741,0.549609219211305,301.0,345077b9c9bec2a87c82c78b0ef68fe5980ba8d7,2026-08-18 08:07:04,2026-07-25 18:48:42,2026-07-25-DC-NY,empire,breeze,23,15,2026-07-25 14:00:00
jrandolph,-11.6,96.54,cpanarell,-13.85,106.9,0,0,0,"lbarry,ochartock,relston,ofay,cpanarell,adavis4,jrandolph",True,2026-07-25-DC-NY,10,6,2,5,361.0,2,3,False,False,212,home,150,1785005131.0,19,False,"amerriman,smott,cboxley,jwodatch1,jnissen,aroy,mgrovic",151,302,2829444f3af31df4b5f0edf37d8df19a6245c3594af29b1d0c0081b081571fa3,1785005131.0,False,212,336.142857142857,10.6015140428148,-2.25,10.36,12.2532929883528,3eb3a2305c9b76b049b9b1cec9821574cd2b65e07154d65b439e996474de6627,0.961281831868542,0.0387181681314585,0.823516208966498,0.920497761768022,1.0,0.631491162670292,1776.14285714286,3.0,0.953,0.0795022382319779,0.450478980343786,302.0,f171dd1204cb797eea452aa0a3db7d633e7fa581,2026-08-18 08:07:04,2026-07-25 18:48:42,2026-07-25-DC-NY,empire,breeze,23,15,2026-07-25 14:00:00
tshapinsk,8.23,0.29,aroy,3.42,8.73,0,0,0,"tshapinsk,amerriman,cboxley,smott,mgrovic,jwodatch1,aroy",False,2026-07-25-DC-NY,10,6,2,6,332.0,1,1,True,True,213,away,153,1785005181.0,18,False,"aagami,adavis2,mbrownlee,sjonas,jrandolph,dschnaudi,nwhitlock",154,307,c374366bf2636ab881152f575261d0cd649d3d254f41588ef14dcabf6f081837,1785005181.0,False,213,332.0,9.71440682697611,-4.81,8.44,29.6790409255633,73cb1bd48c2036c8905640c36b92345e34cb723b3cbaa242c5572a46095a1d57,0.991071250135732,0.00892874986426795,0.596156029676359,0.596156029676359,0.614141752529536,0.932351012303235,1772.0,4.0,0.96,0.0179857228531762,0.0445363164361782,307.0,83533bfb571e6e024c761666b4fd91309b3bead7,2026-08-18 08:07:04,2026-07-25 18:48:42,2026-07-25-DC-NY,empire,breeze,23,15,2026-07-25 14:00:00
aroy,3.42,8.73,mgrovic,-6.85,12.01,0,0,0,"tshapinsk,amerriman,cboxley,smott,mgrovic,jwodatch1,aroy",False,2026-07-25-DC-NY,10,6,2,6,332.0,1,2,True,True,214,away,154,1785005184.0,18,False,"aagami,adavis2,mbrownlee,sjonas,jrandolph,dschnaudi,nwhitlock",155,308,44639ca6ed31d4d6e3f695945c2ddabbdefdce9ea61ee70a9af1600106bfff5a,1785005184.0,False,214,326.428571428571,10.7810620998119,-10.27,3.28,72.2877228897502,0cdec1468bfd20a743b4d2e8f9bf4d0ebffa97e8aa4fbe31e8582f7dd1d7fb00,0.99053960375668,0.00946039624331951,0.596156029676359,0.614085228070993,0.620328903515072,0.932143123856179,1766.42857142857,4.0,0.959,0.006243675444079,0.0154606132637695,308.0,8eda1a575f1095639d7e324f23a25b48993ca09a,2026-08-18 08:07:04,2026-07-25 18:48:42,2026-07-25-DC-NY,empire,breeze,23,15,2026-07-25 14:00:00
mgrovic,-6.85,12.01,aroy,-16.33,16.16,0,0,0,"tshapinsk,amerriman,cboxley,smott,mgrovic,jwodatch1,aroy",False,2026-07-25-DC-NY,10,6,2,6,332.0,1,3,True,True,215,away,155,1785005188.0,18,False,"aagami,adavis2,mbrownlee,sjonas,jrandolph,dschnaudi,nwhitlock",156,309,49b2e0089256439e3336e62d097931885093963ee02dba1fd85c5dd07c6e4d9b,1785005188.0,False,215,320.857142857143,10.3485699495148,-9.48,4.15,66.3579413024694,e3f4f5d8db7c332f4fe3d6e6b032d34bcfe4981eb29bf804669f50818a129c18,0.991076723667935,0.00892327633206469,0.596156029676359,0.620275878478535,0.617579385699108,0.928198963893502,1760.85714285714,4.0,0.96,-0.00269649277942685,-0.00667706584121061,309.0,0ae8c9fb956aa3c51a762ceafffbc608c2969ccf,2026-08-18 08:07:04,2026-07-25 18:48:42,2026-07-25-DC-NY,empire,breeze,23,15,2026-07-25 14:00:00
aroy,-16.33,16.16,,-22.59,39.83,1,0,0,"tshapinsk,amerriman,cboxley,smott,mgrovic,jwodatch1,aroy",False,2026-07-25-DC-NY,10,6,2,6,332.0,1,4,True,True,216,away,156,1785005190.0,22,False,"aagami,adavis2,mbrownlee,sjonas,jrandolph,dschnaudi,nwhitlock",157,311,331dea6d83e7b3ce3167c43b25fbd2173465a9fb04e089f03c1fa61ca113bfeb,1785005190.0,False,216,315.285714285714,24.4838007670378,-6.26,23.67,14.813838064546,4718a820bddd515d053a77c7fcd900df105f766e7cb6f22f03fc6b37b0d4e6c1,0.936322043042594,-0.936322043042594,0.596156029676359,0.617526451564218,0.655597191002056,0.835430461878925,1755.28571428571,4.0,0.976,-0.835430461878925,-0.835430461878925,311.0,55df06ea6f644b649b0c7107dc70460761a2d908,2026-08-18 08:07:04,2026-07-25 18:48:42,2026-07-25-DC-NY,empire,breeze,23,15,2026-07-25 14:00:00
sjonas,22.16,87.75,mbrownlee,10.57,80.93,0,0,0,"aagami,adavis2,mbrownlee,sjonas,jrandolph,dschnaudi,nwhitlock",True,2026-07-25-DC-NY,10,6,2,6,332.0,2,1,False,False,217,home,154,1785005198.0,18,False,"tshapinsk,amerriman,cboxley,smott,mgrovic,jwodatch1,aroy",155,312,1c6e639f1c0cdabd7655f215b5b62dc3d3c8a0f6730b7390cfc3318984b038e1,1785005198.0,False,217,309.714285714286,13.4476949697708,-11.59,-6.81999999999999,120.474185839277,b8a24318b4c8623482230a398bbecbccc8b6b0a4124ea0abfc2d9c2af3c1f0d6,0.963283997016571,0.0367160029834289,0.861952572659932,0.871472567540973,0.861983417944295,0.692290002707261,1749.71428571429,4.0,0.977,-0.00948914959667824,-0.0687383298589298,312.0,9c34e9b5485cb01dae0950865477cb8070381da6,2026-08-18 08:07:04,2026-07-25 18:48:42,2026-07-25-DC-NY,empire,breeze,23,15,2026-07-25 14:00:00
mbrownlee,10.57,80.93,aagami,-2.53,95.72,0,0,0,"aagami,adavis2,mbrownlee,sjonas,jrandolph,dschnaudi,nwhitlock",True,2026-07-25-DC-NY,10,6,2,6,332.0,2,2,False,False,218,home,155,1785005207.0,18,False,"tshapinsk,amerriman,cboxley,smott,mgrovic,jwodatch1,aroy",156,313,e875852fb996cbe12f8da4339bfdb9a7575846c034efd20853f405a6bd7600c9,1785005207.0,False,218,304.142857142857,19.7573808992994,-13.1,14.79,41.5323909930938,e5e68ba2a5cb3971fba028830ed6b57d68b4db0b820fde61bf7ea6ab98e7568b,0.935815536411934,0.0641844635880658,0.861952572659932,0.861952572659932,0.918907201831419,0.650423104503217,1744.14285714286,4.0,0.978,0.0569546291714869,0.412572912577241,313.0,d49f964555afc106ae6ea2385c0cca3fa0c0a11b,2026-08-18 08:07:04,2026-07-25 18:48:42,2026-07-25-DC-NY,empire,breeze,23,15,2026-07-25 14:00:00
aagami,-2.53,95.72,nwhitlock,1.02,104.65,0,0,0,"aagami,adavis2,mbrownlee,sjonas,jrandolph,dschnaudi,nwhitlock",True,2026-07-25-DC-NY,11,6,2,6,332.0,2,3,False,False,219,home,156,1785005221.0,19,False,"tshapinsk,amerriman,cboxley,smott,mgrovic,jwodatch1,aroy",157,315,809b651016d8fe2618c3d6c23c06a0ad9b1db4a03344a86950664347d213ecaa,1785005221.0,False,219,298.571428571429,9.60975545994799,3.55,8.93000000000001,-21.679621539406,74acd26ea4a5dffd4935cb4bccf168bd520e79c35ae30e103f63cee8680f378e,0.968959155392584,0.0310408446074164,0.861952572659932,0.918885188186366,1.0,0.63946451248884,1738.57142857143,4.0,0.979,0.0811148118136342,0.587586551785676,315.0,5d876859d21b350c5ed1287c7faae25dc79e72f7,2026-08-18 08:07:04,2026-07-26 08:07:41,2026-07-25-DC-NY,empire,breeze,23,15,2026-07-25 14:00:00
gnorrbom,-1.32,11.57,jnissen,-0.22,20.89,0,0,0,"wvandenbr,ilee,cjurek,jnissen,mgrovic,tshapinsk,gnorrbom",False,2026-07-25-DC-NY,11,6,2,7,293.0,1,1,True,True,220,away,159,1785005265.0,18,False,"lbarry,ochartock,relston,ofay,cpanarell,jrandolph,sjonas",160,319,23309f56c688cd06207adbd669491c719ac299d103732710aef8a3fd2b761b55,1785005265.0,False,220,293.0,9.38468965922688,1.1,9.32,-6.73123712281496,3468ceb0951518dc1a3b7984d79e3fc7a5a2a414f9edc51f10b2725fa71c07e6,0.989553559850477,0.0104464401495226,0.619886678959669,0.619886678959669,0.641628273475509,0.929631324403455,1733.0,5.0,0.982,0.0217415945158405,0.0571976653076402,319.0,7cc500b58f66145221feb6fd5d277202fee65a3f,2026-08-18 08:07:04,2026-07-25 18:48:42,2026-07-25-DC-NY,empire,breeze,23,15,2026-07-25 14:00:00
jnissen,-0.22,20.89,mgrovic,9.39,29.05,0,0,0,"wvandenbr,ilee,cjurek,jnissen,mgrovic,tshapinsk,gnorrbom",False,2026-07-25-DC-NY,11,6,2,7,293.0,1,2,True,True,221,away,160,1785005271.0,18,False,"lbarry,ochartock,relston,ofay,cpanarell,jrandolph,sjonas",161,320,ae3fb94f1090dc6c47f7193d65c8c55bcd829a05f80bec30e4e613b66fc669ba,1785005271.0,False,221,287.555555555556,12.6070496151955,9.61,8.16,-49.6648973736583,81b762512a030a864be94a985e331230cbcba166d886a51977ed811951e450a6,0.984189401876749,0.0158105981232515,0.619886678959669,0.641537488980925,0.661258404416736,0.901639817295538,1727.55555555556,5.0,0.982,0.0197209154358117,0.0518816740803441,320.0,244dd86fe674a6f25be9cabde53a4aedca428f35,2026-08-18 08:07:04,2026-07-25 18:48:42,2026-07-25-DC-NY,empire,breeze,23,15,2026-07-25 14:00:00
mgrovic,9.39,29.05,tshapinsk,18.21,47.62,0,0,0,"wvandenbr,ilee,cjurek,jnissen,mgrovic,tshapinsk,gnorrbom",False,2026-07-25-DC-NY,11,6,2,7,293.0,1,3,True,True,222,away,161,1785005303.0,18,False,"lbarry,ochartock,relston,ofay,cpanarell,jrandolph,sjonas",162,321,95085b9130f7363311bd378bd4cb97b216858270d186a6aebdfdb94c04cb5ab1,1785005303.0,False,222,282.111111111111,20.5581443715137,8.82,18.57,-25.4058300255275,15ccd22c05272b3884e3b0d899e320c99fc8fa900d4db741309c8e27fe19b364,0.963560125360081,0.036439874639919,0.619886678959669,0.661154351535723,0.705736738269368,0.815379055733419,1722.11111111111,5.0,0.981,0.0445823867336447,0.11728709378463,321.0,3928c2472072810af61da211aef6ba79ea4559df,2026-08-18 08:07:04,2026-07-25 18:48:42,2026-07-25-DC-NY,empire,breeze,23,15,2026-07-25 14:00:00
tshapinsk,18.21,57.62,gnorrbom,4.15,56.43,0,0,0,"wvandenbr,ilee,cjurek,jnissen,mgrovic,tshapinsk,gnorrbom",False,2026-07-25-DC-NY,11,6,2,7,293.0,1,4,True,True,223,away,163,1785005322.0,18,False,"lbarry,ochartock,relston,ofay,cpanarell,jrandolph,sjonas",164,323,ac2e86e267af691617da6e68456362efdb37810566f72353f10a96c12a0b946c,1785005322.0,False,223,276.666666666667,14.1102693099742,-14.06,-1.19,94.8378284039784,15686d55d248b8b8cfc3276c4d870a0e69a3750694912ea029259618d03bff8f,0.975520579836235,0.0244794201637655,0.619886678959669,0.746973477898276,0.759304983784479,0.78919486330483,1716.66666666667,5.0,0.98,0.0123315058862029,0.0324416567471323,323.0,18dcfe6c83f548b84fd687eb9d7ee1c429eb91b6,2026-08-18 08:07:04,2026-07-25 18:53:45,2026-07-25-DC-NY,empire,breeze,23,15,2026-07-25 14:00:00
gnorrbom,4.15,56.43,jnissen,19.96,73.32,0,0,0,"wvandenbr,ilee,cjurek,jnissen,mgrovic,tshapinsk,gnorrbom",False,2026-07-25-DC-NY,11,6,2,7,293.0,1,5,True,True,224,away,164,1785005324.0,18,False,"lbarry,ochartock,relston,ofay,cpanarell,jrandolph,sjonas",165,324,9c2121f0c89db53d23fd20a6f7e583bd8b37ae5f3522b090eb530a6751c2e03c,1785005324.0,False,224,271.222222222222,23.1349994596931,15.81,16.89,-43.1083499428989,a59b1c06f4f3cffb46d15b94ec469f2becb2e8cc944ae8186baa8bb6cb0b9c0f,0.952315449695471,0.0476845503045289,0.619886678959669,0.759188260800369,0.81229544826507,0.697261857392421,1711.22222222222,5.0,0.979,0.0531071874647013,0.139714091890682,324.0,dd69593c6d4a7455ff1ef542e42e7c3b0190e95b,2026-08-18 08:07:04,2026-07-25 18:53:45,2026-07-25-DC-NY,empire,breeze,23,15,2026-07-25 14:00:00
jnissen,19.96,73.32,tshapinsk,6.48,82.64,0,0,0,"wvandenbr,ilee,cjurek,jnissen,mgrovic,tshapinsk,gnorrbom",False,2026-07-25-DC-NY,11,6,2,7,293.0,1,6,True,True,225,away,165,1785005328.0,18,False,"lbarry,ochartock,relston,ofay,cpanarell,jrandolph,sjonas",166,325,6842009fa2c6bbb7879373efa74d17a3b70d665c207adfff0d52df458e63bd3b,1785005328.0,False,225,265.777777777778,16.3881908702578,-13.48,9.32000000000001,55.3402251487483,e21ff6892b96dff64a643ecc56a713e92fc7e02a8164b7331e424eca6aae442b,0.951355156518872,0.048644843481128,0.619886678959669,0.812182147782485,0.869823290147643,0.687728295835704,1705.77777777778,5.0,0.978,0.0576411423651582,0.151641995096095,325.0,66df471e0c3ba36d7d90df490f1a65a44ff38f96,2026-08-18 08:07:04,2026-07-25 18:53:45,2026-07-25-DC-NY,empire,breeze,23,15,2026-07-25 14:00:00
tshapinsk,6.48,82.64,gnorrbom,-3.65,81.04,0,0,0,"wvandenbr,ilee,cjurek,jnissen,mgrovic,tshapinsk,gnorrbom",False,2026-07-25-DC-NY,11,6,2,7,293.0,1,7,True,True,226,away,166,1785005333.0,18,False,"lbarry,ochartock,relston,ofay,cpanarell,jrandolph,sjonas",167,326,a05b6cd73b766bc9c44b1342502c731d45f2ae82901154961b5988cbd3035d9e,1785005333.0,False,226,260.333333333333,10.255578969517,-10.13,-1.59999999999999,98.9755310494005,5239f5a80367d6bffbbf176a5902b7788f57e6a93567a821a86fa56b7c9bbc84,0.978494947114314,0.0215050528856863,0.619886678959669,0.8697260128224,0.863462581028833,0.693390295440325,1700.33333333333,5.0,0.978,-0.00626343179356703,-0.0164778013473052,326.0,3c5b8501dda2861b4ffee91555bb417ae8be98fc,2026-08-18 08:07:04,2026-07-25 18:53:45,2026-07-25-DC-NY,empire,breeze,23,15,2026-07-25 14:00:00
gnorrbom,-3.65,81.04,wvandenbr,-13.05,88.25,0,0,0,"wvandenbr,ilee,cjurek,jnissen,mgrovic,tshapinsk,gnorrbom",False,2026-07-25-DC-NY,11,6,2,7,293.0,1,8,True,True,227,away,167,1785005335.0,18,False,"lbarry,ochartock,relston,ofay,cpanarell,jrandolph,sjonas",168,327,9ea170ed60c8c0fe2d83461190071e552f333a318f8c903a0f9edd182229d728,1785005335.0,False,227,254.888888888889,11.8466915212645,-9.4,7.20999999999999,52.5110263474521,e9b0f52443920dcae109796d73e1f7b1b3256ff2ec63b1f325477580fae25a45,0.971003623927625,0.0289963760723749,0.619886678959669,0.863346259398848,0.889595627682146,0.663926874301294,1694.88888888889,5.0,0.977,0.0262493682832975,0.06905669133472,327.0,529c412ea2e0b33654a2b6b6beb5b664e2f46c4e,2026-08-18 08:07:04,2026-07-25 18:53:45,2026-07-25-DC-NY,empire,breeze,23,15,2026-07-25 14:00:00
wvandenbr,-13.05,88.25,cjurek,-20.55,105.58,0,0,0,"wvandenbr,ilee,cjurek,jnissen,mgrovic,tshapinsk,gnorrbom",False,2026-07-25-DC-NY,11,7,2,7,293.0,1,9,True,True,228,away,168,1785005345.0,19,False,"lbarry,ochartock,relston,ofay,cpanarell,jrandolph,sjonas",169,328,9054bbeecad38b41284763d5b50b253ed2daa38fd9cd5d64c1415693cbbf375b,1785005345.0,False,228,249.444444444444,18.8832968519801,-7.5,17.33,23.4017803130589,47b0310123458451f6e122dbbcea2e905ab80f010818a175cf6f3573f2554104,0.944170944258957,0.0558290557410427,0.619886678959669,0.889485055515775,1.0,0.604451913015841,1689.44444444444,5.0,0.976,0.110514944484225,0.290742098124204,328.0,fdda4aa1070b29b613c5550f52b926652968dfc6,2026-08-18 08:07:04,2026-07-25 18:53:45,2026-07-25-DC-NY,empire,breeze,23,15,2026-07-25 14:00:00
srueschem,5.79,7.9,aatkins,0.88,22.97,0,0,0,"adavis4,aatkins,ddemarre,bjagt,mlabar,srueschem,jwilliams",True,2026-07-25-DC-NY,11,7,2,8,244.0,1,1,True,True,229,home,161,1785005401.0,18,False,"ilee,amerriman,wvandenbr,mgrovic,mwagner,mlee2,khealey",162,333,b6f72764f9c9a0d582602ae5e907329bc3c169cd7f4f36b600f29c747095bad2,1785005401.0,False,229,244.0,15.8497003126242,-4.91,15.07,18.0462763125801,2b001a0289e841144bf0db413a917afa77eb45fe127aabb036d61968c5b49bc7,0.979534475979623,0.0204655240203767,0.609870405962821,0.609870405962821,0.645326118738427,0.922643196886554,1684.0,4.0,0.972,0.0354557127756067,0.0908818846801654,333.0,f063d69b5a578d3773c6f9db7407a34adbafa7a8,2026-08-18 08:07:04,2026-07-25 18:53:45,2026-07-25-DC-NY,empire,breeze,23,15,2026-07-25 14:00:00
aatkins,0.88,22.97,mlabar,2.59,12.61,0,0,0,"adavis4,aatkins,ddemarre,bjagt,mlabar,srueschem,jwilliams",True,2026-07-25-DC-NY,11,7,2,8,244.0,1,2,True,True,230,home,162,1785005407.0,18,False,"ilee,amerriman,wvandenbr,mgrovic,mwagner,mlee2,khealey",163,334,6f55c0039a3f1078f7a479fc8adcd5ec4dd0c04aaa64061854585143ab4fc567,1785005407.0,False,230,235.875,10.500176188998,1.71,-10.36,-170.627384591247,5faee6749de1b5abd6f67a4a92446f285eb05e1577667e5c1782063f8230bc10,0.993021480070662,0.00697851992933807,0.609870405962821,0.644820334305109,0.619912138449802,0.931677084720158,1675.875,4.0,0.971,-0.0249081958553076,-0.0638459533345061,334.0,e54a4bcaf80b69c7378298b9406e72f77289351b,2026-08-18 08:07:04,2026-07-25 18:53:45,2026-07-25-DC-NY,empire,breeze,23,15,2026-07-25 14:00:00
mlabar,2.59,12.61,aatkins,-8.8,23.25,0,0,0,"adavis4,aatkins,ddemarre,bjagt,mlabar,srueschem,jwilliams",True,2026-07-25-DC-NY,11,7,2,8,244.0,1,3,True,True,231,home,163,1785005411.0,18,False,"ilee,amerriman,wvandenbr,mgrovic,mwagner,mlee2,khealey",164,335,39fd973603315b8a07cbc16b840f3af2a8b696e02d075f88b6cde71f383f1aa2,1785005411.0,False,231,227.75,15.5865871825746,-11.39,10.64,46.9498522166309,2960423761ec34fcb8039615b1df60b678555b69644af808414562f62a972bcf,0.980663660234555,0.0193363397654454,0.609870405962821,0.619297310068618,0.643298238250644,0.920809798529097,1667.75,4.0,0.972,0.0240009281820265,0.0615203987312462,335.0,89a7d0242e9496b392df505c978b2a28138717df,2026-08-18 08:07:04,2026-07-25 18:53:45,2026-07-25-DC-NY,empire,breeze,23,15,2026-07-25 14:00:00
aatkins,-8.8,23.25,jwilliams,-13.37,32.86,0,0,0,"adavis4,aatkins,ddemarre,bjagt,mlabar,srueschem,jwilliams",True,2026-07-25-DC-NY,11,7,2,8,244.0,1,4,True,True,232,home,164,1785005415.0,18,False,"ilee,amerriman,wvandenbr,mgrovic,mwagner,mlee2,khealey",165,336,c122fce9668f3345b0ddd4112f0d00a9bc2f28eacc932001203aa469c96e6b43,1785005415.0,False,232,219.625,10.6412875160856,-4.57,9.61,25.4332515276638,bff7be74ecee88ac1e2dbdb79bd3b86c165012b4505af6605ba2a69b33427037,0.98487427651662,0.0151257234833803,0.609870405962821,0.642598879049652,0.665515459020659,0.883526388023627,1659.625,4.0,0.972,0.0229165799710069,0.0587409422952492,336.0,d5ac5877a274cc7568e727504f3fe390602cf16d,2026-08-18 08:07:04,2026-07-25 18:53:45,2026-07-25-DC-NY,empire,breeze,23,15,2026-07-25 14:00:00
jwilliams,-13.37,32.86,mlabar,1.22,16.29,0,0,0,"adavis4,aatkins,ddemarre,bjagt,mlabar,srueschem,jwilliams",True,2026-07-25-DC-NY,11,7,2,8,244.0,1,5,True,True,233,home,165,1785005420.0,18,False,"ilee,amerriman,wvandenbr,mgrovic,mwagner,mlee2,khealey",166,337,966d1f5296811a8a6171923d3e5a8ec2a8c00225d3fe921b3558e93be0ddd367,1785005420.0,False,233,211.5,22.0778848624591,14.59,-16.57,-138.635857679086,e9badf7bd95675a0d9d9dc707078d56994be56a7525a6d1e6faac0d77edd4f59,0.981739946173248,0.0182600538267519,0.609870405962821,0.664730831201513,0.626197667623368,0.931121208581415,1651.5,4.0,0.971,-0.0385331635781452,-0.0987701629589089,337.0,926efdec9c5368df15ef49a2b4f5a304d5dc8a8c,2026-08-18 08:07:04,2026-07-25 18:53:45,2026-07-25-DC-NY,empire,breeze,23,15,2026-07-25 14:00:00
mlabar,1.22,16.29,aatkins,4.77,24.0,0,0,0,"adavis4,aatkins,ddemarre,bjagt,mlabar,srueschem,jwilliams",True,2026-07-25-DC-NY,11,7,2,8,244.0,1,6,True,True,234,home,166,1785005423.0,18,False,"ilee,amerriman,wvandenbr,mgrovic,mwagner,mlee2,khealey",167,338,d721e4dfaa32a1e65bb522ebd424aebc3b1af5c1bf4b82f445b9bc1ebfd46e52,1785005423.0,False,234,203.375,8.48802686140896,3.55,7.71,-24.723280665719,874ed6e270633c2b6e6ccecc8ef6403beeb8bf9caf74e8be5acce623bd0fa46d,0.989970088220052,0.0100299117799479,0.609870405962821,0.625252143584918,0.644088761348011,0.918002526467947,1643.375,4.0,0.972,0.0188366177630934,0.048282975839301,338.0,56621c1f1cf55a8c0cfe8aeef460d2d0f2ceaf83,2026-08-18 08:07:04,2026-07-25 18:53:45,2026-07-25-DC-NY,empire,breeze,23,15,2026-07-25 14:00:00
aatkins,4.77,24.0,ddemarre,9.95,82.36,0,0,0,"adavis4,aatkins,ddemarre,bjagt,mlabar,srueschem,jwilliams",True,2026-07-25-DC-NY,11,7,2,8,244.0,1,7,True,True,235,home,167,1785005433.0,18,False,"ilee,amerriman,wvandenbr,mgrovic,mwagner,mlee2,khealey",168,339,eaedc0a43afd19f58770863395700de9dc489ea133594febf4b1bf513b27354b,1785005433.0,False,235,195.25,58.5894359078495,5.18,58.36,-5.07224814951054,b85a379ba1bd60d312e979540d8a4bb45bcebb33f024a8010b542485f0c44d96,0.623762507885639,0.376237492114361,0.609870405962821,0.643035764630111,0.864933800083943,0.681946372424814,1635.25,4.0,0.976,0.221898035453832,0.568780320297069,339.0,25ddc676bcc1b2cc8d9cfbac3fd0600b9f98d159,2026-08-18 08:07:04,2026-07-25 18:53:45,2026-07-25-DC-NY,empire,breeze,23,15,2026-07-25 14:00:00
ddemarre,9.95,82.36,adavis4,0.75,75.68,0,0,0,"adavis4,aatkins,ddemarre,bjagt,mlabar,srueschem,jwilliams",True,2026-07-25-DC-NY,11,7,2,8,244.0,1,8,True,True,236,home,168,1785005436.0,18,False,"ilee,amerriman,wvandenbr,mgrovic,mwagner,mlee2,khealey",169,340,50b23c646399013f9843830424ef785b1defb3b2aa2e51de0b5ce9a383b2d104,1785005436.0,False,236,187.125,11.3693623391991,-9.2,-6.67999999999999,125.982912106253,5a931a9275fe124e3bd158bf5396714fbec6c7eea9d90a967177844d1c1ef5ca,0.978512403195726,0.0214875968042741,0.609870405962821,0.864327289904604,0.837278889520728,0.706376235248616,1627.125,4.0,0.976,-0.0270484003838762,-0.0693318343373318,340.0,14ebc0e600d02933806eb27aa521d94177c32785,2026-08-18 08:07:04,2026-07-25 18:53:45,2026-07-25-DC-NY,empire,breeze,23,15,2026-07-25 14:00:00
adavis4,0.75,75.68,ddemarre,-2.19,84.61,0,0,0,"adavis4,aatkins,ddemarre,bjagt,mlabar,srueschem,jwilliams",True,2026-07-25-DC-NY,11,7,2,8,244.0,1,9,True,True,237,home,169,1785005437.0,18,False,"ilee,amerriman,wvandenbr,mgrovic,mwagner,mlee2,khealey",170,341,2f11a37d9c0ee9703e546699bd6f5bc34c6465f520bda7f8656152cfd61031c1,1785005437.0,False,237,179.0,9.40151583522572,-2.94,8.92999999999999,18.2229573332945,3fa1b84ea38b88add87e757dcda17f4d1a2cc6e4b30fb2b3e99b8c6886e05eb5,0.977971915156869,0.0220280848431307,0.609870405962821,0.836485479103464,0.874246938557653,0.67436100893462,1619.0,4.0,0.977,0.037761459454189,0.0967920917339849,341.0,c996c6c7564eeba61b437c450f85b21def24389d,2026-08-18 08:07:04,2026-07-25 18:53:45,2026-07-25-DC-NY,empire,breeze,23,15,2026-07-25 14:00:00
ddemarre,-2.19,94.61,,-1.71,82.7,1,0,0,"adavis4,aatkins,ddemarre,bjagt,mlabar,srueschem,jwilliams",True,2026-07-25-DC-NY,11,7,2,8,244.0,1,10,True,True,238,home,171,1785005455.0,22,False,"ilee,amerriman,wvandenbr,mgrovic,mwagner,mlee2,khealey",172,345,9ec8687e2547b9b9db0e0f2563bedee98b03de5b32c0ca4a8a2a61f79a8c25ac,1785005455.0,False,238,170.875,11.9196686195548,0.48,-11.91,-177.692099208612,be2a0c8a393ff2f8f5de98799798fe2b92d8006837f2a8212de91941d931d603,0.975632025814044,-0.975632025814044,0.609870405962821,0.911643075157636,0.865642629102877,0.679192609555722,1610.875,4.0,0.957,-0.679192609555722,-0.679192609555722,345.0,3f2494602fb16b0b05104603f8e47b20cbc79fe9,2026-08-18 08:07:04,2026-07-25 18:53:45,2026-07-25-DC-NY,empire,breeze,23,15,2026-07-25 14:00:00
amerriman,0.0,40.0,mlee2,6.77,31.74,0,0,0,"ilee,amerriman,wvandenbr,mgrovic,mwagner,mlee2,khealey",False,2026-07-25-DC-NY,11,7,2,8,244.0,2,1,False,False,239,away,173,1785005463.0,18,False,"adavis4,aatkins,ddemarre,bjagt,mlabar,srueschem,jwilliams",174,346,42080b0a5460b52ddcd9603226a0f1dbe02d49f7533ac6eda4b64d28ca3ffee6,1785005463.0,False,239,162.75,10.6799110483187,6.77,-8.26,-140.661522385042,b73c957b47585dec22e78ceb2f38566907adaacef700605e35888fa85cd6ee73,0.990107980730748,0.00989201926925176,0.656557167942573,0.686666800514852,0.658823313277261,0.886974297946199,1602.75,4.0,0.958,-0.0278434872375913,-0.081071679588688,346.0,fd776c6aba32ff6c6678b17c1fd2ee358309b222,2026-08-18 08:07:04,2026-07-25 18:53:45,2026-07-25-DC-NY,empire,breeze,23,15,2026-07-25 14:00:00
mlee2,6.77,31.74,khealey,15.08,42.52,0,0,0,"ilee,amerriman,wvandenbr,mgrovic,mwagner,mlee2,khealey",False,2026-07-25-DC-NY,11,7,2,8,244.0,2,2,False,False,240,away,174,1785005469.0,18,False,"adavis4,aatkins,ddemarre,bjagt,mlabar,srueschem,jwilliams",175,347,7bbeb5789e654f1f960ca0e55d0a7571bbb2dc120e6083e8827d7378c83e47c0,1785005469.0,False,240,154.625,13.611190249203,8.31,10.78,-37.6276227788063,5a65d8be103ec6ffe1d18206dee5d924a9d3af8c90ca290cf41a4cfa06b93411,0.979952048734667,0.020047951265333,0.656557167942573,0.656557167942573,0.682960341847965,0.835374011658398,1594.625,4.0,0.957,0.026403173905392,0.0768779297189616,347.0,f713f0bb3f5ed6dea538807b7c37968ee5c86ea4,2026-08-18 08:07:04,2026-07-25 18:53:45,2026-07-25-DC-NY,empire,breeze,23,15,2026-07-25 14:00:00
khealey,15.08,42.52,mlee2,16.24,49.15,0,0,0,"ilee,amerriman,wvandenbr,mgrovic,mwagner,mlee2,khealey",False,2026-07-25-DC-NY,11,7,2,8,244.0,2,3,False,False,241,away,175,1785005475.0,18,False,"adavis4,aatkins,ddemarre,bjagt,mlabar,srueschem,jwilliams",176,348,f4f887f60d9998123f6c732b2998cee9832c0ecd159cf1e3d5da899237cd1b67,1785005475.0,False,241,146.5,6.73071318657985,1.16,6.63,-9.92414921733926,fb067736d590903ac7bbd65a174581683764c643662451eedd0ff88e59742fa7,0.987912764778033,0.0120872352219672,0.656557167942573,0.680195783821271,0.702797902495017,0.801089909009715,1586.5,4.0,0.956,0.0226021186737465,0.0658104248044612,348.0,ca34d172c7955fb216fe6c85b463b37794f6ba99,2026-08-18 08:07:04,2026-07-25 18:53:45,2026-07-25-DC-NY,empire,breeze,23,15,2026-07-25 14:00:00
mlee2,16.24,49.15,amerriman,1.16,46.01,0,0,0,"ilee,amerriman,wvandenbr,mgrovic,mwagner,mlee2,khealey",False,2026-07-25-DC-NY,11,7,2,8,244.0,2,4,False,False,242,away,176,1785005480.0,18,False,"adavis4,aatkins,ddemarre,bjagt,mlabar,srueschem,jwilliams",177,349,51a6b86f81b0581a6406e5c05800f4892721450b6e1d9e6d54ad50a2d2d5c43e,1785005480.0,False,242,138.375,15.4034411739715,-15.08,-3.14,101.762219785334,79901a54b88c7d6df5bc1ce712b8b184601c9c1681f1700b9d93fdf3759b4117,0.977882533611989,0.0221174663880114,0.656557167942573,0.699435033713453,0.700321673845471,0.821358730144772,1578.375,4.0,0.956,0.000886640132017891,0.00258162363356483,349.0,19b03d570753b72073b261c342648baa3dda7f69,2026-08-18 08:07:04,2026-07-25 18:53:45,2026-07-25-DC-NY,empire,breeze,23,15,2026-07-25 14:00:00
amerriman,1.16,46.01,mgrovic,4.37,97.5,0,0,0,"ilee,amerriman,wvandenbr,mgrovic,mwagner,mlee2,khealey",False,2026-07-25-DC-NY,11,7,2,8,244.0,2,5,False,False,243,away,177,1785005498.0,18,False,"adavis4,aatkins,ddemarre,bjagt,mlabar,srueschem,jwilliams",178,350,6cbf2bae1237e4feec57b5b5abc5815e8a48689031b96e0832fa1efcaa629884,1785005498.0,False,243,130.25,51.5899622019633,3.21,51.49,-3.56732832787159,134e85806a39cf777dad2f59cd79a8194e49fc9fd6ac262439fee5c0f75273fc,0.681313853943922,0.318686146056078,0.656557167942573,0.696108534891622,0.916376363284993,0.619412852498896,1570.25,4.0,0.946,0.220267828393371,0.641352236335332,350.0,ac4b773421506585e1e8b96d10d0b5380c0fc2c5,2026-08-18 08:07:04,2026-07-25 18:53:45,2026-07-25-DC-NY,empire,breeze,23,15,2026-07-25 14:00:00
mgrovic,0.0,100.0,,-12.54,103.98,1,0,0,"ilee,amerriman,wvandenbr,mgrovic,mwagner,mlee2,khealey",False,2026-07-25-DC-NY,11,7,2,8,244.0,2,6,False,False,244,away,179,1785005511.0,22,False,"adavis4,aatkins,ddemarre,bjagt,mlabar,srueschem,jwilliams",180,353,0f94302b53a57e23e3668b4e00b8be159814932a4b2550cc486eb4c6f2aab647,1785005511.0,False,244,122.125,13.1564432883664,-12.54,3.98,72.3913753168072,316bab37e5c40b64e8633eb251796eb091f151d54194230395a98829287fbaa8,0.957120874487936,-0.957120874487936,0.656557167942573,0.923190162495862,0.934125008312344,0.601339314385824,1562.125,4.0,0.971,-0.601339314385824,-0.601339314385824,353.0,2dff8f3e529175a5ed3ea83e6b59104f632f150b,2026-08-18 08:07:04,2026-07-25 18:53:45,2026-07-25-DC-NY,empire,breeze,23,15,2026-07-25 14:00:00
aatkins,12.95,19.5,jwilliams,-2.66,82.22,0,0,0,"adavis4,aatkins,ddemarre,bjagt,srueschem,jwilliams,jcowan",True,2026-07-25-DC-NY,11,7,2,8,114.0,3,1,True,True,245,home,174,1785005596.0,18,False,"lblumenfe,ffarah,adowney,mwagner,amerriman,jlightner,mlee2",175,356,a569b8667486da41e88de6e4056ff1679d4fed13811d030f22d5781bad05d31e,1785005596.0,False,245,114.0,64.633354392295,-15.61,62.72,13.9760430387918,37196e39f585987ca5b75b8bb4049108e47e4d6c6c85378282532a410a0839b9,0.580942239411881,0.419057760588119,0.592158340780539,0.592158340780539,0.848667135483349,0.653812472204147,1554.0,4.0,0.976,0.25650879470281,0.628942112470128,356.0,ccd71a91f10c29f6960c8a645da7ae793a45b9bf,2026-08-18 08:07:04,2026-07-25 18:53:45,2026-07-25-DC-NY,empire,breeze,23,15,2026-07-25 14:00:00
jwilliams,-2.66,82.22,bjagt,-13.3,97.15,0,0,0,"adavis4,aatkins,ddemarre,bjagt,srueschem,jwilliams,jcowan",True,2026-07-25-DC-NY,11,7,2,8,114.0,3,2,True,True,246,home,175,1785005599.0,18,False,"lblumenfe,ffarah,adowney,mwagner,amerriman,jlightner,mlee2",176,357,573b48e414fb63cc89568d4c71cdedae3566b11a4fb87182a0b0e54af0f3176d,1785005599.0,False,246,108.666666666667,18.3334257573428,-10.64,14.93,35.4759170999148,dd8579e17d4394f0f440fca7a0f0db3fc63f6f91c84e80fdf7c0fb3984de9238,0.944371653580071,0.0556283464199288,0.592158340780539,0.845727628160826,0.906860091437526,0.594878716756726,1548.66666666667,4.0,0.977,0.0611324632767,0.149892640672601,357.0,4cceee55c5d75eeff464f03d230ef7b71eacdd02,2026-08-18 08:07:04,2026-07-25 18:53:45,2026-07-25-DC-NY,empire,breeze,23,15,2026-07-25 14:00:00
bjagt,-13.3,97.15,jcowan,-12.96,86.11,0,0,0,"adavis4,aatkins,ddemarre,bjagt,srueschem,jwilliams,jcowan",True,2026-07-25-DC-NY,11,7,2,8,114.0,3,3,True,True,247,home,176,1785005603.0,18,False,"lblumenfe,ffarah,adowney,mwagner,amerriman,jlightner,mlee2",177,358,1e07e78fab3591da24b23262721f68361d11fcd57b9da0e1b9fce008e14a1feb,1785005603.0,False,247,103.333333333333,11.0452342664155,0.34,-11.04,-178.23601361577,1d5ddb7e0830dedd74f4de08c97bbe706b6f71ab9e66593977c01ac5ac9c1664,0.971087164011222,0.0289128359887784,0.592158340780539,0.904691330732195,0.857562805172672,0.622902485294149,1543.33333333333,4.0,0.976,-0.0471285255595225,-0.115555938178847,358.0,d8a814af94588da561bbe09fbbcc7bebfc525ec1,2026-08-18 08:07:04,2026-07-25 18:53:45,2026-07-25-DC-NY,empire,breeze,23,15,2026-07-25 14:00:00
jcowan,-12.96,86.11,aatkins,3.61,84.4,0,0,0,"adavis4,aatkins,ddemarre,bjagt,srueschem,jwilliams,jcowan",True,2026-07-25-DC-NY,11,7,2,8,114.0,3,4,True,True,248,home,177,1785005610.0,18,False,"lblumenfe,ffarah,adowney,mwagner,amerriman,jlightner,mlee2",178,359,9ee1ec1f4757ff4a0139ab3babb12a855d898f0a20ac12f6589c9b0c7f44b25b,1785005610.0,False,248,98.0,16.6580010805619,16.57,-1.70999999999999,-95.8919841039248,e9c38ca940026526978b5d711e75c8a93f33b6a3ba74f31c9792b48020b0034d,0.958285640754416,0.0417143592455842,0.592158340780539,0.854071206238958,0.848958287998026,0.628523356720123,1538.0,4.0,0.976,-0.00511291824093241,-0.0125365276581055,359.0,29cb228b6dbf156d9184498535cbc5aff753f3ab,2026-08-18 08:07:04,2026-07-25 18:53:45,2026-07-25-DC-NY,empire,breeze,23,15,2026-07-25 14:00:00
aatkins,3.61,84.4,adavis4,-5.6,95.31,0,0,0,"adavis4,aatkins,ddemarre,bjagt,srueschem,jwilliams,jcowan",True,2026-07-25-DC-NY,11,7,2,8,114.0,3,5,True,True,249,home,178,1785005617.0,18,False,"lblumenfe,ffarah,adowney,mwagner,amerriman,jlightner,mlee2",179,360,cfa0ce6ab3d1fbe7f2a84ab0f2870628bda4a6e49d4939173117234c075152e4,1785005617.0,False,249,92.6666666666667,14.2776818846758,-9.21,10.91,40.1703765244101,a1d5ce2753e45ef3a60dcb808f1db15362f8f525e3dbcc1904cc02ac5f2bf88c,0.960655440761493,0.039344559238507,0.592158340780539,0.844892529333252,0.894084962304374,0.586422868023937,1532.66666666667,4.0,0.977,0.0491924329711213,0.120616498729598,360.0,62fcd10b03b2382d4d070ce60b1a932cfb2796b8,2026-08-18 08:07:04,2026-07-25 18:53:45,2026-07-25-DC-NY,empire,breeze,23,15,2026-07-25 14:00:00
adavis4,-5.6,95.31,ddemarre,-10.64,108.34,0,0,0,"adavis4,aatkins,ddemarre,bjagt,srueschem,jwilliams,jcowan",True,2026-07-25-DC-NY,12,7,2,8,114.0,3,6,True,True,250,home,179,1785005633.0,19,False,"lblumenfe,ffarah,adowney,mwagner,amerriman,jlightner,mlee2",180,362,84532f13ccbe5493e2001c3fed6b189f1b6289e3641d2320ceaccc74da1fe62f,1785005633.0,False,250,87.3333333333333,13.9707730637929,-5.04,13.03,21.1464550249664,d5a6e486e111940f31bebdb5bb01caf5411face082e8a7d31ce7edd4e7f7cf51,0.95000857421585,0.0499914257841503,0.592158340780539,0.890762666853444,1.0,0.562120891580587,1527.33333333333,4.0,0.978,0.109237333146556,0.26784250867265,362.0,d533b61854b27022ccafda23109ee47d55a7afac,2026-08-18 08:07:04,2026-07-25 18:58:49,2026-07-25-DC-NY,empire,breeze,23,15,2026-07-25 14:00:00
aroy,9.69,13.39,jnissen,-4.01,18.27,0,0,0,"tshapinsk,jnissen,cboxley,smott,aroy,mgrovic,jwodatch1",False,2026-07-25-DC-NY,12,7,2,9,82.0,1,1,True,True,251,away,183,1785005673.0,18,False,"aagami,adavis2,mbrownlee,sjonas,jrandolph,dschnaudi,nwhitlock",184,366,0f07de9d59c8d506cbeebdfd02d66067228bf48cba3f3f32f679c7ee069be579,1785005673.0,False,251,82.0,14.5431908465783,-13.7,4.88,70.3938782450431,f0cda0bd9f51e5a3eabcc86397287592147799dc52375c412d38bd3885510b93,0.984681956332512,0.0153180436674879,0.537174475548817,0.537174475548817,0.551512515486885,0.906786781661288,1522.0,5.0,0.983,0.0143380399380678,0.0309793630225339,366.0,ad47689a3dd80c8ec157235ffd5b610366ab7990,2026-08-18 08:07:04,2026-07-25 18:58:49,2026-07-25-DC-NY,empire,breeze,23,15,2026-07-25 14:00:00
jnissen,-4.01,18.27,mgrovic,16.02,32.54,0,0,0,"tshapinsk,jnissen,cboxley,smott,aroy,mgrovic,jwodatch1",False,2026-07-25-DC-NY,12,7,2,9,82.0,1,2,True,True,252,away,184,1785005680.0,18,False,"aagami,adavis2,mbrownlee,sjonas,jrandolph,dschnaudi,nwhitlock",185,367,14f5d04ea05e3caac70ed75e221b503a0aac3690916632e52c9a500edd096045,1785005680.0,False,252,77.7777777777778,24.5933690250035,20.03,14.27,-54.5327367248224,768dbb98960ebbc10e1f03ab766bd9acaddc16c134f3a3f964d461f57e3b6f1b,0.960050875948197,0.0399491240518033,0.537174475548817,0.543421516677256,0.571092405319207,0.83955991270122,1517.77777777778,5.0,0.983,0.0276708886419501,0.0597868682259091,367.0,27ef6ca77fea444ee9085ab68bb326d91318c8d3,2026-08-18 08:07:04,2026-07-25 18:58:49,2026-07-25-DC-NY,empire,breeze,23,15,2026-07-25 14:00:00
mgrovic,16.02,32.54,tshapinsk,1.6,43.47,0,0,0,"tshapinsk,jnissen,cboxley,smott,aroy,mgrovic,jwodatch1",False,2026-07-25-DC-NY,12,7,2,9,82.0,1,3,True,True,253,away,185,1785005683.0,18,False,"aagami,adavis2,mbrownlee,sjonas,jrandolph,dschnaudi,nwhitlock",186,368,a74c425ec94a406a33e217a2f16ca71a330cbca7f157c1bfd7b18876a30298b6,1785005683.0,False,253,73.5555555555556,18.0942338881755,-14.42,10.93,52.8387811266314,4aa5a02b212279717012ae9e5d54f31ff12e3cfb7ace0689c64a07a9224d6158,0.965359177855988,0.0346408221440117,0.537174475548817,0.5624966772258,0.618014209271618,0.783019149073895,1513.55555555556,5.0,0.982,0.0555175320458174,0.119953479470801,368.0,93ee6dcd9f1cea5bb0b09e22c91debfd89eade72,2026-08-18 08:07:04,2026-07-25 18:58:49,2026-07-25-DC-NY,empire,breeze,23,15,2026-07-25 14:00:00
tshapinsk,1.6,43.47,jnissen,-7.51,45.58,0,0,0,"tshapinsk,jnissen,cboxley,smott,aroy,mgrovic,jwodatch1",False,2026-07-25-DC-NY,12,7,2,9,82.0,1,4,True,True,254,away,186,1785005688.0,18,False,"aagami,adavis2,mbrownlee,sjonas,jrandolph,dschnaudi,nwhitlock",187,369,0a3f62818a47f1ebd8e52bbbf7b0defe2d926e92eb930c5abd999664bd8a3205,1785005688.0,False,254,69.3333333333333,9.35116035580612,-9.11,2.11,76.9594584186935,2ad384cf90c8dc9fef86384e9d6fd36658d397ae6274ece4f4a041d9164384f3,0.986947461227894,0.0130525387721055,0.537174475548817,0.609135662215688,0.616878844543457,0.763861156748051,1509.33333333333,5.0,0.982,0.00774318232776905,0.0167302404873865,369.0,6071ff30149f84f7f023a1e1f5db1733fa9a358e,2026-08-18 08:07:04,2026-07-25 18:58:49,2026-07-25-DC-NY,empire,breeze,23,15,2026-07-25 14:00:00
jnissen,-7.51,45.58,aroy,0.07,52.35,0,0,0,"tshapinsk,jnissen,cboxley,smott,aroy,mgrovic,jwodatch1",False,2026-07-25-DC-NY,12,7,2,9,82.0,1,5,True,True,255,away,187,1785005690.0,18,False,"aagami,adavis2,mbrownlee,sjonas,jrandolph,dschnaudi,nwhitlock",188,370,499a8e3daa87dae9e44f65ba7c5b29e0b35250dda28c9d58eb0be46f9c344147,1785005690.0,False,255,65.1111111111111,10.163134359045,7.58,6.77,-48.2306889281962,1a0b738b2233c7ac5ad8517b3df92cb9008a7c1287875cd42f430c7bf20f1ea1,0.983431450593145,0.0165685494068551,0.537174475548817,0.607387866960124,0.639292297432477,0.719151652133621,1505.11111111111,5.0,0.982,0.031904430472353,0.0689340340729592,370.0,2264777206f10599dcd4a1bc1240d14e4e459d93,2026-08-18 08:07:04,2026-07-25 18:58:49,2026-07-25-DC-NY,empire,breeze,23,15,2026-07-25 14:00:00
aroy,0.07,52.35,tshapinsk,9.69,50.46,0,0,0,"tshapinsk,jnissen,cboxley,smott,aroy,mgrovic,jwodatch1",False,2026-07-25-DC-NY,12,7,2,9,82.0,1,6,True,True,256,away,188,1785005692.0,18,False,"aagami,adavis2,mbrownlee,sjonas,jrandolph,dschnaudi,nwhitlock",189,371,f013f486d694d543dd978a530f74c1b014b3a259e60cf175c1519ed3bd40b0ab,1785005692.0,False,256,60.8888888888889,9.80390228429476,9.62,-1.89,-101.115088605848,e9fbcd9478b32676eeed7b3aaf9fa5cd0acb3a50c3de838339543578c1401290,0.986607948392448,0.0133920516075517,0.537174475548817,0.629413141481435,0.617842549846956,0.719354067468995,1500.88888888889,5.0,0.982,-0.0115705916344796,-0.0249998995803008,371.0,317c6c23c5de29c7b2b5610425c775e7967cead5,2026-08-18 08:07:04,2026-07-25 18:58:49,2026-07-25-DC-NY,empire,breeze,23,15,2026-07-25 14:00:00
tshapinsk,9.69,50.46,smott,-5.54,51.33,0,0,0,"tshapinsk,jnissen,cboxley,smott,aroy,mgrovic,jwodatch1",False,2026-07-25-DC-NY,12,7,2,9,82.0,1,7,True,True,257,away,189,1785005697.0,18,False,"aagami,adavis2,mbrownlee,sjonas,jrandolph,dschnaudi,nwhitlock",190,372,b0389e18bbc76a0a3fb659a38472854e2b765c97c85423bd4fff9cdbcbbb933b,1785005697.0,False,257,56.6666666666667,15.2548287437126,-15.23,0.869999999999997,86.7305834465037,3a496c59b20239205a221d8adca3ca542185aff88bf468ffafcbd689e5177538,0.976856364655658,0.0231436353443416,0.537174475548817,0.607090803635334,0.613223459526965,0.706464976965273,1496.66666666667,5.0,0.982,0.00613265589163148,0.0132504703557643,372.0,d7662f173cac1e75738faa84cd7243de0541799f,2026-08-18 08:07:04,2026-07-25 18:58:49,2026-07-25-DC-NY,empire,breeze,23,15,2026-07-25 14:00:00
smott,-5.54,51.33,tshapinsk,-8.75,64.07,0,0,0,"tshapinsk,jnissen,cboxley,smott,aroy,mgrovic,jwodatch1",False,2026-07-25-DC-NY,12,7,2,9,82.0,1,8,True,True,258,away,190,1785005701.0,18,False,"aagami,adavis2,mbrownlee,sjonas,jrandolph,dschnaudi,nwhitlock",191,373,14333376911e6a3aea318a83f667aaca69ceaa5461e392a7d4862971d354094e,1785005701.0,False,258,52.4444444444444,13.1381771947253,-3.21,12.74,14.1420136625505,d4fd7fcb69e92ad64dafcc3d71adef5885ad8f259f7fd26d8473ef9ade100b6d,0.972640857438362,0.0273591425616377,0.537174475548817,0.601755350231171,0.668481664944132,0.62364758576623,1492.44444444444,5.0,0.981,0.0667263147129609,0.144171639608867,373.0,f199d08fde1c75ba7315a739b2fc0de36078045c,2026-08-18 08:07:04,2026-07-25 18:58:49,2026-07-25-DC-NY,empire,breeze,23,15,2026-07-25 14:00:00
tshapinsk,-8.75,64.07,mgrovic,-14.36,75.36,0,0,0,"tshapinsk,jnissen,cboxley,smott,aroy,mgrovic,jwodatch1",False,2026-07-25-DC-NY,12,7,2,9,82.0,1,9,True,True,259,away,191,1785005705.0,18,False,"aagami,adavis2,mbrownlee,sjonas,jrandolph,dschnaudi,nwhitlock",192,374,4819ae369968c8d0a588366b3a7c76346d305560ffa098b086dbcbca34f9c8ec,1785005705.0,False,259,48.2222222222222,12.6069901245301,-5.61,11.29,26.4227774515524,fb37f252d1cd802d097d8c554c20a032b82c57061ebef30769ea4a29613f4d7e,0.972253193582725,0.0277468064172748,0.537174475548817,0.657087493082907,0.720455080417006,0.5489117610017,1488.22222222222,5.0,0.981,0.0633675873340989,0.136914634103726,374.0,7f71d7f44ac31c9664dcdc179b73f382ae217f28,2026-08-18 08:07:04,2026-07-25 18:58:49,2026-07-25-DC-NY,empire,breeze,23,15,2026-07-25 14:00:00
mgrovic,-14.36,75.36,tshapinsk,-9.04,84.32,0,0,0,"tshapinsk,jnissen,cboxley,smott,aroy,mgrovic,jwodatch1",False,2026-07-25-DC-NY,12,7,2,9,82.0,1,10,True,True,260,away,192,1785005708.0,18,False,"aagami,adavis2,mbrownlee,sjonas,jrandolph,dschnaudi,nwhitlock",193,375,5e563bcaaca27b0ed12678fbfaef468fe6428a8d30c7aed86c533f9df6d6ec71,1785005708.0,False,260,44.0,10.4203646769199,5.32,8.95999999999999,-30.6997225508144,84824f8dd2fd3b3bf556b5b463e4ba1e258b7d70904bc8f85c4139bc4f611a9b,0.970672949061583,0.0293270509384167,0.537174475548817,0.709459507238546,0.773232822146901,0.507355071650456,1484.0,5.0,0.98,0.0637733149083556,0.137791265907337,375.0,995e266f2aac931465f16aafbd7f4bc5b43173dd,2026-08-18 08:07:04,2026-07-25 18:58:49,2026-07-25-DC-NY,empire,breeze,23,15,2026-07-25 14:00:00
tshapinsk,-9.04,84.32,jwodatch1,16.9,88.47,0,0,0,"tshapinsk,jnissen,cboxley,smott,aroy,mgrovic,jwodatch1",False,2026-07-25-DC-NY,12,7,2,9,82.0,1,11,True,True,261,away,193,1785005713.0,18,False,"aagami,adavis2,mbrownlee,sjonas,jrandolph,dschnaudi,nwhitlock",194,376,9a06a58a9f9ba86097c3cf6c0c15d6a8fcf421bc25dbdd4180306ed825ec4815,1785005713.0,False,261,39.7777777777778,26.2698705744813,25.94,4.15000000000001,-80.9105845403039,ba054b93a73470f67b045d18d998f27cc37287a958592c66cffccbddcea23577,0.928008184955315,0.0719918150446852,0.537174475548817,0.763078437524347,0.779486311705851,0.46508509986879,1479.77777777778,5.0,0.98,0.0164078741815042,0.0354515326287604,376.0,beb7db1327f0b8a508a2f92bae0a4f4ef2a2e83e,2026-08-18 08:07:04,2026-07-25 18:58:49,2026-07-25-DC-NY,empire,breeze,23,15,2026-07-25 14:00:00
jwodatch1,16.9,88.47,cboxley,7.06,85.12,0,0,0,"tshapinsk,jnissen,cboxley,smott,aroy,mgrovic,jwodatch1",False,2026-07-25-DC-NY,12,7,2,9,82.0,1,12,True,True,262,away,194,1785005719.0,18,False,"aagami,adavis2,mbrownlee,sjonas,jrandolph,dschnaudi,nwhitlock",195,377,deac4fb92bfabbfe7638b5457349397511f462fc3fa55ef4d9b702a8a7b614d6,1785005719.0,False,262,35.5555555555556,10.3946188001292,-9.84,-3.34999999999999,108.800995369851,986789f62107f991fa16398e2bedbfaad808f194889d90109b9425920573c8d0,0.971931338064865,0.028068661935135,0.537174475548817,0.768968549749788,0.75813571951917,0.476290533005918,1475.55555555556,5.0,0.98,-0.010832830230618,-0.0234058617304297,377.0,6e25185225ad9982a7e7eed95109c62ec4540532,2026-08-18 08:07:04,2026-07-25 18:58:49,2026-07-25-DC-NY,empire,breeze,23,15,2026-07-25 14:00:00
cboxley,7.06,85.12,jwodatch1,-4.01,84.68,0,0,0,"tshapinsk,jnissen,cboxley,smott,aroy,mgrovic,jwodatch1",False,2026-07-25-DC-NY,12,7,2,9,82.0,1,13,True,True,263,away,195,1785005722.0,18,False,"aagami,adavis2,mbrownlee,sjonas,jrandolph,dschnaudi,nwhitlock",196,378,bb6c22ea0e62a7f0e889915335dadf29c13e7243b3971ca72875fe9da3ff185c,1785005722.0,False,263,31.3333333333333,11.0787409031893,-11.07,-0.439999999999998,92.2761408897807,8f6988f79a6eb13e6674dc689d2e25bffd5d77d7a749abe1609348e7f91c9a63,0.975076464381812,0.0249235356181882,0.537174475548817,0.746316551417416,0.743779074086533,0.462830015178459,1471.33333333333,5.0,0.98,-0.00253747733088339,-0.0054825786323957,378.0,1d2d8023b1c7e9869ab821bfd2722a3b1d55df65,2026-08-18 08:07:04,2026-07-25 18:58:49,2026-07-25-DC-NY,empire,breeze,23,15,2026-07-25 14:00:00
jwodatch1,-4.01,84.68,cboxley,-1.54,89.49,0,0,0,"tshapinsk,jnissen,cboxley,smott,aroy,mgrovic,jwodatch1",False,2026-07-25-DC-NY,12,7,2,9,82.0,1,14,True,True,264,away,196,1785005729.0,18,False,"aagami,adavis2,mbrownlee,sjonas,jrandolph,dschnaudi,nwhitlock",197,379,4b7b9e6be741f01b586a52af7d1b0b2b0eaa1824701d1fb847770606c171d421,1785005729.0,False,264,27.1111111111111,5.4071249292022,2.47,4.80999999999999,-27.1811110854773,7f5c246473f7d86bce1b1abe42426d882684990b90af6c0516aa43e17a654928,0.983160040385324,0.0168399596146757,0.537174475548817,0.730851606930214,0.765938065668109,0.430049421039773,1467.11111111111,5.0,0.98,0.0350864587378945,0.0758092561543574,379.0,03d06408451ac86fc8b00a9643c89680b72d6cd7,2026-08-18 08:07:04,2026-07-25 18:58:49,2026-07-25-DC-NY,empire,breeze,23,15,2026-07-25 14:00:00
cboxley,-1.54,89.49,jnissen,-10.86,88.17,0,0,0,"tshapinsk,jnissen,cboxley,smott,aroy,mgrovic,jwodatch1",False,2026-07-25-DC-NY,12,7,2,9,82.0,1,15,True,True,265,away,197,1785005742.0,18,False,"aagami,adavis2,mbrownlee,sjonas,jrandolph,dschnaudi,nwhitlock",198,380,97f1ac44100cd30ad0fe4dd5ca53f65acb4ed2e34ab9a38d5f0bd0d0e7c5b0bb,1785005742.0,False,265,22.8888888888889,9.41301227025653,-9.32,-1.31999999999999,98.0612372677101,2b2b5f7f85471bade0d9607333c5cf94f3936b125582da7b36380c111b42b1e7,0.976527213082848,0.0234727869171522,0.537174475548817,0.753122630315137,0.740714813637827,0.413454481824764,1462.88888888889,5.0,0.98,-0.0124078166773098,-0.0268088426886633,380.0,63bed519de87a9e45d878d3ca8bf1a96b70a4226,2026-08-18 08:07:04,2026-07-25 18:58:49,2026-07-25-DC-NY,empire,breeze,23,15,2026-07-25 14:00:00
jnissen,-10.86,88.17,smott,1.53,87.3,0,0,0,"tshapinsk,jnissen,cboxley,smott,aroy,mgrovic,jwodatch1",False,2026-07-25-DC-NY,12,7,2,9,82.0,1,16,True,True,266,away,198,1785005745.0,18,False,"aagami,adavis2,mbrownlee,sjonas,jrandolph,dschnaudi,nwhitlock",199,381,a0602b3b5542d28ee342230baa927fd505a5206d8aa369248abfaf9177d23819,1785005745.0,False,266,18.6666666666667,12.420507236019,12.39,-0.870000000000005,-94.0165976330819,4485e7e88174e8161f5afadd784fa70f95eb43295632b343ef21a7c7fd4d5e2c,0.969474819400526,0.0305251805994742,0.537174475548817,0.726312946254666,0.722236299545118,0.402290479649211,1458.66666666667,5.0,0.981,-0.00407664670954833,-0.00880817174978066,381.0,6393f41efab0060a7d0f8d5ac34adec3633132f5,2026-08-18 08:07:04,2026-07-25 18:58:49,2026-07-25-DC-NY,empire,breeze,23,15,2026-07-25 14:00:00
smott,1.53,87.3,jnissen,-12.25,89.49,0,0,0,"tshapinsk,jnissen,cboxley,smott,aroy,mgrovic,jwodatch1",False,2026-07-25-DC-NY,12,7,2,9,82.0,1,17,True,True,267,away,199,1785005747.0,18,False,"aagami,adavis2,mbrownlee,sjonas,jrandolph,dschnaudi,nwhitlock",200,382,2a9a083f44134fcb11216fa038b60df531b476220ef2250c391927f1ee49711e,1785005747.0,False,267,14.4444444444444,13.9529387585555,-13.78,2.19,80.9697339229409,ec455d7da8c7fbb270dc089ae2f6d32920ba335aeed07001f9c9657f240f9091,0.965780356234712,0.0342196437652876,0.537174475548817,0.706467426080203,0.719981324771427,0.371371977641656,1454.44444444444,5.0,0.981,0.0135138986912235,0.0291986893057558,382.0,6e629a596cc89be6cddeeafa79ab66fb15ad5fb8,2026-08-18 08:07:04,2026-07-25 18:58:49,2026-07-25-DC-NY,empire,breeze,23,15,2026-07-25 14:00:00
jnissen,-12.25,89.49,cboxley,-22.45,106.01,0,0,0,"tshapinsk,jnissen,cboxley,smott,aroy,mgrovic,jwodatch1",False,2026-07-25-DC-NY,12,8,2,9,82.0,1,18,True,True,268,away,200,1785005762.0,19,False,"aagami,adavis2,mbrownlee,sjonas,jrandolph,dschnaudi,nwhitlock",201,384,44c587116d8c1f0d618ab55439104acef0f90f63ba2e10666896a3bd0ab236ae,1785005762.0,False,268,10.2222222222222,19.4152105319515,-10.2,16.52,31.6925681271451,3f3d7a1adbda22186582c3a06f78ecee5a60af21f72ea5a302cbc1fd07304dc9,0.931500875219701,0.0684991247802994,0.537174475548817,0.70336733362212,1.0,0.288895976828314,1450.22222222222,5.0,0.979,0.29663266637788,0.640916826550623,384.0,8d780647d66809404b17fac4f09a57a30a4da2f0,2026-08-18 08:07:04,2026-07-25 18:58:49,2026-07-25-DC-NY,empire,breeze,23,15,2026-07-25 14:00:00
jwilliams,-4.44,12.54,aatkins,-2.39,28.63,0,0,0,"aatkins,jcowan,ddemarre,bjagt,srueschem,nwhitlock,jwilliams",True,2026-07-25-DC-NY,12,8,2,10,6.0,1,1,True,True,269,home,184,1785005816.0,18,False,"ffarah,mgrovic,wvandenbr,mwagner,jlightner,amerriman,ilee",185,388,cb25e7e93bb3df880e14ec5a6c289f3029038602dbe87dd677b30dea33c48d15,1785005816.0,False,269,6.0,16.2200678173675,2.05,16.09,-7.26083999635789,1cb6211baf08eb6c275dbd3c24acd429ec56d52c3a6f97e0af002b60f967d61d,0.97641736734276,0.0235826326572403,0.295216709230715,0.295216709230715,0.333268725080747,0.705759082708276,1446.0,4.0,0.967,0.0380520158500324,0.0539910868325182,388.0,5cbdbd22402979baae4e46963fe89c38e4ae05e0,2026-08-18 08:07:04,2026-07-25 18:58:49,2026-07-25-DC-NY,empire,breeze,23,15,2026-07-25 14:00:00
srueschem,11.04,5.86,aatkins,-8.87,27.06,0,0,0,"aatkins,jcowan,ddemarre,bjagt,mlabar,srueschem,jwilliams",True,2026-07-25-DC-NY,12,8,3,1,720.0,1,1,True,True,270,home,187,1785006550.0,18,False,"adowney,mlee2,khealey,wvandenbr,ffarah,mwagner,lblumenfe",188,395,c3dd77c06418ecb3eb0b7e047a6e36b9863a2e53fd4122a12119e4cd3012f562,1785006550.0,False,270,720.0,29.0834678124876,-19.91,21.2,43.2026925141003,56ac1e90b50896e0a914cb57e41ca48a2b68e75deb1ef32f45dd054ef5a91ef9,0.932483677720492,0.0675163222795079,0.662664685926014,0.662664685926014,0.710797335043364,0.927692369576637,1440.0,4.0,0.972,0.0481326491173506,0.142684880915829,395.0,dc75198c574e96337229b435180637044ae772f8,2026-08-18 08:07:04,2026-07-25 19:13:59,2026-07-25-DC-NY,empire,breeze,23,15,2026-07-25 14:00:00
aatkins,-8.87,27.06,ddemarre,-7.37,37.97,0,0,0,"aatkins,jcowan,ddemarre,bjagt,mlabar,srueschem,jwilliams",True,2026-07-25-DC-NY,12,8,3,1,720.0,1,2,True,True,271,home,188,1785006556.0,18,False,"adowney,mlee2,khealey,wvandenbr,ffarah,mwagner,lblumenfe",189,396,285dc20dcf9bef25f4a8b5d13a518d9308d32a4c043e20f4a4d8cf7a0bc9a062,1785006556.0,False,271,712.777777777778,11.0126336541265,1.5,10.91,-7.8284322305194,3eb62166b86ff6c23cd1e42f69282f3297bba02897016ff6930c1d15ab21fefb,0.982512832732565,0.0174871672674349,0.662664685926014,0.701414111175787,0.732613347481874,0.889578357512883,1432.77777777778,4.0,0.973,0.0311992363060873,0.0924873115989408,396.0,c4df7cd836d267f8c46a9055f436848db977ff36,2026-08-18 08:07:04,2026-07-25 19:13:59,2026-07-25-DC-NY,empire,breeze,23,15,2026-07-25 14:00:00
ddemarre,-7.37,37.97,jwilliams,8.86,40.9,0,0,0,"aatkins,jcowan,ddemarre,bjagt,mlabar,srueschem,jwilliams",True,2026-07-25-DC-NY,12,8,3,1,720.0,1,3,True,True,272,home,189,1785006558.0,18,False,"adowney,mlee2,khealey,wvandenbr,ffarah,mwagner,lblumenfe",190,397,8a76721c41d5735e091e64097be2d91494fade413d53f1b081b7ed6bca2dcf0e,1785006558.0,False,272,705.555555555556,16.4923558050389,16.23,2.93,-79.766621736958,b7ad879379f7ac28b1933e80efef6b3ef9c2fd29b01ad79b46b38b4dc18111fa,0.976491591953653,0.0235084080463472,0.662664685926014,0.724572986807374,0.733088089608474,0.874560759675396,1425.55555555556,4.0,0.973,0.00851510280109991,0.0252422513915407,397.0,40ce55c3d8bdf97c4a803ac97b6d53af181f9486,2026-08-18 08:07:04,2026-07-25 19:13:59,2026-07-25-DC-NY,empire,breeze,23,15,2026-07-25 14:00:00
jwilliams,8.86,40.9,ddemarre,18.55,54.61,0,0,0,"aatkins,jcowan,ddemarre,bjagt,mlabar,srueschem,jwilliams",True,2026-07-25-DC-NY,12,8,3,1,720.0,1,4,True,True,273,home,190,1785006564.0,18,False,"adowney,mlee2,khealey,wvandenbr,ffarah,mwagner,lblumenfe",191,398,743cf5edf34dade92f4e543c40072f1a82f607d58e30fd45d6a72b7f6c293810,1785006564.0,False,273,698.333333333333,16.7886926233105,9.69,13.71,-35.2520343944086,8bbee8892fd86b0c23ea9ec5d3e5b9835e3c610fdd8744244f46ea2bc6bf03e9,0.973810500003178,0.0261894999968222,0.662664685926014,0.725921187071596,0.757864924199757,0.80424314311661,1418.33333333333,4.0,0.973,0.0319437371281611,0.0946943168871879,398.0,dd7e74e832fc0b815c0760dd25a8875731911f7f,2026-08-18 08:07:04,2026-07-25 19:13:59,2026-07-25-DC-NY,empire,breeze,23,15,2026-07-25 14:00:00
ddemarre,18.55,54.61,jwilliams,21.61,66.13,0,0,0,"aatkins,jcowan,ddemarre,bjagt,mlabar,srueschem,jwilliams",True,2026-07-25-DC-NY,12,8,3,1,720.0,1,5,True,True,274,home,191,1785006569.0,18,False,"adowney,mlee2,khealey,wvandenbr,ffarah,mwagner,lblumenfe",192,399,439d3e97b40d9418ae7865ea002711f3d3753372bc65deb09d656075e6836157,1785006569.0,False,274,691.111111111111,11.9194798544232,3.06,11.52,-14.8756820016388,43cb1c6ff6644e497b372439da6248695556a70622bfea6541cfd74519b2ea13,0.976594537623631,0.0234054623763686,0.662664685926014,0.751907895535573,0.789073340917334,0.737665028803307,1411.11111111111,4.0,0.974,0.0371654453817605,0.110173598289828,399.0,5e3aa2b7a4d8f03f8d0ee0f7d7e7bdfa5eef8b86,2026-08-18 08:07:04,2026-07-25 19:13:59,2026-07-25-DC-NY,empire,breeze,23,15,2026-07-25 14:00:00
jwilliams,21.61,66.13,srueschem,10.7,56.11,0,0,0,"aatkins,jcowan,ddemarre,bjagt,mlabar,srueschem,jwilliams",True,2026-07-25-DC-NY,12,8,3,1,720.0,1,6,True,True,275,home,192,1785006575.0,18,False,"adowney,mlee2,khealey,wvandenbr,ffarah,mwagner,lblumenfe",193,400,dba026990f1e33d6c674e561f81551ffd2ffb1cc400dfdbad051e0ec0700ec08,1785006575.0,False,275,683.888888888889,14.8131191853708,-10.91,-10.02,132.565095934648,064c2bd10e533fd84e98f6a4ff7b1e3fea7309ae715ade1a0716a2d1c6ef303a,0.974907939590837,0.0250920604091628,0.662664685926014,0.784327165418975,0.768413620037118,0.800300744544496,1403.88888888889,4.0,0.974,-0.0159135453818565,-0.0471742646498204,400.0,80797ffa727b787ae7f0ab96a322abc1c3e3517b,2026-08-18 08:07:04,2026-07-25 19:13:59,2026-07-25-DC-NY,empire,breeze,23,15,2026-07-25 14:00:00
srueschem,10.7,56.11,jcowan,18.61,64.43,0,0,0,"aatkins,jcowan,ddemarre,bjagt,mlabar,srueschem,jwilliams",True,2026-07-25-DC-NY,12,8,3,1,720.0,1,7,True,True,276,home,193,1785006579.0,18,False,"adowney,mlee2,khealey,wvandenbr,ffarah,mwagner,lblumenfe",194,401,895e79d7acf58cfee3003249be4a5b1e64cda755517f1dc631bca4adc2ad581e,1785006579.0,False,276,676.666666666667,11.4800043553999,7.91,8.32000000000001,-43.5529097697232,03c5fb5978fbfbd079dbd2856d06a6c784880e69bd29babf5086ada8b68ee2c9,0.982404850878822,0.017595149121178,0.662664685926014,0.764008893024957,0.783893778888336,0.74817561104543,1396.66666666667,4.0,0.974,0.0198848858633789,0.058946943986474,401.0,7ebb4b5076ee3e513c434afc41ed3a358008140e,2026-08-18 08:07:04,2026-07-25 19:13:59,2026-07-25-DC-NY,empire,breeze,23,15,2026-07-25 14:00:00
jcowan,18.61,64.43,aatkins,0.27,98.31,0,0,0,"aatkins,jcowan,ddemarre,bjagt,mlabar,srueschem,jwilliams",True,2026-07-25-DC-NY,12,8,3,1,720.0,1,8,True,True,277,home,194,1785006596.0,18,False,"adowney,mlee2,khealey,wvandenbr,ffarah,mwagner,lblumenfe",195,402,6a99e8dde2588b632c594677e62f3f44f7bf78026937e862e7a73fc4854987d0,1785006596.0,False,277,669.444444444444,38.5254461362876,-18.34,33.88,28.4276721263847,cd89625662ec43c8ea2ae65ad7a89758e837d58924a7dd78d500af08c958932d,0.769935626669583,0.230064373330417,0.662664685926014,0.780296236973163,0.928793833913892,0.649176982035156,1389.44444444444,4.0,0.978,0.148497596940729,0.440207682816629,402.0,70b6e5e319566f6b8b01ca62391acc1745f911b5,2026-08-18 08:07:04,2026-07-25 19:13:59,2026-07-25-DC-NY,empire,breeze,23,15,2026-07-25 14:00:00
aatkins,0.0,100.0,mlabar,-9.69,104.25,0,0,0,"aatkins,jcowan,ddemarre,bjagt,mlabar,srueschem,jwilliams",True,2026-07-25-DC-NY,13,8,3,1,720.0,1,9,True,True,278,home,196,1785006611.0,19,False,"adowney,mlee2,khealey,wvandenbr,ffarah,mwagner,lblumenfe",197,406,e8c8d499772aa9818cb52d0ec3f035dfdcedf007d36416ba4138178f784be427,1785006611.0,False,278,662.222222222222,10.5810490973249,-9.69,4.25,66.3179122754616,80fa9cf0c5a1668f1fc278046152a33849417b7c9e40caa23f10fbf85234f18f,0.964185706928264,0.0358142930717356,0.662664685926014,0.932703602208838,1.0,0.638363734344189,1382.22222222222,4.0,0.978,0.0672963977911624,0.19949407898754,406.0,a100985f59c2b10ff4c2f49e30c821ff5d02ba41,2026-08-18 08:07:04,2026-07-25 19:13:59,2026-07-25-DC-NY,empire,breeze,23,15,2026-07-25 14:00:00
smott,-10.68,12.15,aroy,-4.57,20.11,0,0,0,"amerriman,smott,aroy,cboxley,tshapinsk,jwodatch1,mgrovic",False,2026-07-25-DC-NY,13,8,3,2,655.0,1,1,True,True,279,away,210,1785006659.0,18,False,"aagami,adavis2,mbrownlee,sjonas,jrandolph,dschnaudi,nwhitlock",211,410,098870011330beb86c501283252b02ae554385864108fc61221fe8e646bf7bf6,1785006659.0,False,279,655.0,10.0346250552774,6.11,7.96,-37.5094093878438,1d87a4451889b13b4e78045fec67ff279a2ff989dad3508cb1006fcd5b8bce0d,0.988147610767937,0.011852389232063,0.616157477052484,0.616157477052484,0.637312972558721,0.9313322687589,1375.0,5.0,0.982,0.0211554955062367,0.055115038698121,410.0,c68da9660acb38a8b476ea9d32037f68c3fd3146,2026-08-18 08:07:04,2026-07-25 19:13:59,2026-07-25-DC-NY,empire,breeze,23,15,2026-07-25 14:00:00
aroy,-4.57,20.11,mgrovic,9.16,37.48,0,0,0,"amerriman,smott,aroy,cboxley,tshapinsk,jwodatch1,mgrovic",False,2026-07-25-DC-NY,13,8,3,2,655.0,1,2,True,True,280,away,211,1785006666.0,18,False,"aagami,adavis2,mbrownlee,sjonas,jrandolph,dschnaudi,nwhitlock",212,411,67afeaf4a3cb5751739e86794f14e139f56e16b078c21270038f6e846e7529b5,1785006666.0,False,280,650.3,22.1411336656459,13.73,17.37,-38.324370900116,7d696f9856386b60ddcba25d4fb6ae0e3bde61617d7df4dc4f9abfe7c3e29e3e,0.955855469374463,0.0441445306255369,0.616157477052484,0.635440273988069,0.683946278251542,0.867249081879545,1370.3,5.0,0.981,0.048506004263473,0.12636954314232,411.0,a0a234f21dfd73aba29cd7290c6285fe14c50682,2026-08-18 08:07:04,2026-07-25 19:13:59,2026-07-25-DC-NY,empire,breeze,23,15,2026-07-25 14:00:00
mgrovic,9.16,37.48,cboxley,20.21,52.99,0,0,0,"amerriman,smott,aroy,cboxley,tshapinsk,jwodatch1,mgrovic",False,2026-07-25-DC-NY,13,8,3,2,655.0,1,3,True,True,281,away,212,1785006669.0,18,False,"aagami,adavis2,mbrownlee,sjonas,jrandolph,dschnaudi,nwhitlock",213,412,ef5033d38a12e93a2d298295080ba3b1affd5c15327e13ba25a4ae5fa66bcfff,1785006669.0,False,281,645.6,19.0437023711252,11.05,15.51,-35.4677281508475,2b6334ae4c1477a73a737a160cef607aa6e72534b6ede98fdd6b555bcb47f12a,0.969044948210004,0.0309550517899956,0.616157477052484,0.682441604801712,0.714707595900142,0.780461652849104,1365.6,5.0,0.981,0.0322659910984299,0.0840604913980354,412.0,ea3f8f743d89618ac15c7b8a8be02a2815436f62,2026-08-18 08:07:04,2026-07-25 19:13:59,2026-07-25-DC-NY,empire,breeze,23,15,2026-07-25 14:00:00
cboxley,20.21,52.99,tshapinsk,20.42,75.99,0,0,0,"amerriman,smott,aroy,cboxley,tshapinsk,jwodatch1,mgrovic",False,2026-07-25-DC-NY,13,8,3,2,655.0,1,4,True,True,282,away,213,1785006678.0,18,False,"aagami,adavis2,mbrownlee,sjonas,jrandolph,dschnaudi,nwhitlock",214,413,b62497f2238a713eaa6ceabf633bc4106806043f87ae10d4307fc4782e6f9ce8,1785006678.0,False,282,640.9,23.0009586756726,0.210000000000001,23.0,-0.523120841857761,29132741062ce10fc65fcd5a9559b4ee1034087de20720db6bd247bfc7ec8b73,0.932621945414815,0.0673780545851845,0.616157477052484,0.713509127152834,0.819194865101193,0.67873648851265,1360.9,5.0,0.979,0.105685737948359,0.275336190312635,413.0,76b75f9f7806134d31e5b1d7d29e4dad411edae8,2026-08-18 08:07:04,2026-07-25 19:13:59,2026-07-25-DC-NY,empire,breeze,23,15,2026-07-25 14:00:00
tshapinsk,20.42,75.99,cboxley,15.75,97.89,0,0,0,"amerriman,smott,aroy,cboxley,tshapinsk,jwodatch1,mgrovic",False,2026-07-25-DC-NY,13,8,3,2,655.0,1,5,True,True,283,away,214,1785006680.0,18,False,"aagami,adavis2,mbrownlee,sjonas,jrandolph,dschnaudi,nwhitlock",215,414,4d839d867d9209501bbf2813eb05546fa6346501539c177a5899acf373e163cd,1785006680.0,False,283,636.2,22.3923848662888,-4.67,21.9,12.0375703287638,638e259a905b65522a4f5f71cc3d8b201e8abdb0d5460ac04ece63222a12b673,0.910998658536996,0.089001341463004,0.616157477052484,0.818475688724788,0.919367267325968,0.625544059998674,1356.2,5.0,0.976,0.100891578601179,0.262846278276924,414.0,ccf97ac658190611ad85cc079d696fe68fec785a,2026-08-18 08:07:04,2026-07-25 19:13:59,2026-07-25-DC-NY,empire,breeze,23,15,2026-07-25 14:00:00
cboxley,15.75,97.89,mgrovic,14.38,89.79,0,0,0,"amerriman,smott,aroy,cboxley,tshapinsk,jwodatch1,mgrovic",False,2026-07-25-DC-NY,13,8,3,2,655.0,1,6,True,True,284,away,215,1785006685.0,18,False,"aagami,adavis2,mbrownlee,sjonas,jrandolph,dschnaudi,nwhitlock",216,415,74d28c1d50a4fbda7eb588c2561140e4659b701dd7ab9b4e0527d9f769390a1e,1785006685.0,False,284,631.5,8.21504108328132,-1.37,-8.09999999999999,170.400085630181,bb13be9d03423254ef5efaaca99fd4b3d2740ac71ab8a9173ee811cb38529afb,0.975352320386911,0.0246476796130894,0.616157477052484,0.919078792469919,0.890725177645749,0.650439008289195,1351.5,5.0,0.977,-0.0283536148241701,-0.0738678315431117,415.0,1800ccf7db4f3f1dba361e1ced124827e0f0e92c,2026-08-18 08:07:04,2026-07-25 19:13:59,2026-07-25-DC-NY,empire,breeze,23,15,2026-07-25 14:00:00
mgrovic,14.38,89.79,cboxley,-0.38,86.84,0,0,0,"amerriman,smott,aroy,cboxley,tshapinsk,jwodatch1,mgrovic",False,2026-07-25-DC-NY,13,8,3,2,655.0,1,7,True,True,285,away,216,1785006688.0,18,False,"aagami,adavis2,mbrownlee,sjonas,jrandolph,dschnaudi,nwhitlock",217,416,4ec5e56b3a2bca31d3f6cec4448e2426f089212876b0860ba720275f63736d9e,1785006688.0,False,285,626.8,15.0519134996186,-14.76,-2.95,101.302467225917,8afcc4f83a03c9e61cfb2634c61d92fe2334142cf61e3927258b9f6c73444ef0,0.960947942328176,0.0390520576718238,0.616157477052484,0.890434643108246,0.882935609989784,0.666700685697121,1346.8,5.0,0.977,-0.00749903311846156,-0.019536744029496,416.0,527752ae72d19f6f11680cfc6dbb36c24766df76,2026-08-18 08:07:04,2026-07-25 19:13:59,2026-07-25-DC-NY,empire,breeze,23,15,2026-07-25 14:00:00
cboxley,-0.38,86.84,smott,-13.9,88.0,0,0,0,"amerriman,smott,aroy,cboxley,tshapinsk,jwodatch1,mgrovic",False,2026-07-25-DC-NY,13,8,3,2,655.0,1,8,True,True,286,away,217,1785006692.0,18,False,"aagami,adavis2,mbrownlee,sjonas,jrandolph,dschnaudi,nwhitlock",218,417,df41898bb99e79b360f9c5e1833e8e872c16a7ee2ccc6f212c5dbb8509873a94,1785006692.0,False,286,622.1,13.5696720667819,-13.52,1.16,85.0960996432687,4bf4b811934a0e209ba0abcfa5b6bd8868cc0eda50005a5738e71240d57efb47,0.968940702010092,0.0310592979899081,0.616157477052484,0.882714532043593,0.884124891295837,0.654397257583432,1342.1,5.0,0.977,0.00141035925224464,0.00367431737738313,417.0,918effed26f1aa084bc92b1ecee306ee17b376c7,2026-08-18 08:07:04,2026-07-25 19:13:59,2026-07-25-DC-NY,empire,breeze,23,15,2026-07-25 14:00:00
smott,-13.9,88.0,tshapinsk,-15.35,98.92,0,0,0,"amerriman,smott,aroy,cboxley,tshapinsk,jwodatch1,mgrovic",False,2026-07-25-DC-NY,13,8,3,2,655.0,1,9,True,True,287,away,218,1785006695.0,18,False,"aagami,adavis2,mbrownlee,sjonas,jrandolph,dschnaudi,nwhitlock",219,418,408386f6cf116b57a12cc66b14bdc8201d0295f501dd7842a6b88f6c38d290f2,1785006695.0,False,287,617.4,11.0158476750543,-1.45,10.92,7.56370983736676,55959d40969557f57129f514c4abf1700655f1c4b6bcdd8fd52e6770aaf10706,0.965875099709144,0.0341249002908559,0.616157477052484,0.883986290415402,0.922964140172494,0.619631021625292,1337.4,5.0,0.976,0.0389778497570916,0.101546460923042,418.0,a7f91c9f0a0a0e94d4830d5ceff2ebd73fdd9b06,2026-08-18 08:07:04,2026-07-25 19:13:59,2026-07-25-DC-NY,empire,breeze,23,15,2026-07-25 14:00:00
tshapinsk,-15.35,98.92,jwodatch1,-24.68,105.51,0,0,0,"amerriman,smott,aroy,cboxley,tshapinsk,jwodatch1,mgrovic",False,2026-07-25-DC-NY,13,9,3,2,655.0,1,10,True,True,288,away,219,1785006701.0,19,False,"aagami,adavis2,mbrownlee,sjonas,jrandolph,dschnaudi,nwhitlock",220,419,76bf428c2ce57181c13d0e1af648663d81df82fe9e3155df1921168b5df4ab7b,1785006701.0,False,288,612.7,11.4226529317843,-9.33,6.59,54.765533354118,223312f54ffccaf7acdd64eca9b0c2962b49968f5f056144b07217ef8f20db73,0.927501502758199,0.0724984972418011,0.616157477052484,0.922919580098491,1.0,0.566509938609291,1332.7,5.0,0.976,0.0770804199015086,0.200812612707967,419.0,f9c7bf58dc08ad323f59c0b779ead5b47292b0b9,2026-08-18 08:07:04,2026-07-25 19:13:59,2026-07-25-DC-NY,empire,breeze,23,15,2026-07-25 14:00:00
srueschem,-0.55,9.27,aatkins,5.18,28.56,0,0,0,"adavis4,aatkins,ddemarre,bjagt,mlabar,srueschem,jwilliams",True,2026-07-25-DC-NY,13,9,3,3,608.0,1,1,True,True,289,home,201,1785006748.0,18,False,"cjurek,tgesell,mlee2,ilee,lblumenfe,ffarah,wvandenbr",202,423,cc2b0571e03c3f6c60217d3a4c1ab1bbd2dc69d784120d8760babebe32636b93,1785006748.0,False,289,608.0,20.1230464890384,5.73,19.29,-16.5437941212366,af47cdbfaa41ba04b0a5edec2e7f2b3bec08a40a2b1302683198ebdda15950b9,0.966895396774806,0.0331046032251945,0.60428818582751,0.60428818582751,0.651481220388271,0.900013493246889,1328.0,4.0,0.971,0.0471930345607606,0.119261121024275,423.0,9e9b7067fdd8520362920e5e8c873f84ef9629da,2026-08-18 08:07:04,2026-07-25 19:13:59,2026-07-25-DC-NY,empire,breeze,23,15,2026-07-25 14:00:00
aatkins,5.18,28.56,adavis4,0.4,41.18,0,0,0,"adavis4,aatkins,ddemarre,bjagt,mlabar,srueschem,jwilliams",True,2026-07-25-DC-NY,13,9,3,3,608.0,1,2,True,True,290,home,202,1785006756.0,18,False,"cjurek,tgesell,mlee2,ilee,lblumenfe,ffarah,wvandenbr",203,425,c3dbf57c9bb4ee0980c36fbabb3f03e4214fdcb0a43fe942e1420e1267857268,1785006756.0,False,290,598.0,13.4949175618082,-4.78,12.62,20.7448771136435,c479b5bedac9aa67be62b671185ad40ac9c33a4a36574517a638ce454f50e02e,0.97911079377684,0.0208892062231597,0.60428818582751,0.651942001784336,0.692840695138159,0.849413073770425,1318.0,4.0,0.972,0.0408986933538227,0.103354744258394,425.0,770b2bac915514f53eb7d0275413de15cede5c63,2026-08-18 08:07:04,2026-07-25 19:13:59,2026-07-25-DC-NY,empire,breeze,23,15,2026-07-25 14:00:00
adavis4,0.4,41.18,,13.91,52.77,1,0,0,"adavis4,aatkins,ddemarre,bjagt,mlabar,srueschem,jwilliams",True,2026-07-25-DC-NY,13,9,3,3,608.0,1,3,True,True,291,home,203,1785006766.0,22,False,"cjurek,tgesell,mlee2,ilee,lblumenfe,ffarah,wvandenbr",204,427,6ccb54c6851e0dc23bcc8bd97853491baac3312a55ee5f2956f0caebbe4d3206,1785006766.0,False,291,588.0,17.8002303355884,13.51,11.59,-49.3742662329269,75bcf92a24af0b293e59bfab5f75adcda50919a75970ebd621aaaab3de8c9020,0.968339273407369,-0.968339273407369,0.60428818582751,0.693735133262172,0.730423999842614,0.794108123348507,1308.0,4.0,0.952,-0.794108123348507,-0.794108123348507,427.0,30b542e517eed9c2abcaab6447d77e7185ccbef1,2026-08-18 08:07:04,2026-07-25 19:13:59,2026-07-25-DC-NY,empire,breeze,23,15,2026-07-25 14:00:00
ilee,-12.53,74.21,cjurek,-10.47,86.91,0,0,0,"cjurek,tgesell,mlee2,ilee,lblumenfe,ffarah,wvandenbr",False,2026-07-25-DC-NY,13,9,3,3,608.0,2,1,False,False,292,away,223,1785006780.0,18,False,"adavis4,aatkins,ddemarre,bjagt,mlabar,srueschem,jwilliams",224,428,3a8b3bbbf7a20c6af161a2d6e9ca41141a68e7d491e08dd9ed88dc30de52f11d,1785006780.0,False,292,578.0,12.8659861650788,2.06,12.7,-9.21340267731897,1239ee66108a56619585ae9a34d90f614637cecf03433a1847819cfae29b4179,0.963016880579196,0.0369831194208038,0.82766290065849,0.82766290065849,0.882788504925722,0.665146862686979,1298.0,4.0,0.947,0.055125604267232,0.319870790896817,428.0,120de8898097dd9510399ddc8e40704e18632b55,2026-08-18 08:07:04,2026-07-25 19:13:59,2026-07-25-DC-NY,empire,breeze,23,15,2026-07-25 14:00:00
cjurek,-10.47,86.91,ilee,-16.24,79.08,0,0,0,"cjurek,tgesell,mlee2,ilee,lblumenfe,ffarah,wvandenbr",False,2026-07-25-DC-NY,13,9,3,3,608.0,2,2,False,False,293,away,224,1785006783.0,18,False,"adavis4,aatkins,ddemarre,bjagt,mlabar,srueschem,jwilliams",225,429,337d4870aaab4017cb31442abc5ae24e456c28af15cc26d50854ddacbf2d5bf8,1785006783.0,False,293,568.0,9.72634566525373,-5.77,-7.83,143.613152179831,909addd2bfe396c088482d9f5863bbf4c8554854a120b6975fce4559497f8321,0.981677795079758,0.0183222049202416,0.82766290065849,0.883494893462543,0.845733316910853,0.681919802698555,1288.0,4.0,0.949,-0.0377615765516901,-0.219114611398097,429.0,6a2d57c4f873bbfd96c2adac09a818fe4ccd7927,2026-08-18 08:07:04,2026-07-25 19:13:59,2026-07-25-DC-NY,empire,breeze,23,15,2026-07-25 14:00:00
ilee,-16.24,79.08,cjurek,-21.59,84.23,0,0,0,"cjurek,tgesell,mlee2,ilee,lblumenfe,ffarah,wvandenbr",False,2026-07-25-DC-NY,13,9,3,3,608.0,2,3,False,False,294,away,225,1785006790.0,18,False,"adavis4,aatkins,ddemarre,bjagt,mlabar,srueschem,jwilliams",226,430,c63ea4340a5de0a55b4222de402d39218ad35182734a8f707b91208bdbee9792,1785006790.0,False,294,558.0,7.42596795037523,-5.35,5.15000000000001,46.0912162252626,5b500fc06ba601e44c564e98b3430135e42ec12c0086b48b4bdd90a21cf102df,0.981998275753264,0.0180017242467364,0.82766290065849,0.846684207556106,0.856338865382523,0.642080566327673,1278.0,4.0,0.948,0.00965465782641661,0.0560219352844311,430.0,b49640d5c2fd37cc7bdf1db4b1aaeb1a493d6b4f,2026-08-18 08:07:04,2026-07-25 19:13:59,2026-07-25-DC-NY,empire,breeze,23,15,2026-07-25 14:00:00
aroy,-21.59,84.23,cboxley,-2.51,80.38,0,0,0,"jnissen,mgrovic,amerriman,aroy,smott,cboxley,gnorrbom",False,2026-07-25-DC-NY,13,9,3,3,548.0,2,4,False,True,295,away,227,1785006871.0,18,False,"lbarry,ochartock,relston,ofay,cpanarell,nwhitlock,aagami",228,433,a29f46c93cc36cb6e27055cbfa174ba191953749bf9c84385232bf71ca234642,1785006871.0,False,295,548.0,19.4645549653723,19.08,-3.85000000000001,-101.408071244718,2ee2009947bfd0564d1304636daba3c2beaa76143e1f5cc50db121c7a6256254,0.943500827700261,0.056499172299739,0.82766290065849,0.857222027132609,0.859836306071525,0.694019311730031,1268.0,4.0,0.948,0.00261427893891553,0.0151695656298298,433.0,01a1e8b8440291316316e34a44c8854c724ce819,2026-08-18 08:07:04,2026-07-25 19:19:02,2026-07-25-DC-NY,empire,breeze,23,15,2026-07-25 14:00:00
cboxley,-2.51,80.38,gnorrbom,-17.75,80.11,0,0,0,"jnissen,mgrovic,amerriman,aroy,smott,cboxley,gnorrbom",False,2026-07-25-DC-NY,13,9,3,3,548.0,2,5,False,True,296,away,228,1785006876.0,18,False,"lbarry,ochartock,relston,ofay,cpanarell,nwhitlock,aagami",229,434,2850cf25b3cae6e678625ef1d47a920bb24a4ae736763abbb4edbb499f7b3da2,1785006876.0,False,296,544.3125,15.2423915446363,-15.24,-0.269999999999996,91.0149765246645,84031f747dc18bbfeac0194fec11f6d744cfb27fa98d29bb5321316a5710f300,0.974787414699381,0.0252125853006185,0.82766290065849,0.860138836294377,0.849820425740393,0.676920382881183,1264.3125,4.0,0.949,-0.0103184105539842,-0.0598734143339436,434.0,2ee8ca4aa9a8c13143b87d93d7b6e2aa8b2429a0,2026-08-18 08:07:04,2026-07-25 19:19:02,2026-07-25-DC-NY,empire,breeze,23,15,2026-07-25 14:00:00
gnorrbom,-17.75,80.11,mgrovic,-19.05,89.17,0,0,0,"jnissen,mgrovic,amerriman,aroy,smott,cboxley,gnorrbom",False,2026-07-25-DC-NY,13,9,3,3,548.0,2,6,False,True,297,away,229,1785006878.0,18,False,"lbarry,ochartock,relston,ofay,cpanarell,nwhitlock,aagami",230,435,d93992821ba444e29dbb2a32d861caa444048c921934f8928b7e49f05a040eee,1785006878.0,False,297,540.625,9.15279192377933,-1.3,9.06,8.16551383265893,b9897c237398c83495bae625404afab29b183151bb9501f64d30df7e544a9c63,0.977849285910884,0.0221507140891155,0.82766290065849,0.850125360450244,0.88581978548594,0.642231880789899,1260.625,4.0,0.947,0.0356944250356958,0.20711979702619,435.0,cf209a61927467a93b7f7e0beff399ee7e65958c,2026-08-18 08:07:04,2026-07-25 19:19:02,2026-07-25-DC-NY,empire,breeze,23,15,2026-07-25 14:00:00
mgrovic,-19.05,89.17,cboxley,-5.87,80.66,0,0,0,"jnissen,mgrovic,amerriman,aroy,smott,cboxley,gnorrbom",False,2026-07-25-DC-NY,13,9,3,3,548.0,2,7,False,True,298,away,230,1785006880.0,18,False,"lbarry,ochartock,relston,ofay,cpanarell,nwhitlock,aagami",231,436,fba23bb84cb6c532ea9fa2c1f22a6d67e5c802f49fe05a545a178f1405860791,1785006880.0,False,298,536.9375,15.6886105184621,13.18,-8.51000000000001,-122.849330542181,dc10dfc1fd02f01ba312d7ff01270964e216e8b99c912d994f7df16bc078ea06,0.959177764893346,0.0408222351066536,0.82766290065849,0.886046896263192,0.861579669278691,0.6940691378049,1256.9375,4.0,0.948,-0.0244672269845013,-0.141973069513118,436.0,04626bab1c93e679a9217291aa9071f858334c66,2026-08-18 08:07:04,2026-07-25 19:19:02,2026-07-25-DC-NY,empire,breeze,23,15,2026-07-25 14:00:00
cboxley,-5.87,80.66,smott,-16.86,85.33,0,0,0,"jnissen,mgrovic,amerriman,aroy,smott,cboxley,gnorrbom",False,2026-07-25-DC-NY,13,9,3,3,548.0,2,8,False,True,299,away,231,1785006885.0,18,False,"lbarry,ochartock,relston,ofay,cpanarell,nwhitlock,aagami",232,437,32966c21ed360674b3b61053655df99c91de7e514b72676257861e367977cd4e,1785006885.0,False,299,533.25,11.9410636042188,-10.99,4.67,66.977819950052,61e9e6f896c2d1cd9caf5399ac90d605d597e9e48503e0f51fff9c0f61747805,0.97633250466686,0.0236674953331398,0.82766290065849,0.861830216951104,0.874351690969597,0.663965636190575,1253.25,4.0,0.947,0.0125214740184928,0.072656868813138,437.0,fa6dfb08ded4f68d8c6a33c3a295a99c8d50446c,2026-08-18 08:07:04,2026-07-25 19:19:02,2026-07-25-DC-NY,empire,breeze,23,15,2026-07-25 14:00:00
smott,-16.86,85.33,jnissen,0.44,80.73,0,0,0,"jnissen,mgrovic,amerriman,aroy,smott,cboxley,gnorrbom",False,2026-07-25-DC-NY,13,9,3,3,548.0,2,9,False,True,300,away,232,1785006890.0,18,False,"lbarry,ochartock,relston,ofay,cpanarell,nwhitlock,aagami",233,438,d70b18d096dececc1cb7a161fce62f840cf80c0ddb5a1028fc3181ff7e95db0d,1785006890.0,False,300,529.5625,17.9011172835664,17.3,-4.59999999999999,-104.890182367327,01560ec4f8367c5784acc3729e246b2388e363ac5964238ffa1783462cb4a830,0.954900805495326,0.0450991945046741,0.82766290065849,0.874567008575723,0.862697757501595,0.695300958463923,1249.5625,4.0,0.948,-0.0118692510741285,-0.0688722922660313,438.0,f484d7a51ae4266d1f3c80989b9393d0af21a320,2026-08-18 08:07:04,2026-07-25 19:19:02,2026-07-25-DC-NY,empire,breeze,23,15,2026-07-25 14:00:00
jnissen,0.44,80.73,mgrovic,10.46,84.85,0,0,0,"jnissen,mgrovic,amerriman,aroy,smott,cboxley,gnorrbom",False,2026-07-25-DC-NY,13,9,3,3,548.0,2,10,False,True,301,away,233,1785006893.0,18,False,"lbarry,ochartock,relston,ofay,cpanarell,nwhitlock,aagami",234,439,b87c76121dcaf67c6effb884ee026596f97364de0e78dba04f1b000102608f5f,1785006893.0,False,301,525.875,10.8339651097832,10.02,4.11999999999999,-67.6486307752817,568a87b334feb5b9eea6531de4ffc4d12f5a670b94d8db2e336adc66c0d1f402,0.974926078942525,0.0250739210574751,0.82766290065849,0.862913680076642,0.878020750742748,0.679622403693091,1245.875,4.0,0.947,0.0151070706661064,0.0876600031208003,439.0,25513ee9a8ad34b07184c710fb9ec09a50f8ce3e,2026-08-18 08:07:04,2026-07-25 19:19:02,2026-07-25-DC-NY,empire,breeze,23,15,2026-07-25 14:00:00
mgrovic,10.46,84.85,gnorrbom,0.17,91.3,0,0,0,"jnissen,mgrovic,amerriman,aroy,smott,cboxley,gnorrbom",False,2026-07-25-DC-NY,13,9,3,3,548.0,2,11,False,True,302,away,234,1785006896.0,18,False,"lbarry,ochartock,relston,ofay,cpanarell,nwhitlock,aagami",235,440,e0d77142cf279375fe18a81431b1052e92dc08ebe35025e66e3b8352a68d547d,1785006896.0,False,302,522.1875,12.1444061196915,-10.29,6.45,57.9196027217727,f18e9e67dd77fc173e91a6dea74ab42b19d643b906f6babf06cf73cbb84fad37,0.967647633004647,0.032352366995353,0.82766290065849,0.878201709157484,0.903961873979274,0.663216407202356,1242.1875,4.0,0.945,0.0257601648217896,0.149475446205244,440.0,9fb28ab808b7709bfff7f20cb6c91dd63cbd3789,2026-08-18 08:07:04,2026-07-25 19:19:02,2026-07-25-DC-NY,empire,breeze,23,15,2026-07-25 14:00:00
gnorrbom,0.17,91.3,mgrovic,-6.9,93.08,0,0,0,"jnissen,mgrovic,amerriman,aroy,smott,cboxley,gnorrbom",False,2026-07-25-DC-NY,13,9,3,3,548.0,2,12,False,True,303,away,235,1785006897.0,18,False,"lbarry,ochartock,relston,ofay,cpanarell,nwhitlock,aagami",236,441,e99d13c5abfd9088b29e633895c70b8ca27ddb85ea08fc9f979eabdea704dc18,1785006897.0,False,303,518.5,7.29063097406528,-7.07,1.78,75.8684542588315,49df4202cb9a5a77b859a7b7fc07b097f81074de1899c3e1456032852775eda1,0.978668493652275,0.0213315063477248,0.82766290065849,0.904097318234551,0.910025699408621,0.657617873146056,1238.5,4.0,0.945,0.0059283811740698,0.0343999127101582,441.0,3feac758ca891b647bf955e3e5306b8dc5de7be8,2026-08-18 08:07:04,2026-07-25 19:19:02,2026-07-25-DC-NY,empire,breeze,23,15,2026-07-25 14:00:00
mgrovic,-6.9,93.08,,-15.0,86.7,1,0,0,"jnissen,mgrovic,amerriman,aroy,smott,cboxley,gnorrbom",False,2026-07-25-DC-NY,13,9,3,3,548.0,2,13,False,True,304,away,236,1785006902.0,22,False,"lbarry,ochartock,relston,ofay,cpanarell,nwhitlock,aagami",237,442,70b0f0ccf425bbe99f5cb086322f8dd4813d8ed848ca59028a1aeb13004c0d14,1785006902.0,False,304,514.8125,10.3108874496815,-8.1,-6.38,128.225889107571,92eca70a3d3ee826105e958639b485a087b00c78c827eb7711588ae6fc568e07,0.97674920638469,-0.97674920638469,0.82766290065849,0.910143160915605,0.883022269139659,0.666941346264348,1234.8125,4.0,0.971,-0.666941346264348,-0.666941346264348,442.0,a6f2ab924f939ef10391d4e8045cfa166e79a8d9,2026-08-18 08:07:04,2026-07-25 19:19:02,2026-07-25-DC-NY,empire,breeze,23,15,2026-07-25 14:00:00
lbarry,13.57,41.31,cpanarell,17.18,51.47,0,0,0,"lbarry,ochartock,relston,ofay,cpanarell,nwhitlock,aagami",True,2026-07-25-DC-NY,13,9,3,3,548.0,3,1,True,False,305,home,206,1785006911.0,18,False,"jnissen,mgrovic,amerriman,aroy,smott,cboxley,gnorrbom",207,444,e1ce28e3c3e3d0ec02f8ab6126d24f1d1d8ddcc2c851e167da9ad4cb510a7943,1785006911.0,False,305,511.125,10.7822863994609,3.61,10.16,-19.5608869465152,d96584c8b92736aa3616a5a10da1a73466ef277610309feb3eaf76102c7e402f,0.9829040262575,0.0170959737425002,0.696832979045383,0.696832979045383,0.72625255486199,0.801755218788822,1231.125,4.0,0.972,0.0294195758166073,0.0970408183712412,444.0,9e556af1079f5985cd282188acebdedbc2128a21,2026-08-18 08:07:04,2026-07-25 19:19:02,2026-07-25-DC-NY,empire,breeze,23,15,2026-07-25 14:00:00
cpanarell,17.18,51.47,ochartock,10.16,48.81,0,0,0,"lbarry,ochartock,relston,ofay,cpanarell,nwhitlock,aagami",True,2026-07-25-DC-NY,13,9,3,3,548.0,3,2,True,False,306,home,207,1785006913.0,18,False,"jnissen,mgrovic,amerriman,aroy,smott,cboxley,gnorrbom",208,445,41b887aab44b1739372d2f9ec1ec448fa43154e175fb59d603496258e1ac82e7,1785006913.0,False,306,507.4375,7.50706334061462,-7.02,-2.66,110.752568793965,2c1e3dcc843112d811366d9d0ecf77881adffb088573abd8a89f05da0c0c617b,0.987002710462702,0.0129972895372978,0.696832979045383,0.726490172364032,0.728847642944045,0.822035294221693,1227.4375,4.0,0.972,0.0023574705800129,0.00777614455751045,445.0,f7d9330fb80bb421cc2079b53305283d31da3f38,2026-08-18 08:07:04,2026-07-25 19:19:02,2026-07-25-DC-NY,empire,breeze,23,15,2026-07-25 14:00:00
ochartock,10.16,48.81,lbarry,1.02,48.81,0,0,0,"lbarry,ochartock,relston,ofay,cpanarell,nwhitlock,aagami",True,2026-07-25-DC-NY,13,9,3,3,548.0,3,3,True,False,307,home,208,1785006916.0,18,False,"jnissen,mgrovic,amerriman,aroy,smott,cboxley,gnorrbom",209,446,9e4257d7ed7c966f898471d5874f879fcde0e4c2a17f9abc38f90ce10a468a9e,1785006916.0,False,307,503.75,9.14,-9.14,0.0,90.0,815553162ca88abccac9d67b821a973781e222e1ae54716c6945c92989463aeb,0.986735972304302,0.0132640276956977,0.696832979045383,0.729061294500529,0.731548718471327,0.823781438999716,1223.75,4.0,0.973,0.00248742397079738,0.0082047973521821,446.0,80232669fc5901dc969ec9b0f7795f8c931645ac,2026-08-18 08:07:04,2026-07-25 19:19:02,2026-07-25-DC-NY,empire,breeze,23,15,2026-07-25 14:00:00
lbarry,1.02,48.81,ofay,-12.76,59.65,0,0,0,"lbarry,ochartock,relston,ofay,cpanarell,nwhitlock,aagami",True,2026-07-25-DC-NY,13,9,3,3,548.0,3,4,True,False,308,home,209,1785006918.0,18,False,"jnissen,mgrovic,amerriman,aroy,smott,cboxley,gnorrbom",210,447,4bf5629c92cc6a751d1953c1262f7b35e2c78a21bf97e78e3ccaa823e85ecbe5,1785006918.0,False,308,500.0625,17.5326552467103,-13.78,10.84,51.8097351016068,c99727a73e7f935db9a24caa8888a57e3e9baefd3128b6df2b0fe4295480ca3e,0.966161513723654,0.0338384862763461,0.696832979045383,0.731739366989106,0.770889021634777,0.77314525538096,1220.0625,4.0,0.973,0.039149654645671,0.129135598332549,447.0,d358cae76435323f76a58e022158cbbce827797d,2026-08-18 08:07:04,2026-07-25 19:19:02,2026-07-25-DC-NY,empire,breeze,23,15,2026-07-25 14:00:00
ofay,-12.76,59.65,nwhitlock,-22.31,63.88,0,0,0,"lbarry,ochartock,relston,ofay,cpanarell,nwhitlock,aagami",True,2026-07-25-DC-NY,13,9,3,3,548.0,3,5,True,False,309,home,210,1785006922.0,18,False,"jnissen,mgrovic,amerriman,aroy,smott,cboxley,gnorrbom",211,448,98a9a595063812afb8a3dd9a917ec8e71bb9dd293e76047839a11fba09c02528,1785006922.0,False,309,496.375,10.4448743410345,-9.55,4.23,66.1099174351779,9e3db0809222608499c65e95bc2b3bb2f6a92d6fafa41255a6c44fc95089d45e,0.98206757616721,0.0179324238327897,0.696832979045383,0.771041675962018,0.761347304498402,0.724784922817962,1216.375,4.0,0.973,-0.00969437146361596,-0.0319769987945594,448.0,a3682a2614f66e2eddca5257f76cafbe83253c01,2026-08-18 08:07:04,2026-07-25 19:19:02,2026-07-25-DC-NY,empire,breeze,23,15,2026-07-25 14:00:00
nwhitlock,-22.31,63.88,aagami,-6.35,107.86,0,0,0,"lbarry,ochartock,relston,ofay,cpanarell,nwhitlock,aagami",True,2026-07-25-DC-NY,14,9,3,3,548.0,3,6,True,False,310,home,211,1785006931.0,19,False,"jnissen,mgrovic,amerriman,aroy,smott,cboxley,gnorrbom",212,449,84a94ead0d65d09e4961cbc67872351aeeb3852229a2bc1722fea79dcd7d7045,1785006931.0,False,310,492.6875,46.7863441615179,15.96,43.98,-19.9454408456037,d50ded765082e2a0d37909c48bbbdeca2b747ca4e55c2885e252d619a0e6a752,0.650251647884051,0.349748352115949,0.696832979045383,0.761485706895,1.0,0.64141888882139,1212.6875,4.0,0.978,0.238514293105,0.786742213430611,449.0,92e5510edb67f49f47abdd17c9c2d925dbe31d08,2026-08-18 08:07:04,2026-07-25 19:19:02,2026-07-25-DC-NY,empire,breeze,23,15,2026-07-25 14:00:00
tshapinsk,-10.82,14.89,aroy,-0.73,14.89,0,0,0,"jwodatch1,amerriman,tshapinsk,aroy,cboxley,jnissen,smott",False,2026-07-25-DC-NY,14,9,3,4,489.0,1,1,True,True,311,away,239,1785007016.0,18,False,"aagami,adavis2,mbrownlee,sjonas,jrandolph,dschnaudi,bjagt",240,454,99d04326bc754c24fbd5e5d55e551fa222f2030f3a05159af8f6b8e4ffb7c4df,1785007016.0,False,311,489.0,10.09,10.09,0.0,-90.0,d851e85242447d4ee76f97a6761fda1e0f705a18cd31c46ca8180eb089e0668e,0.99065831341945,0.00934168658054979,0.627150123126339,0.627150123126339,0.630270312596672,0.933107758405831,1209.0,5.0,0.982,0.00312018947033366,0.00836848732926072,454.0,78ff4aaee8f7eebe064fe42b30e530480236abb7,2026-08-18 08:07:04,2026-07-25 19:19:02,2026-07-25-DC-NY,empire,breeze,23,15,2026-07-25 14:00:00
aroy,-0.73,14.89,jwodatch1,-13.84,23.89,0,0,0,"jwodatch1,amerriman,tshapinsk,aroy,cboxley,jnissen,smott",False,2026-07-25-DC-NY,14,9,3,4,489.0,1,2,True,True,312,away,240,1785007021.0,18,False,"aagami,adavis2,mbrownlee,sjonas,jrandolph,dschnaudi,bjagt",241,455,5e2b31635aaa16a75b60064039faef2f4791e1d48ddcb005daabf0689dc17811,1785007021.0,False,312,482.846153846154,15.9019527102806,-13.11,9.0,55.5304461529017,e083ee39bb99842fe9f3c88758af421f241a16630e68bdee1c0beb56280810fe,0.981482364829216,0.0185176351707841,0.627150123126339,0.630479316713931,0.645447057060683,0.918520893402171,1202.84615384615,5.0,0.981,0.0149677403467525,0.0401441472161845,455.0,c4d609d79fc949aae65d7b30d0196456ccbb8be4,2026-08-18 08:07:04,2026-07-25 19:19:02,2026-07-25-DC-NY,empire,breeze,23,15,2026-07-25 14:00:00
jwodatch1,-13.84,23.89,smott,-18.78,35.69,0,0,0,"jwodatch1,amerriman,tshapinsk,aroy,cboxley,jnissen,smott",False,2026-07-25-DC-NY,14,9,3,4,489.0,1,3,True,True,313,away,241,1785007026.0,18,False,"aagami,adavis2,mbrownlee,sjonas,jrandolph,dschnaudi,bjagt",242,456,944ed4923bea63b5ff02d034826e782d1ae4a37afd5ba56f85d5b85e812939f0,1785007026.0,False,313,476.692307692308,12.7923258244934,-4.94,11.8,22.7163339985755,7d749b689c0733726ec41de09713d367f77e27b96b2a4ed3e35e150d66e0a1df,0.98389673671794,0.0161032632820599,0.627150123126339,0.645595888298798,0.666654318461971,0.867099049212206,1196.69230769231,5.0,0.981,0.0210584301631733,0.0564796489668921,456.0,afb98106983a8ad7b4c75d090f3a38813f23eb1e,2026-08-18 08:07:04,2026-07-25 19:19:02,2026-07-25-DC-NY,empire,breeze,23,15,2026-07-25 14:00:00
smott,-18.78,35.69,tshapinsk,-22.55,60.61,0,0,0,"jwodatch1,amerriman,tshapinsk,aroy,cboxley,jnissen,smott",False,2026-07-25-DC-NY,14,9,3,4,489.0,1,4,True,True,314,away,242,1785007031.0,18,False,"aagami,adavis2,mbrownlee,sjonas,jrandolph,dschnaudi,bjagt",243,457,4c8b921e83be5b436f6500c7194dda8e9ddb042be54c77ffba0d87bec4aa30b2,1785007031.0,False,314,470.538461538462,25.2035572886051,-3.77,24.92,8.60270706610517,ae5da6917cd208f03305fabc37108991b2270a2c50d58eae04c844d719121933,0.912427817971744,0.0875721820282556,0.627150123126339,0.666748025837999,0.745242122455822,0.738890531898143,1190.53846153846,5.0,0.98,0.0784940966178228,0.210524668201567,457.0,bf4ff005620efc94727d570319a71525ccd75d14,2026-08-18 08:07:04,2026-07-25 19:19:02,2026-07-25-DC-NY,empire,breeze,23,15,2026-07-25 14:00:00
tshapinsk,-22.55,60.61,smott,-9.85,57.39,0,0,0,"jwodatch1,amerriman,tshapinsk,aroy,cboxley,jnissen,smott",False,2026-07-25-DC-NY,14,9,3,4,489.0,1,5,True,True,315,away,243,1785007036.0,18,False,"aagami,adavis2,mbrownlee,sjonas,jrandolph,dschnaudi,bjagt",244,458,501972a8f3f16662cf00081f3a7ebb2b1af0e178b604e5c97b44005a3b197068,1785007036.0,False,315,464.384615384615,13.1018471980099,12.7,-3.22,-104.22715798373,87af5d7e3f98d029c8d25bdcd1cf76ff552d1625cad241164447604fe630987e,0.973408061418588,0.0265919385814121,0.627150123126339,0.745282153685716,0.764644050013979,0.78619380124351,1184.38461538462,5.0,0.98,0.0193618963282628,0.0519294695511553,458.0,ae517b2827f2f0669ce1687bf5f90f3bc3f2b07b,2026-08-18 08:07:04,2026-07-25 19:19:02,2026-07-25-DC-NY,empire,breeze,23,15,2026-07-25 14:00:00
smott,-9.85,57.39,cboxley,-17.54,70.77,0,0,0,"jwodatch1,amerriman,tshapinsk,aroy,cboxley,jnissen,smott",False,2026-07-25-DC-NY,14,9,3,4,489.0,1,6,True,True,316,away,244,1785007043.0,18,False,"aagami,adavis2,mbrownlee,sjonas,jrandolph,dschnaudi,bjagt",245,459,ad6919f8443b39afc4a5305226f629580dba57924420fde0ce9e13a64346ac77,1785007043.0,False,316,458.230769230769,15.4324495787286,-7.69,13.38,29.887636922204,0182459bdb86132254515eb9c36beaa49723d9bafb637bb4f4608ffef37a0acc,0.970789790283775,0.0292102097162251,0.627150123126339,0.764647269092383,0.812151865162019,0.71769289190432,1178.23076923077,5.0,0.979,0.0475045960696355,0.127409445506488,459.0,7490a2d2936d7cd91ec7cee7a397c2f0eed4739c,2026-08-18 08:07:04,2026-07-25 19:19:02,2026-07-25-DC-NY,empire,breeze,23,15,2026-07-25 14:00:00
cboxley,-17.54,70.77,smott,-13.77,64.53,0,0,0,"jwodatch1,amerriman,tshapinsk,aroy,cboxley,jnissen,smott",False,2026-07-25-DC-NY,14,9,3,4,489.0,1,7,True,True,317,away,245,1785007046.0,18,False,"aagami,adavis2,mbrownlee,sjonas,jrandolph,dschnaudi,bjagt",246,460,12f0d396c78cbae03a83ea87a153cf9a05d5bdc1909bec659ae052437bf8efe2,1785007046.0,False,317,452.076923076923,7.29043894426117,3.77,-6.23999999999999,-148.861027563021,667b13b62793fb2e44d052997fd28bfb1c2dfa2e21a71b24c7d27c180099e67d,0.985217532041871,0.014782467958129,0.627150123126339,0.812127878965561,0.791247100755669,0.752070721730129,1172.07692307692,5.0,0.979,-0.0208807782098926,-0.0560031785043824,460.0,cbfdb9a951c6f808f3d6ab8c4b2fedfe9423b153,2026-08-18 08:07:04,2026-07-25 19:19:02,2026-07-25-DC-NY,empire,breeze,23,15,2026-07-25 14:00:00
smott,-13.77,64.53,aroy,-3.33,58.0,0,0,0,"jwodatch1,amerriman,tshapinsk,aroy,cboxley,jnissen,smott",False,2026-07-25-DC-NY,14,9,3,4,489.0,1,8,True,True,318,away,246,1785007055.0,18,False,"aagami,adavis2,mbrownlee,sjonas,jrandolph,dschnaudi,bjagt",247,461,d026e8364b05caec01eeef292a9be13b07d9f5cf863bf367ab6eff0c1a922e4d,1785007055.0,False,318,445.923076923077,12.3139961019971,10.44,-6.53,-122.025111460558,eac841ba68648d637a2c722261b9f227f87f05fbfb906e9be5f2aee2be300839,0.981321747393215,0.0186782526067855,0.627150123126339,0.791195156927018,0.768679673036399,0.785336486117547,1165.92307692308,5.0,0.979,-0.0225154838906187,-0.0603875320528751,461.0,208974604bd06ca7086ed0acd9fe258a11bb2162,2026-08-18 08:07:04,2026-07-25 19:19:02,2026-07-25-DC-NY,empire,breeze,23,15,2026-07-25 14:00:00
aroy,-3.33,58.0,tshapinsk,-16.38,78.87,0,0,0,"jwodatch1,amerriman,tshapinsk,aroy,cboxley,jnissen,smott",False,2026-07-25-DC-NY,14,9,3,4,489.0,1,9,True,True,319,away,247,1785007063.0,18,False,"aagami,adavis2,mbrownlee,sjonas,jrandolph,dschnaudi,bjagt",248,462,7e9a5c4229b07911eee4723c3c5c269d2476155c32b7dee90f88c7fe3c0988d1,1785007063.0,False,319,439.769230769231,24.6142113422307,-13.05,20.87,32.0177202690687,5c8a8867e40cdff28806e19e68a962ff4729fb7dff6352f9afa612a7bb9d486e,0.931905315424419,0.0680946845755808,0.627150123126339,0.768598970519166,0.849810964349328,0.690930909178572,1159.76923076923,5.0,0.978,0.081211993830162,0.217814189751443,462.0,4ebd656eca3479e243b3754df855a249839fc098,2026-08-18 08:07:04,2026-07-25 19:19:02,2026-07-25-DC-NY,empire,breeze,23,15,2026-07-25 14:00:00
tshapinsk,-16.38,78.87,cboxley,-4.57,88.69,0,0,0,"jwodatch1,amerriman,tshapinsk,aroy,cboxley,jnissen,smott",False,2026-07-25-DC-NY,14,9,3,4,489.0,1,10,True,True,320,away,248,1785007066.0,18,False,"aagami,adavis2,mbrownlee,sjonas,jrandolph,dschnaudi,bjagt",249,463,13a2d5130866c2e65ec77ac8bb9dbb396df202e4d559e37f3d14cd1ff68a2910,1785007066.0,False,320,433.615384615385,15.3593131356842,11.81,9.81999999999999,-50.2565200082758,dadffb43c1e9321de58a3ecbf283aac82b86736b005a1f848a93c11bfaff379b,0.953773788983115,0.0462262110168845,0.627150123126339,0.849737522340924,0.895237089942862,0.672781415850642,1153.61538461538,5.0,0.976,0.045499567601938,0.122031869725829,463.0,a0ba2dad1d1741f75192b753d42fc1e2e67a3dc7,2026-08-18 08:07:04,2026-07-25 19:19:02,2026-07-25-DC-NY,empire,breeze,23,15,2026-07-25 14:00:00
cboxley,-4.57,88.69,amerriman,9.64,88.62,0,0,0,"jwodatch1,amerriman,tshapinsk,aroy,cboxley,jnissen,smott",False,2026-07-25-DC-NY,14,9,3,4,489.0,1,11,True,True,321,away,249,1785007071.0,18,False,"aagami,adavis2,mbrownlee,sjonas,jrandolph,dschnaudi,bjagt",250,464,aa0d87fa8ae3f06373e0269e61c44a04f8e6b43326915b0a27c3dfb407ee1bc0,1785007071.0,False,321,427.461538461538,14.2101724127471,14.21,-0.0699999999999932,-90.2822429362708,9d8913a1a987b7b777f824c572889debe9454c689d3a75edc193e98d9725cd16,0.964732691774911,0.0352673082250887,0.627150123126339,0.895173398120225,0.894074487330268,0.671135404818457,1147.46153846154,5.0,0.976,-0.00109891078995761,-0.00294732775338952,464.0,4dbc4736e3555800a0a19d4a10125bfb3d9a3b98,2026-08-18 08:07:04,2026-07-25 19:19:02,2026-07-25-DC-NY,empire,breeze,23,15,2026-07-25 14:00:00
amerriman,9.64,88.62,jnissen,-5.12,82.72,0,0,0,"jwodatch1,amerriman,tshapinsk,aroy,cboxley,jnissen,smott",False,2026-07-25-DC-NY,14,9,3,4,489.0,1,12,True,True,322,away,250,1785007073.0,18,False,"aagami,adavis2,mbrownlee,sjonas,jrandolph,dschnaudi,bjagt",251,465,b378ac23c7e3068c868747744264658beeb120ea6c8730470dc0c2900285e624,1785007073.0,False,322,421.307692307692,15.8955213818232,-14.76,-5.90000000000001,111.788022622223,f8683d14eb70caf8d4f6bbd2b7417928174f25e2e6ab677370ed824d04aac8d3,0.963899853767081,0.0361001462329194,0.627150123126339,0.894002046654695,0.871968999500651,0.690944577726257,1141.30769230769,5.0,0.977,-0.0220330471540443,-0.0590936152072543,465.0,094ac597da5803e7fe1f80a4717f9f33ec173857,2026-08-18 08:07:04,2026-07-25 19:19:02,2026-07-25-DC-NY,empire,breeze,23,15,2026-07-25 14:00:00
jnissen,-5.12,82.72,amerriman,-16.51,89.51,0,0,0,"jwodatch1,amerriman,tshapinsk,aroy,cboxley,jnissen,smott",False,2026-07-25-DC-NY,14,9,3,4,489.0,1,13,True,True,323,away,251,1785007076.0,18,False,"aagami,adavis2,mbrownlee,sjonas,jrandolph,dschnaudi,bjagt",252,466,e6a25e1438a96bd077645f944cf2328cf636eee65b92e4f634711f913f05aa40,1785007076.0,False,323,415.153846153846,13.2603242795944,-11.39,6.79000000000001,59.1992677498309,995d9badd633e8fefcb00d3b62126b1843459a93e783d95d4644a2dedc8a70d8,0.971147362937697,0.0288526370623027,0.627150123126339,0.871876024868619,0.892848718836681,0.655214664446096,1135.15384615385,5.0,0.976,0.0209726939680627,0.0562497006675134,466.0,53b35e8d05c4b2509592801dbec6ed0bcbc74ff4,2026-08-18 08:07:04,2026-07-25 19:19:02,2026-07-25-DC-NY,empire,breeze,23,15,2026-07-25 14:00:00
amerriman,-16.52,99.51,cboxley,-21.46,109.22,0,0,0,"cboxley,amerriman,smott,jnissen,tshapinsk,jwodatch1,mgrovic",False,2026-07-25-DC-NY,14,10,3,4,409.0,1,14,True,True,324,away,254,1785007134.0,19,False,"aagami,adavis2,mbrownlee,sjonas,jrandolph,dschnaudi,nwhitlock",255,470,c94d37738ee094b4408a01aa9720754d0d442c7e5368254902c81cd9868a9188,1785007134.0,False,324,409.0,10.8943884637918,-4.94,9.70999999999999,26.9648920801724,ae235d73cb19154c706eec87e89ec32ce6f3873f8a5ba898ce623de0d77bc50b,0.962954878845459,0.0370451211545413,0.627150123126339,0.927740563122442,1.0,0.602990414290706,1129.0,5.0,0.975,0.0722594368775576,0.193803032693618,470.0,a604f1fcdad1b02768fd7873d357f2a898d9c137,2026-08-18 08:07:04,2026-07-25 19:19:02,2026-07-25-DC-NY,empire,breeze,23,15,2026-07-25 14:00:00
aatkins,20.52,13.84,srueschem,2.86,14.31,0,0,0,"adavis4,aatkins,jcowan,ddemarre,mlabar,srueschem,jwilliams",True,2026-07-25-DC-NY,14,10,3,5,405.0,1,1,True,True,325,home,217,1785007194.0,18,False,"mlee2,ilee,amerriman,khealey,mgrovic,wvandenbr,mwagner",218,475,f62add0ed9a35a442d5c2f3f0409785f3095cbdc5a7b78f97f66d2624d0cb0cf,1785007194.0,False,325,405.0,17.6662531398143,-17.66,0.470000000000001,88.4755004997853,e8b77a408bc56e10601cae8dd644743855cf3fe42666f2dcb33ee1ef084b62b6,0.97993962517732,0.0200603748226799,0.593380139786738,0.593380139786738,0.628126143104151,0.932869049470367,1125.0,4.0,0.97,0.0347460033174127,0.0854508269694189,475.0,744bcd2df79525e5dd6e228c362c52cea2149596,2026-08-18 08:07:04,2026-07-25 19:24:04,2026-07-25-DC-NY,empire,breeze,23,15,2026-07-25 14:00:00
srueschem,2.86,14.31,aatkins,9.34,17.11,0,0,0,"adavis4,aatkins,jcowan,ddemarre,mlabar,srueschem,jwilliams",True,2026-07-25-DC-NY,14,10,3,5,405.0,1,2,True,True,326,home,218,1785007199.0,18,False,"mlee2,ilee,amerriman,khealey,mgrovic,wvandenbr,mwagner",219,476,3a34fb15dedcc04ecd91f3f9623694e7708fef676660e993d20fb82a2eb842e6,1785007199.0,False,326,399.0,7.05906509390585,6.48,2.8,-66.6308868365179,6f167273346d153e24f817dc70a9c2c41fc80fb5c43b4a1542861ebf3f66091b,0.992414749409725,0.00758525059027482,0.593380139786738,0.627915249158819,0.632237306741187,0.932322100435451,1119.0,4.0,0.971,0.00432205758236803,0.0106292338502631,476.0,300eba124d554fef9f271fe7c782cc6f881d38b2,2026-08-18 08:07:04,2026-07-25 19:24:04,2026-07-25-DC-NY,empire,breeze,23,15,2026-07-25 14:00:00
aatkins,9.34,17.11,jwilliams,0.47,25.22,0,0,0,"adavis4,aatkins,jcowan,ddemarre,mlabar,srueschem,jwilliams",True,2026-07-25-DC-NY,14,10,3,5,405.0,1,3,True,True,327,home,219,1785007205.0,18,False,"mlee2,ilee,amerriman,khealey,mgrovic,wvandenbr,mwagner",220,477,7288ab3598bccb62ec07dfad9751616596c4c554fcd00f40c9535f2f77316fb4,1785007205.0,False,327,393.0,12.0186937726194,-8.87,8.11,47.5627649694434,33682cd6206bd9e2a5c4634c4ae2fe95b1bb57ca784f8778dd1cf15376074453,0.985500282966252,0.014499717033748,0.593380139786738,0.632026692920265,0.654696407632279,0.916393276822119,1113.0,4.0,0.971,0.0226697147120133,0.055751617001992,477.0,7abe48fb850d90b1c741bcd2398028e4a497da37,2026-08-18 08:07:04,2026-07-25 19:24:04,2026-07-25-DC-NY,empire,breeze,23,15,2026-07-25 14:00:00
jwilliams,0.47,25.22,srueschem,-9.96,19.43,0,0,0,"adavis4,aatkins,jcowan,ddemarre,mlabar,srueschem,jwilliams",True,2026-07-25-DC-NY,14,10,3,5,405.0,1,4,True,True,328,home,220,1785007209.0,18,False,"mlee2,ilee,amerriman,khealey,mgrovic,wvandenbr,mwagner",221,478,6832f9a66685a4f3050df0dfc6c4e589f8dd30eff908ef2c377db403ea215dde,1785007209.0,False,328,387.0,11.9293335941284,-10.43,-5.79,119.035944018475,2a290b94575b93ecee8c3baa28808dbb2853b8dac4c2c105c3232bee43d12b75,0.989986013949061,0.0100139860509388,0.593380139786738,0.654494705913675,0.637246546106582,0.931998733357102,1107.0,4.0,0.971,-0.0172481598070928,-0.0424183899872638,478.0,7613a2bfc941983ad37c4af620d90e825eb53375,2026-08-18 08:07:04,2026-07-25 19:24:04,2026-07-25-DC-NY,empire,breeze,23,15,2026-07-25 14:00:00
srueschem,-9.96,19.43,mlabar,-16.71,34.29,0,0,0,"adavis4,aatkins,jcowan,ddemarre,mlabar,srueschem,jwilliams",True,2026-07-25-DC-NY,14,10,3,5,405.0,1,5,True,True,329,home,221,1785007216.0,18,False,"mlee2,ilee,amerriman,khealey,mgrovic,wvandenbr,mwagner",222,479,c8515cbc1fac051165031114014b8deb5625b4ce19f961b7a69a7f248820c227,1785007216.0,False,329,381.0,16.3212162536987,-6.75,14.86,24.4294281899076,44b61eb2dc9d4f1b44f21c1f6b79738b734dcab60ac5625691029828dab646a9,0.9766072608986,0.0233927391013999,0.593380139786738,0.637047280319602,0.66744783125989,0.875964488029221,1101.0,4.0,0.971,0.0304005509402887,0.074764058313198,479.0,5a858435b23c9279df49cc511fd24f2b0e08d926,2026-08-18 08:07:04,2026-07-25 19:24:04,2026-07-25-DC-NY,empire,breeze,23,15,2026-07-25 14:00:00
mlabar,-16.71,44.29,srueschem,-22.17,57.88,0,0,0,"adavis4,aatkins,jcowan,ddemarre,mlabar,srueschem,jwilliams",True,2026-07-25-DC-NY,14,10,3,5,405.0,1,6,True,True,330,home,223,1785007233.0,18,False,"mlee2,ilee,amerriman,khealey,mgrovic,wvandenbr,mwagner",224,481,fe174d4fb10fcfd7288984af92bcd1d6ecdaf871af009de14eda59153b0765b1,1785007233.0,False,330,375.0,14.6458082740421,-5.46,13.59,21.8885844354597,ef9255ae89f4478fcf57cb21040e33a5834a043e55fef152e4dc33098afe55b7,0.970525155032577,0.0294748449674227,0.593380139786738,0.701633178015141,0.733475585241982,0.75171189648386,1095.0,4.0,0.973,0.0318424072268417,0.0783100146907266,481.0,8fcf15b2b77147cf03e3d63805940f40ae4950b8,2026-08-18 08:07:04,2026-07-25 19:24:04,2026-07-25-DC-NY,empire,breeze,23,15,2026-07-25 14:00:00
srueschem,-22.17,57.88,mlabar,-8.73,51.27,0,0,0,"adavis4,aatkins,jcowan,ddemarre,mlabar,srueschem,jwilliams",True,2026-07-25-DC-NY,14,10,3,5,405.0,1,7,True,True,331,home,224,1785007236.0,18,False,"mlee2,ilee,amerriman,khealey,mgrovic,wvandenbr,mwagner",225,482,9f6bf498d8885be20f671daf09d7e94ff2f7563b6bcb227509eec66d29e3d9d4,1785007236.0,False,331,369.0,14.977506468034,13.44,-6.61,-116.188673447,d012945fd424e02c6ec0044af337b056069503f6d6ed1ddd06959cfc02c7a3e5,0.973469961082791,0.026530038917209,0.593380139786738,0.733328578452507,0.738688335142768,0.81131221835011,1089.0,4.0,0.973,0.00535975669026112,0.0131812466991899,482.0,b4ea933608abf45cc8d9b2ad58543d5f05136c60,2026-08-18 08:07:04,2026-07-25 19:24:04,2026-07-25-DC-NY,empire,breeze,23,15,2026-07-25 14:00:00
mlabar,-8.73,51.27,aatkins,11.11,56.72,0,0,0,"adavis4,aatkins,jcowan,ddemarre,mlabar,srueschem,jwilliams",True,2026-07-25-DC-NY,14,10,3,5,405.0,1,8,True,True,332,home,225,1785007240.0,18,False,"mlee2,ilee,amerriman,khealey,mgrovic,wvandenbr,mwagner",226,483,f3b5e5de0391689d967e043074b0c47d0782a108697763b33fd2f0f2a8b89bd5,1785007240.0,False,332,363.0,20.5749386390337,19.84,5.45,-74.6398590982194,70441a2fba5c4579b32f1d6ef7ca2d0593fa68258cb9d88c5b7affbb612f02d6,0.959682232414406,0.0403177675855939,0.593380139786738,0.738558600850372,0.75861844060761,0.786663343779052,1083.0,4.0,0.973,0.0200598397572378,0.0493331529520396,483.0,2c38382f8a52c37192d2dddb555e2e74948c20d7,2026-08-18 08:07:04,2026-07-25 19:24:04,2026-07-25-DC-NY,empire,breeze,23,15,2026-07-25 14:00:00
aatkins,11.11,56.72,jcowan,12.89,97.84,0,0,0,"adavis4,aatkins,jcowan,ddemarre,mlabar,srueschem,jwilliams",True,2026-07-25-DC-NY,14,10,3,5,405.0,1,9,True,True,333,home,226,1785007244.0,18,False,"mlee2,ilee,amerriman,khealey,mgrovic,wvandenbr,mwagner",227,484,c7e2802fb042a8ff15aca7f6dc6738233f592756592a87c3b602d4b576c9b4d9,1785007244.0,False,333,357.0,41.1585082334139,1.78,41.12,-2.47866869527701,8edfdf7a9082402cfe3437184d9550935efd7e4508523992e254f21c3f93a54e,0.748793401411899,0.251206598588101,0.593380139786738,0.758512836113622,0.923987855812347,0.640097962489218,1077.0,4.0,0.977,0.165475019698725,0.406952625511056,484.0,a436644ceaf9b725240c937ff24c855b8c743f5c,2026-08-18 08:07:04,2026-07-25 19:24:04,2026-07-25-DC-NY,empire,breeze,23,15,2026-07-25 14:00:00
jcowan,12.89,97.84,ddemarre,7.36,109.29,0,0,0,"adavis4,aatkins,jcowan,ddemarre,mlabar,srueschem,jwilliams",True,2026-07-25-DC-NY,15,10,3,5,405.0,1,10,True,True,334,home,227,1785007251.0,19,False,"mlee2,ilee,amerriman,khealey,mgrovic,wvandenbr,mwagner",228,486,7c6e7868e50565ae6c323191204641d11f59078d08c97b918a8881b59e7c90fe,1785007251.0,False,334,351.0,12.7154787562246,-5.53,11.45,25.7791224921602,f63c759d9e68e4e3867edae121e5f879b098a7bebeb925d91de9b304814a405f,0.949979385382195,0.0500206146178048,0.593380139786738,0.923953947282075,1.0,0.639016047424031,1071.0,4.0,0.978,0.0760460527179246,0.187020015889141,486.0,523dff3597d59b0ad5754518dcb967a9b86b9f06,2026-08-18 08:07:04,2026-07-25 19:24:04,2026-07-25-DC-NY,empire,breeze,23,15,2026-07-25 14:00:00
gnorrbom,1.53,2.91,jnissen,10.92,12.45,0,0,0,"jwodatch1,jnissen,gnorrbom,cboxley,smott,mgrovic,tshapinsk",False,2026-07-25-DC-NY,15,10,3,6,345.0,1,1,True,True,335,away,259,1785007306.0,18,False,"lbarry,ochartock,relston,ofay,cpanarell,jrandolph,sjonas",260,490,bd09d079d02437d048a4c5c4358ec2e97b6ac183d7c06f2cc573cb304663db84,1785007306.0,False,335,345.0,13.3859515911272,9.39,9.54,-44.54600174023,eb5155e9be0eed857b9d5b7712a817116ec05b18d863e631ffe0d83538dcd61c,0.986941382069408,0.0130586179305918,0.602867037990082,0.602867037990082,0.618657372008762,0.931584692383714,1065.0,5.0,0.982,0.0157903340186806,0.039760824532833,490.0,f4200326961144b8a6624daaf1e7109dd731c703,2026-08-18 08:07:04,2026-07-25 19:24:04,2026-07-25-DC-NY,empire,breeze,23,15,2026-07-25 14:00:00
jnissen,10.92,12.45,cboxley,-10.5,50.31,0,0,0,"jwodatch1,jnissen,gnorrbom,cboxley,smott,mgrovic,tshapinsk",False,2026-07-25-DC-NY,15,10,3,6,345.0,1,2,True,True,336,away,260,1785007310.0,18,False,"lbarry,ochartock,relston,ofay,cpanarell,jrandolph,sjonas",261,491,9717a5d37ae8c634c8eeac74443d9b00ced0eb743d85be14693dc69f36d554c0,1785007310.0,False,336,340.666666666667,43.4993793059165,-21.42,37.86,29.4998195769876,2be4c423310213b766a2cac4c4745164664e3b999f5b008bc4f12104e25eb4bd,0.790473479410983,0.209526520589017,0.602867037990082,0.618598071436895,0.73348716072707,0.814163991923779,1060.66666666667,5.0,0.98,0.114889089290175,0.289296281801221,491.0,972feb8178c0aac75073428a62d02332361b9a88,2026-08-18 08:07:04,2026-07-25 19:24:04,2026-07-25-DC-NY,empire,breeze,23,15,2026-07-25 14:00:00
cboxley,-10.5,50.31,jwodatch1,-18.15,60.36,0,0,0,"jwodatch1,jnissen,gnorrbom,cboxley,smott,mgrovic,tshapinsk",False,2026-07-25-DC-NY,15,10,3,6,345.0,1,3,True,True,337,away,261,1785007314.0,18,False,"lbarry,ochartock,relston,ofay,cpanarell,jrandolph,sjonas",262,492,eff0645fa28ac837a4f416ce1bde27eb26dde85ddd91851e4e643a132bf1d84d,1785007314.0,False,337,336.333333333333,12.6303206610125,-7.65,10.05,37.278174199869,39f35b609415376924fe0fc467860346b5683b9129a84f0f2fc6dcf13ac1c6c5,0.98050703267365,0.0194929673263495,0.602867037990082,0.733443348146331,0.762087714211968,0.756624250990568,1056.33333333333,5.0,0.98,0.0286443660656364,0.07212789872859,492.0,f6262442da8062ddca5a6d453fc7a6cbe368cb19,2026-08-18 08:07:04,2026-07-25 19:24:04,2026-07-25-DC-NY,empire,breeze,23,15,2026-07-25 14:00:00
jwodatch1,-18.15,60.36,cboxley,-7.36,53.22,0,0,0,"jwodatch1,jnissen,gnorrbom,cboxley,smott,mgrovic,tshapinsk",False,2026-07-25-DC-NY,15,10,3,6,345.0,1,4,True,True,338,away,262,1785007316.0,18,False,"lbarry,ochartock,relston,ofay,cpanarell,jrandolph,sjonas",263,493,21fa225934eddb9bcc6f7cf7986cdd6a3d41a69e69874a93d0148aaba22b80bb,1785007316.0,False,338,332.0,12.9384581770781,10.79,-7.14,-123.493555440755,7df1a5e8137bc3b4718cf61e68df176a463d0f4856fffb37429fa38c368d8c93,0.979429307263916,0.0205706927360838,0.602867037990082,0.762050960982514,0.746321293300251,0.802932024968385,1052.0,5.0,0.98,-0.0157296676822638,-0.0396080637644753,493.0,f9f820769325b58a65b062155b23ea6f52b96b28,2026-08-18 08:07:04,2026-07-25 19:24:04,2026-07-25-DC-NY,empire,breeze,23,15,2026-07-25 14:00:00
cboxley,-7.36,53.22,gnorrbom,-12.61,65.16,0,0,0,"jwodatch1,jnissen,gnorrbom,cboxley,smott,mgrovic,tshapinsk",False,2026-07-25-DC-NY,15,10,3,6,345.0,1,5,True,True,339,away,263,1785007319.0,18,False,"lbarry,ochartock,relston,ofay,cpanarell,jrandolph,sjonas",264,494,75452e0c16e8bf7d4170ad644b6fbf9fac8d4a58d19dcb6993ad6234cf626dd3,1785007319.0,False,339,327.666666666667,13.0432396282519,-5.25,11.94,23.7350197699293,a858422620e4ddca3fa3f93d73c218fc2b671b146fc4d37a6a9589b93679481a,0.972919983509212,0.0270800164907877,0.602867037990082,0.746285866927641,0.793099666665982,0.748766125793034,1047.66666666667,5.0,0.979,0.0468137997383414,0.117879411221404,494.0,0f5d7297c0218343819a54af5e098fb4ff0e3b4e,2026-08-18 08:07:04,2026-07-25 19:24:04,2026-07-25-DC-NY,empire,breeze,23,15,2026-07-25 14:00:00
gnorrbom,-12.61,65.16,jnissen,0.0,60.0,0,0,0,"jwodatch1,jnissen,gnorrbom,cboxley,smott,mgrovic,tshapinsk",False,2026-07-25-DC-NY,15,10,3,6,345.0,1,6,True,True,340,away,264,1785007322.0,18,False,"lbarry,ochartock,relston,ofay,cpanarell,jrandolph,sjonas",265,495,02ecc0fa549badb4cd2b4c6c9c30140e27caf99f470f84b99bbdbf17f1d608d4,1785007322.0,False,340,323.333333333333,13.6248926601276,12.61,-5.16,-112.254331115313,2ce7b9f767531a3e9f626cc1e3bd8794492e51cad01d218434ce54a934b8be80,0.978882288582194,0.0211177114178059,0.602867037990082,0.793070563931526,0.774848303933329,0.774848303933329,1043.33333333333,5.0,0.979,-0.0182222599981962,-0.0458845317345909,495.0,0e8f076a7a18cec4db8264360b95a13304479dc7,2026-08-18 08:07:04,2026-07-25 19:24:04,2026-07-25-DC-NY,empire,breeze,23,15,2026-07-25 14:00:00
jnissen,0.0,60.0,jwodatch1,-5.91,71.21,0,0,0,"jwodatch1,jnissen,gnorrbom,cboxley,smott,mgrovic,tshapinsk",False,2026-07-25-DC-NY,15,10,3,6,345.0,1,7,True,True,341,away,265,1785007325.0,18,False,"lbarry,ochartock,relston,ofay,cpanarell,jrandolph,sjonas",266,496,8d795e9239c77f4ddd1df25ca5aa1cf3a7a565dc50480a255e8fb530a873c418,1785007325.0,False,341,319.0,12.6724977806271,-5.91,11.21,27.7985501432631,fc7e50870413b13a3adf051fadb232f70e8372dd4bc4762868c735999fad7f9f,0.973970201802969,0.0260297981970311,0.602867037990082,0.774818050038547,0.822251105125263,0.729274685658024,1039.0,5.0,0.978,0.0474330550867151,0.119438726130042,496.0,a58049a13747943246644c9f3a604e0a47ae5f4e,2026-08-18 08:07:04,2026-07-25 19:24:04,2026-07-25-DC-NY,empire,breeze,23,15,2026-07-25 14:00:00
jwodatch1,-5.91,71.21,mgrovic,-12.97,84.68,0,0,0,"jwodatch1,jnissen,gnorrbom,cboxley,smott,mgrovic,tshapinsk",False,2026-07-25-DC-NY,15,10,3,6,345.0,1,8,True,True,342,away,266,1785007329.0,18,False,"lbarry,ochartock,relston,ofay,cpanarell,jrandolph,sjonas",267,497,074b3dbbbb661e934bdb05fd5896f3fb5ea489f7b5519b32008ccede32a59c28,1785007329.0,False,342,314.666666666667,15.2080406364528,-7.06,13.47,27.6602782512905,3e52fad39b35ecd1b14bd76606dfe11364a67ee5865ec51fa066ae29837c30a3,0.961113648911711,0.0388863510882886,0.602867037990082,0.822225483671196,0.876172064720639,0.676472846035702,1034.66666666667,5.0,0.977,0.0539465810494425,0.135840099437768,497.0,2a8e6ac01ba30260abdf9dbe36b208310dafde2c,2026-08-18 08:07:04,2026-07-25 19:24:04,2026-07-25-DC-NY,empire,breeze,23,15,2026-07-25 14:00:00
mgrovic,-12.97,84.68,tshapinsk,-19.53,109.73,0,0,0,"jwodatch1,jnissen,gnorrbom,cboxley,smott,mgrovic,tshapinsk",False,2026-07-25-DC-NY,15,11,3,6,345.0,1,9,True,True,343,away,267,1785007335.0,19,False,"lbarry,ochartock,relston,ofay,cpanarell,jrandolph,sjonas",268,498,0e5498a4d996a74f6642402841ba30a0fb6ac5362a4cbf33d6fbf7e8da7588b5,1785007335.0,False,343,310.333333333333,25.8947118153495,-6.56,25.05,14.6748642443248,ada1905bd449eb83c48847ceb2e8fdd9b43fa06b28510d9a48e9c5cced6760df,0.905809846193307,0.094190153806693,0.602867037990082,0.876152208208776,1.0,0.61143348756315,1030.33333333333,5.0,0.975,0.123847791791224,0.311854727858452,498.0,655104cf58d86dc56ab35f4e0500698e9b6ec4a6,2026-08-18 08:07:04,2026-07-25 19:24:04,2026-07-25-DC-NY,empire,breeze,23,15,2026-07-25 14:00:00
srueschem,-3.14,30.68,jwilliams,6.54,29.04,0,0,0,"adavis4,aatkins,jcowan,ddemarre,bjagt,srueschem,jwilliams",True,2026-07-25-DC-NY,15,11,3,7,306.0,1,1,True,True,344,home,232,1785007391.0,18,False,"adowney,khealey,tgesell,ilee,jlightner,cjurek,mwagner",233,503,27c9e26fe6b0f16e30b25b9c52eea7cd967968c3da9660d28150e4ca4c69fe23,1785007391.0,False,344,306.0,9.81794275803236,9.68,-1.64,-99.6158269432566,44e6238a4d0def016f97ef6558ce2ff446a12c2088df0e4c8d02e5b74a0c80ea,0.989719532112986,0.0102804678870143,0.662814989970525,0.668258974873191,0.662865200764954,0.90222801662762,1026.0,4.0,0.971,-0.00539377410823716,-0.0159964824882508,503.0,44f13d2713cbbd047f1e006678a8a47975f652c6,2026-08-18 08:07:04,2026-07-25 19:24:04,2026-07-25-DC-NY,empire,breeze,23,15,2026-07-25 14:00:00
jwilliams,6.54,29.04,ddemarre,14.32,56.25,0,0,0,"adavis4,aatkins,jcowan,ddemarre,bjagt,srueschem,jwilliams",True,2026-07-25-DC-NY,15,11,3,7,306.0,1,2,True,True,345,home,233,1785007398.0,18,False,"adowney,khealey,tgesell,ilee,jlightner,cjurek,mwagner",234,504,e97de20cb10433ec756ed4892186fdd50070b6f5bd60a34e8e55e56a2f069ef5,1785007398.0,False,345,301.5,28.3003975237098,7.78,27.21,-15.9565196748962,73244f442dea256a60a576370d72bc4e95d5848d38145329705b158adb2c0f7c,0.909609461530545,0.0903905384694548,0.662814989970525,0.662814989970525,0.75164415880496,0.784728880569015,1021.5,4.0,0.973,0.0888291688344348,0.263443409974452,504.0,76ea1484ee122359f496e65fc4ccae670c042492,2026-08-18 08:07:04,2026-07-25 19:24:04,2026-07-25-DC-NY,empire,breeze,23,15,2026-07-25 14:00:00
ddemarre,14.32,56.25,adavis4,20.59,69.47,0,0,0,"adavis4,aatkins,jcowan,ddemarre,bjagt,srueschem,jwilliams",True,2026-07-25-DC-NY,15,11,3,7,306.0,1,3,True,True,346,home,234,1785007402.0,18,False,"adowney,khealey,tgesell,ilee,jlightner,cjurek,mwagner",235,505,846a891e9190276cb1b6b3c7082a94478a2d117e09525400e2690e3b7fc5be0a,1785007402.0,False,346,297.0,14.6315173512524,6.27,13.22,-25.3741151059718,4a2aea901fd43fde63e90f362adb5e7300f732fbb5a0043024cce6955e4f1b24,0.972968372815878,0.0270316271841217,0.662814989970525,0.75159709933935,0.792350693547827,0.709992515483257,1017.0,4.0,0.974,0.0407535942084767,0.120864193235975,505.0,89dc9c5a340228480e4b214be9303330809ac402,2026-08-18 08:07:04,2026-07-25 19:24:04,2026-07-25-DC-NY,empire,breeze,23,15,2026-07-25 14:00:00
adavis4,20.59,69.47,ddemarre,12.68,57.4,0,0,0,"adavis4,aatkins,jcowan,ddemarre,bjagt,srueschem,jwilliams",True,2026-07-25-DC-NY,15,11,3,7,306.0,1,4,True,True,347,home,235,1785007405.0,18,False,"adowney,khealey,tgesell,ilee,jlightner,cjurek,mwagner",236,506,ef4d313558faba3d5106096371c77bd7789fe67773d6d1541789e21c61e647e7,1785007405.0,False,347,292.5,14.4309736331268,-7.91,-12.07,146.761417836013,c5cf714586cd1a652ba5c91b53081ba9836ab8ebfa7501341dd41f4d7ee6712f,0.976890695572491,0.0231093044275095,0.662814989970525,0.792303633226298,0.758943694869207,0.781694419706357,1012.5,4.0,0.973,-0.0333599383570905,-0.0989365996850642,506.0,ffb920a83ede0e2b287ad4300d384e058746ad85,2026-08-18 08:07:04,2026-07-25 19:24:04,2026-07-25-DC-NY,empire,breeze,23,15,2026-07-25 14:00:00
ddemarre,12.68,57.4,srueschem,-3.62,60.54,0,0,0,"adavis4,aatkins,jcowan,ddemarre,bjagt,srueschem,jwilliams",True,2026-07-25-DC-NY,15,11,3,7,306.0,1,5,True,True,348,home,236,1785007407.0,18,False,"adowney,khealey,tgesell,ilee,jlightner,cjurek,mwagner",237,507,82d010158fc51dd6f303077c84685ae1f372aebabe12b141c2186aacf1c52262,1785007407.0,False,348,288.0,16.5996867440323,-16.3,3.14,79.0962217306416,31851332b8cd0daf7404910f8f3787174adc1c6c48a0012ef070b6f08c02fdf8,0.969293630640446,0.0307063693595537,0.662814989970525,0.758883965902519,0.776589199951689,0.772095210527882,1008.0,4.0,0.974,0.0177052340491695,0.0525089595401105,507.0,75ee162323cfcbb34214cc7464896348accfe2f4,2026-08-18 08:07:04,2026-07-25 19:24:04,2026-07-25-DC-NY,empire,breeze,23,15,2026-07-25 14:00:00
srueschem,-3.62,60.54,jcowan,-8.67,68.11,0,0,0,"adavis4,aatkins,jcowan,ddemarre,bjagt,srueschem,jwilliams",True,2026-07-25-DC-NY,15,11,3,7,306.0,1,6,True,True,349,home,237,1785007413.0,18,False,"adowney,khealey,tgesell,ilee,jlightner,cjurek,mwagner",238,508,efc7ee7df25dcbe73509d95e8b18743f2ba61746212037328f38d1e7c45ffd56,1785007413.0,False,349,283.5,9.0998571417358,-5.05,7.57,33.7075304268451,60c04d7e6d9d5a50436686f28575ce38ed00945573830bd483ac221d8d917c55,0.981472650649011,0.0185273493509893,0.662814989970525,0.776524404500113,0.807955326696768,0.739958875200423,1003.5,4.0,0.974,0.0314309221966556,0.0932156568701202,508.0,4dc43c961e00aa3bba9d6d61d41de47de9b88b25,2026-08-18 08:07:04,2026-07-25 19:24:04,2026-07-25-DC-NY,empire,breeze,23,15,2026-07-25 14:00:00
jcowan,-8.67,68.11,bjagt,-24.97,83.45,0,0,0,"adavis4,aatkins,jcowan,ddemarre,bjagt,srueschem,jwilliams",True,2026-07-25-DC-NY,15,11,3,7,306.0,1,7,True,True,350,home,238,1785007417.0,18,False,"adowney,khealey,tgesell,ilee,jlightner,cjurek,mwagner",239,509,773ffaa9658b49e90563f5408f8e083651ac242b441c05f31c9076eab8894eeb,1785007417.0,False,350,279.0,22.3831543800243,-16.3,15.34,46.73789756093,a532107fbf5bbc924f0ca4cd13ea8a5b62506b7629306bc8602e63d9127b0d5d,0.879395696891852,0.120604303108148,0.662814989970525,0.807889075271797,0.837777137895247,0.625413372667302,999.0,4.0,0.975,0.0298880626234496,0.0886399505744247,509.0,20c69cda860889cc5f7e3a00d771e13cc5686f81,2026-08-18 08:07:04,2026-07-25 19:24:04,2026-07-25-DC-NY,empire,breeze,23,15,2026-07-25 14:00:00
bjagt,-24.97,83.45,jcowan,-15.01,85.5,0,0,0,"adavis4,aatkins,jcowan,ddemarre,bjagt,srueschem,jwilliams",True,2026-07-25-DC-NY,15,11,3,7,306.0,1,8,True,True,351,home,239,1785007419.0,18,False,"adowney,khealey,tgesell,ilee,jlightner,cjurek,mwagner",240,510,f926c90c1fd70ff5060230a16bcac1c2522dc49a22c010099be8fdf21244b48e,1785007419.0,False,351,274.5,10.1687806545328,9.96,2.05,-78.3696123128221,2c8ecdd9ed892d84f704bda98b9e0f75a4670afe0f90d41b6f82e87189543a42,0.967014388660032,0.032985611339968,0.662814989970525,0.837710948424767,0.877411434938691,0.669012871085442,994.5,4.0,0.976,0.039700486513924,0.117740959215398,510.0,2b0d5364e0454b418daf03860d696994293db5df,2026-08-18 08:07:04,2026-07-25 19:24:04,2026-07-25-DC-NY,empire,breeze,23,15,2026-07-25 14:00:00
jcowan,-15.01,85.5,adavis4,-17.4,97.56,0,0,0,"adavis4,aatkins,jcowan,ddemarre,bjagt,srueschem,jwilliams",True,2026-07-25-DC-NY,15,11,3,7,306.0,1,9,True,True,352,home,240,1785007431.0,18,False,"adowney,khealey,tgesell,ilee,jlightner,cjurek,mwagner",241,511,da3abde2a10b6903f20714011b671fcc0284ba67a435f8ee62d230f76bade2f9,1785007431.0,False,352,270.0,12.2945394383035,-2.39,12.06,11.2093976314894,7413a33c158e60e4477c82794b06c7982a63fe112a3848271914e8f8cdcaf8a1,0.96643032351242,0.0335696764875796,0.662814989970525,0.877351889356872,0.919706014898655,0.626359353989236,990.0,4.0,0.977,0.042354125541783,0.1256109384521,511.0,79e1c8e2de9aee384787185762652fa3731c3313,2026-08-18 08:07:04,2026-07-25 19:24:04,2026-07-25-DC-NY,empire,breeze,23,15,2026-07-25 14:00:00
adavis4,-17.4,97.56,ddemarre,-15.49,117.27,0,0,0,"adavis4,aatkins,jcowan,ddemarre,bjagt,srueschem,jwilliams",True,2026-07-25-DC-NY,16,11,3,7,306.0,1,10,True,True,353,home,241,1785007443.0,19,False,"adowney,khealey,tgesell,ilee,jlightner,cjurek,mwagner",242,513,c838f4fcecd34a5dc2a171db86707b34b76fdd016f3f746a6d8685607fc38369,1785007443.0,False,353,265.5,19.8023281459529,1.91,19.71,-5.53497223379019,a053679d89379545f264496a5086bc36f81a96f373bb15c241c8feac272413e1,0.908068640964872,0.0919313590351282,0.662814989970525,0.91965973390662,1.0,0.62628949302312,985.5,4.0,0.979,0.0803402660933799,0.238267608890315,513.0,529becd93c7ad1c0cbbb924b2630b91d3d59bece,2026-08-18 08:07:04,2026-07-25 19:29:07,2026-07-25-DC-NY,empire,breeze,23,15,2026-07-25 14:00:00
aroy,0.0,40.0,amerriman,-2.99,50.82,0,0,0,"jnissen,smott,gnorrbom,cboxley,mgrovic,amerriman,aroy",False,2026-07-25-DC-NY,16,11,3,8,261.0,1,1,True,True,354,away,272,1785007513.0,18,False,"aagami,adavis2,mbrownlee,sjonas,jrandolph,dschnaudi,nwhitlock",273,517,59db59171776737367d034d41c219edcae7a976df259463b6247de93ebadcf4b,1785007513.0,False,354,261.0,11.2255289407671,-2.99,10.82,15.4476110266503,6a85f0b1013e765717c6740dc9f4129f736fe59aa57106386e4323b856501dcd,0.981558749977261,0.0184412500227389,0.697148024549256,0.697148024549256,0.73656078088386,0.813118296303506,981.0,5.0,0.98,0.0394127563346039,0.130138680046398,517.0,6ca25fe44133d68f0e29746146ccbf927ce762d9,2026-08-18 08:07:04,2026-07-25 19:29:07,2026-07-25-DC-NY,empire,breeze,23,15,2026-07-25 14:00:00
amerriman,-2.99,50.82,cboxley,-0.66,59.79,0,0,0,"jnissen,smott,gnorrbom,cboxley,mgrovic,amerriman,aroy",False,2026-07-25-DC-NY,16,11,3,8,261.0,1,2,True,True,355,away,273,1785007515.0,18,False,"aagami,adavis2,mbrownlee,sjonas,jrandolph,dschnaudi,nwhitlock",274,518,5fd35fdfd1cd6bb40a370f410bc6697c6b91f399ebab562ca5e80f61b9459790,1785007515.0,False,355,255.470588235294,9.26767500509162,2.33,8.97,-14.5610527325621,0f011329aeea7902eef434685ad47520bc8049a5f46fc22d1f6a6aafddb0f46e,0.983346946434688,0.0166530535653123,0.697148024549256,0.736369361010036,0.772911376854211,0.77468448427818,975.470588235294,5.0,0.979,0.0365420158441745,0.120659658203609,518.0,d49f5460eed07f99ae4d7c0a2bb7b8f517b2f461,2026-08-18 08:07:04,2026-07-29 08:08:24,2026-07-25-DC-NY,empire,breeze,23,15,2026-07-25 14:00:00
cboxley,-0.66,59.79,gnorrbom,-12.26,57.66,0,0,0,"jnissen,smott,gnorrbom,cboxley,mgrovic,amerriman,aroy",False,2026-07-25-DC-NY,16,11,3,8,261.0,1,3,True,True,356,away,274,1785007520.0,18,False,"aagami,adavis2,mbrownlee,sjonas,jrandolph,dschnaudi,nwhitlock",275,519,7600b83e0beedcbda89285ed28172d5b6b37f5f6c707cd3ff737d22b515501cf,1785007520.0,False,356,249.941176470588,11.7939348819637,-11.6,-2.13,100.404785919118,ed6b32ca94fb4463dccd5c49e8298809d066f6cdbd74c5619f5e5b02478ecd6c,0.982953865136122,0.0170461348638781,0.697148024549256,0.772713261237822,0.760164537378563,0.779448137011306,969.941176470588,5.0,0.98,-0.0125487238592592,-0.0414351725478513,519.0,17bc024b6f94a7add82b228978b8ccc10b572586,2026-08-18 08:07:04,2026-07-29 08:08:24,2026-07-25-DC-NY,empire,breeze,23,15,2026-07-25 14:00:00
gnorrbom,-12.26,57.66,aroy,-1.76,61.16,0,0,0,"jnissen,smott,gnorrbom,cboxley,mgrovic,amerriman,aroy",False,2026-07-25-DC-NY,16,11,3,8,261.0,1,4,True,True,357,away,275,1785007522.0,18,False,"aagami,adavis2,mbrownlee,sjonas,jrandolph,dschnaudi,nwhitlock",276,520,e9c6ed1f53a6a880a09d843c7fe769f03931bc3946586fd59956e4ce220cadaa,1785007522.0,False,357,244.411764705882,11.0679718105893,10.5,3.5,-71.565051177078,e87f2503469b8a18bd95a7d5be9b390de63c37b7cc5ce0521376ea85cfd96038,0.980132439074086,0.0198675609259141,0.697148024549256,0.759930620350075,0.778218346072268,0.768486653101345,964.411764705882,5.0,0.979,0.0182877257221937,0.0603850303270287,520.0,5c1428b880daebb65bddc8492162411771271e4e,2026-08-18 08:07:04,2026-07-29 08:08:24,2026-07-25-DC-NY,empire,breeze,23,15,2026-07-25 14:00:00
aroy,-1.76,61.16,jnissen,6.82,65.76,0,0,0,"jnissen,smott,gnorrbom,cboxley,mgrovic,amerriman,aroy",False,2026-07-25-DC-NY,16,11,3,8,261.0,1,5,True,True,358,away,276,1785007526.0,18,False,"aagami,adavis2,mbrownlee,sjonas,jrandolph,dschnaudi,nwhitlock",277,521,954c8e1cf9e05d0f4bc8c059c3dda715e54752435dfa559f25c71121d8994646,1785007526.0,False,358,238.882352941176,9.73531714943073,8.58,4.60000000000001,-61.802881957847,9c99031a7330673baadecc37c1d352a29910b664d946b85c9db89eb5f7d0de77,0.98238724654899,0.0176127534510095,0.697148024549256,0.777968166391002,0.797037670721611,0.748624164539508,958.882352941176,5.0,0.979,0.0190695043306091,0.062966418832921,521.0,3724be2e4c10ff9af501bf0338fcf916807cffc7,2026-08-18 08:07:04,2026-07-29 08:08:24,2026-07-25-DC-NY,empire,breeze,23,15,2026-07-25 14:00:00
jnissen,6.82,65.76,,11.84,101.32,1,0,0,"jnissen,smott,gnorrbom,cboxley,mgrovic,amerriman,aroy",False,2026-07-25-DC-NY,16,11,3,8,261.0,1,6,True,True,359,away,277,1785007533.0,22,False,"aagami,adavis2,mbrownlee,sjonas,jrandolph,dschnaudi,nwhitlock",278,523,a115bc252b4960d5e055176f5f98d4ac8b4fc05c309dcbf97c8ab9ce67d2bbbc,1785007533.0,False,359,233.352941176471,35.9125883222026,5.02,35.56,-8.035339002762,89b79ef3a1b5a68ad44bbc81c2fc7bab48e493bced95aca2d99884f7d33824d8,0.806582991242247,-0.806582991242247,0.697148024549256,0.796774286836852,0.934236911660831,0.632920284405189,953.352941176471,5.0,0.987,-0.632920284405189,-0.632920284405189,523.0,fb1481d9fdafdbd0dfbdd5e68003a430d7741743,2026-08-18 08:07:04,2026-07-29 08:08:24,2026-07-25-DC-NY,empire,breeze,23,15,2026-07-25 14:00:00
nwhitlock,-5.6,18.61,sjonas,-7.92,33.06,0,0,0,"aagami,adavis2,mbrownlee,sjonas,jrandolph,dschnaudi,nwhitlock",True,2026-07-25-DC-NY,16,11,3,8,261.0,2,1,False,False,360,home,245,1785007541.0,18,False,"jnissen,smott,gnorrbom,cboxley,mgrovic,amerriman,aroy",246,524,0b5e7ce945c27a3e9c67fecbe3e25877f07a3a4de3878ea7be7c9f5ef54a9b57,1785007541.0,False,360,227.823529411765,14.6350572257166,-2.32,14.45,9.12120330948113,674c8004df449f87e1baf43bf3a4d7fc85b864eaabf36560dc26785822b177b1,0.977237572833332,0.0227624271666683,0.632656073131719,0.632656073131719,0.671645877856364,0.885708731756655,947.823529411765,5.0,0.988,0.0389898047246445,0.106139783110189,524.0,65a71d4c7ce849b41c48ea6493e30d07fc66be02,2026-08-18 08:07:04,2026-07-25 19:29:07,2026-07-25-DC-NY,empire,breeze,23,15,2026-07-25 14:00:00
sjonas,-7.92,33.06,jrandolph,-24.01,46.77,0,0,0,"aagami,adavis2,mbrownlee,sjonas,jrandolph,dschnaudi,nwhitlock",True,2026-07-25-DC-NY,16,11,3,8,261.0,2,2,False,False,361,home,246,1785007544.0,18,False,"jnissen,smott,gnorrbom,cboxley,mgrovic,amerriman,aroy",247,525,0d22c310b856c3255077b0fcd44f95cf1eff37852ffa2fc9a3e5ff4b3fad70e1,1785007544.0,False,361,222.294117647059,21.1388788728258,-16.09,13.71,49.5662793772753,b7aa17a2d3a32eb7b46bfd53a1f5116d82645a514ef03a62e4a22afdc5b06448,0.944208047825511,0.0557919521744888,0.632656073131719,0.671200121308227,0.666635623300631,0.792806740409408,942.294117647059,5.0,0.988,-0.00456449800759529,-0.0124256797887174,525.0,0030358cbedbe7dfb07d453a289a6efb6602d185,2026-08-18 08:07:04,2026-07-25 19:29:07,2026-07-25-DC-NY,empire,breeze,23,15,2026-07-25 14:00:00
jrandolph,-24.01,46.77,sjonas,3.2,32.79,0,0,0,"aagami,adavis2,mbrownlee,sjonas,jrandolph,dschnaudi,nwhitlock",True,2026-07-25-DC-NY,16,11,3,8,261.0,2,3,False,False,362,home,247,1785007549.0,18,False,"jnissen,smott,gnorrbom,cboxley,mgrovic,amerriman,aroy",248,526,028513f68fffc3cb8eb7d6c193f112e0fba62d34523f4c3c29759569aa3cdfb7,1785007549.0,False,362,216.764705882353,30.5912487486209,27.21,-13.98,-117.193269197563,470a6229f242145c5614d74c10851091b09ae4e333a5333914a0b65aa7ccda32,0.94699635531906,0.0530036446809398,0.632656073131719,0.666138690917561,0.670923796493573,0.88683807013691,936.764705882353,5.0,0.988,0.00478510557601264,0.0130262275377931,526.0,5adcbd1a7b55ac81c0a3ad860dd8a3b8261232d6,2026-08-18 08:07:04,2026-07-25 19:29:07,2026-07-25-DC-NY,empire,breeze,23,15,2026-07-25 14:00:00
sjonas,3.2,32.79,jrandolph,11.66,39.0,0,0,0,"aagami,adavis2,mbrownlee,sjonas,jrandolph,dschnaudi,nwhitlock",True,2026-07-25-DC-NY,16,11,3,8,261.0,2,4,False,False,363,home,248,1785007556.0,18,False,"jnissen,smott,gnorrbom,cboxley,mgrovic,amerriman,aroy",249,527,9ab8443a559a45dddc59b19d6dbe2cbb40eb0db207b57aeeb522c0484cb7ff62,1785007556.0,False,363,211.235294117647,10.4945557314257,8.46,6.21,-53.7197465062373,66e8dc50440d5e96465166ff51449d548582a2ce475cf8f2a4e9db851033488e,0.985511286143638,0.0144887138563619,0.632656073131719,0.670379973948726,0.686279113674102,0.859617847503857,931.235294117647,5.0,0.988,0.0158991397253766,0.0432813463418917,527.0,b1acd91536ffd988eba70f8b17635c865152cf7e,2026-08-18 08:07:04,2026-07-25 19:29:07,2026-07-25-DC-NY,empire,breeze,23,15,2026-07-25 14:00:00
jrandolph,11.66,39.0,,11.25,104.45,1,0,0,"aagami,adavis2,mbrownlee,sjonas,jrandolph,dschnaudi,nwhitlock",True,2026-07-25-DC-NY,16,11,3,8,261.0,2,5,False,False,364,home,249,1785007564.0,22,False,"jnissen,smott,gnorrbom,cboxley,mgrovic,amerriman,aroy",250,528,4cde02fa834b8178d7e148e02cf566c4ab1e42029637dcda360bd22630b56f2c,1785007564.0,False,364,205.705882352941,65.4512841738037,-0.41,65.45,0.358914626861079,7090595f6f90a87610a8bd474a62a3abc1d4cc803aa04485f13fa57afe86bcbe,0.563248315427434,-0.563248315427434,0.632656073131719,0.685697288348142,0.942298871532541,0.630959305398877,925.705882352941,5.0,0.982,-0.630959305398877,-0.630959305398877,528.0,180192e22d9951f3b73c18560e266d036aea7124,2026-08-18 08:07:04,2026-07-25 19:29:07,2026-07-25-DC-NY,empire,breeze,23,15,2026-07-25 14:00:00
aroy,-12.94,20.25,mgrovic,3.13,25.26,0,0,0,"jnissen,smott,gnorrbom,cboxley,mgrovic,amerriman,aroy",False,2026-07-25-DC-NY,16,11,3,8,261.0,3,1,True,True,365,away,279,1785007572.0,18,False,"aagami,adavis2,mbrownlee,sjonas,jrandolph,dschnaudi,nwhitlock",280,530,f193b5c5b45e668c78c3afe38a1e7876748cb605b0cd47c3f9df8687bc29acef,1785007572.0,False,365,200.176470588235,16.8328547786761,16.07,5.01,-72.6845556396794,3b2d41ea1b1f4e8bf48ec9e96f0cb4bfb9737306437a21d485d9f63a7262490a,0.978543744438258,0.0214562555617422,0.628762910327854,0.628762910327854,0.647334070842427,0.913690341555568,920.176470588235,5.0,0.982,0.0185711605145723,0.0500250676218081,530.0,ae09c5d098377c8ef9acbac6277351842847869a,2026-08-18 08:07:04,2026-07-29 08:08:24,2026-07-25-DC-NY,empire,breeze,23,15,2026-07-25 14:00:00
mgrovic,3.13,25.26,,15.88,37.93,1,0,0,"jnissen,smott,gnorrbom,cboxley,mgrovic,amerriman,aroy",False,2026-07-25-DC-NY,16,11,3,8,261.0,3,2,True,True,366,away,280,1785007580.0,22,False,"aagami,adavis2,mbrownlee,sjonas,jrandolph,dschnaudi,nwhitlock",281,532,35f5f3589c1ccdacb36bb0f1ad6509d6cb72ce821b09620d68244ce565e973bd,1785007580.0,False,366,194.647058823529,17.9747433917706,12.75,12.67,-45.1803165707436,9f9e43f7ac02aee38d3db96c0f5352d8c7ff4d6e3f27144a3862b8a3d76b385c,0.974153833772394,-0.974153833772394,0.628762910327854,0.64659971281869,0.67229914785601,0.859127196059429,914.647058823529,5.0,0.99,-0.859127196059429,-0.859127196059429,532.0,e6a9d83f6734531c9206517398b79ebdb8b23d67,2026-08-18 08:07:04,2026-07-25 19:29:07,2026-07-25-DC-NY,empire,breeze,23,15,2026-07-25 14:00:00
sjonas,-15.01,70.02,jrandolph,-20.6,76.15,0,0,0,"aagami,adavis2,mbrownlee,sjonas,jrandolph,dschnaudi,nwhitlock",True,2026-07-25-DC-NY,16,11,3,8,261.0,4,1,False,False,367,home,251,1785007581.0,18,False,"jnissen,smott,gnorrbom,cboxley,mgrovic,amerriman,aroy",252,533,c3d627ba2eef6a76c0809e51183bc08acaee6652040a1079f5aa39639c04cc38,1785007581.0,False,367,189.117647058824,8.29608341327401,-5.59,6.13000000000001,42.3619577930481,5769c19042216c6adc5b1dfe2221ce82ddc53868375afcddcc39414adf77425f,0.984073802488351,0.0159261975116494,0.765204490324594,0.806398826594371,0.820920965105566,0.674107547612459,909.117647058824,5.0,0.989,0.0145221385111949,0.0618501543375811,533.0,a0fa5702816486e44e3cfe5b54ccd2985af0b87b,2026-08-18 08:07:04,2026-07-25 19:29:07,2026-07-25-DC-NY,empire,breeze,23,15,2026-07-25 14:00:00
jrandolph,-20.6,76.15,sjonas,-13.1,70.02,0,0,0,"aagami,adavis2,mbrownlee,sjonas,jrandolph,dschnaudi,nwhitlock",True,2026-07-25-DC-NY,16,11,3,8,261.0,4,2,False,False,368,home,252,1785007583.0,18,False,"jnissen,smott,gnorrbom,cboxley,mgrovic,amerriman,aroy",253,534,798e01ce7403cc43a1c5b3b1e9597c013e2138fd361d4e77e2d1ff46850dc743,1785007583.0,False,368,183.588235294118,9.68642865043666,7.5,-6.13000000000001,-129.260274123194,fbdba8da349562d04ecca90d8f052ca64bb040bf461d32e5698075e7e48c19ab,0.978374145463104,0.0216258545368965,0.765204490324594,0.820364916531498,0.808223292493748,0.721378601872252,903.588235294118,5.0,0.989,-0.0121416240377493,-0.0517114831307232,534.0,a99a472d9c679022549381b6032b395a7f7d47e5,2026-08-18 08:07:04,2026-07-25 19:29:07,2026-07-25-DC-NY,empire,breeze,23,15,2026-07-25 14:00:00
sjonas,-13.1,70.02,mbrownlee,-5.53,64.63,0,0,0,"aagami,adavis2,mbrownlee,sjonas,jrandolph,dschnaudi,nwhitlock",True,2026-07-25-DC-NY,16,11,3,8,261.0,4,3,False,False,369,home,253,1785007588.0,18,False,"jnissen,smott,gnorrbom,cboxley,mgrovic,amerriman,aroy",254,535,5ee02c482c092031ded9b904c7cf6b6464e6552706602afc7af7021268db35dd,1785007588.0,False,369,178.058823529412,9.29284671131511,7.57,-5.39,-125.451669681176,b52cb96d6f4f1f23715e8e4901e3618de5843b727359ef7f5a7686ef774627d2,0.983559865943505,0.0164401340564955,0.765204490324594,0.807590224853284,0.787365073571828,0.747784168060806,898.058823529412,5.0,0.989,-0.0202251512814565,-0.0861394296228955,535.0,6e874b0eae9af15665d075b50e7230d94449a1f3,2026-08-18 08:07:04,2026-07-25 19:29:07,2026-07-25-DC-NY,empire,breeze,23,15,2026-07-25 14:00:00
mbrownlee,-5.53,64.63,jrandolph,7.5,70.02,0,0,0,"aagami,adavis2,mbrownlee,sjonas,jrandolph,dschnaudi,nwhitlock",True,2026-07-25-DC-NY,16,11,3,8,261.0,4,4,False,False,370,home,254,1785007590.0,18,False,"jnissen,smott,gnorrbom,cboxley,mgrovic,amerriman,aroy",255,536,cb0b66fb06cb4016af2310e80a20f6d23bf2f4894a7b0d5206e9365edad3fb2e,1785007590.0,False,370,172.529411764706,14.1008155792493,13.03,5.39,-67.5270389707953,1f19f86f720871f49f7a093a77ff8bda6f2284449bc00359a39377508eb3fae7,0.972526440928707,0.0274735590712927,0.765204490324594,0.786615318563986,0.810031779603974,0.724670922983055,892.529411764706,5.0,0.989,0.0234164610399882,0.0997312984066874,536.0,68b1385af99c455abfaa4c7ba5e4759b41eb7800,2026-08-18 08:07:04,2026-07-25 19:29:07,2026-07-25-DC-NY,empire,breeze,23,15,2026-07-25 14:00:00
jrandolph,7.5,60.02,,18.95,106.09,1,0,0,"aagami,adavis2,mbrownlee,sjonas,jrandolph,dschnaudi,nwhitlock",True,2026-07-25-DC-NY,16,11,3,8,261.0,4,5,False,False,371,home,256,1785007618.0,22,False,"jnissen,smott,gnorrbom,cboxley,mgrovic,amerriman,aroy",257,540,9480a6b621a430c09d7ccc76ee4c61372a13469d8ee1e473feb56c5869510045,1785007618.0,False,371,167.0,47.4715430547607,11.45,46.07,-13.9572067813885,1c96d2aa362b73ae2d611ae5d7132c88b596d46b5fe4da4ab3b3c9d8e7557fda,0.762703997440845,-0.762703997440845,0.765204490324594,0.765204490324594,0.940041420841779,0.605705808884552,887.0,5.0,0.982,-0.605705808884552,-0.605705808884552,540.0,77efeacfd656e395b6f65745eb0de69cd9542a87,2026-08-18 08:07:04,2026-07-25 19:29:07,2026-07-25-DC-NY,empire,breeze,23,15,2026-07-25 14:00:00
amerriman,-13.05,20.24,aroy,-1.68,25.12,0,0,0,"jnissen,smott,gnorrbom,cboxley,mgrovic,amerriman,aroy",False,2026-07-25-DC-NY,16,11,3,8,261.0,5,1,True,True,372,away,283,1785007620.0,18,False,"aagami,adavis2,mbrownlee,sjonas,jrandolph,dschnaudi,nwhitlock",284,541,98d4292d632313b68fcc2a544aea45da4ff14b30fafdb10c5b73d2e9a44bae19,1785007620.0,False,372,161.470588235294,12.3730069102058,11.37,4.88,-66.7710073988341,6bb50d6c810d2c762d6ef1fdff5a9b0e4d553282890fa8b4b5a5b72d55aee30f,0.98500996169648,0.0149900383035201,0.621552069777308,0.621552069777308,0.640183747322619,0.911850620696521,881.470588235294,5.0,0.982,0.0186316775453106,0.0492318125094437,541.0,72d9e5dc6b9e7b337e90359ae659bbb5d45b4af7,2026-08-18 08:07:04,2026-07-25 19:29:07,2026-07-25-DC-NY,empire,breeze,23,15,2026-07-25 14:00:00
aroy,-1.68,25.12,amerriman,4.66,31.23,0,0,0,"jnissen,smott,gnorrbom,cboxley,mgrovic,amerriman,aroy",False,2026-07-25-DC-NY,16,11,3,8,261.0,5,2,True,True,373,away,284,1785007622.0,18,False,"aagami,adavis2,mbrownlee,sjonas,jrandolph,dschnaudi,nwhitlock",285,542,d009907eb537abc77721a52aa7d3aace725d51556a13fe19bf4553ffd7867823,1785007622.0,False,373,155.941176470588,8.8049815445576,6.34,6.11,-46.0583558587262,bf1797cc2847729a163cf9b1e895fbbdcf2c8cfd1af42c6024f4333ade4f2e36,0.988894432678057,0.0111055673219428,0.621552069777308,0.638607376599618,0.655916843112911,0.888349892384436,875.941176470588,5.0,0.982,0.0173094665132936,0.0457380398489908,542.0,a7e1bf5e30be8fed06b6fbb6e2db3993f07b45f6,2026-08-18 08:07:04,2026-07-25 19:29:07,2026-07-25-DC-NY,empire,breeze,23,15,2026-07-25 14:00:00
amerriman,4.66,31.23,smott,-3.43,37.42,0,0,0,"jnissen,smott,gnorrbom,cboxley,mgrovic,amerriman,aroy",False,2026-07-25-DC-NY,16,11,3,8,261.0,5,3,True,True,374,away,285,1785007623.0,18,False,"aagami,adavis2,mbrownlee,sjonas,jrandolph,dschnaudi,nwhitlock",286,543,14e4ae47a343ef6cd996f3b1ce6d020c008c4bbae2352fe012497488e66b9b25,1785007623.0,False,374,150.411764705882,10.1864714204674,-8.09,6.19,52.5788738883897,42caafdf23be31e477e30e3273648c07f5e49053172665ee09852cc7a59e10c5,0.986482236988049,0.013517763011951,0.621552069777308,0.654103020536723,0.674072973748829,0.862208719716672,870.411764705882,5.0,0.981,0.0199699532121062,0.0527680339019298,543.0,ead6a3059209d77b97811b20224ab58b760bdebc,2026-08-18 08:07:04,2026-07-25 19:29:07,2026-07-25-DC-NY,empire,breeze,23,15,2026-07-25 14:00:00
smott,-3.43,37.42,gnorrbom,-20.22,51.48,0,0,0,"jnissen,smott,gnorrbom,cboxley,mgrovic,amerriman,aroy",False,2026-07-25-DC-NY,16,11,3,8,261.0,5,4,True,True,375,away,286,1785007627.0,18,False,"aagami,adavis2,mbrownlee,sjonas,jrandolph,dschnaudi,nwhitlock",287,544,481ba73327de39488e5caaae987cdce32b8be66c9cb69ec3f3a0e621d0653578,1785007627.0,False,375,144.882352941176,21.8994908616616,-16.79,14.06,50.0570854523664,a2270cc9616fd9e9a002e5961c52b48a00743c500890fdf07c01df7e0a1b9e21,0.965596189770545,0.0344038102294552,0.621552069777308,0.672000569559885,0.699509298411789,0.775927274690885,864.882352941176,5.0,0.981,0.0275087288519037,0.0726882792983347,544.0,ecd4a118794214b7a8bd7ed5f38eaf7a009bd5b4,2026-08-18 08:07:04,2026-07-29 08:08:24,2026-07-25-DC-NY,empire,breeze,23,15,2026-07-25 14:00:00
gnorrbom,-20.22,51.48,mgrovic,-18.51,75.21,0,0,0,"jnissen,smott,gnorrbom,cboxley,mgrovic,amerriman,aroy",False,2026-07-25-DC-NY,16,11,3,8,261.0,5,5,True,True,376,away,287,1785007629.0,18,False,"aagami,adavis2,mbrownlee,sjonas,jrandolph,dschnaudi,nwhitlock",288,545,0749f7cc3188ba27da593a7da6aa1eae4b87c411f110ebb92add7017976c8416,1785007629.0,False,376,139.352941176471,23.7915321070334,1.71,23.73,-4.12164861931718,aa84dbd92e0e47904e852f83ebb96cdd2473e6288ad446e956faac8b078117eb,0.924312523776922,0.0756874762230778,0.621552069777308,0.697190136907559,0.814404328365845,0.674557789706719,859.352941176471,5.0,0.979,0.117214191458287,0.309723431144976,545.0,5f6ed409992076d6134afefff2f1d8e78a280fc9,2026-08-18 08:07:04,2026-07-29 08:08:24,2026-07-25-DC-NY,empire,breeze,23,15,2026-07-25 14:00:00
mgrovic,-18.51,75.21,smott,-4.45,73.32,0,0,0,"jnissen,smott,gnorrbom,cboxley,mgrovic,amerriman,aroy",False,2026-07-25-DC-NY,16,11,3,8,261.0,5,6,True,True,377,away,288,1785007632.0,18,False,"aagami,adavis2,mbrownlee,sjonas,jrandolph,dschnaudi,nwhitlock",289,546,f73d22e02748671e1b1040adf224c57833f663ffce2ddcadd5ffa0ab421efa4f,1785007632.0,False,377,133.823529411765,14.186461856291,14.06,-1.89,-97.6560278675947,c67064af1a6729078c6ad86f0447b21e56c864679ef2fe087814688494c652be,0.967956164216856,0.032043835783144,0.621552069777308,0.812461553154702,0.816484195047084,0.700345214285286,853.823529411765,5.0,0.979,0.00402264189238177,0.0106293140248243,546.0,0dd415db204ddb60714cccbfc7ae72e620ec3c14,2026-08-18 08:07:04,2026-07-25 19:29:07,2026-07-25-DC-NY,empire,breeze,23,15,2026-07-25 14:00:00
smott,-4.45,73.32,jnissen,8.4,65.35,0,0,0,"jnissen,smott,gnorrbom,cboxley,mgrovic,amerriman,aroy",False,2026-07-25-DC-NY,16,11,3,8,261.0,5,7,True,True,378,away,289,1785007635.0,18,False,"aagami,adavis2,mbrownlee,sjonas,jrandolph,dschnaudi,nwhitlock",290,547,9e1583f419ff9727c58103900233027593845d550ea07af15fb5b356d422e5c5,1785007635.0,False,378,128.294117647059,15.1209589642985,12.85,-7.97,-121.808574084055,54ddb406c3ac4ebb345ca16d99ca9c57dbedeaa41b5e9c7b7d9b2031a265d455,0.976430103379418,0.0235698966205817,0.621552069777308,0.814256932797926,0.776489039689998,0.728890299907386,848.294117647059,5.0,0.98,-0.0377678931079281,-0.0997968018630836,547.0,0039dcf5b72c8e676ce9770eec336b43e135d215,2026-08-18 08:07:04,2026-07-29 08:08:24,2026-07-25-DC-NY,empire,breeze,23,15,2026-07-25 14:00:00
jnissen,8.4,65.35,smott,3.12,69.33,0,0,0,"jnissen,smott,gnorrbom,cboxley,mgrovic,amerriman,aroy",False,2026-07-25-DC-NY,16,11,3,8,261.0,5,8,True,True,379,away,290,1785007638.0,18,False,"aagami,adavis2,mbrownlee,sjonas,jrandolph,dschnaudi,nwhitlock",291,548,763d5281b20dea96a247b26a60baa5590b5990e758803aed287e6acb6e7fea39,1785007638.0,False,379,122.764705882353,6.61201935871334,-5.28,3.98,52.9914558503955,ac95b2a3a709692b7519f6e055b454f0ecc8286a247e5899158517fb52f66b6c,0.985610416828595,0.0143895831714047,0.621552069777308,0.773526608857324,0.793166893257072,0.709840911326186,842.764705882353,5.0,0.979,0.0196402843997489,0.0518969264495431,548.0,c3f54e277a32e8d6bf2083a3e166c33de1bb70cb,2026-08-18 08:07:04,2026-07-29 08:08:24,2026-07-25-DC-NY,empire,breeze,23,15,2026-07-25 14:00:00
smott,3.12,69.33,aroy,-10.34,74.55,0,0,0,"jnissen,smott,gnorrbom,cboxley,mgrovic,amerriman,aroy",False,2026-07-25-DC-NY,16,11,3,8,261.0,5,9,True,True,380,away,291,1785007645.0,18,False,"aagami,adavis2,mbrownlee,sjonas,jrandolph,dschnaudi,nwhitlock",292,549,8a739f59d6e6f0ab4f2f2ca3ada695b502a42af28915a84c3981cbf2ddaacf6d,1785007645.0,False,380,117.235294117647,14.4367586389743,-13.46,5.22,68.8029228636992,90e9770c7d5dce8a0c6e99451b5abc0a477af911a44194c1866ec312cdec4f2e,0.970485617107152,0.0295143828928484,0.621552069777308,0.789968704990513,0.813006197864257,0.682109488299554,837.235294117647,5.0,0.979,0.0230374928737443,0.0608736130758815,549.0,2e43f3eccbb1b14ad54914811ac079d66197585a,2026-08-18 08:07:04,2026-07-29 08:08:24,2026-07-25-DC-NY,empire,breeze,23,15,2026-07-25 14:00:00
aroy,-10.34,74.55,smott,-18.64,70.5,0,0,0,"jnissen,smott,gnorrbom,cboxley,mgrovic,amerriman,aroy",False,2026-07-25-DC-NY,16,11,3,8,261.0,5,10,True,True,381,away,292,1785007649.0,18,False,"aagami,adavis2,mbrownlee,sjonas,jrandolph,dschnaudi,nwhitlock",293,550,4a422b461c160c71e22bc39bff3f76b0d4f1fab9be58bdb07107fb8ef0bddfda,1785007649.0,False,381,111.705882352941,9.23539387357139,-8.3,-4.05,116.010145723368,c533d6de15bd8f69ee96d432f1889e29571fdbbd5fc660a745d1b81b813159dd,0.986718237639369,0.0132817623606315,0.621552069777308,0.809641518867314,0.776902769515502,0.674449854533113,831.705882352941,5.0,0.98,-0.0327387493518119,-0.0865079360654642,550.0,572ab128463ac6c3c8a75d1fa612376532d9494c,2026-08-18 08:07:04,2026-07-29 08:08:24,2026-07-25-DC-NY,empire,breeze,23,15,2026-07-25 14:00:00
smott,-18.64,70.5,aroy,-13.56,64.66,0,0,0,"jnissen,smott,gnorrbom,cboxley,mgrovic,amerriman,aroy",False,2026-07-25-DC-NY,16,11,3,8,261.0,5,11,True,True,382,away,293,1785007653.0,18,False,"aagami,adavis2,mbrownlee,sjonas,jrandolph,dschnaudi,nwhitlock",294,551,78af55a8a314515923bcba5d20a4d1a15bc0957506e9fab7c1823ae81c508bf6,1785007653.0,False,382,106.176470588235,7.74028423250723,5.08,-5.84,-138.981198656422,e2ddd5c8feccdbc21f2f9b721be6fd6bf05ae6e1238e71f0aaedf5c1c0596cf6,0.984061901496302,0.0159380985036982,0.621552069777308,0.772578737976371,0.754436720054202,0.709646631128233,826.176470588235,5.0,0.98,-0.0181420179221683,-0.0479379499089687,551.0,74a8591375befa05ff94eb14cead84dfad9654e1,2026-08-18 08:07:04,2026-07-29 08:08:24,2026-07-25-DC-NY,empire,breeze,23,15,2026-07-25 14:00:00
aroy,-13.56,64.66,smott,-1.55,65.01,0,0,0,"jnissen,smott,gnorrbom,cboxley,mgrovic,amerriman,aroy",False,2026-07-25-DC-NY,16,11,3,8,261.0,5,12,True,True,383,away,294,1785007655.0,18,False,"aagami,adavis2,mbrownlee,sjonas,jrandolph,dschnaudi,nwhitlock",295,552,7da32c3dcdeeacab41f4b5ee93cd3992d6c053b32c9e9017911c498b55de9b3d,1785007655.0,False,383,100.647058823529,12.0150988343833,12.01,0.350000000000009,-88.3307369931077,4acf33039ac9fa583c08859dcde91d6fbd7771b8543415e8ac4851452aaefef8,0.978099923310835,0.0219000766891649,0.621552069777308,0.749254687971027,0.756255683570247,0.709248557304964,820.647058823529,5.0,0.98,0.00700099559921963,0.0184992307795157,552.0,66e174549c7a9fcead8388aa52b6990604f11332,2026-08-18 08:07:04,2026-07-29 08:08:24,2026-07-25-DC-NY,empire,breeze,23,15,2026-07-25 14:00:00
smott,-1.55,65.01,cboxley,11.35,75.17,0,0,0,"jnissen,smott,gnorrbom,cboxley,mgrovic,amerriman,aroy",False,2026-07-25-DC-NY,16,11,3,8,261.0,5,13,True,True,384,away,295,1785007657.0,18,False,"aagami,adavis2,mbrownlee,sjonas,jrandolph,dschnaudi,nwhitlock",296,553,1e9880c5b320bf38de83578809d4b6e0c4b9169bfc22b053eb220b99b3e0a84b,1785007657.0,False,384,95.1176470588235,16.4205846424541,12.9,10.16,-51.7761413280357,f7594a494a9249b934ffb55d2bc8e2b5e684f209fa285e168c49492ecfa6ce71,0.963495774251144,0.0365042257488563,0.621552069777308,0.750500895638124,0.79851204352862,0.655789544316324,815.117647058824,5.0,0.979,0.0480111478904959,0.126863285689644,553.0,628ab471c272d9f94b089d959551d98fa0f711c3,2026-08-18 08:07:04,2026-07-29 08:08:24,2026-07-25-DC-NY,empire,breeze,23,15,2026-07-25 14:00:00
cboxley,11.35,75.17,amerriman,15.13,88.9,0,0,0,"jnissen,smott,gnorrbom,cboxley,mgrovic,amerriman,aroy",False,2026-07-25-DC-NY,16,11,3,8,261.0,5,14,True,True,385,away,296,1785007662.0,18,False,"aagami,adavis2,mbrownlee,sjonas,jrandolph,dschnaudi,nwhitlock",297,554,6b9fcfdc90407831d2639f4e53fdac56dc64fd0001f495517ae92541796af581,1785007662.0,False,385,89.5882352941177,14.2408321386076,3.78,13.73,-15.3927384052099,c9966364d45b196b5c063390c2e39fc435fbb0160d8901c807847a58dcda0bc1,0.96247901780117,0.0375209821988299,0.621552069777308,0.792924841842001,0.858068893732255,0.591631557642404,809.588235294118,5.0,0.978,0.0651440518902536,0.172134781796589,554.0,879755ceff6c4ee74e294868d9e1d1a3436a0aa6,2026-08-18 08:07:04,2026-07-29 08:08:24,2026-07-25-DC-NY,empire,breeze,23,15,2026-07-25 14:00:00
amerriman,15.13,88.9,cboxley,11.22,99.75,0,0,0,"jnissen,smott,gnorrbom,cboxley,mgrovic,amerriman,aroy",False,2026-07-25-DC-NY,16,11,3,8,261.0,5,15,True,True,386,away,297,1785007665.0,18,False,"aagami,adavis2,mbrownlee,sjonas,jrandolph,dschnaudi,nwhitlock",298,555,2b7aa9ef02ff13f88c9f66ff27e7a2628781127690ec0f43b308d8ca3316ab08,1785007665.0,False,386,84.0588235294118,11.5330221537982,-3.91,10.85,19.817573579913,eb141036856d6def618c09c9f55a71c142fd70c0c9aba3ba50624ae70bf91cd2,0.959631496126165,0.0403685038738351,0.621552069777308,0.853380951059866,0.905686718870148,0.557035977103594,804.058823529412,5.0,0.977,0.0523057678102817,0.138211266684701,555.0,65488debe49d5f0ccc18dbaa4924fb332b23a646,2026-08-18 08:07:04,2026-07-29 08:08:24,2026-07-25-DC-NY,empire,breeze,23,15,2026-07-25 14:00:00
cboxley,11.22,99.75,mgrovic,15.66,109.36,0,0,0,"jnissen,smott,gnorrbom,cboxley,mgrovic,amerriman,aroy",False,2026-07-25-DC-NY,16,12,3,8,261.0,5,16,True,True,387,away,298,1785007673.0,19,False,"aagami,adavis2,mbrownlee,sjonas,jrandolph,dschnaudi,nwhitlock",299,556,cd6cd33600f885a65254256ad896384cd2d07fa86a2b6370b91fdfb87243cba9,1785007673.0,False,387,78.5294117647059,10.5861088224144,4.44,9.61,-24.797821485842,811bc8e77116c77c546b10a4f2fe2128aa78c2f69c523a4333a5365f0295cad8,0.962615598797895,0.0373844012021053,0.621552069777308,0.902057331993979,1.0,0.537977985050964,798.529411764706,5.0,0.976,0.0979426680060209,0.258800908088962,556.0,d1e4a2c5d0025a70a621a0fed6fdfb04d271c47b,2026-08-18 08:07:04,2026-07-25 19:29:07,2026-07-25-DC-NY,empire,breeze,23,15,2026-07-25 14:00:00
mlabar,17.86,6.4,jcowan,3.81,9.13,0,0,0,"adavis4,aatkins,jcowan,ddemarre,mlabar,srueschem,jwilliams",True,2026-07-25-DC-NY,16,12,3,9,73.0,1,1,True,True,388,home,259,1785007730.0,18,False,"adowney,mlee2,wvandenbr,khealey,ilee,mwagner,ffarah",260,561,f6c0c3030265f6eb26706a1cf180b307f2180186316b92de76e259eb050ef242,1785007730.0,False,388,73.0,14.3127705214609,-14.05,2.73,79.004099895316,205771040dd85a9b7768856d52b6b94826e81d9e35730948351555e7141a7440,0.985958418288892,0.0140415817111078,0.484128099551948,0.484128099551948,0.51184708687307,0.900474632076736,793.0,4.0,0.969,0.0277189873211226,0.0537323069875442,561.0,3b23f4d91d8754cf5f6696c35ae6604e540d4fba,2026-08-18 08:07:04,2026-07-25 19:29:07,2026-07-25-DC-NY,empire,breeze,23,15,2026-07-25 14:00:00
jcowan,3.81,9.13,aatkins,2.59,19.09,0,0,0,"adavis4,aatkins,jcowan,ddemarre,mlabar,srueschem,jwilliams",True,2026-07-25-DC-NY,16,12,3,9,73.0,1,2,True,True,389,home,260,1785007733.0,18,False,"adowney,mlee2,wvandenbr,khealey,ilee,mwagner,ffarah",261,562,8d042c27e5cb47c28b1d195f5dd7535e5132704b63d95bfe614a8a4420833cf0,1785007733.0,False,389,68.75,10.0344406919369,-1.22,9.96,6.98337070542,0e82bf6144913ce05e424c5d20a150e1bad024ba7e8bb2cb05537c32a06f1e47,0.989093424369271,0.0109065756307289,0.484128099551948,0.50234129257323,0.526434186030223,0.897075194473332,788.75,4.0,0.969,0.0240928934569935,0.0467032482987889,562.0,3a179a9d518c1f7e556b688a46cc4fab5d62e854,2026-08-18 08:07:04,2026-07-25 19:29:07,2026-07-25-DC-NY,empire,breeze,23,15,2026-07-25 14:00:00
aatkins,2.59,19.09,jcowan,-10.1,22.84,0,0,0,"adavis4,aatkins,jcowan,ddemarre,mlabar,srueschem,jwilliams",True,2026-07-25-DC-NY,16,12,3,9,73.0,1,3,True,True,390,home,261,1785007735.0,18,False,"adowney,mlee2,wvandenbr,khealey,ilee,mwagner,ffarah",262,563,b546245c10a2c00573c6c8605ddd82f17b51c960e2f7eb81a44083f5fb6af583,1785007735.0,False,390,64.5,13.2324827602382,-12.69,3.75,73.5371539491664,5bef04eda6c03f3c56fbd46877ea066744521512e9250c3fd48edbfd3405f3c7,0.985884463225084,0.0141155367749155,0.484128099551948,0.516301504774282,0.523947793133949,0.878885571441294,784.5,4.0,0.969,0.00764628835966652,0.0148220679455994,563.0,e66466d269c81cc3a00b3f7d65c23fb7619d88be,2026-08-18 08:07:04,2026-07-25 19:29:07,2026-07-25-DC-NY,empire,breeze,23,15,2026-07-25 14:00:00
jcowan,-10.1,22.84,adavis4,-23.94,39.27,0,0,0,"adavis4,aatkins,jcowan,ddemarre,mlabar,srueschem,jwilliams",True,2026-07-25-DC-NY,16,12,3,9,73.0,1,4,True,True,391,home,262,1785007741.0,18,False,"adowney,mlee2,wvandenbr,khealey,ilee,mwagner,ffarah",263,564,a5ee8b752b7df43121a2461332eace7d39a5594f42626e535bae011480651fe1,1785007741.0,False,391,60.25,21.4823299481225,-13.84,16.43,40.1094974570586,2cfcb3f96618261f8280827ff7cf6d5b225f4c1cc64af1e67eabab49d839bc3b,0.944177108009718,0.0558228919902817,0.484128099551948,0.513145148588848,0.510081133421404,0.743025860565058,780.25,4.0,0.969,-0.00306401516744448,-0.00593948839776556,564.0,39e26c0c1e91ed968f2bbe89fc5b82d9959dec01,2026-08-18 08:07:04,2026-07-25 19:29:07,2026-07-25-DC-NY,empire,breeze,23,15,2026-07-25 14:00:00
adavis4,-23.94,39.27,,-14.8,37.84,1,0,0,"adavis4,aatkins,jcowan,ddemarre,mlabar,srueschem,jwilliams",True,2026-07-25-DC-NY,16,12,3,9,73.0,1,5,True,True,392,home,263,1785007746.0,22,False,"adowney,mlee2,wvandenbr,khealey,ilee,mwagner,ffarah",264,566,8d4a215376c0784066ccab9d09d857ffed810ca45c81ec64770539d6241d1a83,1785007746.0,False,392,56.0,9.25118911275734,9.14,-1.43,-98.8921324566806,da21c59fa20694faceb5515235a693478806664f7b1dd07537cfeb7c382eecd9,0.98488373412353,-0.98488373412353,0.484128099551948,0.498575367153548,0.544253322437532,0.778372253528201,776.0,4.0,0.953,-0.778372253528201,-0.778372253528201,566.0,d45fc3578a865e8531409afb3ad80eca3bc2ad5e,2026-08-18 08:07:04,2026-07-25 19:34:10,2026-07-25-DC-NY,empire,breeze,23,15,2026-07-25 14:00:00
mlee2,12.67,80.16,khealey,0.14,83.08,0,0,0,"adowney,mlee2,wvandenbr,khealey,ilee,mwagner,ffarah",False,2026-07-25-DC-NY,16,12,3,9,73.0,2,1,False,False,393,away,302,1785007750.0,18,False,"adavis4,aatkins,jcowan,ddemarre,mlabar,srueschem,jwilliams",303,567,10db40998e907fff07f6ee01a970cdf60ee372d423cb7ae221174121bc322369,1785007750.0,False,393,51.75,12.8657413311476,-12.53,2.92,76.8818795344086,9f19a87362e0cbc2e32f49d43091210e53a87cca0338417a2cfc292901284561,0.969451977633159,0.0305480223668408,0.760701090021154,0.760701090021154,0.783470918829142,0.538302518648319,771.75,4.0,0.953,0.0227698288079879,0.0951522462429972,567.0,160cbfd8b6cc93c526c004af23bd21b369992e50,2026-08-18 08:07:04,2026-07-25 19:34:10,2026-07-25-DC-NY,empire,breeze,23,15,2026-07-25 14:00:00
khealey,0.14,83.08,wvandenbr,-6.64,88.76,0,0,0,"adowney,mlee2,wvandenbr,khealey,ilee,mwagner,ffarah",False,2026-07-25-DC-NY,16,12,3,9,73.0,2,2,False,False,394,away,303,1785007752.0,18,False,"adavis4,aatkins,jcowan,ddemarre,mlabar,srueschem,jwilliams",304,568,2591c1df02105b6ab7eed58e63bf9b38fa20c0635c780873453ba54dc5e87b60,1785007752.0,False,394,47.5,8.84481769173339,-6.78,5.68000000000001,50.0451350893831,a4703b2ed85ec03e8218f6dd8e28efe1c2c8939ffa33d7bc92c8c14e38ff6d4f,0.977430898008273,0.022569101991727,0.760701090021154,0.774551676369828,0.809278632136727,0.504183940143061,767.5,4.0,0.952,0.0347269557668988,0.145119573549118,568.0,8f42a3d63a826178134a17db0ec95af22550c552,2026-08-18 08:07:04,2026-07-25 19:34:10,2026-07-25-DC-NY,empire,breeze,23,15,2026-07-25 14:00:00
wvandenbr,-6.64,88.76,ffarah,-12.76,111.4,0,0,0,"adowney,mlee2,wvandenbr,khealey,ilee,mwagner,ffarah",False,2026-07-25-DC-NY,16,13,3,9,73.0,2,3,False,False,395,away,304,1785007761.0,19,False,"adavis4,aatkins,jcowan,ddemarre,mlabar,srueschem,jwilliams",305,569,a7c36fcc91bafdd53eff85919e2b9fdc288b8c2235046cb711fa2ed5c97c3f71,1785007761.0,False,395,43.25,23.4525904752545,-6.12,22.64,15.1265569602986,2a64dcdc738f66639fb0a4e0056e3a38ed0bfeec3c232badb4302e1ea8d4d5ce,0.900160724625101,0.0998392753748989,0.760701090021154,0.800669445452088,1.0,0.450984566603401,763.25,4.0,0.946,0.199330554547912,0.832977277520958,569.0,a7d37d3303ad74d2c91551d175c998536f05d8cd,2026-08-18 08:07:04,2026-07-25 19:34:10,2026-07-25-DC-NY,empire,breeze,23,15,2026-07-25 14:00:00
aatkins,11.52,6.06,srueschem,6.0,25.15,0,0,0,"aatkins,jcowan,ddemarre,bjagt,srueschem,jwilliams,nwhitlock",True,2026-07-25-DC-NY,16,13,3,10,39.0,1,1,True,True,396,home,266,1785007819.0,18,False,"jlightner,wvandenbr,cjurek,amerriman,mlee2,ilee,khealey",267,574,850a358a1da16341906d0335aeeb42e49a267b624841be3028a84d3f76ee6a40,1785007819.0,False,396,39.0,19.8720532406694,-5.52,19.09,16.1275758259598,20d6fcb396cd3c8dcf42d888ce1bd75d7924864b2bb9615ab450cdde6e1f4197,0.965943129739564,0.034056870260436,0.406485293044787,0.406485293044787,0.45702330007339,0.830074976610396,759.0,3.0,0.931,0.0505380070286031,0.085150387069375,574.0,7354e19fc8eb68ae32ebc70e003659d63159d7a7,2026-08-18 08:07:04,2026-07-25 19:34:10,2026-07-25-DC-NY,empire,breeze,23,15,2026-07-25 14:00:00
srueschem,6.0,25.15,ddemarre,13.64,34.63,0,0,0,"aatkins,jcowan,ddemarre,bjagt,srueschem,jwilliams,nwhitlock",True,2026-07-25-DC-NY,16,13,3,10,39.0,1,2,True,True,397,home,267,1785007822.0,18,False,"jlightner,wvandenbr,cjurek,amerriman,mlee2,ilee,khealey",268,575,962fa31edfdf4b856c02f99273fb60e0a5390311e5fbe753f28b5a7683192c13,1785007822.0,False,397,32.3333333333333,12.1753850041795,7.64,9.48,-38.8655900560761,87e1603a060814ed972fb5a703bc618b60a7a7d58fd8a6324099d6bbe35b79f7,0.983456091534845,0.0165439084651551,0.406485293044787,0.432963780127178,0.455927810071407,0.746286020752268,752.333333333333,3.0,0.931,0.0229640299442299,0.0386915937804432,575.0,5865055a96a6f0dd5c7fd4847513bc68dc6ef842,2026-08-18 08:07:04,2026-07-25 19:34:10,2026-07-25-DC-NY,empire,breeze,23,15,2026-07-25 14:00:00
ddemarre,13.64,34.63,aatkins,8.66,93.2,0,0,0,"aatkins,jcowan,ddemarre,bjagt,srueschem,jwilliams,nwhitlock",True,2026-07-25-DC-NY,16,13,3,10,39.0,1,3,True,True,398,home,268,1785007840.0,18,False,"jlightner,wvandenbr,cjurek,amerriman,mlee2,ilee,khealey",269,576,0abe510e2b3e125d70dd041095742bc07bd751a81885547513a2a5cecb267511,1785007840.0,False,398,25.6666666666667,58.7813346224803,-4.98,58.57,4.8599683180919,9e5bc412436cdd8ea65d1c4727fe33de1c2e093ce4d2292e0e0262659461a67e,0.589475903192856,0.410524096807144,0.406485293044787,0.429855180835774,0.787076072564941,0.41109631577591,745.666666666667,3.0,0.943,0.357220891729168,0.601873698398722,576.0,0c7131be7c03c7f69098f366cd6888cd2fdd5cb3,2026-08-18 08:07:04,2026-07-25 19:34:10,2026-07-25-DC-NY,empire,breeze,23,15,2026-07-25 14:00:00
aatkins,-3.28,93.61,srueschem,4.7,88.77,0,0,0,"aatkins,jcowan,ddemarre,bjagt,srueschem,jwilliams,nwhitlock",True,2026-07-25-DC-NY,16,13,3,10,19.0,1,4,True,True,399,home,270,1785008078.0,18,False,"jlightner,wvandenbr,cjurek,amerriman,ilee,khealey,mgrovic",271,579,090d8e8040092073f11095c5e500c29cee33bfe8318ed30c3b22d65f3ede4c5e,1785008078.0,False,399,19.0,9.33305951979307,7.98,-4.84,-121.237493932467,42a71d52003c45722b1b6456352092707e0a0663dc294e4bb885cf491156505d,0.977047459866801,0.0229525401331988,0.406485293044787,0.77158608471914,0.734466165943573,0.398493190633734,739.0,3.0,0.94,-0.0371199187755675,-0.0625425424855877,579.0,546403c13258e35559fd60f285fe8c1aeb9c8491,2026-08-18 08:07:04,2026-07-25 19:39:15,2026-07-25-DC-NY,empire,breeze,23,15,2026-07-25 14:00:00
srueschem,4.7,88.77,aatkins,-7.58,84.54,0,0,0,"aatkins,jcowan,ddemarre,bjagt,srueschem,jwilliams,nwhitlock",True,2026-07-25-DC-NY,16,13,3,10,19.0,1,5,True,True,400,home,271,1785008080.0,18,False,"jlightner,wvandenbr,cjurek,amerriman,ilee,khealey,mgrovic",272,580,c660cb5276638e516d213288b730093e9387389e157874304acf0649205ddc1e,1785008080.0,False,400,16.6666666666667,12.988121496198,-12.28,-4.22999999999999,109.006911064745,ae6831d110c99c7b6890c3a665bcce1faabc677530bdc1d959e7f88f1c4a59f3,0.971078979899497,0.0289210201005028,0.406485293044787,0.726173850994616,0.692156400486998,0.401848331743921,736.666666666667,3.0,0.939,-0.0340174505076175,-0.0573152612883517,580.0,32333f90fab4d555ace532aaaf164230970d70d4,2026-08-18 08:07:04,2026-07-25 19:39:15,2026-07-25-DC-NY,empire,breeze,23,15,2026-07-25 14:00:00
aatkins,-7.58,84.54,nwhitlock,22.5,116.93,0,0,0,"aatkins,jcowan,ddemarre,bjagt,srueschem,jwilliams,nwhitlock",True,2026-07-25-DC-NY,17,13,3,10,19.0,1,6,True,True,401,home,272,1785008084.0,19,False,"jlightner,wvandenbr,cjurek,amerriman,ilee,khealey,mgrovic",273,582,ca87f4a3f547471e51fcf50b7130e0eef0bee530cb34d31c82f1eb69aefce08c,1785008084.0,False,401,14.3333333333333,44.203150340219,30.08,32.39,-42.8822958934182,6221353518234303b0735d96b0b955abfaa5e61cd04c83cdeb0dbc040088a7d3,0.762773498134997,0.237226501865003,0.406485293044787,0.682871914316542,1.0,0.30597716567185,734.333333333333,3.0,0.948,0.317128085683458,0.534322202916176,582.0,7e15186c294a76d33605cb7fc12f8b4cc9307394,2026-08-18 08:07:04,2026-07-25 19:39:15,2026-07-25-DC-NY,empire,breeze,23,15,2026-07-25 14:00:00
jnissen,-1.54,10.55,smott,-15.67,24.02,0,0,0,"amerriman,jnissen,smott,mgrovic,cjurek,ffarah,ilee",False,2026-07-25-DC-NY,17,13,3,11,12.0,1,1,True,True,402,away,310,1785008143.0,18,False,"aagami,aatkins,relston,sjonas,jrandolph,nwhitlock,jcowan",311,586,ddea3d8a2a3603e0b2c5064e82e96c53e7bbe70c41c383f4e592b25fe9a1222d,1785008143.0,False,402,12.0,19.5217263580863,-14.13,13.47,46.3698553966186,9101c7ad55f5bd5f2523b13db81c6db06dd03288dcc290ca110bfea297d6d49b,0.975481725437821,0.0245182745621788,0.310733835465741,0.316991650386098,0.336848160408724,0.756909816945003,732.0,4.0,0.964,0.0198565100226262,0.0288081891210247,586.0,f915343fbb0c6fc31bbec05b96a66238e2d08246,2026-08-18 08:07:04,2026-07-25 19:39:15,2026-07-25-DC-NY,empire,breeze,23,15,2026-07-25 14:00:00
smott,-15.67,24.02,amerriman,-13.92,36.91,0,0,0,"amerriman,jnissen,smott,mgrovic,cjurek,ffarah,ilee",False,2026-07-25-DC-NY,17,13,3,11,12.0,1,2,True,True,403,away,311,1785008146.0,18,False,"aagami,aatkins,relston,sjonas,jrandolph,nwhitlock,jcowan",312,587,30cb7036266a2d98abe77f47928a99a88ea8b22364c56679f7f9a25e86c83951,1785008146.0,False,403,6.0,13.0082512275863,1.75,12.89,-7.73144278540779,6de3c4923a1445ec6eadd1b028d4e492b4a1cebe632e44c4c05d9d598ff83be8,0.977291231076367,0.0227087689236334,0.310733835465741,0.310733835465741,0.352259625087773,0.626784114798075,726.0,4.0,0.964,0.0415257896220321,0.0602463776095716,587.0,aa691561ba4f3d83f469d2805392db8d03440daf,2026-08-18 08:07:04,2026-07-25 19:39:15,2026-07-25-DC-NY,empire,breeze,23,15,2026-07-25 14:00:00
gnorrbom,-2.48,11.65,aroy,7.14,22.64,0,0,0,"jnissen,smott,jwodatch1,aroy,cboxley,tshapinsk,gnorrbom",False,2026-07-25-DC-NY,17,13,4,1,720.0,1,1,True,True,404,away,314,1785008396.0,18,False,"aagami,adavis2,mbrownlee,sjonas,jrandolph,dschnaudi,nwhitlock",315,594,a537042418f0def0e830adba1954c7b542d6e7fc55458e10cf4bd7dd8a1700d7,1785008396.0,False,404,720.0,14.6056324751789,9.62,10.99,-41.1969961006832,cfac0dd0770fb541fccff8fa65da59919a7c7d313a9b214f527d7b32b85e62db,0.982372109581013,0.0176278904189868,0.6689917146653,0.677427113563687,0.700540966873065,0.939861513034893,720.0,4.0,0.957,0.023113853309378,0.0698286246400339,594.0,86dba21159e31c37d906547d1e742b9fba9864ae,2026-08-18 08:07:04,2026-07-25 19:44:17,2026-07-25-DC-NY,empire,breeze,23,15,2026-07-25 14:00:00
aroy,7.14,22.64,jnissen,17.04,35.67,0,0,0,"jnissen,smott,jwodatch1,aroy,cboxley,tshapinsk,gnorrbom",False,2026-07-25-DC-NY,17,13,4,1,720.0,1,2,True,True,405,away,315,1785008399.0,18,False,"aagami,adavis2,mbrownlee,sjonas,jrandolph,dschnaudi,nwhitlock",316,595,84de83c747e08c8cc219fd55c5885011fa32950027e97d7787ca5da7bca8ebd1,1785008399.0,False,405,712.428571428571,16.364317889848,9.9,13.03,-37.2270287766684,dc46631d1ee48ecd72599f91d912988f27c754afbf2dd0c45421cfa2722e055c,0.978402502154365,0.0215974978456355,0.6689917146653,0.690527639506196,0.711085507006996,0.891700299564169,712.428571428571,4.0,0.956,0.0205578675008,0.0621068064203073,595.0,9061c0e770dfce7d35da6fdb7eb79235b4ce9f8e,2026-08-18 08:07:04,2026-07-25 19:44:17,2026-07-25-DC-NY,empire,breeze,23,15,2026-07-25 14:00:00
jnissen,17.04,35.67,aroy,4.77,26.15,0,0,0,"jnissen,smott,jwodatch1,aroy,cboxley,tshapinsk,gnorrbom",False,2026-07-25-DC-NY,17,13,4,1,720.0,1,3,True,True,406,away,316,1785008403.0,18,False,"aagami,adavis2,mbrownlee,sjonas,jrandolph,dschnaudi,nwhitlock",317,596,b8fa4b478bc97138d35d346ac6cf8edec819b3f3ab8b5fd8aadbec60cc84eaf1,1785008403.0,False,406,704.857142857143,15.5300772696082,-12.27,-9.52,127.807032512811,a187bd358aeec4ff04920264a88ecf24a5a606dbe67e3212fb30953d6c637ee6,0.984214851436562,0.0157851485634377,0.6689917146653,0.702319998529199,0.690854109967382,0.924649036377096,704.857142857143,4.0,0.957,-0.0114658885618171,-0.0346392796489167,596.0,65e7893f7d066fb6c252d4625409661269c8a7c4,2026-08-18 08:07:04,2026-07-29 08:08:24,2026-07-25-DC-NY,empire,breeze,23,15,2026-07-25 14:00:00
aroy,4.77,26.15,jnissen,-8.0,23.95,0,0,0,"jnissen,smott,jwodatch1,aroy,cboxley,tshapinsk,gnorrbom",False,2026-07-25-DC-NY,17,13,4,1,720.0,1,4,True,True,407,away,317,1785008406.0,18,False,"aagami,adavis2,mbrownlee,sjonas,jrandolph,dschnaudi,nwhitlock",318,597,126c8485d7202af954e685060bbd5a9cd4bbfd1a6b23f3fb8709935b76274405,1785008406.0,False,407,697.285714285714,12.9581210057631,-12.77,-2.2,99.7748944076779,05aa50c80571877715a11362a9741fc48728d080736e35446856d46febfffc6b,0.987479763537368,0.0125202364626322,0.6689917146653,0.682778800208801,0.676267672123607,0.928338333482892,697.285714285714,4.0,0.958,-0.00651112808519394,-0.0196705894494762,597.0,e5903df5c71b182b716bd32a21e3c9745206ea82,2026-08-18 08:07:04,2026-07-29 08:08:24,2026-07-25-DC-NY,empire,breeze,23,15,2026-07-25 14:00:00
jnissen,-8.0,23.95,smott,4.29,36.72,0,0,0,"jnissen,smott,jwodatch1,aroy,cboxley,tshapinsk,gnorrbom",False,2026-07-25-DC-NY,17,13,4,1,720.0,1,5,True,True,408,away,318,1785008410.0,18,False,"aagami,adavis2,mbrownlee,sjonas,jrandolph,dschnaudi,nwhitlock",319,598,5db9ec108ee6651134d04682477ac4b4e550da64cfa8b4225a88359284849f72,1785008410.0,False,408,689.714285714286,17.7233461851875,12.29,12.77,-43.9026890811269,305ca9ffa4ade38b41cd9982deb193a3fd447915be912fe7d17dddda24107da7,0.970941339726711,0.0290586602732891,0.6689917146653,0.6689917146653,0.706214399824599,0.882843298679304,689.714285714286,4.0,0.957,0.0372226851592984,0.11245242735136,598.0,2811b121a216f41318dc92ffa7c7474e92805d91,2026-08-18 08:07:04,2026-07-29 08:08:24,2026-07-25-DC-NY,empire,breeze,23,15,2026-07-25 14:00:00
smott,4.29,36.72,cboxley,-0.08,99.75,0,0,0,"jnissen,smott,jwodatch1,aroy,cboxley,tshapinsk,gnorrbom",False,2026-07-25-DC-NY,17,13,4,1,720.0,1,6,True,True,409,away,319,1785008422.0,18,False,"aagami,adavis2,mbrownlee,sjonas,jrandolph,dschnaudi,nwhitlock",320,599,a8f2f80941b37e93164ec0cd5aaa99b720b3fe3f0dea706b577f0747e6cba8fb,1785008422.0,False,409,682.142857142857,63.181308944972,-4.37,63.03,3.96608787422672,f52e3f5abccecca9292cc6ab093bae600b29874b21e1c1687c6b30f17828b99f,0.607880003708277,0.392119996291723,0.6689917146653,0.70020558108224,0.935505413870419,0.654557045218518,682.142857142857,4.0,0.945,0.235299832788179,0.710857834118126,599.0,572aa8008a4a3fb492eb27770b31512dbdb3ced0,2026-08-18 08:07:04,2026-07-29 08:08:24,2026-07-25-DC-NY,empire,breeze,23,15,2026-07-25 14:00:00
cboxley,0.0,100.0,tshapinsk,11.07,112.06,0,0,0,"jnissen,smott,jwodatch1,aroy,cboxley,tshapinsk,gnorrbom",False,2026-07-25-DC-NY,17,14,4,1,720.0,1,7,True,True,410,away,321,1785008445.0,19,False,"aagami,adavis2,mbrownlee,sjonas,jrandolph,dschnaudi,nwhitlock",322,601,6db294cba57f4f7e00cba444d4d224c8985d10f95cc1bb51d6180f308460ce0c,1785008445.0,False,410,674.571428571429,16.3703543028244,11.07,12.06,-42.549147362229,6f352f053dd85a8deab55bcbbd95fc67943a8de5c8994e7f6fb065c95910870e,0.937945708374394,0.0620542916256058,0.6689917146653,0.934713996683362,1.0,0.645012332000998,674.571428571429,4.0,0.943,0.0652860033166381,0.197233743713164,601.0,39be81135a4160527fbdcf6d1c75b02896c77863,2026-08-18 08:07:04,2026-07-25 19:44:17,2026-07-25-DC-NY,empire,breeze,23,15,2026-07-25 14:00:00
srueschem,1.29,1.9,mlabar,0.47,17.86,0,0,0,"adavis4,aatkins,ddemarre,bjagt,srueschem,jwilliams,mlabar",True,2026-07-25-DC-NY,17,14,4,2,667.0,1,1,True,True,411,home,281,1785008506.0,18,False,"mwagner,mgrovic,wvandenbr,ilee,lblumenfe,amerriman,khealey",282,606,8c25bc623a6d09506f05fb1271821a307b2aebc9389d890696e510e3dce6d3cf,1785008506.0,False,411,667.0,15.9810512795623,-0.82,15.96,2.94118194975438,cc8ce17be79a8c21286355bfa6adbc8a675bf3ed326cff386350d639efbeccce,0.98139189105176,0.0186081089482404,0.604608454613778,0.604608454613778,0.638335571571733,0.933416418995391,667.0,3.0,0.937,0.0337271169579554,0.0853005516974583,606.0,de3a434034618b50dae02c97e2889fa085e038fe,2026-08-18 08:07:04,2026-07-25 19:44:17,2026-07-25-DC-NY,empire,breeze,23,15,2026-07-25 14:00:00
mlabar,0.47,17.86,srueschem,7.91,11.45,0,0,0,"adavis4,aatkins,ddemarre,bjagt,srueschem,jwilliams,mlabar",True,2026-07-25-DC-NY,17,14,4,2,667.0,1,2,True,True,412,home,282,1785008511.0,18,False,"mwagner,mgrovic,wvandenbr,ilee,lblumenfe,amerriman,khealey",283,607,cc934bfd36307c7362bdb80198e60903a5147ebb954ed8ae24d3645c36e539c1,1785008511.0,False,412,657.0,9.82047351200542,7.44,-6.41,-130.746843584052,fad37abbdecec7cc16f444a07b92a3c3932d0b413031f489c86d2c2da2dd9ea5,0.99272587767557,0.00727412232442992,0.604608454613778,0.63313862024556,0.617163975897867,0.931661313354513,657.0,3.0,0.936,-0.0159746443476927,-0.0404020888511627,607.0,d6752f42c7b41158d506d47c6265652f82d02c2e,2026-08-18 08:07:04,2026-07-25 19:44:17,2026-07-25-DC-NY,empire,breeze,23,15,2026-07-25 14:00:00
srueschem,7.91,11.45,jwilliams,16.09,34.77,1,1,0,"adavis4,aatkins,ddemarre,bjagt,srueschem,jwilliams,mlabar",True,2026-07-25-DC-NY,17,14,4,2,667.0,1,3,True,True,413,home,283,1785008522.0,20,False,"mwagner,mgrovic,wvandenbr,ilee,lblumenfe,amerriman,khealey",284,609,bd28d6821954a8f6047508a1444c01c22c37476feff798a04c8a46e5e7e56258,1785008522.0,False,413,647.0,24.7130491845907,8.18,23.32,-19.3294352834198,e9d79d581bc600f09d362955d1d887eeeac9ac775f9bdbbbd38017d3663e14cc,0.950065378356437,1.0,0.604608454613778,0.613164522784128,0.662489623058904,0.872885092148764,647.0,3.0,0.89,-0.872885092148764,-0.872885092148764,609.0,f12bbdf033680b824303377295564f96dc8452de,2026-08-18 08:07:04,2026-07-25 19:44:17,2026-07-25-DC-NY,empire,breeze,23,15,2026-07-25 14:00:00
mgrovic,-19.97,97.5,,-17.71,110.46,1,0,0,"mwagner,mgrovic,wvandenbr,ilee,lblumenfe,amerriman,khealey",False,2026-07-25-DC-NY,17,14,4,2,667.0,2,1,False,False,414,away,325,1785008525.0,22,False,"adavis4,aatkins,ddemarre,bjagt,srueschem,jwilliams,mlabar",326,610,b717feb06e8723d273d4015c0b98a1ba872aafd50d832baf92943c6ae0a1b024,1785008525.0,False,414,637.0,13.1555767642472,2.26,12.96,-9.8919251007303,51d7b3f51a3f5e52e5ee1c86a5b1a96ad3048024738c275289ba0d2458b4d714,0.951509930443894,-0.951509930443894,0.913494459099062,0.913494459099062,0.952906514387829,0.611455273816726,637.0,3.0,0.936,-0.611455273816726,-0.611455273816726,610.0,3edf99cfe3ff84260778525ca93d2b690cec28ee,2026-08-18 08:07:04,2026-07-25 19:44:17,2026-07-25-DC-NY,empire,breeze,23,15,2026-07-25 14:00:00
srueschem,23.32,20.86,ddemarre,24.89,94.5,0,0,0,"adavis4,aatkins,ddemarre,bjagt,srueschem,jwilliams,mlabar",True,2026-07-25-DC-NY,17,14,4,2,667.0,3,1,True,True,415,home,285,1785008547.0,18,False,"mwagner,mgrovic,wvandenbr,ilee,lblumenfe,amerriman,khealey",286,612,88e7bf2a6fadfb66e3dad6aeef23a7f11e3040ff610392d603f08ebe3183d204,1785008547.0,False,415,627.0,73.6567342474536,1.57,73.64,-1.22135725523775,b1443dd6bfea680c408f8b613f6e77bf73c78f99600c27263360addab5af902c,0.325432771746599,0.674567228253401,0.580372666671677,0.580372666671677,0.887574109583408,0.575911581359212,627.0,3.0,0.949,0.307201442911731,0.732081584093027,612.0,03659d6420df04d85d94534a066caff126b7fcf0,2026-08-18 08:07:04,2026-07-25 19:44:17,2026-07-25-DC-NY,empire,breeze,23,15,2026-07-25 14:00:00
ddemarre,0.0,100.0,adavis4,13.84,107.65,0,0,0,"adavis4,aatkins,ddemarre,bjagt,srueschem,jwilliams,mlabar",True,2026-07-25-DC-NY,18,14,4,2,667.0,3,2,True,True,416,home,288,1785008566.0,19,False,"mwagner,mgrovic,wvandenbr,ilee,lblumenfe,amerriman,khealey",289,617,1193838411b05a9f997e71bd1b09ff5921206d4ed908ff6a5c130b36df07425a,1785008566.0,False,416,617.0,15.8135416652943,13.84,7.65000000000001,-61.0685670325355,86758baa02c2b37a93fc11943b5aef9f86415d63e56fff5075d2c56e9b55035f,0.946422441532245,0.053577558467755,0.580372666671677,0.929431233768893,1.0,0.621840811042722,617.0,3.0,0.952,0.0705687662311072,0.168170089568244,617.0,c4f08ae87059483b6c3782621032ed3fcfb8e5c1,2026-08-18 08:07:04,2026-07-25 19:44:17,2026-07-25-DC-NY,empire,breeze,23,15,2026-07-25 14:00:00
gnorrbom,-9.91,7.49,aroy,-0.95,20.38,0,0,0,"smott,gnorrbom,amerriman,jwodatch1,aroy,tshapinsk,cboxley",False,2026-07-25-DC-NY,18,14,4,3,607.0,1,1,True,True,417,away,329,1785008619.0,18,False,"lbarry,ochartock,relston,ofay,cpanarell,nwhitlock,jrandolph",330,621,ae4e11ced5553c005e441b0a8942c4565e53813f7a239462d2fd5c64c0a07dc7,1785008619.0,False,417,607.0,15.6982069039747,8.96,12.89,-34.8036462760307,1e9f800070484682e87da016f9aef34b1aded021c7b003bc32488b61af947e8e,0.980186855410052,0.0198131445899479,0.598156067300436,0.598156067300436,0.629887461362174,0.928222556872026,607.0,4.0,0.959,0.0317313940617385,0.0789644722232556,621.0,3b619a90f5975999ff24d3abeef8a020ee3d8b82,2026-08-18 08:07:04,2026-07-25 19:44:17,2026-07-25-DC-NY,empire,breeze,23,15,2026-07-25 14:00:00
aroy,-0.95,20.38,cboxley,17.6,24.64,0,0,0,"smott,gnorrbom,amerriman,jwodatch1,aroy,tshapinsk,cboxley",False,2026-07-25-DC-NY,18,14,4,3,607.0,1,2,True,True,418,away,330,1785008624.0,18,False,"lbarry,ochartock,relston,ofay,cpanarell,nwhitlock,jrandolph",331,622,b2b91ae8d7ad97def17488c7bbdae348ae161085003de86bb9f0e1e35f46a0ff,1785008624.0,False,418,602.764705882353,19.0328689377088,18.55,4.26,-77.0663049370584,7a67b6a3348fdef23d01fe8197460f0383aecb0bfecd53e0a463aa53a62fa88b,0.982067253599434,0.0179327464005657,0.598156067300436,0.630043056601368,0.62162342637445,0.90846662067788,602.764705882353,4.0,0.959,-0.00841963022691838,-0.020952488122331,622.0,befe9b5b3f70bc271feea001a793bb5f76706b3e,2026-08-18 08:07:04,2026-07-29 08:08:24,2026-07-25-DC-NY,empire,breeze,23,15,2026-07-25 14:00:00
cboxley,17.6,24.64,aroy,13.28,17.16,0,0,0,"smott,gnorrbom,amerriman,jwodatch1,aroy,tshapinsk,cboxley",False,2026-07-25-DC-NY,18,14,4,3,607.0,1,3,True,True,419,away,331,1785008629.0,18,False,"lbarry,ochartock,relston,ofay,cpanarell,nwhitlock,jrandolph",332,623,0cc806673fb3645c1ab8c63ae11649196f2b4527243d04a75379662a21da522a,1785008629.0,False,419,598.529411764706,8.63787010784487,-4.32,-7.48,149.991842993652,bd6959216c78736a8dfc18df7cc33b994c698abb11995d1f20858b910b0f9dc7,0.991620227857288,0.00837977214271168,0.598156067300436,0.621883696414227,0.615057823647519,0.927751671469465,598.529411764706,4.0,0.96,-0.00682587276670765,-0.0169863775741289,623.0,4c8b3502a45788abaac256ac5aa57615a2bf0df2,2026-08-18 08:07:04,2026-07-29 08:08:24,2026-07-25-DC-NY,empire,breeze,23,15,2026-07-25 14:00:00
aroy,13.28,17.16,cboxley,-0.04,18.32,0,0,0,"smott,gnorrbom,amerriman,jwodatch1,aroy,tshapinsk,cboxley",False,2026-07-25-DC-NY,18,14,4,3,607.0,1,4,True,True,420,away,332,1785008631.0,18,False,"lbarry,ochartock,relston,ofay,cpanarell,nwhitlock,jrandolph",333,624,aa99038fc48272ed5ef95fe8d230a29e3b9fcca47292c2e67bf1d714adabfed3,1785008631.0,False,420,594.294117647059,13.3704151020079,-13.32,1.16,85.0228346536194,e482989298d23d50a376e324e1944959facdeaccbfef55e462924480638a0dbf,0.986352231583619,0.0136477684163812,0.598156067300436,0.615413499942017,0.625582423000935,0.929618650125057,594.294117647059,4.0,0.959,0.0101689230589188,0.0253056528453835,624.0,7c4301c4d871c5ee63531f8f239dcf18a56726f4,2026-08-18 08:07:04,2026-07-29 08:08:24,2026-07-25-DC-NY,empire,breeze,23,15,2026-07-25 14:00:00
cboxley,-0.04,18.32,gnorrbom,-1.34,28.97,0,0,0,"smott,gnorrbom,amerriman,jwodatch1,aroy,tshapinsk,cboxley",False,2026-07-25-DC-NY,18,14,4,3,607.0,1,5,True,True,421,away,333,1785008635.0,18,False,"lbarry,ochartock,relston,ofay,cpanarell,nwhitlock,jrandolph",334,625,902375ab4f378eadb154c6fde64a1d9867df0481a2f279782f947d7a916250de,1785008635.0,False,421,590.058823529412,10.7290493521094,-1.3,10.65,6.95942207149898,16f4c2c440f6dce188091d7b645bc0d5caea630797800050b1d7fb424156329d,0.986475385000698,0.0135246149993021,0.598156067300436,0.626016796129165,0.654305621372253,0.899160567670241,590.058823529412,4.0,0.958,0.0282888252430874,0.0703975422822605,625.0,8200ca623c85b03ca79fb5a52a1c0ac693f050ce,2026-08-18 08:07:04,2026-07-29 08:08:24,2026-07-25-DC-NY,empire,breeze,23,15,2026-07-25 14:00:00
gnorrbom,-1.34,28.97,tshapinsk,-14.39,31.71,0,0,0,"smott,gnorrbom,amerriman,jwodatch1,aroy,tshapinsk,cboxley",False,2026-07-25-DC-NY,18,14,4,3,607.0,1,6,True,True,422,away,334,1785008638.0,18,False,"lbarry,ochartock,relston,ofay,cpanarell,nwhitlock,jrandolph",335,626,fe013af141cb0a95698a2be3141dcff7cb9681d2c8c0a2c489339ca761fcc9cc,1785008638.0,False,422,585.823529411765,13.3345453615787,-13.05,2.74,78.1423234147386,9222267f5ba2bfdde6872ffc0e7628338fc02b710986a697dcfd7dc9627e37d3,0.985313331342313,0.0146866686576872,0.598156067300436,0.65479490936875,0.655044187816929,0.884806603969811,585.823529411765,4.0,0.958,0.000249278448179902,0.000620336473678384,626.0,ccbf29d09e6ffce07bfb151e69c4996d2fdbfe30,2026-08-18 08:07:04,2026-07-29 08:08:24,2026-07-25-DC-NY,empire,breeze,23,15,2026-07-25 14:00:00
tshapinsk,-14.39,31.71,gnorrbom,-16.58,40.36,0,0,0,"smott,gnorrbom,amerriman,jwodatch1,aroy,tshapinsk,cboxley",False,2026-07-25-DC-NY,18,14,4,3,607.0,1,7,True,True,423,away,335,1785008641.0,18,False,"lbarry,ochartock,relston,ofay,cpanarell,nwhitlock,jrandolph",336,627,2ad51e860fd69a90eb3d7048dd7b9112a7841f10e05dc49148541b191ff17436,1785008641.0,False,423,581.588235294118,8.92292552921966,-2.19,8.65,14.2075540676952,f5b887e8f3c54adee782950feb9edc2191da1f18cece4801b0b0254ca2923e3a,0.986621151826391,0.0133788481736095,0.598156067300436,0.65559294701091,0.67906881763549,0.845192340252099,581.588235294118,4.0,0.958,0.0234758706245802,0.0584203684919931,627.0,b488d32c58a04899a3cf7176012a1a682388f723,2026-08-18 08:07:04,2026-07-29 08:08:24,2026-07-25-DC-NY,empire,breeze,23,15,2026-07-25 14:00:00
gnorrbom,-16.58,40.36,tshapinsk,-18.16,49.77,0,0,0,"smott,gnorrbom,amerriman,jwodatch1,aroy,tshapinsk,cboxley",False,2026-07-25-DC-NY,18,14,4,3,607.0,1,8,True,True,424,away,336,1785008643.0,18,False,"lbarry,ochartock,relston,ofay,cpanarell,nwhitlock,jrandolph",337,628,080bf20a9bf660605b9a3ad36ebfd7a3b03b59b2e8d73c516f52103c3a3f5507,1785008643.0,False,424,577.352941176471,9.54172416285443,-1.58,9.41,9.53142459640038,0f0610e00f74fcd60583a21e60327a220523db6b66a16edb0750e83491878c9b,0.984983224220097,0.0150167757799027,0.598156067300436,0.679646424052394,0.710509467383461,0.798710144434511,577.352941176471,4.0,0.957,0.030863043331067,0.076803556852858,628.0,bc72a4365080e905817a12e254e167a3e9485d7c,2026-08-18 08:07:04,2026-07-29 08:08:24,2026-07-25-DC-NY,empire,breeze,23,15,2026-07-25 14:00:00
tshapinsk,-18.16,49.77,smott,0.29,53.22,0,0,0,"smott,gnorrbom,amerriman,jwodatch1,aroy,tshapinsk,cboxley",False,2026-07-25-DC-NY,18,14,4,3,607.0,1,9,True,True,425,away,337,1785008648.0,18,False,"lbarry,ochartock,relston,ofay,cpanarell,nwhitlock,jrandolph",338,629,ace0cdee52081ffa0f5f55ad380df1883ab6b57cfd300bff7f5d2f582624c8fe,1785008648.0,False,425,573.117647058824,18.7697895566253,18.45,3.45,-79.4084722520286,cf92c0623d7fa7ba6fb08529e1290a9cb5919c5bf0a8352b235f45ac6956665d,0.96300703667315,0.0369929633268503,0.598156067300436,0.711091288089879,0.741167267281312,0.798664546314157,573.117647058824,4.0,0.956,0.030075979191433,0.0748449254649295,629.0,44e7baa7428ac65664f8f9531cfd6e55051ddf30,2026-08-18 08:07:04,2026-07-29 08:08:24,2026-07-25-DC-NY,empire,breeze,23,15,2026-07-25 14:00:00
smott,0.29,53.22,gnorrbom,-13.34,60.65,0,0,0,"smott,gnorrbom,amerriman,jwodatch1,aroy,tshapinsk,cboxley",False,2026-07-25-DC-NY,18,14,4,3,607.0,1,10,True,True,426,away,338,1785008652.0,18,False,"lbarry,ochartock,relston,ofay,cpanarell,nwhitlock,jrandolph",339,630,0a1d4a4c5854813cac8388506ad9ba95f324aa005a854129f1503a991e2d66d0,1785008652.0,False,426,568.882352941176,15.5235885026626,-13.63,7.43,61.4042685686374,e2afe036fc6ab7dadab05e865dcbc3d86fe054f5c9d0d898f1157eed17fb7a95,0.972781085530038,0.0272189144699621,0.598156067300436,0.741735796613746,0.767834685811226,0.76138147518979,568.882352941176,4.0,0.954,0.0260988891974805,0.0649478244505265,630.0,53ee18bffd57386c0ae3d3f0d2ed17ffdc20d6b0,2026-08-18 08:07:04,2026-07-25 19:44:17,2026-07-25-DC-NY,empire,breeze,23,15,2026-07-25 14:00:00
gnorrbom,-13.34,60.65,smott,-3.61,69.67,0,0,0,"smott,gnorrbom,amerriman,jwodatch1,aroy,tshapinsk,cboxley",False,2026-07-25-DC-NY,18,14,4,3,607.0,1,11,True,True,427,away,339,1785008654.0,18,False,"lbarry,ochartock,relston,ofay,cpanarell,nwhitlock,jrandolph",340,631,1e2a96d69a362b0d6aec12856fac633cafa7b1eccd2fbeb3dbba80a447d90c1d,1785008654.0,False,427,564.647058823529,13.2677541430342,9.73,9.02,-47.168564090148,06bc15093c815f164b2cb69e5efb476fc0d1331a4143555a212f39929ca2b08b,0.970779689918211,0.0292203100817895,0.598156067300436,0.768379305931271,0.812075235328742,0.730649321723886,564.647058823529,4.0,0.952,0.0436959293974716,0.1087385570411,631.0,79973bcaa3a0a91e2e98f304b2b916c6940a206c,2026-08-18 08:07:04,2026-07-29 08:08:24,2026-07-25-DC-NY,empire,breeze,23,15,2026-07-25 14:00:00
smott,-3.61,69.67,cboxley,16.09,79.35,0,0,0,"smott,gnorrbom,amerriman,jwodatch1,aroy,tshapinsk,cboxley",False,2026-07-25-DC-NY,18,14,4,3,607.0,1,12,True,True,428,away,340,1785008657.0,18,False,"lbarry,ochartock,relston,ofay,cpanarell,nwhitlock,jrandolph",341,632,ea613f5241e453478e6c9fdbdffe94246b13f9f9dc89ff7873cedfb8cf955e55,1785008657.0,False,428,560.411764705882,21.9497699304571,19.7,9.67999999999999,-63.8318570018293,25f923b29ff6ed2b228de2645dd99af2e1732d6a9006aa5443be48c39a9eeb28,0.950098467768386,0.0499015322316136,0.598156067300436,0.81254879992513,0.846702788407627,0.684543259083704,560.411764705882,4.0,0.951,0.0341539884824971,0.0849931670065355,632.0,6116e2ed1b0f01cdd1dbb15123c5ceebcfc814b7,2026-08-18 08:07:04,2026-07-29 08:08:24,2026-07-25-DC-NY,empire,breeze,23,15,2026-07-25 14:00:00
cboxley,16.09,79.35,amerriman,13.0,84.71,0,0,0,"smott,gnorrbom,amerriman,jwodatch1,aroy,tshapinsk,cboxley",False,2026-07-25-DC-NY,18,14,4,3,607.0,1,13,True,True,429,away,341,1785008661.0,18,False,"lbarry,ochartock,relston,ofay,cpanarell,nwhitlock,jrandolph",342,633,4d4210980b097df01cefc5a954e591cf226d114d536afe628803ca5e303c11c8,1785008661.0,False,429,556.176470588235,6.18689744540832,-3.09,5.36,29.9631279981576,dfd0ffff2edc587e0a00a679166988bd55003865629f2a1d67416f885153e3fb,0.980017520620849,0.019982479379151,0.598156067300436,0.847106181364296,0.873758211150802,0.673149305722955,556.176470588235,4.0,0.949,0.0266520297865056,0.0663243304619752,633.0,d9a27b3857f0aeb000dac52f100e86dcd9b94da6,2026-08-18 08:07:04,2026-07-29 08:08:24,2026-07-25-DC-NY,empire,breeze,23,15,2026-07-25 14:00:00
amerriman,13.0,84.71,,-7.73,117.96,1,0,0,"smott,gnorrbom,amerriman,jwodatch1,aroy,tshapinsk,cboxley",False,2026-07-25-DC-NY,18,14,4,3,607.0,1,14,True,True,430,away,342,1785008664.0,22,False,"lbarry,ochartock,relston,ofay,cpanarell,nwhitlock,jrandolph",343,634,e0da9ce84e1857190378db9a20fefe08edec59374702de995d0a1bf6ac2fae52,1785008664.0,False,430,551.941176470588,39.1828457363678,-20.73,33.25,31.9418332014092,8541bd62baf7ede4d36027b55a5b6aec1d3885c41ddc20b6a0ca8c26975d5c51,0.755402384203006,-0.755402384203006,0.598156067300436,0.874096778380738,0.969169481491003,0.634750021846988,551.941176470588,4.0,0.972,-0.634750021846988,-0.634750021846988,634.0,2d2092148ab236d4e8b25f320283e43f9454df59,2026-08-18 08:07:04,2026-07-29 08:08:24,2026-07-25-DC-NY,empire,breeze,23,15,2026-07-25 14:00:00
lbarry,-9.42,19.22,jrandolph,-16.1,34.15,0,0,0,"lbarry,ochartock,relston,ofay,cpanarell,nwhitlock,jrandolph",True,2026-07-25-DC-NY,18,14,4,3,607.0,2,1,False,False,431,home,292,1785008683.0,18,False,"smott,gnorrbom,amerriman,jwodatch1,aroy,tshapinsk,cboxley",293,636,71d227bb6838fb3dea0d6a47e08f3007661664415e2e85b3da3ddf6aae4915d9,1785008683.0,False,431,547.705882352941,16.3562617978559,-6.68,14.93,24.1047589150021,a1f113a7311385899865a2e15f0c869eeadaf6424ed0420ef730c9377803eca8,0.975835206552809,0.0241647934471909,0.632783828355714,0.632783828355714,0.664704849488302,0.875543640379319,547.705882352941,4.0,0.972,0.0319210211325887,0.0869270571327392,636.0,2e239f2582768de59790d4ff616b9a870839df65,2026-08-18 08:07:04,2026-07-25 19:49:20,2026-07-25-DC-NY,empire,breeze,23,15,2026-07-25 14:00:00
jrandolph,-16.1,34.15,nwhitlock,-11.94,43.84,0,0,0,"lbarry,ochartock,relston,ofay,cpanarell,nwhitlock,jrandolph",True,2026-07-25-DC-NY,18,14,4,3,607.0,2,2,False,False,432,home,293,1785008692.0,18,False,"smott,gnorrbom,amerriman,jwodatch1,aroy,tshapinsk,cboxley",294,637,c46d3c827cdb744b0c17b4c40aad1c5238229273961d41c536867599ee27df8b,1785008692.0,False,432,543.470588235294,10.5452216667076,4.16,9.69,-23.2342621436508,369e9177fa7c32b9c9da035d21456886ffee110b07a6786c84e76698e7f7c761,0.980059661261654,0.0199403387383462,0.632783828355714,0.665343305858596,0.705677384797595,0.839613998277672,543.470588235294,4.0,0.973,0.0403340789389995,0.109837425618799,637.0,94fb33b2030ca8cf6b97843c961acf0fc69e86a4,2026-08-18 08:07:04,2026-07-25 19:49:20,2026-07-25-DC-NY,empire,breeze,23,15,2026-07-25 14:00:00
nwhitlock,-11.94,43.84,jrandolph,-1.64,39.06,0,0,0,"lbarry,ochartock,relston,ofay,cpanarell,nwhitlock,jrandolph",True,2026-07-25-DC-NY,18,14,4,3,607.0,2,3,False,False,433,home,294,1785008695.0,18,False,"smott,gnorrbom,amerriman,jwodatch1,aroy,tshapinsk,cboxley",295,638,fa4d430756d2583b459da111c0d1581a4960cff364c1995026ac03c1ef918c70,1785008695.0,False,433,539.235294117647,11.3551045789988,10.3,-4.78,-114.894961805365,dcb0bfb46ae921ac2fc2f0eb7be8467593926f4aa0d32e3b6c2f629e1813d7b0,0.986644106155598,0.0133558938444015,0.632783828355714,0.70623740725626,0.693384168692194,0.862898025556441,539.235294117647,4.0,0.973,-0.0128532385640659,-0.0350018315002657,638.0,c389191d8e96a1e3f743a7efd61585c2f90e697a,2026-08-18 08:07:04,2026-07-25 19:49:20,2026-07-25-DC-NY,empire,breeze,23,15,2026-07-25 14:00:00
jrandolph,-1.64,39.06,nwhitlock,3.2,45.27,0,0,0,"lbarry,ochartock,relston,ofay,cpanarell,nwhitlock,jrandolph",True,2026-07-25-DC-NY,18,14,4,3,607.0,2,4,False,False,434,home,295,1785008731.0,18,False,"smott,gnorrbom,amerriman,jwodatch1,aroy,tshapinsk,cboxley",296,640,5c2376a93ae2fb2cd9f48fd06a62896b69f0b3b2bf567668775cee10273ac47f,1785008731.0,False,434,535.0,7.8733537961913,4.84,6.21,-37.9324262090628,ea0515f277aed3d87c83153cd96cca09781af89bbd96e1a6d8a9380b050d6e60,0.987926056166658,0.0120739438333419,0.632783828355714,0.693916619356855,0.715613955232694,0.836976454172315,535.0,4.0,0.973,0.0216973358758387,0.0590860031536312,640.0,e3070c7dd163ced3405214039e2089eb48bb9e84,2026-08-18 08:07:04,2026-07-25 19:49:20,2026-07-25-DC-NY,empire,breeze,23,15,2026-07-25 14:00:00
nwhitlock,3.2,35.27,lbarry,-8.39,34.36,0,0,0,"lbarry,ochartock,relston,ofay,cpanarell,nwhitlock,jrandolph",True,2026-07-25-DC-NY,18,14,4,3,607.0,2,5,False,False,435,home,297,1785008748.0,18,False,"smott,gnorrbom,amerriman,jwodatch1,aroy,tshapinsk,cboxley",298,642,ff931e09179fe34783ffd5e96e385ce48bd04cb19263cfc6eb6e8bdff939db25,1785008748.0,False,435,530.764705882353,11.6256698731729,-11.59,-0.910000000000004,94.4894229667671,01652217f5d3149b2ff4eb983c5e6b2ac13228fc5fd08d5ad5e51227a3e5958e,0.986883776935628,0.0131162230643724,0.632783828355714,0.681928797059483,0.677835683633016,0.881611750923221,530.764705882353,4.0,0.972,-0.00409311342646723,-0.0111463321676152,642.0,dfd15f8c2bb7e6f6f6f8ba87e87f0f0f84bcba6e,2026-08-18 08:07:04,2026-07-25 19:49:20,2026-07-25-DC-NY,empire,breeze,23,15,2026-07-25 14:00:00
lbarry,-8.39,34.36,jrandolph,-12.14,47.79,0,0,0,"lbarry,ochartock,relston,ofay,cpanarell,nwhitlock,jrandolph",True,2026-07-25-DC-NY,18,14,4,3,607.0,2,6,False,False,436,home,298,1785008751.0,18,False,"smott,gnorrbom,amerriman,jwodatch1,aroy,tshapinsk,cboxley",299,643,e00d25274f0be42f150aa9849128a382e5ffa44cc8587b8d0523f73cf5cac6cc,1785008751.0,False,436,526.529411764706,13.9437226019453,-3.75,13.43,15.6010947994412,a33ba20631b7afbb70adab7ae9e15d133ec41f5a3a8ff72e2431b92045424c1c,0.974165663818107,0.0258343361818928,0.632783828355714,0.678301606807001,0.722086767300763,0.823623527413235,526.529411764706,4.0,0.973,0.0437851604937617,0.119235381975975,643.0,58b269035f14fff17ec2da92b07ffcfe47fee648,2026-08-18 08:07:04,2026-07-25 19:49:20,2026-07-25-DC-NY,empire,breeze,23,15,2026-07-25 14:00:00
jrandolph,-12.14,47.79,,-9.48,114.95,1,0,0,"lbarry,ochartock,relston,ofay,cpanarell,nwhitlock,jrandolph",True,2026-07-25-DC-NY,18,14,4,3,607.0,2,7,False,False,437,home,299,1785008758.0,22,False,"smott,gnorrbom,amerriman,jwodatch1,aroy,tshapinsk,cboxley",300,645,590b9436127cd49e1c0660c496e7d6e60b1d0d862c33e13a8454d236e1e27b45,1785008758.0,False,437,522.294117647059,67.212656546219,2.66,67.16,-2.26812320669247,80c3590ce257cdcf04cf6bdb3cae903b208fd64a5969c24855ed70363a814b92,0.563211781969474,-0.563211781969474,0.632783828355714,0.722479427083038,0.96510924515299,0.637739910318949,522.294117647059,4.0,0.959,-0.637739910318949,-0.637739910318949,645.0,852315379eba6899fed6f678da96836ad311612c,2026-08-18 08:07:04,2026-07-25 19:49:20,2026-07-25-DC-NY,empire,breeze,23,15,2026-07-25 14:00:00
amerriman,18.42,19.49,smott,1.31,35.6,0,0,0,"smott,gnorrbom,amerriman,jwodatch1,aroy,tshapinsk,cboxley",False,2026-07-25-DC-NY,18,14,4,3,607.0,3,1,True,True,438,away,345,1785008767.0,18,False,"lbarry,ochartock,relston,ofay,cpanarell,nwhitlock,jrandolph",346,646,7d82f7c0207bf6e1f53f9c1fab8a5293533497c4671a015c2d4c005234e9c053,1785008767.0,False,438,518.058823529412,23.5007276483091,-17.11,16.11,46.7242168181868,863c138390c1d91cedcd3b40f738f5250d9804298c040c2d8c71493cba4968f4,0.947086778141389,0.052913221858611,0.616233344182793,0.616233344182793,0.684395689769739,0.87807432466197,518.058823529412,4.0,0.958,0.0681623455869462,0.177614038514625,646.0,5b16ef050fb0b505772b9fe21645a0ad1d3de1bd,2026-08-18 08:07:04,2026-07-29 08:08:24,2026-07-25-DC-NY,empire,breeze,23,15,2026-07-25 14:00:00
smott,1.31,35.6,aroy,-0.52,41.6,0,0,0,"smott,gnorrbom,amerriman,jwodatch1,aroy,tshapinsk,cboxley",False,2026-07-25-DC-NY,18,14,4,3,607.0,3,2,True,True,439,away,346,1785008769.0,18,False,"lbarry,ochartock,relston,ofay,cpanarell,nwhitlock,jrandolph",347,647,35bfa205f6fe115c1589d4c7c5eb9ee154f42c0fef0757d77502ff2d7a27ed2c,1785008769.0,False,439,513.823529411765,6.27287015647542,-1.83,6.0,16.9617058865329,c73edd2eb0fb77fb70b17c0750c13a1109cbd6f1ae85edea09c6f5cdd4884a8a,0.99002639657665,0.00997360342335007,0.616233344182793,0.684745767392236,0.704707182351083,0.853887155246119,513.823529411765,4.0,0.957,0.0199614149588474,0.0520144589329701,647.0,1a4e4e60cc2d7dc6e8246526ce27c4f5034c08c9,2026-08-18 08:07:04,2026-07-29 08:08:24,2026-07-25-DC-NY,empire,breeze,23,15,2026-07-25 14:00:00
aroy,-0.52,41.6,jwodatch1,-1.14,48.6,0,0,0,"smott,gnorrbom,amerriman,jwodatch1,aroy,tshapinsk,cboxley",False,2026-07-25-DC-NY,18,14,4,3,607.0,3,3,True,True,440,away,347,1785008774.0,18,False,"lbarry,ochartock,relston,ofay,cpanarell,nwhitlock,jrandolph",348,648,bbaae6ef17befa259faef843c8b276c3d76759ff60897dd453f46e199ddc5d9f,1785008774.0,False,440,509.588235294118,7.02740350342856,-0.62,7.0,5.06156080898198,dc6efa3801ed63811742cd50d12d4458f7b1a54941ad02f50ac46d945c1cdaa8,0.988258139049983,0.0117418609500166,0.616233344182793,0.705011288513119,0.73038537138591,0.824433353660982,509.588235294118,4.0,0.956,0.0253740828727912,0.0661185188659986,648.0,4e859f5edde691349332f859e9f29708d384af08,2026-08-18 08:07:04,2026-07-29 08:08:24,2026-07-25-DC-NY,empire,breeze,23,15,2026-07-25 14:00:00
jwodatch1,-1.14,48.6,aroy,-18.23,51.69,0,0,0,"smott,gnorrbom,amerriman,jwodatch1,aroy,tshapinsk,cboxley",False,2026-07-25-DC-NY,18,14,4,3,607.0,3,4,True,True,441,away,348,1785008777.0,18,False,"lbarry,ochartock,relston,ofay,cpanarell,nwhitlock,jrandolph",349,649,6e74ee7002b2773e1aa433faf55e4d062e57b197e2cdb7089e5047035ead444b,1785008777.0,False,441,505.352941176471,17.3671010822186,-17.09,3.09,79.7512188071929,52ac728ecd7e481b06131804170fcdb3649d640055cc59ca728f7fcfe47599f5,0.979332619902661,0.0206673800973386,0.616233344182793,0.730642914961423,0.72650597436567,0.796430633898492,505.352941176471,4.0,0.956,-0.00413694059575309,-0.010779833351972,649.0,60c43e4a8e3aa80aacc57bc70ef6f48bfcdc758e,2026-08-18 08:07:04,2026-07-29 08:08:24,2026-07-25-DC-NY,empire,breeze,23,15,2026-07-25 14:00:00
aroy,-18.23,51.69,gnorrbom,-20.08,65.42,0,0,0,"smott,gnorrbom,amerriman,jwodatch1,aroy,tshapinsk,cboxley",False,2026-07-25-DC-NY,18,14,4,3,607.0,3,5,True,True,442,away,349,1785008779.0,18,False,"lbarry,ochartock,relston,ofay,cpanarell,nwhitlock,jrandolph",350,650,3d24957f6ca8371b8677e73a754b1714925f7ee1fc2d07b89cececfb37ceaf87,1785008779.0,False,442,501.117647058824,13.8540752127307,-1.85,13.73,7.6738981525707,fff2da3cb015ad5dde3180815d8d77193b57c958746bc350a5a41a461af1f5cf,0.973498703952073,0.0265012960479273,0.616233344182793,0.726736495119866,0.779432975618304,0.728865570236505,501.117647058824,4.0,0.954,0.0526964804984384,0.137313859085085,650.0,8f540d81b1c826dd53ca4218b38449dfe57d6819,2026-08-18 08:07:04,2026-07-29 08:08:24,2026-07-25-DC-NY,empire,breeze,23,15,2026-07-25 14:00:00
gnorrbom,-20.08,65.42,cboxley,-20.77,79.83,0,0,0,"smott,gnorrbom,amerriman,jwodatch1,aroy,tshapinsk,cboxley",False,2026-07-25-DC-NY,18,14,4,3,607.0,3,6,True,True,443,away,350,1785008782.0,18,False,"lbarry,ochartock,relston,ofay,cpanarell,nwhitlock,jrandolph",351,651,e38b13ad36c59281a80d0f31a738899f8c7df636087d16bce68dc321bd195179,1785008782.0,False,443,496.882352941176,14.4265103195471,-0.690000000000001,14.41,2.74142362910162,5ce432645c2f307c0aa126f5e770d7dd5373437b717300490ec12d63a804df84,0.965923027549603,0.0340769724503968,0.616233344182793,0.779608031540448,0.843220115682002,0.668875354682026,496.882352941176,4.0,0.951,0.0636120841415541,0.165757194319283,651.0,4e561e95c6e765190faadb0cdddc5799259d70c8,2026-08-18 08:07:04,2026-07-29 08:08:24,2026-07-25-DC-NY,empire,breeze,23,15,2026-07-25 14:00:00
cboxley,-20.77,79.83,gnorrbom,-20.7,71.87,0,0,0,"smott,gnorrbom,amerriman,jwodatch1,aroy,tshapinsk,cboxley",False,2026-07-25-DC-NY,18,14,4,3,607.0,3,7,True,True,444,away,351,1785008786.0,18,False,"lbarry,ochartock,relston,ofay,cpanarell,nwhitlock,jrandolph",352,652,a18b96c8446b9f50f5379701c2d68df4197281792563ebfbfaeace4f81737694,1785008786.0,False,444,492.647058823529,7.96030778299432,0.0700000000000003,-7.95999999999999,-179.496155630289,dd56a684e39d165c3f926c4a42297a821fe1419742ac1290478b5704ca042047,0.985520867646735,0.0144791323532648,0.616233344182793,0.843336738999968,0.806993041231942,0.699636777212219,492.647058823529,4.0,0.953,-0.0363436977680254,-0.0947025939255554,652.0,3e74ee96bb23f5da86162dfad2b006f87060b751,2026-08-18 08:07:04,2026-07-29 08:08:24,2026-07-25-DC-NY,empire,breeze,23,15,2026-07-25 14:00:00
gnorrbom,-20.7,71.87,smott,1.13,70.64,0,0,0,"smott,gnorrbom,amerriman,jwodatch1,aroy,tshapinsk,cboxley",False,2026-07-25-DC-NY,18,14,4,3,607.0,3,8,True,True,445,away,352,1785008789.0,18,False,"lbarry,ochartock,relston,ofay,cpanarell,nwhitlock,jrandolph",353,653,841bdb3fd11209e0242faaa94cb03d859438f5f8a11694e9b45ccf4a0551cc26,1785008789.0,False,445,488.411764705882,21.8646243964995,21.83,-1.23,-93.2248911036708,a12b6b6f4d4638688d8234397cbdc019ee3444459dcc14c20b1a2999c5c6f14c,0.94344143720161,0.0565585627983897,0.616233344182793,0.807110167143957,0.821930551549045,0.73427367038084,488.411764705882,4.0,0.952,0.0148203844050888,0.0386182180771535,653.0,8805cb330b8cad8267c6b046a4bb20937688c3e6,2026-08-18 08:07:04,2026-07-29 08:08:24,2026-07-25-DC-NY,empire,breeze,23,15,2026-07-25 14:00:00
smott,1.13,70.64,gnorrbom,-14.8,70.98,0,0,0,"smott,gnorrbom,amerriman,jwodatch1,aroy,tshapinsk,cboxley",False,2026-07-25-DC-NY,18,14,4,3,607.0,3,9,True,True,446,away,353,1785008791.0,18,False,"lbarry,ochartock,relston,ofay,cpanarell,nwhitlock,jrandolph",354,654,a507b61bd9d6be0b8271279b0d9397d29477141935c42bd591cdec2ed705b676,1785008791.0,False,446,484.176470588235,15.9336279610138,-15.93,0.340000000000003,88.7773002017936,29cba6590be3a9dc65c539c176bec95d0ba53f4e3c4b73e1d4f1c3f6aa0e1be9,0.972748892164099,0.027251107835901,0.616233344182793,0.822022404446444,0.817744584372483,0.724096287272899,484.176470588235,4.0,0.952,-0.00427782007396116,-0.01114693006575,654.0,e2d00399a91623a54795d3d047c7820c46d7586c,2026-08-18 08:07:04,2026-07-29 08:08:24,2026-07-25-DC-NY,empire,breeze,23,15,2026-07-25 14:00:00
gnorrbom,-14.8,70.98,amerriman,-2.44,80.04,0,0,0,"smott,gnorrbom,amerriman,jwodatch1,aroy,tshapinsk,cboxley",False,2026-07-25-DC-NY,18,14,4,3,607.0,3,10,True,True,447,away,354,1785008793.0,18,False,"lbarry,ochartock,relston,ofay,cpanarell,nwhitlock,jrandolph",355,655,0837827387b2a8da013dc1fe56c1e29ed205e36e097d393f12a1ef68722a5fcb,1785008793.0,False,447,479.941176470588,15.3249208807093,12.36,9.06,-53.7582219928577,1f27b7670906b44c6de1082042083c7439a52891f20579f8ae0e46b4d9d76199,0.960673649126139,0.0393263508738613,0.616233344182793,0.817820444053106,0.861531687476079,0.700625406013912,479.941176470588,4.0,0.95,0.0437112434229723,0.113900576718662,655.0,87d3e6c00b4f0e57fc3c7443ee8350177bf21a22,2026-08-18 08:07:04,2026-07-29 08:08:24,2026-07-25-DC-NY,empire,breeze,23,15,2026-07-25 14:00:00
amerriman,-2.44,80.04,gnorrbom,-11.5,84.37,0,0,0,"smott,gnorrbom,amerriman,jwodatch1,aroy,tshapinsk,cboxley",False,2026-07-25-DC-NY,18,14,4,3,607.0,3,11,True,True,448,away,355,,18,False,"lbarry,ochartock,relston,ofay,cpanarell,nwhitlock,jrandolph",356,656,e21d06bcf9ddfc0426921939570927d94372a6823c8b0f5d094368e20d3abcf0,1785008797.33333,True,448,475.705882352941,10.0415387267092,-9.06,4.33,64.4557010305354,a62fef1b8e01228017fcf7f5b5ac13a2e069233efcab4cc7ce7306e5b1ba9787,0.976416096537702,0.0235839034622976,0.616233344182793,0.861578954045965,0.877262580563969,0.682489540133179,475.705882352941,4.0,0.949,0.0156836265180033,0.0408676112952178,656.0,dbd089cd477b24fc090c50dd8af24cd65cbf4ef7,2026-08-18 08:07:04,2026-07-29 08:08:24,2026-07-25-DC-NY,empire,breeze,23,15,2026-07-25 14:00:00
gnorrbom,-11.5,84.37,cboxley,-13.29,97.0,0,0,0,"smott,gnorrbom,amerriman,jwodatch1,aroy,tshapinsk,cboxley",False,2026-07-25-DC-NY,18,14,4,3,607.0,3,12,True,True,449,away,356,,18,False,"lbarry,ochartock,relston,ofay,cpanarell,nwhitlock,jrandolph",357,657,cc05198c0842c6c5358b2f2655aceb787feab7281532eaf76d8f2dc2856695c4,1785008801.66667,True,449,471.470588235294,12.7562141719242,-1.79,12.63,8.06658156032113,318abe262cddc50b526ede156c02f27d2658d36a391ae1aeca319933f0f06e56,0.960435748080884,0.0395642519191159,0.616233344182793,0.877293726447283,0.922196983537788,0.643212728808772,471.470588235294,4.0,0.946,0.0449032570905048,0.117006666446531,657.0,0bbebf8f90fe2d087b7ae247dbdf1616c5697bb0,2026-08-18 08:07:04,2026-07-29 08:08:24,2026-07-25-DC-NY,empire,breeze,23,15,2026-07-25 14:00:00
cboxley,-13.29,97.0,aroy,-0.31,101.46,0,0,0,"smott,gnorrbom,amerriman,jwodatch1,aroy,tshapinsk,cboxley",False,2026-07-25-DC-NY,18,15,4,3,607.0,3,13,True,True,450,away,357,1785008806.0,19,False,"lbarry,ochartock,relston,ofay,cpanarell,nwhitlock,jrandolph",358,659,8cc393d8dea79de3151410946162ec44db66bda4b6e0ce8cebb12b0280e02bb2,1785008806.0,False,450,467.235294117647,13.7248679410769,12.98,4.45999999999999,-71.0369944281778,cbc534100ec070ba737341ab0c3ce29b508df7eca281ccfe795334f3e35585f2,0.953451329023229,0.0465486709767706,0.616233344182793,0.922210481685684,1.0,0.642850039229975,467.235294117647,4.0,0.945,0.0777895183143165,0.202700044767226,659.0,ea42e1cfcc17ebd326ecbbc330b461a4165c1706,2026-08-18 08:07:04,2026-07-29 08:08:24,2026-07-25-DC-NY,empire,breeze,23,15,2026-07-25 14:00:00
aatkins,12.82,23.45,srueschem,3.61,28.5,0,0,0,"adavis4,aatkins,jcowan,ddemarre,bjagt,srueschem,jwilliams",True,2026-07-25-DC-NY,18,15,4,4,463.0,1,1,True,True,451,home,302,1785008859.0,18,False,"mwagner,wvandenbr,cjurek,ffarah,khealey,ilee,adowney",303,663,23de84dc65d2890a72811c9bd6fba80cd25823d7dfcf99b5b6a8530e0fb51b6b,1785008859.0,False,451,463.0,10.5036469856903,-9.21,5.05,61.2632904353401,c79708a0276c079558c63512b2d421f9e52662a91a989846ff3802f0a9ebe82f,0.986475488703523,0.0135245112964775,0.645300369795753,0.645300369795753,0.665113865366018,0.905607720881593,463.0,3.0,0.938,0.0198134955702657,0.0558599273386793,663.0,fbfdb893fa18acf51a68c8880d9ae6295c5d7ff7,2026-08-18 08:07:04,2026-07-25 19:49:20,2026-07-25-DC-NY,empire,breeze,23,15,2026-07-25 14:00:00
srueschem,3.61,28.5,jwilliams,-9.01,38.59,0,0,0,"adavis4,aatkins,jcowan,ddemarre,bjagt,srueschem,jwilliams",True,2026-07-25-DC-NY,18,15,4,4,463.0,1,2,True,True,452,home,303,1785008860.0,18,False,"mwagner,wvandenbr,cjurek,ffarah,khealey,ilee,adowney",304,664,d0c3f703c33271d495e7064ad53c178a9bc8115ad76d25ce4050a5adf3826e10,1785008860.0,False,452,457.363636363636,16.1577380842741,-12.62,10.09,51.3568056385952,2e77ddc79d20df3266941298575558a6ab7b7a974b8a577e2d3df48049777453,0.975173089726891,0.0248269102731086,0.645300369795753,0.665110682017342,0.694688029648765,0.866279416575004,457.363636363636,3.0,0.939,0.0295773476314232,0.0833870269737569,664.0,12a3bbd940d4b7c8ac8aef00f0c791949baeea66,2026-08-18 08:07:04,2026-07-26 08:07:41,2026-07-25-DC-NY,empire,breeze,23,15,2026-07-25 14:00:00
jwilliams,-9.01,38.59,bjagt,-25.72,58.56,0,0,0,"adavis4,aatkins,jcowan,ddemarre,bjagt,srueschem,jwilliams",True,2026-07-25-DC-NY,18,15,4,4,463.0,1,3,True,True,453,home,304,1785008862.0,18,False,"mwagner,wvandenbr,cjurek,ffarah,khealey,ilee,adowney",305,665,55d01e5d664751845199e274880aa54f048c44c73307058b22a7024080bb1a18,1785008862.0,False,453,451.727272727273,26.0389131877657,-16.71,19.97,39.9210809402007,745e4cc8ad059b4d850c83b5ff378279a9406daf594a93ab9b48db056916b1ef,0.817910227440738,0.182089772559262,0.645300369795753,0.694654290039095,0.707669554578944,0.728715664366512,451.727272727273,3.0,0.94,0.0130152645398489,0.0366937640514435,665.0,f53243b7cb7c7f1aed3e1549bf1207b51cd5eaf9,2026-08-18 08:07:04,2026-07-26 08:07:41,2026-07-25-DC-NY,empire,breeze,23,15,2026-07-25 14:00:00
bjagt,-25.72,58.56,jwilliams,-26.19,82.36,0,0,0,"adavis4,aatkins,jcowan,ddemarre,bjagt,srueschem,jwilliams",True,2026-07-25-DC-NY,18,15,4,4,463.0,1,4,True,True,454,home,305,1785008867.0,18,False,"mwagner,wvandenbr,cjurek,ffarah,khealey,ilee,adowney",306,666,d186ce8c4984c18b13a0aeae051e84dbec83f3c87afdfcdce56fc5c22a99cee9,1785008867.0,False,454,446.090909090909,23.8046403039407,-0.470000000000002,23.8,1.13132422696268,dd5e0c24543bc5601bd39b47fb17acfbe3ccffca804d9e5be733aefd0c5c42f1,0.679951856875481,0.320048143124519,0.645300369795753,0.707609532684461,0.825314023993729,0.622746637920148,446.090909090909,3.0,0.945,0.117704491309268,0.331842723493933,666.0,a927533f7c924735f459863ff62ac39e51cee971,2026-08-18 08:07:04,2026-07-26 08:07:41,2026-07-25-DC-NY,empire,breeze,23,15,2026-07-25 14:00:00
jwilliams,-26.19,82.36,ddemarre,-12.14,97.97,0,0,0,"adavis4,aatkins,jcowan,ddemarre,bjagt,srueschem,jwilliams",True,2026-07-25-DC-NY,18,15,4,4,463.0,1,5,True,True,455,home,306,1785008870.0,18,False,"mwagner,wvandenbr,cjurek,ffarah,khealey,ilee,adowney",307,667,4d6c6f8b401bd57b73d0e57cbe8e9325b5e376cd6b7881b82e7f16d4e5dc5476,1785008870.0,False,455,440.454545454545,21.001776115367,14.05,15.61,-41.9892403060976,d1200fcd8d8082ac20af14712d499f98a2ef8f5e51997cab9d699056bc7a7598,0.89404852526148,0.10595147473852,0.645300369795753,0.825255275351862,0.925743015289676,0.642501149766006,440.454545454545,3.0,0.951,0.100487739937813,0.283303762904826,667.0,47d370b7a9a27901c59628878ec752f03e80a7fe,2026-08-18 08:07:04,2026-07-26 08:07:41,2026-07-25-DC-NY,empire,breeze,23,15,2026-07-25 14:00:00
ddemarre,-12.14,97.97,jwilliams,-6.76,98.38,0,0,0,"adavis4,aatkins,jcowan,ddemarre,bjagt,srueschem,jwilliams",True,2026-07-25-DC-NY,18,15,4,4,463.0,1,6,True,True,456,home,307,,18,False,"mwagner,wvandenbr,cjurek,ffarah,khealey,ilee,adowney",308,668,95166921c287b372aaebd73bb53b70a73117e3d8abc073699146b94777781ce9,1785008873.0,True,456,434.818181818182,5.39560005930758,5.38,0.409999999999997,-85.6420165852075,8ce1ded25179448ed7deaf80658f6e3e80fa34812826ab94662ffbe43a2dd5c5,0.97693702180352,0.0230629781964797,0.645300369795753,0.925707878159097,0.928049870175526,0.645681178074248,434.818181818182,3.0,0.951,0.00234199201642926,0.00660274727402639,668.0,a7aac06fc76e89bf77ac60de2d2cfe9e5e783ec8,2026-08-18 08:07:04,2026-07-26 08:07:41,2026-07-25-DC-NY,empire,breeze,23,15,2026-07-25 14:00:00
jwilliams,0.0,100.0,srueschem,-3.01,90.06,0,0,0,"adavis4,aatkins,jcowan,ddemarre,bjagt,srueschem,jwilliams",True,2026-07-25-DC-NY,18,15,4,4,463.0,1,7,True,True,457,home,309,1785008892.0,18,False,"mwagner,wvandenbr,cjurek,ffarah,khealey,ilee,adowney",310,671,0fcb7f90ad6140771d506215daa9085d49cf0b5c883e420bafb4bca3173cadd9,1785008892.0,False,457,429.181818181818,10.3857450382724,-3.01,-9.94,163.152800563533,a816b9eaa909d3920f6e07110a13c4bdba69edb369d685c9685858f708fc7fb1,0.974098036515925,0.0259019634840751,0.645300369795753,0.933122262609206,0.900307900135182,0.66887709809846,429.181818181818,3.0,0.949,-0.032814362474024,-0.0925131003241488,671.0,40007ee9fae759bb8135afef8d620d2db7ba10ef,2026-08-18 08:07:04,2026-07-26 08:07:41,2026-07-25-DC-NY,empire,breeze,23,15,2026-07-25 14:00:00
srueschem,-3.01,90.06,aatkins,-5.26,81.54,0,0,0,"adavis4,aatkins,jcowan,ddemarre,bjagt,srueschem,jwilliams",True,2026-07-25-DC-NY,18,15,4,4,463.0,1,8,True,True,458,home,310,1785008900.0,18,False,"mwagner,wvandenbr,cjurek,ffarah,khealey,ilee,adowney",311,672,70c1dd742953565d42f39baf89e8df8c83dbfab107277d10917ff85bd3e9049e,1785008900.0,False,458,423.545454545455,8.81208828825494,-2.25,-8.52,165.206796056982,655183a5f365ab3a40c331cf715ec54b68376a4489fe7726637dbc84c3c67bb6,0.981211543912684,0.0187884560873165,0.645300369795753,0.90024711950075,0.867233584973543,0.694854880746158,423.545454545455,3.0,0.947,-0.0330135345272076,-0.0930746234728165,672.0,f20ce92072b76c5f260824781961ed62a05d7331,2026-08-18 08:07:04,2026-07-26 08:07:41,2026-07-25-DC-NY,empire,breeze,23,15,2026-07-25 14:00:00
aatkins,-5.26,81.54,srueschem,7.63,77.79,0,0,0,"adavis4,aatkins,jcowan,ddemarre,bjagt,srueschem,jwilliams",True,2026-07-25-DC-NY,18,15,4,4,463.0,1,9,True,True,459,home,311,1785008902.0,18,False,"mwagner,wvandenbr,cjurek,ffarah,khealey,ilee,adowney",312,673,136e6fe9ebbee0dbb6ed4690c38fd6ab985ff29b490a88ccbd68aef55d792467,1785008902.0,False,459,417.909090909091,13.4244031524683,12.89,-3.75,-106.220938812704,a837e2a2a57dda9702b9c6455a0a5d20f4bf0b93ef1eafa5be57fc1a7edc29cb,0.973442174178715,0.0265578258212853,0.645300369795753,0.867148426917184,0.851322736376329,0.7068930748691,417.909090909091,3.0,0.947,-0.0158256905408547,-0.0446171610941397,673.0,c0bff8bd8bdf0732a75a4520bf5af59782104685,2026-08-18 08:07:04,2026-07-26 08:07:41,2026-07-25-DC-NY,empire,breeze,23,15,2026-07-25 14:00:00
srueschem,7.63,77.79,aatkins,11.11,90.54,0,0,0,"adavis4,aatkins,jcowan,ddemarre,bjagt,srueschem,jwilliams",True,2026-07-25-DC-NY,18,15,4,4,463.0,1,10,True,True,460,home,312,1785008905.0,18,False,"mwagner,wvandenbr,cjurek,ffarah,khealey,ilee,adowney",313,674,b7ef8ac027c8d68517279162e6732aeffed6031017d1efc19c33c495f1499dc5,1785008905.0,False,460,412.272727272727,13.2163875548502,3.48,12.75,-15.266525388058,1985e45609f713bb16404aa6384eea9d5a1cf72ab6e5da0b0e8b063962b82da9,0.963596676438924,0.0364033235610761,0.645300369795753,0.851222960623882,0.900408663511748,0.663889968438312,412.272727272727,3.0,0.949,0.0491857028878663,0.138668604925084,674.0,a3a3749a4a9e5223b9a9ccbef0b5cf015a3f96a4,2026-08-18 08:07:04,2026-07-26 08:07:41,2026-07-25-DC-NY,empire,breeze,23,15,2026-07-25 14:00:00
aatkins,11.11,90.54,ddemarre,11.04,107.11,0,0,0,"adavis4,aatkins,jcowan,ddemarre,bjagt,srueschem,jwilliams",True,2026-07-25-DC-NY,19,15,4,4,463.0,1,11,True,True,461,home,313,1785008925.0,19,False,"mwagner,wvandenbr,cjurek,ffarah,khealey,ilee,adowney",314,676,62a02d5fb33f92c6ba8b84195452ba2a91101d388e42bdf53d0bea4121d12390,1785008925.0,False,461,406.636363636364,16.5701478569142,-0.0700000000000003,16.57,0.242044701705964,af625f760f1bcc02b2767fa681e2916275e8e04d6c67db115e27df083af32f1b,0.937394591059595,0.0626054089404049,0.645300369795753,0.900334837782961,1.0,0.638415286074322,406.636363636364,3.0,0.952,0.0996651622170389,0.280984680360813,676.0,dd30b9a8b394b840c54ca0faeb4d457ea9c4275b,2026-08-18 08:07:04,2026-07-26 08:07:41,2026-07-25-DC-NY,empire,breeze,23,15,2026-07-25 14:00:00
jnissen,-25.64,23.95,aroy,-25.23,45.65,0,0,0,"jnissen,cboxley,smott,jwodatch1,aroy,gnorrbom,tshapinsk",False,2026-07-25-DC-NY,19,15,4,5,401.0,1,1,True,True,462,away,363,1785008975.0,18,False,"aagami,adavis2,mbrownlee,sjonas,jrandolph,dschnaudi,nwhitlock",364,680,aadb62310c65ce219a31196b46d2f7a29bb719b074d8dbc92d4800667e0cc351,1785008975.0,False,462,401.0,21.7038729262775,0.41,21.7,-1.08241819660844,f5daf60a79206fe06ae3ad942d2a0820170aad01d6aa0dfb2331114d5266d528,0.853632089177322,0.146367910822678,0.574265190011258,0.574265190011258,0.6542779873063,0.795571869745932,401.0,4.0,0.958,0.0800127972950421,0.187940462977782,680.0,9f1ce3b2437d45450d8bfa8c50f2f282993f3899,2026-08-18 08:07:04,2026-07-29 08:08:24,2026-07-25-DC-NY,empire,breeze,23,15,2026-07-25 14:00:00
aroy,-25.23,45.65,jnissen,-20.56,35.08,0,0,0,"jnissen,cboxley,smott,jwodatch1,aroy,gnorrbom,tshapinsk",False,2026-07-25-DC-NY,19,15,4,5,401.0,1,2,True,True,463,away,364,1785008979.0,18,False,"aagami,adavis2,mbrownlee,sjonas,jrandolph,dschnaudi,nwhitlock",365,681,d686d905133409754a7c8186d1dcdd3e5d2c2c36f961c9240e25b25e68d36294,1785008979.0,False,463,396.4,11.5556825847719,4.67,-10.57,-156.163369226278,6ce2601afe5960624264bf7c963282ce3b361418d30268599f2827dd6cef559e,0.987855135411364,0.0121448645886358,0.574265190011258,0.654120729378418,0.654616805989358,0.864629768175074,396.4,4.0,0.958,0.000496076610939533,0.00116522445264143,681.0,0d80c167cf598e001eaee357a282db85ae7ae9d5,2026-08-18 08:07:04,2026-07-29 08:08:24,2026-07-25-DC-NY,empire,breeze,23,15,2026-07-25 14:00:00
jnissen,-20.56,35.08,gnorrbom,7.72,45.51,0,0,0,"jnissen,cboxley,smott,jwodatch1,aroy,gnorrbom,tshapinsk",False,2026-07-25-DC-NY,19,15,4,5,401.0,1,3,True,True,464,away,365,1785008984.0,18,False,"aagami,adavis2,mbrownlee,sjonas,jrandolph,dschnaudi,nwhitlock",366,682,5c835b1eab044471e2faf65bfee6c5104ef85d7b229832e717dede6a2b9a36b2,1785008984.0,False,464,391.8,30.1420520203917,28.28,10.43,-69.7554264580674,8c361960ad325251576f87dbcc7de18071460c3c147573c589b753629efc1d2b,0.910929171410684,0.089070828589316,0.574265190011258,0.654460183024147,0.717794443061858,0.836912307107668,391.8,4.0,0.956,0.0633342600377114,0.148764579620318,682.0,fb0af3bb3df017500e1db122d2c6ac414a01b7c2,2026-08-18 08:07:04,2026-07-29 08:08:24,2026-07-25-DC-NY,empire,breeze,23,15,2026-07-25 14:00:00
gnorrbom,7.72,45.51,tshapinsk,9.09,54.16,0,0,0,"jnissen,cboxley,smott,jwodatch1,aroy,gnorrbom,tshapinsk",False,2026-07-25-DC-NY,19,15,4,5,401.0,1,4,True,True,465,away,366,1785008987.0,18,False,"aagami,adavis2,mbrownlee,sjonas,jrandolph,dschnaudi,nwhitlock",367,683,ed9ee922c13e3e2b116266d597c69ef427022aa3f1f9ba0329e82846f4ad0f1e,1785008987.0,False,465,387.2,8.75781936328901,1.37,8.65,-8.99983581599146,acb2471283236c7fbf6b0342d451812c30797f933f7c75fb48d84d16420457d5,0.983697132549302,0.0163028674506982,0.574265190011258,0.717656128827071,0.750262765141244,0.799254783307003,387.2,4.0,0.955,0.0326066363141734,0.0765890774001675,683.0,3174736367c8fb9942a60bd85c9340fb844c20ef,2026-08-18 08:07:04,2026-07-29 08:08:24,2026-07-25-DC-NY,empire,breeze,23,15,2026-07-25 14:00:00
tshapinsk,9.09,54.16,cboxley,16.53,72.16,0,0,0,"jnissen,cboxley,smott,jwodatch1,aroy,gnorrbom,tshapinsk",False,2026-07-25-DC-NY,19,15,4,5,401.0,1,5,True,True,466,away,367,1785008989.0,18,False,"aagami,adavis2,mbrownlee,sjonas,jrandolph,dschnaudi,nwhitlock",368,684,a0514d8b77a8ef9b26ea45df0fe9b40a8ceffe91e0f091eb6fcfd691578a5926,1785008989.0,False,466,382.6,19.4770018226625,7.44,18.0,-22.4569389999421,05a0c671482cfae887cf0e091ebc799d6d8ff829ee773b6f4d6ed6019a7c23ba,0.954742918702046,0.0452570812979542,0.574265190011258,0.750138088739156,0.817651978543681,0.715698458589011,382.6,4.0,0.952,0.0675138898045244,0.158582028578565,684.0,1611a73fde694e7c0eb2397faf3d313d5830a1f8,2026-08-18 08:07:04,2026-07-29 08:08:24,2026-07-25-DC-NY,empire,breeze,23,15,2026-07-25 14:00:00
cboxley,16.53,72.16,tshapinsk,11.07,80.31,0,0,0,"jnissen,cboxley,smott,jwodatch1,aroy,gnorrbom,tshapinsk",False,2026-07-25-DC-NY,19,15,4,5,401.0,1,6,True,True,467,away,368,1785008991.0,18,False,"aagami,adavis2,mbrownlee,sjonas,jrandolph,dschnaudi,nwhitlock",369,685,581a09f9079b7a513a04a5af539a993e6d32f6bb61d96c7301e7e5f9e8882b79,1785008991.0,False,467,378.0,9.8098980626712,-5.46,8.15000000000001,33.8196591161627,9d4050e3484677c95f6a2b14f55f82b94bf34e2ccd115a36a139589da75e5315,0.973155419741886,0.0268445802581135,0.574265190011258,0.817556474494661,0.859710257507246,0.695004722244761,378.0,4.0,0.949,0.0421537830125843,0.0990141797747265,685.0,d0ac68e0862e0a0474bb7d2fd5b5436c8d603f0c,2026-08-18 08:07:04,2026-07-25 19:54:23,2026-07-25-DC-NY,empire,breeze,23,15,2026-07-25 14:00:00
tshapinsk,11.07,80.31,,6.76,87.66,1,0,0,"jnissen,cboxley,smott,jwodatch1,aroy,gnorrbom,tshapinsk",False,2026-07-25-DC-NY,19,15,4,5,401.0,1,7,True,True,468,away,369,1785008993.0,22,False,"aagami,adavis2,mbrownlee,sjonas,jrandolph,dschnaudi,nwhitlock",370,686,77cc0d2cf6b4c768c5a4278d3207584aac630c31740e82ea4799ca15bafba1bf,1785008993.0,False,468,373.4,8.52048120706806,-4.31,7.34999999999999,30.3871276563849,72b7885385d346d523681dcdc7e620abfb2bfdcfe5e54a5000324090fa612ebc,0.976074148905357,-0.976074148905357,0.574265190011258,0.859636902239556,0.890367071982827,0.673557342139902,373.4,4.0,0.972,-0.673557342139902,-0.673557342139902,686.0,3f3dca36cf73a7e17fdfbc434be882a792ef6d2e,2026-08-18 08:07:04,2026-07-29 08:08:24,2026-07-25-DC-NY,empire,breeze,23,15,2026-07-25 14:00:00
nwhitlock,-7.03,62.72,adavis2,-12.96,52.63,0,0,0,"aagami,adavis2,mbrownlee,sjonas,jrandolph,dschnaudi,nwhitlock",True,2026-07-25-DC-NY,19,15,4,5,401.0,2,1,False,False,469,home,317,1785009002.0,18,False,"jnissen,cboxley,smott,jwodatch1,aroy,gnorrbom,tshapinsk",318,688,c9697a5d08518b4c60dbc6e50cc97df1d772b5df4885bffebea280aca12c5729,1785009002.0,False,469,368.8,11.7035464710488,-5.93,-10.09,149.556794550691,74629a5a5860b13368a6a247cc76da42d0a4570b62cf589e2c72032fa4593ad6,0.985600705508721,0.0143992944912793,0.740603388841337,0.78614084774703,0.740703465786046,0.802161705239139,368.8,4.0,0.973,-0.0454373819609835,-0.175165672974776,688.0,cf6558d5c167ebf5f649e9b8044b0f970f63a5c8,2026-08-18 08:07:04,2026-07-25 19:54:23,2026-07-25-DC-NY,empire,breeze,23,15,2026-07-25 14:00:00
adavis2,-12.96,52.63,nwhitlock,-20.26,62.38,0,0,0,"aagami,adavis2,mbrownlee,sjonas,jrandolph,dschnaudi,nwhitlock",True,2026-07-25-DC-NY,19,15,4,5,401.0,2,2,False,False,470,home,318,1785009003.0,18,False,"jnissen,cboxley,smott,jwodatch1,aroy,gnorrbom,tshapinsk",319,689,a5f71dcca51bba40637cbeeba4ad0381c3b921fc928e78901b071a1f3a6a5dfe,1785009003.0,False,470,364.2,12.1800041050896,-7.3,9.75,36.8228567865343,8d8f9544b98b094b4b4de5bc3ee363dc00925dd1e473b41a2565617a10a1aee5,0.981077678349751,0.0189223216502487,0.740603388841337,0.740603388841337,0.763769491033682,0.740074395824527,364.2,4.0,0.974,0.0231661021923446,0.0893076516646349,689.0,15ca01aaabdfe0f5fc752c84bc4ebfef78c3505d,2026-08-18 08:07:04,2026-07-25 19:54:23,2026-07-25-DC-NY,empire,breeze,23,15,2026-07-25 14:00:00
nwhitlock,-20.26,62.38,jrandolph,-8.05,71.93,0,0,0,"aagami,adavis2,mbrownlee,sjonas,jrandolph,dschnaudi,nwhitlock",True,2026-07-25-DC-NY,19,15,4,5,401.0,2,3,False,False,471,home,319,1785009008.0,18,False,"jnissen,cboxley,smott,jwodatch1,aroy,gnorrbom,tshapinsk",320,690,5bb286e85d45c173e9850453a24d40800273027814cd3adcaf0f2b3a52187626,1785009008.0,False,471,359.6,15.5011806001995,12.21,9.55,-51.9694097711624,1c6e1fe2b6253fcfc77337ba6fa6e632f3be4dc166bff5fdf85f00a6dbe20362,0.956920490127775,0.0430795098722248,0.740603388841337,0.763685350873088,0.825285262410454,0.726342891104765,359.6,4.0,0.975,0.061599911537366,0.23747384849098,690.0,a45b70951de002f195dca4a6a12f7ac3df1a7a1a,2026-08-18 08:07:04,2026-07-25 19:54:23,2026-07-25-DC-NY,empire,breeze,23,15,2026-07-25 14:00:00
jrandolph,-8.05,71.93,adavis2,2.25,66.95,0,0,0,"aagami,adavis2,mbrownlee,sjonas,jrandolph,dschnaudi,nwhitlock",True,2026-07-25-DC-NY,19,15,4,5,401.0,2,4,False,False,472,home,320,1785009010.0,18,False,"jnissen,cboxley,smott,jwodatch1,aroy,gnorrbom,tshapinsk",321,691,3aa3265eab94dfacdcdf1a8a2771fc834fc14bbba4788d68e04242af6a12cecf,1785009010.0,False,472,355.0,11.4407342421717,10.3,-4.98,-115.803541483507,085770ff150d734513e43a5fe592d060be493a42c65f04324c953f30901c1426,0.981495534412643,0.0185044655873569,0.740603388841337,0.825226401795413,0.804608461032448,0.746690000581174,355.0,4.0,0.975,-0.0206179407629646,-0.0794842333169628,691.0,d212e01cb7559e4d639d680f14149f822560b736,2026-08-18 08:07:04,2026-07-25 19:54:23,2026-07-25-DC-NY,empire,breeze,23,15,2026-07-25 14:00:00
adavis2,2.25,66.95,jrandolph,11.11,73.5,0,0,0,"aagami,adavis2,mbrownlee,sjonas,jrandolph,dschnaudi,nwhitlock",True,2026-07-25-DC-NY,19,15,4,5,401.0,2,5,False,False,473,home,321,1785009014.0,18,False,"jnissen,cboxley,smott,jwodatch1,aroy,gnorrbom,tshapinsk",322,692,5357c8194ec3f010c97b5d2ec4c196f5f25f6ac405a0b50032967ff4ab2313ae,1785009014.0,False,473,350.4,11.0182621134188,8.86,6.55,-53.5253111201179,8d008041c882b78ce833e1a4222eaab99f2fbe881de01f72d48b23bc8df8c301,0.97771888898246,0.0222811110175405,0.740603388841337,0.804552525131611,0.830343475478181,0.718626116547148,350.4,4.0,0.975,0.0257909503465694,0.0994267050420103,692.0,0567fd60892787c442ccb4947dcd2c3148eba92f,2026-08-18 08:07:04,2026-07-25 19:54:23,2026-07-25-DC-NY,empire,breeze,23,15,2026-07-25 14:00:00
jrandolph,11.11,73.5,aagami,16.84,79.63,0,0,0,"aagami,adavis2,mbrownlee,sjonas,jrandolph,dschnaudi,nwhitlock",True,2026-07-25-DC-NY,19,15,4,5,401.0,2,6,False,False,474,home,322,1785009018.0,18,False,"jnissen,cboxley,smott,jwodatch1,aroy,gnorrbom,tshapinsk",323,693,33178c75accf5f17b5b74e48b2affa7d914a4c560a32b7f38500d19410863be7,1785009018.0,False,474,345.8,8.39105476087482,5.73,6.13,-43.0683281713866,276b5f5a5a164351ca48479c9c393346330c6e2c276d3c6bc9645c1e2945ee18,0.982416001159579,0.0175839988404209,0.740603388841337,0.830299755410386,0.849552326763407,0.686587867221242,345.8,4.0,0.976,0.0192525713530216,0.0742205970503044,693.0,7d4ccf60afe9c77e90b0e2d7c3ba5f2fd9911b2a,2026-08-18 08:07:04,2026-07-25 19:54:23,2026-07-25-DC-NY,empire,breeze,23,15,2026-07-25 14:00:00
aagami,16.84,79.63,mbrownlee,6.88,85.97,0,0,0,"aagami,adavis2,mbrownlee,sjonas,jrandolph,dschnaudi,nwhitlock",True,2026-07-25-DC-NY,19,15,4,5,401.0,2,7,False,False,475,home,323,1785009024.0,18,False,"jnissen,cboxley,smott,jwodatch1,aroy,gnorrbom,tshapinsk",324,694,fe0a8dc316a0fdf36a88955bf7ac95ee7feb92afd0ef7eabb507a53897506073,1785009024.0,False,475,341.2,11.8066591379611,-9.96,6.34,57.5213637986421,09297a4a909f18ccf3a85edd8a3b0f6560d9b109cd75507e4ad5a1d898518ada,0.966815995030468,0.0331840049695323,0.740603388841337,0.84951757763314,0.883559312220316,0.678078672399544,341.2,4.0,0.977,0.0340417345871762,0.131234307322366,694.0,a53b5aced7671c89a36a5c8171946afb28950586,2026-08-18 08:07:04,2026-07-25 19:54:23,2026-07-25-DC-NY,empire,breeze,23,15,2026-07-25 14:00:00
mbrownlee,6.88,85.97,dschnaudi,-22.17,111.54,0,0,0,"aagami,adavis2,mbrownlee,sjonas,jrandolph,dschnaudi,nwhitlock",True,2026-07-25-DC-NY,20,15,4,5,401.0,2,8,False,False,476,home,324,1785009034.0,19,False,"jnissen,cboxley,smott,jwodatch1,aroy,gnorrbom,tshapinsk",325,695,cea480895ab0900bb53fb304525a7bad6c77d79d88e611b548d7a3661471c587,1785009034.0,False,476,336.6,38.7004832011178,-29.05,25.57,48.6455542253919,a0d6dfaf62371a5005f388d166ea964680a5beec0b0628a9f33f8f73028fc325,0.817144411216036,0.182855588783964,0.740603388841337,0.88353458256084,1.0,0.596502595675226,336.6,4.0,0.978,0.11646541743916,0.448985886588638,695.0,15a9794b3c1a2e759304bd7aab08a3196cb8325a,2026-08-18 08:07:04,2026-07-25 19:54:23,2026-07-25-DC-NY,empire,breeze,23,15,2026-07-25 14:00:00
aroy,-5.32,1.45,jnissen,6.48,8.44,0,0,0,"ilee,wvandenbr,mgrovic,amerriman,cboxley,aroy,jnissen",False,2026-07-25-DC-NY,20,15,4,6,332.0,1,1,True,True,477,away,372,1785009094.0,18,False,"lbarry,ochartock,relston,ofay,cpanarell,adavis2,sjonas",373,700,36a6feb0beb2d303a6a9336f843851f41bb7f59cb7a5922b3ab3f1e347e74a93,1785009094.0,False,477,332.0,13.7149589864498,11.8,6.99,-59.3586497284098,c02afaf38fabfdd56c072c68867551f43b9915fa143463f0dea730ea4dc6f9da,0.987952565074467,0.0120474349255333,0.599367359016166,0.599367359016166,0.612893758745377,0.932196369178111,332.0,5.0,0.982,0.0135263997292101,0.0337626003113309,700.0,ae3e346d13c69d74a91695007aa3cb7cf9ff7242,2026-08-18 08:07:04,2026-07-25 19:54:23,2026-07-25-DC-NY,empire,breeze,23,15,2026-07-25 14:00:00
jnissen,6.48,8.44,amerriman,21.51,20.93,0,0,0,"ilee,wvandenbr,mgrovic,amerriman,cboxley,aroy,jnissen",False,2026-07-25-DC-NY,20,15,4,6,332.0,1,2,True,True,478,away,373,,18,False,"lbarry,ochartock,relston,ofay,cpanarell,adavis2,sjonas",374,701,8e7747e2f5b7109447fede24c42c4f6f41381fe52f81a7f1b623afce433e6f9f,1785009096.66667,True,478,326.0,19.5422874812546,15.03,12.49,-50.2732607632373,16cacc6068a00204ea6625b52df95c19d0e45ae8c3d74651ce38511d24d71dc7,0.979235209569094,0.0207647904309061,0.599367359016166,0.612832982376402,0.602988941662391,0.918620984732633,326.0,5.0,0.982,-0.00984404071401124,-0.0245712398516437,701.0,1ca542b0e6234d9bfc31043dd958e46718f3610c,2026-08-18 08:07:04,2026-07-29 08:08:24,2026-07-25-DC-NY,empire,breeze,23,15,2026-07-25 14:00:00
amerriman,21.51,20.93,ilee,22.47,33.91,0,0,0,"ilee,wvandenbr,mgrovic,amerriman,cboxley,aroy,jnissen",False,2026-07-25-DC-NY,20,15,4,6,332.0,1,3,True,True,479,away,374,,18,False,"lbarry,ochartock,relston,ofay,cpanarell,adavis2,sjonas",375,702,298e6e3e1167dc48b644c2598e4ada05e518b85f40fb845990029d102e10f151,1785009099.33333,True,479,320.0,13.0154523547974,0.959999999999997,12.98,-4.22989093626673,2db89f14ee0b6a700989a69391ae56ceb14b1dfea68534c7aafe91782632c95d,0.977758382551592,0.0222416174484078,0.599367359016166,0.602931070672448,0.635078501972559,0.863724818530964,320.0,5.0,0.982,0.0321474313001113,0.0802416678310756,702.0,5d9e605246b46ec291a5c339715ff184712dc7ed,2026-08-18 08:07:04,2026-07-29 08:08:24,2026-07-25-DC-NY,empire,breeze,23,15,2026-07-25 14:00:00
ilee,22.47,33.91,,18.91,79.7,1,0,0,"ilee,wvandenbr,mgrovic,amerriman,cboxley,aroy,jnissen",False,2026-07-25-DC-NY,20,15,4,6,332.0,1,4,True,True,480,away,375,1785009102.0,22,False,"lbarry,ochartock,relston,ofay,cpanarell,adavis2,sjonas",376,703,1cfd6cb031183d0be59ad2ab2b7447c862da5f055308dbf113f241afee13a8f3,1785009102.0,False,480,314.0,45.9281798028182,-3.56,45.79,4.44558831960239,232480c2e6a0045f7f784232cdb00a1520a66dcff8b2acc4ca8a495d8f4e9089,0.725009212187136,-0.725009212187136,0.599367359016166,0.635022236367866,0.84504012673413,0.678906054136422,314.0,5.0,0.988,-0.678906054136422,-0.678906054136422,703.0,2d5cc3947f92e2636a154af749acecf84ead0f5e,2026-08-18 08:07:04,2026-07-29 08:08:24,2026-07-25-DC-NY,empire,breeze,23,15,2026-07-25 14:00:00
relston,-10.99,40.02,ochartock,11.11,39.34,0,0,0,"lbarry,ochartock,relston,ofay,cpanarell,adavis2,sjonas",True,2026-07-25-DC-NY,20,15,4,6,332.0,2,1,False,False,481,home,328,1785009110.0,18,False,"ilee,wvandenbr,mgrovic,amerriman,cboxley,aroy,jnissen",329,705,fee4b557e2be6e49077123a1410dc18154126b750b5c66ddfef857a7ccd8a08a,1785009110.0,False,481,308.0,22.1104590635292,22.1,-0.68,-91.7623910236605,4c00edaced007f8153820322b6de62c47b45cf01e47f3d3e15f75f16ed770bef,0.965933343436579,0.034066656563421,0.692161959843297,0.695148299506604,0.692224012247206,0.860827161967659,308.0,5.0,0.988,-0.00292428725939775,-0.00949943437110358,705.0,8e62ff1657a5399bacd551278184f91697b026ff,2026-08-18 08:07:04,2026-07-25 19:54:23,2026-07-25-DC-NY,empire,breeze,23,15,2026-07-25 14:00:00
ochartock,11.11,39.34,adavis2,-12.9,46.29,0,0,0,"lbarry,ochartock,relston,ofay,cpanarell,adavis2,sjonas",True,2026-07-25-DC-NY,20,15,4,6,332.0,2,2,False,False,482,home,329,1785009111.0,18,False,"ilee,wvandenbr,mgrovic,amerriman,cboxley,aroy,jnissen",330,706,76096df5d2b75b9ec943351d5690feb38b4febe2e1238f5eb10f2e649a826566,1785009111.0,False,482,302.0,24.9956516218321,-24.01,6.95,73.8562406497451,9a753561cebdbb342e14a949c0dc3b877f08e9fa73dbc1df0630a7ce1c4da8ab,0.949142431503168,0.0508575684968322,0.692161959843297,0.692161959843297,0.715441466968513,0.829332571802223,302.0,5.0,0.988,0.0232795071252165,0.0756225809954034,706.0,c721aa0db300da6589249ff86c1e257ba2c2b703,2026-08-18 08:07:04,2026-07-25 19:54:23,2026-07-25-DC-NY,empire,breeze,23,15,2026-07-25 14:00:00
adavis2,-12.9,46.29,ofay,-1.57,54.0,1,1,0,"lbarry,ochartock,relston,ofay,cpanarell,adavis2,sjonas",True,2026-07-25-DC-NY,20,15,4,6,332.0,2,3,False,False,483,home,330,1785009114.0,20,False,"ilee,wvandenbr,mgrovic,amerriman,cboxley,aroy,jnissen",331,708,51904084bbdf58bfbc6d048b5529b9d685872c7e85135b3edd8ade62e1a9d850,1785009114.0,False,483,296.0,13.7044883158767,11.33,7.71,-55.7649374484987,cd8690121566a05896fc3f2067bbb4b7a6c87082493d6a072d1b75bf317de0bc,0.975244856081804,1.0,0.692161959843297,0.715372514003679,0.749954545021318,0.800083894151904,296.0,5.0,0.979,-0.800083894151904,-0.800083894151904,708.0,ffc97b123aacfe1ef1e0a16099d9a42af7bfa4ca,2026-08-18 08:07:04,2026-07-25 19:54:23,2026-07-25-DC-NY,empire,breeze,23,15,2026-07-25 14:00:00
amerriman,-0.73,65.08,wvandenbr,-10.82,69.33,0,0,0,"ilee,wvandenbr,mgrovic,amerriman,cboxley,aroy,jnissen",False,2026-07-25-DC-NY,20,15,4,6,332.0,3,1,True,True,484,away,377,1785009122.0,18,False,"lbarry,ochartock,relston,ofay,cpanarell,adavis2,sjonas",378,709,d8a7af3b1b1f037d1172c46016baff421e1492e18ed915f7ce5366a832abc70f,1785009122.0,False,484,290.0,10.9485432820992,-10.09,4.25,67.158730415697,6e1413a80315f2fffff7620e04f2e268c1fc539ad6ed61216d35434206619549,0.97941700137362,0.0205829986263801,0.787292804427187,0.796087291849423,0.812328339521495,0.733756129134609,290.0,5.0,0.979,0.0162410476720724,0.076354011571333,709.0,8ef5772d7934ea95f922c12df28f9d347b07628e,2026-08-18 08:07:04,2026-07-29 08:08:24,2026-07-25-DC-NY,empire,breeze,23,15,2026-07-25 14:00:00
wvandenbr,-11.43,69.67,aroy,0.94,63.05,0,0,0,"ilee,wvandenbr,mgrovic,cboxley,aroy,jnissen,cjurek",False,2026-07-25-DC-NY,20,15,4,6,284.0,3,2,True,True,485,away,380,1785009166.0,18,False,"aatkins,jcowan,ddemarre,bjagt,mlabar,srueschem,jwilliams",381,712,7910c343c12bf7d99bba76362247bc5b60f490508e2e9e58169095351a5e9dcb,1785009166.0,False,485,284.0,14.0300142551603,12.37,-6.62,-118.154162973918,93e747d605aea6d64738c9d926f1c81b487e2f0d47e6cba916ebecd1de60150c,0.978026701367789,0.0219732986322105,0.787292804427187,0.813335059429843,0.787349481314513,0.761794975726722,284.0,5.0,0.979,-0.0259855781153295,-0.122165957034746,712.0,061d820a4d610753694a521619ada61daaaf201d,2026-08-18 08:07:04,2026-07-29 08:08:24,2026-07-25-DC-NY,empire,breeze,23,15,2026-07-25 14:00:00
aroy,0.94,63.05,,10.56,71.86,1,0,0,"ilee,wvandenbr,mgrovic,cboxley,aroy,jnissen,cjurek",False,2026-07-25-DC-NY,20,15,4,6,284.0,3,3,True,True,486,away,381,1785009171.0,22,False,"aatkins,jcowan,ddemarre,bjagt,mlabar,srueschem,jwilliams",382,714,f30372bbfc6b3fa5833701aacc72f04987ae34b3576b7b3822c92762e753f6bf,1785009171.0,False,486,280.333333333333,13.0445582523902,9.62,8.81,-47.5165346857277,678b8d3eb5a4ffaba479e73c3663745bb2d807c74106f9945ba30852585cb5ef,0.973426264992784,-0.973426264992784,0.787292804427187,0.787292804427187,0.823058262874322,0.724456179778646,280.333333333333,5.0,0.988,-0.724456179778646,-0.724456179778646,714.0,f8eb0017cc1119dbd7376a889d9c9a5503eb43a1,2026-08-18 08:07:04,2026-07-25 19:54:23,2026-07-25-DC-NY,empire,breeze,23,15,2026-07-25 14:00:00
lbarry,-12.01,44.38,sjonas,0.54,44.18,0,0,0,"lbarry,ochartock,relston,ofay,cpanarell,adavis2,sjonas",True,2026-07-25-DC-NY,20,15,4,6,284.0,4,1,False,False,487,home,332,1785009179.0,18,False,"ilee,wvandenbr,mgrovic,amerriman,cboxley,aroy,jnissen",333,715,cbc3a0e9c278fcdc5ddd1cfc6010ad3d9868e5f2c3b16facc6522a41fd30cb6c,1785009179.0,False,487,276.666666666667,12.5515935243299,12.55,-0.200000000000003,-90.9130028668154,64f0378c41993f9746d89c34b6052e3800fd9c55338f0bb28caf4d075620fe44,0.982902665691101,0.0170973343088986,0.709070342631207,0.709070342631207,0.712239365746791,0.842025958503821,276.666666666667,5.0,0.988,0.00316902311558431,0.0108927468730599,715.0,7d2bf98bd130211fe35e3435448fda5caaaca0c8,2026-08-18 08:07:04,2026-07-25 19:54:23,2026-07-25-DC-NY,empire,breeze,23,15,2026-07-25 14:00:00
aatkins,0.54,44.18,srueschem,10.57,51.47,0,0,0,"aatkins,jcowan,ddemarre,bjagt,mlabar,srueschem,jwilliams",True,2026-07-25-DC-NY,20,15,4,6,273.0,4,2,False,True,488,home,334,1785009253.0,18,False,"ilee,wvandenbr,mgrovic,cboxley,aroy,jnissen,cjurek",335,718,0eaba5c8bee7fe0df0cf354dfc7157c89c9972994bfed74cd43a77d0c88960cc,1785009253.0,False,488,273.0,12.3993951465384,10.03,7.29,-53.9896132077913,17fbdd9a405058dc705c1bede184d3b27186d0f380e27fa0ec99761b15730061,0.980129194683652,0.0198708053163481,0.709070342631207,0.71215345415322,0.736808441236271,0.808752887227411,273.0,5.0,0.988,0.0246549870830507,0.0847455268260847,718.0,9c8e589165dd8b2f68cc9cfab6f7966b658e18f8,2026-08-18 08:07:04,2026-07-25 19:54:23,2026-07-25-DC-NY,empire,breeze,23,15,2026-07-25 14:00:00
srueschem,10.57,51.47,aatkins,0.54,48.81,0,0,0,"aatkins,jcowan,ddemarre,bjagt,mlabar,srueschem,jwilliams",True,2026-07-25-DC-NY,20,15,4,6,273.0,4,3,False,True,489,home,335,1785009260.0,18,False,"ilee,wvandenbr,mgrovic,cboxley,aroy,jnissen,cjurek",336,719,8452b56346152872bbff01c7acc7cdea279cc3576c4896e8936d1733bf9bd4ee,1785009260.0,False,489,264.285714285714,10.3767287716313,-10.03,-2.66,104.853168598733,208554d3b4f8f272ad01f2cd95c8b93d2f3f6c514efb1f6167ec999026302907,0.985934871435496,0.014065128564504,0.709070342631207,0.736578445635714,0.729082162341709,0.821961590111679,264.285714285714,5.0,0.988,-0.00749628329400576,-0.0257666521928467,719.0,7bcd3894eea1fce895533d38707cabf46e3f09b2,2026-08-18 08:07:04,2026-07-25 19:54:23,2026-07-25-DC-NY,empire,breeze,23,15,2026-07-25 14:00:00
aatkins,0.54,48.81,srueschem,6.54,44.38,0,0,0,"aatkins,jcowan,ddemarre,bjagt,mlabar,srueschem,jwilliams",True,2026-07-25-DC-NY,20,15,4,6,273.0,4,4,False,True,490,home,336,1785009263.0,18,False,"ilee,wvandenbr,mgrovic,cboxley,aroy,jnissen,cjurek",337,720,7cd3a8b765780ac6875580ae145efe78e1fbe945e308eb2ed378f558b0b8ecc5,1785009263.0,False,490,255.571428571429,7.4582102410699,6.0,-4.43,-126.439688024726,357f1d7b2da6b2a2c34476e778ff5977f9777c083d45c2b5abb5a3418d3ad88c,0.990445252316526,0.00955474768347409,0.709070342631207,0.728787605410796,0.711568715868342,0.840286225792758,255.571428571429,5.0,0.988,-0.0172188895424544,-0.0591857485351764,720.0,98b2c3790e52d0dbc281c0ed5d4e6ba5452aefaf,2026-08-18 08:07:04,2026-07-25 19:59:26,2026-07-25-DC-NY,empire,breeze,23,15,2026-07-25 14:00:00
srueschem,6.54,44.38,ddemarre,3.95,53.45,0,0,0,"aatkins,jcowan,ddemarre,bjagt,mlabar,srueschem,jwilliams",True,2026-07-25-DC-NY,20,15,4,6,273.0,4,5,False,True,491,home,337,1785009271.0,18,False,"ilee,wvandenbr,mgrovic,cboxley,aroy,jnissen,cjurek",338,721,d9edf57eda9128d63d2e49124cd21bbd3e753400fb90348c2444f532c048254d,1785009271.0,False,491,246.857142857143,9.43255002637145,-2.59,9.07,15.9370522604528,d771827ce065d621d9171ae7a4332d171868f5b84dcbd00bb2db3702089e62ed,0.983645030084317,0.0163549699156832,0.709070342631207,0.71119027302074,0.746340427476764,0.801206680565562,246.857142857143,5.0,0.988,0.035150154456024,0.120820114298166,721.0,a507011cce2129a86ef1d3026edaf42466d17bf2,2026-08-18 08:07:04,2026-07-25 19:59:26,2026-07-25-DC-NY,empire,breeze,23,15,2026-07-25 14:00:00
ddemarre,3.95,53.45,jcowan,-10.44,57.81,0,0,0,"aatkins,jcowan,ddemarre,bjagt,mlabar,srueschem,jwilliams",True,2026-07-25-DC-NY,20,15,4,6,273.0,4,6,False,True,492,home,338,1785009277.0,18,False,"ilee,wvandenbr,mgrovic,cboxley,aroy,jnissen,cjurek",339,723,1e39b6a10462577b00846dd7ab0c3717615968dcf50590bc1545a6a3596922cd,1785009277.0,False,492,238.142857142857,15.036013434418,-14.39,4.36,73.1438114191379,588c3ce7b050e69f0129ba50af39d1e8c79353da60d379d04f9198a87d6db308,0.974786834546632,0.025213165453368,0.709070342631207,0.745915554318032,0.761765993361278,0.779996379714058,238.142857142857,5.0,0.988,0.0158504390432465,0.0544820324837281,723.0,563fce1786da4e043a58e5e5e9a7f830d4c55d7d,2026-08-18 08:07:04,2026-07-25 19:59:26,2026-07-25-DC-NY,empire,breeze,23,15,2026-07-25 14:00:00
jcowan,-10.44,57.81,,-17.26,79.63,1,0,0,"aatkins,jcowan,ddemarre,bjagt,mlabar,srueschem,jwilliams",True,2026-07-25-DC-NY,20,15,4,6,273.0,4,7,False,True,493,home,339,1785009279.0,22,False,"ilee,wvandenbr,mgrovic,cboxley,aroy,jnissen,cjurek",340,724,5fef4215a885b18188102d125aa9e5fcc7c2346278a5eb05f6649519e3421b76,1785009279.0,False,493,229.428571428571,22.8609886050451,-6.82,21.82,17.3570148653444,b49ccdc08be7ec537acd8b7d08d571e25d335306acdc49ddc89e1b96edd1b243,0.936820839951879,-0.936820839951879,0.709070342631207,0.761277436795379,0.848382650693378,0.679932299008427,229.428571428571,5.0,0.981,-0.679932299008427,-0.679932299008427,724.0,50adebe3ba2cd0d14d9377fc07e3e7c7d44ef3d3,2026-08-18 08:07:04,2026-07-25 19:59:26,2026-07-25-DC-NY,empire,breeze,23,15,2026-07-25 14:00:00
wvandenbr,23.97,26.5,cjurek,22.61,35.42,0,0,0,"wvandenbr,amerriman,ilee,mgrovic,khealey,mwagner,cjurek",False,2026-07-25-DC-NY,20,15,4,6,273.0,5,1,True,False,494,away,384,1785009289.0,18,False,"aatkins,jcowan,ddemarre,bjagt,mlabar,srueschem,jwilliams",385,725,7455998f4de86d4dbd607de9f3088c5d76bce7634b9c4ad3d060544ce0525102,1785009289.0,False,494,220.714285714286,9.0230815135407,-1.36,8.92,8.66891825203874,e5118074fec38beafa92b43f329c08d8150bddb5e165d8d79df264e1cb6686df,0.983115794946782,0.0168842050532176,0.597693369300604,0.597693369300604,0.635564903239129,0.854375662674426,220.714285714286,5.0,0.981,0.0378715339385246,0.0941359924212193,725.0,3d89a32dc8214fe7334b435c6493c9367ecf1889,2026-08-18 08:07:04,2026-07-29 08:08:24,2026-07-25-DC-NY,empire,breeze,23,15,2026-07-25 14:00:00
cjurek,22.61,35.42,wvandenbr,12.09,29.63,0,0,0,"wvandenbr,amerriman,ilee,mgrovic,khealey,mwagner,cjurek",False,2026-07-25-DC-NY,20,15,4,6,273.0,5,2,True,False,495,away,385,1785009292.0,18,False,"aatkins,jcowan,ddemarre,bjagt,mlabar,srueschem,jwilliams",386,726,5e9171c3ac06f8b0389dc90e73653a7138373389b148b1e11a72b78e28f836f8,1785009292.0,False,495,212.0,12.00810143195,-10.52,-5.79,118.827516944224,8e816fa7a76f428bbec1569ee3dfba87f185cb77aa2cbd7a78f9f3f63c88c299,0.984535142138313,0.0154648578616868,0.597693369300604,0.634701285254013,0.65608269778916,0.896921261893606,212.0,5.0,0.981,0.0213814125351464,0.0531470547675924,726.0,f853181fd49c9df53ce59793fc20a54e7e51c823,2026-08-18 08:07:04,2026-07-29 08:08:24,2026-07-25-DC-NY,empire,breeze,23,15,2026-07-25 14:00:00
wvandenbr,12.09,29.63,amerriman,13.28,49.01,0,0,0,"wvandenbr,amerriman,ilee,mgrovic,khealey,mwagner,cjurek",False,2026-07-25-DC-NY,20,15,4,6,273.0,5,3,True,False,496,away,386,1785009303.0,18,False,"aatkins,jcowan,ddemarre,bjagt,mlabar,srueschem,jwilliams",387,727,760fc7db6d920f07b59be24e07b9d0e1414c1b2763c250f87ec2a3ae3a9d7551,1785009303.0,False,496,203.285714285714,19.4165007145984,1.19,19.38,-3.51375026060497,5b80632d38b17c35b745f4ffcee816c2239be680052c1c8649c913dbf4b7c1ff,0.954478651318285,0.0455213486817153,0.597693369300604,0.655108191131494,0.719718248339997,0.814221699784377,203.285714285714,5.0,0.98,0.0646100572085038,0.1605990363524,727.0,1d8901b770218c9f3b755d8494e2f9136a30139f,2026-08-18 08:07:04,2026-07-29 08:08:24,2026-07-25-DC-NY,empire,breeze,23,15,2026-07-25 14:00:00
amerriman,13.28,59.01,,21.49,110.6,1,0,0,"wvandenbr,amerriman,ilee,mgrovic,khealey,mwagner,cjurek",False,2026-07-25-DC-NY,20,15,4,6,273.0,5,4,True,False,497,away,388,1785009315.0,22,False,"aatkins,jcowan,ddemarre,bjagt,mlabar,srueschem,jwilliams",389,730,c93b303bc68396a9b279e4d6029c0bd4aea9760c0447858f05bac6c7d379208f,1785009315.0,False,497,194.571428571429,52.2391826122883,8.21,51.59,-9.0421907411843,8faa50f4abed6c14fc77668d2b7a1f60371877e5c4a402fccfe6360b39a08a30,0.700914314924747,-0.700914314924747,0.597693369300604,0.759906871535818,0.949209238907784,0.596035498697871,194.571428571429,5.0,0.987,-0.596035498697871,-0.596035498697871,730.0,c02144352c713664bf3ef76856826bfbaa9993cf,2026-08-18 08:07:04,2026-07-29 08:08:24,2026-07-25-DC-NY,empire,breeze,23,15,2026-07-25 14:00:00
srueschem,-15.49,19.84,jwilliams,3.81,23.45,0,0,0,"aatkins,jcowan,ddemarre,bjagt,mlabar,srueschem,jwilliams",True,2026-07-25-DC-NY,20,15,4,6,273.0,6,1,False,True,498,home,341,1785009324.0,18,False,"ilee,wvandenbr,mgrovic,cboxley,aroy,jnissen,cjurek",342,731,2d04a2752be96fe0f846ae9b818c776e14058baea4893e84b9af0fcc558322a9,1785009324.0,False,498,185.857142857143,19.63471670282,19.3,3.61,-79.4054406429353,e3ef9df47ec6c5c12aac7db42e5aa5a1235f63712f7fee29a8dbc7fa427c3d07,0.973553067345975,0.0264469326540251,0.620632620243437,0.620632620243437,0.640349926052812,0.919087720844671,185.857142857143,5.0,0.987,0.0197173058093747,0.0519741729561122,731.0,47c0871ae0023eca2e76461e2c8de3bec90b66be,2026-08-18 08:07:04,2026-07-25 19:59:26,2026-07-25-DC-NY,empire,breeze,23,15,2026-07-25 14:00:00
jwilliams,3.81,23.45,mlabar,-24.9,47.65,0,0,0,"aatkins,jcowan,ddemarre,bjagt,mlabar,srueschem,jwilliams",True,2026-07-25-DC-NY,20,15,4,6,273.0,6,2,False,True,499,home,342,1785009332.0,18,False,"ilee,wvandenbr,mgrovic,cboxley,aroy,jnissen,cjurek",343,732,6fc84fd45cfcdc1d1b578438062f68d9c67220167825b7100ff8410c1263f796,1785009332.0,False,499,177.142857142857,37.5486897241435,-28.71,24.2,49.872062957261,4f2b262f3a92d69cf5e3ea11276a0767781d76fd6ea8001a03ad4dd759d667c7,0.793218468772921,0.206781531227079,0.620632620243437,0.638880737629878,0.655375985467818,0.779091360608736,177.142857142857,5.0,0.987,0.0164952478379402,0.0434809335703167,732.0,00a1df87ce2970fef6140f5d3cfcb58f39439811,2026-08-18 08:07:04,2026-07-25 19:59:26,2026-07-25-DC-NY,empire,breeze,23,15,2026-07-25 14:00:00
mlabar,-24.9,47.65,ddemarre,10.16,88.97,0,0,0,"aatkins,jcowan,ddemarre,bjagt,mlabar,srueschem,jwilliams",True,2026-07-25-DC-NY,20,15,4,6,273.0,6,3,False,True,500,home,343,1785009342.0,18,False,"ilee,wvandenbr,mgrovic,cboxley,aroy,jnissen,cjurek",344,733,752529b7f21ede0e6fb26915a57cfedcf2fbb92b5f1f7cb3bf9e539383df301b,1785009342.0,False,500,168.428571428571,54.1899068092943,35.06,41.32,-40.3145887738547,b9ec0e4c9b839beefa26e8a9401aff7f7d2d1ab90878d0d2c1dc4a7b090d3b8b,0.613814008701243,0.386185991298757,0.620632620243437,0.653691671024805,0.889457604489513,0.656389177209259,168.428571428571,5.0,0.989,0.235765933464708,0.621471286266093,733.0,a7072b9d4ada7053b1cf609233ecfcbca4ddb727,2026-08-18 08:07:04,2026-07-25 19:59:26,2026-07-25-DC-NY,empire,breeze,23,15,2026-07-25 14:00:00
ddemarre,10.16,98.97,jwilliams,10.91,110.25,0,0,0,"aatkins,jcowan,ddemarre,bjagt,mlabar,srueschem,jwilliams",True,2026-07-25-DC-NY,21,15,4,6,273.0,6,4,False,True,501,home,345,1785009385.0,19,False,"ilee,wvandenbr,mgrovic,cboxley,aroy,jnissen,cjurek",346,737,d11a72c77874d0b09cb082091a02ff80fa5e8fa136055dc9fc8c892514a67198,1785009385.0,False,501,159.714285714286,11.3049060146469,0.75,11.28,-3.80396083977703,0b04368d27d8bc4d88d23145e1a012d1e30deefbae329425f6655eaec0045424,0.955816529739329,0.0441834702606712,0.620632620243437,0.924538479070269,1.0,0.62312379277001,159.714285714286,5.0,0.99,0.0754615209297314,0.19891410004243,737.0,fb7923baa936a8f15db0cbad0eef8b13a593ed56,2026-08-18 08:07:04,2026-07-25 19:59:26,2026-07-25-DC-NY,empire,breeze,23,15,2026-07-25 14:00:00
gnorrbom,7.79,15.21,jnissen,0.51,18.26,0,0,0,"jnissen,cboxley,jwodatch1,smott,gnorrbom,tshapinsk,aroy",False,2026-07-25-DC-NY,21,15,4,7,151.0,1,1,True,True,502,away,392,1785009431.0,18,False,"aagami,adavis2,mbrownlee,sjonas,jrandolph,dschnaudi,nwhitlock",393,741,b9e744ae611aff3a100731897a1408bad1578f6b8871bc65d2d0aaf448cbffdc,1785009431.0,False,502,151.0,7.89309191635319,-7.28,3.05,67.2684583986981,347846632c97b8fa23250731564108f47c9e4d8287bce8b9a52dd0f97cb5e1d6,0.991742980499623,0.00825701950037672,0.610620617435352,0.610620617435352,0.6192565190982,0.927875621424505,151.0,6.0,0.992,0.00863590166284756,0.0221786310460692,741.0,858c55c6e9a897c1496eb2ccf5301a2a50c3e039,2026-08-18 08:07:04,2026-07-29 08:08:24,2026-07-25-DC-NY,empire,breeze,23,15,2026-07-25 14:00:00
jnissen,0.51,18.26,cboxley,1.33,30.27,0,0,0,"jnissen,cboxley,jwodatch1,smott,gnorrbom,tshapinsk,aroy",False,2026-07-25-DC-NY,21,15,4,7,151.0,1,2,True,True,503,away,393,1785009434.0,18,False,"aagami,adavis2,mbrownlee,sjonas,jrandolph,dschnaudi,nwhitlock",394,742,87342cdc84f40ba9db484573b38c1beb179620a5a0cba426be432311d96a1179,1785009434.0,False,503,144.75,12.0379607907652,0.82,12.01,-3.90588984139711,b45f603c92f4b9ea6e0cb511b5ce0fd090778dbfe24b0732fef5039b88198e8b,0.984295026993072,0.0157049730069281,0.610620617435352,0.616759293480625,0.64938169057049,0.890543548060942,144.75,6.0,0.992,0.0326223970898647,0.0837804941674036,742.0,fcb62de9bcd06e73af33f680860f2bdbe5e3fd6b,2026-08-18 08:07:04,2026-07-29 08:08:24,2026-07-25-DC-NY,empire,breeze,23,15,2026-07-25 14:00:00
cboxley,1.33,30.27,,-17.27,48.93,1,0,0,"jnissen,cboxley,jwodatch1,smott,gnorrbom,tshapinsk,aroy",False,2026-07-25-DC-NY,21,15,4,7,151.0,1,3,True,True,504,away,394,1785009439.0,22,False,"aagami,adavis2,mbrownlee,sjonas,jrandolph,dschnaudi,nwhitlock",395,743,5539172a09491e76f62a6f8bcb3821cd3ff05a98b2f92ad390e34d4474cd7e4b,1785009439.0,False,504,138.5,26.3468328267365,-18.6,18.66,44.9077363446234,a39acf868dc93caeddd296799ab77acdf09ec576d4039b62875fae680a070bd0,0.946324900417034,-0.946324900417034,0.610620617435352,0.646503407677457,0.697737197680149,0.79563571386963,138.5,6.0,0.995,-0.79563571386963,-0.79563571386963,743.0,ff8cd5afa4240986223f9854ae9897a7d90cc5a3,2026-08-18 08:07:04,2026-07-29 08:08:24,2026-07-25-DC-NY,empire,breeze,23,15,2026-07-25 14:00:00
mbrownlee,22.64,77.18,adavis2,23.73,114.27,0,0,0,"aagami,adavis2,mbrownlee,sjonas,jrandolph,dschnaudi,nwhitlock",True,2026-07-25-DC-NY,22,15,4,7,151.0,2,1,False,False,505,home,349,1785009452.0,19,False,"jnissen,cboxley,jwodatch1,smott,gnorrbom,tshapinsk,aroy",350,746,4f94a5f121edd1c2e5c2aed2403bc364ecfe9c062aec1c5d628b69b5e3eed247,1785009452.0,False,505,132.25,37.1060129898107,1.09,37.09,-1.68332245648119,cf8b7949e4579f841f01292619187e5b673e01caeb29e81c281206fcca7a0947,0.703870289721685,0.296129710278315,0.804639688824453,0.804639688824453,1.0,0.557476349648154,132.25,6.0,0.996,0.195360311175547,1.0,746.0,8f48aea7fef8ae8506fa326bae9afba37352ac1d,2026-08-18 08:07:04,2026-07-25 19:59:26,2026-07-25-DC-NY,empire,breeze,23,15,2026-07-25 14:00:00
tshapinsk,9.25,13.03,amerriman,14.31,20.18,0,0,0,"amerriman,wvandenbr,mgrovic,cboxley,aroy,jwodatch1,tshapinsk",False,2026-07-25-DC-NY,22,15,4,8,126.0,1,1,True,True,506,away,397,1785009514.0,18,False,"lbarry,ochartock,relston,ofay,cpanarell,dschnaudi,mbrownlee",398,750,222ee06c7a3ff60e9f075dad71cbc5230d957c14dcc52926667150744a3f5935,1785009514.0,False,506,126.0,8.75934358271212,5.06,7.15,-35.2867489750597,e8c69138f03fcf83d2b9e8d9a8fa76ad5e8c9b0ccd41ddac0134d889394c2ebc,0.990081707847305,0.00991829215269502,0.591361490005075,0.591361490005075,0.601171123128799,0.920981130906495,126.0,7.0,0.997,0.00980963312372463,0.0240056501866318,750.0,95eb45c8a927db21e25e3cc6772837b86bf07291,2026-08-18 08:07:04,2026-07-29 08:08:24,2026-07-25-DC-NY,empire,breeze,23,15,2026-07-25 14:00:00
amerriman,14.31,20.18,wvandenbr,11.36,40.63,0,0,0,"amerriman,wvandenbr,mgrovic,cboxley,aroy,jwodatch1,tshapinsk",False,2026-07-25-DC-NY,22,15,4,8,126.0,1,2,True,True,507,away,398,1785009517.0,18,False,"lbarry,ochartock,relston,ofay,cpanarell,dschnaudi,mbrownlee",399,751,f88311762d408a678dfc59c12b0de5bacce4015c33400c60abf302de1169296f,1785009517.0,False,507,122.033333333333,20.6616795057904,-2.95,20.45,8.20853595268191,f9520609b431905d5c47b72eda021b8f85f21f5fd935276318e99ca5d3cf04cf,0.950584637289873,0.0494153627101274,0.591361490005075,0.5981364977068,0.666582142413108,0.837475029288509,122.033333333333,7.0,0.997,0.0684456447063073,0.167496804711718,751.0,3880b032e4f9dd3b85583258df18f8e18f53dbbb,2026-08-18 08:07:04,2026-07-29 08:08:24,2026-07-25-DC-NY,empire,breeze,23,15,2026-07-25 14:00:00
wvandenbr,11.36,40.63,mgrovic,0.72,46.67,0,0,0,"amerriman,wvandenbr,mgrovic,cboxley,aroy,jwodatch1,tshapinsk",False,2026-07-25-DC-NY,22,15,4,8,126.0,1,3,True,True,508,away,399,1785009520.0,18,False,"lbarry,ochartock,relston,ofay,cpanarell,dschnaudi,mbrownlee",400,752,fc6d06e837d9ca2adfb0ba9d0adf61a2051f75b60b69cac1226a2042dde2fe5c,1785009520.0,False,508,118.066666666667,12.2348355117672,-10.64,6.04,60.4177583540572,7877ce74a5e61d570fdb7f2c3c03fafe19126517b8f57b98bbcfe60fba8f3e5b,0.980891097958128,0.0191089020418718,0.591361490005075,0.663488648503806,0.69045167485584,0.809473720864439,118.066666666667,7.0,0.997,0.026963026352034,0.0659825877702246,752.0,6edd90ec982e2cdeb67303a5f06309034420cfd9,2026-08-18 08:07:04,2026-07-25 19:59:26,2026-07-25-DC-NY,empire,breeze,23,15,2026-07-25 14:00:00
mgrovic,0.72,46.67,amerriman,-2.56,39.02,0,0,0,"amerriman,wvandenbr,mgrovic,cboxley,aroy,jwodatch1,tshapinsk",False,2026-07-25-DC-NY,22,15,4,8,126.0,1,4,True,True,509,away,400,1785009522.0,18,False,"lbarry,ochartock,relston,ofay,cpanarell,dschnaudi,mbrownlee",401,753,6007c77eb56bbf86024d88ed12be0413d64cc55ddeb3b77b35c3661ca9aef76c,1785009522.0,False,509,114.1,8.32351488254812,-3.28,-7.65,156.79237087158,56fc9d5fe55e8b17c81797e0fc6f60673d51f68a22d85ffeda2a62d146dbb48a,0.991208953832641,0.00879104616735948,0.591361490005075,0.687192036814999,0.658241094681567,0.843053209415088,114.1,7.0,0.997,-0.0289509421334319,-0.070847317189443,753.0,79edf02c89e608853292e3f31af5275a1017e11d,2026-08-18 08:07:04,2026-07-25 19:59:26,2026-07-25-DC-NY,empire,breeze,23,15,2026-07-25 14:00:00
amerriman,-2.56,39.02,tshapinsk,-16.91,41.79,0,0,0,"amerriman,wvandenbr,mgrovic,cboxley,aroy,jwodatch1,tshapinsk",False,2026-07-25-DC-NY,22,15,4,8,126.0,1,5,True,True,510,away,401,1785009524.0,18,False,"lbarry,ochartock,relston,ofay,cpanarell,dschnaudi,mbrownlee",402,754,48b0a8ebf05657bde1e6d9a6d39d8ec5612f54fec73ded8b60b2265ca026207f,1785009524.0,False,510,110.133333333333,14.6149033524002,-14.35,2.77,79.0744939869283,ded5f68adcc408b60e0ffc44bab8026ec0b8993b023681dd95564daa9009774f,0.983832517118242,0.016167482881758,0.591361490005075,0.654496544169813,0.650679972926125,0.817205630125369,110.133333333333,7.0,0.997,-0.00381657124368739,-0.00933972484319892,754.0,0ea4c6b710b82fcd6b3f7a8aec92bb7b86da93c7,2026-08-18 08:07:04,2026-07-25 19:59:26,2026-07-25-DC-NY,empire,breeze,23,15,2026-07-25 14:00:00
tshapinsk,-16.91,41.79,jwodatch1,-18.5,59.03,0,0,0,"amerriman,wvandenbr,mgrovic,cboxley,aroy,jwodatch1,tshapinsk",False,2026-07-25-DC-NY,22,15,4,8,126.0,1,6,True,True,511,away,402,1785009526.0,18,False,"lbarry,ochartock,relston,ofay,cpanarell,dschnaudi,mbrownlee",403,755,8619378d55828b8a3873dd91156822acd340b3fb94bc661993178c9eadc425c5,1785009526.0,False,511,106.166666666667,17.3131655106742,-1.59,17.24,5.2693331419968,2602d5ee710ade71401898908735ef8afe5a1b4f616968b3cc82df8e53878373,0.964913791393131,0.0350862086068694,0.591361490005075,0.646561443106006,0.715900024724523,0.722666292505877,106.166666666667,7.0,0.996,0.0693385816185168,0.169681955867003,755.0,ef50203dac14b2b1f911ee7c080e624027b23ef2,2026-08-18 08:07:04,2026-07-29 08:08:24,2026-07-25-DC-NY,empire,breeze,23,15,2026-07-25 14:00:00
jwodatch1,-18.5,59.03,cboxley,-15.83,68.78,0,0,0,"amerriman,wvandenbr,mgrovic,cboxley,aroy,jwodatch1,tshapinsk",False,2026-07-25-DC-NY,22,15,4,8,126.0,1,7,True,True,512,away,403,1785009528.0,18,False,"lbarry,ochartock,relston,ofay,cpanarell,dschnaudi,mbrownlee",404,756,e4c9ebcdd76c02bc43e69a10337a5219d30c81316bdc1b221d5777bd4f3d31f1,1785009528.0,False,512,102.2,10.1089762092904,2.67,9.75,-15.314770716396,539adb4cdc3d9e5830c310dacdd7fa8f5976268d87e227c5b2645b6b770371e5,0.976920325821267,0.0230796741787328,0.591361490005075,0.711893989845066,0.767456481620818,0.681973986768576,102.2,7.0,0.996,0.055562491775752,0.135969788497031,756.0,d33ba3545829bd6fd305999819064e931fd6d293,2026-08-18 08:07:04,2026-07-29 08:08:24,2026-07-25-DC-NY,empire,breeze,23,15,2026-07-25 14:00:00
cboxley,-15.83,68.78,,5.82,61.01,1,0,0,"amerriman,wvandenbr,mgrovic,cboxley,aroy,jwodatch1,tshapinsk",False,2026-07-25-DC-NY,22,15,4,8,126.0,1,8,True,True,513,away,404,1785009532.0,22,False,"lbarry,ochartock,relston,ofay,cpanarell,dschnaudi,mbrownlee",405,757,5b02c5716e345ed57f1fa61f11755ab321564d32129feb6d3fa92373beb8d5ae,1785009532.0,False,513,98.2333333333333,23.0020738195494,21.65,-7.77,-109.742628675177,3352396c33bcbad4b98c2dad359f746cfb059d533d28c71d0371ee5b41dbeb1f,0.954807373997523,-0.954807373997523,0.591361490005075,0.76364596576368,0.73399970690181,0.724425211064413,98.2333333333333,7.0,0.998,-0.724425211064413,-0.724425211064413,757.0,01812d9da2024c5eb4d1bc803aa312cb96eb3ae4,2026-08-18 08:07:04,2026-07-29 08:08:24,2026-07-25-DC-NY,empire,breeze,23,15,2026-07-25 14:00:00
ochartock,1.97,63.81,relston,13.7,57.34,0,0,0,"lbarry,ochartock,relston,ofay,cpanarell,dschnaudi,mbrownlee",True,2026-07-25-DC-NY,22,15,4,8,126.0,2,1,False,False,514,home,353,1785009539.0,18,False,"amerriman,wvandenbr,mgrovic,cboxley,aroy,jwodatch1,tshapinsk",354,759,37022237b8ec492f904c4c57841be5c3c2ebc2393918ffd1e3ca34fa31f1cdd4,1785009539.0,False,514,94.2666666666667,13.396036727331,11.73,-6.47,-118.880125031434,c53d6562dbeb3e963fdfc0cfaa00392f531159d635a4e9b8b972d9a04e5ed62f,0.982608632452072,0.0173913675479282,0.624583073626191,0.743638479161926,0.705445926050143,0.732269917444735,94.2666666666667,7.0,0.998,-0.0381925531117827,-0.101733700397285,759.0,eb927cbd4bd1059acfce419f8b5974f50744d7d3,2026-08-18 08:07:04,2026-07-25 19:59:26,2026-07-25-DC-NY,empire,breeze,23,15,2026-07-25 14:00:00
relston,13.7,57.34,lbarry,0.68,61.29,0,0,0,"lbarry,ochartock,relston,ofay,cpanarell,dschnaudi,mbrownlee",True,2026-07-25-DC-NY,22,15,4,8,126.0,2,2,False,False,515,home,354,1785009543.0,18,False,"amerriman,wvandenbr,mgrovic,cboxley,aroy,jwodatch1,tshapinsk",355,760,74290eadcb14cf57740a0dad5645d60fa775bdd85ef3a921cfbf91b98f861e2b,1785009543.0,False,515,90.3,13.6059876525006,-13.02,3.95,73.1232826061339,14264b100c5aac1b0346be1eb20a1a34588c260d4b93f6a7a98a8b7e0c6d7ba1,0.974989269889356,0.0250107301106437,0.624583073626191,0.700290142925981,0.726530928611978,0.714050162388954,90.3,7.0,0.998,0.0262407856859969,0.0698977159593185,760.0,6229cd2ffd66d0ce792d4c6779a46e965ac15924,2026-08-18 08:07:04,2026-07-25 19:59:26,2026-07-25-DC-NY,empire,breeze,23,15,2026-07-25 14:00:00
lbarry,0.68,61.29,dschnaudi,-12.35,61.97,0,0,0,"lbarry,ochartock,relston,ofay,cpanarell,dschnaudi,mbrownlee",True,2026-07-25-DC-NY,22,15,4,8,126.0,2,3,False,False,516,home,355,1785009546.0,18,False,"amerriman,wvandenbr,mgrovic,cboxley,aroy,jwodatch1,tshapinsk",356,761,b44b70e32543b4e8f985bc00a45c8f68c11a3b897accb28b3b2aa1a39c9ea2b1,1785009546.0,False,516,86.3333333333333,13.047731603616,-13.03,0.68,87.0126003521468,6b2eb91a549d4d37ce37c683b3d5cdff5ddc8d220794ef18662b167b151eca86,0.979250915484159,0.020749084515841,0.624583073626191,0.721228845189713,0.720429276320373,0.70025837568551,86.3333333333333,7.0,0.998,-0.000799568869339629,-0.00212981571465823,761.0,dc8c4970d846e82d767665d5279d6ef00932eb7a,2026-08-18 08:07:04,2026-07-25 19:59:26,2026-07-25-DC-NY,empire,breeze,23,15,2026-07-25 14:00:00
dschnaudi,-12.35,61.97,mbrownlee,-21.22,71.79,0,0,0,"lbarry,ochartock,relston,ofay,cpanarell,dschnaudi,mbrownlee",True,2026-07-25-DC-NY,22,15,4,8,126.0,2,4,False,False,517,home,356,1785009548.0,18,False,"amerriman,wvandenbr,mgrovic,cboxley,aroy,jwodatch1,tshapinsk",357,762,b2f115b93b0b41591ff6f77f426964c0eb7c4870f30c2676ec91b79f4f654c7f,1785009548.0,False,517,82.3666666666667,13.2328870621645,-8.87,9.82000000000001,42.0901986762293,7b2ed9a756240a5d7f37f27764014bf3fd9727ace3ad1808eb39097a876fc52b,0.976539490442886,0.0234605095571137,0.624583073626191,0.714665197957908,0.742367334969878,0.617431113527093,82.3666666666667,7.0,0.998,0.0277021370119702,0.0737903250115759,762.0,83ea7fc918d58b859ab96d6aab6a2c9b89407f8f,2026-08-18 08:07:04,2026-07-25 19:59:26,2026-07-25-DC-NY,empire,breeze,23,15,2026-07-25 14:00:00
mbrownlee,-21.22,71.79,dschnaudi,-7.92,62.93,0,0,0,"lbarry,ochartock,relston,ofay,cpanarell,dschnaudi,mbrownlee",True,2026-07-25-DC-NY,22,15,4,8,126.0,2,5,False,False,518,home,357,1785009550.0,18,False,"amerriman,wvandenbr,mgrovic,cboxley,aroy,jwodatch1,tshapinsk",358,763,96f19b4c065f6b91cf7da47d6b2ac5cfc65c837c90d04c0ee0623c5574c1b72a,1785009550.0,False,518,78.4,15.9809136159357,13.3,-8.86000000000001,-123.670180064261,8ab94c4389cfb34505999b41383be5320d3c7a2584b9e08bd6bca08f35fa31ee,0.968009252212,0.0319907477879999,0.624583073626191,0.736504771385309,0.716493220516217,0.686970968918838,78.4,7.0,0.998,-0.0200115508690916,-0.0533048710999401,763.0,de84d1448ce07c20939a88dfb013c28f2f423064,2026-08-18 08:07:04,2026-07-25 19:59:26,2026-07-25-DC-NY,empire,breeze,23,15,2026-07-25 14:00:00
dschnaudi,-7.92,62.93,ochartock,12.75,60.27,0,0,0,"lbarry,ochartock,relston,ofay,cpanarell,dschnaudi,mbrownlee",True,2026-07-25-DC-NY,22,15,4,8,126.0,2,6,False,False,519,home,358,1785009555.0,18,False,"amerriman,wvandenbr,mgrovic,cboxley,aroy,jwodatch1,tshapinsk",359,764,92ca31d85237de6dd76a5ac3c788b4fc4a36cdc0f30449147898d2dd24368f62,1785009555.0,False,519,74.4333333333333,20.8404534499612,20.67,-2.66,-97.3330289185211,a43f0d5ce28d6b87dd227f39998092b7a240fa0b159f0419c868a1fef8346229,0.96359204754961,0.0364079524503902,0.624583073626191,0.709847132355322,0.691517504187264,0.689596041574509,74.4333333333333,7.0,0.998,-0.0183296281680576,-0.0488247249400963,764.0,b20ef7ab0fc8940b89e7f9f3f6448b1847ed1460,2026-08-18 08:07:04,2026-07-25 19:59:26,2026-07-25-DC-NY,empire,breeze,23,15,2026-07-25 14:00:00
ochartock,12.75,60.27,dschnaudi,-1.71,56.11,0,0,0,"lbarry,ochartock,relston,ofay,cpanarell,dschnaudi,mbrownlee",True,2026-07-25-DC-NY,22,15,4,8,126.0,2,7,False,False,520,home,359,1785009558.0,18,False,"amerriman,wvandenbr,mgrovic,cboxley,aroy,jwodatch1,tshapinsk",360,765,024002d4885200652f5d8956ca3c832861248bf232ed7826217563a6893aeb6e,1785009558.0,False,520,70.4666666666667,15.0465012544445,-14.46,-4.16,106.050007395986,2d7fd3289713355f10ea04cfb08a967fc2c2b675dec05b34f095aed6494eed27,0.977243764238093,0.0227562357619072,0.624583073626191,0.68408221252285,0.668852944035499,0.708869268924669,70.4666666666667,7.0,0.998,-0.0152292684873506,-0.0405662808932237,765.0,f4026b8d0e969c64280df62b1304b9850fa731c3,2026-08-18 08:07:04,2026-07-25 19:59:26,2026-07-25-DC-NY,empire,breeze,23,15,2026-07-25 14:00:00
dschnaudi,-1.71,56.11,relston,-17.06,66.2,0,0,0,"lbarry,ochartock,relston,ofay,cpanarell,dschnaudi,mbrownlee",True,2026-07-25-DC-NY,22,15,4,8,126.0,2,8,False,False,521,home,360,1785009563.0,18,False,"amerriman,wvandenbr,mgrovic,cboxley,aroy,jwodatch1,tshapinsk",361,766,83158055d527e4d2e16c937825af3961d066ca31b97e6957c168c67b5732af6c,1785009563.0,False,521,66.5,18.3692841450069,-15.35,10.09,56.6819215880646,e4b450c4fce8a7b53b59e98de12d17d77ffc135a539c4b77d79160fe39a2a390,0.968394177537897,0.0316058224621029,0.624583073626191,0.66064367968687,0.700478960846646,0.631991461137971,66.5,7.0,0.998,0.0398352811597769,0.106109443557993,766.0,8a129fae8d87bd82308063a92fd926194d2a34a3,2026-08-18 08:07:04,2026-07-25 19:59:26,2026-07-25-DC-NY,empire,breeze,23,15,2026-07-25 14:00:00
relston,-17.06,66.2,ofay,-4.37,72.54,0,0,0,"lbarry,ochartock,relston,ofay,cpanarell,dschnaudi,mbrownlee",True,2026-07-25-DC-NY,22,15,4,8,126.0,2,9,False,False,522,home,361,1785009565.0,18,False,"amerriman,wvandenbr,mgrovic,cboxley,aroy,jwodatch1,tshapinsk",362,767,352cacee85aae271a61cda2adcc3e1c7ebc0e116df9795f7c8e135a0e0893e90,1785009565.0,False,522,62.5333333333333,14.1856159541981,12.69,6.34,-63.4530118045156,68a5af6eb3bc4c85e344030e9a133e9afd011b25b27d11ef904c49627b920a9b,0.966292099718229,0.0337079002817713,0.624583073626191,0.692206967547092,0.741574471894768,0.610313764650028,62.5333333333333,7.0,0.998,0.0493675043476758,0.131500475550002,767.0,9731253f32b7a45873309481e09501184037ac2a,2026-08-18 08:07:04,2026-07-26 08:07:41,2026-07-25-DC-NY,empire,breeze,23,15,2026-07-25 14:00:00
ofay,-4.37,72.54,ochartock,-4.3,63.27,0,0,0,"lbarry,ochartock,relston,ofay,cpanarell,dschnaudi,mbrownlee",True,2026-07-25-DC-NY,22,15,4,8,126.0,2,10,False,False,523,home,362,1785009570.0,18,False,"amerriman,wvandenbr,mgrovic,cboxley,aroy,jwodatch1,tshapinsk",363,768,ac5a9786dcbd80e22200a6c0b9391b352a341c9b696143d080313799fc1d72ae,1785009570.0,False,523,58.5666666666667,9.27026428965216,0.0700000000000003,-9.27,-179.567354008981,3388430fa69b2d212ef8af1ff543af53014ff71cf5fe4da6d67d31c76822ce60,0.986422278214546,0.0135777217854537,0.624583073626191,0.733545677839971,0.680286868437056,0.645265913831169,58.5666666666667,7.0,0.998,-0.0532588094029152,-0.141865764864007,768.0,5c95cbf94b346e5cbf1875bd54e585ce346d6966,2026-08-18 08:07:04,2026-07-26 08:07:41,2026-07-25-DC-NY,empire,breeze,23,15,2026-07-25 14:00:00
ochartock,-4.3,63.27,ofay,4.97,59.79,0,0,0,"lbarry,ochartock,relston,ofay,cpanarell,dschnaudi,mbrownlee",True,2026-07-25-DC-NY,22,15,4,8,126.0,2,11,False,False,524,home,363,1785009573.0,18,False,"amerriman,wvandenbr,mgrovic,cboxley,aroy,jwodatch1,tshapinsk",364,769,08e6e42d76e2f2e950a23e76dd31126a0e183308646bf73d549926f7b91b2ab1,1785009573.0,False,524,54.6,9.90168167535192,9.27,-3.48,-110.576362871041,558c17912330724981f2f812589fc67119b844f43ae23b1d5dfd8898a06a3803,0.985364699522455,0.0146353004775451,0.624583073626191,0.670661083575373,0.651324168209853,0.653579637280209,54.6,7.0,0.998,-0.01933691536552,-0.0515078410350253,769.0,03255aa35be7d3eb994d6b6eaf0f333a82af26d5,2026-08-18 08:07:04,2026-07-26 08:07:41,2026-07-25-DC-NY,empire,breeze,23,15,2026-07-25 14:00:00
ofay,4.97,59.79,ochartock,5.52,68.86,0,0,0,"lbarry,ochartock,relston,ofay,cpanarell,dschnaudi,mbrownlee",True,2026-07-25-DC-NY,22,15,4,8,126.0,2,12,False,False,525,home,364,1785009576.0,18,False,"amerriman,wvandenbr,mgrovic,cboxley,aroy,jwodatch1,tshapinsk",365,770,3e431775697d28ef9ded61e7003436dccdfb648e131d8904f1136dbb6307eb03,1785009576.0,False,525,50.6333333333333,9.08666055270032,0.55,9.07,-3.4701365116548,d6764b8ae91c49f0aa5598a1c5a5481dd52c6504b7c244adf719003fa70017fb,0.981472809735208,0.0185271902647924,0.624583073626191,0.640709265205522,0.692971261773333,0.595667356345615,50.6333333333333,7.0,0.998,0.0522619965678107,0.139210549382029,770.0,b4a8754222d3531ed9be5d35c4ecb7ec62b4e892,2026-08-18 08:07:04,2026-07-26 08:07:41,2026-07-25-DC-NY,empire,breeze,23,15,2026-07-25 14:00:00
ochartock,5.52,68.86,ofay,-6.69,81.13,0,0,0,"lbarry,ochartock,relston,ofay,cpanarell,dschnaudi,mbrownlee",True,2026-07-25-DC-NY,22,15,4,8,126.0,2,13,False,False,526,home,365,1785009584.0,18,False,"amerriman,wvandenbr,mgrovic,cboxley,aroy,jwodatch1,tshapinsk",366,771,2728d429bc231998889449bece871970a7068aa64d70de371c9717dffb93c2c5,1785009584.0,False,526,46.6666666666667,17.3100259965143,-12.21,12.27,44.8595694490627,14cc6158b4ba19ab099cdb077845f8584e18be84b3a4bf5802eeeab5dab9aa12,0.95696767775023,0.0430323222497698,0.624583073626191,0.682448055701591,0.759627266586777,0.529319314074642,46.6666666666667,7.0,0.998,0.077179210885186,0.205582661470989,771.0,e5d4a0b19dea31d5e27438e088a2bc832e624015,2026-08-18 08:07:04,2026-07-26 08:07:41,2026-07-25-DC-NY,empire,breeze,23,15,2026-07-25 14:00:00
ofay,-6.69,81.13,ochartock,-8.39,73.02,0,0,0,"lbarry,ochartock,relston,ofay,cpanarell,dschnaudi,mbrownlee",True,2026-07-25-DC-NY,22,15,4,8,126.0,2,14,False,False,527,home,366,1785009587.0,18,False,"amerriman,wvandenbr,mgrovic,cboxley,aroy,jwodatch1,tshapinsk",367,772,4dffa14ca69bcedc4e3e5d59de9392724f6684cf6d3e6ae624eaf4d1cd41b784,1785009587.0,False,527,42.7,8.28625971111213,-1.7,-8.11,168.16119842819,d4131e3ca8d5d1fd2d047c12e2a4a2f2fd6c3d8cee5cdf400f4a0d6c43f83790,0.984018182982409,0.0159818170175914,0.624583073626191,0.750068854487552,0.69668085023636,0.550239655005451,42.7,7.0,0.998,-0.0533880042511919,-0.142209901846654,772.0,d5648e2effe988305532d9117a97e4d809194661,2026-08-18 08:07:04,2026-07-26 08:07:41,2026-07-25-DC-NY,empire,breeze,23,15,2026-07-25 14:00:00
ochartock,-8.39,73.02,ofay,0.0,65.38,0,0,0,"lbarry,ochartock,relston,ofay,cpanarell,dschnaudi,mbrownlee",True,2026-07-25-DC-NY,22,15,4,8,126.0,2,15,False,False,528,home,367,1785009592.0,18,False,"amerriman,wvandenbr,mgrovic,cboxley,aroy,jwodatch1,tshapinsk",368,773,7889a9af431ff68325de8f4a786e4d683831894cc50b7f819c474c38f3b9e296,1785009592.0,False,528,38.7333333333333,11.3473212697976,8.39,-7.64,-132.321240178601,a34912f9b19c7be3d73cc59323152b59838cd8c59a76b98a8d3a592506cc813c,0.98259148531907,0.0174085146809303,0.624583073626191,0.685066576977827,0.63789464711162,0.576343655720486,38.7333333333333,7.0,0.998,-0.0471719298662069,-0.125652112497552,773.0,538fca2009866f7fec57cd183e95c35207f408ad,2026-08-18 08:07:04,2026-07-26 08:07:41,2026-07-25-DC-NY,empire,breeze,23,15,2026-07-25 14:00:00
ofay,0.0,65.38,ochartock,5.93,72.34,0,0,0,"lbarry,ochartock,relston,ofay,cpanarell,dschnaudi,mbrownlee",True,2026-07-25-DC-NY,22,15,4,8,126.0,2,16,False,False,529,home,368,1785009598.0,18,False,"amerriman,wvandenbr,mgrovic,cboxley,aroy,jwodatch1,tshapinsk",369,774,802f585aac5dc09dc8319c0fc99db6da6aaa4e5714dd586354fab4ff720e8c50,1785009598.0,False,529,34.7666666666667,9.14365900501545,5.93,6.96000000000001,-40.4313788337764,5e865a0e6915165989bc07475b76161b691c135646b56b0a4ee1ff36c402f4df,0.981480052169237,0.0185199478307635,0.624583073626191,0.624583073626191,0.668813901056146,0.526697776507048,34.7666666666667,7.0,0.998,0.0442308274299548,0.117817882792832,774.0,a026b0bb8531a4061f695f409292065f145b9b34,2026-08-18 08:07:04,2026-07-26 08:07:41,2026-07-25-DC-NY,empire,breeze,23,15,2026-07-25 14:00:00
ochartock,5.93,72.34,cpanarell,9.75,79.9,0,0,0,"lbarry,ochartock,relston,ofay,cpanarell,dschnaudi,mbrownlee",True,2026-07-25-DC-NY,22,15,4,8,126.0,2,17,False,False,530,home,369,1785009607.0,18,False,"amerriman,wvandenbr,mgrovic,cboxley,aroy,jwodatch1,tshapinsk",370,776,8a695a4bdfc91fa38be7cc4f68ef8b36243bbd952d39087a8b86449ee5009e3d,1785009607.0,False,530,30.8,8.47030105722341,3.82,7.56,-26.8070593662145,a11e74659aa44ad29b1c8facc07fe43b02d3f8071f8ae610c53c1909bd0959b6,0.979644278672677,0.0203557213273229,0.624583073626191,0.655376354656705,0.706289498052464,0.476994217582987,30.8,7.0,0.998,0.0509131433957593,0.135617602241685,776.0,7b1250010718580bd0bee32b7b358868dc3ed85b,2026-08-18 08:07:04,2026-07-26 08:07:41,2026-07-25-DC-NY,empire,breeze,23,15,2026-07-25 14:00:00
cpanarell,9.75,89.9,mbrownlee,0.47,82.02,0,0,0,"lbarry,ochartock,relston,ofay,cpanarell,dschnaudi,mbrownlee",True,2026-07-25-DC-NY,22,15,4,8,126.0,2,18,False,False,531,home,371,1785009614.0,18,False,"amerriman,wvandenbr,mgrovic,cboxley,aroy,jwodatch1,tshapinsk",372,778,7868a6261aeca662bdc3087142be8e04c6d8625a17a0c9f148658b3c8608117b,1785009614.0,False,531,26.8333333333333,12.1742679451374,-9.28,-7.88000000000001,130.335849240653,89f84f212e6b5de137b113e83744888b57926978dd838b1662596001c7e7747b,0.974021508299274,0.0259784917007256,0.624583073626191,0.766135786609663,0.710829938495217,0.455382091004499,26.8333333333333,7.0,0.999,-0.0553058481144461,-0.147318472421185,778.0,03b15872c93a8bb0b837f19b7cee4b71e78dbf3e,2026-08-18 08:07:04,2026-07-26 08:07:41,2026-07-25-DC-NY,empire,breeze,23,15,2026-07-25 14:00:00
mbrownlee,0.47,82.02,ofay,-3.01,91.84,0,0,0,"lbarry,ochartock,relston,ofay,cpanarell,dschnaudi,mbrownlee",True,2026-07-25-DC-NY,22,15,4,8,126.0,2,19,False,False,532,home,372,1785009620.0,18,False,"amerriman,wvandenbr,mgrovic,cboxley,aroy,jwodatch1,tshapinsk",373,779,475a7c8dc35863e8bafb8f39f2e91d3cfb87199994edcaa56415d5ee443282ec,1785009620.0,False,532,22.8666666666667,10.4183875911774,-3.48,9.82000000000001,19.5132484348147,fabb1feefad155898c10e8e828ccb8573d163e0af7deb45a232a3a667bcdbbd6,0.973291836037398,0.0267081639626018,0.624583073626191,0.697067311314631,0.770339610389145,0.405366327439646,22.8666666666667,7.0,0.999,0.073272299074514,0.19517580036217,779.0,ce7f2ffd76c607222f60b067a275fc1352d9cdc8,2026-08-18 08:07:04,2026-07-26 08:07:41,2026-07-25-DC-NY,empire,breeze,23,15,2026-07-25 14:00:00
ofay,-3.01,91.84,lbarry,-1.44,81.27,0,0,0,"lbarry,ochartock,relston,ofay,cpanarell,dschnaudi,mbrownlee",True,2026-07-25-DC-NY,22,15,4,8,126.0,2,20,False,False,533,home,373,1785009624.0,18,False,"amerriman,wvandenbr,mgrovic,cboxley,aroy,jwodatch1,tshapinsk",374,780,d2fd8d52740ad5c2bd49e3211001179bc2fc9e5ef3172b4278b251f3b2c527ac,1785009624.0,False,533,18.9,10.6859627549417,1.57,-10.57,-171.55142253251,129d5fc80a9203341199379c05937e2fcbb8e336dff971be48f65fd08476fd10,0.978690121140417,0.0213098788595826,0.624583073626191,0.757878342667914,0.676460402444184,0.424940145104379,18.9,7.0,0.999,-0.0814179402237299,-0.216873386637503,780.0,c688e922bc29ef4f43cb2f2b60b18fb7605171ca,2026-08-18 08:07:04,2026-07-26 08:07:41,2026-07-25-DC-NY,empire,breeze,23,15,2026-07-25 14:00:00
lbarry,-1.44,81.27,ofay,5.79,86.93,0,0,0,"lbarry,ochartock,relston,ofay,cpanarell,dschnaudi,mbrownlee",True,2026-07-25-DC-NY,22,15,4,8,126.0,2,21,False,False,534,home,374,1785009630.0,18,False,"amerriman,wvandenbr,mgrovic,cboxley,aroy,jwodatch1,tshapinsk",375,781,e5b0f4e8d6d5c7b4ef8b6350195e7f10513e66a5295b3e1a7541df8c5c2eaf36,1785009630.0,False,534,14.9333333333333,9.18196602041198,7.23,5.66000000000001,-51.944411280444,00f635fe20e983adf1fff5409b51480e377d2a9d8fb992c9cdd0c3c6a4266a27,0.977641044126732,0.0223589558732677,0.624583073626191,0.660434394913646,0.70484821882282,0.386626228659389,14.9333333333333,7.0,0.999,0.0444138239091739,0.118305331456873,781.0,01c621c69cde6aac7e80de2c266e3bd0089288c8,2026-08-18 08:07:04,2026-07-26 08:07:41,2026-07-25-DC-NY,empire,breeze,23,15,2026-07-25 14:00:00
ofay,5.79,86.93,relston,-4.17,112.56,0,0,0,"lbarry,ochartock,relston,ofay,cpanarell,dschnaudi,mbrownlee",True,2026-07-25-DC-NY,23,15,4,8,126.0,2,22,False,False,535,home,375,1785009637.0,19,False,"amerriman,wvandenbr,mgrovic,cboxley,aroy,jwodatch1,tshapinsk",376,782,128907218ad6eb4459671041f9618168609df39665397dc086ba3e554046c230,1785009637.0,False,535,10.9666666666667,27.4972453165767,-9.96,25.63,21.2364798769071,37e8d42e5367e1bbf99c9ee5f772bf5e859e40b276644731d66a434e584af49a,0.875051670718477,0.124948329281523,0.624583073626191,0.68888726353166,1.0,0.332719177484956,10.9666666666667,7.0,0.999,0.31111273646834,0.828712598212901,782.0,e5daeffca4ec166bd505a4c8fe782db6a0434cb3,2026-08-18 08:07:04,2026-07-26 08:07:41,2026-07-25-DC-NY,empire,breeze,23,15,2026-07-25 14:00:00
smott,8.3,15.72,aroy,-1.1,26.06,0,0,0,"ilee,smott,jnissen,amerriman,tgesell,ffarah,aroy",False,2026-07-25-DC-NY,23,15,4,9,7.0,1,1,True,True,536,away,408,1785009682.0,18,False,"aagami,adavis2,mbrownlee,sjonas,jrandolph,dschnaudi,nwhitlock",409,787,23bb428af442fffad61ae758fa876be6dd04b014f4ad46d9e2046ed8b8d534d6,1785009682.0,False,536,7.0,13.9741046224794,-9.4,10.34,42.2736890060937,7bccdc461507dbfcde1bd0be1448934ae80a6bb9a81ba10268b117fc2bc5bba6,0.982347744901005,0.0176522550989947,0.304843387729135,0.304843387729135,0.330807992265777,0.731803878783315,7.0,8.0,0.999,0.0259646045366413,0.0373507265532912,787.0,f4900ceec761d13b7a8127b8375715e4ba831968,2026-08-18 08:07:04,2026-07-26 08:07:41,2026-07-25-DC-NY,empire,breeze,23,15,2026-07-25 14:00:00
aroy,-1.1,26.06,amerriman,-14.72,37.13,0,0,0,"ilee,smott,jnissen,amerriman,tgesell,ffarah,aroy",False,2026-07-25-DC-NY,23,15,4,9,7.0,1,2,True,True,537,away,409,1785009684.0,18,False,"aagami,adavis2,mbrownlee,sjonas,jrandolph,dschnaudi,nwhitlock",410,788,a2022158290c51038f6a6cd9c2e492b84a0d5109c78e348c7979597cec23c933,1785009684.0,False,537,4.66666666666667,17.5513332826882,-13.62,11.07,50.8966401140212,fe84f39199f1faeaed8b9ec4880bf2851b1cd275b3d8b1b615ed8f3bee54ec03,0.974568649564303,0.0254313504356966,0.304843387729135,0.320271842062933,0.345210461960848,0.616557924164192,4.66666666666667,8.0,0.999,0.0249386198979159,0.0358748222453773,788.0,366bd74c7d804343d8ca69d0ccced668284d132d,2026-08-18 08:07:04,2026-07-26 08:07:41,2026-07-25-DC-NY,empire,breeze,23,15,2026-07-25 14:00:00
amerriman,-14.72,37.13,ilee,-2.7,52.71,0,0,0,"ilee,smott,jnissen,amerriman,tgesell,ffarah,aroy",False,2026-07-25-DC-NY,23,15,4,9,7.0,1,3,True,True,538,away,410,1785009687.0,18,False,"aagami,adavis2,mbrownlee,sjonas,jrandolph,dschnaudi,nwhitlock",411,789,175d6d66b08dfd6a0fb46b47561f2ccb63ec77fca7a135ca6635c63b2a48d92f,1785009687.0,False,538,2.33333333333333,19.6778250830726,12.02,15.58,-37.650255413375,f3814436ce4f00aebdf524430dfe314f9a1c5f270a69617a7405c3e43ec598b5,0.953553241404681,0.0464467585953189,0.304843387729135,0.334179901213551,0.407836932392779,0.494459465608779,2.33333333333333,8.0,0.999,0.0736570311792284,0.10595746322345,789.0,4e391b3e0d7acede547aabf56021be6797719924,2026-08-18 08:07:04,2026-07-26 08:07:41,2026-07-25-DC-NY,empire,breeze,23,15,2026-07-25 14:00:00
