game_id,Thrower,ThrowerX,ThrowerY,Receiver,ReceiverX,ReceiverY,turnover,DroppedThrow,stall,offensive_line,is_home_team,GameID,home_team_score,away_team_score,game_quarter,quarter_point,PointStartTime,possession_num,possession_throw,start_on_offense,o_line,event_id,source_side,source_side_idx,source_timestamp,source_event_type,is_callahan,defensive_line,source_event_id,global_event_seq,event_sig_id,derived_sort_timestamp,sort_timestamp_imputed,event_id_calc,time_left,throw_distance,x_diff,y_diff,throw_angle,throw_sig_id,cp,cpoe,min_fv,fv_thrower,fv_receiver,fv_opponent,game_time_left,score_diff,win_prob,ec,aec,source_global_event_seq,source_throw_hash,insert_timestamp,original_insert_timestamp,home_team_id,away_team_id,home_score_final,away_score_final,status,start_timestamp
2026-05-16-BOS-MTL,jduquette,-12.25,11.35,jbrissett,0.43,24.17,0,0,0,"maugersem,jbrissett,jduquette,eforget,kquinlan,sruelle,ctremblay",True,2026-05-16-BOS-MTL,0,0,1,1,720,1,1,True,True,1,home,1,1778969284.0,18,False,"tallen1,ograff,ldecraene,tchan,ghaflin,itran,bmccann",2,4,019475ade8438892e24042aad3cdfca9efcebdef4b9f15a32972aaf805300b3d,1778969284.0,False,1,720.0,18.0314946690506,12.68,12.82,-44.685438096516,192a769790bca5a09583697e6249277825454c1d8f27142eb3943cd056f61f5b,0.973866083304802,0.0261339166951985,0.672515472861177,0.672515472861177,0.705163098693317,0.93613419136566,2880.0,0,0.637,0.0326476258321395,0.0996921171127575,4,26fae46fad3395266de2c4aa5164fa560645041f,2026-07-21 08:07:47,2026-06-06 14:01:41,royal,glory,19,21,Final,2026-05-16 18:00:00
2026-05-16-BOS-MTL,jbrissett,0.43,24.17,kquinlan,-12.25,34.95,0,0,0,"maugersem,jbrissett,jduquette,eforget,kquinlan,sruelle,ctremblay",True,2026-05-16-BOS-MTL,0,0,1,1,720,1,2,True,True,2,home,2,1778969287.0,18,False,"tallen1,ograff,ldecraene,tchan,ghaflin,itran,bmccann",3,5,568542ccfff5c09aa2076135c7b0e107a963805081bc8ff1ca60cb4c74d58d13,1778969287.0,False,2,712.375,16.643040587585,-12.68,10.78,49.6302172812859,b86dbae85e0707c7b687a24f2e03151f6da31650562b9c5bd38548aedf1f335a,0.975502366410887,0.0244976335891129,0.672515472861177,0.695170025532853,0.720037254913292,0.898002258101658,2872.375,0,0.639,0.0248672293804387,0.0759340589239422,5,4276c089027797d709e56a1271a81a9fc8c3c485,2026-07-21 08:07:47,2026-06-06 14:01:41,royal,glory,19,21,Final,2026-05-16 18:00:00
2026-05-16-BOS-MTL,kquinlan,-12.25,34.95,maugersem,-13.05,45.14,0,0,0,"maugersem,jbrissett,jduquette,eforget,kquinlan,sruelle,ctremblay",True,2026-05-16-BOS-MTL,0,0,1,1,720,1,3,True,True,3,home,3,1778969290.0,18,False,"tallen1,ograff,ldecraene,tchan,ghaflin,itran,bmccann",4,6,ffe4108f4e4f04eea23fdbbdba97339c996786eeed86d3f5792ec98abe469af1,1778969290.0,False,3,704.75,10.2213550960721,-0.800000000000001,10.19,4.48898901777973,9011aa4825238062ee69fe05b1e5ded90a151a533580425b5923ef5ac4119ce5,0.981842860483149,0.0181571395168512,0.672515472861177,0.711382345825118,0.743079060257965,0.855377493835221,2864.75,0,0.642,0.0316967144328469,0.0967884336697547,6,ad1cf72c28d988dddb7fdefaa8a7319188ac722a,2026-07-21 08:07:47,2026-06-06 14:01:41,royal,glory,19,21,Final,2026-05-16 18:00:00
2026-05-16-BOS-MTL,maugersem,-13.05,45.14,jbrissett,-6.2,38.73,0,0,0,"maugersem,jbrissett,jduquette,eforget,kquinlan,sruelle,ctremblay",True,2026-05-16-BOS-MTL,0,0,1,1,720,1,4,True,True,4,home,4,1778969293.0,18,False,"tallen1,ograff,ldecraene,tchan,ghaflin,itran,bmccann",5,7,8d73eadb4730a7b44b902490831191cb690af487dfd7d54a66b2b7df347d9bf4,1778969293.0,False,4,697.125,9.38139648453257,6.85,-6.41,-133.099479916202,6bd11776372fa22a2a0ff1dbb996a9cc2bb00073c7af7425e4c3f60d812004b0,0.988494637275152,0.0115053627248477,0.672515472861177,0.735810668598711,0.718803690255001,0.878541510607285,2857.125,0,0.637,-0.0170069783437096,-0.051932158420725,7,c92efe58ee8728715235a2dd757630e495de7b53,2026-07-21 08:07:47,2026-06-06 14:01:41,royal,glory,19,21,Final,2026-05-16 18:00:00
2026-05-16-BOS-MTL,jbrissett,-6.2,38.73,eforget,5.17,35.6,0,0,0,"maugersem,jbrissett,jduquette,eforget,kquinlan,sruelle,ctremblay",True,2026-05-16-BOS-MTL,0,0,1,1,720,1,5,True,True,5,home,5,1778969296.0,18,False,"tallen1,ograff,ldecraene,tchan,ghaflin,itran,bmccann",6,8,5da8b95993566133ddf1dfbea384c83e0bae961b5c63d609c082f1b23daa7189,1778969296.0,False,5,689.5,11.7929555243798,11.37,-3.13,-105.391476094321,8206d36e88676a4b5ec214ef28e85e019b4ee5505af76cc6061d9988507b7ea1,0.987088696209122,0.0129113037908778,0.672515472861177,0.712051110777922,0.702404103052828,0.886857651110976,2849.5,0,0.633,-0.00964700772509375,-0.0294579038874845,8,090641f3a6866ca83b821fe508377b7c24e611be,2026-07-21 08:07:47,2026-06-06 14:01:41,royal,glory,19,21,Final,2026-05-16 18:00:00
2026-05-16-BOS-MTL,eforget,5.17,35.6,jbrissett,-4.01,36.99,0,0,0,"maugersem,jbrissett,jduquette,eforget,kquinlan,sruelle,ctremblay",True,2026-05-16-BOS-MTL,0,0,1,1,720,1,6,True,True,6,home,6,1778969299.0,18,False,"tallen1,ograff,ldecraene,tchan,ghaflin,itran,bmccann",7,9,4763c9dcf465d62459a49c193f498617cedabbe4d91f45919a416f1b48f2a857,1778969299.0,False,6,681.875,9.28463784969559,-9.18,1.39,81.389898536866,790b44489ff38425bbc5b0f3a52f6337ec0bda95dc30cf8ab9f4d84f9d1292b7,0.988586433624877,0.011413566375123,0.672515472861177,0.696335715624388,0.700867449069561,0.878736198002321,2841.875,0,0.632,0.00453173344517288,0.0138380078129671,9,06761dc4defd09db50312171cca23e707eeed012,2026-07-21 08:07:47,2026-06-06 14:01:41,royal,glory,19,21,Final,2026-05-16 18:00:00
2026-05-16-BOS-MTL,jbrissett,-4.01,36.99,eforget,5.1,36.4,0,0,0,"maugersem,jbrissett,jduquette,eforget,kquinlan,sruelle,ctremblay",True,2026-05-16-BOS-MTL,0,0,1,1,720,1,7,True,True,7,home,7,1778969301.0,18,False,"tallen1,ograff,ldecraene,tchan,ghaflin,itran,bmccann",8,10,ca39d98492657ccba606a73e0ad20884cd135de9484692c997887bd229aee8ec,1778969301.0,False,7,674.25,9.12908538682819,9.11,-0.590000000000003,-93.7055286024972,6329217d27776fe1318f61ba6bb7e18d3527a616fa67574c00738ef268eaa7d5,0.989189898268959,0.0108101017310412,0.672515472861177,0.695639929248096,0.69360880256101,0.87826464535162,2834.25,0,0.63,-0.00203112668708583,-0.00620220657394546,10,10ac51484e2e60f8437eb7e7bc2f63b7b12e0b81,2026-07-21 08:07:47,2026-06-06 14:01:41,royal,glory,19,21,Final,2026-05-16 18:00:00
2026-05-16-BOS-MTL,eforget,5.1,36.4,jbrissett,-4.23,88.17,0,0,0,"maugersem,jbrissett,jduquette,eforget,kquinlan,sruelle,ctremblay",True,2026-05-16-BOS-MTL,0,0,1,1,720,1,8,True,True,8,home,8,1778969327.0,18,False,"tallen1,ograff,ldecraene,tchan,ghaflin,itran,bmccann",9,12,bb1b08dcabc4b06a2ec4516e2053090a73b774984f728224d2ba09365a686ac6,1778969327.0,False,8,666.625,52.6040093529001,-9.33,51.77,10.2161940998191,ba1a57d1f6ebb33df38fc7bc96dd1d4f3c25253f0158c509a45052ec7401207e,0.672953185488779,0.327046814511221,0.672515472861177,0.689125221755932,0.893641580599837,0.675119692021539,2826.625,0,0.673,0.204516358843905,0.624506936650503,12,7e9e1e6f926d6eb75433b92a2f31221efe90b94f,2026-07-21 08:07:47,2026-06-06 14:01:41,royal,glory,19,21,Final,2026-05-16 18:00:00
2026-05-16-BOS-MTL,eforget,-4.24,88.17,ycohonner,-1.46,81.99,0,0,0,"maugersem,jduquette,eforget,kquinlan,sruelle,ctremblay,ycohonner",True,2026-05-16-BOS-MTL,0,0,1,1,659,1,9,True,True,9,home,10,1778969391.0,18,False,"tallen1,ograff,ldecraene,tchan,ghaflin,bmccann,jbabbitt",11,15,0ad5aaf5fe35361686146bcb13759fee768290eec971882612078f12f0055b73,1778969391.0,False,9,659.0,6.77648876631549,2.78,-6.18000000000001,-155.779965054697,6937760c48eddd366bf787ff7740f9d291a11d92e8d3ff0ccc7004e55c2a9495,0.984138595584553,0.0158614044154467,0.672515472861177,0.891969262299846,0.867815060117368,0.691062557677576,2819.0,0,0.665,-0.0241542021824778,-0.0737567737734328,15,57466dc3f88922461c0ea4a11aa8f655bfe4c922,2026-07-21 08:07:47,2026-06-06 14:01:41,royal,glory,19,21,Final,2026-05-16 18:00:00
2026-05-16-BOS-MTL,ycohonner,-1.46,81.99,jduquette,1.89,79.73,0,0,0,"maugersem,jduquette,eforget,kquinlan,sruelle,ctremblay,ycohonner",True,2026-05-16-BOS-MTL,0,0,1,1,659,1,10,True,True,10,home,11,1778969396.0,18,False,"tallen1,ograff,ldecraene,tchan,ghaflin,bmccann,jbabbitt",12,16,8429216f0b1bf0bf846d120ea7c8796a915cf0fd9404f21b2a66cc2f946589ec,1778969396.0,False,10,655.571428571429,4.04105184327051,3.35,-2.25999999999999,-124.00466027127,91560b453cdfd1f1c0503d7ac0e4a21f497ebdcf673e06339f4a61128ea0ee71,0.98795002808859,0.0120499719114098,0.672515472861177,0.867036975755268,0.85770734706795,0.697178750577683,2815.57142857143,0,0.663,-0.00932962868731846,-0.0284887618014501,16,406126c0e309ace19f535f50c2b5608ff6601a1c,2026-07-21 08:07:47,2026-06-06 14:01:41,royal,glory,19,21,Final,2026-05-16 18:00:00
2026-05-16-BOS-MTL,jduquette,1.89,79.73,ycohonner,6.99,80.53,0,0,0,"maugersem,jduquette,eforget,kquinlan,sruelle,ctremblay,ycohonner",True,2026-05-16-BOS-MTL,0,0,1,1,659,1,11,True,True,11,home,12,1778969397.0,18,False,"tallen1,ograff,ldecraene,tchan,ghaflin,bmccann,jbabbitt",13,17,0fc1ebc9bdfce057d6f89be37c53e45252e695ffec6a010fd3a54b70ee6566db,1778969397.0,False,11,652.142857142857,5.16236379965612,5.1,0.799999999999997,-81.0850730428522,a5ebe20acfd9654d34e6537ca11c04b1d51e66d166496c2a84161222349b5f28,0.985892398900321,0.0141076010996793,0.672515472861177,0.856958360823401,0.859801041427518,0.692353044421255,2812.14285714286,0,0.663,0.00284268060411674,0.00868035088238447,17,8e6d4b5686d0e14e97a0c3e3d5006117ae983c74,2026-07-21 08:07:47,2026-06-06 14:01:41,royal,glory,19,21,Final,2026-05-16 18:00:00
2026-05-16-BOS-MTL,ycohonner,6.99,80.53,maugersem,11.36,85.04,0,0,0,"maugersem,jduquette,eforget,kquinlan,sruelle,ctremblay,ycohonner",True,2026-05-16-BOS-MTL,0,0,1,1,659,1,12,True,True,12,home,13,1778969401.0,18,False,"tallen1,ograff,ldecraene,tchan,ghaflin,bmccann,jbabbitt",14,18,5688149b3321fb129efcee81052199361fb8b3bd554c44bec24eeff23e776f3a,1778969401.0,False,12,648.714285714286,6.27988853404263,4.37,4.51000000000001,-44.0967629918774,8591afbe914430ec7371e30ce56c456cf9a8d904e3e6c18e81a0c9a4c78c1afa,0.982100124237599,0.017899875762401,0.672515472861177,0.859136257277877,0.876122888235533,0.673775274793576,2808.71428571429,0,0.667,0.0169866309576563,0.0518700260621948,18,fe54dee83934765e36127ae1da7570a1af86d7af,2026-07-21 08:07:47,2026-06-06 14:01:41,royal,glory,19,21,Final,2026-05-16 18:00:00
2026-05-16-BOS-MTL,maugersem,11.36,95.04,kquinlan,19.08,95.75,0,0,0,"maugersem,jduquette,eforget,kquinlan,sruelle,ctremblay,ycohonner",True,2026-05-16-BOS-MTL,0,0,1,1,659,1,13,True,True,13,home,15,1778969414.0,18,False,"tallen1,ograff,ldecraene,tchan,ghaflin,bmccann,jbabbitt",16,21,5c91a4390feec459d9b8ad62ff8ee7e02cefe44050051e1c1e2e023b9fb13eac,1778969414.0,False,13,645.285714285714,7.75258021564434,7.72,0.709999999999994,-84.7453513298293,c9742c7b9aa60e64e34134382e5e66fc240b189b6b2513c62e9c1b12083499da,0.980653380465838,0.0193466195341621,0.672515472861177,0.913370455691317,0.908361147629435,0.622150544446496,2805.28571428571,0,0.675,-0.0050093080618816,-0.0152963198159225,21,63fa71c5d5bd9aef5e8617c9580f54dbd9013ff3,2026-07-21 08:07:47,2026-06-06 14:01:41,royal,glory,19,21,Final,2026-05-16 18:00:00
2026-05-16-BOS-MTL,kquinlan,19.08,95.75,ctremblay,20.91,98.73,0,0,0,"maugersem,jduquette,eforget,kquinlan,sruelle,ctremblay,ycohonner",True,2026-05-16-BOS-MTL,0,0,1,1,659,1,14,True,True,14,home,16,1778969434.0,18,False,"tallen1,ograff,ldecraene,tchan,ghaflin,bmccann,jbabbitt",17,22,55f84e4869a7e3ccf9caf80fb15718be30bb8e340f41c9dbe4d3c54eed81b9b1,1778969434.0,False,14,641.857142857143,3.49704160684428,1.83,2.98,-31.5538344280056,1f95b9a0ea40941ae171974be15cd452ecc522e2c80a5514004eac47b926c85c,0.983468865600953,0.0165311343990471,0.672515472861177,0.907999738261705,0.915568952915755,0.603084339002928,2801.85714285714,0,0.676,0.00756921465405047,0.0231131978056534,22,27060e42194f48dc8e01f267a3d913a2adb0978b,2026-07-21 08:07:47,2026-06-06 14:01:41,royal,glory,19,21,Final,2026-05-16 18:00:00
2026-05-16-BOS-MTL,ctremblay,20.91,98.73,,21.12,106.67,1,0,0,"maugersem,jduquette,eforget,kquinlan,sruelle,ctremblay,ycohonner",True,2026-05-16-BOS-MTL,0,0,1,1,659,1,15,True,True,15,home,17,1778969440.0,22,False,"tallen1,ograff,ldecraene,tchan,ghaflin,bmccann,jbabbitt",18,24,116abdd0e969d916937cb0acf0453fbd0e8070d65f185d96abfb93aaad759c9f,1778969440.0,False,15,638.428571428571,7.94277659260286,0.210000000000001,7.94,-1.51502636311079,1a5debcf37770a13c8c5fd17b05c8d6b7dc4c54b9ee425cbdd52dc3472ec38aa,0.970929554483339,-0.970929554483339,0.672515472861177,0.91527601087176,0.939784476309898,0.597489252457299,2798.42857142857,0,0.531,-0.597489252457299,-0.597489252457299,24,d3332016d47847fa6270ec534861141709da6cb8,2026-07-21 08:07:47,2026-06-06 14:01:41,royal,glory,19,21,Final,2026-05-16 18:00:00
2026-05-16-BOS-MTL,tchan,-13.58,16.83,ograff,2.48,14.06,0,0,0,"tallen1,ograff,ldecraene,tchan,ghaflin,bmccann,jbabbitt",False,2026-05-16-BOS-MTL,0,0,1,1,635,2,1,False,True,16,away,6,1778969446.0,18,False,"maugersem,jduquette,eforget,kquinlan,sruelle,ctremblay,ycohonner",7,25,49db93f856fc6ac6c465665e80b9326701b112c2e5448341c0753c2bd5415f17,1778969446.0,False,16,635.0,16.2971316494652,16.06,-2.77,-99.7859910793962,142265ff55f085ef81293820102508f63bf3823647e9a267cc1cadc10d61c108,0.98482759854069,0.0151724014593096,0.616178723512177,0.616737795136955,0.617013249809188,0.930003184554952,2795.0,0,0.527,0.000275454672233444,0.000717663894909647,25,438baa5afe42b44f3560d9fe00b9d2a249136d78,2026-07-21 08:07:47,2026-06-06 14:01:41,royal,glory,19,21,Final,2026-05-16 18:00:00
2026-05-16-BOS-MTL,ograff,2.48,14.06,bmccann,9.83,15.8,0,0,0,"tallen1,ograff,ldecraene,tchan,ghaflin,bmccann,jbabbitt",False,2026-05-16-BOS-MTL,0,0,1,1,635,2,2,False,True,17,away,7,1778969449.0,18,False,"maugersem,jduquette,eforget,kquinlan,sruelle,ctremblay,ycohonner",8,26,c4a3599683f7ee6116fab1d51708d72ba7e23fd7acc0a62cadf4828758eabf4e,1778969449.0,False,17,630.473684210526,7.55315166006879,7.35,1.74,-76.6812962176978,41f4d8f3718c929e983be18efa62cc97746d24f2d9928e7218086f435516ed69,0.992410350343574,0.00758964965642628,0.616178723512177,0.616178723512177,0.617590326804077,0.929158626042001,2790.47368421053,0,0.527,0.00141160329190027,0.00367776196467589,26,60600b4e85e5980a0a49ef2b46b1c6351222ad7e,2026-07-21 08:07:47,2026-06-06 14:01:41,royal,glory,19,21,Final,2026-05-16 18:00:00
2026-05-16-BOS-MTL,bmccann,9.83,15.8,ograff,-0.04,16.83,0,0,0,"tallen1,ograff,ldecraene,tchan,ghaflin,bmccann,jbabbitt",False,2026-05-16-BOS-MTL,0,0,1,1,635,2,3,False,True,18,away,8,1778969450.0,18,False,"maugersem,jduquette,eforget,kquinlan,sruelle,ctremblay,ycohonner",9,27,0eca0292dabeaf101ef3515d59faedaf37c72ac6c140d3f9a672662ff278386e,1778969450.0,False,18,625.947368421053,9.92359813777241,-9.87,1.03,84.0423695365018,ee6f8cdd988594795decfe7c2128757d1a00cba4ec534a3b4ae70e409d891535,0.990513021281174,0.00948697871882598,0.616178723512177,0.616951512066032,0.622065937288517,0.929635789483261,2785.94736842105,0,0.525,0.00511442522248495,0.0133250174906529,27,53983deed543156c9743d732c5389644edb4ec87,2026-07-21 08:07:47,2026-06-06 14:01:41,royal,glory,19,21,Final,2026-05-16 18:00:00
2026-05-16-BOS-MTL,ograff,-0.04,16.83,tallen1,-16.22,29.48,0,0,0,"tallen1,ograff,ldecraene,tchan,ghaflin,bmccann,jbabbitt",False,2026-05-16-BOS-MTL,0,0,1,1,635,2,4,False,True,19,away,9,1778969453.0,18,False,"maugersem,jduquette,eforget,kquinlan,sruelle,ctremblay,ycohonner",10,28,b073598000cdb53241b9e13d847b623ab346801cc4c4b298b4a0d5c2a72ade85,1778969453.0,False,19,621.421052631579,20.5381328265254,-16.18,12.65,51.9806578128729,f12767b80fa3d0b1c8d77d866f438a1aa8e0718c3b88dcff4b21bfd27dca7548,0.972673873927729,0.0273261260722708,0.616178723512177,0.621611866968692,0.642764847680363,0.890955849443245,2781.42105263158,0,0.521,0.0211529807116704,0.0551115376021669,28,8b13becca535242f04cb49919c63fd55f25a73ba,2026-07-21 08:07:47,2026-06-06 14:01:41,royal,glory,19,21,Final,2026-05-16 18:00:00
2026-05-16-BOS-MTL,tallen1,-16.22,29.48,ograff,-1.65,24.9,0,0,0,"tallen1,ograff,ldecraene,tchan,ghaflin,bmccann,jbabbitt",False,2026-05-16-BOS-MTL,0,0,1,1,635,2,5,False,True,20,away,10,1778969456.0,18,False,"maugersem,jduquette,eforget,kquinlan,sruelle,ctremblay,ycohonner",11,29,9ef026e717d1e0de8c13f4c40d65e95911e888658ee1375c362104a9a95872a9,1778969456.0,False,20,616.894736842105,15.2728942902123,14.57,-4.58,-107.450256032341,b73c1acbaebbdb0cedebc7f7f050c9b36cf311876e2945040a1b166fab6a97a3,0.983391742292898,0.0166082577071017,0.616178723512177,0.642486763770497,0.641765204001956,0.913371815629304,2776.89473684211,0,0.521,-0.000721559768540603,-0.00187993686838644,29,99f08df91896a1f31e1999403c7c5ee1e535fb01,2026-07-21 08:07:47,2026-06-06 14:01:41,royal,glory,19,21,Final,2026-05-16 18:00:00
2026-05-16-BOS-MTL,ograff,-1.65,34.9,bmccann,3.19,25.09,0,0,0,"tallen1,ograff,ldecraene,tchan,ghaflin,bmccann,jbabbitt",False,2026-05-16-BOS-MTL,0,0,1,1,635,2,6,False,True,21,away,12,1778969477.0,18,False,"maugersem,jduquette,eforget,kquinlan,sruelle,ctremblay,ycohonner",13,31,23d07c6b10f17a35db3eff3d6c802045ca1f8e121d352962ab1f2265e282dffd,1778969477.0,False,21,612.368421052632,10.9389990401316,4.84,-9.81,-153.73946154596,c62660a1f95a778a04acbf4f3d7c76b4e468026048b96f423eb052f78d4ff08f,0.991222474235741,0.00877752576425872,0.616178723512177,0.671215074658392,0.642049704199199,0.912607648830133,2772.36842105263,0,0.521,-0.0291653704591932,-0.075986851813095,31,a3162300103887d71c27869ee8e0e657bce2c8eb,2026-07-21 08:07:47,2026-06-06 14:01:41,royal,glory,19,21,Final,2026-05-16 18:00:00
2026-05-16-BOS-MTL,bmccann,3.19,25.09,ograff,-2.94,32.83,0,0,0,"tallen1,ograff,ldecraene,tchan,ghaflin,bmccann,jbabbitt",False,2026-05-16-BOS-MTL,0,0,1,1,635,2,7,False,True,22,away,13,1778969482.0,18,False,"maugersem,jduquette,eforget,kquinlan,sruelle,ctremblay,ycohonner",14,32,75c897da4220119fe6a35267ff9ad4829240188e2061c3479c427b73396852b6,1778969482.0,False,22,607.842105263158,9.87342392486011,-6.13,7.74,38.3788599893867,80fcdd1701ec61592ecd8a81ed63b6188a03bbdfb012d92e9cbbabea5d4212b7,0.987309208936075,0.0126907910639247,0.616178723512177,0.642065864605777,0.664587844013648,0.883763026288289,2767.84210526316,0,0.516,0.0225219794078712,0.0586782984360839,32,f42d2f7f23623581b5cba91379bb9a37ded5ab56,2026-07-21 08:07:47,2026-06-06 14:01:41,royal,glory,19,21,Final,2026-05-16 18:00:00
2026-05-16-BOS-MTL,ograff,-2.94,32.83,ghaflin,-7.91,45.54,0,0,0,"tallen1,ograff,ldecraene,tchan,ghaflin,bmccann,jbabbitt",False,2026-05-16-BOS-MTL,0,0,1,1,635,2,8,False,True,23,away,14,1778969485.0,18,False,"maugersem,jduquette,eforget,kquinlan,sruelle,ctremblay,ycohonner",15,33,ea749305d6e095c9796152a79d91255729e9757e72dde2886f79bfd89bddb377,1778969485.0,False,23,603.315789473684,13.6471608769004,-4.97,12.71,21.3570233187855,7d09e95598b19a6caf9db505d5c8f7d86d048202bddbe417dc6b0a69268cb8c5,0.976823255065558,0.0231767449344417,0.616178723512177,0.664728579861251,0.707219109993449,0.829402004116777,2763.31578947368,0,0.507,0.0424905301321974,0.110703946693652,33,a82a990039772ae8f485825ae1c24a658860bb6f,2026-07-21 08:07:47,2026-06-06 14:01:41,royal,glory,19,21,Final,2026-05-16 18:00:00
2026-05-16-BOS-MTL,ghaflin,-7.91,45.54,ldecraene,0.41,54.0,0,0,0,"tallen1,ograff,ldecraene,tchan,ghaflin,bmccann,jbabbitt",False,2026-05-16-BOS-MTL,0,0,1,1,635,2,9,False,True,24,away,15,1778969489.0,18,False,"maugersem,jduquette,eforget,kquinlan,sruelle,ctremblay,ycohonner",16,34,ef3427a4135b22ff6b3f22286c3d3a768b63ae73587db6abf0ce216919326249,1778969489.0,False,24,598.789473684211,11.8656647517111,8.32,8.46,-44.521977174258,3939cafe6b38103e08f9cc383774cd84f9d2ea4fd79ad4d467f2bb261c033ab1,0.979903992087172,0.0200960079128283,0.616178723512177,0.707455006013142,0.741748511081483,0.793043645072087,2758.78947368421,0,0.499,0.0342935050683409,0.0893475874556655,34,8b3b818b9ada1a718c8ccd34948b4924164a9b5a,2026-07-21 08:07:47,2026-06-06 14:01:41,royal,glory,19,21,Final,2026-05-16 18:00:00
2026-05-16-BOS-MTL,ldecraene,0.41,54.0,tchan,3.83,29.87,0,0,0,"tallen1,ograff,ldecraene,tchan,ghaflin,bmccann,jbabbitt",False,2026-05-16-BOS-MTL,0,0,1,1,635,2,10,False,True,25,away,16,1778969492.0,18,False,"maugersem,jduquette,eforget,kquinlan,sruelle,ctremblay,ycohonner",17,35,105c05bce793f5f9b426e46bfcca9d07cb5df590b83bbaecbf5317504658b051,1778969492.0,False,25,594.263157894737,24.3711571329718,3.42,-24.13,-171.933068270207,e5845c44d36124efac4c059f4293f0cd902639712a1cece52a8202813a3e26f2,0.980292487006557,0.0197075129934431,0.616178723512177,0.742053861092175,0.656313787126265,0.895499970041665,2754.26315789474,0,0.516,-0.0857400739659099,-0.22338541195652,35,bd5826694e2fbb82994a25011684274f01bc84a3,2026-07-21 08:07:47,2026-06-06 14:01:41,royal,glory,19,21,Final,2026-05-16 18:00:00
2026-05-16-BOS-MTL,tchan,3.83,29.87,ograff,10.8,34.96,0,0,0,"tallen1,ograff,ldecraene,tchan,ghaflin,bmccann,jbabbitt",False,2026-05-16-BOS-MTL,0,0,1,1,635,2,11,False,True,26,away,17,1778969494.0,18,False,"maugersem,jduquette,eforget,kquinlan,sruelle,ctremblay,ycohonner",18,36,eb7b6d9b650782d589bd6183339cea0036db1951c12c2693a10deab058c8f13d,1778969494.0,False,26,589.736842105263,8.63070101440202,6.97,5.09,-53.8603682246969,4c6897d604cea67e04b96c93b61265cf6662fcfe52cc3af3bb6257d39736cad7,0.988320542550559,0.0116794574494414,0.616178723512177,0.656764052259767,0.669253519354284,0.874395872109759,2749.73684210526,0,0.514,0.012489467094517,0.0325397987542602,36,dc90d464b938f0442073131cbbb6c016fa162f62,2026-07-21 08:07:47,2026-06-06 14:01:41,royal,glory,19,21,Final,2026-05-16 18:00:00
2026-05-16-BOS-MTL,ograff,10.8,34.96,bmccann,-3.78,40.58,0,0,0,"tallen1,ograff,ldecraene,tchan,ghaflin,bmccann,jbabbitt",False,2026-05-16-BOS-MTL,0,0,1,1,635,2,12,False,True,27,away,18,1778969497.0,18,False,"maugersem,jduquette,eforget,kquinlan,sruelle,ctremblay,ycohonner",19,37,c87f51d5e34c56ef7cf68cbcdbc0a45ee607a2b2f9521cca7ab5f7a24d4c701b,1778969497.0,False,27,585.210526315789,15.625645586663,-14.58,5.62,68.9203674754486,a6bf22b9ed37074bef6e47f9fe380899e4aa34869c939f7c3ee08cd7c2ab8ec1,0.976768697579346,0.0232313024206536,0.616178723512177,0.669772589582801,0.691676533534836,0.852568972471575,2745.21052631579,0,0.509,0.0219039439520358,0.0570680816667303,37,d105b28a3f4492c4ac4ba3b268832f00b2472ab2,2026-07-21 08:07:47,2026-06-06 14:01:41,royal,glory,19,21,Final,2026-05-16 18:00:00
2026-05-16-BOS-MTL,bmccann,-3.78,40.58,ghaflin,-11.65,48.9,0,0,0,"tallen1,ograff,ldecraene,tchan,ghaflin,bmccann,jbabbitt",False,2026-05-16-BOS-MTL,0,0,1,1,635,2,13,False,True,28,away,19,1778969500.0,18,False,"maugersem,jduquette,eforget,kquinlan,sruelle,ctremblay,ycohonner",20,38,c1d12ce577429541eb1c0f4aea4eb0bb63c4db055c6c606100dd93b4e5da521c,1778969500.0,False,28,580.684210526316,11.4524800807511,-7.87,8.32,43.4078774424726,f38792fb07dac5f4a0d21987e3effe3d5b32132cafd190fe49c080ebc0241c57,0.981414086463156,0.0185859135368437,0.616178723512177,0.692239694867321,0.719669350980034,0.813872413738332,2740.68421052632,0,0.503,0.0274296561127132,0.0714646576232295,38,892df602d32291cdfdf9e804a5cd6ca5fe360509,2026-07-21 08:07:47,2026-06-06 14:01:41,royal,glory,19,21,Final,2026-05-16 18:00:00
2026-05-16-BOS-MTL,ghaflin,-11.65,48.9,tallen1,1.38,51.48,0,0,0,"tallen1,ograff,ldecraene,tchan,ghaflin,bmccann,jbabbitt",False,2026-05-16-BOS-MTL,0,0,1,1,635,2,14,False,True,29,away,20,1778969505.0,18,False,"maugersem,jduquette,eforget,kquinlan,sruelle,ctremblay,ycohonner",21,39,9b01eaeaf8ded369683833e3297cf280c19cb6bbc0690b28b5a32c9ee181643e,1778969505.0,False,29,576.157894736842,13.2829703003507,13.03,2.58,-78.8000400963315,28707aa08b13fb8c4b6c3720abb4efdc6e6e34087495eb9fc22cc869ab9263d2,0.979312552625819,0.0206874473741807,0.616178723512177,0.720251061428664,0.73377753162161,0.805937623459467,2736.15789473684,0,0.499,0.0135264701929458,0.0352415851375424,39,e743b8d95c43f2ab990b7b28c1ff2775b59350aa,2026-07-21 08:07:47,2026-06-06 14:01:41,royal,glory,19,21,Final,2026-05-16 18:00:00
2026-05-16-BOS-MTL,tallen1,1.38,51.48,ograff,8.09,50.32,0,0,0,"tallen1,ograff,ldecraene,tchan,ghaflin,bmccann,jbabbitt",False,2026-05-16-BOS-MTL,0,0,1,1,635,2,15,False,True,30,away,21,1778969507.0,18,False,"maugersem,jduquette,eforget,kquinlan,sruelle,ctremblay,ycohonner",22,40,e6a8a355afa36383bdc221967d12c4a8fb952b881eb6afbe7d9d9b7c8b491fd3,1778969507.0,False,30,571.631578947368,6.80953008657719,6.71,-1.16,-99.8081399516608,2fe4f7b4d94bb81b0b9f8dfdedc83f8d16e447d4a21608287488085e0c8725b1,0.989515305979013,0.010484694020987,0.616178723512177,0.734377869471948,0.728563822506856,0.810647136571988,2731.63157894737,0,0.5,-0.00581404696509213,-0.0151477974808845,40,1cf4397f17b500801914f05d38b3dd829640522c,2026-07-21 08:07:47,2026-06-06 14:01:41,royal,glory,19,21,Final,2026-05-16 18:00:00
2026-05-16-BOS-MTL,ograff,8.09,50.32,tallen1,-1.13,59.87,0,0,0,"tallen1,ograff,ldecraene,tchan,ghaflin,bmccann,jbabbitt",False,2026-05-16-BOS-MTL,0,0,1,1,635,2,16,False,True,31,away,22,1778969508.0,18,False,"maugersem,jduquette,eforget,kquinlan,sruelle,ctremblay,ycohonner",23,41,1235dc7c28387c1c3e6c0edaa871af64d74edc20505e812259dbaabab5e8a564,1778969508.0,False,31,567.105263157895,13.274445374478,-9.22,9.55,43.9927725367471,210245b42e56fd62840d6760f87f5a27887ef63e2e6219b75ce053b5cc16b73f,0.975746856851284,0.0242531431487158,0.616178723512177,0.729198665943478,0.769510354799036,0.770630772479387,2727.1052631579,0,0.49,0.0403116888555579,0.105027238782675,41,e81a5ce10281e06a1a16ce606cf5c1a18645e894,2026-07-21 08:07:47,2026-06-06 14:01:41,royal,glory,19,21,Final,2026-05-16 18:00:00
2026-05-16-BOS-MTL,tallen1,-1.13,59.87,ldecraene,6.8,69.29,0,0,0,"tallen1,ograff,ldecraene,tchan,ghaflin,bmccann,jbabbitt",False,2026-05-16-BOS-MTL,0,0,1,1,635,2,17,False,True,32,away,23,1778969514.0,18,False,"maugersem,jduquette,eforget,kquinlan,sruelle,ctremblay,ycohonner",24,42,dc6c4250f61a6465628126245c16def47d20d7cac041e6b2c910caf592a98002,1778969514.0,False,32,562.578947368421,12.3134601148499,7.93,9.42000000000001,-40.0915412055657,ee6a2674b97f6c5dda30a8ef01281c3f7ec014cc90a634aae66e7d3e72b8aed7,0.975719800101064,0.0242801998989357,0.616178723512177,0.770094557823493,0.810204578932593,0.731868273281298,2722.57894736842,0,0.479,0.0401100211091002,0.104501817815128,42,f93ca0271a476284a00b96f1fea8fe2d9272b061,2026-07-21 08:07:47,2026-06-06 14:01:41,royal,glory,19,21,Final,2026-05-16 18:00:00
2026-05-16-BOS-MTL,ldecraene,6.8,69.29,ograff,13.31,87.8,0,0,0,"tallen1,ograff,ldecraene,tchan,ghaflin,bmccann,jbabbitt",False,2026-05-16-BOS-MTL,0,0,1,1,635,2,18,False,True,33,away,24,1778969516.0,18,False,"maugersem,jduquette,eforget,kquinlan,sruelle,ctremblay,ycohonner",25,43,77eca56a443ffea0ea8353fa02979e3a9dd4c941d06514e2d81f3ca6f1ed4d51,1778969516.0,False,33,558.052631578947,19.6214219668198,6.51,18.51,-19.3768642038133,da68c1ebd721c47357fa956de4444209b9b7d16933930137ad61785ed78fcdd1,0.941934868417474,0.0580651315825256,0.616178723512177,0.810715795981538,0.885770400235643,0.662660061794109,2718.05263157895,0,0.457,0.0750546042541053,0.195545710599726,43,36b22b0de3b6c8b51f7f2e9425ed74626a37e336,2026-07-21 08:07:47,2026-06-06 14:01:41,royal,glory,19,21,Final,2026-05-16 18:00:00
2026-05-16-BOS-MTL,ograff,13.31,87.8,tallen1,21.12,102.9,0,0,0,"tallen1,ograff,ldecraene,tchan,ghaflin,bmccann,jbabbitt",False,2026-05-16-BOS-MTL,0,1,1,1,635,2,19,False,True,34,away,25,1778969543.0,19,False,"maugersem,jduquette,eforget,kquinlan,sruelle,ctremblay,ycohonner",26,45,79a2bb68ebef107f8fb5396ff8ece67eb96548490b3c1efc1b9476ff2e1e28ed,1778969543.0,False,34,553.526315789474,17.000179410818,7.81,15.1,-27.3488435166791,b2904a9e92c2d4fb89861546e088768bff71e8f3f27d7cd081352ec1a6bd19ac,0.95171499180643,0.0482850081935695,0.616178723512177,0.886104491225878,1.0,0.601414720056095,2713.52631578947,0,0.442,0.113895508774122,0.296740998353006,45,4524f8505d2013731cde631d3eba866434bfddc8,2026-07-21 08:07:47,2026-06-06 14:01:41,royal,glory,19,21,Final,2026-05-16 18:00:00
2026-05-16-BOS-MTL,arousseau,17.63,21.69,tlalondel,15.81,31.67,0,0,0,"arousseau,wstpierre,jbernat,adub,rlalondel,cguay,tlalondel",True,2026-05-16-BOS-MTL,0,1,1,2,549,1,1,True,True,35,home,20,1778969590.0,18,False,"iengler,ograff,jcarreiro,kdelorenz,tedmonds,itran,zsinger",21,48,fe52d77bcc66a1b5ff6091fc7a7d8f35b36b1d211917a31cd26a3ed6b3fdff1d,1778969590.0,False,35,549.0,10.1445946197963,-1.82,9.98,10.3351563475361,f08d79fef632f0553b30ff77a8ccb84392ca13bf21f1985c8b5ca0e8f0f74a09,0.985126351938246,0.0148736480617541,0.621096222683506,0.621096222683506,0.655587286765596,0.886737055834001,2709.0,-1,0.436,0.0344910640820896,0.0910285569765635,48,6930e1cd07c54e75414f1884e1e010d8db9211b9,2026-07-21 08:07:47,2026-06-06 14:01:41,royal,glory,19,21,Final,2026-05-16 18:00:00
2026-05-16-BOS-MTL,tlalondel,15.81,31.67,arousseau,5.39,32.83,0,0,0,"arousseau,wstpierre,jbernat,adub,rlalondel,cguay,tlalondel",True,2026-05-16-BOS-MTL,0,1,1,2,549,1,2,True,True,36,home,21,1778969593.0,18,False,"iengler,ograff,jcarreiro,kdelorenz,tedmonds,itran,zsinger",22,49,4129e53a496bf06da3fae4ff04ce59f3f9b00212f12863e0b3230cce381d566f,1778969593.0,False,36,543.5,10.4843693181803,-10.42,1.16,83.6477383618075,31cd06800f8a0d961dfeda0586dc827041571552a564e1c802bc60e709bd4446,0.985956330025089,0.014043669974911,0.621096222683506,0.656433368192835,0.672312191129678,0.887268709094814,2703.5,-1,0.439,0.0158788229368428,0.0419072700971768,49,7807d6b6ba81dd096e19a324b77b8fdd40624510,2026-07-21 08:07:47,2026-06-06 14:01:41,royal,glory,19,21,Final,2026-05-16 18:00:00
2026-05-16-BOS-MTL,arousseau,5.39,32.83,rlalondel,-11.08,32.62,0,0,0,"arousseau,wstpierre,jbernat,adub,rlalondel,cguay,tlalondel",True,2026-05-16-BOS-MTL,0,1,1,2,549,1,3,True,True,37,home,22,1778969597.0,18,False,"iengler,ograff,jcarreiro,kdelorenz,tedmonds,itran,zsinger",23,51,127505527f3579d8177909e80db75edfaf5b5645f8be53af4f42bd6a55d3c02d,1778969597.0,False,37,538.0,16.4713387434052,-16.47,-0.210000000000001,90.7305076942689,5dbc3e47986186c0403b1f3465d292d9d12e91a9c3fd5273e0e3290dd46ace55,0.980516727922487,0.0194832720775125,0.621096222683506,0.673075731067658,0.669761029047913,0.886991128383597,2698.0,-1,0.438,-0.00331470201974471,-0.00874813664624931,51,d641c06518b8168a607d65dda670c1e10020ac92,2026-07-21 08:07:47,2026-06-06 14:01:41,royal,glory,19,21,Final,2026-05-16 18:00:00
2026-05-16-BOS-MTL,rlalondel,-11.08,32.62,adub,-16.84,40.19,0,0,0,"arousseau,wstpierre,jbernat,adub,rlalondel,cguay,tlalondel",True,2026-05-16-BOS-MTL,0,1,1,2,549,1,4,True,True,38,home,23,1778969600.0,18,False,"iengler,ograff,jcarreiro,kdelorenz,tedmonds,itran,zsinger",24,52,042213c06368425ac6a774b7cb16df10c9b7ef9458c8a2ecce54cb49f72035bc,1778969600.0,False,38,532.5,9.51222897117179,-5.76,7.57,37.2674439834679,1deedeae62ba25756ec7607b4cfbef7ac347648cbbfdb47cdfa2c485317d0e06,0.987266574749554,0.0127334252504462,0.621096222683506,0.670456314332783,0.68495759541963,0.849743885649756,2692.5,-1,0.44,0.0145012810868469,0.0382716720048271,52,71e46906de3012fb030194d5e8501ef7019a568e,2026-07-21 08:07:47,2026-06-06 14:01:41,royal,glory,19,21,Final,2026-05-16 18:00:00
2026-05-16-BOS-MTL,adub,-16.84,40.19,rlalondel,-11.52,32.54,0,0,0,"arousseau,wstpierre,jbernat,adub,rlalondel,cguay,tlalondel",True,2026-05-16-BOS-MTL,0,1,1,2,549,1,5,True,True,39,home,24,1778969602.0,18,False,"iengler,ograff,jcarreiro,kdelorenz,tedmonds,itran,zsinger",25,53,81a9c69f5239729e21d8c906807b9de726dbc9b641e87eaeda728123232d4fda,1778969602.0,False,39,527.0,9.31798798024552,5.32,-7.65,-145.184289450936,f9bca63f9435e127b2c1dc1d421a365d9c1f1d72104c2c8b48bca289dfd68a93,0.988661140016735,0.0113388599832649,0.621096222683506,0.68556861914046,0.670401846280949,0.887663556475783,2687.0,-1,0.437,-0.0151667728595117,-0.0400280328872074,53,e2e5325fdedf2afc6d5b05b0538de04c038efebf,2026-07-21 08:07:47,2026-06-06 14:01:41,royal,glory,19,21,Final,2026-05-16 18:00:00
2026-05-16-BOS-MTL,rlalondel,-11.52,32.54,wstpierre,12.53,83.3,0,0,0,"arousseau,wstpierre,jbernat,adub,rlalondel,cguay,tlalondel",True,2026-05-16-BOS-MTL,0,1,1,2,549,1,6,True,True,40,home,25,1778969613.0,18,False,"iengler,ograff,jcarreiro,kdelorenz,tedmonds,itran,zsinger",26,54,daba14db1c094fd599c2cd8eaa7cad5acd5f3ef10e43b2dbdeebd0bbd0352c50,1778969613.0,False,40,521.5,56.1692095368984,24.05,50.76,-25.351513048475,94e38120cbe99b6223c6b9e39f59cf88ccbc06e433f880dfbaa7e58d69cbc023,0.646301806009845,0.353698193990155,0.621096222683506,0.67096144849167,0.870713737079705,0.682922636684064,2681.5,-1,0.482,0.199752288588035,0.527184738042832,54,ad2360639186d7d9ff56fe9225f03176b3756eda,2026-07-21 08:07:47,2026-06-06 14:01:41,royal,glory,19,21,Final,2026-05-16 18:00:00
2026-05-16-BOS-MTL,wstpierre,12.53,83.3,cguay,1.45,98.44,0,0,0,"arousseau,wstpierre,jbernat,adub,rlalondel,cguay,tlalondel",True,2026-05-16-BOS-MTL,0,1,1,2,549,1,7,True,True,41,home,26,1778969616.0,18,False,"iengler,ograff,jcarreiro,kdelorenz,tedmonds,itran,zsinger",27,55,0b7f0a331a016718c0540c303e06b7709bcb6c413285f39985d86dccf99b702f,1778969616.0,False,41,516.0,18.7612899343302,-11.08,15.14,36.1980163182494,449749a3bd3cb0d5e267d48798a3f7973f779647ee16dfe1d9ae9f53a00d9884,0.936371180085546,0.063628819914454,0.621096222683506,0.870966476579824,0.927940754231417,0.644533410914505,2676.0,-1,0.499,0.056974277651593,0.15036608517102,55,890ee3ccef487b6e5fa15fdbce862b03e89450cd,2026-07-21 08:07:47,2026-06-06 14:01:41,royal,glory,19,21,Final,2026-05-16 18:00:00
2026-05-16-BOS-MTL,cguay,1.45,98.44,adub,16.24,101.94,0,0,0,"arousseau,wstpierre,jbernat,adub,rlalondel,cguay,tlalondel",True,2026-05-16-BOS-MTL,1,1,1,2,549,1,8,True,True,42,home,27,1778969628.0,19,False,"iengler,ograff,jcarreiro,kdelorenz,tedmonds,itran,zsinger",28,57,3c3909234bf87b7fc29e08c50ae24d53458a5496956313d0fbe02659dc9a1c5b,1778969628.0,False,42,510.5,15.1984900565813,14.79,3.5,-76.6860876484648,bacb766b4be14fb9773a1050286b22a8fab224337079531cf24bdf15040d3cdf,0.958157041879719,0.0418429581202814,0.621096222683506,0.928072580730317,1.0,0.628591790918554,2670.5,-1,0.5,0.0719274192696826,0.189830304092225,57,a417aeb7a93f777cc1b58f3eec259e2af65574e1,2026-07-21 08:07:47,2026-06-06 14:01:41,royal,glory,19,21,Final,2026-05-16 18:00:00
2026-05-16-BOS-MTL,rdinger,14.99,5.22,bsadok,1.32,12.58,0,0,0,"tedmonds,rdinger,pboerth,bsadok,ndick,jbabbitt,tdecraene",False,2026-05-16-BOS-MTL,1,1,1,3,505,1,1,True,True,43,away,30,1778969679.0,18,False,"mbrichet,jgiard,phooley,ngagnon,rsalvas,tlalondel,ycohonner",31,61,9566732a3fcc98cf5b54de432117977a206e1d74c79785a4d3e1375d805e5dc6,1778969679.0,False,43,505.0,15.5254146482469,-13.67,7.36,61.7017437226939,93b9486f62f94af0b728d408b37eff8ca5a895d688fcda794f3b6c438a3d83a7,0.983197456961591,0.0168025430384091,0.597561904633343,0.597561904633343,0.624272594332107,0.932870306273997,2665.0,0,0.516,0.0267106896987646,0.0663721700462495,61,09888b2f2076dc2557ea394e6b0c8570f5db4fa8,2026-07-21 08:07:47,2026-06-06 14:01:41,royal,glory,19,21,Final,2026-05-16 18:00:00
2026-05-16-BOS-MTL,bsadok,1.32,12.58,pboerth,0.22,18.64,0,0,0,"tedmonds,rdinger,pboerth,bsadok,ndick,jbabbitt,tdecraene",False,2026-05-16-BOS-MTL,1,1,1,3,505,1,2,True,True,44,away,31,1778969681.0,18,False,"mbrichet,jgiard,phooley,ngagnon,rsalvas,tlalondel,ycohonner",32,62,77dfd81649dad8e79200d239d6633930ebea03780b21b77cba36aed6d27c97cf,1778969681.0,False,44,500.35,6.15902589700677,-1.1,6.06,10.2882052320823,875b8270ced7f702a786a840641dfdd69716b15ade6670354aaaf63270c9f9f6,0.992766741142295,0.00723325885770543,0.597561904633343,0.624566490209986,0.638508517087234,0.932960338098308,2660.35,0,0.513,0.013942026877248,0.0346439043365056,62,7a268ade1c291d713f20ac165b0d9e455f55e842,2026-07-21 08:07:47,2026-06-06 14:01:41,royal,glory,19,21,Final,2026-05-16 18:00:00
2026-05-16-BOS-MTL,pboerth,0.22,18.64,ndick,10.35,15.87,0,0,0,"tedmonds,rdinger,pboerth,bsadok,ndick,jbabbitt,tdecraene",False,2026-05-16-BOS-MTL,1,1,1,3,505,1,3,True,True,45,away,32,1778969684.0,18,False,"mbrichet,jgiard,phooley,ngagnon,rsalvas,tlalondel,ycohonner",33,63,66866ea00861c990d1f90d75ae7e0b12242378e034e510611822fbe67ef0a2ac,1778969684.0,False,45,495.7,10.5018950670819,10.13,-2.77,-105.293398823978,5e7324c12916af4f106516fcd99d7d361e7f33075747039da3337d46f24d2029,0.991092414402071,0.00890758559792881,0.597561904633343,0.638758537320481,0.629095679655343,0.9322952809627,2655.7,0,0.514,-0.00966285766513852,-0.0240107926570291,63,45e15ff3513be11a95b5734cb8f0399cfad4316a,2026-07-21 08:07:47,2026-06-06 14:01:41,royal,glory,19,21,Final,2026-05-16 18:00:00
2026-05-16-BOS-MTL,ndick,10.35,15.87,rdinger,16.92,24.45,0,0,0,"tedmonds,rdinger,pboerth,bsadok,ndick,jbabbitt,tdecraene",False,2026-05-16-BOS-MTL,1,1,1,3,505,1,4,True,True,46,away,33,1778969688.0,18,False,"mbrichet,jgiard,phooley,ngagnon,rsalvas,tlalondel,ycohonner",34,64,1fe9342980e932c91a282de9481643eb20c01035eb2466eb7a835be384157c13,1778969688.0,False,46,491.05,10.8065396866897,6.57,8.58,-37.4425182421744,1070545391314e33f994e80c5e28490c50094a87d08f1ed7b9c90bed7883c8b8,0.988515700452823,0.0114842995471769,0.597561904633343,0.629310616169298,0.636895737878409,0.914501281490725,2651.05,0,0.513,0.0075851217091113,0.0188479216963806,64,ed2c83a1629c4e90e63487ac1fe43530c6b086cc,2026-07-21 08:07:47,2026-06-06 14:01:41,royal,glory,19,21,Final,2026-05-16 18:00:00
2026-05-16-BOS-MTL,rdinger,16.92,24.45,bsadok,4.99,15.29,0,0,0,"tedmonds,rdinger,pboerth,bsadok,ndick,jbabbitt,tdecraene",False,2026-05-16-BOS-MTL,1,1,1,3,505,1,5,True,True,47,away,34,1778969690.0,18,False,"mbrichet,jgiard,phooley,ngagnon,rsalvas,tlalondel,ycohonner",35,65,8b716a2a22be2fe4c0b5f6f9e06f8af2ec362b4460fc4e266dc02bbe7fcc4c16,1778969690.0,False,47,486.4,15.040960740591,-11.93,-9.16,127.517495234668,730298d41c8055c53d1c3d7cab37fc30b01b918c2d1d95fdf07598a1c6806c59,0.986817139296688,0.0131828607033115,0.597561904633343,0.637073064697988,0.630820521475562,0.932999529569074,2646.4,0,0.513,-0.00625254322242585,-0.0155366584188041,65,b4f67c2ec2e7e8ac18238f372ddb5fa3337d2c3b,2026-07-21 08:07:47,2026-06-06 14:01:41,royal,glory,19,21,Final,2026-05-16 18:00:00
2026-05-16-BOS-MTL,bsadok,4.99,15.29,rdinger,17.12,17.87,0,0,0,"tedmonds,rdinger,pboerth,bsadok,ndick,jbabbitt,tdecraene",False,2026-05-16-BOS-MTL,1,1,1,3,505,1,6,True,True,48,away,35,1778969694.0,18,False,"mbrichet,jgiard,phooley,ngagnon,rsalvas,tlalondel,ycohonner",36,66,63c5bd14d24b7223d8982aa2c6e6b701899a549f58016dc918443c5347d2d320,1778969694.0,False,48,481.75,12.4013426692435,12.13,2.58,-77.9923675487205,3b1265983cbb4debf8e0b4629badac6b189e5dd5790ced34a823bbfbf9d9cdee,0.990249083953017,0.00975091604698308,0.597561904633343,0.63096494162983,0.619628254043857,0.928978627580854,2641.75,0,0.515,-0.0113366875859731,-0.0281700160012047,66,bfeb42d6705032396763efefa8080e3565c70855,2026-07-21 08:07:47,2026-06-06 14:01:41,royal,glory,19,21,Final,2026-05-16 18:00:00
2026-05-16-BOS-MTL,rdinger,17.12,17.87,tedmonds,-3.0,26.9,0,0,0,"tedmonds,rdinger,pboerth,bsadok,ndick,jbabbitt,tdecraene",False,2026-05-16-BOS-MTL,1,1,1,3,505,1,7,True,True,49,away,36,1778969702.0,18,False,"mbrichet,jgiard,phooley,ngagnon,rsalvas,tlalondel,ycohonner",37,67,399a3f2faab259a477c9a600aa3e8a3797023ee15f4bcef7b6feaf347a62e2bb,1778969702.0,False,49,477.1,22.0534645804236,-20.12,9.03,65.8291156929367,53b47ea3dcc06fc544d3939f96c5d2e286319bf75c4f56fa485cb564a93f6d67,0.963040195284349,0.0369598047156507,0.597561904633343,0.619741662975849,0.660518196092613,0.911165455911508,2637.1,0,0.508,0.0407765331167643,0.101323740436683,67,36b04c7d59777f92f5859dcb9a46984a0c999037,2026-07-21 08:07:47,2026-06-06 14:01:41,royal,glory,19,21,Final,2026-05-16 18:00:00
2026-05-16-BOS-MTL,tedmonds,-3.0,26.9,tdecraene,9.7,23.41,0,0,0,"tedmonds,rdinger,pboerth,bsadok,ndick,jbabbitt,tdecraene",False,2026-05-16-BOS-MTL,1,1,1,3,505,1,8,True,True,50,away,37,1778969709.0,18,False,"mbrichet,jgiard,phooley,ngagnon,rsalvas,tlalondel,ycohonner",38,68,ce21870f546c5f9604ddc080a319c10d01e8fb2d949da7d32a95d4f452cb0d69,1778969709.0,False,50,472.45,13.170804834937,12.7,-3.49,-105.365765006605,48f68eea92818ea409d051701e7b99b3a91b5eff856d29ea3b97402d003f2820,0.987682333665957,0.0123176663340431,0.597561904633343,0.660596660803688,0.648940805840592,0.922105737947527,2632.45,0,0.509,-0.0116558549630958,-0.028963100405483,68,fe12e9f12c2fc66ae65b23acc1b6849abe8447b5,2026-07-21 08:07:47,2026-06-06 14:01:41,royal,glory,19,21,Final,2026-05-16 18:00:00
2026-05-16-BOS-MTL,tdecraene,9.7,23.41,rdinger,17.44,27.87,0,0,0,"tedmonds,rdinger,pboerth,bsadok,ndick,jbabbitt,tdecraene",False,2026-05-16-BOS-MTL,1,1,1,3,505,1,9,True,True,51,away,38,1778969711.0,18,False,"mbrichet,jgiard,phooley,ngagnon,rsalvas,tlalondel,ycohonner",39,69,12312a56f371a3a4ffa83de60b03cd8f6ad69ddafb0978c7d6dde367e188efd8,1778969711.0,False,51,467.8,8.93303979617241,7.74,4.46,-60.0482756322805,fdbefe5d2b09b3a308d3db1ec98a22b5a812663c4037dfaf6ea6640f028645d0,0.990845375165842,0.00915462483415752,0.597561904633343,0.648992379123096,0.64511776338275,0.901896570002193,2627.8,0,0.51,-0.00387461574034664,-0.00962785527750925,69,69f2c6de856a4de5843c4c8073c3a442b6a0fa0f,2026-07-21 08:07:47,2026-06-06 14:01:41,royal,glory,19,21,Final,2026-05-16 18:00:00
2026-05-16-BOS-MTL,rdinger,17.44,27.87,tdecraene,14.8,36.96,0,0,0,"tedmonds,rdinger,pboerth,bsadok,ndick,jbabbitt,tdecraene",False,2026-05-16-BOS-MTL,1,1,1,3,505,1,10,True,True,52,away,39,1778969713.0,18,False,"mbrichet,jgiard,phooley,ngagnon,rsalvas,tlalondel,ycohonner",40,70,3f2a70a32bac58cf6841128bdee764fbf3db0e5a751d692546366aabca1b7a9f,1778969713.0,False,52,463.15,9.4656061612556,-2.64,9.09,16.1948317630975,a69cbc845688b3cc8b9f76c731941f86d887ad7a0a14999bda459060c4b99733,0.984532720800991,0.0154672791990094,0.597561904633343,0.645143070883117,0.681148026218427,0.869463620607253,2623.15,0,0.503,0.0360049553353097,0.0894670652451675,70,a06587a85b7e395e3335993a4c942e262d9757fb,2026-07-21 08:07:47,2026-06-06 14:01:41,royal,glory,19,21,Final,2026-05-16 18:00:00
2026-05-16-BOS-MTL,tdecraene,14.8,36.96,pboerth,0.16,27.22,0,0,0,"tedmonds,rdinger,pboerth,bsadok,ndick,jbabbitt,tdecraene",False,2026-05-16-BOS-MTL,1,1,1,3,505,1,11,True,True,53,away,40,1778969720.0,18,False,"mbrichet,jgiard,phooley,ngagnon,rsalvas,tlalondel,ycohonner",41,71,625da43e9ff239dfc24106bee6e9866d5661e7c7e56bfcca6e7a0f5d22f28b3f,1778969720.0,False,53,458.5,17.584004094631,-14.64,-9.74,123.635844406982,71f96552ae87eb82abfe66957310179ae0e9a9fb06988db7cc8b27704ec9bd69,0.982245912601577,0.0177540873984229,0.597561904633343,0.681148549318553,0.661749622253982,0.91017445058725,2618.5,0,0.506,-0.0193989270645701,-0.0482035058010499,71,29a1f1df3e8a5e7ad8e14be068ffe7f7aab259e5,2026-07-21 08:07:47,2026-06-06 14:01:41,royal,glory,19,21,Final,2026-05-16 18:00:00
2026-05-16-BOS-MTL,pboerth,0.16,27.22,jbabbitt,-6.81,30.32,0,0,0,"tedmonds,rdinger,pboerth,bsadok,ndick,jbabbitt,tdecraene",False,2026-05-16-BOS-MTL,1,1,1,3,505,1,12,True,True,54,away,41,1778969723.0,18,False,"mbrichet,jgiard,phooley,ngagnon,rsalvas,tlalondel,ycohonner",42,72,b71568b5d58328cc316e14ee15c31b0ef8833c0b33f2ed408e128a16703180f6,1778969723.0,False,54,453.85,7.62829600893935,-6.97,3.1,66.0222585888027,fa3182a667509fc0bfaa5255b6eec3ea1bca0fd21b7e2485af56d25e890d435b,0.990463607319178,0.00953639268082174,0.597561904633343,0.661727682209158,0.669683952437393,0.898804296419934,2613.85,0,0.504,0.00795627022823497,0.019770171660777,72,e7b4cb55b7cbaef8fcb568b639a5f1aa7539166f,2026-07-21 08:07:47,2026-06-06 14:01:41,royal,glory,19,21,Final,2026-05-16 18:00:00
2026-05-16-BOS-MTL,jbabbitt,-6.81,30.32,rdinger,13.05,41.09,0,0,0,"tedmonds,rdinger,pboerth,bsadok,ndick,jbabbitt,tdecraene",False,2026-05-16-BOS-MTL,1,1,1,3,505,1,13,True,True,55,away,42,1778969727.0,18,False,"mbrichet,jgiard,phooley,ngagnon,rsalvas,tlalondel,ycohonner",43,73,8751db7fe7e180bdb2a42e7500793ae99d4975a79ecfd552daf284924df4e9f8,1778969727.0,False,55,449.2,22.5923106387992,19.86,10.77,-61.5291970020084,a16154cdc3e47f70cac4661714c381b0cbe7d1050dbe6ffe12d64af4c6afe6ef,0.958448706416377,0.041551293583623,0.597561904633343,0.669641759901793,0.698541643667149,0.853933879732589,2609.2,0,0.498,0.0288998837653569,0.0718119981634107,73,fab0bca4a216bcbc4e5c20361ec687fc3623d704,2026-07-21 08:07:47,2026-06-06 14:01:41,royal,glory,19,21,Final,2026-05-16 18:00:00
2026-05-16-BOS-MTL,rdinger,13.05,41.09,bsadok,12.93,54.9,0,0,0,"tedmonds,rdinger,pboerth,bsadok,ndick,jbabbitt,tdecraene",False,2026-05-16-BOS-MTL,1,1,1,3,505,1,14,True,True,56,away,43,1778969735.0,18,False,"mbrichet,jgiard,phooley,ngagnon,rsalvas,tlalondel,ycohonner",44,74,9ebe9612268c1234db10ec5c67aedec2a7112d57ba32c49bf2ede4a3e44d8de7,1778969735.0,False,56,444.55,13.8105213514914,-0.120000000000001,13.81,0.497850869292222,2ad42ac27177e1f85f4cf46cb436ce96347250be8f945593636b1a0b8e02788d,0.971079468532147,0.0289205314678531,0.597561904633343,0.698483575606898,0.750971407386348,0.794610699003806,2604.55,0,0.487,0.0524878317794495,0.130424610353124,74,b359eb3b85fa5ee0548d75a9455ba4c8994a7b35,2026-07-21 08:07:47,2026-06-06 14:01:41,royal,glory,19,21,Final,2026-05-16 18:00:00
2026-05-16-BOS-MTL,bsadok,12.93,54.9,tedmonds,15.44,64.7,0,0,0,"tedmonds,rdinger,pboerth,bsadok,ndick,jbabbitt,tdecraene",False,2026-05-16-BOS-MTL,1,1,1,3,505,1,15,True,True,57,away,44,1778969739.0,18,False,"mbrichet,jgiard,phooley,ngagnon,rsalvas,tlalondel,ycohonner",45,75,a3951db70159281265258878100a0e5a37cd1663f148b284d7d8d6293ce9cd02,1778969739.0,False,57,439.9,10.1163283853382,2.51,9.8,-14.365920651505,3ba2c419f566297734b25603de81e2f79be0515a8a219b8bdc14bbe5a3ee4520,0.979919669001341,0.0200803309986594,0.597561904633343,0.750905379974723,0.788074146482138,0.749402379599802,2599.9,0,0.477,0.0371687665074156,0.0923589663487289,75,467a0172ad12bd611dd702e06901205a6ee990e5,2026-07-21 08:07:47,2026-06-06 14:01:41,royal,glory,19,21,Final,2026-05-16 18:00:00
2026-05-16-BOS-MTL,tedmonds,15.44,64.7,bsadok,15.76,84.9,0,0,0,"tedmonds,rdinger,pboerth,bsadok,ndick,jbabbitt,tdecraene",False,2026-05-16-BOS-MTL,1,1,1,3,505,1,16,True,True,58,away,45,1778969741.0,18,False,"mbrichet,jgiard,phooley,ngagnon,rsalvas,tlalondel,ycohonner",46,76,f17cfbdc11dfb34af105b4b5c88c89f2346f1a72cfd5f9db67bdf2c7c1a60672,1778969741.0,False,58,435.25,20.2025344944638,0.32,20.2,-0.907579997340605,232b1721a50c2c40f2693f38d65a3730eb8ded4000bb536ea455abd42cdd9ce2,0.937286699065017,0.0627133009349826,0.597561904633343,0.788003555353592,0.874897165814545,0.674170152862755,2595.25,0,0.453,0.0868936104609528,0.215917954739809,76,a2844c5344d8395c2d4849f2780c85f65aa02784,2026-07-21 08:07:47,2026-06-06 14:01:41,royal,glory,19,21,Final,2026-05-16 18:00:00
2026-05-16-BOS-MTL,bsadok,15.76,84.9,tdecraene,3.83,76.45,0,0,0,"tedmonds,rdinger,pboerth,bsadok,ndick,jbabbitt,tdecraene",False,2026-05-16-BOS-MTL,1,1,1,3,505,1,17,True,True,59,away,46,1778969749.0,18,False,"mbrichet,jgiard,phooley,ngagnon,rsalvas,tlalondel,ycohonner",47,77,d8684e722efac316f8f91394241dfe3c8f83a45d63011272f859df1ec438f902,1778969749.0,False,59,430.6,14.6194185930905,-11.93,-8.45,125.309880886676,1a486fb2a1274dd013e0943d47ff26d1d17e589fa27d81ed0f45b58d65ce2818,0.968902788622245,0.031097211377755,0.597561904633343,0.874844127581009,0.846462228163915,0.712705277707609,2590.6,0,0.461,-0.028381899417094,-0.0705248825691702,77,36c98325456c46627ae838140056489c9aab7cf8,2026-07-21 08:07:47,2026-06-06 14:01:41,royal,glory,19,21,Final,2026-05-16 18:00:00
2026-05-16-BOS-MTL,tdecraene,3.83,76.45,jbabbitt,-12.23,79.8,0,0,0,"tedmonds,rdinger,pboerth,bsadok,ndick,jbabbitt,tdecraene",False,2026-05-16-BOS-MTL,1,1,1,3,505,1,18,True,True,60,away,47,1778969753.0,18,False,"mbrichet,jgiard,phooley,ngagnon,rsalvas,tlalondel,ycohonner",48,78,61847ca6daae67c9b2ee42fcbc12c80e42fcd939295a8b638cf7641e21285c06,1778969753.0,False,60,425.95,16.4056727993703,-16.06,3.34999999999999,78.2174651199617,e8e55797fb41f379605706f56c4ae82c454d3c3b58e11d43a9c2ae2965719c2a,0.964214122311131,0.035785877688869,0.597561904633343,0.846392209198995,0.858016056819465,0.69628014545016,2585.95,0,0.457,0.0116238476204695,0.0288835668250521,78,3346616cfc98c3c6db136aa549992446bd696774,2026-07-21 08:07:47,2026-06-06 14:01:41,royal,glory,19,21,Final,2026-05-16 18:00:00
2026-05-16-BOS-MTL,jbabbitt,-12.23,79.8,tdecraene,-1.33,80.45,0,0,0,"tedmonds,rdinger,pboerth,bsadok,ndick,jbabbitt,tdecraene",False,2026-05-16-BOS-MTL,1,1,1,3,505,1,19,True,True,61,away,48,1778969756.0,18,False,"mbrichet,jgiard,phooley,ngagnon,rsalvas,tlalondel,ycohonner",49,79,9d811f15cea9c45b635c6b1a6a2d482471c0d589333a0d313c88da0d8665030a,1778969756.0,False,61,421.3,10.9193635345656,10.9,0.650000000000006,-86.5873206484131,3b00ef96e4ec6507582c3824685eeba0f4cd4d64ada51dff64b41fc93a0ef8c5,0.975382463395193,0.0246175366048069,0.597561904633343,0.857944760970179,0.863018803215738,0.698893749563114,2581.3,0,0.456,0.00507404224555874,0.012608255291875,79,dedad2b866bed5a076fb7f4a9ac2bbf56ebe6c36,2026-07-21 08:07:47,2026-06-06 14:01:41,royal,glory,19,21,Final,2026-05-16 18:00:00
2026-05-16-BOS-MTL,tdecraene,-1.33,80.45,ndick,-17.06,109.35,0,0,0,"tedmonds,rdinger,pboerth,bsadok,ndick,jbabbitt,tdecraene",False,2026-05-16-BOS-MTL,1,2,1,3,505,1,20,True,True,62,away,49,1778969769.0,19,False,"mbrichet,jgiard,phooley,ngagnon,rsalvas,tlalondel,ycohonner",50,81,a879c2937222c57f342804d91aa78732779a46b87500c4b4fcede5da14aeae77,1778969769.0,False,62,416.65,32.9035393233008,-15.73,28.9,28.5590396777815,dfc049494fc428522723ea3afc497d8f8c55c7d730a845c6e1f7d7acc712bc3a,0.862568094025211,0.137431905974789,0.597561904633343,0.862945035838342,1.0,0.624542966151762,2576.65,0,0.426,0.137054964161658,0.340561606218687,81,68502273b6d8d3ad6a2dd45c6ee1514ee2577199,2026-07-21 08:07:47,2026-06-06 14:01:41,royal,glory,19,21,Final,2026-05-16 18:00:00
2026-05-16-BOS-MTL,eforget,3.49,14.56,jbrissett,-0.73,29.85,0,0,0,"maugersem,jbrissett,jduquette,eforget,kquinlan,sruelle,ctremblay",True,2026-05-16-BOS-MTL,1,2,1,4,412,1,1,True,True,63,home,32,1778969819.0,18,False,"kdelorenz,iengler,mraymond,bmccann,sfisherol,tallen1,ldecraene",33,83,72389d36556064219fbe7d4926484ef2bd4f22f1e25729321bae2afc8859e74a,1778969819.0,False,63,412.0,15.8616676298553,-4.22,15.29,15.4293657673685,8a042907b4b41fb3957f32b981c635443095a04cc1c4bf4238dd8adadcb3491b,0.977408567279058,0.0225914327209423,0.628851844745738,0.628851844745738,0.668250463230116,0.900508388430596,2572.0,-1,0.431,0.0393986184843782,0.106153345844835,83,fc19d535368c98ce6fa8ad22e80118fdf93718e4,2026-07-21 08:07:47,2026-06-06 14:01:41,royal,glory,19,21,Final,2026-05-16 18:00:00
2026-05-16-BOS-MTL,jbrissett,-0.73,29.85,sruelle,-3.14,39.97,0,0,0,"maugersem,jbrissett,jduquette,eforget,kquinlan,sruelle,ctremblay",True,2026-05-16-BOS-MTL,1,2,1,4,412,1,2,True,True,64,home,33,1778969822.0,18,False,"kdelorenz,iengler,mraymond,bmccann,sfisherol,tallen1,ldecraene",34,84,326943c4e787b283cc1896f66e537ed44b7fdab12a2095db06f8caad849830c4,1778969822.0,False,64,406.117647058824,10.4030043737374,-2.41,10.12,13.3950491087618,5c518beeb73fda9538c9a79952bf749ddf82c636b7ea582e56f3eaf034f0eb04,0.984853333527996,0.015146666472004,0.628851844745738,0.668059582557023,0.699687633942057,0.860980383330554,2566.11764705882,-1,0.436,0.0316280513850346,0.0852167818626692,84,87f66bc7a5b5245e0ce4a17451e459f48773c258,2026-07-21 08:07:47,2026-06-06 14:01:41,royal,glory,19,21,Final,2026-05-16 18:00:00
2026-05-16-BOS-MTL,sruelle,-3.14,39.97,jbrissett,2.33,32.62,0,0,0,"maugersem,jbrissett,jduquette,eforget,kquinlan,sruelle,ctremblay",True,2026-05-16-BOS-MTL,1,2,1,4,412,1,3,True,True,65,home,34,1778969827.0,18,False,"kdelorenz,iengler,mraymond,bmccann,sfisherol,tallen1,ldecraene",35,85,923c60d500fcd63b60ef77f95bea52f9cb76bcb53b5943d576b25a209e7efa9f,1778969827.0,False,65,400.235294117647,9.16206308644511,5.47,-7.35,-143.342724877737,d2a18e5c9a55b90f11d9668b21aeee0581f6b7b472e786a84e05c5e6ce859414,0.991173277151445,0.00882672284855501,0.628851844745738,0.699502142460912,0.676017279937739,0.890021682289193,2560.23529411765,-1,0.432,-0.0234848625231731,-0.0632762474788115,85,e7a1dccb9c7e73400a35f9d0ce23407071d8712a,2026-07-21 08:07:47,2026-06-06 14:01:41,royal,glory,19,21,Final,2026-05-16 18:00:00
2026-05-16-BOS-MTL,jbrissett,2.33,32.62,eforget,-7.73,34.0,0,0,0,"maugersem,jbrissett,jduquette,eforget,kquinlan,sruelle,ctremblay",True,2026-05-16-BOS-MTL,1,2,1,4,412,1,4,True,True,66,home,35,1778969833.0,18,False,"kdelorenz,iengler,mraymond,bmccann,sfisherol,tallen1,ldecraene",36,86,981a4cd92ef7de208200184f9a6913e326b82784bbd35bfcc7203d3209829a6a,1778969833.0,False,66,394.352941176471,10.154210949158,-10.06,1.38,82.1890908869186,da067bc92ac548a14e7106209085bdf24cfcffd092119e479d842fc4782708db,0.987974817550322,0.0120251824496779,0.628851844745738,0.675822603186549,0.679005943766298,0.884130511836246,2554.35294117647,-1,0.432,0.00318334057974878,0.00857700768462118,86,df20c1ecfcf1ac6754d09497710621ccbb1d1666,2026-07-21 08:07:47,2026-06-06 14:01:41,royal,glory,19,21,Final,2026-05-16 18:00:00
2026-05-16-BOS-MTL,eforget,-7.73,34.0,sruelle,-17.71,82.06,0,0,0,"maugersem,jbrissett,jduquette,eforget,kquinlan,sruelle,ctremblay",True,2026-05-16-BOS-MTL,1,2,1,4,412,1,5,True,True,67,home,36,1778969842.0,18,False,"kdelorenz,iengler,mraymond,bmccann,sfisherol,tallen1,ldecraene",37,87,cde9fb39dca7c741787ee293ae2f1edade8c5dbde2713568cc1ae548cf933a1b,1778969842.0,False,67,388.470588235294,49.0852727404055,-9.98,48.06,11.7311500504401,c384dd069cab48b6da363547f3e071cbaf12810715bc94be5e51bf1bca8623b9,0.73989960922097,0.26010039077903,0.628851844745738,0.678814280256519,0.860379189611285,0.673947872516063,2548.47058823529,-1,0.472,0.181564909354765,0.489197930218407,87,f9f08c49478ea2415b0710d9cd395c1b8383017d,2026-07-21 08:07:47,2026-06-06 14:01:41,royal,glory,19,21,Final,2026-05-16 18:00:00
2026-05-16-BOS-MTL,sruelle,-17.71,82.06,maugersem,-11.44,74.49,0,0,0,"maugersem,jbrissett,jduquette,eforget,kquinlan,sruelle,ctremblay",True,2026-05-16-BOS-MTL,1,2,1,4,412,1,6,True,True,68,home,37,1778969844.0,18,False,"kdelorenz,iengler,mraymond,bmccann,sfisherol,tallen1,ldecraene",38,88,f3d632ceaddeac5055f9702c735ed9f95b2df8e405d63b99bfab1e7484b6cde1,1778969844.0,False,68,382.588235294118,9.82943538561601,6.27,-7.57000000000001,-140.366084370292,3885480dc29cc570a9504c58a034e8b8dbd73b666925a9d01a4e20c6bee8f015,0.977496823681715,0.0225031763182847,0.628851844745738,0.860276555188585,0.835229698179946,0.714850296309093,2542.58823529412,-1,0.465,-0.0250468570086392,-0.0674847945599523,88,142e29b54c73acc81c47b3ec10caf9f78c99d8c3,2026-07-21 08:07:47,2026-06-06 14:01:41,royal,glory,19,21,Final,2026-05-16 18:00:00
2026-05-16-BOS-MTL,maugersem,-11.44,74.49,ctremblay,-1.54,73.47,0,0,0,"maugersem,jbrissett,jduquette,eforget,kquinlan,sruelle,ctremblay",True,2026-05-16-BOS-MTL,1,2,1,4,412,1,7,True,True,69,home,38,1778969847.0,18,False,"kdelorenz,iengler,mraymond,bmccann,sfisherol,tallen1,ldecraene",39,89,e1f1b31789b907d173efa73dcc2447795579b1eea7b1505f9130884679e96a93,1778969847.0,False,69,376.705882352941,9.95240674409964,9.9,-1.02,-95.8824455900953,2571211a4856b8f3024096e9c4125677fbc171e697560be16f9cfd5232b44393,0.980176113502134,0.019823886497866,0.628851844745738,0.835117725640454,0.832943471445816,0.722211958690339,2536.70588235294,-1,0.464,-0.00217425419463768,-0.00585818402666764,89,41b3e3366ee20da12e880e921efdd1837ba92d8d,2026-07-21 08:07:47,2026-06-06 14:01:41,royal,glory,19,21,Final,2026-05-16 18:00:00
2026-05-16-BOS-MTL,ctremblay,-1.54,73.47,maugersem,-11.01,76.52,0,0,0,"maugersem,jbrissett,jduquette,eforget,kquinlan,sruelle,ctremblay",True,2026-05-16-BOS-MTL,1,2,1,4,412,1,8,True,True,70,home,39,1778969849.0,18,False,"kdelorenz,iengler,mraymond,bmccann,sfisherol,tallen1,ldecraene",40,90,6be8a89b22654fb045f7c39396b4d28cd70f2ec7748ae5b4ef826ef28b511671,1778969849.0,False,70,370.823529411765,9.94904015470839,-9.47,3.05,72.1478234964634,a07541ccf0e1a47c20f207ac83401bd4f1461938b630f8c0f89369fca4c55bb6,0.9794070155222,0.0205929844778003,0.628851844745738,0.832838097337742,0.843956524051057,0.70761798473743,2530.82352941176,-1,0.467,0.0111184267133143,0.029956842182598,90,bd792ccdb92c3fe238b62c9afe178c31828d9609,2026-07-21 08:07:47,2026-06-06 14:01:41,royal,glory,19,21,Final,2026-05-16 18:00:00
2026-05-16-BOS-MTL,maugersem,-11.01,76.52,ctremblay,-4.01,76.52,0,0,0,"maugersem,jbrissett,jduquette,eforget,kquinlan,sruelle,ctremblay",True,2026-05-16-BOS-MTL,1,2,1,4,412,1,9,True,True,71,home,40,1778969851.0,18,False,"kdelorenz,iengler,mraymond,bmccann,sfisherol,tallen1,ldecraene",41,91,acde97dc0f3f1c679fe6408373713bcc13ac096d084ff896cc04ea111d8251f9,1778969851.0,False,71,364.941176470588,7.0,7.0,0.0,-90.0,4d5030a65fe00bbf21bf721a9121a3e9edd7458c39c2216d99c5d697d295bc43,0.983464938512188,0.0165350614878116,0.628851844745738,0.843866271751033,0.845541542070531,0.710618421698837,2524.94117647059,-1,0.467,0.00167527031949755,0.00451375089915204,91,dd4e61107829ad28f849928f440b97314857cfe3,2026-07-21 08:07:47,2026-06-06 14:01:41,royal,glory,19,21,Final,2026-05-16 18:00:00
2026-05-16-BOS-MTL,ctremblay,-4.01,76.52,maugersem,-7.73,83.15,0,0,0,"maugersem,jbrissett,jduquette,eforget,kquinlan,sruelle,ctremblay",True,2026-05-16-BOS-MTL,1,2,1,4,412,1,10,True,True,72,home,41,1778969856.0,18,False,"kdelorenz,iengler,mraymond,bmccann,sfisherol,tallen1,ldecraene",42,92,332e389911bf6b658d2c8d0cdb8d5b13299ca8cfbaf281eeba7a84eb635f2241,1778969856.0,False,72,359.058823529412,7.60232201370082,-3.72,6.63000000000001,29.2961716882661,df1e78ba13de24cb718c03d475c652e2528770ab3b720b11bfde1eece5673aaa,0.98061188617501,0.0193881138249898,0.628851844745738,0.845463466489953,0.872420853739178,0.686977701424323,2519.05882352941,-1,0.474,0.0269573872492251,0.0726324161055238,92,f3a71af4e9f59adb43cb20dabfcc55dc509de0f0,2026-07-21 08:07:47,2026-06-06 14:01:41,royal,glory,19,21,Final,2026-05-16 18:00:00
2026-05-16-BOS-MTL,maugersem,-7.73,83.15,,-15.01,100.48,1,0,0,"maugersem,jbrissett,jduquette,eforget,kquinlan,sruelle,ctremblay",True,2026-05-16-BOS-MTL,1,2,1,4,412,1,11,True,True,73,home,42,1778969860.0,22,False,"kdelorenz,iengler,mraymond,bmccann,sfisherol,tallen1,ldecraene",43,93,0eaccb21682999a42f17c75858b7121ffca4f0fe05341b716bec0ddc93dc54f0,1778969860.0,False,73,353.176470588235,18.7970024205989,-7.28,17.33,22.7863401853068,18e3efff758006dd17c6b7bd4ddcb984526020b76fe9ce479fc23b0a31f29afa,0.940211548897603,-0.940211548897603,0.628851844745738,0.872364734699881,0.931331442042003,0.628983439604293,2513.17647058824,-1,0.335,-0.628983439604293,-0.628983439604293,93,81d052b9f97a76032b7334db942f558499c48513,2026-07-21 08:07:47,2026-06-06 14:01:41,royal,glory,19,21,Final,2026-05-16 18:00:00
2026-05-16-BOS-MTL,kdelorenz,18.41,18.45,iengler,15.63,31.35,0,0,0,"kdelorenz,iengler,mraymond,bmccann,sfisherol,tallen1,ldecraene",False,2026-05-16-BOS-MTL,1,2,1,4,412,2,1,False,False,74,away,53,,18,False,"maugersem,jbrissett,jduquette,eforget,kquinlan,sruelle,ctremblay",54,105,74c4beffbe92894f0eaf5f083924e3c189f5aae58afab5c24f01f63f8158c80f,1778970087.71429,True,74,347.294117647059,13.1961509539714,-2.78,12.9,12.161471726087,ca880fc4b987bd69ca112f71a02028eefbdacb8cf3c83d67b5361509deed9e13,0.979517006126942,0.0204829938730576,0.613199510613626,0.613199510613626,0.658528541662943,0.889683112791155,2507.29411764706,-1,0.33,0.0453290310493172,0.117189694152734,105,00e5b76af74b90434912b4403e8e73e18fd3438d,2026-07-21 08:07:47,2026-06-06 14:01:41,royal,glory,19,21,Final,2026-05-16 18:00:00
2026-05-16-BOS-MTL,iengler,15.63,31.35,tallen1,11.44,33.35,0,0,0,"kdelorenz,iengler,mraymond,bmccann,sfisherol,tallen1,ldecraene",False,2026-05-16-BOS-MTL,1,2,1,4,412,2,2,False,False,75,away,54,,18,False,"maugersem,jbrissett,jduquette,eforget,kquinlan,sruelle,ctremblay",55,106,a461a22dff2fa57b4e625c624d262958d21e7237e96c21c815eb2e46991c3566,1778970090.42857,True,75,341.411764705882,4.6428547252741,-4.19,2.0,64.4835983929519,c71478d199f1c80dc1a8947dd93dcc0b7a9c969c9a033b5aace8325c085cce7a,0.990968087886366,0.00903191211363397,0.613199510613626,0.658448412566635,0.672735290812214,0.884987772833322,2501.41176470588,-1,0.327,0.0142868782455795,0.0369360397352248,106,3303ef80f5ccd56d81248e9e4ff1f49ea205952a,2026-07-21 08:07:47,2026-06-06 14:01:41,royal,glory,19,21,Final,2026-05-16 18:00:00
2026-05-16-BOS-MTL,tallen1,11.44,33.35,iengler,0.22,32.06,0,0,0,"kdelorenz,iengler,mraymond,bmccann,sfisherol,tallen1,ldecraene",False,2026-05-16-BOS-MTL,1,2,1,4,412,2,3,False,False,76,away,55,,18,False,"maugersem,jbrissett,jduquette,eforget,kquinlan,sruelle,ctremblay",56,107,7a8f3de67f09cc5da7e77770042847c6c9a1660aac3cfce53fbcc0fd1d4b087e,1778970093.14286,True,76,335.529411764706,11.2939142904486,-11.22,-1.29,96.5586844191624,4f51952c949785ce902193170dfba6c98d428913b6c9222b609186df3e0912b3,0.987119990418173,0.0128800095818272,0.613199510613626,0.672668296597091,0.672856532144655,0.891504793734543,2495.52941176471,-1,0.327,0.000188235547563309,0.000486647645823635,107,5a2be308327dbb77818cc3f74f8d0ca6dabd7212,2026-07-21 08:07:47,2026-06-06 14:01:41,royal,glory,19,21,Final,2026-05-16 18:00:00
2026-05-16-BOS-MTL,iengler,0.22,32.06,kdelorenz,1.25,44.64,0,0,0,"kdelorenz,iengler,mraymond,bmccann,sfisherol,tallen1,ldecraene",False,2026-05-16-BOS-MTL,1,2,1,4,412,2,4,False,False,77,away,56,,18,False,"maugersem,jbrissett,jduquette,eforget,kquinlan,sruelle,ctremblay",57,108,6c1c78dfda4bbc2a5687665562ede18c4ffd3b4822e40ee12ba490e34eb61430,1778970095.85714,True,77,329.647058823529,12.6220957055475,1.03,12.58,-4.68070819056358,ef3027fb9a7cb470ca9ea21fe2b6e6c91f4a1280f02bbf676f2a3e289e8de71b,0.980102025666646,0.0198979743333543,0.613199510613626,0.672797798943055,0.714522310132428,0.840470782591868,2489.64705882353,-1,0.319,0.041724511189372,0.107870885208973,108,ef2ba130049c58bc058204c3c0ac8d726ffd44fe,2026-07-21 08:07:47,2026-06-06 14:01:41,royal,glory,19,21,Final,2026-05-16 18:00:00
2026-05-16-BOS-MTL,kdelorenz,1.25,44.64,mraymond,15.96,59.67,0,0,0,"kdelorenz,iengler,mraymond,bmccann,sfisherol,tallen1,ldecraene",False,2026-05-16-BOS-MTL,1,2,1,4,412,2,5,False,False,78,away,57,,18,False,"maugersem,jbrissett,jduquette,eforget,kquinlan,sruelle,ctremblay",58,109,bcf5a848d6b5b98d31a251ad49871a1e5dc0285e64a32b2b0d19b401cc2eed98,1778970098.57143,True,78,323.764705882353,21.0305729831595,14.71,15.03,-44.3835258263827,18a97e0ed102baa8c5618dfd415274a3ede94451b8ea30affbcc7c34cd783e5d,0.958111517114722,0.0418884828852777,0.613199510613626,0.714472554008794,0.762853802747019,0.767269002194266,2483.76470588235,-1,0.309,0.0483812487382244,0.125080629590146,109,50c34a990bd0f8e816b4eb8042bc6f65bce7580a,2026-07-21 08:07:47,2026-06-06 14:01:41,royal,glory,19,21,Final,2026-05-16 18:00:00
2026-05-16-BOS-MTL,mraymond,15.96,59.67,ldecraene,15.89,73.48,0,0,0,"kdelorenz,iengler,mraymond,bmccann,sfisherol,tallen1,ldecraene",False,2026-05-16-BOS-MTL,1,2,1,4,412,2,6,False,False,79,away,58,,18,False,"maugersem,jbrissett,jduquette,eforget,kquinlan,sruelle,ctremblay",59,110,600bf21fe1b6319fc2b78e08f7e3acd6ced2bb000eec3cc7d9d27af5c19ff7fe,1778970101.28571,True,79,317.882352941176,13.8101774065361,-0.0700000000000003,13.81,0.290417828958482,2faedfa5d9aab66b48cb2bf18048fd7e9a80796412c7089a4aa2910d9ac4c10b,0.967790541452276,0.0322094585477244,0.613199510613626,0.762811180493609,0.824061931767792,0.711140816558505,2477.88235294118,-1,0.296,0.0612507512741829,0.158352310699896,110,de01ac38f99762b6771f2decc34a04aa014e06c2,2026-07-21 08:07:47,2026-06-06 14:01:41,royal,glory,19,21,Final,2026-05-16 18:00:00
2026-05-16-BOS-MTL,bsadok,15.89,73.48,tdecraene,19.25,63.87,0,0,0,"rdinger,jbabbitt,pboerth,tdecraene,ndick,bsadok,tedmonds",False,2026-05-16-BOS-MTL,1,2,1,4,312,2,7,False,True,80,away,60,,18,False,"jbernat,ycohonner,adub,cguay,rlalondel,wstpierre,tlalondel",61,112,35e597753cb288a92cf6e7589472f022884099218b8d70132078eeea40beafd4,1778970106.71429,True,80,312.0,10.1804567677487,3.36,-9.61000000000001,-160.728545957824,bcb6196f6a0d0380dbe7c933f77d1f0885ac924af53c59aa3e8d2485b978e335,0.98697712988025,0.0130228701197498,0.613199510613626,0.824026867261073,0.771555519561455,0.73977348525744,2472.0,-1,0.307,-0.0524713476996178,-0.135654812078597,112,f74ebd9404a0ec3fdcea0bbd420c11cac4e69852,2026-07-21 08:07:47,2026-06-06 14:01:41,royal,glory,19,21,Final,2026-05-16 18:00:00
2026-05-16-BOS-MTL,tdecraene,19.25,63.87,jbabbitt,4.8,65.61,0,0,0,"rdinger,jbabbitt,pboerth,tdecraene,ndick,bsadok,tedmonds",False,2026-05-16-BOS-MTL,1,2,1,4,312,2,8,False,True,81,away,61,,18,False,"jbernat,ycohonner,adub,cguay,rlalondel,wstpierre,tlalondel",62,113,d648fe4e3c1de7f418375c110986739ee1ca5ef6f3e0984e970881205994babe,1778970109.42857,True,81,311.5,14.5543842191966,-14.45,1.74,83.1337748274787,039df47882e80d619a2340a6b5ebd2bb065d956f204830b9845135a23f86200b,0.969617020835914,0.0303829791640859,0.613199510613626,0.771551763373228,0.798260699512462,0.751341716246597,2471.5,-1,0.302,0.026708936139234,0.0690509367803681,113,6e4cbcc7e2439aa853d99234d883338dcb92c76a,2026-07-21 08:07:47,2026-06-06 14:01:41,royal,glory,19,21,Final,2026-05-16 18:00:00
2026-05-16-BOS-MTL,jbabbitt,4.8,65.61,pboerth,-6.49,84.96,0,0,0,"rdinger,jbabbitt,pboerth,tdecraene,ndick,bsadok,tedmonds",False,2026-05-16-BOS-MTL,1,2,1,4,312,2,9,False,True,82,away,62,,18,False,"jbernat,ycohonner,adub,cguay,rlalondel,wstpierre,tlalondel",63,115,6fa4fab491b2ebfaf1565213432c9d469ae54244b5a7f6b41a4cf9642d0a9ca0,1778970112.14286,True,82,311.0,22.402825714628,-11.29,19.35,30.2619600031658,7de8a0fdf2d449d713e138f6e6fe1f0d433847b6a264ca7c5b644b5049760091,0.930574227409684,0.0694257725903156,0.613199510613626,0.798257241948743,0.879528758387405,0.681038715446459,2471.0,-1,0.282,0.0812715164386614,0.21011223788158,115,578593f60a1398b10283b7a8c86ed9512b15706c,2026-07-21 08:07:47,2026-06-06 14:01:41,royal,glory,19,21,Final,2026-05-16 18:00:00
2026-05-16-BOS-MTL,pboerth,-6.49,84.96,ndick,-1.13,88.45,0,0,0,"rdinger,jbabbitt,pboerth,tdecraene,ndick,bsadok,tedmonds",False,2026-05-16-BOS-MTL,1,2,1,4,312,2,10,False,True,83,away,63,,18,False,"jbernat,ycohonner,adub,cguay,rlalondel,wstpierre,tlalondel",64,116,f2a62249e6271cf4348f3759b1cd688571681b694f1edd3ee4de765f03642aa1,1778970114.85714,True,83,310.5,6.39606910531774,5.36,3.49000000000001,-56.9310679352972,eb4f7d87b31aa7e18f4ff2ba82f6ee21cd4861e1618b08f513144f81469fd6f2,0.981748613454864,0.0182513865451364,0.613199510613626,0.879526465619812,0.89331119177632,0.67107862918258,2470.5,-1,0.279,0.0137847261565083,0.0356378198444799,116,4109d1aa48ea55a382195ea1cb252ae0733f98a5,2026-07-21 08:07:47,2026-06-06 14:01:41,royal,glory,19,21,Final,2026-05-16 18:00:00
2026-05-16-BOS-MTL,ndick,-1.13,88.45,pboerth,-1.71,85.93,0,0,0,"rdinger,jbabbitt,pboerth,tdecraene,ndick,bsadok,tedmonds",False,2026-05-16-BOS-MTL,1,2,1,4,312,2,11,False,True,84,away,64,,18,False,"jbernat,ycohonner,adub,cguay,rlalondel,wstpierre,tlalondel",65,117,cb8d66f0ec381f6e02a0ee0bfdfe221c893c76ad1630e9b221fab981d179f807,1778970117.57143,True,84,310.0,2.58588476154681,-0.58,-2.52,167.038598149008,d3f72b0a288f744668c2265d04d977e60438a5c65a3d155df975628501c6a9e4,0.987996234964882,0.012003765035118,0.613199510613626,0.893309112600608,0.883660627304723,0.678736836667305,2470.0,-1,0.281,-0.00964848529588547,-0.0249443461439047,117,a0abf50da1fc20972bb2fe9429abd3e8d0a467e9,2026-07-21 08:07:47,2026-06-06 14:01:41,royal,glory,19,21,Final,2026-05-16 18:00:00
2026-05-16-BOS-MTL,pboerth,-1.71,85.93,jbabbitt,-0.62,101.8,0,0,0,"rdinger,jbabbitt,pboerth,tdecraene,ndick,bsadok,tedmonds",False,2026-05-16-BOS-MTL,1,3,1,4,312,2,12,False,True,85,away,65,,19,False,"jbernat,ycohonner,adub,cguay,rlalondel,wstpierre,tlalondel",66,118,c8c5f3758a81b6098537c763430984ae080018dc2b7040b0d06f95f62eb6595e,1778970120.28571,True,85,309.5,15.9073882205722,1.09,15.87,-3.92907833530589,978d79232bec7d36a0da703eb97cdc1ec953eb161e997d0009c2d744aa5b95d2,0.951670064576488,0.0483299354235118,0.613199510613626,0.883658365409367,1.0,0.639618222837904,2469.5,-1,0.267,0.116341634590633,0.300779440003292,118,70b2d76a65c998817e7e752c13963f31f47b469d,2026-07-21 08:07:47,2026-06-06 14:01:41,royal,glory,19,21,Final,2026-05-16 18:00:00
2026-05-16-BOS-MTL,eforget,11.94,25.92,jbrissett,1.53,29.41,0,0,0,"maugersem,jbrissett,jduquette,eforget,kquinlan,sruelle,ctremblay",True,2026-05-16-BOS-MTL,1,3,1,5,309,1,1,True,True,86,home,46,1778970044.0,18,False,"itran,ograff,jcarreiro,mraymond,zsinger,tchan,ghaflin",47,99,2eec394a5115fae7f1a18750f4dbf21b696243edbf4abe6a6690f7b80bf7e630,1778970044.0,False,86,309.0,10.979444430389,-10.41,3.49,71.4660378317823,c4579c32b604810c60c6c395c5867d7e6c602ae7560df0b5dd96f6e63ab21afe,0.986508249966404,0.0134917500335957,0.639366421161429,0.650075175703884,0.664756836628673,0.901196113475681,2469.0,-2,0.272,0.0146816609247887,0.040710742943215,99,039caf77918914932b3c7acddcaf4da64ec351fa,2026-07-21 08:07:47,2026-06-06 14:01:41,royal,glory,19,21,Final,2026-05-16 18:00:00
2026-05-16-BOS-MTL,jbrissett,1.53,29.41,eforget,1.67,20.02,0,0,0,"maugersem,jbrissett,jduquette,eforget,kquinlan,sruelle,ctremblay",True,2026-05-16-BOS-MTL,1,3,1,5,309,1,2,True,True,87,home,47,1778970049.0,18,False,"itran,ograff,jcarreiro,mraymond,zsinger,tchan,ghaflin",48,100,aadc6f6f5812b8f7eec6b0ac092b41a81f3c749b9cf6aea9c72310b18c07c377,1778970049.0,False,87,299.2,9.39104360547857,0.14,-9.39,-179.145813115588,2fa1728f58e61ba372ec674ed24d1e3e07173f9be3214f57cfc2b0437b7785cf,0.992800895975227,0.00719910402477264,0.639366421161429,0.664648195170556,0.639512417987093,0.93224987966172,2459.2,-2,0.268,-0.0251357771834628,-0.0696989372548535,100,c96310182297c3eefe97f2dfbd25bcda189de4a1,2026-07-21 08:07:47,2026-06-06 14:01:41,royal,glory,19,21,Final,2026-05-16 18:00:00
2026-05-16-BOS-MTL,eforget,1.67,20.02,maugersem,15.0,37.5,0,0,0,"maugersem,jbrissett,jduquette,eforget,kquinlan,sruelle,ctremblay",True,2026-05-16-BOS-MTL,1,3,1,5,309,1,3,True,True,88,home,48,1778970052.0,18,False,"itran,ograff,jcarreiro,mraymond,zsinger,tchan,ghaflin",49,101,b55dc63d0f2d56d5e5b696d7a3360bab914ba2e7ad66518c9c1188c1d80341c6,1778970052.0,False,88,289.4,21.9827045651803,13.33,17.48,-37.3286294138169,8cb9e57db84f0a9b2a100bcd5025c0da9e5b96a159b835221e685c82515e50a6,0.96084302658538,0.0391569734146202,0.639366421161429,0.639366421161429,0.679135081375824,0.865258382963018,2449.4,-2,0.273,0.0397686602143951,0.110274424091264,101,73d242cdec92bdce18ba52c9b1e30b66f52db9da,2026-07-21 08:07:47,2026-06-06 14:01:41,royal,glory,19,21,Final,2026-05-16 18:00:00
2026-05-16-BOS-MTL,maugersem,15.0,37.5,ctremblay,14.2,49.22,0,0,0,"maugersem,jbrissett,jduquette,eforget,kquinlan,sruelle,ctremblay",True,2026-05-16-BOS-MTL,1,3,1,5,309,1,4,True,True,89,home,49,1778970055.0,18,False,"itran,ograff,jcarreiro,mraymond,zsinger,tchan,ghaflin",50,102,db9b812dfe8d5696de06aba189bce70145e6249788ce8de6285f5808c9ee875a,1778970055.0,False,89,279.6,11.7472720237509,-0.800000000000001,11.72,3.90491744369437,e166e0aebf064183aa31eccfa03c833ed226bfc4ba5fe12a72d1e5cfc0065ffa,0.977798076468052,0.0222019235319484,0.639366421161429,0.678950615940382,0.723180922053195,0.815464468013959,2439.6,-2,0.28,0.0442303061128126,0.122646111477632,102,bd87cb94d82095831393cc471d57ada2b0d086b8,2026-07-21 08:07:47,2026-06-06 14:01:41,royal,glory,19,21,Final,2026-05-16 18:00:00
2026-05-16-BOS-MTL,ctremblay,14.2,49.22,,17.7,105.14,1,0,0,"maugersem,jbrissett,jduquette,eforget,kquinlan,sruelle,ctremblay",True,2026-05-16-BOS-MTL,1,3,1,5,309,1,5,True,True,90,home,50,1778970065.0,22,False,"itran,ograff,jcarreiro,mraymond,zsinger,tchan,ghaflin",51,103,de767e0426685487a99234cc2e18ce8dca554853d99edabe0bfc324de3deb999,1778970065.0,False,90,269.8,56.0294244125352,3.5,55.92,-3.58143742586343,5f58b69dd9db6c726a2412001607e5f2e1463507c726bc23e7b760eff697c4bf,0.667172117458765,-0.667172117458765,0.639366421161429,0.722955266581188,0.941391854910743,0.621706704334272,2429.8,-2,0.201,-0.621706704334272,-0.621706704334272,103,796cd1f7e758336ce7171dc753c348799ac5caeb,2026-07-21 08:07:47,2026-06-06 14:01:41,royal,glory,19,21,Final,2026-05-16 18:00:00
2026-05-16-BOS-MTL,ograff,-18.35,19.8,tchan,-6.94,18.45,0,0,0,"itran,ograff,jcarreiro,mraymond,zsinger,tchan,ghaflin",False,2026-05-16-BOS-MTL,1,3,1,5,260,2,1,False,False,91,away,69,,18,False,"maugersem,jbrissett,jduquette,eforget,kquinlan,sruelle,ctremblay",70,122,e7b3a70a6334caf447a89edbad6340effaf03ca82ac9ca603577530fa2cb1ba7,1778970140.71429,True,91,260.0,11.4895865896036,11.41,-1.35,-96.7477096417016,5df8eaeab078d96b93f8a47834390b82173ac98a0637b172ba38b5fe50752181,0.987015262250123,0.0129847377498773,0.61837095615796,0.61837095615796,0.633830093646512,0.931799523406973,2420.0,-2,0.199,0.0154591374885512,0.0405082834705576,122,16244f848bf323503e97452b60f7f721cd1d39fb,2026-07-21 08:07:47,2026-06-06 14:01:41,royal,glory,19,21,Final,2026-05-16 18:00:00
2026-05-16-BOS-MTL,tchan,-6.94,18.45,ograff,-2.04,21.03,0,0,0,"itran,ograff,jcarreiro,mraymond,zsinger,tchan,ghaflin",False,2026-05-16-BOS-MTL,1,3,1,5,260,2,2,False,False,92,away,70,,18,False,"maugersem,jbrissett,jduquette,eforget,kquinlan,sruelle,ctremblay",71,124,957119b21085583aaaf47044b32232dde62d5a0544a736553c5ae0e7571aad80,1778970147.42857,True,92,256.666666666667,5.53772516472243,4.9,2.58,-62.231821757397,d6c1373a45f58e127078ec4ad61a6c13b7bf1d34e0458848513068b1a4b0557e,0.992972352109027,0.00702764789097288,0.61837095615796,0.633692473524866,0.640897463826473,0.928903784774182,2416.66666666667,-2,0.198,0.00720499030160671,0.0188795649017451,124,6e061b90a4112e6a5bb7dd3c791a6393cf51b2c9,2026-07-21 08:07:47,2026-06-06 14:01:41,royal,glory,19,21,Final,2026-05-16 18:00:00
2026-05-16-BOS-MTL,ograff,-2.04,21.03,jcarreiro,9.06,24.96,0,0,0,"itran,ograff,jcarreiro,mraymond,zsinger,tchan,ghaflin",False,2026-05-16-BOS-MTL,1,3,1,5,260,2,3,False,False,93,away,71,,18,False,"maugersem,jbrissett,jduquette,eforget,kquinlan,sruelle,ctremblay",72,125,20cd59bcdb3b00cdd007a851ac828dd32e42fb5db851d4155b3519eff19aa2e1,1778970154.14286,True,93,253.333333333333,11.7751815272632,11.1,3.93,-70.5032847979179,e2bce5c86f8a5771a9559304103dd0a526e04b332bd0ae8f916100d466037b6d,0.987077598465074,0.012922401534926,0.61837095615796,0.640749324653816,0.649058977351356,0.915670877107393,2413.33333333333,-2,0.197,0.00830965269753958,0.0217741621913322,125,3ae897fb888ab4347f1578ec90cfded2235cf57d,2026-07-21 08:07:47,2026-06-06 14:01:41,royal,glory,19,21,Final,2026-05-16 18:00:00
2026-05-16-BOS-MTL,jcarreiro,9.06,24.96,ograff,3.38,29.29,0,0,0,"itran,ograff,jcarreiro,mraymond,zsinger,tchan,ghaflin",False,2026-05-16-BOS-MTL,1,3,1,5,260,2,4,False,False,94,away,72,,18,False,"maugersem,jbrissett,jduquette,eforget,kquinlan,sruelle,ctremblay",73,126,7bc8adcb648835d7b7cf258cfd3aa291bdf8d12da48a3fccfc7f111783a7334e,1778970160.85714,True,94,250.0,7.14221954297122,-5.68,4.33,52.6808587388361,53d66eeb9d556101e4da22b5ab22b5211b98587c24f228ad8d9d84947d71e12b,0.990417856519414,0.00958214348058617,0.61837095615796,0.648900206514817,0.662796574271822,0.900981449669061,2410.0,-2,0.196,0.0138963677570043,0.0364132866227974,126,225449b3a23726989a731411dd6c71ac4ac193ba,2026-07-21 08:07:47,2026-06-06 14:01:41,royal,glory,19,21,Final,2026-05-16 18:00:00
2026-05-16-BOS-MTL,ograff,3.38,29.29,zsinger,10.6,34.25,0,0,0,"itran,ograff,jcarreiro,mraymond,zsinger,tchan,ghaflin",False,2026-05-16-BOS-MTL,1,3,1,5,260,2,5,False,False,95,away,73,,18,False,"maugersem,jbrissett,jduquette,eforget,kquinlan,sruelle,ctremblay",74,127,904db91bb87ae5ac36fe71ffba04f2ac84dd2c3b99d5821fff72bc01e40bea71,1778970167.57143,True,95,246.666666666667,8.75956619930462,7.22,4.96,-55.5116895395433,172270365f058ee2cfe02433b97fcbbe2d422b88cf0896b95333ed1b1a9f9486,0.98834777846097,0.0116522215390304,0.61837095615796,0.662628269454894,0.674559414246015,0.880921364989895,2406.66666666667,-2,0.194,0.0119311447911207,0.0312637231983295,127,1563f3c8fb8ae1426513cf919a5150806932c5e8,2026-07-21 08:07:47,2026-06-06 14:01:41,royal,glory,19,21,Final,2026-05-16 18:00:00
2026-05-16-BOS-MTL,zsinger,10.6,34.25,itran,20.66,106.25,0,0,0,"itran,ograff,jcarreiro,mraymond,zsinger,tchan,ghaflin",False,2026-05-16-BOS-MTL,1,4,1,5,260,2,6,False,False,96,away,74,,19,False,"maugersem,jbrissett,jduquette,eforget,kquinlan,sruelle,ctremblay",75,130,44ee537f27050b8d78467f760156cac683ec7137ae3f9e2911cb71eef3d495c4,1778970174.28571,True,96,243.333333333333,72.6994057747379,10.06,72.0,-7.95400025213179,41dad41449ad4854e88d26e1466e0c4386cb7750d7ef0848c01a6766bd81fac1,0.609800540513734,0.390199459486266,0.61837095615796,0.674381217204247,1.0,0.606395216753381,2403.33333333333,-2,0.153,0.325618782795753,0.85323375683778,130,b615da31ff8c363e4a133388cb3d4c899e1a3317,2026-07-21 08:07:47,2026-06-06 14:01:41,royal,glory,19,21,Final,2026-05-16 18:00:00
2026-05-16-BOS-MTL,cguay,5.46,14.56,ycohonner,2.47,23.81,0,0,0,"tlalondel,cguay,rlalondel,adub,ycohonner,jbernat,wstpierre",True,2026-05-16-BOS-MTL,1,4,1,6,240,1,1,True,True,97,home,53,1778970171.0,18,False,"sfisherol,tallen1,ldecraene,kdelorenz,tedmonds,bmccann,iengler",54,128,f11ff432debafca7a6466357b18a45b58f12f13665a712f90fcf14287c4464c7,1778970171.0,False,97,240.0,9.72124477626194,-2.99,9.25,17.9130758688589,8114a280767224a56755737c29df15c62e42b778cd1d76ea528a2a46a40275c9,0.988516628710456,0.0114833712895444,0.624077128107802,0.624077128107802,0.64719920414037,0.91980600565059,2400.0,-3,0.159,0.0231220760325679,0.0615074999724905,128,8c5a7e0d60d73c83c035e8d10beb586c331fd755,2026-07-21 08:07:47,2026-06-06 14:01:41,royal,glory,19,21,Final,2026-05-16 18:00:00
2026-05-16-BOS-MTL,ycohonner,2.47,23.81,adub,16.9,33.64,0,0,0,"tlalondel,cguay,rlalondel,adub,ycohonner,jbernat,wstpierre",True,2026-05-16-BOS-MTL,1,4,1,6,240,1,2,True,True,98,home,54,1778970174.0,18,False,"sfisherol,tallen1,ldecraene,kdelorenz,tedmonds,bmccann,iengler",55,129,25fc58e2518c338fa08a9477550424aa33ceead0d431845687f569f57d76d8e7,1778970174.0,False,98,228.785714285714,17.4600630010318,14.43,9.83,-55.7365387322862,ee1abdf9c1c3faac905cc2ce2908c83ad0296e2c7836d895a6f01b5e00ed0ae9,0.979075090924871,0.0209249090751293,0.624077128107802,0.646417556183356,0.658517755270554,0.877544828137807,2388.78571428571,-3,0.16,0.0121001990871973,0.0321879832059466,129,37ec5a4250f78ba4b987768ce467b9b08fb17093,2026-07-21 08:07:47,2026-06-06 14:01:41,royal,glory,19,21,Final,2026-05-16 18:00:00
2026-05-16-BOS-MTL,adub,16.9,33.64,cguay,10.34,35.53,0,0,0,"tlalondel,cguay,rlalondel,adub,ycohonner,jbernat,wstpierre",True,2026-05-16-BOS-MTL,1,4,1,6,240,1,3,True,True,99,home,55,1778970175.0,18,False,"sfisherol,tallen1,ldecraene,kdelorenz,tedmonds,bmccann,iengler",56,131,7eb7f2ead990a2b331b3ee2175a51e91f254d27c4e342c4f369f930b860dfe9a,1778970175.0,False,99,217.571428571429,6.82683674918333,-6.56,1.89,73.9277927217078,8ec6a915a07cd5a1ee3b856a94b1c5d7bfbbcd337106db78e7822ce0aba8af83,0.98859879541603,0.0114012045839702,0.624077128107802,0.657562220776987,0.676830093924607,0.874900691465093,2377.57142857143,-3,0.161,0.0192678731476197,0.0512548572813231,131,777e16dd77f19cbb25982f481c547ee4d8a4a62e,2026-07-21 08:07:47,2026-06-06 14:01:41,royal,glory,19,21,Final,2026-05-16 18:00:00
2026-05-16-BOS-MTL,cguay,10.34,35.53,jbernat,9.54,41.35,0,0,0,"tlalondel,cguay,rlalondel,adub,ycohonner,jbernat,wstpierre",True,2026-05-16-BOS-MTL,1,4,1,6,240,1,4,True,True,100,home,56,1778970182.0,18,False,"sfisherol,tallen1,ldecraene,kdelorenz,tedmonds,bmccann,iengler",57,133,52401664cc104516b55571362d57802e7580a35095436c24df46b7550569c711,1778970182.0,False,100,206.357142857143,5.8747255255033,-0.800000000000001,5.82,7.82666100502256,a06a2868d14f3f7e73b2dfd31c0dae403c55b347e6df48687133bbbc3bb746fb,0.989015480171319,0.0109845198286805,0.624077128107802,0.675697750049903,0.695947675927308,0.850358528902614,2366.35714285714,-3,0.163,0.0202499258774053,0.053867235519557,133,9cc0b52ca9ed4ba562b15e8819de3bc135c35261,2026-07-21 08:07:47,2026-06-06 14:01:41,royal,glory,19,21,Final,2026-05-16 18:00:00
2026-05-16-BOS-MTL,jbernat,9.54,41.35,rlalondel,-4.74,42.08,0,0,0,"tlalondel,cguay,rlalondel,adub,ycohonner,jbernat,wstpierre",True,2026-05-16-BOS-MTL,1,4,1,6,240,1,5,True,True,101,home,57,1778970185.0,18,False,"sfisherol,tallen1,ldecraene,kdelorenz,tedmonds,bmccann,iengler",58,134,2c71b817f8bc2c7ea4b356bd184331f961e3e9be8b2fdda317e2426675c0bcd1,1778970185.0,False,101,195.142857142857,14.2986467891196,-14.28,0.729999999999997,87.0735615192143,59c38bffb8d2275e82be3aa17d891f78069781cae15365a0d73c6294fdf7fe3e,0.980930733498846,0.0190692665011539,0.624077128107802,0.694634373115206,0.698990162758132,0.847380751976784,2355.14285714286,-3,0.163,0.00435578964292649,0.0115869237245442,134,458956142b224ecb20d3fa46c92867e617fd1209,2026-07-21 08:07:47,2026-06-06 14:01:41,royal,glory,19,21,Final,2026-05-16 18:00:00
2026-05-16-BOS-MTL,rlalondel,-4.74,42.08,jbernat,3.71,45.58,0,0,0,"tlalondel,cguay,rlalondel,adub,ycohonner,jbernat,wstpierre",True,2026-05-16-BOS-MTL,1,4,1,6,240,1,6,True,True,102,home,58,1778970188.0,18,False,"sfisherol,tallen1,ldecraene,kdelorenz,tedmonds,bmccann,iengler",59,136,b1ca36612db0d0c21845e09e53898fb7912dc2aff65923ed99ac952c46d464c4,1778970188.0,False,102,183.928571428571,9.14617406350874,8.45,3.5,-67.5006053948512,044c14054ea3631aaa98f082c5d101345052027ef69add78235f0c37eda9357a,0.986959340851392,0.0130406591486084,0.624077128107802,0.697446386278202,0.710362554031975,0.831312964619641,2343.92857142857,-3,0.164,0.0129161677537729,0.0343585578838545,136,8c29b67d8117447445f37ac26a8ed1599e10c03e,2026-07-21 08:07:47,2026-06-06 14:01:41,royal,glory,19,21,Final,2026-05-16 18:00:00
2026-05-16-BOS-MTL,jbernat,3.71,45.58,wstpierre,-3.5,55.26,0,0,0,"tlalondel,cguay,rlalondel,adub,ycohonner,jbernat,wstpierre",True,2026-05-16-BOS-MTL,1,4,1,6,240,1,7,True,True,103,home,59,1778970194.0,18,False,"sfisherol,tallen1,ldecraene,kdelorenz,tedmonds,bmccann,iengler",60,137,891002ea4229a79b026b818783664b321f1a051397a498315422866059fe774d,1778970194.0,False,103,172.714285714286,12.0700662798512,-7.21,9.68,36.6800200327135,196ae019f10f6848f44b86f352d45ccd9f7552d6e6700145230c1c3b53361e66,0.979605678218077,0.0203943217819227,0.624077128107802,0.708582729023131,0.74678034123856,0.787404899670262,2332.71428571429,-3,0.168,0.0381976122154296,0.101610237289269,137,eac0910621d8bf320290e8d59e0b445967f8cdc0,2026-07-21 08:07:47,2026-06-06 14:01:41,royal,glory,19,21,Final,2026-05-16 18:00:00
2026-05-16-BOS-MTL,wstpierre,-3.5,55.26,rlalondel,-8.6,52.79,0,0,0,"tlalondel,cguay,rlalondel,adub,ycohonner,jbernat,wstpierre",True,2026-05-16-BOS-MTL,1,4,1,6,240,1,8,True,True,104,home,60,1778970198.0,18,False,"sfisherol,tallen1,ldecraene,kdelorenz,tedmonds,bmccann,iengler",61,138,ef414f6ba29792a91bf7e5b4ff9303f93acb182c4770b5a7e8c2d8c71904689f,1778970198.0,False,104,161.5,5.66664803918507,-5.1,-2.47,115.841543879872,b3b243ae307996be57b797f49f0dcfe736d69bdb614f8637b4862c3d0659fe5c,0.990175818365883,0.00982418163411702,0.624077128107802,0.744688524643491,0.733404397712852,0.795417645029634,2321.5,-3,0.167,-0.0112841269306383,-0.0300171332322504,138,c8862b9c25823dff25144a8d90e2f752e1f02da1,2026-07-21 08:07:47,2026-06-06 14:01:41,royal,glory,19,21,Final,2026-05-16 18:00:00
2026-05-16-BOS-MTL,rlalondel,-8.6,62.79,ycohonner,-2.56,57.01,0,0,0,"tlalondel,cguay,rlalondel,adub,ycohonner,jbernat,wstpierre",True,2026-05-16-BOS-MTL,1,4,1,6,240,1,9,True,True,105,home,62,1778970219.0,18,False,"sfisherol,tallen1,ldecraene,kdelorenz,tedmonds,bmccann,iengler",63,141,81c564e5efd927dcd478a3f135a97256bb53cb3c8af4631dc54d35f469040242,1778970219.0,False,105,150.285714285714,8.36002392341075,6.04,-5.78,-133.739889954058,dea48e4d7f41098636d2950f6721e4f96e5d068a271b29fa3379c4c2b7ec7487,0.987630233521035,0.0123697664789649,0.624077128107802,0.773318155813648,0.749297191738258,0.775313129370845,2310.28571428571,-3,0.169,-0.0240209640753895,-0.0638986501525714,141,f9afb45e2debadc129158407142bf649babc8033,2026-07-21 08:07:47,2026-06-06 14:01:41,royal,glory,19,21,Final,2026-05-16 18:00:00
2026-05-16-BOS-MTL,ycohonner,-2.56,57.01,tlalondel,6.99,65.31,0,0,0,"tlalondel,cguay,rlalondel,adub,ycohonner,jbernat,wstpierre",True,2026-05-16-BOS-MTL,1,4,1,6,240,1,10,True,True,106,home,63,1778970226.0,18,False,"sfisherol,tallen1,ldecraene,kdelorenz,tedmonds,bmccann,iengler",64,142,883032bc2a4842dd16aaa0abbdf52ec95c1865e9ca138396ee64e1ed16a7c58f,1778970226.0,False,106,139.071428571429,12.6527664959091,9.55,8.3,-49.0057700356083,352d2d306bdff9f8675e44ca4b5e952308d1755d98383bb4c80212f44628d745,0.976312252137001,0.0236877478629989,0.624077128107802,0.745363012092189,0.781427013159256,0.734802510055602,2299.07142857143,-3,0.173,0.0360640010670666,0.0959345753173768,142,a364f8766e2200356186d45e47505908b90bf664,2026-07-21 08:07:47,2026-06-06 14:01:41,royal,glory,19,21,Final,2026-05-16 18:00:00
2026-05-16-BOS-MTL,tlalondel,6.99,65.31,rlalondel,13.26,75.0,0,0,0,"tlalondel,cguay,rlalondel,adub,ycohonner,jbernat,wstpierre",True,2026-05-16-BOS-MTL,1,4,1,6,240,1,11,True,True,107,home,64,1778970230.0,18,False,"sfisherol,tallen1,ldecraene,kdelorenz,tedmonds,bmccann,iengler",65,143,b11fd74fa80d8a4ae0a788ca9d1645a08e27499ec14fcbec7a86654d9800315e,1778970230.0,False,107,127.857142857143,11.5416203368505,6.27,9.69,-32.9052429229879,afa42b123f44f67a36ee70cd85f19869e8900b7668f20182d3bfac0ff864336d,0.975252919724014,0.0247470802759862,0.624077128107802,0.776563551545799,0.817488290789544,0.685116820073774,2287.85714285714,-3,0.177,0.0409247392437452,0.108864722802716,143,2a7d9e9b1ce04bd68ae5a1819add9be271890c0e,2026-07-21 08:07:47,2026-06-06 14:01:41,royal,glory,19,21,Final,2026-05-16 18:00:00
2026-05-16-BOS-MTL,rlalondel,13.26,75.0,cguay,4.95,80.09,0,0,0,"tlalondel,cguay,rlalondel,adub,ycohonner,jbernat,wstpierre",True,2026-05-16-BOS-MTL,1,4,1,6,240,1,12,True,True,108,home,65,1778970232.0,18,False,"sfisherol,tallen1,ldecraene,kdelorenz,tedmonds,bmccann,iengler",66,144,908cfd46e9d31756b7c5028a35633950ead3b3b6715c636210b9770ea4588cf1,1778970232.0,False,108,116.642857142857,9.74495767050838,-8.31,5.09,58.511903911297,710257d752b5f34c9060026b7c340d2c596528e7fd9133a5dfcbcf3b1b933cc8,0.976219772654757,0.0237802273452428,0.624077128107802,0.811850740885049,0.840063079795596,0.663310653060427,2276.64285714286,-3,0.181,0.0282123389105465,0.0750482107367942,144,0fb5a3fef40a17be5aab00487f323eb004737f89,2026-07-21 08:07:47,2026-06-06 14:01:41,royal,glory,19,21,Final,2026-05-16 18:00:00
2026-05-16-BOS-MTL,cguay,4.95,80.09,rlalondel,15.59,78.93,0,0,0,"tlalondel,cguay,rlalondel,adub,ycohonner,jbernat,wstpierre",True,2026-05-16-BOS-MTL,1,4,1,6,240,1,13,True,True,109,home,66,1778970236.0,18,False,"sfisherol,tallen1,ldecraene,kdelorenz,tedmonds,bmccann,iengler",67,145,0ad70f3fcecbf744c92ffa7d759814f8deb97aee2c36a4f4cff74f88316693da,1778970236.0,False,109,105.428571428571,10.7030462953311,10.64,-1.16,-96.2219587740025,5437810ce8b1b4885b1dc5e61a1073ba30f65cd1f7975c8ac179aa9eb80dec64,0.980408726150417,0.0195912738495835,0.624077128107802,0.83349319572457,0.820277542184793,0.646608573463032,2265.42857142857,-3,0.178,-0.0132156535397775,-0.0351552260527721,145,c77bec865e68acc49251297ac03d2e52b0bcdf4b,2026-07-21 08:07:47,2026-06-06 14:01:41,royal,glory,19,21,Final,2026-05-16 18:00:00
2026-05-16-BOS-MTL,rlalondel,15.59,78.93,,22.07,105.21,1,0,0,"tlalondel,cguay,rlalondel,adub,ycohonner,jbernat,wstpierre",True,2026-05-16-BOS-MTL,1,4,1,6,240,1,14,True,True,110,home,67,1778970243.0,22,False,"sfisherol,tallen1,ldecraene,kdelorenz,tedmonds,bmccann,iengler",68,147,87d6ff224b912d3b82c40133234c1efeb4095c83ed97662a2109c00ea13bcd68,1778970243.0,False,110,94.2142857142857,27.0671165808255,6.48,26.28,-13.851419013805,135f5f69dc4f16ce21649c57de82c5d45ba86696408ad6bfe00d762704de93ba,0.885175718826366,-0.885175718826366,0.624077128107802,0.811177313234165,0.918507913444019,0.533490867829713,2254.21428571429,-3,0.119,-0.533490867829713,-0.533490867829713,147,ce12419a15eade72e16801b46d0bb2414e673f5e,2026-07-21 08:07:47,2026-06-06 14:01:41,royal,glory,19,21,Final,2026-05-16 18:00:00
2026-05-16-BOS-MTL,bmccann,-19.71,18.25,iengler,-13.0,15.87,0,0,0,"sfisherol,tallen1,ldecraene,kdelorenz,tedmonds,bmccann,iengler",False,2026-05-16-BOS-MTL,1,4,1,6,83,2,1,False,False,111,away,79,,18,False,"tlalondel,cguay,rlalondel,adub,ycohonner,jbernat,wstpierre",80,148,32ccb6cd9b7072c3062659d7b700d4721b2f3bf7bb0d40c530a65003bebc4de7,1778970245.0,True,111,83.0,7.11958566210141,6.71,-2.38,-109.529315284958,dde390f419ef6aa853563afd4bd5c8bd27f82772fcb77ad2eadacdc4bb3ce4ed,0.991284435652084,0.00871556434791643,0.526126343438681,0.526126343438681,0.54153079548608,0.905049263400322,2243.0,-3,0.119,0.0154044520473988,0.0325075087718143,148,2c45362326b40c74903e1c5b786215e6f83d6dc7,2026-07-21 08:07:47,2026-06-06 14:01:41,royal,glory,19,21,Final,2026-05-16 18:00:00
2026-05-16-BOS-MTL,iengler,-13.0,15.87,ldecraene,-2.68,23.16,0,0,0,"sfisherol,tallen1,ldecraene,kdelorenz,tedmonds,bmccann,iengler",False,2026-05-16-BOS-MTL,1,4,1,6,83,2,2,False,False,112,away,80,,18,False,"tlalondel,cguay,rlalondel,adub,ycohonner,jbernat,wstpierre",81,149,e2ed2562d4265b2941a440bf98dd1d80a4f7bacf39b8d3bfd2a5612c3d2f6f9d,1778970250.0,True,112,81.6086956521739,12.6351295996519,10.32,7.29,-54.7627941459303,12c0454976c2fecf580da2dbca9285b2a5c142816d836cd56bae5b77a77fb565,0.984394901640077,0.0156050983599231,0.526126343438681,0.538964775675269,0.564096474359821,0.893557681505084,2241.60869565217,-3,0.117,0.0251316986845522,0.053034597590677,149,4c074ac32e459862936a0370ad73268fa468632c,2026-07-21 08:07:47,2026-06-06 14:01:41,royal,glory,19,21,Final,2026-05-16 18:00:00
2026-05-16-BOS-MTL,ldecraene,-2.68,23.16,kdelorenz,1.19,10.9,0,0,0,"sfisherol,tallen1,ldecraene,kdelorenz,tedmonds,bmccann,iengler",False,2026-05-16-BOS-MTL,1,4,1,6,83,2,3,False,False,113,away,81,1778970255.0,18,False,"tlalondel,cguay,rlalondel,adub,ycohonner,jbernat,wstpierre",82,150,dde034a1a35afafce8625d83d40d5bea67485217c5c9670f0c509b3757a55f24,1778970255.0,False,113,80.2173913043478,12.8563019566281,3.87,-12.26,-162.481141781561,13a1fbfb1a1c059162db70fbcbebdbd312a7fd824ddba90f61bf1e9f9cf7dca2,0.992003248202509,0.00799675179749137,0.526126343438681,0.561493852049401,0.530765572524125,0.905732197729275,2240.21739130435,-3,0.119,-0.0307282795252765,-0.0648448781649043,150,a4dcf8657eedbc3b0caa83d4ab3d0a6769cdfcf2,2026-07-21 08:07:47,2026-06-06 14:01:41,royal,glory,19,21,Final,2026-05-16 18:00:00
2026-05-16-BOS-MTL,kdelorenz,1.19,10.9,bmccann,18.47,24.45,0,0,0,"sfisherol,tallen1,ldecraene,kdelorenz,tedmonds,bmccann,iengler",False,2026-05-16-BOS-MTL,1,4,1,6,83,2,4,False,False,114,away,82,1778970262.0,18,False,"tlalondel,cguay,rlalondel,adub,ycohonner,jbernat,wstpierre",83,151,a9be238ef5de4f461f986f777c7cc3f8f4f9d8e39d44e6c5c04165d8a208547d,1778970262.0,False,114,78.8260869565217,21.9590732955651,17.28,13.55,-51.8984615456311,c122c4619c4897f84909b385cac72fe172d5b891108351b3cadf0c5868deb8f7,0.975060921664545,0.0249390783354549,0.526126343438681,0.528068233696115,0.538070852695329,0.876853575239048,2238.82608695652,-3,0.119,0.0100026189992142,0.0211081980623243,151,1ebea9d719889d364e8025fb828b5c1da7737c46,2026-07-21 08:07:47,2026-06-06 14:01:41,royal,glory,19,21,Final,2026-05-16 18:00:00
2026-05-16-BOS-MTL,bmccann,18.47,24.45,sfisherol,-17.9,90.64,0,0,0,"sfisherol,tallen1,ldecraene,kdelorenz,tedmonds,bmccann,iengler",False,2026-05-16-BOS-MTL,1,4,1,6,83,2,5,False,False,115,away,83,1778970268.0,18,False,"tlalondel,cguay,rlalondel,adub,ycohonner,jbernat,wstpierre",84,152,8d97b1af00a38f0b437aff86d908770d4f044878fe30b97c09670427135e1911,1778970268.0,False,115,77.4347826086957,75.5241219743732,-36.37,66.19,28.7878604093964,b7dd731ca43b905dbbbbf844bec08b08758672c8e9617fe4c497bd4bf73a53d8,0.589307335131792,0.410692664868208,0.526126343438681,0.53531588589503,0.852372279027804,0.552858842950517,2237.4347826087,-3,0.094,0.317056393132774,0.669073683972021,152,72a60ff08df48491b04e20670282dc742c2b25b2,2026-07-21 08:07:47,2026-06-06 14:01:41,royal,glory,19,21,Final,2026-05-16 18:00:00
2026-05-16-BOS-MTL,sfisherol,-17.9,90.64,tedmonds,-7.32,106.0,0,0,0,"sfisherol,tallen1,ldecraene,kdelorenz,tedmonds,bmccann,iengler",False,2026-05-16-BOS-MTL,1,5,1,6,83,2,6,False,False,116,away,84,1778970276.0,19,False,"tlalondel,cguay,rlalondel,adub,ycohonner,jbernat,wstpierre",85,153,833daa17b65bfb397332640c9287a22dba5a186afea682d93a503b1c4db6e481,1778970276.0,False,116,76.0434782608696,18.6511661833785,10.58,15.36,-34.5591515972454,173efddc2b337469bdf506265ad43bb9927c0d52789c0508cb61839c2c0a478f,0.919245631667486,0.0807543683325136,0.526126343438681,0.850940188627327,1.0,0.543599169424832,2236.04347826087,-3,0.086,0.149059811372673,0.314556019961799,153,e8f89e97dd42da98bfcca0feda656a51b6b1487e,2026-07-21 08:07:47,2026-06-06 14:01:41,royal,glory,19,21,Final,2026-05-16 18:00:00
2026-05-16-BOS-MTL,eforget,8.74,17.91,jbrissett,2.18,27.45,0,0,0,"maugersem,jbrissett,jduquette,eforget,kquinlan,sruelle,ctremblay",True,2026-05-16-BOS-MTL,1,5,1,7,83,1,1,True,True,117,home,70,1778970391.0,18,False,"zsinger,mraymond,ograff,ghaflin,itran,jcarreiro,tchan",71,158,5c6ae4fa4bf7a1151d4d4415b58c6effb8a843e9711b72ad657da1d19dd2b0ad,1778970391.0,False,117,74.6521739130435,11.577789080822,-6.56,9.54,34.5136204769355,7b89b6525adafc4b63cd8666c54d7a76519e502cfae087c2751d773675d71aab,0.985237570691606,0.0147624293083942,0.534496172063275,0.534496172063275,0.563139263412083,0.868287037414381,2234.65217391304,-4,0.086,0.0286430913488074,0.0615313766070702,158,2b738949e7bab215f6ef34ea73bc358d9558022e,2026-07-21 08:07:47,2026-06-06 14:01:41,royal,glory,19,21,Final,2026-05-16 18:00:00
2026-05-16-BOS-MTL,jbrissett,2.18,27.45,maugersem,-5.62,38.95,0,0,0,"maugersem,jbrissett,jduquette,eforget,kquinlan,sruelle,ctremblay",True,2026-05-16-BOS-MTL,1,5,1,7,83,1,2,True,True,118,home,71,1778970393.0,18,False,"zsinger,mraymond,ograff,ghaflin,itran,jcarreiro,tchan",72,159,81cab26d4b855f233d776ff1f8926197602e83cc660402fe860fb7db0b7d24e0,1778970393.0,False,118,73.2608695652174,13.8956827827926,-7.8,11.5,34.1475091397466,795ad299f1facc22dd795b8f506ee4321247551680272dbce5bc2408e822589f,0.979237401985877,0.0207625980141225,0.534496172063275,0.56022015786617,0.59899684625942,0.806959946694,2233.26086956522,-4,0.088,0.0387766883932497,0.0833004715882176,159,4441ddc60b341322b115f6c5048010e65c90927c,2026-07-21 08:07:47,2026-06-06 14:01:41,royal,glory,19,21,Final,2026-05-16 18:00:00
2026-05-16-BOS-MTL,maugersem,-5.62,38.95,ctremblay,-14.43,57.3,0,0,0,"maugersem,jbrissett,jduquette,eforget,kquinlan,sruelle,ctremblay",True,2026-05-16-BOS-MTL,1,5,1,7,83,1,3,True,True,119,home,72,1778970396.0,18,False,"zsinger,mraymond,ograff,ghaflin,itran,jcarreiro,tchan",73,160,301e9d293266ac0f846225d38a344682f4e026fe695666ec05206e04278d20c0,1778970396.0,False,119,71.8695652173913,20.3553088898204,-8.81,18.35,25.6460810080496,f5c0ab139332b53786cf3cd052a5e1a33d1d94552fb3ee4089ee56a066fa96ff,0.953728756126341,0.0462712438736587,0.534496172063275,0.596081587668647,0.669729000765275,0.696435980757071,2231.86956521739,-4,0.091,0.0736474130966285,0.158210112735398,160,ec572a91f3676e414b58d8c99b3b1a812cde2d25,2026-07-21 08:07:47,2026-06-06 14:01:41,royal,glory,19,21,Final,2026-05-16 18:00:00
2026-05-16-BOS-MTL,ctremblay,-14.43,57.3,maugersem,-5.47,49.29,0,0,0,"maugersem,jbrissett,jduquette,eforget,kquinlan,sruelle,ctremblay",True,2026-05-16-BOS-MTL,1,5,1,7,83,1,4,True,True,120,home,73,1778970399.0,18,False,"zsinger,mraymond,ograff,ghaflin,itran,jcarreiro,tchan",74,161,8dd273df974e92b78ff519cb3fc7f1b1fe304b319f84ae3bd3024ae3cb738eb6,1778970399.0,False,120,70.4782608695652,12.0183900752139,8.96,-8.01,-131.795861107936,2c21d2ad0f2f7381c5b79b9289217e442de34ae9d4a1dd1b44aa1ab0a1f7df2a,0.983785459116617,0.0162145408833831,0.534496172063275,0.666982444771737,0.636142927237938,0.745570061145258,2230.47826086957,-4,0.09,-0.0308395175337991,-0.0662497614047356,161,bd216bcd8fb0c0d1aec0ccb5fe073e67e0745930,2026-07-21 08:07:47,2026-06-06 14:01:41,royal,glory,19,21,Final,2026-05-16 18:00:00
2026-05-16-BOS-MTL,maugersem,-5.47,49.29,sruelle,-5.03,57.66,0,0,0,"maugersem,jbrissett,jduquette,eforget,kquinlan,sruelle,ctremblay",True,2026-05-16-BOS-MTL,1,5,1,7,83,1,5,True,True,121,home,74,1778970403.0,18,False,"zsinger,mraymond,ograff,ghaflin,itran,jcarreiro,tchan",75,162,669fd510c4d7c6d2aba81abff3f17428daaf9a8fe1f5534103521bc6ce1aadae,1778970403.0,False,121,69.0869565217391,8.38155713456634,0.44,8.37,-3.00919461652811,f6c117cc8bf9c91a5df00dacf5e642b8898b88c3ef466b8734d224c856babcfe,0.984407051296534,0.0155929487034655,0.534496172063275,0.633206858257065,0.67340015648555,0.697628481357393,2229.08695652174,-4,0.092,0.0401932982284848,0.086343647068673,162,b408cd6baaab8606adc37717025086563f60fdbb,2026-07-21 08:07:47,2026-06-06 14:01:41,royal,glory,19,21,Final,2026-05-16 18:00:00
2026-05-16-BOS-MTL,sruelle,-5.03,57.66,maugersem,-0.73,51.84,0,0,0,"maugersem,jbrissett,jduquette,eforget,kquinlan,sruelle,ctremblay",True,2026-05-16-BOS-MTL,1,5,1,7,83,1,6,True,True,122,home,75,1778970405.0,18,False,"zsinger,mraymond,ograff,ghaflin,itran,jcarreiro,tchan",76,163,d216692d44992d8081b4b1115b87916a2d066852f098826269b7350fcc4f3985,1778970405.0,False,122,67.695652173913,7.23618684114776,4.3,-5.81999999999999,-143.541839397888,4156c332af08ea87b469c8093c9da6d8ed23997bbccde64ad34662895afe3666,0.989970494492621,0.0100295055073791,0.534496172063275,0.670548285300191,0.64255944858208,0.72694642276573,2227.69565217391,-4,0.09,-0.0279888367181107,-0.0601259002362386,163,c47c8ac532fee71043b373e50ffec0deeceec2c1,2026-07-21 08:07:47,2026-06-06 14:01:41,royal,glory,19,21,Final,2026-05-16 18:00:00
2026-05-16-BOS-MTL,maugersem,-0.73,51.84,jbrissett,8.16,53.66,0,0,0,"maugersem,jbrissett,jduquette,eforget,kquinlan,sruelle,ctremblay",True,2026-05-16-BOS-MTL,1,5,1,7,83,1,7,True,True,123,home,76,1778970408.0,18,False,"zsinger,mraymond,ograff,ghaflin,itran,jcarreiro,tchan",77,164,7185547e32be7dc70a6cd422bff64eb845f799930ce27a1b7a3bbfb19df0c7dc,1778970408.0,False,123,66.304347826087,9.07438703164021,8.89,1.81999999999999,-78.430027952098,57ebc13c9bf841ddd3e55244be5586d81e6091ab6cd9cee9d1dab7cc137dd51d,0.986064220586606,0.0139357794133941,0.534496172063275,0.639518254317991,0.646749368030859,0.713019193284973,2226.30434782609,-4,0.09,0.00723111371286844,0.0155339511275756,164,9666957d14188fad3d004760e685a74a95d67e4c,2026-07-21 08:07:47,2026-06-06 14:01:41,royal,glory,19,21,Final,2026-05-16 18:00:00
2026-05-16-BOS-MTL,jbrissett,8.16,53.66,ctremblay,15.15,63.93,0,0,0,"maugersem,jbrissett,jduquette,eforget,kquinlan,sruelle,ctremblay",True,2026-05-16-BOS-MTL,1,5,1,7,83,1,8,True,True,124,home,77,1778970411.0,18,False,"zsinger,mraymond,ograff,ghaflin,itran,jcarreiro,tchan",78,165,a01859c0a20d95d6067d04073ce2c4cdb22118fd5f18051da9c751c540268854,1778970411.0,False,124,64.9130434782609,12.4230833531777,6.99,10.27,-34.2401105784876,d338a47e94a39770cdd5c3ba8b0e8eaf1c52a1af2535bd3eaea2feea57683ccd,0.977227965009549,0.0227720349904512,0.534496172063275,0.643659491724188,0.68767440597968,0.647457458476916,2224.91304347826,-4,0.092,0.0440149142554922,0.0945532810129224,165,3ab0ef11239158cb23548ab5174a03134eda1948,2026-07-21 08:07:47,2026-06-06 14:01:41,royal,glory,19,21,Final,2026-05-16 18:00:00
2026-05-16-BOS-MTL,ctremblay,15.15,63.93,,11.51,54.1,1,0,0,"maugersem,jbrissett,jduquette,eforget,kquinlan,sruelle,ctremblay",True,2026-05-16-BOS-MTL,1,5,1,7,83,1,9,True,True,125,home,78,1778970419.0,22,False,"zsinger,mraymond,ograff,ghaflin,itran,jcarreiro,tchan",79,166,3e77c4b9f488f8775b1aea73a10303e630c12c56cf5075d80d6104c11b2b39bf,1778970419.0,False,125,63.5217391304348,10.4822945961273,-3.64,-9.83,159.680659981538,5dad0e9d4c23beb9c1422e03987ce7b5950c2f26aeaccbce0c553b4363c229eb,0.984721951188289,-0.984721951188289,0.534496172063275,0.68470656100265,0.639749492381687,0.702762874285165,2223.52173913043,-4,0.06,-0.702762874285165,-0.702762874285165,166,bf004d6222a0f01acb0d6a507a8e7a40d7c74207,2026-07-21 08:07:47,2026-06-06 14:01:41,royal,glory,19,21,Final,2026-05-16 18:00:00
2026-05-16-BOS-MTL,ograff,0.87,52.58,,8.48,112.51,1,0,0,"zsinger,mraymond,ograff,ghaflin,itran,jcarreiro,tchan",False,2026-05-16-BOS-MTL,1,5,1,7,83,2,1,False,False,126,away,88,1778970434.0,22,False,"maugersem,jbrissett,jduquette,eforget,kquinlan,sruelle,ctremblay",89,170,425d10f091813b0facd20481a9584e39b085071d6705ea7973b4268d7107e3f2,1778970434.0,False,126,62.1304347826087,60.4112323992815,7.61,59.93,-7.2367726809203,849ec468a0e7e40cae030fc09c8272e26b7eec31e8ae06c3ab6023136e400e54,0.628151498049591,-0.628151498049591,0.633495397617687,0.633495397617687,0.935999217761571,0.511253387261411,2222.13043478261,-4,0.084,-0.511253387261411,-0.511253387261411,170,9bcfaad618606e02ab174694cfb66423c8a65fe8,2026-07-21 08:07:47,2026-06-06 14:01:41,royal,glory,19,21,Final,2026-05-16 18:00:00
2026-05-16-BOS-MTL,jbrissett,-7.07,11.06,ctremblay,5.31,28.47,0,0,0,"maugersem,jbrissett,jduquette,eforget,kquinlan,sruelle,ctremblay",True,2026-05-16-BOS-MTL,1,5,1,7,83,3,1,True,True,127,home,80,1778970434.0,18,False,"zsinger,mraymond,ograff,ghaflin,itran,jcarreiro,tchan",81,169,327b4066b3fae030d929a960756a9269faaa9eff4c88248955c1bba293ad3182,1778970434.0,False,127,60.7391304347826,21.3628766789494,12.38,17.41,-35.4160838404927,39c00690b6acdc445af5fdec9aad501ac9986b831b54b80cc9a23519d440cbdd,0.963354536994096,0.0366454630059043,0.486196072109072,0.486196072109072,0.533411003628087,0.846906278062731,2220.73913043478,-4,0.085,0.0472149315190152,0.0918928971851655,169,dfbd56c09883e42eeb19dc358d9fd687c03728b0,2026-07-21 08:07:47,2026-06-06 14:01:41,royal,glory,19,21,Final,2026-05-16 18:00:00
2026-05-16-BOS-MTL,ctremblay,5.31,28.47,jduquette,12.96,35.89,0,0,0,"maugersem,jbrissett,jduquette,eforget,kquinlan,sruelle,ctremblay",True,2026-05-16-BOS-MTL,1,5,1,7,83,3,2,True,True,128,home,81,1778970437.0,18,False,"zsinger,mraymond,ograff,ghaflin,itran,jcarreiro,tchan",82,171,823b0ebfeab637df30398361a335e6b300cc70d9b9dec185561a44e82efc13b1,1778970437.0,False,128,59.3478260869565,10.6573401935004,7.65,7.42,-45.8743866115496,d6ec1c98288db542ec10bd95838076ce334dadfdd1d569704a5ac96fd5e94c4e,0.985598840355191,0.0144011596448093,0.486196072109072,0.529761646592935,0.548526368007467,0.799687350734757,2219.34782608696,-4,0.085,0.0187647214145318,0.0365211715908003,171,81e7546bbcbeeb2dddfd7d4d521bcd8600014da2,2026-07-21 08:07:47,2026-06-06 14:01:41,royal,glory,19,21,Final,2026-05-16 18:00:00
2026-05-16-BOS-MTL,jduquette,12.96,35.89,maugersem,13.11,44.05,0,0,0,"maugersem,jbrissett,jduquette,eforget,kquinlan,sruelle,ctremblay",True,2026-05-16-BOS-MTL,1,5,1,7,83,3,3,True,True,129,home,82,1778970442.0,18,False,"zsinger,mraymond,ograff,ghaflin,itran,jcarreiro,tchan",83,172,3614c29a4b828cf86a3da8d6a7b943ff366ca9039131fcba4ec7983be6ed57ef,1778970442.0,False,129,57.9565217391304,8.16137856002281,0.149999999999999,8.16,-1.0531126323238,78eb6bec764e4629c24f81d6894b8501db2a07e1f3f99a7b5c5ae72e4151d5fd,0.985457634623497,0.0145423653765032,0.486196072109072,0.544820587311438,0.5769561293708,0.748052574595824,2217.95652173913,-4,0.087,0.0321355420593618,0.0625443682209132,172,cc747ca05011df224d707abcdb8a343d75f954e1,2026-07-21 08:07:47,2026-06-06 14:01:41,royal,glory,19,21,Final,2026-05-16 18:00:00
2026-05-16-BOS-MTL,maugersem,13.11,44.05,jbrissett,15.59,52.5,0,0,0,"maugersem,jbrissett,jduquette,eforget,kquinlan,sruelle,ctremblay",True,2026-05-16-BOS-MTL,1,5,1,7,83,3,4,True,True,130,home,83,1778970445.0,18,False,"zsinger,mraymond,ograff,ghaflin,itran,jcarreiro,tchan",84,173,6030d44034a531dbbc1b710b3d4481a978f7b27ca1af54c0348b4b4485575036,1778970445.0,False,130,56.5652173913043,8.80641243640111,2.48,8.45,-16.3564956715264,daffe87fc6975bd51a2a517714753714a93df450c1c2e8936d6878f90f495a66,0.984522595280607,0.0154774047193925,0.486196072109072,0.57322861417887,0.606228335781032,0.69003076880849,2216.5652173913,-4,0.088,0.0329997216021616,0.0642262929705879,173,cb2106cf2e2b183f16b42f3d6d97a0c7bc5e8aef,2026-07-21 08:07:47,2026-06-06 14:01:41,royal,glory,19,21,Final,2026-05-16 18:00:00
2026-05-16-BOS-MTL,jbrissett,15.59,52.5,sruelle,-10.28,93.13,0,0,0,"maugersem,jbrissett,jduquette,eforget,kquinlan,sruelle,ctremblay",True,2026-05-16-BOS-MTL,1,5,1,7,83,3,5,True,True,131,home,84,1778970448.0,18,False,"zsinger,mraymond,ograff,ghaflin,itran,jcarreiro,tchan",85,174,87b9ef3c5afab8d93fa2d4b2006c51ec3482469f3cc55fd66867128ec76a763c,1778970448.0,False,131,55.1739130434783,48.1669367927835,-25.87,40.63,32.4857894764855,f77c80e375978a7713f94578ba4d76b0a30c065f7a6061add657c6a12ebe2812,0.692171006841462,0.307828993158538,0.486196072109072,0.602508299097473,0.846588907051673,0.510640108344247,2215.17391304348,-4,0.105,0.244080607954201,0.475046208689192,174,625cca7bcbc91923c44b14fb7a06cf1310afa030,2026-07-21 08:07:47,2026-06-06 14:01:41,royal,glory,19,21,Final,2026-05-16 18:00:00
2026-05-16-BOS-MTL,sruelle,-10.28,93.13,maugersem,-10.86,88.61,0,0,0,"maugersem,jbrissett,jduquette,eforget,kquinlan,sruelle,ctremblay",True,2026-05-16-BOS-MTL,1,5,1,7,83,3,6,True,True,132,home,85,1778970452.0,18,False,"zsinger,mraymond,ograff,ghaflin,itran,jcarreiro,tchan",86,175,cb3884987b50508d40702b7466d76c10c6e848e170b08850d06902ee3c851069,1778970452.0,False,132,53.7826086956522,4.55706045603961,-0.58,-4.52,172.687845134702,7d77e1dc6b94b8313038c44446ebeca874761c860ef0e0cd4024c3dee132f933,0.982737765034196,0.017262234965804,0.486196072109072,0.844517043985898,0.818327787818927,0.520585059069562,2213.78260869565,-4,0.102,-0.0261892561669709,-0.0509713039261358,175,a1567fe35c6c3a9e0beb38430f314dbff0cdbf0b,2026-07-21 08:07:47,2026-06-06 14:01:41,royal,glory,19,21,Final,2026-05-16 18:00:00
2026-05-16-BOS-MTL,maugersem,-10.86,88.61,ctremblay,-17.27,103.1,0,0,0,"maugersem,jbrissett,jduquette,eforget,kquinlan,sruelle,ctremblay",True,2026-05-16-BOS-MTL,2,5,1,7,83,3,7,True,True,133,home,86,1778970465.0,19,False,"zsinger,mraymond,ograff,ghaflin,itran,jcarreiro,tchan",87,176,1f6568d75b185c04937675a9d6ed39ebebf0b3ea58620900d176ed859f36c3ff,1778970465.0,False,133,52.3913043478261,15.8445006232446,-6.41,14.49,23.8633550749852,b2570388147b71ee7da411ff887e7c4bda2efa1ff47203e6a038e44ed75c179b,0.954692744961319,0.0453072550386807,0.486196072109072,0.815910619147226,1.0,0.466565167783178,2212.39130434783,-4,0.11,0.184089380852774,0.358287219812483,176,ae1d2e65858f7c3ebf774e7c54bab99ba9108a45,2026-07-21 08:07:47,2026-06-06 14:01:41,royal,glory,19,21,Final,2026-05-16 18:00:00
2026-05-16-BOS-MTL,bsadok,-9.97,14.96,rdinger,0.03,24.96,0,0,0,"bsadok,tedmonds,pboerth,rdinger,ndick,tdecraene,jbabbitt",False,2026-05-16-BOS-MTL,2,5,1,8,51,1,1,True,True,134,away,91,1778970528.0,18,False,"mbrichet,jgiard,phooley,ngagnon,arousseau,rsalvas,tlalondel",92,181,cb74c50d3ebf5d57997c5ff10b2e37973e63d3f9f5b6737aed8f008643b9129f,1778970528.0,False,134,51.0,14.142135623731,10.0,10.0,-45.0,fb14f4b118969baed7e0854204607493d14479dc92dd9a9c645716fbffd03097,0.982006362480608,0.017993637519392,0.466637523644216,0.466637523644216,0.496038483200346,0.8523532195271,2211.0,-3,0.121,0.0294009595561306,0.0551237870294394,181,34e1b4d2ef428b59c47f69cde73238be38c01ac3,2026-07-21 08:07:47,2026-06-06 14:01:41,royal,glory,19,21,Final,2026-05-16 18:00:00
2026-05-16-BOS-MTL,rdinger,0.03,24.96,tdecraene,17.5,34.45,0,0,0,"bsadok,tedmonds,pboerth,rdinger,ndick,tdecraene,jbabbitt",False,2026-05-16-BOS-MTL,2,5,1,8,51,1,2,True,True,135,away,92,1778970530.0,18,False,"mbrichet,jgiard,phooley,ngagnon,arousseau,rsalvas,tlalondel",93,182,fde7ecf138a97abf9787c42563a6073e5e73fdc9e5c9726053e98c0e8bbaa971,1778970530.0,False,135,47.0769230769231,19.8811719976464,17.47,9.49,-61.4884410635166,f0b7f9bd1ab003695e608707f08c9f820039c164bf6e07f54c488158e214d2e5,0.975789235597185,0.0242107644028148,0.466637523644216,0.483991280756391,0.494373948568423,0.777139381471396,2207.07692307692,-3,0.121,0.0103826678120313,0.0194664384397104,182,6d4f97f79b8adea4ce9d7c384ed6a31532cbd21c,2026-07-21 08:07:47,2026-06-06 14:01:41,royal,glory,19,21,Final,2026-05-16 18:00:00
2026-05-16-BOS-MTL,tdecraene,17.5,34.45,jbabbitt,19.44,43.03,0,0,0,"bsadok,tedmonds,pboerth,rdinger,ndick,tdecraene,jbabbitt",False,2026-05-16-BOS-MTL,2,5,1,8,51,1,3,True,True,136,away,93,1778970535.0,18,False,"mbrichet,jgiard,phooley,ngagnon,arousseau,rsalvas,tlalondel",94,183,a9e1b37c72bc01d70e0f50002ea62628afcae7b9159a96a6c9e4169444ea500a,1778970535.0,False,136,43.1538461538462,8.7965902484997,1.94,8.58,-12.7407516728166,73da7cb773c3526eebf74cdd233a2608b465d5543df6b622e3e520905f4cf10d,0.987662667459181,0.0123373325408189,0.466637523644216,0.481681859753004,0.506406230084971,0.703354401498271,2203.15384615385,-3,0.12,0.0247243703319678,0.0463556613522906,183,43aceea733e270bc6c026f5930021ff724982b9b,2026-07-21 08:07:47,2026-06-06 14:01:41,royal,glory,19,21,Final,2026-05-16 18:00:00
2026-05-16-BOS-MTL,jbabbitt,19.44,43.03,tdecraene,21.7,52.25,0,0,0,"bsadok,tedmonds,pboerth,rdinger,ndick,tdecraene,jbabbitt",False,2026-05-16-BOS-MTL,2,5,1,8,51,1,4,True,True,137,away,94,1778970538.0,18,False,"mbrichet,jgiard,phooley,ngagnon,arousseau,rsalvas,tlalondel",95,184,cadf4816f7ad522659a4aba53e27afe1e07e4d94c15a9f76a96a4220ea006a14,1778970538.0,False,137,39.2307692307692,9.49294474860146,2.26,9.22,-13.772749149937,24535941275ac5df66cf2cdbf29018d867c08ddf2924116caf7c74ed803d2493,0.983545685198536,0.0164543148014644,0.466637523644216,0.493041579925267,0.523287258605009,0.616504201382684,2199.23076923077,-3,0.119,0.0302456786797425,0.0567075488444502,184,e90caae1637ade4d3e996f92ee91d11ddb37c8bd,2026-07-21 08:07:47,2026-06-06 14:01:41,royal,glory,19,21,Final,2026-05-16 18:00:00
2026-05-16-BOS-MTL,tdecraene,21.7,52.25,pboerth,22.79,65.87,0,0,0,"bsadok,tedmonds,pboerth,rdinger,ndick,tdecraene,jbabbitt",False,2026-05-16-BOS-MTL,2,5,1,8,51,1,5,True,True,138,away,95,1778970540.0,18,False,"mbrichet,jgiard,phooley,ngagnon,arousseau,rsalvas,tlalondel",96,185,9ff0bdb10cca1f739c5aa5cb67314dc06e0f2f20fdbfe145cdaa7445040e1a4f,1778970540.0,False,138,35.3076923076923,13.6635463917681,1.09,13.62,-4.57559325066474,a80b79c4859b2c892cf93f86c543d70ad2b4d36df9dc82761afc3284fd88cdba,0.964881449439773,0.0351185505602269,0.466637523644216,0.509254279291243,0.581463821923604,0.512226683846452,2195.30769230769,-3,0.116,0.0722095426323607,0.135385494543476,185,22c914b148e9b12f05f7380da26fe181e15fdb5e,2026-07-21 08:07:47,2026-06-06 14:01:41,royal,glory,19,21,Final,2026-05-16 18:00:00
2026-05-16-BOS-MTL,pboerth,22.79,65.87,tdecraene,6.93,57.22,0,0,0,"bsadok,tedmonds,pboerth,rdinger,ndick,tdecraene,jbabbitt",False,2026-05-16-BOS-MTL,2,5,1,8,51,1,6,True,True,139,away,96,1778970543.0,18,False,"mbrichet,jgiard,phooley,ngagnon,arousseau,rsalvas,tlalondel",97,186,604a40f32e88ed6c212886819de717baac01fb4fa71f9b52983518cb1dcfaf35,1778970543.0,False,139,31.3846153846154,18.0654947344378,-15.86,-8.65000000000001,118.607928486451,10012068191aba7cb2f90dabba9e7c1990fb861d3c98276cfe20df3edcf7a937,0.965970127659446,0.0340298723405544,0.466637523644216,0.567040175621345,0.562915418550282,0.595471044350379,2191.38461538462,-3,0.117,-0.00412475707106286,-0.00773349692547812,186,3d9da4a8983441bdbd0dfea4d795aeb60479b200,2026-07-21 08:07:47,2026-06-06 14:01:41,royal,glory,19,21,Final,2026-05-16 18:00:00
2026-05-16-BOS-MTL,tdecraene,6.93,57.22,rdinger,15.57,71.93,0,0,0,"bsadok,tedmonds,pboerth,rdinger,ndick,tdecraene,jbabbitt",False,2026-05-16-BOS-MTL,2,5,1,8,51,1,7,True,True,140,away,97,1778970547.0,18,False,"mbrichet,jgiard,phooley,ngagnon,arousseau,rsalvas,tlalondel",98,187,a763dddca2b0d5ff3f6fed09aa660469a276595f32e9ae23fae31930f2b29fee,1778970547.0,False,140,27.4615384615385,17.0597098451293,8.64,14.71,-30.428082234238,cb3b9ba07901e2fb3371cea61753d3c1557ca91611d8164950a2429cf3701522,0.963346371911302,0.0366536280886983,0.466637523644216,0.547636487683459,0.628536645361977,0.489523405417211,2187.46153846154,-3,0.113,0.0809001576785179,0.151679507398553,187,cdba56d8a855cb26129082ea3e787cefdfd528e3,2026-07-21 08:07:47,2026-06-06 14:01:41,royal,glory,19,21,Final,2026-05-16 18:00:00
2026-05-16-BOS-MTL,rdinger,15.57,71.93,tdecraene,1.51,66.32,0,0,0,"bsadok,tedmonds,pboerth,rdinger,ndick,tdecraene,jbabbitt",False,2026-05-16-BOS-MTL,2,5,1,8,51,1,8,True,True,141,away,98,1778970552.0,18,False,"mbrichet,jgiard,phooley,ngagnon,arousseau,rsalvas,tlalondel",99,188,35719fe41473fc77a6dd61a95ca8d63c9aa682dd8afb400754953e4e2ea2bcce,1778970552.0,False,141,23.5384615384615,15.1378895490752,-14.06,-5.61000000000001,111.752210472856,99c00988f5d08685acd9bc68db8259f012bc5ea2543376134804b82e347e56a0,0.972766801724906,0.0272331982750942,0.466637523644216,0.613279489493391,0.58815087453357,0.513110293219644,2183.53846153846,-3,0.116,-0.0251286149598214,-0.0471135786145165,188,46bcb661aa53352581374fb9d17e3b7851536a1b,2026-07-21 08:07:47,2026-06-06 14:01:41,royal,glory,19,21,Final,2026-05-16 18:00:00
2026-05-16-BOS-MTL,tdecraene,1.51,66.32,pboerth,-8.55,59.41,0,0,0,"bsadok,tedmonds,pboerth,rdinger,ndick,tdecraene,jbabbitt",False,2026-05-16-BOS-MTL,2,5,1,8,51,1,9,True,True,142,away,99,1778970557.0,18,False,"mbrichet,jgiard,phooley,ngagnon,arousseau,rsalvas,tlalondel",100,189,63084f07d32f5234d4b62eb4edaca94927f8e484b204f988ef208f80bc833f72,1778970557.0,False,142,19.6153846153846,12.2045770102859,-10.06,-6.91,124.484344494141,b3aee5ed860bcde450fcee25cabde181bf5086c511ccc1e7a2352d4d4b14fb4a,0.983023691532201,0.0169763084677985,0.466637523644216,0.571624101933523,0.526694930390932,0.533558566030223,2179.61538461538,-3,0.119,-0.0449291715425914,-0.0842375936334541,189,ec23885409ab7453cb443ea69a7cb1c2251a7cc7,2026-07-21 08:07:47,2026-06-06 14:01:41,royal,glory,19,21,Final,2026-05-16 18:00:00
2026-05-16-BOS-MTL,pboerth,-8.55,59.41,tedmonds,-17.45,73.67,0,0,0,"bsadok,tedmonds,pboerth,rdinger,ndick,tdecraene,jbabbitt",False,2026-05-16-BOS-MTL,2,5,1,8,51,1,10,True,True,143,away,100,1778970565.0,18,False,"mbrichet,jgiard,phooley,ngagnon,arousseau,rsalvas,tlalondel",101,190,a4e1d1a301bf6b1f480f8c5d7c41d1f35d53473337166dcf0cdf92d2086a7bb2,1778970565.0,False,143,15.6923076923077,16.8094497232955,-8.9,14.26,31.9692526923069,271912e04ffa047bfc83c8996e00b423f9184d380c82d1bbf442b144a32b173e,0.96658394389569,0.0334160561043098,0.466637523644216,0.508984886581914,0.58895657068566,0.42238083258455,2175.69230769231,-3,0.115,0.0799716841037461,0.14993871456829,190,787bd2d5a5d647c170cd7ae62fe9f0e0a3cebe3c,2026-07-21 08:07:47,2026-06-06 14:01:41,royal,glory,19,21,Final,2026-05-16 18:00:00
2026-05-16-BOS-MTL,tedmonds,-17.45,73.67,,-20.8,107.22,1,0,0,"bsadok,tedmonds,pboerth,rdinger,ndick,tdecraene,jbabbitt",False,2026-05-16-BOS-MTL,2,5,1,8,51,1,11,True,True,144,away,101,1778970584.0,22,False,"mbrichet,jgiard,phooley,ngagnon,arousseau,rsalvas,tlalondel",102,192,09f769afd35253f42045a315ba53469de9b473f2589d231756683c94095d9af9,1778970584.0,False,144,11.7692307692308,33.7168355573295,-3.35,33.55,5.70213869171283,eb6de210eb30eaeecd4fa45dbf143c523b285f91cbc6ce25489d5aadb8e84017,0.838215908957076,-0.838215908957076,0.466637523644216,0.570906802523471,0.828273758729676,0.304086614672392,2171.76923076923,-3,0.139,-0.304086614672392,-0.304086614672392,192,f3720756792914b828176a9e992e2a0e9bc3ab4b,2026-07-21 08:07:47,2026-06-06 14:01:41,royal,glory,19,21,Final,2026-05-16 18:00:00
2026-05-16-BOS-MTL,tlalondel,25.42,19.95,arousseau,19.16,28.68,0,0,0,"mbrichet,jgiard,phooley,ngagnon,arousseau,rsalvas,tlalondel",True,2026-05-16-BOS-MTL,2,5,1,8,51,2,1,False,False,145,home,90,1778970622.0,18,False,"bsadok,tedmonds,pboerth,rdinger,ndick,tdecraene,jbabbitt",91,193,ee4b4822c24a83e60e77a7a821e2aa7b75e1841aa860073996cb0e329900876e,1778970622.0,False,145,7.84615384615385,10.7424624737534,-6.26,8.73,35.6430805787882,29ae58f91a12b937850ac6f3034323190c75eaced01b1cfdc9855b2653ecb25d,0.984537159595597,0.0154628404044029,0.260703017560819,0.260703017560819,0.317020113605924,0.692409713445276,2167.84615384615,-3,0.14,0.0563170960451054,0.0761765533781796,193,955f68b8ba4b5e4227f1336e0e1055d17fc5da80,2026-07-21 08:07:47,2026-06-06 14:01:41,royal,glory,19,21,Final,2026-05-16 18:00:00
2026-05-16-BOS-MTL,arousseau,19.16,28.68,,3.42,96.04,1,0,0,"mbrichet,jgiard,phooley,ngagnon,arousseau,rsalvas,tlalondel",True,2026-05-16-BOS-MTL,2,5,1,8,51,2,2,False,False,146,home,91,1778970632.0,22,False,"bsadok,tedmonds,pboerth,rdinger,ndick,tdecraene,jbabbitt",92,195,b7bd0dbcf9486d5419722faf028174836d2c09fd5dc67e8e4dce97899a80ffad,1778970632.0,False,146,3.92307692307692,69.1745415597386,-15.74,67.36,13.1523055041488,369b66e5abb56d5ab1849b69e615db6db6e075e62b8f93973ea9a11fef121200,0.52679318948232,-0.52679318948232,0.260703017560819,0.299822185709999,0.737119249019397,0.311335914507988,2163.92307692308,-3,0.128,-0.311335914507988,-0.311335914507988,195,d74aea91c6d5c30cd6dc27113df1bdf79751aef7,2026-07-21 08:07:47,2026-06-06 14:01:41,royal,glory,19,21,Final,2026-05-16 18:00:00
2026-05-16-BOS-MTL,bsadok,-0.3,13.8,rdinger,-0.1,28.0,0,0,0,"bsadok,tedmonds,pboerth,rdinger,ndick,tdecraene,jbabbitt",False,2026-05-16-BOS-MTL,2,5,2,1,720,1,1,True,True,147,away,105,1778970812.0,18,False,"jbernat,ycohonner,adub,cguay,rlalondel,wstpierre,tlalondel",106,201,38583294393c9f05e9e013a37f0b05f7d2df89a6d8e061bb32ee83ced4d0058f,1778970812.0,False,147,720.0,14.2014083808614,0.2,14.2,-0.806929455102377,37cad81968c4b094a297c3a1f897ded13ad0dce324b0446d3b55fe444b65b163,0.981199876996399,0.0188001230036013,0.681936231570997,0.681936231570997,0.714714177779363,0.925576494093996,2160.0,-3,0.106,0.0327779462083662,0.103054637031639,201,f3c2f66fb23f62425b39ef3b9fc4005558e7919c,2026-07-21 08:07:47,2026-06-06 14:01:41,royal,glory,19,21,Final,2026-05-16 18:00:00
2026-05-16-BOS-MTL,rdinger,-0.1,28.0,pboerth,8.99,36.58,0,0,0,"bsadok,tedmonds,pboerth,rdinger,ndick,tdecraene,jbabbitt",False,2026-05-16-BOS-MTL,2,5,2,1,720,1,2,True,True,148,away,106,1778970817.0,18,False,"jbernat,ycohonner,adub,cguay,rlalondel,wstpierre,tlalondel",107,202,433f2684d3e61c8e8fdf5e4c07729a124b2cd59a047fb100c4cc21286574ebf9,1778970817.0,False,148,715.615384615385,12.499779998064,9.09,8.58,-46.6532392492256,3f868199637be15c270bd6e44d18df4bc5c1748473084b5e9d87ccecb8025455,0.982599212905756,0.017400787094244,0.681936231570997,0.708969297374167,0.731043729724955,0.895744573049854,2155.61538461538,-3,0.105,0.0220744323507881,0.0694025366668428,202,b6f5121c6617df5577c974a1416d1000791e4b91,2026-07-21 08:07:47,2026-06-06 14:01:41,royal,glory,19,21,Final,2026-05-16 18:00:00
2026-05-16-BOS-MTL,pboerth,8.99,36.58,tedmonds,-3.07,48.32,0,0,0,"bsadok,tedmonds,pboerth,rdinger,ndick,tdecraene,jbabbitt",False,2026-05-16-BOS-MTL,2,5,2,1,720,1,3,True,True,149,away,107,1778970821.0,18,False,"jbernat,ycohonner,adub,cguay,rlalondel,wstpierre,tlalondel",108,203,01225d8f22d4197d9d1f9b43043788e5144ca791f03811ea75898658195f0efe,1778970821.0,False,149,711.230769230769,16.830662494388,-12.06,11.74,45.7703170054232,6d496c8bafec1d344bce186c64a917b3deaf6aa5b6cff3bb631d1dfa60e60347,0.969660040320676,0.0303399596793242,0.681936231570997,0.725841901429266,0.765120300173582,0.851298037459125,2151.23076923077,-3,0.102,0.0392783987443157,0.123492213332948,203,328bfe7d465006af4c23923b9245d03821d14ae4,2026-07-21 08:07:47,2026-06-06 14:01:41,royal,glory,19,21,Final,2026-05-16 18:00:00
2026-05-16-BOS-MTL,tedmonds,-3.07,48.32,ndick,-9.98,54.19,0,0,0,"bsadok,tedmonds,pboerth,rdinger,ndick,tdecraene,jbabbitt",False,2026-05-16-BOS-MTL,2,5,2,1,720,1,4,True,True,150,away,108,1778970822.0,18,False,"jbernat,ycohonner,adub,cguay,rlalondel,wstpierre,tlalondel",109,204,9e358c3f0c6f0cb78df4270cfdfe2d6ed61d73a21a62b61cc5557c69d0fa9c5c,1778970822.0,False,150,706.846153846154,9.0666973038698,-6.91,5.87,49.6523158343578,c7d55e18c0ac11c8bbc675ede6a2a868775ef4b4089e628a646430ec5d1333b2,0.984536244624975,0.0154637553750252,0.681936231570997,0.760664260882515,0.780007138976429,0.823951333908807,2146.84615384615,-3,0.101,0.0193428780939134,0.0608144655691303,204,310ddf407fd081aeeba7689ecb4bbd125fcb01f6,2026-07-21 08:07:47,2026-06-06 14:01:41,royal,glory,19,21,Final,2026-05-16 18:00:00
2026-05-16-BOS-MTL,ndick,-9.98,54.19,,-9.98,54.19,1,0,0,"bsadok,tedmonds,pboerth,rdinger,ndick,tdecraene,jbabbitt",False,2026-05-16-BOS-MTL,2,5,2,1,720,1,5,True,True,151,away,109,1778970829.0,22,False,"jbernat,ycohonner,adub,cguay,rlalondel,wstpierre,tlalondel",110,206,cc9820f10515275c9916467a8b8e1714c94aaf74ab4acaa6a5ee1a393a823932,1778970829.0,False,151,702.461538461538,0.0,0.0,0.0,-90.0,215509369bd1ccf6f7797c61c166f5d7a47fa059a2f30027e16f9b4c2e9ef87b,0.5,-0.5,0.681936231570997,0.776031427414117,0.776031427414117,0.820587113795054,2142.46153846154,-3,0.177,-0.820587113795054,-0.820587113795054,206,75053da48f8d738f0656ae7b95e82ae73937f146,2026-07-21 08:07:47,2026-06-06 14:01:41,royal,glory,19,21,Final,2026-05-16 18:00:00
2026-05-16-BOS-MTL,cguay,22.95,51.4,tlalondel,11.94,49.73,0,0,0,"jbernat,ycohonner,adub,cguay,rlalondel,wstpierre,tlalondel",True,2026-05-16-BOS-MTL,2,5,2,1,720,2,1,False,False,152,home,96,1778970835.0,18,False,"bsadok,tedmonds,pboerth,rdinger,ndick,tdecraene,jbabbitt",97,207,1efc1b54cd347a5f575f13fa00e37236f5ba9b244b31baac228b2ea417361a40,1778970835.0,False,152,698.076923076923,11.1359328302572,-11.01,-1.67,98.6248973951546,8dcbb2d580b1dd75b223d1dc26dc076c57b2580eff8c5c08d362e5ecfbc3cbba,0.979735769759852,0.0202642302401478,0.724622904254951,0.724622904254951,0.753688043945217,0.83430691855138,2138.07692307692,-3,0.168,0.0290651396902663,0.10554668539745,207,6039027a153a669b735aef0c5be769bcc2daad79,2026-07-21 08:07:47,2026-06-06 14:01:41,royal,glory,19,21,Final,2026-05-16 18:00:00
2026-05-16-BOS-MTL,tlalondel,11.94,49.73,,2.25,51.18,1,0,0,"jbernat,ycohonner,adub,cguay,rlalondel,wstpierre,tlalondel",True,2026-05-16-BOS-MTL,2,5,2,1,720,2,2,False,False,153,home,97,1778970839.0,22,False,"bsadok,tedmonds,pboerth,rdinger,ndick,tdecraene,jbabbitt",98,209,3050dff5b74deb7be9a05932ae445cdc992c8477114ca0679277934058dfe96b,1778970839.0,False,153,693.692307692308,9.79788752742141,-9.69,1.45,81.4894751389747,036b9304e1c3ea9725bbf72d85c07c213953c92d910baecbbc6760ef3b272539,0.984727843889016,-0.984727843889016,0.724622904254951,0.74996822399266,0.759269618563681,0.8282269345583,2133.69230769231,-3,0.096,-0.8282269345583,-0.8282269345583,209,c40418fc13184bac60124e17e5d7bb9170e65ded,2026-07-21 08:07:47,2026-06-06 14:01:41,royal,glory,19,21,Final,2026-05-16 18:00:00
2026-05-16-BOS-MTL,ndick,1.77,67.35,tdecraene,-4.1,70.58,0,0,0,"bsadok,tedmonds,pboerth,rdinger,ndick,tdecraene,jbabbitt",False,2026-05-16-BOS-MTL,2,5,2,1,720,3,1,True,True,154,away,111,,18,False,"jbernat,ycohonner,adub,cguay,rlalondel,wstpierre,tlalondel",112,210,a8f89ddb3c04f62d5ee34c7559643c490c69288e213409bd5cbad93f6273627e,1778970847.42857,True,154,689.307692307692,6.69998507461024,-5.87,3.23,61.1779666482952,7097d5220bcadd091a0c9158cf4b3a7e974a7309ef1a9f25502c3715b098b60b,0.986088034957297,0.0139119650427031,0.819652786719868,0.819652786719868,0.832595040969074,0.749182279737875,2129.30769230769,-3,0.096,0.0129422542492069,0.0717629843778278,210,955d9ec6ac09f73735e8ad58fa950f13ce6d32ff,2026-07-21 08:07:47,2026-06-06 14:01:41,royal,glory,19,21,Final,2026-05-16 18:00:00
2026-05-16-BOS-MTL,tdecraene,-4.1,70.58,pboerth,2.74,70.12,0,0,0,"bsadok,tedmonds,pboerth,rdinger,ndick,tdecraene,jbabbitt",False,2026-05-16-BOS-MTL,2,5,2,1,720,3,2,True,True,155,away,112,,18,False,"jbernat,ycohonner,adub,cguay,rlalondel,wstpierre,tlalondel",113,211,73982aff0bf9ffc0e9538647c2e2d8f83048f1f904def5a0dd7723b9534e2492,1778970859.85714,True,155,684.923076923077,6.85545038637142,6.84,-0.459999999999994,-93.8474315816451,a4bfb75d0e48ce7e0f2bfdb5328203e3d0fff54e0449f5731776f26aefa3778d,0.98650325148481,0.0134967485151898,0.819652786719868,0.8302057098386,0.828452606660735,0.74778553487508,2124.92307692308,-3,0.096,-0.00175310317786537,-0.00972071121022691,211,c968838072652fa95c432f7ac2a4ad7d57f99012,2026-07-21 08:07:47,2026-06-06 14:01:41,royal,glory,19,21,Final,2026-05-16 18:00:00
2026-05-16-BOS-MTL,pboerth,2.74,70.12,tdecraene,3.38,76.06,0,0,0,"bsadok,tedmonds,pboerth,rdinger,ndick,tdecraene,jbabbitt",False,2026-05-16-BOS-MTL,2,5,2,1,720,3,3,True,True,156,away,113,,18,False,"jbernat,ycohonner,adub,cguay,rlalondel,wstpierre,tlalondel",114,213,81b7976e27d8528a0b1f3284d06befc3c88375669a010ad6f6279e5e913a1673,1778970872.28571,True,156,680.538461538462,5.97437862877806,0.64,5.94,-6.14955954153837,761b2bcfeee9aafd1eb10a2fb4dce3596a6f1370400f78859ce377af514d9cc3,0.985514940567286,0.0144850594327142,0.819652786719868,0.826213782369054,0.850647161833858,0.723215203412234,2120.53846153846,-3,0.094,0.0244333794648041,0.135479661816852,213,300f506df9cb8a00bf536272bd1319a15e12ff79,2026-07-21 08:07:47,2026-06-06 14:01:41,royal,glory,19,21,Final,2026-05-16 18:00:00
2026-05-16-BOS-MTL,tdecraene,3.38,76.06,rdinger,20.54,95.35,0,0,0,"bsadok,tedmonds,pboerth,rdinger,ndick,tdecraene,jbabbitt",False,2026-05-16-BOS-MTL,2,5,2,1,720,3,4,True,True,157,away,114,,18,False,"jbernat,ycohonner,adub,cguay,rlalondel,wstpierre,tlalondel",115,215,9151c3b066e490c963fc9cdca5a11b5a1bfc2b59d30da3fb25952502b26d7be2,1778970884.71429,True,157,676.153846153846,25.8180111550057,17.16,19.29,-41.6556548539562,392b2ba7424e8ab3bce648842214bb39068ee24079cb3f761df696f4dcf5d57b,0.928760025269781,0.0712399747302186,0.819652786719868,0.848815207073089,0.909882760795431,0.631431162571611,2116.15384615385,-3,0.088,0.0610675537223415,0.338611019331281,215,06301a07637289cc9e38a7f480df3a7e4fa31ad2,2026-07-21 08:07:47,2026-06-06 14:01:41,royal,glory,19,21,Final,2026-05-16 18:00:00
2026-05-16-BOS-MTL,rdinger,20.54,95.35,tdecraene,20.34,92.51,0,0,0,"bsadok,tedmonds,pboerth,rdinger,ndick,tdecraene,jbabbitt",False,2026-05-16-BOS-MTL,2,5,2,1,720,3,5,True,True,158,away,115,,18,False,"jbernat,ycohonner,adub,cguay,rlalondel,wstpierre,tlalondel",116,216,781e2ba773ce84d83253d7be882a95101b72ba278a09934b127290be71b194b5,1778970897.14286,True,158,671.769230769231,2.84703354388387,-0.199999999999999,-2.83999999999999,175.971736333515,92a13a78b9b4ede6435808205f0c3c23f51cd98f04a4f81c167e7f0ef8fd8b4f,0.986020913993477,0.0139790860065226,0.819652786719868,0.908805291924852,0.898607674634458,0.637526858997621,2111.76923076923,-3,0.089,-0.0101976172903937,-0.0565443574365288,216,4480390184ad5b299e4c9eabb8acbc4fd0eac039,2026-07-21 08:07:47,2026-06-06 14:01:41,royal,glory,19,21,Final,2026-05-16 18:00:00
2026-05-16-BOS-MTL,tdecraene,20.34,92.51,jbabbitt,-0.94,114.06,0,0,0,"bsadok,tedmonds,pboerth,rdinger,ndick,tdecraene,jbabbitt",False,2026-05-16-BOS-MTL,2,6,2,1,720,3,6,True,True,159,away,116,,19,False,"jbernat,ycohonner,adub,cguay,rlalondel,wstpierre,tlalondel",117,217,8657a826235be5d5434c6c70566789e4a8b447a99b1e4ab0ad492150176b929d,1778970909.57143,True,159,667.384615384615,30.2859852076831,-21.28,21.55,44.638812618546,b70df021981a70c4f0537214d7cd65f4569e2eeebf105be61531b25986a88a69,0.824229927869098,0.175770072130902,0.819652786719868,0.897523672420052,1.0,0.643724741654823,2107.38461538462,-3,0.082,0.102476327579948,0.568216861886141,217,7e0d5abfa0d2f08e53b2e693912f6fe99a183cb3,2026-07-21 08:07:47,2026-06-06 14:01:41,royal,glory,19,21,Final,2026-05-16 18:00:00
2026-05-16-BOS-MTL,eforget,11.29,13.32,jbrissett,3.86,20.09,0,0,0,"maugersem,jbrissett,jduquette,eforget,kquinlan,sruelle,ctremblay",True,2026-05-16-BOS-MTL,2,6,2,2,663,1,1,True,True,160,home,100,1778970925.0,18,False,"kdelorenz,bmccann,tallen1,iengler,ldecraene,jcarreiro,sfisherol",101,219,45c027a944759c1eeeb417d83e272869121c7a47eef709c99fc3d29a0afbcdcb,1778970925.0,False,160,663.0,10.0517560654843,-7.43,6.77,47.661128110181,a12f6f9fb480c6a8f8c7742e38154d676ec4e780fb6a9f88a4ae6d11ba9b198a,0.98839952028756,0.0116004797124398,0.621460277528792,0.621460277528792,0.641239886584471,0.932464244828441,2103.0,-4,0.09,0.0197796090556793,0.0522524001617393,219,fd491f1272869cc301edf2b005f52dc4419b1fd4,2026-07-21 08:07:47,2026-06-06 14:01:41,royal,glory,19,21,Final,2026-05-16 18:00:00
2026-05-16-BOS-MTL,jbrissett,3.86,20.09,kquinlan,-7.66,28.32,0,0,0,"maugersem,jbrissett,jduquette,eforget,kquinlan,sruelle,ctremblay",True,2026-05-16-BOS-MTL,2,6,2,2,663,1,2,True,True,161,home,101,1778970928.0,18,False,"kdelorenz,bmccann,tallen1,iengler,ldecraene,jcarreiro,sfisherol",102,220,6e1d9c46a57e5a6453a616edc911f9bf5ed7a25dbcf7df15ca4bcde5edaace44,1778970928.0,False,161,657.833333333333,14.1577999703344,-11.52,8.23,54.4576177348025,88a355b67a9d15916ebe455d325057ef9c9e7bbfe43aac92f1eeaacf934efc02,0.982208089942465,0.017791910057535,0.621460277528792,0.638679448386953,0.659661084912794,0.904329229676227,2097.83333333333,-4,0.091,0.0209816365258404,0.0554278330127857,220,7bb62a9dd8b6b4fc3df1597780ac110ad4b4208b,2026-07-21 08:07:47,2026-06-06 14:01:41,royal,glory,19,21,Final,2026-05-16 18:00:00
2026-05-16-BOS-MTL,kquinlan,-7.66,28.32,eforget,5.61,23.59,0,0,0,"maugersem,jbrissett,jduquette,eforget,kquinlan,sruelle,ctremblay",True,2026-05-16-BOS-MTL,2,6,2,2,663,1,3,True,True,162,home,102,1778970932.0,18,False,"kdelorenz,bmccann,tallen1,iengler,ldecraene,jcarreiro,sfisherol",103,222,6114034d958f1100b2fa43786cefbc38de68b5bab150540718fba3a8ad7a922f,1778970932.0,False,162,652.666666666667,14.0877890387385,13.27,-4.73,-109.61825871221,ee2b3b15f34d19745d6117ce05feffff87d9070bd1a32c414954a0a1065c7cd3,0.986861017031038,0.013138982968962,0.621460277528792,0.657498272547774,0.645079925882271,0.920039691123403,2092.66666666667,-4,0.09,-0.0124183466655033,-0.0328059274319563,222,74e3ac3a4bdac19a86a3e25468514447c202d12c,2026-07-21 08:07:47,2026-06-06 14:01:41,royal,glory,19,21,Final,2026-05-16 18:00:00
2026-05-16-BOS-MTL,eforget,5.61,23.59,jbrissett,14.64,30.36,0,0,0,"maugersem,jbrissett,jduquette,eforget,kquinlan,sruelle,ctremblay",True,2026-05-16-BOS-MTL,2,6,2,2,663,1,4,True,True,163,home,103,1778970937.0,18,False,"kdelorenz,bmccann,tallen1,iengler,ldecraene,jcarreiro,sfisherol",104,223,a89eb096bd2c7e9894588cbcded4cadce5bf2aae9fed5506fc73dcab7b51fb3b,1778970937.0,False,163,647.5,11.2860001772107,9.03,6.77,-53.1402557794463,27ffd68a6fb75cc178749f151ad74b1e6014e2e00c3f77e7cdb303b4f4ba501b,0.98670530858976,0.01329469141024,0.621460277528792,0.643199384417553,0.652819204421715,0.892181763465684,2087.5,-4,0.09,0.00961982000416173,0.0254129736804396,223,53f657b4df0996be218b03e65e16158423f61d79,2026-07-21 08:07:47,2026-06-06 14:01:41,royal,glory,19,21,Final,2026-05-16 18:00:00
2026-05-16-BOS-MTL,jbrissett,14.64,30.36,ctremblay,12.53,43.76,0,0,0,"maugersem,jbrissett,jduquette,eforget,kquinlan,sruelle,ctremblay",True,2026-05-16-BOS-MTL,2,6,2,2,663,1,5,True,True,164,home,104,1778970941.0,18,False,"kdelorenz,bmccann,tallen1,iengler,ldecraene,jcarreiro,sfisherol",105,224,90ed868784cc568421dc63a179a5c49c508bf26c5f71a772c54d2330ce7fbdb9,1778970941.0,False,164,642.333333333333,13.5651059708356,-2.11,13.4,8.9484724916715,e50dd65cb6cb4ce522cf802b7d766a529daba342662249e78c6f59ebabd9037f,0.974012680197937,0.0259873198020626,0.621460277528792,0.651260985823818,0.699955034717179,0.837365322189068,2082.33333333333,-4,0.093,0.048694048893361,0.128636563094286,224,2dee6a90abc14c1e21df10668a91514fb6cd1ba0,2026-07-21 08:07:47,2026-06-06 14:01:41,royal,glory,19,21,Final,2026-05-16 18:00:00
2026-05-16-BOS-MTL,ctremblay,12.53,43.76,maugersem,16.39,104.41,0,0,0,"maugersem,jbrissett,jduquette,eforget,kquinlan,sruelle,ctremblay",True,2026-05-16-BOS-MTL,3,6,2,2,663,1,6,True,True,165,home,105,1778970980.0,19,False,"kdelorenz,bmccann,tallen1,iengler,ldecraene,jcarreiro,sfisherol",106,227,01d7d8ceacb9e7e3e83702e394954c1f85790cebe8e9f58569d96c9f9dad3c8f,1778970980.0,False,165,637.166666666667,60.7727085129501,3.86,60.65,-3.64161293281694,0450eb8ed318f27809347c245668727baa14693effc24e14568267395275647f,0.625911835115865,0.374088164884135,0.621460277528792,0.698775368502716,1.0,0.618596256315244,2077.16666666667,-4,0.115,0.301224631497284,0.79575435183079,227,e86eea309e41fb9556b48f3f4efce35b0b4016a7,2026-07-21 08:07:47,2026-06-06 14:01:41,royal,glory,19,21,Final,2026-05-16 18:00:00
2026-05-16-BOS-MTL,bsadok,-11.0,14.7,rdinger,-1.52,24.51,0,0,0,"bsadok,tedmonds,pboerth,rdinger,ndick,tdecraene,jbabbitt",False,2026-05-16-BOS-MTL,3,6,2,3,632,1,1,True,True,166,away,121,1778971033.0,18,False,"jbernat,ycohonner,adub,cguay,rlalondel,wstpierre,tlalondel",122,230,09aac6000981b068c8a85c857df7fa1b6764dd1b6a9f8bb72a4a3b0c68301171,1778971033.0,False,166,632.0,13.6420856176759,9.48,9.81,-44.0199189703066,2a33ba1b8dde4e63b6aa58a416c5ec1e7fb2ca94ca652673c6535804a9bb2f9a,0.982581652604927,0.0174183473950731,0.614646228679582,0.614646228679582,0.642314041098024,0.915257130576736,2072.0,-3,0.112,0.0276678124184426,0.0717984731890351,230,1d957495c514ee342b35e22cb989b64a2239604f,2026-07-21 08:07:47,2026-06-06 14:01:41,royal,glory,19,21,Final,2026-05-16 18:00:00
2026-05-16-BOS-MTL,rdinger,-1.52,24.51,tedmonds,3.38,33.93,0,0,0,"bsadok,tedmonds,pboerth,rdinger,ndick,tdecraene,jbabbitt",False,2026-05-16-BOS-MTL,3,6,2,3,632,1,2,True,True,167,away,122,1778971036.0,18,False,"jbernat,ycohonner,adub,cguay,rlalondel,wstpierre,tlalondel",123,231,cecfcbc0be338ac8716c032601ac0757ee73c35eea69a51e9d89351ea1f9763c,1778971036.0,False,167,623.777777777778,10.6182107720651,4.9,9.42,-27.4820914898028,b4041802746577436716450070642083f09d4315e0fd7da7fa11ba640991cf21,0.985856055730657,0.0141439442693434,0.614646228679582,0.641206321071721,0.668594608911498,0.879601270482505,2063.77777777778,-3,0.11,0.0273882878397765,0.0710731018563288,231,badc7a94fa607b10ee7b9c089e7c00a90ad8fbcf,2026-07-21 08:07:47,2026-06-06 14:01:41,royal,glory,19,21,Final,2026-05-16 18:00:00
2026-05-16-BOS-MTL,tedmonds,3.38,33.93,bsadok,3.9,26.83,0,0,0,"bsadok,tedmonds,pboerth,rdinger,ndick,tdecraene,jbabbitt",False,2026-05-16-BOS-MTL,3,6,2,3,632,1,3,True,True,168,away,123,1778971039.0,18,False,"jbernat,ycohonner,adub,cguay,rlalondel,wstpierre,tlalondel",124,232,a8b76a52892263f5d1568402945c1ebc3eb4f699a571503818ecee43ba4ab611,1778971039.0,False,168,615.555555555556,7.11901678604567,0.52,-7.1,-175.811168356572,8f030547bacb8a2de6eb25294d6b29171b2749d96797d32280731fd5e013544e,0.993056536426404,0.0069434635735961,0.614646228679582,0.668073471907444,0.646840489092451,0.906444963245194,2055.55555555556,-3,0.111,-0.0212329828149923,-0.0550999740893603,232,2f2ff106e405e74a2cc5ca5e203bea1af443986d,2026-07-21 08:07:47,2026-06-06 14:01:41,royal,glory,19,21,Final,2026-05-16 18:00:00
2026-05-16-BOS-MTL,bsadok,3.9,26.83,tdecraene,16.54,38.25,0,0,0,"bsadok,tedmonds,pboerth,rdinger,ndick,tdecraene,jbabbitt",False,2026-05-16-BOS-MTL,3,6,2,3,632,1,4,True,True,169,away,124,1778971043.0,18,False,"jbernat,ycohonner,adub,cguay,rlalondel,wstpierre,tlalondel",125,233,ddd374911ee614a6e514aa16a538db5db7939379ceaddd3027300ba763076b5f,1778971043.0,False,169,607.333333333333,17.0348466385818,12.64,11.42,-47.9027861427591,5bca6bc192d4480300ae4fb9ce7e7eda007abba977d632c40320eb94538c4a3d,0.977222940889492,0.0227770591105084,0.614646228679582,0.646794455713301,0.667486217853323,0.854614384964474,2047.33333333333,-3,0.11,0.0206917621400221,0.0536954966578414,233,ac756a4d3fd6f1653278911ea8df9897748274fa,2026-07-21 08:07:47,2026-06-06 14:01:41,royal,glory,19,21,Final,2026-05-16 18:00:00
2026-05-16-BOS-MTL,tdecraene,16.54,38.25,,7.64,103.67,1,0,0,"bsadok,tedmonds,pboerth,rdinger,ndick,tdecraene,jbabbitt",False,2026-05-16-BOS-MTL,3,6,2,3,632,1,5,True,True,170,away,125,1778971062.0,22,False,"jbernat,ycohonner,adub,cguay,rlalondel,wstpierre,tlalondel",126,235,7550e906fa4d3d4a0498d44fbbfeea8bcab1152d83386ed5926d0d879245b9d9,1778971062.0,False,170,599.111111111111,66.0226203660533,-8.9,65.42,7.74718707132588,ea6b039ab337b1e55e92de5af63c637cfd0ce7f08e78dcbb2a4eb9dcde37e029,0.544231260975706,-0.544231260975706,0.614646228679582,0.667847976655772,0.939709017274424,0.628153423276432,2039.11111111111,-3,0.155,-0.628153423276432,-0.628153423276432,235,ea663b9e2518360a5decdb8bea2cab112323e05c,2026-07-21 08:07:47,2026-06-06 14:01:41,royal,glory,19,21,Final,2026-05-16 18:00:00
2026-05-16-BOS-MTL,ycohonner,2.04,19.8,adub,-15.74,27.52,0,0,0,"jbernat,ycohonner,adub,cguay,rlalondel,wstpierre,tlalondel",True,2026-05-16-BOS-MTL,3,6,2,3,632,2,1,False,False,171,home,109,1778971077.0,18,False,"bsadok,tedmonds,pboerth,rdinger,ndick,tdecraene,jbabbitt",110,236,c875b6c8662a388915d240354b6c14ef10458fe2f894ff4e79d707fe9e4e341b,1778971077.0,False,171,590.888888888889,19.3836735424429,-17.78,7.72,66.5297203856063,809ef1b30524cba519a60fcb574b831d1365f0ba315eb831994e484a23d4c32a,0.977076142480559,0.0229238575194411,0.629503101251959,0.629503101251959,0.639000252492418,0.899441186613941,2030.88888888889,-3,0.156,0.00949715124045891,0.0256335512457758,236,b239462cea847e9a3d7238a01980ed04fe03673c,2026-07-21 08:07:47,2026-06-06 14:01:41,royal,glory,19,21,Final,2026-05-16 18:00:00
2026-05-16-BOS-MTL,adub,-15.74,27.52,ycohonner,-6.64,25.04,0,0,0,"jbernat,ycohonner,adub,cguay,rlalondel,wstpierre,tlalondel",True,2026-05-16-BOS-MTL,3,6,2,3,632,2,2,False,False,172,home,110,1778971083.0,18,False,"bsadok,tedmonds,pboerth,rdinger,ndick,tdecraene,jbabbitt",111,237,e58efdd7bdbf077d7eec1f3dcafbb4337a1c55886085c2f555ddab6133f57a2e,1778971083.0,False,172,582.666666666667,9.43188210274069,9.1,-2.48,-105.244462988188,4fb4734f3286f2f6a40a6c45ab831aa008a4d48b628c8506836792737dcd7041,0.988908166862368,0.0110918331376323,0.629503101251959,0.640001069351329,0.643356419343567,0.913285327923249,2022.66666666667,-3,0.157,0.00335534999223797,0.00905635108843325,237,063e067f92e2847eeab0f5c8db8b75aa640fdb5d,2026-07-21 08:07:47,2026-06-06 14:01:41,royal,glory,19,21,Final,2026-05-16 18:00:00
2026-05-16-BOS-MTL,ycohonner,-6.64,25.04,rlalondel,3.35,24.9,0,0,0,"jbernat,ycohonner,adub,cguay,rlalondel,wstpierre,tlalondel",True,2026-05-16-BOS-MTL,3,6,2,3,632,2,3,False,False,173,home,111,1778971087.0,18,False,"bsadok,tedmonds,pboerth,rdinger,ndick,tdecraene,jbabbitt",112,238,1c9728eeac248e88cf2c3fcedc75d5a1366a3fd95b33c8ac7e2751f07fa2982d,1778971087.0,False,173,574.444444444444,9.99098093282136,9.99,-0.140000000000001,-90.802891299159,0dad42f48a578b9408df24ee2f5fa982329525d4a11d84c1600c29536c2067bf,0.989768748437993,0.0102312515620068,0.629503101251959,0.644553277913797,0.644828719808139,0.914397517476269,2014.44444444444,-3,0.157,0.000275441894342365,0.000743439136125351,238,adb027e2b7a3f30ee7bcb68d30b8a852678257d9,2026-07-21 08:07:47,2026-06-06 14:01:41,royal,glory,19,21,Final,2026-05-16 18:00:00
2026-05-16-BOS-MTL,rlalondel,3.35,24.9,ycohonner,-7.51,23.81,0,0,0,"jbernat,ycohonner,adub,cguay,rlalondel,wstpierre,tlalondel",True,2026-05-16-BOS-MTL,3,6,2,3,632,2,4,False,False,174,home,112,1778971089.0,18,False,"bsadok,tedmonds,pboerth,rdinger,ndick,tdecraene,jbabbitt",113,239,afa173d96f789c7735401ae77ffcce11aa4877b988f661be28cc26ea75395d53,1778971089.0,False,174,566.222222222222,10.9145636651219,-10.86,-1.09,95.7314868477644,2572cda556d02b7cde5d5cb6c5b30f12418b5d7b3b0533e859ed00f4e4993301,0.989321646613531,0.0106783533864689,0.629503101251959,0.646151703873761,0.642312800937334,0.918203848855917,2006.22222222222,-3,0.156,-0.00383890293642697,-0.0103614981647597,239,edceb36ae405eb48a2bea14f2348c4fcd3563780,2026-07-21 08:07:47,2026-06-06 14:01:41,royal,glory,19,21,Final,2026-05-16 18:00:00
2026-05-16-BOS-MTL,ycohonner,-7.51,23.81,wstpierre,9.39,27.45,0,0,0,"jbernat,ycohonner,adub,cguay,rlalondel,wstpierre,tlalondel",True,2026-05-16-BOS-MTL,3,6,2,3,632,2,5,False,False,175,home,113,1778971093.0,18,False,"bsadok,tedmonds,pboerth,rdinger,ndick,tdecraene,jbabbitt",114,240,7e14714cdb1f726f3c5dafa33107992886d779b56d5a94d4bdfeb4d7021ce4bc,1778971093.0,False,175,558.0,17.2875562182745,16.9,3.64,-77.8450583027778,54f140efa3615edba74bb28914c770a17f2ffb179de5645fd4ac663de7df11cf,0.978462444858379,0.021537555141621,0.629503101251959,0.643695864647045,0.652510619424771,0.90580084818371,1998.0,-3,0.157,0.00881475477772609,0.0237917100183897,240,21c8a26b6a431426903a59b62575ede333e8c7e1,2026-07-21 08:07:47,2026-06-06 14:01:41,royal,glory,19,21,Final,2026-05-16 18:00:00
2026-05-16-BOS-MTL,wstpierre,9.39,27.45,jbernat,15.51,41.35,0,0,0,"jbernat,ycohonner,adub,cguay,rlalondel,wstpierre,tlalondel",True,2026-05-16-BOS-MTL,3,6,2,3,632,2,6,False,False,176,home,114,1778971096.0,18,False,"bsadok,tedmonds,pboerth,rdinger,ndick,tdecraene,jbabbitt",115,241,f322169d19db25ed5e61087cc509fcb0f55eb7aad2be6563c7cc384fe03211c9,1778971096.0,False,176,549.777777777778,15.1876397112915,6.12,13.9,-23.763306695365,d351ad7b3a115e878f2033206db381bbc0623c1f481b95c2862e22f6ab0d766b,0.975790920161011,0.0242090798389889,0.629503101251959,0.653858757514163,0.688358049052051,0.846635641951975,1989.77777777778,-3,0.161,0.0344992915378883,0.0931162761536361,241,856f6c96cbe4add95afb2616dd6d80545d39bc63,2026-07-21 08:07:47,2026-06-06 14:01:41,royal,glory,19,21,Final,2026-05-16 18:00:00
2026-05-16-BOS-MTL,jbernat,15.51,51.35,ycohonner,3.93,52.42,0,0,0,"jbernat,ycohonner,adub,cguay,rlalondel,wstpierre,tlalondel",True,2026-05-16-BOS-MTL,3,6,2,3,632,2,7,False,False,177,home,116,1778971109.0,18,False,"bsadok,tedmonds,pboerth,rdinger,ndick,tdecraene,jbabbitt",117,244,f3faba65bd7c9ad2884e5d19d58ac2a6302af6ff9da35a87d199d088639afe50,1778971109.0,False,177,541.555555555556,11.6293293013828,-11.58,1.07,84.7208206822381,585ccadd417cfc56b97618af2fcaeb763611c1e0da385aacc99e7130118c5696,0.980909686429678,0.0190903135703224,0.629503101251959,0.727482891125308,0.742028229723926,0.805485264131979,1981.55555555556,-3,0.166,0.0145453385986181,0.0392590022960212,244,2d81b0daa2cbfd92b8ca77cd4cb2f4623f5eac51,2026-07-21 08:07:47,2026-06-06 14:01:41,royal,glory,19,21,Final,2026-05-16 18:00:00
2026-05-16-BOS-MTL,ycohonner,3.93,52.42,adub,5.24,61.67,0,0,0,"jbernat,ycohonner,adub,cguay,rlalondel,wstpierre,tlalondel",True,2026-05-16-BOS-MTL,3,6,2,3,632,2,8,False,False,178,home,117,1778971113.0,18,False,"bsadok,tedmonds,pboerth,rdinger,ndick,tdecraene,jbabbitt",118,245,86616f3f4febe18a6ab02409afcd11e449ce8d1009afabb85de70b304976437f,1778971113.0,False,178,533.333333333333,9.3423016435994,1.31,9.25,-8.06071603686421,0280bd6c6e5027a48ebeecce2e194f6158ef456b8e58e3f02a539c54d2077af4,0.982539306348102,0.0174606936518984,0.629503101251959,0.742964004661624,0.780799078641296,0.766756752385183,1973.33333333333,-3,0.171,0.037835073979672,0.102119812898628,245,52c4059affb418d48e1ac42d8dc03ec85eed5dcc,2026-07-21 08:07:47,2026-06-06 14:01:41,royal,glory,19,21,Final,2026-05-16 18:00:00
2026-05-16-BOS-MTL,adub,5.24,61.67,ycohonner,-4.3,60.21,0,0,0,"jbernat,ycohonner,adub,cguay,rlalondel,wstpierre,tlalondel",True,2026-05-16-BOS-MTL,3,6,2,3,632,2,9,False,False,179,home,118,1778971118.0,18,False,"bsadok,tedmonds,pboerth,rdinger,ndick,tdecraene,jbabbitt",119,246,03c618952a30250f53c83efe3fb34f7ca7f18af737d1317e98ef8d84d74739cc,1778971118.0,False,179,525.111111111111,9.65107247926364,-9.54,-1.46,98.701026160727,57cb8b121bc066b50b47c673de6f69dc44134d55393ddf1e964ed34e38a6f675,0.985202841170298,0.0147971588297025,0.629503101251959,0.781515781495562,0.775474031065929,0.773745136515521,1965.11111111111,-3,0.17,-0.00604175042963251,-0.0163071552016991,246,9b815b058b6d22346a9a8508254b8d7f66042a75,2026-07-21 08:07:47,2026-06-06 14:01:41,royal,glory,19,21,Final,2026-05-16 18:00:00
2026-05-16-BOS-MTL,ycohonner,-4.3,60.21,tlalondel,-15.16,69.32,0,0,0,"jbernat,ycohonner,adub,cguay,rlalondel,wstpierre,tlalondel",True,2026-05-16-BOS-MTL,3,6,2,3,632,2,10,False,False,180,home,119,1778971122.0,18,False,"bsadok,tedmonds,pboerth,rdinger,ndick,tdecraene,jbabbitt",120,247,967b68cbccc05d506bcd333b59e3e3c5a6ce083dc3dbc00752ae6ea6fbf2d98f,1778971122.0,False,180,516.888888888889,14.1750379188205,-10.86,9.10999999999999,50.0081186564021,a5fb5681cfe96d1dacc8a5805a770b37bf93df2830684d2a5685c90f7b7a2edb,0.973619412521639,0.0263805874783613,0.629503101251959,0.776088604167489,0.808659415169256,0.728132376947482,1956.88888888889,-3,0.175,0.0325708110017668,0.0879111569133993,247,e70ee2bde27477c5d81faadfcc2227377de282ca,2026-07-21 08:07:47,2026-06-06 14:01:41,royal,glory,19,21,Final,2026-05-16 18:00:00
2026-05-16-BOS-MTL,tlalondel,-15.16,69.32,adub,-14.58,98.73,0,0,0,"jbernat,ycohonner,adub,cguay,rlalondel,wstpierre,tlalondel",True,2026-05-16-BOS-MTL,3,6,2,3,632,2,11,False,False,181,home,120,1778971135.0,18,False,"bsadok,tedmonds,pboerth,rdinger,ndick,tdecraene,jbabbitt",121,248,350096ea9b33599cd2e1852cec4aa8d5da51cfab1a8bd93c895e67a9f491848a,1778971135.0,False,181,508.666666666667,29.4157185871772,0.58,29.41,-1.12979411520142,7927f6f0138d64f92ad21116cbdd5cff5345745a4179890684d97e726d7cb132,0.85714935905349,0.14285064094651,0.629503101251959,0.809110272964706,0.926529021864221,0.634445206484602,1948.66666666667,-3,0.195,0.117418748899515,0.316922352916554,248,f853b84de0a8e8f35f9c889ac1e711dbfc515188,2026-07-21 08:07:47,2026-06-06 14:01:41,royal,glory,19,21,Final,2026-05-16 18:00:00
2026-05-16-BOS-MTL,adub,0.0,100.0,cguay,-3.5,94.8,0,0,0,"jbernat,ycohonner,adub,cguay,rlalondel,wstpierre,tlalondel",True,2026-05-16-BOS-MTL,3,6,2,3,632,2,12,False,False,182,home,122,1778971154.0,18,False,"bsadok,tedmonds,pboerth,rdinger,ndick,tdecraene,jbabbitt",123,251,768a8b0ce97cef912b614c7c5382efcf522253fc95d2f2934d380ebf32078344,1778971154.0,False,182,500.444444444444,6.26817357768593,-3.5,-5.2,146.056412980248,7552c3ce52bbf94d5e05603158f96527510b8380f53561550705161c3a1ff111,0.979647174162038,0.0203528258379617,0.629503101251959,0.932959677125578,0.916566191488351,0.654991117636053,1940.44444444444,-3,0.193,-0.0163934856372268,-0.0442472951666331,251,ab02a96c78f400e935ef6e5d516fb34b4e1bc194,2026-07-21 08:07:47,2026-06-06 14:01:41,royal,glory,19,21,Final,2026-05-16 18:00:00
2026-05-16-BOS-MTL,cguay,-3.5,100.0,ycohonner,2.25,102.23,0,0,0,"jbernat,ycohonner,adub,cguay,rlalondel,wstpierre,tlalondel",True,2026-05-16-BOS-MTL,4,6,2,3,632,2,13,False,False,183,home,124,1778971209.0,19,False,"bsadok,tedmonds,pboerth,rdinger,ndick,tdecraene,jbabbitt",125,255,66ecdddcd3a82be56d6c90a812cb79f8bc8a3c5dd0c15bebbdc2c4009f48af82,1778971209.0,False,183,492.222222222222,6.16728465371917,5.75,2.23,-68.8024080513813,076b358cf089b3669eef3d67677315e675244008f7ee42488e4d0439dbaa8d29,0.97676843910295,0.0232315608970501,0.629503101251959,0.933002515523872,1.0,0.642116845824787,1932.22222222222,-3,0.197,0.0669974844761283,0.180831431254949,255,c3ccac78c39c5014cab488b5ab8a4f1132fbe0b9,2026-07-21 08:07:47,2026-06-06 14:01:41,royal,glory,19,21,Final,2026-05-16 18:00:00
2026-05-16-BOS-MTL,iengler,15.76,15.93,ograff,2.35,22.51,0,0,0,"zsinger,tallen1,iengler,tchan,ldecraene,ograff,kdelorenz",False,2026-05-16-BOS-MTL,4,6,2,4,484,1,1,True,True,184,away,131,1778971233.0,18,False,"mbrichet,jgiard,phooley,ngagnon,arousseau,rsalvas,jduquette",132,259,834e03d7a498bd129c6ffca360ef4b55300b89602f67d93c7617ce27ed3b0e3e,1778971233.0,False,184,484.0,14.9373525097321,-13.41,6.58,63.8638014392207,4a7174229bfc451d0947714a625cb069b4d33048ade3b8f812d1e6c278aa5d49,0.980967769745932,0.0190322302540676,0.619489562652287,0.619489562652287,0.648760953271828,0.925514173307632,1924.0,-2,0.194,0.0292713906195409,0.0769266431259348,259,fa67e7f2ebccf797311a3e4e0e555318dcc8fee9,2026-07-21 08:07:47,2026-06-06 14:01:41,royal,glory,19,21,Final,2026-05-16 18:00:00
2026-05-16-BOS-MTL,ograff,2.35,22.51,zsinger,8.09,17.54,0,0,0,"zsinger,tallen1,iengler,tchan,ldecraene,ograff,kdelorenz",False,2026-05-16-BOS-MTL,4,6,2,4,484,1,2,True,True,185,away,132,1778971237.0,18,False,"mbrichet,jgiard,phooley,ngagnon,arousseau,rsalvas,jduquette",133,260,99b49113401166361fa1a034301429c8b9eafe8dd7ec521c4d23ff68216bfd30,1778971237.0,False,185,478.285714285714,7.5926609301351,5.74,-4.97,-130.887771155282,4cf33230b88b2554fd203dd2d8895cef29c7b5420ee17090927739b3a4e16860,0.993164623365791,0.00683537663420908,0.619489562652287,0.648909860318998,0.635274099819506,0.932832835172544,1918.28571428571,-2,0.196,-0.0136357604994924,-0.0358354440801633,260,3d720063b3ff8db7e443e4d13e7d58b67666e04e,2026-07-21 08:07:47,2026-06-06 14:01:41,royal,glory,19,21,Final,2026-05-16 18:00:00
2026-05-16-BOS-MTL,zsinger,8.09,17.54,ograff,-1.13,24.77,0,0,0,"zsinger,tallen1,iengler,tchan,ldecraene,ograff,kdelorenz",False,2026-05-16-BOS-MTL,4,6,2,4,484,1,3,True,True,186,away,133,1778971240.0,18,False,"mbrichet,jgiard,phooley,ngagnon,arousseau,rsalvas,jduquette",134,261,f9467c92ab6f1c20ebcb812ea35c23acfef3c09d92e7aee8dfd4cb6086d53dcb,1778971240.0,False,186,472.571428571429,11.7167102891554,-9.22,7.23,51.8977043957655,2c66da30e918357218bee4cafecc6f0f49c43bbd80f876686829409450557647,0.986405185783429,0.0135948142165715,0.619489562652287,0.635378900811048,0.654975118073798,0.918388474432569,1912.57142857143,-2,0.193,0.0195962172627507,0.0514998153515657,261,05197d1a05fb5edbc7dab7f978e10449fa953c56,2026-07-21 08:07:47,2026-06-06 14:01:41,royal,glory,19,21,Final,2026-05-16 18:00:00
2026-05-16-BOS-MTL,ograff,-1.13,24.77,zsinger,-1.39,17.48,0,0,0,"zsinger,tallen1,iengler,tchan,ldecraene,ograff,kdelorenz",False,2026-05-16-BOS-MTL,4,6,2,4,484,1,4,True,True,187,away,134,1778971243.0,18,False,"mbrichet,jgiard,phooley,ngagnon,arousseau,rsalvas,jduquette",135,262,d8a595aa3f80d88e8ec1be414eda16a53991a8184bc73b09301144b552fc66db,1778971243.0,False,187,466.857142857143,7.29463501485852,-0.26,-7.29,177.957394905744,52dcbc0aa4374650cac6570e311475fec4200c299feb5013a545c3e669dd8fec,0.99390069660431,0.00609930339568954,0.619489562652287,0.655035102648817,0.636724397289838,0.933234136133713,1906.85714285714,-2,0.195,-0.0183107053589798,-0.0481214273295935,262,15409b90e6214d26f26b9574c54e08e3ae505d44,2026-07-21 08:07:47,2026-06-06 14:01:41,royal,glory,19,21,Final,2026-05-16 18:00:00
2026-05-16-BOS-MTL,zsinger,-1.39,17.48,ograff,5.96,26.0,0,0,0,"zsinger,tallen1,iengler,tchan,ldecraene,ograff,kdelorenz",False,2026-05-16-BOS-MTL,4,6,2,4,484,1,5,True,True,188,away,135,1778971249.0,18,False,"mbrichet,jgiard,phooley,ngagnon,arousseau,rsalvas,jduquette",136,263,a841c4593c4e8ba8ddef7740889884a9aa0792ca967b1bd82b7a8e999a1ef7e7,1778971249.0,False,188,461.142857142857,11.2522397770399,7.35,8.52,-40.7835535949242,f44eb0c25c4853f0f050cf0f996f053198fc66137384d7f28ff915c59b60b8e6,0.98663944603399,0.0133605539660102,0.619489562652287,0.636745878038875,0.657727748233778,0.91409712748038,1901.14285714286,-2,0.193,0.0209818701949029,0.0551413788834643,263,1b590022992bd9f132446eb80d0e382eae857f8e,2026-07-21 08:07:47,2026-06-06 14:01:41,royal,glory,19,21,Final,2026-05-16 18:00:00
2026-05-16-BOS-MTL,ograff,5.96,26.0,tallen1,5.25,40.64,0,0,0,"zsinger,tallen1,iengler,tchan,ldecraene,ograff,kdelorenz",False,2026-05-16-BOS-MTL,4,6,2,4,484,1,6,True,True,189,away,136,1778971256.0,18,False,"mbrichet,jgiard,phooley,ngagnon,arousseau,rsalvas,jduquette",137,264,732c76bf8ef1ed1f864a6a50fcb979e614dce8c148eb67d4abf028d33fa3815b,1778971256.0,False,189,455.428571428571,14.657206418687,-0.71,14.64,2.77651335155576,ee2e94f83a0c09fa1195c95f657f57f0f540fee32cf5359b81ca810d9970f2bb,0.975652775853106,0.0243472241468936,0.619489562652287,0.657713023938568,0.702739703498608,0.858634545177171,1895.42857142857,-2,0.187,0.0450266795600403,0.118332311391749,264,db5e2f5d38b96e38bc32088b2065eaa39c27b939,2026-07-21 08:07:47,2026-06-06 14:01:41,royal,glory,19,21,Final,2026-05-16 18:00:00
2026-05-16-BOS-MTL,tallen1,5.25,40.64,ldecraene,-0.04,104.19,0,0,0,"zsinger,tallen1,iengler,tchan,ldecraene,ograff,kdelorenz",False,2026-05-16-BOS-MTL,4,7,2,4,484,1,7,True,True,190,away,137,1778971273.0,19,False,"mbrichet,jgiard,phooley,ngagnon,arousseau,rsalvas,jduquette",138,266,d6e101a5a88424af163665341ff00478afe9b0bb4ac2a7da6f3b15e8ba5d7038,1778971273.0,False,190,449.714285714286,63.7697937898501,-5.29,63.55,4.7584186710817,80d8ee9798fdb43ad7a3ec1fd3e3254998b576d59ccb813edffb928c24928145,0.60654466795589,0.39345533204411,0.619489562652287,0.702695964838163,1.0,0.642810311291534,1889.71428571429,-2,0.15,0.297304035161837,0.781329514202416,266,a3576ab28b0614b24a1c54275b04fde359292717,2026-07-21 08:07:47,2026-06-06 14:01:41,royal,glory,19,21,Final,2026-05-16 18:00:00
2026-05-16-BOS-MTL,jbrissett,13.69,8.37,eforget,2.76,19.44,0,0,0,"maugersem,jbrissett,jduquette,eforget,kquinlan,sruelle,ctremblay",True,2026-05-16-BOS-MTL,4,7,2,5,444,1,1,True,True,191,home,129,1778971321.0,18,False,"jcarreiro,mraymond,ograff,ghaflin,sfisherol,bmccann,itran",130,269,6c42615b6f11eb98c2d7f7dbbfa76443442feac885bab8ba81c9dee29ed8ad17,1778971321.0,False,191,444.0,15.556664166845,-10.93,11.07,44.6353954156142,b4ad36d6c2cf03b9144d25bef4b43a1b32c07fd074877e2d3cb49b62a25be0ee,0.980102839000713,0.019897160999287,0.60833473559928,0.60833473559928,0.641233066213899,0.933162839323251,1884.0,-3,0.156,0.0328983306146191,0.0839960384665622,269,84536c4b4a0065df7df0f1da53bffb966ca6736b,2026-07-21 08:07:47,2026-06-06 14:01:41,royal,glory,19,21,Final,2026-05-16 18:00:00
2026-05-16-BOS-MTL,eforget,2.76,19.44,kquinlan,-10.06,28.17,0,0,0,"maugersem,jbrissett,jduquette,eforget,kquinlan,sruelle,ctremblay",True,2026-05-16-BOS-MTL,4,7,2,5,444,1,2,True,True,192,home,130,1778971325.0,18,False,"jcarreiro,mraymond,ograff,ghaflin,sfisherol,bmccann,itran",131,271,93da06a60a962e112a8918409cfbed4b812b08e87faa18f0742c7337d6f6cfc8,1778971325.0,False,192,439.6,15.5101676328788,-12.82,8.73,55.7464191934857,9b02160d8db0d18e7e9b3ae3ec4019c37727c6c9f5b17216687949ec4bc3e71b,0.979923752794445,0.0200762472055552,0.60833473559928,0.64115475145474,0.661803710907138,0.905748222031719,1879.6,-3,0.157,0.0206489594523988,0.0527209362923551,271,f89ae7b045c2fcd0e7b75d44181c947c24d65357,2026-07-21 08:07:47,2026-06-06 14:01:41,royal,glory,19,21,Final,2026-05-16 18:00:00
2026-05-16-BOS-MTL,kquinlan,-10.06,28.17,sruelle,-19.17,59.05,0,0,0,"maugersem,jbrissett,jduquette,eforget,kquinlan,sruelle,ctremblay",True,2026-05-16-BOS-MTL,4,7,2,5,444,1,3,True,True,193,home,131,1778971328.0,18,False,"jcarreiro,mraymond,ograff,ghaflin,sfisherol,bmccann,itran",132,272,1f71b52612061ecad071e4dcc053fd7f8ab2158a43850a4131c7b18fc1e9c5de,1778971328.0,False,193,435.2,32.1957528254893,-9.11,30.88,16.4367419786668,c5cb9aee50a2c9a5e1cf672d8f96162becf3f925e274823797db519778f7518b,0.898364624796634,0.101635375203366,0.60833473559928,0.661713670868045,0.755097786115347,0.760988545661476,1875.2,-3,0.167,0.0933841152473016,0.238428381925027,272,62938d02850c791e2430ce436480ed5e146c1f7c,2026-07-21 08:07:47,2026-06-06 14:01:41,royal,glory,19,21,Final,2026-05-16 18:00:00
2026-05-16-BOS-MTL,sruelle,-19.17,59.05,ctremblay,-17.56,69.75,0,0,0,"maugersem,jbrissett,jduquette,eforget,kquinlan,sruelle,ctremblay",True,2026-05-16-BOS-MTL,4,7,2,5,444,1,4,True,True,194,home,132,1778971331.0,18,False,"jcarreiro,mraymond,ograff,ghaflin,sfisherol,bmccann,itran",133,273,ac3c210ae6749258d1da3d9bfa316748e7c257da363a799d07406c3631ebaef2,1778971331.0,False,194,430.8,10.8204482347082,1.61,10.7,-8.5569483890574,0707b4668a70dfc2d8b98032b7d08f416156b7f594e992eee20085553159f745,0.977126028200479,0.0228739717995208,0.60833473559928,0.755013156579328,0.807275703818972,0.721308604866782,1870.8,-3,0.174,0.0522625472396435,0.133436768562077,273,8e087c1362829317d8711f1d26513ff6cff51ba4,2026-07-21 08:07:47,2026-06-06 14:01:41,royal,glory,19,21,Final,2026-05-16 18:00:00
2026-05-16-BOS-MTL,ctremblay,-17.56,69.75,sruelle,-10.93,64.15,0,0,0,"maugersem,jbrissett,jduquette,eforget,kquinlan,sruelle,ctremblay",True,2026-05-16-BOS-MTL,4,7,2,5,444,1,5,True,True,195,home,133,1778971335.0,18,False,"jcarreiro,mraymond,ograff,ghaflin,sfisherol,bmccann,itran",134,274,5ce579722b6cc616a26c36b0f33c3fbd6bf47bde2df51a66b62c366bdabcda43,1778971335.0,False,195,426.4,8.67853098168117,6.63,-5.59999999999999,-130.185959436443,1adab049460002040d9c49cfc8b772465e667216d787b349343fc547fa9bdd3e,0.982571844325692,0.0174281556743078,0.60833473559928,0.807196907643311,0.791964084921608,0.756820350289713,1866.4,-3,0.172,-0.0152328227217029,-0.0388924525768461,274,05b86e92800fa48439270a650f186f7194805e7e,2026-07-21 08:07:47,2026-06-06 14:01:41,royal,glory,19,21,Final,2026-05-16 18:00:00
2026-05-16-BOS-MTL,sruelle,-10.93,64.15,ctremblay,-16.03,70.92,0,0,0,"maugersem,jbrissett,jduquette,eforget,kquinlan,sruelle,ctremblay",True,2026-05-16-BOS-MTL,4,7,2,5,444,1,6,True,True,196,home,134,1778971336.0,18,False,"jcarreiro,mraymond,ograff,ghaflin,sfisherol,bmccann,itran",135,275,40f77b0ab6825abbfba8b51cf5b57ea8f4820a11058762dabe8c5a63c9b2e72c,1778971336.0,False,196,422.0,8.4760191127675,-5.1,6.77,36.9915732570833,fffec40df723ff1a9e557dee4c940109ff004fe94b8bf10331ba25ab4b2825b0,0.983125097722778,0.0168749022772218,0.60833473559928,0.79187367729149,0.815369501352446,0.721077364569872,1862.0,-3,0.175,0.0234958240609557,0.0599895528057774,275,8883145197a6518463ce9920ba66777717ea5397,2026-07-21 08:07:47,2026-06-06 14:01:41,royal,glory,19,21,Final,2026-05-16 18:00:00
2026-05-16-BOS-MTL,ctremblay,-16.03,70.92,sruelle,-21.06,79.73,0,0,0,"maugersem,jbrissett,jduquette,eforget,kquinlan,sruelle,ctremblay",True,2026-05-16-BOS-MTL,4,7,2,5,444,1,7,True,True,197,home,135,1778971338.0,18,False,"jcarreiro,mraymond,ograff,ghaflin,sfisherol,bmccann,itran",136,276,405e868d84e56622b373b9fd11a3ce9b72d91dc0463b4f7faab5d7e16ecfd76c,1778971338.0,False,197,417.6,10.1448016244774,-5.03,8.81,29.7238656066585,5c19c98f6692b2bf1392be37e1488bf8ff1fd84a3faba2d4166bada2304f9947,0.97909612858449,0.0209038714155098,0.60833473559928,0.815281512032164,0.841770155040794,0.667744224795289,1857.6,-3,0.179,0.0264886430086309,0.0676308200298555,276,46d373e5ef17e56428520696ac05c3f2c32189b8,2026-07-21 08:07:47,2026-06-06 14:01:41,royal,glory,19,21,Final,2026-05-16 18:00:00
2026-05-16-BOS-MTL,sruelle,-21.06,79.73,ctremblay,-12.03,67.79,0,0,0,"maugersem,jbrissett,jduquette,eforget,kquinlan,sruelle,ctremblay",True,2026-05-16-BOS-MTL,4,7,2,5,444,1,8,True,True,198,home,136,1778971345.0,18,False,"jcarreiro,mraymond,ograff,ghaflin,sfisherol,bmccann,itran",137,277,6695136c4469f59e7baec3bcc117576d5962f52c3a2a556a5e4487f9c01486e4,1778971345.0,False,198,413.2,14.9701202399981,9.03,-11.94,-142.900461180959,c1b0dd19f2b59f215318effdaaf2220d549fc53d9eeb10c97af09894a55535c4,0.968805387961623,0.0311946120383774,0.60833473559928,0.841688414093969,0.806512260629233,0.740692397050109,1853.2,-3,0.174,-0.0351761534647362,-0.0898117772035737,277,edfee6e225e855a1a67f032d8dfd30fb8169a0ea,2026-07-21 08:07:47,2026-06-06 14:01:41,royal,glory,19,21,Final,2026-05-16 18:00:00
2026-05-16-BOS-MTL,ctremblay,-12.03,67.79,eforget,6.19,75.72,0,0,0,"maugersem,jbrissett,jduquette,eforget,kquinlan,sruelle,ctremblay",True,2026-05-16-BOS-MTL,4,7,2,5,444,1,9,True,True,199,home,137,1778971348.0,18,False,"jcarreiro,mraymond,ograff,ghaflin,sfisherol,bmccann,itran",138,278,212734a62df81de16a7438a09f937a336167e49adb2a13a6401f3999b075811c,1778971348.0,False,199,408.8,19.8709159325885,18.22,7.92999999999999,-66.4795902804248,d80f915d70688144373575755ce4a1d52cf69f3b04248055a7c70ab5681b4822,0.949655755620313,0.0503442443796873,0.60833473559928,0.80641295592973,0.842733786813591,0.714339729526766,1848.8,-3,0.179,0.0363208308838616,0.0927343683117661,278,d67c6571b6d2db8e01cfaceb2dd14aff821d56eb,2026-07-21 08:07:47,2026-06-06 14:01:41,royal,glory,19,21,Final,2026-05-16 18:00:00
2026-05-16-BOS-MTL,eforget,6.19,75.72,ctremblay,-14.87,106.74,0,0,0,"maugersem,jbrissett,jduquette,eforget,kquinlan,sruelle,ctremblay",True,2026-05-16-BOS-MTL,5,7,2,5,444,1,10,True,True,200,home,138,1778971365.0,19,False,"jcarreiro,mraymond,ograff,ghaflin,sfisherol,bmccann,itran",139,279,3539aafa4e36a3545a67df3a4695e6ba3eb7db3ae997b399e98835ff628647d3,1778971365.0,False,200,404.4,37.4935194400312,-21.06,31.02,34.1732428498655,8e997099f986523fbb1cef3f6dc062c2c2a8e79d3b01f2c4579ee172f3ef07aa,0.812623710612427,0.187376289387573,0.60833473559928,0.842647306105831,1.0,0.630886558065525,1844.4,-3,0.198,0.157352693894169,0.401752997256297,279,2381857160b201e09b3424295493f9981ffe8d6e,2026-07-21 08:07:47,2026-06-06 14:01:41,royal,glory,19,21,Final,2026-05-16 18:00:00
2026-05-16-BOS-MTL,ndick,1.64,15.09,tedmonds,0.93,24.0,0,0,0,"bsadok,rdinger,ndick,pboerth,jbabbitt,tedmonds,tdecraene",False,2026-05-16-BOS-MTL,5,7,2,6,400,1,1,True,True,201,away,142,,18,False,"jbernat,ycohonner,adub,cguay,rlalondel,wstpierre,tlalondel",143,284,cf8f6e8e26f53018e561f13100182f7813c211c1b908187c3472779e2ba05617,1778971462.17647,True,201,400.0,8.93824367535368,-0.71,8.91,4.55602990764339,27679caace574e9dbeac81449070cb8111d4f4238d661d2c9ed67ca042a6740c,0.989524379548504,0.0104756204514955,0.629817185850778,0.629817185850778,0.65167970117671,0.920477876248741,1840.0,-2,0.193,0.0218625153259318,0.0590586988112282,284,9d08e3412af0f8ce708995683ab5ce77a52d91f9,2026-07-21 08:07:47,2026-06-06 14:01:41,royal,glory,19,21,Final,2026-05-16 18:00:00
2026-05-16-BOS-MTL,tedmonds,0.93,24.0,jbabbitt,1.51,31.87,0,0,0,"bsadok,rdinger,ndick,pboerth,jbabbitt,tedmonds,tdecraene",False,2026-05-16-BOS-MTL,5,7,2,6,400,1,2,True,True,202,away,143,,18,False,"jbernat,ycohonner,adub,cguay,rlalondel,wstpierre,tlalondel",144,285,060cc98a3d5a135039c5c8efc19276d547e4f2d7cdc509995a4e1444eb7931a0,1778971467.35294,True,202,393.142857142857,7.89134335838962,0.58,7.87,-4.21494072863139,f5013d9db66675f3ca8b03960428f0e96489f85e2a5c8dc928e9c7e7bb449df3,0.989462543274901,0.0105374567250994,0.629817185850778,0.65144464782959,0.673573217947624,0.892773925320813,1833.14285714286,-2,0.191,0.0221285701180344,0.0597774107069008,285,03b0fab870932395d735d805700200c17dee0486,2026-07-21 08:07:47,2026-06-06 14:01:41,royal,glory,19,21,Final,2026-05-16 18:00:00
2026-05-16-BOS-MTL,jbabbitt,1.51,31.87,tedmonds,2.67,26.77,0,0,0,"bsadok,rdinger,ndick,pboerth,jbabbitt,tedmonds,tdecraene",False,2026-05-16-BOS-MTL,5,7,2,6,400,1,3,True,True,203,away,144,,18,False,"jbernat,ycohonner,adub,cguay,rlalondel,wstpierre,tlalondel",145,286,3bf3fdfc070687ed7bd5c35b9d552966f906b22b12016bd20131122d38e4c5e0,1778971472.52941,True,203,386.285714285714,5.23025811982545,1.16,-5.1,-167.186022785736,8927cb3e65e2a6317d5e649a256b6dfdd7c17479d41716f78739db7d4e835359,0.99390798705131,0.00609201294869022,0.629817185850778,0.673349331491347,0.658580503664139,0.911013113338566,1826.28571428571,-2,0.192,-0.0147688278272086,-0.0398960385590867,286,bc563ebcb7fb8261c527c65af6acacf4771107d6,2026-07-21 08:07:47,2026-06-06 14:01:41,royal,glory,19,21,Final,2026-05-16 18:00:00
2026-05-16-BOS-MTL,tedmonds,2.67,26.77,jbabbitt,8.86,27.87,0,0,0,"bsadok,rdinger,ndick,pboerth,jbabbitt,tedmonds,tdecraene",False,2026-05-16-BOS-MTL,5,7,2,6,400,1,4,True,True,204,away,145,,18,False,"jbernat,ycohonner,adub,cguay,rlalondel,wstpierre,tlalondel",146,287,cf881a0150b7557e6735e2aace4953547824a17b2801fe853cad53fde8fab7f8,1778971477.70588,True,204,379.428571428571,6.28697860661224,6.19,1.1,-79.9233898864386,2cf14ceb7e418baf00a627a7ac873befb0e210ab14b4300f3e6b37eef8901b9c,0.991965350153004,0.00803464984699576,0.629817185850778,0.65836099511217,0.659683044328632,0.906538250709221,1819.42857142857,-2,0.192,0.00132204921646295,0.00357134141816219,287,80d0f164fd04c6b966d96da286c52505079c777c,2026-07-21 08:07:47,2026-06-06 14:01:41,royal,glory,19,21,Final,2026-05-16 18:00:00
2026-05-16-BOS-MTL,jbabbitt,8.86,27.87,pboerth,-12.55,28.51,0,0,0,"bsadok,rdinger,ndick,pboerth,jbabbitt,tedmonds,tdecraene",False,2026-05-16-BOS-MTL,5,7,2,6,400,1,5,True,True,205,away,146,,18,False,"jbernat,ycohonner,adub,cguay,rlalondel,wstpierre,tlalondel",147,288,30adb45698dcb75bb55ed5e43c645fe26c4fcda9eef9998d18ccbf7ca10cbe7e,1778971482.88235,True,205,372.571428571429,21.4195634876157,-21.41,0.640000000000001,88.2877915649347,512a1c06167003601e9a54ad5b9aff1b303bfd3496fdc7743b4da440fa4c23f2,0.972161381054627,0.0278386189453725,0.629817185850778,0.659478860732663,0.658220872227873,0.902583485911904,1812.57142857143,-2,0.192,-0.00125798850478986,-0.00339828986302634,288,b9ada94d7472402696ccbb6306afb933553dce9b,2026-07-21 08:07:47,2026-06-06 14:01:41,royal,glory,19,21,Final,2026-05-16 18:00:00
2026-05-16-BOS-MTL,pboerth,-12.55,28.51,ndick,-6.62,35.22,0,0,0,"bsadok,rdinger,ndick,pboerth,jbabbitt,tedmonds,tdecraene",False,2026-05-16-BOS-MTL,5,7,2,6,400,1,6,True,True,206,away,147,,18,False,"jbernat,ycohonner,adub,cguay,rlalondel,wstpierre,tlalondel",148,289,33c11901aab59cbd0ce39355ba3f3a1376335e73da97f99cbf37dbca158b4431,1778971488.05882,True,206,365.714285714286,8.95483109835132,5.93,6.71,-41.4688204019909,bca20a4718ba8e6e0aa227b1fbd9ec9b912f7daf089f02c52cd9a6c8a6fc8c8a,0.98621720171256,0.0137827982874397,0.629817185850778,0.658036843025556,0.68231351984663,0.879140740997713,1805.71428571429,-2,0.189,0.0242766768210734,0.065580237366955,289,d3701ee9a8b8c466dbcfe3e02571a7ac873bb5e0,2026-07-21 08:07:47,2026-06-06 14:01:41,royal,glory,19,21,Final,2026-05-16 18:00:00
2026-05-16-BOS-MTL,ndick,-6.62,35.22,tedmonds,7.12,38.38,0,0,0,"bsadok,rdinger,ndick,pboerth,jbabbitt,tedmonds,tdecraene",False,2026-05-16-BOS-MTL,5,7,2,6,400,1,7,True,True,207,away,148,,18,False,"jbernat,ycohonner,adub,cguay,rlalondel,wstpierre,tlalondel",149,290,7cbe9cb38550b4a7256abc2dc4bd3a8fb66a07f04c1f7d9e32566d909c2ed6ad,1778971493.23529,True,207,358.857142857143,14.0986949750677,13.74,3.16,-77.0480275868748,65c79902a8784ca6c8e4adac62fa2cabdc5a81d46edd90874726a3b4279f01fb,0.981363851578518,0.018636148421482,0.629817185850778,0.68216136211997,0.692235469681784,0.866320051513127,1798.85714285714,-2,0.188,0.0100741075618136,0.027213871570366,290,620bd0d93787d1bcb98b8d49bca7fc9581f77e54,2026-07-21 08:07:47,2026-06-06 14:01:41,royal,glory,19,21,Final,2026-05-16 18:00:00
2026-05-16-BOS-MTL,tedmonds,7.12,38.38,ndick,7.7,43.03,0,0,0,"bsadok,rdinger,ndick,pboerth,jbabbitt,tedmonds,tdecraene",False,2026-05-16-BOS-MTL,5,7,2,6,400,1,8,True,True,208,away,149,,18,False,"jbernat,ycohonner,adub,cguay,rlalondel,wstpierre,tlalondel",150,291,a1a96a6254c63c0b2c52ca88af9e9415c5046ce8b3926d5b4502c5c5bf04de60,1778971498.41176,True,208,352.0,4.68603243693425,0.58,4.65,-7.1098507114812,67dd4b9b20099be7ce64f3cf8106ad33fcfb728c62a0511fdb08af95cb518247,0.990648076960268,0.00935192303973165,0.629817185850778,0.692112755700807,0.707883259596159,0.846805051692249,1792.0,-2,0.186,0.015770503895352,0.042601934213496,291,8d5df18f1d1f5f38fdeb5ef358a514b561d7de11,2026-07-21 08:07:47,2026-06-06 14:01:41,royal,glory,19,21,Final,2026-05-16 18:00:00
2026-05-16-BOS-MTL,ndick,7.7,43.03,pboerth,-2.17,49.61,0,0,0,"bsadok,rdinger,ndick,pboerth,jbabbitt,tedmonds,tdecraene",False,2026-05-16-BOS-MTL,5,7,2,6,400,1,9,True,True,209,away,152,,18,False,"jbernat,ycohonner,adub,cguay,rlalondel,wstpierre,tlalondel",153,295,94289839b9930bede5343baadda319a240b05860c1ba2d1885bf2510973db998,1778971513.94118,True,209,345.142857142857,11.8622636962765,-9.87,6.58,56.3099324740202,c109162ab848fa568924a091b5c0275b3bd71b6f4ebc2b8d70d012f93bcda0ee,0.981619782109667,0.0183802178903327,0.629817185850778,0.707786148272503,0.733132733540955,0.819289954764877,1785.14285714286,-2,0.182,0.0253465852684527,0.0684704537856676,295,c95dffad39922c9cef0f36a9942a681ede53abe9,2026-07-21 08:07:47,2026-06-06 14:01:41,royal,glory,19,21,Final,2026-05-16 18:00:00
2026-05-16-BOS-MTL,pboerth,-2.17,49.61,tdecraene,-4.04,59.93,0,0,0,"bsadok,rdinger,ndick,pboerth,jbabbitt,tedmonds,tdecraene",False,2026-05-16-BOS-MTL,5,7,2,6,400,1,10,True,True,210,away,153,,18,False,"jbernat,ycohonner,adub,cguay,rlalondel,wstpierre,tlalondel",154,297,446d3d3e48b7e3a79b00c6366ccd7092326f910a688c9a9e8502edc0a8c4c32e,1778971519.11765,True,210,338.285714285714,10.4880551104578,-1.87,10.32,10.2706429544433,a4cef1a38f400a9c7e2780a7335953ef96dec01cd124d052b1ff3d55d1d93a4b,0.980928344689921,0.0190716553100787,0.629817185850778,0.733057146329089,0.774415835252121,0.775033962114972,1778.28571428571,-2,0.177,0.041358688923032,0.111725037852136,297,506fff9bb0582066d2e74b00a95e68bb498ad0d5,2026-07-21 08:07:47,2026-06-06 14:01:41,royal,glory,19,21,Final,2026-05-16 18:00:00
2026-05-16-BOS-MTL,tdecraene,-4.04,59.93,pboerth,1.32,59.8,0,0,0,"bsadok,rdinger,ndick,pboerth,jbabbitt,tedmonds,tdecraene",False,2026-05-16-BOS-MTL,5,7,2,6,400,1,11,True,True,211,away,154,,18,False,"jbernat,ycohonner,adub,cguay,rlalondel,wstpierre,tlalondel",155,298,6e31f6e9557263c4ae36d900f61005491d8162e80ec71d62b859af5e4df79229,1778971524.29412,True,211,331.428571428571,5.36157626076511,5.36,-0.130000000000003,-91.3893640580175,16aeffb5b2327f313cf6f86c31df50e10fd267b0e4428a0276182134969b7f0a,0.98964144010897,0.0103585598910296,0.629817185850778,0.774358859475628,0.774054481448182,0.775710292404233,1771.42857142857,-2,0.177,-0.000304378027446428,-0.000822237056428374,298,a06c840564a154184044cfd78d8cc8760c1aae6f,2026-07-21 08:07:47,2026-06-06 14:01:41,royal,glory,19,21,Final,2026-05-16 18:00:00
2026-05-16-BOS-MTL,pboerth,1.32,59.8,ndick,-7.45,75.16,0,0,0,"bsadok,rdinger,ndick,pboerth,jbabbitt,tedmonds,tdecraene",False,2026-05-16-BOS-MTL,5,7,2,6,400,1,12,True,True,212,away,155,,18,False,"jbernat,ycohonner,adub,cguay,rlalondel,wstpierre,tlalondel",156,299,256756d646518009f2ad96a42bc5103cec15dc6bd50c4ba79da78b18aab874b2,1778971529.47059,True,212,324.571428571429,17.6873542396821,-8.77,15.36,29.7247916135043,16457716a70daeef422a2afb177bbe95b95bac5353e83569fd85be5a5ffc2bba,0.956956887837092,0.0430431121629085,0.629817185850778,0.774003932653599,0.838974016507424,0.714179309445447,1764.57142857143,-2,0.167,0.0649700838538249,0.175508104024611,299,0eeb0c731391bdf99989bfe24ac858fc484aa014,2026-07-21 08:07:47,2026-06-06 14:01:41,royal,glory,19,21,Final,2026-05-16 18:00:00
2026-05-16-BOS-MTL,ndick,-7.45,75.16,rdinger,-16.93,89.61,0,0,0,"bsadok,rdinger,ndick,pboerth,jbabbitt,tedmonds,tdecraene",False,2026-05-16-BOS-MTL,5,7,2,6,400,1,13,True,True,213,away,156,,18,False,"jbernat,ycohonner,adub,cguay,rlalondel,wstpierre,tlalondel",157,300,32baca74a9746c96fd023be3310686dcc27262f0da2686b0bec23a68ef5bc730,1778971534.64706,True,213,317.714285714286,17.2821555368536,-9.48,14.45,33.2670924050375,6c768e78e856f68b308270aa37a7a5527c2ce20798794d33592a80f6276c46ee,0.958505024641246,0.041494975358754,0.629817185850778,0.838936865195731,0.891753680297729,0.65124189019448,1757.71428571429,-2,0.158,0.0528168151019981,0.142677652995278,300,a96d40dd9826f9c5ead131a3c2e2d3b8700ecf9c,2026-07-21 08:07:47,2026-06-06 14:01:41,royal,glory,19,21,Final,2026-05-16 18:00:00
2026-05-16-BOS-MTL,rdinger,-16.93,89.61,jbabbitt,-21.25,104.7,0,0,0,"bsadok,rdinger,ndick,pboerth,jbabbitt,tedmonds,tdecraene",False,2026-05-16-BOS-MTL,5,8,2,6,400,1,14,True,True,214,away,157,,19,False,"jbernat,ycohonner,adub,cguay,rlalondel,wstpierre,tlalondel",158,301,4c8b58bde5d15385b34fe15936d8b9f8943375c0d8bfac23f79916c2e9566376,1778971539.82353,True,214,310.857142857143,15.6961938061429,-4.32,15.09,15.9754803190103,f6b430291db19acef2f72ece3fafd3f58afdeee369c2a59e0e34595e4a598bed,0.951451592107217,0.048548407892783,0.629817185850778,0.891726260667261,1.0,0.602007027775739,1750.85714285714,-2,0.15,0.108273739332739,0.292487212248307,301,37a25cdf00137388f0a4d06e689266b3a7703f06,2026-07-21 08:07:47,2026-06-06 14:01:41,royal,glory,19,21,Final,2026-05-16 18:00:00
2026-05-16-BOS-MTL,jbrissett,0.0,60.0,maugersem,-8.53,66.91,0,0,0,"maugersem,jbrissett,jduquette,eforget,kquinlan,sruelle,ctremblay",True,2026-05-16-BOS-MTL,5,8,2,7,304,1,1,True,True,215,home,143,1778971583.0,18,False,"ldecraene,jcarreiro,tallen1,iengler,bmccann,kdelorenz,sfisherol",144,304,d1e343f1fbdd1cc6ccec5740b30e0cac45230fb788637a0992a555e3c80c2477,1778971583.0,False,215,304.0,10.9776591311627,-8.53,6.91,50.9896884331041,2e46a898a2d0e20f231806d79ea968656446bd1a3f1a58676b7d00b852c974f1,0.979238271544636,0.0207617284553639,0.774704318674333,0.774704318674333,0.803031990364236,0.745050150768641,1744.0,-3,0.172,0.0283276716899039,0.125735529075482,304,13d6deb239f515c1c627aea6a89fdf030db467d1,2026-07-21 08:07:47,2026-06-06 14:01:41,royal,glory,19,21,Final,2026-05-16 18:00:00
2026-05-16-BOS-MTL,maugersem,-8.53,66.91,ctremblay,-13.41,77.69,0,0,0,"maugersem,jbrissett,jduquette,eforget,kquinlan,sruelle,ctremblay",True,2026-05-16-BOS-MTL,5,8,2,7,304,1,2,True,True,216,home,144,1778971586.0,18,False,"ldecraene,jcarreiro,tallen1,iengler,bmccann,kdelorenz,sfisherol",145,305,e1bd99f76c9203671cde95a963fedbae5469b5de9ebca525e12f59289b788ec0,1778971586.0,False,216,296.857142857143,11.8331230028256,-4.88,10.78,24.3557951668672,6e8a1ebe6b1f1b6c843cf455288f45a734ee50e7e052062644382445f6a1e24f,0.972728129778242,0.0272718702217583,0.774704318674333,0.802970551720615,0.846598944020271,0.699167006841789,1736.85714285714,-3,0.178,0.0436283922996556,0.193649483394182,305,75b798b93adabada26d3f518d27b3cc39300c0fe,2026-07-21 08:07:47,2026-06-06 14:01:41,royal,glory,19,21,Final,2026-05-16 18:00:00
2026-05-16-BOS-MTL,ctremblay,-13.41,77.69,kquinlan,-21.79,92.69,0,0,0,"maugersem,jbrissett,jduquette,eforget,kquinlan,sruelle,ctremblay",True,2026-05-16-BOS-MTL,5,8,2,7,304,1,3,True,True,217,home,145,1778971590.0,18,False,"ldecraene,jcarreiro,tallen1,iengler,bmccann,kdelorenz,sfisherol",146,306,7ae980faf1c7aef832bd0528cf8032bbe2b2aab32c7ce926152e6591fb70e16b,1778971590.0,False,217,289.714285714286,17.1820953320601,-8.38,15.0,29.1906367852247,912c2ad68461c73e3bcff444c1301e9afb5ac67349840079ef965b048055d846,0.954394878378241,0.0456051216217587,0.774704318674333,0.846537325962677,0.893903299197304,0.618497857012829,1729.71428571429,-3,0.186,0.0473659732346271,0.210239153080609,306,c48000f9ff90cd74f0224c561026c33e020d8ad2,2026-07-21 08:07:47,2026-06-06 14:01:41,royal,glory,19,21,Final,2026-05-16 18:00:00
2026-05-16-BOS-MTL,kquinlan,-21.79,92.69,maugersem,-18.73,83.51,0,0,0,"maugersem,jbrissett,jduquette,eforget,kquinlan,sruelle,ctremblay",True,2026-05-16-BOS-MTL,5,8,2,7,304,1,4,True,True,218,home,146,1778971592.0,18,False,"ldecraene,jcarreiro,tallen1,iengler,bmccann,kdelorenz,sfisherol",147,307,5be3ef5c20ba78b126fc0f122e7f4b8f087b87346b74e863b76cd51215f93cf6,1778971592.0,False,218,282.571428571429,9.67656964011523,3.06,-9.17999999999999,-161.565051177078,7b0ac9373788d1f4a1b43f9efd2237fcd735d24fb526c3dd9ab37c14667d0906,0.977950062296747,0.0220499377032528,0.774704318674333,0.893847665138365,0.863572676610691,0.663181181118661,1722.57142857143,-3,0.181,-0.0302749885276736,-0.134378911968183,307,69e6fcb16615b7554e093f2bceb06301a6bad574,2026-07-21 08:07:47,2026-06-06 14:01:41,royal,glory,19,21,Final,2026-05-16 18:00:00
2026-05-16-BOS-MTL,maugersem,-18.73,83.51,kquinlan,-9.7,79.51,0,0,0,"maugersem,jbrissett,jduquette,eforget,kquinlan,sruelle,ctremblay",True,2026-05-16-BOS-MTL,5,8,2,7,304,1,5,True,True,219,home,147,1778971594.0,18,False,"ldecraene,jcarreiro,tallen1,iengler,bmccann,kdelorenz,sfisherol",148,308,b3461754b61ec244b69fc0b0ea82add1388ae1ea6d2913ac9632e1707338f545,1778971594.0,False,219,275.428571428571,9.87627966392204,9.03,-4.0,-113.891804384741,e708f2de6b06036ac7b8d6902275a28cc4dedf51d53e1c78159f957ef8d3ee4c,0.973937751392369,0.026062248607631,0.774704318674333,0.863487279559003,0.856358488614485,0.696936618372803,1715.42857142857,-3,0.18,-0.00712879094451824,-0.0316419334031241,308,263628b6e2b7e29b0858e689d7c83139de22743f,2026-07-21 08:07:47,2026-06-06 14:01:41,royal,glory,19,21,Final,2026-05-16 18:00:00
2026-05-16-BOS-MTL,kquinlan,-9.7,79.51,maugersem,-13.34,72.88,0,0,0,"maugersem,jbrissett,jduquette,eforget,kquinlan,sruelle,ctremblay",True,2026-05-16-BOS-MTL,5,8,2,7,304,1,6,True,True,220,home,148,1778971600.0,18,False,"ldecraene,jcarreiro,tallen1,iengler,bmccann,kdelorenz,sfisherol",149,309,dc2ed0c4b1de33ccb264854ce8143b958963eeddf58e6a8e35fb692ce8dc1878,1778971600.0,False,220,268.285714285714,7.56349786805021,-3.64,-6.63000000000001,151.232350661156,46b17d7e2474b057bca673a14df6e37827c72f7bfc1a58ee8ec4e198994f90a8,0.98474820475446,0.0152517952455402,0.774704318674333,0.856249109735212,0.825453835206104,0.716409242441855,1708.28571428571,-3,0.175,-0.0307952745291077,-0.136688259392743,309,759064681713a42afae4fc79b2c8904c20383b50,2026-07-21 08:07:47,2026-06-06 14:01:41,royal,glory,19,21,Final,2026-05-16 18:00:00
2026-05-16-BOS-MTL,maugersem,-13.34,72.88,eforget,13.11,110.09,0,0,0,"maugersem,jbrissett,jduquette,eforget,kquinlan,sruelle,ctremblay",True,2026-05-16-BOS-MTL,6,8,2,7,304,1,7,True,True,221,home,149,1778971618.0,19,False,"ldecraene,jcarreiro,tallen1,iengler,bmccann,kdelorenz,sfisherol",150,310,0ae0c1e1d192dd35089a0f5efddd1caa81d75dbf8e213e80fac7c474253bb527,1778971618.0,False,221,261.142857142857,45.6528925699128,26.45,37.21,-35.4063727622127,f28d55a7c89f5715376aa39f4deccef4e8341a7467477f2c8cffbd9ccadb18cf,0.7213326736682,0.2786673263318,0.774704318674333,0.82529827971999,1.0,0.632693705640336,1701.14285714286,-3,0.198,0.17470172028001,0.775433063128613,310,0a73a2fc5539434ec0ab1769407124300a61ff54,2026-07-21 08:07:47,2026-06-06 14:01:41,royal,glory,19,21,Final,2026-05-16 18:00:00
2026-05-16-BOS-MTL,rdinger,14.86,14.06,bsadok,-0.75,19.8,0,0,0,"rdinger,tedmonds,pboerth,tdecraene,bsadok,jbabbitt,ndick",False,2026-05-16-BOS-MTL,6,8,2,8,254,1,1,True,True,222,away,162,1778971669.0,18,False,"mbrichet,jgiard,phooley,ngagnon,arousseau,rsalvas,maugersem",163,315,390e7273173e9e9f8ca8fb6cdb6423e4d11b5180496288a08684465731610d42,1778971669.0,False,222,254.0,16.6318880467613,-15.61,5.74,69.8108685497632,367a654db2219621f63d5d1e767b9e2666ec95a81173bc9f3700f0ecac08300d,0.979845741787606,0.0201542582123938,0.61335619358194,0.61335619358194,0.637793873410767,0.931999179662704,1694.0,-2,0.193,0.0244376798288266,0.0632046328511552,315,ce86f73f6b75de2e0ce4d242cbbbcf451222a7c5,2026-07-21 08:07:47,2026-06-06 14:01:41,royal,glory,19,21,Final,2026-05-16 18:00:00
2026-05-16-BOS-MTL,bsadok,-0.75,19.8,rdinger,11.96,32.58,0,0,0,"rdinger,tedmonds,pboerth,tdecraene,bsadok,jbabbitt,ndick",False,2026-05-16-BOS-MTL,6,8,2,8,254,1,2,True,True,223,away,163,1778971672.0,18,False,"mbrichet,jgiard,phooley,ngagnon,arousseau,rsalvas,maugersem",164,316,b98afa22949ab0290f5dfe4571901483ba03a8eac5a42e7e4a64d22ff49f1af3,1778971672.0,False,223,248.153846153846,18.02421981668,12.71,12.78,-44.8426561599157,14f3aaef6e2f7fe8060ab594198a4e4fd8dfb18c626acd6ed2949b61e8420d45,0.972612802617778,0.0273871973822222,0.61335619358194,0.637507414967458,0.667845216357996,0.886882357128272,1688.15384615385,-2,0.19,0.0303378013905379,0.0784644701064603,316,42b22f46ffb5c13f3f711b548e91250063522972,2026-07-21 08:07:47,2026-06-06 14:01:41,royal,glory,19,21,Final,2026-05-16 18:00:00
2026-05-16-BOS-MTL,rdinger,11.96,32.58,ndick,0.41,36.7,0,0,0,"rdinger,tedmonds,pboerth,tdecraene,bsadok,jbabbitt,ndick",False,2026-05-16-BOS-MTL,6,8,2,8,254,1,3,True,True,224,away,164,1778971679.0,18,False,"mbrichet,jgiard,phooley,ngagnon,arousseau,rsalvas,maugersem",165,317,ca6f8533b2e60678501aa6e1574adeaaca433cb2436b66cdee5e5385020a866f,1778971679.0,False,224,242.307692307692,12.2628259385837,-11.55,4.12,70.3681765144579,9b09b98a542996f5320d3826434912c1c2ee48f6e3f2027e2f42f0259f59e47c,0.983394509224209,0.0166054907757909,0.61335619358194,0.667530907030065,0.685326788910658,0.872371749940972,1682.30769230769,-2,0.187,0.0177958818805923,0.0460265536009918,317,343c326cb7e7ee2736ab0d9a0edc86fc1df165f2,2026-07-21 08:07:47,2026-06-06 14:01:41,royal,glory,19,21,Final,2026-05-16 18:00:00
2026-05-16-BOS-MTL,ndick,0.41,46.7,tedmonds,5.12,53.22,0,0,0,"rdinger,tedmonds,pboerth,tdecraene,bsadok,jbabbitt,ndick",False,2026-05-16-BOS-MTL,6,8,2,8,254,1,4,True,True,225,away,166,1778971698.0,18,False,"mbrichet,jgiard,phooley,ngagnon,arousseau,rsalvas,maugersem",167,319,2ee6c81b67338ec8f64b1e5ae515cb484e7946ddaa2968be5f2b79083c6ad9d7,1778971698.0,False,225,236.461538461538,8.04328912821117,4.71,6.52,-35.8440694142451,6dfdb9984155bc8555953cef0d1259b6de77de794c27095b5208e863bb98452e,0.986475549823027,0.0135244501769732,0.61335619358194,0.719918742365946,0.744726703971,0.801630331994104,1676.46153846154,-2,0.18,0.0248079616050539,0.0641623147539321,319,bac4c0e8a3f7d74e401f44c4715f8053166b903f,2026-07-21 08:07:47,2026-06-06 14:01:41,royal,glory,19,21,Final,2026-05-16 18:00:00
2026-05-16-BOS-MTL,tedmonds,5.12,53.22,tdecraene,-3.97,58.25,0,0,0,"rdinger,tedmonds,pboerth,tdecraene,bsadok,jbabbitt,ndick",False,2026-05-16-BOS-MTL,6,8,2,8,254,1,5,True,True,226,away,167,1778971703.0,18,False,"mbrichet,jgiard,phooley,ngagnon,arousseau,rsalvas,maugersem",168,320,724bcbb7f559e8de233c96e39d771ee86d116ddc9dc0b1e5f7553c7b7c47fb70,1778971703.0,False,226,230.615384615385,10.3888882947118,-9.09,5.03,61.0418172787881,6c4d0bfde2ebaec4b68cc3d4f4124efd3c920af93e91fc9cb0fb1008b4ff4f55,0.982948950786752,0.0170510492132482,0.61335619358194,0.74438188007854,0.765099046442286,0.779886377319378,1670.61538461538,-2,0.177,0.0207171663637451,0.053582046368912,320,b0d0340b97e752881f9ebae37a61bf5ebd0de691,2026-07-21 08:07:47,2026-06-06 14:01:41,royal,glory,19,21,Final,2026-05-16 18:00:00
2026-05-16-BOS-MTL,tdecraene,-3.97,58.25,pboerth,-14.74,64.51,0,0,0,"rdinger,tedmonds,pboerth,tdecraene,bsadok,jbabbitt,ndick",False,2026-05-16-BOS-MTL,6,8,2,8,254,1,6,True,True,227,away,168,1778971708.0,18,False,"mbrichet,jgiard,phooley,ngagnon,arousseau,rsalvas,maugersem",169,321,6e71d86a365e0aa47bd9b446badbb997a611d0bacc8847b1cbffc7f1329f4488,1778971708.0,False,227,224.769230769231,12.4571465432498,-10.77,6.26000000000001,59.8329529203546,6ef649ccf63e23694b6faf4df0b4f862c7a1a99e2ed1accbf690561eef58f455,0.978783433261288,0.0212165667387122,0.61335619358194,0.764733527741999,0.785161851133468,0.745125702057068,1664.76923076923,-2,0.174,0.0204283233914692,0.0528349945152903,321,6abe25c49a98e7acbc76e955bf4e712a1f10cb89,2026-07-21 08:07:47,2026-06-06 14:01:41,royal,glory,19,21,Final,2026-05-16 18:00:00
2026-05-16-BOS-MTL,pboerth,-14.74,64.51,ndick,-19.9,73.8,0,0,0,"rdinger,tedmonds,pboerth,tdecraene,bsadok,jbabbitt,ndick",False,2026-05-16-BOS-MTL,6,8,2,8,254,1,7,True,True,228,away,169,1778971713.0,18,False,"mbrichet,jgiard,phooley,ngagnon,arousseau,rsalvas,maugersem",170,322,5615b8c6842c1753599cc0b627f8e04fbdd9ad329b0b95de6fcd97868b760f7d,1778971713.0,False,228,218.923076923077,10.6268386644383,-5.16,9.28999999999999,29.0493673035965,5d869a0e742071965b6bf47003eb06a842bde82e57f54766004a8951228bd841,0.980809663978469,0.0191903360215305,0.61335619358194,0.784779253639527,0.814752591748788,0.690062348002473,1658.92307692308,-2,0.169,0.0299733381092607,0.0775218369251516,322,e53374c1dbbaa5d7edf106beeddc1583aa1137e2,2026-07-21 08:07:47,2026-06-06 14:01:41,royal,glory,19,21,Final,2026-05-16 18:00:00
2026-05-16-BOS-MTL,ndick,-19.9,73.8,jbabbitt,-0.81,72.0,0,0,0,"rdinger,tedmonds,pboerth,tdecraene,bsadok,jbabbitt,ndick",False,2026-05-16-BOS-MTL,6,8,2,8,254,1,8,True,True,229,away,170,1778971717.0,18,False,"mbrichet,jgiard,phooley,ngagnon,arousseau,rsalvas,maugersem",171,323,78803d62ce955dfbb1373be71b4715c41e599f551e3a52142af87b3df1dadaa6,1778971717.0,False,229,213.076923076923,19.1746734000869,19.09,-1.8,-95.3865052619637,76edc7d6c123013f0e021bf59079192e2f45f6b89c97ab0d5b8cb244c7765377,0.953454447310424,0.0465455526895756,0.61335619358194,0.814372704616142,0.82331882134358,0.723074379451935,1653.07692307692,-2,0.168,0.00894611672743828,0.0231378767199629,323,d1bcd154da75fda72eb2ee3fe464c59be321bafa,2026-07-21 08:07:47,2026-06-06 14:01:41,royal,glory,19,21,Final,2026-05-16 18:00:00
2026-05-16-BOS-MTL,jbabbitt,-0.81,72.0,tedmonds,14.92,72.0,0,0,0,"rdinger,tedmonds,pboerth,tdecraene,bsadok,jbabbitt,ndick",False,2026-05-16-BOS-MTL,6,8,2,8,254,1,9,True,True,230,away,171,1778971720.0,18,False,"mbrichet,jgiard,phooley,ngagnon,arousseau,rsalvas,maugersem",172,324,8054f6cec70bf315c7404620dcd9a893aee239a692f9239dd9a9404d7718e2ac,1778971720.0,False,230,207.230769230769,15.73,15.73,0.0,-90.0,0580bcbfc2c74248d954be93b86356ca1c23d182883deb740df2e12c775e0536,0.973084000292397,0.0269159997076029,0.61335619358194,0.822914420530358,0.81596971037236,0.714410751724282,1647.23076923077,-2,0.169,-0.00694471015799836,-0.0179615192141197,324,f7de372b8948d232b2f3a391958151aec272cefd,2026-07-21 08:07:47,2026-06-06 14:01:41,royal,glory,19,21,Final,2026-05-16 18:00:00
2026-05-16-BOS-MTL,tedmonds,14.92,72.0,ndick,2.8,80.45,0,0,0,"rdinger,tedmonds,pboerth,tdecraene,bsadok,jbabbitt,ndick",False,2026-05-16-BOS-MTL,6,8,2,8,254,1,10,True,True,231,away,172,1778971724.0,18,False,"mbrichet,jgiard,phooley,ngagnon,arousseau,rsalvas,maugersem",173,325,dc63569c2aea89c0f8ad8bd1782caa7c7c2bffa00f4915a945b5098ffcc6de48,1778971724.0,False,231,201.384615384615,14.7748739419326,-12.12,8.45,55.1159950049683,ad8f80df24fc35350399e25893b2bb3a4eded33cdbf6bb5375de86d08e4937c5,0.962573118512979,0.0374268814870208,0.61335619358194,0.815510600827195,0.858711076898005,0.691209972598433,1641.38461538462,-2,0.162,0.0432004760708097,0.111731974891896,325,84ba43c37b75952506ecad176207bb57e16149e5,2026-07-21 08:07:47,2026-06-06 14:01:41,royal,glory,19,21,Final,2026-05-16 18:00:00
2026-05-16-BOS-MTL,ndick,2.8,80.45,jbabbitt,-15.64,85.16,0,0,0,"rdinger,tedmonds,pboerth,tdecraene,bsadok,jbabbitt,ndick",False,2026-05-16-BOS-MTL,6,8,2,8,254,1,11,True,True,232,away,173,1778971727.0,18,False,"mbrichet,jgiard,phooley,ngagnon,arousseau,rsalvas,maugersem",174,326,65eb65a1712a2c47cf0a566328895c16c8fc5f44303b416baca6b028f739b7ba,1778971727.0,False,232,195.538461538462,19.0320177595546,-18.44,4.70999999999999,75.6716944280575,66067a839a9f3a087d4d9b70f4df2adec99f954d9eadb07afc98e19605045cb8,0.957496475717134,0.0425035242828656,0.61335619358194,0.858304673423178,0.872558337426907,0.662828776203056,1635.53846153846,-2,0.16,0.0142536640037295,0.0368651036616314,326,8d20cc31fab74f9b3ffe766d510843e3993a3f19,2026-07-21 08:07:47,2026-06-06 14:01:41,royal,glory,19,21,Final,2026-05-16 18:00:00
2026-05-16-BOS-MTL,jbabbitt,-15.64,85.16,bsadok,-22.22,89.03,0,0,0,"rdinger,tedmonds,pboerth,tdecraene,bsadok,jbabbitt,ndick",False,2026-05-16-BOS-MTL,6,8,2,8,254,1,12,True,True,233,away,174,1778971734.0,18,False,"mbrichet,jgiard,phooley,ngagnon,arousseau,rsalvas,maugersem",175,327,363401c968162a9765075606a81f7d4600af769151d2e07156cf11a3965510b2,1778971734.0,False,233,189.692307692308,7.63369504237627,-6.58,3.87,59.5382605919262,500178efbbf91ab31d78e4bd4114fb850d1256aff07e32986fbd06be6924970b,0.979012098461138,0.0209879015388622,0.61335619358194,0.872151775221655,0.87406223371501,0.619764227589262,1629.69230769231,-2,0.159,0.00191045849335469,0.00494113305746066,327,7ff886d5a1f2d75b50721840de55f1242cfa6475,2026-07-21 08:07:47,2026-06-06 14:01:41,royal,glory,19,21,Final,2026-05-16 18:00:00
2026-05-16-BOS-MTL,bsadok,-22.22,89.03,tdecraene,-17.19,111.03,0,0,0,"rdinger,tedmonds,pboerth,tdecraene,bsadok,jbabbitt,ndick",False,2026-05-16-BOS-MTL,6,9,2,8,254,1,13,True,True,234,away,175,1778971740.0,19,False,"mbrichet,jgiard,phooley,ngagnon,arousseau,rsalvas,maugersem",176,328,6d9013cef153573e257a998264cc08e6b700fe4a205042c75e71272dc0c7a3c6,1778971740.0,False,234,183.846153846154,22.5676959391073,5.03,22.0,-12.8785372884978,3b5ebace0bbecfa1483d4155310ecfe54196db5fb6511c3fd40fd7e9fe5b0e09,0.897179478193024,0.102820521806976,0.61335619358194,0.873624470752925,1.0,0.613227192238911,1623.84615384615,-2,0.146,0.126375529247075,0.326852589254801,328,3050de8d4e296ceaf2e1484b889f6ac0393aac6b,2026-07-21 08:07:47,2026-06-06 14:01:41,royal,glory,19,21,Final,2026-05-16 18:00:00
2026-05-16-BOS-MTL,eforget,15.73,11.79,jbrissett,-1.17,23.59,0,0,0,"maugersem,jbrissett,jduquette,eforget,kquinlan,sruelle,ctremblay",True,2026-05-16-BOS-MTL,6,9,2,9,178,1,1,True,True,235,home,154,1778971799.0,18,False,"ograff,tchan,ghaflin,itran,tallen1,ldecraene,bmccann",155,333,de630575c10e7f40f30ec4580efd9dffd7b45bd42ad43cb459ab57b7e27b47a8,1778971799.0,False,235,178.0,20.6118897726531,-16.9,11.8,55.0762974711867,d8bca399cdb4cb861b9506adaea9d1768a2616066f788d9f8ec44557cc8ad6f5,0.967534116539628,0.0324658834603725,0.597685316108409,0.597685316108409,0.639627432629179,0.918287555587145,1618.0,-3,0.153,0.0419421165207702,0.104252015151582,333,25380a330dda848af81218e9fe449deddd3112ee,2026-07-21 08:07:47,2026-06-06 14:01:41,royal,glory,19,21,Final,2026-05-16 18:00:00
2026-05-16-BOS-MTL,jbrissett,-1.17,23.59,kquinlan,7.28,28.9,0,0,0,"maugersem,jbrissett,jduquette,eforget,kquinlan,sruelle,ctremblay",True,2026-05-16-BOS-MTL,6,9,2,9,178,1,2,True,True,236,home,155,1778971804.0,18,False,"ograff,tchan,ghaflin,itran,tallen1,ldecraene,bmccann",156,334,ec3cb7d44be5fb45eb4e384c2444d2584ffca7029116f6dea2ca5563269b6000,1778971804.0,False,236,172.75,9.97990981923183,8.45,5.31,-57.8546486233191,673d9e744d98f5622e284b54ecdc7b0465ca6f9c4d5b387e0a4e82e4f77a8282,0.988080268946336,0.0119197310536638,0.597685316108409,0.638649753465953,0.652354777654944,0.898737630431598,1612.75,-3,0.154,0.0137050241889908,0.0340654336958871,334,05cdbc81beea2319b7a5d5ccb3fb04608f35ae22,2026-07-21 08:07:47,2026-06-06 14:01:41,royal,glory,19,21,Final,2026-05-16 18:00:00
2026-05-16-BOS-MTL,kquinlan,7.28,28.9,eforget,20.47,42.81,0,0,0,"maugersem,jbrissett,jduquette,eforget,kquinlan,sruelle,ctremblay",True,2026-05-16-BOS-MTL,6,9,2,9,178,1,3,True,True,237,home,156,1778971807.0,18,False,"ograff,tchan,ghaflin,itran,tallen1,ldecraene,bmccann",157,335,b69765dfe714ee77ec5ac19187dc0d98b3be70852f4d83ffa8352a9af571180f,1778971807.0,False,237,167.5,19.1693557533893,13.19,13.91,-43.478108527258,77083b5adc923907d32191861e740850424a7a10e3b9a59b1604d896dabe05f2,0.973281067174165,0.0267189328258353,0.597685316108409,0.651274224754834,0.667075798542468,0.823855157264418,1607.5,-3,0.155,0.015801573787634,0.0392766518854976,335,2d54e6d091497914b6b4790bb9d023f64f740b00,2026-07-21 08:07:47,2026-06-06 14:01:41,royal,glory,19,21,Final,2026-05-16 18:00:00
2026-05-16-BOS-MTL,eforget,20.47,42.81,ctremblay,11.43,104.63,0,0,0,"maugersem,jbrissett,jduquette,eforget,kquinlan,sruelle,ctremblay",True,2026-05-16-BOS-MTL,7,9,2,9,178,1,4,True,True,238,home,157,1778971821.0,19,False,"ograff,tchan,ghaflin,itran,tallen1,ldecraene,bmccann",158,337,6f289ab24c68391456d1b0f117a69ed610c151b9bd7144976a2d105e6c22c0e4,1778971821.0,False,238,162.25,62.4774679384496,-9.04,61.82,8.31945346454721,319579c1f67c5c5824ccad16187feddea645ddca71b95d575f2e08c72c8d987b,0.547255378177817,0.452744621822183,0.597685316108409,0.665863161340069,1.0,0.623282551182164,1602.25,-3,0.194,0.334136838659931,0.830536025749357,337,012eb6077217d2fb558bb528916696d0c0216c62,2026-07-21 08:07:47,2026-06-06 14:01:41,royal,glory,19,21,Final,2026-05-16 18:00:00
2026-05-16-BOS-MTL,rdinger,4.22,21.93,bsadok,1.19,41.8,0,0,0,"bsadok,tedmonds,pboerth,rdinger,ndick,tdecraene,jbabbitt",False,2026-05-16-BOS-MTL,7,9,2,10,157,1,1,True,True,239,away,180,1778971866.0,18,False,"jbernat,ycohonner,adub,cguay,rlalondel,wstpierre,tlalondel",181,341,7df4a199532025ac1e0fe1744ac50c8af4da59cf50a54f00bb2f8dc30fb1e9ec,1778971866.0,False,239,157.0,20.0996965151218,-3.03,19.87,8.67030830365843,5289d8e82d9f8f4bfbd9a1d4a1afb8f6c6d5a348fc0d7b274f62def635aa44a5,0.960215248169325,0.0397847518306748,0.630165292325994,0.630165292325994,0.691515970569253,0.844575951001385,1597.0,-2,0.185,0.0613506782432588,0.165886751487199,341,b623c92398ea7a65f3db9d87f537963e43b95e5e,2026-07-21 08:07:47,2026-06-06 14:01:41,royal,glory,19,21,Final,2026-05-16 18:00:00
2026-05-16-BOS-MTL,bsadok,1.19,41.8,rdinger,9.31,44.77,0,0,0,"bsadok,tedmonds,pboerth,rdinger,ndick,tdecraene,jbabbitt",False,2026-05-16-BOS-MTL,7,9,2,10,157,1,2,True,True,240,away,181,1778971869.0,18,False,"jbernat,ycohonner,adub,cguay,rlalondel,wstpierre,tlalondel",182,342,e8b7b8ca2a4ce752530acb0beb1043cdb820f567ef8916bb7aeeb60a1a21f004,1778971869.0,False,240,151.0,8.64611473437636,8.12,2.97000000000001,-69.9093224769477,1360024811d17613682241a7d39819f321f662ebb20ed0bb009447c14d580657,0.987522527198667,0.0124774728013335,0.630165292325994,0.689698635150317,0.698551301892702,0.829133437214409,1591.0,-2,0.185,0.00885266674238516,0.0239368197702754,342,0fe9eabdd59b94c7b47221877bac7c3911eb1569,2026-07-21 08:07:47,2026-06-06 14:01:41,royal,glory,19,21,Final,2026-05-16 18:00:00
2026-05-16-BOS-MTL,rdinger,9.31,44.77,tedmonds,2.8,97.74,0,0,0,"bsadok,tedmonds,pboerth,rdinger,ndick,tdecraene,jbabbitt",False,2026-05-16-BOS-MTL,7,9,2,10,157,1,3,True,True,241,away,182,1778971890.0,18,False,"jbernat,ycohonner,adub,cguay,rlalondel,wstpierre,tlalondel",183,343,f6e7845a140c4d5fa56e0d52690ee1e2e89adb88518f2e3ced8d3929bd1d62bb,1778971890.0,False,241,145.0,53.368539421648,-6.51,52.97,7.00650199502887,79ca3cd5d33fa0c56e3ababb242bccb3ad88ec13d9542e25b1332302251f9c3e,0.655940290392917,0.344059709607083,0.630165292325994,0.69641644890026,0.919775380757525,0.626831884652326,1585.0,-2,0.151,0.223358931857265,0.603942591710853,343,007df5b6945d71b729beb246acfc0580aaaf0f44,2026-07-21 08:07:47,2026-06-06 14:01:41,royal,glory,19,21,Final,2026-05-16 18:00:00
2026-05-16-BOS-MTL,tedmonds,2.8,97.74,tdecraene,9.51,111.8,0,0,0,"bsadok,tedmonds,pboerth,rdinger,ndick,tdecraene,jbabbitt",False,2026-05-16-BOS-MTL,7,10,2,10,157,1,4,True,True,242,away,183,1778971892.0,19,False,"jbernat,ycohonner,adub,cguay,rlalondel,wstpierre,tlalondel",184,344,cdfb950c11281aba21cf3f4ad2c8b1a402d2785ce51081e05df11dc085e3f8d1,1778971892.0,False,242,139.0,15.5790789201416,6.71,14.06,-25.5123617505676,889b52283d096363b63ec26f32a5612c28154a6db0cf0c5cb4a5b05ae6006ba7,0.942151338634517,0.0578486613654825,0.630165292325994,0.918886422567621,1.0,0.616234157787324,1579.0,-2,0.145,0.0811135774323787,0.219323864822003,344,4796b13a7338d01979b16e076fb8a8750776b58a,2026-07-21 08:07:47,2026-06-06 14:01:41,royal,glory,19,21,Final,2026-05-16 18:00:00
2026-05-16-BOS-MTL,jbrissett,12.67,1.23,eforget,2.62,17.03,0,0,0,"maugersem,jbrissett,jduquette,eforget,kquinlan,sruelle,ctremblay",True,2026-05-16-BOS-MTL,7,10,2,11,133,1,1,True,True,243,home,162,1778971946.0,18,False,"ograff,tallen1,bmccann,ghaflin,tchan,ldecraene,jcarreiro",163,349,7a2d06cc4bd0a3cb762baec5e20175a8235e17fbeb301fb9d185a649f5d37367,1778971946.0,False,243,133.0,18.7254505953795,-10.05,15.8,32.4594585659433,b74b407a297b2e904e4796d42ba542283f45215e0c1610f2696d10181172602b,0.974451182503613,0.0255488174963874,0.56729526834401,0.56729526834401,0.607564191091345,0.925371029931005,1573.0,-3,0.15,0.0402689227473345,0.0930632826528673,349,05dd9f0ba17a07d4b2b17db53dc1fb6174688229,2026-07-21 08:07:47,2026-06-06 14:01:41,royal,glory,19,21,Final,2026-05-16 18:00:00
2026-05-16-BOS-MTL,eforget,2.62,17.03,kquinlan,-8.89,21.69,0,0,0,"maugersem,jbrissett,jduquette,eforget,kquinlan,sruelle,ctremblay",True,2026-05-16-BOS-MTL,7,10,2,11,133,1,2,True,True,244,home,163,1778971948.0,18,False,"ograff,tallen1,bmccann,ghaflin,tchan,ldecraene,jcarreiro",164,350,9c5970eaab676ac57dd5d72dbfaa1ea84186c7006d6c5cb3ee5adb043855ab16,1778971948.0,False,244,131.375,12.4175561202678,-11.51,4.66,67.9586813689543,df233ff4485a7b1dbe3da7ecb8a9fc5659cef336c1c01b62b54f1feb2a6f0f7e,0.986826316653658,0.0131736833463417,0.56729526834401,0.606557221911979,0.616629201139868,0.918879134938425,1571.375,-3,0.15,0.0100719792278893,0.0232767947541113,350,7324a69abfc3c750bc89e5911f33077d24bd4ae9,2026-07-21 08:07:47,2026-06-06 14:01:41,royal,glory,19,21,Final,2026-05-16 18:00:00
2026-05-16-BOS-MTL,kquinlan,-8.89,21.69,ctremblay,-17.86,33.27,0,0,0,"maugersem,jbrissett,jduquette,eforget,kquinlan,sruelle,ctremblay",True,2026-05-16-BOS-MTL,7,10,2,11,133,1,3,True,True,245,home,164,1778971951.0,18,False,"ograff,tallen1,bmccann,ghaflin,tchan,ldecraene,jcarreiro",165,351,8112a13bdc8a78ef052e73cda779457d5d14e0b2b625f53c6a807dfda8ba79b1,1778971951.0,False,245,129.75,14.6477745749994,-8.97,11.58,37.7617713725975,ec487dd00a72da18d7150c40edbe309ef908577d3f889bfe97ca641912ca7db0,0.982563654577046,0.0174363454229545,0.56729526834401,0.615588218437386,0.633372176762816,0.864829234954867,1569.75,-3,0.152,0.0177839583254299,0.0410995235882203,351,434f3609e06bc8b91882a5b3d88ad7d06802defd,2026-07-21 08:07:47,2026-06-06 14:01:41,royal,glory,19,21,Final,2026-05-16 18:00:00
2026-05-16-BOS-MTL,ctremblay,-17.86,33.27,eforget,-7.87,27.23,0,0,0,"maugersem,jbrissett,jduquette,eforget,kquinlan,sruelle,ctremblay",True,2026-05-16-BOS-MTL,7,10,2,11,133,1,4,True,True,246,home,165,1778971954.0,18,False,"ograff,tallen1,bmccann,ghaflin,tchan,ldecraene,jcarreiro",166,352,36bd993172df484c3ca490f06dfb37ee8fc15a0122cf5b2b7f33e9c6bc0e1bc2,1778971954.0,False,246,128.125,11.6739753297666,9.99,-6.04,-121.157351054449,77200c0bb4c4bf2f366e6efb3309ef072c2f666c523bf85e9db7c158b128ab33,0.98647957191306,0.0135204280869401,0.56729526834401,0.632306552439725,0.630243351519186,0.898156972853453,1568.125,-3,0.152,-0.00206320092053958,-0.00476814966326707,352,2c3b5c7e861aace8f0dfb7d1e980f2eb4edcb673,2026-07-21 08:07:47,2026-06-06 14:01:41,royal,glory,19,21,Final,2026-05-16 18:00:00
2026-05-16-BOS-MTL,eforget,-7.87,27.23,jbrissett,5.39,32.54,0,0,0,"maugersem,jbrissett,jduquette,eforget,kquinlan,sruelle,ctremblay",True,2026-05-16-BOS-MTL,7,10,2,11,133,1,5,True,True,247,home,166,1778971957.0,18,False,"ograff,tallen1,bmccann,ghaflin,tchan,ldecraene,jcarreiro",167,353,042f27e4987d21fd6c97f77cdfa5e5f12646f2fff844133465769c415b6b8bd0,1778971957.0,False,247,126.5,14.28368649894,13.26,5.31,-68.1762442669212,aebb867b1c704636bf133f334d4bc57ffc9bca184423611fe631dda3d74727a8,0.981632004192704,0.0183679958072955,0.56729526834401,0.629129615898836,0.64589852943402,0.876617024634116,1566.5,-3,0.153,0.0167689135351837,0.038753709650939,353,d90a5a1fbf74228671197ceb87f70a00e5c6b7f4,2026-07-21 08:07:47,2026-06-06 14:01:41,royal,glory,19,21,Final,2026-05-16 18:00:00
2026-05-16-BOS-MTL,jbrissett,5.39,32.54,jduquette,-0.95,39.46,0,0,0,"maugersem,jbrissett,jduquette,eforget,kquinlan,sruelle,ctremblay",True,2026-05-16-BOS-MTL,7,10,2,11,133,1,6,True,True,248,home,167,1778971962.0,18,False,"ograff,tallen1,bmccann,ghaflin,tchan,ldecraene,jcarreiro",168,354,ea998473215234ab0cbb206df78de269daf7f442bdde7bc34445cf3d1938604c,1778971962.0,False,248,124.875,9.38520111665168,-6.34,6.92,42.4954462197199,bc537d671ca2b185ece003ca6ceac2c085af71349a1d3aa7ad0fff505f1cdee3,0.98688815325254,0.0131118467474596,0.56729526834401,0.644760677230125,0.668464803461209,0.846126520026495,1564.875,-3,0.155,0.0237041262310831,0.0547812965676752,354,5e39b290701e476a70771965b34d98d98c0678a4,2026-07-21 08:07:47,2026-06-06 14:01:41,royal,glory,19,21,Final,2026-05-16 18:00:00
2026-05-16-BOS-MTL,jduquette,-0.95,39.46,eforget,-8.82,41.43,0,0,0,"maugersem,jbrissett,jduquette,eforget,kquinlan,sruelle,ctremblay",True,2026-05-16-BOS-MTL,7,10,2,11,133,1,7,True,True,249,home,168,1778971964.0,18,False,"ograff,tallen1,bmccann,ghaflin,tchan,ldecraene,jcarreiro",169,355,d4fc31c4b79e220aeba2c860795f720bbeddcd69f368e17cdf1af83996963d0a,1778971964.0,False,249,123.25,8.1128170199999,-7.87,1.97,75.9466277494708,bee9ad6b2e84a275c9dd08061f27fa6e1cd5ea3a3153ee65e14b8d12e8abcb14,0.988670292490281,0.0113297075097187,0.56729526834401,0.667317666586602,0.672820224452245,0.835368634202381,1563.25,-3,0.155,0.00550255786564324,0.0127166574873923,355,94575d20f195259b4c167b16818ef2e1a4add8a7,2026-07-21 08:07:47,2026-06-06 14:01:41,royal,glory,19,21,Final,2026-05-16 18:00:00
2026-05-16-BOS-MTL,eforget,-8.82,41.43,ctremblay,-13.92,53.37,0,0,0,"maugersem,jbrissett,jduquette,eforget,kquinlan,sruelle,ctremblay",True,2026-05-16-BOS-MTL,7,10,2,11,133,1,8,True,True,250,home,169,1778971966.0,18,False,"ograff,tallen1,bmccann,ghaflin,tchan,ldecraene,jcarreiro",170,356,469cb510c727dbaa44e520045c496bcb124e9fd0b9cb5e1207f7ef2bff20f46c,1778971966.0,False,250,121.625,12.9835896423139,-5.1,11.94,23.1290568347834,e579742cb4b25d70ae3803b5295b24f871a18fc09a20af831bde4aa1b3d9f0ce,0.976258401162589,0.023741598837411,0.56729526834401,0.671635470979925,0.714189518541924,0.773660443916644,1561.625,-3,0.159,0.0425540475619985,0.0983443083673741,356,5724190e15592d9eae6395ae314595e335937d87,2026-07-21 08:07:47,2026-06-06 14:01:41,royal,glory,19,21,Final,2026-05-16 18:00:00
2026-05-16-BOS-MTL,ctremblay,-13.92,53.37,jduquette,-0.08,45.43,0,0,0,"maugersem,jbrissett,jduquette,eforget,kquinlan,sruelle,ctremblay",True,2026-05-16-BOS-MTL,7,10,2,11,133,1,9,True,True,251,home,170,1778971972.0,18,False,"ograff,tallen1,bmccann,ghaflin,tchan,ldecraene,jcarreiro",171,357,389e7640caf61d3b8d82f40b1d44bd7449f307f07d98952486c02ef4073a91b4,1778971972.0,False,251,120.0,15.9558515911875,13.84,-7.94,-119.842868386525,e60faa5f006565dc1cb73a46a88291f50ef047d182e5e52057b7dfc373147cd5,0.979657431603763,0.0203425683962367,0.56729526834401,0.713047631068986,0.687087710138524,0.816369473060348,1560.0,-3,0.157,-0.025959920930462,-0.0599945390731264,357,832f15b5a97b2cdd2a9169ebe5159041547c6049,2026-07-21 08:07:47,2026-06-06 14:01:41,royal,glory,19,21,Final,2026-05-16 18:00:00
2026-05-16-BOS-MTL,jduquette,-0.08,45.43,sruelle,16.1,62.33,0,0,0,"maugersem,jbrissett,jduquette,eforget,kquinlan,sruelle,ctremblay",True,2026-05-16-BOS-MTL,7,10,2,11,133,1,10,True,True,252,home,171,1778971975.0,18,False,"ograff,tallen1,bmccann,ghaflin,tchan,ldecraene,jcarreiro",172,358,d197fbff2f835ead45c2f776ab64d417e9ddac3694965b4b35aa548aee064bc0,1778971975.0,False,252,118.375,23.3966322362856,16.18,16.9,-43.7531303265186,7d50158f51158804d551802435617f4572e4ae6cf7b55cd7526998d7e80d68b1,0.948158121753808,0.0518418782461925,0.56729526834401,0.685838727748875,0.746661865114598,0.72672301952884,1558.375,-3,0.163,0.0608231373657229,0.140564992513367,358,8e41a6b4fe07c8839e6bc953b35f166016019d6c,2026-07-21 08:07:47,2026-06-06 14:01:41,royal,glory,19,21,Final,2026-05-16 18:00:00
2026-05-16-BOS-MTL,sruelle,16.1,62.33,jduquette,1.67,62.62,0,0,0,"maugersem,jbrissett,jduquette,eforget,kquinlan,sruelle,ctremblay",True,2026-05-16-BOS-MTL,7,10,2,11,133,1,11,True,True,253,home,172,1778971982.0,18,False,"ograff,tallen1,bmccann,ghaflin,tchan,ldecraene,jcarreiro",173,359,730f65df82634067b1801a27568e3153f9b5027a0c7c22bf9b05f4a95f49a94b,1778971982.0,False,253,116.75,14.4329137737326,-14.43,0.289999999999999,88.8486805531806,9b8fe4cca9a709d969d09342b4ae045b65a4932a9809565b1357f849db11088d,0.97336669404501,0.0266333059549901,0.56729526834401,0.745520758079611,0.758316991456018,0.734504745847804,1556.75,-3,0.164,0.0127962333764067,0.029572668011821,359,f9ebb63e14aebe4385ab36e3074fc07f1efa5733,2026-07-21 08:07:47,2026-06-06 14:01:41,royal,glory,19,21,Final,2026-05-16 18:00:00
2026-05-16-BOS-MTL,jduquette,1.67,62.62,kquinlan,-7.95,68.73,0,0,0,"maugersem,jbrissett,jduquette,eforget,kquinlan,sruelle,ctremblay",True,2026-05-16-BOS-MTL,7,10,2,11,133,1,12,True,True,254,home,173,1778971986.0,18,False,"ograff,tallen1,bmccann,ghaflin,tchan,ldecraene,jcarreiro",174,360,d15a52b7960a556d17d5a9e6323aba808cebd610ddf952381ba6876cc4f213df,1778971986.0,False,254,115.125,11.3963371308504,-9.62,6.11000000000001,57.578935237493,92aa756938f6ba4a8e4df4de8e056e4130f5d41b01a4f29b7b5f85bbf09c9055,0.978433650686272,0.0215663493137276,0.56729526834401,0.757169809311644,0.784961914642265,0.705593025225804,1555.125,-3,0.167,0.027792105330621,0.0642287992189473,360,be1ac117b014edee1b5b258a2fe4beb3c2b7899a,2026-07-21 08:07:47,2026-06-06 14:01:41,royal,glory,19,21,Final,2026-05-16 18:00:00
2026-05-16-BOS-MTL,kquinlan,-7.95,68.73,jduquette,-0.3,64.22,0,0,0,"maugersem,jbrissett,jduquette,eforget,kquinlan,sruelle,ctremblay",True,2026-05-16-BOS-MTL,7,10,2,11,133,1,13,True,True,255,home,174,1778971988.0,18,False,"ograff,tallen1,bmccann,ghaflin,tchan,ldecraene,jcarreiro",175,361,4583b2b5a2b0a972a25f0d023ff77082c8f3f3b182257e34caa19b918f619f27,1778971988.0,False,255,113.5,8.88046169970909,7.65,-4.51000000000001,-120.521155992589,2f14984206b18685fbd3cd807380385b2552e0ce62f0e4e1605d908a3e5d99f3,0.985601376358414,0.0143986236415862,0.56729526834401,0.783866059772805,0.763474539293622,0.724962961786135,1553.5,-3,0.165,-0.020391520479183,-0.0471257164236298,361,9f1f15d78683eca4289079c3b348b0a45e0b36dc,2026-07-21 08:07:47,2026-06-06 14:01:41,royal,glory,19,21,Final,2026-05-16 18:00:00
2026-05-16-BOS-MTL,jduquette,-0.3,64.22,jbrissett,10.05,68.95,0,0,0,"maugersem,jbrissett,jduquette,eforget,kquinlan,sruelle,ctremblay",True,2026-05-16-BOS-MTL,7,10,2,11,133,1,14,True,True,256,home,175,1778971994.0,18,False,"ograff,tallen1,bmccann,ghaflin,tchan,ldecraene,jcarreiro",176,362,a873a15a3d2f0b6c8549e3c6ff9a6c350c17cb682d2ec06e1403b23336fc46e9,1778971994.0,False,256,111.875,11.3796045625496,10.35,4.73,-65.4393703389406,ae31b01b140027410eda32a0b7badf5b47b11aad1ca97d6a6585859e9d39d1fe,0.978760749093834,0.0212392509061664,0.56729526834401,0.762259587838797,0.782647519525211,0.70095323401463,1551.875,-3,0.167,0.0203879316864146,0.0471174225629302,362,2ea52a96ef369d227a5d0911280f5a92148550aa,2026-07-21 08:07:47,2026-06-06 14:01:41,royal,glory,19,21,Final,2026-05-16 18:00:00
2026-05-16-BOS-MTL,jbrissett,10.05,68.95,ctremblay,22.29,80.67,0,0,0,"maugersem,jbrissett,jduquette,eforget,kquinlan,sruelle,ctremblay",True,2026-05-16-BOS-MTL,7,10,2,11,133,1,15,True,True,257,home,176,1778972000.0,18,False,"ograff,tallen1,bmccann,ghaflin,tchan,ldecraene,jcarreiro",177,363,cde57ccd3685bbfd90280ab0d59223b8b53bfac28fac857fcba8f51f36df2817,1778972000.0,False,257,110.25,16.9462680257336,12.24,11.72,-46.2432858476626,d62619aa682202a9deb1bc8974765cdf88ca87292810a2c77e40024f1708ad5b,0.961746732010015,0.0382532679899852,0.56729526834401,0.781461707109681,0.812674476575086,0.613794376414448,1550.25,-3,0.171,0.0312127694654047,0.0721341071218505,363,17d3039e37997cf7449525829d4b4f947b840840,2026-07-21 08:07:47,2026-06-06 14:01:41,royal,glory,19,21,Final,2026-05-16 18:00:00
2026-05-16-BOS-MTL,ctremblay,22.29,80.67,,16.9,85.63,1,0,0,"maugersem,jbrissett,jduquette,eforget,kquinlan,sruelle,ctremblay",True,2026-05-16-BOS-MTL,7,10,2,11,133,1,16,True,True,258,home,177,1778972008.0,22,False,"ograff,tallen1,bmccann,ghaflin,tchan,ldecraene,jcarreiro",178,365,c4b63e88461fedb9b9a2e1a9cb3fffeb7cc97a12091d95531529c312ec766e2a,1778972008.0,False,258,108.625,7.32486859950402,-5.39,4.95999999999999,47.3790362082731,cee6b764fdae24ffb66b90a3a024fb03d6a01c714928a71d87a798495ee03b19,0.978794862080294,-0.978794862080294,0.56729526834401,0.811575414771124,0.852440377980849,0.622530845039479,1548.625,-3,0.11,-0.622530845039479,-0.622530845039479,365,ad58bca1a0e41ab71d3b851b15a2397f09331be3,2026-07-21 08:07:47,2026-06-06 14:01:41,royal,glory,19,21,Final,2026-05-16 18:00:00
2026-05-16-BOS-MTL,bmccann,-15.19,28.38,ldecraene,-7.65,30.06,0,0,0,"ograff,tallen1,bmccann,ghaflin,tchan,ldecraene,jcarreiro",False,2026-05-16-BOS-MTL,7,10,2,11,107,2,1,False,False,259,away,187,1778972009.0,18,False,"maugersem,jbrissett,jduquette,eforget,kquinlan,sruelle,ctremblay",188,366,f4890010f46563499a89a4fb5ac4ff74bbd6b3f06c196cf609f198b700c86fc7,1778972009.0,False,259,107.0,7.72489482129045,7.54,1.68,-77.4390126932699,ebbb677feb5c614c695505d4009c9c547dd097071b76bef6d06575a4a8a4f77a,0.988831468147926,0.0111685318520737,0.47912757781621,0.606259557486002,0.620333917984435,0.878880043662676,1547.0,-3,0.11,0.0140743604984332,0.0270207442341171,366,fba3f58789d0656e540466e371ba249713ea9718,2026-07-21 08:07:47,2026-06-06 14:01:41,royal,glory,19,21,Final,2026-05-16 18:00:00
2026-05-16-BOS-MTL,rdinger,-7.65,10.05,ndick,-0.1,27.09,0,0,0,"bsadok,tedmonds,pboerth,rdinger,ndick,tdecraene,jbabbitt",False,2026-05-16-BOS-MTL,7,10,2,11,59,2,2,False,True,260,away,191,1778972118.0,18,False,"jbernat,ycohonner,adub,cguay,rlalondel,wstpierre,tlalondel",192,373,59fe6f4c440074eabb2eacaa81345f5516495b5a5c90e3d55ed455fab55a2905,1778972118.0,False,260,59.0,18.6377064039543,7.55,17.04,-23.8969403340877,996ba89d79a3aa38fb8bcbaf886eb8e82e93b671bd8576a56d27930748df2ece,0.971165203793824,0.0288347962061763,0.47912757781621,0.47912757781621,0.525102800932959,0.852240023189862,1499.0,-3,0.115,0.0459752231167488,0.088265803983238,373,bf2d2d7837b3d052ad3278f1d011150b1cb83d17,2026-07-21 08:07:47,2026-06-06 14:01:41,royal,glory,19,21,Final,2026-05-16 18:00:00
2026-05-16-BOS-MTL,ndick,-0.1,27.09,pboerth,6.22,30.25,0,0,0,"bsadok,tedmonds,pboerth,rdinger,ndick,tdecraene,jbabbitt",False,2026-05-16-BOS-MTL,7,10,2,11,59,2,3,False,True,261,away,192,1778972121.0,18,False,"jbernat,ycohonner,adub,cguay,rlalondel,wstpierre,tlalondel",193,374,97cb6306ef7ba6f5760bda18ca9894e9b521c0dc3426dff533bc03629f759da3,1778972121.0,False,261,58.4,7.06597480889933,6.32,3.16,-63.434948822922,65762e7fd8782a840f9e8cb190e11cee655f6798cf2feb78919690df46f2393e,0.990984191970536,0.009015808029464,0.47912757781621,0.523495553849961,0.532731763706846,0.833731707640113,1498.4,-3,0.115,0.00923620985688522,0.0177321921136885,374,418e6cb8bbe14f3b3ce2ac6ff166f8a1e0d44c86,2026-07-21 08:07:47,2026-06-06 14:01:41,royal,glory,19,21,Final,2026-05-16 18:00:00
2026-05-16-BOS-MTL,pboerth,6.22,30.25,tedmonds,-1.07,22.12,0,0,0,"bsadok,tedmonds,pboerth,rdinger,ndick,tdecraene,jbabbitt",False,2026-05-16-BOS-MTL,7,10,2,11,59,2,4,False,True,262,away,193,1778972128.0,18,False,"jbernat,ycohonner,adub,cguay,rlalondel,wstpierre,tlalondel",194,375,bf8642c701e3a4c05972d36453707ff9d49f2c52ec2d94c71bab9550d41450f3,1778972128.0,False,262,57.8,10.9197527444535,-7.29,-8.13,138.118089002045,153826d36578c6f866dfab49dc42f09c831c6ee479e4b0e648f9903fe86f7ff4,0.991136002091103,0.00886399790889658,0.47912757781621,0.531113401621867,0.507245723458218,0.876260105329093,1497.8,-3,0.116,-0.0238676781636485,-0.0458225030681829,375,fe52320efdee34a43dcc04c987f52e4a9a91a53c,2026-07-21 08:07:47,2026-06-06 14:01:41,royal,glory,19,21,Final,2026-05-16 18:00:00
2026-05-16-BOS-MTL,tedmonds,-1.07,22.12,tdecraene,-16.03,49.54,0,0,0,"bsadok,tedmonds,pboerth,rdinger,ndick,tdecraene,jbabbitt",False,2026-05-16-BOS-MTL,7,10,2,11,59,2,5,False,True,263,away,194,1778972135.0,18,False,"jbernat,ycohonner,adub,cguay,rlalondel,wstpierre,tlalondel",195,376,f8f94aa35eff115fefffe0d0d285faba108b0b18b3a3e043454cd9d1f7c6adb2,1778972135.0,False,263,57.2,31.2355246474267,-14.96,27.42,28.6163154357351,6d50f80e1d642a2b1fccec5c0f81dd22d7a2bd4b77e3659841e2c67a09f55ffa,0.909177809515803,0.0908221904841966,0.47912757781621,0.50560701036237,0.594357327534216,0.706275692806159,1497.2,-3,0.111,0.0887503171718468,0.170387821262941,376,c7b47a9f5fbd105a82e0882a3f13dcb852cf7d7d,2026-07-21 08:07:47,2026-06-06 14:01:41,royal,glory,19,21,Final,2026-05-16 18:00:00
2026-05-16-BOS-MTL,tdecraene,-16.03,49.54,,-16.03,49.54,1,0,0,"bsadok,tedmonds,pboerth,rdinger,ndick,tdecraene,jbabbitt",False,2026-05-16-BOS-MTL,7,10,2,11,59,2,6,False,True,264,away,195,1778972139.0,22,False,"jbernat,ycohonner,adub,cguay,rlalondel,wstpierre,tlalondel",196,378,72b6bfcbe2e2d11bb670c897de9ac1822d09487222d7b987acacdb6d2a50cc67,1778972139.0,False,264,56.6,0.0,0.0,0.0,-90.0,6c0623726d5bdee4a505901c50340d5de625be900b862c693071a10ee199f0f6,0.5,-0.5,0.47912757781621,0.592762160971861,0.592762160971861,0.704902123313708,1496.6,-3,0.158,-0.704902123313708,-0.704902123313708,378,6a9667a867b693636d0a36e00f7a89ff1b71fdb1,2026-07-21 08:07:47,2026-06-06 14:01:41,royal,glory,19,21,Final,2026-05-16 18:00:00
2026-05-16-BOS-MTL,ycohonner,10.41,58.98,cguay,19.59,70.33,0,0,0,"jbernat,ycohonner,adub,cguay,rlalondel,wstpierre,tlalondel",True,2026-05-16-BOS-MTL,7,10,2,11,56,3,1,True,False,265,home,182,1778972145.0,18,False,"bsadok,tedmonds,pboerth,rdinger,ndick,tdecraene,jbabbitt",183,379,0d6cb5f6ccfcec3f11f2722d1f86caa5948c55973a30234255308df4677db759,1778972145.0,False,265,56.0,14.5977703776981,9.18,11.35,-38.9662982135102,926385371ae8b9651b94beca29cd2de14ecdb04433adffed8592f331509540fc,0.97556968520988,0.0244303147901196,0.647881079874087,0.647881079874087,0.68980128658398,0.578044225715512,1496.0,-3,0.156,0.0419202067098927,0.119051275901058,379,bd67bf2f666cfe69b7a9f3f2e90a21dc492ed1d6,2026-07-21 08:07:47,2026-06-06 14:01:41,royal,glory,19,21,Final,2026-05-16 18:00:00
2026-05-16-BOS-MTL,cguay,19.59,70.33,adub,19.81,84.24,0,0,0,"jbernat,ycohonner,adub,cguay,rlalondel,wstpierre,tlalondel",True,2026-05-16-BOS-MTL,7,10,2,11,56,3,2,True,False,266,home,183,1778972151.0,18,False,"bsadok,tedmonds,pboerth,rdinger,ndick,tdecraene,jbabbitt",184,380,d88a2398a1e71b0ffd83e628a0abb0c191b7e871b7fcf7663fff21196c6306d9,1778972151.0,False,266,41.6666666666667,13.9117396467875,0.219999999999999,13.91,-0.906112194139467,5c7cb6b433fb7c2b314a104b90b21b50c933f374a66bb11159ba7174b00e28b1,0.968071266206852,0.0319287337931484,0.647881079874087,0.650770140265995,0.745360763990982,0.473835558949352,1481.66666666667,-3,0.162,0.0945906237249869,0.268632607674596,380,6cd4a1bceae5427eea1b8f9ad654bd72c30c78a6,2026-07-21 08:07:47,2026-06-06 14:01:41,royal,glory,19,21,Final,2026-05-16 18:00:00
2026-05-16-BOS-MTL,adub,19.81,84.24,wstpierre,-6.05,104.78,0,0,0,"jbernat,ycohonner,adub,cguay,rlalondel,wstpierre,tlalondel",True,2026-05-16-BOS-MTL,8,10,2,11,56,3,3,True,False,267,home,184,1778972161.0,19,False,"bsadok,tedmonds,pboerth,rdinger,ndick,tdecraene,jbabbitt",185,382,1e4b22234b407a7c1073b0606ac75b77aaa25aee520620a8be2c9cbe87e572af,1778972161.0,False,267,27.3333333333333,33.0247059033082,-25.86,20.54,51.5406963508644,df95ad0525bb0c0f850f8694ea5603380f6f7ef5a8d36dde2e1212961b7cba41,0.816715844522847,0.183284155477153,0.647881079874087,0.702945630449756,1.0,0.399766850937911,1467.33333333333,-3,0.178,0.297054369550244,0.843619449486046,382,fdc7345a1dc623b73da36ade143a86ec70a23aac,2026-07-21 08:07:47,2026-06-06 14:01:41,royal,glory,19,21,Final,2026-05-16 18:00:00
2026-05-16-BOS-MTL,rdinger,17.96,17.35,bsadok,1.96,21.67,0,0,0,"bsadok,tedmonds,rdinger,tdecraene,jbabbitt,ldecraene,kdelorenz",False,2026-05-16-BOS-MTL,8,10,2,12,13,1,1,True,True,268,away,198,1778972214.0,18,False,"maugersem,jbernat,mbrichet,adub,tlalondel,ctremblay,jgiard",199,386,88e8d8b1c604f5b7aeffd5b7d8def3ff75d5366eb4b0be51848f3cdf8ec0bd23,1778972214.0,False,268,13.0,16.5729418028303,-16.0,4.32,74.8904248776595,d242d48c6eeb605bfa58a8296c1e168957781dfe0f8ac13b708d417c3c511cc5,0.97887338230611,0.0211266176938898,0.315761015769407,0.315761015769407,0.345825636732074,0.788584913115658,1453.0,-2,0.213,0.0300646209626669,0.0439387723522852,386,0ed39f8f3daff7e8986093919b6b694d2a127e54,2026-07-21 08:07:47,2026-06-06 14:01:41,royal,glory,19,21,Final,2026-05-16 18:00:00
2026-05-16-BOS-MTL,bsadok,1.96,21.67,rdinger,18.15,36.45,0,0,0,"bsadok,tedmonds,rdinger,tdecraene,jbabbitt,ldecraene,kdelorenz",False,2026-05-16-BOS-MTL,8,10,2,12,13,1,2,True,True,269,away,199,1778972216.0,18,False,"maugersem,jbernat,mbrichet,adub,tlalondel,ctremblay,jgiard",200,387,9b7a2ed204246148718768e63e9ffa43d4ea2d7e384ec9155cf2dfe2d4e0fd23,1778972216.0,False,269,9.75,21.9217814057161,16.19,14.78,-47.6067581585167,4e2eadb58b0b9145899cb8b61e7b7796ca08211842b4e902fb311a14b9da7505,0.969261113736966,0.0307388862630341,0.315761015769407,0.331717102682764,0.353717885364481,0.637953114505573,1449.75,-2,0.212,0.0220007826817172,0.0321536527277183,387,3ee929d75528cbfe787c872f87c68338599c6873,2026-07-21 08:07:47,2026-06-06 14:01:41,royal,glory,19,21,Final,2026-05-16 18:00:00
2026-05-16-BOS-MTL,rdinger,18.15,36.45,ldecraene,19.63,64.25,0,0,0,"bsadok,tedmonds,rdinger,tdecraene,jbabbitt,ldecraene,kdelorenz",False,2026-05-16-BOS-MTL,8,10,2,12,13,1,3,True,True,270,away,200,1778972219.0,18,False,"maugersem,jbernat,mbrichet,adub,tlalondel,ctremblay,jgiard",201,388,09731e70986d07e98028439c307d9085107382a61eaceba08085a40a89f98355,1778972219.0,False,270,6.5,27.839367808914,1.48,27.8,-3.04740207753626,ea9bab5ceef32f8433465e155de3a1b789c8c6b9565bd145d72388e8b7f9670a,0.911749053528445,0.0882509464715545,0.315761015769407,0.338951046908111,0.465458460462364,0.418478214017313,1446.5,-2,0.206,0.126507413554253,0.184887760665241,388,607f63f48a3dd255adb1ab6ec824d2c97395f89b,2026-07-21 08:07:47,2026-06-06 14:01:41,royal,glory,19,21,Final,2026-05-16 18:00:00
2026-05-16-BOS-MTL,ldecraene,19.63,64.25,,19.63,64.25,1,0,0,"bsadok,tedmonds,rdinger,tdecraene,jbabbitt,ldecraene,kdelorenz",False,2026-05-16-BOS-MTL,8,10,2,12,13,1,4,True,True,271,away,201,,22,False,"maugersem,jbernat,mbrichet,adub,tlalondel,ctremblay,jgiard",202,389,d314dce66b7837a9dc26232f766839607ae6788424312aea3372fe6c23174f15,1778972243.5,True,271,3.25,0.0,0.0,0.0,-90.0,17a3e909960a8739870350cc8dc0c38f5fedc529368bf8467712f4cf476bbfb2,0.5,-0.5,0.315761015769407,0.448703859059019,0.448703859059019,0.402142475534905,1443.25,-2,0.236,-0.402142475534905,-0.402142475534905,389,f80813d061842cc8b61c87b4b6d9f3f5b62810f3,2026-07-21 08:07:47,2026-06-06 14:01:41,royal,glory,19,21,Final,2026-05-16 18:00:00
2026-05-16-BOS-MTL,jbrissett,-10.13,16.01,eforget,-2.7,26.21,0,0,0,"maugersem,jbrissett,jduquette,eforget,kquinlan,sruelle,ctremblay",True,2026-05-16-BOS-MTL,8,10,3,1,720,1,1,True,True,272,home,190,1778973114.0,18,False,"itran,ograff,tallen1,jcarreiro,ldecraene,bmccann,ghaflin",191,394,fc46f9c49a482d065e6cffac087fd930fd910401f55bc9ad0eccf44c880e831c,1778973114.0,False,272,720.0,12.6192273931489,7.43,10.2,-36.0707691548101,332255a45039d1b8818eef87fe432a306aea88b35f5361b54fa6ec4d298d1132,0.983559053476127,0.0164409465238726,0.68423253220672,0.68423253220672,0.710036549817543,0.930586190343981,1440.0,-2,0.266,0.0258040176108235,0.0817184170084182,394,a39fb67a8ff5be36ad551359688644ff784a6a54,2026-07-21 08:07:47,2026-06-06 14:01:41,royal,glory,19,21,Final,2026-05-16 18:00:00
2026-05-16-BOS-MTL,eforget,-2.7,26.21,kquinlan,9.61,28.25,0,0,0,"maugersem,jbrissett,jduquette,eforget,kquinlan,sruelle,ctremblay",True,2026-05-16-BOS-MTL,8,10,3,1,720,1,2,True,True,273,home,191,1778973117.0,18,False,"itran,ograff,tallen1,jcarreiro,ldecraene,bmccann,ghaflin",192,395,07265274806f8a842350a07fa42011259bb2aa6a3e7c5c30d664bb224c60cf12,1778973117.0,False,273,714.972972972973,12.4778884431622,12.31,2.04,-80.5905197343826,b6e99c7cc489c0d57c473add9dc0908aeb0f01868443cc0218c76612ff9263e3,0.986139215049817,0.0138607849501834,0.68423253220672,0.703411234760078,0.706607351029948,0.921936843302601,1434.97297297297,-2,0.265,0.0031961162698696,0.0101217401913042,395,455567339f3a3a106e46373ee7ed0c0520b7e0fe,2026-07-21 08:07:47,2026-06-06 14:01:41,royal,glory,19,21,Final,2026-05-16 18:00:00
2026-05-16-BOS-MTL,kquinlan,9.61,28.25,ctremblay,15.44,46.6,0,0,0,"maugersem,jbrissett,jduquette,eforget,kquinlan,sruelle,ctremblay",True,2026-05-16-BOS-MTL,8,10,3,1,720,1,3,True,True,274,home,192,1778973119.0,18,False,"itran,ograff,tallen1,jcarreiro,ldecraene,bmccann,ghaflin",193,396,8c1888429e8a7b05db826d731e98721172058502873c3395932153733bb94508,1778973119.0,False,274,709.945945945946,19.2538671440311,5.83,18.35,-17.6256338880039,9a16ab19b9fae3a51497b20766e95170f2266113fff0e4822e7df8bcafb72e09,0.961660087075026,0.0383399129249743,0.68423253220672,0.700406866946505,0.748212292052412,0.85128965457098,1429.94594594595,-2,0.272,0.0478054251059072,0.151394396135841,396,bfbde052bd296bf5dbb8577fbe4430cff0f0ffbd,2026-07-21 08:07:47,2026-06-06 14:01:41,royal,glory,19,21,Final,2026-05-16 18:00:00
2026-05-16-BOS-MTL,ctremblay,15.44,46.6,,11.51,111.18,1,0,0,"maugersem,jbrissett,jduquette,eforget,kquinlan,sruelle,ctremblay",True,2026-05-16-BOS-MTL,8,10,3,1,720,1,4,True,True,275,home,193,1778973132.0,22,False,"itran,ograff,tallen1,jcarreiro,ldecraene,bmccann,ghaflin",194,397,9b37f0f0c97a8507b1730eced3eed164869158cbd8fe7a54388d50a63d079290,1778973132.0,False,275,704.918918918919,64.6994690859207,-3.93,64.58,3.4824259688379,36ac910aeaadecdb42b15a6fa36c449d596ae25522d3985d22ecfc7ce21d5ff0,0.560979903086894,-0.560979903086894,0.68423253220672,0.742984687262201,0.96418271094674,0.672543353975714,1424.91891891892,-2,0.186,-0.672543353975714,-0.672543353975714,397,ef2ceab51fda93f8547ff86dac3cc5d0129ee2f8,2026-07-21 08:07:47,2026-06-06 14:01:41,royal,glory,19,21,Final,2026-05-16 18:00:00
2026-05-16-BOS-MTL,itran,-0.23,18.51,bmccann,-14.68,23.16,0,0,0,"itran,ograff,tallen1,jcarreiro,ldecraene,bmccann,ghaflin",False,2026-05-16-BOS-MTL,8,10,3,1,720,2,1,False,False,276,away,206,,18,False,"maugersem,jbrissett,jduquette,eforget,kquinlan,sruelle,ctremblay",207,404,f38655ac0ef906f3634540addd1a0d2dd4b90c404009fe6dd9f56b2714c3c470,1778973261.0,True,276,699.891891891892,15.1797562562776,-14.45,4.65,72.1618606283072,f2246c86f0f11192513e7509f800a84c16ab5a769f99e8ecc1f61acc30515a72,0.984515630336421,0.0154843696635794,0.641139555340177,0.667060195088185,0.669906217731416,0.92896114327109,1419.89189189189,-2,0.186,0.00284602264323097,0.00793072261259896,404,207e3022d6f794963af144d2eea6c5e20daee941,2026-07-21 08:07:47,2026-06-06 14:01:41,royal,glory,19,21,Final,2026-05-16 18:00:00
2026-05-16-BOS-MTL,bmccann,-14.68,23.16,itran,-9.19,18.06,0,0,0,"itran,ograff,tallen1,jcarreiro,ldecraene,bmccann,ghaflin",False,2026-05-16-BOS-MTL,8,10,3,1,720,2,2,False,False,277,away,207,,18,False,"maugersem,jbrissett,jduquette,eforget,kquinlan,sruelle,ctremblay",208,405,2aed4cc32b57b1efddc96b1e74b4c8ab65b1578433a8c1f51749960846ab181c,1778973265.0,True,277,694.864864864865,7.49333704033123,5.49,-5.1,-132.890910262742,f2a5767ca64c799b3eb043bf712ab60fb33f5b5db2ce32cd5ca0f31c94dd4054,0.991885717103637,0.0081142828963634,0.641139555340177,0.664701216920947,0.658952946321856,0.938646695105467,1414.86486486487,-2,0.187,-0.005748270599091,-0.0160181226006672,405,a9c3c3419c0699f79e6da183fe915853193b454e,2026-07-21 08:07:47,2026-06-06 14:01:41,royal,glory,19,21,Final,2026-05-16 18:00:00
2026-05-16-BOS-MTL,itran,-9.19,18.06,bmccann,-13.77,17.35,0,0,0,"itran,ograff,tallen1,jcarreiro,ldecraene,bmccann,ghaflin",False,2026-05-16-BOS-MTL,8,10,3,1,720,2,3,False,False,278,away,208,,18,False,"maugersem,jbrissett,jduquette,eforget,kquinlan,sruelle,ctremblay",209,406,a453106d2552cf125157debf382c2490749cb3e3d9df8130c77b3be5a907c92d,1778973269.0,True,278,689.837837837838,4.63470603167019,-4.58,-0.709999999999997,98.8119546313725,ed1e6b2dacd36d09d1b560bd3ee01c64caa189c31e5c74b3b8ef9e982d58e72c,0.994022535269108,0.005977464730892,0.641139555340177,0.654105572662236,0.64743267221669,0.93583922536827,1409.83783783784,-2,0.188,-0.00667290044554536,-0.0185946948036328,406,6ab0f3cfe54f0d7ef3111645e66179252e524299,2026-07-21 08:07:47,2026-06-06 14:01:41,royal,glory,19,21,Final,2026-05-16 18:00:00
2026-05-16-BOS-MTL,bmccann,-13.77,17.35,itran,-5.91,17.29,0,0,0,"itran,ograff,tallen1,jcarreiro,ldecraene,bmccann,ghaflin",False,2026-05-16-BOS-MTL,8,10,3,1,720,2,4,False,False,279,away,209,,18,False,"maugersem,jbrissett,jduquette,eforget,kquinlan,sruelle,ctremblay",210,408,80e34d0a36bff31f3fbb7d46075bb9b883c6a5a4941223333597cdeca9f9b29f,1778973273.0,True,279,684.810810810811,7.86022900429752,7.86,-0.0600000000000023,-90.4373638675207,7a422e6858c18db89c55b4271f441eb8e26a2e45903aa5385f911167e65d6f01,0.991281465277447,0.00871853472255335,0.641139555340177,0.642941219469442,0.649048378260566,0.936611775591788,1404.81081081081,-2,0.188,0.00610715879112389,0.0170181999214572,408,0a1fbc315e3c126730c0403d64e2f18750e4f68c,2026-07-21 08:07:47,2026-06-06 14:01:41,royal,glory,19,21,Final,2026-05-16 18:00:00
2026-05-16-BOS-MTL,itran,-5.91,17.29,bmccann,5.64,18.45,0,0,0,"itran,ograff,tallen1,jcarreiro,ldecraene,bmccann,ghaflin",False,2026-05-16-BOS-MTL,8,10,3,1,720,2,5,False,False,280,away,210,,18,False,"maugersem,jbrissett,jduquette,eforget,kquinlan,sruelle,ctremblay",211,409,2f9aad91d807206c12cbba5d7f01ff03901978be00b5ee13238ad6369fd9b582,1778973277.0,True,280,679.783783783784,11.6081049271619,11.55,1.16,-84.2648501266848,5c514a27374d6998c16551c0a076255f3fd45e1f1fbfb4704e09bc7c96ad8077,0.988999754897065,0.0110002451029353,0.641139555340177,0.644979307482913,0.647776644117943,0.93555973078189,1399.78378378378,-2,0.188,0.00279733663502968,0.00779505425202652,409,c74d72fc9e859ad5a68f4921cc17576450d0ccd9,2026-07-21 08:07:47,2026-06-06 14:01:41,royal,glory,19,21,Final,2026-05-16 18:00:00
2026-05-16-BOS-MTL,bmccann,5.64,18.45,ograff,-3.46,18.45,0,0,0,"itran,ograff,tallen1,jcarreiro,ldecraene,bmccann,ghaflin",False,2026-05-16-BOS-MTL,8,10,3,1,720,2,6,False,False,281,away,211,,18,False,"maugersem,jbrissett,jduquette,eforget,kquinlan,sruelle,ctremblay",212,410,faff6d9aeb51febd1c1b01bee0f2cd29061a40c15c21d615080e8b371e775906,1778973281.0,True,281,674.756756756757,9.1,-9.1,0.0,90.0,829d20afd04d9768b63719806b72e9bdb3e87233418a81e60b5fadeb82d9153f,0.991471370553269,0.00852862944673116,0.641139555340177,0.644097830871567,0.644452178173416,0.934692622110476,1394.75675675676,-2,0.189,0.000354347301849467,0.000987423682722586,410,acc0e9bc9f73cd3460885648dc314550aedbf71f,2026-07-21 08:07:47,2026-06-06 14:01:41,royal,glory,19,21,Final,2026-05-16 18:00:00
2026-05-16-BOS-MTL,ograff,-3.46,18.45,itran,-19.38,31.8,0,0,0,"itran,ograff,tallen1,jcarreiro,ldecraene,bmccann,ghaflin",False,2026-05-16-BOS-MTL,8,10,3,1,720,2,7,False,False,282,away,212,,18,False,"maugersem,jbrissett,jduquette,eforget,kquinlan,sruelle,ctremblay",213,411,8d538c76cf94b220294f3038ce2b2952a613e4e6fcc468f419041df116cee74c,1778973285.0,True,282,669.72972972973,20.7766431359833,-15.92,13.35,50.0178848817716,20136ea13fac585af7c210f91bed64fa5d58ee5b920dbb4e1d34f1484c849efc,0.97499107300819,0.0250089269918102,0.641139555340177,0.641139555340177,0.654020365876036,0.883096659087886,1389.72972972973,-2,0.187,0.0128808105358583,0.0358936481507972,411,2bbcefcb178ec4fd32e897790ba57e29bf3e0db5,2026-07-21 08:07:47,2026-06-06 14:01:41,royal,glory,19,21,Final,2026-05-16 18:00:00
2026-05-16-BOS-MTL,itran,-19.38,31.8,ograff,-9.07,37.61,0,0,0,"itran,ograff,tallen1,jcarreiro,ldecraene,bmccann,ghaflin",False,2026-05-16-BOS-MTL,8,10,3,1,720,2,8,False,False,283,away,213,,18,False,"maugersem,jbrissett,jduquette,eforget,kquinlan,sruelle,ctremblay",214,412,6cc29c2d3a208cd81bf226732473e9b658bcf4e0fbec58cb503e6cc1f5d00500,1778973289.0,True,283,664.702702702703,11.8343652132254,10.31,5.81,-60.5974120243932,f64a80ca87c1cd684cfd8298d558e8709bd980885c069e4d8ad0b55400c05e57,0.979309162691735,0.0206908373082653,0.641139555340177,0.651108908636767,0.690807343394105,0.869901806630141,1384.7027027027,-2,0.183,0.0396984347573377,0.11062360131379,412,7907398d07698925be662ff7abdc74e2fbb4c34c,2026-07-21 08:07:47,2026-06-06 14:01:41,royal,glory,19,21,Final,2026-05-16 18:00:00
2026-05-16-BOS-MTL,ograff,-9.07,37.61,tallen1,-3.97,43.03,0,0,0,"itran,ograff,tallen1,jcarreiro,ldecraene,bmccann,ghaflin",False,2026-05-16-BOS-MTL,8,10,3,1,720,2,9,False,False,284,away,214,,18,False,"maugersem,jbrissett,jduquette,eforget,kquinlan,sruelle,ctremblay",215,413,5b007e39b93579b8f1b34286d8502f044074b385a6f7b7a0ded51182e64eeebc,1778973293.0,True,284,659.675675675676,7.4422039746301,5.1,5.42,-43.2576998338574,3dee323c4a969d03b84cbe126094c1ecc13cc877e91421996958f36e2b048c59,0.987970499338288,0.0120295006617123,0.641139555340177,0.688382499074816,0.708289982243331,0.847029284950619,1379.67567567568,-2,0.181,0.0199074831685147,0.0554741640232478,413,eb0fd6720eecbbe73981a4c7f2c0ee72961d8a8d,2026-07-21 08:07:47,2026-06-06 14:01:41,royal,glory,19,21,Final,2026-05-16 18:00:00
2026-05-16-BOS-MTL,tallen1,-3.97,43.03,ldecraene,12.86,50.58,0,0,0,"itran,ograff,tallen1,jcarreiro,ldecraene,bmccann,ghaflin",False,2026-05-16-BOS-MTL,8,10,3,1,720,2,10,False,False,285,away,215,,18,False,"maugersem,jbrissett,jduquette,eforget,kquinlan,sruelle,ctremblay",216,414,4d7a371582859f1e987c6f37d81ef101da55341ea887a351f3c87489b1c9cf3c,1778973297.0,True,285,654.648648648649,18.4459046945386,16.83,7.55,-65.8388200120555,96f889bdfe0da44df28e1763df31454fd6e2c839318fc016a9f844f6e9bcceae,0.96860009490938,0.0313999050906195,0.641139555340177,0.70624285057659,0.729219649444429,0.809758867396084,1374.64864864865,-2,0.178,0.0229767988678391,0.064027114745454,414,9096b66849d44986adbc130d64f2925585c49f92,2026-07-21 08:07:47,2026-06-06 14:01:41,royal,glory,19,21,Final,2026-05-16 18:00:00
2026-05-16-BOS-MTL,ldecraene,12.86,50.58,ograff,1.06,49.61,0,0,0,"itran,ograff,tallen1,jcarreiro,ldecraene,bmccann,ghaflin",False,2026-05-16-BOS-MTL,8,10,3,1,720,2,11,False,False,286,away,216,,18,False,"maugersem,jbrissett,jduquette,eforget,kquinlan,sruelle,ctremblay",217,416,7d6695f1ec3b4b0765fa20e0358c917cbd9b9a97a7232932609b033a114acac7,1778973301.0,True,286,649.621621621622,11.8398015186066,-11.8,-0.969999999999999,94.6993412006267,b6498f88262f24fdaa86dd4eeb2f20b17e85bd135c852477f3157a7e4d63712f,0.982848060568232,0.0171519394317678,0.641139555340177,0.727534106118006,0.729260496671179,0.816318523727045,1369.62162162162,-2,0.178,0.00172639055317336,0.00481075743750436,416,15afa579eb77ff71fdecc8918d6c3afa89d9d0ad,2026-07-21 08:07:47,2026-06-06 14:01:41,royal,glory,19,21,Final,2026-05-16 18:00:00
2026-05-16-BOS-MTL,ograff,1.06,49.61,bmccann,8.67,56.38,0,0,0,"itran,ograff,tallen1,jcarreiro,ldecraene,bmccann,ghaflin",False,2026-05-16-BOS-MTL,8,10,3,1,720,2,12,False,False,287,away,217,,18,False,"maugersem,jbrissett,jduquette,eforget,kquinlan,sruelle,ctremblay",218,417,f260aebb226ef088baa402a873e6d42fff076d1955c42f8b6d6b738035b47e4b,1778973305.0,True,287,644.594594594595,10.1855289504277,7.61,6.77,-48.3431032332059,789fe5fb8c30b948635f48db1656c2454cfb1253aaf444d4d6dc630e1d439c51,0.982743932940486,0.017256067059514,0.641139555340177,0.727831805855481,0.753599748520521,0.784570233305857,1364.59459459459,-2,0.175,0.0257679426650398,0.0718049120444751,417,7d624d20d0f266e8703b122b856def132aa8ee12,2026-07-21 08:07:47,2026-06-06 14:01:41,royal,glory,19,21,Final,2026-05-16 18:00:00
2026-05-16-BOS-MTL,bmccann,8.67,56.38,ograff,1.38,56.45,0,0,0,"itran,ograff,tallen1,jcarreiro,ldecraene,bmccann,ghaflin",False,2026-05-16-BOS-MTL,8,10,3,1,720,2,13,False,False,288,away,218,,18,False,"maugersem,jbrissett,jduquette,eforget,kquinlan,sruelle,ctremblay",219,418,41b4287931017059149016e1dc2d997bc950c45dba5cfae7baf836cc8082a3f5,1778973309.0,True,288,639.567567567568,7.29033606907116,-7.29,0.0700000000000003,89.4498516724902,bad2ab8dcda397d4e4cd00f0de34e20f7e8cf66d8ecac81c4c9bc1f7f055c3c0,0.987796327945469,0.0122036720545305,0.641139555340177,0.752483690882026,0.75419983612415,0.784393312829625,1359.56756756757,-2,0.175,0.0017161452421246,0.00478220786844145,418,548f4635a5eb1e5fe8711a6a937eb291b548e4c3,2026-07-21 08:07:47,2026-06-06 14:01:41,royal,glory,19,21,Final,2026-05-16 18:00:00
2026-05-16-BOS-MTL,ograff,1.38,56.45,ldecraene,-0.3,66.0,0,0,0,"itran,ograff,tallen1,jcarreiro,ldecraene,bmccann,ghaflin",False,2026-05-16-BOS-MTL,8,10,3,1,720,2,14,False,False,289,away,219,,18,False,"maugersem,jbrissett,jduquette,eforget,kquinlan,sruelle,ctremblay",220,419,8dda1d085b6450ad2ddd3b7d3d1b60926221906d06379503f5bd082543a97e78,1778973313.0,True,289,634.540540540541,9.69664374925675,-1.68,9.55,9.97717378161174,ab8b3f1dcd0f96e45bd2823b16ec2fc02253a5714adb2c865adadec8f06be7a1,0.981658703602017,0.0183412963979834,0.641139555340177,0.753299430522655,0.794303239741231,0.743217495297395,1354.54054054054,-2,0.169,0.0410038092185763,0.114261155913813,419,b47a4c3dbc69b2a9dc18a33946308aca9e3b918a,2026-07-21 08:07:47,2026-06-06 14:01:41,royal,glory,19,21,Final,2026-05-16 18:00:00
2026-05-16-BOS-MTL,ldecraene,-0.3,66.0,tallen1,16.15,74.9,0,0,0,"itran,ograff,tallen1,jcarreiro,ldecraene,bmccann,ghaflin",False,2026-05-16-BOS-MTL,8,10,3,1,720,2,15,False,False,290,away,220,,18,False,"maugersem,jbrissett,jduquette,eforget,kquinlan,sruelle,ctremblay",221,420,10cc3ebfb3a510fc9212c4a4b8ea34c62c383126adeced0655ede7d2be91795d,1778973317.0,True,290,629.513513513514,18.7032751142681,16.45,8.90000000000001,-61.5851300313334,4bbb99042971953e2a0846a2654d74120565f53c8cfe78394bdc565492ff614c,0.963358322740749,0.0366416772592512,0.641139555340177,0.793686039312901,0.824052048435763,0.696664996728446,1349.51351351351,-2,0.164,0.0303660091228618,0.0846178774360236,420,b53cc4b19d605fe7c7d27c26f62f881ca4821384,2026-07-21 08:07:47,2026-06-06 14:01:41,royal,glory,19,21,Final,2026-05-16 18:00:00
2026-05-16-BOS-MTL,tallen1,16.15,74.9,ograff,17.44,81.87,0,0,0,"itran,ograff,tallen1,jcarreiro,ldecraene,bmccann,ghaflin",False,2026-05-16-BOS-MTL,8,10,3,1,720,2,16,False,False,291,away,221,,18,False,"maugersem,jbrissett,jduquette,eforget,kquinlan,sruelle,ctremblay",222,421,26c84bd424ca5ef4f5223dc5cb8d43b523c58b9210e742d1fec7877520424956,1778973321.0,True,291,624.486486486486,7.08837075779759,1.29,6.97,-10.4855896531751,5c08d59ad3cc1ba2b3f28a92bb45688707da06ed66128c9b484fd0fa80dc7029,0.982839254035982,0.017160745964018,0.641139555340177,0.823650309545684,0.852544931551411,0.667199088465394,1344.48648648649,-2,0.16,0.0288946220057271,0.0805177122073664,421,3a76e38cba9912b51606d2a428a2fbdbba17dd89,2026-07-21 08:07:47,2026-06-06 14:01:41,royal,glory,19,21,Final,2026-05-16 18:00:00
2026-05-16-BOS-MTL,ograff,17.44,81.87,tallen1,18.79,88.19,0,0,0,"itran,ograff,tallen1,jcarreiro,ldecraene,bmccann,ghaflin",False,2026-05-16-BOS-MTL,8,10,3,1,720,2,17,False,False,292,away,222,,18,False,"maugersem,jbrissett,jduquette,eforget,kquinlan,sruelle,ctremblay",223,422,401fbcacf8b71220bce94edaa1b00b187cf2c23a27829e97defb43f4f3f08505,1778973325.0,True,292,619.459459459459,6.46257688542271,1.35,6.31999999999999,-12.0576043018153,fdb5e696a51a4b19cd5a31020e1863cd728b3d945634158472d046d2951a4b11,0.983088057999429,0.0169119420005711,0.641139555340177,0.852313994132597,0.877014063406879,0.640939332319445,1339.45945945946,-2,0.156,0.0247000692742823,0.0688291775865584,422,35050b8a6fe4110e32f60e73d64c7cbfa6818c2c,2026-07-21 08:07:47,2026-06-06 14:01:41,royal,glory,19,21,Final,2026-05-16 18:00:00
2026-05-16-BOS-MTL,tallen1,18.79,88.19,ograff,9.31,86.0,0,0,0,"itran,ograff,tallen1,jcarreiro,ldecraene,bmccann,ghaflin",False,2026-05-16-BOS-MTL,8,10,3,1,720,2,18,False,False,293,away,223,,18,False,"maugersem,jbrissett,jduquette,eforget,kquinlan,sruelle,ctremblay",224,423,edc18d9863b5193a057450e7b988a3c8bbd835a8c2ecb3d9582940688424aa5d,1778973329.0,True,293,614.432432432432,9.7296711146883,-9.48,-2.19,103.007858247542,161405afcf6af6c616cb8393ebcb900e4fb38861d1d9667e77a38548f223e27f,0.971676680494786,0.0283233195052145,0.641139555340177,0.876908755978177,0.878140524377429,0.666567517597002,1334.43243243243,-2,0.156,0.00123176839925165,0.00343244405334027,423,3904c07df0fd1b2c946bd961b6a21b825c25d235,2026-07-21 08:07:47,2026-06-06 14:01:41,royal,glory,19,21,Final,2026-05-16 18:00:00
2026-05-16-BOS-MTL,ograff,9.31,86.0,bmccann,2.22,84.77,0,0,0,"itran,ograff,tallen1,jcarreiro,ldecraene,bmccann,ghaflin",False,2026-05-16-BOS-MTL,8,10,3,1,720,2,19,False,False,294,away,224,,18,False,"maugersem,jbrissett,jduquette,eforget,kquinlan,sruelle,ctremblay",225,424,20f95138c223764f4f434d1444ee975b158bb35869375a6a871a1e913035e63e,1778973333.0,True,294,609.405405405405,7.19590161133405,-7.09,-1.23,99.8419322818916,5fcef3835cc1b61f01411355e60a7a0adbc00ec829d39244d5d8909dea883ae2,0.981519308819266,0.0184806911807336,0.641139555340177,0.878120331082077,0.874124385604663,0.672226394323814,1329.40540540541,-2,0.156,-0.00399594547741466,-0.0111350959317976,424,f990c7c942df9525d7280b696506d13063b0be12,2026-07-21 08:07:47,2026-06-06 14:01:41,royal,glory,19,21,Final,2026-05-16 18:00:00
2026-05-16-BOS-MTL,bmccann,2.22,84.77,ograff,14.54,86.64,0,0,0,"itran,ograff,tallen1,jcarreiro,ldecraene,bmccann,ghaflin",False,2026-05-16-BOS-MTL,8,10,3,1,720,2,20,False,False,295,away,225,,18,False,"maugersem,jbrissett,jduquette,eforget,kquinlan,sruelle,ctremblay",226,425,dc7d17db2ce612c7b7df1495e6cd2aef7bc83ad0019d7e8b3f7acb2ea0d56e2e,1778973337.0,True,295,604.378378378378,12.4611115074057,12.32,1.87,-81.3691982114515,80585d7497a0f1944110d59de1e7f274d0fc8332d9f81c70a623e25effb74040,0.972912250836962,0.0270877491630379,0.641139555340177,0.874182249791775,0.877214288363297,0.658328511537808,1324.37837837838,-2,0.156,0.00303203857152223,0.00844907433137808,425,6ddba6a06bd116f79157b5725ada6fc522bd63e2,2026-07-21 08:07:47,2026-06-06 14:01:41,royal,glory,19,21,Final,2026-05-16 18:00:00
2026-05-16-BOS-MTL,ograff,14.54,86.64,bmccann,4.41,88.45,0,0,0,"itran,ograff,tallen1,jcarreiro,ldecraene,bmccann,ghaflin",False,2026-05-16-BOS-MTL,8,10,3,1,720,2,21,False,False,296,away,226,,18,False,"maugersem,jbrissett,jduquette,eforget,kquinlan,sruelle,ctremblay",227,427,a0b390c955e37e14ef737878f05b26d55094ecaa12a6084ddb184f0ea72d1e0d,1778973341.0,True,296,599.351351351351,10.2904324496107,-10.13,1.81,79.8694556691457,97f5d4407a4c41a4396577399754030448e010b6e2cb15dfa1a4a657f1576cfc,0.971665593490766,0.0283344065092338,0.641139555340177,0.877340046589857,0.888859839023325,0.66081716070261,1319.35135135135,-2,0.154,0.0115197924334682,0.0321010370602095,427,23b7513aeb2380660c373522e76deb68c3e3ab7f,2026-07-21 08:07:47,2026-06-06 14:01:41,royal,glory,19,21,Final,2026-05-16 18:00:00
2026-05-16-BOS-MTL,bmccann,4.41,88.45,tallen1,7.83,90.38,0,0,0,"itran,ograff,tallen1,jcarreiro,ldecraene,bmccann,ghaflin",False,2026-05-16-BOS-MTL,8,10,3,1,720,2,22,False,False,297,away,227,,18,False,"maugersem,jbrissett,jduquette,eforget,kquinlan,sruelle,ctremblay",228,428,865a9b4cbad566f9ad60a33cc40f64c1ae0a635c63c22b71bc128cdc2bf85039,1778973345.0,True,297,594.324324324324,3.92699630761222,3.42,1.92999999999999,-60.5627683842949,8459bb1e5ce5542d70bcacd7cd658d1fa8db87f896840d0f497bf968df796571,0.984481022153996,0.0155189778460038,0.641139555340177,0.889031375245833,0.896023512570795,0.654618088325377,1314.32432432432,-2,0.153,0.00699213732496218,0.0194842798336002,428,5cbf02a1372bca8c8cc0ad1f0de1d38c82576b4a,2026-07-21 08:07:47,2026-06-06 14:01:41,royal,glory,19,21,Final,2026-05-16 18:00:00
2026-05-16-BOS-MTL,tallen1,7.83,90.38,,7.83,90.38,1,0,0,"itran,ograff,tallen1,jcarreiro,ldecraene,bmccann,ghaflin",False,2026-05-16-BOS-MTL,8,10,3,1,720,2,23,False,False,298,away,228,,22,False,"maugersem,jbrissett,jduquette,eforget,kquinlan,sruelle,ctremblay",229,429,05ef1ec2c1fad7f02cf755bfbb06d16bd7d93aacf24a6006eb81d8248568ecc7,1778973349.0,True,298,589.297297297297,0.0,0.0,0.0,-90.0,0e7e15a7821161af9f6c86c0eb30e3c54e2177b51a9378ae20123e905fb7484c,0.5,-0.5,0.641139555340177,0.896231504830727,0.896231504830727,0.655123115023484,1309.2972972973,-2,0.257,-0.655123115023484,-0.655123115023484,429,140c4b4dff63188e769053f2e58f34278daccdd6,2026-07-21 08:07:47,2026-06-06 14:01:41,royal,glory,19,21,Final,2026-05-16 18:00:00
2026-05-16-BOS-MTL,kquinlan,0.0,40.0,jduquette,6.63,48.56,0,0,0,"maugersem,jbrissett,jduquette,eforget,kquinlan,sruelle,ctremblay",True,2026-05-16-BOS-MTL,8,10,3,1,720,3,1,True,True,299,home,195,1778973232.0,18,False,"itran,ograff,tallen1,jcarreiro,ldecraene,bmccann,ghaflin",196,400,2912d5f4c3d40cce68acfdcb43cbba17b5dff27deceb8fef8c0b99c27d46b699,1778973232.0,False,299,584.27027027027,10.8273034500747,6.63,8.56,-37.7589534745318,f1c4071079f4c7732e096206d34cb4ac0fa65eb666abbe3fe3b71deff6cf0256,0.982914974392005,0.017085025607995,0.690055456914521,0.690055456914521,0.720600772888481,0.817503764311819,1304.27027027027,-2,0.266,0.0305453159739605,0.098550907429709,400,0da1af6f33ee599a1060f917f366adca486a3219,2026-07-21 08:07:47,2026-06-06 14:01:41,royal,glory,19,21,Final,2026-05-16 18:00:00
2026-05-16-BOS-MTL,jduquette,6.63,48.56,,-26.53,94.73,1,0,0,"maugersem,jbrissett,jduquette,eforget,kquinlan,sruelle,ctremblay",True,2026-05-16-BOS-MTL,8,10,3,1,720,3,2,True,True,300,home,196,1778973245.0,22,False,"itran,ograff,tallen1,jcarreiro,ldecraene,bmccann,ghaflin",197,401,78048b36388a9774122ccd0b32c543fdb59ea625b73ed3e9b115bcd7135e1334,1778973245.0,False,300,579.243243243243,56.8441245864513,-33.16,46.17,35.6864854902325,a0d7fbd3438fffb2ad59fe0a4fc7a92e904f81f7b2fe636fc8b59bf75e8e9cd3,0.327157682250651,-0.327157682250651,0.690055456914521,0.721206490534269,0.877891633542382,0.567626207097768,1299.24324324324,-2,0.196,-0.567626207097768,-0.567626207097768,401,4751081ca5de4490dfb29e7fda0dc9c9dd1112a5,2026-07-21 08:07:47,2026-06-06 14:01:41,royal,glory,19,21,Final,2026-05-16 18:00:00
2026-05-16-BOS-MTL,ograff,25.57,30.12,bmccann,15.89,27.09,0,0,0,"itran,ograff,tallen1,jcarreiro,ldecraene,bmccann,ghaflin",False,2026-05-16-BOS-MTL,8,10,3,1,720,4,1,False,False,301,away,230,,18,False,"maugersem,jbrissett,jduquette,eforget,kquinlan,sruelle,ctremblay",231,432,baad44bf60c1a67d46038e710dbbbc988778f13f6308b043401172764227e6a4,1778973357.0,True,301,574.216216216216,10.1431405393004,-9.68,-3.03,107.380982596755,a6ced6ca0346b22d07026090279b7066366920c42336843b1d4db830336871d4,0.986286415326342,0.0137135846736581,0.591870832695688,0.591870832695688,0.637642893022844,0.902518280633834,1294.21621621622,-2,0.188,0.0457720603271565,0.112150916900844,432,ec03bab6f952d8cfaf6bb62236413b19f4c7c1b0,2026-07-21 08:07:47,2026-06-06 14:01:41,royal,glory,19,21,Final,2026-05-16 18:00:00
2026-05-16-BOS-MTL,bmccann,15.89,27.09,itran,16.15,32.06,0,0,0,"itran,ograff,tallen1,jcarreiro,ldecraene,bmccann,ghaflin",False,2026-05-16-BOS-MTL,8,10,3,1,720,4,2,False,False,302,away,231,,18,False,"maugersem,jbrissett,jduquette,eforget,kquinlan,sruelle,ctremblay",232,434,a679bd5170a5da024803f8e8f7b15af258715ead656a390906c5bc4a0e251002,1778973361.0,True,302,569.189189189189,4.97679615817245,0.259999999999998,4.97,-2.99463486580672,f70c47258f99eee6b629548a00dcbe2b19fcf380d6a6e2af671e94cb233237ec,0.991586205843685,0.00841379415631505,0.591870832695688,0.638450303205032,0.652458121978924,0.883298193217734,1289.18918918919,-2,0.187,0.0140078187738923,0.0343220232614439,434,8bd42ad875e656b7c01f67d0aa74dd93eaafe904,2026-07-21 08:07:47,2026-06-06 14:01:41,royal,glory,19,21,Final,2026-05-16 18:00:00
2026-05-16-BOS-MTL,itran,16.15,42.06,bmccann,16.09,46.83,0,0,0,"itran,ograff,tallen1,jcarreiro,ldecraene,bmccann,ghaflin",False,2026-05-16-BOS-MTL,8,10,3,1,720,4,3,False,False,303,away,233,,18,False,"maugersem,jbrissett,jduquette,eforget,kquinlan,sruelle,ctremblay",234,437,4e4882f4e1e8414b247344fcfcbe143324761b35e60d84bcde1adcff4997f78c,1778973369.0,True,303,564.162162162162,4.77037734356518,-0.0599999999999987,4.77,0.720663622517648,289c93bb15165f8cf99958a4b8b5f609f0d027ba848aacf88de3f17a26668e30,0.990117299133096,0.00988270086690424,0.591870832695688,0.686881783297791,0.704889655672623,0.819984052544973,1284.16216216216,-2,0.181,0.0180078723748314,0.044122973356139,437,91aff1f1621a7ed6c95e657b7c108b2a3a478440,2026-07-21 08:07:47,2026-06-06 14:01:41,royal,glory,19,21,Final,2026-05-16 18:00:00
2026-05-16-BOS-MTL,bmccann,16.09,46.83,itran,8.54,46.0,0,0,0,"itran,ograff,tallen1,jcarreiro,ldecraene,bmccann,ghaflin",False,2026-05-16-BOS-MTL,8,10,3,1,720,4,4,False,False,304,away,234,,18,False,"maugersem,jbrissett,jduquette,eforget,kquinlan,sruelle,ctremblay",235,439,68d849c22e91cef5dd193de214c94772647706727f4ef9dcd2a1524a2a0e9c0a,1778973373.0,True,304,559.135135135135,7.59548550126982,-7.55,-0.829999999999998,96.2735494037462,9daeea66ec21f59491e78971b67d43924b3e829bb481d02f7fb613311d6ce61d,0.987169051218837,0.0128309487811626,0.591870832695688,0.705656961860417,0.713622375563043,0.830774595997754,1279.13513513513,-2,0.179,0.0079654137026256,0.019516894014797,439,ebc5a3be0c9c3add9b75f42d2b7ba04b2140ca33,2026-07-21 08:07:47,2026-06-06 14:01:41,royal,glory,19,21,Final,2026-05-16 18:00:00
2026-05-16-BOS-MTL,itran,8.54,46.0,tallen1,-17.32,57.87,0,0,0,"itran,ograff,tallen1,jcarreiro,ldecraene,bmccann,ghaflin",False,2026-05-16-BOS-MTL,8,10,3,1,720,4,5,False,False,305,away,235,,18,False,"maugersem,jbrissett,jduquette,eforget,kquinlan,sruelle,ctremblay",236,440,78847794a29b8ad75fff296f49110307367cbccdfdbf78863cc691438ca0ae26,1778973377.0,True,305,554.108108108108,28.454112180843,-25.86,11.87,65.3444012620944,257c0b2e6949028b42f681c9fe470e6ffe635d3ea94f376781aa68eb2a2e34e2,0.938744023995594,0.0612559760044061,0.591870832695688,0.714373878967873,0.750271569456105,0.766913302681327,1274.10810810811,-2,0.175,0.0358976904882328,0.0879566896072058,440,926ecf08d59ebae3b0582ea82dd6ce8254457c4b,2026-07-21 08:07:47,2026-06-06 14:01:41,royal,glory,19,21,Final,2026-05-16 18:00:00
2026-05-16-BOS-MTL,tallen1,-17.32,57.87,jcarreiro,-18.43,80.0,0,0,0,"itran,ograff,tallen1,jcarreiro,ldecraene,bmccann,ghaflin",False,2026-05-16-BOS-MTL,8,10,3,1,720,4,6,False,False,306,away,236,,18,False,"maugersem,jbrissett,jduquette,eforget,kquinlan,sruelle,ctremblay",237,441,f1baec43bd3f6989a433025344a3cf359f7b3f205a4c478f3b84e56f2fc54c88,1778973381.0,True,306,549.081081081081,22.1578202899112,-1.11,22.13,2.87144424829435,999a9e5e8f8ef31fbde28dd78fa2a46c6e8d505a591802086e27c0e8c80b9b69,0.935757079126599,0.0642429208734006,0.591870832695688,0.750944779079831,0.847482078296365,0.673945405183248,1269.08108108108,-2,0.16,0.0965372992165344,0.236536143334626,441,b3646e4d918ccf4cdc13bb8d3e018797a6670587,2026-07-21 08:07:47,2026-06-06 14:01:41,royal,glory,19,21,Final,2026-05-16 18:00:00
2026-05-16-BOS-MTL,jcarreiro,-18.43,80.0,ldecraene,-9.58,81.8,0,0,0,"itran,ograff,tallen1,jcarreiro,ldecraene,bmccann,ghaflin",False,2026-05-16-BOS-MTL,8,10,3,1,720,4,7,False,False,307,away,237,,18,False,"maugersem,jbrissett,jduquette,eforget,kquinlan,sruelle,ctremblay",238,444,568c0f37ccac421110402fe14b92a22ced8ada0ef6eb9bbb1f6f3f9f2e573909,1778973385.0,True,307,544.054054054054,9.03119593409422,8.85,1.8,-78.5034369824142,833fb8b90322caf06e403f77f73305547b31bafb16345070fc3440dfb1f1c12c,0.974005401995097,0.0259945980049034,0.591870832695688,0.847926168147676,0.865016221604138,0.687656688070445,1264.05405405405,-2,0.157,0.017090053456462,0.0418741291374531,444,b4c2fda00231622bb3ed53080228623064864dd2,2026-07-21 08:07:47,2026-06-06 14:01:41,royal,glory,19,21,Final,2026-05-16 18:00:00
2026-05-16-BOS-MTL,ldecraene,-9.58,81.8,ghaflin,-14.68,104.45,0,0,0,"itran,ograff,tallen1,jcarreiro,ldecraene,bmccann,ghaflin",False,2026-05-16-BOS-MTL,8,11,3,1,720,4,8,False,False,308,away,238,,19,False,"maugersem,jbrissett,jduquette,eforget,kquinlan,sruelle,ctremblay",239,447,1c848fb8d22b604307275991865324fc4d4cbc2af110b6a6d1d14306934ca2fe,1778973389.0,True,308,539.027027027027,23.217073458987,-5.1,22.65,12.689412136484,3f9c107df7ef6bb13aded6c72b96f59108de8d0e24c6dbda3e1d1ca0bd273954,0.910225828827208,0.0897741711727919,0.591870832695688,0.865390749881043,1.0,0.627741192264986,1259.02702702703,-2,0.145,0.134609250118957,0.329820216006735,447,f8f132b802be937088e9bdfe6c852dfbcfdf097b,2026-07-21 08:07:47,2026-06-06 14:01:41,royal,glory,19,21,Final,2026-05-16 18:00:00
2026-05-16-BOS-MTL,cguay,-8.97,8.3,ycohonner,2.76,22.5,0,0,0,"tlalondel,ycohonner,wstpierre,adub,rlalondel,cguay,jbernat",True,2026-05-16-BOS-MTL,8,11,3,2,534,1,1,True,True,309,home,200,1778973351.0,18,False,"kdelorenz,mraymond,tedmonds,sfisherol,tchan,iengler,zsinger",201,430,03efefa549870709a080c20f612aa040c2e9223eca22a5a70f1208e94a1ced3b,1778973351.0,False,309,534.0,18.4182762494214,11.73,14.2,-39.5586252227207,330dc57ce8b4d3f213505821502bd768bb2a5238471e7d4bf11fb3342e156312,0.974375054504782,0.0256249454952179,0.610521034773896,0.610521034773896,0.644930355292769,0.924388361923287,1254.0,-3,0.15,0.0344093205188735,0.088347057456358,430,d2be16726b2af67799e607c695bd77269a55651d,2026-07-21 08:07:47,2026-06-06 14:01:41,royal,glory,19,21,Final,2026-05-16 18:00:00
2026-05-16-BOS-MTL,ycohonner,2.76,22.5,adub,9.61,36.48,0,0,0,"tlalondel,ycohonner,wstpierre,adub,rlalondel,cguay,jbernat",True,2026-05-16-BOS-MTL,8,11,3,2,534,1,2,True,True,310,home,201,1778973359.0,18,False,"kdelorenz,mraymond,tedmonds,sfisherol,tchan,iengler,zsinger",202,433,9be858be94c974938e215ca8f8452820e5a3944ec64423e46c3945c73d2575db,1778973359.0,False,310,511.75,15.5680088643346,6.85,13.98,-26.1041930247079,7e9ef8d17c32afd657fee22016f1cc5c88e6f33eed71f97dfe7da41a8cd616e7,0.975242975901735,0.0247570240982646,0.610521034773896,0.647214255757589,0.685455148473968,0.873836679714158,1231.75,-3,0.154,0.03824089271638,0.0981847445706856,433,b3367bd5dfccf9dace49dab9afd3c7a493b588b0,2026-07-21 08:07:47,2026-06-06 14:01:41,royal,glory,19,21,Final,2026-05-16 18:00:00
2026-05-16-BOS-MTL,adub,9.61,36.48,jbernat,8.96,50.09,0,0,0,"tlalondel,ycohonner,wstpierre,adub,rlalondel,cguay,jbernat",True,2026-05-16-BOS-MTL,8,11,3,2,534,1,3,True,True,311,home,202,1778973367.0,18,False,"kdelorenz,mraymond,tedmonds,sfisherol,tchan,iengler,zsinger",203,436,ab189553a2a6a8680650b763326f278fbe6927d252181c5751226aa11e9475c8,1778973367.0,False,311,489.5,13.6255128343854,-0.649999999999999,13.61,2.73431152160866,398c85cc65ba8754cde9da683de66e2cdc370bb858d5294f68b4ca6cc4419560,0.973715077652229,0.0262849223477711,0.610521034773896,0.686675767173981,0.735392878113562,0.817661640741241,1209.5,-3,0.159,0.0487171109395815,0.125082777991104,436,14129f35399268b1e44fe8c178ec157e3fb065df,2026-07-21 08:07:47,2026-06-06 14:01:41,royal,glory,19,21,Final,2026-05-16 18:00:00
2026-05-16-BOS-MTL,jbernat,8.96,60.09,rlalondel,-5.98,50.89,0,0,0,"tlalondel,ycohonner,wstpierre,adub,rlalondel,cguay,jbernat",True,2026-05-16-BOS-MTL,8,11,3,2,534,1,4,True,True,312,home,204,1778973383.0,18,False,"kdelorenz,mraymond,tedmonds,sfisherol,tchan,iengler,zsinger",205,442,1dd248c8850e8a13a1bb18c4821228860aabef2a1253396b9d49f059ba19b6dc,1778973383.0,False,312,467.25,17.5454723504384,-14.94,-9.2,121.624616958461,6ca38dedc7f080df62c088ce6345fa87951252c4c8bcc9bc5663227f85123c5a,0.977051722268994,0.0229482777310059,0.610521034773896,0.77607731828174,0.739979631077448,0.815253866169022,1187.25,-3,0.159,-0.0360976872042924,-0.0926819942210143,442,3677b61610bb3d6954b03ed471a49874742e8678,2026-07-21 08:07:47,2026-06-06 14:01:41,royal,glory,19,21,Final,2026-05-16 18:00:00
2026-05-16-BOS-MTL,rlalondel,-5.98,50.89,wstpierre,-17.71,56.21,0,0,0,"tlalondel,ycohonner,wstpierre,adub,rlalondel,cguay,jbernat",True,2026-05-16-BOS-MTL,8,11,3,2,534,1,5,True,True,313,home,205,1778973385.0,18,False,"kdelorenz,mraymond,tedmonds,sfisherol,tchan,iengler,zsinger",206,443,dc73704a4e5ab6705aeabdee7ca8ad5fc9923938c6ae7052489065ca6fb67099,1778973385.0,False,313,445.0,12.8800349378408,-11.73,5.32,65.6039052054751,eb34409e355257fbb209ac5af3e8831494a6f1df33f013117c21f551d94d4974,0.983064926857523,0.0169350731424772,0.610521034773896,0.739894901718786,0.747863411440663,0.778548390190212,1165.0,-3,0.16,0.00796850972187757,0.0204594097071497,443,40b94cab6fea9bb21aa1944feb01d9d9bad3ffe5,2026-07-21 08:07:47,2026-06-06 14:01:41,royal,glory,19,21,Final,2026-05-16 18:00:00
2026-05-16-BOS-MTL,wstpierre,-17.71,56.21,rlalondel,-12.83,49.07,0,0,0,"tlalondel,ycohonner,wstpierre,adub,rlalondel,cguay,jbernat",True,2026-05-16-BOS-MTL,8,11,3,2,534,1,6,True,True,314,home,206,1778973387.0,18,False,"kdelorenz,mraymond,tedmonds,sfisherol,tchan,iengler,zsinger",207,445,388caa14263befb3f2c0d468dae7e8714f4fcb95e4d2a98a3e1e10e963504737,1778973387.0,False,314,422.75,8.64835244425203,4.88,-7.14,-145.648432661738,0134144d6387c9bd17e4487fb0bd92980ba82b2076bd40604987f681bbf84613,0.986586822663146,0.0134131773368538,0.610521034773896,0.747443225755455,0.728410289493354,0.819004233426911,1142.75,-3,0.158,-0.0190329362621007,-0.0488676872473754,445,8fe40c25b3e69cdf4a905f0f113abdce6ae7c2d4,2026-07-21 08:07:47,2026-06-06 14:01:41,royal,glory,19,21,Final,2026-05-16 18:00:00
2026-05-16-BOS-MTL,rlalondel,-12.83,49.07,wstpierre,-3.36,55.84,0,0,0,"tlalondel,ycohonner,wstpierre,adub,rlalondel,cguay,jbernat",True,2026-05-16-BOS-MTL,8,11,3,2,534,1,7,True,True,315,home,207,1778973389.0,18,False,"kdelorenz,mraymond,tedmonds,sfisherol,tchan,iengler,zsinger",208,446,0e4aecc61b339fdfdd921d67d17c93427c3374e9a4e0132947168763be61221f,1778973389.0,False,315,400.5,11.641039472487,9.47,6.77,-54.439435938217,17c427b9f755b997eb8645d4be705af28c02452944c5d15d356397d09c1ab954,0.978848038213036,0.0211519617869638,0.610521034773896,0.727782864779431,0.758877290851134,0.793552544610997,1120.5,-3,0.161,0.0310944260717022,0.0798359573889978,446,952be432e5050b6d8e5c536a15b3ed8301274520,2026-07-21 08:07:47,2026-06-06 14:01:41,royal,glory,19,21,Final,2026-05-16 18:00:00
2026-05-16-BOS-MTL,wstpierre,-3.36,55.84,tlalondel,-12.9,61.23,0,0,0,"tlalondel,ycohonner,wstpierre,adub,rlalondel,cguay,jbernat",True,2026-05-16-BOS-MTL,8,11,3,2,534,1,8,True,True,316,home,208,1778973392.0,18,False,"kdelorenz,mraymond,tedmonds,sfisherol,tchan,iengler,zsinger",209,448,7073a39cd6f4143feb6e5f777f6e9d32e62c5e544c408b4c57f28352356ec777,1778973392.0,False,316,378.25,10.9573582582664,-9.54,5.38999999999999,60.5340069826162,4a92ce22d6e95acd581426d527986104feb2a45d183d648b013a4fa9c02bac73,0.981169025193801,0.0188309748061994,0.610521034773896,0.758279029060219,0.776600847061823,0.765452712436352,1098.25,-3,0.163,0.018321818001604,0.04704186782197,448,dbf05385bd5ba2873e4b4817b18174295771b09c,2026-07-21 08:07:47,2026-06-06 14:01:41,royal,glory,19,21,Final,2026-05-16 18:00:00
2026-05-16-BOS-MTL,tlalondel,-12.9,61.23,rlalondel,-18.22,66.91,0,0,0,"tlalondel,ycohonner,wstpierre,adub,rlalondel,cguay,jbernat",True,2026-05-16-BOS-MTL,8,11,3,2,534,1,9,True,True,317,home,209,1778973395.0,18,False,"kdelorenz,mraymond,tedmonds,sfisherol,tchan,iengler,zsinger",210,450,bb2053c2a044859c14d99585e725ce7c7ff3931c1f04eb8e5fc99b6af178dc1e,1778973395.0,False,317,356.0,7.78233898002394,-5.32,5.68,43.1255344373955,8cef925cd0f68323454082b745bfa924ff2ee439afc74b5c8dd73136d0d7fac6,0.986496234622497,0.0135037653775033,0.610521034773896,0.776163028901415,0.791262773451379,0.72861664229209,1076.0,-3,0.165,0.0150997445499639,0.0387690887008443,450,67fc450cfd29ce43518ccb834396ceac33bfbe5c,2026-07-21 08:07:47,2026-06-06 14:01:41,royal,glory,19,21,Final,2026-05-16 18:00:00
2026-05-16-BOS-MTL,rlalondel,-18.22,66.91,tlalondel,-8.24,65.82,0,0,0,"tlalondel,ycohonner,wstpierre,adub,rlalondel,cguay,jbernat",True,2026-05-16-BOS-MTL,8,11,3,2,534,1,10,True,True,318,home,210,1778973398.0,18,False,"kdelorenz,mraymond,tedmonds,sfisherol,tchan,iengler,zsinger",211,451,daebc73e7d2eee1f9840628ca2817e713fe16d692b4cec9d27626803035915f3,1778973398.0,False,318,333.75,10.0393475883645,9.98,-1.09,-96.2330498345264,87766fdc3fdd0dfef0f6af25a1c5d0a2d7e6468707715008411d66ba4970fd88,0.978653995571554,0.0213460044284465,0.610521034773896,0.791031701185418,0.798631524540122,0.749789010404934,1053.75,-3,0.166,0.00759982335470322,0.019512795383677,451,42a95e6578dbe112ed4ebf8a8735ef9ee469f8be,2026-07-21 08:07:47,2026-06-06 14:01:41,royal,glory,19,21,Final,2026-05-16 18:00:00
2026-05-16-BOS-MTL,tlalondel,-8.24,65.82,jbernat,-3.43,70.48,0,0,0,"tlalondel,ycohonner,wstpierre,adub,rlalondel,cguay,jbernat",True,2026-05-16-BOS-MTL,8,11,3,2,534,1,11,True,True,319,home,211,1778973401.0,18,False,"kdelorenz,mraymond,tedmonds,sfisherol,tchan,iengler,zsinger",212,452,1bb258e4ce26a7fc8ee1b8cf2248286b1c29507075738a917914add7b32a7848,1778973401.0,False,319,311.5,6.69714118113095,4.81,4.66000000000001,-45.9074602206485,b634a1fcd8dbd9cdee72d8521424778a8e206559a8d60eaaa9c8046f9e127d29,0.985027120840711,0.0149728791592895,0.610521034773896,0.798482651871059,0.819336683463781,0.732405261742749,1031.5,-3,0.169,0.0208540315927213,0.0535434091559088,452,6ae24202ffb8c7371d8c511dce1b6bd7e964075e,2026-07-21 08:07:47,2026-06-06 14:01:41,royal,glory,19,21,Final,2026-05-16 18:00:00
2026-05-16-BOS-MTL,jbernat,-3.43,70.48,rlalondel,-12.97,74.85,0,0,0,"tlalondel,ycohonner,wstpierre,adub,rlalondel,cguay,jbernat",True,2026-05-16-BOS-MTL,8,11,3,2,534,1,12,True,True,320,home,212,1778973405.0,18,False,"kdelorenz,mraymond,tedmonds,sfisherol,tchan,iengler,zsinger",213,453,29d27b7bccbb00c76704757aee7f2867b33805d55d8ae0dfe1b71010487412cb,1778973405.0,False,320,289.25,10.4932597413768,-9.54,4.36999999999999,65.3888445078372,9fb7ae6f79bc8f89fcc966bfea62251eec90f4d3f18a02a1e6a7fa088487d32a,0.978996568443836,0.0210034315561637,0.610521034773896,0.819152913614242,0.834690922501684,0.710090946574638,1009.25,-3,0.172,0.0155380088874414,0.0398943467419893,453,39dce6b8f766a3431647380db0c5341f8a90950d,2026-07-21 08:07:47,2026-06-06 14:01:41,royal,glory,19,21,Final,2026-05-16 18:00:00
2026-05-16-BOS-MTL,rlalondel,-12.97,74.85,jbernat,-5.98,71.79,0,0,0,"tlalondel,ycohonner,wstpierre,adub,rlalondel,cguay,jbernat",True,2026-05-16-BOS-MTL,8,11,3,2,534,1,13,True,True,321,home,213,1778973408.0,18,False,"kdelorenz,mraymond,tedmonds,sfisherol,tchan,iengler,zsinger",214,454,451a56dde7e16483bcc1943091a59c23c4933ef10d498acc88309f5b3bf3d977,1778973408.0,False,321,267.0,7.63044559642489,6.99,-3.05999999999999,-113.642276375084,53a4d282ee1cc590d7ad2c60f4053d50e22c5993b76055ac94c2d9cbe91c9020,0.983510455083037,0.0164895449169625,0.610521034773896,0.834367091369675,0.82417471382275,0.726284685748932,987.0,-3,0.17,-0.0101923775469254,-0.0261692631873159,454,a4a5c1e9eecb9c22c20cf21afd0d5a13b165af6c,2026-07-21 08:07:47,2026-06-06 14:01:41,royal,glory,19,21,Final,2026-05-16 18:00:00
2026-05-16-BOS-MTL,jbernat,-5.98,71.79,tlalondel,7.43,75.0,0,0,0,"tlalondel,ycohonner,wstpierre,adub,rlalondel,cguay,jbernat",True,2026-05-16-BOS-MTL,8,11,3,2,534,1,14,True,True,322,home,214,1778973410.0,18,False,"kdelorenz,mraymond,tedmonds,sfisherol,tchan,iengler,zsinger",215,456,9be4a9abd04e6243d0e6a87528e29d0c07f7314ae0871bad6c491b81906de490,1778973410.0,False,322,244.75,13.7888433162467,13.41,3.20999999999999,-76.5382068401892,e0696a88a624459c1e957f1fb3891539e824be258c313e1fbc60e6f2b254849a,0.97210666857185,0.0278933314281495,0.610521034773896,0.82355978470349,0.837113624906234,0.713131096633736,964.75,-3,0.172,0.0135538402027435,0.0347999286556467,456,ee3ced6f1af2f52deb8fb8c001d985e70f25767f,2026-07-21 08:07:47,2026-06-06 14:01:41,royal,glory,19,21,Final,2026-05-16 18:00:00
2026-05-16-BOS-MTL,tlalondel,7.43,75.0,jbernat,-5.54,72.16,0,0,0,"tlalondel,ycohonner,wstpierre,adub,rlalondel,cguay,jbernat",True,2026-05-16-BOS-MTL,8,11,3,2,534,1,15,True,True,323,home,215,1778973412.0,18,False,"kdelorenz,mraymond,tedmonds,sfisherol,tchan,iengler,zsinger",216,457,e633e684a156081efa1d39bb64ee4af804dddada3b810d9e47bd532d5be74c24,1778973412.0,False,323,222.5,13.2772926457166,-12.97,-2.84,102.350943757869,87b7f04f578acacebbd9a593bb2a4e2c2e963fc8a81f67f6ae467b2a29aed3d2,0.976020962624859,0.0239790373751405,0.610521034773896,0.836168010390573,0.824217569584767,0.722748487977094,942.5,-3,0.171,-0.0119504408058067,-0.0306831481871404,457,2a84acd6b8b00496a01cdb0268d83541c90a2fb3,2026-07-21 08:07:47,2026-06-06 14:01:41,royal,glory,19,21,Final,2026-05-16 18:00:00
2026-05-16-BOS-MTL,jbernat,-5.54,72.16,rlalondel,-13.63,94.66,0,0,0,"tlalondel,ycohonner,wstpierre,adub,rlalondel,cguay,jbernat",True,2026-05-16-BOS-MTL,8,11,3,2,534,1,16,True,True,324,home,216,1778973417.0,18,False,"kdelorenz,mraymond,tedmonds,sfisherol,tchan,iengler,zsinger",217,458,091db0772cab985640ce55818e4013d43b8eb56a616c49f662feb4e88f46d1dd,1778973417.0,False,324,200.25,23.9102091166096,-8.09,22.5,19.776329969077,59663b1a4e625ce264ac350829d46f7d45994f2d7e2f801c1a5e1525153b9a91,0.914684928621269,0.0853150713787311,0.610521034773896,0.822707377706654,0.911155519133369,0.639873522401063,920.25,-3,0.185,0.0884481414267151,0.22709350009536,458,cedd37262cda9266276adf672b74fe319c458f37,2026-07-21 08:07:47,2026-06-06 14:01:41,royal,glory,19,21,Final,2026-05-16 18:00:00
2026-05-16-BOS-MTL,rlalondel,-13.63,100.0,cguay,-4.3,94.36,0,0,0,"tlalondel,ycohonner,wstpierre,adub,rlalondel,cguay,jbernat",True,2026-05-16-BOS-MTL,8,11,3,2,534,1,17,True,True,325,home,218,1778973442.0,18,False,"kdelorenz,mraymond,tedmonds,sfisherol,tchan,iengler,zsinger",219,461,5792b1316a79a389a37ff1a5a543662fe4c4979f8f5a52caaf221f8dfb839a29,1778973442.0,False,325,178.0,10.9022245436425,9.33,-5.64,-121.15302930115,f0712f76a4edb264f2473bee0a7055362b716ccbdc17e26f215de57a214f385f,0.965864757855013,0.0341352421449868,0.610521034773896,0.927883404095886,0.911149540829928,0.6448636257601,898.0,-3,0.186,-0.0167338632659583,-0.0429647420271946,461,43ef0827e66f2a89ec23d1b5af1d91deba014fb0,2026-07-21 08:07:47,2026-06-06 14:01:41,royal,glory,19,21,Final,2026-05-16 18:00:00
2026-05-16-BOS-MTL,cguay,-4.3,64.36,tlalondel,-13.27,68.44,0,0,0,"tlalondel,ycohonner,wstpierre,adub,rlalondel,cguay,jbernat",True,2026-05-16-BOS-MTL,8,11,3,2,534,1,18,True,True,326,home,222,1778973485.0,18,False,"kdelorenz,mraymond,tedmonds,sfisherol,tchan,iengler,zsinger",223,465,c2ec4cac5150dfa68d6d37d0b2687178bc8f086e8850eca474d7992ecb4b3271,1778973485.0,False,326,155.75,9.85430362836461,-8.97,4.08,65.5416093973863,71e05e1c4a0b253b4e465b4b8b2163e05b4b5fe58a104fcaba1dcdb7c36070a9,0.981708859559633,0.0182911404403665,0.610521034773896,0.782545329268854,0.79670941880408,0.722136715141732,875.75,-3,0.168,0.0141640895352261,0.03636676380457,465,1e3843ef86120b10d5a5e2187a779780bf205a6b,2026-07-21 08:07:47,2026-06-06 14:01:41,royal,glory,19,21,Final,2026-05-16 18:00:00
2026-05-16-BOS-MTL,tlalondel,-13.27,68.44,jbernat,-13.41,73.9,0,0,0,"tlalondel,ycohonner,wstpierre,adub,rlalondel,cguay,jbernat",True,2026-05-16-BOS-MTL,8,11,3,2,534,1,19,True,True,327,home,223,1778973493.0,18,False,"kdelorenz,mraymond,tedmonds,sfisherol,tchan,iengler,zsinger",224,467,035515cc686c5a2de30ce561b66c50cdd8a397b6640502c03d4d80044582f3ae,1778973493.0,False,327,133.5,5.46179457687673,-0.140000000000001,5.46000000000001,1.46880071438584,eb120a940f11a47d2590166772c52b292e968c6e00b87a76a2fe825ed00fc1d5,0.984486772696858,0.0155132273031419,0.610521034773896,0.789854076279572,0.815156581298802,0.691405296883823,853.5,-3,0.171,0.0253025050192304,0.0649650103813476,467,124d49698946b1d00e594b8f32fe630720b1c286,2026-07-21 08:07:47,2026-06-06 14:01:41,royal,glory,19,21,Final,2026-05-16 18:00:00
2026-05-16-BOS-MTL,jbernat,-13.41,73.9,wstpierre,-20.33,76.23,0,0,0,"tlalondel,ycohonner,wstpierre,adub,rlalondel,cguay,jbernat",True,2026-05-16-BOS-MTL,8,11,3,2,534,1,20,True,True,328,home,224,1778973495.0,18,False,"kdelorenz,mraymond,tedmonds,sfisherol,tchan,iengler,zsinger",225,468,30e96b2b366594a413ea206b3d8a397f279a9fc03a46a73c78dd67078a4aba57,1778973495.0,False,328,111.25,7.30173267108568,-6.92,2.33,71.3913529406582,2bff6d7346cee22d61bc09089b94a22eea74af38d9c7092e05431097413f376a,0.986454260622905,0.0135457393770948,0.610521034773896,0.803702160092188,0.799872245591582,0.642277786550817,831.25,-3,0.169,-0.00382991450060588,-0.00983343092323998,468,2ecdf23aa4558996e27735c2c0703e2819038ab0,2026-07-21 08:07:47,2026-06-06 14:01:41,royal,glory,19,21,Final,2026-05-16 18:00:00
2026-05-16-BOS-MTL,wstpierre,-20.33,76.23,adub,-23.39,84.83,0,0,0,"tlalondel,ycohonner,wstpierre,adub,rlalondel,cguay,jbernat",True,2026-05-16-BOS-MTL,8,11,3,2,534,1,21,True,True,329,home,225,1778973498.0,18,False,"kdelorenz,mraymond,tedmonds,sfisherol,tchan,iengler,zsinger",226,469,874f4095eb53db43b293a00934d784fdabfd05ebf6cc1f56a5a8a552a9ca18c6,1778973498.0,False,329,89.0,9.12817615956221,-3.06,8.59999999999999,19.5862682697414,99f11e6675b9fadee63f9c035c0f11b21af7a3f160dd4ded204739efb9b2e0af,0.967914414718097,0.0320855852819028,0.610521034773896,0.779999600712019,0.812559263767759,0.561442042986674,809.0,-3,0.171,0.0325596630557397,0.0835980013370884,469,ecfce58fe11c4a27e0f8254f9cd82826868bf1e1,2026-07-21 08:07:47,2026-06-06 14:01:41,royal,glory,19,21,Final,2026-05-16 18:00:00
2026-05-16-BOS-MTL,adub,-23.39,84.83,wstpierre,-16.84,76.89,0,0,0,"tlalondel,ycohonner,wstpierre,adub,rlalondel,cguay,jbernat",True,2026-05-16-BOS-MTL,8,11,3,2,534,1,22,True,True,330,home,226,1778973500.0,18,False,"kdelorenz,mraymond,tedmonds,sfisherol,tchan,iengler,zsinger",227,470,e2bab917e9240bf5eed77287c8591b82e6ad7aa15e48c6c334a1207475fc8470,1778973500.0,False,330,66.75,10.2930121927451,6.55,-7.94,-140.479515643283,9bf612d318af5495a2007b61012f61a46850ca866d1018e6b3955d3db44bf992,0.97664396891612,0.0233560310838797,0.610521034773896,0.783850645699427,0.763522003696873,0.584538448422091,786.75,-3,0.165,-0.0203286420025538,-0.0521944541748292,470,6ca4391a259b6bbd906513a297428f69dd297366,2026-07-21 08:07:47,2026-06-06 14:01:41,royal,glory,19,21,Final,2026-05-16 18:00:00
2026-05-16-BOS-MTL,wstpierre,-16.84,76.89,tlalondel,-3.79,71.35,0,0,0,"tlalondel,ycohonner,wstpierre,adub,rlalondel,cguay,jbernat",True,2026-05-16-BOS-MTL,8,11,3,2,534,1,23,True,True,331,home,227,1778973502.0,18,False,"kdelorenz,mraymond,tedmonds,sfisherol,tchan,iengler,zsinger",228,471,c9bedeea0576512150f5bac7f5c70882e450e6ae22923c271cba527842bdee29,1778973502.0,False,331,44.5,14.1772388002742,13.05,-5.54000000000001,-113.002245645303,ad15c441d9aedb0e61ffbfa1d168b1e83888f5f017f944abc8fdf2d157e0161b,0.971198277243517,0.0288017227564833,0.610521034773896,0.715424129527408,0.692180320816128,0.565361791888008,764.5,-3,0.157,-0.0232438087112803,-0.0596792401812677,471,219ac89f2039d285324a0f7f5fc7c1323f216e7a,2026-07-21 08:07:47,2026-06-06 14:01:41,royal,glory,19,21,Final,2026-05-16 18:00:00
2026-05-16-BOS-MTL,tlalondel,-3.79,71.35,rlalondel,3.2,82.13,1,1,0,"tlalondel,ycohonner,wstpierre,adub,rlalondel,cguay,jbernat",True,2026-05-16-BOS-MTL,8,11,3,2,534,1,24,True,True,332,home,228,1778973529.0,20,False,"kdelorenz,mraymond,tedmonds,sfisherol,tchan,iengler,zsinger",229,473,0abf75b80ac584537579184e3d8e5d5adea20d65717ccf19bfbedfde81167a9d,1778973529.0,False,332,22.25,12.8478986608706,6.99,10.78,-32.9603032361493,b884947fbbd8932f0717821a7b464e4def344575a6255eded3fd8d72ee8d5dff,0.970681869495073,1.0,0.610521034773896,0.616637118819824,0.695501205050026,0.435816736944142,742.25,-3,0.121,-0.435816736944142,-0.435816736944142,473,403d271d19b869791a054b317182c380613ee32a,2026-07-21 08:07:47,2026-06-06 14:01:41,royal,glory,19,21,Final,2026-05-16 18:00:00
2026-05-16-BOS-MTL,tedmonds,-6.74,72.9,rdinger,-13.97,76.96,0,0,0,"bsadok,tedmonds,rdinger,tdecraene,jbabbitt,pboerth,ndick",False,2026-05-16-BOS-MTL,8,11,3,2,0,2,4,False,True,336,away,248,,18,False,"mbrichet,jgiard,phooley,ngagnon,arousseau,rsalvas,ctremblay",249,479,07141939523d231554bb4bf8cc98c6b80ef7ce38a52684c23c2cc810b706bf3c,1778973628.0,True,336,0.0,8.29195393137226,-7.23,4.05999999999999,60.6836505739436,70ed6bf7a90030d586d13b5dfde2594269c9723eb970be588d8befd0da4c154a,0.981989493573667,0.0180105064263333,0.325402722047166,0.521549126688682,0.546356403739833,0.344511092043932,720.0,-3,0.115,0.0248072770511505,0.0367734615331266,479,5879ae7d88393292edc7e1099626fd7792fdce3e,2026-07-21 08:07:47,2026-06-06 14:01:41,royal,glory,19,21,Final,2026-05-16 18:00:00
2026-05-16-BOS-MTL,zsinger,-19.19,41.67,tedmonds,-18.35,50.12,0,0,0,"kdelorenz,mraymond,tedmonds,sfisherol,tchan,iengler,zsinger",False,2026-05-16-BOS-MTL,8,11,3,2,0,2,1,False,False,333,away,244,,18,False,"tlalondel,ycohonner,wstpierre,adub,rlalondel,cguay,jbernat",245,474,e2faf98b10c8bf307a22f99a26e04d9660fa6a9c4b2d8cf46f45ab042a458edf,1778973552.0,True,333,0.0,8.49164883871206,0.84,8.45,-5.67702401812004,d63dc9a9d9d9d62b2046f02566054036fc102b3284cb0ed9b75e3c3009940ed0,0.98576018822899,0.0142398117710095,0.325402722047166,0.325402722047166,0.363647204640871,0.475914052480595,720.0,-3,0.124,0.0382444825937052,0.0566923167993854,474,e979a5a81f9419052f5724c989c391f8399e02ee,2026-07-21 08:07:47,2026-06-06 14:01:41,royal,glory,19,21,Final,2026-05-16 18:00:00
2026-05-16-BOS-MTL,rdinger,12.93,98.25,pboerth,2.35,93.93,0,0,0,"bsadok,tedmonds,rdinger,tdecraene,jbabbitt,pboerth,ndick",False,2026-05-16-BOS-MTL,8,11,3,2,0,2,8,False,True,340,away,253,,18,False,"mbrichet,jgiard,phooley,ngagnon,arousseau,rsalvas,ctremblay",254,487,028a0a71d864a2a74281b94ad399cfd979bb972c8cad4172c26efdf40a164b1b,1778973683.0,True,340,0.0,11.4279831991476,-10.58,-4.31999999999999,112.211057088213,8e9a11ebd8dac078b3bc3d1b59b67875de264d03d2e22d25ac7811f905e43d89,0.966046762682609,0.0339532373173909,0.325402722047166,0.734784836371921,0.701716291964517,0.29893607548012,720.0,-3,0.105,-0.0330685444074038,-0.049019682539715,487,56afeace0284e883038639cd30851c4d6bee3b88,2026-07-21 08:07:47,2026-06-06 14:01:41,royal,glory,19,21,Final,2026-05-16 18:00:00
2026-05-16-BOS-MTL,bsadok,2.74,85.09,rdinger,12.93,88.25,0,0,0,"bsadok,tedmonds,rdinger,tdecraene,jbabbitt,pboerth,ndick",False,2026-05-16-BOS-MTL,8,11,3,2,0,2,7,False,True,339,away,251,,18,False,"mbrichet,jgiard,phooley,ngagnon,arousseau,rsalvas,ctremblay",252,484,24b57f5206f01d1c4114858ed642d099b39ed7c76d681657d82bee3cd8d119ae,1778973661.0,True,339,0.0,10.6687253221742,10.19,3.16,-72.7709212292542,1de096900107b32f5ef26907869ee4297b717e9e2f601739cf45334848204608,0.974563074186391,0.0254369258136089,0.325402722047166,0.622705979285169,0.644293972094775,0.309332800859925,720.0,-3,0.109,0.0215879928096058,0.0320013043561601,484,3d6cd1306f868f6489cfc9970a356dcc53f3d52b,2026-07-21 08:07:47,2026-06-06 14:01:41,royal,glory,19,21,Final,2026-05-16 18:00:00
2026-05-16-BOS-MTL,tdecraene,-25.32,84.77,bsadok,2.74,85.09,0,0,0,"bsadok,tedmonds,rdinger,tdecraene,jbabbitt,pboerth,ndick",False,2026-05-16-BOS-MTL,8,11,3,2,0,2,6,False,True,338,away,250,,18,False,"mbrichet,jgiard,phooley,ngagnon,arousseau,rsalvas,ctremblay",251,482,003795eae2b1e0268fb45038e1c27294deb4070682a657730e8962cfce81769b,1778973650.0,True,338,0.0,28.0618246021174,28.06,0.320000000000007,-89.3466195768696,958eccfc1153f7fcf9ff0498bfa7433a1da108d590bb89dc3a74ea9aa9e0c9e2,0.88041603839476,0.11958396160524,0.325402722047166,0.544845351936945,0.622705979285169,0.32405491779298,720.0,-3,0.111,0.0778606273482245,0.115417938810106,482,462472e6dda2d7651cedd524d80d71fd3dc4e839,2026-07-21 08:07:47,2026-06-06 14:01:41,royal,glory,19,21,Final,2026-05-16 18:00:00
2026-05-16-BOS-MTL,rdinger,-13.97,76.96,tdecraene,-25.32,84.77,0,0,0,"bsadok,tedmonds,rdinger,tdecraene,jbabbitt,pboerth,ndick",False,2026-05-16-BOS-MTL,8,11,3,2,0,2,5,False,True,337,away,249,,18,False,"mbrichet,jgiard,phooley,ngagnon,arousseau,rsalvas,ctremblay",250,481,32d411e7ee0841b914d56d913cff37d05cd0927c3e790dce376e04793e6deed6,1778973639.0,True,337,0.0,13.7774671111928,-11.35,7.81,55.4679170131121,7a1cd2e6e15ffe5721d25e0af53cb2f1fcedf879ff3dead342e9f655627d7b4f,0.921973799356498,0.0780262006435016,0.325402722047166,0.546356403739833,0.544845351936945,0.266636835894442,720.0,-3,0.115,-0.00151105180288791,-0.0022399316633376,481,c8e72bea803d535293db52979707bb587cb38f7c,2026-07-21 08:07:47,2026-06-06 14:01:41,royal,glory,19,21,Final,2026-05-16 18:00:00
2026-05-16-BOS-MTL,pboerth,2.35,93.93,ndick,0.87,103.54,0,0,0,"bsadok,tedmonds,rdinger,tdecraene,jbabbitt,pboerth,ndick",False,2026-05-16-BOS-MTL,8,12,3,2,0,2,9,False,True,341,away,254,,19,False,"mbrichet,jgiard,phooley,ngagnon,arousseau,rsalvas,ctremblay",255,488,b9726d02c9a478921f8797c976755d02d8f0719dfdd26462b5200a644f04ad58,1778973694.0,True,341,0.0,9.72329676601511,-1.48,9.61,8.75512242817348,67868102378dd155e3f293ca708744635fb1e7fb1462a187622972b06456fcf6,0.969603282899032,0.0303967171009685,0.325402722047166,0.701716291964517,1.0,0.284736302130262,720.0,-3,0.098,0.298283708035483,0.442165596844193,488,32ffa145bad57abbd4033b53a181e721605b8211,2026-07-21 08:07:47,2026-06-06 14:01:41,royal,glory,19,21,Final,2026-05-16 18:00:00
2026-05-16-BOS-MTL,pboerth,-6.16,57.35,tedmonds,-6.74,72.9,0,0,0,"bsadok,tedmonds,rdinger,tdecraene,jbabbitt,pboerth,ndick",False,2026-05-16-BOS-MTL,8,11,3,2,0,2,3,False,True,335,away,247,,18,False,"mbrichet,jgiard,phooley,ngagnon,arousseau,rsalvas,ctremblay",248,478,17180be58b3c51203b566782d0f01ab589d9d4a7ad06be6c23b0e9a83132cda9,1778973617.0,True,335,0.0,15.5608129607678,-0.58,15.55,2.13608708619985,2059b03f0a96a8476088cfc2dd0f3067d5723ce244d0ba858ada9fbb75b3ae85,0.962857003000164,0.0371429969998358,0.325402722047166,0.419562090149555,0.521549126688682,0.368830955476161,720.0,-3,0.117,0.101987036539127,0.151182105045876,478,2d93d8e3e7cf05c87d59a5ecfd2b07d0b951f338,2026-07-21 08:07:47,2026-06-06 14:01:41,royal,glory,19,21,Final,2026-05-16 18:00:00
2026-05-16-BOS-MTL,rdinger,-21.0,57.03,pboerth,-6.16,57.35,0,0,0,"bsadok,tedmonds,rdinger,tdecraene,jbabbitt,pboerth,ndick",False,2026-05-16-BOS-MTL,8,11,3,2,0,2,2,False,True,334,away,246,,18,False,"mbrichet,jgiard,phooley,ngagnon,arousseau,rsalvas,ctremblay",247,477,6cbdad7f42e44da291bb03559173bfa52e272097068a2cbd51f70efa4cc8be0c,1778973606.0,True,334,0.0,14.8434497338051,14.84,0.32,-88.7647029311214,d0e0d1c3487e4f0b45402d6ec87a837540776e60a611d4eb9a61dd46c91ca5d0,0.969859269324232,0.0301407306757682,0.325402722047166,0.384351383920663,0.419562090149555,0.450806867695147,720.0,-3,0.121,0.0352107062288921,0.052195150172773,477,a7ebfcf5c8e655812b82efd08b0abf37c7d05548,2026-07-21 08:07:47,2026-06-06 14:01:41,royal,glory,19,21,Final,2026-05-16 18:00:00
2026-05-16-BOS-MTL,eforget,-8.82,98.37,sruelle,-5.69,113.59,0,0,0,"maugersem,jbrissett,jduquette,eforget,kquinlan,sruelle,ctremblay",True,2026-05-16-BOS-MTL,9,12,3,3,0,1,6,True,True,347,home,239,1778973763.0,19,False,"iengler,itran,jcarreiro,zsinger,ograff,ldecraene,ghaflin",240,498,8cd2d576b04fd82c20d3c1130e6acff880d2b11f2a24383e9e77b9ec55fca309,1778973763.0,False,347,0.0,15.5385102246,3.13,15.22,-11.6208872045465,cd8c87da6041dfd3954bd6438b7713524ecaffc2ed3fdd0b2139891471b2230c,0.938488887994194,0.0615111120058056,0.302242215832757,0.739958353860546,1.0,0.284206823984028,720.0,-4,0.103,0.260041646139454,0.372681827476575,498,d23638c72cc1e974164da18bc1d83096d9efd484,2026-07-21 08:07:47,2026-06-06 14:01:41,royal,glory,19,21,Final,2026-05-16 18:00:00
2026-05-16-BOS-MTL,jbrissett,-8.75,27.88,jduquette,-6.93,41.57,0,0,0,"maugersem,jbrissett,jduquette,eforget,kquinlan,sruelle,ctremblay",True,2026-05-16-BOS-MTL,8,12,3,3,0,1,1,True,True,342,home,233,1778973723.0,18,False,"iengler,itran,jcarreiro,zsinger,ograff,ldecraene,ghaflin",234,491,b7091639a3cc0c29136dc345ca1a2bfcd5dcafbe0f96d1ea1e3fa721b38aebf2,1778973723.0,False,342,0.0,13.810448942739,1.82,13.69,-7.57271092140658,144d3861347294b9b6dc26d0c9928599d4a33b6b1d4a4f9be7e14397b82deda6,0.975994586247959,0.0240054137520407,0.302242215832757,0.302242215832757,0.34641329705364,0.565134251580777,720.0,-4,0.078,0.0441710812208831,0.0633043188097145,491,65d510623408680b993e774fa84b0985cdda0cfe,2026-07-21 08:07:47,2026-06-06 14:01:41,royal,glory,19,21,Final,2026-05-16 18:00:00
2026-05-16-BOS-MTL,jduquette,-6.93,41.57,maugersem,0.43,49.07,0,0,0,"maugersem,jbrissett,jduquette,eforget,kquinlan,sruelle,ctremblay",True,2026-05-16-BOS-MTL,8,12,3,3,0,1,2,True,True,343,home,234,1778973727.0,18,False,"iengler,itran,jcarreiro,zsinger,ograff,ldecraene,ghaflin",235,492,edc0235a41549edd14903a8999e51fcff8a9cc0c1f8d093b3a578e98172143a9,1778973727.0,False,343,0.0,10.5080730869175,7.36,7.5,-44.4602172397659,81aed386f47fca73e04297f10eb8a9db33b063d43aa36f7534ebf4a6c2e64215,0.983409502735635,0.0165904972643655,0.302242215832757,0.34641329705364,0.3785281940545,0.50781503855574,720.0,-4,0.078,0.0321148970008594,0.0460258527093148,492,fe4fa163147410059c83fc37dacb0b01c5af6470,2026-07-21 08:07:47,2026-06-06 14:01:41,royal,glory,19,21,Final,2026-05-16 18:00:00
2026-05-16-BOS-MTL,maugersem,0.43,59.07,jbrissett,6.7,50.02,0,0,0,"maugersem,jbrissett,jduquette,eforget,kquinlan,sruelle,ctremblay",True,2026-05-16-BOS-MTL,8,12,3,3,0,1,3,True,True,344,home,236,1778973744.0,18,False,"iengler,itran,jcarreiro,zsinger,ograff,ldecraene,ghaflin",237,494,258a89856f394f383731aa4ab1cd880d0aa7325dcadf14026283913717d3a4d5,1778973744.0,False,344,0.0,11.0097865556059,6.27,-9.05,-145.285098383778,2530af65dad836fed4b8c8736916c58080a38eceb354581a66b3505d8bd5eade,0.987248691360905,0.0127513086390955,0.302242215832757,0.430087983202718,0.381987606560022,0.499974745703229,720.0,-4,0.078,-0.0481003766426958,-0.0689356360246162,494,b54048736478b6fa716e5f19fd9154c8c1abb878,2026-07-21 08:07:47,2026-06-06 14:01:41,royal,glory,19,21,Final,2026-05-16 18:00:00
2026-05-16-BOS-MTL,jbrissett,6.7,50.02,ctremblay,2.47,60.65,0,0,0,"maugersem,jbrissett,jduquette,eforget,kquinlan,sruelle,ctremblay",True,2026-05-16-BOS-MTL,8,12,3,3,0,1,4,True,True,345,home,237,1778973746.0,18,False,"iengler,itran,jcarreiro,zsinger,ograff,ldecraene,ghaflin",238,495,1f25b78eb227a5fee367668c078e5d4aafd09e5e3692246884cdb0fa0a0414de,1778973746.0,False,345,0.0,11.4407080200484,-4.23,10.63,21.6991123097652,f7292ac843c30ed64fd56be72f2d0f96b3a5e075e021ece89b8b42b7735a3fdb,0.978792187550996,0.0212078124490037,0.302242215832757,0.381987606560022,0.439272113307189,0.431563499423827,720.0,-4,0.08,0.0572845067471667,0.0820979830637567,495,f13c03485496d77c8cde802dad4c7d9cf2c63e8f,2026-07-21 08:07:47,2026-06-06 14:01:41,royal,glory,19,21,Final,2026-05-16 18:00:00
2026-05-16-BOS-MTL,ctremblay,2.47,60.65,eforget,-8.82,98.37,0,0,0,"maugersem,jbrissett,jduquette,eforget,kquinlan,sruelle,ctremblay",True,2026-05-16-BOS-MTL,8,12,3,3,0,1,5,True,True,346,home,238,1778973751.0,18,False,"iengler,itran,jcarreiro,zsinger,ograff,ldecraene,ghaflin",239,496,e99efe9ccd5d641b25ed3f0fa0f78aed0b9c653d13ee365ed6695154fff8c2fe,1778973751.0,False,346,0.0,39.3733729822579,-11.29,37.72,16.6630049056873,2a5528297de4a5cb6e14c08542f1f3103db4508678ff44bbc80b733beebd849c,0.782056096782665,0.217943903217335,0.302242215832757,0.439272113307189,0.739958353860546,0.286712078666542,720.0,-4,0.094,0.300686240553358,0.430932119105227,496,a2aefa388b6d580388e678c9ab09844a881e3604,2026-07-21 08:07:47,2026-06-06 14:01:41,royal,glory,19,21,Final,2026-05-16 18:00:00
2026-05-16-BOS-MTL,bsadok,-16.1,29.09,ndick,-15.71,29.54,0,0,0,"bsadok,tedmonds,rdinger,tdecraene,jbabbitt,pboerth,ndick",False,2026-05-16-BOS-MTL,9,12,3,4,0,1,2,True,True,349,away,260,,18,False,"jbernat,ycohonner,adub,cguay,rlalondel,wstpierre,tlalondel",261,503,0289314bb5d85851b8864ea0f3bb51a4808a2977fdeaa6f72702ae7fd02f7bae,1778973836.4,True,349,0.0,0.595482997238376,0.390000000000001,0.449999999999999,-40.9143832200252,685e2b9daecb91ec4f8ac90827a662f33ed4257c4a864412fa09ecda2124ceb8,0.5,0.5,0.279943838890891,0.295959896991149,0.298087997682537,0.658016736367615,720.0,-3,0.126,0.00212810069138719,0.00295546487389159,503,ba482795cac8a3f95826bd3ce9e391fdc321236d,2026-07-21 08:07:47,2026-06-06 14:01:41,royal,glory,19,21,Final,2026-05-16 18:00:00
2026-05-16-BOS-MTL,rdinger,6.73,48.45,tedmonds,9.57,55.48,0,0,0,"bsadok,tedmonds,rdinger,tdecraene,jbabbitt,pboerth,ndick",False,2026-05-16-BOS-MTL,9,12,3,4,0,1,5,True,True,352,away,263,,18,False,"jbernat,ycohonner,adub,cguay,rlalondel,wstpierre,tlalondel",264,507,bea2f6042c41947521a8e6cec72539ba0ba0f59290d73ff03e04fff775fbaae2,1778973864.6,True,352,0.0,7.58198522815759,2.84,7.02999999999999,-21.9978674264962,f85804cea02c69e4ca80801f3d53a74d8e285b083b6f18a594edc9f4085e385a,0.985621208942168,0.0143787910578318,0.279943838890891,0.374792637593797,0.407633653328413,0.461223766157922,720.0,-3,0.122,0.0328410157346154,0.045608964284161,507,a9a76adda1ead8b90e206918c42c2c032bfb9879,2026-07-21 08:07:47,2026-06-06 14:01:41,royal,glory,19,21,Final,2026-05-16 18:00:00
2026-05-16-BOS-MTL,tdecraene,-8.23,40.38,rdinger,6.73,48.45,0,0,0,"bsadok,tedmonds,rdinger,tdecraene,jbabbitt,pboerth,ndick",False,2026-05-16-BOS-MTL,9,12,3,4,0,1,4,True,True,351,away,262,,18,False,"jbernat,ycohonner,adub,cguay,rlalondel,wstpierre,tlalondel",263,505,6d448e40457dbf66bd3c43c618e1bed2ef81390e03e16d649cb72d2413691dde,1778973855.2,True,351,0.0,16.9978380978288,14.96,8.07,-61.6558677506382,373bbfd0667aa14d8436bc8c4d143d10342a06e4752b594a1700b71021ae11dc,0.970763547790797,0.029236452209203,0.279943838890891,0.341538654521624,0.374792637593797,0.51143844989015,720.0,-3,0.123,0.0332539830721729,0.0461824852952462,505,a80b1acc62eec188dd72b051da6ba45ef2cfee8c,2026-07-21 08:07:47,2026-06-06 14:01:41,royal,glory,19,21,Final,2026-05-16 18:00:00
2026-05-16-BOS-MTL,ndick,-15.71,29.54,tdecraene,-8.23,40.38,0,0,0,"bsadok,tedmonds,rdinger,tdecraene,jbabbitt,pboerth,ndick",False,2026-05-16-BOS-MTL,9,12,3,4,0,1,3,True,True,350,away,261,,18,False,"jbernat,ycohonner,adub,cguay,rlalondel,wstpierre,tlalondel",262,504,7843f742b3e928273cffb7c819713549484b543c4ee95f30a739e6ce37f59e23,1778973845.8,True,350,0.0,13.1702695492537,7.48,10.84,-34.6071078387046,031c34b3c81726d50dcf2e25ae204faaee48ebcbe2facfffc6055a909902defd,0.975858518940167,0.0241414810598327,0.279943838890891,0.298087997682537,0.341538654521624,0.57437754091435,720.0,-3,0.124,0.0434506568390877,0.0603434276184239,504,482017dc4762829bf3d16b7aebb3db29a324ab41,2026-07-21 08:07:47,2026-06-06 14:01:41,royal,glory,19,21,Final,2026-05-16 18:00:00
2026-05-16-BOS-MTL,rdinger,0.99,17.74,bsadok,-16.1,29.09,0,0,0,"bsadok,tedmonds,rdinger,tdecraene,jbabbitt,pboerth,ndick",False,2026-05-16-BOS-MTL,9,12,3,4,0,1,1,True,True,348,away,259,1778973827.0,18,False,"jbernat,ycohonner,adub,cguay,rlalondel,wstpierre,tlalondel",260,502,eb80025d5bfc662efb54cff74a3f92e991ee3bd7c2e553890fd24968267269b6,1778973827.0,False,348,0.0,20.515618440593,-17.09,11.35,56.4106279406694,c8f42fdea78eb0cb7a6c5d06924fef91b8cf3dbf2eba301dbf814789bc5fdcf9,0.973335373961148,0.026664626038852,0.279943838890891,0.279943838890891,0.295959896991149,0.660996817306925,720.0,-3,0.126,0.0160160581002583,0.0222427901673511,502,3230acb1e2c4e1f36d0d6437add25334a3629242,2026-07-21 08:07:47,2026-06-06 14:01:41,royal,glory,19,21,Final,2026-05-16 18:00:00
2026-05-16-BOS-MTL,tdecraene,-13.32,79.8,tedmonds,-21.0,101.41,0,0,0,"bsadok,tedmonds,rdinger,tdecraene,jbabbitt,pboerth,ndick",False,2026-05-16-BOS-MTL,9,13,3,4,0,1,10,True,True,357,away,268,,19,False,"jbernat,ycohonner,adub,cguay,rlalondel,wstpierre,tlalondel",269,513,4939d62f38592411fa5452164f850b5cdd638c8095a917f4eb3b1f68045e0fac,1778973911.6,True,357,0.0,22.9341339492033,-7.68,21.61,19.5647563667263,50c60a25a36e15bbc493ed281aa3e177178fe4959c7f7ce7fbbef83b1f3a93ec,0.926525110952317,0.0734748890476828,0.279943838890891,0.570919215458365,1.0,0.254500397221032,720.0,-3,0.102,0.429080784541635,0.595899053041527,513,23bd7d2bf6d5c6085821b1a0c3c3e927473dda14,2026-07-21 08:07:47,2026-06-06 14:01:41,royal,glory,19,21,Final,2026-05-16 18:00:00
2026-05-16-BOS-MTL,pboerth,-1.0,69.8,tdecraene,-13.32,79.8,0,0,0,"bsadok,tedmonds,rdinger,tdecraene,jbabbitt,pboerth,ndick",False,2026-05-16-BOS-MTL,9,12,3,4,0,1,9,True,True,356,away,267,,18,False,"jbernat,ycohonner,adub,cguay,rlalondel,wstpierre,tlalondel",268,512,466ef12f4286ce0310d1e14ce3c86774b17ea7571aee04316f725edf28788fba,1778973902.2,True,356,0.0,15.8676526304302,-12.32,10.0,50.934165459549,21478765227e597649dee20ffa6dea820aeb19dbee32927ca57f3077ea770374,0.96421160334281,0.0357883966571902,0.279943838890891,0.499592886239995,0.570919215458365,0.33516778489226,720.0,-3,0.114,0.0713263292183698,0.0990566195677088,512,836e2cf4a3b0358feb531d0fae24b7187e70f100,2026-07-21 08:07:47,2026-06-06 14:01:41,royal,glory,19,21,Final,2026-05-16 18:00:00
2026-05-16-BOS-MTL,tedmonds,6.09,64.45,pboerth,-1.0,69.8,0,0,0,"bsadok,tedmonds,rdinger,tdecraene,jbabbitt,pboerth,ndick",False,2026-05-16-BOS-MTL,9,12,3,4,0,1,8,True,True,355,away,266,,18,False,"jbernat,ycohonner,adub,cguay,rlalondel,wstpierre,tlalondel",267,511,6b146905171df1d6e97bf2ba6a50f82fad3d116c12da300482562101728aac41,1778973892.8,True,355,0.0,8.88203805441071,-7.09,5.34999999999999,52.9623826950298,ec3f44af6d77a06aebc97ea1593dc14ee435584e3f8078c2313a2ffb523dda56,0.98278952715835,0.01721047284165,0.279943838890891,0.462278485821679,0.499592886239995,0.383744757631114,720.0,-3,0.118,0.0373144004183161,0.0518215139786325,511,86f55eff4e58287627f31411eb6637076ddf2d06,2026-07-21 08:07:47,2026-06-06 14:01:41,royal,glory,19,21,Final,2026-05-16 18:00:00
2026-05-16-BOS-MTL,pboerth,12.8,71.48,tedmonds,6.09,64.45,0,0,0,"bsadok,tedmonds,rdinger,tdecraene,jbabbitt,pboerth,ndick",False,2026-05-16-BOS-MTL,9,12,3,4,0,1,7,True,True,354,away,265,,18,False,"jbernat,ycohonner,adub,cguay,rlalondel,wstpierre,tlalondel",266,510,d628e5a1070345594ed31e91e5c0a46d360f493f50784a4737d4d51360e2a917,1778973883.4,True,354,0.0,9.71828174113099,-6.71,-7.03,136.334158338137,df4c0ab1796b6e3b7bec164b64592ee47ac1e15ad7d69790d5d6fcc300019989,0.983466569824694,0.0165334301753061,0.279943838890891,0.504992936148564,0.462278485821679,0.40978509031958,720.0,-3,0.12,-0.0427144503268853,-0.0593209983247583,510,4d182c892e0473237d984677fd7329e1821ffccc,2026-07-21 08:07:47,2026-06-06 14:01:41,royal,glory,19,21,Final,2026-05-16 18:00:00
2026-05-16-BOS-MTL,tedmonds,9.57,55.48,pboerth,12.8,71.48,0,0,0,"bsadok,tedmonds,rdinger,tdecraene,jbabbitt,pboerth,ndick",False,2026-05-16-BOS-MTL,9,12,3,4,0,1,6,True,True,353,away,264,,18,False,"jbernat,ycohonner,adub,cguay,rlalondel,wstpierre,tlalondel",265,508,4b058e48ce5a08b470fedc93f00f629c754f199ceb54366fb8bb4b71f843420f,1778973874.0,True,353,0.0,16.3227724360784,3.23,16.0,-11.4131928082987,d9d31fbdfad6107a542ae1bacbfa7473379b4ed2e7f7a0434dd0101f50e765a2,0.959882436877839,0.0401175631221609,0.279943838890891,0.407633653328413,0.504992936148564,0.370536006688517,720.0,-3,0.118,0.0973592828201515,0.135210679497816,508,d6ced76fca371b059833a72feefe54b5ae749a17,2026-07-21 08:07:47,2026-06-06 14:01:41,royal,glory,19,21,Final,2026-05-16 18:00:00
2026-05-16-BOS-MTL,sruelle,12.96,94.22,maugersem,0.87,101.43,0,0,0,"maugersem,jbrissett,jduquette,eforget,kquinlan,sruelle,ctremblay",True,2026-05-16-BOS-MTL,10,13,3,5,0,1,4,True,True,361,home,247,1778973950.0,19,False,"iengler,bmccann,tchan,tallen1,sfisherol,kdelorenz,ldecraene",248,520,fcde568a3023a1cb33e1c61c8ec2d93669d043263ca75a11d9141a11f8e92975,1778973950.0,False,361,0.0,14.076654432073,-12.09,7.21000000000001,59.1898136592978,f3dff1633f34bb8412056c9c786234ea40682b4ca2c9b121aa5e4d93adfb8ba6,0.953096769811448,0.0469032301885518,0.27395275536551,0.698381482041233,1.0,0.284736302130262,720.0,-4,0.096,0.301618517958767,0.415425470157399,520,8a78c04280a33079e038df1eedadd0e3ec6d3c0b,2026-07-21 08:07:47,2026-06-06 14:01:41,royal,glory,19,21,Final,2026-05-16 18:00:00
2026-05-16-BOS-MTL,kquinlan,-0.15,90.94,sruelle,12.96,94.22,0,0,0,"maugersem,jbrissett,jduquette,eforget,kquinlan,sruelle,ctremblay",True,2026-05-16-BOS-MTL,9,13,3,5,0,1,3,True,True,360,home,246,1778973929.0,18,False,"iengler,bmccann,tchan,tallen1,sfisherol,kdelorenz,ldecraene",247,517,f0d6e3e07505a1c825d39ee2372e1fa7782324136ed990c6f360662df6967945,1778973929.0,False,360,0.0,13.5140852446623,13.11,3.28,-75.9534737289691,929b6d27cfb2a10eba1ce5e54a955c4b3f5caae301bb0845e8e6d152c22a3e68,0.964493440945554,0.0355065590544461,0.27395275536551,0.674904698267714,0.698381482041233,0.293207693675699,720.0,-4,0.091,0.0234767837735183,0.0323350635196433,517,495b613c19868060ceb3b916a4bf17cea4c36168,2026-07-21 08:07:47,2026-06-06 14:01:41,royal,glory,19,21,Final,2026-05-16 18:00:00
2026-05-16-BOS-MTL,jbrissett,-1.75,21.99,kquinlan,-0.15,90.94,0,0,0,"maugersem,jbrissett,jduquette,eforget,kquinlan,sruelle,ctremblay",True,2026-05-16-BOS-MTL,9,13,3,5,0,1,2,True,True,359,home,245,1778973926.0,18,False,"iengler,bmccann,tchan,tallen1,sfisherol,kdelorenz,ldecraene",246,516,330f65ea8422b1acbcbc167df790555658b0496fc8cd199c893ffac2e3c4323e,1778973926.0,False,359,0.0,68.9685616784923,1.6,68.95,-1.32932266466381,de025a429b4e431fa7449e515b2bfed2dc0442559c17c63318cb1e14d342526a,0.57628105284616,0.42371894715384,0.27395275536551,0.289142246405167,0.674904698267714,0.306933558462857,720.0,-4,0.089,0.385762451862547,0.531318663783029,516,f63572bc8845b98b70152e964535d46310b886ea,2026-07-21 08:07:47,2026-06-06 14:01:41,royal,glory,19,21,Final,2026-05-16 18:00:00
2026-05-16-BOS-MTL,eforget,6.7,15.14,jbrissett,-1.75,21.99,0,0,0,"maugersem,jbrissett,jduquette,eforget,kquinlan,sruelle,ctremblay",True,2026-05-16-BOS-MTL,9,13,3,5,0,1,1,True,True,358,home,244,1778973919.0,18,False,"iengler,bmccann,tchan,tallen1,sfisherol,kdelorenz,ldecraene",245,514,07b460340e0140ebb7ceb45669f7c66fa82486850a05e171bf57f1374d07c5dd,1778973919.0,False,358,0.0,10.8777295425102,-8.45,6.85,50.970015980857,553b460de47cf5f262e97c1713416da0480cd9c301ee6db1dcdced5245c3afa9,0.988109536911362,0.0118904630886376,0.27395275536551,0.27395275536551,0.289142246405167,0.738149499967676,720.0,-4,0.077,0.0151894910396571,0.0209208025399282,514,aa91e5879b961de61f64b16e7b0c9c4487c509a4,2026-07-21 08:07:47,2026-06-06 14:01:41,royal,glory,19,21,Final,2026-05-16 18:00:00
2026-05-16-BOS-MTL,bsadok,-22.67,17.16,rdinger,-12.81,18.51,0,0,0,"bsadok,tedmonds,pboerth,rdinger,tdecraene,jbabbitt,ndick",False,2026-05-16-BOS-MTL,10,13,3,6,0,1,1,True,True,362,away,273,1778973994.0,18,False,"mbrichet,jgiard,phooley,ngagnon,arousseau,rsalvas,rlalondel",274,524,95265f9de9da36639fe02ed8034886439193f2cbd6771adf8530127b9f15560f,1778973994.0,False,362,0.0,9.95198975079858,9.86,1.35,-82.2037189303656,8ea0003097b3a50723e9a2ee815bbe1d39700b758ba860b854021e46d77ae407,0.986610312499381,0.0133896875006189,0.241330626820809,0.241330626820809,0.276816747966548,0.750488141943464,720.0,-3,0.126,0.0354861211457392,0.0467741580196328,524,d05efdbcb7e9ad60dbd1b6e4e25dfd22adc435a1,2026-07-21 08:07:47,2026-06-06 14:01:41,royal,glory,19,21,Final,2026-05-16 18:00:00
2026-05-16-BOS-MTL,tdecraene,-7.97,50.12,ndick,1.83,57.93,0,0,0,"bsadok,tedmonds,pboerth,rdinger,tdecraene,jbabbitt,ndick",False,2026-05-16-BOS-MTL,10,13,3,6,0,1,11,True,True,372,away,283,1778974032.0,18,False,"mbrichet,jgiard,phooley,ngagnon,arousseau,rsalvas,rlalondel",284,534,e246fb16661cea6a5ca6f35c85d7832c303b4be3bbabbb8910fb522ee669bedc,1778974032.0,False,372,0.0,12.5314045501691,9.8,7.81,-51.447299882944,fd89254442623552aee052362d5ef1b5c114e5427f40a6a99d452646b7e5fb1f,0.978134351136653,0.0218656488633467,0.241330626820809,0.382057366078186,0.423532622691492,0.447917963543359,720.0,-3,0.121,0.0414752566133068,0.0546684208952649,534,83032ffc3116f860de7e8a35bf196a342364859c,2026-07-21 08:07:47,2026-06-06 14:01:41,royal,glory,19,21,Final,2026-05-16 18:00:00
2026-05-16-BOS-MTL,ndick,1.83,57.93,pboerth,9.44,79.22,0,0,0,"bsadok,tedmonds,pboerth,rdinger,tdecraene,jbabbitt,ndick",False,2026-05-16-BOS-MTL,10,13,3,6,0,1,12,True,True,373,away,284,1778974038.0,18,False,"mbrichet,jgiard,phooley,ngagnon,arousseau,rsalvas,rlalondel",285,535,084ae554ed13bb216b8c5028a7b5bbe5281a18b09b5d197056aa96ff24359837,1778974038.0,False,373,0.0,22.6092060895556,7.61,21.29,-19.6691661187862,8e8405909460dd15d6e3562956fb4dbd41139f162aece90b78c5e0134a52bebf,0.930516221738627,0.0694837782613726,0.241330626820809,0.423532622691492,0.570230520500779,0.342383730893447,720.0,-3,0.114,0.146697897809286,0.193362092889754,535,c82051890e280964942e67bf78582f32daf291cb,2026-07-21 08:07:47,2026-06-06 14:01:41,royal,glory,19,21,Final,2026-05-16 18:00:00
2026-05-16-BOS-MTL,pboerth,9.44,79.22,tdecraene,2.74,85.29,0,0,0,"bsadok,tedmonds,pboerth,rdinger,tdecraene,jbabbitt,ndick",False,2026-05-16-BOS-MTL,10,13,3,6,0,1,13,True,True,374,away,285,1778974042.0,18,False,"mbrichet,jgiard,phooley,ngagnon,arousseau,rsalvas,rlalondel",286,536,0fe2afcf32c807328dbc177f197d4323c685db1c3c923730a15ab84b0b112eb5,1778974042.0,False,374,0.0,9.04073558954138,-6.7,6.07000000000001,47.8243617113447,50eb7561bccc13b06b9c2b2194409f37a5356346d4b95f7ad9cd1a9b4a68cd61,0.977358926434515,0.0226410735654852,0.241330626820809,0.570230520500779,0.624460400228384,0.323420319509689,720.0,-3,0.11,0.0542298797276046,0.0714802543041315,536,bc0a0675c5480b82a16dce30a6404723d81b7820,2026-07-21 08:07:47,2026-06-06 14:01:41,royal,glory,19,21,Final,2026-05-16 18:00:00
2026-05-16-BOS-MTL,tdecraene,2.74,85.29,,-7.45,84.7,1,0,0,"bsadok,tedmonds,pboerth,rdinger,tdecraene,jbabbitt,ndick",False,2026-05-16-BOS-MTL,10,13,3,6,0,1,14,True,True,375,away,286,1778974050.0,22,False,"mbrichet,jgiard,phooley,ngagnon,arousseau,rsalvas,rlalondel",287,537,912f53b3f0351c82a0666ad0859716252c4ece48884a16713b8d90a8b6e4beb5,1778974050.0,False,375,0.0,10.207066179858,-10.19,-0.590000000000003,93.3137203450952,07037d61cd4cc224ac74da31c33581b534f4c1197ae99781f0eda6eacf64aa0e,0.976867926937525,-0.976867926937525,0.241330626820809,0.624460400228384,0.618296040656452,0.324340162408183,720.0,-3,0.137,-0.324340162408183,-0.324340162408183,537,47fac5e0fb9c80e60772ee860cd2b0682ddb3390,2026-07-21 08:07:47,2026-06-06 14:01:41,royal,glory,19,21,Final,2026-05-16 18:00:00
2026-05-16-BOS-MTL,rdinger,-12.81,18.51,ndick,-10.16,17.61,0,0,0,"bsadok,tedmonds,pboerth,rdinger,tdecraene,jbabbitt,ndick",False,2026-05-16-BOS-MTL,10,13,3,6,0,1,2,True,True,363,away,274,,18,False,"mbrichet,jgiard,phooley,ngagnon,arousseau,rsalvas,rlalondel",275,525,21d57c638f0701d8ec407425920657a32647cfb6cf73cf4714045caf1b73a693,1778973998.5,True,363,0.0,2.79866039383131,2.65,-0.900000000000002,-108.758650347842,36328c4c31a9d20f96706137d18420d39748baacca965ecb310e0a4f862f34bd,0.994302741301682,0.00569725869831794,0.241330626820809,0.276816747966548,0.277467278289282,0.753272880862009,720.0,-3,0.126,0.000650530322733989,0.00085746221704977,525,ea38a83c1898f087a71bbb0b476cd00a62d49cfb,2026-07-21 08:07:47,2026-06-06 14:01:41,royal,glory,19,21,Final,2026-05-16 18:00:00
2026-05-16-BOS-MTL,ndick,-10.16,17.61,pboerth,-1.2,30.83,0,0,0,"bsadok,tedmonds,pboerth,rdinger,tdecraene,jbabbitt,ndick",False,2026-05-16-BOS-MTL,10,13,3,6,0,1,3,True,True,364,away,275,1778974003.0,18,False,"mbrichet,jgiard,phooley,ngagnon,arousseau,rsalvas,rlalondel",276,526,81c83c0cf9f286e078e72786d8ef5ca43d77efdf1eb0128f17d090470cdcf177,1778974003.0,False,364,0.0,15.9702849066634,8.96,13.22,-34.127887121376,bb7cb7c3c2af25b731bf1f41e13e638d8ed4cce1edbcd25c2427b2a48e526ec4,0.975884518914802,0.024115481085198,0.241330626820809,0.277467278289282,0.311853489909738,0.659007102042001,720.0,-3,0.125,0.0343862116204562,0.045324370320053,526,f23779f8710112d926238d8e637f59b4539f69d7,2026-07-21 08:07:47,2026-06-06 14:01:41,royal,glory,19,21,Final,2026-05-16 18:00:00
2026-05-16-BOS-MTL,pboerth,-1.2,30.83,tedmonds,-11.19,27.61,0,0,0,"bsadok,tedmonds,pboerth,rdinger,tdecraene,jbabbitt,ndick",False,2026-05-16-BOS-MTL,10,13,3,6,0,1,4,True,True,365,away,276,1778974009.0,18,False,"mbrichet,jgiard,phooley,ngagnon,arousseau,rsalvas,rlalondel",277,527,ff56f2e64691e03eb808afaf1954bfb28a20891e1254681f0d3ab89decf55b6f,1778974009.0,False,365,0.0,10.4961183301257,-9.99,-3.22,107.865289762423,f7e451e18d81d01078f4602916a5213732eb09696bf5f05ad532e411b1cdc949,0.98952174897631,0.0104782510236899,0.241330626820809,0.311853489909738,0.299880345512118,0.6841995268924,720.0,-3,0.126,-0.0119731443976198,-0.0157817684763609,527,cebe16625650d7703039a859e9df129abb165c35,2026-07-21 08:07:47,2026-06-06 14:01:41,royal,glory,19,21,Final,2026-05-16 18:00:00
2026-05-16-BOS-MTL,tedmonds,-11.19,27.61,pboerth,0.99,30.9,0,0,0,"bsadok,tedmonds,pboerth,rdinger,tdecraene,jbabbitt,ndick",False,2026-05-16-BOS-MTL,10,13,3,6,0,1,5,True,True,366,away,277,1778974010.0,18,False,"mbrichet,jgiard,phooley,ngagnon,arousseau,rsalvas,rlalondel",278,528,691c1a782f8ce0a8edc2fd32353c5444676f88b0376c356a06986507e05d6890,1778974010.0,False,366,0.0,12.6165169519959,12.18,3.29,-74.884286811422,1610d6065ef279040f6af7e223a6cf6d05d83d8978734f022627bcd95d52c692,0.984497733423879,0.015502266576121,0.241330626820809,0.299880345512118,0.312081289436077,0.658369464240894,720.0,-3,0.125,0.0122009439239587,0.0160820304012416,528,a3200e00d068a1e08512c4865cd765a589161759,2026-07-21 08:07:47,2026-06-06 14:01:41,royal,glory,19,21,Final,2026-05-16 18:00:00
2026-05-16-BOS-MTL,pboerth,0.99,30.9,tedmonds,-8.74,38.51,0,0,0,"bsadok,tedmonds,pboerth,rdinger,tdecraene,jbabbitt,ndick",False,2026-05-16-BOS-MTL,10,13,3,6,0,1,6,True,True,367,away,278,1778974013.0,18,False,"mbrichet,jgiard,phooley,ngagnon,arousseau,rsalvas,rlalondel",279,529,1cfb72fe0631429273ac17760a8f4ee67de19e10de8f3ed3df536a26c56b935e,1778974013.0,False,367,0.0,12.3525301052052,-9.73,7.61,51.9704271456724,bf75df3e1efd00fc80335322ba82f39000d6b752319e4ea14311d99a9650d1f8,0.982673762186477,0.0173262378135233,0.241330626820809,0.312081289436077,0.33462994817005,0.589815600334505,720.0,-3,0.125,0.0225486587339729,0.0297213246390627,529,cfd28d3721de092349774cd0c262b59e669e8fd7,2026-07-21 08:07:47,2026-06-06 14:01:41,royal,glory,19,21,Final,2026-05-16 18:00:00
2026-05-16-BOS-MTL,tedmonds,-8.74,38.51,rdinger,-17.77,48.9,0,0,0,"bsadok,tedmonds,pboerth,rdinger,tdecraene,jbabbitt,ndick",False,2026-05-16-BOS-MTL,10,13,3,6,0,1,7,True,True,368,away,279,1778974016.0,18,False,"mbrichet,jgiard,phooley,ngagnon,arousseau,rsalvas,rlalondel",280,530,e1feed8fc817baf599839325f71f6b696df70177527a02efb19fb9bfaab0d12f,1778974016.0,False,368,0.0,13.7656456441389,-9.03,10.39,40.9940654853535,d298317a5821d8641e417fc38029c3c80ac9cbe1dccf53f79a3a79b1f0f712e5,0.980901768645122,0.0190982313548775,0.241330626820809,0.33462994817005,0.360321300120621,0.487336191021857,720.0,-3,0.124,0.0256913519505717,0.0338636998656114,530,f5d04feb5e5c8755aca903604cbf9560d600b1e4,2026-07-21 08:07:47,2026-06-06 14:01:41,royal,glory,19,21,Final,2026-05-16 18:00:00
2026-05-16-BOS-MTL,rdinger,-17.77,48.9,jbabbitt,-6.1,53.67,0,0,0,"bsadok,tedmonds,pboerth,rdinger,tdecraene,jbabbitt,ndick",False,2026-05-16-BOS-MTL,10,13,3,6,0,1,8,True,True,369,away,280,1778974019.0,18,False,"mbrichet,jgiard,phooley,ngagnon,arousseau,rsalvas,rlalondel",281,531,52455a66868383942075a6c9779fb3099ad447887e65eb1fc6b256d366fe0aca,1778974019.0,False,369,0.0,12.6072122215817,11.67,4.77,-67.7681840045527,4506a1d77a5a7064d5df9610489a309f9f64246bc648437f13db4bfcbc8bb4b5,0.975758410710067,0.0242415892899329,0.241330626820809,0.360321300120621,0.399983655553441,0.474693613849325,720.0,-3,0.122,0.0396623554328197,0.0522788408692646,531,cb2b2335e552a2c5685f41bdb655051663b00b14,2026-07-21 08:07:47,2026-06-06 14:01:41,royal,glory,19,21,Final,2026-05-16 18:00:00
2026-05-16-BOS-MTL,jbabbitt,-6.1,53.67,tedmonds,-3.46,41.87,0,0,0,"bsadok,tedmonds,pboerth,rdinger,tdecraene,jbabbitt,ndick",False,2026-05-16-BOS-MTL,10,13,3,6,0,1,9,True,True,370,away,281,1778974022.0,18,False,"mbrichet,jgiard,phooley,ngagnon,arousseau,rsalvas,rlalondel",282,532,888bc0463fc7314aed710a149b32edb950c5e6cc396ae162255a052ee63ecc1b,1778974022.0,False,370,0.0,12.0917161726531,2.64,-11.8,-167.388959438072,abff66c9a70c42dbf38521dab22a9ece721a1a505345206723e7a550a971effd,0.987977448784607,0.0120225512153925,0.241330626820809,0.399983655553441,0.348219336435758,0.563498239839115,720.0,-3,0.124,-0.0517643191176829,-0.068230405691435,532,908770d661b0352a9f219ed883aaa8b8665f721b,2026-07-21 08:07:47,2026-06-06 14:01:41,royal,glory,19,21,Final,2026-05-16 18:00:00
2026-05-16-BOS-MTL,tedmonds,-3.46,41.87,tdecraene,-7.97,50.12,0,0,0,"bsadok,tedmonds,pboerth,rdinger,tdecraene,jbabbitt,ndick",False,2026-05-16-BOS-MTL,10,13,3,6,0,1,10,True,True,371,away,282,1778974027.0,18,False,"mbrichet,jgiard,phooley,ngagnon,arousseau,rsalvas,rlalondel",283,533,6fa27edbbc1d9839aaab8bbcd51fd40199df07be83f815bb7b11b1cfbe3b831c,1778974027.0,False,371,0.0,9.40226568439756,-4.51,8.25,28.6639571102815,fababe17b11ffddfc6f8d5a838db22c901cdbb5000ead17b3b93e693f91f87b3,0.984164759446009,0.0158352405539905,0.241330626820809,0.348219336435758,0.382057366078186,0.498669473756152,720.0,-3,0.123,0.0338380296424276,0.0446018131727526,533,f42fda45d317c21322b12a8eff5f22895f2f35d3,2026-07-21 08:07:47,2026-06-06 14:01:41,royal,glory,19,21,Final,2026-05-16 18:00:00
2026-05-16-BOS-MTL,ngagnon,8.08,63.93,arousseau,0.58,68.44,0,0,0,"mbrichet,jgiard,phooley,ngagnon,arousseau,rsalvas,rlalondel",True,2026-05-16-BOS-MTL,10,13,3,6,0,2,5,False,False,380,home,255,1778974073.0,18,False,"bsadok,tedmonds,pboerth,rdinger,tdecraene,jbabbitt,ndick",256,543,7a599e0a402caa763dc6a92525913c71a2832abe4e1109e6334d30a6b81c8b20,1778974073.0,False,380,0.0,8.75157700074678,-7.5,4.51,58.9801041761592,2daf88fd55c0cec5bd25add11560fcf561e961fd18e9c545376dcfa7c6973865,0.983063437036876,0.016936562963124,0.336106734358662,0.458127814787425,0.489972571687459,0.390228846532469,720.0,-3,0.143,0.0318447569000334,0.0479666816160132,543,9a5db3c0da8ce462763be6ad9f79d4a74d50314d,2026-07-21 08:07:47,2026-06-06 14:01:41,royal,glory,19,21,Final,2026-05-16 18:00:00
2026-05-16-BOS-MTL,rlalondel,-3.65,39.39,mbrichet,2.11,38.73,0,0,0,"mbrichet,jgiard,phooley,ngagnon,arousseau,rsalvas,rlalondel",True,2026-05-16-BOS-MTL,10,13,3,6,0,2,2,False,False,377,home,252,1778974063.0,18,False,"bsadok,tedmonds,pboerth,rdinger,tdecraene,jbabbitt,ndick",253,540,1776158813a590e0141996d8b92fe924a53050b86bf6ea300d443b97d94066f1,1778974063.0,False,377,0.0,5.79768919484306,5.76,-0.660000000000004,-96.5366336487971,55bc77abc6e3fd4de18f0425f4260da16540d742b392d51303f74f93b48b44e9,0.991752743019168,0.00824725698083228,0.336106734358662,0.339051953077654,0.336920612477222,0.589764048066277,720.0,-3,0.137,-0.00213134060043191,-0.00321036635064068,540,49086a93e4c00cb15a749b6f56d79f88cc01e862,2026-07-21 08:07:47,2026-06-06 14:01:41,royal,glory,19,21,Final,2026-05-16 18:00:00
2026-05-16-BOS-MTL,ctremblay,-8.17,75.72,jbrissett,-0.81,72.37,0,0,0,"maugersem,jbrissett,jduquette,eforget,kquinlan,sruelle,ctremblay",True,2026-05-16-BOS-MTL,10,13,3,6,0,2,7,False,True,382,home,258,1778974145.0,18,False,"itran,tchan,ograff,jcarreiro,zsinger,mraymond,ghaflin",259,547,ef0cf1046ae5a7006732ae51e420ae6345d20af91d7c0e221f2945b2505f9ee2,1778974145.0,False,382,0.0,8.08653819628646,7.36,-3.34999999999999,-114.473274079624,7c57c8c1d240d00aa9769b4cd26d26de1396ae5df4f70ef64c9e323b2f0d240c,0.984425925016641,0.0155740749833593,0.336106734358662,0.542861220807373,0.51848442427179,0.372068903039732,720.0,-3,0.145,-0.0243767965355824,-0.0367179451836039,547,5773cca2bdec0074e728a4a04f1ec0288e2ebf61,2026-07-21 08:07:47,2026-06-06 14:01:41,royal,glory,19,21,Final,2026-05-16 18:00:00
2026-05-16-BOS-MTL,mbrichet,2.11,38.73,rsalvas,17.7,61.74,0,0,0,"mbrichet,jgiard,phooley,ngagnon,arousseau,rsalvas,rlalondel",True,2026-05-16-BOS-MTL,10,13,3,6,0,2,3,False,False,378,home,253,1778974066.0,18,False,"bsadok,tedmonds,pboerth,rdinger,tdecraene,jbabbitt,ndick",254,541,cdcba6712c5016e94df38ec4dd23d50392bcff2f12bcbd599a90f1100f6328cf,1778974066.0,False,378,0.0,27.7940317334495,15.59,23.01,-34.1188773484853,22b432e4d10dcb35879b7dfee9ea3c368209e4f84f7d5917c25e627955fb7cd5,0.930371589312193,0.0696284106878069,0.336106734358662,0.336920612477222,0.424895662920035,0.407516928747713,720.0,-3,0.14,0.0879750504428128,0.132513846721772,541,f02a849f948f652246d6232a25d7de99a108075b,2026-07-21 08:07:47,2026-06-06 14:01:41,royal,glory,19,21,Final,2026-05-16 18:00:00
2026-05-16-BOS-MTL,arousseau,-15.31,41.21,rlalondel,-3.65,39.39,0,0,0,"mbrichet,jgiard,phooley,ngagnon,arousseau,rsalvas,rlalondel",True,2026-05-16-BOS-MTL,10,13,3,6,0,2,1,False,False,376,home,251,1778974061.0,18,False,"bsadok,tedmonds,pboerth,rdinger,tdecraene,jbabbitt,ndick",252,539,e7f80571ca3f80e1af54fe235075285e3a5cd15e5d227a4a1d1fb1fd364bdfba,1778974061.0,False,376,0.0,11.8011863810381,11.66,-1.82,-98.8716649933789,01388846f3f2b84a459ea1ce2710e5195441a84be00c1ec74c4bc5879f56d9c5,0.984179123017551,0.0158208769824488,0.336106734358662,0.336106734358662,0.339051953077654,0.584049726700676,720.0,-3,0.137,0.00294521871899267,0.0044362834681679,539,d8ae91ceed088dc13e8708a89906e67a662536cd,2026-07-21 08:07:47,2026-06-06 14:01:41,royal,glory,19,21,Final,2026-05-16 18:00:00
2026-05-16-BOS-MTL,jbrissett,0.57,68.44,ctremblay,-8.17,75.72,0,0,0,"maugersem,jbrissett,jduquette,eforget,kquinlan,sruelle,ctremblay",True,2026-05-16-BOS-MTL,10,13,3,6,0,2,6,False,True,381,home,257,1778974141.0,18,False,"itran,tchan,ograff,jcarreiro,zsinger,mraymond,ghaflin",258,546,e2e286ba9dfdc061e873339980a1b763502dea63c408141941247e4b5f93ff5d,1778974141.0,False,381,0.0,11.37479670148,-8.74,7.28,50.2073275521619,a524c330d5f07078205ee6004b521e362afd66a7e8e010887932e37e813a1ad7,0.976220528558935,0.0237794714410652,0.336106734358662,0.489972712722341,0.542861220807373,0.356424307939475,720.0,-3,0.146,0.0528885080850317,0.0796641731769037,546,152fde0139112266f7a1762bdf2d34dc61024bf1,2026-07-21 08:07:47,2026-06-06 14:01:41,royal,glory,19,21,Final,2026-05-16 18:00:00
2026-05-16-BOS-MTL,sruelle,-17.93,84.39,jbrissett,-14.8,76.01,0,0,0,"maugersem,jbrissett,jduquette,eforget,kquinlan,sruelle,ctremblay",True,2026-05-16-BOS-MTL,10,13,3,6,0,2,9,False,True,384,home,260,1778974152.0,18,False,"itran,tchan,ograff,jcarreiro,zsinger,mraymond,ghaflin",261,549,0b477e69b053cb6358edbafd461bad7d598e9d223332d5d642fc518bc75e4448,1778974152.0,False,384,0.0,8.94546253695134,3.13,-8.38,-159.518919776908,de86618bce02da4bbedcce1f2b48b4eaf47101af632e89f548aaf66762042d9c,0.980078804930354,0.0199211950696463,0.336106734358662,0.598262882176862,0.536961847944778,0.346339765700892,720.0,-3,0.146,-0.0613010342320838,-0.0923356771406099,549,867b74bab32d273d1d53cf4d22f99a019345ae23,2026-07-21 08:07:47,2026-06-06 14:01:41,royal,glory,19,21,Final,2026-05-16 18:00:00
2026-05-16-BOS-MTL,rsalvas,17.7,61.74,ngagnon,8.08,63.93,0,0,0,"mbrichet,jgiard,phooley,ngagnon,arousseau,rsalvas,rlalondel",True,2026-05-16-BOS-MTL,10,13,3,6,0,2,4,False,False,379,home,254,1778974069.0,18,False,"bsadok,tedmonds,pboerth,rdinger,tdecraene,jbabbitt,ndick",255,542,b672a1ba0c612a745ec489f5c44c65d6dd2d544bf2092fb2c579cedf13a1db5c,1778974069.0,False,379,0.0,9.86612892678785,-9.62,2.19,77.1751415353976,90c5827d366907afc50c992206d61acabb84b535205c92698dbc93379bbaa5bd,0.979369037472943,0.0206309625270568,0.336106734358662,0.424895662920035,0.458127814787425,0.411925405154657,720.0,-3,0.142,0.0332321518673903,0.0500564677897239,542,fa3c19881cd33873cf8929f042eb308a306f42b7,2026-07-21 08:07:47,2026-06-06 14:01:41,royal,glory,19,21,Final,2026-05-16 18:00:00
2026-05-16-BOS-MTL,jbrissett,-0.81,72.37,sruelle,-17.93,84.39,0,0,0,"maugersem,jbrissett,jduquette,eforget,kquinlan,sruelle,ctremblay",True,2026-05-16-BOS-MTL,10,13,3,6,0,2,8,False,True,383,home,259,1778974148.0,18,False,"itran,tchan,ograff,jcarreiro,zsinger,mraymond,ghaflin",260,548,3cb87e43f810bd05daf7890fedf8a6bf708de762455f0eef35a99138d30a5936,1778974148.0,False,383,0.0,20.9182886489311,-17.12,12.02,54.9271994029226,9820415ef40e51a66576acdaa7e8b55d92c493deb2d4d247bd1d8c4c282ea43e,0.955357449616545,0.0446425503834553,0.336106734358662,0.51848442427179,0.598262882176862,0.307049866892049,720.0,-3,0.15,0.0797784579050717,0.120167596259624,548,e1593078d91cba82e96c46eaab4e327808d86832,2026-07-21 08:07:47,2026-06-06 14:01:41,royal,glory,19,21,Final,2026-05-16 18:00:00
2026-05-16-BOS-MTL,jbrissett,-14.8,76.01,sruelle,-5.54,79.22,0,0,0,"maugersem,jbrissett,jduquette,eforget,kquinlan,sruelle,ctremblay",True,2026-05-16-BOS-MTL,10,13,3,6,0,2,10,False,True,385,home,261,1778974155.0,18,False,"itran,tchan,ograff,jcarreiro,zsinger,mraymond,ghaflin",262,550,bda66b92dcb11604d723c006dcd07791139199d1e19576002d418cd39619e1d1,1778974155.0,False,385,0.0,9.80059692059621,9.26,3.20999999999999,-70.8810101575427,a7ef2acddb810ed11ce5b3bc9e8895d38389f478bd2336aa16c068ed4af58978,0.975853655984774,0.0241463440152259,0.336106734358662,0.536961847944778,0.572051168903631,0.343803540460195,720.0,-3,0.148,0.0350893209588528,0.0528538588578023,550,e45a18233feb4a3468c7b11b532a1293289397e7,2026-07-21 08:07:47,2026-06-06 14:01:41,royal,glory,19,21,Final,2026-05-16 18:00:00
2026-05-16-BOS-MTL,sruelle,-5.54,89.22,jduquette,-13.27,102.01,0,0,0,"maugersem,jbrissett,jduquette,eforget,kquinlan,sruelle,ctremblay",True,2026-05-16-BOS-MTL,11,13,3,6,0,2,11,False,True,386,home,263,1778974179.0,19,False,"itran,tchan,ograff,jcarreiro,zsinger,mraymond,ghaflin",264,554,523c28abaac922eb0b52c5d8c9a943c4f7bde575c1a1fd2dccdbe0710c342795,1778974179.0,False,386,0.0,14.9444638578974,-7.73,12.79,31.1478598491625,a00661f10867e9550135c20198195990ef1a65e34ce04af64d32055ff32eddf5,0.953081668291215,0.0469183317087852,0.336106734358662,0.658883699024472,1.0,0.278445161385895,720.0,-3,0.166,0.341116300975528,0.513811961394127,554,ca61328052dc22cd184ed841393c9ee4c303dd80,2026-07-21 08:07:47,2026-06-06 14:01:41,royal,glory,19,21,Final,2026-05-16 18:00:00
2026-05-16-BOS-MTL,bsadok,1.06,15.87,rdinger,4.03,21.09,0,0,0,"bsadok,tedmonds,pboerth,rdinger,ndick,tdecraene,jbabbitt",False,2026-05-16-BOS-MTL,11,13,3,7,0,1,1,True,True,387,away,291,1778974220.0,18,False,"jbernat,ycohonner,adub,cguay,rlalondel,wstpierre,tlalondel",292,558,c92b74eccefb36aa5c8cecc236c6b8e07a90384bc523183198ee46a671adac66,1778974220.0,False,387,0.0,6.00577222345304,2.97,5.22,-29.6383836881513,62440b2a9a2a55f23af4416b6be870182f0f5c201922d7a6491f67d2d524b8d2,0.992597982105425,0.0074020178945754,0.276156165544778,0.276156165544778,0.28690767567304,0.745829294162187,720.0,-2,0.218,0.0107515101282613,0.0148533559539856,558,5cc1c3b5058ac91bb1898419dd3f9c449ed05b22,2026-07-21 08:07:47,2026-06-06 14:01:41,royal,glory,19,21,Final,2026-05-16 18:00:00
2026-05-16-BOS-MTL,bsadok,-0.23,17.03,,2.35,83.87,1,0,0,"bsadok,tedmonds,pboerth,rdinger,ndick,tdecraene,jbabbitt",False,2026-05-16-BOS-MTL,11,13,3,7,0,1,3,True,True,389,away,293,1778974234.0,22,False,"jbernat,ycohonner,adub,cguay,rlalondel,wstpierre,tlalondel",294,560,1d3a1191fb781bdd20b7d168271eec3060fdb1378c8bd1c0fd89c2a836c2fac1,1778974234.0,False,389,0.0,66.8897750033591,2.58,66.84,-2.21049912072742,a694cbf6c123c83fdb48ef3eb34f383f01226ecdfc628749ca0fa3c86a359846,0.591279429176732,-0.591279429176732,0.276156165544778,0.27849272480093,0.612098193432133,0.328036143156854,720.0,-2,0.235,-0.328036143156854,-0.328036143156854,560,6f7098bd41eede758e894c2ad4f1ad8baa8a0018,2026-07-21 08:07:47,2026-06-06 14:01:41,royal,glory,19,21,Final,2026-05-16 18:00:00
2026-05-16-BOS-MTL,rdinger,4.03,21.09,bsadok,-0.23,17.03,0,0,0,"bsadok,tedmonds,pboerth,rdinger,ndick,tdecraene,jbabbitt",False,2026-05-16-BOS-MTL,11,13,3,7,0,1,2,True,True,388,away,292,1778974223.0,18,False,"jbernat,ycohonner,adub,cguay,rlalondel,wstpierre,tlalondel",293,559,b68e00eea559102bd955e0136829771c478e95fbf6d57a4c73fd32a49b5e1906,1778974223.0,False,388,0.0,5.88482794990644,-4.26,-4.06,133.622962806227,61f8f17a2d384d008230be6f7154191610015653e80ce92b0280e17aef411f84,0.994237307784561,0.0057626922154389,0.276156165544778,0.28690767567304,0.27849272480093,0.755622050613256,720.0,-2,0.219,-0.00841495087210919,-0.0116253678922919,559,6e0f64a5fe65246dbabd202e46e9c771bef7982f,2026-07-21 08:07:47,2026-06-06 14:01:41,royal,glory,19,21,Final,2026-05-16 18:00:00
2026-05-16-BOS-MTL,wstpierre,-18.73,63.85,rlalondel,-11.81,65.24,0,0,0,"jbernat,ycohonner,adub,cguay,rlalondel,wstpierre,tlalondel",True,2026-05-16-BOS-MTL,11,13,3,7,0,2,4,False,False,393,home,270,1778974251.0,18,False,"bsadok,tedmonds,pboerth,rdinger,ndick,tdecraene,jbabbitt",271,565,245bd37777f8283aa36a466654d38f73191fac0c2ae1324775544e8f7a8f9e65,1778974251.0,False,393,0.0,7.05822215575565,6.92,1.38999999999999,-78.6423077875168,9565fce7fbe69a391dae9b9c5544675233b8d56d2a3c6aa5db975e4eddfc4c79,0.98268345040824,0.0173165495917597,0.302259388510195,0.436667746468523,0.463766825910715,0.401340103272224,720.0,-2,0.243,0.0270990794421918,0.0388383290236327,565,f5ac220abf57b93f56540e0a4295117469148534,2026-07-21 08:07:47,2026-06-06 14:01:41,royal,glory,19,21,Final,2026-05-16 18:00:00
2026-05-16-BOS-MTL,jbernat,-4.81,31.89,tlalondel,-18.07,33.34,0,0,0,"jbernat,ycohonner,adub,cguay,rlalondel,wstpierre,tlalondel",True,2026-05-16-BOS-MTL,11,13,3,7,0,2,1,False,False,390,home,267,1778974244.0,18,False,"bsadok,tedmonds,pboerth,rdinger,ndick,tdecraene,jbabbitt",268,562,9206d23b865ff395eca9fea4592676e04fb3b1c0f55816cf16eec232a292d225,1778974244.0,False,390,0.0,13.3390441936445,-13.26,1.45,83.759419989955,da2b524e0df11e67c7327776e5c9c7ee3fc5c80649889ca2c44638eb50176a6d,0.987851590897722,0.012148409102278,0.302259388510195,0.314532901813307,0.302259388510195,0.615088664142686,720.0,-2,0.234,-0.0122735133031124,-0.0175903668225735,562,5d0feeb334ea9f8c02272bb9140ff3bbe1d088ab,2026-07-21 08:07:47,2026-06-06 14:01:41,royal,glory,19,21,Final,2026-05-16 18:00:00
2026-05-16-BOS-MTL,tlalondel,-18.07,33.34,adub,-17.71,46.01,0,0,0,"jbernat,ycohonner,adub,cguay,rlalondel,wstpierre,tlalondel",True,2026-05-16-BOS-MTL,11,13,3,7,0,2,2,False,False,391,home,268,1778974246.0,18,False,"bsadok,tedmonds,pboerth,rdinger,ndick,tdecraene,jbabbitt",269,563,2b39ba39f08b814bfae883faa922612a3b203e31c7a6646761df32139d4e3f2b,1778974246.0,False,391,0.0,12.6751134117214,0.359999999999999,12.67,-1.62754005612145,55e7697849a82a8230b5803aa7e75cd581687d9b09e2a8eba25d29c1b9097cef,0.978920811824449,0.0210791881755511,0.302259388510195,0.302259388510195,0.34812014815786,0.509385880080172,720.0,-2,0.236,0.0458607596476653,0.0657275195000389,563,1101d388f558f1158b52c887b14048e234c59bb0,2026-07-21 08:07:47,2026-06-06 14:01:41,royal,glory,19,21,Final,2026-05-16 18:00:00
2026-05-16-BOS-MTL,adub,-17.71,46.01,wstpierre,-18.73,63.85,0,0,0,"jbernat,ycohonner,adub,cguay,rlalondel,wstpierre,tlalondel",True,2026-05-16-BOS-MTL,11,13,3,7,0,2,3,False,False,392,home,269,1778974249.0,18,False,"bsadok,tedmonds,pboerth,rdinger,ndick,tdecraene,jbabbitt",270,564,d4f382722eeaf0f05815f3b097e4a3f2abce9b614eee6faedbd0713db6906eba,1778974249.0,False,392,0.0,17.86913540158,-1.02,17.84,3.27231717353455,927f72f02a0ea91dc46018c4decc41862c530a32552a7fcf3a34416dbd1f0c6c,0.961185927897406,0.0388140721025941,0.302259388510195,0.34812014815786,0.436667746468523,0.388700655537191,720.0,-2,0.241,0.0885475983106632,0.126906183834703,564,029a4b964892f78dc5642c8e9dfa04edd37dbf77,2026-07-21 08:07:47,2026-06-06 14:01:41,royal,glory,19,21,Final,2026-05-16 18:00:00
2026-05-16-BOS-MTL,tlalondel,-6.2,73.17,,-9.77,93.56,1,0,0,"jbernat,ycohonner,adub,cguay,rlalondel,wstpierre,tlalondel",True,2026-05-16-BOS-MTL,11,13,3,7,0,2,7,False,False,396,home,273,1778974272.0,22,False,"bsadok,tedmonds,pboerth,rdinger,ndick,tdecraene,jbabbitt",274,569,aa733cdacc3be1feafd4a525b155095b23ed14a958926c8034bdf965cd5bc0bc,1778974272.0,False,396,0.0,20.7001690814351,-3.57,20.39,9.93101680366529,bc07419f2de880e2ead7ac705915b684b2b17b2ca42a2008d7dc696102e527c9,0.929777802413025,-0.929777802413025,0.302259388510195,0.523746409188253,0.696405180061384,0.297649698803804,720.0,-2,0.218,-0.297649698803804,-0.297649698803804,569,0ce536c996742d0aa1fdb4bdd35c1bad6fde51bc,2026-07-21 08:07:47,2026-06-06 14:01:41,royal,glory,19,21,Final,2026-05-16 18:00:00
2026-05-16-BOS-MTL,cguay,-5.18,62.11,tlalondel,-6.2,73.17,0,0,0,"jbernat,ycohonner,adub,cguay,rlalondel,wstpierre,tlalondel",True,2026-05-16-BOS-MTL,11,13,3,7,0,2,6,False,False,395,home,272,1778974256.0,18,False,"bsadok,tedmonds,pboerth,rdinger,ndick,tdecraene,jbabbitt",273,567,3699fa7f7822fab67929981351383cd6d3388090b2ebd1d21a64d877acbdae07,1778974256.0,False,395,0.0,11.1069347706737,-1.02,11.06,5.26915436848121,f60c2bee984c14d716633573c6d762c829019101c919da4dab31a4cfc77ecadb,0.975926837728136,0.024073162271864,0.302259388510195,0.447679884003245,0.523746409188253,0.36782699191848,720.0,-2,0.247,0.0760665251850078,0.109018342823118,567,83cbe4f3d6917b51ce00870685c75dc58f82b95c,2026-07-21 08:07:47,2026-06-06 14:01:41,royal,glory,19,21,Final,2026-05-16 18:00:00
2026-05-16-BOS-MTL,rlalondel,-11.81,65.24,cguay,-5.18,62.11,0,0,0,"jbernat,ycohonner,adub,cguay,rlalondel,wstpierre,tlalondel",True,2026-05-16-BOS-MTL,11,13,3,7,0,2,5,False,False,394,home,271,1778974254.0,18,False,"bsadok,tedmonds,pboerth,rdinger,ndick,tdecraene,jbabbitt",272,566,45b7961894dd74ad035283417017bf2a4d9c9a431cbcd44b91d165517f692301,1778974254.0,False,394,0.0,7.33169830257629,6.63,-3.13,-115.271833464511,450eeee46378ef1bd960548cd4c60102a4308f009eef6100116b5b9015caee10,0.98647798975778,0.0135220102422198,0.302259388510195,0.463766825910715,0.447679884003245,0.422822037222138,720.0,-2,0.242,-0.0160869419074701,-0.023055762618033,566,ed93d63abcaa511aaa47a641f83c7b42bfd605db,2026-07-21 08:07:47,2026-06-06 14:01:41,royal,glory,19,21,Final,2026-05-16 18:00:00
2026-05-16-BOS-MTL,rdinger,24.4,9.415,ndick,23.31,38.45,0,0,0,"bsadok,tedmonds,pboerth,rdinger,ndick,tdecraene,jbabbitt",False,2026-05-16-BOS-MTL,11,13,3,7,0,3,1,True,True,397,away,296,1778974318.0,18,False,"jbernat,ycohonner,adub,cguay,rlalondel,wstpierre,tlalondel",297,571,ecb6bbea78faf63fbb448d107023dec58efc6e572b020154305913f68a19e01a,1778974318.0,False,397,0.0,29.0554525863907,-1.09,29.035,2.14992546924772,6bd74f1c33887d00daa6feb67bdc8e83900669ea08c67ffd72ce30d51d87e340,0.878390670907032,0.121609329092968,0.218453355037127,0.218453355037127,0.289525821215752,0.538566940073929,720.0,-2,0.218,0.0710724661786251,0.0909382269589313,571,36932e355cd8612e701624da3dda6c2f9579a0df,2026-07-21 08:07:47,2026-06-06 14:01:41,royal,glory,19,21,Final,2026-05-16 18:00:00
2026-05-16-BOS-MTL,jbabbitt,3.25,90.06,pboerth,-1.46,84.51,0,0,0,"bsadok,tedmonds,pboerth,rdinger,ndick,tdecraene,jbabbitt",False,2026-05-16-BOS-MTL,11,13,3,7,0,3,3,True,True,399,away,298,1778974330.0,18,False,"jbernat,ycohonner,adub,cguay,rlalondel,wstpierre,tlalondel",299,573,57856b45493ab930e4a25eb37e921ffb9c91c80fbcc73c06220a552f1acc5db3,1778974330.0,False,399,0.0,7.2791895153238,-4.71,-5.55,139.680443618253,4fdd3925f2b37af36e5f332bca883aaf0502fddd04a07fbf42be9ff8a0556ce4,0.982775923168737,0.0172240768312629,0.218453355037127,0.666825641431741,0.617704626711971,0.326045457539056,720.0,-2,0.195,-0.049121014719769,-0.0628510339547328,573,1d57dd62c2b952e06fbd7e58189aa0b6f8021bbc,2026-07-21 08:07:47,2026-06-06 14:01:41,royal,glory,19,21,Final,2026-05-16 18:00:00
2026-05-16-BOS-MTL,ndick,23.31,38.45,jbabbitt,3.25,90.06,0,0,0,"bsadok,tedmonds,pboerth,rdinger,ndick,tdecraene,jbabbitt",False,2026-05-16-BOS-MTL,11,13,3,7,0,3,2,True,True,398,away,297,1778974322.0,18,False,"jbernat,ycohonner,adub,cguay,rlalondel,wstpierre,tlalondel",298,572,d60942908c79a0e46b88c4e909d3e4347daec23602c97677f382386bba08ae69,1778974322.0,False,398,0.0,55.3714339709565,-20.06,51.61,21.2403257820604,dfbae46642a0d452f692d1c9e19a9167edb34512a3bd77bfc3a3a97fab611d0f,0.592701074220539,0.407298925779461,0.218453355037127,0.289525821215752,0.666825641431741,0.309159012743883,720.0,-2,0.189,0.377299820215988,0.482760463048129,572,38d02912da60aa7d52c9a5a734a2567833b529d0,2026-07-21 08:07:47,2026-06-06 14:01:41,royal,glory,19,21,Final,2026-05-16 18:00:00
2026-05-16-BOS-MTL,pboerth,-1.46,84.51,jbabbitt,-18.09,107.74,0,0,0,"bsadok,tedmonds,pboerth,rdinger,ndick,tdecraene,jbabbitt",False,2026-05-16-BOS-MTL,11,14,3,7,0,3,4,True,True,400,away,299,1778974338.0,19,False,"jbernat,ycohonner,adub,cguay,rlalondel,wstpierre,tlalondel",300,575,2cec74caff53990dea87eadbc92bc06ab1368412792dc722a16e840ad3365273,1778974338.0,False,400,0.0,28.569035685511,-16.63,23.23,35.598293421514,b981080c103b5c6590d0be12d0da083c91591606a57ee7681d4aadae5f651322,0.89990986050853,0.10009013949147,0.218453355037127,0.617704626711971,1.0,0.266293094859751,720.0,-2,0.171,0.382295373288029,0.489152343947672,575,314a618ad579d9f225429acdedbb23499d9ebb70,2026-07-21 08:07:47,2026-06-06 14:01:41,royal,glory,19,21,Final,2026-05-16 18:00:00
2026-05-16-BOS-MTL,eforget,16.39,10.48,jduquette,0.21,13.76,0,0,0,"maugersem,jbrissett,jduquette,eforget,kquinlan,sruelle,ctremblay",True,2026-05-16-BOS-MTL,11,14,3,8,0,1,2,True,True,402,home,277,1778974397.0,18,False,"ograff,jcarreiro,tallen1,kdelorenz,ghaflin,ldecraene,bmccann",278,580,1b033a25df6e38fc778b65a7d7214ca99a73c6f53a9cc6ad688dc1996a0ee38e,1778974397.0,False,402,0.0,16.5091126351479,-16.18,3.28,78.5403283623423,e5c8c76527aa355bf6c66408a88ab0d7589e75191b882b57879d38e2a2ced15c,0.982290562386165,0.017709437613835,0.211377975341725,0.253516831487253,0.272086636893215,0.755618826828275,720.0,-3,0.135,0.0185698054059618,0.0235471554500503,580,c261a3f383ecc99db64361ae16d7daa76391518c,2026-07-21 08:07:47,2026-06-06 14:01:41,royal,glory,19,21,Final,2026-05-16 18:00:00
2026-05-16-BOS-MTL,jbrissett,26.37,12.45,eforget,16.39,10.48,0,0,0,"maugersem,jbrissett,jduquette,eforget,kquinlan,sruelle,ctremblay",True,2026-05-16-BOS-MTL,11,14,3,8,0,1,1,True,True,401,home,276,1778974393.0,18,False,"ograff,jcarreiro,tallen1,kdelorenz,ghaflin,ldecraene,bmccann",277,578,9760a59c62ac8be6730e5417eea81120a9eadd6c0a2f48c460cce620b7a80318,1778974393.0,False,401,0.0,10.1725758783113,-9.98,-1.97,101.166334329789,4ec76cb7777aec341e574542f55c72f12ac4e28b6e509e5d9e23bf3a0e8e17d0,0.988795563475427,0.0112044365245731,0.211377975341725,0.211377975341725,0.253516831487253,0.745145245934855,720.0,-3,0.135,0.0421388561455282,0.0534335268708578,578,3540111e71394480c4380b3277d8858d85a75ac0,2026-07-21 08:07:47,2026-06-06 14:01:41,royal,glory,19,21,Final,2026-05-16 18:00:00
2026-05-16-BOS-MTL,ctremblay,-0.66,35.26,eforget,-2.99,27.81,0,0,0,"maugersem,jbrissett,jduquette,eforget,kquinlan,sruelle,ctremblay",True,2026-05-16-BOS-MTL,11,14,3,8,0,1,5,True,True,405,home,281,1778974465.0,18,False,"ograff,jcarreiro,tallen1,kdelorenz,ghaflin,ldecraene,bmccann",282,585,69a2a1b25fc37966ca9e1faf841f1996367b353798b2df2c07f5da36551a3293,1778974465.0,False,405,0.0,7.80585677552439,-2.33,-7.45000000000001,162.632839151624,c0968f0362cd146213579edeb7389ad88e00614a6c627ded2a95a959094d600c,0.99265730279496,0.00734269720503955,0.211377975341725,0.325317687190946,0.303385929961712,0.686007638577544,720.0,-3,0.136,-0.0219317572292337,-0.0278102266275624,585,881773be37d41a3ef55504a4667bddd87a8f151f,2026-07-21 08:07:47,2026-06-06 14:01:41,royal,glory,19,21,Final,2026-05-16 18:00:00
2026-05-16-BOS-MTL,eforget,5.24,7.35,ctremblay,-0.66,25.26,0,0,0,"maugersem,jbrissett,jduquette,eforget,kquinlan,sruelle,ctremblay",True,2026-05-16-BOS-MTL,11,14,3,8,0,1,4,True,True,404,home,279,1778974406.0,18,False,"ograff,jcarreiro,tallen1,kdelorenz,ghaflin,ldecraene,bmccann",280,582,5621050233095b891824bd4fcd11ab42d96508e2669137fd6d543f526ca89de9,1778974406.0,False,404,0.0,18.8567786220234,-5.9,17.91,18.2331701216746,b738ea923738bf39f63ca9af71c829c9558d5335d53e2f1d4f0639893d17f83d,0.972139166178901,0.0278608338210992,0.211377975341725,0.26034116474738,0.297002863562895,0.709063629873322,720.0,-3,0.136,0.0366616988155151,0.0464883019611344,582,d050ef54fd9251cac99e2e023e156c24208ffc39,2026-07-21 08:07:47,2026-06-06 14:01:41,royal,glory,19,21,Final,2026-05-16 18:00:00
2026-05-16-BOS-MTL,jduquette,0.21,13.76,eforget,5.24,7.35,0,0,0,"maugersem,jbrissett,jduquette,eforget,kquinlan,sruelle,ctremblay",True,2026-05-16-BOS-MTL,11,14,3,8,0,1,3,True,True,403,home,278,1778974400.0,18,False,"ograff,jcarreiro,tallen1,kdelorenz,ghaflin,ldecraene,bmccann",279,581,d1ac056342d6f7972b87e9ffb31d49b000a0e448ea23ac57e457aacbf3ac1758,1778974400.0,False,403,0.0,8.14794452607527,5.03,-6.41,-141.878319145688,ede6200a0529ad8083376be2c73e4ea1b3c2a80a78c191167286f44d5450e94a,0.994213536284207,0.00578646371579306,0.211377975341725,0.272086636893215,0.26034116474738,0.755184919383434,720.0,-3,0.135,-0.0117454721458352,-0.014893664871869,581,d56e1a34efcf9cebc5f0e225e9771a08ba7e876b,2026-07-21 08:07:47,2026-06-06 14:01:41,royal,glory,19,21,Final,2026-05-16 18:00:00
2026-05-16-BOS-MTL,bsadok,-14.61,13.48,rdinger,0.54,24.77,0,0,0,"tedmonds,pboerth,rdinger,ndick,tdecraene,bsadok,tchan",False,2026-05-16-BOS-MTL,11,14,4,1,720,1,1,True,True,406,away,304,1778974663.0,18,False,"mbrichet,jgiard,phooley,ngagnon,arousseau,rsalvas,cguay",305,590,b107e4df14c9245df2543a65fe0bf83713faed7c2651f1e12dbbb4d8bb2ce5ca,1778974663.0,False,406,720.0,18.8940890227605,15.15,11.29,-53.3059859560048,e29fe58c8ff5e4b8425d68893382ae4fcb51e9fad676257a5710925c3be336bc,0.971417482993985,0.0285825170060151,0.673138489277108,0.673138489277108,0.706621913789911,0.934537126683206,720.0,-3,0.104,0.033483424512803,0.102439178105585,590,6900a86d970e8ef2498a488ccebc38921fc924b9,2026-07-21 08:07:47,2026-06-06 14:01:41,royal,glory,19,21,Final,2026-05-16 18:00:00
2026-05-16-BOS-MTL,rdinger,0.54,24.77,tchan,0.93,34.25,0,0,0,"tedmonds,pboerth,rdinger,ndick,tdecraene,bsadok,tchan",False,2026-05-16-BOS-MTL,11,14,4,1,720,1,2,True,True,407,away,305,1778974676.0,18,False,"mbrichet,jgiard,phooley,ngagnon,arousseau,rsalvas,cguay",306,592,0f20f0cc82aca44f106b8bd111e1d960b1b5bdadd2df6d66d7f9ef4c74562696,1778974676.0,False,407,712.733333333333,9.48801876052108,0.39,9.48,-2.3557764514927,4d2bcfe123eb0666c588c5f6b407846822a46a70a79cb49dc81b4aac5bf8565a,0.987200753983518,0.0127992460164822,0.673138489277108,0.697105207839525,0.722495404573308,0.902660797227567,712.733333333333,-3,0.103,0.025390196733783,0.0776787596607188,592,ca55b7d82a090e235f3360c4dd3e6a7ac0222e3f,2026-07-21 08:07:47,2026-06-06 14:01:41,royal,glory,19,21,Final,2026-05-16 18:00:00
2026-05-16-BOS-MTL,tchan,0.93,44.25,tdecraene,12.47,53.22,0,0,0,"tedmonds,pboerth,rdinger,ndick,tdecraene,bsadok,tchan",False,2026-05-16-BOS-MTL,11,14,4,1,720,1,3,True,True,408,away,307,1778974682.0,18,False,"mbrichet,jgiard,phooley,ngagnon,arousseau,rsalvas,cguay",308,594,381322b8926992e01ec0627de54a2784861fec5b1397ffba81a27cc84964fd1f,1778974682.0,False,408,705.466666666667,14.6161725496109,11.54,8.97,-52.1422068012852,0556e0183deb8195264d494ed530734c6e662005a4e8758ea862ba9ed1a659a3,0.975523087293635,0.0244769127063651,0.673138489277108,0.745567268146206,0.772584876560522,0.825284043467196,705.466666666667,-3,0.099,0.0270176084143158,0.0826576624288471,594,901a428052286439656ea8be79cc37f051e74b43,2026-07-21 08:07:47,2026-06-06 14:01:41,royal,glory,19,21,Final,2026-05-16 18:00:00
2026-05-16-BOS-MTL,tdecraene,12.47,53.22,pboerth,2.74,68.83,0,0,0,"tedmonds,pboerth,rdinger,ndick,tdecraene,bsadok,tchan",False,2026-05-16-BOS-MTL,11,14,4,1,720,1,4,True,True,409,away,308,1778974686.0,18,False,"mbrichet,jgiard,phooley,ngagnon,arousseau,rsalvas,cguay",309,595,9b1b2cef5a2193363a36b1aeb6d4932f24d5f67078475775e5d929053b1b275f,1778974686.0,False,409,698.2,18.3941566808593,-9.73,15.61,31.9360458726137,9ec16bf00f25ae0dbc92cdd99796cfd3f00e6b515949a278fac09de5bb7cdf1c,0.953382554191648,0.0466174458083524,0.673138489277108,0.766111859996709,0.831160986495278,0.76289544782152,698.2,-3,0.094,0.0650491264985691,0.199011276533311,595,e3aeca747f32553e23ff2b14c9acd638410efca4,2026-07-21 08:07:47,2026-06-06 14:01:41,royal,glory,19,21,Final,2026-05-16 18:00:00
2026-05-16-BOS-MTL,pboerth,2.74,68.83,tdecraene,-0.94,70.7,0,0,0,"tedmonds,pboerth,rdinger,ndick,tdecraene,bsadok,tchan",False,2026-05-16-BOS-MTL,11,14,4,1,720,1,5,True,True,410,away,309,1778974690.0,18,False,"mbrichet,jgiard,phooley,ngagnon,arousseau,rsalvas,cguay",310,596,ccfe37e6eb897fd5bed20dbf9c4609557392ed2ad210ebc6bf938e6f8b6fe49d,1778974690.0,False,410,690.933333333333,4.12786869946223,-3.68,1.87,63.0625004644161,bf3ef3f822091ebb545bcc3963757dfe1bff7abbff3e18d5aac5cddbe5623cc4,0.989085031023845,0.0109149689761551,0.673138489277108,0.826578658371079,0.834201580707599,0.750237717646162,690.933333333333,-3,0.093,0.00762292233651962,0.0233215661264633,596,cbbd7cd023f1664c98a65875deed3609147115af,2026-07-21 08:07:47,2026-06-06 14:01:41,royal,glory,19,21,Final,2026-05-16 18:00:00
2026-05-16-BOS-MTL,tdecraene,-0.94,70.7,tedmonds,-13.32,72.83,0,0,0,"tedmonds,pboerth,rdinger,ndick,tdecraene,bsadok,tchan",False,2026-05-16-BOS-MTL,11,14,4,1,720,1,6,True,True,411,away,310,1778974693.0,18,False,"mbrichet,jgiard,phooley,ngagnon,arousseau,rsalvas,cguay",311,597,79f00f6b8a40a3fcba6b9e271507cc632c6065968180e12e159d6dec97dda300,1778974693.0,False,411,683.666666666667,12.5618987418304,-12.38,2.13,80.2377418875794,372f35363ac72c6555f0f92fad9d62636124d21f182a9e91a2e9e5c1f410e8a7,0.976936612990481,0.0230633870095195,0.673138489277108,0.830242787093433,0.835329431265224,0.730926679850311,683.666666666667,-3,0.093,0.00508664417179094,0.0155620775310658,597,3c9c6f456c1c3dc9997c7f9461387a8b8d94b3f3,2026-07-21 08:07:47,2026-06-06 14:01:41,royal,glory,19,21,Final,2026-05-16 18:00:00
2026-05-16-BOS-MTL,tedmonds,-13.32,72.83,tdecraene,-3.65,73.54,0,0,0,"tedmonds,pboerth,rdinger,ndick,tdecraene,bsadok,tchan",False,2026-05-16-BOS-MTL,11,14,4,1,720,1,7,True,True,412,away,311,1778974701.0,18,False,"mbrichet,jgiard,phooley,ngagnon,arousseau,rsalvas,cguay",312,598,2e498a56842a9f5261f5a9c60d4626be365e162aae566ccff465312a66bf1383,1778974701.0,False,412,676.4,9.69603011546478,9.67,0.710000000000008,-85.8007096204131,4f9161130dae1dab1b6b014f388e15f6d1fefb6a638decce94c5dc40177a12a1,0.979392279666095,0.0206077203339053,0.673138489277108,0.831914927962188,0.838440897045943,0.729509296340893,676.4,-3,0.093,0.00652596908375547,0.0199655477003779,598,5798d34ae9c3f5816e533fa544cdb116f153fd75,2026-07-21 08:07:47,2026-06-06 14:01:41,royal,glory,19,21,Final,2026-05-16 18:00:00
2026-05-16-BOS-MTL,tdecraene,-3.65,73.54,ndick,5.83,78.45,0,0,0,"tedmonds,pboerth,rdinger,ndick,tdecraene,bsadok,tchan",False,2026-05-16-BOS-MTL,11,14,4,1,720,1,8,True,True,413,away,312,1778974702.0,18,False,"mbrichet,jgiard,phooley,ngagnon,arousseau,rsalvas,cguay",313,599,c6ae06d22d17f2f317f356c0b812c1af6ca8f9839cf3a2102f32d547d0bf7e5a,1778974702.0,False,413,669.133333333333,10.6760713748082,9.48,4.91,-62.6188931988172,7cf17ada1a9fc7a3e79eaba8d11b77a6d0cefe7e533acf2b9031a44a7c2e1440,0.977552392007548,0.0224476079924517,0.673138489277108,0.835561682619531,0.855853407611221,0.707479953509858,669.133333333333,-3,0.091,0.0202917249916902,0.0620804968649038,599,4e36d1f41419af9d078fba87afad67aab1e0fcd5,2026-07-21 08:07:47,2026-06-06 14:01:41,royal,glory,19,21,Final,2026-05-16 18:00:00
2026-05-16-BOS-MTL,ndick,5.83,78.45,tdecraene,9.38,78.0,0,0,0,"tedmonds,pboerth,rdinger,ndick,tdecraene,bsadok,tchan",False,2026-05-16-BOS-MTL,11,14,4,1,720,1,9,True,True,414,away,313,,18,False,"mbrichet,jgiard,phooley,ngagnon,arousseau,rsalvas,cguay",314,600,3a61e9dccf9ddb03a59b9d5cb8a4e13e06998182a1f88da753934f74ca75b812,1778974703.5,True,414,661.866666666667,3.57840746701658,3.55,-0.450000000000003,-97.2243156940454,e5b20ee1eaca46cc5f2790b27c6739cbe987109fabede933e63906f75cd13b43,0.987802103671252,0.0121978963287481,0.673138489277108,0.853642412805738,0.850874706622189,0.70413922381934,661.866666666667,-3,0.092,-0.00276770618354949,-0.00846751940119346,600,b33046fe2c7ab3a10cc2a776323cbffadc86ee40,2026-07-21 08:07:47,2026-06-06 14:01:41,royal,glory,19,21,Final,2026-05-16 18:00:00
2026-05-16-BOS-MTL,tdecraene,9.38,78.0,tchan,11.76,79.61,0,0,0,"tedmonds,pboerth,rdinger,ndick,tdecraene,bsadok,tchan",False,2026-05-16-BOS-MTL,11,14,4,1,720,1,10,True,True,415,away,314,1778974705.0,18,False,"mbrichet,jgiard,phooley,ngagnon,arousseau,rsalvas,cguay",315,601,b1178e1164c984477cf7edd2f1da4d2e4a63e753b1a78a37459f6562ecb53fbf,1778974705.0,False,415,654.6,2.87341260524833,2.38,1.61,-55.9228047198693,5e50e1d2fa5efaf78b0351afdbc0ab6359b7c99f4edd5a43aeba687566a15a53,0.987549619989181,0.0124503800108187,0.673138489277108,0.848995672742741,0.854473962306072,0.693550448485003,654.6,-3,0.092,0.00547828956333163,0.0167602773150493,601,1522e581944634ec96bc886fbafa91a59bd94ce9,2026-07-21 08:07:47,2026-06-06 14:01:41,royal,glory,19,21,Final,2026-05-16 18:00:00
2026-05-16-BOS-MTL,tchan,11.76,79.61,ndick,15.05,90.51,0,0,0,"tedmonds,pboerth,rdinger,ndick,tdecraene,bsadok,tchan",False,2026-05-16-BOS-MTL,11,14,4,1,720,1,11,True,True,416,away,315,1778974711.0,18,False,"mbrichet,jgiard,phooley,ngagnon,arousseau,rsalvas,cguay",316,602,4e277bc06cec3eaaae58f5892808e241b78175efaa25ceb8d49ffcc7d846d59b,1778974711.0,False,416,647.333333333333,11.3856971679384,3.29,10.9,-16.795644882514,1976250478361f92b8cd92bff49a70cab3dd47ccb00034fa05f30314e95a962f,0.969839627738653,0.0301603722613466,0.673138489277108,0.852991057373792,0.894463756937258,0.650778588844977,647.333333333333,-3,0.088,0.0414726995634658,0.126881563606997,602,ec1cb7f3d4e3b80fd7bc507f23572e34114edd39,2026-07-21 08:07:47,2026-06-06 14:01:41,royal,glory,19,21,Final,2026-05-16 18:00:00
2026-05-16-BOS-MTL,ndick,15.05,90.51,tchan,-0.17,79.8,0,0,0,"tedmonds,pboerth,rdinger,ndick,tdecraene,bsadok,tchan",False,2026-05-16-BOS-MTL,11,14,4,1,720,1,12,True,True,417,away,316,1778974715.0,18,False,"mbrichet,jgiard,phooley,ngagnon,arousseau,rsalvas,cguay",317,603,bcf188621b94a58dfb03a6ea812db0a9466426fbf0984baa96ecff9c81016312,1778974715.0,False,417,640.066666666667,18.6105480843526,-15.22,-10.71,125.133260553953,1b27c9dd068a0ae1f83a5382024cac2bb762791908a3681845e2567566a6c9ad,0.955915849210247,0.0440841507897535,0.673138489277108,0.893588564668314,0.85521173819179,0.692158043035377,640.066666666667,-3,0.092,-0.0383768264765241,-0.117410050487894,603,71a47d0ab06a5c796e5940716e0b379dbc0d1d08,2026-07-21 08:07:47,2026-06-06 14:01:41,royal,glory,19,21,Final,2026-05-16 18:00:00
2026-05-16-BOS-MTL,tchan,-0.17,79.8,pboerth,-9.0,86.64,0,0,0,"tedmonds,pboerth,rdinger,ndick,tdecraene,bsadok,tchan",False,2026-05-16-BOS-MTL,11,14,4,1,720,1,13,True,True,418,away,317,1778974717.0,18,False,"mbrichet,jgiard,phooley,ngagnon,arousseau,rsalvas,cguay",318,604,aca956f9b3438d1635134f1d59da011050cc3b04316f886bc248eef5eacd8f4d,1778974717.0,False,418,632.8,11.1693553976942,-8.83,6.84,52.2374931960009,2df2b96da3e6e199f24ce159a243e0f39ef181ff7b47c1b4db9046a90c556416,0.972912131491477,0.0270878685085232,0.673138489277108,0.854365330554994,0.881752944232579,0.666274105518296,632.8,-3,0.089,0.0273876136775855,0.0837896564114099,604,3e4caf4a423954ee03ded035e7bc2922ad8ed91b,2026-07-21 08:07:47,2026-06-06 14:01:41,royal,glory,19,21,Final,2026-05-16 18:00:00
2026-05-16-BOS-MTL,pboerth,0.0,100.0,bsadok,-2.42,90.58,0,0,0,"tedmonds,pboerth,rdinger,ndick,tdecraene,bsadok,tchan",False,2026-05-16-BOS-MTL,11,14,4,1,720,1,14,True,True,419,away,320,1778974767.0,18,False,"mbrichet,jgiard,phooley,ngagnon,arousseau,rsalvas,cguay",321,610,eee0e9df4ceec389d0e103f2f22952ff3cd9abed8ebfa995be9798c6bc00da53,1778974767.0,False,419,625.533333333333,9.72588299333279,-2.42,-9.42,165.592267905498,ba7c0e18959b5627f0994b25f651faa6e47ae361e92ee9a7258532b56098a19a,0.975254283110339,0.0247457168896611,0.673138489277108,0.929622086008199,0.897270264456479,0.655165022012833,625.533333333333,-3,0.087,-0.0323518215517199,-0.0989771523730957,610,376f25eab5cb3ce82f4773ab854f71bd204d0b21,2026-07-21 08:07:47,2026-06-06 14:01:41,royal,glory,19,21,Final,2026-05-16 18:00:00
2026-05-16-BOS-MTL,bsadok,-2.42,90.58,tdecraene,-13.84,101.87,0,0,0,"tedmonds,pboerth,rdinger,ndick,tdecraene,bsadok,tchan",False,2026-05-16-BOS-MTL,11,15,4,1,720,1,15,True,True,420,away,321,1778974779.0,19,False,"mbrichet,jgiard,phooley,ngagnon,arousseau,rsalvas,cguay",322,611,5b1747c0911aeba2277033e3e6e7f9a040146a0869735cdeb641d69caf5fe0b2,1778974779.0,False,420,618.266666666667,16.0586581008501,-11.42,11.29,45.3279775420907,f82a9bec5b60c7c294d4c9834fd328dfa93a5b95c67e3a3c5d6043a3dd1e632f,0.95096955517344,0.0490304448265599,0.673138489277108,0.897026689267028,1.0,0.620652795107444,618.266666666667,-3,0.084,0.102973310732972,0.31503651349232,611,55609bd46f7221f549599c401c947a33cb8280eb,2026-07-21 08:07:47,2026-06-06 14:01:41,royal,glory,19,21,Final,2026-05-16 18:00:00
2026-05-16-BOS-MTL,jbrissett,4.66,11.57,eforget,2.69,22.06,0,0,0,"maugersem,jbrissett,jduquette,eforget,kquinlan,sruelle,ctremblay",True,2026-05-16-BOS-MTL,11,15,4,2,611,1,1,True,True,421,home,291,1778974829.0,18,False,"zsinger,kdelorenz,tallen1,bmccann,iengler,sfisherol,ldecraene",292,614,5a1365fdad11d53fe53999343d5ba4d9e95d253645f00ff18b17abfe2a55f265,1778974829.0,False,421,611.0,10.6733780969288,-1.97,10.49,10.6361432698045,ee59762898521de3ec20b3bdd56e25576bfce60412aea027b6a54526dca6694a,0.987728010447723,0.0122719895522773,0.600441246320925,0.608797829285413,0.634040825575885,0.922815495228474,611.0,-4,0.088,0.0252429962904721,0.0631771824745135,614,a7333ed3db0470b761ebb06ef93c66f1e650e967,2026-07-21 08:07:47,2026-06-06 14:01:41,royal,glory,19,21,Final,2026-05-16 18:00:00
2026-05-16-BOS-MTL,eforget,2.69,22.06,jbrissett,8.52,26.65,0,0,0,"maugersem,jbrissett,jduquette,eforget,kquinlan,sruelle,ctremblay",True,2026-05-16-BOS-MTL,11,15,4,2,611,1,2,True,True,422,home,292,1778974831.0,18,False,"zsinger,kdelorenz,tallen1,bmccann,iengler,sfisherol,ldecraene",293,615,9bfdcc51fb19b9aba0d94ccdcfedc4c109f8948c346d9520d0c2103a142ea8e7,1778974831.0,False,422,603.2,7.42004043115669,5.83,4.59,-51.7863927530854,d544061347979e95aa80a7f5f2011802f4aba766c26084d55e214bbd47f00e29,0.990703911257969,0.00929608874203092,0.600441246320925,0.63421851239137,0.645010352210469,0.906680520288269,603.2,-4,0.088,0.0107918398190991,0.0270093940371211,615,8bf23713a6a4e3bf72d4664c8dbaa0dc268e72b9,2026-07-21 08:07:47,2026-06-06 14:01:41,royal,glory,19,21,Final,2026-05-16 18:00:00
2026-05-16-BOS-MTL,jbrissett,8.52,16.65,eforget,13.91,17.25,0,0,0,"maugersem,jbrissett,jduquette,eforget,kquinlan,sruelle,ctremblay",True,2026-05-16-BOS-MTL,11,15,4,2,611,1,3,True,True,423,home,294,1778974846.0,18,False,"zsinger,kdelorenz,tallen1,bmccann,iengler,sfisherol,ldecraene",295,619,2de1bb17d1056ad322b0566131219a0b579adfb0b83ebece79917adaace1170b,1778974846.0,False,423,595.4,5.42329235796854,5.39,0.600000000000001,-83.6481414288567,b85cfa672975fd88d2ff71000ba8b78fcad0c29ecd3c53896061bc2aa98b4f0e,0.993632181785731,0.00636781821426857,0.600441246320925,0.619738179112667,0.614227851201272,0.927510467219273,595.4,-4,0.087,-0.00551032791139539,-0.0137910328847939,619,e90d58cb7bf9bfa0bb6234e08bc8226bdfe2af57,2026-07-21 08:07:47,2026-06-06 14:01:41,royal,glory,19,21,Final,2026-05-16 18:00:00
2026-05-16-BOS-MTL,eforget,13.91,17.25,jbrissett,18.36,16.74,0,0,0,"maugersem,jbrissett,jduquette,eforget,kquinlan,sruelle,ctremblay",True,2026-05-16-BOS-MTL,11,15,4,2,611,1,4,True,True,424,home,295,1778974854.0,18,False,"zsinger,kdelorenz,tallen1,bmccann,iengler,sfisherol,ldecraene",296,620,5eefa8e53dc0e3f91bac891a80cf0b3cd1141a4e82b7e8aab512ab2c766221b1,1778974854.0,False,424,587.6,4.47912937968976,4.45,-0.510000000000002,-96.5379574578473,ac34b5062ebbd5c0055349a30713e95743707f87a7628d381436648fdf06b920,0.99504712447035,0.00495287552965007,0.600441246320925,0.615057896904696,0.599369099029029,0.924100109334125,587.6,-4,0.086,-0.015688797875667,-0.0392653088718668,620,2de4cc1b55a7673a4af75dbaa92fc19d7d168d68,2026-07-21 08:07:47,2026-06-06 14:01:41,royal,glory,19,21,Final,2026-05-16 18:00:00
2026-05-16-BOS-MTL,jbrissett,18.36,16.74,jduquette,22.0,28.9,0,0,0,"maugersem,jbrissett,jduquette,eforget,kquinlan,sruelle,ctremblay",True,2026-05-16-BOS-MTL,11,15,4,2,611,1,5,True,True,425,home,296,1778974857.0,18,False,"zsinger,kdelorenz,tallen1,bmccann,iengler,sfisherol,ldecraene",297,621,997339bff3325e75bd8878838da86b258582ed0e32454b2e6489cb8b54792adf,1778974857.0,False,425,579.8,12.6931162446422,3.64,12.16,-16.664655780898,d38ce115af49b3f50695594ede76f0b7ecc45aa334207a1efa9c55b1aa8822a0,0.982563966409335,0.0174360335906651,0.600441246320925,0.600441246320925,0.613880534923093,0.883343119486428,579.8,-4,0.087,0.0134392886021681,0.0336353251641248,621,dd3bc338551369277ee97c4fb86d2d38edf0ffab,2026-07-21 08:07:47,2026-06-06 14:01:41,royal,glory,19,21,Final,2026-05-16 18:00:00
2026-05-16-BOS-MTL,ycohonner,22.0,28.9,eforget,6.55,22.86,0,0,0,"maugersem,jbrissett,eforget,kquinlan,sruelle,ctremblay,ycohonner",True,2026-05-16-BOS-MTL,11,15,4,2,572,1,6,True,True,426,home,298,1778974886.0,18,False,"zsinger,kdelorenz,tallen1,bmccann,iengler,sfisherol,ldecraene",299,624,17d2e877b0a8b6603c5d34f0032d7248e156158a232951004ca3ca6b954ed391,1778974886.0,False,426,572.0,16.5886738469354,-15.45,-6.04,111.352442456581,b82454e276591145f46018a5e5b531beed82f2fe42973ca3dd33acee8c508232,0.980288984922703,0.0197110150772966,0.600441246320925,0.61510248393808,0.639125381369577,0.921159601519105,572.0,-4,0.088,0.024022897431497,0.06012356683541,624,9bd494dc099a046a6e20365ef8fce7ffa385e277,2026-07-21 08:07:47,2026-06-06 14:01:41,royal,glory,19,21,Final,2026-05-16 18:00:00
2026-05-16-BOS-MTL,eforget,6.55,22.86,kquinlan,10.05,14.7,0,0,0,"maugersem,jbrissett,eforget,kquinlan,sruelle,ctremblay,ycohonner",True,2026-05-16-BOS-MTL,11,15,4,2,572,1,7,True,True,427,home,299,1778974891.0,18,False,"zsinger,kdelorenz,tallen1,bmccann,iengler,sfisherol,ldecraene",300,625,7bbb8636e0b049dd8377f0e4afcb431f0fda4349f60708bebab4257a4ebd7f81,1778974891.0,False,427,566.125,8.8789413783401,3.5,-8.16,-156.784463086517,b50925fa4ff02538a0cb410ec1180174b29b04e2b392fde2e71e40c9f9a2b5e7,0.992883057183925,0.00711694281607478,0.600441246320925,0.640088306872597,0.618134085092558,0.930023901975277,566.125,-4,0.087,-0.0219542217800393,-0.0549461664345686,625,bccb8aa641a31c950cb44fd5f0bd666ba2514c17,2026-07-21 08:07:47,2026-06-06 14:01:41,royal,glory,19,21,Final,2026-05-16 18:00:00
2026-05-16-BOS-MTL,kquinlan,10.05,14.7,ctremblay,15.08,23.0,0,0,0,"maugersem,jbrissett,eforget,kquinlan,sruelle,ctremblay,ycohonner",True,2026-05-16-BOS-MTL,11,15,4,2,572,1,8,True,True,428,home,300,1778974896.0,18,False,"zsinger,kdelorenz,tallen1,bmccann,iengler,sfisherol,ldecraene",301,626,f4c8dff2961a232ceb50d2b39c576b4369ef5e1698033e94a9b2c9f99fc6daea,1778974896.0,False,428,560.25,9.70519963730783,5.03,8.3,-31.2168728369899,b7b1ea7fb3912f83f7496fba5b30d9f4e60fa19332b48e3a753aa8f66cbef99c,0.988752721291298,0.0112472787087021,0.600441246320925,0.619148525586171,0.631002601782981,0.91851537039156,560.25,-4,0.088,0.0118540761968098,0.0296679176407957,626,a6392334b5eaa87dac9713b53cf11b75e27ba6da,2026-07-21 08:07:47,2026-06-06 14:01:41,royal,glory,19,21,Final,2026-05-16 18:00:00
2026-05-16-BOS-MTL,ctremblay,15.08,23.0,jbrissett,19.89,26.06,0,0,0,"maugersem,jbrissett,eforget,kquinlan,sruelle,ctremblay,ycohonner",True,2026-05-16-BOS-MTL,11,15,4,2,572,1,9,True,True,429,home,301,1778974900.0,18,False,"zsinger,kdelorenz,tallen1,bmccann,iengler,sfisherol,ldecraene",302,627,b640608667a0076a345d99dfec3da6f895bec68b13b6580a24fa059e2318f661,1778974900.0,False,429,554.375,5.70085081369439,4.81,3.06,-57.5365160071695,9671de333be04e482e424fda6f9a829b1d26f7d0101ef8d0f6010a442b33f54e,0.993381640461053,0.00661835953894685,0.600441246320925,0.632004745818984,0.621860201308105,0.901940839666643,554.375,-4,0.087,-0.0101445445108794,-0.0253893686910123,627,5a2546c09d148c7387da4aa58d87452ad07494d4,2026-07-21 08:07:47,2026-06-06 14:01:41,royal,glory,19,21,Final,2026-05-16 18:00:00
2026-05-16-BOS-MTL,jbrissett,19.89,26.06,sruelle,-3.5,85.84,0,0,0,"maugersem,jbrissett,eforget,kquinlan,sruelle,ctremblay,ycohonner",True,2026-05-16-BOS-MTL,11,15,4,2,572,1,10,True,True,430,home,302,1778974908.0,18,False,"zsinger,kdelorenz,tallen1,bmccann,iengler,sfisherol,ldecraene",303,628,94da1165947f46725d5d24ba59a3b581bc3354d64d7b3777ee447c5d64b46886,1778974908.0,False,430,548.5,64.1929941660303,-23.39,59.78,21.3688153445113,14473df21348a8982797f76da6aa0ee0e3d6c049cc625f57a0c04022353b43e5,0.563770078624331,0.436229921375669,0.600441246320925,0.622846667874694,0.881877041409926,0.676008075989527,548.5,-4,0.107,0.259030373535232,0.64829107396627,628,f175e34263c3093e3653d15dc95bfbe4392dd405,2026-07-21 08:07:47,2026-06-06 14:01:41,royal,glory,19,21,Final,2026-05-16 18:00:00
2026-05-16-BOS-MTL,sruelle,-3.5,85.84,ycohonner,-2.99,77.47,0,0,0,"maugersem,jbrissett,eforget,kquinlan,sruelle,ctremblay,ycohonner",True,2026-05-16-BOS-MTL,11,15,4,2,572,1,11,True,True,431,home,303,1778974914.0,18,False,"zsinger,kdelorenz,tallen1,bmccann,iengler,sfisherol,ldecraene",304,629,5fefac2a6ae26d00edf7add8dbd65b74366ef56e37c6918a5242e4d3f772a427,1778974914.0,False,431,542.625,8.3855232394884,0.51,-8.37,-176.513170228963,6c903c21c6230c118a757e208427e5c600fb2c1165486cbe38422cd13043f3c6,0.98361480423462,0.0163851957653798,0.600441246320925,0.882290183410608,0.848039688801863,0.704825976534665,542.625,-4,0.103,-0.0342504946087446,-0.0857207964870532,629,11c091dae302ca892964d68db8788c59148212ae,2026-07-21 08:07:47,2026-06-06 14:01:41,royal,glory,19,21,Final,2026-05-16 18:00:00
2026-05-16-BOS-MTL,ycohonner,-2.99,77.47,sruelle,4.95,85.84,0,0,0,"maugersem,jbrissett,eforget,kquinlan,sruelle,ctremblay,ycohonner",True,2026-05-16-BOS-MTL,11,15,4,2,572,1,12,True,True,432,home,304,1778974916.0,18,False,"zsinger,kdelorenz,tallen1,bmccann,iengler,sfisherol,ldecraene",305,630,01fe1c34469a3d801e9f7b8b122e7bb6408b091e38ce92ad11c93c69dc8e31f5,1778974916.0,False,432,536.75,11.5369189994556,7.94,8.37,-43.4897928035119,3f148d8bb32c79ae74493068b8cfa4c3b4611fb130b61bc9b5fc0142df0d4385,0.972822592729294,0.0271774072707055,0.600441246320925,0.848507912792955,0.882577433713073,0.67741223575875,536.75,-4,0.107,0.0340695209201182,0.0852678626269886,630,edc4273bbd75d87886f0d42ff08e453035fef253,2026-07-21 08:07:47,2026-06-06 14:01:41,royal,glory,19,21,Final,2026-05-16 18:00:00
2026-05-16-BOS-MTL,sruelle,4.95,85.84,jbrissett,16.61,95.67,0,0,0,"maugersem,jbrissett,eforget,kquinlan,sruelle,ctremblay,ycohonner",True,2026-05-16-BOS-MTL,11,15,4,2,572,1,13,True,True,433,home,305,1778974921.0,18,False,"zsinger,kdelorenz,tallen1,bmccann,iengler,sfisherol,ldecraene",306,631,eb20156e058d22267d031b754a4b9a9039b424d9b918a5dd0ac29e9eddbbf7ad,1778974921.0,False,433,530.875,15.2507212944175,11.66,9.83,-49.8673303703042,2442e9560557d5c2c0b4d20edaf368b33ce9cbfc80f48c2255f6eb39a664f2eb,0.963143682572085,0.0368563174279145,0.600441246320925,0.882916024433529,0.913371239387544,0.636779668189195,530.875,-4,0.111,0.0304552149540148,0.0762221192092224,631,db8fc8e330bf2616aeab78d57c98fc55f31e32b4,2026-07-21 08:07:47,2026-06-06 14:01:41,royal,glory,19,21,Final,2026-05-16 18:00:00
2026-05-16-BOS-MTL,jbrissett,16.61,95.67,kquinlan,6.77,103.83,0,0,0,"maugersem,jbrissett,jduquette,eforget,kquinlan,sruelle,ctremblay",True,2026-05-16-BOS-MTL,12,15,4,2,525,1,14,True,True,434,home,307,1778975004.0,19,False,"itran,jcarreiro,ghaflin,ldecraene,ograff,bmccann,iengler",308,634,eddf9ed54e755d67be045a234e4bad48181484d9969344516c44bf2c641a697b,1778975004.0,False,434,525.0,12.7832390261623,-9.84,8.16,50.3321588816596,35d435d213780d4502e2bbd344beca231d3ea6a6b7553d07f23a557062e7da0b,0.951587413468689,0.0484125865313106,0.600441246320925,0.913601955250371,1.0,0.638915075685979,525.0,-4,0.114,0.0863980447496291,0.216233642622241,634,575de0fdc2895f3c5f6a1417f58ddf6a81e59f15,2026-07-21 08:07:47,2026-06-06 14:01:41,royal,glory,19,21,Final,2026-05-16 18:00:00
2026-05-16-BOS-MTL,bsadok,5.12,16.51,rdinger,4.54,21.22,0,0,0,"bsadok,tedmonds,pboerth,rdinger,ndick,tdecraene,tchan",False,2026-05-16-BOS-MTL,12,15,4,3,520,1,1,True,True,435,away,328,,18,False,"jbernat,adub,cguay,rlalondel,wstpierre,tlalondel,jduquette",329,639,d2a30ebe79885c6819ee04fa186677d717e35b961cd65cf5b213a16b6fe54f8e,1778975060.5,True,435,520.0,4.74557688800845,-0.58,4.71,7.02018885044923,9ad2037389ebcdac4f8be0a0032153184cb52af77bf2e5039c7111dbeef425ae,0.993252747467639,0.00674725253236119,0.631440766013865,0.631440766013865,0.642980304363421,0.928763481940639,520.0,-3,0.11,0.0115395383495559,0.031309860900107,639,a499fab2ac8555902e63892d64bf7622c2f2f296,2026-07-21 08:07:47,2026-06-06 14:01:41,royal,glory,19,21,Final,2026-05-16 18:00:00
2026-05-16-BOS-MTL,rdinger,4.54,21.22,tdecraene,14.02,39.29,0,0,0,"bsadok,tedmonds,pboerth,rdinger,ndick,tdecraene,tchan",False,2026-05-16-BOS-MTL,12,15,4,3,520,1,2,True,True,436,away,329,1778975063.0,18,False,"jbernat,adub,cguay,rlalondel,wstpierre,tlalondel,jduquette",330,640,b618859d289c36e87254599118465772897aafc8fc74230af33fe6c3c587bb9c,1778975063.0,False,436,515.25,20.4057663418946,9.48,18.07,-27.6826920339562,c94411a6a2bff264f4ca59ae74bb167b74be53ce332a4fb9fdf1671ec353b5c7,0.961990564678199,0.0380094353218006,0.631440766013865,0.643414327915718,0.688672092633624,0.859519069682443,515.25,-3,0.107,0.0452577647179063,0.122796447747145,640,60449e6e679f148d33db4375f30f3c9c5af3f39e,2026-07-21 08:07:47,2026-06-06 14:01:41,royal,glory,19,21,Final,2026-05-16 18:00:00
2026-05-16-BOS-MTL,tdecraene,14.02,39.29,pboerth,-1.33,43.03,0,0,0,"bsadok,tedmonds,pboerth,rdinger,ndick,tdecraene,tchan",False,2026-05-16-BOS-MTL,12,15,4,3,520,1,3,True,True,437,away,330,1778975065.0,18,False,"jbernat,adub,cguay,rlalondel,wstpierre,tlalondel,jduquette",331,641,9f297f21eeb86d17a55cf39bd63a8ac4845abffce34b1b4fdcfa4601b4115b8a,1778975065.0,False,437,510.5,15.7990537691344,-15.35,3.74,76.3067882640809,a879deeba772ab75863e44771650dd2f0f06e490f9d5617535d21f1877812486,0.97567229433604,0.0243277056639598,0.631440766013865,0.689033940581874,0.709922899371462,0.848041842298482,510.5,-3,0.105,0.0208889587895879,0.0566773448155519,641,1b9b3de202734f77ac4983d1d29cfe4d6837cd78,2026-07-21 08:07:47,2026-06-06 14:01:41,royal,glory,19,21,Final,2026-05-16 18:00:00
2026-05-16-BOS-MTL,pboerth,-1.33,43.03,tdecraene,11.06,46.77,0,0,0,"bsadok,tedmonds,pboerth,rdinger,ndick,tdecraene,tchan",False,2026-05-16-BOS-MTL,12,15,4,3,520,1,4,True,True,438,away,331,1778975068.0,18,False,"jbernat,adub,cguay,rlalondel,wstpierre,tlalondel,jduquette",332,642,42b2842dc68512028857c55f9f811c073000140904d6ce8a34b41b781fbc7e91,1778975068.0,False,438,505.75,12.9421675155285,12.39,3.74,-73.2032275202955,300ea9ffe4881ad187e68babbd8ae06cc8469f9036c0691657a52e04b82b17b9,0.981567485812197,0.0184325141878029,0.631440766013865,0.710230359060045,0.720443686111334,0.830404398165631,505.75,-3,0.104,0.0102133270512889,0.0277114941357651,642,8e12088e5735f8b87135f1c51dd3a31cb89a55d6,2026-07-21 08:07:47,2026-06-06 14:01:41,royal,glory,19,21,Final,2026-05-16 18:00:00
2026-05-16-BOS-MTL,tdecraene,11.06,46.77,rdinger,17.83,57.22,0,0,0,"bsadok,tedmonds,pboerth,rdinger,ndick,tdecraene,tchan",False,2026-05-16-BOS-MTL,12,15,4,3,520,1,5,True,True,439,away,332,1778975072.0,18,False,"jbernat,adub,cguay,rlalondel,wstpierre,tlalondel,jduquette",333,643,b6a9d80d7ca9ffaf21f7ff581cf185a359865529746bb0af26a01c963ae39769,1778975072.0,False,439,501.0,12.4513212150358,6.77,10.45,-32.937058757937,7a571f9a61090e1d1566ed12201cbc6c65726b0beb2343f91f50b545e2dcb2f1,0.980764962057481,0.019235037942519,0.631440766013865,0.720706834241758,0.748717842904289,0.775108980874782,501.0,-3,0.102,0.0280110086625313,0.0760013753001912,643,c0e178fe30ea73aecd84853748f19f91fa80fef4,2026-07-21 08:07:47,2026-06-06 14:01:41,royal,glory,19,21,Final,2026-05-16 18:00:00
2026-05-16-BOS-MTL,rdinger,17.83,57.22,ndick,-3.07,63.67,0,0,0,"bsadok,tedmonds,pboerth,rdinger,ndick,tdecraene,tchan",False,2026-05-16-BOS-MTL,12,15,4,3,520,1,6,True,True,440,away,333,1778975077.0,18,False,"jbernat,adub,cguay,rlalondel,wstpierre,tlalondel,jduquette",334,644,a5577af371f26fbceb7c66b22ca16975d37a90ae44f451dd1d51b60b89367290,1778975077.0,False,440,496.25,21.8726427301321,-20.9,6.45,72.8491233284045,e7e519fa3ee4a1bc02e0d018b1e6b804615bfe86482e1c268b8d8eddab1f0f3b,0.946927513317618,0.0530724866823821,0.631440766013865,0.748930121167222,0.791851808532956,0.761354512877057,496.25,-3,0.098,0.0429216873657344,0.116458043667817,644,186b0716c1286178f7188c6ab6e2c2ac41e1ad75,2026-07-21 08:07:47,2026-06-06 14:01:41,royal,glory,19,21,Final,2026-05-16 18:00:00
2026-05-16-BOS-MTL,ndick,-3.07,63.67,tdecraene,-5.13,54.51,0,0,0,"bsadok,tedmonds,pboerth,rdinger,ndick,tdecraene,tchan",False,2026-05-16-BOS-MTL,12,15,4,3,520,1,7,True,True,441,away,334,1778975080.0,18,False,"jbernat,adub,cguay,rlalondel,wstpierre,tlalondel,jduquette",335,645,e71f4c8e5f0c888f1489c73274d431a4f8f900fd14415006a9e3980a9e4f5392,1778975080.0,False,441,491.5,9.38878053849381,-2.06,-9.16,167.325570244275,ae0819dd751553f84553375f4ee16cadec82ef3eefce55873f31253ea0557a99,0.988089022398185,0.0119109776018148,0.631440766013865,0.792009749394228,0.753897970457442,0.79953324402482,491.5,-3,0.101,-0.0381117789367866,-0.103407472727221,645,03a98f125e2092790fda002a9080235979e87bd5,2026-07-21 08:07:47,2026-06-06 14:01:41,royal,glory,19,21,Final,2026-05-16 18:00:00
2026-05-16-BOS-MTL,tdecraene,-5.13,54.51,pboerth,-12.35,61.41,0,0,0,"bsadok,tedmonds,pboerth,rdinger,ndick,tdecraene,tchan",False,2026-05-16-BOS-MTL,12,15,4,3,520,1,8,True,True,442,away,335,1778975087.0,18,False,"jbernat,adub,cguay,rlalondel,wstpierre,tlalondel,jduquette",336,646,c19755248c5e47b3e97285f7abcdd839f7780029fc1252f88308c912704e313e,1778975087.0,False,442,486.75,9.98691143447262,-7.22,6.9,46.2982656854853,ae70aacf03dff64034de7fc5a2872d51c20de90539e798ca60699548ae786aa8,0.981677324908216,0.0183226750917836,0.631440766013865,0.754045744118815,0.779212921560044,0.766723439123459,486.75,-3,0.099,0.0251671774412282,0.0682852988623667,646,69fc582767d46fa1c0bc3258e89588a853ba5b34,2026-07-21 08:07:47,2026-06-06 14:01:41,royal,glory,19,21,Final,2026-05-16 18:00:00
2026-05-16-BOS-MTL,pboerth,-12.35,61.41,ndick,1.7,65.87,0,0,0,"bsadok,tedmonds,pboerth,rdinger,ndick,tdecraene,tchan",False,2026-05-16-BOS-MTL,12,15,4,3,520,1,9,True,True,443,away,336,1778975095.0,18,False,"jbernat,adub,cguay,rlalondel,wstpierre,tlalondel,jduquette",337,647,f2b03f448e6b160cb8dc1d8ef73da65ed9502e374f15df97d909195fda1eb305,1778975095.0,False,443,482.0,14.74089888711,14.05,4.46000000000001,-72.388598239172,95f55e7c181dd47f7abefdadb55bea8513ceabf0320d3729ddf58afa4e86767a,0.971438937520153,0.0285610624798469,0.631440766013865,0.779323517264396,0.801696435141684,0.753011610726619,482.0,-3,0.097,0.0223729178772881,0.0607037236194434,647,a0d9a30955b9be85334d34d7b6f984e9bbabad71,2026-07-21 08:07:47,2026-06-06 14:01:41,royal,glory,19,21,Final,2026-05-16 18:00:00
2026-05-16-BOS-MTL,ndick,1.7,65.87,tedmonds,-4.04,69.54,0,0,0,"bsadok,tedmonds,pboerth,rdinger,ndick,tdecraene,tchan",False,2026-05-16-BOS-MTL,12,15,4,3,520,1,10,True,True,444,away,337,1778975098.0,18,False,"jbernat,adub,cguay,rlalondel,wstpierre,tlalondel,jduquette",338,648,c4cbf5671eeb32cde579994492a521c10cb14c4ee28685053c38fd77cb7bd26a,1778975098.0,False,444,477.25,6.81296558042091,-5.74,3.67,57.4062569773469,950970d5ea6f9fd34ee1baa09d6963d4808459de6127deb99999c9d92306021d,0.986067349952835,0.0139326500471647,0.631440766013865,0.801775517782609,0.817232491292092,0.738537308895255,477.25,-3,0.095,0.0154569735094832,0.0419389126201207,648,eed39e8f759686a2610ea057aea201b3abd4c3cc,2026-07-21 08:07:47,2026-06-06 14:01:41,royal,glory,19,21,Final,2026-05-16 18:00:00
2026-05-16-BOS-MTL,tedmonds,-4.04,69.54,pboerth,-14.35,88.7,0,0,0,"bsadok,tedmonds,pboerth,rdinger,ndick,tdecraene,tchan",False,2026-05-16-BOS-MTL,12,15,4,3,520,1,11,True,True,445,away,338,1778975110.0,18,False,"jbernat,adub,cguay,rlalondel,wstpierre,tlalondel,jduquette",339,650,4caa2e6897b04e3dd10e3243aae4d4498114119a703684a87f76e068fb8dba7a,1778975110.0,False,445,472.5,21.7577963038539,-10.31,19.16,28.2847040305316,f67286657b3038c34a62558201d5952386bbb1cd524c1e9140163de1b8aa024d,0.934271772393933,0.0657282276060668,0.631440766013865,0.817286298409758,0.89223860743855,0.664292281686248,472.5,-3,0.088,0.0749523090287927,0.203365706559973,650,ed0ca13cc884bdf8e48dd19b12886d1fb1bf1c1e,2026-07-21 08:07:47,2026-06-06 14:01:41,royal,glory,19,21,Final,2026-05-16 18:00:00
2026-05-16-BOS-MTL,pboerth,-14.35,88.7,rdinger,-7.32,104.38,0,0,0,"bsadok,tedmonds,pboerth,rdinger,ndick,tdecraene,tchan",False,2026-05-16-BOS-MTL,12,16,4,3,520,1,12,True,True,446,away,339,1778975117.0,19,False,"jbernat,adub,cguay,rlalondel,wstpierre,tlalondel,jduquette",340,651,72b074d7e2c808090ed7ba9fb5a0c0f17c14e3b4dc8645696aa1abf70a6e2d6c,1778975117.0,False,446,467.75,17.1838092400957,7.03,15.68,-24.1486894460631,8c14692270e63c76b5f7554ffb0bf5d6a7b3135cdc060a752906f84c80ba5393,0.93369780356986,0.0663021964301397,0.631440766013865,0.892260841880872,1.0,0.641723996528663,467.75,-3,0.082,0.107739158119128,0.292325217181185,651,589e3b07f72967ec19f281254cf0423e9e04d815,2026-07-21 08:07:47,2026-06-06 14:01:41,royal,glory,19,21,Final,2026-05-16 18:00:00
2026-05-16-BOS-MTL,eforget,6.41,14.12,jbrissett,1.67,30.43,0,0,0,"maugersem,jbrissett,jduquette,eforget,kquinlan,sruelle,ctremblay",True,2026-05-16-BOS-MTL,12,16,4,4,463,1,1,True,True,447,home,312,1778975164.0,18,False,"bmccann,ograff,jcarreiro,zsinger,ghaflin,itran,tallen1",313,653,d23e24753a1dbdbbce46010dcb13f806212c32bc0a3bf1dc0450f5a836d2734e,1778975164.0,False,447,463.0,16.9848079176657,-4.74,16.31,16.2048816846676,408dc935597075ba1b8b1f28c6288f9994a3811b1b8bc8add3e9138c464f731b,0.974076281370986,0.0259237186290141,0.628241742514408,0.628241742514408,0.670852956725528,0.898755026392459,463.0,-4,0.09,0.04261121421112,0.114620760542949,653,2516c0cd4fbc3b74eef4092af2f94d59db4d57b9,2026-07-21 08:07:47,2026-06-06 14:01:41,royal,glory,19,21,Final,2026-05-16 18:00:00
2026-05-16-BOS-MTL,jbrissett,1.67,30.43,sruelle,16.9,34.58,0,0,0,"maugersem,jbrissett,jduquette,eforget,kquinlan,sruelle,ctremblay",True,2026-05-16-BOS-MTL,12,16,4,4,463,1,2,True,True,448,home,313,1778975168.0,18,False,"bmccann,ograff,jcarreiro,zsinger,ghaflin,itran,tallen1",314,655,8b02a904487890ab9f20521ac336872e6d1e891f9c2b7432644fdf6f55192e11,1778975168.0,False,448,454.0,15.7852906213348,15.23,4.15,-74.7576151070477,078378dc3bb19dee016582233008be679ed59da3792b782e796c9d1371917572,0.98341041205283,0.0165895879471697,0.628241742514408,0.670832491450393,0.667421044084107,0.8765624057826,454.0,-4,0.089,-0.00341144736628562,-0.00917652075668513,655,6d05218177fb0e8b65f346e15d7cafe582be1f59,2026-07-21 08:07:47,2026-06-06 14:01:41,royal,glory,19,21,Final,2026-05-16 18:00:00
2026-05-16-BOS-MTL,sruelle,16.9,34.58,ctremblay,18.5,49.44,0,0,0,"maugersem,jbrissett,jduquette,eforget,kquinlan,sruelle,ctremblay",True,2026-05-16-BOS-MTL,12,16,4,4,463,1,3,True,True,449,home,314,1778975171.0,18,False,"bmccann,ograff,jcarreiro,zsinger,ghaflin,itran,tallen1",315,656,14e2d03674f4f0f02d9ab4e3abe696923072034e5e613b03b980618d55453fc6,1778975171.0,False,449,445.0,14.9458890668973,1.6,14.86,-6.14545288757616,0303f347a1ebe1063c17122fca71b9a6b191bea8e30df89a2b1096facdd68a56,0.974854193283261,0.0251458067167388,0.628241742514408,0.667323162986032,0.714982817372906,0.808737033080232,445.0,-4,0.092,0.0476596543868746,0.128200661121083,656,abccaafc488089f5c75d67ebc5187145d7f652e8,2026-07-21 08:07:47,2026-06-06 14:01:41,royal,glory,19,21,Final,2026-05-16 18:00:00
2026-05-16-BOS-MTL,ctremblay,18.5,49.44,maugersem,8.16,97.57,0,0,0,"maugersem,jbrissett,jduquette,eforget,kquinlan,sruelle,ctremblay",True,2026-05-16-BOS-MTL,12,16,4,4,463,1,4,True,True,450,home,315,1778975187.0,18,False,"bmccann,ograff,jcarreiro,zsinger,ghaflin,itran,tallen1",316,658,5de88ff2d2047e9c160ea89e89048e9f766208332fdfd7bff96cb03376fd8bc8,1778975187.0,False,450,436.0,49.2281677497751,-10.34,48.13,12.1248340256424,49449447704c10c452255bc1e76fa916c702ba14ce64c53bd12d48f66a40a203,0.649080800326561,0.350919199673439,0.628241742514408,0.714833363827752,0.925364234904832,0.647329844580273,436.0,-4,0.112,0.210530871077081,0.566311216598169,658,30bda3381fec23d59f0751707ac24365dec90162,2026-07-21 08:07:47,2026-06-06 14:01:41,royal,glory,19,21,Final,2026-05-16 18:00:00
2026-05-16-BOS-MTL,maugersem,0.0,100.0,sruelle,-13.56,113.44,0,0,0,"maugersem,jbrissett,jduquette,eforget,kquinlan,sruelle,ctremblay",True,2026-05-16-BOS-MTL,13,16,4,4,463,1,5,True,True,451,home,317,1778975226.0,19,False,"bmccann,ograff,jcarreiro,zsinger,ghaflin,itran,tallen1",318,662,1838fdb057cd3198e7983b5169bca43bbe4a1b9857a37c40fdf9247c6f27bf4c,1778975226.0,False,451,427.0,19.0920716529139,-13.56,13.44,45.2546462322729,369ac6ffba7b00a13467cfbdf8ff772d1b9420f6f6ce227679daf0a764d9f8fb,0.925606128045156,0.0743938719548439,0.628241742514408,0.933106422997629,1.0,0.634591934076805,427.0,-4,0.116,0.0668935770023706,0.179938375692874,662,3b9c238cfedae8254b17dc3137e50e8ee227f594,2026-07-21 08:07:47,2026-06-06 14:01:41,royal,glory,19,21,Final,2026-05-16 18:00:00
2026-05-16-BOS-MTL,bsadok,-17.58,15.74,rdinger,-1.13,27.22,0,0,0,"bsadok,tedmonds,pboerth,rdinger,ndick,tdecraene,tchan",False,2026-05-16-BOS-MTL,13,16,4,5,418,1,1,True,True,452,away,345,1778975274.0,18,False,"mbrichet,jgiard,phooley,ngagnon,arousseau,rsalvas,ycohonner",346,666,a3102ea76aa4bd194f48ecfd9d00e87e0e2b48ae02e7cececf0864d92fc8e4f1,1778975274.0,False,452,418.0,20.0597332983268,16.45,11.48,-55.089877658062,56d2ecfc7ac6017ea26c1efac9bf16a171bfacb1c0f372d8876f8483cf0d04cc,0.965527415776974,0.0344725842230263,0.615056420684608,0.615056420684608,0.660955758926544,0.909892722985281,418.0,-3,0.108,0.0458993382419361,0.119236534152788,666,ea37689edd746c47ee30495e613b90c6b8d5ef17,2026-07-21 08:07:47,2026-06-06 14:01:41,royal,glory,19,21,Final,2026-05-16 18:00:00
2026-05-16-BOS-MTL,rdinger,-1.13,27.22,tedmonds,6.54,36.12,0,0,0,"bsadok,tedmonds,pboerth,rdinger,ndick,tdecraene,tchan",False,2026-05-16-BOS-MTL,13,16,4,5,418,1,2,True,True,453,away,346,1778975281.0,18,False,"mbrichet,jgiard,phooley,ngagnon,arousseau,rsalvas,ycohonner",347,667,9eaba06cf86d721977fbbabf90b3470e5a0f92045afa729a88ef39f05dd525f3,1778975281.0,False,453,414.6,11.7489957017611,7.67,8.9,-40.7546895523171,b9b98401c1d6f9556939b6e0ab300d5d81e2b205a7010e19d79791e224619cd5,0.983866017764355,0.0161339822356449,0.615056420684608,0.660850425916154,0.686669515685752,0.87634551608606,414.6,-3,0.106,0.0258190897695982,0.0670724001047544,667,0522f76f9474dfee9fe724a882d3bfbbaf60e7bc,2026-07-21 08:07:47,2026-06-06 14:01:41,royal,glory,19,21,Final,2026-05-16 18:00:00
2026-05-16-BOS-MTL,tedmonds,6.54,36.12,rdinger,-1.2,33.09,0,0,0,"bsadok,tedmonds,pboerth,rdinger,ndick,tdecraene,tchan",False,2026-05-16-BOS-MTL,13,16,4,5,418,1,3,True,True,454,away,347,1778975285.0,18,False,"mbrichet,jgiard,phooley,ngagnon,arousseau,rsalvas,ycohonner",348,668,b0b175cb16e27ef28d84a36e08601ff577f407570c0515cb10c06ff043acdcf7,1778975285.0,False,454,411.2,8.31194922987382,-7.74,-3.02999999999999,111.37899517291,8a35017612f113d75d18a897d4a622c2f70cf5d3aec614980c5b8f09b30689e0,0.990818005649974,0.00918199435002642,0.615056420684608,0.686565203547748,0.677848998844851,0.88844221738197,411.2,-3,0.107,-0.00871620470289736,-0.0226428109760885,668,8d8eeab62d6a9e48b46a555c82c28e855cf56b0d,2026-07-21 08:07:47,2026-06-06 14:01:41,royal,glory,19,21,Final,2026-05-16 18:00:00
2026-05-16-BOS-MTL,rdinger,-1.2,33.09,tdecraene,-1.0,91.03,0,0,0,"bsadok,tedmonds,pboerth,rdinger,ndick,tdecraene,tchan",False,2026-05-16-BOS-MTL,13,16,4,5,418,1,4,True,True,455,away,348,1778975294.0,18,False,"mbrichet,jgiard,phooley,ngagnon,arousseau,rsalvas,ycohonner",349,669,ebd635524a2383030e40a756208811c1111df377487aa57b21ed9099bed7d780,1778975294.0,False,455,407.8,57.9403451836456,0.2,57.94,-0.197775464101738,cc82c8b570ff960510dbaa7ac0f6f160276e2a425cbc9b75277eb67e202d8f0a,0.637945609157727,0.362054390842273,0.615056420684608,0.677740559607699,0.903612251217619,0.665587432667595,407.8,-3,0.086,0.225871691609921,0.586765707358012,669,552fbe36214184b3c3fafb0e73e70af70b07cf68,2026-07-21 08:07:47,2026-06-06 14:01:41,royal,glory,19,21,Final,2026-05-16 18:00:00
2026-05-16-BOS-MTL,tdecraene,-1.0,91.03,pboerth,-10.48,105.16,0,0,0,"bsadok,tedmonds,pboerth,rdinger,ndick,tdecraene,tchan",False,2026-05-16-BOS-MTL,13,17,4,5,418,1,5,True,True,456,away,349,1778975306.0,19,False,"mbrichet,jgiard,phooley,ngagnon,arousseau,rsalvas,ycohonner",350,670,ec522188e6ee8d9aee80be6801a656f71e14b05e27cf46e117d3610cc94add77,1778975306.0,False,456,404.4,17.015501755752,-9.48,14.13,33.8581720201845,8fd0b5fa7a3ece0b047d656278fdd3ed170d8c37b14f1675e97c09f2bce81555,0.942058954455358,0.0579410455446415,0.615056420684608,0.903568233022254,1.0,0.638413296981283,404.4,-3,0.082,0.0964317669777462,0.250508833396433,670,3d2d884bfc4691b667ee05b4113ae2451296499c,2026-07-21 08:07:47,2026-06-06 14:01:41,royal,glory,19,21,Final,2026-05-16 18:00:00
2026-05-16-BOS-MTL,jbrissett,-6.93,9.32,eforget,0.8,21.18,0,0,0,"maugersem,jbrissett,jduquette,eforget,kquinlan,sruelle,ctremblay",True,2026-05-16-BOS-MTL,13,17,4,6,401,1,1,True,True,457,home,322,1778975361.0,18,False,"tallen1,bmccann,kdelorenz,ldecraene,iengler,sfisherol,ograff",323,675,a76f52799e3499f373681689246acaa5de1dc8ee5f0ebee605ffb43960baaf36,1778975361.0,False,457,401.0,14.156712188923,7.73,11.86,-33.0951288160862,00e718035d8a033997210af64c09dacca181b86d35451a1fe5738fec6b602883,0.983155969980527,0.0168440300194728,0.61635793913683,0.61635793913683,0.644458233093595,0.929345338491156,401.0,-4,0.088,0.0281002939567654,0.0732461239873999,675,fb19424794b4fdf7fc5c39f771190135d1440639,2026-07-21 08:07:47,2026-06-06 14:01:41,royal,glory,19,21,Final,2026-05-16 18:00:00
2026-05-16-BOS-MTL,eforget,0.8,21.18,kquinlan,9.76,29.19,0,0,0,"maugersem,jbrissett,jduquette,eforget,kquinlan,sruelle,ctremblay",True,2026-05-16-BOS-MTL,13,17,4,6,401,1,2,True,True,458,home,323,1778975364.0,18,False,"tallen1,bmccann,kdelorenz,ldecraene,iengler,sfisherol,ograff",324,676,73e6791f479aaf05fd03f41c42cd863567872d3b427f35b6fdebe9728be349cf,1778975364.0,False,458,396.125,12.0183900752139,8.96,8.01,-48.2041388920642,3e928cfc7aeb8e996087bcd153c2610755d1258f73788f207ebf614d6f26bae7,0.984940855548268,0.0150591444517323,0.61635793913683,0.644289413716474,0.663351477510515,0.901820603834363,396.125,-4,0.089,0.0190620637940415,0.0496871061300033,676,5477fca1ecb0d893d75746210972404f89011f79,2026-07-21 08:07:47,2026-06-06 14:01:41,royal,glory,19,21,Final,2026-05-16 18:00:00
2026-05-16-BOS-MTL,kquinlan,9.76,29.19,jbrissett,1.82,21.99,0,0,0,"maugersem,jbrissett,jduquette,eforget,kquinlan,sruelle,ctremblay",True,2026-05-16-BOS-MTL,13,17,4,6,401,1,3,True,True,459,home,324,1778975371.0,18,False,"tallen1,bmccann,kdelorenz,ldecraene,iengler,sfisherol,ograff",325,677,16ecafd1e64f2268e761c54bdc7e2a5117be28d3d7fbcbe03413d341ef7eb8d5,1778975371.0,False,459,391.25,10.7183767427722,-7.94,-7.2,132.201772664404,6c3530c472e341b2e56f4a0bf1e46d1fd4ba1df0c849e5968ca7333bfa57cc2e,0.990688656087908,0.00931134391209165,0.61635793913683,0.663187676270323,0.646129335290361,0.926744521649047,391.25,-4,0.088,-0.0170583409799613,-0.0444642095331808,677,4e3e006283515eb6ff9c81a2f237c5ec09fb4dbe,2026-07-21 08:07:47,2026-06-06 14:01:41,royal,glory,19,21,Final,2026-05-16 18:00:00
2026-05-16-BOS-MTL,jbrissett,1.82,21.99,jduquette,1.89,27.74,0,0,0,"maugersem,jbrissett,jduquette,eforget,kquinlan,sruelle,ctremblay",True,2026-05-16-BOS-MTL,13,17,4,6,401,1,4,True,True,460,home,325,1778975375.0,18,False,"tallen1,bmccann,kdelorenz,ldecraene,iengler,sfisherol,ograff",326,678,630346119b179b0bc330355a83a4e8876b7728c75b569f02c4d751de3fca8d67,1778975375.0,False,460,386.375,5.75042607117073,0.0699999999999998,5.75,-0.697479382463825,019aca9b921a84e87415e0ae2612bae402564f254568c58cad7e50e63c569cf7,0.991998368851308,0.00800163114869201,0.61635793913683,0.645964411681737,0.661346083902942,0.907670763477995,386.375,-4,0.088,0.0153816722212056,0.0400938108470114,678,60a1f37b64608b3306fd669d862b4e1a8dc2099f,2026-07-21 08:07:47,2026-06-06 14:01:41,royal,glory,19,21,Final,2026-05-16 18:00:00
2026-05-16-BOS-MTL,jduquette,1.89,27.74,eforget,9.61,34.51,0,0,0,"maugersem,jbrissett,jduquette,eforget,kquinlan,sruelle,ctremblay",True,2026-05-16-BOS-MTL,13,17,4,6,401,1,5,True,True,461,home,326,1778975378.0,18,False,"tallen1,bmccann,kdelorenz,ldecraene,iengler,sfisherol,ograff",327,679,b8a13e11f7fcf45ac2022c2809301dee0dd9fd7c270cdb3dd2a047f69a1f5925,1778975378.0,False,461,381.5,10.2679744838016,7.72,6.77,-48.7510836224584,62a8e88128d35a3c8caf2b49d5585b2fdef391b8d6e9a11f1d12671b96512702,0.986327916769669,0.0136720832303308,0.61635793913683,0.66118925160881,0.679004621391623,0.881564304321195,381.5,-4,0.089,0.017815369782813,0.0464374780563151,679,a48f1f2e3394b02b22402a6abd1829b0e735c793,2026-07-21 08:07:47,2026-06-06 14:01:41,royal,glory,19,21,Final,2026-05-16 18:00:00
2026-05-16-BOS-MTL,eforget,9.61,34.51,ctremblay,16.75,45.8,0,0,0,"maugersem,jbrissett,jduquette,eforget,kquinlan,sruelle,ctremblay",True,2026-05-16-BOS-MTL,13,17,4,6,401,1,6,True,True,462,home,327,1778975381.0,18,False,"tallen1,bmccann,kdelorenz,ldecraene,iengler,sfisherol,ograff",328,680,4fe26d108e62a708aba6e719dc277ffdce918cbf99d082d0cc5a9a539b96ca6d,1778975381.0,False,462,376.625,13.3582820751772,7.14,11.29,-32.3100000195523,91abe18fcc38b8313b23cf6ee4ba13498a08744af55c9587e88b2a67355ba77f,0.980462702693626,0.0195372973063744,0.61635793913683,0.6788585243297,0.705066713468645,0.827636258042173,376.625,-4,0.091,0.0262081891389446,0.0683141704535157,680,fed77e32e37af88b8c52313bb9a0d63210ad8e45,2026-07-21 08:07:47,2026-06-06 14:01:41,royal,glory,19,21,Final,2026-05-16 18:00:00
2026-05-16-BOS-MTL,ctremblay,16.75,45.8,maugersem,20.76,52.28,0,0,0,"maugersem,jbrissett,jduquette,eforget,kquinlan,sruelle,ctremblay",True,2026-05-16-BOS-MTL,13,17,4,6,401,1,7,True,True,463,home,328,1778975385.0,18,False,"tallen1,bmccann,kdelorenz,ldecraene,iengler,sfisherol,ograff",329,681,3daab96b3d49727a9a614bf32e6e95df170185b58033b3a29a79e128e47004ad,1778975385.0,False,463,371.75,7.62040025195528,4.01,6.48,-31.750347342818,57be1fbc008e1aa25d00a597fe5cd175a300352a372906563d4c3b5c76aece86,0.988068660145646,0.0119313398543539,0.61635793913683,0.704935400310755,0.714897088620324,0.786267802631728,371.75,-4,0.091,0.00996168830956901,0.0259661005030466,681,a0bff5f341e36f925c05ad23b83bdc4c3e4ddde6,2026-07-21 08:07:47,2026-06-06 14:01:41,royal,glory,19,21,Final,2026-05-16 18:00:00
2026-05-16-BOS-MTL,maugersem,20.76,52.28,jduquette,2.62,103.03,0,0,0,"maugersem,jbrissett,jduquette,eforget,kquinlan,sruelle,ctremblay",True,2026-05-16-BOS-MTL,14,17,4,6,401,1,8,True,True,464,home,329,1778975399.0,19,False,"tallen1,bmccann,kdelorenz,ldecraene,iengler,sfisherol,ograff",330,682,a9a0b21f9491865d3459241c80fbd476df8d62a605ccf9dcba2ad3c15103403b,1778975399.0,False,464,366.875,53.894546106262,-18.14,50.75,19.6688416734081,0f13d9c523cabe6ce0685025d3aeb226791fa7e3973ec6880b525d2a764b94aa,0.621613082462823,0.378386917537177,0.61635793913683,0.714778109304852,1.0,0.640272569938658,366.875,-4,0.113,0.285221890695148,0.743458342532665,682,cc6ad151335448a1cb587a71c5d7624571abfe67,2026-07-21 08:07:47,2026-06-06 14:01:41,royal,glory,19,21,Final,2026-05-16 18:00:00
2026-05-16-BOS-MTL,bsadok,0.74,15.93,ndick,0.61,31.41,0,0,0,"bsadok,tedmonds,pboerth,rdinger,ndick,tdecraene,tchan",False,2026-05-16-BOS-MTL,14,17,4,7,362,1,1,True,True,465,away,354,1778975449.0,18,False,"jbernat,ycohonner,adub,cguay,rlalondel,wstpierre,tlalondel",355,687,2e142cbf8bb5b7bc34c8963ed68f264b2fb0436754b4c69f926ea902350979be,1778975449.0,False,465,362.0,15.4805458560091,-0.13,15.48,0.481154796043199,e3f07bfa6e3ae3dc0949122ed9d41090efa1953151099f8e4d8d46f24b62a1f3,0.977641730033312,0.0223582699666878,0.628307220668811,0.630577740075889,0.671318998884461,0.894122731623025,362.0,-3,0.106,0.0407412588085715,0.109610035690981,687,d19c9d3dde97b4afd5910e1444181ea5324edfd5,2026-07-21 08:07:47,2026-06-06 14:01:41,royal,glory,19,21,Final,2026-05-16 18:00:00
2026-05-16-BOS-MTL,ndick,0.61,31.41,bsadok,7.12,15.48,0,0,0,"bsadok,tedmonds,pboerth,rdinger,ndick,tdecraene,tchan",False,2026-05-16-BOS-MTL,14,17,4,7,362,1,2,True,True,466,away,355,1778975454.0,18,False,"jbernat,ycohonner,adub,cguay,rlalondel,wstpierre,tlalondel",356,688,304bd07899d0098e08d18b93ac35a2d9862ad78dd7a0559e9c42b23642303496,1778975454.0,False,466,357.8,17.2088639950463,6.51,-15.93,-157.771986895389,152eea7ddc2f3679d0a0f7ab02b81360bce63ea1246bcab86ddee34e529729ca,0.988502162772185,0.0114978372278153,0.628307220668811,0.671230202782918,0.628390183712543,0.932250893680831,357.8,-3,0.109,-0.0428400190703757,-0.115256527574898,688,c75424a8eda60e38ae66a80490c5c4e013b45507,2026-07-21 08:07:47,2026-06-06 14:01:41,royal,glory,19,21,Final,2026-05-16 18:00:00
2026-05-16-BOS-MTL,bsadok,7.12,15.48,ndick,10.09,26.83,0,0,0,"bsadok,tedmonds,pboerth,rdinger,ndick,tdecraene,tchan",False,2026-05-16-BOS-MTL,14,17,4,7,362,1,3,True,True,467,away,356,1778975455.0,18,False,"jbernat,ycohonner,adub,cguay,rlalondel,wstpierre,tlalondel",357,689,57eb26aeb6d22c7eaf5c90744bbdd3ddd7a1f73a67e9a36953fe6442b4fc827e,1778975455.0,False,467,353.6,11.7321524026924,2.97,11.35,-14.6640199398756,880852a3feeb9bc8623ffd0ec04b8a052b3d882286e0b441e9598bd258eac127,0.984262641832688,0.0157373581673121,0.628307220668811,0.628307220668811,0.655198335227499,0.9096653327374,353.6,-3,0.107,0.0268911145586879,0.0723476915722571,689,5e17892ea6027c2a34d227b9998f5f24a5d65cd7,2026-07-21 08:07:47,2026-06-06 14:01:41,royal,glory,19,21,Final,2026-05-16 18:00:00
2026-05-16-BOS-MTL,ndick,10.09,26.83,bsadok,14.28,32.9,0,0,0,"bsadok,tedmonds,pboerth,rdinger,ndick,tdecraene,tchan",False,2026-05-16-BOS-MTL,14,17,4,7,362,1,4,True,True,468,away,357,1778975458.0,18,False,"jbernat,ycohonner,adub,cguay,rlalondel,wstpierre,tlalondel",358,690,20496b5959fc6115ccd9518dc00ef42f4b9ac371321bdbe4cb6665532094d342,1778975458.0,False,468,349.4,7.37570335629084,4.19,6.07,-34.6165450681046,adde28a790df364f576c4fd2a8e4d426cfed0313475ec89048027bfc2ddc7734,0.98945432859592,0.0105456714040804,0.628307220668811,0.6551275437629,0.666682109095381,0.884938600329779,349.4,-3,0.106,0.0115545653324816,0.0310863325170654,690,20f047ea37db6b36c56502e68fac32ceb0e40024,2026-07-21 08:07:47,2026-06-06 14:01:41,royal,glory,19,21,Final,2026-05-16 18:00:00
2026-05-16-BOS-MTL,bsadok,14.28,32.9,ndick,-0.75,33.61,0,0,0,"bsadok,tedmonds,pboerth,rdinger,ndick,tdecraene,tchan",False,2026-05-16-BOS-MTL,14,17,4,7,362,1,5,True,True,469,away,358,1778975462.0,18,False,"jbernat,ycohonner,adub,cguay,rlalondel,wstpierre,tlalondel",359,691,3a9f967d1de76a704c489a6947e7709f43b26b2b1b7dd21993702f8f78f36fa0,1778975462.0,False,469,345.2,15.0467604486813,-15.03,0.710000000000001,87.2954235107779,1812e221327f74189e92892be533a99203379a72bfb883db31e5a98881539561,0.980619891055171,0.0193801089448289,0.628307220668811,0.666620613308307,0.677682705272843,0.885636103032593,345.2,-3,0.106,0.0110620919645364,0.0297613851537315,691,d2d051b016ced03ca0b47930ed50d3a78628643f,2026-07-21 08:07:47,2026-06-06 14:01:41,royal,glory,19,21,Final,2026-05-16 18:00:00
2026-05-16-BOS-MTL,ndick,-0.75,33.61,tedmonds,-7.45,38.77,0,0,0,"bsadok,tedmonds,pboerth,rdinger,ndick,tdecraene,tchan",False,2026-05-16-BOS-MTL,14,17,4,7,362,1,6,True,True,470,away,359,1778975466.0,18,False,"jbernat,ycohonner,adub,cguay,rlalondel,wstpierre,tlalondel",360,692,ae0063f633381ad6a51435c40d7ac8130385c7102a885da1c857d6385ca9c118,1778975466.0,False,470,341.0,8.45668965967181,-6.7,5.16,52.3983606614915,3e4e01700a86336442b1a87267b36c4a0a52d6ab8f280978e495ece32f2490ad,0.988076396220108,0.0119236037798918,0.628307220668811,0.677629097917618,0.693215698374239,0.864480719760151,341.0,-3,0.104,0.0155866004566207,0.0419340953694789,692,0d15c34524e0dcf73ec6ffc61462e54e468ca4ca,2026-07-21 08:07:47,2026-06-06 14:01:41,royal,glory,19,21,Final,2026-05-16 18:00:00
2026-05-16-BOS-MTL,tedmonds,-7.45,38.77,bsadok,-0.88,31.74,0,0,0,"bsadok,tedmonds,pboerth,rdinger,ndick,tdecraene,tchan",False,2026-05-16-BOS-MTL,14,17,4,7,362,1,7,True,True,471,away,360,1778975469.0,18,False,"jbernat,ycohonner,adub,cguay,rlalondel,wstpierre,tlalondel",361,693,3cb66719d5eb125b7b8f719aaacea17d37fd51f52e08a91fb85923f55d96c6ac,1778975469.0,False,471,336.8,9.6221515265558,6.57,-7.03,-136.937206967068,b499bb1fb7c33a3cf7d1d83da2ff89c16bfdaa589eb99e34623ea23bdd20c738,0.990539659804125,0.00946034019587472,0.628307220668811,0.693169036547159,0.671884944357956,0.892715542994383,336.8,-3,0.106,-0.0212840921892028,-0.0572625925838555,693,d0e2e24edd6aa41f2e5e53ca8c7d6cf4ea5c447a,2026-07-21 08:07:47,2026-06-06 14:01:41,royal,glory,19,21,Final,2026-05-16 18:00:00
2026-05-16-BOS-MTL,bsadok,-0.88,31.74,,-0.88,31.74,1,0,0,"bsadok,tedmonds,pboerth,rdinger,ndick,tdecraene,tchan",False,2026-05-16-BOS-MTL,14,17,4,7,362,1,8,True,True,472,away,361,1778975475.0,22,False,"jbernat,ycohonner,adub,cguay,rlalondel,wstpierre,tlalondel",362,695,ea4612cba0e080f9f0dcb6145f2499702e4b498f415b93765262d1e8c5495f51,1778975475.0,False,472,332.6,0.0,0.0,0.0,-90.0,812d9bc2dc14d62bd2608caa58024cc62e5aa2b60216447af782e5522274c39f,0.5,-0.5,0.628307220668811,0.671841138967009,0.671841138967009,0.89269651138771,332.6,-3,0.183,-0.89269651138771,-0.89269651138771,695,3f91d86a510d30566c452d2257fbd05c3a648d5b,2026-07-21 08:07:47,2026-06-06 14:01:41,royal,glory,19,21,Final,2026-05-16 18:00:00
2026-05-16-BOS-MTL,tlalondel,12.82,76.74,ycohonner,20.47,79.95,0,0,0,"jbernat,ycohonner,adub,cguay,rlalondel,wstpierre,tlalondel",True,2026-05-16-BOS-MTL,14,17,4,7,362,2,1,False,False,473,home,333,1778975484.0,18,False,"bsadok,tedmonds,pboerth,rdinger,ndick,tdecraene,tchan",334,696,9ec7c41dfada2eecd3bcba93a0ce5175fe05792d751c17aa0c90a8f1803dbeef,1778975484.0,False,473,328.4,8.29617984375942,7.65,3.21000000000001,-67.2366966824642,fdb328974c5fa138f53543e6f436889e366014577f8e68cb094ca3f345736237,0.984396755173833,0.0156032448261673,0.841822468470057,0.842697740621275,0.84184552961944,0.670653403397017,328.4,-3,0.174,-0.000852211001835634,-0.00538768681994707,696,7f7156512e8c20642adf62b709ecdae13b321057,2026-07-21 08:07:47,2026-06-06 14:01:41,royal,glory,19,21,Final,2026-05-16 18:00:00
2026-05-16-BOS-MTL,ycohonner,20.47,79.95,tlalondel,21.49,105.14,0,0,0,"jbernat,ycohonner,adub,cguay,rlalondel,wstpierre,tlalondel",True,2026-05-16-BOS-MTL,15,17,4,7,362,2,2,False,False,474,home,334,1778975501.0,19,False,"bsadok,tedmonds,pboerth,rdinger,ndick,tdecraene,tchan",335,698,52a17f4dbdd1406ec136636bc2a984f976ef37e6e09283c1af85d1471ad829b7,1778975501.0,False,474,324.2,25.2106425939523,1.02,25.19,-2.3187687854751,99d36d4497ec026a5e474f26f77582008a3d6e1a188754fd156ef28814362533,0.896326994621296,0.103673005378704,0.841822468470057,0.841822468470057,1.0,0.602986052351195,324.2,-3,0.191,0.158177531529943,1.0,698,c14af2838f783216ea4a40281d3ce6915a703a98,2026-07-21 08:07:47,2026-06-06 14:01:41,royal,glory,19,21,Final,2026-05-16 18:00:00
2026-05-16-BOS-MTL,rdinger,0.0,40.0,tdecraene,-17.97,46.0,0,0,0,"bsadok,tedmonds,pboerth,rdinger,ndick,tdecraene,tchan",False,2026-05-16-BOS-MTL,15,17,4,8,320,1,1,True,True,475,away,364,1778975566.0,18,False,"mbrichet,jgiard,phooley,ngagnon,arousseau,rsalvas,cguay",365,702,59a87b344e8ea3f023382b9f9563e864348301916a273f4ce240cbedf4ecee7f,1778975566.0,False,475,320.0,18.9452078373398,-17.97,6.0,71.5363602533303,a9279e9924ba58bee4adda84cd03fe70f5974b3741e8c34eb1c5d5db7c1c06d3,0.976596887450811,0.0234031125491891,0.69774106995095,0.698172615472675,0.703405181311658,0.821789950467907,320.0,-2,0.182,0.00523256583898279,0.0173115343130926,702,149e098c7c54c851e20e132292001c1a2fe92b66,2026-07-21 08:07:47,2026-06-06 14:01:41,royal,glory,19,21,Final,2026-05-16 18:00:00
2026-05-16-BOS-MTL,tdecraene,-17.97,46.0,rdinger,-1.39,39.93,0,0,0,"bsadok,tedmonds,pboerth,rdinger,ndick,tdecraene,tchan",False,2026-05-16-BOS-MTL,15,17,4,8,320,1,2,True,True,476,away,365,1778975568.0,18,False,"mbrichet,jgiard,phooley,ngagnon,arousseau,rsalvas,cguay",366,703,bc308ed97c48d7b24fcb03bb947e90a129ab9e1db6368791b616b2f7d2b0cc33,1778975568.0,False,476,311.9,17.6561972123105,16.58,-6.07,-110.107867288527,03623d7ddac79831cbdcc6d8d8b1b0d0b3a8488f42541442129e82ddb7c09dad,0.975667749486725,0.024332250513275,0.69774106995095,0.703336152255552,0.697819263403589,0.860147832416236,311.9,-2,0.182,-0.00551688885196222,-0.0182521947360395,703,8ca88c75450e990add8aca53d502dc64f79c0328,2026-07-21 08:07:47,2026-06-06 14:01:41,royal,glory,19,21,Final,2026-05-16 18:00:00
2026-05-16-BOS-MTL,rdinger,-1.39,39.93,tdecraene,2.8,44.38,0,0,0,"bsadok,tedmonds,pboerth,rdinger,ndick,tdecraene,tchan",False,2026-05-16-BOS-MTL,15,17,4,8,320,1,3,True,True,477,away,366,1778975571.0,18,False,"mbrichet,jgiard,phooley,ngagnon,arousseau,rsalvas,cguay",367,704,128244736c5fef032be78279c9accf72c736303c5953e4ede4304341ab096020,1778975571.0,False,477,303.8,6.11216819140312,4.19,4.45,-43.2763416186549,6fa8ab71c8509d3129186c339628426f2aa92ba77a7c7d6dbfa27d3af11d35ef,0.990068687860107,0.00993131213989307,0.69774106995095,0.69774106995095,0.71325950530099,0.841352635673951,303.8,-2,0.18,0.0155184353500403,0.0513415280981837,704,5e3f6136eda1caf856b60f904bd0d493dd0ad21b,2026-07-21 08:07:47,2026-06-06 14:01:41,royal,glory,19,21,Final,2026-05-16 18:00:00
2026-05-16-BOS-MTL,tdecraene,2.8,44.38,ndick,2.8,44.38,1,1,0,"bsadok,tedmonds,pboerth,rdinger,ndick,tdecraene,tchan",False,2026-05-16-BOS-MTL,15,17,4,8,320,1,4,True,True,478,away,367,1778975573.0,20,False,"mbrichet,jgiard,phooley,ngagnon,arousseau,rsalvas,cguay",368,705,177cde677046ffe3085dc5003161e893655d90edeaadd794652a195f1ecbcea1,1778975573.0,False,478,295.7,0.0,0.0,0.0,-90.0,6526ad57233fba588b0f82b0a15d49e51508d2409e60b74946e1022c19c4c297,0.5,1.0,0.69774106995095,0.713167713166025,0.713167713166025,0.841292724923136,295.7,-2,0.289,-0.841292724923136,-0.841292724923136,705,5ce5831e830b75319b8e3f7ca29000f45cf66f58,2026-07-21 08:07:47,2026-06-06 14:01:41,royal,glory,19,21,Final,2026-05-16 18:00:00
2026-05-16-BOS-MTL,cguay,-10.86,74.56,phooley,0.43,69.02,0,0,0,"mbrichet,jgiard,phooley,ngagnon,arousseau,rsalvas,cguay",True,2026-05-16-BOS-MTL,15,17,4,8,320,2,1,False,False,479,home,338,1778975589.0,18,False,"bsadok,tedmonds,pboerth,rdinger,ndick,tdecraene,tchan",339,707,079ba438b5946d1d5c8e582918d9f84ee1d01150c752019cc4941fa9a4848254,1778975589.0,False,479,287.6,12.5759969783711,11.29,-5.54000000000001,-116.137174575923,88e0cb2124375d32f01474c85f2f6007213c8eb90a0d84478d8c723384cf0b3f,0.978403436263742,0.0215965637362575,0.800789681624559,0.834937086538411,0.81300626799266,0.737950026060507,287.6,-2,0.282,-0.021930818545751,-0.110088768115009,707,728696a0edd1ba5af0bf3d16b8e08cc65919e08e,2026-07-21 08:07:47,2026-06-06 14:01:41,royal,glory,19,21,Final,2026-05-16 18:00:00
2026-05-16-BOS-MTL,phooley,0.43,69.02,ngagnon,8.88,66.55,0,0,0,"mbrichet,jgiard,phooley,ngagnon,arousseau,rsalvas,cguay",True,2026-05-16-BOS-MTL,15,17,4,8,320,2,2,False,False,480,home,339,1778975594.0,18,False,"bsadok,tedmonds,pboerth,rdinger,ndick,tdecraene,tchan",340,708,e19a94e07195cce4e14e33e9821f2b475d93130bfeb30df9e3a5f2904429430f,1778975594.0,False,480,279.5,8.80360153573525,8.45,-2.47,-106.294047456599,766cc87e51a20abe7679267ffae2c41d74fd64f16637ba06b1c501acc3877157,0.984926442317434,0.0150735576825657,0.800789681624559,0.812896955416289,0.800934967544173,0.746154269452018,279.5,-2,0.279,-0.0119619878721159,-0.060047029539764,708,6f76955b26c9162804eb99df4641f174c24a1dcb,2026-07-21 08:07:47,2026-06-06 14:01:41,royal,glory,19,21,Final,2026-05-16 18:00:00
2026-05-16-BOS-MTL,ngagnon,8.88,66.55,arousseau,-4.52,74.85,0,0,0,"mbrichet,jgiard,phooley,ngagnon,arousseau,rsalvas,cguay",True,2026-05-16-BOS-MTL,15,17,4,8,320,2,3,False,False,481,home,340,1778975597.0,18,False,"bsadok,tedmonds,pboerth,rdinger,ndick,tdecraene,tchan",341,709,f707bdc83b20b4cb8bb4f9d8ea91fed3b727e955eb260826c3937ccd1be9b57c,1778975597.0,False,481,271.4,15.7622967869534,-13.4,8.3,58.2258022737146,5c706866d09f353f9f7b6c1141b5f8eeb4191090166bdff0808365567ad07f37,0.965309206898384,0.0346907931016162,0.800789681624559,0.800789681624559,0.837574038942585,0.715296389920357,271.4,-2,0.286,0.0367843573180262,0.184650863559691,709,59f2fbd6290f15aab1fe7d6c47be623b0f3b8f53,2026-07-21 08:07:47,2026-06-06 14:01:41,royal,glory,19,21,Final,2026-05-16 18:00:00
2026-05-16-BOS-MTL,arousseau,-4.52,74.85,ngagnon,10.71,75.87,0,0,0,"mbrichet,jgiard,phooley,ngagnon,arousseau,rsalvas,cguay",True,2026-05-16-BOS-MTL,15,17,4,8,320,2,4,False,False,482,home,341,1778975600.0,18,False,"bsadok,tedmonds,pboerth,rdinger,ndick,tdecraene,tchan",342,710,1c480b9bc8dfdc1de31c9d43c8d7805d9bf077df92122f2a22e18da7f55a9149,1778975600.0,False,482,263.3,15.264118055099,15.23,1.02000000000001,-86.1684470446415,c9457fc864e1572d0ee9537e91061e083d03b1ee91eb87a71d22e39e55870466,0.969069311899869,0.0309306881001308,0.800789681624559,0.837418733254902,0.839998499554203,0.709022671834085,263.3,-2,0.286,0.00257976629930046,0.0129499632365353,710,7bd49bc64d90ec58ab9bbd56c66c41fe1d731923,2026-07-21 08:07:47,2026-06-06 14:01:41,royal,glory,19,21,Final,2026-05-16 18:00:00
2026-05-16-BOS-MTL,ngagnon,10.71,75.87,jgiard,7.5,72.37,0,0,0,"mbrichet,jgiard,phooley,ngagnon,arousseau,rsalvas,cguay",True,2026-05-16-BOS-MTL,15,17,4,8,320,2,5,False,False,483,home,342,1778975605.0,18,False,"bsadok,tedmonds,pboerth,rdinger,ndick,tdecraene,tchan",343,711,43466c05bebf3f4e15e7f9753bb83c14cb21fcf374298873022f7348b29c3ef1,1778975605.0,False,483,255.2,4.74911570716065,-3.21,-3.5,137.474730576058,d1a774efa4ae71c02d11893653f04a124c5b2dd15f75a471123057b2569ddfcd,0.987372508402905,0.0126274915970951,0.800789681624559,0.839808990687016,0.826081376672112,0.723336951855837,255.2,-2,0.283,-0.0137276140149039,-0.0689101554922078,711,87d80b9a9c7db50260e27429b4805230ab886e06,2026-07-21 08:07:47,2026-06-06 14:01:41,royal,glory,19,21,Final,2026-05-16 18:00:00
2026-05-16-BOS-MTL,jgiard,7.5,72.37,cguay,13.98,83.3,0,0,0,"mbrichet,jgiard,phooley,ngagnon,arousseau,rsalvas,cguay",True,2026-05-16-BOS-MTL,15,17,4,8,320,2,6,False,False,484,home,343,1778975609.0,18,False,"bsadok,tedmonds,pboerth,rdinger,ndick,tdecraene,tchan",344,712,75fab093b65103e1e1cb4003993d40d2624319c87c18c671dd4571d7fd2c98c3,1778975609.0,False,484,247.1,12.7065062074514,6.48,10.93,-30.6621618819245,0711ce98e4e2f37177745e9a44092922698611507a36ef14ca69d9637eb97ba8,0.970107057662843,0.0298929423371573,0.800789681624559,0.825834757233652,0.868284421234399,0.678660663572298,247.1,-2,0.291,0.0424496640007468,0.213089685047058,712,6e230ffb780f55d2a6650b05503bbff381bdbe9f,2026-07-21 08:07:47,2026-06-06 14:01:41,royal,glory,19,21,Final,2026-05-16 18:00:00
2026-05-16-BOS-MTL,maugersem,13.98,83.3,sruelle,-8.97,114.46,0,0,0,"maugersem,cguay,tlalondel,jgiard,mbrichet,sruelle,adub",True,2026-05-16-BOS-MTL,16,17,4,8,239,2,7,False,True,485,home,345,1778975669.0,19,False,"bsadok,tedmonds,pboerth,rdinger,ndick,tdecraene,tchan",346,715,735426a90b9a3b013ab997d44461be00d8427381b4d2f907901de28bc664dc4e,1778975669.0,False,485,239.0,38.6994586525445,-22.95,31.16,36.3724327080004,7769e87b3cce95bb1b4d7b54012df22ccc2ab439ea0f8d5070eeb69929b69039,0.760662337978894,0.239337662021106,0.800789681624559,0.86804865993253,1.0,0.635498512803986,239.0,-2,0.316,0.13195134006747,0.662372015383204,715,07f00d1bafb82e2d69c945d60604aa7d606e742d,2026-07-21 08:07:47,2026-06-06 14:01:41,royal,glory,19,21,Final,2026-05-16 18:00:00
2026-05-16-BOS-MTL,tdecraene,0.0,40.0,,0.0,40.0,1,0,0,"kdelorenz,tallen1,ldecraene,tdecraene,zsinger,ograff,iengler",False,2026-05-16-BOS-MTL,16,17,4,9,238,1,1,True,True,486,away,370,1778975689.0,22,False,"mbrichet,jgiard,phooley,ngagnon,arousseau,rsalvas,jbernat",371,719,caf6884c00b6701d733e245c2cfa48e605dd8e72c756a7aa167e2223b36b0218,1778975689.0,False,486,238.0,0.0,0.0,0.0,-90.0,daebfd68edeff51148eddeb50806eed4a81bb503427f642d484aadc5db55bc06,0.5,-0.5,0.696071515502786,0.696071515502786,0.696071515502786,0.858708441030339,238.0,-1,0.447,-0.858708441030339,-0.858708441030339,719,9c350aa50188d0a702e29d17e7c247aff188600d,2026-07-21 08:07:47,2026-06-06 14:01:41,royal,glory,19,21,Final,2026-05-16 18:00:00
2026-05-16-BOS-MTL,ycohonner,-5.91,52.57,jbernat,5.1,67.06,0,0,0,"ycohonner,arousseau,jbernat,rsalvas,rlalondel,wstpierre,ngagnon",True,2026-05-16-BOS-MTL,16,17,4,9,217,2,1,False,True,487,home,350,1778975732.0,18,False,"jbabbitt,ghaflin,ograff,itran,bmccann,ldecraene,tallen1",351,722,7453fbee6f0978d0a0d5f9e0643f4d9b6a9afe88ddd2e13f04df389359d43044,1778975732.0,False,487,217.0,18.1983570687027,11.01,14.49,-37.2288180450666,d1b861c7f27cc90fa9f87a5f0bcda451b3eeec075337cf4fea8cd0abcb66ca60,0.958564658371786,0.0414353416282143,0.740654008537414,0.740654008537414,0.801767121724162,0.742268587446387,217.0,-1,0.43,0.0611131131867476,0.235643176291637,722,d73c971c8f74323d11aff91b8dc3d95e94af8212,2026-07-21 08:07:47,2026-06-06 14:01:41,royal,glory,19,21,Final,2026-05-16 18:00:00
2026-05-16-BOS-MTL,jbernat,5.1,67.06,wstpierre,15.59,76.96,0,0,0,"ycohonner,arousseau,jbernat,rsalvas,rlalondel,wstpierre,ngagnon",True,2026-05-16-BOS-MTL,16,17,4,9,217,2,2,False,True,488,home,351,1778975737.0,18,False,"jbabbitt,ghaflin,ograff,itran,bmccann,ldecraene,tallen1",352,723,fc8f8e88579b5a5e8088d3bf92de7d252a47759cc6f1a6fa9e3addbbdadeee9f,1778975737.0,False,488,205.6,14.4239419022679,10.49,9.89999999999999,-46.6574340392861,8a51c5b6c15f3afdbfaa1d5b0f6df822a0f803a570f979bda7f47bfbde14e462,0.971268135801932,0.0287318641980676,0.740654008537414,0.800920713146584,0.836909163060874,0.694183984723267,205.6,-1,0.438,0.0359884499142894,0.138766169900417,723,975075a62cbc60e69dd96d486f5419a30be5f773,2026-07-21 08:07:47,2026-06-06 14:01:41,royal,glory,19,21,Final,2026-05-16 18:00:00
2026-05-16-BOS-MTL,wstpierre,15.59,76.96,rsalvas,15.66,82.2,0,0,0,"ycohonner,arousseau,jbernat,rsalvas,rlalondel,wstpierre,ngagnon",True,2026-05-16-BOS-MTL,16,17,4,9,217,2,3,False,True,489,home,352,1778975739.0,18,False,"jbabbitt,ghaflin,ograff,itran,bmccann,ldecraene,tallen1",353,724,fc5ec48ac391e991a0aab3c9a247f0176ddfc8d0e4e92edeb5a85fb12e124276,1778975739.0,False,489,194.2,5.24046753639407,0.0700000000000003,5.24000000000001,-0.765356109173325,9625cf18a0db32803915a88f58b5d39faafe9c319083f35275c185a0cf6b8f18,0.983961244356749,0.0160387556432513,0.740654008537414,0.836035787335947,0.858954877775445,0.674216218557939,194.2,-1,0.442,0.022919090439498,0.0883726419299771,724,ff64a5a3a81597c088b99088b8397997676a3427,2026-07-21 08:07:47,2026-06-06 14:01:41,royal,glory,19,21,Final,2026-05-16 18:00:00
2026-05-16-BOS-MTL,rsalvas,15.66,82.2,ycohonner,-1.61,84.24,0,0,0,"ycohonner,arousseau,jbernat,rsalvas,rlalondel,wstpierre,ngagnon",True,2026-05-16-BOS-MTL,16,17,4,9,217,2,4,False,True,490,home,353,1778975748.0,18,False,"jbabbitt,ghaflin,ograff,itran,bmccann,ldecraene,tallen1",354,725,9b60a4748aef786dca7ea473c4cad168f70fc30c372ad082cfe0df04f57347eb,1778975748.0,False,490,182.8,17.3900690050385,-17.27,2.03999999999999,83.2632158729285,4c6927065ae644fff837656dc975a80a75be4f9b6e3900753e24f662565ce0b4,0.953903114539591,0.0460968854604094,0.740654008537414,0.858036594863958,0.873070906205586,0.67620641316217,182.8,-1,0.445,0.0150343113416276,0.0579700933754223,725,ed41956aabe398511b2e771a3d1476851e2ba15d,2026-07-21 08:07:47,2026-06-06 14:01:41,royal,glory,19,21,Final,2026-05-16 18:00:00
2026-05-16-BOS-MTL,ycohonner,-1.61,84.24,rlalondel,-16.33,102.96,0,0,0,"ycohonner,arousseau,jbernat,rsalvas,rlalondel,wstpierre,ngagnon",True,2026-05-16-BOS-MTL,17,17,4,9,217,2,5,False,True,491,home,354,1778975762.0,19,False,"jbabbitt,ghaflin,ograff,itran,bmccann,ldecraene,tallen1",355,727,111b0e7fae4e17fc040d0c076a91cd2a9837d4982d86a4d7d414fba54a077d16,1778975762.0,False,491,171.4,23.8142142427585,-14.72,18.72,38.1788476352156,09a02d7d337d83a2e9fce973971239a8a19f56878cc38f774b656a11c63d9968,0.922215249312176,0.0777847506878244,0.740654008537414,0.872073728303568,1.0,0.613955423171327,171.4,-1,0.462,0.127926271696432,0.493264889019452,727,2a315357606e49f06f641f971d97cebe5234c51a,2026-07-21 08:07:47,2026-06-06 14:01:41,royal,glory,19,21,Final,2026-05-16 18:00:00
2026-05-16-BOS-MTL,bsadok,0.09,15.22,rdinger,3.12,24.45,0,0,0,"rdinger,tedmonds,tchan,pboerth,bsadok,ograff,ndick",False,2026-05-16-BOS-MTL,17,17,4,10,160,1,1,True,True,492,away,373,1778975808.0,18,False,"adub,cguay,rlalondel,tlalondel,mbrichet,jgiard,maugersem",374,729,9963e56b71434f9970e6b6fdc062833216c3854e422db09b2bce36368fc51bcb,1778975808.0,False,492,160.0,9.71461785146487,3.03,9.23,-18.1738370520706,57e76bfc6fb7f822fb01b778eb258f1ffdbe4de17af021c846530ca32280cc9c,0.988613440798694,0.0113865592013062,0.614911458752376,0.614911458752376,0.637868241951347,0.913987229964638,160.0,0,0.474,0.0229567831989707,0.0596142983756266,729,449a62e81f8f3160a90faa81b253c61dd25b98ff,2026-07-21 08:07:47,2026-06-06 14:01:41,royal,glory,19,21,Final,2026-05-16 18:00:00
2026-05-16-BOS-MTL,rdinger,3.12,24.45,tedmonds,8.22,37.35,0,0,0,"rdinger,tedmonds,tchan,pboerth,bsadok,ograff,ndick",False,2026-05-16-BOS-MTL,17,17,4,10,160,1,2,True,True,493,away,374,1778975816.0,18,False,"adub,cguay,rlalondel,tlalondel,mbrichet,jgiard,maugersem",375,731,6abd46e762dc264dc7580a4b255575c992eed4dae3ff5220fed27ad0025aa23a,1778975816.0,False,493,151.444444444444,13.8715536260363,5.1,12.9,-21.5713071912546,b93c9f53516dd145b3d7816f85ac2b0b1c7f83637994dcee9edd305563922a30,0.978648678683106,0.0213513213168937,0.614911458752376,0.635195711928746,0.672961480736852,0.862083559114571,151.444444444444,0,0.466,0.0377657688081053,0.0980703520435856,731,d2b47588f96d4e955b54c446197b1e003d7712f8,2026-07-21 08:07:47,2026-06-06 14:01:41,royal,glory,19,21,Final,2026-05-16 18:00:00
2026-05-16-BOS-MTL,tedmonds,8.22,37.35,ograff,0.8,87.03,0,0,0,"rdinger,tedmonds,tchan,pboerth,bsadok,ograff,ndick",False,2026-05-16-BOS-MTL,17,17,4,10,160,1,3,True,True,494,away,375,1778975827.0,18,False,"adub,cguay,rlalondel,tlalondel,mbrichet,jgiard,maugersem",376,733,61abe683237946a0b3f93d3b273040fc306f2e71f2dee84d1db9db970a600a04,1778975827.0,False,494,142.888888888889,50.2310541398446,-7.42,49.68,8.49466881114033,9d5b95798e0525bf2a8194c3ccce547bcd7b04f9f75a62080dd9a09debe6a994,0.68613297552125,0.31386702447875,0.614911458752376,0.669697861233847,0.879395992764863,0.656883902170653,142.888888888889,0,0.414,0.209698131531016,0.544545238483671,733,18d0b65f7b5cef20ffe855dd1af8c7833103151a,2026-07-21 08:07:47,2026-06-06 14:01:41,royal,glory,19,21,Final,2026-05-16 18:00:00
2026-05-16-BOS-MTL,ograff,0.8,97.03,tchan,7.44,92.25,0,0,0,"rdinger,tedmonds,tchan,pboerth,bsadok,ograff,ndick",False,2026-05-16-BOS-MTL,17,17,4,10,160,1,4,True,True,495,away,377,1778975864.0,18,False,"adub,cguay,rlalondel,tlalondel,mbrichet,jgiard,maugersem",378,736,67bef3273b85ae6a9b9859aab63ef18d276cf2b45c6a93cecf716c146b72c3dd,1778975864.0,False,495,134.333333333333,8.18156464253629,6.64,-4.78,-125.749340692035,26a18742d9b1708c6b603dc061e1f8e4dcba320200a3cd0edf13880241b61e89,0.977084376615271,0.0229156233847291,0.614911458752376,0.915672911844084,0.89774737725563,0.635749174032001,134.333333333333,0,0.407,-0.0179255345884546,-0.0465491248593863,736,1be5df6bd4fabe049ef46adf05830ce8d4f25b24,2026-07-21 08:07:47,2026-06-06 14:01:41,royal,glory,19,21,Final,2026-05-16 18:00:00
2026-05-16-BOS-MTL,tchan,7.44,92.25,pboerth,13.51,87.03,0,0,0,"rdinger,tedmonds,tchan,pboerth,bsadok,ograff,ndick",False,2026-05-16-BOS-MTL,17,17,4,10,160,1,5,True,True,496,away,378,1778975872.0,18,False,"adub,cguay,rlalondel,tlalondel,mbrichet,jgiard,maugersem",379,737,2f8c6049e7ed3f756570ed92ae3b545b707dd99064fbecf97a5a0a32fca7a459,1778975872.0,False,496,125.777777777778,8.00582912633039,6.07,-5.22,-130.694445809939,8c643aa7b7cc98fc37f229c181176e12d59bc38132d307f67deff6bf873bbd24,0.97975788497443,0.0202421150255705,0.614911458752376,0.895569587227569,0.871160257740268,0.640819322603031,125.777777777778,0,0.414,-0.0244093294873008,-0.0633862784081254,737,258e3d3cd2b10e2b3a26eebe77bb9a82cb2f9305,2026-07-21 08:07:47,2026-06-06 14:01:41,royal,glory,19,21,Final,2026-05-16 18:00:00
2026-05-16-BOS-MTL,pboerth,13.51,87.03,tchan,18.21,91.35,0,0,0,"rdinger,tedmonds,tchan,pboerth,bsadok,ograff,ndick",False,2026-05-16-BOS-MTL,17,17,4,10,160,1,6,True,True,497,away,379,1778975888.0,18,False,"adub,cguay,rlalondel,tlalondel,mbrichet,jgiard,maugersem",380,739,feb38e4fb41d6f7ab9755e93a6a73685e3b4eaaf8820a05a2157824a5e14239e,1778975888.0,False,497,117.222222222222,6.38376064714209,4.7,4.31999999999999,-47.4123646591134,92694e269d451ab37dc73dfc2af3aae7327e0c20891efa08ce604f82779ff7c6,0.983046985098886,0.0169530149011139,0.614911458752376,0.86787292414499,0.880061043854813,0.607936108283055,117.222222222222,0,0.41,0.0121881197098231,0.0316501749710226,739,6c6910b37db737fb51e8bb9a133896325f0c5b5e,2026-07-21 08:07:47,2026-06-06 14:01:41,royal,glory,19,21,Final,2026-05-16 18:00:00
2026-05-16-BOS-MTL,tchan,18.21,100.0,ograff,0.41,93.8,0,0,0,"rdinger,tedmonds,tchan,pboerth,bsadok,ograff,ndick",False,2026-05-16-BOS-MTL,17,17,4,10,160,1,7,True,True,498,away,381,1778975902.0,18,False,"adub,cguay,rlalondel,tlalondel,mbrichet,jgiard,maugersem",382,741,f5111a45f8dbad619738f21f27428607cb45c165dbd8ad54a83f2f20ea119943,1778975902.0,False,498,108.666666666667,18.8488726453335,-17.8,-6.2,109.2039735055,04f4ce49b4f7104806981236e1a1008bb1bc92065cc26f71646c9f9497aa7126,0.935059338822231,0.0649406611777691,0.614911458752376,0.912081860539207,0.896178630251864,0.611802555211149,108.666666666667,0,0.404,-0.0159032302873438,-0.0412975941476209,741,9ee577c5f9eaba3cfacef2fc47ffd43257ae50a2,2026-07-21 08:07:47,2026-06-06 14:01:41,royal,glory,19,21,Final,2026-05-16 18:00:00
2026-05-16-BOS-MTL,ograff,0.41,93.8,tchan,6.02,95.54,0,0,0,"rdinger,tedmonds,tchan,pboerth,bsadok,ograff,ndick",False,2026-05-16-BOS-MTL,17,17,4,10,160,1,8,True,True,499,away,382,1778975909.0,18,False,"adub,cguay,rlalondel,tlalondel,mbrichet,jgiard,maugersem",383,742,1440ccf1ddfa895f3bdb754cd23c24f61e75994ea6ef91bcfefedee36b8df816,1778975909.0,False,499,100.111111111111,5.87364452448393,5.61,1.74000000000001,-72.7681782426029,2bf2f83ed527f03dbcdf1eddd2c40e171d37b9e08768623eceeccea4488a7fd4,0.980285558182314,0.0197144418176862,0.614911458752376,0.892190670237132,0.898966568241488,0.596034513130649,100.111111111111,0,0.402,0.00677589800435596,0.0175956884679122,742,a24b9b177512547e9fce19eac0d3abe9e9e41be0,2026-07-21 08:07:47,2026-06-06 14:01:41,royal,glory,19,21,Final,2026-05-16 18:00:00
2026-05-16-BOS-MTL,tchan,0.0,100.0,pboerth,10.41,104.7,0,0,0,"rdinger,tedmonds,tchan,pboerth,bsadok,ograff,ndick",False,2026-05-16-BOS-MTL,17,18,4,10,160,1,9,True,True,500,away,384,1778975937.0,19,False,"adub,cguay,rlalondel,tlalondel,mbrichet,jgiard,maugersem",385,745,6a00d7f5fb0dbf091b1e566361b49e5d28f96a356331d7c48a338e410ae7d304,1778975937.0,False,500,91.5555555555556,11.4218255983884,10.41,4.7,-65.7013497615592,ccb81d1fd0147113e3103003f450eafae367863696a0188fb32be80e436101f8,0.961674231978438,0.0383257680215618,0.614911458752376,0.912294992423085,1.0,0.569615203208062,91.5555555555556,0,0.391,0.0877050075769147,0.227752836510702,745,f43f11bd8fa0090905b6cec51373b212a5c4a7d7,2026-07-21 08:07:47,2026-06-06 14:01:41,royal,glory,19,21,Final,2026-05-16 18:00:00
2026-05-16-BOS-MTL,jbrissett,8.23,9.32,eforget,-1.24,17.11,0,0,0,"maugersem,jbrissett,jduquette,eforget,kquinlan,sruelle,ctremblay",True,2026-05-16-BOS-MTL,17,18,4,11,83,1,1,True,True,501,home,361,1778975998.0,18,False,"jbabbitt,ghaflin,ograff,itran,bmccann,ldecraene,tallen1",362,747,d13af1958638cd8009096393c29c48c4099de9341c1075c120771bd94bdaea7b,1778975998.0,False,501,83.0,12.2623407227168,-9.47,7.79,50.5593652434655,109e3974fb97cd1618266b2790bbfd58ab6aa6da68b75439fc48282b8b8ca160,0.987286468448665,0.0127135315513354,0.486256332060921,0.530801676260668,0.550713592447396,0.907509547995406,83.0,-1,0.369,0.0199119161867281,0.0387584654164326,747,70c42f242fccda35f79e1b48a61e57dcfb7e4157,2026-07-21 08:07:47,2026-06-06 14:01:41,royal,glory,19,21,Final,2026-05-16 18:00:00
2026-05-16-BOS-MTL,eforget,-1.24,17.11,jbrissett,-2.41,9.97,0,0,0,"maugersem,jbrissett,jduquette,eforget,kquinlan,sruelle,ctremblay",True,2026-05-16-BOS-MTL,17,18,4,11,83,1,2,True,True,502,home,362,1778976004.0,18,False,"jbabbitt,ghaflin,ograff,itran,bmccann,ldecraene,tallen1",363,749,5243b531c6efcfcd9fb9f97b753da448f0c02def657f5dabb24b520de04a53f4,1778976004.0,False,502,76.8888888888889,7.23522632679863,-1.17,-7.14,170.693903115826,c54f2c5c06afbb869a384bd5186ea5aa1cf7f8c3dffe50a1d6f8fb6f11ac24d9,0.994545834552779,0.00545416544722066,0.486256332060921,0.539001255624428,0.521991842670939,0.90343975873016,76.8888888888889,-1,0.365,-0.0170094129534887,-0.0331087544528251,749,37e0bc4ff72480c9e51b89cf628662d4e02a7319,2026-07-21 08:07:47,2026-06-06 14:01:41,royal,glory,19,21,Final,2026-05-16 18:00:00
2026-05-16-BOS-MTL,jbrissett,-2.41,9.97,eforget,7.35,11.94,0,0,0,"maugersem,jbrissett,jduquette,eforget,kquinlan,sruelle,ctremblay",True,2026-05-16-BOS-MTL,17,18,4,11,83,1,3,True,True,503,home,363,1778976008.0,18,False,"jbabbitt,ghaflin,ograff,itran,bmccann,ldecraene,tallen1",364,751,8448b052ebcb8a40307fa9ae1516d20e76451ad5d6b9b14222a20c10ab816bdb,1778976008.0,False,503,70.7777777777778,9.95683182543524,9.76,1.97,-78.5884993803291,768a235a1de0319b16a3a6a6adee0e9a859bcc10669d5dc763404a1def993e41,0.991344605767814,0.00865539423218564,0.486256332060921,0.508956794852242,0.512337617069547,0.898405776623654,70.7777777777778,-1,0.363,0.00338082221730485,0.0065807569577787,751,9f6e59c2060c0cef9e0682e9d32d154295107d36,2026-07-21 08:07:47,2026-06-06 14:01:41,royal,glory,19,21,Final,2026-05-16 18:00:00
2026-05-16-BOS-MTL,eforget,7.35,11.94,kquinlan,-2.56,22.42,0,0,0,"maugersem,jbrissett,jduquette,eforget,kquinlan,sruelle,ctremblay",True,2026-05-16-BOS-MTL,17,18,4,11,83,1,4,True,True,504,home,364,1778976014.0,18,False,"jbabbitt,ghaflin,ograff,itran,bmccann,ldecraene,tallen1",365,752,2f144839b109c8fef85eca0fee49f35ff04c802f2604ffdaee12ce880560e697,1778976014.0,False,504,64.6666666666667,14.4235397874447,-9.91,10.48,43.3987204014631,4c001f1b2ee79e6638544c8983d8cb3050ee9fa8efb15f29d10d327509954e9d,0.98281581966714,0.01718418033286,0.486256332060921,0.497983694941442,0.525716199405729,0.882314377275153,64.6666666666667,-1,0.363,0.0277325044642865,0.0539812092975034,752,58e795c850e1fc45745e37efffa465c4fbb48974,2026-07-21 08:07:47,2026-06-06 14:01:41,royal,glory,19,21,Final,2026-05-16 18:00:00
2026-05-16-BOS-MTL,kquinlan,-2.56,22.42,eforget,16.17,25.48,0,0,0,"maugersem,jbrissett,jduquette,eforget,kquinlan,sruelle,ctremblay",True,2026-05-16-BOS-MTL,17,18,4,11,83,1,5,True,True,505,home,365,1778976018.0,18,False,"jbabbitt,ghaflin,ograff,itran,bmccann,ldecraene,tallen1",366,753,8cbd59e132e752e952215555cd0fd5ed32ce4457910df7620bae15d9cb4b0e06,1778976018.0,False,505,58.5555555555556,18.9783165744489,18.73,3.06,-80.7213174820942,1e1d90ecda9ac54d5eca9e6e20fd163266e952420c9653b3c3b85cf1fcd8dff6,0.980600904729646,0.0193990952703543,0.486256332060921,0.510005190793125,0.503428942746977,0.853593824692107,58.5555555555556,-1,0.36,-0.00657624804614743,-0.0128006405850772,753,87b643a71ee999baee8064cafc30b98a88990bc0,2026-07-21 08:07:47,2026-06-06 14:01:41,royal,glory,19,21,Final,2026-05-16 18:00:00
2026-05-16-BOS-MTL,eforget,16.17,25.48,ctremblay,13.77,35.75,0,0,0,"maugersem,jbrissett,jduquette,eforget,kquinlan,sruelle,ctremblay",True,2026-05-16-BOS-MTL,17,18,4,11,83,1,6,True,True,506,home,366,1778976026.0,18,False,"jbabbitt,ghaflin,ograff,itran,bmccann,ldecraene,tallen1",367,754,866161a22a55bd122fcf4aa3b70568babfbd45abcffa91924bb793333c46bd1a,1778976026.0,False,506,52.4444444444444,10.5467009059705,-2.4,10.27,13.1534206920708,4334324dc3041e66f4a8d309a8c2e6c5cd8e5c16f1b6217d209a67ccdcb458c0,0.982655265403239,0.0173447345967612,0.486256332060921,0.486256332060921,0.527150119059562,0.786938760100343,52.4444444444444,-1,0.362,0.0408937869986413,0.079599593242073,754,2d617b32a652c346854801756df42a11cd1db038,2026-07-21 08:07:47,2026-06-06 14:01:41,royal,glory,19,21,Final,2026-05-16 18:00:00
2026-05-16-BOS-MTL,ctremblay,13.77,55.75,eforget,11.58,47.62,0,0,0,"maugersem,jbrissett,jduquette,eforget,kquinlan,sruelle,ctremblay",True,2026-05-16-BOS-MTL,17,18,4,11,83,1,7,True,True,507,home,369,1778976054.0,18,False,"jbabbitt,ghaflin,ograff,itran,bmccann,ldecraene,tallen1",370,758,51f2e7da380a2949fd0343b0250f6b5e0fb2de6f776c150c088b1ac880d5e189,1778976054.0,False,507,46.3333333333333,8.41979809734177,-2.19,-8.13,164.923930025081,95d1c2fa70c53a7dac1016104df8b19b9c8bad9d85c9a0ec6b70f2de00f409a9,0.988206625576371,0.0117933744236288,0.486256332060921,0.598402336963672,0.56182454463682,0.700402601326003,46.3333333333333,-1,0.364,-0.0365777923268515,-0.0711985268326247,758,c8cc5a802ef5d1c17785a3291597638403c65b50,2026-07-21 08:07:47,2026-06-06 14:01:41,royal,glory,19,21,Final,2026-05-16 18:00:00
2026-05-16-BOS-MTL,eforget,11.58,47.62,,-5.18,49.87,1,0,0,"maugersem,jbrissett,jduquette,eforget,kquinlan,sruelle,ctremblay",True,2026-05-16-BOS-MTL,17,18,4,11,83,1,8,True,True,508,home,370,1778976063.0,22,False,"jbabbitt,ghaflin,ograff,itran,bmccann,ldecraene,tallen1",371,759,cc2f86124646fcc9bada3c8aa798f3d7c25abecc42475fcdb4531ab2f1c8181c,1778976063.0,False,508,40.2222222222222,16.9103548159109,-16.76,2.25,82.3538598524343,45256597b5eba96874a68e1fa26939a3f5d2bbdc98370f97f6624a6efb16af5d,0.972741668524855,-0.972741668524855,0.486256332060921,0.541777911244825,0.556774166109179,0.671804934371595,40.2222222222222,-1,0.284,-0.671804934371595,-0.671804934371595,759,e98e879f92c2d5e46608ae2ea8d01f87ac112add,2026-07-21 08:07:47,2026-06-06 14:01:41,royal,glory,19,21,Final,2026-05-16 18:00:00
2026-05-16-BOS-MTL,tallen1,-0.42,68.9,itran,-3.26,81.29,0,0,0,"jbabbitt,ghaflin,ograff,itran,bmccann,ldecraene,tallen1",False,2026-05-16-BOS-MTL,17,18,4,11,83,2,1,False,False,509,away,389,1778976093.0,18,False,"maugersem,jbrissett,jduquette,eforget,kquinlan,sruelle,ctremblay",390,761,cc4780a69fc00b6329622ae8524274f111168da5beee289d9530620ce90d7a98,1778976093.0,False,509,34.1111111111111,12.7113217251394,-2.84,12.39,12.9101546508557,d9ca42be7568f885c53240cb9d9e863a258e0d1f03a1eea0bd0e895f88fd70c9,0.971109607927911,0.0288903920720891,0.520831161071788,0.644673876871568,0.728307328892045,0.48626252949852,34.1111111111111,-1,0.273,0.0836334520204767,0.174538586873773,761,aff871d03ba4c238cfe2f851bc0c154380f7a7f6,2026-07-21 08:07:47,2026-06-06 14:01:41,royal,glory,19,21,Final,2026-05-16 18:00:00
2026-05-16-BOS-MTL,rdinger,-3.26,81.29,tdecraene,-3.26,76.64,0,0,0,"bsadok,tedmonds,pboerth,rdinger,ndick,jbabbitt,tdecraene",False,2026-05-16-BOS-MTL,17,18,4,11,28,2,2,False,True,510,away,391,,18,False,"ctremblay,ycohonner,maugersem,mbrichet,cguay,rlalondel,tlalondel",392,764,aaed845dbac72129571735e7c10a2d0094280f9b14cd3e3ea05176c2f2fd45a4,1778976229.33333,True,510,28.0,4.65000000000001,0.0,-4.65000000000001,-180.0,2450c20471ce4a06e8a5d38503cefda23f99139a0878ea5bb7c06360236dc856,0.987992082251163,0.0120079177488366,0.520831161071788,0.709206908882821,0.675855127389786,0.481801130640862,28.0,-1,0.093,-0.0333517814930355,-0.0696034023573728,764,ead9f18caa38f21f723d1fe35bdb5b8181190a26,2026-07-21 08:07:47,2026-06-06 14:01:41,royal,glory,19,21,Final,2026-05-16 18:00:00
2026-05-16-BOS-MTL,tdecraene,-3.26,76.64,rdinger,-1.84,77.09,0,0,0,"bsadok,tedmonds,pboerth,rdinger,ndick,jbabbitt,tdecraene",False,2026-05-16-BOS-MTL,17,18,4,11,28,2,3,False,True,511,away,392,,18,False,"ctremblay,ycohonner,maugersem,mbrichet,cguay,rlalondel,tlalondel",393,765,e20ef0c34f8830247a1b5864572d2d007118c4e8583f146ba10cfa483374000e,1778976239.66667,True,511,23.3333333333333,1.48959726100715,1.42,0.450000000000003,-72.4165181222334,7355e72c1612215e907952a421110b64191ebf2d5efe16cfafd360e336eef2e5,0.5,0.5,0.520831161071788,0.658771562791327,0.662195549594658,0.460843017265397,23.3333333333333,-1,0.093,0.003423986803331,0.00714567919522825,765,972c510551d9d169e975efd9df7f0da61aafa51a,2026-07-21 08:07:47,2026-06-06 14:01:41,royal,glory,19,21,Final,2026-05-16 18:00:00
2026-05-16-BOS-MTL,rdinger,-1.84,77.09,tdecraene,-1.33,71.61,0,0,0,"bsadok,tedmonds,pboerth,rdinger,ndick,jbabbitt,tdecraene",False,2026-05-16-BOS-MTL,17,18,4,11,28,2,4,False,True,512,away,393,,18,False,"ctremblay,ycohonner,maugersem,mbrichet,cguay,rlalondel,tlalondel",394,766,f52bc23259ab90048993cef66e7fecdbca8d2be40b30551a2db3100ede969ae3,1778976250.0,True,512,18.6666666666667,5.50368058666199,0.51,-5.48,-174.683043703184,1020120f9ea4a2d72e2494350c5735597d7ed4db8f5530831ad1bf64a1a9aca6,0.988467510022917,0.0115324899770829,0.520831161071788,0.643789769260376,0.603801296461703,0.465350623211626,18.6666666666667,-1,0.093,-0.0399884727986733,-0.0834538257707203,766,befb5dd2742e670ffb8b377f07c11f85c8b09481,2026-07-21 08:07:47,2026-06-06 14:01:41,royal,glory,19,21,Final,2026-05-16 18:00:00
2026-05-16-BOS-MTL,tdecraene,-1.33,71.61,rdinger,-2.17,65.87,0,0,0,"bsadok,tedmonds,pboerth,rdinger,ndick,jbabbitt,tdecraene",False,2026-05-16-BOS-MTL,17,18,4,11,28,2,5,False,True,513,away,394,,18,False,"ctremblay,ycohonner,maugersem,mbrichet,cguay,rlalondel,tlalondel",395,768,18cc9c2bd301bb6be1429ce156a663f949ab69dcf4e7199f69c793e8e814f1b1,1778976260.33333,True,513,14.0,5.80113781942818,-0.84,-5.73999999999999,171.674349669573,d2ee340e4b29af1b0bf00b81de018779d10ce13851e7b434c3934ea71110b664,0.98928082719819,0.0107191728018103,0.520831161071788,0.583142434790244,0.543275433755683,0.472933984456774,14.0,-1,0.096,-0.0398670010345603,-0.0832003206296415,768,02c6b95026867f070ad90f4f2de4e21d4e91423e,2026-07-21 08:07:47,2026-06-06 14:01:41,royal,glory,19,21,Final,2026-05-16 18:00:00
2026-05-16-BOS-MTL,rdinger,-2.17,65.87,,-2.17,65.87,1,0,0,"bsadok,tedmonds,pboerth,rdinger,ndick,jbabbitt,tdecraene",False,2026-05-16-BOS-MTL,17,18,4,11,28,2,6,False,True,514,away,395,,22,False,"ctremblay,ycohonner,maugersem,mbrichet,cguay,rlalondel,tlalondel",396,769,717d689a7cde1dee54383d571cf92caaf8da5ab352416fb7a96665af5944bff8,1778976270.66667,True,514,9.33333333333334,0.0,0.0,0.0,-90.0,541c87b091ccbfe9d98269cb91020c5cfb475e545769912ca4ab7ab8b3412641,0.5,-0.5,0.520831161071788,0.520831161071788,0.520831161071788,0.450529131552563,9.33333333333334,-1,0.205,-0.450529131552563,-0.450529131552563,769,e9dcb08335c1dbadf125d6258c1953150398e2f6,2026-07-21 08:07:47,2026-06-06 14:01:41,royal,glory,19,21,Final,2026-05-16 18:00:00
2026-05-16-BOS-MTL,tlalondel,4.15,86.65,maugersem,15.44,103.1,0,0,0,"ctremblay,ycohonner,maugersem,mbrichet,cguay,rlalondel,tlalondel",True,2026-05-16-BOS-MTL,18,18,4,11,28,3,1,True,False,515,home,373,1778976305.0,19,False,"bsadok,tedmonds,pboerth,rdinger,ndick,jbabbitt,tdecraene",374,772,8451f0dad02ac8254822820a29d5d543eb04b7da50fa92d6070b249dcd1ae45b,1778976305.0,False,515,4.66666666666666,19.9516064516118,11.29,16.45,-34.4626733584634,374dc956c5b959525e18c03eb18d4138a836b8f6a94eee47f1f6c84a21776817,0.937370773007785,0.0626292269922153,0.658978885764113,0.658978885764113,1.0,0.295944329429127,4.66666666666666,-1,0.107,0.341021114235887,1.0,772,e876a85853155d4093522bb80b5db044d0c81b74,2026-07-21 08:07:47,2026-06-06 14:01:41,royal,glory,19,21,Final,2026-05-16 18:00:00
2026-05-16-BOS-MTL,jbrissett,3.57,8.59,eforget,-1.32,25.26,0,0,0,"maugersem,jbrissett,jduquette,eforget,kquinlan,sruelle,ctremblay",True,2026-05-16-BOS-MTL,18,18,5,1,300,1,1,True,True,516,home,376,1778976516.0,18,False,"ograff,jbabbitt,jcarreiro,ghaflin,itran,bmccann,ldecraene",377,776,f564ff1c18e36f795b71926478758869e1c50221f0e1c687fdb79fcae20a01fb,1778976516.0,False,516,300.0,17.372420671858,-4.89,16.67,16.3485935131313,c136923428ffeeb182c4b2676833f027e77894d234d83d73bd8210d7de0c3d73,0.975814991384035,0.0241850086159645,0.613499319084433,0.613499319084433,0.653054306326644,0.915675824064441,0.0,0,0.585,0.0395549872422114,0.102341313211948,776,a02765e98fca5f6f1fdf25f84b5e303e63cecb27,2026-07-21 08:07:47,2026-06-06 14:01:41,royal,glory,19,21,Final,2026-05-16 18:00:00
2026-05-16-BOS-MTL,eforget,-1.32,25.26,jduquette,8.59,27.08,0,0,0,"maugersem,jbrissett,jduquette,eforget,kquinlan,sruelle,ctremblay",True,2026-05-16-BOS-MTL,18,18,5,1,300,1,2,True,True,517,home,377,1778976522.0,18,False,"ograff,jbabbitt,jcarreiro,ghaflin,itran,bmccann,ldecraene",378,778,76bc04d49179762a4cfbf4549f100b0b4483a89a843e607444fec0fbc411281d,1778976522.0,False,517,292.4,10.0757381863564,9.91,1.82,-79.5934301059116,acee91895c9d5f8dd5ecfcf77c745c509c03adfd57379d2f8846c18156f405a5,0.988949501162066,0.0110504988379339,0.613499319084433,0.652949120305013,0.656275136669817,0.908863113142578,-7.60000000000002,0,0.585,0.00332601636480445,0.00860546055682379,778,5285f71de979e222684938432282cf6c05b92dbc,2026-07-21 08:07:47,2026-06-06 14:01:41,royal,glory,19,21,Final,2026-05-16 18:00:00
2026-05-16-BOS-MTL,jduquette,8.59,27.08,,10.56,35.16,1,0,0,"maugersem,jbrissett,jduquette,eforget,kquinlan,sruelle,ctremblay",True,2026-05-16-BOS-MTL,18,18,5,1,300,1,3,True,True,518,home,378,1778976530.0,22,False,"ograff,jbabbitt,jcarreiro,ghaflin,itran,bmccann,ldecraene",379,780,c857df5b1f305c6e6433b0d2a58448a1de27471fc1f4a6def9375dd3cb48b19b,1778976530.0,False,518,284.8,8.3166880427247,1.97,8.08,-13.7020636498682,6ee9d5379e8a1db7cf9d92c3d57ebd9b464b4e81834b38bb78e98e3a0e787e7d,0.987255207704844,-0.987255207704844,0.613499319084433,0.656144289107168,0.678739960710077,0.87793676579917,-15.2,0,0.429,-0.87793676579917,-0.87793676579917,780,c310de923eca1d68f8185a806595a60089a6c35e,2026-07-21 08:07:47,2026-06-06 14:01:41,royal,glory,19,21,Final,2026-05-16 18:00:00
2026-05-16-BOS-MTL,bmccann,-16.48,88.38,ograff,-4.23,88.0,0,0,0,"ograff,jbabbitt,jcarreiro,ghaflin,itran,bmccann,ldecraene",False,2026-05-16-BOS-MTL,18,18,5,1,300,2,1,False,False,519,away,401,1778976538.0,18,False,"maugersem,jbrissett,jduquette,eforget,kquinlan,sruelle,ctremblay",402,781,5bab3f98ce8c8b216c9d1f2d96cb734057dd5c8ba049e85cff6b54648b8c3505,1778976538.0,False,519,277.2,12.2558924603637,12.25,-0.379999999999995,-91.7767687048214,4391b008c4241dc8a768db91d77613c0e1ffaeb03026b8a1093832cf3a262798,0.965716612602654,0.0342833873973457,0.887264559244338,0.887264559244338,0.891256183796719,0.67162803111469,-22.8,0,0.424,0.00399162455238078,0.0354070071099652,781,c798fa664205b629e1ffb854535706b5d5251541,2026-07-21 08:07:47,2026-06-06 14:01:41,royal,glory,19,21,Final,2026-05-16 18:00:00
2026-05-16-BOS-MTL,ograff,-4.23,88.0,jbabbitt,-11.71,104.64,0,0,0,"ograff,jbabbitt,jcarreiro,ghaflin,itran,bmccann,ldecraene",False,2026-05-16-BOS-MTL,18,19,5,1,300,2,2,False,False,520,away,402,1778976547.0,19,False,"maugersem,jbrissett,jduquette,eforget,kquinlan,sruelle,ctremblay",403,782,616d08ea61a2794b4a22cec909e73b1055831789b318798c32bf3e6b808a9ab7,1778976547.0,False,520,269.6,18.2439030911699,-7.48,16.64,24.2048338808017,76c5d4a1803fb13f5bec4022054734e9ab2d44014db423a15999bcdc9de6e064,0.936411901719462,0.0635880982805376,0.887264559244338,0.891168358372126,1.0,0.634201365495809,-30.4,0,0.407,0.108831641627874,0.965372032950589,782,68f2ee0a484b45084668497e75dba433a2c4e14d,2026-07-21 08:07:47,2026-06-06 14:01:41,royal,glory,19,21,Final,2026-05-16 18:00:00
2026-05-16-BOS-MTL,eforget,-5.18,16.96,jbrissett,0.58,25.41,0,0,0,"maugersem,jbrissett,jduquette,eforget,kquinlan,ctremblay,wstpierre",True,2026-05-16-BOS-MTL,18,19,5,2,262,1,1,True,True,521,home,381,1778976607.0,18,False,"bmccann,itran,ghaflin,ograff,tallen1,ldecraene,jbabbitt",382,787,436c885ae3463997b600c551c7e3d7cdb62e119cd095c6c7b48fc8cc06b19700,1778976607.0,False,521,262.0,10.2264412187232,5.76,8.45,-34.2805645520219,6b971391bf7625a42f02516aacdbac2bf6eb802affd2c360362784a7fa65e163,0.987868688915208,0.0121313110847922,0.630762294506527,0.630762294506527,0.652644028713416,0.914880051301883,-38.0,-1,0.405,0.0218817342068891,0.0592619168663854,787,34c8f848520d60189cabc8b1328cf035bcf295c2,2026-07-21 08:07:47,2026-06-06 14:01:41,royal,glory,19,21,Final,2026-05-16 18:00:00
2026-05-16-BOS-MTL,jbrissett,0.58,25.41,eforget,0.8,39.68,0,0,0,"maugersem,jbrissett,jduquette,eforget,kquinlan,ctremblay,wstpierre",True,2026-05-16-BOS-MTL,18,19,5,2,262,1,2,True,True,522,home,382,1778976611.0,18,False,"bmccann,itran,ghaflin,ograff,tallen1,ldecraene,jbabbitt",383,788,f55b7c4d56ce51cb625f7f64cd6d44135290aca35bbfa92a82abe37b2628a623,1778976611.0,False,522,256.454545454545,14.2716957646945,0.22,14.27,-0.883256690013468,f60a1b3e007ef86fca0487630d359fa91ec0331254f6243cd242156149f3973e,0.977841093281521,0.0221589067184793,0.630762294506527,0.652425265165994,0.695886638568633,0.860543929283846,-43.5454545454546,-1,0.412,0.0434613734026389,0.11770567511396,788,2e67f384d08163c3df363575ca90da109abcdb20,2026-07-21 08:07:47,2026-06-06 14:01:41,royal,glory,19,21,Final,2026-05-16 18:00:00
2026-05-16-BOS-MTL,eforget,0.8,39.68,jduquette,9.1,36.11,0,0,0,"maugersem,jbrissett,jduquette,eforget,kquinlan,ctremblay,wstpierre",True,2026-05-16-BOS-MTL,18,19,5,2,262,1,3,True,True,523,home,383,1778976616.0,18,False,"bmccann,itran,ghaflin,ograff,tallen1,ldecraene,jbabbitt",384,789,a9872138dadda64dbb8b77980d14f4111aec1e9319d6cd1894e77d20467197d5,1778976616.0,False,523,250.909090909091,9.03520337347201,8.3,-3.57,-113.273530452838,5303c6549c6d89b4251ede981e4f9e93c441378a15b53eaa2ab34b0dea83301a,0.989809219375887,0.0101907806241127,0.630762294506527,0.69565260522659,0.681909754697809,0.874095483293251,-49.0909090909091,-1,0.409,-0.0137428505287814,-0.0372195209869334,789,015a13f7294bcc82c49cb8a7193724ea15744e3c,2026-07-21 08:07:47,2026-06-06 14:01:41,royal,glory,19,21,Final,2026-05-16 18:00:00
2026-05-16-BOS-MTL,jduquette,9.1,36.11,ctremblay,3.93,44.92,0,0,0,"maugersem,jbrissett,jduquette,eforget,kquinlan,ctremblay,wstpierre",True,2026-05-16-BOS-MTL,18,19,5,2,262,1,4,True,True,524,home,384,1778976621.0,18,False,"bmccann,itran,ghaflin,ograff,tallen1,ldecraene,jbabbitt",385,790,a24e193bf5fa1fdede7652c1705e87f05019ec44ac12ef791e3ef1495089e366,1778976621.0,False,524,245.363636363636,10.2149400389821,-5.17,8.81,30.4058233264672,b6bb3cec6d681f081a301ad8d9c69492f1d738c96e1f03faf5da7a21f50b0dd7,0.983593535487751,0.0164064645122491,0.630762294506527,0.681636687000964,0.713591128228931,0.837977475205939,-54.6363636363636,-1,0.414,0.0319544412279671,0.086541652579227,790,89888581f0ca0671a826497bfd185b27a125b6b0,2026-07-21 08:07:47,2026-06-06 14:01:41,royal,glory,19,21,Final,2026-05-16 18:00:00
2026-05-16-BOS-MTL,ctremblay,3.93,44.92,kquinlan,-8.24,47.98,0,0,0,"maugersem,jbrissett,jduquette,eforget,kquinlan,ctremblay,wstpierre",True,2026-05-16-BOS-MTL,18,19,5,2,262,1,5,True,True,525,home,385,1778976624.0,18,False,"bmccann,itran,ghaflin,ograff,tallen1,ldecraene,jbabbitt",386,791,bbf4a42cb18982b7899871849e165f905773ef987fb6f5fbf96f359d8d2f80ae,1778976624.0,False,525,239.818181818182,12.5488047239568,-12.17,3.06,75.886240062826,e43b756e207ad8af584ab7a82cdffbf507b4ca2ea577cf2dccae1426c95f491d,0.98200396610895,0.0179960338910499,0.630762294506527,0.713300042564642,0.723699916434221,0.823834058090903,-60.1818181818182,-1,0.416,0.0103998738695787,0.0281657959489259,791,bb2bfe2bd7073ff75e91701112366c1ee9245057,2026-07-21 08:07:47,2026-06-06 14:01:41,royal,glory,19,21,Final,2026-05-16 18:00:00
2026-05-16-BOS-MTL,kquinlan,-8.24,47.98,eforget,0.8,46.38,0,0,0,"maugersem,jbrissett,jduquette,eforget,kquinlan,ctremblay,wstpierre",True,2026-05-16-BOS-MTL,18,19,5,2,262,1,6,True,True,526,home,386,1778976626.0,18,False,"bmccann,itran,ghaflin,ograff,tallen1,ldecraene,jbabbitt",387,792,f3fe1fde1ee10c7adf563961811e16f76a2207f7707544f5162b35b1c24e1935,1778976626.0,False,526,234.272727272727,9.18050107564941,9.04,-1.59999999999999,-100.036902453963,f3aeba071298496787ed19504a2302caa3dccccb2328dd14cadaf1486e480223,0.987720969740839,0.0122790302591613,0.630762294506527,0.723379625215806,0.718590779599354,0.831469105130377,-65.7272727272727,-1,0.414,-0.00478884561645265,-0.0129695465690659,792,3f29abf3c49b80a835829513fc598fd13a66d7ed,2026-07-21 08:07:47,2026-06-06 14:01:41,royal,glory,19,21,Final,2026-05-16 18:00:00
2026-05-16-BOS-MTL,eforget,0.8,46.38,maugersem,13.91,65.75,0,0,0,"maugersem,jbrissett,jduquette,eforget,kquinlan,ctremblay,wstpierre",True,2026-05-16-BOS-MTL,18,19,5,2,262,1,7,True,True,527,home,387,1778976631.0,18,False,"bmccann,itran,ghaflin,ograff,tallen1,ldecraene,jbabbitt",388,793,7b7137fd5715620d9ec6e7805833915a922c6480630b9dc2c13eeb984e6e412d,1778976631.0,False,527,228.727272727273,23.3895061940179,13.11,19.37,-34.0909208209916,ab3b5d4cda14e477527d8e37b0ea57c8738a8878d0869a452df4d9228929fdd0,0.93895089789931,0.0610491021006897,0.630762294506527,0.718228500143181,0.791137361253371,0.742868961529117,-71.2727272727273,-1,0.429,0.0729088611101898,0.197457789455033,793,d0bcafb81445038ad6f2cb1cd5bd43a396666521,2026-07-21 08:07:47,2026-06-06 14:01:41,royal,glory,19,21,Final,2026-05-16 18:00:00
2026-05-16-BOS-MTL,maugersem,13.91,65.75,jduquette,4.88,62.76,0,0,0,"maugersem,jbrissett,jduquette,eforget,kquinlan,ctremblay,wstpierre",True,2026-05-16-BOS-MTL,18,19,5,2,262,1,8,True,True,528,home,388,1778976634.0,18,False,"bmccann,itran,ghaflin,ograff,tallen1,ldecraene,jbabbitt",389,794,68022cb9157657194388d9b670d7be8085534ec9c7ccbb95a05aca6d5086833c,1778976634.0,False,528,223.181818181818,9.51215012497175,-9.03,-2.99,108.320662180253,93923b998ce52495ee44d36fbec6529dc3a1b16d7ddc0ff65ec13430cfefdf97,0.983188341332598,0.0168116586674022,0.630762294506527,0.790807907126052,0.783632096868389,0.760304820412989,-76.8181818181818,-1,0.427,-0.00717581025766345,-0.0194341210307144,794,3a8423755c7db033e96cd272fc0192cf813371fb,2026-07-21 08:07:47,2026-06-06 14:01:41,royal,glory,19,21,Final,2026-05-16 18:00:00
2026-05-16-BOS-MTL,jduquette,4.88,62.76,eforget,-7.29,66.84,0,0,0,"maugersem,jbrissett,jduquette,eforget,kquinlan,ctremblay,wstpierre",True,2026-05-16-BOS-MTL,18,19,5,2,262,1,9,True,True,529,home,389,1778976637.0,18,False,"bmccann,itran,ghaflin,ograff,tallen1,ldecraene,jbabbitt",390,795,458110185b3150889dce9c37882d23b96df240be9e3aab9a9ff981418248322d,1778976637.0,False,529,217.636363636364,12.8357041100206,-12.17,4.08000000000001,71.4662411108099,238d574ec316c3005be01a68b83cf2028d6e5abbeafed708fe6121630932ac3c,0.976812420240632,0.0231875797593679,0.630762294506527,0.783257714756172,0.80046980708273,0.742708757221747,-82.3636363636364,-1,0.43,0.0172120923265583,0.0466152076845861,795,c1b4998b3702267d3a3d1f4edffa057ab92bbad4,2026-07-21 08:07:47,2026-06-06 14:01:41,royal,glory,19,21,Final,2026-05-16 18:00:00
2026-05-16-BOS-MTL,eforget,-7.29,66.84,wstpierre,-14.72,71.43,0,0,0,"maugersem,jbrissett,jduquette,eforget,kquinlan,ctremblay,wstpierre",True,2026-05-16-BOS-MTL,18,19,5,2,262,1,10,True,True,530,home,390,1778976647.0,18,False,"bmccann,itran,ghaflin,ograff,tallen1,ldecraene,jbabbitt",391,796,6453d224afb37c371ed2ff85c07e796bcc55e85d091ea1c6fe8fab30837e16f5,1778976647.0,False,530,212.090909090909,8.73344147515743,-7.43,4.59,58.2936453329837,439532d923c1af76579f63c018fbf9a914de31bc64351d0cfc9498c9280829ee,0.98289466333223,0.0171053366677699,0.630762294506527,0.8000809437275,0.815092679762531,0.716134393535967,-87.9090909090909,-1,0.433,0.0150117360350314,0.0406560213425894,796,ece9bf3cbe31255fd6397c03f960f6df98e43bb1,2026-07-21 08:07:47,2026-06-06 14:01:41,royal,glory,19,21,Final,2026-05-16 18:00:00
2026-05-16-BOS-MTL,wstpierre,-14.72,71.43,eforget,-8.97,69.39,0,0,0,"maugersem,jbrissett,jduquette,eforget,kquinlan,ctremblay,wstpierre",True,2026-05-16-BOS-MTL,18,19,5,2,262,1,11,True,True,531,home,391,1778976650.0,18,False,"bmccann,itran,ghaflin,ograff,tallen1,ldecraene,jbabbitt",392,797,18fc428fea9bc48d42c27a8b03e5b55333cca2ddf0fec97543fdf8b5b3129044,1778976650.0,False,531,206.545454545455,6.10115562823962,5.75,-2.04000000000001,-109.533799998696,b28c755396a3647ff011f96bd080af8dc1b22d560d0a71156d340dedc8bc5c27,0.985028025408623,0.0149719745913766,0.630762294506527,0.814689723494671,0.810322447672025,0.730846689981514,-93.4545454545454,-1,0.431,-0.00436727582264651,-0.0118278164923861,797,0a12861b66948acab62f59c26e812132fb70b86e,2026-07-21 08:07:47,2026-06-06 14:01:41,royal,glory,19,21,Final,2026-05-16 18:00:00
2026-05-16-BOS-MTL,jbrissett,-8.98,69.39,ctremblay,-16.54,76.52,0,0,0,"maugersem,jbrissett,jduquette,eforget,kquinlan,ctremblay,wstpierre",True,2026-05-16-BOS-MTL,18,19,5,2,201,1,12,True,True,532,home,393,1778976760.0,18,False,"jcarreiro,ograff,jbabbitt,zsinger,itran,ghaflin,sfisherol",394,799,41b70345fca3706dd1c266c372280005fa437a3dfb024bdfe46f5d6cd4a3e1c3,1778976760.0,False,532,201.0,10.3918477663984,-7.56,7.13,46.6766611437186,6f78bbece992b31dea7733ef009d2785a2a050dab6902d4683aba79da6a51695,0.98000216232869,0.01999783767131,0.630762294506527,0.809869260366283,0.834215976772983,0.690854543010027,-99.0,-1,0.437,0.0243467164066999,0.0659377849132754,799,4e2d8247632f18123e12d29fe8495cd0d5e60c6c,2026-07-21 08:07:47,2026-06-06 14:01:41,royal,glory,19,21,Final,2026-05-16 18:00:00
2026-05-16-BOS-MTL,ctremblay,-16.54,86.52,maugersem,-17.2,112.86,0,0,0,"maugersem,jbrissett,jduquette,eforget,kquinlan,ctremblay,wstpierre",True,2026-05-16-BOS-MTL,19,19,5,2,201,1,13,True,True,533,home,395,1778976799.0,19,False,"jcarreiro,ograff,jbabbitt,zsinger,itran,ghaflin,sfisherol",396,801,04526e2453ae7c5664bc939e70bf92ba8e15933a098f6e56cc37eb0ae2dca139,1778976799.0,False,533,186.5,26.3482674952263,-0.66,26.34,1.43535699911266,760071baf93319cc4028fc89f4cb7fa84bc9fdb8382064df0bf55de21705e06c,0.882661192058464,0.117338807941536,0.630762294506527,0.87641941692448,1.0,0.613626799813241,-113.5,-1,0.471,0.12358058307552,0.334691125085286,801,07d7a2d114103dda1c36b9b6d1b93bfb87dc40fd,2026-07-21 08:07:47,2026-06-06 14:01:41,royal,glory,19,21,Final,2026-05-16 18:00:00
2026-05-16-BOS-MTL,bsadok,-3.07,8.12,rdinger,-0.81,22.32,0,0,0,"bsadok,tedmonds,pboerth,rdinger,ndick,tchan,tdecraene",False,2026-05-16-BOS-MTL,19,19,5,3,172,1,1,True,True,534,away,408,1778976844.0,18,False,"mbrichet,rlalondel,tlalondel,jgiard,jbernat,rsalvas,cguay",409,807,d24114c7834bc8723783c1614e9a055564a4b4fa8c607842bdf64b11db44c8f8,1778976844.0,False,534,172.0,14.3787203881291,2.26,14.2,-9.04306032384706,d396982f988c0651fe7fd16c4019dafe53a8753969ebaf58ebf1a4e824889dfb,0.982416953296484,0.0175830467035156,0.602031197974557,0.602031197974557,0.635179244614327,0.922129188135805,-128.0,0,0.476,0.0331480466397693,0.0832930784299271,807,3e4cd207e6d85e99b38180b13defc7273fedf6ae,2026-07-21 08:07:47,2026-06-06 14:01:41,royal,glory,19,21,Final,2026-05-16 18:00:00
2026-05-16-BOS-MTL,rdinger,-0.81,22.32,tdecraene,18.79,42.58,0,0,0,"bsadok,tedmonds,pboerth,rdinger,ndick,tchan,tdecraene",False,2026-05-16-BOS-MTL,19,19,5,3,172,1,2,True,True,535,away,409,1778976856.0,18,False,"mbrichet,rlalondel,tlalondel,jgiard,jbernat,rsalvas,cguay",410,808,48df2a572a8aea886c10c1d611be9a9e22f3f9c1bf69bbff54701dddf0a45d67,1778976856.0,False,535,166.136363636364,28.1891397527487,19.6,20.26,-44.0513858713628,59de3636d71885d808daa3ce1a5ac2cce4ca587cbf1bd76cd05bc8881e5ca440,0.946274960224449,0.0537250397755509,0.602031197974557,0.633913029980799,0.673791837320249,0.829951321091614,-133.863636363636,0,0.468,0.0398788073394498,0.100205863214625,808,51f09b32a65eff4a2c81fe797069848727bcc7d8,2026-07-21 08:07:47,2026-06-06 14:01:41,royal,glory,19,21,Final,2026-05-16 18:00:00
2026-05-16-BOS-MTL,tdecraene,18.79,42.58,rdinger,18.08,51.09,0,0,0,"bsadok,tedmonds,pboerth,rdinger,ndick,tchan,tdecraene",False,2026-05-16-BOS-MTL,19,19,5,3,172,1,3,True,True,536,away,410,1778976857.0,18,False,"mbrichet,rlalondel,tlalondel,jgiard,jbernat,rsalvas,cguay",411,809,387b6f1e0210b0d60659818a2be0de89381a32dfeafa9418bce3df189c949041,1778976857.0,False,536,160.272727272727,8.53956673374007,-0.710000000000001,8.51000000000001,4.76921358407759,c1c75ffcbb765c04eb5899f55bbe836b53ae77541fd492dccb9f91be1b5b07e3,0.985892751342203,0.0141072486577969,0.602031197974557,0.672387586305181,0.708912609454814,0.791104640644161,-139.727272727273,0,0.46,0.0365250231496325,0.0917786091868009,809,37afb8de1e78546141c7272861683d2ea28df978,2026-07-21 08:07:47,2026-06-06 14:01:41,royal,glory,19,21,Final,2026-05-16 18:00:00
2026-05-16-BOS-MTL,rdinger,18.08,51.09,,18.07,51.09,1,0,0,"bsadok,tedmonds,pboerth,rdinger,ndick,tchan,tdecraene",False,2026-05-16-BOS-MTL,19,19,5,3,172,1,4,True,True,537,away,411,1778976861.0,22,False,"mbrichet,rlalondel,tlalondel,jgiard,jbernat,rsalvas,cguay",412,811,e9cfc27326ae4e80eb6d2598f71f8e29343725bcd8cb93c7b9cfb37d3571c943,1778976861.0,False,537,154.409090909091,0.00999999999999801,-0.00999999999999801,0.0,90.0,94ba99c832df356218ba3ecc6a04e00e6f985a665fda584628ece4dcc4916a15,0.5,-0.5,0.602031197974557,0.707353635231546,0.707390322301258,0.789882526203263,-145.590909090909,0,0.598,-0.789882526203263,-0.789882526203263,811,278781a5c2c3d4d16529fa3c16f71f8aeed7c9c6,2026-07-21 08:07:47,2026-06-06 14:01:41,royal,glory,19,21,Final,2026-05-16 18:00:00
2026-05-16-BOS-MTL,tlalondel,-16.62,64.29,jgiard,-5.83,58.32,0,0,0,"mbrichet,rlalondel,tlalondel,jgiard,jbernat,rsalvas,cguay",True,2026-05-16-BOS-MTL,19,19,5,3,172,2,1,False,False,538,home,399,1778976868.0,18,False,"bsadok,tedmonds,pboerth,rdinger,ndick,tchan,tdecraene",400,812,3f3f3a8471fab6b2fa833b457a894f696994129bbd7664c8fa41f8e5ea488cb6,1778976868.0,False,538,148.545454545455,12.3314638222719,10.79,-5.97000000000001,-118.955320396521,d58ef1881ac6ca50fb20a4b3aa692c299c9cbc9addad92e055c0a4a8fa6ef1af,0.97957746516712,0.0204225348328799,0.723642668189988,0.770443399229437,0.753965764927335,0.768617535213896,-151.454545454545,0,0.589,-0.0164776343021019,-0.0596243790391992,812,3d7826bf7138b648e2d465a9fddd95e63d6837d6,2026-07-21 08:07:47,2026-06-06 14:01:41,royal,glory,19,21,Final,2026-05-16 18:00:00
2026-05-16-BOS-MTL,jgiard,-5.83,58.32,cguay,-0.81,52.06,0,0,0,"mbrichet,rlalondel,tlalondel,jgiard,jbernat,rsalvas,cguay",True,2026-05-16-BOS-MTL,19,19,5,3,172,2,2,False,False,539,home,400,1778976870.0,18,False,"bsadok,tedmonds,pboerth,rdinger,ndick,tchan,tdecraene",401,813,88680f22ba7f6c107fee52cbc323cd4d388bb3ac52f24fb9229e1f1bfe904fe0,1778976870.0,False,539,142.681818181818,8.02421335708367,5.02,-6.26,-141.273283509084,e9edae220dd4839190622c994e6fc0913e33bc359cab860759913526bf7a4b29,0.989254499429095,0.0107455005709047,0.723642668189988,0.751997175406744,0.726128232651636,0.795291920906597,-157.318181818182,0,0.583,-0.0258689427551078,-0.0936068624837205,813,c9266c3cb9f457d078aabfa270642ab09a3c4b7c,2026-07-21 08:07:47,2026-06-06 14:01:41,royal,glory,19,21,Final,2026-05-16 18:00:00
2026-05-16-BOS-MTL,cguay,-0.81,52.06,rsalvas,7.21,63.93,0,0,0,"mbrichet,rlalondel,tlalondel,jgiard,jbernat,rsalvas,cguay",True,2026-05-16-BOS-MTL,19,19,5,3,172,2,3,False,False,540,home,401,1778976874.0,18,False,"bsadok,tedmonds,pboerth,rdinger,ndick,tchan,tdecraene",402,814,1145dc6d7cabbb01ba23bd806059a8e51fbbd6aa9d702478dba94e9205ba83fd,1778976874.0,False,540,136.818181818182,14.325407498567,8.02,11.87,-34.0450416762017,114c67f755a230bdb20f76c884e441b44c86932d036e6e664b1059f4d38979d5,0.971771978607666,0.0282280213923345,0.723642668189988,0.723642668189988,0.774261192658818,0.739642543351445,-163.181818181818,0,0.592,0.0506185244688306,0.183163313009656,814,b28c95392c2595de89fc20dbfbae0b105e381c0a,2026-07-21 08:07:47,2026-06-06 14:01:41,royal,glory,19,21,Final,2026-05-16 18:00:00
2026-05-16-BOS-MTL,rsalvas,7.21,63.93,cguay,-3.14,61.6,0,0,0,"mbrichet,rlalondel,tlalondel,jgiard,jbernat,rsalvas,cguay",True,2026-05-16-BOS-MTL,19,19,5,3,172,2,4,False,False,541,home,402,1778976877.0,18,False,"bsadok,tedmonds,pboerth,rdinger,ndick,tchan,tdecraene",403,815,069c4753c4b26f6f231eab9a8a2cf6a51faf11e84c2141bec838ec257b9dcd9b,1778976877.0,False,541,130.954545454545,10.6090244603356,-10.35,-2.33,102.686969667793,526b5aaee9d29b17fbae51e7b7f4d05e59e90a10f72b308103d72f6fcc6451ff,0.983681597475868,0.0163184025241317,0.723642668189988,0.771702180514923,0.761847684557652,0.747674323566077,-169.045454545455,0,0.588,-0.00985449595727173,-0.0356585290961139,815,0f39a45e9c7a7a732a79a88726ecb7abe0b27d87,2026-07-21 08:07:47,2026-06-06 14:01:41,royal,glory,19,21,Final,2026-05-16 18:00:00
2026-05-16-BOS-MTL,cguay,-3.14,61.6,tlalondel,2.04,60.29,0,0,0,"mbrichet,rlalondel,tlalondel,jgiard,jbernat,rsalvas,cguay",True,2026-05-16-BOS-MTL,19,19,5,3,172,2,5,False,False,542,home,403,1778976886.0,18,False,"bsadok,tedmonds,pboerth,rdinger,ndick,tchan,tdecraene",404,817,a05696ca3ce1e644a33818e09ebaa235d4cb1b7faaa143c26c8ecfa7320036ed,1778976886.0,False,542,125.090909090909,5.34307963631462,5.18,-1.31,-104.192291505633,dfd29cef73ce8245ceeb22ec628cb9ead0432ef845feb83890d461bf5434a98d,0.989828288859998,0.0101717111400021,0.723642668189988,0.758760201039134,0.752976157766915,0.750350903770553,-174.909090909091,0,0.586,-0.00578404327221882,-0.020929581402223,817,67ca80e5257bcbd8394fbc8544d29fc91961268a,2026-07-21 08:07:47,2026-06-06 14:01:41,royal,glory,19,21,Final,2026-05-16 18:00:00
2026-05-16-BOS-MTL,tlalondel,2.04,60.29,,-7.07,68.88,1,0,0,"mbrichet,rlalondel,tlalondel,jgiard,jbernat,rsalvas,cguay",True,2026-05-16-BOS-MTL,19,19,5,3,172,2,6,False,False,543,home,404,1778976889.0,22,False,"bsadok,tedmonds,pboerth,rdinger,ndick,tchan,tdecraene",405,818,8855a2e4c2bbbf8e43a5c1d1b20cfb484758447e97731e90e8dc8a100f0f8817,1778976889.0,False,543,119.227272727273,12.5211900392894,-9.11,8.59,46.6827818149247,3f60aae9e05d10fa76693ad10c62c402e8d6e94fe810a2b0f56cbd30d7292c11,0.975612672405496,-0.975612672405496,0.723642668189988,0.749323659641339,0.788469934512102,0.70847598156384,-180.772727272727,0,0.454,-0.70847598156384,-0.70847598156384,818,e29bf50f736ffbd0daf6035dca4e3d265eaf5186,2026-07-21 08:07:47,2026-06-06 14:01:41,royal,glory,19,21,Final,2026-05-16 18:00:00
2026-05-16-BOS-MTL,bsadok,6.35,52.51,pboerth,15.31,61.48,0,0,0,"bsadok,tedmonds,pboerth,rdinger,ndick,tchan,tdecraene",False,2026-05-16-BOS-MTL,19,19,5,3,172,3,1,True,True,544,away,413,1778976896.0,18,False,"mbrichet,rlalondel,tlalondel,jgiard,jbernat,rsalvas,cguay",414,819,42a732153d04e696f4fdf7071fc21ac70f0304833126766b1737c1c27dc93a1b,1778976896.0,False,544,113.363636363636,12.6784265585285,8.96,8.97,-44.968044744243,70c3c4443bbb4b6daf975da4f624c892e9e761a1631768b3964ea39704997824,0.978483319834457,0.0215166801655431,0.680157621712284,0.709940710876656,0.740858164169502,0.728492316071676,-186.636363636364,0,0.446,0.0309174532928462,0.0966646554417321,819,84eaf3caeabc2e0b661906ef6df6a659d6c96bd1,2026-07-21 08:07:47,2026-06-06 14:01:41,royal,glory,19,21,Final,2026-05-16 18:00:00
2026-05-16-BOS-MTL,pboerth,15.31,61.48,bsadok,1.96,48.0,0,0,0,"bsadok,tedmonds,pboerth,rdinger,ndick,tchan,tdecraene",False,2026-05-16-BOS-MTL,19,19,5,3,172,3,2,True,True,545,away,414,1778976898.0,18,False,"mbrichet,rlalondel,tlalondel,jgiard,jbernat,rsalvas,cguay",415,820,40b5e6a4c770ab0d18c6271e1927a9837b9cadf80a10faa007da1b724e48f4fc,1778976898.0,False,545,107.5,18.9718976383492,-13.35,-13.48,135.2776143514,e14577a775eff58c241bb688dec691dd97b3aed4b546777021ec405c8d869db8,0.975315245509849,0.0246847544901513,0.680157621712284,0.735941072489036,0.686384289250105,0.796153317369755,-192.5,0,0.457,-0.0495567832389305,-0.154941266708414,820,15923749e413dd8dbd93e6a09a4bd0fdf4dc133f,2026-07-21 08:07:47,2026-06-06 14:01:41,royal,glory,19,21,Final,2026-05-16 18:00:00
2026-05-16-BOS-MTL,bsadok,1.96,48.0,pboerth,16.21,58.25,0,0,0,"bsadok,tedmonds,pboerth,rdinger,ndick,tchan,tdecraene",False,2026-05-16-BOS-MTL,19,19,5,3,172,3,3,True,True,546,away,415,1778976902.0,18,False,"mbrichet,rlalondel,tlalondel,jgiard,jbernat,rsalvas,cguay",416,821,416253f5f9517d22840080e7a2f4e603a0df89d28604a70bc18da643c2190913,1778976902.0,False,546,101.636363636364,17.553489681542,14.25,10.25,-54.2726017772003,0212a11280da3be25a96b930a8285453a2365e8dd2d3e478509c5d4ba912f2a2,0.97107347720636,0.0289265227936399,0.680157621712284,0.680157621712284,0.712471862817447,0.731176884849685,-198.363636363636,0,0.451,0.0323142411051637,0.101031768454696,821,fcf97f3cf4cabf7faf026d18285c5a5e2e2c9539,2026-07-21 08:07:47,2026-06-06 14:01:41,royal,glory,19,21,Final,2026-05-16 18:00:00
2026-05-16-BOS-MTL,pboerth,16.21,68.25,tedmonds,-2.42,62.25,0,0,0,"bsadok,tedmonds,pboerth,rdinger,ndick,tchan,tdecraene",False,2026-05-16-BOS-MTL,19,19,5,3,172,3,4,True,True,547,away,417,1778976955.0,18,False,"mbrichet,rlalondel,tlalondel,jgiard,jbernat,rsalvas,cguay",418,824,ba55431be1f84ec953a94622471d2b287b802348138e73d8ff4eb30cde8ec3cf,1778976955.0,False,547,95.7727272727273,19.572350395392,-18.63,-6.0,107.851735146835,59af101dff04742c2db157600d3e90a86a8063fa2990d145537d3cabdd590d69,0.963948131206166,0.036051868793834,0.680157621712284,0.755900345627252,0.737677837023431,0.716287614444009,-204.227272727273,0,0.444,-0.0182225086038208,-0.0569734026534427,824,7b59c5761dcf25598bce4d0842219c99a0202ce7,2026-07-21 08:07:47,2026-06-06 14:01:41,royal,glory,19,21,Final,2026-05-16 18:00:00
2026-05-16-BOS-MTL,tedmonds,-2.42,62.25,tchan,12.28,74.12,0,0,0,"bsadok,tedmonds,pboerth,rdinger,ndick,tchan,tdecraene",False,2026-05-16-BOS-MTL,19,19,5,3,172,3,5,True,True,548,away,418,1778976958.0,18,False,"mbrichet,rlalondel,tlalondel,jgiard,jbernat,rsalvas,cguay",419,825,5a45b81c0b21d0d8c281b6a3f40bafefd9654b545368d3243d487a40cddd656e,1778976958.0,False,548,89.9090909090909,18.8940969617497,14.7,11.87,-51.0797151247026,a01f2482086d815069354b78b826af1eec8ae2b0f89fa2fcfb3c380216b9b859,0.955817849716082,0.0441821502839184,0.680157621712284,0.730627366779287,0.786888550250545,0.65169212161513,-210.090909090909,0,0.431,0.0562611834712577,0.175902842432742,825,f33373c869b9d1ae5cb70803c777bf180da0add4,2026-07-21 08:07:47,2026-06-06 14:01:41,royal,glory,19,21,Final,2026-05-16 18:00:00
2026-05-16-BOS-MTL,tchan,12.28,74.12,tdecraene,13.51,82.19,0,0,0,"bsadok,tedmonds,pboerth,rdinger,ndick,tchan,tdecraene",False,2026-05-16-BOS-MTL,19,19,5,3,172,3,6,True,True,549,away,419,,18,False,"mbrichet,rlalondel,tlalondel,jgiard,jbernat,rsalvas,cguay",420,826,d464718a4d00070c210d58ea2b5e59db5191e7824258a8f9ecabc39300217736,1778976971.8,True,549,84.0454545454545,8.16319790278295,1.23,8.06999999999999,-8.66611791743354,05288ab8fea46e4dea9a7352aff0da8f35be1b22e54843fca4923597ec284eda,0.978404969627624,0.0215950303723764,0.680157621712284,0.780076057254709,0.821298954889547,0.608989159324532,-215.954545454545,0,0.421,0.0412228976348377,0.128885039735902,826,0c1bdc8b122fea3a240ad9094efeba0d7a1cd070,2026-07-21 08:07:47,2026-06-06 14:01:41,royal,glory,19,21,Final,2026-05-16 18:00:00
2026-05-16-BOS-MTL,tdecraene,13.51,82.19,bsadok,12.8,89.67,0,0,0,"bsadok,tedmonds,pboerth,rdinger,ndick,tchan,tdecraene",False,2026-05-16-BOS-MTL,19,19,5,3,172,3,7,True,True,550,away,420,,18,False,"mbrichet,rlalondel,tlalondel,jgiard,jbernat,rsalvas,cguay",421,828,feb76bea5ce836351db2bd5867ba034b69d1cdd6a68de3f2b3a0981b72a6d79d,1778976985.6,True,550,78.1818181818182,7.51362096462152,-0.709999999999999,7.48,5.42225765320975,ffb4c108fd53fa9e67284e19067bebe8254b608d79bbce6ceff2131dc49cca6b,0.976509706967285,0.0234902930327152,0.680157621712284,0.814683702353901,0.854388229035459,0.573605525317002,-221.818181818182,0,0.411,0.039704526681558,0.124137792165369,828,d5bd5d0d14b3779c87dd5cbe5e4ed4a736c79dae,2026-07-21 08:07:47,2026-06-06 14:01:41,royal,glory,19,21,Final,2026-05-16 18:00:00
2026-05-16-BOS-MTL,bsadok,12.8,79.67,pboerth,16.73,83.61,0,0,0,"bsadok,tedmonds,pboerth,rdinger,ndick,tchan,tdecraene",False,2026-05-16-BOS-MTL,19,19,5,3,172,3,8,True,True,551,away,422,,18,False,"mbrichet,rlalondel,tlalondel,jgiard,jbernat,rsalvas,cguay",423,831,9a9bc2f211fe9a88fd2f6f0df7a3bca60cf7a0d087a990bce9144db477f0dd56,1778977013.2,True,551,72.3181818181818,5.56493486035551,3.93,3.94,-44.9271972697871,c489264fd910d39d719f0c71935b7e2817b95456fa8775e0319833e85029ff37,0.985033929246888,0.0149660707531122,0.680157621712284,0.794076369106379,0.809337429869816,0.573522373052003,-227.681818181818,0,0.423,0.0152610607634366,0.0477143174245297,831,b21b3f74f10e26ef7a8d41867014a40deb75e1e4,2026-07-21 08:07:47,2026-06-06 14:01:41,royal,glory,19,21,Final,2026-05-16 18:00:00
2026-05-16-BOS-MTL,pboerth,16.73,83.61,bsadok,16.67,87.8,0,0,0,"bsadok,tedmonds,pboerth,rdinger,ndick,tchan,tdecraene",False,2026-05-16-BOS-MTL,19,19,5,3,172,3,9,True,True,552,away,423,,18,False,"mbrichet,rlalondel,tlalondel,jgiard,jbernat,rsalvas,cguay",424,833,60f8ee5efa04fe2c0070e5850ba6335b8f0bede429e1cf27ef5aac6b9c463908,1778977027.0,True,552,66.4545454545455,4.19042957225151,-0.0599999999999987,4.19,0.820408549345103,da21cc5d5982d8016f833312147bca4b1f5618deab8d6a6a5478f9fc593fcc95,0.984717553182679,0.0152824468173209,0.680157621712284,0.800912027178449,0.825030684116297,0.545671804966193,-233.545454545455,0,0.417,0.0241186569378481,0.0754079464609033,833,fe5c1614546162e8e46b8ec3c785e53aff759daf,2026-07-21 08:07:47,2026-06-06 14:01:41,royal,glory,19,21,Final,2026-05-16 18:00:00
2026-05-16-BOS-MTL,bsadok,16.67,77.8,tchan,6.54,75.93,0,0,0,"bsadok,tedmonds,pboerth,rdinger,ndick,tchan,tdecraene",False,2026-05-16-BOS-MTL,19,19,5,3,172,3,10,True,True,553,away,425,,18,False,"mbrichet,rlalondel,tlalondel,jgiard,jbernat,rsalvas,cguay",426,835,7cf773befa16055275195a71d017e60248e08304c3bcd495c60728eb5188c5b3,1778977054.6,True,553,60.5909090909091,10.3011552750165,-10.13,-1.86999999999999,100.45906760929,860bf39c7efc3003afb101ab030a00dd75705261108ce1e00fec30acc1fe9097,0.976507322090762,0.0234926779092381,0.680157621712284,0.75630041532748,0.757220658697762,0.590254636170572,-239.409090909091,0,0.434,0.000920243370282181,0.00287717773738654,835,d543a81ed7dd2b3660cef56be2276f5fa3769484,2026-07-21 08:07:47,2026-06-06 14:01:41,royal,glory,19,21,Final,2026-05-16 18:00:00
2026-05-16-BOS-MTL,tchan,6.54,75.93,tdecraene,15.31,76.96,0,0,0,"bsadok,tedmonds,pboerth,rdinger,ndick,tchan,tdecraene",False,2026-05-16-BOS-MTL,19,19,5,3,172,3,11,True,True,554,away,426,,18,False,"mbrichet,rlalondel,tlalondel,jgiard,jbernat,rsalvas,cguay",427,837,f910e6eaa832771cc8a42d87c9e741f457760f050af755b31880c5d86ed29b4b,1778977068.4,True,554,54.7272727272727,8.83027745883446,8.77,1.02999999999999,-83.301535162887,301df8941ed9c2626bfadd006c1108d388fd0902c44a2e43fc57a6b894db65fc,0.98295424588283,0.0170457541171702,0.680157621712284,0.745274813346017,0.742503036745683,0.56042271894037,-245.272727272727,0,0.436,-0.00277177660033467,-0.00866607050376953,837,52951694d8a4274f2748c3c8363787a9ff401609,2026-07-21 08:07:47,2026-06-06 14:01:41,royal,glory,19,21,Final,2026-05-16 18:00:00
2026-05-16-BOS-MTL,tdecraene,15.31,76.96,tedmonds,-4.87,114.38,0,0,0,"bsadok,tedmonds,pboerth,rdinger,ndick,tchan,tdecraene",False,2026-05-16-BOS-MTL,19,20,5,3,172,3,12,True,True,555,away,427,,19,False,"mbrichet,rlalondel,tlalondel,jgiard,jbernat,rsalvas,cguay",428,839,2c148b5c365067f86fa24398e3adf813a5ae9266e14c15c49ebf1157e598777c,1778977082.2,True,555,48.8636363636364,42.5145716196224,-20.18,37.42,28.3372661666678,964ddaa991b9b9e70f4d4ffae8ba054cde449c0cfbf9b57e429a8f828c655fab,0.729654495858286,0.270345504141714,0.680157621712284,0.729011267548745,1.0,0.475123074984202,-251.136363636364,0,0.382,0.270988732451255,0.847257120529179,839,359e4a1a92dbb3dd296d7ad2616a68b98e5a4602,2026-07-21 08:07:47,2026-06-06 14:01:41,royal,glory,19,21,Final,2026-05-16 18:00:00
2026-05-16-BOS-MTL,jbrissett,-9.19,4.73,eforget,-1.03,15.14,0,0,0,"maugersem,jbrissett,jduquette,eforget,kquinlan,sruelle,ctremblay",True,2026-05-16-BOS-MTL,19,20,5,4,43,1,1,True,True,556,home,410,1778977078.0,18,False,"jbabbitt,jcarreiro,itran,bmccann,tallen1,ldecraene,ograff",411,838,10b0009054366688a0394d8c0d2410ccb6db43d1296e4c8fdfcd8c9e439c626d,1778977078.0,False,556,43.0,13.2270064640492,8.16,10.41,-38.0915371874099,5c5c2e12b40b57b8d73d8e056588003055269fdfd52a56c6c45695227be03470,0.985902637171358,0.0140973628286419,0.36750247601393,0.419719544588779,0.444561752573653,0.867263534837889,-257.0,-1,0.352,0.0248422079848737,0.039276371911016,838,9ccdb1f2a33c7fda2ad8649eac3d85efe8f32488,2026-07-21 08:07:47,2026-06-06 14:01:41,royal,glory,19,21,Final,2026-05-16 18:00:00
2026-05-16-BOS-MTL,eforget,-1.03,15.14,kquinlan,14.49,18.78,0,0,0,"maugersem,jbrissett,jduquette,eforget,kquinlan,sruelle,ctremblay",True,2026-05-16-BOS-MTL,19,20,5,4,43,1,2,True,True,557,home,411,1778977088.0,18,False,"jbabbitt,jcarreiro,itran,bmccann,tallen1,ldecraene,ograff",412,840,400e738c65ea59fb5e2a59d10fb24605a5b8ed6417f3cd791a47749753a7000f,1778977088.0,False,557,36.0,15.9411417407913,15.52,3.64,-76.8006408388764,e3f3eb2489e2b73996da792e727961ba66e5c9025230c9412ee8a409c05a8dce,0.984846088048682,0.0151539119513177,0.36750247601393,0.420636537719017,0.419301980847288,0.851112360272612,-264.0,-1,0.349,-0.00133455687172884,-0.00210997959852604,840,def0279e0b52e6637c2f9afca5fa22a249a5fb53,2026-07-21 08:07:47,2026-06-06 14:01:41,royal,glory,19,21,Final,2026-05-16 18:00:00
2026-05-16-BOS-MTL,kquinlan,14.49,18.78,sruelle,24.26,35.53,0,0,0,"maugersem,jbrissett,jduquette,eforget,kquinlan,sruelle,ctremblay",True,2026-05-16-BOS-MTL,19,20,5,4,43,1,3,True,True,558,home,412,1778977094.0,18,False,"jbabbitt,jcarreiro,itran,bmccann,tallen1,ldecraene,ograff",413,841,0ba0f962079fc33f6d03cf646b7e30c763ac679c55070058d7d9a152f9150cc8,1778977094.0,False,558,29.0,19.3911165227792,9.77,16.75,-30.2543102924692,d94afcb3b923e4a3766f01b7b251cead001358d07f77fd0b321b50caea820ebf,0.946123405460292,0.0538765945397082,0.36750247601393,0.393643522611932,0.394779511508967,0.682288150767571,-271.0,-1,0.2,0.00113598889703503,0.00179603690758488,841,033c73f15cae353ec2ce8026cf9398f3465e0139,2026-07-21 08:07:47,2026-06-06 14:01:41,royal,glory,19,21,Final,2026-05-16 18:00:00
2026-05-16-BOS-MTL,sruelle,24.26,35.53,,24.26,35.53,1,0,1,"maugersem,jbrissett,jduquette,eforget,kquinlan,sruelle,ctremblay",True,2026-05-16-BOS-MTL,19,20,5,4,43,1,4,True,True,559,home,413,1778977130.0,24,False,"jbabbitt,jcarreiro,itran,bmccann,tallen1,ldecraene,ograff",414,844,8c6801132d8c3bc55317be5b66a623a5da05031851f4c5febedb429116e722ea,1778977130.0,False,559,22.0,0.0,0.0,0.0,-90.0,fcc1031a05835e0650185ff5f3f3ab9a990d63fae9cda185debfdc318a3ea4c7,0.5,,0.36750247601393,0.36750247601393,0.36750247601393,0.656700861662764,-278.0,-1,0.093,-0.656700861662764,-0.656700861662764,844,f7c99fae162a607eed4bfd5219d669642a38b63b,2026-07-21 08:07:47,2026-06-06 14:01:41,royal,glory,19,21,Final,2026-05-16 18:00:00
2026-05-16-BOS-MTL,rdinger,-21.32,97.35,ndick,-23.32,97.48,0,0,0,"bsadok,ograff,pboerth,rdinger,ndick,jbabbitt,tdecraene",False,2026-05-16-BOS-MTL,19,20,5,4,15,2,1,False,True,560,away,432,1778977270.0,18,False,"ctremblay,maugersem,adub,tlalondel,rlalondel,ycohonner,sruelle",433,848,75dd1711630a7b7c66b63c8e49b43a8b8ed9912fa129ee934670a34100f89851,1778977270.0,False,560,15.0,2.00422054674629,-2.0,0.13000000000001,86.2810060268417,7d49ad48a69da5b3f6c24c0e3d19fe086a02917e817be42f2851f98fd499a1f5,0.977912627063941,0.0220873729360587,0.731234612106587,0.761041226112589,0.749627227486122,0.308556332805823,-285.0,-1,0.096,-0.011413998626467,-0.0424682609465827,848,2fd662be517557644e49996e4f1ad2c3cde00d68,2026-07-21 08:07:47,2026-06-06 14:01:41,royal,glory,19,21,Final,2026-05-16 18:00:00
2026-05-16-BOS-MTL,ndick,-23.32,97.48,bsadok,-1.39,97.74,0,0,0,"bsadok,ograff,pboerth,rdinger,ndick,jbabbitt,tdecraene",False,2026-05-16-BOS-MTL,19,20,5,4,15,2,2,False,True,561,away,433,1778977279.0,18,False,"ctremblay,maugersem,adub,tlalondel,rlalondel,ycohonner,sruelle",434,849,ef5212a725c252414022b1f991a0c0f3b0f57f175b930627b461e1f57e4c35b0,1778977279.0,False,561,10.0,21.9315412135126,21.93,0.259999999999991,-89.3207384974754,d5a8f831d83336c5518403631f8edb55879a2f9bd03d3904b8bbb132857a5008,0.901301799801856,0.0986982001981439,0.731234612106587,0.731234612106587,0.774093761517078,0.334303119620402,-290.0,-1,0.096,0.0428591494104912,0.159466774149833,849,40c72991b684cced9ad03d6224e644b6678a6d02,2026-07-21 08:07:47,2026-06-06 14:01:41,royal,glory,19,21,Final,2026-05-16 18:00:00
2026-05-16-BOS-MTL,bsadok,-1.39,97.74,pboerth,20.6,106.45,0,0,0,"bsadok,ograff,pboerth,rdinger,ndick,jbabbitt,tdecraene",False,2026-05-16-BOS-MTL,19,21,5,4,15,2,3,False,True,562,away,434,1778977306.0,19,False,"ctremblay,maugersem,adub,tlalondel,rlalondel,ycohonner,sruelle",435,850,1c34849dfd00ba4da82bd6a7146099aab582c2eabf16a6c04e93a9c50850e3db,1778977306.0,False,562,5.0,23.6521500079803,21.99,8.71000000000001,-68.3920198266104,2b56246b6d028fa18d3eab6695bea729d9993ae3da6cf32189b662848b910b04,0.929031924596536,0.0709680754034641,0.731234612106587,0.755937626510741,1.0,0.279610374011126,-295.0,-1,0.23,0.244062373489259,0.908087069552458,850,a736a91732faaf657f5d8562ae736208f32e79b4,2026-07-21 08:07:47,2026-06-06 14:01:41,royal,glory,19,21,Final,2026-05-16 18:00:00
