game_id,Thrower,ThrowerX,ThrowerY,Receiver,ReceiverX,ReceiverY,turnover,DroppedThrow,stall,offensive_line,is_home_team,GameID,home_team_score,away_team_score,game_quarter,quarter_point,PointStartTime,possession_num,possession_throw,start_on_offense,o_line,event_id,source_side,source_side_idx,source_timestamp,source_event_type,is_callahan,defensive_line,source_event_id,global_event_seq,event_sig_id,derived_sort_timestamp,sort_timestamp_imputed,event_id_calc,time_left,throw_distance,x_diff,y_diff,throw_angle,throw_sig_id,cp,cpoe,min_fv,fv_thrower,fv_receiver,fv_opponent,game_time_left,score_diff,win_prob,ec,aec,source_global_event_seq,source_throw_hash,insert_timestamp,original_insert_timestamp,home_team_id,away_team_id,home_score_final,away_score_final,status,start_timestamp
2026-05-09-PHI-CAR,alaviolet,6.95,19.99,jlouie,1.02,31.43,0,0,0,"dhawkins,gsanner,tmitchell,alaviolet,jfairfax,jlouie,wmatthews",True,2026-05-09-PHI-CAR,0,0,1,1,720,1,1,True,True,1,home,1,1778369744.0,18,False,"swhitcomb,tmackey,czaleski,jwisner,jbray,idietrich,dloughnan",2,3,44458201528df33f7028ed19393dbf0a363668a6a04a2d055d7a238873176f83,1778369744.0,False,1,720.0,12.885592729867,-5.93,11.44,27.4002654379202,47eba1092e740ab8f0085ce725fa948112cc76287a9bce7a4d870b380b15523a,0.982477284551444,0.0175227154485564,0.694451023170535,0.694451023170535,0.723742386617197,0.915399140977316,2880.0,0,0.64,0.0292913634466625,0.0958647080104961,3,665cb455890936fd69280079744982b2216347f5,2026-07-21 08:07:47,2026-06-06 14:01:41,flyers,phoenix,31,14,Final,2026-05-09 19:30:00
2026-05-09-PHI-CAR,jlouie,1.02,31.43,alaviolet,9.75,29.93,0,0,0,"dhawkins,gsanner,tmitchell,alaviolet,jfairfax,jlouie,wmatthews",True,2026-05-09-PHI-CAR,0,0,1,1,720,1,2,True,True,2,home,2,1778369746.0,18,False,"swhitcomb,tmackey,czaleski,jwisner,jbray,idietrich,dloughnan",3,4,098ed398c7ae9061e827e9e435efb865358206c591feb4716c642a18505d7cdb,1778369746.0,False,2,715.583333333333,8.85792865177859,8.73,-1.5,-99.7494367399504,a45a10c12e7894ea37cfd13f2a2c2b1506de1d8926561079eb78a7355390f11c,0.990294133545155,0.00970586645484528,0.694451023170535,0.718067444836674,0.711743171304385,0.917094579291423,2875.58333333333,0,0.637,-0.00632427353228893,-0.0206980681065042,4,8b32b8a08746518465fe8d0eb99ee3ebb132cdc5,2026-07-21 08:07:47,2026-06-06 14:01:41,flyers,phoenix,31,14,Final,2026-05-09 19:30:00
2026-05-09-PHI-CAR,alaviolet,9.75,29.93,dhawkins,16.98,32.31,0,0,0,"dhawkins,gsanner,tmitchell,alaviolet,jfairfax,jlouie,wmatthews",True,2026-05-09-PHI-CAR,0,0,1,1,720,1,3,True,True,3,home,3,1778369748.0,18,False,"swhitcomb,tmackey,czaleski,jwisner,jbray,idietrich,dloughnan",4,5,b6d2d8aae3c6b3881633536aa1b9c87e7a324d9f2eda963425221ef70a2ab0f6,1778369748.0,False,3,711.166666666667,7.61165553608412,7.23,2.38,-71.7792845017605,c41eeecfc05fa1e455f9be25a9778b7cd78b272df5f65fd5a840f4ba222311ca,0.991413681157632,0.0085863188423676,0.694451023170535,0.706281996489627,0.699792557485513,0.90281581551559,2871.16666666667,0,0.635,-0.00648943900411358,-0.021238621288971,5,0e760cc8e3fa3991e770d4d845f219381e6c2c5a,2026-07-21 08:07:47,2026-06-06 14:01:41,flyers,phoenix,31,14,Final,2026-05-09 19:30:00
2026-05-09-PHI-CAR,dhawkins,16.98,32.31,alaviolet,5.45,35.25,0,0,0,"dhawkins,gsanner,tmitchell,alaviolet,jfairfax,jlouie,wmatthews",True,2026-05-09-PHI-CAR,0,0,1,1,720,1,4,True,True,4,home,4,1778369750.0,18,False,"swhitcomb,tmackey,czaleski,jwisner,jbray,idietrich,dloughnan",5,6,9d4a69d253910a07185b213ffb35ee717555769f2a5f3ed4c12fe2621121263c,1778369750.0,False,4,706.75,11.8989285231906,-11.53,2.94,75.6951480374898,7ed789130af7d624d083a7844b7d7883009d1806642f6e4cc7554622aa90c41a,0.982863393151546,0.0171366068484535,0.694451023170535,0.694560046733959,0.718077799883046,0.895979588743483,2866.75,0,0.638,0.0235177531490866,0.0769688492925716,6,2508d093063a85ca82ac8de726cf5dc720146ef9,2026-07-21 08:07:47,2026-06-06 14:01:41,flyers,phoenix,31,14,Final,2026-05-09 19:30:00
2026-05-09-PHI-CAR,alaviolet,5.45,35.25,wmatthews,17.8,46.77,0,0,0,"dhawkins,gsanner,tmitchell,alaviolet,jfairfax,jlouie,wmatthews",True,2026-05-09-PHI-CAR,0,0,1,1,720,1,5,True,True,5,home,5,1778369754.0,18,False,"swhitcomb,tmackey,czaleski,jwisner,jbray,idietrich,dloughnan",6,8,de464a75f5c10815d3ce46a9e8a8db8a1bf8186ffd779a54e2b39b54f9817f6c,1778369754.0,False,5,702.333333333333,16.8888395101617,12.35,11.52,-46.9914681573982,88417f000bf00de1be3f373199951916fad7a80ffe46bb778830bf37fc8fb31c,0.976723644773873,0.0232763552261267,0.694451023170535,0.713368097038344,0.734372114756866,0.841383573121337,2862.33333333333,0,0.64,0.0210040177185223,0.0687419016632651,8,8f7ba89a37388a0e3d8b39c95bef8549b73caf55,2026-07-21 08:07:47,2026-06-06 14:01:41,flyers,phoenix,31,14,Final,2026-05-09 19:30:00
2026-05-09-PHI-CAR,wmatthews,17.8,46.77,alaviolet,6.27,39.34,0,0,0,"dhawkins,gsanner,tmitchell,alaviolet,jfairfax,jlouie,wmatthews",True,2026-05-09-PHI-CAR,0,0,1,1,720,1,6,True,True,6,home,6,1778369757.0,18,False,"swhitcomb,tmackey,czaleski,jwisner,jbray,idietrich,dloughnan",7,9,12655efe1b259ff1f0008f8163d44c2f9dae8cc055956a2a4e3abdf25cad24ca,1778369757.0,False,6,697.916666666667,13.7166249493088,-11.53,-7.43,122.79797076005,3ef62b7866f50d4e0edb25b11ea1712696c6e576d19dd82e031aa465281a5626,0.982699234065082,0.0173007659349184,0.694451023170535,0.730145118083515,0.721469591311546,0.876651140216307,2857.91666666667,0,0.637,-0.00867552677196859,-0.0283932443891332,9,314e85f7a08db0d39a1ef660af12b42c5f0d8c65,2026-07-21 08:07:47,2026-06-06 14:01:41,flyers,phoenix,31,14,Final,2026-05-09 19:30:00
2026-05-09-PHI-CAR,alaviolet,6.27,39.34,tmitchell,-4.98,53.79,0,0,0,"dhawkins,gsanner,tmitchell,alaviolet,jfairfax,jlouie,wmatthews",True,2026-05-09-PHI-CAR,0,0,1,1,720,1,7,True,True,7,home,7,1778369759.0,18,False,"swhitcomb,tmackey,czaleski,jwisner,jbray,idietrich,dloughnan",8,10,336002349fcb9eac5dee367daf119f82d409f59fd99a293fdeea8d2bfc6c8146,1778369759.0,False,7,693.5,18.3129735433654,-11.25,14.45,37.9024241564298,469aa2caf91ab1d7f7c99c1aabdcaa67b9dc6691cac2455e3f175738f69c77d4,0.963067151497124,0.0369328485028763,0.694451023170535,0.717428322781475,0.768560103177034,0.817392276166818,2853.5,0,0.646,0.0511317803955591,0.167343975182405,10,f467bb734f68bcbd616b84fe61e82d59a503531c,2026-07-21 08:07:47,2026-06-06 14:01:41,flyers,phoenix,31,14,Final,2026-05-09 19:30:00
2026-05-09-PHI-CAR,tmitchell,-4.98,53.79,dhawkins,5.59,58.56,0,0,0,"dhawkins,gsanner,tmitchell,alaviolet,jfairfax,jlouie,wmatthews",True,2026-05-09-PHI-CAR,0,0,1,1,720,1,8,True,True,8,home,8,1778369763.0,18,False,"swhitcomb,tmackey,czaleski,jwisner,jbray,idietrich,dloughnan",9,11,e7227932a1495eef4e8bc2d5b79b6c2971d1ed9b6cbde15e4624926c2bcf1e2c,1778369763.0,False,8,689.083333333333,11.5964563552837,10.57,4.77,-65.7114287682452,8556507b7a751ec2b0d22aa50193d11732890d0fca32227457a55a11c8745d14,0.980864179309762,0.019135820690238,0.694451023170535,0.765247122750664,0.783742144372207,0.795214071883191,2849.08333333333,0,0.649,0.0184950216215434,0.0605304649141926,11,246507adfeb837351a98ee1560951db7905f42fd,2026-07-21 08:07:47,2026-06-06 14:01:41,flyers,phoenix,31,14,Final,2026-05-09 19:30:00
2026-05-09-PHI-CAR,dhawkins,5.59,58.56,gsanner,16.84,66.54,0,0,0,"dhawkins,gsanner,tmitchell,alaviolet,jfairfax,jlouie,wmatthews",True,2026-05-09-PHI-CAR,0,0,1,1,720,1,9,True,True,9,home,9,1778369766.0,18,False,"swhitcomb,tmackey,czaleski,jwisner,jbray,idietrich,dloughnan",10,12,b6e9369148a79f86d7fcda08e1579adb08de5033d431ac0d0b9f7757f777fb36,1778369766.0,False,9,684.666666666667,13.7928568469335,11.25,7.98,-54.6506515256477,eb529336343d4e531917dc7ed265680f1bea0f77ab923711573ae4a92e27a665,0.977809524839324,0.0221904751606762,0.694451023170535,0.780830951635575,0.802509131975309,0.749905062084411,2844.66666666667,0,0.653,0.0216781803397343,0.070948299564536,12,d49234841141dca0a45ee42464e3bb488ddadd8d,2026-07-21 08:07:47,2026-06-06 14:01:41,flyers,phoenix,31,14,Final,2026-05-09 19:30:00
2026-05-09-PHI-CAR,gsanner,16.84,66.54,jlouie,6.34,50.72,0,0,0,"dhawkins,gsanner,tmitchell,alaviolet,jfairfax,jlouie,wmatthews",True,2026-05-09-PHI-CAR,0,0,1,1,720,1,10,True,True,10,home,10,1778369774.0,18,False,"swhitcomb,tmackey,czaleski,jwisner,jbray,idietrich,dloughnan",11,13,f84b7485d05922a6b8c30046a33f9a11f923ec14ea9d9abb771ace7590a25569,1778369774.0,False,10,680.25,18.9874274192161,-10.5,-15.82,146.427101593945,f320e8c5e7366e94282c4f2e2ea08f6fa7492d7266774c74a8cf080360fc0ae5,0.973771952747343,0.0262280472526574,0.694451023170535,0.800008620170898,0.747279457928888,0.82216905796399,2840.25,0,0.641,-0.0527291622420107,-0.172571882875066,13,79baea06ad50571db050a2a42f2fce984625b27c,2026-07-21 08:07:47,2026-06-06 14:01:41,flyers,phoenix,31,14,Final,2026-05-09 19:30:00
2026-05-09-PHI-CAR,jlouie,6.34,50.72,alaviolet,-1.3,61.36,0,0,0,"dhawkins,gsanner,tmitchell,alaviolet,jfairfax,jlouie,wmatthews",True,2026-05-09-PHI-CAR,0,0,1,1,720,1,11,True,True,11,home,11,1778369776.0,18,False,"swhitcomb,tmackey,czaleski,jwisner,jbray,idietrich,dloughnan",12,14,ed645e2f5bdfae7e3755ac4b7f7a5d51dd399744b6c77d10fcbe44e74dd7e668,1778369776.0,False,11,675.833333333333,13.0988243747292,-7.64,10.64,35.680052527894,9bf5784fdd66283b468e1818a5b300605ab68f8815a5059a21e0feb62b310f6f,0.97575947101802,0.0242405289819798,0.694451023170535,0.744557671858168,0.787510484212948,0.776403126702122,2835.83333333333,0,0.648,0.0429528123547794,0.14057586708514,14,bf314f17826069f32e6faf76cb2b760d36ca935f,2026-07-21 08:07:47,2026-06-06 14:01:41,flyers,phoenix,31,14,Final,2026-05-09 19:30:00
2026-05-09-PHI-CAR,alaviolet,-1.3,61.36,jfairfax,-19.85,107.99,0,0,0,"dhawkins,gsanner,tmitchell,alaviolet,jfairfax,jlouie,wmatthews",True,2026-05-09-PHI-CAR,1,0,1,1,720,1,12,True,True,12,home,12,1778369792.0,19,False,"swhitcomb,tmackey,czaleski,jwisner,jbray,idietrich,dloughnan",13,16,489b8f7506329093b14cf561938948e86eac8f2944222c6577e28c0014b1df68,1778369792.0,False,12,671.416666666667,50.184254502782,-18.55,46.63,21.6932843693725,a78191ed5734949cdbacabe2d3c0abcbe051e69110572915499cd4f0d53e4adc,0.762771764179594,0.237228235820406,0.694451023170535,0.785315309876641,1.0,0.616614865072573,2831.41666666667,0,0.688,0.214684690123359,0.702619568067415,16,deed8810a8d101f3d9e267cab1116734cd51ae1f,2026-07-21 08:07:47,2026-06-06 14:01:41,flyers,phoenix,31,14,Final,2026-05-09 19:30:00
2026-05-09-PHI-CAR,ddamiano,-21.66,7.13,eholmgren,-15.83,14.07,0,0,0,"cwhite1,jthornton,eholmgren,mhanna,sheyman,crawlins,ddamiano",False,2026-05-09-PHI-CAR,1,0,1,2,667,1,1,True,True,13,away,4,1778369861.0,18,False,"bmorrison,smadiraju1,dswanson,jreinhard,cwilliams,cbelus,kpignone",5,20,51ced5a464abeb2e728e29afc7c3f5ac304b201d3b2c7aca17b6ebcf75217997,1778369861.0,False,13,667.0,9.06380163066249,5.83,6.94,-40.0321953979834,9232dad443b5648950635c9beae15694a48c63a6549b2266cbd6e2e83ffd63b9,0.988940279079005,0.0110597209209951,0.575981442672758,0.575981442672758,0.617999371901246,0.929726608079387,2827.0,1,0.704,0.0420179292284879,0.0990945525906782,20,4d8df105bb670bd91ad4145630514c5f9e405f74,2026-07-21 08:07:47,2026-06-06 14:01:41,flyers,phoenix,31,14,Final,2026-05-09 19:30:00
2026-05-09-PHI-CAR,eholmgren,-15.83,14.07,ddamiano,-24.68,29.93,1,1,0,"cwhite1,jthornton,eholmgren,mhanna,sheyman,crawlins,ddamiano",False,2026-05-09-PHI-CAR,1,0,1,2,667,1,2,True,True,14,away,5,,20,False,"bmorrison,smadiraju1,dswanson,jreinhard,cwilliams,cbelus,kpignone",6,24,1de41ba724ebb78e0f3601b0cc7e6ecaf1ca8f177664c58fb1954cb96f0ccdba,1778369890.0,True,14,659.4,18.1621061553995,-8.85,15.86,29.161847798797,c964f155c34bad2f7367cd637464a4c3b9bf4148e0b77392c6c3011941c3acb2,0.945442926159492,1.0,0.575981442672758,0.61383982048167,0.601761998712871,0.873147890036566,2819.4,1,0.809,-0.873147890036566,-0.873147890036566,24,dd49c3fbf9d732939fd70f0358168df775902e21,2026-07-21 08:07:47,2026-06-06 14:01:41,flyers,phoenix,31,14,Final,2026-05-09 19:30:00
2026-05-09-PHI-CAR,jreinhard,9.61,72.34,bmorrison,-4.37,87.06,0,0,0,"bmorrison,smadiraju1,dswanson,jreinhard,cwilliams,cbelus,kpignone",True,2026-05-09-PHI-CAR,1,0,1,2,667,2,1,False,False,15,home,16,1778369875.0,18,False,"cwhite1,jthornton,eholmgren,mhanna,sheyman,crawlins,ddamiano",17,22,5ca1ae8d31c2b85ddc697d987f05bd6a33af32897f74571f4ee8a433e5ee484a,1778369875.0,False,15,651.8,20.3007093472125,-13.98,14.72,43.5230144666258,ecdc7d459c728e6acfb0b0a7fa47c9294b19c974574534ce7b863c8d2920c3cb,0.939757669104413,0.0602423308955874,0.823793427484698,0.823793427484698,0.886383112041839,0.671658155084395,2811.8,1,0.811,0.0625896845571408,0.355206299422828,22,a3bdafef8c30c6e37e482c955f45a682533a22a5,2026-07-21 08:07:47,2026-06-06 14:01:41,flyers,phoenix,31,14,Final,2026-05-09 19:30:00
2026-05-09-PHI-CAR,bmorrison,-4.37,87.06,cwilliams,-9.89,92.18,0,0,0,"bmorrison,smadiraju1,dswanson,jreinhard,cwilliams,cbelus,kpignone",True,2026-05-09-PHI-CAR,1,0,1,2,667,2,2,False,False,16,home,17,1778369879.0,18,False,"cwhite1,jthornton,eholmgren,mhanna,sheyman,crawlins,ddamiano",18,23,f4519188b172c8b23b0e4a4309d3c0d78469885cd32921c0b610728b3c7eead7,1778369879.0,False,16,644.2,7.52893086699566,-5.52,5.12,47.1529627891005,90779779a01bbc5bee948af8ec11eca685b7cfbb143312b2a04b6f11b19ed409,0.977667150634635,0.0223328493653649,0.823793427484698,0.885243485286835,0.903789924825878,0.651712672947377,2804.2,1,0.813,0.0185464395390438,0.105253960021458,23,eb198cd6893c36fda7551755d945b04875cb4768,2026-07-21 08:07:47,2026-06-06 14:01:41,flyers,phoenix,31,14,Final,2026-05-09 19:30:00
2026-05-09-PHI-CAR,cwilliams,-9.89,92.18,jreinhard,7.43,104.86,0,0,0,"bmorrison,smadiraju1,dswanson,jreinhard,cwilliams,cbelus,kpignone",True,2026-05-09-PHI-CAR,2,0,1,2,667,2,3,False,False,17,home,18,1778369892.0,19,False,"cwhite1,jthornton,eholmgren,mhanna,sheyman,crawlins,ddamiano",19,25,4bd077e03a3ebe75fdc835cf3966d0005ddfeb4f90a5975e34f0563bc3bdf339,1778369892.0,False,17,636.6,21.465432676748,17.32,12.68,-53.7920815310352,20a03dc122485a429a61ba4a8b14d15f921de0d44e19fb03f0c0e217b678cb10,0.916295361630119,0.0837046383698808,0.823793427484698,0.903049586199873,1.0,0.630474335263074,2796.6,1,0.82,0.096950413800127,0.550208839637396,25,6fcbf22854870484bedb2e464ba788f635a42253,2026-07-21 08:07:47,2026-06-06 14:01:41,flyers,phoenix,31,14,Final,2026-05-09 19:30:00
2026-05-09-PHI-CAR,eholmgren,0.0,40.0,jthornton,14.1,32.19,0,0,0,"jthornton,crawlins,eholmgren,cwhite1,sheyman,tnye,ndigiorgi",False,2026-05-09-PHI-CAR,2,0,1,3,629,1,1,True,True,18,away,8,1778369984.0,18,False,"ali,mtucker,smadiraju,aolcese,dbruer,dswanson,kpignone",9,30,ddaef51b77fa5aeeaa42014fefadb206d02d1662b9c92c12416ff49409ad3494,1778369984.0,False,18,629.0,16.1185017914197,14.1,-7.81,-118.982099686451,dcef814985d128e335ce11edf0352d02e0d44e2c8d121bb1e7bbfaaa54d1a036,0.985093149371238,0.0149068506287621,0.65470109714772,0.689438344019774,0.655334211991895,0.883550286372734,2789.0,2,0.833,-0.0341041320278788,-0.0987669863592606,30,fe9a265477a3cc9e7d4544beb4e163835a21ce93,2026-07-21 08:07:47,2026-06-06 14:01:41,flyers,phoenix,31,14,Final,2026-05-09 19:30:00
2026-05-09-PHI-CAR,jthornton,14.1,32.19,sheyman,14.38,45.58,0,0,0,"jthornton,crawlins,eholmgren,cwhite1,sheyman,tnye,ndigiorgi",False,2026-05-09-PHI-CAR,2,0,1,3,629,1,2,True,True,19,away,9,1778369989.0,18,False,"ali,mtucker,smadiraju,aolcese,dbruer,dswanson,kpignone",10,31,45aeaac2c374eb94d0760ef3c86403f3c634eaea5cc6904a2a159931f186e2f8,1778369989.0,False,19,623.666666666667,13.3929272379118,0.280000000000001,13.39,-1.19794477230222,1043d165a74ccf11b3449a344af8ec40ae871bfb189901416ca84e1facbafc22,0.975306501194977,0.0246934988050234,0.65470109714772,0.65470109714772,0.700302053045175,0.82532258278518,2783.66666666667,2,0.827,0.0456009558974544,0.132062266983115,31,e984e898cf36040c8874f1b43557f37ddcecaba6,2026-07-21 08:07:47,2026-06-06 14:01:41,flyers,phoenix,31,14,Final,2026-05-09 19:30:00
2026-05-09-PHI-CAR,sheyman,14.38,45.58,jthornton,4.22,42.01,0,0,0,"jthornton,crawlins,eholmgren,cwhite1,sheyman,tnye,ndigiorgi",False,2026-05-09-PHI-CAR,2,0,1,3,629,1,3,True,True,20,away,10,1778369997.0,18,False,"ali,mtucker,smadiraju,aolcese,dbruer,dswanson,kpignone",11,32,2fa3ef3d37bd99c19b12d850c1c57e042f6f96c25b5676294ba870ba1749050c,1778369997.0,False,20,618.333333333333,10.7689600240692,-10.16,-3.57,109.360350834694,0857a687457c7b845f21add19259ff211bfdd46d2587690f027eb1a94d98e83b,0.985823061100255,0.014176938899745,0.65470109714772,0.69993137383517,0.695216678224761,0.845470048598404,2778.33333333333,2,0.828,-0.00471469561040938,-0.0136539547952932,32,f19519d980bd13e01aadc29bc458aa203feec42d,2026-07-21 08:07:47,2026-06-06 14:01:41,flyers,phoenix,31,14,Final,2026-05-09 19:30:00
2026-05-09-PHI-CAR,jthornton,4.22,42.01,sheyman,-4.91,46.33,0,0,0,"jthornton,crawlins,eholmgren,cwhite1,sheyman,tnye,ndigiorgi",False,2026-05-09-PHI-CAR,2,0,1,3,629,1,4,True,True,21,away,11,1778370007.0,18,False,"ali,mtucker,smadiraju,aolcese,dbruer,dswanson,kpignone",12,34,a32f5766ab57b8e7df5c8c4bbb12d163bbf6b91e9a134008c3a87431e2b00647,1778370007.0,False,21,613.0,10.1004603855468,-9.13,4.32,64.6781076457501,4cb5dbae20a98ea72a52b2b0d929830d6c0af192092d020719ec478414b4c03d,0.985578093758982,0.0144219062410184,0.65470109714772,0.695043751945244,0.710751856020524,0.826394539474919,2773.0,2,0.826,0.0157081040752797,0.045491323446225,34,90ae698bef1a38bed72e599e659604defc7d04c9,2026-07-21 08:07:47,2026-06-06 14:01:41,flyers,phoenix,31,14,Final,2026-05-09 19:30:00
2026-05-09-PHI-CAR,sheyman,-4.91,46.33,eholmgren,-16.38,56.63,0,0,0,"jthornton,crawlins,eholmgren,cwhite1,sheyman,tnye,ndigiorgi",False,2026-05-09-PHI-CAR,2,0,1,3,629,1,5,True,True,22,away,12,,18,False,"ali,mtucker,smadiraju,aolcese,dbruer,dswanson,kpignone",13,35,f596f48473cf82601eb178e51eac1ff81191488d6042b22217be0f60fc1759ad,1778370015.4,True,22,607.666666666667,15.4159300724932,-11.47,10.3,48.0763266743176,f4efb82d9461a626d7e98634604616913925a8633278c6c3c906765762503e40,0.975415976433791,0.0245840235662094,0.65470109714772,0.710761493447364,0.741769228352533,0.769843414019878,2767.66666666667,2,0.821,0.0310077349051694,0.0897996913660471,35,b78fc3fdc4df249117fbe0965f6ff70ed8f2d4dd,2026-07-21 08:07:47,2026-06-06 14:01:41,flyers,phoenix,31,14,Final,2026-05-09 19:30:00
2026-05-09-PHI-CAR,eholmgren,-16.38,56.63,crawlins,-25.71,69.88,0,0,0,"jthornton,crawlins,eholmgren,cwhite1,sheyman,tnye,ndigiorgi",False,2026-05-09-PHI-CAR,2,0,1,3,629,1,6,True,True,23,away,13,,18,False,"ali,mtucker,smadiraju,aolcese,dbruer,dswanson,kpignone",14,36,7fd249e13b61dafb7407810cfa8be23144bbeb9e8d515752fd23fd1fc7427409,1778370023.8,True,23,602.333333333333,16.2052892599916,-9.33,13.25,35.1513276022575,06ef5ec40b071a5c87667df30cd8415b1adf2facfc1e8d24c31928d162c41a8c,0.893484269933792,0.106515730066208,0.65470109714772,0.741926850251233,0.753940708138817,0.663394824432305,2762.33333333333,2,0.819,0.0120138578875845,0.034792632667947,36,0d661e9df0768ab1a98325f624ce789046ad1ac6,2026-07-21 08:07:47,2026-06-06 14:01:41,flyers,phoenix,31,14,Final,2026-05-09 19:30:00
2026-05-09-PHI-CAR,crawlins,-25.71,69.88,ndigiorgi,-11.98,82.03,0,0,0,"jthornton,crawlins,eholmgren,cwhite1,sheyman,tnye,ndigiorgi",False,2026-05-09-PHI-CAR,2,0,1,3,629,1,7,True,True,24,away,14,,18,False,"ali,mtucker,smadiraju,aolcese,dbruer,dswanson,kpignone",15,37,bfc14b6e36ce873d65d2d57b65f5d4467aa904797785b48c372c727a14ee9a42,1778370032.2,True,24,597.0,18.3339957456088,13.73,12.15,-48.4936286928751,dd97e58e8f90d9bdd630ea649d7fcdf3e22190a04725a3b5e978a052c9396518,0.929031150916276,0.0709688490837244,0.65470109714772,0.754221196302181,0.860863410721392,0.677104272529148,2757.0,2,0.802,0.106642214419211,0.308840293259874,37,2f73da0259b5f37b4ef9dd654bde8ea88b9893b1,2026-07-21 08:07:47,2026-06-06 14:01:41,flyers,phoenix,31,14,Final,2026-05-09 19:30:00
2026-05-09-PHI-CAR,ndigiorgi,-11.98,82.03,sheyman,-9.1,68.64,0,0,0,"jthornton,crawlins,eholmgren,cwhite1,sheyman,tnye,ndigiorgi",False,2026-05-09-PHI-CAR,2,0,1,3,629,1,8,True,True,25,away,15,,18,False,"ali,mtucker,smadiraju,aolcese,dbruer,dswanson,kpignone",16,38,d885ea63ff9bbfebafc77ea9e65fcf88695dc36e488e162cd1166849814d7a61,1778370040.6,True,25,591.666666666667,13.6962221068439,2.88,-13.39,-167.861416481117,03d1c814c7c5e4968c9b5544fc8271b5262f52b0e67589c85a0be5cdb7f108b1,0.976245849182183,0.0237541508178172,0.65470109714772,0.861116585751333,0.803873420105555,0.72983598420683,2751.66666666667,2,0.811,-0.057243165645778,-0.16577859116531,38,54b44616c10e6338924857a1bc79b6f86314ddc6,2026-07-21 08:07:47,2026-06-06 14:01:41,flyers,phoenix,31,14,Final,2026-05-09 19:30:00
2026-05-09-PHI-CAR,sheyman,-9.1,68.64,jthornton,-23.93,89.1,0,0,0,"jthornton,crawlins,eholmgren,cwhite1,sheyman,tnye,ndigiorgi",False,2026-05-09-PHI-CAR,2,0,1,3,629,1,9,True,True,26,away,16,,18,False,"ali,mtucker,smadiraju,aolcese,dbruer,dswanson,kpignone",17,40,9f818842a32475e315e816fcedb7eddd71073a6b21a6c04737ca65422903a6f2,1778370049.0,True,26,586.333333333333,25.2693589154929,-14.83,20.46,35.9356868799142,a0e63dd898bf24e83ccf0557b730a2bbf752bd016f7e89023cf8228717cab42c,0.885827994599928,0.114172005400072,0.65470109714772,0.804287961531467,0.866204311535492,0.605819365458188,2746.33333333333,2,0.8,0.0619163500040253,0.179312327645922,40,144c301d9a901c7def0152479fc20c3fa207bae5,2026-07-21 08:07:47,2026-06-06 14:01:41,flyers,phoenix,31,14,Final,2026-05-09 19:30:00
2026-05-09-PHI-CAR,jthornton,-23.93,89.1,sheyman,-19.26,100.0,0,0,0,"jthornton,crawlins,eholmgren,cwhite1,sheyman,tnye,ndigiorgi",False,2026-05-09-PHI-CAR,2,0,1,3,629,1,10,True,True,27,away,17,,18,False,"ali,mtucker,smadiraju,aolcese,dbruer,dswanson,kpignone",18,44,0f5778aa548ba4cbbf8f9511cdf606b7f2235d0aa21010a8f26e70bda4d4fadc,1778370057.4,True,27,581.0,11.8582840242592,4.67,10.9,-23.1922461686942,7e61cf63695edce0559acea3760e4a891f00aff2b8902a434613be42eba6768e,0.961835582523484,0.038164417476516,0.65470109714772,0.866558648224856,0.923176330086198,0.604204564312635,2741.0,2,0.788,0.056617681861342,0.16396716408208,44,941fdc260ef8bbc439282caf1fec0733f7f5a0b1,2026-07-21 08:07:47,2026-06-06 14:01:41,flyers,phoenix,31,14,Final,2026-05-09 19:30:00
2026-05-09-PHI-CAR,sheyman,-19.26,100.0,crawlins,-10.88,94.87,0,0,0,"jthornton,crawlins,eholmgren,cwhite1,sheyman,tnye,ndigiorgi",False,2026-05-09-PHI-CAR,2,0,1,3,629,1,11,True,True,28,away,18,,18,False,"ali,mtucker,smadiraju,aolcese,dbruer,dswanson,kpignone",19,47,46fe2feaa8072f58c2f74bbfbe970c05c6560c82f1fa6a68243989965eda97f4,1778370065.8,True,28,575.666666666667,9.82554324197904,8.38,-5.13,-121.47379450904,badf7792e86d6dc08a97a4bee9e5da47f3f1f5b49f105bb38db07e9ab05714d8,0.963047220224383,0.036952779775617,0.65470109714772,0.92341736946586,0.912540473335862,0.641822889095234,2735.66666666667,2,0.79,-0.0108768961299985,-0.0314999440778754,47,d4741b35b28873486487618a5d756fd704683e9d,2026-07-21 08:07:47,2026-06-06 14:01:41,flyers,phoenix,31,14,Final,2026-05-09 19:30:00
2026-05-09-PHI-CAR,crawlins,-10.88,94.87,eholmgren,-4.84,105.58,0,0,0,"jthornton,crawlins,eholmgren,cwhite1,sheyman,tnye,ndigiorgi",False,2026-05-09-PHI-CAR,2,1,1,3,629,1,12,True,True,29,away,19,,19,False,"ali,mtucker,smadiraju,aolcese,dbruer,dswanson,kpignone",20,48,3c88e20fccca664d15fa455042cb05a93ae1aa2556b9411e5ae3b527fcb668e6,1778370074.2,True,29,570.333333333333,12.2957594316089,6.04,10.71,-29.4212124255717,d0e807dde2ddcdd8adafba78e4938eafa9f7f11a281ec412bd1a853ea23c5c8b,0.956750027662789,0.0432499723372113,0.65470109714772,0.912832106463714,1.0,0.632510721106328,2730.33333333333,2,0.782,0.087167893536286,0.252441849123328,48,0320fffe1af2c9000b47e75a07ad5239d43229b2,2026-07-21 08:07:47,2026-06-06 14:01:41,flyers,phoenix,31,14,Final,2026-05-09 19:30:00
2026-05-09-PHI-CAR,dhawkins,6.61,20.65,jlouie,0.47,26.45,0,0,0,"dhawkins,gsanner,alaviolet,jfairfax,jlouie,wmatthews,nlyle",True,2026-05-09-PHI-CAR,2,1,1,4,565,1,1,True,True,30,home,23,1778370051.0,18,False,"jbray,wzamsky,dloughnan,dperry,czaleski,sdavies1,messer",24,41,1e8ace7aaad8df62d420052b07d2f8a0b8f65fb5138ff84f3cf0350fa2334e26,1778370051.0,False,30,565.0,8.44627728647361,-6.14,5.8,46.6310973381605,d39981e158324fdd8954877bce287a90280a63397355337e8515b266a309e019,0.989848901813155,0.0101510981868446,0.634588604409124,0.634588604409124,0.650790750062621,0.909643221028692,2725.0,1,0.771,0.0162021456534961,0.0443394646390187,41,244d182a25f285c0a674f494e9ed35e99bd724ad,2026-07-21 08:07:47,2026-06-06 14:01:41,flyers,phoenix,31,14,Final,2026-05-09 19:30:00
2026-05-09-PHI-CAR,jlouie,0.47,26.45,alaviolet,-10.99,28.43,0,0,0,"dhawkins,gsanner,alaviolet,jfairfax,jlouie,wmatthews,nlyle",True,2026-05-09-PHI-CAR,2,1,1,4,565,1,2,True,True,31,home,24,1778370053.0,18,False,"jbray,wzamsky,dloughnan,dperry,czaleski,sdavies1,messer",25,42,9492fd590fbaac465d35dd6ee1e8b5e801e7f56c06f86ffa382eee72f8c7f17c,1778370053.0,False,31,564.666666666667,11.6297893360112,-11.46,1.98,80.1975032847548,c8a48725a85de2e41264a56180367d3e2ad051e9830511365489d7fd1cb4baa5,0.987119498392827,0.0128805016071727,0.634588604409124,0.650845962001353,0.653232209882326,0.901141416016066,2724.66666666667,1,0.771,0.00238624788097375,0.00653030504731564,42,257cb594aa196e657a2a5592cbfe683102f5ce87,2026-07-21 08:07:47,2026-06-06 14:01:41,flyers,phoenix,31,14,Final,2026-05-09 19:30:00
2026-05-09-PHI-CAR,alaviolet,-10.99,28.43,wmatthews,-15.9,39.61,0,0,0,"dhawkins,gsanner,alaviolet,jfairfax,jlouie,wmatthews,nlyle",True,2026-05-09-PHI-CAR,2,1,1,4,565,1,3,True,True,32,home,25,1778370056.0,18,False,"jbray,wzamsky,dloughnan,dperry,czaleski,sdavies1,messer",26,43,673a7f6ed54bd5950a4f988063cc00c07913dd81216536cf009471d698595a9b,1778370056.0,False,32,564.333333333333,12.2106715622033,-4.91,11.18,23.7099813532342,571280d3c1dc8ed0162983ae14e0424773d2e3f436ca7bb99305a64e75d01290,0.982049757712381,0.0179502422876193,0.634588604409124,0.653287309798488,0.680743508447389,0.851219947316924,2724.33333333333,1,0.774,0.0274561986489008,0.0751377734252205,43,eec14c8402c07eefc0ececc33aa519bd68cd958b,2026-07-21 08:07:47,2026-06-06 14:01:41,flyers,phoenix,31,14,Final,2026-05-09 19:30:00
2026-05-09-PHI-CAR,wmatthews,-15.9,39.61,alaviolet,-6.83,42.68,0,0,0,"dhawkins,gsanner,alaviolet,jfairfax,jlouie,wmatthews,nlyle",True,2026-05-09-PHI-CAR,2,1,1,4,565,1,4,True,True,33,home,26,1778370059.0,18,False,"jbray,wzamsky,dloughnan,dperry,czaleski,sdavies1,messer",27,45,602ebb196da54422ed756096fe2026d1cd28f37b17403de64e863f1bccffd5fb,1778370059.0,False,33,564.0,9.57547910028527,9.07,3.07,-71.3001452333859,bd4dbc0a2ead2f3b7ad33efe007e38998e54310a4f529966f1bd54e92894b73f,0.984287800988813,0.0157121990111875,0.634588604409124,0.680796434010974,0.701496913249212,0.844998418127381,2724.0,1,0.777,0.020700479238238,0.0566497911340862,45,e297b7d616ce6f39d2ea0d751941ee6165c59f4b,2026-07-21 08:07:47,2026-06-06 14:01:41,flyers,phoenix,31,14,Final,2026-05-09 19:30:00
2026-05-09-PHI-CAR,alaviolet,-6.83,42.68,dhawkins,3.54,54.0,0,0,0,"dhawkins,gsanner,alaviolet,jfairfax,jlouie,wmatthews,nlyle",True,2026-05-09-PHI-CAR,2,1,1,4,565,1,5,True,True,34,home,27,1778370062.0,18,False,"jbray,wzamsky,dloughnan,dperry,czaleski,sdavies1,messer",28,46,86119030354a2e49f28a1e177cb7ad21f74b8918a1c19aa571cd56be88d1ccb2,1778370062.0,False,34,563.666666666667,15.3518500513782,10.37,11.32,-42.4921058263323,c6fc2f79db316c8c5fc1458e1b35637e4ca9d172638df13a1e174d7778dd8573,0.972097207497254,0.0279027925027455,0.634588604409124,0.701547961036322,0.745426621099875,0.796166376766277,2723.66666666667,1,0.783,0.043878660063553,0.120080163325505,46,d5227f80e6934fd453210afc08b533604f9a9df1,2026-07-21 08:07:47,2026-06-06 14:01:41,flyers,phoenix,31,14,Final,2026-05-09 19:30:00
2026-05-09-PHI-CAR,dhawkins,3.54,54.0,,19.57,61.29,1,0,0,"dhawkins,gsanner,alaviolet,jfairfax,jlouie,wmatthews,nlyle",True,2026-05-09-PHI-CAR,2,1,1,4,565,1,6,True,True,35,home,28,1778370078.0,22,False,"jbray,wzamsky,dloughnan,dperry,czaleski,sdavies1,messer",29,49,66317e4ce72b8ec2d207cfeef6dc68abf1832707ccb2cb98f96588ae78b89c94,1778370078.0,False,35,563.333333333333,17.6097984088405,16.03,7.29,-65.545274324041,eb0619d56240731ac5862fea99092f87d4072cdafa130e9149b4d3835cf5638e,0.975710204612386,-0.975710204612386,0.634588604409124,0.745472927357586,0.754292207046778,0.745204364042689,2723.33333333333,1,0.675,-0.745204364042689,-0.745204364042689,49,80d81c129c077c9533b020947c4be784000e0ff3,2026-07-21 08:07:47,2026-06-06 14:01:41,flyers,phoenix,31,14,Final,2026-05-09 19:30:00
2026-05-09-PHI-CAR,messer,-26.6,67.68,jbray,-7.32,65.76,0,0,0,"jbray,wzamsky,dloughnan,dperry,czaleski,sdavies1,messer",False,2026-05-09-PHI-CAR,2,1,1,4,563,2,1,False,False,36,away,23,1778370105.0,18,False,"dhawkins,gsanner,alaviolet,jfairfax,jlouie,wmatthews,nlyle",24,53,c0d08c009c6ea4e8754192449720b43977c43a634606f675c032b3894350b6f9,1778370105.0,False,36,563.0,19.3753658029984,19.28,-1.92,-95.687053377315,00b8e69572c6cce95b87e71465a29cc58b6e180d7ce50905710d390a73ced4d8,0.945560639150223,0.0544393608497774,0.736515184823895,0.736515184823895,0.794642803819925,0.745751008971759,2723.0,1,0.664,0.0581276189960306,0.220610887793211,53,81bd1b793b905f6f1da9094bf36a55ed163dae2c,2026-07-21 08:07:47,2026-06-06 14:01:41,flyers,phoenix,31,14,Final,2026-05-09 19:30:00
2026-05-09-PHI-CAR,jbray,-7.32,65.76,czaleski,17.94,77.16,0,0,0,"jbray,wzamsky,dloughnan,dperry,czaleski,sdavies1,messer",False,2026-05-09-PHI-CAR,2,1,1,4,563,2,2,False,False,37,away,24,1778370107.0,18,False,"dhawkins,gsanner,alaviolet,jfairfax,jlouie,wmatthews,nlyle",25,54,3e95af0975a036dd69fdb22623d9406ed14dee5a6af2aad70ce931e4ba4f3d91,1778370107.0,False,37,541.0,27.7133108812354,25.26,11.4,-65.7100381640869,dea01c8498e5df0b21e1bc33fdecf4394d93fb134570b0e583c91899c551ced3,0.933076754780731,0.0669232452192688,0.736515184823895,0.797167050050735,0.834954054334482,0.689936505297962,2701.0,1,0.653,0.0377870042837466,0.14341245531926,54,f27dd66ee3c1ad05ee824eebf5024c4141aa5020,2026-07-21 08:07:47,2026-06-06 14:01:41,flyers,phoenix,31,14,Final,2026-05-09 19:30:00
2026-05-09-PHI-CAR,eholmgren,17.81,77.78,sheyman,-0.38,74.34,0,0,0,"tnye,eholmgren,ddamiano,sheyman,mhanna,cwhite1,ndigiorgi",False,2026-05-09-PHI-CAR,2,1,1,4,519,2,3,False,True,38,away,26,1778370159.0,18,False,"bmorrison,smadiraju1,dswanson,jreinhard,cwilliams,cbelus,kpignone",27,58,2940ad6b319326624bef1465ab8791186f03e87568ca595143849ba72d2df90a,1778370159.0,False,38,519.0,18.5124201551283,-18.19,-3.44,100.709013500663,832d3924bf78c25d94036aa652fb134e34db2b92b4d570403bda9d5ad74358f9,0.957811473782202,0.0421885262177981,0.736515184823895,0.839591434685267,0.836506327623211,0.718781463775261,2679.0,1,0.651,-0.00308510706205656,-0.0117088609451538,58,2612fdd974d852732c4cb75efa8f0879a1c93a37,2026-07-21 08:07:47,2026-06-06 14:01:41,flyers,phoenix,31,14,Final,2026-05-09 19:30:00
2026-05-09-PHI-CAR,sheyman,-0.38,74.34,tnye,16.57,77.78,0,0,0,"tnye,eholmgren,ddamiano,sheyman,mhanna,cwhite1,ndigiorgi",False,2026-05-09-PHI-CAR,2,1,1,4,519,2,4,False,True,39,away,27,,18,False,"bmorrison,smadiraju1,dswanson,jreinhard,cwilliams,cbelus,kpignone",28,62,1142c578ab44d888c3303963389cfc4bf19e7b11b5ff3b1f6abe8683c6e3511f,1778370171.0,True,39,514.066666666667,17.295551451168,16.95,3.44,-78.5276465427702,61a63ea219e8cef5c87a74cb21fe1c0854f232a6bdf28c55e198d157a8301a91,0.968679751876087,0.0313202481239134,0.736515184823895,0.83676806545828,0.842465688715608,0.694664622169012,2674.06666666667,1,0.649,0.00569762325732848,0.0216241048028531,62,904ef62e99e18297b12d40dcfb65741af3892956,2026-07-21 08:07:47,2026-06-06 14:01:41,flyers,phoenix,31,14,Final,2026-05-09 19:30:00
2026-05-09-PHI-CAR,tnye,16.57,77.78,eholmgren,18.7,95.01,1,1,0,"tnye,eholmgren,ddamiano,sheyman,mhanna,cwhite1,ndigiorgi",False,2026-05-09-PHI-CAR,2,1,1,4,519,2,5,False,True,40,away,28,,20,False,"bmorrison,smadiraju1,dswanson,jreinhard,cwilliams,cbelus,kpignone",29,67,e135ff8af5c34cdff16cb3d49bae427651bebbd5082ce6f0617f39930e782684,1778370183.0,True,40,509.133333333333,17.3611577954928,2.13,17.23,-7.04724117264192,7eea3a8ffcbe7a3a36c136ba6aae03b128868c3d107674d5d49f4feeacdfa606,0.952980270519664,1.0,0.736515184823895,0.842690950616669,0.90892641233618,0.633310769102242,2669.13333333333,1,0.766,-0.633310769102242,-0.633310769102242,67,bfe7bda387021a2a13595f26ac6b53bddbdc56a6,2026-07-21 08:07:47,2026-06-06 14:01:41,flyers,phoenix,31,14,Final,2026-05-09 19:30:00
2026-05-09-PHI-CAR,bmorrison,-14.26,40.56,smadiraju1,3.54,33.81,0,0,0,"bmorrison,smadiraju1,dswanson,jreinhard,cwilliams,cbelus,kpignone",True,2026-05-09-PHI-CAR,2,1,1,4,519,3,1,True,False,41,home,31,1778370163.0,18,False,"tnye,eholmgren,ddamiano,sheyman,mhanna,cwhite1,ndigiorgi",32,59,bdaa93750f0a45912319925a1fbf06c63ec4a5f2871dca9265e688e708851053,1778370163.0,False,41,504.2,19.036872117026,17.8,-6.75,-110.767402808104,8be85f3e6adc212f39dd6755b08878dc3dd8805e6efb60723012c5dd9a7e903f,0.976978549108452,0.0230214508915484,0.67989899839363,0.694576147033372,0.679617651456872,0.885451418322598,2664.2,1,0.771,-0.0149584955765003,-0.0467305491124169,59,f070103afab89b37184edd3809aa94cda24f047f,2026-07-21 08:07:47,2026-06-06 14:01:41,flyers,phoenix,31,14,Final,2026-05-09 19:30:00
2026-05-09-PHI-CAR,smadiraju1,3.54,33.81,cwilliams,14.59,48.0,0,0,0,"bmorrison,smadiraju1,dswanson,jreinhard,cwilliams,cbelus,kpignone",True,2026-05-09-PHI-CAR,2,1,1,4,519,3,2,True,False,42,home,32,1778370167.0,18,False,"tnye,eholmgren,ddamiano,sheyman,mhanna,cwhite1,ndigiorgi",33,60,3a8479bb02bbc53e851bce00e1c24878230a45974136e7143cff4e4b8e841b76,1778370167.0,False,42,499.266666666667,17.9849548234073,11.05,14.19,-37.9085128267381,6eea5f98cbeabf194741e6536f62abb8521c05a08d8b3bff37720d0cd3d3bf73,0.968301349373961,0.0316986506260392,0.67989899839363,0.67989899839363,0.720054673079599,0.822070681948585,2659.26666666667,1,0.776,0.0401556746859686,0.125446888589709,60,fa1f4e87d707a9c0166fc4cda7369052590ba28e,2026-07-21 08:07:47,2026-06-06 14:01:41,flyers,phoenix,31,14,Final,2026-05-09 19:30:00
2026-05-09-PHI-CAR,cwilliams,14.59,48.0,dswanson,19.3,60.95,0,0,0,"bmorrison,smadiraju1,dswanson,jreinhard,cwilliams,cbelus,kpignone",True,2026-05-09-PHI-CAR,2,1,1,4,519,3,3,True,False,43,home,33,1778370170.0,18,False,"tnye,eholmgren,ddamiano,sheyman,mhanna,cwhite1,ndigiorgi",34,61,b8573cafdb7a64b58ad89069d919c7051e8aa7dc64148bfbf6c6ce7e4c23fe0b,1778370170.0,False,43,494.333333333333,13.7799346877988,4.71,12.95,-19.9866588673299,7242bb790a401bda3adb87ca9b830642d54c991154ed16a6f2ba260edbbce0b3,0.97681136299246,0.0231886370075403,0.67989899839363,0.720277021979531,0.760171256128091,0.754270970448367,2654.33333333333,1,0.782,0.0398942341485601,0.124630144699198,61,eea2aef55ffd8a744a9a888133886c9e996fd55c,2026-07-21 08:07:47,2026-06-06 14:01:41,flyers,phoenix,31,14,Final,2026-05-09 19:30:00
2026-05-09-PHI-CAR,dswanson,19.3,60.95,smadiraju1,10.09,51.27,0,0,0,"bmorrison,smadiraju1,dswanson,jreinhard,cwilliams,cbelus,kpignone",True,2026-05-09-PHI-CAR,2,1,1,4,519,3,4,True,False,44,home,34,1778370175.0,18,False,"tnye,eholmgren,ddamiano,sheyman,mhanna,cwhite1,ndigiorgi",35,63,0ac28bd02c0cd7680c6344ca1fa79a1c00c34aabddd5341fe28b347fea62c0e2,1778370175.0,False,44,489.4,13.3613809166568,-9.21,-9.68,136.425275889573,6107c7c33bfa4c90bb4b91e06054e06835302a794f367321726f87e34e72475e,0.980099859691544,0.0199001403084562,0.67989899839363,0.760339563406238,0.739231431030266,0.8121147774998,2649.4,1,0.779,-0.0211081323759716,-0.0659421003684595,63,529752fb8c9729cc42ef51d356eefa42f07020eb,2026-07-21 08:07:47,2026-06-06 14:01:41,flyers,phoenix,31,14,Final,2026-05-09 19:30:00
2026-05-09-PHI-CAR,smadiraju1,10.09,51.27,kpignone,1.9,55.15,0,0,0,"bmorrison,smadiraju1,dswanson,jreinhard,cwilliams,cbelus,kpignone",True,2026-05-09-PHI-CAR,2,1,1,4,519,3,5,True,False,45,home,35,1778370179.0,18,False,"tnye,eholmgren,ddamiano,sheyman,mhanna,cwhite1,ndigiorgi",36,64,15d6c84c5862a03174c2f9cf825c476e8dd5c24f8dc0201426796198381dbebf,1778370179.0,False,45,484.466666666667,9.0625879306079,-8.19,3.88,64.6508168791597,ae599f143d028cb99fb86bc4979cb982c12fc7fba2825c694a7f5b2484b8c78d,0.984759707793845,0.0152402922061545,0.67989899839363,0.739376502823008,0.757050564634283,0.79727941222734,2644.46666666667,1,0.781,0.0176740618112751,0.0552140159592783,64,4a5acaebbe2508abf0db57e647de0aadef4f2b2a,2026-07-21 08:07:47,2026-06-06 14:01:41,flyers,phoenix,31,14,Final,2026-05-09 19:30:00
2026-05-09-PHI-CAR,kpignone,1.9,55.15,cwilliams,6.95,66.95,0,0,0,"bmorrison,smadiraju1,dswanson,jreinhard,cwilliams,cbelus,kpignone",True,2026-05-09-PHI-CAR,2,1,1,4,519,3,6,True,False,46,home,36,1778370181.0,18,False,"tnye,eholmgren,ddamiano,sheyman,mhanna,cwhite1,ndigiorgi",37,65,536244445e7791911abb78ea769c653e686bf38ebcde27c75dd06e53683bad8e,1778370181.0,False,46,479.533333333333,12.8352054911482,5.05,11.8,-23.1692832121054,524f57ddd0a9e384e65309a176bdf72bdbaf5175b6fdd636eebb4e9569778d12,0.974297523969189,0.0257024760308107,0.67989899839363,0.757159286312451,0.805697707906208,0.748068961066768,2639.53333333333,1,0.788,0.0485384215937578,0.1516347070149,65,492ff22042967462b61bc8cb87a2334f97b0832f,2026-07-21 08:07:47,2026-06-06 14:01:41,flyers,phoenix,31,14,Final,2026-05-09 19:30:00
2026-05-09-PHI-CAR,cwilliams,6.95,66.95,cbelus,-4.57,63.95,0,0,0,"bmorrison,smadiraju1,dswanson,jreinhard,cwilliams,cbelus,kpignone",True,2026-05-09-PHI-CAR,2,1,1,4,519,3,7,True,False,47,home,37,1778370182.0,18,False,"tnye,eholmgren,ddamiano,sheyman,mhanna,cwhite1,ndigiorgi",38,66,291649d8b613c36953521d04f49a64d6bde1a5954362b7139c5069cae85b984c,1778370182.0,False,47,474.6,11.9042177399441,-11.52,-3.0,104.596575525494,1b2ff28a4e8b2c8570d966926eedb9990836cfa793f81b582443163b0c6e96a3,0.98132567090994,0.0186743290900602,0.67989899839363,0.805766411072497,0.793393259181985,0.760606874646731,2634.6,1,0.786,-0.0123731518905122,-0.0386538993268368,66,1d1d7366e9dbee77462a057992c57551b8d30162,2026-07-21 08:07:47,2026-06-06 14:01:41,flyers,phoenix,31,14,Final,2026-05-09 19:30:00
2026-05-09-PHI-CAR,cbelus,-4.57,63.95,bmorrison,6.95,62.86,0,0,0,"bmorrison,smadiraju1,dswanson,jreinhard,cwilliams,cbelus,kpignone",True,2026-05-09-PHI-CAR,2,1,1,4,519,3,8,True,False,48,home,38,1778370188.0,18,False,"tnye,eholmgren,ddamiano,sheyman,mhanna,cwhite1,ndigiorgi",39,68,f815465d70c9c70b1f7b6773bf63265ea68b16475a7f3351ca546a3b2e8f5bbe,1778370188.0,False,48,469.666666666667,11.5714519400117,11.52,-1.09,-95.405123649829,31d783ba7b93fc51354e12ad1045648cb62ff5c3d4d35ae3212e2bbb43439e15,0.981541427906816,0.0184585720931845,0.67989899839363,0.793441748639884,0.788428359013248,0.764660779783341,2629.66666666667,1,0.785,-0.00501338962663611,-0.015661899217676,68,fa0a49d9412b91af2a74c46e73028da8bf660aa5,2026-07-21 08:07:47,2026-06-06 14:01:41,flyers,phoenix,31,14,Final,2026-05-09 19:30:00
2026-05-09-PHI-CAR,bmorrison,6.95,62.86,,22.3,107.25,1,0,0,"bmorrison,smadiraju1,dswanson,jreinhard,cwilliams,cbelus,kpignone",True,2026-05-09-PHI-CAR,2,1,1,4,519,3,9,True,False,49,home,39,1778370195.0,22,False,"tnye,eholmgren,ddamiano,sheyman,mhanna,cwhite1,ndigiorgi",40,69,766873f18a78b0790a2bde3c3256b4cc906efac958a0b56c21c9339986ad28de,1778370195.0,False,49,464.733333333333,46.9690813195234,15.35,44.39,-19.0753139840867,a9366e1a60f76abee367414aa810afef57d435ea04d27ea354082e7482dcbbbd,0.742254134885584,-0.742254134885584,0.67989899839363,0.788455374270137,0.942200715948691,0.600090858469846,2624.73333333333,1,0.694,-0.600090858469846,-0.600090858469846,69,e1a7922475e3cb4d83e102429c07a775041acbbb,2026-07-21 08:07:47,2026-06-06 14:01:41,flyers,phoenix,31,14,Final,2026-05-09 19:30:00
2026-05-09-PHI-CAR,tnye,-21.39,19.9,sheyman,-25.23,28.28,0,0,0,"tnye,eholmgren,ddamiano,sheyman,mhanna,cwhite1,ndigiorgi",False,2026-05-09-PHI-CAR,2,1,1,4,519,4,1,False,True,50,away,30,1778370215.0,18,False,"bmorrison,smadiraju1,dswanson,jreinhard,cwilliams,cbelus,kpignone",31,72,cf2e55cba5113c131067a3a4609365160f1c380ffe7ad132f7f19b9ea2efb490,1778370215.0,False,50,459.8,9.21791733527699,-3.84,8.38,24.6188560600472,ca9cd55fbde72211e34c37ffb7db32a019ddbf9a1c97ff179bc15a0269d3001d,0.966753539903455,0.0332464600965449,0.593662849779375,0.606666732641555,0.593681706470006,0.880025008289015,2619.8,1,0.694,-0.0129850261715482,-0.0319562859672019,72,307cfc3064bdcc3218e0ea076449660fbd098933,2026-07-21 08:07:47,2026-06-06 14:01:41,flyers,phoenix,31,14,Final,2026-05-09 19:30:00
2026-05-09-PHI-CAR,sheyman,-25.23,28.28,,-11.57,100.36,1,0,0,"tnye,eholmgren,ddamiano,sheyman,mhanna,cwhite1,ndigiorgi",False,2026-05-09-PHI-CAR,2,1,1,4,519,4,2,False,True,51,away,31,1778370221.0,22,False,"bmorrison,smadiraju1,dswanson,jreinhard,cwilliams,cbelus,kpignone",32,73,7ebdc01bd46dd62c164b4f83625452e7c7d278fa5d0e1f11a9d9e4330c074a53,1778370221.0,False,51,454.866666666667,73.3629470509466,13.66,72.08,-10.7309593818429,a59db4a5ef3a53a243e58fa774453f40b21f87949b88fc578f8e2a39cfa353b1,0.441941040358919,-0.441941040358919,0.593662849779375,0.593662849779375,0.933255294323025,0.638370263885313,2614.86666666667,1,0.764,-0.638370263885313,-0.638370263885313,73,fc98b3431f9a66b5e3193857ce3bfdad3c2b4e64,2026-07-21 08:07:47,2026-06-06 14:01:41,flyers,phoenix,31,14,Final,2026-05-09 19:30:00
2026-05-09-PHI-CAR,smadiraju1,9.2,31.7,bmorrison,-2.05,31.36,0,0,0,"bmorrison,smadiraju1,dswanson,jreinhard,cwilliams,cbelus,kpignone",True,2026-05-09-PHI-CAR,2,1,1,4,519,5,1,True,False,52,home,41,1778370223.0,18,False,"tnye,eholmgren,ddamiano,sheyman,mhanna,cwhite1,ndigiorgi",42,74,9143781be17e98962079db281646ce1694c4d0f476d97c1b8000bb23b898c074,1778370223.0,False,52,449.933333333333,11.2551366051239,-11.25,-0.34,91.7310788633124,50f351c1a6412c3f993ff03733095f55e823d67d6772d23cc4df63e55b364d54,0.987431704775858,0.0125682952241416,0.672544231194901,0.672544231194901,0.673479717440784,0.895315129883522,2609.93333333333,1,0.768,0.000935486245883355,0.0028568323877664,74,a3f4214d7490dce734e8dbe74496cfb30fad91a8,2026-07-21 08:07:47,2026-06-06 14:01:41,flyers,phoenix,31,14,Final,2026-05-09 19:30:00
2026-05-09-PHI-CAR,bmorrison,-2.05,31.36,cbelus,0.34,43.56,0,0,0,"bmorrison,smadiraju1,dswanson,jreinhard,cwilliams,cbelus,kpignone",True,2026-05-09-PHI-CAR,2,1,1,4,519,5,2,True,False,53,home,42,1778370227.0,18,False,"tnye,eholmgren,ddamiano,sheyman,mhanna,cwhite1,ndigiorgi",43,75,969cab812510cea7eb6eb3d329552e90ac699b966e5878bc3e56402cfd5a71de,1778370227.0,False,53,445.0,12.431898487359,2.39,12.2,-11.0839682743878,cefa35c7529e0ee50fbd2404f4bdca2ca7a6bb1f95836c6da2dbeb7eb5fe4eec,0.98067597833199,0.0193240216680099,0.672544231194901,0.673417817001244,0.713277396283421,0.846732783373315,2605.0,1,0.773,0.0398595792821768,0.121725078863708,75,be664dfe1462da1fe5597b7b42c2a81214e32bd7,2026-07-21 08:07:47,2026-06-06 14:01:41,flyers,phoenix,31,14,Final,2026-05-09 19:30:00
2026-05-09-PHI-CAR,cbelus,0.34,43.56,cwilliams,-5.53,55.63,0,0,0,"bmorrison,smadiraju1,dswanson,jreinhard,cwilliams,cbelus,kpignone",True,2026-05-09-PHI-CAR,2,1,1,4,519,5,3,True,False,54,home,43,1778370234.0,18,False,"tnye,eholmgren,ddamiano,sheyman,mhanna,cwhite1,ndigiorgi",44,76,9c1304b10dae8f2c759b0054d72972c5171e22c5902f4d8828c467d4fcebd27d,1778370234.0,False,54,440.066666666667,13.4216913986278,-5.87,12.07,25.9350330099361,b288f52361115f31bd93a96d2cbfae6121c5d3bb08fd13841339637994e0b1c0,0.975931752540024,0.024068247459976,0.672544231194901,0.713201860715176,0.758661751449723,0.794990501935582,2600.06666666667,1,0.78,0.0454598907345465,0.138827576317961,76,cafc673a52235afa350ef320a3ffee19763a97fb,2026-07-21 08:07:47,2026-06-06 14:01:41,flyers,phoenix,31,14,Final,2026-05-09 19:30:00
2026-05-09-PHI-CAR,cwilliams,-5.53,55.63,cbelus,-2.26,46.15,0,0,0,"bmorrison,smadiraju1,dswanson,jreinhard,cwilliams,cbelus,kpignone",True,2026-05-09-PHI-CAR,2,1,1,4,519,5,4,True,False,55,home,44,1778370239.0,18,False,"tnye,eholmgren,ddamiano,sheyman,mhanna,cwhite1,ndigiorgi",45,77,6a8e5cc7ed83f6e9b3b20e8c3fcdb1c9cf929cd151fde6a58f7920fbbd2dbdec,1778370239.0,False,55,435.133333333333,10.0281254479589,3.27,-9.48,-160.968806310848,f130e93b7ae502bde07ac3d1710bb1f81ebf9ee5991cdd9d449076fdfed188a7,0.988906127778476,0.0110938722215237,0.672544231194901,0.758579725079819,0.722354052030252,0.835660574563535,2595.13333333333,1,0.774,-0.0362256730495669,-0.110627683188346,77,653fd28c55c584d383227bdf218afe01754caea8,2026-07-21 08:07:47,2026-06-06 14:01:41,flyers,phoenix,31,14,Final,2026-05-09 19:30:00
2026-05-09-PHI-CAR,cbelus,-2.26,46.15,jreinhard,11.25,52.02,0,0,0,"bmorrison,smadiraju1,dswanson,jreinhard,cwilliams,cbelus,kpignone",True,2026-05-09-PHI-CAR,2,1,1,4,519,5,5,True,False,56,home,45,1778370242.0,18,False,"tnye,eholmgren,ddamiano,sheyman,mhanna,cwhite1,ndigiorgi",46,78,d63a78b1219713a178922ba05e855dceb00ca2628588fb621506ccdc7249fbd5,1778370242.0,False,56,430.2,14.7301391711009,13.51,5.87,-66.5153926383541,1f527012a92df0315a6fd5c54a3588da3ac77457ea850863b12b870ae11202d8,0.976501864741741,0.0234981352582587,0.672544231194901,0.722250275723006,0.741227505790523,0.808262755126177,2590.2,1,0.777,0.0189772300675172,0.0579535677040167,78,001f4b90f7b376ce8aa81eb781bfe11578c6e72f,2026-07-21 08:07:47,2026-06-06 14:01:41,flyers,phoenix,31,14,Final,2026-05-09 19:30:00
2026-05-09-PHI-CAR,jreinhard,11.25,52.02,kpignone,3.47,55.7,0,0,0,"bmorrison,smadiraju1,dswanson,jreinhard,cwilliams,cbelus,kpignone",True,2026-05-09-PHI-CAR,2,1,1,4,519,5,6,True,False,57,home,46,1778370246.0,18,False,"tnye,eholmgren,ddamiano,sheyman,mhanna,cwhite1,ndigiorgi",47,79,27cb87057c580b8912bf0dd65d9b01a01233f389e0da051cd6f6243a38b2704b,1778370246.0,False,57,425.266666666667,8.60643944962143,-7.78,3.68,64.6854896785239,a49113ecd78418609eb8174a01814cd816ebec5e445a8331bd4ef495d2290786,0.984913818140189,0.0150861818598113,0.672544231194901,0.741116701876057,0.758971475154493,0.794674948769877,2585.26666666667,1,0.779,0.0178547732784368,0.0545257557794435,79,7a506cac87a7181c5d2ae548bbbf0e40a85bb66d,2026-07-21 08:07:47,2026-06-06 14:01:41,flyers,phoenix,31,14,Final,2026-05-09 19:30:00
2026-05-09-PHI-CAR,kpignone,3.47,55.7,bmorrison,-4.71,59.38,0,0,0,"bmorrison,smadiraju1,dswanson,jreinhard,cwilliams,cbelus,kpignone",True,2026-05-09-PHI-CAR,2,1,1,4,519,5,7,True,False,58,home,47,1778370247.0,18,False,"tnye,eholmgren,ddamiano,sheyman,mhanna,cwhite1,ndigiorgi",48,80,25e7b449b1ea308599e75e95315e58f88efd844d704a2b7fed54c64350452f67,1778370247.0,False,58,420.333333333333,8.96965997125866,-8.18,3.68,65.778079791777,9b30e7838eb28a53c72aefa6e59b939c16dda36dc69f200965a656f2c1dc46ff,0.985077415148036,0.0149225848519642,0.672544231194901,0.758856462340544,0.773757627950913,0.77894873317545,2580.33333333333,1,0.781,0.0149011656103686,0.045505888214288,80,6a1c81e2e563601d07515b8a571e88cb98748fd8,2026-07-21 08:07:47,2026-06-06 14:01:41,flyers,phoenix,31,14,Final,2026-05-09 19:30:00
2026-05-09-PHI-CAR,bmorrison,-4.71,59.38,cbelus,-4.71,53.11,0,0,0,"bmorrison,smadiraju1,dswanson,jreinhard,cwilliams,cbelus,kpignone",True,2026-05-09-PHI-CAR,2,1,1,4,519,5,8,True,False,59,home,48,1778370251.0,18,False,"tnye,eholmgren,ddamiano,sheyman,mhanna,cwhite1,ndigiorgi",49,81,06e9746c62c5f75a1b11c906fa5c49c3c08ac49e203237a4b0f8a85e28c6a1aa,1778370251.0,False,59,415.4,6.27,0.0,-6.27,-180.0,8a16f86b6a459c086e8c953887c61c4051a8c4c7a89f3a975e7faebcf2201c7e,0.990508826541119,0.00949117345888062,0.672544231194901,0.77364024537573,0.748178047720043,0.805389557127009,2575.4,1,0.777,-0.0254621976556871,-0.0777576701384735,81,83f2db28ba80d4470e26c32b0765a37762da3eb6,2026-07-21 08:07:47,2026-06-06 14:01:41,flyers,phoenix,31,14,Final,2026-05-09 19:30:00
2026-05-09-PHI-CAR,cbelus,-4.71,53.11,bmorrison,-1.03,54.75,0,0,0,"bmorrison,smadiraju1,dswanson,jreinhard,cwilliams,cbelus,kpignone",True,2026-05-09-PHI-CAR,2,1,1,4,519,5,9,True,False,60,home,49,1778370252.0,18,False,"tnye,eholmgren,ddamiano,sheyman,mhanna,cwhite1,ndigiorgi",50,82,6588b024050ca0d9a7ab0fea4bc29dadf237bacb077000e66faca1ca4253226b,1778370252.0,False,60,410.466666666667,4.02889563031856,3.68,1.64,-65.9797532027351,b224e7b2885de877164188273c612d88a9168ab5a00a6432a086862257df9d6d,0.990975787674182,0.00902421232581774,0.672544231194901,0.74804557089661,0.754921571865925,0.798559401610389,2570.46666666667,1,0.778,0.00687600096931495,0.0209982587706602,82,010c8d8e2ae78f14fcb702911957b5abce8ce482,2026-07-21 08:07:47,2026-06-06 14:01:41,flyers,phoenix,31,14,Final,2026-05-09 19:30:00
2026-05-09-PHI-CAR,bmorrison,-1.03,64.75,cbelus,-1.03,64.75,0,0,0,"bmorrison,smadiraju1,dswanson,jreinhard,cwilliams,cbelus,kpignone",True,2026-05-09-PHI-CAR,2,1,1,4,519,5,10,True,False,61,home,51,1778370269.0,18,False,"tnye,eholmgren,ddamiano,sheyman,mhanna,cwhite1,ndigiorgi",52,85,9a980511b39420d07cf226be0b7b29dcd1f3fadfc64244fddbbb08d8a67801ae,1778370269.0,False,61,405.533333333333,0.0,0.0,0.0,-90.0,256869bd5897bf717225b66edac0eb67d92ca8d4191f7fe3dfd44a97ee439d5c,0.5,0.5,0.672544231194901,0.796301468399975,0.796301468399975,0.756813877788657,2565.53333333333,1,0.784,0.0,0.0,85,fe71603cb7446b9bfac7a34bb8c2a91529e79320,2026-07-21 08:07:47,2026-06-06 14:01:41,flyers,phoenix,31,14,Final,2026-05-09 19:30:00
2026-05-09-PHI-CAR,cbelus,-1.03,64.75,kpignone,-11.94,69.47,0,0,0,"bmorrison,smadiraju1,dswanson,jreinhard,cwilliams,cbelus,kpignone",True,2026-05-09-PHI-CAR,2,1,1,4,519,5,11,True,False,62,home,52,1778370275.0,18,False,"tnye,eholmgren,ddamiano,sheyman,mhanna,cwhite1,ndigiorgi",53,86,93ed6bec2566bb3b9161176a150381b698a75e3cb9cea5752cd71c400586dd26,1778370275.0,False,62,400.6,11.8872410592198,-10.91,4.72,66.6052135046125,81c836a5ff70ca703b04ec7efac1cb53ea22865a78449d7e0131b34a389f470e,0.97779993880035,0.0222000611996503,0.672544231194901,0.79618131350717,0.813572275644263,0.733835204633687,2560.6,1,0.787,0.0173909621370929,0.0531093472579619,86,89a6b6689c730e558e4b316047cac00d9ef1f7f4,2026-07-21 08:07:47,2026-06-06 14:01:41,flyers,phoenix,31,14,Final,2026-05-09 19:30:00
2026-05-09-PHI-CAR,kpignone,-11.94,69.47,cwilliams,-8.67,83.59,0,0,0,"bmorrison,smadiraju1,dswanson,jreinhard,cwilliams,cbelus,kpignone",True,2026-05-09-PHI-CAR,2,1,1,4,519,5,12,True,False,63,home,53,1778370278.0,18,False,"tnye,eholmgren,ddamiano,sheyman,mhanna,cwhite1,ndigiorgi",54,87,77198630226cefc5c4e486eb7fdedc8f2f338f1846e16f90f2d3c1403ddfa124,1778370278.0,False,63,395.666666666667,14.4936986307843,3.27,14.12,-13.0390619757771,bd824d018d04e8bb6b18bb4a981b3f57f41b90840d04d5f920a75cdd360567ef,0.959430824591995,0.0405691754080048,0.672544231194901,0.813459166230118,0.874518192714401,0.686121175075198,2555.66666666667,1,0.798,0.0610590264842836,0.18646495893809,87,f31b64044a5efe873db9669cb905e68aca7bb203,2026-07-21 08:07:47,2026-06-06 14:01:41,flyers,phoenix,31,14,Final,2026-05-09 19:30:00
2026-05-09-PHI-CAR,cwilliams,-8.67,83.59,bmorrison,-19.65,85.56,0,0,0,"bmorrison,smadiraju1,dswanson,jreinhard,cwilliams,cbelus,kpignone",True,2026-05-09-PHI-CAR,2,1,1,4,519,5,13,True,False,64,home,54,1778370280.0,18,False,"tnye,eholmgren,ddamiano,sheyman,mhanna,cwhite1,ndigiorgi",55,88,b5b63ac52a14f9d12a5a5b76ab91749d7ed96eeec5722d67c3866a042f2e622e,1778370280.0,False,64,390.733333333333,11.1553260821905,-10.98,1.97,79.8283779227828,de1244f945ecc09c203e2d1a3e0e37bd253cf55f6efabfd7b87a7a8c70a00d2a,0.980086092865686,0.0199139071343141,0.672544231194901,0.874436817741016,0.871144059022836,0.654123815377957,2550.73333333333,1,0.797,-0.00329275871818047,-0.0100555831714185,88,498cbefae18d80444bbde1cee79cac0175ffa3fc,2026-07-21 08:07:47,2026-06-06 14:01:41,flyers,phoenix,31,14,Final,2026-05-09 19:30:00
2026-05-09-PHI-CAR,bmorrison,-19.65,85.56,smadiraju1,-21.22,90.95,0,0,0,"bmorrison,smadiraju1,dswanson,jreinhard,cwilliams,cbelus,kpignone",True,2026-05-09-PHI-CAR,2,1,1,4,519,5,14,True,False,65,home,55,1778370322.0,18,False,"tnye,eholmgren,ddamiano,sheyman,mhanna,cwhite1,ndigiorgi",56,90,4a5820b097fb5b3a7c46ede8d3400d19001fe64c46511810643108791d25aa9a,1778370322.0,False,65,385.8,5.61400035625222,-1.57,5.39,16.2397929601505,6c14a8bc7420a3bccd82fe350863ffc84cb9bc3dea8946f0806d733683723015,0.98194004165505,0.01805995834495,0.672544231194901,0.871062327485705,0.889239163213161,0.628756370277245,2545.8,1,0.8,0.0181768357274565,0.0555092854029863,90,277a6485e9c30c73808dd400dcb49ff4dbd424ef,2026-07-21 08:07:47,2026-06-06 14:01:41,flyers,phoenix,31,14,Final,2026-05-09 19:30:00
2026-05-09-PHI-CAR,smadiraju1,-21.22,90.95,kpignone,-13.99,88.84,0,0,0,"bmorrison,smadiraju1,dswanson,jreinhard,cwilliams,cbelus,kpignone",True,2026-05-09-PHI-CAR,2,1,1,4,519,5,15,True,False,66,home,56,1778370325.0,18,False,"tnye,eholmgren,ddamiano,sheyman,mhanna,cwhite1,ndigiorgi",57,91,026f0f2cf6ffd568f29b578049d30f15d765e2486930d08f12dd3abfa960348d,1778370325.0,False,66,380.866666666667,7.53160009559722,7.23,-2.11,-106.269333570019,48a34d1a648f13f3a83360a727743220e78ee78f1491c76c2cb2c3e0355e595f,0.973800998288536,0.0261990017114637,0.672544231194901,0.889169680239611,0.892241215558842,0.662755732080667,2540.86666666667,1,0.8,0.00307153531923132,0.00938000063471012,91,5c816346a0bebef103ab995cc26418e81026668a,2026-07-21 08:07:47,2026-06-06 14:01:41,flyers,phoenix,31,14,Final,2026-05-09 19:30:00
2026-05-09-PHI-CAR,kpignone,-13.99,88.84,smadiraju1,-11.67,110.25,0,0,0,"bmorrison,smadiraju1,dswanson,jreinhard,cwilliams,cbelus,kpignone",True,2026-05-09-PHI-CAR,3,1,1,4,519,5,16,True,False,67,home,57,1778370334.0,19,False,"tnye,eholmgren,ddamiano,sheyman,mhanna,cwhite1,ndigiorgi",58,92,30e066660389728edec87b116e8ffee9afe949a76ca4900bea5d8a56b5bb45b1,1778370334.0,False,67,375.933333333333,21.5353314346448,2.32,21.41,-6.18447312443226,b5e406f554a3f47ed1d8e4bb1d58cf757eea2d51b687f198796d0b2b17b88b2e,0.902556382592796,0.0974436174072043,0.672544231194901,0.892176451326089,1.0,0.636054729261059,2535.93333333333,1,0.813,0.107823548673911,0.329276680839564,92,5e909b8f67e6b9a609677658dcaa0b0570e23e55,2026-07-21 08:07:47,2026-06-06 14:01:41,flyers,phoenix,31,14,Final,2026-05-09 19:30:00
2026-05-09-PHI-CAR,czaleski,19.25,8.92,tmackey,-0.45,14.96,0,0,0,"sheyman,tmackey,jbray,swhitcomb,dloughnan,idietrich,czaleski",False,2026-05-09-PHI-CAR,3,1,1,5,371,1,1,True,True,68,away,36,1778370387.0,18,False,"bmorrison,aolcese,smadiraju,dbruer,ali,cwilliams,jreinhard",37,95,1f7be6047e4de3ed61cad3989a9dd9cce53faee3c3389431eeac0e92498f5287,1778370387.0,False,68,371.0,20.6051352822543,-19.7,6.04,72.9545136375486,9b68410dd6482f89452ff8a475f5144dc472105d1698c384c2fe215205dc81f8,0.973105052195615,0.0268949478043847,0.588009815069073,0.588009815069073,0.628586298211015,0.932611457221424,2531.0,2,0.826,0.0405764831419417,0.0984889558685596,95,6b7bcd2d05ed8dc9ce423035572a0a7a8ff70813,2026-07-21 08:07:47,2026-06-06 14:01:41,flyers,phoenix,31,14,Final,2026-05-09 19:30:00
2026-05-09-PHI-CAR,tmackey,-0.45,14.96,sheyman,-10.68,21.83,0,0,0,"sheyman,tmackey,jbray,swhitcomb,dloughnan,idietrich,czaleski",False,2026-05-09-PHI-CAR,3,1,1,5,371,1,2,True,True,69,away,37,,18,False,"bmorrison,aolcese,smadiraju,dbruer,ali,cwilliams,jreinhard",38,101,d9b024481fef7c6e1b81b01987a1403d42e95637d5e0eed3ba7139dc79351d10,1778370423.5,True,69,364.571428571429,12.3227350860107,-10.23,6.87,56.1164970863491,90d823262ce3cc232066163ab7d2c4fd0f31055d6b561848108381f82464838c,0.986348230758744,0.0136517692412564,0.588009815069073,0.628411834349364,0.641996357529828,0.926007112529084,2524.57142857143,2,0.825,0.0135845231804643,0.0329729291554406,101,41283fb00a1f298dcdc2f68520838d22163a428d,2026-07-21 08:07:47,2026-06-06 14:01:41,flyers,phoenix,31,14,Final,2026-05-09 19:30:00
2026-05-09-PHI-CAR,sheyman,-10.68,21.83,,-18.57,32.6,1,0,0,"sheyman,tmackey,jbray,swhitcomb,dloughnan,idietrich,czaleski",False,2026-05-09-PHI-CAR,3,1,1,5,371,1,3,True,True,70,away,38,1778370460.0,22,False,"bmorrison,aolcese,smadiraju,dbruer,ali,cwilliams,jreinhard",39,104,8ecdaf4a8728a7d5a29bd5b42334f2ed755175cb972b0189fe7d25d50d1059c9,1778370460.0,False,70,358.142857142857,13.350842670034,-7.89,10.77,36.2261519316686,56bb6e39b78b0e8af2f0fe9fc6793ee8e23aafb866ee93d2d91f6c363ee941bc,0.984833177791022,-0.984833177791022,0.588009815069073,0.641848832380628,0.655174722672171,0.879257106405918,2518.14285714286,2,0.896,-0.879257106405918,-0.879257106405918,104,eb47d142608b004b9ae57344067f79afbf62257c,2026-07-21 08:07:47,2026-06-06 14:01:41,flyers,phoenix,31,14,Final,2026-05-09 19:30:00
2026-05-09-PHI-CAR,aolcese,4.02,74.04,ali,10.63,74.79,0,0,0,"bmorrison,aolcese,smadiraju,dbruer,ali,cwilliams,jreinhard",True,2026-05-09-PHI-CAR,3,1,1,5,371,2,1,False,False,71,home,61,1778370418.0,18,False,"sheyman,tmackey,jbray,swhitcomb,dloughnan,idietrich,czaleski",62,99,ec95986906ad6be2495fda1c7ed2dd0ac5a936055b382e3e4a2fdbca5901ce9e,1778370418.0,False,71,351.714285714286,6.65241309601261,6.61,0.75,-83.5266509717151,b937f11a47ddeb7ba25fc330e8685e8f6fa9225a894c0b8445c1ffc71fa0d084,0.985061291881642,0.0149387081183582,0.831125109469746,0.834868800084854,0.836237739374926,0.714274484373466,2511.71428571429,2,0.891,0.00136893929007231,0.00810623347126355,99,6f64f84059f67758ab90094a3923e52609be2873,2026-07-21 08:07:47,2026-06-06 14:01:41,flyers,phoenix,31,14,Final,2026-05-09 19:30:00
2026-05-09-PHI-CAR,ali,10.63,74.79,aolcese,-0.35,73.15,0,0,0,"bmorrison,aolcese,smadiraju,dbruer,ali,cwilliams,jreinhard",True,2026-05-09-PHI-CAR,3,1,1,5,371,2,2,False,False,72,home,62,1778370421.0,18,False,"sheyman,tmackey,jbray,swhitcomb,dloughnan,idietrich,czaleski",63,100,4fc9f096bb57c52e8462cad4c49c0e64ca4633835d72f8684efacdc24c86427f,1778370421.0,False,72,345.285714285714,11.1018016555873,-10.98,-1.64,98.4950386898867,1c9355e0c1ec6b3dd2320e2764ae9057cf3594cb28b1c3e0392d5ee586d49a2d,0.978874243895838,0.0211257561041622,0.831125109469746,0.836177585001678,0.8311764152977,0.722806393364288,2505.28571428571,2,0.89,-0.00500116970397813,-0.0296146436469912,100,ee206dcb275fff4dc016a0bcbfbddaf0bf5f14b6,2026-07-21 08:07:47,2026-06-06 14:01:41,flyers,phoenix,31,14,Final,2026-05-09 19:30:00
2026-05-09-PHI-CAR,aolcese,-0.35,73.15,dbruer,-12.49,80.25,0,0,0,"bmorrison,aolcese,smadiraju,dbruer,ali,cwilliams,jreinhard",True,2026-05-09-PHI-CAR,3,1,1,5,371,2,3,False,False,73,home,63,1778370425.0,18,False,"sheyman,tmackey,jbray,swhitcomb,dloughnan,idietrich,czaleski",64,102,5d4d27c7bb9390dc237c0a6f9b4951f9da3a11b3b564206c7187367ac7e16d96,1778370425.0,False,73,338.857142857143,14.063769053849,-12.14,7.09999999999999,59.679047194309,c082f204897115d3565bf6b6f3bca1be1c1fe1aa0468bc00658d4523e3c0797a,0.96921141085043,0.0307885891495704,0.831125109469746,0.831125109469746,0.858435492096486,0.692135600233128,2498.85714285714,2,0.893,0.0273103826267396,0.161719617054893,102,853519208f387ab92270c7fc37797d021944c980,2026-07-21 08:07:47,2026-06-06 14:01:41,flyers,phoenix,31,14,Final,2026-05-09 19:30:00
2026-05-09-PHI-CAR,dbruer,-12.49,80.25,,-22.37,106.22,1,0,0,"bmorrison,aolcese,smadiraju,dbruer,ali,cwilliams,jreinhard",True,2026-05-09-PHI-CAR,3,1,1,5,371,2,4,False,False,74,home,64,1778370428.0,22,False,"sheyman,tmackey,jbray,swhitcomb,dloughnan,idietrich,czaleski",65,103,7c6f244e334cfaff63ac53c11690338602d8dbd035cdddc21a7c8353b922ecb1,1778370428.0,False,74,332.428571428571,27.7858831063546,-9.88,25.97,20.8287652781102,aec08564a27f40514b4b959aa2eb7998006ce018ef60e60da66dceeadfa5ae43,0.88027681441426,-0.88027681441426,0.831125109469746,0.858397695087834,0.938934267093818,0.595133262323536,2492.42857142857,2,0.829,-0.595133262323536,-0.595133262323536,103,f1b7e0c831825f7ed66179c9e4953236a7bc53e9,2026-07-21 08:07:47,2026-06-06 14:01:41,flyers,phoenix,31,14,Final,2026-05-09 19:30:00
2026-05-09-PHI-CAR,tmackey,19.45,20.32,czaleski,11.49,24.02,0,0,0,"sheyman,tmackey,jbray,swhitcomb,dloughnan,idietrich,czaleski",False,2026-05-09-PHI-CAR,3,1,1,5,371,3,1,True,True,75,away,40,,18,False,"bmorrison,aolcese,smadiraju,dbruer,ali,cwilliams,jreinhard",41,107,7db6d89b549f99b1deff6d456102c3e8654e4ba1a2e3296273fa8ef88841a1ae,1778370463.5,True,75,326.0,8.77790407785366,-7.96,3.7,65.069858496163,0f0520fbf17f6e39962686c53c272afaf2189813fe1b37d24d56bcfc5a913c4c,0.987630538347128,0.0123694616528721,0.612799617537096,0.612799617537096,0.645707423387188,0.918661163792733,2486.0,2,0.824,0.0329078058500915,0.0849890840519618,107,bd9676fff77581b0e16f6e309047a502f48c08d7,2026-07-21 08:07:47,2026-06-06 14:01:41,flyers,phoenix,31,14,Final,2026-05-09 19:30:00
2026-05-09-PHI-CAR,czaleski,11.49,24.02,tmackey,17.88,21.14,0,0,0,"sheyman,tmackey,jbray,swhitcomb,dloughnan,idietrich,czaleski",False,2026-05-09-PHI-CAR,3,1,1,5,371,3,2,True,True,76,away,41,,18,False,"bmorrison,aolcese,smadiraju,dbruer,ali,cwilliams,jreinhard",42,108,c1663ecaf70e38b96a5c8ce472e93d4bfb48c7d8895f291dd916df82c4846196,1778370465.25,True,76,319.571428571429,7.00902989007751,6.39,-2.88,-114.261290852478,cd563602ed5355f2b80ac22d56778249ee5f6c87b8508802ada10865eba3c312,0.993845378914671,0.00615462108532916,0.612799617537096,0.645648202469841,0.621906849500159,0.923731304395971,2479.57142857143,2,0.826,-0.0237413529696824,-0.0613154171456868,108,30e8bc4675787ef3fb87acd765c12ca4d26594ae,2026-07-21 08:07:47,2026-06-06 14:01:41,flyers,phoenix,31,14,Final,2026-05-09 19:30:00
2026-05-09-PHI-CAR,tmackey,17.88,21.14,dloughnan,9.09,30.0,0,0,0,"sheyman,tmackey,jbray,swhitcomb,dloughnan,idietrich,czaleski",False,2026-05-09-PHI-CAR,3,1,1,5,371,3,3,True,True,77,away,42,,18,False,"bmorrison,aolcese,smadiraju,dbruer,ali,cwilliams,jreinhard",43,109,5a89703f275e4a7f4a8fa8a191acdec5c8b28e6743b8e458a776104d37cd4c26,1778370467.0,True,77,313.142857142857,12.4805328411891,-8.79,8.86,44.7727658052282,f0bf3d6ac83bd4f2049ab25890b87f3ba19f4b7a3a16abfd733b30909be800b5,0.980318499294484,0.0196815007055163,0.612799617537096,0.621845401344002,0.664547379948793,0.898361882184792,2473.14285714286,2,0.821,0.0427019786047904,0.110283926718181,109,318311b14da6a28096e5ef69001135e19c6b2197,2026-07-21 08:07:47,2026-06-06 14:01:41,flyers,phoenix,31,14,Final,2026-05-09 19:30:00
2026-05-09-PHI-CAR,dloughnan,9.09,30.0,tmackey,5.8,28.21,0,0,0,"sheyman,tmackey,jbray,swhitcomb,dloughnan,idietrich,czaleski",False,2026-05-09-PHI-CAR,3,1,1,5,371,3,4,True,True,78,away,43,,18,False,"bmorrison,aolcese,smadiraju,dbruer,ali,cwilliams,jreinhard",44,110,782b7b674a7396f794774443630e6600481d3ebceb79e0dc012cfbc159fa49be,1778370468.75,True,78,306.714285714286,3.74542387454344,-3.29,-1.79,118.549415815726,28b9d2b6238c84d9842b877a72f1459fa998b27051d9aadc669ae28fa476c1cb,0.993615467264013,0.00638453273598716,0.612799617537096,0.664484334342376,0.660700596035242,0.905273920554681,2466.71428571429,2,0.822,-0.0037837383071343,-0.00977204176056517,110,6e27e16cd6361319f569f8acd2b133a0bed6adc6,2026-07-21 08:07:47,2026-06-06 14:01:41,flyers,phoenix,31,14,Final,2026-05-09 19:30:00
2026-05-09-PHI-CAR,tmackey,5.8,28.21,idietrich,7.51,37.0,0,0,0,"sheyman,tmackey,jbray,swhitcomb,dloughnan,idietrich,czaleski",False,2026-05-09-PHI-CAR,3,1,1,5,371,3,5,True,True,79,away,44,,18,False,"bmorrison,aolcese,smadiraju,dbruer,ali,cwilliams,jreinhard",45,111,1fc061ef13312d9abb5844c2737d578924387cc07c54cab58766e22efc36c3d5,1778370470.5,True,79,300.285714285714,8.95478642961405,1.71,8.79,-11.0087747769668,190366895c46f2441b46bed5c9d5c80e81f38530c75a9da3ddd51260edc7bb4f,0.986676308645794,0.0133236913542056,0.612799617537096,0.66062811705162,0.686881590377378,0.871504778613735,2460.28571428571,2,0.818,0.0262534733257579,0.0678033248799106,111,851dfe160bd107a42d06da71c44f4d384b67928f,2026-07-21 08:07:47,2026-06-06 14:01:41,flyers,phoenix,31,14,Final,2026-05-09 19:30:00
2026-05-09-PHI-CAR,idietrich,7.51,37.0,,21.65,34.32,1,0,0,"sheyman,tmackey,jbray,swhitcomb,dloughnan,idietrich,czaleski",False,2026-05-09-PHI-CAR,3,1,1,5,371,3,6,True,True,80,away,45,,22,False,"bmorrison,aolcese,smadiraju,dbruer,ali,cwilliams,jreinhard",46,112,4282e610e1c783f52646f15e1ba604baaa6386ee5624a718cf00293fec488b5f,1778370472.25,True,80,293.857142857143,14.3917337385042,14.14,-2.68,-100.732153247416,784cdf32dbb8acfb6bfbdd191c1588b00fc2f027c0fe1a74888926a80bb021d8,0.987026239254226,-0.987026239254226,0.612799617537096,0.686799250698665,0.64123942956023,0.864875818802451,2453.85714285714,2,0.893,-0.864875818802451,-0.864875818802451,112,bf57c0399dd07a178f456ea880e5a366740a4f67,2026-07-21 08:07:47,2026-06-06 14:01:41,flyers,phoenix,31,14,Final,2026-05-09 19:30:00
2026-05-09-PHI-CAR,smadiraju,-15.69,71.18,bmorrison,6.68,107.04,0,0,0,"bmorrison,aolcese,smadiraju,dbruer,ali,cwilliams,jreinhard",True,2026-05-09-PHI-CAR,4,1,1,5,371,4,1,False,False,81,home,66,1778370474.0,19,False,"sheyman,tmackey,jbray,swhitcomb,dloughnan,idietrich,czaleski",67,113,c69daeb1b5463bc11df98787ab764483654d249320abfa30c626f524acd22afd,1778370474.0,False,81,287.428571428571,42.2653108352464,22.37,35.86,-31.9565266878494,d0abcf2b96e4d9db588e90b56675ff849469ea53ff0f50fcc4298a9ef811de17,0.73389863996659,0.26610136003341,0.815197069253644,0.815197069253644,1.0,0.638455385826834,2447.42857142857,2,0.903,0.184802930746356,1.0,113,3aa33e4c0efbef91e8a28313d99a2ecdb5bf3078,2026-07-21 08:07:47,2026-06-06 14:01:41,flyers,phoenix,31,14,Final,2026-05-09 19:30:00
2026-05-09-PHI-CAR,jthornton,-8.55,15.58,crawlins,-18.64,28.69,0,0,0,"crawlins,jthornton,eholmgren,cwhite1,mhanna,ddamiano,ndigiorgi",False,2026-05-09-PHI-CAR,4,1,1,6,281,1,1,True,True,82,away,48,1778370563.0,18,False,"smadiraju1,dswanson,jreinhard,cbelus,kpignone,smadiraju,ali",49,119,4132e304b66b819316ed6a72dee4751e7e819d9cb67c65d555f8937ee51e687d,1778370563.0,False,82,281.0,16.5432826246788,-10.09,13.11,37.5833736765514,9cfcefd4e283e0a60fc4ab9340706e2886bc29b5fc7c2451ee2078d5313822ab,0.981334189384372,0.0186658106156279,0.627081783761867,0.627081783761867,0.642020780043959,0.894342863857971,2441.0,3,0.913,0.0149389962820928,0.0400597118392127,119,5258f8f74bfc13f2bebff8010f8be3c497af5ad0,2026-07-21 08:07:47,2026-06-06 14:01:41,flyers,phoenix,31,14,Final,2026-05-09 19:30:00
2026-05-09-PHI-CAR,crawlins,-18.64,28.69,cwhite1,-25.44,71.32,0,0,0,"crawlins,jthornton,eholmgren,cwhite1,mhanna,ddamiano,ndigiorgi",False,2026-05-09-PHI-CAR,4,1,1,6,281,1,2,True,True,83,away,49,,18,False,"smadiraju1,dswanson,jreinhard,cbelus,kpignone,smadiraju,ali",50,120,ac0360b1bed600a933199aef604ccffef96240396f790de0204d465640fee9df,1778370566.0,True,83,270.25,43.1689344320658,-6.8,42.63,9.06301693354136,f8576e9edaaec74001efbea5074ef4d5202bdd3a91962212036e55469246331f,0.517783644410463,0.482216355589537,0.627081783761867,0.641743882666943,0.771769032223195,0.66866232476968,2430.25,3,0.903,0.130025149556252,0.348669343288991,120,05d6f7b51c483752ce10479219b4ddc776b8df58,2026-07-21 08:07:47,2026-06-06 14:01:41,flyers,phoenix,31,14,Final,2026-05-09 19:30:00
2026-05-09-PHI-CAR,cwhite1,-25.44,71.32,crawlins,-16.44,88.14,0,0,0,"crawlins,jthornton,eholmgren,cwhite1,mhanna,ddamiano,ndigiorgi",False,2026-05-09-PHI-CAR,4,1,1,6,281,1,3,True,True,84,away,50,,18,False,"smadiraju1,dswanson,jreinhard,cbelus,kpignone,smadiraju,ali",51,121,d20d939f9378b584e06c69cc1adc5e07d0e78c3c1d935f1c267fa8a8068e0586,1778370569.0,True,84,259.5,19.0764881464068,9.0,16.82,-28.1502239926419,e3d0fa6e487eab8c8e4de125f53a613ff72d06989087e541c5e884772c6126d5,0.928769123931258,0.0712308760687425,0.627081783761867,0.771483646823842,0.886121940554271,0.656205463372369,2419.5,3,0.891,0.114638293730429,0.307408672300484,121,583e67d262148147cc91300b6e39d810c193e5f0,2026-07-21 08:07:47,2026-06-06 14:01:41,flyers,phoenix,31,14,Final,2026-05-09 19:30:00
2026-05-09-PHI-CAR,crawlins,-16.44,98.14,jthornton,-25.02,102.42,0,0,0,"crawlins,jthornton,eholmgren,cwhite1,mhanna,ddamiano,ndigiorgi",False,2026-05-09-PHI-CAR,4,2,1,6,281,1,4,True,True,85,away,52,1778370582.0,19,False,"smadiraju1,dswanson,jreinhard,cbelus,kpignone,smadiraju,ali",53,124,5a0be25162554f3c0d36cab6a4fd31d5ee0f13ba6242ec57027dbd6952f30ded,1778370582.0,False,85,248.75,9.5882636592868,-8.58,4.28,63.4883963629349,70a26a118aa9abec043fc9f6b4e9aa4aaf2355339d7ab09fa68344accacb1f1e,0.93031147853856,0.06968852146144,0.627081783761867,0.922289288082584,1.0,0.573314781404606,2408.75,3,0.887,0.0777107119174157,0.20838540069545,124,2adb6db6a157aeb54bd2a006b346ea508b4ea673,2026-07-21 08:07:47,2026-06-06 14:01:41,flyers,phoenix,31,14,Final,2026-05-09 19:30:00
2026-05-09-PHI-CAR,jlouie,4.09,21.34,alaviolet,-0.76,27.95,0,0,0,"dhawkins,gsanner,tmitchell,alaviolet,jfairfax,jlouie,wmatthews",True,2026-05-09-PHI-CAR,4,2,1,7,238,1,1,True,True,86,home,72,1778370624.0,18,False,"tmackey,jwisner,sdavies1,jbray,idietrich,dloughnan,czaleski",73,126,c55fa936780d859b0530485a3f0fd7cfb1474b3448568ed85eeb5c8a2aa7361b,1778370624.0,False,86,238.0,8.19845107322109,-4.85,6.61,36.2688661382839,6e156fd026f9b07370335b1d928973241e19c51c23d1d59329ffe6e598eeeeff,0.989906413398377,0.0100935866016231,0.64047811398633,0.64047811398633,0.658470384004108,0.905638366407452,2398.0,2,0.874,0.0179922700177779,0.0500449923015084,126,bfb2e1a2adf2847ebeba1dfac94a191b75acac2e,2026-07-21 08:07:47,2026-06-06 14:01:41,flyers,phoenix,31,14,Final,2026-05-09 19:30:00
2026-05-09-PHI-CAR,alaviolet,-0.76,27.95,jlouie,7.22,25.7,0,0,0,"dhawkins,gsanner,tmitchell,alaviolet,jfairfax,jlouie,wmatthews",True,2026-05-09-PHI-CAR,4,2,1,7,238,1,2,True,True,87,home,73,1778370628.0,18,False,"tmackey,jwisner,sdavies1,jbray,idietrich,dloughnan,czaleski",74,128,3f74718b500bf05fc866e4df64382f2453481b2dca9e7800c56d34e3dcf53b89,1778370628.0,False,87,233.95652173913,8.29113381872467,7.98,-2.25,-105.746057512068,e0aee04996e125da39cd904e6d7bf6ea0ebd3c45444526eeb8f9731c628dc157,0.991480754134388,0.00851924586561192,0.64047811398633,0.658201981998889,0.650900321765878,0.913041447237601,2393.95652173913,2,0.873,-0.00730166023301115,-0.0203093622865939,128,bb627a1f9ddf861a0b7b7ac7c9ebeb76f3366156,2026-07-21 08:07:47,2026-06-06 14:01:41,flyers,phoenix,31,14,Final,2026-05-09 19:30:00
2026-05-09-PHI-CAR,jlouie,7.22,25.7,jfairfax,8.38,36.34,0,0,0,"dhawkins,gsanner,tmitchell,alaviolet,jfairfax,jlouie,wmatthews",True,2026-05-09-PHI-CAR,4,2,1,7,238,1,3,True,True,88,home,74,1778370629.0,18,False,"tmackey,jwisner,sdavies1,jbray,idietrich,dloughnan,czaleski",75,129,17969d3f506ca8babf92e471755780eac55866385fa24a18a6d8608096d8c1b3,1778370629.0,False,88,229.913043478261,10.7030462953311,1.16,10.64,-6.22195877400252,30f2fa951dea18a01d9b61d76346cbd8e367f79cf52ccb7b66c0473e232acea1,0.983808807067454,0.0161911929325458,0.64047811398633,0.65060612757117,0.681843359216921,0.872716240249736,2389.91304347826,2,0.876,0.0312372316457501,0.086885480024886,129,84c7892173b8c182d02c68a63fd37b658e3d19b8,2026-07-21 08:07:47,2026-06-06 14:01:41,flyers,phoenix,31,14,Final,2026-05-09 19:30:00
2026-05-09-PHI-CAR,jfairfax,8.38,36.34,wmatthews,16.3,50.72,0,0,0,"dhawkins,gsanner,tmitchell,alaviolet,jfairfax,jlouie,wmatthews",True,2026-05-09-PHI-CAR,4,2,1,7,238,1,4,True,True,89,home,75,1778370633.0,18,False,"tmackey,jwisner,sdavies1,jbray,idietrich,dloughnan,czaleski",76,130,fb302c966af5fa3b9d1715e24f83536ade1eef97e106f13c3b0e77e2d68b48d4,1778370633.0,False,89,225.869565217391,16.4167840943347,7.92,14.38,-28.8444323799409,2c710468e7fc2b407e739b33af8a7d94fbe83e1a708d74a56edf5ad9bb34d2ea,0.971961269863863,0.0280387301361368,0.64047811398633,0.681539497110109,0.721878438887996,0.803777217834262,2385.86956521739,2,0.879,0.0403389417778868,0.112201630407427,130,9178fdb84b59f0dcdf7432f4826e9d1aa97284ed,2026-07-21 08:07:47,2026-06-06 14:01:41,flyers,phoenix,31,14,Final,2026-05-09 19:30:00
2026-05-09-PHI-CAR,wmatthews,16.3,50.72,dhawkins,16.84,70.02,0,0,0,"dhawkins,gsanner,tmitchell,alaviolet,jfairfax,jlouie,wmatthews",True,2026-05-09-PHI-CAR,4,2,1,7,238,1,5,True,True,90,home,76,1778370637.0,18,False,"tmackey,jwisner,sdavies1,jbray,idietrich,dloughnan,czaleski",77,131,fc20b009c7cc75dcacbf66a6ee1131e077ed957ab5d077b639c711c0da6b5b56,1778370637.0,False,90,221.826086956522,19.3075529262514,0.539999999999999,19.3,-1.60267622342435,2f5cdaa72cea6763a27a7cad0f163bfd80e98d6685ac1806101f4284adcaec18,0.950591632952934,0.0494083670470664,0.64047811398633,0.721574972430103,0.80417282788296,0.719136150975968,2381.82608695652,2,0.886,0.0825978554528574,0.229743608570513,131,733b6d2f957c3ac0249c3a271caa63109e863240,2026-07-21 08:07:47,2026-06-06 14:01:41,flyers,phoenix,31,14,Final,2026-05-09 19:30:00
2026-05-09-PHI-CAR,dhawkins,16.84,70.02,jlouie,7.29,52.49,0,0,0,"dhawkins,gsanner,tmitchell,alaviolet,jfairfax,jlouie,wmatthews",True,2026-05-09-PHI-CAR,4,2,1,7,238,1,6,True,True,91,home,77,1778370642.0,18,False,"tmackey,jwisner,sdavies1,jbray,idietrich,dloughnan,czaleski",78,132,2b524cb10704bb7b8577aef6b144560f84a32f15ece4f5f04e9a1788df11ccd5,1778370642.0,False,91,217.782608695652,19.9625499373201,-9.55,-17.53,151.419318651974,e36d82a94ca7c779ba333d2d8980b1888a16d0776970b95ba0226c25d791e3c3,0.971338804715744,0.0286611952842556,0.64047811398633,0.803916580034914,0.740036848707899,0.803396076022605,2377.78260869565,2,0.88,-0.0638797313270149,-0.177679673511131,132,b8c07086656085ebe3be7d6914009804b5e6c9c7,2026-07-21 08:07:47,2026-06-06 14:01:41,flyers,phoenix,31,14,Final,2026-05-09 19:30:00
2026-05-09-PHI-CAR,jlouie,7.29,52.49,alaviolet,-5.73,63.61,0,0,0,"dhawkins,gsanner,tmitchell,alaviolet,jfairfax,jlouie,wmatthews",True,2026-05-09-PHI-CAR,4,2,1,7,238,1,7,True,True,92,home,78,1778370644.0,18,False,"tmackey,jwisner,sdavies1,jbray,idietrich,dloughnan,czaleski",79,133,3c7b765fe51962a931727c3f7466c5d6ac7f3c83c827e3ed23816995463d772c,1778370644.0,False,92,213.739130434783,17.1223479698317,-13.02,11.12,49.5003321220019,20659da49ee14c4570df71889cf2b87c008846227706bb59f3c51a35b7ce99ac,0.964580174764218,0.0354198252357822,0.64047811398633,0.739700713395628,0.786484827947295,0.755949512908666,2373.73913043478,2,0.885,0.046784114551667,0.13012869694917,133,10bcc730f88dbe469edf19318e989a186d886e62,2026-07-21 08:07:47,2026-06-06 14:01:41,flyers,phoenix,31,14,Final,2026-05-09 19:30:00
2026-05-09-PHI-CAR,alaviolet,-5.73,63.61,wmatthews,-15.01,63.47,0,0,0,"dhawkins,gsanner,tmitchell,alaviolet,jfairfax,jlouie,wmatthews",True,2026-05-09-PHI-CAR,4,2,1,7,238,1,8,True,True,93,home,79,1778370649.0,18,False,"tmackey,jwisner,sdavies1,jbray,idietrich,dloughnan,czaleski",80,135,e925560eed8e8fada7cd579d4b1aca260d09dcc9f1fa57c5f864b3b494c3a63b,1778370649.0,False,93,209.695652173913,9.28105597440291,-9.28,-0.140000000000001,90.8643104174951,fe030a9331208202acc0572d7934a9f40009356571094c555a4af2fcdd9676b2,0.98530646257757,0.0146935374224298,0.64047811398633,0.786170412693999,0.779064786265716,0.747735838065965,2369.69565217391,2,0.884,-0.0071056264282825,-0.0197640997800404,135,28350772e1ee921a504db6195f25fc2a13c1f79c,2026-07-21 08:07:47,2026-06-06 14:01:41,flyers,phoenix,31,14,Final,2026-05-09 19:30:00
2026-05-09-PHI-CAR,wmatthews,-15.01,63.47,alaviolet,-7.03,62.93,0,0,0,"dhawkins,gsanner,tmitchell,alaviolet,jfairfax,jlouie,wmatthews",True,2026-05-09-PHI-CAR,4,2,1,7,238,1,9,True,True,94,home,80,1778370651.0,18,False,"tmackey,jwisner,sdavies1,jbray,idietrich,dloughnan,czaleski",81,136,c8dc9bd4bdd7f1a090a2bef73ba65184208a87764e3a3c9323b5d2e3e5b07a2e,1778370651.0,False,94,205.652173913043,7.99824980855187,7.98,-0.539999999999999,-93.8712562319856,26cdbb4b4afd72603646ed9015de952b894ba144766cb1520e66a416bd78de75,0.98382750534153,0.0161724946584697,0.64047811398633,0.778720191510418,0.782662164710697,0.757751363220579,2365.65217391304,2,0.884,0.00394197320027934,0.0109644874307581,136,5ca49101ee50325d952c390bbc84b141f6587f92,2026-07-21 08:07:47,2026-06-06 14:01:41,flyers,phoenix,31,14,Final,2026-05-09 19:30:00
2026-05-09-PHI-CAR,alaviolet,-7.03,62.93,dhawkins,-13.51,72.68,0,0,0,"dhawkins,gsanner,tmitchell,alaviolet,jfairfax,jlouie,wmatthews",True,2026-05-09-PHI-CAR,4,2,1,7,238,1,10,True,True,95,home,81,1778370654.0,18,False,"tmackey,jwisner,sdavies1,jbray,idietrich,dloughnan,czaleski",82,137,a5ed6c1474f0a06310f596c929f412439ffc2ea59f4f272276cc76c92255ddf9,1778370654.0,False,95,201.608695652174,11.7069594686238,-6.48,9.75000000000001,33.6086236867143,cbf8adbb3556b316bf810609fc73155d1a9df58cee26c5a2673737bf256b05ae,0.975292281252385,0.0247077187476148,0.64047811398633,0.782298740404098,0.821345775745948,0.712600317417214,2361.60869565217,2,0.888,0.0390470353418499,0.108608229042182,137,53c919a42939550e6fcb472957b1d6e876a15605,2026-07-21 08:07:47,2026-06-06 14:01:41,flyers,phoenix,31,14,Final,2026-05-09 19:30:00
2026-05-09-PHI-CAR,dhawkins,-13.51,72.68,alaviolet,-4.03,69.0,0,0,0,"dhawkins,gsanner,tmitchell,alaviolet,jfairfax,jlouie,wmatthews",True,2026-05-09-PHI-CAR,4,2,1,7,238,1,11,True,True,96,home,82,1778370656.0,18,False,"tmackey,jwisner,sdavies1,jbray,idietrich,dloughnan,czaleski",83,138,5158afa949671bab3e52048ff8d569a3ad10ee0304324a4a2f8c35c8ab5a0d28,1778370656.0,False,96,197.565217391304,10.169208425438,9.48,-3.68000000000001,-111.215497906899,468edbcbcfa71a4eea795207fa664b5da4f3c3d86695427e749e40a7b80dd0ac,0.980807121709865,0.0191928782901348,0.64047811398633,0.821011814239949,0.808817967916252,0.732866176282103,2357.5652173913,2,0.887,-0.0121938463236975,-0.0339168401092383,138,86cff9a80ea50080b127cdb1736846dd6a4e29e3,2026-07-21 08:07:47,2026-06-06 14:01:41,flyers,phoenix,31,14,Final,2026-05-09 19:30:00
2026-05-09-PHI-CAR,alaviolet,-4.03,69.0,dhawkins,-14.26,66.68,0,0,0,"dhawkins,gsanner,tmitchell,alaviolet,jfairfax,jlouie,wmatthews",True,2026-05-09-PHI-CAR,4,2,1,7,238,1,12,True,True,97,home,83,1778370661.0,18,False,"tmackey,jwisner,sdavies1,jbray,idietrich,dloughnan,czaleski",84,139,d6f60f1f75144008ddb2ca72803e7e67794a8fbeac7eddbc890355a0393de482,1778370661.0,False,97,193.521739130435,10.4897712081818,-10.23,-2.31999999999999,102.777634884299,98e4097b632079e4ca434ef8505d6aac78ea2aba4a48d25e3f7bb32eede8ed26,0.983267705697494,0.016732294302506,0.64047811398633,0.808443785043942,0.792954258365151,0.734151466748607,2353.52173913043,2,0.885,-0.0154895266787909,-0.0430836821939734,139,c85e5e2d15fea0c4fcdc2828f63dfc5cf97ccebb,2026-07-21 08:07:47,2026-06-06 14:01:41,flyers,phoenix,31,14,Final,2026-05-09 19:30:00
2026-05-09-PHI-CAR,dhawkins,-14.26,66.68,jlouie,-2.8,66.95,0,0,0,"dhawkins,gsanner,tmitchell,alaviolet,jfairfax,jlouie,wmatthews",True,2026-05-09-PHI-CAR,4,2,1,7,238,1,13,True,True,98,home,84,1778370663.0,18,False,"tmackey,jwisner,sdavies1,jbray,idietrich,dloughnan,czaleski",85,140,bbf9d05634ae56d19c5b60674f02fb2d9b4e89593e1f81277a2e287d1890e40f,1778370663.0,False,98,189.478260869565,11.4631801870162,11.46,0.269999999999996,-88.6503491215653,e7ac7e85e37381e06a45c7d5495b437e2e98cfc2cd41af1f24ee7141e0b333d6,0.978150076751602,0.0218499232483984,0.64047811398633,0.792532573304274,0.799161923472504,0.740216087729511,2349.47826086957,2,0.886,0.00662935016823007,0.0184393507770428,140,070dc442c57c4eb601a2b3ffdccd19f7a7085a2a,2026-07-21 08:07:47,2026-06-06 14:01:41,flyers,phoenix,31,14,Final,2026-05-09 19:30:00
2026-05-09-PHI-CAR,jlouie,-2.8,66.95,gsanner,7.16,76.56,0,0,0,"dhawkins,gsanner,tmitchell,alaviolet,jfairfax,jlouie,wmatthews",True,2026-05-09-PHI-CAR,4,2,1,7,238,1,14,True,True,99,home,85,1778370666.0,18,False,"tmackey,jwisner,sdavies1,jbray,idietrich,dloughnan,czaleski",86,141,acdf9051c4d28188f31ac691bfc2234152908001ac5edd17eb0818e3ce3aea77,1778370666.0,False,99,185.434782608696,13.8402926269642,9.96,9.61,-46.0245981175403,9367c6dd7fcee2367b0495208e304cd8dd851a56b825492d71b0eb29a2921e83,0.969968560344119,0.0300314396558812,0.64047811398633,0.798725038756436,0.840321524595722,0.702043140622606,2345.4347826087,2,0.89,0.0415964858392863,0.115699453795435,141,028604417aafbb2810a4bdf5b59a57b1a67e1382,2026-07-21 08:07:47,2026-06-06 14:01:41,flyers,phoenix,31,14,Final,2026-05-09 19:30:00
2026-05-09-PHI-CAR,gsanner,7.16,76.56,jlouie,-2.32,67.56,0,0,0,"dhawkins,gsanner,tmitchell,alaviolet,jfairfax,jlouie,wmatthews",True,2026-05-09-PHI-CAR,4,2,1,7,238,1,15,True,True,100,home,86,1778370669.0,18,False,"tmackey,jwisner,sdavies1,jbray,idietrich,dloughnan,czaleski",87,142,a5690dab65979c887e752d758c0ad5ef60d4f0a2823c0bcc4c3062591b007a4b,1778370669.0,False,100,181.391304347826,13.0717405115004,-9.48,-9.0,133.512132471172,d970e869388f34fb4a0e68caee04f082d1823ab50b1eb1b98d14810a9b6a7433,0.979874707831811,0.0201252921681888,0.64047811398633,0.839935007000608,0.800979104906876,0.736716021839471,2341.39130434783,2,0.886,-0.0389559020937319,-0.108354744479313,142,dd1c206f896cf2f17359d45e18114db036a67a18,2026-07-21 08:07:47,2026-06-06 14:01:41,flyers,phoenix,31,14,Final,2026-05-09 19:30:00
2026-05-09-PHI-CAR,jlouie,-2.32,67.56,tmitchell,-10.17,73.5,0,0,0,"dhawkins,gsanner,tmitchell,alaviolet,jfairfax,jlouie,wmatthews",True,2026-05-09-PHI-CAR,4,2,1,7,238,1,16,True,True,101,home,87,1778370671.0,18,False,"tmackey,jwisner,sdavies1,jbray,idietrich,dloughnan,czaleski",88,143,740cd80f7daf82b71305d817bb27434dce2baecfc25f9a2d66d1734bb03edf58,1778370671.0,False,101,177.347826086957,9.84408959731676,-7.85,5.94,52.8856480532701,f96150612f1c533de01af97f3122b86179d1d223f3019363b5fa9fb0859ce855,0.979587336701548,0.0204126632984523,0.64047811398633,0.800493252358798,0.825177726870818,0.710417088899117,2337.34782608696,2,0.888,0.0246844745120206,0.068659170616061,143,56e94903b74c060cce8ea3dd3af157d11ef9b5a5,2026-07-21 08:07:47,2026-06-06 14:01:41,flyers,phoenix,31,14,Final,2026-05-09 19:30:00
2026-05-09-PHI-CAR,tmitchell,-10.17,73.5,dhawkins,1.09,72.81,0,0,0,"dhawkins,gsanner,tmitchell,alaviolet,jfairfax,jlouie,wmatthews",True,2026-05-09-PHI-CAR,4,2,1,7,238,1,17,True,True,102,home,88,1778370675.0,18,False,"tmackey,jwisner,sdavies1,jbray,idietrich,dloughnan,czaleski",89,144,4c74213d3ed6c6c7bb3251682e48424b39f7c4f07f6c39fb3fa56b2e3d7d3080,1778370675.0,False,102,173.304347826087,11.281121398159,11.26,-0.689999999999998,-93.5066353687759,6b9a98a70e9e6f43fca141335cf2a1459640f0511058399059c2e392dd951161,0.978517886041657,0.0214821139583427,0.64047811398633,0.824706119363312,0.823250746265033,0.714943104911646,2333.30434782609,2,0.888,-0.00145537309827914,-0.00404807928222708,144,3d4ff2d5343c5e1bd9d9430ea5d10dc0312711ee,2026-07-21 08:07:47,2026-06-06 14:01:41,flyers,phoenix,31,14,Final,2026-05-09 19:30:00
2026-05-09-PHI-CAR,dhawkins,1.09,72.81,gsanner,-7.98,69.88,0,0,0,"dhawkins,gsanner,tmitchell,alaviolet,jfairfax,jlouie,wmatthews",True,2026-05-09-PHI-CAR,4,2,1,7,238,1,18,True,True,103,home,89,1778370681.0,18,False,"tmackey,jwisner,sdavies1,jbray,idietrich,dloughnan,czaleski",90,145,78994800a45492aa0a7ce25c5253d2ee8218c69502f596d2f0b04e767bf72504,1778370681.0,False,103,169.260869565217,9.53151614382518,-9.07,-2.93000000000001,107.902687483532,0aa4e0569d7be5e392f7ebff2892a937980dfe4f20a91417a50c941106cd18c5,0.983262195335436,0.0167378046645638,0.64047811398633,0.822731457306391,0.80889639646891,0.724383596086065,2329.26086956522,2,0.886,-0.0138350608374812,-0.0384818320544612,145,0285143851c360f1ccba7accd4dcf24325d18a97,2026-07-21 08:07:47,2026-06-06 14:01:41,flyers,phoenix,31,14,Final,2026-05-09 19:30:00
2026-05-09-PHI-CAR,gsanner,-7.98,69.88,jlouie,11.86,78.81,0,0,0,"dhawkins,gsanner,tmitchell,alaviolet,jfairfax,jlouie,wmatthews",True,2026-05-09-PHI-CAR,4,2,1,7,238,1,19,True,True,104,home,90,1778370687.0,18,False,"tmackey,jwisner,sdavies1,jbray,idietrich,dloughnan,czaleski",91,146,acdf2a550a1221630594d97ef31a7689ea365fa5c86e93bb53d0a4fff2e809a1,1778370687.0,False,104,165.217391304348,21.7570793076644,19.84,8.93000000000001,-65.7674517162786,8344f5930ff88adf8a2ff3a52a528d818c9ce04f649fa35c679b815797927380,0.942328884244861,0.0576711157551389,0.64047811398633,0.808286257513875,0.845738179559812,0.687506101435993,2325.21739130435,2,0.89,0.0374519220459378,0.104171466336027,146,11d4ffddd561817c277159c42aeadd0f248439bc,2026-07-21 08:07:47,2026-06-06 14:01:41,flyers,phoenix,31,14,Final,2026-05-09 19:30:00
2026-05-09-PHI-CAR,jlouie,11.86,78.81,jfairfax,15.95,90.61,0,0,0,"dhawkins,gsanner,tmitchell,alaviolet,jfairfax,jlouie,wmatthews",True,2026-05-09-PHI-CAR,4,2,1,7,238,1,20,True,True,105,home,91,1778370691.0,18,False,"tmackey,jwisner,sdavies1,jbray,idietrich,dloughnan,czaleski",92,147,4a89155786de098baf0c94bca8cc1da30060c6583ddfe3968906efef20e58407,1778370691.0,False,105,161.173913043478,12.4887189094799,4.09,11.8,-19.116836515162,12196e57ceb92dba1e7ce94bb62cd27945c1294d7740c348b4403195c49c6788,0.968184477801012,0.0318155221989882,0.64047811398633,0.845163484363554,0.890593182419589,0.640679165999581,2321.17391304348,2,0.895,0.0454296980560349,0.12636142561376,147,0b3d9924937585a87097d0e2c7f756e2e580d668,2026-07-21 08:07:47,2026-06-06 14:01:41,flyers,phoenix,31,14,Final,2026-05-09 19:30:00
2026-05-09-PHI-CAR,jfairfax,15.95,90.61,jlouie,9.61,84.13,0,0,0,"dhawkins,gsanner,tmitchell,alaviolet,jfairfax,jlouie,wmatthews",True,2026-05-09-PHI-CAR,4,2,1,7,238,1,21,True,True,106,home,92,1778370698.0,18,False,"tmackey,jwisner,sdavies1,jbray,idietrich,dloughnan,czaleski",93,148,a30219752880c61572fc5511e95a0e20164abd66752a5acc301ddce8fccdabad,1778370698.0,False,106,157.130434782609,9.06564945274193,-6.34,-6.48,135.625670069247,1fe977714b7a5b37db98a49f8ca7f0b433049b3aae22dddde97c84db16653166,0.975361592367954,0.0246384076320457,0.64047811398633,0.890111606868357,0.868736371651625,0.669225322330339,2317.13043478261,2,0.893,-0.0213752352167313,-0.0594546147210593,148,d43f0a1b46016fcb7e60c6396f3f63bde432e6dc,2026-07-21 08:07:47,2026-06-06 14:01:41,flyers,phoenix,31,14,Final,2026-05-09 19:30:00
2026-05-09-PHI-CAR,jlouie,9.61,84.13,alaviolet,-4.64,81.95,0,0,0,"dhawkins,gsanner,tmitchell,alaviolet,jfairfax,jlouie,wmatthews",True,2026-05-09-PHI-CAR,4,2,1,7,238,1,22,True,True,107,home,93,1778370700.0,18,False,"tmackey,jwisner,sdavies1,jbray,idietrich,dloughnan,czaleski",94,149,b45bfc7d576d5fa28503e0fe98c32d56584fe634d8ae9c99ef57cec5fff3ff50,1778370700.0,False,107,153.086956521739,14.4157864856552,-14.25,-2.17999999999999,98.6978139552602,956cb55e3c199d894624041e32a4461be168166333f1f0183fb5aa0501ff7aa2,0.968085366131125,0.0319146338688749,0.64047811398633,0.868102634853193,0.859888968203191,0.676943663728774,2313.08695652174,2,0.892,-0.00821366665000134,-0.0228460824487581,149,1a8540f38de15eebe00428b66795c5be081e1b33,2026-07-21 08:07:47,2026-06-06 14:01:41,flyers,phoenix,31,14,Final,2026-05-09 19:30:00
2026-05-09-PHI-CAR,alaviolet,-4.64,81.95,jfairfax,-20.19,105.13,0,0,0,"dhawkins,gsanner,tmitchell,alaviolet,jfairfax,jlouie,wmatthews",True,2026-05-09-PHI-CAR,5,2,1,7,238,1,23,True,True,108,home,94,1778370717.0,19,False,"tmackey,jwisner,sdavies1,jbray,idietrich,dloughnan,czaleski",95,151,7ab483abac92020577bf7d27bcca053ef392a802883759329fcc2fd83cfdb066,1778370717.0,False,108,149.04347826087,27.9126297578713,-15.55,23.18,33.8551681824783,ae6e81fb083e54ba1dd4f1b442acbc3c631b8546045878c8fca82572c9474a3b,0.908802860913212,0.0911971390867877,0.64047811398633,0.859135743032787,1.0,0.590701408425675,2309.04347826087,2,0.9,0.140864256967213,0.391809963307372,151,92e445c2ce55f26055947f3f20bd597a0b601f95,2026-07-21 08:07:47,2026-06-06 14:01:41,flyers,phoenix,31,14,Final,2026-05-09 19:30:00
2026-05-09-PHI-CAR,ddamiano,8.54,8.85,eholmgren,5.86,24.37,0,0,0,"tnye,eholmgren,cwhite1,ddamiano,mhanna,ndigiorgi,sheyman",False,2026-05-09-PHI-CAR,5,2,1,8,145,1,1,True,True,109,away,57,1778370764.0,18,False,"mtucker,ali,cbelus,smadiraju,kpignone,dbruer,aolcese",58,154,4ecf7bde5f16b0e08e25ddbd6902fcd22c3e3185749bdf3e3419dc4f87f3464a,1778370764.0,False,109,145.0,15.7496920604817,-2.68,15.52,9.79724153035724,ea9c5fd034ee9aa4d4c3593bf4a975cfdede5995b460019c7ebe4aacb37a7921,0.977783037494029,0.0222169625059708,0.593687571297685,0.593687571297685,0.63197044418344,0.912336345880313,2305.0,3,0.912,0.038282872885755,0.0942202851338397,154,24eec73278e9178f6f3fa9f443b85aff587f73ff,2026-07-21 08:07:47,2026-06-06 14:01:41,flyers,phoenix,31,14,Final,2026-05-09 19:30:00
2026-05-09-PHI-CAR,eholmgren,5.86,24.37,cwhite1,-9.24,33.5,0,0,0,"tnye,eholmgren,cwhite1,ddamiano,mhanna,ndigiorgi,sheyman",False,2026-05-09-PHI-CAR,5,2,1,8,145,1,2,True,True,110,away,58,,18,False,"mtucker,ali,cbelus,smadiraju,kpignone,dbruer,aolcese",59,155,e1c9a2eff34168ebcccdcd454a60a0b52b91282dcbbae2657fa97b9eb8447f0f,1778370768.5,True,110,141.071428571429,17.6455915174301,-15.1,9.13,58.8413416749406,2339f0a96e9d7601a74f5a48395f6841725a8a4e20296a20ee46c8e45fc94385,0.973900115794068,0.0260998842059322,0.593687571297685,0.630196076352208,0.655885934637358,0.875815580386165,2301.07142857143,3,0.911,0.0256898582851496,0.0632268581278651,155,dc9f4bd4ea5a292ea171ee10d649827ca86857db,2026-07-21 08:07:47,2026-06-06 14:01:41,flyers,phoenix,31,14,Final,2026-05-09 19:30:00
2026-05-09-PHI-CAR,cwhite1,-9.24,33.5,,-24.06,43.31,1,0,0,"tnye,eholmgren,cwhite1,ddamiano,mhanna,ndigiorgi,sheyman",False,2026-05-09-PHI-CAR,5,2,1,8,145,1,3,True,True,111,away,59,1778370773.0,22,False,"mtucker,ali,cbelus,smadiraju,kpignone,dbruer,aolcese",60,158,a8f47ec6eba89c23f65d01119de3f6eff6c34863e7f34a2ab979e0b1883831bc,1778370773.0,False,111,137.142857142857,17.7726897232805,-14.82,9.81,56.4976988695277,432d638d65069389252a90278e01ff3e1358a0c4370de79514f93420c6005d0e,0.959606374861279,-0.959606374861279,0.593687571297685,0.653966166227437,0.633782076150109,0.797179088767714,2297.14285714286,3,0.945,-0.797179088767714,-0.797179088767714,158,2480251b7fdc06b2dc347906d950d01c07d2ef65,2026-07-21 08:07:47,2026-06-06 14:01:41,flyers,phoenix,31,14,Final,2026-05-09 19:30:00
2026-05-09-PHI-CAR,aolcese,12.75,73.36,cbelus,0.95,77.11,0,0,0,"mtucker,ali,cbelus,smadiraju,kpignone,dbruer,aolcese",True,2026-05-09-PHI-CAR,5,2,1,8,145,2,1,False,False,112,home,98,1778370775.0,18,False,"tnye,eholmgren,cwhite1,ddamiano,mhanna,ndigiorgi,sheyman",99,159,10ed48942911ab408ed7ccf71d61d97cd0b11d7af9014d1934ef4b9235693138,1778370775.0,False,112,133.214285714286,12.3815386765943,-11.8,3.75,72.3699197811809,95b398881fbe21e62b16b789ab2ea19439aa46f730074e6f9cb510f6d7e51aef,0.972863240279023,0.0271367597209772,0.798651005266003,0.81259973558444,0.833785691901371,0.68599149767276,2293.21428571429,3,0.947,0.0211859563169307,0.105220074949565,159,2b479d40d213de2817c46a92b191d70b40cd233b,2026-07-21 08:07:47,2026-06-06 14:01:41,flyers,phoenix,31,14,Final,2026-05-09 19:30:00
2026-05-09-PHI-CAR,cbelus,0.95,77.11,mtucker,-7.37,81.81,0,0,0,"mtucker,ali,cbelus,smadiraju,kpignone,dbruer,aolcese",True,2026-05-09-PHI-CAR,5,2,1,8,145,2,2,False,False,113,home,99,1778370777.0,18,False,"tnye,eholmgren,cwhite1,ddamiano,mhanna,ndigiorgi,sheyman",100,160,f9514d0dea20c7c9ff9c049eaf263ba946c2e8b0b5e76a7c6e6312af80d8b6e4,1778370777.0,False,113,129.285714285714,9.55575219435917,-8.32,4.7,60.5377279923419,0ab06e167401ea17984dc0ff955e4062f295d9738714fc4ae88a7abcc2de8977,0.978500409718616,0.0214995902813844,0.798651005266003,0.832331358767415,0.852883006946377,0.665842956621458,2289.28571428571,3,0.948,0.0205516481789624,0.102069782896673,160,971fc31c11532ba4c957c506381ed8e079f04be2,2026-07-21 08:07:47,2026-06-06 14:01:41,flyers,phoenix,31,14,Final,2026-05-09 19:30:00
2026-05-09-PHI-CAR,mtucker,-7.37,81.81,smadiraju,-14.53,84.34,0,0,0,"mtucker,ali,cbelus,smadiraju,kpignone,dbruer,aolcese",True,2026-05-09-PHI-CAR,5,2,1,8,145,2,3,False,False,114,home,100,1778370780.0,18,False,"tnye,eholmgren,cwhite1,ddamiano,mhanna,ndigiorgi,sheyman",101,161,1ce780d7ee5212c1560e74b79621560352c9c2753bcd6648496731994a28a492,1778370780.0,False,114,125.357142857143,7.59384619280638,-7.16,2.53,70.5390390297619,10dd08f7933fde465dfa15b89e61af8cd94ca2d76d923f0d15621e55b637a710,0.981460680852642,0.018539319147358,0.798651005266003,0.851428258894931,0.858792383980045,0.646045292829268,2285.35714285714,3,0.948,0.00736412508511397,0.0365739351956673,161,b325f693e43ec821722d8fbf017256fe791f2396,2026-07-21 08:07:47,2026-06-06 14:01:41,flyers,phoenix,31,14,Final,2026-05-09 19:30:00
2026-05-09-PHI-CAR,smadiraju,-14.53,84.34,kpignone,-3.01,76.36,0,0,0,"mtucker,ali,cbelus,smadiraju,kpignone,dbruer,aolcese",True,2026-05-09-PHI-CAR,5,2,1,8,145,2,4,False,False,115,home,101,1778370781.0,18,False,"tnye,eholmgren,cwhite1,ddamiano,mhanna,ndigiorgi,sheyman",102,162,339de2a4ea250e66b822bbec4919388cdb0d6dc72587d7a4abee01fc7e3594cd,1778370781.0,False,115,121.428571428571,14.013950192576,11.52,-7.98,-124.7106682288,c96b1d4627011c907e922cb92c832bd1d55e8def5af2745784b42faac352e1d7,0.970784686705421,0.0292153132945787,0.798651005266003,0.857244214625065,0.82532242778111,0.681161339115405,2281.42857142857,3,0.947,-0.0319217868439551,-0.158539588867216,162,12fa6864f9c10d872b482ab76398a8514d186a49,2026-07-21 08:07:47,2026-06-06 14:01:41,flyers,phoenix,31,14,Final,2026-05-09 19:30:00
2026-05-09-PHI-CAR,kpignone,-3.01,76.36,ali,10.91,76.97,0,0,0,"mtucker,ali,cbelus,smadiraju,kpignone,dbruer,aolcese",True,2026-05-09-PHI-CAR,5,2,1,8,145,2,5,False,False,116,home,102,1778370785.0,18,False,"tnye,eholmgren,cwhite1,ddamiano,mhanna,ndigiorgi,sheyman",103,163,4866b8cec8eda4299f85fde923fd83ebc81f3361039f0e1123a91cf3cfbf4e94,1778370785.0,False,116,117.5,13.9333592503746,13.92,0.609999999999999,-87.4907989329144,6c6dc346220e3f4a28bedeb94e449a9ff3af15c2b40c95e62d6b7f70d9fc1140,0.972076490448434,0.0279235095515658,0.798651005266003,0.823303343953591,0.823975155834176,0.672937472853383,2277.5,3,0.947,0.000671811880584627,0.00333655443113665,163,555d4459f1860bc745324da2d9602c37573aa418,2026-07-21 08:07:47,2026-06-06 14:01:41,flyers,phoenix,31,14,Final,2026-05-09 19:30:00
2026-05-09-PHI-CAR,ali,10.91,76.97,kpignone,2.86,72.2,0,0,0,"mtucker,ali,cbelus,smadiraju,kpignone,dbruer,aolcese",True,2026-05-09-PHI-CAR,5,2,1,8,145,2,6,False,False,117,home,103,1778370788.0,18,False,"tnye,eholmgren,cwhite1,ddamiano,mhanna,ndigiorgi,sheyman",104,164,4f8672db7ea443ff83e2cb95c1413f582b9477d3e70452a95ea9236ab0790b3d,1778370788.0,False,117,113.571428571429,9.35710425291927,-8.05,-4.77,120.648716931089,d4e200dd8624207c496bcc45832a4a5f69c2fef297471751985807de53e0e624,0.982291259504891,0.017708740495109,0.798651005266003,0.821752698627101,0.801311212898803,0.691096754352303,2273.57142857143,3,0.945,-0.0204414857282983,-0.101522660966366,164,341b421df5aa180e109ecd7a587cf1199720fb84,2026-07-21 08:07:47,2026-06-06 14:01:41,flyers,phoenix,31,14,Final,2026-05-09 19:30:00
2026-05-09-PHI-CAR,kpignone,2.86,72.2,aolcese,-6.69,78.88,0,0,0,"mtucker,ali,cbelus,smadiraju,kpignone,dbruer,aolcese",True,2026-05-09-PHI-CAR,5,2,1,8,145,2,7,False,False,118,home,104,1778370791.0,18,False,"tnye,eholmgren,cwhite1,ddamiano,mhanna,ndigiorgi,sheyman",105,165,25689bfae3ed7bbf466e177b82f3499b525c17f1793983a7fcb4cc4f69c1db54,1778370791.0,False,118,109.642857142857,11.6543940211407,-9.55,6.67999999999999,55.0281174990211,595177d15c6b8e732c3c762477715d0679fb2d9e2a15fa48f2a06083186ccb0e,0.975109688566558,0.024890311433442,0.798651005266003,0.798651005266003,0.83021123487505,0.660914953488179,2269.64285714286,3,0.947,0.0315602296090475,0.156743914469212,165,97ed5d3cd3269f93bf7d7c219c56faf76a4c4ecc,2026-07-21 08:07:47,2026-06-06 14:01:41,flyers,phoenix,31,14,Final,2026-05-09 19:30:00
2026-05-09-PHI-CAR,aolcese,-6.69,78.88,mtucker,-23.26,96.13,0,0,0,"mtucker,ali,cbelus,smadiraju,kpignone,dbruer,aolcese",True,2026-05-09-PHI-CAR,5,2,1,8,145,2,8,False,False,119,home,105,1778370795.0,18,False,"tnye,eholmgren,cwhite1,ddamiano,mhanna,ndigiorgi,sheyman",106,166,d29a66f86416bec521b16149d54e0277a90c35b5c23fe03af15c86cf10a6a346,1778370795.0,False,119,105.714285714286,23.9191847687165,-16.57,17.25,43.8481407131624,dd69f2232d6fcbbc92827035e03956822aa564477270bddf240e2b8b73f42c3e,0.910530702723867,0.0894692972761332,0.798651005266003,0.827648141012453,0.883562844700198,0.54946993636633,2265.71428571429,3,0.95,0.0559147036877445,0.277700436307684,166,fd6d67e1239436c521330d7b15409b631330d260,2026-07-21 08:07:47,2026-06-06 14:01:41,flyers,phoenix,31,14,Final,2026-05-09 19:30:00
2026-05-09-PHI-CAR,mtucker,-23.26,96.13,kpignone,-19.85,85.43,0,0,0,"mtucker,ali,cbelus,smadiraju,kpignone,dbruer,aolcese",True,2026-05-09-PHI-CAR,5,2,1,8,145,2,9,False,False,120,home,106,1778370803.0,18,False,"tnye,eholmgren,cwhite1,ddamiano,mhanna,ndigiorgi,sheyman",107,167,5a1e1e9e6e4c13e14c00a9b23292d1eff78bade40faacf3b16ae954ee9ba1c09,1778370803.0,False,120,101.785714285714,11.2302315203205,3.41,-10.7,-162.323357119791,159d737228d08872c8e7715e3d89c41dbdd2b1f7ed9d64fe833c8018c92bea68,0.973187493122301,0.0268125068776992,0.798651005266003,0.881531533219565,0.841874359629209,0.599939413135077,2261.78571428571,3,0.947,-0.0396571735903556,-0.196957395504988,167,e5674695fd1bf38bf8a3cc568c87d33a01cae951,2026-07-21 08:07:47,2026-06-06 14:01:41,flyers,phoenix,31,14,Final,2026-05-09 19:30:00
2026-05-09-PHI-CAR,kpignone,-19.85,85.43,ali,-8.73,82.15,0,0,0,"mtucker,ali,cbelus,smadiraju,kpignone,dbruer,aolcese",True,2026-05-09-PHI-CAR,5,2,1,8,145,2,10,False,False,121,home,107,1778370807.0,18,False,"tnye,eholmgren,cwhite1,ddamiano,mhanna,ndigiorgi,sheyman",108,168,485337472dd7e4a8bc896dbea6215f864e780ff9d645704ede97825f4b19fbbd,1778370807.0,False,121,97.8571428571429,11.5936534362555,11.12,-3.28,-106.434163206253,4ea6b83e353ee57bca85df1c81b2fcfc228295e097f0635a139f627d8e176126,0.967698141498538,0.0323018585014617,0.798651005266003,0.839032950401488,0.83727152358808,0.634663597540175,2257.85714285714,3,0.947,-0.00176142681340796,-0.00874812817285226,168,5d8c84e4fca7b78df2023ce19073f95cf623e6c0,2026-07-21 08:07:47,2026-06-06 14:01:41,flyers,phoenix,31,14,Final,2026-05-09 19:30:00
2026-05-09-PHI-CAR,ali,-8.73,82.15,smadiraju,16.91,104.72,0,0,0,"mtucker,ali,cbelus,smadiraju,kpignone,dbruer,aolcese",True,2026-05-09-PHI-CAR,6,2,1,8,145,2,11,False,False,122,home,108,1778370813.0,19,False,"tnye,eholmgren,cwhite1,ddamiano,mhanna,ndigiorgi,sheyman",109,170,72f1e4f95083bac3993095c47a06790d0dbc7e8b9dc3477321c0e8d6debd3414,1778370813.0,False,122,93.9285714285714,34.1586665430605,25.64,22.57,-48.6436601957425,ac0dbcf5c6bdf458c501c7c724526b2680cc6c7e6bc4e594b4f1d017e24a463e,0.855663421972518,0.144336578027482,0.798651005266003,0.834133327783577,1.0,0.560768470006834,2253.92857142857,3,0.952,0.165866672216423,0.8237770068609,170,d56e72bf4bbfcdaeb93483b03e2857590121bf42,2026-07-21 08:07:47,2026-06-06 14:01:41,flyers,phoenix,31,14,Final,2026-05-09 19:30:00
2026-05-09-PHI-CAR,crawlins,-26.12,58.14,jthornton,9.71,35.35,0,0,0,"jthornton,eholmgren,crawlins,ddamiano,sheyman,mhanna,tnye",False,2026-05-09-PHI-CAR,6,2,1,9,90,1,1,True,True,123,away,62,1778370872.0,18,False,"smadiraju,smadiraju1,jreinhard,cwilliams,mtucker,aolcese,dswanson",63,174,9ee8f07e8c9a5ce399677a8e347255852b7b618fb7122dc7ca4b0f64270c6965,1778370872.0,False,123,90.0,42.4637845699132,35.83,-22.79,-122.458774031567,7c9a013ad326d4d661699e313b4d7376e739bc0d4effc7cdc0ec769964bd6d36,0.91357818983112,0.0864218101688798,0.607111094782774,0.633314234882295,0.614005750073459,0.842749874049607,2250.0,4,0.96,-0.0193084848088367,-0.0491448970750681,174,e506b228e2f0902d3b01a7fec89bf8f791f52e9c,2026-07-21 08:07:47,2026-06-06 14:01:41,flyers,phoenix,31,14,Final,2026-05-09 19:30:00
2026-05-09-PHI-CAR,jthornton,9.71,35.35,tnye,17.46,51.96,0,0,0,"jthornton,eholmgren,crawlins,ddamiano,sheyman,mhanna,tnye",False,2026-05-09-PHI-CAR,6,2,1,9,90,1,2,True,True,124,away,63,1778370876.0,18,False,"smadiraju,smadiraju1,jreinhard,cwilliams,mtucker,aolcese,dswanson",64,175,7f31a9451651b0d835902774168329645837cf3c377b51a6e2f94d12aa8f99a8,1778370876.0,False,124,85.7,18.329064351461,7.75,16.61,-25.0131165644922,850b5acee11a70b38b7b79e803e44161693cab7e6efaad0d12b72bb33d2631d5,0.967430688993923,0.0325693110060774,0.607111094782774,0.607111094782774,0.657985099728724,0.741297109864487,2245.7,4,0.959,0.0508740049459503,0.129486998157462,175,49ceb1be36b94a8a83e1ade1f7bf465df9838a2b,2026-07-21 08:07:47,2026-06-06 14:01:41,flyers,phoenix,31,14,Final,2026-05-09 19:30:00
2026-05-09-PHI-CAR,tnye,17.46,51.96,eholmgren,15.47,59.65,0,0,0,"jthornton,eholmgren,crawlins,ddamiano,sheyman,mhanna,tnye",False,2026-05-09-PHI-CAR,6,2,1,9,90,1,3,True,True,125,away,64,1778370878.0,18,False,"smadiraju,smadiraju1,jreinhard,cwilliams,mtucker,aolcese,dswanson",65,176,f3a371b428b7d259e487c98d1880375045044ffe11d24fb42ec1111ab1c52ac4,1778370878.0,False,125,81.4,7.94331165194971,-1.99,7.69,14.5085949182263,43d88ee41f053bac1b882ef467a6eb81cd9299a7528069d6de2d6e650f915249,0.983531034780614,0.0164689652193863,0.607111094782774,0.650916049474947,0.694615355708201,0.699817078780189,2241.4,4,0.958,0.0436993062332539,0.111225605134084,176,cd4af99b7b61f2242eab93bc6add4b625a9f7683,2026-07-21 08:07:47,2026-06-06 14:01:41,flyers,phoenix,31,14,Final,2026-05-09 19:30:00
2026-05-09-PHI-CAR,eholmgren,15.47,59.65,sheyman,12.45,54.16,0,0,0,"jthornton,eholmgren,crawlins,ddamiano,sheyman,mhanna,tnye",False,2026-05-09-PHI-CAR,6,2,1,9,90,1,4,True,True,126,away,65,,18,False,"smadiraju,smadiraju1,jreinhard,cwilliams,mtucker,aolcese,dswanson",66,177,148b49964ed65cc2ef26e584eb9137ba4f3d25b3c01706d21268c2843b76abf7,1778370881.0,True,126,77.1,6.26581997826302,-3.02,-5.49,151.185200119464,c0b2c2ee69d9066818e0fdaa2fa6b70783a64e66c8b5ec23818e46c3caefa45a,0.988563976695647,0.0114360233043529,0.607111094782774,0.687438062865625,0.666496276162986,0.726438716523507,2237.1,4,0.959,-0.0209417867026394,-0.0533020566998724,177,e7702269f93f5ba74b787b50d080d80f74a6936b,2026-07-21 08:07:47,2026-06-06 14:01:41,flyers,phoenix,31,14,Final,2026-05-09 19:30:00
2026-05-09-PHI-CAR,sheyman,12.45,54.16,jthornton,-5.26,55.19,0,0,0,"jthornton,eholmgren,crawlins,ddamiano,sheyman,mhanna,tnye",False,2026-05-09-PHI-CAR,6,2,1,9,90,1,5,True,True,127,away,66,1778370884.0,18,False,"smadiraju,smadiraju1,jreinhard,cwilliams,mtucker,aolcese,dswanson",67,178,885554bf8ad4a17446103341426dcbf49a3a8bc5d05bbdaec906b1f651ba1dd9,1778370884.0,False,127,72.8,17.7399267191271,-17.71,1.03,86.6714709957178,19c41debcfafed2e3b0f67808b47b5e73bf484f03ed4974dcd0bfed9da0c2bb6,0.969382357064129,0.0306176429358709,0.607111094782774,0.658431375175603,0.668467024438814,0.717557372633443,2232.8,4,0.959,0.0100356492632111,0.0255432238730754,178,8ceadd3e10c97215a5b950ab82fa6fa3c9e039ed,2026-07-21 08:07:47,2026-06-06 14:01:41,flyers,phoenix,31,14,Final,2026-05-09 19:30:00
2026-05-09-PHI-CAR,jthornton,-5.26,55.19,sheyman,-18.23,61.64,0,0,0,"jthornton,eholmgren,crawlins,ddamiano,sheyman,mhanna,tnye",False,2026-05-09-PHI-CAR,6,2,1,9,90,1,6,True,True,128,away,67,,18,False,"smadiraju,smadiraju1,jreinhard,cwilliams,mtucker,aolcese,dswanson",68,179,70d539fd332757ad44df604d3523f71a4c60fd93eccd742e0c7109f7ca22aa25,1778370884.66667,True,128,68.5,14.4852821857222,-12.97,6.45,63.5587740258173,f9da3bf4c797a050e421f920c946fe041bd0eefae565a92c528378049087b251,0.979920322949775,0.0200796770502254,0.607111094782774,0.659854234645254,0.675448798641113,0.655094237336225,2228.5,4,0.959,0.0155945639958592,0.0396920447199625,179,72bef0a0988ca2d5356937ecc1c4615eda8ea5fc,2026-07-21 08:07:47,2026-06-06 14:01:41,flyers,phoenix,31,14,Final,2026-05-09 19:30:00
2026-05-09-PHI-CAR,sheyman,-18.23,61.64,eholmgren,-20.43,78.67,0,0,0,"jthornton,eholmgren,crawlins,ddamiano,sheyman,mhanna,tnye",False,2026-05-09-PHI-CAR,6,2,1,9,90,1,7,True,True,129,away,68,,18,False,"smadiraju,smadiraju1,jreinhard,cwilliams,mtucker,aolcese,dswanson",69,180,ea9d61a6702351ead964d6d25dbe9c61fa95cd666e7a3846d9e6cbdbbf25efd7,1778370885.33333,True,129,64.2,17.1715142023061,-2.2,17.03,7.36091933777156,b157cb48c7618b8b302a78e2fb16401dfa94e24218b11d32b54029e97d709572,0.959174943122381,0.0408250568776192,0.607111094782774,0.666340155212044,0.757695629645473,0.554381788248085,2224.2,4,0.956,0.0913554744334296,0.232522408294833,180,4e09c97002a5bab5261bb2f42807ed6c721ad489,2026-07-21 08:07:47,2026-06-06 14:01:41,flyers,phoenix,31,14,Final,2026-05-09 19:30:00
2026-05-09-PHI-CAR,eholmgren,-20.43,78.67,sheyman,-17.34,81.41,0,0,0,"jthornton,eholmgren,crawlins,ddamiano,sheyman,mhanna,tnye",False,2026-05-09-PHI-CAR,6,2,1,9,90,1,8,True,True,130,away,69,1778370886.0,18,False,"smadiraju,smadiraju1,jreinhard,cwilliams,mtucker,aolcese,dswanson",70,181,c9f79875c3da848800eb2dc7b5ada7cc014019e371cd52cff83578416c2f988c,1778370886.0,False,130,59.9,4.12985471899436,3.09,2.73999999999999,-48.4355888577331,85c8fa30b180153da31b5111334c9c58fa6a39452c7787fe11c1b4d296698187,0.985558591059657,0.014441408940343,0.607111094782774,0.749527915435807,0.777176996738614,0.547515909023712,2219.9,4,0.955,0.0276490813028073,0.0703737899840167,181,d1dd7a1d112d061fce3ae43fc67ffd0dd5c8fd4a,2026-07-21 08:07:47,2026-06-06 14:01:41,flyers,phoenix,31,14,Final,2026-05-09 19:30:00
2026-05-09-PHI-CAR,sheyman,-17.34,81.41,,-13.56,88.07,1,0,0,"jthornton,eholmgren,crawlins,ddamiano,sheyman,mhanna,tnye",False,2026-05-09-PHI-CAR,6,2,1,9,90,1,9,True,True,131,away,70,1778370908.0,22,False,"smadiraju,smadiraju1,jreinhard,cwilliams,mtucker,aolcese,dswanson",71,184,0d90dda9f87fe49bd074bdcd8738d84771290ab19957f42d0d33f733a054679b,1778370908.0,False,131,55.6,7.65793705902575,3.78,6.66,-29.5778386812613,849270fc39539b236612f66c380c556b899cbde2e773503af0d0ffb8346764c9,0.975269262893424,-0.975269262893424,0.607111094782774,0.76896383570237,0.815988256314077,0.523108430774189,2215.6,4,0.97,-0.523108430774189,-0.523108430774189,184,07fb8d63307a09d6307412b494215d10fce7627a,2026-07-21 08:07:47,2026-06-06 14:01:41,flyers,phoenix,31,14,Final,2026-05-09 19:30:00
2026-05-09-PHI-CAR,smadiraju1,11.04,34.7,jreinhard,-7.92,40.36,0,0,0,"smadiraju,smadiraju1,jreinhard,cwilliams,mtucker,aolcese,dswanson",True,2026-05-09-PHI-CAR,6,2,1,9,90,2,1,False,False,132,home,112,1778370907.0,18,False,"jthornton,eholmgren,crawlins,ddamiano,sheyman,mhanna,tnye",113,183,c5f5b3a1c9db23f0d213f262f5deb045725abf79613600ba521c2a24615cebcf,1778370907.0,False,132,51.3,19.7867935755139,-18.96,5.66,73.3784148251575,873d8dbabb96623f987aaec5b0f1dbca3b2a2e51fcab45c5d13e58d96a04c706,0.966996688920057,0.0330033110799427,0.524650171732681,0.524650171732681,0.549000316270372,0.760229305711029,2211.3,4,0.971,0.0243501445376916,0.0512257354261585,183,da15de5e7fa88efdcb7dac0edede96e63f1e3b88,2026-07-21 08:07:47,2026-06-06 14:01:41,flyers,phoenix,31,14,Final,2026-05-09 19:30:00
2026-05-09-PHI-CAR,jreinhard,-7.92,40.36,,-2.73,104.86,1,0,0,"smadiraju,smadiraju1,jreinhard,cwilliams,mtucker,aolcese,dswanson",True,2026-05-09-PHI-CAR,6,2,1,9,90,2,2,False,False,133,home,113,1778370916.0,22,False,"jthornton,eholmgren,crawlins,ddamiano,sheyman,mhanna,tnye",114,186,8f198577d318c23075b0c679cc6897d19764a7626e36894fb0b88b317723a760,1778370916.0,False,133,47.0,64.7084700792717,5.19,64.5,-4.6004000085302,a3a8f4a3425f9987e2f01ec7e97589ed5c4fff2f6d64f8fc3ad3816349aff2a8,0.591084903498292,-0.591084903498292,0.524650171732681,0.535905321706218,0.896307470222221,0.46967576142012,2207.0,4,0.963,-0.46967576142012,-0.46967576142012,186,c32465069c8e9535778953a05d29578a751a50df,2026-07-21 08:07:47,2026-06-06 14:01:41,flyers,phoenix,31,14,Final,2026-05-09 19:30:00
2026-05-09-PHI-CAR,ddamiano,1.75,15.85,crawlins,14.79,22.31,0,0,0,"jthornton,eholmgren,crawlins,ddamiano,sheyman,mhanna,tnye",False,2026-05-09-PHI-CAR,6,2,1,9,90,3,1,True,True,134,away,72,,18,False,"smadiraju,smadiraju1,jreinhard,cwilliams,mtucker,aolcese,dswanson",73,187,ccd87258412c70ee69f5e0b730a5f19a7df50a0ff9aacc675f6627f62a4386a0,1778370918.33333,True,134,42.7,14.5524293504555,13.04,6.46,-63.64624145887,8fade9a2b4e981a89fb1496d1e389289c2e4d23c201cf6e5664a67289564c535,0.985094187945152,0.0149058120548481,0.436313881734342,0.445284201347284,0.450895897815947,0.849066884546676,2202.7,4,0.964,0.00561169646866283,0.00995535686762843,187,aec7b6ca3eeb7409bdd028dbb070264513820bf1,2026-07-21 08:07:47,2026-06-06 14:01:41,flyers,phoenix,31,14,Final,2026-05-09 19:30:00
2026-05-09-PHI-CAR,crawlins,14.79,22.31,ddamiano,2.36,28.0,0,0,0,"jthornton,eholmgren,crawlins,ddamiano,sheyman,mhanna,tnye",False,2026-05-09-PHI-CAR,6,2,1,9,90,3,2,True,True,135,away,73,,18,False,"smadiraju,smadiraju1,jreinhard,cwilliams,mtucker,aolcese,dswanson",74,188,e43ae48212a68e7dde4f46936d07fd183dca61356138f665e762c8e766d89af3,1778370922.66667,True,135,38.4,13.6704425678176,-12.43,5.69,65.4034233321952,482d4441e7598fe962015ae2ad5c9a8a735384cf5f4f19bab7f94d25298d2d39,0.981946209108022,0.0180537908919783,0.436313881734342,0.436313881734342,0.464246251477162,0.81135224501612,2198.4,4,0.963,0.0279323697428203,0.0495530559254541,188,bea0b4b02b785c2c3e3f6348f7841345eed2cc35,2026-07-21 08:07:47,2026-06-06 14:01:41,flyers,phoenix,31,14,Final,2026-05-09 19:30:00
2026-05-09-PHI-CAR,ddamiano,2.36,28.0,jthornton,7.65,39.33,0,0,0,"jthornton,eholmgren,crawlins,ddamiano,sheyman,mhanna,tnye",False,2026-05-09-PHI-CAR,6,2,1,9,90,3,3,True,True,136,away,74,,18,False,"smadiraju,smadiraju1,jreinhard,cwilliams,mtucker,aolcese,dswanson",75,189,94d86822cc28e63c768d2b8afc8431421f43b1d3a5d21cebc7ecb31e68a022ed,1778370927.0,True,136,34.1,12.5041193212477,5.29,11.33,-25.0279661960051,b1f16e4b101012492afdc1c1927dad0c5daa79a7700437e755871ee2d1e9c572,0.981124024051546,0.0188759759484544,0.436313881734342,0.44876900459339,0.487501625354937,0.72315974494087,2194.1,4,0.963,0.0387326207615475,0.0687131002635288,189,6d39ddec3bc9c6d8de66bf5d4cc18cd4015e4bb8,2026-07-21 08:07:47,2026-06-06 14:01:41,flyers,phoenix,31,14,Final,2026-05-09 19:30:00
2026-05-09-PHI-CAR,jthornton,7.65,39.33,mhanna,-5.67,48.87,0,0,0,"jthornton,eholmgren,crawlins,ddamiano,sheyman,mhanna,tnye",False,2026-05-09-PHI-CAR,6,2,1,9,90,3,4,True,True,137,away,75,,18,False,"smadiraju,smadiraju1,jreinhard,cwilliams,mtucker,aolcese,dswanson",76,190,526fb6bd503e5650da8e6f342f5efb7c94e12dcb0dbb6958eb3dc703a8d42b37,1778370931.33333,True,137,29.8,16.383955566346,-13.32,9.54,54.3891475613312,68b65455485d61007c6ff68d424e87919dedca6006f777c2bb10df1fccf504af,0.971759801118472,0.028240198881528,0.436313881734342,0.47108564950015,0.513633502827784,0.643695783503494,2189.8,4,0.962,0.0425478533276342,0.075481463795037,190,fd99fb47ee553f5f2b9fc3f4cd9cca5a62af1630,2026-07-21 08:07:47,2026-06-06 14:01:41,flyers,phoenix,31,14,Final,2026-05-09 19:30:00
2026-05-09-PHI-CAR,mhanna,-5.67,48.87,ddamiano,-12.67,49.22,0,0,0,"jthornton,eholmgren,crawlins,ddamiano,sheyman,mhanna,tnye",False,2026-05-09-PHI-CAR,6,2,1,9,90,3,5,True,True,138,away,76,,18,False,"smadiraju,smadiraju1,jreinhard,cwilliams,mtucker,aolcese,dswanson",77,191,cf5016123e466c74b4f67e89c2eeb855d91d3c7c57caace108aa671f44dd6bac,1778370935.66667,True,138,25.5,7.00874453807528,-7.0,0.350000000000001,87.1375947738883,b78e90040260cf138659bfec95441d15efc9123fe831305639725a57b91aa898,0.98891948330356,0.0110805166964402,0.436313881734342,0.496318534487154,0.493022206383412,0.619636797665092,2185.5,4,0.963,-0.00329632810374186,-0.00584780784363461,191,251e9d764832387b3bbe303cc4504923b1fe2fe2,2026-07-21 08:07:47,2026-06-06 14:01:41,flyers,phoenix,31,14,Final,2026-05-09 19:30:00
2026-05-09-PHI-CAR,ddamiano,-12.67,49.22,jthornton,9.36,52.86,0,0,0,"jthornton,eholmgren,crawlins,ddamiano,sheyman,mhanna,tnye",False,2026-05-09-PHI-CAR,6,2,1,9,90,3,6,True,True,139,away,77,,18,False,"smadiraju,smadiraju1,jreinhard,cwilliams,mtucker,aolcese,dswanson",78,192,987da666bcc9f981999cfdb4bd4b00f201da7766f6e0f2b08a0bbf9ff7e9f30f,1778370940.0,True,139,21.2,22.3286923038498,22.03,3.64,-80.6178293970859,1492ba24a9a630b0ccfb440eaf9fc71377ad76a9c09459e2c2ae66016962a669,0.955013117025184,0.0449868829748162,0.436313881734342,0.474828270564106,0.496390721396416,0.581770958739816,2181.2,4,0.963,0.0215624508323101,0.0382525844323667,192,99e2398b7c9cc8765df43bbe85a5f68726775377,2026-07-21 08:07:47,2026-06-06 14:01:41,flyers,phoenix,31,14,Final,2026-05-09 19:30:00
2026-05-09-PHI-CAR,jthornton,9.36,52.86,mhanna,13.14,62.95,0,0,0,"jthornton,eholmgren,crawlins,ddamiano,sheyman,mhanna,tnye",False,2026-05-09-PHI-CAR,6,2,1,9,90,3,7,True,True,140,away,78,,18,False,"smadiraju,smadiraju1,jreinhard,cwilliams,mtucker,aolcese,dswanson",79,193,1625982aea64896cfa5fc0052a2e797fa22bcd2b742ecb32ca0131637e0063a7,1778370944.33333,True,140,16.9,10.7748085829865,3.78,10.09,-20.5373739907702,c16a3c6274480e8df09f84b7a0dde4a6ef8030a084d7b48f75573716cb036953,0.978584601247395,0.0214153987526048,0.436313881734342,0.477271568140622,0.530344164985968,0.496087628060981,2176.9,4,0.962,0.0530725968453458,0.094152747647288,193,ce1c826adf32ff9d57d5f6b01a9c33e3e58b37f0,2026-07-21 08:07:47,2026-06-06 14:01:41,flyers,phoenix,31,14,Final,2026-05-09 19:30:00
2026-05-09-PHI-CAR,mhanna,13.14,62.95,tnye,20.48,74.21,0,0,0,"jthornton,eholmgren,crawlins,ddamiano,sheyman,mhanna,tnye",False,2026-05-09-PHI-CAR,6,2,1,9,90,3,8,True,True,141,away,79,,18,False,"smadiraju,smadiraju1,jreinhard,cwilliams,mtucker,aolcese,dswanson",80,195,f2f95cfd57d8b4cebcc9e69ec82672b4606daa1fa670f13f160c3c543918f20b,1778370948.66667,True,141,12.6,13.4411011453675,7.34,11.26,-33.0989228038497,c698cbb8993535a690644f6d2864f6b2b6950d003b507ccdc22763f16ebaa70f,0.97558313764585,0.0244168623541497,0.436313881734342,0.510301675550602,0.561408006048736,0.39454050626137,2172.6,4,0.962,0.051106330498134,0.0906645185007877,195,06106f176fa8178af7732a8e5579d446523cbfcf,2026-07-21 08:07:47,2026-06-06 14:01:41,flyers,phoenix,31,14,Final,2026-05-09 19:30:00
2026-05-09-PHI-CAR,tnye,20.48,74.21,crawlins,25.91,116.77,0,0,0,"jthornton,eholmgren,crawlins,ddamiano,sheyman,mhanna,tnye",False,2026-05-09-PHI-CAR,6,3,1,9,90,3,9,True,True,142,away,80,1778370953.0,19,False,"smadiraju,smadiraju1,jreinhard,cwilliams,mtucker,aolcese,dswanson",81,196,1a338b8de6bc6e6b52ffa3b64049c204b3c1fcb12472d74953f8543437f13178,1778370953.0,False,142,8.3,42.9049938818315,5.43,42.56,-7.27077731909178,d7b8f58b1c7927d7579365a376646adc54c075fb525fe7b59c64b5bd5922cf8c,0.442784309235916,0.557215690764084,0.436313881734342,0.540584514494875,1.0,0.251840105507229,2168.3,4,0.951,0.459415485505125,0.815020045053884,196,d163f13804ac9d916e67fe34e0b5bcf09afcec6f,2026-07-21 08:07:47,2026-06-06 14:01:41,flyers,phoenix,31,14,Final,2026-05-09 19:30:00
2026-05-09-PHI-CAR,bmorrison,-5.05,29.04,dhawkins,-7.03,93.54,0,0,0,"dhawkins,alaviolet,cwilliams,jfairfax,wmatthews,bmorrison,ali",True,2026-05-09-PHI-CAR,6,3,1,10,4,1,1,True,True,143,home,116,1778371020.0,18,False,"messer,jwisner,swhitcomb,sdavies1,crawlins,eholmgren,sheyman",117,201,0dc3246834f775ec52860fca7beef52083fb5b49e0466cabeaa85d10db58711e,1778371020.0,False,143,4.0,64.5303835413985,-1.98,64.5,1.75829501563837,453c4adf7561000e34ac0f9b081d8dd0da1c7ad5c9dd3fe14556e3b327a6dd48,0.583790717060831,0.416209282939169,0.324904042534376,0.324904042534376,0.715170592141165,0.317377478868067,2164.0,3,0.941,0.390266549606789,0.578090485198412,201,6a56c0d3ac3eee2759bc2676d8c48b5b9cf510ab,2026-07-21 08:07:47,2026-06-06 14:01:41,flyers,phoenix,31,14,Final,2026-05-09 19:30:00
2026-05-09-PHI-CAR,dhawkins,-7.03,93.54,jfairfax,5.93,102.75,0,0,0,"dhawkins,alaviolet,cwilliams,jfairfax,wmatthews,bmorrison,ali",True,2026-05-09-PHI-CAR,7,3,1,10,4,1,2,True,True,144,home,117,1778371031.0,19,False,"messer,jwisner,swhitcomb,sdavies1,crawlins,eholmgren,sheyman",118,203,1f5f9f3034a26ba9fe8c7e3d1c10e9305d3764d3917f04606ad863074c63d355,1778371031.0,False,144,2.0,15.8992358306932,12.96,9.20999999999999,-54.600565759596,26691cbc31f3ecb0fd7a4fdba9032b2f8e2d91f3f6a986b8f76d7096247fb23e,0.947901519022606,0.0520984809773942,0.324904042534376,0.70646065061528,1.0,0.293033646825507,2162.0,3,0.944,0.29353934938472,0.43481129776972,203,a567043937911085608fdc60a59ebe8e3a88adc3,2026-07-21 08:07:47,2026-06-06 14:01:41,flyers,phoenix,31,14,Final,2026-05-09 19:30:00
2026-05-09-PHI-CAR,jthornton,7.58,3.56,sheyman,0.51,21.28,0,0,0,"eholmgren,crawlins,cwhite1,sheyman,jthornton,ndigiorgi,tnye",False,2026-05-09-PHI-CAR,7,3,2,1,720,1,1,True,True,145,away,87,1778371235.0,18,False,"ali,dbruer,bmorrison,mtucker,cwilliams,smadiraju,aolcese",88,209,54ca63d779e24013766031953d8d330bab82fb1de57430f88b99b560b8a07663,1778371235.0,False,145,720.0,19.0783463643996,-7.07,17.72,21.7512185301793,33cbd95151f10cd40ae0ec0e2e8062e477260edeaf515a23df0086151d707102,0.973054814328568,0.026945185671432,0.660670609265992,0.660952555369469,0.698317154842971,0.943508289166631,2160.0,4,0.958,0.037364599473502,0.110113065634185,209,ec6959742036668b91e110682158545657216695,2026-07-21 08:07:47,2026-06-06 14:01:41,flyers,phoenix,31,14,Final,2026-05-09 19:30:00
2026-05-09-PHI-CAR,sheyman,0.51,21.28,eholmgren,-12.6,21.55,0,0,0,"eholmgren,crawlins,cwhite1,sheyman,jthornton,ndigiorgi,tnye",False,2026-05-09-PHI-CAR,7,3,2,1,720,1,2,True,True,146,away,88,1778371240.0,18,False,"ali,dbruer,bmorrison,mtucker,cwilliams,smadiraju,aolcese",89,210,77a189b03fc55bb7d570eb35ee71b50d7d78fe6efb329629acdb39b0a48a4d9e,1778371240.0,False,146,716.0,13.1127800256086,-13.11,0.27,88.82016217917,4b506c4ecd727467feec1816091746c62aaf7e9f18b621467c2c94c5e1ccd34f,0.987473920408574,0.012526079591426,0.660670609265992,0.692892511964782,0.688770859062901,0.939993789327211,2156.0,4,0.958,-0.00412165290188116,-0.0121464659838794,210,aa98da55cc2fed7a75df07957b627cc4e69a7ba7,2026-07-21 08:07:47,2026-06-06 14:01:41,flyers,phoenix,31,14,Final,2026-05-09 19:30:00
2026-05-09-PHI-CAR,eholmgren,-12.6,21.55,jthornton,-24.54,34.8,0,0,0,"eholmgren,crawlins,cwhite1,sheyman,jthornton,ndigiorgi,tnye",False,2026-05-09-PHI-CAR,7,3,2,1,720,1,3,True,True,147,away,89,1778371245.0,18,False,"ali,dbruer,bmorrison,mtucker,cwilliams,smadiraju,aolcese",90,211,a8a6a9380d2804bc0fbae22aaadd7f953b30d1d5c1f4912a93e462d42d414e39,1778371245.0,False,147,712.0,17.8360898181188,-11.94,13.25,42.0230283226525,c3a786c707a274c8e19c9e08c4f13af00684981930b2acec8aeba3cc1ce43505,0.951384210558036,0.0486157894419644,0.660670609265992,0.683561190167701,0.665763686384586,0.875111389236417,2152.0,4,0.959,-0.0177975037831154,-0.05244904882721,211,55c40114401aadd071637388784a7b0a2491ed69,2026-07-21 08:07:47,2026-06-06 14:01:41,flyers,phoenix,31,14,Final,2026-05-09 19:30:00
2026-05-09-PHI-CAR,jthornton,-24.54,34.8,,-11.43,86.91,1,0,0,"eholmgren,crawlins,cwhite1,sheyman,jthornton,ndigiorgi,tnye",False,2026-05-09-PHI-CAR,7,3,2,1,720,1,4,True,True,148,away,90,1778371250.0,22,False,"ali,dbruer,bmorrison,mtucker,cwilliams,smadiraju,aolcese",91,213,2e24047cfa30bc19592f938c502a996b09ddf4f648e9234712a87356e5c71b2c,1778371250.0,False,148,708.0,53.733827334371,13.11,52.11,-14.1215857981289,01b7677cbe296a511f0611d5b5406e6dad9ad49bd5922a31e73513c92a06a2f2,0.566195129127307,-0.566195129127307,0.660670609265992,0.660670609265992,0.902755349819713,0.709851179930686,2148.0,4,0.974,-0.709851179930686,-0.709851179930686,213,ac982d2bfb542155c4d107ddcca3913757312d90,2026-07-21 08:07:47,2026-06-06 14:01:41,flyers,phoenix,31,14,Final,2026-05-09 19:30:00
2026-05-09-PHI-CAR,mtucker,2.04,40.02,aolcese,-6.96,42.61,0,0,0,"ali,dbruer,bmorrison,mtucker,cwilliams,smadiraju,aolcese",True,2026-05-09-PHI-CAR,7,3,2,1,720,2,1,False,False,149,home,122,1778371252.0,18,False,"eholmgren,crawlins,cwhite1,sheyman,jthornton,ndigiorgi,tnye",123,214,c32765299d94e4d14a66a4f983b0c90d4e2eaef32b5a0b6ad496e2bd152e5775,1778371252.0,False,149,704.0,9.36526027401268,-9.0,2.59,73.9453573652804,a4e6b3e5340a2a737eaa6bbf89d29f5def4a84b1e63811b0918b4d70b1eb7d89,0.98730412868708,0.0126958713129204,0.730241023210072,0.730241023210072,0.737875912316288,0.86759687170134,2144.0,4,0.974,0.00763488910621646,0.0283026322129107,214,7d768059e9eed2245408d8c8d906c1527f4d2f50,2026-07-21 08:07:47,2026-06-06 14:01:41,flyers,phoenix,31,14,Final,2026-05-09 19:30:00
2026-05-09-PHI-CAR,aolcese,-6.96,42.61,ali,-13.44,49.22,0,0,0,"ali,dbruer,bmorrison,mtucker,cwilliams,smadiraju,aolcese",True,2026-05-09-PHI-CAR,7,3,2,1,720,2,2,False,False,150,home,123,1778371255.0,18,False,"eholmgren,crawlins,cwhite1,sheyman,jthornton,ndigiorgi,tnye",124,215,ef9f1e4bc2144dd57128af535d36c913512e20cb880e730af1c617da1fc66a39,1778371255.0,False,150,700.0,9.25648421378225,-6.48,6.61,44.4310002695299,cd8e3cb7f34f1f2435ebe9871158d782f80aea84724a509cbe6cae3680280c08,0.984992218866827,0.015007781133173,0.730241023210072,0.733963654564262,0.752406290556557,0.83568759926367,2140.0,4,0.974,0.0184426359922951,0.068367089065055,215,aa9f2e98c4809656d26910a64e25c499d91c3a27,2026-07-21 08:07:47,2026-06-06 14:01:41,flyers,phoenix,31,14,Final,2026-05-09 19:30:00
2026-05-09-PHI-CAR,ali,-13.44,49.22,cwilliams,-6.07,60.88,0,0,0,"ali,dbruer,bmorrison,mtucker,cwilliams,smadiraju,aolcese",True,2026-05-09-PHI-CAR,7,3,2,1,720,2,3,False,False,151,home,124,1778371259.0,18,False,"eholmgren,crawlins,cwhite1,sheyman,jthornton,ndigiorgi,tnye",125,216,a438465ecb5cf60a03d5f316a1b21b7ed4bfa307de2ab9995c3dedf000bca885,1778371259.0,False,151,696.0,13.7939298243829,7.37,11.66,-32.2959763859431,5d59d9dc1edf7bcad1c3af9099af82037e2e2e252cd5652e0849f11bfd545f48,0.970154511387307,0.0298454886126925,0.730241023210072,0.748877968015432,0.797727246544959,0.790826222005452,2136.0,4,0.975,0.0488492785295264,0.181084904424023,216,1d79e3977a927cb633139236b2df83c905c44bc5,2026-07-21 08:07:47,2026-06-06 14:01:41,flyers,phoenix,31,14,Final,2026-05-09 19:30:00
2026-05-09-PHI-CAR,cwilliams,-6.07,60.88,aolcese,-2.26,61.15,0,0,0,"ali,dbruer,bmorrison,mtucker,cwilliams,smadiraju,aolcese",True,2026-05-09-PHI-CAR,7,3,2,1,720,2,4,False,False,152,home,125,1778371261.0,18,False,"eholmgren,crawlins,cwhite1,sheyman,jthornton,ndigiorgi,tnye",126,217,319ffa66d49f9547af298852ec78aac7ee10fe738fc360aaf742e33a11577644,1778371261.0,False,152,692.0,3.81955494789642,3.81,0.269999999999996,-85.9464457681687,4353917697484c9e0f1fde89ad86e5f48876b07edb5948682a93f991975ef4a4,0.990483789671265,0.00951621032873518,0.730241023210072,0.794871464754842,0.796366937734275,0.787298818834949,2132.0,4,0.975,0.00149547297943253,0.00554373758837733,217,e374d7293a5da4e24dee8f32697e6a89b693e4a9,2026-07-21 08:07:47,2026-06-06 14:01:41,flyers,phoenix,31,14,Final,2026-05-09 19:30:00
2026-05-09-PHI-CAR,aolcese,-2.26,61.15,cwilliams,6.13,68.11,0,0,0,"ali,dbruer,bmorrison,mtucker,cwilliams,smadiraju,aolcese",True,2026-05-09-PHI-CAR,7,3,2,1,720,2,5,False,False,153,home,126,1778371264.0,18,False,"eholmgren,crawlins,cwhite1,sheyman,jthornton,ndigiorgi,tnye",127,218,2991a8f785e96528376e4b93aabfae44a72e9eee3aefedeeae4f1f36d69ae755,1778371264.0,False,153,688.0,10.9010871017527,8.39,6.96,-50.3222910176245,327feabbb112ea2e7e5ce0a3d65acaaac38e3aebb2c252089f4f3f49d1bf0e2c,0.979442935031014,0.0205570649689865,0.730241023210072,0.793694738365707,0.82154014290649,0.757059276575057,2128.0,4,0.976,0.0278454045407835,0.103223273131214,218,661542e32996b1e4027db62bc7a7971b096f5dca,2026-07-21 08:07:47,2026-06-06 14:01:41,flyers,phoenix,31,14,Final,2026-05-09 19:30:00
2026-05-09-PHI-CAR,cwilliams,6.13,68.11,ali,10.77,75.06,0,0,0,"ali,dbruer,bmorrison,mtucker,cwilliams,smadiraju,aolcese",True,2026-05-09-PHI-CAR,7,3,2,1,720,2,6,False,False,154,home,127,1778371267.0,18,False,"eholmgren,crawlins,cwhite1,sheyman,jthornton,ndigiorgi,tnye",128,219,817a98d304ce9135e1cd28e8cc89c2835b28fb7be7233347d16f0a8be2b1481a,1778371267.0,False,154,684.0,8.35656029715576,4.64,6.95,-33.7280998997587,0d1638020896942b2c9584b20fcdb548f90e8a41d3768048e4e51e2de920d119,0.981141167765822,0.0188588322341778,0.730241023210072,0.81929669681193,0.846275582399848,0.726751987168516,2124.0,4,0.977,0.0269788855879175,0.100011076216852,219,50805a798d21eb1511f7f430b12fcd6147972b9c,2026-07-21 08:07:47,2026-06-06 14:01:41,flyers,phoenix,31,14,Final,2026-05-09 19:30:00
2026-05-09-PHI-CAR,ali,10.77,75.06,mtucker,17.39,100.97,0,0,0,"ali,dbruer,bmorrison,mtucker,cwilliams,smadiraju,aolcese",True,2026-05-09-PHI-CAR,8,3,2,1,720,2,7,False,False,155,home,128,1778371283.0,19,False,"eholmgren,crawlins,cwhite1,sheyman,jthornton,ndigiorgi,tnye",129,221,5e7409af703b9f85eb4deef1625f6979f52e3315e5a27fed0d715ac70a58f4a0,1778371283.0,False,155,680.0,26.7423353505261,6.62,25.91,-14.3324370412635,3b8adb97bab547caf9689d9b668b40780b5f10e10f99e8062584e9f9bd3d1144,0.90243404525,0.0975659547500002,0.730241023210072,0.844433245411382,1.0,0.636415677288668,2120.0,4,0.979,0.155566754588618,0.576687962120217,221,717c00eadaf994545594d72f59be5c6dd7c3181f,2026-07-21 08:07:47,2026-06-06 14:01:41,flyers,phoenix,31,14,Final,2026-05-09 19:30:00
2026-05-09-PHI-CAR,ddamiano,0.99,12.08,eholmgren,-7.25,21.83,0,0,0,"mhanna,ndigiorgi,cwhite1,ddamiano,eholmgren,tnye,sheyman",False,2026-05-09-PHI-CAR,8,3,2,2,676,1,1,True,True,156,away,93,1778371336.0,18,False,"jreinhard,kpignone,bmorrison,smadiraju1,cbelus,dswanson,cwilliams",94,224,185ccefb69b6c06604616258ba1fdd86786d0a949df78d8653352b49cc583613,1778371336.0,False,156,676.0,12.7655826345686,-8.24,9.75,40.2020952316308,e8e58e635bc388b61ff9b5732622e75f261a9b85bb9aebc64369c76ce20d0917,0.985346045937274,0.0146539540627263,0.63114533815838,0.63114533815838,0.652837584293874,0.929310426256146,2116.0,5,0.982,0.0216922461354943,0.0588097383050252,224,d27646b72c4f7ae8acacb2beadd5799e6a8050ef,2026-07-21 08:07:47,2026-06-06 14:01:41,flyers,phoenix,31,14,Final,2026-05-09 19:30:00
2026-05-09-PHI-CAR,eholmgren,-7.25,21.83,sheyman,-18.5,28.97,0,0,0,"mhanna,ndigiorgi,cwhite1,ddamiano,eholmgren,tnye,sheyman",False,2026-05-09-PHI-CAR,8,3,2,2,676,1,2,True,True,157,away,94,1778371346.0,18,False,"jreinhard,kpignone,bmorrison,smadiraju1,cbelus,dswanson,cwilliams",95,226,2de15bec4e49a39bd5460df7c26211d0e9edcf634c5f185bb4163e378ae5ba43,1778371346.0,False,157,675.857142857143,13.3244924856446,-11.25,7.14,57.5980652227507,474843bf534f19e332abaf5adc2c55ec4a3abcc5dae0583701a10a69dbc8390a,0.987129679371718,0.0128703206282823,0.63114533815838,0.652736891324818,0.653388292301376,0.897591170788777,2115.85714285714,5,0.982,0.000651400976557692,0.00176600987853962,226,6ceef0382163811f38586070133d271d7d7143ef,2026-07-21 08:07:47,2026-06-06 14:01:41,flyers,phoenix,31,14,Final,2026-05-09 19:30:00
2026-05-09-PHI-CAR,sheyman,-18.5,28.97,eholmgren,-10.06,24.3,0,0,0,"mhanna,ndigiorgi,cwhite1,ddamiano,eholmgren,tnye,sheyman",False,2026-05-09-PHI-CAR,8,3,2,2,676,1,3,True,True,158,away,95,,18,False,"jreinhard,kpignone,bmorrison,smadiraju1,cbelus,dswanson,cwilliams",96,227,d4e03379bad67e7d2728be4660484b042a3f483c521a1f431849bdb0a8afe520,1778371348.0,True,158,675.714285714286,9.64585403165526,8.44,-4.67,-118.956524620643,8c95ba181f34c42bdcd61f4686e8713d34b437c410bb51969bf37f1143e69d8d,0.988390181008795,0.0116098189912054,0.63114533815838,0.653287980491922,0.657589293587254,0.921052785186287,2115.71428571429,5,0.982,0.00430131309533244,0.0116612680828183,227,79cc7991b67e4e72709c03acdf9711b8416cdfa4,2026-07-21 08:07:47,2026-06-06 14:01:41,flyers,phoenix,31,14,Final,2026-05-09 19:30:00
2026-05-09-PHI-CAR,eholmgren,-10.06,24.3,ddamiano,8.68,16.47,0,0,0,"mhanna,ndigiorgi,cwhite1,ddamiano,eholmgren,tnye,sheyman",False,2026-05-09-PHI-CAR,8,3,2,2,676,1,4,True,True,159,away,96,1778371350.0,18,False,"jreinhard,kpignone,bmorrison,smadiraju1,cbelus,dswanson,cwilliams",97,228,c096f9c9d57a7521590511c04e983cedd618e9b19412d3c6fd649340ea97c9cf,1778371350.0,False,159,675.571428571429,20.3100098473634,18.74,-7.83,-112.676286179939,a8a8ec363cee299bc3d3943f99254cbae8f79dbd09eaaa65fc4e3c2ec5783507,0.980928399305661,0.0190716006943393,0.63114533815838,0.657489864365539,0.638836535281623,0.934473533362053,2115.57142857143,5,0.983,-0.0186533290839163,-0.0505709457236728,228,38f63a0bd3fc8c1661409b4e8a3d580a3f62326b,2026-07-21 08:07:47,2026-06-06 14:01:41,flyers,phoenix,31,14,Final,2026-05-09 19:30:00
2026-05-09-PHI-CAR,ddamiano,8.68,16.47,eholmgren,20.69,27.66,0,0,0,"mhanna,ndigiorgi,cwhite1,ddamiano,eholmgren,tnye,sheyman",False,2026-05-09-PHI-CAR,8,3,2,2,676,1,5,True,True,160,away,97,1778371352.0,18,False,"jreinhard,kpignone,bmorrison,smadiraju1,cbelus,dswanson,cwilliams",98,229,a6ad4b367df41bb5f16e4454525a3534698a9d2a768f3521b0d69bc72af52201,1778371352.0,False,160,675.428571428571,16.4151210778355,12.01,11.19,-47.0242667858968,da343e4bc103c36f8ff3f48fca06de86d650d236e4e9b0aa971acf98353f196f,0.98261382859639,0.0173861714036098,0.63114533815838,0.638734963470271,0.635685318935682,0.899301939098856,2115.42857142857,5,0.983,-0.00304964453458889,-0.00826787580604947,229,4873eb86ff1576a11069c6c5d5f04c3b37899c35,2026-07-21 08:07:47,2026-06-06 14:01:41,flyers,phoenix,31,14,Final,2026-05-09 19:30:00
2026-05-09-PHI-CAR,eholmgren,20.69,27.66,cwhite1,8.82,38.51,0,0,0,"mhanna,ndigiorgi,cwhite1,ddamiano,eholmgren,tnye,sheyman",False,2026-05-09-PHI-CAR,8,3,2,2,676,1,6,True,True,161,away,98,1778371356.0,18,False,"jreinhard,kpignone,bmorrison,smadiraju1,cbelus,dswanson,cwilliams",99,231,7a31f332d2751b55e504b71d837fa87e8a5dcc406e8e9ee9243aa2aeacf2e470,1778371356.0,False,161,675.285714285714,16.0816479255081,-11.87,10.85,47.5705316618449,b589e3fe940839087123816d53e1526f5ce5d52dd1d018813c4baedeff06e83a,0.968192230326583,0.0318077696734167,0.63114533815838,0.635583678449664,0.699819928973054,0.86974217209962,2115.28571428571,5,0.982,0.0642362505233897,0.174150572484757,231,04293493dcbdae9d8787b94a1ead352c468c7be7,2026-07-21 08:07:47,2026-06-06 14:01:41,flyers,phoenix,31,14,Final,2026-05-09 19:30:00
2026-05-09-PHI-CAR,cwhite1,8.82,38.51,,11.22,52.03,1,0,0,"mhanna,ndigiorgi,cwhite1,ddamiano,eholmgren,tnye,sheyman",False,2026-05-09-PHI-CAR,8,3,2,2,676,1,7,True,True,162,away,99,1778371360.0,22,False,"jreinhard,kpignone,bmorrison,smadiraju1,cbelus,dswanson,cwilliams",100,233,8e1947b384ab49bd5bb9451a429c88d860a6b1004b5a62d13929f0f5e7f73c90,1778371360.0,False,162,675.142857142857,13.7313655548165,2.4,13.52,-10.0659910332347,40eedfb79fba4090522d3d8e55d4ec6961802cfc1be3e9db0a5446d3a75bdc02,0.973393236042256,-0.973393236042256,0.63114533815838,0.699728012229534,0.746519850021817,0.812453277973266,2115.14285714286,5,0.99,-0.812453277973266,-0.812453277973266,233,f0f3758b112a5e9949d309a998d7576194d56634,2026-07-21 08:07:47,2026-06-06 14:01:41,flyers,phoenix,31,14,Final,2026-05-09 19:30:00
2026-05-09-PHI-CAR,jreinhard,-8.26,62.24,bmorrison,-3.01,66.4,0,0,0,"jreinhard,kpignone,bmorrison,smadiraju1,cbelus,dswanson,cwilliams",True,2026-05-09-PHI-CAR,8,3,2,2,675,2,1,False,False,163,home,132,1778371359.0,18,False,"mhanna,ndigiorgi,cwhite1,ddamiano,eholmgren,tnye,sheyman",133,232,56ba38c454b2ee60f5a2fc5c667cd2d0d68e8bc100bb1696138ed96fa0a60deb,1778371359.0,False,163,675.0,6.69836547226262,5.25,4.16,-51.6073652792771,78ce109a4b1a80c11166f4947f6449e75ebcdb64c6b8da487eeaa5b6a6df0b95,0.98588303914226,0.0141169608577397,0.789734350138515,0.789734350138515,0.807961219040337,0.755726122153566,2115.0,5,0.99,0.0182268689018223,0.0866849574042622,232,1bd3f4a348970a2c29160fc5bd8e4398717a51a9,2026-07-21 08:07:47,2026-06-06 14:01:41,flyers,phoenix,31,14,Final,2026-05-09 19:30:00
2026-05-09-PHI-CAR,bmorrison,-3.01,66.4,cbelus,-11.39,67.56,0,0,0,"jreinhard,kpignone,bmorrison,smadiraju1,cbelus,dswanson,cwilliams",True,2026-05-09-PHI-CAR,8,3,2,2,675,2,2,False,False,164,home,133,1778371361.0,18,False,"mhanna,ndigiorgi,cwhite1,ddamiano,eholmgren,tnye,sheyman",134,234,9f9597adf08049a156885e2ce36c0820f611378803c44cda3d23bca01fe6d162,1778371361.0,False,164,673.857142857143,8.45990543682375,-8.38,1.16,82.1189248753475,999748a0f8edadeb1716fd157d9bf9d064ddc74426c6c8845eaadb5163c2a353,0.984178328011616,0.0158216719883838,0.789734350138515,0.807426723567488,0.810003469689661,0.747215422246906,2113.85714285714,5,0.99,0.0025767461221734,0.0122547174199441,234,46dbfabeee05a47b62ec9ac7867725739966d97f,2026-07-21 08:07:47,2026-06-06 14:01:41,flyers,phoenix,31,14,Final,2026-05-09 19:30:00
2026-05-09-PHI-CAR,cbelus,-11.39,67.56,bmorrison,-8.6,77.52,0,0,0,"jreinhard,kpignone,bmorrison,smadiraju1,cbelus,dswanson,cwilliams",True,2026-05-09-PHI-CAR,8,3,2,2,675,2,3,False,False,165,home,134,1778371362.0,18,False,"mhanna,ndigiorgi,cwhite1,ddamiano,eholmgren,tnye,sheyman",135,235,a5e53970846e4e5c14c03fe6b09da5fffb1c158238ff19705d76216459194a36,1778371362.0,False,165,672.714285714286,10.343389193103,2.79,9.95999999999999,-15.6486475050553,42487e54418ea624dfb78139b4bf5c737e11eccbc8db28038263949d1ac41671,0.974263331674139,0.0257366683258606,0.789734350138515,0.809486433498735,0.852764334805967,0.711785378298436,2112.71428571429,5,0.99,0.0432779013072314,0.205824875987786,235,1f34ab8bb795e04bb4751597f3797bb9c60532f8,2026-07-21 08:07:47,2026-06-06 14:01:41,flyers,phoenix,31,14,Final,2026-05-09 19:30:00
2026-05-09-PHI-CAR,bmorrison,-8.6,77.52,kpignone,-1.3,72.0,0,0,0,"jreinhard,kpignone,bmorrison,smadiraju1,cbelus,dswanson,cwilliams",True,2026-05-09-PHI-CAR,8,3,2,2,675,2,4,False,False,166,home,135,1778371366.0,18,False,"mhanna,ndigiorgi,cwhite1,ddamiano,eholmgren,tnye,sheyman",136,236,b8748941cc071502459b15ade144d0991a60a2b46f36ad03bf08c59517f50633,1778371366.0,False,166,671.571428571429,9.15207080392192,7.3,-5.52,-127.095273238518,21b9e5e4a69d0123038f07d4de6f46fde71999339d27ceeea381bf3fb72e507d,0.983308709165891,0.016691290834109,0.789734350138515,0.852353046428805,0.830143978263915,0.732521058317187,2111.57142857143,5,0.99,-0.0222090681648901,-0.105623853347043,236,908a9d3271cf4c2978baf4ccd0fe65818aa1e309,2026-07-21 08:07:47,2026-06-06 14:01:41,flyers,phoenix,31,14,Final,2026-05-09 19:30:00
2026-05-09-PHI-CAR,kpignone,-1.3,72.0,bmorrison,5.45,74.52,0,0,0,"jreinhard,kpignone,bmorrison,smadiraju1,cbelus,dswanson,cwilliams",True,2026-05-09-PHI-CAR,8,3,2,2,675,2,5,False,False,167,home,136,1778371368.0,18,False,"mhanna,ndigiorgi,cwhite1,ddamiano,eholmgren,tnye,sheyman",137,237,c611d4b5c58672c0b30af978e4563ee77a248b91546495b27389b1f93a8e4179,1778371368.0,False,167,670.428571428571,7.20506072146515,6.75,2.52,-69.5277204802581,14c0272cc7050dcc912936e6b09fa73c290ad2ba441a4016bd8bf2d9731cf944,0.984668420176185,0.0153315798238149,0.789734350138515,0.82969389829699,0.839994242043447,0.722154535972701,2110.42857142857,5,0.99,0.0103003437464578,0.0489872870497074,237,0d0922551ed2a121989c75eaf66d6eeb4d0c62fb,2026-07-21 08:07:47,2026-06-06 14:01:41,flyers,phoenix,31,14,Final,2026-05-09 19:30:00
2026-05-09-PHI-CAR,bmorrison,5.45,74.52,cbelus,11.04,82.02,0,0,0,"jreinhard,kpignone,bmorrison,smadiraju1,cbelus,dswanson,cwilliams",True,2026-05-09-PHI-CAR,8,3,2,2,675,2,6,False,False,168,home,137,1778371371.0,18,False,"mhanna,ndigiorgi,cwhite1,ddamiano,eholmgren,tnye,sheyman",138,238,f49086a1c4279659c6321b59b3077da16d3e4163d080ddd8cada03ad32e6220c,1778371371.0,False,168,669.285714285714,9.3540419071116,5.59,7.5,-36.6983905863197,eaefd11a48d5bca61133ed371a859c0a209afdf64d4818ea4f00f322a065eaeb,0.977681883437238,0.0223181165627622,0.789734350138515,0.839576328659469,0.868848857464801,0.693129830518314,2109.28571428571,5,0.99,0.0292725288053318,0.139216885043351,238,fbbe5b7e53a29179050271f6be0fdae80fc60df0,2026-07-21 08:07:47,2026-06-06 14:01:41,flyers,phoenix,31,14,Final,2026-05-09 19:30:00
2026-05-09-PHI-CAR,cbelus,11.04,82.02,smadiraju1,13.43,106.36,0,0,0,"jreinhard,kpignone,bmorrison,smadiraju1,cbelus,dswanson,cwilliams",True,2026-05-09-PHI-CAR,9,3,2,2,675,2,7,False,False,169,home,138,1778371382.0,19,False,"mhanna,ndigiorgi,cwhite1,ddamiano,eholmgren,tnye,sheyman",139,240,70af95ee141c6527b472c34ad78b5c70c3d6c9817d7e9ba2aa1033784d52bc77,1778371382.0,False,169,668.142857142857,24.4570582859018,2.39,24.34,-5.60802543313356,5c59cda5b86f01580d1ccbac0469a66ecfe556d68fa5def3d63bd0db45962a62,0.895343047941014,0.104656952058986,0.789734350138515,0.868503832704831,1.0,0.637798016174047,2108.14285714286,5,0.991,0.131496167295169,0.625381118512668,240,845a5931578c87b2a38fd4a0732a2bff16bd87e1,2026-07-21 08:07:47,2026-06-06 14:01:41,flyers,phoenix,31,14,Final,2026-05-09 19:30:00
2026-05-09-PHI-CAR,swhitcomb,25.36,51.48,czaleski,8.88,102.21,0,0,0,"swhitcomb,czaleski,jbray,idietrich,dloughnan,jwisner,tmackey",False,2026-05-09-PHI-CAR,9,4,2,3,667,1,1,True,True,170,away,102,1778371448.0,19,False,"jreinhard,mtucker,smadiraju,smadiraju1,cwilliams,aolcese,dswanson",103,245,c019201539956e3bd189783be8d1cb5ea92d1fab8726da3e54b489e6f7fc1597,1778371448.0,False,170,667.0,53.3396972244875,-16.48,50.73,17.9967552228738,1207bb6f7a11f74af8cc6d55f00d734f68fe9ffe7697d55a80e0c7ae1748a0e8,0.569904545866818,0.430095454133182,0.685753264636344,0.685753264636344,1.0,0.641800202073583,2107.0,6,0.99,0.314246735363656,1.0,245,1938a229dc80bdd0bd5017a94d343f3eed4ac72c,2026-07-21 08:07:47,2026-06-06 14:01:41,flyers,phoenix,31,14,Final,2026-05-09 19:30:00
2026-05-09-PHI-CAR,jlouie,-17.81,27.61,dhawkins,-4.37,19.99,0,0,0,"dhawkins,gsanner,alaviolet,jfairfax,jlouie,wmatthews,nlyle",True,2026-05-09-PHI-CAR,9,4,2,4,607,1,1,True,True,171,home,143,1778371494.0,18,False,"czaleski,dperry,jwisner,sdavies1,jthornton,jbray,wzamsky",144,249,47ed0311e03229cf592db279023b63940b6e38357674fccdeda894ad65d5296a,1778371494.0,False,171,607.0,15.4498543682457,13.44,-7.62,-119.551688167553,179f8e9df83aac3418fc702648d2f84a60d439788cb93d23cf1bb427bd24879e,0.984445521425438,0.0155544785745624,0.628780342088946,0.631897344092873,0.628540477666408,0.929304004002305,2047.0,5,0.988,-0.00335686642646493,-0.00904280351249409,249,db0b76fbfb1698a907fd6a2eea05b624ae98a82d,2026-07-21 08:07:47,2026-06-06 14:01:41,flyers,phoenix,31,14,Final,2026-05-09 19:30:00
2026-05-09-PHI-CAR,dhawkins,-4.37,19.99,gsanner,12.89,31.7,0,0,0,"dhawkins,gsanner,alaviolet,jfairfax,jlouie,wmatthews,nlyle",True,2026-05-09-PHI-CAR,9,4,2,4,607,1,2,True,True,172,home,144,1778371497.0,18,False,"czaleski,dperry,jwisner,sdavies1,jthornton,jbray,wzamsky",145,250,773912d7a2622a880dea11acf816db4ebb5a0b4c7b9a4e08e860fc1e24fb2acb,1778371497.0,False,172,601.2,20.8574135501025,17.26,11.71,-55.845176370865,783ab91b43ca6217ff953d487ecb3323022fa58ae99363fe3ed4b690db42106a,0.967231380949908,0.0327686190500918,0.628780342088946,0.628780342088946,0.655202900010206,0.885969629873083,2041.2,5,0.988,0.0264225579212598,0.0711776905079493,250,75c79fb83e03de82ce772e69f16488d1fe050240,2026-07-21 08:07:47,2026-06-06 14:01:41,flyers,phoenix,31,14,Final,2026-05-09 19:30:00
2026-05-09-PHI-CAR,gsanner,12.89,31.7,jfairfax,1.7,73.9,0,0,0,"dhawkins,gsanner,alaviolet,jfairfax,jlouie,wmatthews,nlyle",True,2026-05-09-PHI-CAR,9,4,2,4,607,1,3,True,True,173,home,145,1778371506.0,18,False,"czaleski,dperry,jwisner,sdavies1,jthornton,jbray,wzamsky",146,251,085f58acf4e39a9d935562efdd7804985fb341f1ebef5e9ff0abb92a3519e807,1778371506.0,False,173,595.4,43.658402398622,-11.19,42.2,14.8511071054117,196ece1553eb00ed3d8b60173c7cd82f24a2f40e39bb390752a531b7fe015f4e,0.74143975304689,0.25856024695311,0.628780342088946,0.655614197852366,0.828085335872012,0.710861390533772,2035.4,5,0.99,0.172471138019645,0.464606694026345,251,a5c79dea3ce7a97fea71c8cfca18807354758f13,2026-07-21 08:07:47,2026-06-06 14:01:41,flyers,phoenix,31,14,Final,2026-05-09 19:30:00
2026-05-09-PHI-CAR,jfairfax,1.7,73.9,wmatthews,16.98,82.7,0,0,0,"dhawkins,gsanner,alaviolet,jfairfax,jlouie,wmatthews,nlyle",True,2026-05-09-PHI-CAR,9,4,2,4,607,1,4,True,True,174,home,146,1778371509.0,18,False,"czaleski,dperry,jwisner,sdavies1,jthornton,jbray,wzamsky",147,252,380c3bfb1a237256d6992d09209bc26e69dd74a19a612d7f1ea6babff52ca795,1778371509.0,False,174,589.6,17.6328783810245,15.28,8.8,-60.0616615445462,73f335b631e9a435c2e6292df6cde0665a923eed223899d8d8721c092b6a6b3c,0.964742426644901,0.0352575733550995,0.628780342088946,0.828441407963704,0.857426449354355,0.666352064181405,2029.6,5,0.99,0.0289850413906515,0.0780805670522881,252,6a8cce34f2d50b4855c89ebcc9ab6be9afdf704b,2026-07-21 08:07:47,2026-06-06 14:01:41,flyers,phoenix,31,14,Final,2026-05-09 19:30:00
2026-05-09-PHI-CAR,wmatthews,16.98,82.7,nlyle,17.93,106.09,0,0,0,"dhawkins,gsanner,alaviolet,jfairfax,jlouie,wmatthews,nlyle",True,2026-05-09-PHI-CAR,10,4,2,4,607,1,5,True,True,175,home,147,1778371520.0,19,False,"czaleski,dperry,jwisner,sdavies1,jthornton,jbray,wzamsky",148,253,28c689a8cb048abb2be75b0cf8aeb9e3f6e115435cd1e202951891ed23c02410,1778371520.0,False,175,583.8,23.4092844828713,0.949999999999999,23.39,-2.32582683968,a48369fa17cad0b5352e6e7fa403da9191544aa405f1ba39ed82e20d19eeac2e,0.913209734708292,0.0867902652917077,0.628780342088946,0.857801810643054,1.0,0.612728201531192,2023.8,5,0.991,0.142198189356946,0.383056732925003,253,ba03212df8e7b85758050aa528fc610a58b0f7da,2026-07-21 08:07:47,2026-06-06 14:01:41,flyers,phoenix,31,14,Final,2026-05-09 19:30:00
2026-05-09-PHI-CAR,eholmgren,17.67,21.69,mhanna,5.25,22.65,0,0,0,"eholmgren,jthornton,sheyman,mhanna,crawlins,cwhite1,ddamiano",False,2026-05-09-PHI-CAR,10,4,2,5,578,1,1,True,True,176,away,107,1778371573.0,18,False,"cwilliams,kpignone,aolcese,dbruer,ali,mtucker,smadiraju",108,258,7a736bc02a49384ebaf918a01f785ef26e436c4b28cf51c6ebf4039f13e5f8a9,1778371573.0,False,176,578.0,12.4570461988386,-12.42,0.959999999999997,85.5801288611453,ba30a7666a5ff8220b9b07a07971ce12c2915dfbdfcd3107a68ef43696ec62a6,0.985275137822289,0.0147248621777114,0.616065644156842,0.616065644156842,0.637982408665248,0.921644735920895,2018.0,6,0.993,0.0219167645084065,0.0570846661020349,258,10f041c1697435968a84327dcdc4f5f677853f36,2026-07-21 08:07:47,2026-06-06 14:01:41,flyers,phoenix,31,14,Final,2026-05-09 19:30:00
2026-05-09-PHI-CAR,mhanna,5.25,22.65,ddamiano,-13.22,26.56,0,0,0,"eholmgren,jthornton,sheyman,mhanna,crawlins,cwhite1,ddamiano",False,2026-05-09-PHI-CAR,10,4,2,5,578,1,2,True,True,177,away,108,1778371577.0,18,False,"cwilliams,kpignone,aolcese,dbruer,ali,mtucker,smadiraju",109,259,ad023b419bed21781241ca8ec6989cbac46a468b084040a8408fd688c5371c38,1778371577.0,False,177,573.875,18.8793273185249,-18.47,3.91,78.0472579933137,7e88de76aeeee73f98fababf726bff037919d7089d598ebc438c430fed5dc309,0.977293997319622,0.0227060026803781,0.616065644156842,0.638612882643408,0.643664210810389,0.906154485610019,2013.875,6,0.993,0.00505132816698139,0.0131567495591484,259,a8c7f541f083b3051159e988134e7dbde8f1b5af,2026-07-21 08:07:47,2026-06-06 14:01:41,flyers,phoenix,31,14,Final,2026-05-09 19:30:00
2026-05-09-PHI-CAR,ddamiano,-13.22,26.56,mhanna,-0.38,26.91,0,0,0,"eholmgren,jthornton,sheyman,mhanna,crawlins,cwhite1,ddamiano",False,2026-05-09-PHI-CAR,10,4,2,5,578,1,3,True,True,178,away,109,1778371580.0,18,False,"cwilliams,kpignone,aolcese,dbruer,ali,mtucker,smadiraju",110,260,64c84d25472669fe73f6db5a745eca737c3f6b4a71d74307164c437f63f81d74,1778371580.0,False,178,569.75,12.8447693634413,12.84,0.350000000000001,-88.4385858055674,0ee49c45ce1b92abdb059c6decbf30cce335cfcaf9036bfd873e7354590e7181,0.985386478713742,0.0146135212862576,0.616065644156842,0.644321415013044,0.651288899464876,0.907740409554602,2009.75,6,0.993,0.00696748445183204,0.0181475930606177,260,2c2cfb620094c6e1a98a0220429d160ca2f0c1a8,2026-07-21 08:07:47,2026-06-06 14:01:41,flyers,phoenix,31,14,Final,2026-05-09 19:30:00
2026-05-09-PHI-CAR,mhanna,-0.38,26.91,eholmgren,15.89,29.58,0,0,0,"eholmgren,jthornton,sheyman,mhanna,crawlins,cwhite1,ddamiano",False,2026-05-09-PHI-CAR,10,4,2,5,578,1,4,True,True,179,away,110,1778371582.0,18,False,"cwilliams,kpignone,aolcese,dbruer,ali,mtucker,smadiraju",111,261,e3e2a0984b513f1705a1f7b8f61e17f4ddeb9084324aca1e074d9f86bb8a965c,1778371582.0,False,179,565.625,16.4876256629025,16.27,2.67,-80.6805027516828,b9cb5deb08b2644a90d0018a5611231410e367e1aafe43f567a7be90cd2ca3d2,0.983036302907647,0.0169636970923532,0.616065644156842,0.651961345137046,0.646292887047613,0.893632897942703,2005.625,6,0.993,-0.00566845808943295,-0.0147641335117938,261,41db4987dd638b1bb377351362c27fc7a2457c0e,2026-07-21 08:07:47,2026-06-06 14:01:41,flyers,phoenix,31,14,Final,2026-05-09 19:30:00
2026-05-09-PHI-CAR,eholmgren,15.89,29.58,crawlins,24.47,39.13,0,0,0,"eholmgren,jthornton,sheyman,mhanna,crawlins,cwhite1,ddamiano",False,2026-05-09-PHI-CAR,10,4,2,5,578,1,5,True,True,180,away,111,1778371586.0,18,False,"cwilliams,kpignone,aolcese,dbruer,ali,mtucker,smadiraju",112,262,976bd9f0183d234e0a336a1974c0ef7cf1a0c3b6d7d0f4cde0e2d7d5180ccc6c,1778371586.0,False,180,561.5,12.8381813353761,8.58,9.55,-41.9374535520563,791b772d780c478dca472205e2e084b5e819d78791d35a746e75fa269a4cf4a2,0.96722101644692,0.0327789835530795,0.616065644156842,0.646982425787821,0.633859590554937,0.825432069462546,2001.5,6,0.993,-0.0131228352328839,-0.0341798930811099,262,ff15176d305cf901d75babf0d2b95cf939709096,2026-07-21 08:07:47,2026-06-06 14:01:41,flyers,phoenix,31,14,Final,2026-05-09 19:30:00
2026-05-09-PHI-CAR,crawlins,24.47,39.13,sheyman,18.56,47.64,0,0,0,"eholmgren,jthornton,sheyman,mhanna,crawlins,cwhite1,ddamiano",False,2026-05-09-PHI-CAR,10,4,2,5,578,1,6,True,True,181,away,112,,18,False,"cwilliams,kpignone,aolcese,dbruer,ali,mtucker,smadiraju",113,263,1f1942e7ad5742956a363be58d43fdb740cfa6abbf44d74b1d509034d7e9c416,1778371589.0,True,181,557.375,10.3608976445094,-5.91,8.51,34.7790930822368,396015eedc387d7707b8aab8e57987dcf6f9c531648c812a862dfc34113ab4f1,0.981771620207345,0.0182283797926555,0.616065644156842,0.634563236375213,0.700789972733845,0.811693562943231,1997.375,6,0.992,0.0662267363586323,0.172494946989549,263,d8ff33493d8bfbe270508b060277a02865c92e43,2026-07-21 08:07:47,2026-06-06 14:01:41,flyers,phoenix,31,14,Final,2026-05-09 19:30:00
2026-05-09-PHI-CAR,sheyman,18.56,47.64,cwhite1,22.96,58.9,0,0,0,"eholmgren,jthornton,sheyman,mhanna,crawlins,cwhite1,ddamiano",False,2026-05-09-PHI-CAR,10,4,2,5,578,1,7,True,True,182,away,113,1778371592.0,18,False,"cwilliams,kpignone,aolcese,dbruer,ali,mtucker,smadiraju",114,264,be2ea198e20215273f7369d044cfaaf2f36d155e0fa6290e8ac1d73106901abc,1778371592.0,False,182,553.25,12.0891521621659,4.4,11.26,-21.3437570789621,3af2a6d34fc5ef525084e6518737cd3feea4c157cd9cb8315bd9e273e59c04db,0.973050363571058,0.0269496364289417,0.616065644156842,0.701420408533823,0.728421453042914,0.738903610434103,1993.25,6,0.992,0.0270010445090909,0.0703272424000554,264,0e573d4a8877020ce1da89cfe27ade0d3c57cf2d,2026-07-21 08:07:47,2026-06-06 14:01:41,flyers,phoenix,31,14,Final,2026-05-09 19:30:00
2026-05-09-PHI-CAR,cwhite1,22.96,58.9,crawlins,7.24,102.08,0,0,0,"eholmgren,jthornton,sheyman,mhanna,crawlins,cwhite1,ddamiano",False,2026-05-09-PHI-CAR,10,5,2,5,578,1,8,True,True,183,away,114,1778371596.0,19,False,"cwilliams,kpignone,aolcese,dbruer,ali,mtucker,smadiraju",115,265,910df2adc05e9c21f0c847d2200a39f8d08b809121019b11fc00d8a0895808db,1778371596.0,False,183,549.125,45.9524841548311,-15.72,43.18,20.004411611281,044a7a6e8dc8880f02638d535d997884b9348c8cf2880bf603026aa808c68a1d,0.661754967185919,0.338245032814081,0.616065644156842,0.729003379250413,1.0,0.635483888565272,1989.125,6,0.99,0.270996620749587,0.705841028877063,265,a32989b2394f68f8374839170f81e440d21d8c52,2026-07-21 08:07:47,2026-06-06 14:01:41,flyers,phoenix,31,14,Final,2026-05-09 19:30:00
2026-05-09-PHI-CAR,alaviolet,5.72,19.99,jlouie,-0.62,25.22,0,0,0,"dhawkins,gsanner,tmitchell,alaviolet,jfairfax,jlouie,wmatthews",True,2026-05-09-PHI-CAR,10,5,2,6,545,1,1,True,True,184,home,152,1778371650.0,18,False,"czaleski,tmackey,jbray,swhitcomb,jwisner,dloughnan,idietrich",153,270,a13c0135687e9f8a1bc09684571e59a30b7d74ce0a6123e04c5a1f84e9c66473,1778371650.0,False,184,545.0,8.21878944857453,-6.34,5.23,50.4800574723222,c496dd9c2dc1a58f9ceca7b5bbb3b9ffb97689f12e38d12d6796aea4eb4ff804,0.990407179872015,0.00959282012798468,0.636517356768496,0.636517356768496,0.650679285578459,0.915032439438339,1985.0,5,0.988,0.0141619288099631,0.0389617745817462,270,4f62bc651ee7388cffde22d8fa2823807158f859,2026-07-21 08:07:47,2026-06-06 14:01:41,flyers,phoenix,31,14,Final,2026-05-09 19:30:00
2026-05-09-PHI-CAR,jlouie,-0.62,25.22,alaviolet,7.97,22.77,0,0,0,"dhawkins,gsanner,tmitchell,alaviolet,jfairfax,jlouie,wmatthews",True,2026-05-09-PHI-CAR,10,5,2,6,545,1,2,True,True,185,home,153,1778371653.0,18,False,"czaleski,tmackey,jbray,swhitcomb,jwisner,dloughnan,idietrich",154,271,ad72e8419bc3ea9e05f82b6a3cb0d70e37331d10ce95caee8feb571f0860b39e,1778371653.0,False,185,541.611111111111,8.93255842410225,8.59,-2.45,-105.918963896256,ad8e346de16daea8af5833dc4f224f1067a65c31dfcbad4792c6951f20c79991,0.991352084476608,0.0086479155233915,0.636517356768496,0.651184941743171,0.643307834241781,0.922861815138629,1981.61111111111,5,0.988,-0.00787710750139092,-0.0216712067221706,271,56a5c5a1a6331af912c841a5b6a794de81593166,2026-07-21 08:07:47,2026-06-06 14:01:41,flyers,phoenix,31,14,Final,2026-05-09 19:30:00
2026-05-09-PHI-CAR,alaviolet,7.97,22.77,dhawkins,15.07,30.34,0,0,0,"dhawkins,gsanner,tmitchell,alaviolet,jfairfax,jlouie,wmatthews",True,2026-05-09-PHI-CAR,10,5,2,6,545,1,3,True,True,186,home,154,1778371654.0,18,False,"czaleski,tmackey,jbray,swhitcomb,jwisner,dloughnan,idietrich",155,272,c3ffa20b4aecb8d3285cd17efbacce83e34eb0fbc4b5c095b73f74f32b85d7d5,1778371654.0,False,186,538.222222222222,10.3785789007937,7.1,7.57,-43.1649755741318,03283fbf429ce059f382574f4a2d990a093723eaff20e761fa451bad6fee2967,0.987344780312243,0.0126552196877573,0.636517356768496,0.643791173384419,0.655186886709524,0.893351246033834,1978.22222222222,5,0.988,0.0113957133251049,0.0313514648836944,272,2a4c13630bf9422d44918a4d6c1eac28378ad841,2026-07-21 08:07:47,2026-06-06 14:01:41,flyers,phoenix,31,14,Final,2026-05-09 19:30:00
2026-05-09-PHI-CAR,dhawkins,15.07,30.34,alaviolet,4.22,26.79,0,0,0,"dhawkins,gsanner,tmitchell,alaviolet,jfairfax,jlouie,wmatthews",True,2026-05-09-PHI-CAR,10,5,2,6,545,1,4,True,True,187,home,155,1778371656.0,18,False,"czaleski,tmackey,jbray,swhitcomb,jwisner,dloughnan,idietrich",156,273,ef0fdd9b3e2a8305b4f2f3308ea368ac93089072f3b73dc71c0cd56bb8bc03be,1778371656.0,False,187,534.833333333333,11.4159975473018,-10.85,-3.55,108.11752392917,e14e8252bffd73bd8f252382e9cbf031a4c38b9316afddc5ddea765954eb72b3,0.987506422927581,0.012493577072419,0.636517356768496,0.655634866755438,0.656102178970032,0.910027543928483,1974.83333333333,5,0.988,0.00046731221459384,0.00128565207526624,273,734d2e17a780dd78510aac552da7a6486f40b19f,2026-07-21 08:07:47,2026-06-06 14:01:41,flyers,phoenix,31,14,Final,2026-05-09 19:30:00
2026-05-09-PHI-CAR,alaviolet,4.22,26.79,jlouie,-5.32,34.97,0,0,0,"dhawkins,gsanner,tmitchell,alaviolet,jfairfax,jlouie,wmatthews",True,2026-05-09-PHI-CAR,10,5,2,6,545,1,5,True,True,188,home,156,1778371659.0,18,False,"czaleski,tmackey,jbray,swhitcomb,jwisner,dloughnan,idietrich",157,274,86f00eb042f5b6c2e26ad1151adeeba0883c2da469a34f4145356e362248ee49,1778371659.0,False,188,531.444444444444,12.5667816086697,-9.54,8.18,49.3888148355852,42506288661030062376aea4727c9128e745eb34f5f3ba803fdd87443916e67b,0.983245987497297,0.0167540125027031,0.636517356768496,0.65652240658947,0.680539778037925,0.879669846905662,1971.44444444444,5,0.988,0.0240173714484557,0.0660757037390611,274,c1559b879b20ec5ed6fac76dedf3514504c53d55,2026-07-21 08:07:47,2026-06-06 14:01:41,flyers,phoenix,31,14,Final,2026-05-09 19:30:00
2026-05-09-PHI-CAR,jlouie,-5.32,34.97,jfairfax,-21.15,58.29,0,0,0,"dhawkins,gsanner,tmitchell,alaviolet,jfairfax,jlouie,wmatthews",True,2026-05-09-PHI-CAR,10,5,2,6,545,1,6,True,True,189,home,157,1778371662.0,18,False,"czaleski,tmackey,jbray,swhitcomb,jwisner,dloughnan,idietrich",158,275,f7d47ef7478b38fc5d8f36752074608152affe5585eb89e48f7f1ff81f737d2c,1778371662.0,False,189,528.055555555556,28.1853029077213,-15.83,23.32,34.1693066210326,d3c9d961a85e8a045275d41b0c75419e3a558b3b784c67b388484aa736fca9c6,0.930800576836336,0.0691994231636638,0.636517356768496,0.680919119765111,0.740328682727488,0.753783764864584,1968.05555555556,5,0.989,0.0594095629623772,0.163445391598902,275,babde68a08a007f51a5e088c8758422deb65f398,2026-07-21 08:07:47,2026-06-06 14:01:41,flyers,phoenix,31,14,Final,2026-05-09 19:30:00
2026-05-09-PHI-CAR,jfairfax,-21.15,58.29,jlouie,-7.03,53.24,0,0,0,"dhawkins,gsanner,tmitchell,alaviolet,jfairfax,jlouie,wmatthews",True,2026-05-09-PHI-CAR,10,5,2,6,545,1,7,True,True,190,home,158,1778371666.0,18,False,"czaleski,tmackey,jbray,swhitcomb,jwisner,dloughnan,idietrich",159,276,644b7d21ca9363041afd674283044c00097a3189e91ae966be6985beed666aae,1778371666.0,False,190,524.666666666667,14.9958961052683,14.12,-5.05,-109.679525298654,a27012da8f542ab0d2705df99bb8f7153dfc330e895c5ecb83fc8967b4598dca,0.973150517992309,0.026849482007691,0.636517356768496,0.740642071103628,0.746491218015519,0.80293610448993,1964.66666666667,5,0.989,0.00584914691189065,0.0160919565784199,276,bd6298547bdfe9b82b30c70687ccd7cecb258674,2026-07-21 08:07:47,2026-06-06 14:01:41,flyers,phoenix,31,14,Final,2026-05-09 19:30:00
2026-05-09-PHI-CAR,jlouie,-7.03,53.24,wmatthews,8.86,52.09,0,0,0,"dhawkins,gsanner,tmitchell,alaviolet,jfairfax,jlouie,wmatthews",True,2026-05-09-PHI-CAR,10,5,2,6,545,1,8,True,True,191,home,159,1778371669.0,18,False,"czaleski,tmackey,jbray,swhitcomb,jwisner,dloughnan,idietrich",160,277,a643b0e2d5bdf3f19fa1d792c38164a9c25d16434bf793cf74f79b7a7a4e081e,1778371669.0,False,191,521.277777777778,15.9315598734085,15.89,-1.15,-94.1394252418523,c72d0489c0430e3587f2218a998f195a921fd585d14d02ea8b4f7ae4a4507f27,0.976381803001958,0.023618196998042,0.636517356768496,0.74677860777588,0.741437206965444,0.807662170222026,1961.27777777778,5,0.989,-0.0053414008104361,-0.0146950642895874,277,e3be818d2f19893042d5ade7185a1406221d6499,2026-07-21 08:07:47,2026-06-06 14:01:41,flyers,phoenix,31,14,Final,2026-05-09 19:30:00
2026-05-09-PHI-CAR,wmatthews,8.86,52.09,dhawkins,22.02,65.31,0,0,0,"dhawkins,gsanner,tmitchell,alaviolet,jfairfax,jlouie,wmatthews",True,2026-05-09-PHI-CAR,10,5,2,6,545,1,9,True,True,192,home,160,1778371674.0,18,False,"czaleski,tmackey,jbray,swhitcomb,jwisner,dloughnan,idietrich",161,278,a33cf69636ba97acb6bb50fa1745c05446216abd0a83701671523edb59936d33,1778371674.0,False,192,517.888888888889,18.6535251360165,13.16,13.22,-44.8696838194526,aa4e2a0a506df79f2b780ed8e39b47e70d7661ebe81a5c05489e131ac6290047,0.963744381727406,0.0362556182725936,0.636517356768496,0.741707534237732,0.767324152866304,0.720171996939699,1957.88888888889,5,0.989,0.0256166186285729,0.0704754934123705,278,2245fe8cc1e09029e8d604b3db62d42a1f6f3c1e,2026-07-21 08:07:47,2026-06-06 14:01:41,flyers,phoenix,31,14,Final,2026-05-09 19:30:00
2026-05-09-PHI-CAR,dhawkins,22.02,65.31,jlouie,12.34,55.29,0,0,0,"dhawkins,gsanner,tmitchell,alaviolet,jfairfax,jlouie,wmatthews",True,2026-05-09-PHI-CAR,10,5,2,6,545,1,10,True,True,193,home,161,1778371677.0,18,False,"czaleski,tmackey,jbray,swhitcomb,jwisner,dloughnan,idietrich",162,279,207a7c45ac6d02cfb6cb9fedc25b37fe4fb225333787212ac6a994ea97c44bc7,1778371677.0,False,193,514.5,13.9320780933786,-9.68,-10.02,135.988763003092,895400994f84d97d106670af197af12111c2e4ba015e25ec998c23a03d268d0f,0.976972111800525,0.0230278881994751,0.636517356768496,0.767557052316297,0.751791427243108,0.792145768417603,1954.5,5,0.989,-0.0157656250731883,-0.0433738044078961,279,a8e5914a325bb1c846b47f084f7ff182914860db,2026-07-21 08:07:47,2026-06-06 14:01:41,flyers,phoenix,31,14,Final,2026-05-09 19:30:00
2026-05-09-PHI-CAR,jlouie,12.34,55.29,dhawkins,4.7,60.74,0,0,0,"dhawkins,gsanner,tmitchell,alaviolet,jfairfax,jlouie,wmatthews",True,2026-05-09-PHI-CAR,10,5,2,6,545,1,11,True,True,194,home,162,1778371679.0,18,False,"czaleski,tmackey,jbray,swhitcomb,jwisner,dloughnan,idietrich",163,280,8ac94504169fcd450684bc23961b56861196f5f21bcd97074a18836a73de5ab0,1778371679.0,False,194,511.111111111111,9.38467367573322,-7.64,5.45,54.4978082554597,6c8121cc9fb5b566d71a99bd1664844f7c5b15ca7b32e1f30002ece1b1fc48d8,0.981990526556355,0.0180094734436447,0.636517356768496,0.752015706281912,0.77865001764731,0.772443278356103,1951.11111111111,5,0.989,0.0266343113653978,0.0732753320175299,280,57bf73416ed2a3804da23fff358dabb17b749df1,2026-07-21 08:07:47,2026-06-06 14:01:41,flyers,phoenix,31,14,Final,2026-05-09 19:30:00
2026-05-09-PHI-CAR,dhawkins,4.7,60.74,wmatthews,-3.28,67.02,0,0,0,"dhawkins,gsanner,tmitchell,alaviolet,jfairfax,jlouie,wmatthews",True,2026-05-09-PHI-CAR,10,5,2,6,545,1,12,True,True,195,home,163,1778371683.0,18,False,"czaleski,tmackey,jbray,swhitcomb,jwisner,dloughnan,idietrich",164,281,952bb97629836ba670fad5ad8151c898c7e718e8720992736ad49fdee5700fc7,1778371683.0,False,195,507.722222222222,10.1547427343089,-7.98,6.27999999999999,51.7984072205479,7339c4ca7d6bfb62d65adeef68dcd675a709252414ebbafc04f27980f2803d9c,0.98131660824149,0.0186833917585101,0.636517356768496,0.778839998505854,0.805617336936786,0.747332737119012,1947.72222222222,5,0.989,0.0267773384309317,0.0736688227885397,281,943a5d73a3de4ad0c71684219a30703d3d326524,2026-07-21 08:07:47,2026-06-06 14:01:41,flyers,phoenix,31,14,Final,2026-05-09 19:30:00
2026-05-09-PHI-CAR,wmatthews,-3.28,67.02,gsanner,-11.53,77.52,0,0,0,"dhawkins,gsanner,tmitchell,alaviolet,jfairfax,jlouie,wmatthews",True,2026-05-09-PHI-CAR,10,5,2,6,545,1,13,True,True,196,home,164,1778371685.0,18,False,"czaleski,tmackey,jbray,swhitcomb,jwisner,dloughnan,idietrich",165,282,24633e32ddfc43a2f063db31908f06dffeee77d19648fa4bb407d9aeb6934dff,1778371685.0,False,196,504.333333333333,13.3533703610736,-8.25,10.5,38.1572265873691,8cd7629f27e94a4647905ec3a574661e95f1eccfcf6cda623eefbb99904da87c,0.969928873345194,0.0300711266548057,0.636517356768496,0.805774813802228,0.848488706443666,0.704427887149696,1944.33333333333,5,0.99,0.0427138926414377,0.117512881115022,282,9cb5bf27d620795c210f544485eaa9af2af91ae3,2026-07-21 08:07:47,2026-06-06 14:01:41,flyers,phoenix,31,14,Final,2026-05-09 19:30:00
2026-05-09-PHI-CAR,gsanner,-11.53,77.52,dhawkins,-9.83,83.59,0,0,0,"dhawkins,gsanner,tmitchell,alaviolet,jfairfax,jlouie,wmatthews",True,2026-05-09-PHI-CAR,10,5,2,6,545,1,14,True,True,197,home,165,1778371690.0,18,False,"czaleski,tmackey,jbray,swhitcomb,jwisner,dloughnan,idietrich",166,283,c4a92133465081da53bc0c0ddfdaf9c380d811792ddae1399036867fcc474d2e,1778371690.0,False,197,500.944444444444,6.30356248481762,1.7,6.07000000000001,-15.6457475741926,8c914c1635c796d083d997f7967676cf85a849baedf30e948964eecd32071013,0.980726934391151,0.0192730656088487,0.636517356768496,0.848605939907348,0.87440174593983,0.68575815481375,1940.94444444444,5,0.99,0.0257958060324825,0.0709684671684668,283,fa6f9de16fb7bdb612eba0756cb74144bb2d9665,2026-07-21 08:07:47,2026-06-06 14:01:41,flyers,phoenix,31,14,Final,2026-05-09 19:30:00
2026-05-09-PHI-CAR,dhawkins,-9.83,83.59,jlouie,-3.28,78.88,0,0,0,"dhawkins,gsanner,tmitchell,alaviolet,jfairfax,jlouie,wmatthews",True,2026-05-09-PHI-CAR,10,5,2,6,545,1,15,True,True,198,home,166,1778371693.0,18,False,"czaleski,tmackey,jbray,swhitcomb,jwisner,dloughnan,idietrich",167,284,77c733cead5a2aac127ecd48158b17529dc3023124f2e985e9c32c569965e4f3,1778371693.0,False,198,497.555555555556,8.06762666463936,6.55,-4.71000000000001,-125.719306455807,6c21f4e02e6fe176e6d2abe47905605234d3df04ecd90a2189199c1377e7d28e,0.982158551418909,0.0178414485810909,0.636517356768496,0.874491937961063,0.856350876536552,0.703888358684396,1937.55555555556,5,0.99,-0.0181410614245118,-0.0499090170117356,284,bb5a2dfd64a6ec64ef1ec81325ceced5e7238978,2026-07-21 08:07:47,2026-06-06 14:01:41,flyers,phoenix,31,14,Final,2026-05-09 19:30:00
2026-05-09-PHI-CAR,jlouie,-3.28,78.88,dhawkins,4.22,77.45,0,0,0,"dhawkins,gsanner,tmitchell,alaviolet,jfairfax,jlouie,wmatthews",True,2026-05-09-PHI-CAR,10,5,2,6,545,1,16,True,True,199,home,167,1778371695.0,18,False,"czaleski,tmackey,jbray,swhitcomb,jwisner,dloughnan,idietrich",168,285,55aab92f41e99ccb0e49ba2b280a0b5d8066a9b8b40ec8b5bb25821ad8891d07,1778371695.0,False,199,494.166666666667,7.63510969141898,7.5,-1.42999999999999,-100.794828889288,8579625e2d793fd586bdbd315fede86876d4f2bccd2402b220d1cb24d1e7623c,0.983962384774882,0.0160376152251179,0.636517356768496,0.856441116308172,0.85044350146361,0.708847958028219,1934.16666666667,5,0.99,-0.00599761484456252,-0.0165004160617997,285,b2a98c5e0e10df75d056c54d1cedde51d3a75335,2026-07-21 08:07:47,2026-06-06 14:01:41,flyers,phoenix,31,14,Final,2026-05-09 19:30:00
2026-05-09-PHI-CAR,dhawkins,4.22,77.45,jlouie,10.02,82.63,0,0,0,"dhawkins,gsanner,tmitchell,alaviolet,jfairfax,jlouie,wmatthews",True,2026-05-09-PHI-CAR,10,5,2,6,545,1,17,True,True,200,home,168,1778371698.0,18,False,"czaleski,tmackey,jbray,swhitcomb,jwisner,dloughnan,idietrich",169,286,079b505761e33f872fbf45934f9d94408a2c7f49bb4a773596e5076ad8cc7d8a,1778371698.0,False,200,490.777777777778,7.77640019546319,5.8,5.17999999999999,-48.2318488703873,2ae5673bf4c35a473917faee0322e48490f27ff51a646cc8ed6df831f6b4bf36,0.980764974352182,0.0192350256478178,0.636517356768496,0.850526030463613,0.870550116173644,0.689531233992588,1930.77777777778,5,0.99,0.020024085710031,0.0550895237582983,286,2cfe0f92e6ff138872594fe94eeeb9f17bd3dec4,2026-07-21 08:07:47,2026-06-06 14:01:41,flyers,phoenix,31,14,Final,2026-05-09 19:30:00
2026-05-09-PHI-CAR,jlouie,10.02,82.63,alaviolet,20.8,105.06,0,0,0,"dhawkins,gsanner,tmitchell,alaviolet,jfairfax,jlouie,wmatthews",True,2026-05-09-PHI-CAR,11,5,2,6,545,1,18,True,True,201,home,169,1778371717.0,19,False,"czaleski,tmackey,jbray,swhitcomb,jwisner,dloughnan,idietrich",170,288,762c60568b71d7c55a4ad5a8c65f8bd4514b393cc2cefa6dcdaf54c68f4c503f,1778371717.0,False,201,487.388888888889,24.8860061078511,10.78,22.43,-25.6692340248215,80da93941ea239b4f83136aa510baca7d3aa9607df7bc28e8f9cdb1865054899,0.918354269221616,0.0816457307783844,0.636517356768496,0.870614027551104,1.0,0.610355988723479,1927.38888888889,5,0.991,0.129385972448896,0.355961900404936,288,25e461502f5714f296468a12bce345d50e82d60a,2026-07-21 08:07:47,2026-06-06 14:01:41,flyers,phoenix,31,14,Final,2026-05-09 19:30:00
2026-05-09-PHI-CAR,eholmgren,1.47,9.26,,18.84,26.36,1,0,0,"tnye,mhanna,eholmgren,sheyman,ndigiorgi,ddamiano,cwhite1",False,2026-05-09-PHI-CAR,11,5,2,7,484,1,1,True,True,202,away,119,1778371762.0,22,False,"cbelus,smadiraju1,bmorrison,dswanson,kpignone,jreinhard,cwilliams",120,293,cd645cf665a16bb00a46a8cad578bb677508e96e1211aaab41d73b435935153a,1778371762.0,False,202,484.0,24.3747184599125,17.37,17.1,-45.4487828285289,c0df653dd08cba3d71614e954fc1b11e6f60c4269bbc9ee3c6b36cfd5791d4cf,0.968239540687104,-0.968239540687104,0.618201622464985,0.618201622464985,0.634741700213109,0.905310601211993,1924.0,6,0.996,-0.905310601211993,-0.905310601211993,293,9ada9f6359173aeee21379358d994aad6f0fd7a9,2026-07-21 08:07:47,2026-06-06 14:01:41,flyers,phoenix,31,14,Final,2026-05-09 19:30:00
2026-05-09-PHI-CAR,cbelus,-15.01,79.29,bmorrison,-17.94,110.11,0,0,0,"cbelus,smadiraju1,bmorrison,dswanson,kpignone,jreinhard,cwilliams",True,2026-05-09-PHI-CAR,12,5,2,7,484,2,1,False,False,203,home,173,1778371775.0,19,False,"tnye,mhanna,eholmgren,sheyman,ndigiorgi,ddamiano,cwhite1",174,295,266248c98b971cbb6a0558c3ee131c37206276b1494970ddd11b13ade05f33e3,1778371775.0,False,203,474.5,30.9589615458917,-2.93,30.82,5.43068155068636,5fbb47ed96712b9180228ddb80f614f920e9de39c548068412289e7599c35b58,0.859599558904781,0.140400441095219,0.853535254961574,0.853535254961574,1.0,0.621867415789,1914.5,6,0.996,0.146464745038426,1.0,295,4c3e5c02815529b994a0eae9fddc44f73c316e9e,2026-07-21 08:07:47,2026-06-06 14:01:41,flyers,phoenix,31,14,Final,2026-05-09 19:30:00
2026-05-09-PHI-CAR,ddamiano,11.56,0.54,eholmgren,-8.55,6.52,0,0,0,"tnye,cwhite1,eholmgren,sheyman,ddamiano,mhanna,ndigiorgi",False,2026-05-09-PHI-CAR,12,5,2,8,465,1,1,True,True,204,away,122,1778371828.0,18,False,"kpignone,jreinhard,cbelus,cwilliams,bmorrison,smadiraju1,dswanson",123,299,eca3fec448ee1d3ce2c2912f5b70c102a387f53b5f033fb301d164e26228b8c1,1778371828.0,False,204,465.0,20.9802883678943,-20.11,5.98,73.4393911927748,1f0613fa663ada6ba371bcc713a575f4412d9ec1bca291e9aa895cf7ebf7b3c3,0.978071219530011,0.0219287804699888,0.59672965048451,0.59672965048451,0.611373469825937,0.932777388022402,1905.0,7,0.997,0.0146438193414269,0.0363126606233777,299,879b54a9e025f661baef4b7fed4f1e8cd29928e1,2026-07-21 08:07:47,2026-06-06 14:01:41,flyers,phoenix,31,14,Final,2026-05-09 19:30:00
2026-05-09-PHI-CAR,eholmgren,-8.55,6.52,mhanna,-21.52,25.12,0,0,0,"tnye,cwhite1,eholmgren,sheyman,ddamiano,mhanna,ndigiorgi",False,2026-05-09-PHI-CAR,12,5,2,8,465,1,2,True,True,205,away,123,1778371831.0,18,False,"kpignone,jreinhard,cbelus,cwilliams,bmorrison,smadiraju1,dswanson",124,300,5d77da612eb1b63a4cdbeab5b34acaf373968e4f67c10d1459c2408b79ff4c76,1778371831.0,False,205,459.333333333333,22.6755573250141,-12.97,18.6,34.8885198604118,30d8839e903bf1bfc42da1056a18e007eff1266bb88715159bd05d0ec502fd97,0.968261775076098,0.0317382249239019,0.59672965048451,0.611383016966203,0.619716204948107,0.903698024418739,1899.33333333333,7,0.997,0.0083331879819033,0.0206640235066011,300,ded6488b1e146a5ebb65186e579da5719b3ac09a,2026-07-21 08:07:47,2026-06-06 14:01:41,flyers,phoenix,31,14,Final,2026-05-09 19:30:00
2026-05-09-PHI-CAR,mhanna,-21.52,25.12,sheyman,-25.57,36.45,0,0,0,"tnye,cwhite1,eholmgren,sheyman,ddamiano,mhanna,ndigiorgi",False,2026-05-09-PHI-CAR,12,5,2,8,465,1,3,True,True,206,away,124,1778371834.0,18,False,"kpignone,jreinhard,cbelus,cwilliams,bmorrison,smadiraju1,dswanson",125,302,01f0b4990ec2b8852f16d99293867d9659917a52aec71ef38e5ed6249380f0cc,1778371834.0,False,206,453.666666666667,12.032098736297,-4.05,11.33,19.6698400970819,dd265e704f8a162e2a7fac05dc971d298bd711775e28cdd2c5fda945f80eaa93,0.942530212252204,0.0574697877477957,0.59672965048451,0.619690043465615,0.616325990736577,0.840611541253128,1893.66666666667,7,0.997,-0.00336405272903761,-0.00834192926179513,302,21777db0731e431375347b0b9d4c89868264c308,2026-07-21 08:07:47,2026-06-06 14:01:41,flyers,phoenix,31,14,Final,2026-05-09 19:30:00
2026-05-09-PHI-CAR,sheyman,-25.57,46.45,tnye,-21.18,55.53,0,0,0,"tnye,cwhite1,eholmgren,sheyman,ddamiano,mhanna,ndigiorgi",False,2026-05-09-PHI-CAR,12,5,2,8,465,1,4,True,True,207,away,126,1778371845.0,18,False,"kpignone,jreinhard,cbelus,cwilliams,bmorrison,smadiraju1,dswanson",127,304,c8065e3050049a935c1c6b0da5aaab8a066b9e3549843b5081937afc2cfdbe58,1778371845.0,False,207,448.0,10.0855589830212,4.39,9.08,-25.8028463042623,e04e0e24d1c55fce24b461e0690a462f49d4046cc259b5d30fca13b4e85ba260,0.97910217267705,0.0208978273229498,0.59672965048451,0.654795560711418,0.730834004603431,0.769017832559609,1888.0,7,0.997,0.0760384438920132,0.188554511838943,304,648758ba44a48bef5a8014cbb041b75fd806e92c,2026-07-21 08:07:47,2026-06-06 14:01:41,flyers,phoenix,31,14,Final,2026-05-09 19:30:00
2026-05-09-PHI-CAR,tnye,-21.18,55.53,cwhite1,-3.61,88.35,0,0,0,"tnye,cwhite1,eholmgren,sheyman,ddamiano,mhanna,ndigiorgi",False,2026-05-09-PHI-CAR,12,5,2,8,465,1,5,True,True,208,away,127,1778371851.0,18,False,"kpignone,jreinhard,cbelus,cwilliams,bmorrison,smadiraju1,dswanson",128,305,4dc580b5321b976846557317bf80b6ff2fdd1d44f0b677574bb8011bac6844d9,1778371851.0,False,208,442.333333333333,37.2271043730237,17.57,32.82,-28.1621161989583,54af8430d5e2a5f218aa3f0801412c171a7cd1f11129a2e530de662cfe2bfe0b,0.77050977214321,0.22949022785679,0.59672965048451,0.730760912527608,0.894108006831941,0.674113233113169,1882.33333333333,7,0.996,0.163347094304334,0.405056048629877,305,bb0799144666eedac9635d778b17e18371b74783,2026-07-21 08:07:47,2026-06-06 14:01:41,flyers,phoenix,31,14,Final,2026-05-09 19:30:00
2026-05-09-PHI-CAR,cwhite1,-3.61,88.35,mhanna,-4.09,103.72,0,0,0,"tnye,cwhite1,eholmgren,sheyman,ddamiano,mhanna,ndigiorgi",False,2026-05-09-PHI-CAR,12,6,2,8,465,1,6,True,True,209,away,128,1778371854.0,19,False,"kpignone,jreinhard,cbelus,cwilliams,bmorrison,smadiraju1,dswanson",129,307,74810196d68fae1c75e8497d874d2fa94adad8d1193ecfb6d7322fe3715bfb12,1778371854.0,False,209,436.666666666667,15.3774932937719,-0.48,15.37,1.78874681681965,bdcacd39738c638c84c0236f1e5613e3e75fac87a63534788503b001ec2896f9,0.95123542031014,0.0487645796898601,0.59672965048451,0.894062470811143,1.0,0.642291535496985,1876.66666666667,7,0.996,0.105937529188857,0.262696053196414,307,447eea7d64fa1222abf2e2e04ce5abf24014b9f2,2026-07-21 08:07:47,2026-06-06 14:01:41,flyers,phoenix,31,14,Final,2026-05-09 19:30:00
2026-05-09-PHI-CAR,dhawkins,7.09,19.9,jlouie,-1.57,24.95,0,0,0,"dhawkins,wmatthews,jfairfax,tmitchell,jlouie,gsanner,nlyle",True,2026-05-09-PHI-CAR,12,6,2,9,431,1,1,True,True,210,home,179,1778371903.0,18,False,"sdavies1,swhitcomb,wzamsky,dperry,messer,jthornton,jwisner",180,311,def04b3a74f1b8da1bd1b35710b96238fc522f5eaa12c4d317b1793119a80b35,1778371903.0,False,210,431.0,10.0248740640469,-8.66,5.05,59.7517908509921,1993e493be88e335b0b7c81b1f11cd4c7310eccf6bd3fc1c322e63d9c29fb0c6,0.988748373871134,0.0112516261288655,0.641180971552055,0.641180971552055,0.655105474583591,0.917681977279847,1871.0,6,0.995,0.0139245030315358,0.038806478830751,311,967c569f8278e0177028f46d535fcc27e67774dd,2026-07-21 08:07:47,2026-06-06 14:01:41,flyers,phoenix,31,14,Final,2026-05-09 19:30:00
2026-05-09-PHI-CAR,jlouie,-1.57,24.95,jfairfax,-9.01,36.75,0,0,0,"dhawkins,wmatthews,jfairfax,tmitchell,jlouie,gsanner,nlyle",True,2026-05-09-PHI-CAR,12,6,2,9,431,1,2,True,True,211,home,180,1778371906.0,18,False,"sdavies1,swhitcomb,wzamsky,dperry,messer,jthornton,jwisner",181,312,51fa3c87514d745771963376445ac1067fb3effe96a9818aab5ceecc2c193ca1,1778371906.0,False,211,425.5,13.9496809999369,-7.44,11.8,32.2317787269916,eb8cbe80ef52d42710f2bc7575034dc5795bf280b1093ca0d715bb2765e8b247,0.978919778656304,0.0210802213436957,0.641180971552055,0.65496146989473,0.688138807432805,0.873433296730482,1865.5,6,0.995,0.0331773375380755,0.0924625923033752,312,5fa2cffafaed1ac7d1de66d3f476ab9cdeb54550,2026-07-21 08:07:47,2026-06-06 14:01:41,flyers,phoenix,31,14,Final,2026-05-09 19:30:00
2026-05-09-PHI-CAR,jfairfax,-9.01,36.75,wmatthews,-15.01,77.04,0,0,0,"dhawkins,wmatthews,jfairfax,tmitchell,jlouie,gsanner,nlyle",True,2026-05-09-PHI-CAR,12,6,2,9,431,1,3,True,True,212,home,181,1778371912.0,18,False,"sdavies1,swhitcomb,wzamsky,dperry,messer,jthornton,jwisner",182,313,d6d9947f8ba1d834e66f816b1d20c75449736ba7b217cc354079d70e152cbde2,1778371912.0,False,212,420.0,40.7343110902836,-6.0,40.29,8.47025661547778,3a805df35e081db2b58acdea58e2f72b97daf8f5b0e9be59f7dd5b818cabb6e4,0.780419174008322,0.219580825991678,0.641180971552055,0.687988299732429,0.843584854797293,0.700647286584114,1860.0,6,0.996,0.155596555064864,0.433635182999882,313,6d9777db69a48f979df5cf9bd53ac39139177e34,2026-07-21 08:07:47,2026-06-06 14:01:41,flyers,phoenix,31,14,Final,2026-05-09 19:30:00
2026-05-09-PHI-CAR,wmatthews,-15.01,77.04,nlyle,-22.17,75.88,0,0,0,"dhawkins,wmatthews,jfairfax,tmitchell,jlouie,gsanner,nlyle",True,2026-05-09-PHI-CAR,12,6,2,9,431,1,4,True,True,213,home,182,1778371915.0,18,False,"sdavies1,swhitcomb,wzamsky,dperry,messer,jthornton,jwisner",183,314,da8ea8fe7b0cbc028f24440996f097de4ee2d137364613f32c0cbd044cb7366b,1778371915.0,False,213,414.5,7.25335784309585,-7.16,-1.16000000000001,99.2025969720218,fbb715c31e7f095f98394aa2e780e95927979d39d353c612a3b0177f2e78f1bf,0.984503186228438,0.015496813771562,0.641180971552055,0.84348554708329,0.819098549856986,0.675646661152667,1854.5,6,0.996,-0.0243869972263036,-0.0679646152875125,314,09e0116d37296c8dc3c08f9703e1906dc4cacc09,2026-07-21 08:07:47,2026-06-06 14:01:41,flyers,phoenix,31,14,Final,2026-05-09 19:30:00
2026-05-09-PHI-CAR,nlyle,-22.17,75.88,gsanner,-20.94,82.15,0,0,0,"dhawkins,wmatthews,jfairfax,tmitchell,jlouie,gsanner,nlyle",True,2026-05-09-PHI-CAR,12,6,2,9,431,1,5,True,True,214,home,183,1778371920.0,18,False,"sdavies1,swhitcomb,wzamsky,dperry,messer,jthornton,jwisner",184,315,dad466028fea3405fa4e8bc6d049bef0415a44afcfeefe44320b82a10eb7eff6,1778371920.0,False,214,409.0,6.3895070232374,1.23,6.27000000000001,-11.0988992496423,735db5aa881443112c65983388f37f6fe17b1cfbd239c7b09f03e8c1dcec3817,0.982268347742126,0.0177316522578735,0.641180971552055,0.818981334313937,0.852938187844509,0.659577688648341,1849.0,6,0.996,0.0339568535305721,0.0946350411722893,315,cff6285809d8b3b4ca2340d7a379eaa6364283fd,2026-07-21 08:07:47,2026-06-06 14:01:41,flyers,phoenix,31,14,Final,2026-05-09 19:30:00
2026-05-09-PHI-CAR,gsanner,-20.94,82.15,jlouie,-15.96,89.65,0,0,0,"dhawkins,wmatthews,jfairfax,tmitchell,jlouie,gsanner,nlyle",True,2026-05-09-PHI-CAR,12,6,2,9,431,1,6,True,True,215,home,184,1778371924.0,18,False,"sdavies1,swhitcomb,wzamsky,dperry,messer,jthornton,jwisner",185,316,ba146970333fb3235a6b57def8bc0e46d8a5f79e097bc8eba6a42b4f06354aa7,1778371924.0,False,215,403.5,9.0027995645799,4.98,7.5,-33.584160475593,526cd164b07080782b46b8d490e347673e268bc7b4db16ad94d5a4b56f29b061,0.971991067496801,0.0280089325031991,0.641180971552055,0.852835737292262,0.893841886708294,0.656120037414173,1843.5,6,0.996,0.0410061494160326,0.114280866300215,316,44a02c1d15810777e89b690ea2becb79a1fc442d,2026-07-21 08:07:47,2026-06-06 14:01:41,flyers,phoenix,31,14,Final,2026-05-09 19:30:00
2026-05-09-PHI-CAR,jlouie,-15.96,89.65,gsanner,-7.51,81.88,0,0,0,"dhawkins,wmatthews,jfairfax,tmitchell,jlouie,gsanner,nlyle",True,2026-05-09-PHI-CAR,12,6,2,9,431,1,7,True,True,216,home,185,1778371932.0,18,False,"sdavies1,swhitcomb,wzamsky,dperry,messer,jthornton,jwisner",186,317,e764e467c961e27756a98c9addf8be8e4e134f98313fb49d5b3cf8257c4219dd,1778371932.0,False,216,398.0,11.479346671305,8.45,-7.77000000000001,-132.59936323747,50e29262ccd117daa1a7d39417aca55ff78c456ae761290f474a721efdec2058,0.971346726352755,0.028653273647245,0.641180971552055,0.893763156214397,0.867908569532093,0.692329830885286,1838.0,6,0.996,-0.0258545866823039,-0.0720546699937758,317,0ee5d7c17ab313364a70b2997d946ddbad66acd2,2026-07-21 08:07:47,2026-06-06 14:01:41,flyers,phoenix,31,14,Final,2026-05-09 19:30:00
2026-05-09-PHI-CAR,gsanner,-7.51,81.88,wmatthews,2.86,102.75,0,0,0,"dhawkins,wmatthews,jfairfax,tmitchell,jlouie,gsanner,nlyle",True,2026-05-09-PHI-CAR,13,6,2,9,431,1,8,True,True,217,home,186,1778371942.0,19,False,"sdavies1,swhitcomb,wzamsky,dperry,messer,jthornton,jwisner",187,318,8358b52676d2d44cc18900cfde0ab9ee3ed5e7ab2e1cf7f4ef59be9b388097d3,1778371942.0,False,217,392.5,23.3043729801941,10.37,20.87,-26.4221143917279,5de38282d2294357eee53d5fb58a90ff98808b1876905b4f09e095ed990cfd4b,0.911837207566813,0.0881627924331866,0.641180971552055,0.867813432266996,1.0,0.641050602430216,1832.5,6,0.996,0.132186567733004,0.368393416326808,318,af618be50cf7ef2a1044f3c9da8d3eb617c88d3b,2026-07-21 08:07:47,2026-06-06 14:01:41,flyers,phoenix,31,14,Final,2026-05-09 19:30:00
2026-05-09-PHI-CAR,tnye,-14.18,0.54,jthornton,-0.45,13.24,0,0,0,"tnye,eholmgren,cwhite1,crawlins,jthornton,sheyman,ndigiorgi",False,2026-05-09-PHI-CAR,13,6,2,10,387,1,1,True,True,218,away,133,,18,False,"dbruer,ali,mtucker,cbelus,aolcese,smadiraju,kpignone",134,323,a80906dca47d8c7e92ff2b52ff82093771239f2931e8156b3df4603b0f63f476,1778371986.0,True,218,387.0,18.7030184729631,13.73,12.7,-47.2317368274357,be8db93302d97109661a836d9b1bf7fc5f9d3729f7ecd494ba174da0ba1f9f33,0.976752385582072,0.0232476144179276,0.591415611472303,0.591415611472303,0.62523795897495,0.932748735298592,1827.0,7,0.997,0.0338223475026469,0.082779343636998,323,170b2b5b314e153de04f0fa31ab3fb50d50c0a74,2026-07-21 08:07:47,2026-06-06 14:01:41,flyers,phoenix,31,14,Final,2026-05-09 19:30:00
2026-05-09-PHI-CAR,jthornton,-0.45,13.24,ndigiorgi,10.74,14.75,0,0,0,"tnye,eholmgren,cwhite1,crawlins,jthornton,sheyman,ndigiorgi",False,2026-05-09-PHI-CAR,13,6,2,10,387,1,2,True,True,219,away,134,1778371991.0,18,False,"dbruer,ali,mtucker,cbelus,aolcese,smadiraju,kpignone",135,324,c53feb2daa230b0dfff75ba4e98e0a5f1c0b0667d49090812c7dae05ab803ce7,1778371991.0,False,219,381.545454545455,11.2914215225542,11.19,1.51,-82.3148208580537,3f020daecc06b6f65ed6a0879d020cef26f39cc10c0a50f6310375b6144035d5,0.989899311826212,0.0101006881737875,0.591415611472303,0.625053947507446,0.62489116789922,0.931870722691925,1821.54545454545,7,0.997,-0.000162779608226304,-0.000398398991241121,324,39263012d1c49b52493be7517489b7b2f3867cf0,2026-07-21 08:07:47,2026-06-06 14:01:41,flyers,phoenix,31,14,Final,2026-05-09 19:30:00
2026-05-09-PHI-CAR,ndigiorgi,10.74,14.75,eholmgren,-1.27,21.89,0,0,0,"tnye,eholmgren,cwhite1,crawlins,jthornton,sheyman,ndigiorgi",False,2026-05-09-PHI-CAR,13,6,2,10,387,1,3,True,True,220,away,135,1778372000.0,18,False,"dbruer,ali,mtucker,cbelus,aolcese,smadiraju,kpignone",136,325,52287b5649f5e2b2cfabcf2e745f3fb1754b0ff2bacc31d4d8c31bda145b2eca,1778372000.0,False,220,376.090909090909,13.9721043511706,-12.01,7.14,59.2683228079762,86ac1d05c8d2449c1baed69399d1175ca3fad2dfebbdaf18c404f33e4bd55915,0.983782412354971,0.0162175876450288,0.591415611472303,0.624715853323062,0.645385295930022,0.926925543188908,1816.09090909091,7,0.997,0.0206694426069599,0.0505879401840112,325,02372c6670a9a8926d06e9c88873de6a79d4913b,2026-07-21 08:07:47,2026-06-06 14:01:41,flyers,phoenix,31,14,Final,2026-05-09 19:30:00
2026-05-09-PHI-CAR,eholmgren,-1.27,21.89,jthornton,-21.25,16.4,0,0,0,"tnye,eholmgren,cwhite1,crawlins,jthornton,sheyman,ndigiorgi",False,2026-05-09-PHI-CAR,13,6,2,10,387,1,4,True,True,221,away,136,1778372005.0,18,False,"dbruer,ali,mtucker,cbelus,aolcese,smadiraju,kpignone",137,326,890206568caf14855c9b4a8b35081fba997ec9867e09764c777b5a945212adcb,1778372005.0,False,221,370.636363636364,20.7205332942953,-19.98,-5.49,105.364253389194,5e6bb3fd07a3dce3d0ce391cd54a9e99b7055caae7662f4ec4ab065791593152,0.985557195361813,0.0144428046381873,0.591415611472303,0.645225528166102,0.596507962841012,0.921833861022641,1810.63636363636,7,0.997,-0.0487175653250891,-0.119235014094981,326,80afa165ebc58445297b74fcc227455e3943c752,2026-07-21 08:07:47,2026-06-06 14:01:41,flyers,phoenix,31,14,Final,2026-05-09 19:30:00
2026-05-09-PHI-CAR,jthornton,-21.25,16.4,ndigiorgi,3.39,23.95,0,0,0,"tnye,eholmgren,cwhite1,crawlins,jthornton,sheyman,ndigiorgi",False,2026-05-09-PHI-CAR,13,6,2,10,387,1,5,True,True,222,away,137,1778372011.0,18,False,"dbruer,ali,mtucker,cbelus,aolcese,smadiraju,kpignone",138,327,df4db555bde8fc7333c2ee8573e77cc14312d42d86ecfe2eeb022645edd750b2,1778372011.0,False,222,365.181818181818,25.7707605630878,24.64,7.55,-72.9642893434176,e9006f6f5881f170c40b6d67ecde3e2bb5f9f5dc9b5bfece6a2ade5cd77492a8,0.950389188762128,0.0496108112378718,0.591415611472303,0.596354937665661,0.650263841966,0.920217528053086,1805.18181818182,7,0.997,0.0539089043003381,0.131940685483836,327,338f88452d6f68261228011f1dff406793a539f2,2026-07-21 08:07:47,2026-06-06 14:01:41,flyers,phoenix,31,14,Final,2026-05-09 19:30:00
2026-05-09-PHI-CAR,ndigiorgi,3.39,23.95,tnye,16.37,30.06,0,0,0,"tnye,eholmgren,cwhite1,crawlins,jthornton,sheyman,ndigiorgi",False,2026-05-09-PHI-CAR,13,6,2,10,387,1,6,True,True,223,away,138,1778372014.0,18,False,"dbruer,ali,mtucker,cbelus,aolcese,smadiraju,kpignone",139,328,5ec69b33b1b556e361de8041ffb314a3ab856b9d02ce7f582436b67d18e3d2dd,1778372014.0,False,223,359.727272727273,14.3461667354036,12.98,6.11,-64.7924992922028,de7a5db682f05b2ee88f9267e8f2bf95b4eb5115817eb217c61b011d83e0e3e2,0.984897037081777,0.0151029629182227,0.591415611472303,0.650136238845776,0.652659343778545,0.893933910971256,1799.72727272727,7,0.997,0.00252310493276842,0.00617523577408387,328,fc0033b4ff960689f20eddf7fb6f3c192a6c6deb,2026-07-21 08:07:47,2026-06-06 14:01:41,flyers,phoenix,31,14,Final,2026-05-09 19:30:00
2026-05-09-PHI-CAR,tnye,16.37,30.06,cwhite1,25.08,41.46,0,0,0,"tnye,eholmgren,cwhite1,crawlins,jthornton,sheyman,ndigiorgi",False,2026-05-09-PHI-CAR,13,6,2,10,387,1,7,True,True,224,away,139,1778372019.0,18,False,"dbruer,ali,mtucker,cbelus,aolcese,smadiraju,kpignone",140,329,d70e641465ece086ad4190a15f7ec935fe38b128180bd839e2362cc21b5399fe,1778372019.0,False,224,354.272727272727,14.3465710188881,8.71,11.4,-37.3810969470403,c7eaff6407f9b25b18f3ed47d9164aee0e3567c3dc7ae68a4679582d7a01859c,0.950113915424538,0.0498860845754621,0.591415611472303,0.652550562316218,0.643540294766332,0.812959233492742,1794.27272727273,7,0.997,-0.00901026754988621,-0.0220524028887987,329,7b65a53462e30008d75597fd48419cd02a31b592,2026-07-21 08:07:47,2026-06-06 14:01:41,flyers,phoenix,31,14,Final,2026-05-09 19:30:00
2026-05-09-PHI-CAR,cwhite1,25.08,41.46,tnye,22.82,26.63,0,0,0,"tnye,eholmgren,cwhite1,crawlins,jthornton,sheyman,ndigiorgi",False,2026-05-09-PHI-CAR,13,6,2,10,387,1,8,True,True,225,away,140,1778372024.0,18,False,"dbruer,ali,mtucker,cbelus,aolcese,smadiraju,kpignone",141,330,c49b50800b5a222cb6b57344e28f92434e2b73328932d6ff64c20f88cc8dcc75,1778372024.0,False,225,348.818181818182,15.0012166173281,-2.26,-14.83,171.335145362475,09fa055d646d87a6fafb58164ec4cdd93f09b5a50c63caac35955ebb4073db09,0.983351949341877,0.0166480506581228,0.591415611472303,0.643446767648974,0.610499185657729,0.893624940182052,1788.81818181818,7,0.997,-0.0329475819912449,-0.0806383770803605,330,70e04950be3ef9c73acf62f9fc946179f4fcc68f,2026-07-21 08:07:47,2026-06-06 14:01:41,flyers,phoenix,31,14,Final,2026-05-09 19:30:00
2026-05-09-PHI-CAR,tnye,22.82,26.63,cwhite1,9.43,26.84,0,0,0,"tnye,eholmgren,cwhite1,crawlins,jthornton,sheyman,ndigiorgi",False,2026-05-09-PHI-CAR,13,6,2,10,387,1,9,True,True,226,away,141,1778372027.0,18,False,"dbruer,ali,mtucker,cbelus,aolcese,smadiraju,kpignone",142,331,311e30b0c65034d0456177f2bd36da4475282fbb33d793db63f0480b924fc40a,1778372027.0,False,226,343.363636363636,13.3916466500576,-13.39,0.210000000000001,89.1014841418225,dc3eefdb26497e4b1b49d43384d7e31a1f74a8d2ac93b50673875ab892b067ff,0.980816033533622,0.0191839664663781,0.591415611472303,0.610416629713675,0.655605692623104,0.909735378677247,1783.36363636364,7,0.997,0.0451890629094288,0.110599093304236,331,c8628402534c47d8d68392849399a253e8c0fc10,2026-07-21 08:07:47,2026-06-06 14:01:41,flyers,phoenix,31,14,Final,2026-05-09 19:30:00
2026-05-09-PHI-CAR,cwhite1,9.43,26.84,jthornton,-11.78,38.78,0,0,0,"tnye,eholmgren,cwhite1,crawlins,jthornton,sheyman,ndigiorgi",False,2026-05-09-PHI-CAR,13,6,2,10,387,1,10,True,True,227,away,142,1778372030.0,18,False,"dbruer,ali,mtucker,cbelus,aolcese,smadiraju,kpignone",143,332,45d5845ed1e56d12902ff3d8772f0541e8f4c50d0028e78f8d8654df4e36245a,1778372030.0,False,227,337.909090909091,24.3398377151533,-21.21,11.94,60.6230119408395,b1b85db46559162445784b312a87bd662b37c9be1890d6af751bbcd0e44bc9d7,0.950935375042456,0.0490646249575436,0.591415611472303,0.655538345197762,0.690445910989537,0.862582192248469,1777.90909090909,7,0.997,0.0349075657917756,0.0854353880664956,332,f7db522ba97957f24a88eaa8535e890d6ddff830,2026-07-21 08:07:47,2026-06-06 14:01:41,flyers,phoenix,31,14,Final,2026-05-09 19:30:00
2026-05-09-PHI-CAR,jthornton,-11.78,38.78,sheyman,-18.3,39.61,0,0,0,"tnye,eholmgren,cwhite1,crawlins,jthornton,sheyman,ndigiorgi",False,2026-05-09-PHI-CAR,13,6,2,10,387,1,11,True,True,228,away,143,1778372033.0,18,False,"dbruer,ali,mtucker,cbelus,aolcese,smadiraju,kpignone",144,333,fc88e9068ae3a7e0c176df3763e178a33a42db4580e92b6b9482fbffa9f335b2,1778372033.0,False,228,332.454545454545,6.57261743904208,-6.52,0.829999999999998,82.7452330983831,b6a9da4d0ddeef362252551394ad4e8b2ee7652fd195e23f22010706d02f9da6,0.992011722765075,0.00798827723492546,0.591415611472303,0.690390128791514,0.679042512601235,0.8496926062023,1772.45454545455,7,0.997,-0.0113476161902796,-0.0277730048158958,333,9eed1f3d9b950f8a1c3346f45409ddd27b4c831a,2026-07-21 08:07:47,2026-06-06 14:01:41,flyers,phoenix,31,14,Final,2026-05-09 19:30:00
2026-05-09-PHI-CAR,sheyman,-18.3,39.61,jthornton,-0.79,30.68,0,0,0,"tnye,eholmgren,cwhite1,crawlins,jthornton,sheyman,ndigiorgi",False,2026-05-09-PHI-CAR,13,6,2,10,387,1,12,True,True,229,away,144,1778372035.0,18,False,"dbruer,ali,mtucker,cbelus,aolcese,smadiraju,kpignone",145,334,83b316009de6862c023a6a09e9c7bd118ba35da934c6462817372c73544455ee,1778372035.0,False,229,327.0,19.6556607622334,17.51,-8.93,-117.021321914779,fcbb2a9f140c357e35df9b2c9c3751482c9b7ba57607dfad2207dbf12982a139,0.97608069749774,0.02391930250226,0.591415611472303,0.678991225393375,0.668639463649856,0.896630149530193,1767.0,7,0.997,-0.0103517617435193,-0.0253356761398081,334,a21c9e6f08792af1d3c1f1fd07010451b2a3d610,2026-07-21 08:07:47,2026-06-06 14:01:41,flyers,phoenix,31,14,Final,2026-05-09 19:30:00
2026-05-09-PHI-CAR,jthornton,-0.79,30.68,eholmgren,-8.83,40.29,0,0,0,"tnye,eholmgren,cwhite1,crawlins,jthornton,sheyman,ndigiorgi",False,2026-05-09-PHI-CAR,13,6,2,10,387,1,13,True,True,230,away,145,1778372042.0,18,False,"dbruer,ali,mtucker,cbelus,aolcese,smadiraju,kpignone",146,335,388d88006286a902ade2493217f538a2479f850cc5d2812a920f33dc3e0822c3,1778372042.0,False,230,321.545454545455,12.529712686251,-8.04,9.61,39.9168135246032,a45a43e46a22cf6cd5036deec786f9851d05f79e3c9d15b1db17858eaa36c5e8,0.981268714244806,0.0187312857551937,0.591415611472303,0.668590438537867,0.697631368404516,0.857721159725244,1761.54545454545,7,0.997,0.0290409298666487,0.0710769444013649,335,1f771da2fe5f683a06719f5a3c07574fbbc4fe5b,2026-07-21 08:07:47,2026-06-06 14:01:41,flyers,phoenix,31,14,Final,2026-05-09 19:30:00
2026-05-09-PHI-CAR,eholmgren,-8.83,40.29,sheyman,-14.32,43.72,0,0,0,"tnye,eholmgren,cwhite1,crawlins,jthornton,sheyman,ndigiorgi",False,2026-05-09-PHI-CAR,13,6,2,10,387,1,14,True,True,231,away,146,1778372044.0,18,False,"dbruer,ali,mtucker,cbelus,aolcese,smadiraju,kpignone",147,336,75e1371bcb720e2de130c262647b6e2649e259d0c51bf6587f2047ff40720fe1,1778372044.0,False,231,316.090909090909,6.47340713998432,-5.49,3.43,58.0039987763608,0d554b92db446f6738c6b5628c1c02e91d27886e68473ab41617fb325d80708b,0.989539452247842,0.010460547752158,0.591415611472303,0.697585205793482,0.703934005421008,0.838895879434145,1756.09090909091,7,0.997,0.00634879962752577,0.0155385271826053,336,42c1e0d05c61ad779542a8c9b7283b3bc9fa8673,2026-07-21 08:07:47,2026-06-06 14:01:41,flyers,phoenix,31,14,Final,2026-05-09 19:30:00
2026-05-09-PHI-CAR,sheyman,-14.32,43.72,ndigiorgi,-23.93,61.57,0,0,0,"tnye,eholmgren,cwhite1,crawlins,jthornton,sheyman,ndigiorgi",False,2026-05-09-PHI-CAR,13,6,2,10,387,1,15,True,True,232,away,147,1778372050.0,18,False,"dbruer,ali,mtucker,cbelus,aolcese,smadiraju,kpignone",148,337,eac78d8e0d3cc2c08c067585e32bf5ebfeefda797bccdcbdef7698462b8996f8,1778372050.0,False,232,310.636363636364,20.2725084782323,-9.61,17.85,28.2969273696795,bbe463f93388673c1213a6ece550a3cee90d8ba2b8c5d8b270634bda53f7cb4d,0.93018920550177,0.0698107944982299,0.591415611472303,0.703886482191955,0.736815764795209,0.723648888397875,1750.63636363636,7,0.997,0.0329292826032545,0.0805935897891563,337,9bf976d7bf129330c34479a5623b5f09d8db6386,2026-07-21 08:07:47,2026-06-06 14:01:41,flyers,phoenix,31,14,Final,2026-05-09 19:30:00
2026-05-09-PHI-CAR,ndigiorgi,-23.93,61.57,sheyman,-15.55,57.52,0,0,0,"tnye,eholmgren,cwhite1,crawlins,jthornton,sheyman,ndigiorgi",False,2026-05-09-PHI-CAR,13,6,2,10,387,1,16,True,True,233,away,148,1778372055.0,18,False,"dbruer,ali,mtucker,cbelus,aolcese,smadiraju,kpignone",149,338,c247ada4f056a7ca6579ee605a13f18b1ed71c8b69155d5017bb348f637dfbe9,1778372055.0,False,233,305.181818181818,9.30735730484223,8.38,-4.05,-115.794178988511,bbf2fe33a3f27cbac20f1ae1081ec29922ffa8d080217a430f1bbc1f915e93a7,0.9821554351489,0.0178445648511002,0.591415611472303,0.736767511526788,0.755948620326001,0.775847895085459,1745.18181818182,7,0.997,0.0191811087992124,0.0469452806758724,338,bbbc4a90be5bfd0aa70f3bc1599d35edb61ed5d0,2026-07-21 08:07:47,2026-06-06 14:01:41,flyers,phoenix,31,14,Final,2026-05-09 19:30:00
2026-05-09-PHI-CAR,sheyman,-15.55,57.52,jthornton,-22.9,82.65,0,0,0,"tnye,eholmgren,cwhite1,crawlins,jthornton,sheyman,ndigiorgi",False,2026-05-09-PHI-CAR,13,6,2,10,387,1,17,True,True,234,away,149,1778372060.0,18,False,"dbruer,ali,mtucker,cbelus,aolcese,smadiraju,kpignone",150,339,21095189f3454b9aba581d6083c4ea420558ed31350a7f11d2bf82036e043e99,1778372060.0,False,234,299.727272727273,26.1828073361128,-7.35,25.13,16.3030953490643,024bef638c074454892056172c2519de3d44912c9ab6efb274373179dd525d90,0.893193881995251,0.106806118004749,0.591415611472303,0.75589673089626,0.845985739939874,0.643739729464519,1739.72727272727,7,0.996,0.0900890090436139,0.220490580582981,339,17ed9fc51e3a295dc818ebf26e634cbe7b77f820,2026-07-21 08:07:47,2026-06-06 14:01:41,flyers,phoenix,31,14,Final,2026-05-09 19:30:00
2026-05-09-PHI-CAR,jthornton,-22.9,82.65,tnye,16.98,71.46,0,0,0,"tnye,eholmgren,cwhite1,crawlins,jthornton,sheyman,ndigiorgi",False,2026-05-09-PHI-CAR,13,6,2,10,387,1,18,True,True,235,away,150,1778372070.0,18,False,"dbruer,ali,mtucker,cbelus,aolcese,smadiraju,kpignone",151,340,edb070fc5b5d7aef5678d2474a7bf242932595d20bddf4bd6dfaade0cc118e8b,1778372070.0,False,235,294.272727272727,41.4201702072794,39.88,-11.19,-105.673682859542,cd119a0f98453bd21766ba7e5809e2e6cca1fbab242304da0907f394a326b117,0.870303606392255,0.129696393607745,0.591415611472303,0.845943353809982,0.81254676649795,0.715937585874063,1734.27272727273,7,0.997,-0.0333965873120321,-0.0817373062939928,340,853eadb8bab0ced9e01f4898fab69f8b595f929e,2026-07-21 08:07:47,2026-06-06 14:01:41,flyers,phoenix,31,14,Final,2026-05-09 19:30:00
2026-05-09-PHI-CAR,tnye,16.98,71.46,eholmgren,26.18,79.9,0,0,0,"tnye,eholmgren,cwhite1,crawlins,jthornton,sheyman,ndigiorgi",False,2026-05-09-PHI-CAR,13,6,2,10,387,1,19,True,True,236,away,151,1778372081.0,18,False,"dbruer,ali,mtucker,cbelus,aolcese,smadiraju,kpignone",152,341,5d83b71f91394b49dc0f38be075926aa410ed5b9a9ebd22247e71dae66526a79,1778372081.0,False,236,288.818181818182,12.4849349217367,9.2,8.44000000000001,-47.4669999692127,1785a05e08c9245f8b0ba22fd0b43610ff48d3af6d560215abb114e0097bc3ec,0.897821221215506,0.102178778784494,0.591415611472303,0.812488738471701,0.817040330770776,0.618128557319688,1728.81818181818,7,0.997,0.0045515922990752,0.0111399075120724,341,6e384efefbc2d5e65b8142949152a9690c90da31,2026-07-21 08:07:47,2026-06-06 14:01:41,flyers,phoenix,31,14,Final,2026-05-09 19:30:00
2026-05-09-PHI-CAR,eholmgren,26.18,79.9,jthornton,18.36,68.64,0,0,0,"tnye,eholmgren,cwhite1,crawlins,jthornton,sheyman,ndigiorgi",False,2026-05-09-PHI-CAR,13,6,2,10,387,1,20,True,True,237,away,152,1778372093.0,18,False,"dbruer,ali,mtucker,cbelus,aolcese,smadiraju,kpignone",153,342,8e80b60198b73a90a51c9c4c0f9e30c2a1041b196cf3de78fd0df0082ec9d5d8,1778372093.0,False,237,283.363636363636,13.7091210513293,-7.82,-11.26,145.220261507867,64ceba3735708725a16e4a1adeadbbba490c7293d96be3af720622ca3eaebd8f,0.973924643602984,0.0260753563970156,0.591415611472303,0.816973321651603,0.795951112768073,0.722758738750466,1723.36363636364,7,0.997,-0.0210222088835299,-0.0514513267608728,342,a504746ef6a6dc4d0e70db1b918609af0e6bcea7,2026-07-21 08:07:47,2026-06-06 14:01:41,flyers,phoenix,31,14,Final,2026-05-09 19:30:00
2026-05-09-PHI-CAR,jthornton,18.36,68.64,eholmgren,-3.4,88.55,0,0,0,"tnye,eholmgren,cwhite1,crawlins,jthornton,sheyman,ndigiorgi",False,2026-05-09-PHI-CAR,13,6,2,10,387,1,21,True,True,238,away,153,1778372098.0,18,False,"dbruer,ali,mtucker,cbelus,aolcese,smadiraju,kpignone",154,343,4bfe5b732303c3aeed6d484b5304958634667099585e71b99e0265d48e8c949d,1778372098.0,False,238,277.909090909091,29.4941638294765,-21.76,19.91,47.542059817899,cb1b349daa0a871a7658f06582cfb4ca0668652017138b30911caa261dbc062f,0.871217842937551,0.128782157062449,0.591415611472303,0.795865493050505,0.893389406634313,0.670112581184162,1717.90909090909,7,0.996,0.0975239135838082,0.238687322183866,343,c52632a72c15ece4e252aaa4ad01c6856610f387,2026-07-21 08:07:47,2026-06-06 14:01:41,flyers,phoenix,31,14,Final,2026-05-09 19:30:00
2026-05-09-PHI-CAR,eholmgren,-3.4,88.55,crawlins,-1.27,119.58,0,0,0,"tnye,eholmgren,cwhite1,crawlins,jthornton,sheyman,ndigiorgi",False,2026-05-09-PHI-CAR,13,7,2,10,387,1,22,True,True,239,away,154,1778372104.0,19,False,"dbruer,ali,mtucker,cbelus,aolcese,smadiraju,kpignone",155,344,e9d6a0c9921d18321c3d7c3df38181c0e299a82d5327abee8b65d88a27d1ada5,1778372104.0,False,239,272.454545454545,31.1030191460572,2.13,31.03,-3.92680858921919,0130fb3e6fad2a6033366074851eb830fe82ded883687c0db539cba9f62de932,0.841761062240643,0.158238937759357,0.591415611472303,0.893330569414519,1.0,0.638959197564037,1712.45454545455,7,0.996,0.106669430585481,0.261070744699416,344,ebf99b4c4228a4bf70b0308216c4967675991f3a,2026-07-21 08:07:47,2026-06-06 14:01:41,flyers,phoenix,31,14,Final,2026-05-09 19:30:00
2026-05-09-PHI-CAR,jlouie,6.88,16.56,alaviolet,0.0,23.04,0,0,0,"dhawkins,gsanner,tmitchell,alaviolet,jfairfax,jlouie,wmatthews",True,2026-05-09-PHI-CAR,13,7,2,11,267,1,1,True,True,240,home,191,1778372165.0,18,False,"tmackey,jbray,swhitcomb,czaleski,idietrich,jwisner,dloughnan",192,349,fac5ae2a4ee9021c9d25644a89ca228f9d68e61e90a530d1496b239825178a94,1778372165.0,False,240,267.0,9.45117982053035,-6.88,6.48,46.7149301955266,504fd59d49a73844cb695d7db811915f026ef196bd545052b7acc549e8cc359c,0.989336912760614,0.0106630872393858,0.629565287829524,0.629565287829524,0.646526540581106,0.922741283309971,1707.0,6,0.995,0.0169612527515824,0.0457874281062969,349,eee05adb15704112447fbc7c24843ce4a623efe2,2026-07-21 08:07:47,2026-06-06 14:01:41,flyers,phoenix,31,14,Final,2026-05-09 19:30:00
2026-05-09-PHI-CAR,alaviolet,0.0,23.04,dhawkins,-14.33,30.0,0,0,0,"dhawkins,gsanner,tmitchell,alaviolet,jfairfax,jlouie,wmatthews",True,2026-05-09-PHI-CAR,13,7,2,11,267,1,2,True,True,241,home,192,1778372168.0,18,False,"tmackey,jbray,swhitcomb,czaleski,idietrich,jwisner,dloughnan",193,350,7956af843f4bcb50563127e6c444c7f6e3ecbe07c305668a77cd891afc72c0c6,1778372168.0,False,241,262.5,15.930803495116,-14.33,6.96,64.0944163197704,f28d06930ced617993969fa4bc37820f5e68b8c7877649ce78f0b1458e618143,0.980848334426579,0.0191516655734205,0.629565287829524,0.646371379364315,0.657786350858666,0.89491356649579,1702.5,6,0.995,0.0114149714943513,0.0308150697526913,350,f320ec89c0606148aac13c27c584d5d5e319653a,2026-07-21 08:07:47,2026-06-06 14:01:41,flyers,phoenix,31,14,Final,2026-05-09 19:30:00
2026-05-09-PHI-CAR,dhawkins,-14.33,30.0,jlouie,0.06,29.04,0,0,0,"dhawkins,gsanner,tmitchell,alaviolet,jfairfax,jlouie,wmatthews",True,2026-05-09-PHI-CAR,13,7,2,11,267,1,3,True,True,242,home,193,1778372172.0,18,False,"tmackey,jbray,swhitcomb,czaleski,idietrich,jwisner,dloughnan",194,351,6077b8453c195588dbf11d2e3bc14a629624497106812a1be6287d6a256e0c41,1778372172.0,False,242,258.0,14.4219866869998,14.39,-0.960000000000001,-93.816717506652,b510987c46ccdc5dc5cb7e1d1e0501221a620095be2e5948c44f057392758ea9,0.983057180982528,0.0169428190174724,0.629565287829524,0.657614615750545,0.662623716310978,0.902123099337723,1698.0,6,0.995,0.0050091005604328,0.0135222223940169,351,fa82100524f9bac2cd455bb259cb621de038566e,2026-07-21 08:07:47,2026-06-06 14:01:41,flyers,phoenix,31,14,Final,2026-05-09 19:30:00
2026-05-09-PHI-CAR,jlouie,0.06,29.04,dhawkins,-15.83,32.18,0,0,0,"dhawkins,gsanner,tmitchell,alaviolet,jfairfax,jlouie,wmatthews",True,2026-05-09-PHI-CAR,13,7,2,11,267,1,4,True,True,243,home,194,1778372175.0,18,False,"tmackey,jbray,swhitcomb,czaleski,idietrich,jwisner,dloughnan",195,352,5146d6f6f58766e10eadb63d9382b5da2d458cd76da4e0da97ef3e0c8e82ca33,1778372175.0,False,243,253.5,16.1972744620816,-15.89,3.14,78.8218774170424,b5c345b0d5083a620de4557dd4db90a563b742013c49a52073e9b2b82b104616,0.982592812675488,0.017407187324512,0.629565287829524,0.662432934655616,0.660705395137304,0.884597823815715,1693.5,6,0.995,-0.00172753951831217,-0.00466354653479976,352,728b3630fdc58a48ee37010fa4548a42e3d74784,2026-07-21 08:07:47,2026-06-06 14:01:41,flyers,phoenix,31,14,Final,2026-05-09 19:30:00
2026-05-09-PHI-CAR,dhawkins,-15.83,32.18,jlouie,-2.66,33.34,0,0,0,"dhawkins,gsanner,tmitchell,alaviolet,jfairfax,jlouie,wmatthews",True,2026-05-09-PHI-CAR,13,7,2,11,267,1,5,True,True,244,home,195,1778372179.0,18,False,"tmackey,jbray,swhitcomb,czaleski,idietrich,jwisner,dloughnan",196,353,839bc612df56431d314ad14f120e971ba2299f2b28dcf8d4f68da253930745e2,1778372179.0,False,244,249.0,13.2209871038436,13.17,1.16,-84.9664367217561,43889bf819a9fb8cccd95e1d5c2119c78383cc27a744c0faa2622c0b60c293c5,0.982410251662154,0.0175897483378459,0.629565287829524,0.660492336622254,0.674884906684042,0.885783249739717,1689.0,6,0.995,0.014392570061788,0.0388531894796199,353,a51d8a3282fa7ee6697ef2d3a68983a71c9a05c2,2026-07-21 08:07:47,2026-06-06 14:01:41,flyers,phoenix,31,14,Final,2026-05-09 19:30:00
2026-05-09-PHI-CAR,jlouie,-2.66,33.34,jfairfax,8.52,37.29,0,0,0,"dhawkins,gsanner,tmitchell,alaviolet,jfairfax,jlouie,wmatthews",True,2026-05-09-PHI-CAR,13,7,2,11,267,1,6,True,True,245,home,196,1778372182.0,18,False,"tmackey,jbray,swhitcomb,czaleski,idietrich,jwisner,dloughnan",197,354,dbb019614c0698c74408aeaf500538899626c66b819b5a0547874f90537f0203,1778372182.0,False,245,244.5,11.8572720302775,11.18,3.95,-70.5412025201465,43f599c8f8b55e3e69d48eb23f5da6bd26949679da2ca13f452251d1e71d2cbf,0.984719700636837,0.0152802993631626,0.629565287829524,0.674653648600533,0.685781278325395,0.869296985413444,1684.5,6,0.995,0.0111276297248618,0.0300393817298116,354,359ca1c127e89aa43a0c67c6d3ae8e8144b5e474,2026-07-21 08:07:47,2026-06-06 14:01:41,flyers,phoenix,31,14,Final,2026-05-09 19:30:00
2026-05-09-PHI-CAR,jfairfax,8.52,37.29,alaviolet,-4.78,39.68,0,0,0,"dhawkins,gsanner,tmitchell,alaviolet,jfairfax,jlouie,wmatthews",True,2026-05-09-PHI-CAR,13,7,2,11,267,1,7,True,True,246,home,197,1778372187.0,18,False,"tmackey,jbray,swhitcomb,czaleski,idietrich,jwisner,dloughnan",198,355,80c9740488bafcccd0068410fcd3b82a7650dfb54eaa6a83ca313c9ec852885c,1778372187.0,False,246,240.0,13.5130344482651,-13.3,2.39,79.8127181772624,549b6247d3a43ed4ba74ab3c1d9e81b52d5d966c756b8d01298c71e7b505ee38,0.982256195792972,0.0177438042070278,0.629565287829524,0.685530439672814,0.694676618506917,0.859882416079397,1680.0,6,0.995,0.00914617883410274,0.0246903935662855,355,7f3c9133fde60b46993ceb3ae6488f3cc540ff42,2026-07-21 08:07:47,2026-06-06 14:01:41,flyers,phoenix,31,14,Final,2026-05-09 19:30:00
2026-05-09-PHI-CAR,alaviolet,-4.78,39.68,gsanner,-11.87,51.68,0,0,0,"dhawkins,gsanner,tmitchell,alaviolet,jfairfax,jlouie,wmatthews",True,2026-05-09-PHI-CAR,13,7,2,11,267,1,8,True,True,247,home,198,1778372192.0,18,False,"tmackey,jbray,swhitcomb,czaleski,idietrich,jwisner,dloughnan",199,356,c1de1cccdeac31c52c425c5702e996df7e7d3294107feb9ad220b03c1ef5e83c,1778372192.0,False,247,235.5,13.938009183524,-7.09,12.0,30.5760095448391,50324a83e92f03cca87c6f8703fceaba93da9d7a068563e28adfdb33ab65e185,0.974770687472187,0.0252293125278128,0.629565287829524,0.694404983591372,0.735440711634899,0.805298126197213,1675.5,6,0.995,0.041035728043527,0.110777221181805,356,b6330c2671a3524b06a6c0f3347747a847feb436,2026-07-21 08:07:47,2026-06-06 14:01:41,flyers,phoenix,31,14,Final,2026-05-09 19:30:00
2026-05-09-PHI-CAR,gsanner,-11.87,51.68,dhawkins,-20.47,62.59,0,0,0,"dhawkins,gsanner,tmitchell,alaviolet,jfairfax,jlouie,wmatthews",True,2026-05-09-PHI-CAR,13,7,2,11,267,1,9,True,True,248,home,199,1778372198.0,18,False,"tmackey,jbray,swhitcomb,czaleski,idietrich,jwisner,dloughnan",200,357,673350d0f95797659755b8c1b2bcde3d1284c49d572283f49ecc3abee8cf9a78,1778372198.0,False,248,231.0,13.892015692476,-8.6,10.91,38.2475691744621,a7429fc94829cd4839fdc0462640ac432908e4a509ddc832ea16e8911c0a2d5b,0.978091317971151,0.0219086820288492,0.629565287829524,0.735167556178597,0.761103211557577,0.73534066867488,1671.0,6,0.995,0.0259356553789797,0.0700141064724084,357,0cbc994f0bc4ea5e169b0acc4c68cec690225ed0,2026-07-21 08:07:47,2026-06-06 14:01:41,flyers,phoenix,31,14,Final,2026-05-09 19:30:00
2026-05-09-PHI-CAR,dhawkins,-20.47,62.59,wmatthews,-21.42,75.4,0,0,0,"dhawkins,gsanner,tmitchell,alaviolet,jfairfax,jlouie,wmatthews",True,2026-05-09-PHI-CAR,13,7,2,11,267,1,10,True,True,249,home,200,1778372201.0,18,False,"tmackey,jbray,swhitcomb,czaleski,idietrich,jwisner,dloughnan",201,358,2d44cba13b4aa1a50f7e81b43cb82cd6c54b7da601832e3be369f11eb2d7b166,1778372201.0,False,249,226.5,12.8451780836234,-0.950000000000003,12.81,4.24133735701707,2b5c5b9211a18bc52c5270401d6e85c7fe1bb9de0f11b49a35c237db951dc97a,0.970290399706351,0.0297096002936493,0.629565287829524,0.760824353350723,0.816803542602282,0.676687779432212,1666.5,6,0.996,0.0559791892515589,0.151117558404724,358,d0982bcc37eadc196b1df52928518e310283cee5,2026-07-21 08:07:47,2026-06-06 14:01:41,flyers,phoenix,31,14,Final,2026-05-09 19:30:00
2026-05-09-PHI-CAR,wmatthews,-21.42,75.4,dhawkins,-16.71,68.18,0,0,0,"dhawkins,gsanner,tmitchell,alaviolet,jfairfax,jlouie,wmatthews",True,2026-05-09-PHI-CAR,13,7,2,11,267,1,11,True,True,250,home,201,1778372206.0,18,False,"tmackey,jbray,swhitcomb,czaleski,idietrich,jwisner,dloughnan",202,359,c4db47a5c339bde5ccc985a8873d544dd87e08d9de5ca83313beed0c8b66fba3,1778372206.0,False,250,222.0,8.62046982478333,4.71,-7.22,-146.88139652395,4945ecea02aea8f5a4eca5d1e0f8d8d965b1f2e86c869aa35dc6b32c55220148,0.983434398528166,0.0165656014718335,0.629565287829524,0.81655364289584,0.797790789191644,0.724873999463784,1662.0,6,0.996,-0.0187628537041959,-0.0506509057811007,359,95b3abe8e1f29928ecf46b51e5bae6fe2ceb3b06,2026-07-21 08:07:47,2026-06-06 14:01:41,flyers,phoenix,31,14,Final,2026-05-09 19:30:00
2026-05-09-PHI-CAR,dhawkins,-16.71,68.18,tmitchell,8.18,73.56,0,0,0,"dhawkins,gsanner,tmitchell,alaviolet,jfairfax,jlouie,wmatthews",True,2026-05-09-PHI-CAR,13,7,2,11,267,1,12,True,True,251,home,202,1778372210.0,18,False,"tmackey,jbray,swhitcomb,czaleski,idietrich,jwisner,dloughnan",203,360,db0ccac9a9aebac4eb1d5a1aa95d7ee5b22bcf8cc4db6079d070ba452a6a18aa,1778372210.0,False,251,217.5,25.4648090509236,24.89,5.38,-77.8030975109527,a915a5725fab4e341680bc3d81b8c5011f89b690db8e061b0f75867fcc93c650,0.92352911989523,0.0764708801047698,0.629565287829524,0.797498347190023,0.829444162012323,0.71638112936028,1657.5,6,0.996,0.0319458148222995,0.0862387183833838,360,d1658a8dfc924d885e10fbc480a71802bb24a026,2026-07-21 08:07:47,2026-06-06 14:01:41,flyers,phoenix,31,14,Final,2026-05-09 19:30:00
2026-05-09-PHI-CAR,tmitchell,8.18,73.56,jlouie,-4.37,74.72,0,0,0,"dhawkins,gsanner,tmitchell,alaviolet,jfairfax,jlouie,wmatthews",True,2026-05-09-PHI-CAR,13,7,2,11,267,1,13,True,True,252,home,203,1778372213.0,18,False,"tmackey,jbray,swhitcomb,czaleski,idietrich,jwisner,dloughnan",204,361,10cd78fa3bb3671090da57e4c465ad6ef6927bb32ed938340b6e29d1758d70f9,1778372213.0,False,252,213.0,12.6034955468711,-12.55,1.16,84.7191397685746,6f6196480b87f619f704fbcf872c155ebad100061ef06caa97bece8c15a24506,0.975407924183471,0.0245920758165286,0.629565287829524,0.829166567722909,0.834878734806712,0.712588013561609,1653.0,6,0.996,0.00571216708380329,0.0154201722898326,361,a03041075c48f1e16d1a7ea9dda25d5ae3581798,2026-07-21 08:07:47,2026-06-06 14:01:41,flyers,phoenix,31,14,Final,2026-05-09 19:30:00
2026-05-09-PHI-CAR,jlouie,-4.37,74.72,tmitchell,-5.05,73.43,0,0,0,"dhawkins,gsanner,tmitchell,alaviolet,jfairfax,jlouie,wmatthews",True,2026-05-09-PHI-CAR,13,7,2,11,267,1,14,True,True,253,home,204,1778372219.0,18,False,"tmackey,jbray,swhitcomb,czaleski,idietrich,jwisner,dloughnan",205,362,ff8058c9ea881d054f3e3fc5022fdb7d3b977a777b022bce4c62e548ff70055a,1778372219.0,False,253,208.5,1.45825237870541,-0.68,-1.28999999999999,152.204860375165,22cd3a4599af75c98960ee4d053b0020721689ff8d4686df9239bed42bf01db1,0.5,0.5,0.629565287829524,0.834586729118694,0.82892096508194,0.716830254636134,1648.5,6,0.996,-0.00566576403675367,-0.0152949058244473,362,5afff1c282a0e3dd8c2d44febb2c46c96284f066,2026-07-21 08:07:47,2026-06-06 14:01:41,flyers,phoenix,31,14,Final,2026-05-09 19:30:00
2026-05-09-PHI-CAR,tmitchell,-5.05,73.43,gsanner,-15.55,79.7,0,0,0,"dhawkins,gsanner,tmitchell,alaviolet,jfairfax,jlouie,wmatthews",True,2026-05-09-PHI-CAR,13,7,2,11,267,1,15,True,True,254,home,205,1778372221.0,18,False,"tmackey,jbray,swhitcomb,czaleski,idietrich,jwisner,dloughnan",206,363,a46f786b86676c81f40e6af5f8c68aadb4c98ba9c4af4618aba199b1be38de5a,1778372221.0,False,254,204.0,12.2295911624224,-10.5,6.27,59.1567644923442,4bc861056f3c085234e0fecc8e8ef96d1c0575a7bb1863a80fba1d8cc9f54c6e,0.975714426146333,0.0242855738536673,0.629565287829524,0.828597548581552,0.849977599086585,0.682570873851479,1644.0,6,0.996,0.0213800505050329,0.0577161097559175,363,ccac46a27dc459160f01a1e5021e737014539db0,2026-07-21 08:07:47,2026-06-06 14:01:41,flyers,phoenix,31,14,Final,2026-05-09 19:30:00
2026-05-09-PHI-CAR,gsanner,-15.55,79.7,jfairfax,-21.97,90.81,0,0,0,"dhawkins,gsanner,tmitchell,alaviolet,jfairfax,jlouie,wmatthews",True,2026-05-09-PHI-CAR,13,7,2,11,267,1,16,True,True,255,home,206,1778372223.0,18,False,"tmackey,jbray,swhitcomb,czaleski,idietrich,jwisner,dloughnan",207,364,8cffbf422b34dd8db2f84bd0a7d14101caeb1897a08162623693bc4a7fafbe2b,1778372223.0,False,255,199.5,12.8315431651848,-6.42,11.11,30.0218041261827,2df80414b2db566afc684916f54cd6ac60bdede5d4507b1bfe92d7aaaca4ab72,0.967059051924442,0.032940948075558,0.629565287829524,0.849665217900802,0.88321402553986,0.617242145273796,1639.5,6,0.996,0.0335488076390584,0.0905660472326878,364,30cac38101b7bb7543c169860b4c336902e28009,2026-07-21 08:07:47,2026-06-06 14:01:41,flyers,phoenix,31,14,Final,2026-05-09 19:30:00
2026-05-09-PHI-CAR,jfairfax,-21.97,90.81,jlouie,-15.08,80.38,0,0,0,"dhawkins,gsanner,tmitchell,alaviolet,jfairfax,jlouie,wmatthews",True,2026-05-09-PHI-CAR,13,7,2,11,267,1,17,True,True,256,home,207,1778372228.0,18,False,"tmackey,jbray,swhitcomb,czaleski,idietrich,jwisner,dloughnan",208,365,7cb787970e99e5a56ab8a60bf6be884d0bc0a0cb72be919efe482c195be03a66,1778372228.0,False,256,195.0,12.5002799968641,6.89,-10.43,-146.551470828113,ea893ffdf32024ae9065b8f064e4eda3947a80124b4924ae75e019715436c655,0.968222803938327,0.0317771960616732,0.629565287829524,0.882943207613978,0.852891892378799,0.68030063445174,1635.0,6,0.996,-0.0300513152351788,-0.0811244579621064,365,ccf72eacbadc854b6e742a7d3f407eea279362ea,2026-07-21 08:07:47,2026-06-06 14:01:41,flyers,phoenix,31,14,Final,2026-05-09 19:30:00
2026-05-09-PHI-CAR,jlouie,-15.08,80.38,jfairfax,-5.6,80.04,0,0,0,"dhawkins,gsanner,tmitchell,alaviolet,jfairfax,jlouie,wmatthews",True,2026-05-09-PHI-CAR,13,7,2,11,267,1,18,True,True,257,home,208,1778372232.0,18,False,"tmackey,jbray,swhitcomb,czaleski,idietrich,jwisner,dloughnan",209,366,cf75ee3ca4267fb2c4b41d52a13b0c748e5290c32515c4a69439f72d7c5d743e,1778372232.0,False,257,190.5,9.48609508702079,9.48,-0.339999999999989,-92.0540315273521,f6f3884a048efc84c850f3a0567ffd13776de4d36648bdfbfd75aed96077167b,0.976668019036988,0.0233319809630125,0.629565287829524,0.852539645301319,0.855935378041305,0.690836245043561,1630.5,6,0.996,0.00339573273998595,0.00916688590032354,366,024b1ab2af2eb6690a091c36e48385831eff6b9c,2026-07-21 08:07:47,2026-06-06 14:01:41,flyers,phoenix,31,14,Final,2026-05-09 19:30:00
2026-05-09-PHI-CAR,jfairfax,-5.6,80.04,alaviolet,10.23,79.84,0,0,0,"dhawkins,gsanner,tmitchell,alaviolet,jfairfax,jlouie,wmatthews",True,2026-05-09-PHI-CAR,13,7,2,11,267,1,19,True,True,258,home,209,1778372237.0,18,False,"tmackey,jbray,swhitcomb,czaleski,idietrich,jwisner,dloughnan",210,367,2678b7ce64abfe9fe34d509f81895b17a42bf3c8fad4b7bbfb103e146c4c51da,1778372237.0,False,258,186.0,15.8312633734645,15.83,-0.200000000000003,-90.7238500468905,51ece288a589f6ca0e504bfd04d588c19499c59148688ad3918c2fd622e345d0,0.965582643937686,0.0344173560623136,0.629565287829524,0.85556591589973,0.853434440659204,0.689034927251914,1626.0,6,0.996,-0.00213147524052626,-0.0057539835509404,367,34e804ddb73754529f20ca1125b6e193a72f75b7,2026-07-21 08:07:47,2026-06-06 14:01:41,flyers,phoenix,31,14,Final,2026-05-09 19:30:00
2026-05-09-PHI-CAR,alaviolet,10.23,79.84,gsanner,-18.42,105.06,0,0,0,"dhawkins,gsanner,tmitchell,alaviolet,jfairfax,jlouie,wmatthews",True,2026-05-09-PHI-CAR,14,7,2,11,267,1,20,True,True,259,home,210,1778372250.0,19,False,"tmackey,jbray,swhitcomb,czaleski,idietrich,jwisner,dloughnan",211,368,1dd3da1fa3eef37614c79f52743326f5680968275eff0b9f6e12baf8d4db7e75,1778372250.0,False,259,181.5,38.1689782414987,-28.65,25.22,48.6432075604494,9c6165f17ee3c688dedd38f7f63b4ca53fe40a9aff60c34b73900326e7581d8d,0.838955122092496,0.161044877907504,0.629565287829524,0.853035241716352,1.0,0.607815348013561,1621.5,6,0.996,0.146964758283648,0.396735925266134,368,ccd1f08b4e4050c04493ed643f0a2993fc788be1,2026-07-21 08:07:47,2026-06-06 14:01:41,flyers,phoenix,31,14,Final,2026-05-09 19:30:00
2026-05-09-PHI-CAR,jthornton,7.58,8.99,tnye,0.51,15.03,0,0,0,"mhanna,tnye,jthornton,ddamiano,crawlins,cwhite1,sheyman",False,2026-05-09-PHI-CAR,14,7,2,12,177,1,1,True,True,260,away,159,1778372303.0,18,False,"bmorrison,smadiraju1,jreinhard,ali,dswanson,cwilliams,aolcese",160,373,aa69f1cf5565b216079966997be02aefb5caa50128be1abb0b691ccb0b45c8ff,1778372303.0,False,260,177.0,9.29873647330647,-7.07,6.04,49.4922712246018,51da8031788a3c9d5bc2875bb470b817378ba0c74b9206cd6bddc5dae4d8bd6d,0.99076130750189,0.00923869249810993,0.582751888725654,0.603765437552783,0.618318504827268,0.929760260175354,1617.0,7,0.997,0.0145530672744854,0.0348786893966705,373,8e12d0071a0615d59a476eb7534d0eb72a6fe57e,2026-07-21 08:07:47,2026-06-06 14:01:41,flyers,phoenix,31,14,Final,2026-05-09 19:30:00
2026-05-09-PHI-CAR,tnye,0.51,15.03,jthornton,6.41,8.71,0,0,0,"mhanna,tnye,jthornton,ddamiano,crawlins,cwhite1,sheyman",False,2026-05-09-PHI-CAR,14,7,2,12,177,1,2,True,True,261,away,160,1778372307.0,18,False,"bmorrison,smadiraju1,jreinhard,ali,dswanson,cwilliams,aolcese",161,374,f00685e6d9dda375939f21e18c25e856248b1e100a9e8ac9cdda4e0a529a8caa,1778372307.0,False,261,171.125,8.6459470273649,5.9,-6.32,-136.968474509273,cce0af56f9dbcfe3ccebac1a4536ae571b36e6757f6edb6cc926545665f2e542,0.993757495268217,0.00624250473178256,0.582751888725654,0.617167650375079,0.602445551193674,0.929217372154703,1611.125,7,0.997,-0.014722099181405,-0.0352838006538632,374,392a75ea6974b86f78cc41378c56e99d3ed0f02d,2026-07-21 08:07:47,2026-06-06 14:01:41,flyers,phoenix,31,14,Final,2026-05-09 19:30:00
2026-05-09-PHI-CAR,jthornton,6.41,8.71,ddamiano,17.94,13.18,0,0,0,"mhanna,tnye,jthornton,ddamiano,crawlins,cwhite1,sheyman",False,2026-05-09-PHI-CAR,14,7,2,12,177,1,3,True,True,262,away,161,1778372314.0,18,False,"bmorrison,smadiraju1,jreinhard,ali,dswanson,cwilliams,aolcese",162,375,b24223d083833a69e1efd62a7e8990ced5ccc5091ae789d0d839edc6e054b4b6,1778372314.0,False,262,165.25,12.3661554251918,11.53,4.47,-68.8094699551059,d61035169fed190639aa93913ef2e42d7bbec4167bf5c29a5cb74894da483012,0.991036635671291,0.00896336432870948,0.582751888725654,0.601104941587004,0.59008444529208,0.923793234586731,1605.25,7,0.997,-0.0110204962949236,-0.0264123335663885,375,8a551af253648a242f36d79ff06413e8744b0b0b,2026-07-21 08:07:47,2026-06-06 14:01:41,flyers,phoenix,31,14,Final,2026-05-09 19:30:00
2026-05-09-PHI-CAR,ddamiano,17.94,13.18,jthornton,1.33,5.97,0,0,0,"mhanna,tnye,jthornton,ddamiano,crawlins,cwhite1,sheyman",False,2026-05-09-PHI-CAR,14,7,2,12,177,1,4,True,True,263,away,162,1778372317.0,18,False,"bmorrison,smadiraju1,jreinhard,ali,dswanson,cwilliams,aolcese",163,376,7f774854572c67b14d8ea6105de39fa4244775cfccf2a11791481d9fa7d12317,1778372317.0,False,263,159.375,18.1073520979739,-16.61,-7.21,113.464500851682,8130a6089b55a47f01b2d6cf0fc84ebfe905f7aab2f90dd0037e509442a1675e,0.98502044101726,0.0149795589827397,0.582751888725654,0.588497784925262,0.594712487411365,0.928629856003498,1599.375,7,0.997,0.00621470248610267,0.0148945011808967,376,c23ecb16c9c1ab8ad0d3107027c4e391eb479a60,2026-07-21 08:07:47,2026-06-06 14:01:41,flyers,phoenix,31,14,Final,2026-05-09 19:30:00
2026-05-09-PHI-CAR,jthornton,1.33,5.97,tnye,-19.05,13.24,0,0,0,"mhanna,tnye,jthornton,ddamiano,crawlins,cwhite1,sheyman",False,2026-05-09-PHI-CAR,14,7,2,12,177,1,5,True,True,264,away,163,1778372320.0,18,False,"bmorrison,smadiraju1,jreinhard,ali,dswanson,cwilliams,aolcese",164,377,94f01f8b308cab7e3afb91798b82bd4d61e359f3896590a6fe6f1b99583da6fd,1778372320.0,False,264,153.5,21.6378672701355,-20.38,7.27,70.36755031078,7fbca4f59c04405f58a5edfd23cbb9f28109f86463c3d567f81ca422527cf14e,0.982367444469526,0.0176325555304737,0.582751888725654,0.592841174927249,0.58498754937913,0.920391506072498,1593.5,7,0.997,-0.00785362554811897,-0.0188224352271666,377,87fc693f0b2baa33550a1aba28c60688eff227f6,2026-07-21 08:07:47,2026-06-06 14:01:41,flyers,phoenix,31,14,Final,2026-05-09 19:30:00
2026-05-09-PHI-CAR,tnye,-19.05,13.24,mhanna,-23.45,28.48,0,0,0,"mhanna,tnye,jthornton,ddamiano,crawlins,cwhite1,sheyman",False,2026-05-09-PHI-CAR,14,7,2,12,177,1,6,True,True,265,away,164,1778372321.0,18,False,"bmorrison,smadiraju1,jreinhard,ali,dswanson,cwilliams,aolcese",165,378,bb49cfc3afe9717b9a14bbc2a70fb1440632cd04cc7a37b42928889898d401e0,1778372321.0,False,265,147.625,15.8624588257937,-4.4,15.24,16.1041645406508,737843cbcb523f7f07146aad06d7bc06e3326bf30780505fc283c582a8e6451c,0.967683050132679,0.0323169498673211,0.582751888725654,0.582751888725654,0.59244741455115,0.875861369590882,1587.625,7,0.997,0.00969552582549693,0.023236835742372,378,eaa53904b5120984a8844abf0470508466b47574,2026-07-21 08:07:47,2026-06-06 14:01:41,flyers,phoenix,31,14,Final,2026-05-09 19:30:00
2026-05-09-PHI-CAR,mhanna,-23.45,28.48,,-26.67,32.95,1,0,0,"mhanna,tnye,jthornton,ddamiano,crawlins,cwhite1,sheyman",False,2026-05-09-PHI-CAR,14,7,2,12,177,1,7,True,True,266,away,165,1778372336.0,22,False,"bmorrison,smadiraju1,jreinhard,ali,dswanson,cwilliams,aolcese",166,380,43fd1bdd45c45f8925d48051130a3aa472a265cd2f26fd2185a5fb88885b35e3,1778372336.0,False,266,141.75,5.50901987652977,-3.22,4.47,35.7673916509843,a2dfe5ea1eba8c324f46110a3d2f7868de59c43a9f194140a9417e0d69938eb7,0.943908922809051,-0.943908922809051,0.582751888725654,0.589816352950322,0.564815549477966,0.839371984539584,1581.75,7,0.998,-0.839371984539584,-0.839371984539584,380,bd2d08be4a9de1d2d9c73a1a63c5b164d8244267,2026-07-21 08:07:47,2026-06-06 14:01:41,flyers,phoenix,31,14,Final,2026-05-09 19:30:00
2026-05-09-PHI-CAR,bmorrison,21.55,77.45,smadiraju1,18.95,106.7,0,0,0,"bmorrison,smadiraju1,jreinhard,ali,dswanson,cwilliams,aolcese",True,2026-05-09-PHI-CAR,15,7,2,12,177,2,1,False,False,267,home,214,1778372348.0,19,False,"mhanna,tnye,jthornton,ddamiano,crawlins,cwhite1,sheyman",215,381,5dfa00291c81dda66e8b599ab1a7427dd55dbf367f6c1262384a2992f6621804,1778372348.0,False,267,135.875,29.3653281949989,-2.6,29.25,5.07960786001458,4d1c27fb019c514598e13132210452afce63105a2486f8610898cc1759a28bcb,0.867106210480723,0.132893789519277,0.811964539641282,0.811964539641282,1.0,0.593952338663227,1575.875,7,0.998,0.188035460358718,1.0,381,3e9ea46de7eaa4e1ec94a25c484f7a72263fcf8f,2026-07-21 08:07:47,2026-06-06 14:01:41,flyers,phoenix,31,14,Final,2026-05-09 19:30:00
2026-05-09-PHI-CAR,tnye,0.3,4.66,jthornton,-7.18,22.86,0,0,0,"tnye,sheyman,cwhite1,ddamiano,jthornton,eholmgren,ndigiorgi",False,2026-05-09-PHI-CAR,15,7,2,13,130,1,1,True,True,268,away,168,1778372408.0,18,False,"aolcese,kpignone,smadiraju,cbelus,dswanson,dbruer,mtucker",169,385,18f59a3df91d5de6008e8cd4178bbb916118f15b9627a12d38bbcfb868343ee9,1778372408.0,False,268,130.0,19.6771542657977,-7.48,18.2,22.3421237044758,3e73d10c45b24b43d90c4a58eabebfd4676b00b5ba06ebefea4c181ceda0e9fc,0.970856298063832,0.0291437019361677,0.578608599590827,0.578608599590827,0.619576483989179,0.914824691832223,1570.0,8,0.999,0.0409678843983522,0.0972205041644708,385,6328121c6fb7e71dbc7a0c15135c220ecc5ee4b2,2026-07-21 08:07:47,2026-06-06 14:01:41,flyers,phoenix,31,14,Final,2026-05-09 19:30:00
2026-05-09-PHI-CAR,jthornton,-7.18,22.86,tnye,-16.51,24.23,0,0,0,"tnye,sheyman,cwhite1,ddamiano,jthornton,eholmgren,ndigiorgi",False,2026-05-09-PHI-CAR,15,7,2,13,130,1,2,True,True,269,away,169,1778372415.0,18,False,"aolcese,kpignone,smadiraju,cbelus,dswanson,dbruer,mtucker",170,387,cd077ee070aa8bb37bc5d3bf935429f8b0648a623ded388abffca16e1554400d,1778372415.0,False,269,125.25,9.43004771992168,-9.33,1.37,81.6464899197343,b0c5d103ab30526ba12860a05fcd755b279bdeffcf6715fc2842ec860958b1a3,0.991180981665423,0.00881901833457743,0.578608599590827,0.616304743338023,0.607455103773324,0.903479412515034,1565.25,8,0.999,-0.00884963956469886,-0.0210009970685349,387,585ffffeccc943ab4e6071d75dffbd90b311aee3,2026-07-21 08:07:47,2026-06-06 14:01:41,flyers,phoenix,31,14,Final,2026-05-09 19:30:00
2026-05-09-PHI-CAR,tnye,-16.51,24.23,sheyman,13.35,27.32,0,0,0,"tnye,sheyman,cwhite1,ddamiano,jthornton,eholmgren,ndigiorgi",False,2026-05-09-PHI-CAR,15,7,2,13,130,1,3,True,True,270,away,170,1778372425.0,18,False,"aolcese,kpignone,smadiraju,cbelus,dswanson,dbruer,mtucker",171,388,60055bc5e9c9b37104299154d7df5c2c3bfb343a0addc672f128c19dc6134ec3,1778372425.0,False,270,120.5,30.0194553581507,29.86,3.09,-84.0918949308534,fe996a058fdeb79aba57515b39458a2899e20a4802bb4f0ab9c6de651d0865b3,0.944304601592505,0.0556953984074953,0.578608599590827,0.603738870655062,0.618646107926406,0.893567577209191,1560.5,8,0.999,0.0149072372713444,0.0353762256583057,388,a579003b4f831717d6fb7ee99cb019ad9426a559,2026-07-21 08:07:47,2026-06-06 14:01:41,flyers,phoenix,31,14,Final,2026-05-09 19:30:00
2026-05-09-PHI-CAR,sheyman,13.35,27.32,ndigiorgi,20.83,48.19,0,0,0,"tnye,sheyman,cwhite1,ddamiano,jthornton,eholmgren,ndigiorgi",False,2026-05-09-PHI-CAR,15,7,2,13,130,1,4,True,True,271,away,171,,18,False,"aolcese,kpignone,smadiraju,cbelus,dswanson,dbruer,mtucker",172,389,330f6288fc63e4acd21991af5ab04db4aeb23d1d4e1bcb32b4fc5b1b4d77f846,1778372429.8,True,271,115.75,22.1699639151714,7.48,20.87,-19.7181466186268,99a14a6735140fcbbacefa9a1a8ef9eaff593f988018957ac79325d0764379ca,0.95526016298731,0.0447398370126901,0.578608599590827,0.614535678870672,0.662041723541071,0.778023288005688,1555.75,8,0.999,0.0475060446703993,0.112736151293716,389,7729c94cb9729a9e64d1347dc6fc621759d4ce64,2026-07-21 08:07:47,2026-06-06 14:01:41,flyers,phoenix,31,14,Final,2026-05-09 19:30:00
2026-05-09-PHI-CAR,ndigiorgi,20.83,48.19,cwhite1,17.67,63.43,0,0,0,"tnye,sheyman,cwhite1,ddamiano,jthornton,eholmgren,ndigiorgi",False,2026-05-09-PHI-CAR,15,7,2,13,130,1,5,True,True,272,away,172,,18,False,"aolcese,kpignone,smadiraju,cbelus,dswanson,dbruer,mtucker",173,390,04190043b87236316ad6c25c89e1ae849da3917f15dcaa03daa8f8a57911b8a6,1778372434.6,True,272,111.0,15.5641639672679,-3.16,15.24,11.7142306593918,e9e94ecea16208b3d866a3fe20122b5ff59cf0afb5e2a80ec4d7301e1e78cf00,0.966196235625917,0.0338037643740829,0.578608599590827,0.657700435620431,0.74188555912873,0.711576205370224,1551.0,8,0.999,0.0841851235082989,0.199778931004654,390,46bf344f368ae655c06f9e940551c6800d4c80a3,2026-07-21 08:07:47,2026-06-06 14:01:41,flyers,phoenix,31,14,Final,2026-05-09 19:30:00
2026-05-09-PHI-CAR,cwhite1,17.67,63.43,eholmgren,21.58,76.88,0,0,0,"tnye,sheyman,cwhite1,ddamiano,jthornton,eholmgren,ndigiorgi",False,2026-05-09-PHI-CAR,15,7,2,13,130,1,6,True,True,273,away,173,,18,False,"aolcese,kpignone,smadiraju,cbelus,dswanson,dbruer,mtucker",174,391,100c8f8c76cf5bc03d0a5f93d570170c330599f6c46acdf9b3b919bff6534e88,1778372439.4,True,273,106.25,14.0068054887615,3.91,13.45,-16.2094816680488,e6b503b0bc0e96c8d18b1d7a8a4c7f3701430e3bff35324b5b200a747ec97258,0.968926611171688,0.0310733888283121,0.578608599590827,0.737761489461602,0.79263322325603,0.629571405009377,1546.25,8,0.999,0.0548717337944288,0.130215599419324,391,4d8b3464cb919e49b8af18147ff382d1342cfe59,2026-07-21 08:07:47,2026-06-06 14:01:41,flyers,phoenix,31,14,Final,2026-05-09 19:30:00
2026-05-09-PHI-CAR,eholmgren,21.58,76.88,ndigiorgi,14.24,81.96,0,0,0,"tnye,sheyman,cwhite1,ddamiano,jthornton,eholmgren,ndigiorgi",False,2026-05-09-PHI-CAR,15,7,2,13,130,1,7,True,True,274,away,174,,18,False,"aolcese,kpignone,smadiraju,cbelus,dswanson,dbruer,mtucker",175,393,a7d011382cf592df75113753a17adcb4b9c7cae8e199d0431d358667a2a0c83c,1778372444.2,True,274,101.5,8.92647746874432,-7.34,5.08,55.3129654682176,c96fe1581784e4e140aeb24e5702db2e665bf42a481d38a2f2915e61f3471e97,0.974378405623124,0.0256215943768762,0.578608599590827,0.788721384985713,0.834546800775444,0.633860701236287,1541.5,8,0.999,0.0458254157897308,0.108747866580177,393,03c71f99de7e3e012613743377f9a514b441264f,2026-07-21 08:07:47,2026-06-06 14:01:41,flyers,phoenix,31,14,Final,2026-05-09 19:30:00
2026-05-09-PHI-CAR,ndigiorgi,14.24,81.96,tnye,3.53,112.03,0,0,0,"tnye,sheyman,cwhite1,ddamiano,jthornton,eholmgren,ndigiorgi",False,2026-05-09-PHI-CAR,15,8,2,13,130,1,8,True,True,275,away,175,1778372449.0,19,False,"aolcese,kpignone,smadiraju,cbelus,dswanson,dbruer,mtucker",176,394,a745b77704e878ae2b5cd2996058cb4a8529c58aeb91e0a73d35d9e859651104,1778372449.0,False,275,96.75,31.920354008062,-10.71,30.07,19.6043197827603,bcadbe09dacef23f7f6fba96d3e52dc1e878c45265fb7f3ae84e2d6049254fcb,0.824539404597398,0.175460595402602,0.578608599590827,0.830929158400626,1.0,0.579875421082493,1536.75,8,0.998,0.169070841599374,0.401220436475936,394,8a604d14b2887ed13ec6620a0315ff909f239359,2026-07-21 08:07:47,2026-06-06 14:01:41,flyers,phoenix,31,14,Final,2026-05-09 19:30:00
2026-05-09-PHI-CAR,dhawkins,25.02,42.27,jlouie,21.82,54.4,0,0,0,"dhawkins,gsanner,alaviolet,jfairfax,jlouie,wmatthews,nlyle",True,2026-05-09-PHI-CAR,15,8,2,14,92,1,1,True,True,276,home,219,1778372497.0,18,False,"wzamsky,messer,tmackey,jbray,swhitcomb,dloughnan,sdavies1",220,398,9d0faff7d8b91b90ae12f2fe7510de2eb95ead29eab5a42fec34ed14376ca4ad,1778372497.0,False,276,92.0,12.5449950179344,-3.2,12.13,14.7784326618689,cf947b949567d91e2940ac8ef92b8e951383fd8600dbbec61e3753116a1d1b84,0.972332108766216,0.0276678912337835,0.580637173297795,0.580637173297795,0.658045325996842,0.717441040897485,1532.0,7,0.998,0.0774081526990472,0.184585155789251,398,7999871dbdab04e1eae2b32bc0b8cb601582fbb1,2026-07-21 08:07:47,2026-06-06 14:01:41,flyers,phoenix,31,14,Final,2026-05-09 19:30:00
2026-05-09-PHI-CAR,jlouie,21.82,54.4,wmatthews,20.66,67.56,0,0,0,"dhawkins,gsanner,alaviolet,jfairfax,jlouie,wmatthews,nlyle",True,2026-05-09-PHI-CAR,15,8,2,14,92,1,2,True,True,277,home,220,1778372499.0,18,False,"wzamsky,messer,tmackey,jbray,swhitcomb,dloughnan,sdavies1",221,399,6ffccc965b08509261ee152ccf0bce09b0a4086339bd5fc29b6e2bd6bc0e5c5b,1778372499.0,False,277,85.0,13.2110256982567,-1.16,13.16,5.03736850203148,fb3f19fb4d94228926050df1c010d7fc839b5e5179843282fbfa04c10db6478e,0.972809682704833,0.0271903172951673,0.580637173297795,0.647467144169421,0.722939830881437,0.647400571918024,1525.0,7,0.998,0.0754726867120159,0.179969901732874,399,061897128cec309b7d6d0ac85ddbecdd79fa87ef,2026-07-21 08:07:47,2026-06-06 14:01:41,flyers,phoenix,31,14,Final,2026-05-09 19:30:00
2026-05-09-PHI-CAR,wmatthews,20.66,67.56,jfairfax,-3.48,58.63,0,0,0,"dhawkins,gsanner,alaviolet,jfairfax,jlouie,wmatthews,nlyle",True,2026-05-09-PHI-CAR,15,8,2,14,92,1,3,True,True,278,home,221,1778372506.0,18,False,"wzamsky,messer,tmackey,jbray,swhitcomb,dloughnan,sdavies1",222,400,5c1e9dff56084a5607ccef090a2b7af09c370f3ac7b102e43b0a3e05682bd43d,1778372506.0,False,278,78.0,25.738774252089,-24.14,-8.93,110.300715801959,48cf66bb1525f7f9c52727bdef436f793ec985359f633b92e2d07f923ba2c1cd,0.945787841825996,0.0542121581740045,0.580637173297795,0.712259331677683,0.695008277295998,0.708801419486689,1518.0,7,0.998,-0.0172510543816852,-0.0411363461023582,400,6162bda1eff7e3160c379dcb97d544250195745a,2026-07-21 08:07:47,2026-06-06 14:01:41,flyers,phoenix,31,14,Final,2026-05-09 19:30:00
2026-05-09-PHI-CAR,jfairfax,-3.48,58.63,gsanner,-13.1,70.43,0,0,0,"dhawkins,gsanner,alaviolet,jfairfax,jlouie,wmatthews,nlyle",True,2026-05-09-PHI-CAR,15,8,2,14,92,1,4,True,True,279,home,222,1778372509.0,18,False,"wzamsky,messer,tmackey,jbray,swhitcomb,dloughnan,sdavies1",223,401,3e3e240b3bd231623782432fb63782afbb8ae37ee135c795988b6bcf8dcf6619,1778372509.0,False,279,71.0,15.2244671499531,-9.62,11.8,39.1887858539412,159805f12ef244fced0783fc38503cad9a959d38dd5251ab1c71d6de509538c5,0.967779988706179,0.0322200112938206,0.580637173297795,0.682326740151502,0.740518407859263,0.632169111122834,1511.0,7,0.998,0.0581916677077615,0.138762102891595,401,6ed8e028bdd3a4a341da2ae28336a33a9cc3eb65,2026-07-21 08:07:47,2026-06-06 14:01:41,flyers,phoenix,31,14,Final,2026-05-09 19:30:00
2026-05-09-PHI-CAR,gsanner,-13.1,70.43,nlyle,-21.08,105.34,0,0,0,"dhawkins,gsanner,alaviolet,jfairfax,jlouie,wmatthews,nlyle",True,2026-05-09-PHI-CAR,16,8,2,14,92,1,5,True,True,280,home,223,1778372522.0,19,False,"wzamsky,messer,tmackey,jbray,swhitcomb,dloughnan,sdavies1",224,402,6fa2230aae1cca797fd9783a9765161af8f7858ae93055ac4c4bf1e1f4d36d3a,1778372522.0,False,280,64.0,35.8104523847438,-7.98,34.91,12.8758928441291,be8143fa0129d485cd5a165991a5314091c224fa10a69b1c6d2af1849239ef48,0.832967919265996,0.167032080734004,0.580637173297795,0.727635361449227,1.0,0.478688646729708,1504.0,7,0.998,0.272364638550773,0.649472535972252,402,d882ea02d42c0d1005affbbb3f6b78cefeaadf1b,2026-07-21 08:07:47,2026-06-06 14:01:41,flyers,phoenix,31,14,Final,2026-05-09 19:30:00
2026-05-09-PHI-CAR,tnye,12.8,12.01,mhanna,0.37,19.97,0,0,0,"tnye,eholmgren,sheyman,mhanna,ndigiorgi,jthornton,crawlins",False,2026-05-09-PHI-CAR,16,8,2,15,57,1,1,True,True,281,away,180,1778372578.0,18,False,"cbelus,cwilliams,jreinhard,smadiraju1,kpignone,bmorrison,dswanson",181,407,b19d1fa18392e58a29f1c59c1acf9e25ebd78a906d5e33554baa335ec5b849ed,1778372578.0,False,281,57.0,14.7603014874358,-12.43,7.96,57.3650633966586,cc866ea6086e5f3b4a0e772ff320ad0e95e847f93828457046e0859b6d45ded7,0.982455294204687,0.0175447057953126,0.472558647680644,0.472558647680644,0.499210490500201,0.885638270756484,1497.0,8,0.999,0.0266518428195575,0.0505304385072566,407,cce847598fd9770d815b6808d80609561e565bd7,2026-07-21 08:07:47,2026-06-06 14:01:41,flyers,phoenix,31,14,Final,2026-05-09 19:30:00
2026-05-09-PHI-CAR,mhanna,0.37,19.97,,-16.31,26.15,1,0,0,"tnye,eholmgren,sheyman,mhanna,ndigiorgi,jthornton,crawlins",False,2026-05-09-PHI-CAR,16,8,2,15,57,1,2,True,True,282,away,181,1778372593.0,22,False,"cbelus,cwilliams,jreinhard,smadiraju1,kpignone,bmorrison,dswanson",182,412,798aaaf8b74164d86a43781424f62d6891aa84ae63e2344d6bee459a42a07f93,1778372593.0,False,282,53.8333333333333,17.7880521699257,-16.68,6.18,69.6701509187847,a301d7b8ffe30d5288ee5e2ee42d3520846c36466b4c5d8ed69102ff54faa2eb,0.981281030466576,-0.981281030466576,0.472558647680644,0.490301975652,0.494171803545703,0.841652784052935,1493.83333333333,8,0.999,-0.841652784052935,-0.841652784052935,412,0d4260fd5e66425c61d816f7e0583580f38641ca,2026-07-21 08:07:47,2026-06-06 14:01:41,flyers,phoenix,31,14,Final,2026-05-09 19:30:00
2026-05-09-PHI-CAR,smadiraju1,17.25,82.77,cbelus,4.29,86.25,0,0,0,"cbelus,cwilliams,jreinhard,smadiraju1,kpignone,bmorrison,dswanson",True,2026-05-09-PHI-CAR,16,8,2,15,57,2,1,False,False,283,home,227,1778372588.0,18,False,"tnye,eholmgren,sheyman,mhanna,ndigiorgi,jthornton,crawlins",228,409,0cac02605015488df98ad614a2b11ca74e9f2b76f9e3c771605d4a07edb7ffbb,1778372588.0,False,283,50.6666666666667,13.4190908782972,-12.96,3.48,74.9695694765667,6e3077b4b160fca17f522e04238617ac5229b42befaa3477b733c67b1c47865e,0.963339597345521,0.0366604026544789,0.606742198124382,0.765582804855979,0.800446153336969,0.523109876367302,1490.66666666667,8,0.999,0.0348633484809894,0.0886526556236415,409,bb049a73b71b726b035b45f4405f815b94bdf5ac,2026-07-21 08:07:47,2026-06-06 14:01:41,flyers,phoenix,31,14,Final,2026-05-09 19:30:00
2026-05-09-PHI-CAR,cbelus,4.29,86.25,bmorrison,-3.69,83.65,0,0,0,"cbelus,cwilliams,jreinhard,smadiraju1,kpignone,bmorrison,dswanson",True,2026-05-09-PHI-CAR,16,8,2,15,57,2,2,False,False,284,home,228,1778372590.0,18,False,"tnye,eholmgren,sheyman,mhanna,ndigiorgi,jthornton,crawlins",229,410,fbee58f65b2136b6780d69eca5a84a9c52f816960e128eaee419044ef62286a1,1778372590.0,False,284,47.5,8.39287793310495,-7.98,-2.59999999999999,108.046362455714,da370f671791c64b288dd1c644aed271425f98dd3a324288aa7b5f981729f860,0.981060155188744,0.018939844811256,0.606742198124382,0.79416145153623,0.777926557660714,0.523002168911816,1487.5,8,0.999,-0.0162348938755155,-0.0412830814750125,410,e6339fc2fa251a84f7cfb61be0abc625a5b43d16,2026-07-21 08:07:47,2026-06-06 14:01:41,flyers,phoenix,31,14,Final,2026-05-09 19:30:00
2026-05-09-PHI-CAR,bmorrison,-3.69,83.65,cbelus,1.7,84.68,0,0,0,"cbelus,cwilliams,jreinhard,smadiraju1,kpignone,bmorrison,dswanson",True,2026-05-09-PHI-CAR,16,8,2,15,57,2,3,False,False,285,home,229,1778372592.0,18,False,"tnye,eholmgren,sheyman,mhanna,ndigiorgi,jthornton,crawlins",230,411,f2e43879005927717998038c672721e4021dc66b00bac53e53bfc755e31aa996,1778372592.0,False,285,44.3333333333333,5.48753132109512,5.39,1.03,-79.1815131963714,be5d738848308294613185203a8a84362169dcbbc846eb4ae3c7df3bd2a39649,0.984700520629786,0.0152994793702143,0.606742198124382,0.770838360272369,0.777640179570519,0.509247663022423,1484.33333333333,8,0.999,0.00680181929815049,0.01729608227913,411,92cba8d2a8aeee1621c76e5dbf302e089fdf6062,2026-07-21 08:07:47,2026-06-06 14:01:41,flyers,phoenix,31,14,Final,2026-05-09 19:30:00
2026-05-09-PHI-CAR,cbelus,1.7,84.68,jreinhard,10.23,81.34,0,0,0,"cbelus,cwilliams,jreinhard,smadiraju1,kpignone,bmorrison,dswanson",True,2026-05-09-PHI-CAR,16,8,2,15,57,2,4,False,False,286,home,230,1778372596.0,18,False,"tnye,eholmgren,sheyman,mhanna,ndigiorgi,jthornton,crawlins",231,413,e9a4fa9f11af7345b2a5c05814e10d755a5b6a278bf5aa4aa19f6bb7fbcdc870,1778372596.0,False,286,41.1666666666667,9.16059495884411,8.53,-3.34,-111.383284319858,b8417faad1206feb740f6706960a7cf1c1fa5f80316dfac96c23e0185eb1bbba,0.980188128525063,0.0198118714749369,0.606742198124382,0.770241270907336,0.745820258849479,0.508597414290262,1481.16666666667,8,0.999,-0.0244210120578567,-0.0620992436548806,413,b214d575cc362c2b91d09ed7e0e861dd77956d73,2026-07-21 08:07:47,2026-06-06 14:01:41,flyers,phoenix,31,14,Final,2026-05-09 19:30:00
2026-05-09-PHI-CAR,jreinhard,10.23,81.34,bmorrison,0.68,80.72,0,0,0,"cbelus,cwilliams,jreinhard,smadiraju1,kpignone,bmorrison,dswanson",True,2026-05-09-PHI-CAR,16,8,2,15,57,2,5,False,False,287,home,231,1778372597.0,18,False,"tnye,eholmgren,sheyman,mhanna,ndigiorgi,jthornton,crawlins",232,414,f9c70245bfe14a6f1370e7e3f6b885916681709c0cb42dce0a613bcd3ab3a26b,1778372597.0,False,287,38.0,9.57010449263748,-9.55,-0.620000000000005,93.714513212958,4ee304d33eb5a8f6fd791d075a4d1c5c98feb4fe81b85d630c60b8bc4634332c,0.978833974005969,0.0211660259940308,0.606742198124382,0.737379398086771,0.735693872964118,0.502833301168881,1478.0,8,0.999,-0.0016855251226533,-0.00428605641036057,414,28e99231bf9fa02e1c5b2ff2c3162c29b66845a2,2026-07-21 08:07:47,2026-06-06 14:01:41,flyers,phoenix,31,14,Final,2026-05-09 19:30:00
2026-05-09-PHI-CAR,bmorrison,0.68,80.72,cbelus,-10.92,86.25,0,0,0,"cbelus,cwilliams,jreinhard,smadiraju1,kpignone,bmorrison,dswanson",True,2026-05-09-PHI-CAR,16,8,2,15,57,2,6,False,False,288,home,232,1778372599.0,18,False,"tnye,eholmgren,sheyman,mhanna,ndigiorgi,jthornton,crawlins",233,415,90d97be1dd90e6f544ff9b171b9d4280500f32dd8191b2ce4585a578a74d8102,1778372599.0,False,288,34.8333333333333,12.8507159333634,-11.6,5.53,64.5117353969205,3851b45510e8aa011b3d5ffdd0e515e7277d8ed3d0b061558301943a3ac5e320,0.96946727603963,0.0305327239603699,0.606742198124382,0.726683323274712,0.762248829879087,0.46665914033014,1474.83333333333,8,0.999,0.0355655066043753,0.090438146261175,415,d1a02625e090949ef4163b669bbf32affa57d90c,2026-07-21 08:07:47,2026-06-06 14:01:41,flyers,phoenix,31,14,Final,2026-05-09 19:30:00
2026-05-09-PHI-CAR,cbelus,-10.92,86.25,bmorrison,-17.06,80.25,0,0,0,"cbelus,cwilliams,jreinhard,smadiraju1,kpignone,bmorrison,dswanson",True,2026-05-09-PHI-CAR,16,8,2,15,57,2,7,False,False,289,home,233,1778372604.0,18,False,"tnye,eholmgren,sheyman,mhanna,ndigiorgi,jthornton,crawlins",234,416,311932727d1d084c60b3074c214f9d63a2bc34023ea8bfd40dd8bd172649b125,1778372604.0,False,289,31.6666666666667,8.58484711570334,-6.14,-6.0,134.339287185225,544a0870499996f48a71a838874be1bc6d369e8e62181237e935ef9b297daedd,0.983584692478709,0.0164153075212914,0.606742198124382,0.753500310910289,0.700437883661266,0.462566327690679,1471.66666666667,8,0.999,-0.053062427249023,-0.134930386621563,416,07cd8f5d756cbf33c0c871a087394333093292be,2026-07-21 08:07:47,2026-06-06 14:01:41,flyers,phoenix,31,14,Final,2026-05-09 19:30:00
2026-05-09-PHI-CAR,bmorrison,-17.06,80.25,kpignone,-23.94,90.34,0,0,0,"cbelus,cwilliams,jreinhard,smadiraju1,kpignone,bmorrison,dswanson",True,2026-05-09-PHI-CAR,16,8,2,15,57,2,8,False,False,290,home,234,1778372609.0,18,False,"tnye,eholmgren,sheyman,mhanna,ndigiorgi,jthornton,crawlins",235,417,1d2a2a31e2c6a1ff267ce9b1855abe017b373b9d2256050162ebfe009b4bf5d4,1778372609.0,False,290,28.5,12.2123912482364,-6.88,10.09,34.2886389484094,a3e1b38ab3c7b59dd5cbf3153cf151b3beffb5c074a28b5b84172d1cb8324b5e,0.951785884090575,0.0482141159094249,0.606742198124382,0.68993878235053,0.730630905136539,0.37606224843427,1468.5,8,0.999,0.0406921227860092,0.103474419558698,417,83f2d07052cc6665afab089514a8ff91e82a1b69,2026-07-21 08:07:47,2026-06-06 14:01:41,flyers,phoenix,31,14,Final,2026-05-09 19:30:00
2026-05-09-PHI-CAR,kpignone,-23.94,90.34,cwilliams,-15.9,82.09,0,0,0,"cbelus,cwilliams,jreinhard,smadiraju1,kpignone,bmorrison,dswanson",True,2026-05-09-PHI-CAR,16,8,2,15,57,2,9,False,False,291,home,235,1778372613.0,18,False,"tnye,eholmgren,sheyman,mhanna,ndigiorgi,jthornton,crawlins",236,418,b20937de36d9928b7eb53556f10fbcd10a6209c8136d762d16f3d495dbe249bf,1778372613.0,False,291,25.3333333333333,11.5197265592548,8.04,-8.25,-135.738578713211,08e94fa485a4bef57163c8f31131ba139eca42436492b5e89e9d71c401e479ee,0.968966713407686,0.0310332865923142,0.606742198124382,0.720383830040403,0.695733661881773,0.434515786648704,1465.33333333333,8,0.999,-0.02465016815863,-0.0626819558087915,418,fd4fe762d7fad971d7ef6bb10f72a6474ecf34b9,2026-07-21 08:07:47,2026-06-06 14:01:41,flyers,phoenix,31,14,Final,2026-05-09 19:30:00
2026-05-09-PHI-CAR,cwilliams,-15.9,82.09,bmorrison,-6.01,79.97,0,0,0,"cbelus,cwilliams,jreinhard,smadiraju1,kpignone,bmorrison,dswanson",True,2026-05-09-PHI-CAR,16,8,2,15,57,2,10,False,False,292,home,236,1778372614.0,18,False,"tnye,eholmgren,sheyman,mhanna,ndigiorgi,jthornton,crawlins",237,419,1f893ac6ab3dc65a2dbe3d378ab02dec631ea20c4db99c2aea160348f73f79a9,1778372614.0,False,292,22.1666666666667,10.1146675674488,9.89,-2.12,-102.0987134214,7b2ef2d0061be4666307a8537ce88837e5e7322f9213670ea4aa588232e8e993,0.975239638618228,0.0247603613817716,0.606742198124382,0.684311537611017,0.678493444753344,0.443350281207101,1462.16666666667,8,0.999,-0.00581809285767321,-0.0147946024972021,419,852c18d270f0f5f1e9e7784baa529c302b30050e,2026-07-21 08:07:47,2026-06-06 14:01:41,flyers,phoenix,31,14,Final,2026-05-09 19:30:00
2026-05-09-PHI-CAR,bmorrison,-6.01,79.97,cbelus,-0.07,78.4,0,0,0,"cbelus,cwilliams,jreinhard,smadiraju1,kpignone,bmorrison,dswanson",True,2026-05-09-PHI-CAR,16,8,2,15,57,2,11,False,False,293,home,237,1778372615.0,18,False,"tnye,eholmgren,sheyman,mhanna,ndigiorgi,jthornton,crawlins",238,420,a6121523744e19d94a3ba07d86a5ad3feb2f7190b72b469d83d51ec24fa91c45,1778372615.0,False,293,19.0,6.14398079424081,5.94,-1.56999999999999,-104.805268150504,ce9c3c134e6f95e31fd66c5773ff3c72cad6ae104d4a0fdd972bd4032a375961,0.985482776370428,0.0145172236295718,0.606742198124382,0.66629309675296,0.655068967253566,0.43679976592914,1459.0,8,0.999,-0.0112241294993934,-0.0285414032369115,420,ffde830cc653c9f6ba6b83e3a5c40c98f19dd22f,2026-07-21 08:07:47,2026-06-06 14:01:41,flyers,phoenix,31,14,Final,2026-05-09 19:30:00
2026-05-09-PHI-CAR,cbelus,-0.07,78.4,cwilliams,13.7,88.22,0,0,0,"cbelus,cwilliams,jreinhard,smadiraju1,kpignone,bmorrison,dswanson",True,2026-05-09-PHI-CAR,16,8,2,15,57,2,12,False,False,294,home,238,1778372619.0,18,False,"tnye,eholmgren,sheyman,mhanna,ndigiorgi,jthornton,crawlins",239,421,6acabc4f1d22c15414c5b5fda2f76355442a07e03ce1c849b14dbd9f03261cdf,1778372619.0,False,294,15.8333333333333,16.9128737948345,13.77,9.81999999999999,-54.5056415739307,a0a27cf07520951e8b641ac81abb984544fb728fb261f24a4ede3d33476b640c,0.957872523321918,0.0421274766780825,0.606742198124382,0.641983553502989,0.712022072230233,0.380007463281051,1455.83333333333,8,0.999,0.0700385187272433,0.178098230710743,421,3620bdc5caa510c543b90abd74319ecc30767c76,2026-07-21 08:07:47,2026-06-06 14:01:41,flyers,phoenix,31,14,Final,2026-05-09 19:30:00
2026-05-09-PHI-CAR,cwilliams,13.7,88.22,jreinhard,10.91,78.0,0,0,0,"cbelus,cwilliams,jreinhard,smadiraju1,kpignone,bmorrison,dswanson",True,2026-05-09-PHI-CAR,16,8,2,15,57,2,13,False,False,295,home,239,1778372623.0,18,False,"tnye,eholmgren,sheyman,mhanna,ndigiorgi,jthornton,crawlins",240,422,1c1daaa1ca87c1ba231337a6ecf4ddf9a18d3e4ea705ec602ef8acb2862d0ac5,1778372623.0,False,295,12.6666666666667,10.5939841419553,-2.79,-10.22,164.730651034917,222312a3b34ef5edb7fa5f7603f287e2d533ea6c92db1d8e5956be014af1ac8d,0.976643049312667,0.0233569506873331,0.606742198124382,0.699675499629124,0.62133253859584,0.406572077010553,1452.66666666667,8,0.999,-0.078342961033284,-0.199215274711989,422,c03ddcb1b7f5c745d3374ef845635177f34abf45,2026-07-21 08:07:47,2026-06-06 14:01:41,flyers,phoenix,31,14,Final,2026-05-09 19:30:00
2026-05-09-PHI-CAR,jreinhard,10.91,78.0,kpignone,1.9,84.27,0,0,0,"cbelus,cwilliams,jreinhard,smadiraju1,kpignone,bmorrison,dswanson",True,2026-05-09-PHI-CAR,16,8,2,15,57,2,14,False,False,296,home,240,1778372626.0,18,False,"tnye,eholmgren,sheyman,mhanna,ndigiorgi,jthornton,crawlins",241,423,12bcdcb4cb2e3741ef6f2d1574334a9d22b48d9067a867402e601b88911f7dee,1778372626.0,False,296,9.5,10.9769303541564,-9.01,6.27,55.166195970826,bfc64578b02adf6a0e8fd07d080b1e6f8ed2926d4a30a603f2b8b9788b66c1e9,0.973315915000455,0.0266840849995452,0.606742198124382,0.606742198124382,0.661198017778785,0.371643809873125,1449.5,8,0.999,0.0544558196544029,0.138473590084366,423,0db22eb3c5c88227fe13eab280cd74f696932ded,2026-07-21 08:07:47,2026-06-06 14:01:41,flyers,phoenix,31,14,Final,2026-05-09 19:30:00
2026-05-09-PHI-CAR,kpignone,1.9,84.27,cwilliams,-10.99,86.72,0,0,0,"cbelus,cwilliams,jreinhard,smadiraju1,kpignone,bmorrison,dswanson",True,2026-05-09-PHI-CAR,16,8,2,15,57,2,15,False,False,297,home,241,1778372630.0,18,False,"tnye,eholmgren,sheyman,mhanna,ndigiorgi,jthornton,crawlins",242,424,00fba452df436e805900439901794b99d58469b846cb8fe0c4beeeed664ae790,1778372630.0,False,297,6.33333333333334,13.12076979449,-12.89,2.45,79.2381718654879,d354bce3a121c689a93c7aa03712afe752211d38e814fbf68e69a673815eec06,0.969052785009587,0.0309472149904128,0.606742198124382,0.646784079852455,0.664419757038424,0.345205368242261,1446.33333333333,8,0.999,0.0176356771859699,0.0448450789834498,424,aa655834f9159cb1b37df986d8bcdf80a7c782af,2026-07-21 08:07:47,2026-06-06 14:01:41,flyers,phoenix,31,14,Final,2026-05-09 19:30:00
2026-05-09-PHI-CAR,cwilliams,-10.99,86.72,cbelus,12.0,107.25,0,0,0,"cbelus,cwilliams,jreinhard,smadiraju1,kpignone,bmorrison,dswanson",True,2026-05-09-PHI-CAR,17,8,2,15,57,2,16,False,False,298,home,242,1778372645.0,19,False,"tnye,eholmgren,sheyman,mhanna,ndigiorgi,jthornton,crawlins",243,426,3e957e16def82d4220739362a28512c4acc4f95cc36239dd45476e5d2aba5482,1778372645.0,False,298,3.16666666666667,30.8224106779467,22.99,20.53,-48.2352432919052,fd39cdd20f6013d93cd67792782f401fb107142512089faaa23bcfd64863bd8b,0.847852478228186,0.152147521771814,0.606742198124382,0.649575894214693,1.0,0.29488330552554,1443.16666666667,8,0.999,0.350424105785307,0.891079856811439,426,01c5d1c9265782e7bd1898aa6e68e7ff45ed8a0d,2026-07-21 08:07:47,2026-06-06 14:01:41,flyers,phoenix,31,14,Final,2026-05-09 19:30:00
2026-05-09-PHI-CAR,jlouie,1.09,29.79,alaviolet,-4.3,35.38,0,0,0,"dhawkins,gsanner,tmitchell,alaviolet,jfairfax,jlouie,wmatthews",True,2026-05-09-PHI-CAR,17,8,3,1,720,1,1,True,True,299,home,245,1778373295.0,18,False,"idietrich,jwisner,tmackey,jbray,eholmgren,swhitcomb,czaleski",246,432,f634d57754e7f3790a6f4f7fbaa75a53933545040ec9ca3e2f73fcc74e2dc305,1778373295.0,False,299,720.0,7.76532034110635,-5.39,5.59,43.9564764268044,0959595ccdba4992cb3810b532ba622103e3e85e291c8319a70df29d29166ab5,0.989427877923286,0.0105721220767138,0.719362116655055,0.719362116655055,0.734412991876569,0.902827441910033,1440.0,9,1.0,0.0150508752215145,0.0536309461934431,432,43ca25b495fc6e1fe90b2ed52fba95b48ec9543d,2026-07-21 08:07:47,2026-06-06 14:01:41,flyers,phoenix,31,14,Final,2026-05-09 19:30:00
2026-05-09-PHI-CAR,alaviolet,-4.3,35.38,dhawkins,-13.44,43.22,0,0,0,"dhawkins,gsanner,tmitchell,alaviolet,jfairfax,jlouie,wmatthews",True,2026-05-09-PHI-CAR,17,8,3,1,720,1,2,True,True,300,home,246,1778373297.0,18,False,"idietrich,jwisner,tmackey,jbray,eholmgren,swhitcomb,czaleski",247,433,413fb77b4071317ccbe0ac64a7803b7cbcef0ddd4fc71570324cb9fd17766568,1778373297.0,False,300,715.857142857143,12.0418104951041,-9.14,7.84,49.3780619476694,baca58ba44e2c270202138bbbb31dbebce11f7835001624dd923600dc8116739,0.982355994068397,0.017644005931603,0.719362116655055,0.729210488670232,0.748237689276551,0.869801335660115,1435.85714285714,9,1.0,0.0190272006063188,0.0677998293727564,433,96f0c69b721aa95726a9452b2c65db8060774db7,2026-07-21 08:07:47,2026-06-06 14:01:41,flyers,phoenix,31,14,Final,2026-05-09 19:30:00
2026-05-09-PHI-CAR,dhawkins,-13.44,43.22,alaviolet,-2.8,39.4,0,0,0,"dhawkins,gsanner,tmitchell,alaviolet,jfairfax,jlouie,wmatthews",True,2026-05-09-PHI-CAR,17,8,3,1,720,1,3,True,True,301,home,247,1778373300.0,18,False,"idietrich,jwisner,tmackey,jbray,eholmgren,swhitcomb,czaleski",248,434,3213e9408b7572d37d9083055770ba485a2729eb3aec3e2f342c0dd0c4191fc4,1778373300.0,False,301,711.714285714286,11.3049546659861,10.64,-3.82,-109.749282843129,b4bc66eb7eea242cc5a5addc018743e44fb2bdbc6676d92c46d07c91e5ae83c9,0.98596773829565,0.0140322617043501,0.719362116655055,0.743503088963659,0.736528908792743,0.884365108125345,1431.71428571429,9,1.0,-0.00697418017091678,-0.0248511715089601,434,6857f84c2fa13a672058581861787565c4d2cb5d,2026-07-21 08:07:47,2026-06-06 14:01:41,flyers,phoenix,31,14,Final,2026-05-09 19:30:00
2026-05-09-PHI-CAR,alaviolet,-2.8,39.4,gsanner,5.72,40.77,0,0,0,"dhawkins,gsanner,tmitchell,alaviolet,jfairfax,jlouie,wmatthews",True,2026-05-09-PHI-CAR,17,8,3,1,720,1,4,True,True,302,home,248,1778373304.0,18,False,"idietrich,jwisner,tmackey,jbray,eholmgren,swhitcomb,czaleski",249,435,3f7763d74069e82fbbddb6f25118fe9206069be26ab787c635c5b5f84f2ec6ad,1778373304.0,False,302,707.571428571429,8.62944378277071,8.52,1.37,-80.8651410554158,51fbd812ed79020f0976e0958a29f72a5ce6840e212e4e866590ed783fda5f07,0.988662799174594,0.011337200825406,0.719362116655055,0.731945293085131,0.73588199529937,0.876729287421942,1427.57142857143,9,1.0,0.00393670221423825,0.0140276935077916,435,70507060752849ef69af918e8080747b0343e1ca,2026-07-21 08:07:47,2026-06-06 14:01:41,flyers,phoenix,31,14,Final,2026-05-09 19:30:00
2026-05-09-PHI-CAR,gsanner,5.72,40.77,wmatthews,15.89,57.4,0,0,0,"dhawkins,gsanner,tmitchell,alaviolet,jfairfax,jlouie,wmatthews",True,2026-05-09-PHI-CAR,17,8,3,1,720,1,5,True,True,303,home,249,1778373307.0,18,False,"idietrich,jwisner,tmackey,jbray,eholmgren,swhitcomb,czaleski",250,436,172be47d77b496f5ef06c0a49058ddcac111e8c691f58f6c83c26c74674f9396,1778373307.0,False,303,703.428571428571,19.4932244639003,10.17,16.63,-31.4476791118074,cf91fe803c4e6af58c3bb17408a148fc02599c4b1471a81a9f252d34e39e659a,0.961072345370795,0.0389276546292053,0.719362116655055,0.73157570980585,0.780814765797884,0.802787550005013,1423.42857142857,9,1.0,0.0492390559920346,0.175454059890812,436,1a12d1feda6ca6926ef06fb733859c10af776e77,2026-07-21 08:07:47,2026-06-06 14:01:41,flyers,phoenix,31,14,Final,2026-05-09 19:30:00
2026-05-09-PHI-CAR,wmatthews,15.89,57.4,jlouie,15.75,72.54,0,0,0,"dhawkins,gsanner,tmitchell,alaviolet,jfairfax,jlouie,wmatthews",True,2026-05-09-PHI-CAR,17,8,3,1,720,1,6,True,True,304,home,250,1778373310.0,18,False,"idietrich,jwisner,tmackey,jbray,eholmgren,swhitcomb,czaleski",251,437,64af3dc7fcdc59f867d8175f40567b532918b77d35f1af135acffcc3c717a1e6,1778373310.0,False,304,699.285714285714,15.1406472781054,-0.140000000000001,15.14,0.529800562304345,acf3e1587b14a722fec3953039408f034ffbb1cfd048d31c457eb84ad189480c,0.963587679354569,0.0364123206454313,0.719362116655055,0.777262872653671,0.839027069781164,0.741474159722386,1419.28571428571,9,1.0,0.0617641971274929,0.220085030542992,437,6606cd0c52e23c75e27e1ea64bc939c4b927c522,2026-07-21 08:07:47,2026-06-06 14:01:41,flyers,phoenix,31,14,Final,2026-05-09 19:30:00
2026-05-09-PHI-CAR,jlouie,15.75,72.54,tmitchell,9.34,104.65,0,0,0,"dhawkins,gsanner,tmitchell,alaviolet,jfairfax,jlouie,wmatthews",True,2026-05-09-PHI-CAR,18,8,3,1,720,1,7,True,True,305,home,251,1778373317.0,19,False,"idietrich,jwisner,tmackey,jbray,eholmgren,swhitcomb,czaleski",252,438,6909dec8d8c8e8ef8079bb4a781e64cd2ed9ce3e57e260fba741d97288185f34,1778373317.0,False,305,695.142857142857,32.7435520370042,-6.41,32.11,11.2893422331074,2f7f022513541c23c3eac09080209143b0cdc62d8302b132e23a27f22f678c52,0.812373702043648,0.187626297956352,0.719362116655055,0.836407759571923,1.0,0.66371665499019,1415.14285714286,9,1.0,0.163592240428077,0.582929996756702,438,805c55e67d1c8e250472b040c048a57f98df1b0a,2026-07-21 08:07:47,2026-06-06 14:01:41,flyers,phoenix,31,14,Final,2026-05-09 19:30:00
2026-05-09-PHI-CAR,ddamiano,26.59,55.94,jthornton,23.23,42.35,0,0,0,"ddamiano,mhanna,crawlins,jthornton,sheyman,cwhite1,dloughnan",False,2026-05-09-PHI-CAR,18,8,3,2,691,1,1,True,True,306,away,188,1778373387.0,18,False,"mtucker,dswanson,smadiraju1,jreinhard,smadiraju,aolcese,cwilliams",189,443,72551799f4fe3d05fdcae2ee2864a5b9abe642ca99fd7a88ae5128d062f15052,1778373387.0,False,306,691.0,13.9992035487738,-3.36,-13.59,166.112653752788,7f2a5aab2d0db021efd0739d4619446b39612662268e810bfab4d0200a00532c,0.976666054505932,0.0233339454940684,0.645144086183846,0.712960186543493,0.681284440840772,0.834289967839461,1411.0,10,1.0,-0.0316757457027206,-0.0892636827214646,443,a11156b7f51534756c4124f77dd4033c649ff23b,2026-07-21 08:07:47,2026-06-06 14:01:41,flyers,phoenix,31,14,Final,2026-05-09 19:30:00
2026-05-09-PHI-CAR,jthornton,23.23,42.35,sheyman,9.36,33.98,0,0,0,"ddamiano,mhanna,crawlins,jthornton,sheyman,cwhite1,dloughnan",False,2026-05-09-PHI-CAR,18,8,3,2,691,1,2,True,True,307,away,189,1778373389.0,18,False,"mtucker,dswanson,smadiraju1,jreinhard,smadiraju,aolcese,cwilliams",190,444,07ff2dd42cbb88d7be0ad8299a0d422eb4443c53ad7115313e1f68510886251c,1778373389.0,False,307,685.47619047619,16.1998086408451,-13.87,-8.37,121.109330928576,a80187b9b1942166363d31e147f55125b291a9dbeec45f6a2d8f57815e3b01f2,0.977598719747445,0.0224012802525551,0.645144086183846,0.67650411059666,0.692525991125563,0.890661971227675,1405.47619047619,10,1.0,0.0160218805289025,0.045150383310797,444,3d705af8695fe4a742f0318e660a4238c5c497a0,2026-07-21 08:07:47,2026-06-06 14:01:41,flyers,phoenix,31,14,Final,2026-05-09 19:30:00
2026-05-09-PHI-CAR,sheyman,9.36,33.98,jthornton,7.17,29.79,0,0,0,"ddamiano,mhanna,crawlins,jthornton,sheyman,cwhite1,dloughnan",False,2026-05-09-PHI-CAR,18,8,3,2,691,1,3,True,True,308,away,190,1778373390.0,18,False,"mtucker,dswanson,smadiraju1,jreinhard,smadiraju,aolcese,cwilliams",191,445,729053c50b7bad0d2b6c1d8bd1dd8672ba0bc521fbc6936df74a6161bb426e97,1778373390.0,False,308,679.952380952381,4.72781133295312,-2.19,-4.19,152.405145054096,c0c3362ffef903dae8e5d2652bd6f43081359e2528290a8f3d1e436430be75c6,0.993145669848799,0.00685433015120085,0.645144086183846,0.688306898876643,0.677038986780114,0.904323445926913,1399.95238095238,10,1.0,-0.0112679120965289,-0.0317534854509051,445,ed290db29df23305db4ccb092f97edb8df6ba4dc,2026-07-21 08:07:47,2026-06-06 14:01:41,flyers,phoenix,31,14,Final,2026-05-09 19:30:00
2026-05-09-PHI-CAR,jthornton,7.17,29.79,sheyman,18.29,28.42,0,0,0,"ddamiano,mhanna,crawlins,jthornton,sheyman,cwhite1,dloughnan",False,2026-05-09-PHI-CAR,18,8,3,2,691,1,4,True,True,309,away,191,1778373396.0,18,False,"mtucker,dswanson,smadiraju1,jreinhard,smadiraju,aolcese,cwilliams",192,446,361b52646e4efda50a9a8e53bcd73165cb11e03760508cc2dc9fb1ff0a796549,1778373396.0,False,309,674.428571428571,11.2040751514795,11.12,-1.37,-97.0235294106223,1db722d97ab3f2ba95a7a60d2124868e4b9ff88ea675a66127aee1c74cf9baab,0.99089258110422,0.0091074188957796,0.645144086183846,0.673168466972721,0.648718654235781,0.900760959603221,1394.42857142857,10,1.0,-0.0244498127369399,-0.0689006771058267,446,e84fde729dfa00a9adf8eba66df187113b57cf71,2026-07-21 08:07:47,2026-06-06 14:01:41,flyers,phoenix,31,14,Final,2026-05-09 19:30:00
2026-05-09-PHI-CAR,sheyman,18.29,28.42,jthornton,-0.59,24.43,0,0,0,"ddamiano,mhanna,crawlins,jthornton,sheyman,cwhite1,dloughnan",False,2026-05-09-PHI-CAR,18,8,3,2,691,1,5,True,True,310,away,192,1778373401.0,18,False,"mtucker,dswanson,smadiraju1,jreinhard,smadiraju,aolcese,cwilliams",193,447,88e9d85e1c2c7e5c37b06d03f376aac549f431b268d5d34d33791f9dbe5a145b,1778373401.0,False,310,668.904761904762,19.2970075400307,-18.88,-3.99,101.933004609343,f71fc0db1e244771bf260cf48d758f2fff0aafe6ea6d4584a1d915fcae14cc00,0.976955082117403,0.0230449178825969,0.645144086183846,0.645144086183846,0.655919060369427,0.920100190242468,1388.90476190476,10,1.0,0.010774974185581,0.0303643641434799,447,52a1bf20316207bb6ed80f62ff060e36d4abbc5a,2026-07-21 08:07:47,2026-06-06 14:01:41,flyers,phoenix,31,14,Final,2026-05-09 19:30:00
2026-05-09-PHI-CAR,jthornton,-0.59,24.43,crawlins,0.58,32.47,0,0,0,"ddamiano,mhanna,crawlins,jthornton,sheyman,cwhite1,dloughnan",False,2026-05-09-PHI-CAR,18,8,3,2,691,1,6,True,True,311,away,193,1778373403.0,18,False,"mtucker,dswanson,smadiraju1,jreinhard,smadiraju,aolcese,cwilliams",194,448,bce2277433d23986a999ce8f0f275514af5e9d5d9995d0c2591f0572384ec67f,1778373403.0,False,311,663.380952380952,8.1246846092633,1.17,8.04,-8.27969934975849,76cef531257d5288eda9c9a4f74ba3ce516e108f619189bb165d18be9b425dec,0.989130428246624,0.0108695717533763,0.645144086183846,0.652809338220388,0.675632911805572,0.890632065256158,1383.38095238095,10,1.0,0.0228235735851838,0.0643178616913466,448,0ffd0a9174cc65e1fc49b6a43b629ba9463ae5e6,2026-07-21 08:07:47,2026-06-06 14:01:41,flyers,phoenix,31,14,Final,2026-05-09 19:30:00
2026-05-09-PHI-CAR,crawlins,0.58,32.47,cwhite1,13.35,42.83,0,0,0,"ddamiano,mhanna,crawlins,jthornton,sheyman,cwhite1,dloughnan",False,2026-05-09-PHI-CAR,18,8,3,2,691,1,7,True,True,312,away,194,1778373408.0,18,False,"mtucker,dswanson,smadiraju1,jreinhard,smadiraju,aolcese,cwilliams",195,449,aaa8f791ae36e6bdbd119d7062065cc3c9ea326b086996b943bd7652d8501c47,1778373408.0,False,312,657.857142857143,16.4439198489898,12.77,10.36,-50.9483946308253,737678d61dddcf341e41d1868690264f4cd4b31f60427f8ba18a496098815f98,0.974473347516606,0.0255266524833936,0.645144086183846,0.673009563931467,0.700459676847574,0.844004636744113,1377.85714285714,10,1.0,0.0274501129161071,0.0773556585852155,449,efc077b8115d6a1d100f1d934e39d217173eddab,2026-07-21 08:07:47,2026-06-06 14:01:41,flyers,phoenix,31,14,Final,2026-05-09 19:30:00
2026-05-09-PHI-CAR,cwhite1,13.35,42.83,jthornton,-5.67,33.15,0,0,0,"ddamiano,mhanna,crawlins,jthornton,sheyman,cwhite1,dloughnan",False,2026-05-09-PHI-CAR,18,8,3,2,691,1,8,True,True,313,away,195,,18,False,"mtucker,dswanson,smadiraju1,jreinhard,smadiraju,aolcese,cwilliams",196,450,2147485ce785f70948379a9a029ecaddde79d172559a601d3620e12b1dc9b6e9,1778373409.8,True,313,652.333333333333,21.3415744498854,-19.02,-9.68,116.973270695236,2525d88bba82cef10ddb811aa24104f4d4f6bdf1d48d9410d842b2c7c654b709,0.974570904272025,0.0254290957279752,0.645144086183846,0.698307247229316,0.67223722530479,0.885558510970579,1372.33333333333,10,1.0,-0.0260700219245258,-0.0734664998087993,450,b4a65eb195bbadaea7448f052be5981ccc3114e3,2026-07-21 08:07:47,2026-06-06 14:01:41,flyers,phoenix,31,14,Final,2026-05-09 19:30:00
2026-05-09-PHI-CAR,jthornton,-5.67,33.15,crawlins,0.58,42.28,0,0,0,"ddamiano,mhanna,crawlins,jthornton,sheyman,cwhite1,dloughnan",False,2026-05-09-PHI-CAR,18,8,3,2,691,1,9,True,True,314,away,196,,18,False,"mtucker,dswanson,smadiraju1,jreinhard,smadiraju,aolcese,cwilliams",197,451,b6138381bb084fefbd9122521059d90b75b450420459b6ad41d768cfedcbeeab,1778373411.6,True,314,646.809523809524,11.0643300746136,6.25,9.13,-34.3938409028147,5ba8c679d835ab333bb3e301c2db519f70ebe8a883d98bb53ac28ace5060ab69,0.983550996995538,0.0164490030044624,0.645144086183846,0.670333742783333,0.701222792783076,0.847439383393482,1366.80952380952,10,1.0,0.030889049999743,0.0870467386820729,451,b4e650c0f2a451ed79ce8ec1a0f0d538f1f6c795,2026-07-21 08:07:47,2026-06-06 14:01:41,flyers,phoenix,31,14,Final,2026-05-09 19:30:00
2026-05-09-PHI-CAR,crawlins,0.58,42.28,sheyman,13.0,52.17,0,0,0,"ddamiano,mhanna,crawlins,jthornton,sheyman,cwhite1,dloughnan",False,2026-05-09-PHI-CAR,18,8,3,2,691,1,10,True,True,315,away,197,,18,False,"mtucker,dswanson,smadiraju1,jreinhard,smadiraju,aolcese,cwilliams",198,452,ae934d80ada7d189004c0d699c35bc06692d3b2b34ddb2674c6e9cc6559f80bd,1778373413.4,True,315,641.285714285714,15.8766652669885,12.42,9.89,-51.4698199851732,3ac236ca08724d05fc332d1f12bb0dc17bb74474b0856169ad9a968f10e6c1fd,0.973077392798945,0.0269226072010549,0.645144086183846,0.69973080430094,0.731461531856555,0.799468456917171,1361.28571428571,10,1.0,0.0317307275556155,0.0894186240673861,452,d967ddb8a0c57079d538c2a528b2194c4eff5641,2026-07-21 08:07:47,2026-06-06 14:01:41,flyers,phoenix,31,14,Final,2026-05-09 19:30:00
2026-05-09-PHI-CAR,sheyman,13.0,52.17,mhanna,16.3,63.56,0,0,0,"ddamiano,mhanna,crawlins,jthornton,sheyman,cwhite1,dloughnan",False,2026-05-09-PHI-CAR,18,8,3,2,691,1,11,True,True,316,away,198,,18,False,"mtucker,dswanson,smadiraju1,jreinhard,smadiraju,aolcese,cwilliams",199,453,361590686e0734515f7c81f144b5cca654a46fe9473a90da91ac5f22a8a6bc01,1778373415.2,True,316,635.761904761905,11.8584189502648,3.3,11.39,-16.1577735850902,4b4ab188f6ca212620701ea6144057bf350e6112c168355b5be80f10facf064e,0.977520946276218,0.0224790537237816,0.645144086183846,0.730341926993774,0.772753232491732,0.743148055078294,1355.7619047619,10,1.0,0.0424113054979577,0.119516975331938,453,8c99bd0d7c2f685267f2ff5f216065e344d90a92,2026-07-21 08:07:47,2026-06-06 14:01:41,flyers,phoenix,31,14,Final,2026-05-09 19:30:00
2026-05-09-PHI-CAR,mhanna,16.3,63.56,,16.3,63.56,1,0,1,"ddamiano,mhanna,crawlins,jthornton,sheyman,cwhite1,dloughnan",False,2026-05-09-PHI-CAR,18,8,3,2,691,1,12,True,True,317,away,199,1778373417.0,24,False,"mtucker,dswanson,smadiraju1,jreinhard,smadiraju,aolcese,cwilliams",200,455,fb69c2d1c8bb957ee64025db167ee0a8214da77a86c242984a7b7439b0beaf95,1778373417.0,False,317,630.238095238095,0.0,0.0,0.0,-90.0,a7e3d90c05da3f0e74eb38487eadeefba9e02c0a314a8bd61968c4146ca2eb9e,0.5,,0.645144086183846,0.771984933834954,0.771984933834954,0.742313041602693,1350.2380952381,10,1.0,-0.742313041602693,-0.742313041602693,455,a8f5fddf471e8afa8547e213b5df0d89da72fa80,2026-07-21 08:07:47,2026-06-06 14:01:41,flyers,phoenix,31,14,Final,2026-05-09 19:30:00
2026-05-09-PHI-CAR,aolcese,-0.48,60.27,smadiraju1,-8.26,56.38,0,0,0,"mtucker,dswanson,smadiraju1,jreinhard,smadiraju,aolcese,cwilliams",True,2026-05-09-PHI-CAR,18,8,3,2,691,2,1,False,False,318,home,255,1778373440.0,18,False,"ddamiano,mhanna,crawlins,jthornton,sheyman,cwhite1,dloughnan",256,456,e47c46ea06e1e91a73c0943d3fa99eac47aa3b59294378a18c0a4940ccf36e87,1778373440.0,False,318,624.714285714286,8.69830443247418,-7.78,-3.89,116.565051177078,72a0fdd7197b50b5db2f99cd6d6a4799f327c1a553976160e17f117352a28df0,0.987256068882762,0.0127439311172385,0.750306049873542,0.768304504698736,0.75068316221257,0.78166855055061,1344.71428571429,10,1.0,-0.0176213424861659,-0.0705717638622862,456,0bdf0167a55efcac86a5b64a86091849958244db,2026-07-21 08:07:47,2026-06-06 14:01:41,flyers,phoenix,31,14,Final,2026-05-09 19:30:00
2026-05-09-PHI-CAR,smadiraju1,-8.26,56.38,aolcese,0.47,61.29,0,0,0,"mtucker,dswanson,smadiraju1,jreinhard,smadiraju,aolcese,cwilliams",True,2026-05-09-PHI-CAR,18,8,3,2,691,2,2,False,False,319,home,256,1778373443.0,18,False,"ddamiano,mhanna,crawlins,jthornton,sheyman,cwhite1,dloughnan",257,457,9428f6e84377c7f667f7c1192ed49c670b7480a045e576182e3b2a3451a10bd0,1778373443.0,False,319,619.190476190476,10.0160371405062,8.73,4.91,-60.6453625598604,a8010e1aaf8ee962ec82a4f710246cd1bfe3c8efb05f36aa888119086095eff9,0.98241743373557,0.0175825662644301,0.750306049873542,0.750306049873542,0.77234886500942,0.761275145534775,1339.19047619048,10,1.0,0.0220428151358781,0.0882793320571624,457,5b5bfc1a39466fab303d2071736759a7c9f46a1e,2026-07-21 08:07:47,2026-06-06 14:01:41,flyers,phoenix,31,14,Final,2026-05-09 19:30:00
2026-05-09-PHI-CAR,aolcese,0.47,61.29,jreinhard,18.2,67.56,0,0,0,"mtucker,dswanson,smadiraju1,jreinhard,smadiraju,aolcese,cwilliams",True,2026-05-09-PHI-CAR,18,8,3,2,691,2,3,False,False,320,home,257,1778373446.0,18,False,"ddamiano,mhanna,crawlins,jthornton,sheyman,cwhite1,dloughnan",258,458,6eaf6f7942c561a9953a0ee2b7f5f82fba8038f03cebd46cf369831b03d1fed9,1778373446.0,False,320,613.666666666667,18.80600436031,17.73,6.27,-70.5244753562944,90c7688646b897afce8c2be4cd48aecc22728976404dbc0aa51c9a71ab05487f,0.970964142352783,0.0290358576472165,0.750306049873542,0.772176440214078,0.784081163348525,0.718833176592873,1333.66666666667,10,1.0,0.011904723134447,0.0476772590141565,458,d61ffb82ddbeb8bfe95ce912f38458432429ac93,2026-07-21 08:07:47,2026-06-06 14:01:41,flyers,phoenix,31,14,Final,2026-05-09 19:30:00
2026-05-09-PHI-CAR,jreinhard,18.2,67.56,mtucker,9.13,78.06,0,0,0,"mtucker,dswanson,smadiraju1,jreinhard,smadiraju,aolcese,cwilliams",True,2026-05-09-PHI-CAR,18,8,3,2,691,2,4,False,False,321,home,258,1778373449.0,18,False,"ddamiano,mhanna,crawlins,jthornton,sheyman,cwhite1,dloughnan",259,459,43b21a52f65ee73575c5c7f3ba9662b4eef3668881771e5130a5dc9068491a11,1778373449.0,False,321,608.142857142857,13.8749738738493,-9.07,10.5,40.8207661478913,0e5a605a49a1521e7522d33d230c3cb31cbbe4592a53ff0037fa23738c5525c5,0.96184836059885,0.0381516394011497,0.750306049873542,0.78407385374861,0.844688640137135,0.693389252787947,1328.14285714286,10,1.0,0.0606147863885254,0.242756327727712,459,ea838347bd1b1dbb6c8c2589d6dce19520bd63c9,2026-07-21 08:07:47,2026-06-06 14:01:41,flyers,phoenix,31,14,Final,2026-05-09 19:30:00
2026-05-09-PHI-CAR,mtucker,9.13,78.06,smadiraju1,-3.07,80.72,0,0,0,"mtucker,dswanson,smadiraju1,jreinhard,smadiraju,aolcese,cwilliams",True,2026-05-09-PHI-CAR,18,8,3,2,691,2,5,False,False,322,home,259,1778373452.0,18,False,"ddamiano,mhanna,crawlins,jthornton,sheyman,cwhite1,dloughnan",260,460,1ba46ecf08e864fc0b6e66d4e9d9ccff737815810e044738c53aef10d81f6deb,1778373452.0,False,322,602.619047619048,12.4866168356365,-12.2,2.66,77.7001352921047,c6a43086a8e95f093c5b3e8985847ecc15457adddbde011da8336f24301959ad,0.972825393398495,0.0271746066015048,0.750306049873542,0.844793265269332,0.857272689649114,0.685828973977846,1322.61904761905,10,1.0,0.0124794243797816,0.0499788816407499,460,c2d7d8f32ed1d1773013286bc4118da54653924f,2026-07-21 08:07:47,2026-06-06 14:01:41,flyers,phoenix,31,14,Final,2026-05-09 19:30:00
2026-05-09-PHI-CAR,smadiraju1,-3.07,80.72,smadiraju,-14.19,85.5,0,0,0,"mtucker,dswanson,smadiraju1,jreinhard,smadiraju,aolcese,cwilliams",True,2026-05-09-PHI-CAR,18,8,3,2,691,2,6,False,False,323,home,260,1778373459.0,18,False,"ddamiano,mhanna,crawlins,jthornton,sheyman,cwhite1,dloughnan",261,461,4483d1e171196d943cf17d36aaa0887d81a827b9f4338de12d9e830067ffe71b,1778373459.0,False,323,597.095238095238,12.1038341032914,-11.12,4.78,66.7392530998942,2b39d6d259bcc63f6e04438c8444a3fd6ade44d35c0f1e8c23ebf83f05201c94,0.973033420929897,0.026966579070103,0.750306049873542,0.857461298232781,0.873725625560212,0.661760451769448,1317.09523809524,10,1.0,0.0162643273274307,0.0651370500534496,461,a398a7f3235eb8c2a72724429423f2760153e43d,2026-07-21 08:07:47,2026-06-06 14:01:41,flyers,phoenix,31,14,Final,2026-05-09 19:30:00
2026-05-09-PHI-CAR,smadiraju,-14.19,85.5,aolcese,0.95,78.81,0,0,0,"mtucker,dswanson,smadiraju1,jreinhard,smadiraju,aolcese,cwilliams",True,2026-05-09-PHI-CAR,18,8,3,2,691,2,7,False,False,324,home,261,1778373465.0,18,False,"ddamiano,mhanna,crawlins,jthornton,sheyman,cwhite1,dloughnan",262,462,9615d4b0788a1ddfbe5cd3dc40dbfffd6ba615420324a97a98f79a4349ab7e5d,1778373465.0,False,324,591.571428571429,16.5522113326286,15.14,-6.69,-113.839476509743,ed919daceba0f3488d9349438721f17ecb807775e7a13963b41c6446a9dec8c2,0.962997454960069,0.0370025450399307,0.750306049873542,0.873967114690114,0.849687415458774,0.69338058626813,1311.57142857143,10,1.0,-0.02427969923134,-0.0972378354343126,462,c72c42a6a0e0263eb3c16905df03c939363d9970,2026-07-21 08:07:47,2026-06-06 14:01:41,flyers,phoenix,31,14,Final,2026-05-09 19:30:00
2026-05-09-PHI-CAR,aolcese,0.95,78.81,smadiraju,10.43,78.88,0,0,0,"mtucker,dswanson,smadiraju1,jreinhard,smadiraju,aolcese,cwilliams",True,2026-05-09-PHI-CAR,18,8,3,2,691,2,8,False,False,325,home,262,1778373469.0,18,False,"ddamiano,mhanna,crawlins,jthornton,sheyman,cwhite1,dloughnan",263,463,83ebc50fc46a10f45e0df2eb70a2db681a158efc0c40133c3deafeaf893beaac,1778373469.0,False,325,586.047619047619,9.48025843529595,9.48,0.0699999999999932,-89.5769375868697,f44ead555781afd0d1b5d11a152c0b7a576c4cd88aba9c31462710c84490d8ca,0.980168232945858,0.0198317670541416,0.750306049873542,0.850037356330926,0.848577398360764,0.691193852801649,1306.04761904762,10,1.0,-0.00145995797016296,-0.00584698976256158,463,a7269d73ef86e36248c776b8d4cb1dfb52b1cef9,2026-07-21 08:07:47,2026-06-06 14:01:41,flyers,phoenix,31,14,Final,2026-05-09 19:30:00
2026-05-09-PHI-CAR,smadiraju,10.43,78.88,aolcese,21.34,105.2,0,0,0,"mtucker,dswanson,smadiraju1,jreinhard,smadiraju,aolcese,cwilliams",True,2026-05-09-PHI-CAR,19,8,3,2,691,2,9,False,False,326,home,263,1778373478.0,19,False,"ddamiano,mhanna,crawlins,jthornton,sheyman,cwhite1,dloughnan",264,464,071ce95c0e776cb454a196bdf13509b1b4cf5ad61a9e53e830ee7fe13a87a188,1778373478.0,False,326,580.52380952381,28.4915864774147,10.91,26.32,-22.5146755900781,ebd592246f36efc5cdd5fb50f103704f8c1d1086a7ebf99100d3b61a8a952150,0.892526383625608,0.107473616374392,0.750306049873542,0.848987891188136,1.0,0.595348210923703,1300.52380952381,10,1.0,0.151012108811864,0.60478881741181,464,787aec750ca5485a29f75262ba0456641f76505b,2026-07-21 08:07:47,2026-06-06 14:01:41,flyers,phoenix,31,14,Final,2026-05-09 19:30:00
2026-05-09-PHI-CAR,eholmgren,0.44,40.22,,25.36,58.48,1,0,0,"jbray,idietrich,czaleski,swhitcomb,tmackey,jwisner,eholmgren",False,2026-05-09-PHI-CAR,19,8,3,3,575,1,1,True,True,327,away,202,1778373554.0,22,False,"dbruer,ali,mtucker,kpignone,smadiraju,bmorrison,dswanson",203,470,9bbd4135c12660cadbaaed0a21fa259c3711f66408719691204a505de7ccc47a,1778373554.0,False,327,575.0,30.89391525851,24.92,18.26,-53.768097095112,0ac21038d033edbc0382ef1fcb1a002726e4e200bc3f5c8172e67ea649e71d10,0.820721245226366,-0.820721245226366,0.692047565064727,0.692047565064727,0.707652393295174,0.716749587758768,1295.0,11,1.0,-0.716749587758768,-0.716749587758768,470,a392fec7beedefb5adce0606aac5bd34e2b1665a,2026-07-21 08:07:47,2026-06-06 14:01:41,flyers,phoenix,31,14,Final,2026-05-09 19:30:00
2026-05-09-PHI-CAR,bmorrison,-21.56,64.5,smadiraju,-14.94,70.9,0,0,0,"dbruer,ali,mtucker,kpignone,smadiraju,bmorrison,dswanson",True,2026-05-09-PHI-CAR,19,8,3,3,575,2,1,False,False,328,home,267,1778373567.0,18,False,"jbray,idietrich,czaleski,swhitcomb,tmackey,jwisner,eholmgren",268,471,7a024fcc0c0653258d4dbfcc02b1e5b93643292e5972e249c30579d2c763aa9e,1778373567.0,False,328,569.071428571429,9.2078444817449,6.62,6.40000000000001,-45.9680393293373,f92ab979211fdf0c6a4e758c5ba01476b080664298e3f5bbd70f3704f7cf9447,0.976473827424092,0.0235261725759082,0.761619349618714,0.761619349618714,0.811059309507232,0.715920087732041,1289.07142857143,11,1.0,0.0494399598885182,0.207399215538005,471,10799518bfd5b9d537bd382edf185effdf184dff,2026-07-21 08:07:47,2026-06-06 14:01:41,flyers,phoenix,31,14,Final,2026-05-09 19:30:00
2026-05-09-PHI-CAR,smadiraju,-14.94,70.9,bmorrison,-6.28,66.34,0,0,0,"dbruer,ali,mtucker,kpignone,smadiraju,bmorrison,dswanson",True,2026-05-09-PHI-CAR,19,8,3,3,575,2,2,False,False,329,home,268,1778373570.0,18,False,"jbray,idietrich,czaleski,swhitcomb,tmackey,jwisner,eholmgren",269,472,f78c9634e588d0eabbfa98a5dbd8fc0f2230938620f370b7ec33f9ba142c45c1,1778373570.0,False,329,563.142857142857,9.78719571685373,8.66,-4.56,-117.769446811933,2afa9008d6d2a86748bd0809149077e8f647200031d624ff8957a49c67854812,0.981496433019176,0.0185035669808239,0.761619349618714,0.811716172432977,0.797359276656,0.743663925479847,1283.14285714286,11,1.0,-0.0143568957769762,-0.0602267665350042,472,25eef9e23f079cf8b0e93dbee7d07fa44e3b62a3,2026-07-21 08:07:47,2026-06-06 14:01:41,flyers,phoenix,31,14,Final,2026-05-09 19:30:00
2026-05-09-PHI-CAR,bmorrison,-6.28,66.34,ali,10.09,67.5,0,0,0,"dbruer,ali,mtucker,kpignone,smadiraju,bmorrison,dswanson",True,2026-05-09-PHI-CAR,19,8,3,3,575,2,3,False,False,330,home,269,1778373576.0,18,False,"jbray,idietrich,czaleski,swhitcomb,tmackey,jwisner,eholmgren",270,473,5f9b0bceb2555bdd10b047d5b6a79f5598842cc46fc704e205b5b6b3b997b66c,1778373576.0,False,330,557.214285714286,16.4110481079058,16.37,1.16,-85.9467199854408,899cbabf7d00e14848a282650e6642a8062569422d8ff3f0cbf5f41e859d2215,0.969370901871168,0.030629098128832,0.761619349618714,0.798062357989797,0.801674159132469,0.738400376111727,1277.21428571429,11,1.0,0.00361180114267223,0.0151514023344395,473,4f2146f5e6638817c772dae8a1eba166d49cf588,2026-07-21 08:07:47,2026-06-06 14:01:41,flyers,phoenix,31,14,Final,2026-05-09 19:30:00
2026-05-09-PHI-CAR,ali,10.09,67.5,kpignone,-2.32,67.22,0,0,0,"dbruer,ali,mtucker,kpignone,smadiraju,bmorrison,dswanson",True,2026-05-09-PHI-CAR,19,8,3,3,575,2,4,False,False,331,home,270,1778373579.0,18,False,"jbray,idietrich,czaleski,swhitcomb,tmackey,jwisner,eholmgren",271,474,f219a02c038cc2d9c372579a28a5fa8ca10cb1b017f8ac568c17e2b46b6c513b,1778373579.0,False,331,551.285714285714,12.4131583410508,-12.41,-0.280000000000001,91.2925138453173,c4de3c531a5d7d23c1d5d1639025d2319b313ed360a808ad3d367dab8bd58daf,0.978225255173422,0.0217747448265785,0.761619349618714,0.80235737884467,0.803016730710592,0.742351817720683,1271.28571428571,11,1.0,0.000659351865921698,0.00276596219058499,474,5cfb61cc41736a9a8217aff37aa5d5d43f0bae5c,2026-07-21 08:07:47,2026-06-06 14:01:41,flyers,phoenix,31,14,Final,2026-05-09 19:30:00
2026-05-09-PHI-CAR,kpignone,-2.32,67.22,smadiraju,-14.19,72.75,0,0,0,"dbruer,ali,mtucker,kpignone,smadiraju,bmorrison,dswanson",True,2026-05-09-PHI-CAR,19,8,3,3,575,2,5,False,False,332,home,271,1778373582.0,18,False,"jbray,idietrich,czaleski,swhitcomb,tmackey,jwisner,eholmgren",272,475,c59009b47aa26d71e7bf550ec96273fd3c75823b652344c3648ddc1d40a83e0d,1778373582.0,False,332,545.357142857143,13.0949532263388,-11.87,5.53,65.0201124640316,e45074313c2351893a48de0782396f8e3c37ea5caac912e1d3a04f05863399ef,0.97544009609054,0.0245599039094601,0.761619349618714,0.80366911261967,0.822849679845503,0.71381250038757,1265.35714285714,11,1.0,0.0191805672258327,0.0804619300901885,475,5b0a9bb4ca53c9d06f8da10d60c356ff5a1c241c,2026-07-21 08:07:47,2026-06-06 14:01:41,flyers,phoenix,31,14,Final,2026-05-09 19:30:00
2026-05-09-PHI-CAR,smadiraju,-14.19,72.75,kpignone,-5.32,66.75,0,0,0,"dbruer,ali,mtucker,kpignone,smadiraju,bmorrison,dswanson",True,2026-05-09-PHI-CAR,19,8,3,3,575,2,6,False,False,333,home,272,1778373585.0,18,False,"jbray,idietrich,czaleski,swhitcomb,tmackey,jwisner,eholmgren",273,476,1a824dc83cc6077a1de29bcc84455b91f0364fedb577fc3d5c74bd2548eaf182,1778373585.0,False,333,539.428571428571,10.7087300834413,8.87,-6.0,-124.075891859149,c9c47f6a6ab522385fff3d853d32e4b8ad96dde55f0e06ef8bd88faa8ac4767c,0.980693863362748,0.019306136637252,0.761619349618714,0.823408343366555,0.80194477230845,0.745373555653776,1259.42857142857,11,1.0,-0.0214635710581056,-0.0900390657705436,476,7a30e78259f5b35fe16fc2fbe249c58c5a1de274,2026-07-21 08:07:47,2026-06-06 14:01:41,flyers,phoenix,31,14,Final,2026-05-09 19:30:00
2026-05-09-PHI-CAR,kpignone,-5.32,66.75,smadiraju,10.91,66.54,0,0,0,"dbruer,ali,mtucker,kpignone,smadiraju,bmorrison,dswanson",True,2026-05-09-PHI-CAR,19,8,3,3,575,2,7,False,False,334,home,273,1778373590.0,18,False,"jbray,idietrich,czaleski,swhitcomb,tmackey,jwisner,eholmgren",274,477,366fac28b754e704ea8ec2a865eba4f56366c27755d26a2562a98208de885025,1778373590.0,False,334,533.5,16.2313585383356,16.23,-0.209999999999994,-90.7413088294503,8d4399d5a7b7427e8b9e3c360faa63ea7c577786c0d579c466bf0a69ea5539e2,0.971040845972523,0.0289591540274771,0.761619349618714,0.802494778451593,0.799422398697141,0.744695197112475,1253.5,11,1.0,-0.00307237975445251,-0.0128885450624381,477,c866981301bad70048dab141c72f0f389e841af4,2026-07-21 08:07:47,2026-06-06 14:01:41,flyers,phoenix,31,14,Final,2026-05-09 19:30:00
2026-05-09-PHI-CAR,smadiraju,10.91,66.54,kpignone,15.68,70.29,0,0,0,"dbruer,ali,mtucker,kpignone,smadiraju,bmorrison,dswanson",True,2026-05-09-PHI-CAR,19,8,3,3,575,2,8,False,False,335,home,274,1778373592.0,18,False,"jbray,idietrich,czaleski,swhitcomb,tmackey,jwisner,eholmgren",275,478,a3ffd5b2b566eadb44e42b023130166d067876ec3db1ec590c4a1803cf5ff5d7,1778373592.0,False,335,527.571428571429,6.06756952988592,4.77,3.75,-51.8268623384737,0b2b295e20e3c90c44165b1c1e7b3f2810b4f1864562c78811a236c99a68a002,0.986700504394429,0.0132994956055708,0.761619349618714,0.799919189536267,0.810134987270029,0.72375344380965,1247.57142857143,11,1.0,0.0102157977337624,0.0428549788643597,478,a5d187d49a6c4371e49bfc5b5b1c93973e9f9f09,2026-07-21 08:07:47,2026-06-06 14:01:41,flyers,phoenix,31,14,Final,2026-05-09 19:30:00
2026-05-09-PHI-CAR,kpignone,15.68,70.29,dbruer,17.25,79.09,0,0,0,"dbruer,ali,mtucker,kpignone,smadiraju,bmorrison,dswanson",True,2026-05-09-PHI-CAR,19,8,3,3,575,2,9,False,False,336,home,275,1778373595.0,18,False,"jbray,idietrich,czaleski,swhitcomb,tmackey,jwisner,eholmgren",276,479,ebf470002fe82169c8b2e9ab95179f80599e8b2b1d65ecab9e75e476e37aaff1,1778373595.0,False,336,521.642857142857,8.93895407751936,1.57,8.8,-10.1156575701997,d492231a918c74185cecb4330a63cb7461a63db5d3b9ed1c5ce0402340d13a54,0.980230571331233,0.0197694286687672,0.761619349618714,0.810557884172941,0.846457996598326,0.687428487939789,1241.64285714286,11,1.0,0.0359001124253845,0.150599943275441,479,448a253f74ad58c64209a978e3e595171ba15529,2026-07-21 08:07:47,2026-06-06 14:01:41,flyers,phoenix,31,14,Final,2026-05-09 19:30:00
2026-05-09-PHI-CAR,dbruer,17.25,79.09,kpignone,7.91,72.88,0,0,0,"dbruer,ali,mtucker,kpignone,smadiraju,bmorrison,dswanson",True,2026-05-09-PHI-CAR,19,8,3,3,575,2,10,False,False,337,home,276,1778373597.0,18,False,"jbray,idietrich,czaleski,swhitcomb,tmackey,jwisner,eholmgren",277,480,870fdee64ee5e276548df5421fd675f7641d4661b7aed91518865021da924bdb,1778373597.0,False,337,515.714285714286,11.2160465405596,-9.34,-6.21000000000001,123.619227082956,591709afa4b1d7f4233eaa3e9128412d93a123701795505be7b4b09e384e7cb0,0.976316428633011,0.0236835713669891,0.761619349618714,0.846772030145529,0.82961718225525,0.723333342552268,1235.71428571429,11,1.0,-0.0171548478902784,-0.0719640955037228,480,b29c1591a8a01a95c16637a5a319cd3c2cbf0221,2026-07-21 08:07:47,2026-06-06 14:01:41,flyers,phoenix,31,14,Final,2026-05-09 19:30:00
2026-05-09-PHI-CAR,kpignone,7.91,72.88,ali,-2.87,75.81,0,0,0,"dbruer,ali,mtucker,kpignone,smadiraju,bmorrison,dswanson",True,2026-05-09-PHI-CAR,19,8,3,3,575,2,11,False,False,338,home,277,1778373600.0,18,False,"jbray,idietrich,czaleski,swhitcomb,tmackey,jwisner,eholmgren",278,481,7b44a72cbc374d09bd0239b41b5d7a40bf4f2b65770282a2c65d4b9e279c66e9,1778373600.0,False,338,509.785714285714,11.1710921578868,-10.78,2.93000000000001,74.794363389896,27cbf00cbf1a1127b09fa95016f9101d3f27759b0b17f2a138003098507e6148,0.977612129947064,0.022387870052936,0.761619349618714,0.829913935070546,0.843097322824645,0.714021355543663,1229.78571428571,11,1.0,0.0131833877540999,0.0553039339938592,481,b8b17c03fa4d5c9e1be983f442f5532dd58faa9a,2026-07-21 08:07:47,2026-06-06 14:01:41,flyers,phoenix,31,14,Final,2026-05-09 19:30:00
2026-05-09-PHI-CAR,ali,-2.87,75.81,bmorrison,-17.33,83.25,0,0,0,"dbruer,ali,mtucker,kpignone,smadiraju,bmorrison,dswanson",True,2026-05-09-PHI-CAR,19,8,3,3,575,2,12,False,False,339,home,278,1778373605.0,18,False,"jbray,idietrich,czaleski,swhitcomb,tmackey,jwisner,eholmgren",279,482,931a90da9d8f67fb9c65f93a7356c8bb3d77785f76be5a2a190c272e8b9b72ab,1778373605.0,False,339,503.857142857143,16.2617711212524,-14.46,7.44,62.7731458198667,d99ccd331e418f1f2d4c76b1350e6c1352dc036188f07a210429116403e5648e,0.968767902954715,0.031232097045285,0.761619349618714,0.843335203652794,0.86633986838827,0.671822565649064,1223.85714285714,11,1.0,0.0230046647354759,0.0965039096028989,482,aa52a2145b29950340c4f9b74104d9f3e8b0322b,2026-07-21 08:07:47,2026-06-06 14:01:41,flyers,phoenix,31,14,Final,2026-05-09 19:30:00
2026-05-09-PHI-CAR,bmorrison,-17.33,83.25,dswanson,19.84,107.52,0,0,0,"dbruer,ali,mtucker,kpignone,smadiraju,bmorrison,dswanson",True,2026-05-09-PHI-CAR,20,8,3,3,575,2,13,False,False,340,home,279,1778373616.0,19,False,"jbray,idietrich,czaleski,swhitcomb,tmackey,jwisner,eholmgren",280,483,c513107ebd9c452630272e447f5941cc5b5aaea8834caf8c97323e6662dcb7c4,1778373616.0,False,340,497.928571428571,44.3919114253937,37.17,24.27,-56.8576355197887,51edbe58211c14a2f745fbe21955bd7e06dd75f9109887e1c4c3b6c2fd96684c,0.788662259126026,0.211337740873974,0.761619349618714,0.866515070516434,1.0,0.615422967707029,1217.92857142857,11,1.0,0.133484929483566,0.559965455543723,483,d997433f767cec38459b3a14cb5cc7c121bbd581,2026-07-21 08:07:47,2026-06-06 14:01:41,flyers,phoenix,31,14,Final,2026-05-09 19:30:00
2026-05-09-PHI-CAR,tnye,15.27,24.85,ddamiano,-4.64,32.95,0,0,0,"mhanna,tnye,jthornton,sheyman,ddamiano,dloughnan,ndigiorgi",False,2026-05-09-PHI-CAR,20,8,3,4,492,1,1,True,True,341,away,205,1778373680.0,18,False,"jreinhard,cwilliams,smadiraju1,bmorrison,cbelus,kpignone,dswanson",206,487,208c24828fc7caad3393c560baacf41afd0d6e63504447a1c289abd507606ce8,1778373680.0,False,341,492.0,21.4946063001861,-19.91,8.1,67.861997149817,0156669bd6d5a373ee5de7bd8d1dfef12f6c29c32f5e11b5ad95b8c25f8f8333,0.962756409624614,0.0372435903753859,0.643057954910485,0.643057954910485,0.677397913869824,0.888969927547952,1212.0,12,1.0,0.0343399589593382,0.0962059791827728,487,5a11c5933f83acf34e8242ceaae9f4f6e4932597,2026-07-21 08:07:47,2026-06-06 14:01:41,flyers,phoenix,31,14,Final,2026-05-09 19:30:00
2026-05-09-PHI-CAR,ddamiano,-4.64,32.95,jthornton,6.14,28.55,0,0,0,"mhanna,tnye,jthornton,sheyman,ddamiano,dloughnan,ndigiorgi",False,2026-05-09-PHI-CAR,20,8,3,4,492,1,2,True,True,342,away,206,,18,False,"jreinhard,cwilliams,smadiraju1,bmorrison,cbelus,kpignone,dswanson",207,489,aff217b94a4114767c5e345de43938d8b1b9ea466963dba0a6ccfa61410eec1d,1778373684.0,True,342,486.666666666667,11.6433843877113,10.78,-4.4,-112.203478532057,d0b1e6d9654df90cc55ee7129d73a246bf61fe37ef593d64dfccc11a7ca46ab2,0.988697545380224,0.011302454619776,0.643057954910485,0.677595071000057,0.664358275060248,0.905104108129531,1206.66666666667,12,1.0,-0.0132367959398088,-0.03708387992367,489,cf7ad0ef9edf34918ace434b283b6cf5826d2e06,2026-07-21 08:07:47,2026-06-06 14:01:41,flyers,phoenix,31,14,Final,2026-05-09 19:30:00
2026-05-09-PHI-CAR,jthornton,6.14,28.55,dloughnan,11.01,37.13,0,0,0,"mhanna,tnye,jthornton,sheyman,ddamiano,dloughnan,ndigiorgi",False,2026-05-09-PHI-CAR,20,8,3,4,492,1,3,True,True,343,away,207,1778373688.0,18,False,"jreinhard,cwilliams,smadiraju1,bmorrison,cbelus,kpignone,dswanson",208,490,1a8c166b8147add22ffcb073c249e1f86e072f88a067431ee960b46d8b59f78c,1778373688.0,False,343,481.333333333333,9.86576403528891,4.87,8.58,-29.5792037440279,00cb1d0eaff30b10092061b6df259b16deeead6a11466ea60725035dbc198fc7,0.985493298411616,0.014506701588384,0.643057954910485,0.664516308454901,0.687774473391388,0.871439181062578,1201.33333333333,12,1.0,0.023258164936487,0.0651594992981404,490,e1d4b72b8348dfee187096d2660e25c81b4b16fa,2026-07-21 08:07:47,2026-06-06 14:01:41,flyers,phoenix,31,14,Final,2026-05-09 19:30:00
2026-05-09-PHI-CAR,dloughnan,11.01,37.13,sheyman,11.63,50.66,0,0,0,"mhanna,tnye,jthornton,sheyman,ddamiano,dloughnan,ndigiorgi",False,2026-05-09-PHI-CAR,20,8,3,4,492,1,4,True,True,344,away,208,1778373693.0,18,False,"jreinhard,cwilliams,smadiraju1,bmorrison,cbelus,kpignone,dswanson",209,491,a5faa94dfd541161eaa63088e7237c2978994415411fcb622c328f1352a871d2,1778373693.0,False,344,476.0,13.5441980198164,0.620000000000001,13.53,-2.62369179704429,1d5d340d097f4fa3fc8232777afe123bfa6687f6ce5458ed4d7c99fc690724e4,0.97333649376459,0.0266635062354096,0.643057954910485,0.6878876054605,0.735739697776088,0.814052693539169,1196.0,12,1.0,0.0478520923155882,0.134061237598355,491,3c6e40ad68051f130fc128c3c40dd24896ec3faf,2026-07-21 08:07:47,2026-06-06 14:01:41,flyers,phoenix,31,14,Final,2026-05-09 19:30:00
2026-05-09-PHI-CAR,sheyman,11.63,50.66,dloughnan,-10.47,52.51,0,0,0,"mhanna,tnye,jthornton,sheyman,ddamiano,dloughnan,ndigiorgi",False,2026-05-09-PHI-CAR,20,8,3,4,492,1,5,True,True,345,away,209,1778373698.0,18,False,"jreinhard,cwilliams,smadiraju1,bmorrison,cbelus,kpignone,dswanson",210,492,ded287e9b9a9d7f8491ee8f357731a03c147d64d4025349fd9c9cf36bf010833,1778373698.0,False,345,470.666666666667,22.1772969498088,-22.1,1.85,85.2149032346305,dcbb5f2a597b03892e94075da06206a4b08da86c7847f8fdb7592bbdbd9d381a,0.957641750509941,0.0423582494900586,0.643057954910485,0.735809025169309,0.744544827039355,0.806605077574833,1190.66666666667,12,1.0,0.00873580187004519,0.0244740063274261,492,1e90280c3cfcefadcce8714a12b517c29c44020f,2026-07-21 08:07:47,2026-06-06 14:01:41,flyers,phoenix,31,14,Final,2026-05-09 19:30:00
2026-05-09-PHI-CAR,dloughnan,-10.47,52.51,ddamiano,-5.26,48.67,0,0,0,"mhanna,tnye,jthornton,sheyman,ddamiano,dloughnan,ndigiorgi",False,2026-05-09-PHI-CAR,20,8,3,4,492,1,6,True,True,346,away,210,1778373702.0,18,False,"jreinhard,cwilliams,smadiraju1,bmorrison,cbelus,kpignone,dswanson",211,493,3bb8a745dd3d9858e923eb55e9012138b84d1046a570e931bd6750f1fc949e67,1778373702.0,False,346,465.333333333333,6.47222527420052,5.21,-3.84,-126.391853718184,d347caca61f0a3ab92a31573e62a22161cd208703abcec0d4eea34fd4e4c5132,0.989793986831283,0.0102060131687174,0.643057954910485,0.744582476082375,0.731625884152302,0.824853404732394,1185.33333333333,12,1.0,-0.0129565919300723,-0.0362988673044191,493,224c660bbf5c1bd63eda8ba29a6864dfdd8f8cda,2026-07-21 08:07:47,2026-06-06 14:01:41,flyers,phoenix,31,14,Final,2026-05-09 19:30:00
2026-05-09-PHI-CAR,ddamiano,-5.26,48.67,jthornton,9.91,52.99,0,0,0,"mhanna,tnye,jthornton,sheyman,ddamiano,dloughnan,ndigiorgi",False,2026-05-09-PHI-CAR,20,8,3,4,492,1,7,True,True,347,away,211,1778373706.0,18,False,"jreinhard,cwilliams,smadiraju1,bmorrison,cbelus,kpignone,dswanson",212,495,0a105f0ed12e0dbb75d9cd6f5ca79412161266c1e556d4ab6af12e3d2c3ba943,1778373706.0,False,347,460.0,15.7731195392668,15.17,4.32,-74.1045002629969,cc1cd81f9e495958f61ea89c3bf3a1dc00f5ca6157396783264b9989b9393342,0.974346446964015,0.0256535530359848,0.643057954910485,0.731635886549653,0.746568388206682,0.805170155518879,1180.0,12,1.0,0.0149325016570284,0.0418345270960826,495,60a6f56c73ae284a008f31dd28be2bf3d21847b0,2026-07-21 08:07:47,2026-06-06 14:01:41,flyers,phoenix,31,14,Final,2026-05-09 19:30:00
2026-05-09-PHI-CAR,jthornton,9.91,52.99,mhanna,21.51,64.05,1,1,0,"mhanna,tnye,jthornton,sheyman,ddamiano,dloughnan,ndigiorgi",False,2026-05-09-PHI-CAR,20,8,3,4,492,1,8,True,True,348,away,212,,20,False,"jreinhard,cwilliams,smadiraju1,bmorrison,cbelus,kpignone,dswanson",213,500,fbda24336b0bb3850df549e9388e156a658f7896f3a19090051b71571b7f5b9e,1778373721.0,True,348,454.666666666667,16.0275887144636,11.6,11.06,-46.3651308957998,eef57b1a4d6aa51d4b8cafd88fa8d27b591706dcfd54d83077ee78885cb3fe9c,0.972807818744669,1.0,0.643057954910485,0.746552411761031,0.765633198930569,0.730839870009637,1174.66666666667,12,1.0,-0.730839870009637,-0.730839870009637,500,a7759b24b9962a93478cc6db6670863a2640c9fe,2026-07-21 08:07:47,2026-06-06 14:01:41,flyers,phoenix,31,14,Final,2026-05-09 19:30:00
2026-05-09-PHI-CAR,cbelus,-16.65,51.06,kpignone,-9.96,45.27,0,0,0,"jreinhard,cwilliams,smadiraju1,bmorrison,cbelus,kpignone,dswanson",True,2026-05-09-PHI-CAR,20,8,3,4,492,2,1,False,False,349,home,283,1778373711.0,18,False,"mhanna,tnye,jthornton,sheyman,ddamiano,dloughnan,ndigiorgi",284,496,42cfa09f962e9f8a9a58b86a3be13d7c0bbe14b943c9394b45473ce13e64680f,1778373711.0,False,349,449.333333333333,8.84760984673262,6.69,-5.79,-130.875233393858,e8e6ef8df99feacb117936002f07ff4099ebda59583b148445f3954b57a1e360,0.986673599193777,0.013326400806223,0.715050053147574,0.729670851587825,0.717362951479452,0.837968028061419,1169.33333333333,12,1.0,-0.0123079001083729,-0.0431932002245542,496,d62bd5245f4d690419869ec4fecf35ed1cc29754,2026-07-21 08:07:47,2026-06-06 14:01:41,flyers,phoenix,31,14,Final,2026-05-09 19:30:00
2026-05-09-PHI-CAR,kpignone,-9.96,45.27,bmorrison,2.45,44.11,0,0,0,"jreinhard,cwilliams,smadiraju1,bmorrison,cbelus,kpignone,dswanson",True,2026-05-09-PHI-CAR,20,8,3,4,492,2,2,False,False,350,home,284,1778373712.0,18,False,"mhanna,tnye,jthornton,sheyman,ddamiano,dloughnan,ndigiorgi",285,497,807a6c2f2a38e4358e2f4a180b2c15649d143918eac52338274a15952c37ad3e,1778373712.0,False,350,444.0,12.4640964373676,12.41,-1.16,-95.3400923029949,83335effe20c3b08e6d0ee6031528464780ee5a99a0a893dd6bfdcdf09ff24a0,0.983804440009412,0.0161955599905884,0.715050053147574,0.717298004740396,0.715135781521083,0.844342019342296,1164.0,12,1.0,-0.00216222321931359,-0.0075880807952331,497,b818e25a529f83313a23248dd73c9829785d75bf,2026-07-21 08:07:47,2026-06-06 14:01:41,flyers,phoenix,31,14,Final,2026-05-09 19:30:00
2026-05-09-PHI-CAR,bmorrison,2.45,44.11,cwilliams,9.88,50.72,0,0,0,"jreinhard,cwilliams,smadiraju1,bmorrison,cbelus,kpignone,dswanson",True,2026-05-09-PHI-CAR,20,8,3,4,492,2,3,False,False,351,home,285,1778373715.0,18,False,"mhanna,tnye,jthornton,sheyman,ddamiano,dloughnan,ndigiorgi",286,498,5ffa249e7bffddb596ebc85af888bce610c1e50b939977ff669b93a007db3173,1778373715.0,False,351,438.666666666667,9.94469707934837,7.43,6.61,-48.3425375836037,400a7dfe015657d0d0bb7e35d080d83a19f50f40b2bfead0b613e9bd1379fcf4,0.984012708564481,0.0159872914355191,0.715050053147574,0.715050053147574,0.737486550011314,0.814769658663038,1158.66666666667,12,1.0,0.0224364968637396,0.0787383788331056,498,75a94db725060f132373ed23f1c55335045c701b,2026-07-21 08:07:47,2026-06-06 14:01:41,flyers,phoenix,31,14,Final,2026-05-09 19:30:00
2026-05-09-PHI-CAR,cwilliams,9.88,50.72,bmorrison,-2.73,47.11,0,0,0,"jreinhard,cwilliams,smadiraju1,bmorrison,cbelus,kpignone,dswanson",True,2026-05-09-PHI-CAR,20,8,3,4,492,2,4,False,False,352,home,286,1778373720.0,18,False,"mhanna,tnye,jthornton,sheyman,ddamiano,dloughnan,ndigiorgi",287,499,206b2887c4cb8f4f9a5c3c5cfe9638d173640f641e5d2c6b25b2d348a3061adf,1778373720.0,False,352,433.333333333333,13.1165620495616,-12.61,-3.61,105.975396829961,cda3b9b54f873799b132cc9b535eea1171459b13b807ac392e6df7202469e73a,0.983166581282023,0.0168334187179766,0.715050053147574,0.737387873095387,0.725818261726337,0.831533469324488,1153.33333333333,12,1.0,-0.0115696113690493,-0.0406022583855443,499,a1bad843f2a1014bc5717b32b3efcadd039256d5,2026-07-21 08:07:47,2026-06-06 14:01:41,flyers,phoenix,31,14,Final,2026-05-09 19:30:00
2026-05-09-PHI-CAR,bmorrison,-2.73,47.11,dswanson,-14.6,61.63,0,0,0,"jreinhard,cwilliams,smadiraju1,bmorrison,cbelus,kpignone,dswanson",True,2026-05-09-PHI-CAR,20,8,3,4,492,2,5,False,False,353,home,287,1778373724.0,18,False,"mhanna,tnye,jthornton,sheyman,ddamiano,dloughnan,ndigiorgi",288,501,45c142bf9d66eb8c8e97e8e3f3abeb2ad5726130c7f77c598e5691ee717167f8,1778373724.0,False,353,428.0,18.7543941517715,-11.87,14.52,39.26576201017,09751603bf335e048a1c58e573379d7a42a1b7823cca813bbd218a9c503417c6,0.961309396456611,0.0386906035433893,0.715050053147574,0.725701459728105,0.777281160787789,0.762285482661464,1148.0,12,1.0,0.051579701059684,0.181013197684142,501,357552ead51f67b30f0656a6192f6e262cd7cb59,2026-07-21 08:07:47,2026-06-06 14:01:41,flyers,phoenix,31,14,Final,2026-05-09 19:30:00
2026-05-09-PHI-CAR,dswanson,-14.6,61.63,smadiraju1,-14.6,54.34,0,0,0,"jreinhard,cwilliams,smadiraju1,bmorrison,cbelus,kpignone,dswanson",True,2026-05-09-PHI-CAR,20,8,3,4,492,2,6,False,False,354,home,288,1778373729.0,18,False,"mhanna,tnye,jthornton,sheyman,ddamiano,dloughnan,ndigiorgi",289,502,148669738f228b48a2e1ff7113a380d48d86ef3b887835f64c17d43f60f6b88b,1778373729.0,False,354,422.666666666667,7.29,0.0,-7.29,-180.0,c965853e8b91885c1770df9c04289513de3a925dad33cf98076c0fa1285a697f,0.988572600366759,0.0114273996332411,0.715050053147574,0.777168194467233,0.746650917326663,0.793532214798324,1142.66666666667,12,1.0,-0.03051727714057,-0.107096974320106,502,ce6df257417d0a63231e2aa319bc3a710dda029f,2026-07-21 08:07:47,2026-06-06 14:01:41,flyers,phoenix,31,14,Final,2026-05-09 19:30:00
2026-05-09-PHI-CAR,smadiraju1,-14.6,54.34,jreinhard,-19.85,80.04,1,1,0,"jreinhard,cwilliams,smadiraju1,bmorrison,cbelus,kpignone,dswanson",True,2026-05-09-PHI-CAR,20,8,3,4,492,2,7,False,False,355,home,289,1778373740.0,20,False,"mhanna,tnye,jthornton,sheyman,ddamiano,dloughnan,ndigiorgi",290,504,a2d6f9de72bafd914475102e381aa15c1971b120035009f62dff90936b0fd9c2,1778373740.0,False,355,417.333333333333,26.2307548499848,-5.25,25.7,11.5455399589541,f8c39db2bfcdc6ce0304f4c604b5ef52cc3fe5b9eb818a1a765435997773b50d,0.919090088106717,1.0,0.715050053147574,0.7465172724151,0.847123788002365,0.672813757895557,1137.33333333333,12,1.0,-0.672813757895557,-0.672813757895557,504,410e50125a9d245d38488c40700ab8ca18682e6b,2026-07-21 08:07:47,2026-06-06 14:01:41,flyers,phoenix,31,14,Final,2026-05-09 19:30:00
2026-05-09-PHI-CAR,jthornton,16.43,35.21,ddamiano,3.87,35.28,0,0,0,"mhanna,tnye,jthornton,sheyman,ddamiano,dloughnan,ndigiorgi",False,2026-05-09-PHI-CAR,20,8,3,4,492,3,1,True,True,356,away,214,1778373744.0,18,False,"jreinhard,cwilliams,smadiraju1,bmorrison,cbelus,kpignone,dswanson",215,505,dc9d1a1cb6dad07e25953ea19781191be89bae82bfb13f9ae855d800c0aa85fe,1778373744.0,False,356,412.0,12.5601950621796,-12.56,0.0700000000000003,89.6806796941831,56a31f6537bcfb20b99854ddc33b5d9d38e63b89aac843327c15da18ac2f87de,0.983261530408336,0.0167384695916638,0.670058154260694,0.670058154260694,0.684462625405228,0.879857437827754,1132.0,12,1.0,0.0144044711445342,0.0436576061222483,505,d85ca2b59787587937a04e057709ce33a3b0a399,2026-07-21 08:07:47,2026-06-06 14:01:41,flyers,phoenix,31,14,Final,2026-05-09 19:30:00
2026-05-09-PHI-CAR,ddamiano,3.87,35.28,sheyman,-6.29,42.63,0,0,0,"mhanna,tnye,jthornton,sheyman,ddamiano,dloughnan,ndigiorgi",False,2026-05-09-PHI-CAR,20,8,3,4,492,3,2,True,True,357,away,215,1778373748.0,18,False,"jreinhard,cwilliams,smadiraju1,bmorrison,cbelus,kpignone,dswanson",216,506,a7a96987e12b4c0d18083b0969bb71254a83cde4365cfec92742aa02673d82bf,1778373748.0,False,357,406.666666666667,12.5398604457944,-10.16,7.35,54.1170750963282,3a0bc41a4225b47b20566fcc442876a4936e46aaf9b4e14fd2a85868c3d20ec9,0.981877041361867,0.0181229586381333,0.670058154260694,0.684294274908548,0.708387950407885,0.849622061745474,1126.66666666667,12,1.0,0.0240936754993375,0.0730240065346983,506,22662fbab6e6340641cc10658772fdf358aeb505,2026-07-21 08:07:47,2026-06-06 14:01:41,flyers,phoenix,31,14,Final,2026-05-09 19:30:00
2026-05-09-PHI-CAR,sheyman,-6.29,42.63,mhanna,-20.77,60.89,0,0,0,"mhanna,tnye,jthornton,sheyman,ddamiano,dloughnan,ndigiorgi",False,2026-05-09-PHI-CAR,20,8,3,4,492,3,3,True,True,358,away,216,,18,False,"jreinhard,cwilliams,smadiraju1,bmorrison,cbelus,kpignone,dswanson",217,507,e6d95c2ba6156eb04d95e3c19539b057c39bdaab78dd663e716768fc11147f59,1778373750.5,True,358,401.333333333333,23.3044630918629,-14.48,18.26,38.4140699211335,eb7a117a320197af1f7bd955391a2ac528a26e5e6185244775cb353b1a9287b3,0.95339175951699,0.0466082404830099,0.670058154260694,0.708222986636559,0.755631717469367,0.745407169709136,1121.33333333333,12,1.0,0.0474087308328078,0.143688142152986,507,7af762c7a3dcb8a8db7a434483b567c8308f67dc,2026-07-21 08:07:47,2026-06-06 14:01:41,flyers,phoenix,31,14,Final,2026-05-09 19:30:00
2026-05-09-PHI-CAR,mhanna,-20.77,60.89,,-17.13,107.23,1,0,0,"mhanna,tnye,jthornton,sheyman,ddamiano,dloughnan,ndigiorgi",False,2026-05-09-PHI-CAR,20,8,3,4,492,3,4,True,True,359,away,217,1778373753.0,22,False,"jreinhard,cwilliams,smadiraju1,bmorrison,cbelus,kpignone,dswanson",218,509,9ec6be40be546d4782de100614efdc45c17149bcbf3d719be0894ae81a15e159,1778373753.0,False,359,396.0,46.4827408830417,3.64,46.34,-4.4913526423675,b30c8d9cf2a8a3c1e7b368468978f439889f0f5589fc892c601d60491cd9f40f,0.696429571032692,-0.696429571032692,0.670058154260694,0.755482883990108,0.948127887145197,0.623574151346375,1116.0,12,1.0,-0.623574151346375,-0.623574151346375,509,9829eb07541879a5b8e9bf5d840b65627e368c98,2026-07-21 08:07:47,2026-06-06 14:01:41,flyers,phoenix,31,14,Final,2026-05-09 19:30:00
2026-05-09-PHI-CAR,cbelus,24.55,18.34,kpignone,22.84,28.5,0,0,0,"jreinhard,cwilliams,smadiraju1,bmorrison,cbelus,kpignone,dswanson",True,2026-05-09-PHI-CAR,20,8,3,4,492,4,1,False,False,360,home,291,1778373769.0,18,False,"mhanna,tnye,jthornton,sheyman,ddamiano,dloughnan,ndigiorgi",292,510,cddccb7a64d4bdcbcd80b02f6ec5db3cd05aa3bf7b4344d7ffd6dcc9cfac6d80,1778373769.0,False,360,390.666666666667,10.3028976506612,-1.71,10.16,9.55374670281682,6aa3f1c32d6975b5547a859a1a71d60a39344bd05b3b738df62cf77ff15c8d76,0.981228994779957,0.0187710052200432,0.576211422897697,0.576211422897697,0.617047014359167,0.886352747165737,1110.66666666667,12,1.0,0.0408355914614696,0.0963584052705882,510,d54d736bbe3a06e2f0c09449eec1f9aaa68b17be,2026-07-21 08:07:47,2026-06-06 14:01:41,flyers,phoenix,31,14,Final,2026-05-09 19:30:00
2026-05-09-PHI-CAR,kpignone,22.84,28.5,cbelus,13.91,24.47,0,0,0,"jreinhard,cwilliams,smadiraju1,bmorrison,cbelus,kpignone,dswanson",True,2026-05-09-PHI-CAR,20,8,3,4,492,4,2,False,False,361,home,292,1778373773.0,18,False,"mhanna,tnye,jthornton,sheyman,ddamiano,dloughnan,ndigiorgi",293,511,fca16e6a8fccce02f17d2f0141d59412997bb8ffc2c5a8ea4a653f928d83ad9e,1778373773.0,False,361,385.333333333333,9.79723430361855,-8.93,-4.03,114.289075537412,00411730f8fbc7bd3e98c39736dd28b08651ad580fb26c49b94db5ff5206cbef,0.987895792629291,0.0121042073707095,0.576211422897697,0.616861314758969,0.644049123785899,0.916420154102925,1105.33333333333,12,1.0,0.0271878090269295,0.0641541808720492,511,133fcfe57640ce773190cd5c1556fa4be4c538da,2026-07-21 08:07:47,2026-06-06 14:01:41,flyers,phoenix,31,14,Final,2026-05-09 19:30:00
2026-05-09-PHI-CAR,cbelus,13.91,24.47,smadiraju1,5.59,28.5,0,0,0,"jreinhard,cwilliams,smadiraju1,bmorrison,cbelus,kpignone,dswanson",True,2026-05-09-PHI-CAR,20,8,3,4,492,4,3,False,False,362,home,293,1778373777.0,18,False,"mhanna,tnye,jthornton,sheyman,ddamiano,dloughnan,ndigiorgi",294,512,c2029e9eaa699d4d73475c2c5e4cc00ae7b5a6308dffcf38ae4d1c2b25b7f17c,1778373777.0,False,362,380.0,9.24463628273173,-8.32,4.03,64.1556124454397,eb7bb8c1fa265ae3b038c6aa6ba21daa71fb068bd2d0b3d694168e30a1283d2d,0.987660393381614,0.0123396066183858,0.576211422897697,0.64387526211956,0.662759238238708,0.904712916645101,1100.0,12,1.0,0.0188839761191482,0.0445598988256579,512,ccee54ac91df7672c6a1f84fee25f2e2de02bee1,2026-07-21 08:07:47,2026-06-06 14:01:41,flyers,phoenix,31,14,Final,2026-05-09 19:30:00
2026-05-09-PHI-CAR,smadiraju1,5.59,28.5,cwilliams,20.86,84.0,0,0,0,"jreinhard,cwilliams,smadiraju1,bmorrison,cbelus,kpignone,dswanson",True,2026-05-09-PHI-CAR,20,8,3,4,492,4,4,False,False,363,home,294,1778373784.0,18,False,"mhanna,tnye,jthornton,sheyman,ddamiano,dloughnan,ndigiorgi",295,513,941178cd843ab613f958605b64b77cea60c1c0e7ecaca19b4506cb7326bea0f6,1778373784.0,False,363,374.666666666667,57.5623392505899,15.27,55.5,-15.3834493014665,2c3ddada93d489e8e769e0977bed49b268ab00f35a3955df67532e0354743786,0.702326497196608,0.297673502803392,0.576211422897697,0.662598471996113,0.859370367139607,0.655206166179086,1094.66666666667,12,1.0,0.196771895143494,0.464316184473262,513,d8be02f93cd17a89cb51a538b99da862eadd2614,2026-07-21 08:07:47,2026-06-06 14:01:41,flyers,phoenix,31,14,Final,2026-05-09 19:30:00
2026-05-09-PHI-CAR,cwilliams,20.86,84.0,jreinhard,14.66,106.09,0,0,0,"jreinhard,cwilliams,smadiraju1,bmorrison,cbelus,kpignone,dswanson",True,2026-05-09-PHI-CAR,21,8,3,4,492,4,5,False,False,364,home,295,1778373796.0,19,False,"mhanna,tnye,jthornton,sheyman,ddamiano,dloughnan,ndigiorgi",296,515,cbf33d134e746ec3fc4c2152e88c651f2b0eddd296d0a3637206ccc66f2b1b64,1778373796.0,False,364,369.333333333333,22.943585160127,-6.2,22.09,15.6778368806004,c419ae5e9cf6958cbb9b0b823a428c2d70cca3c29880496ea305194df0785b6e,0.894723091128732,0.105276908871268,0.576211422897697,0.859289563451296,1.0,0.63176699344061,1089.33333333333,12,1.0,0.140710436548704,0.332029800120678,515,248c1fb3a167687acb086046cdae9a21ae051b77,2026-07-21 08:07:47,2026-06-06 14:01:41,flyers,phoenix,31,14,Final,2026-05-09 19:30:00
2026-05-09-PHI-CAR,eholmgren,22.89,9.61,tmackey,2.71,10.7,0,0,0,"jbray,swhitcomb,tmackey,czaleski,eholmgren,jwisner,idietrich",False,2026-05-09-PHI-CAR,21,8,3,5,364,1,1,True,True,365,away,220,1778373847.0,18,False,"aolcese,mtucker,dbruer,ali,nlyle,cbelus,smadiraju",221,519,141e17cc796b99bf3a16512b68aaafa428791fb73dc41718bec0f12f383e8aa5,1778373847.0,False,365,364.0,20.2094161221941,-20.18,1.09,86.908237322452,ab43bdc30bbea491f50f224eca0e7fd13b03c1b3586b67166df0bfaec55e6f6b,0.975370710423465,0.0246292895765351,0.567455879957059,0.567455879957059,0.61890033168458,0.932516036881914,1084.0,13,1.0,0.0514444517275208,0.118934576483004,519,d56feae7098735375ec2a46d417d1db4fe4bd10e,2026-07-21 08:07:47,2026-06-06 14:01:41,flyers,phoenix,31,14,Final,2026-05-09 19:30:00
2026-05-09-PHI-CAR,tmackey,2.71,10.7,eholmgren,0.51,19.15,0,0,0,"jbray,swhitcomb,tmackey,czaleski,eholmgren,jwisner,idietrich",False,2026-05-09-PHI-CAR,21,8,3,5,364,1,2,True,True,366,away,221,1778373850.0,18,False,"aolcese,mtucker,dbruer,ali,nlyle,cbelus,smadiraju",222,520,b1d5139b54044f866a568c8815c79aec51702cf20b6ec016daba40258ae965fb,1778373850.0,False,366,358.428571428571,8.73169513897502,-2.2,8.45,14.5932682188993,7fc4cc8fc17da8872d42b956e5bc1004cd611d5d86dfdf482a6fd0d505453d30,0.990537635904489,0.00946236409551138,0.567455879957059,0.618769626604946,0.638140057004914,0.932522959879653,1078.42857142857,13,1.0,0.0193704303999677,0.0447825539693955,520,5ea5222c02ddb34d02fa6b6dca8efca1a5f236d1,2026-07-21 08:07:47,2026-06-06 14:01:41,flyers,phoenix,31,14,Final,2026-05-09 19:30:00
2026-05-09-PHI-CAR,eholmgren,0.51,19.15,tmackey,-6.08,17.09,0,0,0,"jbray,swhitcomb,tmackey,czaleski,eholmgren,jwisner,idietrich",False,2026-05-09-PHI-CAR,21,8,3,5,364,1,3,True,True,367,away,222,1778373853.0,18,False,"aolcese,mtucker,dbruer,ali,nlyle,cbelus,smadiraju",223,521,dcc6c95e54d65bb767e8d8a5ae43cdcad6f0e15d32c3151297a4ef1f143d5344,1778373853.0,False,367,352.857142857143,6.90446956688202,-6.59,-2.06,107.358975023281,ed1c4ec257e068d89b38c30af6a2132db792a64003a243738f4c805d4b18644c,0.993323375985126,0.00667662401487368,0.567455879957059,0.638031360771894,0.63237426727791,0.932298905943471,1072.85714285714,13,1.0,-0.00565709349398358,-0.0130786507823109,521,90e8ff3a13f64b2618d2be63d52f452b15c5a745,2026-07-21 08:07:47,2026-06-06 14:01:41,flyers,phoenix,31,14,Final,2026-05-09 19:30:00
2026-05-09-PHI-CAR,tmackey,-6.08,17.09,eholmgren,-15.14,28.07,0,0,0,"jbray,swhitcomb,tmackey,czaleski,eholmgren,jwisner,idietrich",False,2026-05-09-PHI-CAR,21,8,3,5,364,1,4,True,True,368,away,223,1778373859.0,18,False,"aolcese,mtucker,dbruer,ali,nlyle,cbelus,smadiraju",224,522,c3b02e6006c3a6b5c223381437a5e6b8989bdd2ab29a277dcdedc4d1925edd23,1778373859.0,False,368,347.285714285714,14.2353082158413,-9.06,10.98,39.5272883287495,d4e2f02ab34dec3d5f897cf89d949d108ee5df29ed5e06f8fa45cbee9123c53e,0.982341854104739,0.0176581458952612,0.567455879957059,0.632281604350914,0.651835715961918,0.901879219884203,1067.28571428571,13,1.0,0.0195541116110038,0.0452072070915277,522,1495eccc917a8285fd26450bf4e796811d261f72,2026-07-21 08:07:47,2026-06-06 14:01:41,flyers,phoenix,31,14,Final,2026-05-09 19:30:00
2026-05-09-PHI-CAR,eholmgren,-15.14,28.07,jbray,-22.76,42.28,0,0,0,"jbray,swhitcomb,tmackey,czaleski,eholmgren,jwisner,idietrich",False,2026-05-09-PHI-CAR,21,8,3,5,364,1,5,True,True,369,away,224,1778373863.0,18,False,"aolcese,mtucker,dbruer,ali,nlyle,cbelus,smadiraju",225,523,c2c33b9f608f809709849beb00ea948e7e150cfba702ec3fd4b95ac8577df32d,1778373863.0,False,369,341.714285714286,16.1241588927919,-7.62,14.21,28.2020820718154,01f75f4d46d8f38239c68da27271eff8fc8d76196f33af7a85c8c179633aa162,0.969441507501593,0.0305584924984069,0.567455879957059,0.651758815225178,0.663569863840896,0.823232447461807,1061.71428571429,13,1.0,0.0118110486157187,0.0273059973963954,523,744efd9ab28364aa14446a6896ad424e39af01e2,2026-07-21 08:07:47,2026-06-06 14:01:41,flyers,phoenix,31,14,Final,2026-05-09 19:30:00
2026-05-09-PHI-CAR,jbray,-22.76,42.28,tmackey,-13.15,40.57,0,0,0,"jbray,swhitcomb,tmackey,czaleski,eholmgren,jwisner,idietrich",False,2026-05-09-PHI-CAR,21,8,3,5,364,1,6,True,True,370,away,225,1778373869.0,18,False,"aolcese,mtucker,dbruer,ali,nlyle,cbelus,smadiraju",226,524,b1e237c33982dca6add62864b39feff85de4f83e7ae9184b48605a4abfd11852,1778373869.0,False,370,336.142857142857,9.76095282234271,9.61,-1.71,-100.089587978202,032d98ed72a8cbbc4659b22b5cf9ffe1b25fefac93b3d18bd8d3c1cf3323af8d,0.9834917758799,0.0165082241201001,0.567455879957059,0.663504789777465,0.694821233512117,0.853904932622828,1056.14285714286,13,1.0,0.0313164437346517,0.0724005766892468,524,87af22e2b45307d8c33f96c1b39c2263fa3f5ba4,2026-07-21 08:07:47,2026-06-06 14:01:41,flyers,phoenix,31,14,Final,2026-05-09 19:30:00
2026-05-09-PHI-CAR,tmackey,-13.15,40.57,eholmgren,-20.43,46.06,0,0,0,"jbray,swhitcomb,tmackey,czaleski,eholmgren,jwisner,idietrich",False,2026-05-09-PHI-CAR,21,8,3,5,364,1,7,True,True,371,away,226,1778373875.0,18,False,"aolcese,mtucker,dbruer,ali,nlyle,cbelus,smadiraju",227,525,6e5a2d215492bcbc6e56700d38a40be43bcd4c9ba4c3594ad04d3454682a39d2,1778373875.0,False,371,330.571428571429,9.11803158581939,-7.28,5.49,52.9792912626169,b975f48dab3b5b6963b38b240523a6dbaaf95ad7af6e955ad43e4875bfb9f255,0.988464606553363,0.0115353934466373,0.567455879957059,0.694766840670373,0.693280910611326,0.814160718716574,1050.57142857143,13,1.0,-0.0014859300590474,-0.00343532599379663,525,b7db4452f1842d187fbdc83399caa12e2c67cbad,2026-07-21 08:07:47,2026-06-06 14:01:41,flyers,phoenix,31,14,Final,2026-05-09 19:30:00
2026-05-09-PHI-CAR,eholmgren,-20.43,46.06,tmackey,-24.89,47.78,0,0,0,"jbray,swhitcomb,tmackey,czaleski,eholmgren,jwisner,idietrich",False,2026-05-09-PHI-CAR,21,8,3,5,364,1,8,True,True,372,away,227,1778373877.0,18,False,"aolcese,mtucker,dbruer,ali,nlyle,cbelus,smadiraju",228,526,23de0f66f2d3a0c45b604064e311dab0f0c1e4450acabde0141842c66409e00d,1778373877.0,False,372,325.0,4.78016736108685,-4.46,1.72,68.9108556636714,b09923eb9314f75ccd97bf4a53968cfa74f619d2086ae45234ab278f0ec972c1,0.978458675634065,0.0215413243659351,0.567455879957059,0.69323116944725,0.665230385531866,0.785465735858415,1045.0,13,1.0,-0.0280007839153846,-0.06473509317987,526,083cbe1ce24726ff9a2086675b40151f0ca45731,2026-07-21 08:07:47,2026-06-06 14:01:41,flyers,phoenix,31,14,Final,2026-05-09 19:30:00
2026-05-09-PHI-CAR,tmackey,-24.89,47.78,,-16.03,114.71,1,0,0,"jbray,swhitcomb,tmackey,czaleski,eholmgren,jwisner,idietrich",False,2026-05-09-PHI-CAR,21,8,3,5,364,1,9,True,True,373,away,228,1778373884.0,22,False,"aolcese,mtucker,dbruer,ali,nlyle,cbelus,smadiraju",229,528,8cf98cd8c95aa1736d063504935b1cdb0f96b14d69df9fa1b0636dbb00be5653,1778373884.0,False,373,319.428571428571,67.5138837573428,8.86,66.93,-7.54080609026816,9a72f9412561497798cb1749fb093cbdb2dd191bc4ab2b0b03bf6b1f056bfa44,0.525029114063936,-0.525029114063936,0.567455879957059,0.665180567169867,0.96318597508435,0.625643205331943,1039.42857142857,13,1.0,-0.625643205331943,-0.625643205331943,528,8e7e5f1ed9038653f832144c926aa836082605f5,2026-07-21 08:07:47,2026-06-06 14:01:41,flyers,phoenix,31,14,Final,2026-05-09 19:30:00
2026-05-09-PHI-CAR,smadiraju,20.39,20.79,cbelus,6.34,24.4,0,0,0,"aolcese,mtucker,dbruer,ali,nlyle,cbelus,smadiraju",True,2026-05-09-PHI-CAR,21,8,3,5,364,2,1,False,False,374,home,299,1778373897.0,18,False,"jbray,swhitcomb,tmackey,czaleski,eholmgren,jwisner,idietrich",300,529,793057619ff8e59e3eef3d9838fefdecac19804474e6852a7677ed20d9dd39fd,1778373897.0,False,374,313.857142857143,14.5063641206196,-14.05,3.61,75.5901561756361,2f6dd4a1ce9c335cae6720c8b3736b6e817fe76b52462467d7dee782be860bc0,0.980178347684201,0.0198216523157989,0.609003190921771,0.609003190921771,0.650161686335695,0.918338558317512,1033.85714285714,13,1.0,0.041158495413924,0.105265553217569,529,53476a02dfe7b74d799b242d97b15e246547cd78,2026-07-21 08:07:47,2026-06-06 14:01:41,flyers,phoenix,31,14,Final,2026-05-09 19:30:00
2026-05-09-PHI-CAR,cbelus,6.34,24.4,mtucker,-9.89,32.72,0,0,0,"aolcese,mtucker,dbruer,ali,nlyle,cbelus,smadiraju",True,2026-05-09-PHI-CAR,21,8,3,5,364,2,2,False,False,375,home,300,1778373902.0,18,False,"jbray,swhitcomb,tmackey,czaleski,eholmgren,jwisner,idietrich",301,530,aceafbe3c1d70d6d8deac07b1b70af1906848d61488bbb42056d5f57b15691b5,1778373902.0,False,375,308.285714285714,18.2382921349561,-16.23,8.32,62.8589194424772,3cdeaebb8d0340f305a25c6a29d7eaaf30362b1419a04ed6e0b6a413b8735223,0.973230265269092,0.0267697347309079,0.609003190921771,0.650107003397587,0.672368447604355,0.887732823227771,1028.28571428571,13,1.0,0.0222614442067675,0.0569351045581384,530,19f74d621b8527d90ecc1bc64599e9da4cbebee2,2026-07-21 08:07:47,2026-06-06 14:01:41,flyers,phoenix,31,14,Final,2026-05-09 19:30:00
2026-05-09-PHI-CAR,mtucker,-9.89,32.72,ali,-16.78,42.27,0,0,0,"aolcese,mtucker,dbruer,ali,nlyle,cbelus,smadiraju",True,2026-05-09-PHI-CAR,21,8,3,5,364,2,3,False,False,376,home,301,1778373907.0,18,False,"jbray,swhitcomb,tmackey,czaleski,eholmgren,jwisner,idietrich",302,531,662fa2a857ba05da4280bb7bf61af38136bf280f9dae1ec951d38d7732344717,1778373907.0,False,376,302.714285714286,11.7760180027036,-6.89,9.55,35.809166127021,be8b9cb27e32893ffea3a67f7fe7bc634570b60d4a806855229bc98ec8ec20fa,0.983887704879945,0.0161122951200545,0.609003190921771,0.672309554117851,0.693069906844435,0.841079214276688,1022.71428571429,13,1.0,0.0207603527265833,0.0530959645822317,531,1b92abc85e043562c1ba75092e7e4144edf448b9,2026-07-21 08:07:47,2026-06-06 14:01:41,flyers,phoenix,31,14,Final,2026-05-09 19:30:00
2026-05-09-PHI-CAR,ali,-16.78,42.27,cbelus,-8.53,36.13,0,0,0,"aolcese,mtucker,dbruer,ali,nlyle,cbelus,smadiraju",True,2026-05-09-PHI-CAR,21,8,3,5,364,2,4,False,False,377,home,302,1778373912.0,18,False,"jbray,swhitcomb,tmackey,czaleski,eholmgren,jwisner,idietrich",303,532,14e72775aa8c8d5f133fa9276523da3582d8bea7268e8a29c0d78a48f973f9bb,1778373912.0,False,377,297.142857142857,10.2840702059058,8.25,-6.14,-126.658187249829,2158396dc493b5dc330e0b40973fa71db2290e975ff19676919406a859f4c0c8,0.986757853059376,0.0132421469406236,0.609003190921771,0.693004673042438,0.68370980397816,0.874701564349689,1017.14285714286,13,1.0,-0.00929486906427779,-0.0237722376461085,532,fb35312e76d2db6f7a706ec4b0f873b16b170087,2026-07-21 08:07:47,2026-06-06 14:01:41,flyers,phoenix,31,14,Final,2026-05-09 19:30:00
2026-05-09-PHI-CAR,cbelus,-8.53,36.13,smadiraju,0.27,33.47,0,0,0,"aolcese,mtucker,dbruer,ali,nlyle,cbelus,smadiraju",True,2026-05-09-PHI-CAR,21,8,3,5,364,2,5,False,False,378,home,303,1778373915.0,18,False,"jbray,swhitcomb,tmackey,czaleski,eholmgren,jwisner,idietrich",304,533,895f58825fedf797dd3fe72d4a22c22a1c9286ab1f0c2e0ad6b773fb1aa55360,1778373915.0,False,378,291.571428571429,9.19323664440332,8.8,-2.66,-106.818635141653,4deeadb4116d148df5ac0541f07d00255ee310d8620940db11daf094d76ccab8,0.989677657538793,0.0103223424612071,0.609003190921771,0.683632310049502,0.676698270425994,0.885912368466553,1011.57142857143,13,1.0,-0.00693403962350803,-0.0177342614121454,533,719a11bba32fd0891d499372230c7d4fe522bef0,2026-07-21 08:07:47,2026-06-06 14:01:41,flyers,phoenix,31,14,Final,2026-05-09 19:30:00
2026-05-09-PHI-CAR,jlouie,-1.64,30.13,dhawkins,-7.37,28.22,0,0,0,"dhawkins,gsanner,tmitchell,alaviolet,jfairfax,jlouie,wmatthews",True,2026-05-09-PHI-CAR,21,8,3,5,286,2,6,False,True,379,home,305,1778373988.0,18,False,"czaleski,jbray,dperry,wzamsky,messer,sdavies1,ndigiorgi",306,536,9d40d77c8605ed4f1fe39c1b24b06088f3a184162ae34b82ccd0845abb33fbec,1778373988.0,False,379,286.0,6.0399503309216,-5.73,-1.91,108.434948822922,b8d8897397ff854c6b6b3d568479f93ca425be15bfdfa18ba29a1431ab53e4c6,0.992588161114285,0.00741183888571528,0.609003190921771,0.666507183556824,0.660030554634581,0.904946263840295,1006.0,13,1.0,-0.00647662892224354,-0.0165644035241928,536,450f28c919a1d634d4cd08e30608deb0ff9aee3d,2026-07-21 08:07:47,2026-06-06 14:01:41,flyers,phoenix,31,14,Final,2026-05-09 19:30:00
2026-05-09-PHI-CAR,dhawkins,-7.37,28.22,jlouie,3.88,27.13,0,0,0,"dhawkins,gsanner,tmitchell,alaviolet,jfairfax,jlouie,wmatthews",True,2026-05-09-PHI-CAR,21,8,3,5,286,2,7,False,True,380,home,306,1778373991.0,18,False,"czaleski,jbray,dperry,wzamsky,messer,sdavies1,ndigiorgi",307,537,d7d47de32afd004aa04be0ff4c05e9c778438e2e27b288c04ba10cf17a5c162b,1778373991.0,False,380,280.333333333333,11.3026810978635,11.25,-1.09,-95.5340506657482,7b793825edbb3a30c1f49f6d67f6f69f96483cc94f19ed705d370e5bb3a0ff82,0.9883495868,0.0116504132000003,0.609003190921771,0.659916530710633,0.657632710425468,0.909056296232725,1000.33333333333,13,1.0,-0.00228382028516572,-0.00584102026446149,537,7adf11d2c46d5fb130254fa42abed43a02dc0e49,2026-07-21 08:07:47,2026-06-06 14:01:41,flyers,phoenix,31,14,Final,2026-05-09 19:30:00
2026-05-09-PHI-CAR,jlouie,3.88,27.13,wmatthews,15.41,38.86,0,0,0,"dhawkins,gsanner,tmitchell,alaviolet,jfairfax,jlouie,wmatthews",True,2026-05-09-PHI-CAR,21,8,3,5,286,2,8,False,True,381,home,307,1778373994.0,18,False,"czaleski,jbray,dperry,wzamsky,messer,sdavies1,ndigiorgi",308,538,79847168083fcdcde55fe06303a190e78d07aba191720b121fd32618bb04a5ec,1778373994.0,False,381,274.666666666667,16.447911721553,11.53,11.73,-44.5073571147709,1c0b837dd55e6b44178c2b95b67e17d7215609006de2db09a04ffb89f6565e4d,0.976513935080062,0.0234860649199377,0.609003190921771,0.657497557159994,0.682391842086325,0.858892795065482,994.666666666667,13,1.0,0.0248942849263307,0.0636687674894809,538,5a0edab86258c6bfaf86bf092e4424564afa44ee,2026-07-21 08:07:47,2026-06-06 14:01:41,flyers,phoenix,31,14,Final,2026-05-09 19:30:00
2026-05-09-PHI-CAR,wmatthews,15.41,38.86,jfairfax,21.48,52.02,0,0,0,"dhawkins,gsanner,tmitchell,alaviolet,jfairfax,jlouie,wmatthews",True,2026-05-09-PHI-CAR,21,8,3,5,286,2,9,False,True,382,home,308,1778373999.0,18,False,"czaleski,jbray,dperry,wzamsky,messer,sdavies1,ndigiorgi",309,539,7b337d1affc07411e727d9671ec3bedbae6d804f7f31909c45ea34192427ec83,1778373999.0,False,382,269.0,14.4924290579599,6.07,13.16,-24.7613343571683,1ecd3a57cd91a2d7d5ac12c2a07734d2c0c5a3086d731522132b4b8f03afc019,0.975591635049804,0.024408364950196,0.609003190921771,0.682238948469288,0.708652041961296,0.782862281650402,989.0,13,1.0,0.0264130934920084,0.0675532200742941,539,8430636bf1b45689474c3b993982cd85309ac195,2026-07-21 08:07:47,2026-06-06 14:01:41,flyers,phoenix,31,14,Final,2026-05-09 19:30:00
2026-05-09-PHI-CAR,jfairfax,21.48,52.02,,-19.24,99.47,1,0,0,"dhawkins,gsanner,tmitchell,alaviolet,jfairfax,jlouie,wmatthews",True,2026-05-09-PHI-CAR,21,8,3,5,286,2,10,False,True,383,home,309,1778374012.0,22,False,"czaleski,jbray,dperry,wzamsky,messer,sdavies1,ndigiorgi",310,541,76ed769624beebd939e9f7357a9943c0d8f6d5afeab372cff404c58d682fc180,1778374012.0,False,383,263.333333333333,62.5269613846699,-40.72,47.45,40.6350874924651,d7d2c2e62913a31ec63aaa30a95a1d684ce44fe7f53dc3e934422fffa08727e2,0.678654514054951,-0.678654514054951,0.609003190921771,0.7084819856737,0.923699041890744,0.613242623503849,983.333333333333,13,1.0,-0.613242623503849,-0.613242623503849,541,ebdea074562ac43a8f1550c31cd1d2d848ecfe7e,2026-07-21 08:07:47,2026-06-06 14:01:41,flyers,phoenix,31,14,Final,2026-05-09 19:30:00
2026-05-09-PHI-CAR,jbray,23.64,20.11,ndigiorgi,26.39,37.41,0,0,0,"czaleski,jbray,dperry,wzamsky,messer,sdavies1,ndigiorgi",False,2026-05-09-PHI-CAR,21,8,3,5,286,3,1,True,False,384,away,231,1778374021.0,18,False,"dhawkins,gsanner,tmitchell,alaviolet,jfairfax,jlouie,wmatthews",232,542,dd1a78592a0e9cd911d0e6e4cd8976de1af45d74d9851e7895abd7ccc9cf2afe,1778374021.0,False,384,257.666666666667,17.5172058274144,2.75,17.3,-9.03214142604722,a6cb89fd7555c77b5313be221817e9653ce6af6a24353f6f6dcb5996f043d861,0.855710570700964,0.144289429299036,0.584993748598598,0.584993748598598,0.61573963048547,0.822091335845667,977.666666666667,13,1.0,0.0307458818868713,0.0740853463846581,542,fb26691aea79d019d9d69cb69a3361fc16fffb8d,2026-07-21 08:07:47,2026-06-06 14:01:41,flyers,phoenix,31,14,Final,2026-05-09 19:30:00
2026-05-09-PHI-CAR,ndigiorgi,26.39,37.41,sdavies1,25.49,56.56,0,0,0,"czaleski,jbray,dperry,wzamsky,messer,sdavies1,ndigiorgi",False,2026-05-09-PHI-CAR,21,8,3,5,286,3,2,True,False,385,away,232,,18,False,"dhawkins,gsanner,tmitchell,alaviolet,jfairfax,jlouie,wmatthews",233,543,087cb30fa8d066059127c3158addbfe4c481eac37f51de6112dd872d4ddaf8b3,1778374025.5,True,385,252.0,19.1711371598035,-0.900000000000002,19.15,2.69077212021494,dac44935c7182e65096773fb1eb3fc928d2493dd897075d6e65de2f5e2d9e2f1,0.851656825832242,0.148343174167758,0.584993748598598,0.615479587880333,0.702953092369269,0.730222089726852,972.0,13,1.0,0.0874735044889359,0.210776353834559,543,08057190846afd32afbb9f0c9f4e1c86d682a332,2026-07-21 08:07:47,2026-06-06 14:01:41,flyers,phoenix,31,14,Final,2026-05-09 19:30:00
2026-05-09-PHI-CAR,sdavies1,25.49,56.56,messer,24.53,66.24,0,0,0,"czaleski,jbray,dperry,wzamsky,messer,sdavies1,ndigiorgi",False,2026-05-09-PHI-CAR,21,8,3,5,286,3,3,True,False,386,away,233,1778374030.0,18,False,"dhawkins,gsanner,tmitchell,alaviolet,jfairfax,jlouie,wmatthews",234,545,3970c573da4e56c2a084b3638e7f13f431866a72df869c31d0fdaa35c6bf93b6,1778374030.0,False,386,246.333333333333,9.72748682856985,-0.959999999999997,9.67999999999999,5.66370625802057,a1cd37b1ee9c822c79141bfe5c5a471b6db77821b0ba34dcdb1b9adca1f5fc0b,0.955305281742924,0.044694718257076,0.584993748598598,0.702690726224825,0.756160494483134,0.693367614124081,966.333333333333,13,1.0,0.0534697682583095,0.128840874270572,545,5b92220d33953e6db536c337488f691fde342ca2,2026-07-21 08:07:47,2026-06-06 14:01:41,flyers,phoenix,31,14,Final,2026-05-09 19:30:00
2026-05-09-PHI-CAR,messer,24.53,66.24,,25.77,90.89,1,0,0,"czaleski,jbray,dperry,wzamsky,messer,sdavies1,ndigiorgi",False,2026-05-09-PHI-CAR,21,8,3,5,286,3,4,True,False,387,away,234,1778374032.0,22,False,"dhawkins,gsanner,tmitchell,alaviolet,jfairfax,jlouie,wmatthews",235,546,69b273d5d18433932128b1bdbf39c173b4f311f5ea787bef596d639abe6893ea,1778374032.0,False,387,240.666666666667,24.6811689350403,1.24,24.65,-2.87979428135431,76225d41cf9d761bc314ceeeaf1b760e9c329eda7b2a074ee8e71a40bd74ef0e,0.722462664599481,-0.722462664599481,0.584993748598598,0.755897390792645,0.87172968791213,0.583757151707003,960.666666666667,13,1.0,-0.583757151707003,-0.583757151707003,546,885a42c7b939c7f52d681eeb4222da44d124c5bf,2026-07-21 08:07:47,2026-06-06 14:01:41,flyers,phoenix,31,14,Final,2026-05-09 19:30:00
2026-05-09-PHI-CAR,alaviolet,-22.03,34.22,jlouie,-13.03,30.13,0,0,0,"dhawkins,gsanner,tmitchell,alaviolet,jfairfax,jlouie,wmatthews",True,2026-05-09-PHI-CAR,21,8,3,5,286,4,1,False,True,388,home,311,1778374039.0,18,False,"czaleski,jbray,dperry,wzamsky,messer,sdavies1,ndigiorgi",312,547,be27a8fb5d9862fcefab5b5f66ece81ce27ea88af2be1088235fc6e1bf68cf59,1778374039.0,False,388,235.0,9.88575237399764,9.0,-4.09,-114.439158147568,b192fe93767a1b6c8828541cf7e582866b63e5bd4df0cd5e74b60460ae88f1e4,0.986270928411974,0.0137290715880256,0.638025201585395,0.638025201585395,0.658978036710706,0.894920752026557,955.0,13,1.0,0.020952835125311,0.0578847898170847,547,e75b7c79d6dfac65ae91c1f00db82cad34e7550c,2026-07-21 08:07:47,2026-06-06 14:01:41,flyers,phoenix,31,14,Final,2026-05-09 19:30:00
2026-05-09-PHI-CAR,jlouie,-13.03,30.13,alaviolet,-18.76,38.93,0,0,0,"dhawkins,gsanner,tmitchell,alaviolet,jfairfax,jlouie,wmatthews",True,2026-05-09-PHI-CAR,21,8,3,5,286,4,2,False,True,389,home,312,1778374046.0,18,False,"czaleski,jbray,dperry,wzamsky,messer,sdavies1,ndigiorgi",313,548,9d5be5f2b4996dabe36be11bda16f4df9be6e54ff6c48981fcd86d2b494fa729,1778374046.0,False,389,229.333333333333,10.5010904195707,-5.73,8.8,33.0696145056452,ac81e926e6e21f8f602a306431fcf9e3aa12e1f1ae73cd7663c97fe99a88dd26,0.987081690617306,0.0129183093826939,0.638025201585395,0.658572055750281,0.672000174984829,0.849927488687126,949.333333333333,13,1.0,0.0134281192345471,0.0370968346231845,548,90ec3585a92180f0fc83bf962079201ada0f39cb,2026-07-21 08:07:47,2026-06-06 14:01:41,flyers,phoenix,31,14,Final,2026-05-09 19:30:00
2026-05-09-PHI-CAR,alaviolet,-18.76,38.93,jlouie,-8.8,40.5,0,0,0,"dhawkins,gsanner,tmitchell,alaviolet,jfairfax,jlouie,wmatthews",True,2026-05-09-PHI-CAR,21,8,3,5,286,4,3,False,True,390,home,313,1778374049.0,18,False,"czaleski,jbray,dperry,wzamsky,messer,sdavies1,ndigiorgi",314,549,1f142a0dbc6fa1f652e28345f4c5db8a875fedc8438e54adc57b09e210162fed,1778374049.0,False,390,223.666666666667,10.0829807100877,9.96,1.57,-81.0421441451561,c05034a045be1e8a2b996a29c6ea0381c5af754e940b024b89a1383a6cba55a3,0.983228940856482,0.0167710591435182,0.638025201585395,0.671555797638081,0.695257959223462,0.85504216935988,943.666666666667,13,1.0,0.0237021615853815,0.0654801430629796,549,01d6e9f0549f099606be346046e460bf5fb68e61,2026-07-21 08:07:47,2026-06-06 14:01:41,flyers,phoenix,31,14,Final,2026-05-09 19:30:00
2026-05-09-PHI-CAR,jlouie,-8.8,40.5,gsanner,8.18,51.47,0,0,0,"dhawkins,gsanner,tmitchell,alaviolet,jfairfax,jlouie,wmatthews",True,2026-05-09-PHI-CAR,21,8,3,5,286,4,4,False,True,391,home,314,1778374054.0,18,False,"czaleski,jbray,dperry,wzamsky,messer,sdavies1,ndigiorgi",315,550,4836532f25b767fa108bdb711bbd55fd6218e47418d222b5d0b9772c8db627e5,1778374054.0,False,391,218.0,20.2153728632444,16.98,10.97,-57.1353496875678,60957633d91921dbeb7f6a9db422cc0854869d3e2ee7b8d043e96c07db7c2ff2,0.958772428258118,0.0412275717418815,0.638025201585395,0.694783628538791,0.735662350725878,0.807630850855378,938.0,13,1.0,0.0408787221870871,0.112932509020323,550,effcc6137aacd1ddeb51d7a66ef80e3b4e1fa812,2026-07-21 08:07:47,2026-06-06 14:01:41,flyers,phoenix,31,14,Final,2026-05-09 19:30:00
2026-05-09-PHI-CAR,gsanner,8.18,51.47,jfairfax,-10.24,87.4,0,0,0,"dhawkins,gsanner,tmitchell,alaviolet,jfairfax,jlouie,wmatthews",True,2026-05-09-PHI-CAR,21,8,3,5,286,4,5,False,True,392,home,315,1778374059.0,18,False,"czaleski,jbray,dperry,wzamsky,messer,sdavies1,ndigiorgi",316,551,b332a7b6d4c01d8f401c57f205248c50c47b25f41847c33b312dcdc80c06b91a,1778374059.0,False,392,212.333333333333,40.3764943995885,-18.42,35.93,27.1425588605152,5074e4b57fe34abed9dc240539ce0fce29cf815dceab6491bb43edf06c899647,0.777203188874305,0.222796811125695,0.638025201585395,0.735181132452522,0.886340296563052,0.667198602429991,932.333333333333,13,1.0,0.15115916411053,0.417595823721941,551,beac0cf99bb1ee310d7ae238157bb25144add424,2026-07-21 08:07:47,2026-06-06 14:01:41,flyers,phoenix,31,14,Final,2026-05-09 19:30:00
2026-05-09-PHI-CAR,jfairfax,-10.24,87.4,tmitchell,-1.51,106.29,0,0,0,"dhawkins,gsanner,tmitchell,alaviolet,jfairfax,jlouie,wmatthews",True,2026-05-09-PHI-CAR,22,8,3,5,286,4,6,False,True,393,home,316,1778374069.0,19,False,"czaleski,jbray,dperry,wzamsky,messer,sdavies1,ndigiorgi",317,552,5c5cf855ecc827de8ed792b84d20b9792d13b2d61f6db282cf9b7af0d7aaaa8a,1778374069.0,False,393,206.666666666667,20.8097332995884,8.73,18.89,-24.8039855636326,36ec8f58af31f440e4e65c7e7aa57e513e559da9343de947c0f65e07b94cdfd1,0.920442972297489,0.0795570277025112,0.638025201585395,0.886065832953947,1.0,0.63458446300876,926.666666666667,13,1.0,0.113934167046053,0.314757180734869,552,ec210bf9fb69593e5b8b7e1758c607b50f437696,2026-07-21 08:07:47,2026-06-06 14:01:41,flyers,phoenix,31,14,Final,2026-05-09 19:30:00
2026-05-09-PHI-CAR,eholmgren,-10.4,11.67,jthornton,1.54,15.58,0,0,0,"jthornton,crawlins,tnye,sheyman,dloughnan,cwhite1,eholmgren",False,2026-05-09-PHI-CAR,22,8,3,6,201,1,1,True,True,394,away,237,1778374128.0,18,False,"jreinhard,smadiraju1,dswanson,cbelus,bmorrison,kpignone,cwilliams",238,557,09e7fd6b4a47122d738f65c40d87fdc001b2fa0f386a58065870e04f2c6d4aa9,1778374128.0,False,394,201.0,12.5639046478394,11.94,3.91,-71.867895416871,9cb7b04f049d42ea978dc6401bba93dd63584e9d6f335fb4baa08d9d0329cf41,0.987667805339711,0.0123321946602888,0.611729017335604,0.611729017335604,0.623284095336089,0.930773708477794,921.0,14,1.0,0.0115550780004849,0.0297603439772697,557,5f94bcad81b40d7c2f86adc4f1b99e7eabd19312,2026-07-21 08:07:47,2026-06-06 14:01:41,flyers,phoenix,31,14,Final,2026-05-09 19:30:00
2026-05-09-PHI-CAR,jthornton,1.54,15.58,dloughnan,6.69,29.86,0,0,0,"jthornton,crawlins,tnye,sheyman,dloughnan,cwhite1,eholmgren",False,2026-05-09-PHI-CAR,22,8,3,6,201,1,2,True,True,395,away,238,1778374132.0,18,False,"jreinhard,smadiraju1,dswanson,cbelus,bmorrison,kpignone,cwilliams",239,558,001adc7b78e4d65cee01a7d5c9f1dc6b6ba85cc00cb420b21c7cd25bc6fc0d63,1778374132.0,False,395,195.571428571429,15.1802799710677,5.15,14.28,-19.8315478008115,76cacda9de530813ca4d0e0f625beec9588422e98ff0c2474f231045c6d9c555,0.978401640674075,0.0215983593259251,0.611729017335604,0.622552423551876,0.659021880221045,0.89669998109315,915.571428571429,14,1.0,0.0364694566691683,0.0939278449780288,558,5700beedd0973448aea2c0ad0a51f927ccdd7e34,2026-07-21 08:07:47,2026-06-06 14:01:41,flyers,phoenix,31,14,Final,2026-05-09 19:30:00
2026-05-09-PHI-CAR,dloughnan,6.69,29.86,crawlins,-8.83,37.48,0,0,0,"jthornton,crawlins,tnye,sheyman,dloughnan,cwhite1,eholmgren",False,2026-05-09-PHI-CAR,22,8,3,6,201,1,3,True,True,396,away,239,1778374135.0,18,False,"jreinhard,smadiraju1,dswanson,cbelus,bmorrison,kpignone,cwilliams",240,559,2b51aa6a34229b8e9143906deb46af04b9b79249094e77053b968bb725d0ad06,1778374135.0,False,396,190.142857142857,17.2897310563236,-15.52,7.62,63.8499135865092,13ffd0d7a98a6deba3e361cebac22aaa5dca4ecfab044bba407e26de39b39232,0.973923158448728,0.0260768415512724,0.611729017335604,0.658262330723945,0.681379006057322,0.8656542104351,910.142857142857,14,1.0,0.0231166753333768,0.0595374786308917,559,27f407f5ff15c48c4d60242fd3634c985f4ef30f,2026-07-21 08:07:47,2026-06-06 14:01:41,flyers,phoenix,31,14,Final,2026-05-09 19:30:00
2026-05-09-PHI-CAR,crawlins,-8.83,37.48,eholmgren,-18.85,42.7,0,0,0,"jthornton,crawlins,tnye,sheyman,dloughnan,cwhite1,eholmgren",False,2026-05-09-PHI-CAR,22,8,3,6,201,1,4,True,True,397,away,240,1778374139.0,18,False,"jreinhard,smadiraju1,dswanson,cbelus,bmorrison,kpignone,cwilliams",241,560,147c61d587aa5f2681b961e75b199fcae0df1384b2bc2817c84d52fcfc4341e2,1778374139.0,False,397,184.714285714286,11.2981768440753,-10.02,5.22000000000001,62.4823751821215,620d648c140caa9245765ce2548b0a5e7208dc79ea287ae536691de560a038c0,0.987489627845339,0.0125103721546606,0.611729017335604,0.680585389499249,0.680234129263676,0.829510810892499,904.714285714286,14,1.0,-0.00035126023557297,-0.000904678050269297,560,908291ee53a9d9b912fe2b32f9e852158d464688,2026-07-21 08:07:47,2026-06-06 14:01:41,flyers,phoenix,31,14,Final,2026-05-09 19:30:00
2026-05-09-PHI-CAR,eholmgren,-18.85,42.7,tnye,5.59,34.05,0,0,0,"jthornton,crawlins,tnye,sheyman,dloughnan,cwhite1,eholmgren",False,2026-05-09-PHI-CAR,22,8,3,6,201,1,5,True,True,398,away,241,1778374143.0,18,False,"jreinhard,smadiraju1,dswanson,cbelus,bmorrison,kpignone,cwilliams",242,561,22ff894fedddf1b409225fc5c23922b4a2d5cfb6cfe6bb26587a597e3416882c,1778374143.0,False,398,179.285714285714,25.9255877464716,24.44,-8.65000000000001,-109.490296421686,c5901743be77ef6a383e01c17a4597dbb55bfb2799bd3f291cede6943d0214fc,0.959964119106668,0.0400358808933321,0.611729017335604,0.679376616925015,0.669634796673699,0.879450109776537,899.285714285714,14,1.0,-0.00974182025131665,-0.0250902608906446,561,8916fc824d48585c21ca2c385ae80b737d05a4c2,2026-07-21 08:07:47,2026-06-06 14:01:41,flyers,phoenix,31,14,Final,2026-05-09 19:30:00
2026-05-09-PHI-CAR,tnye,5.59,34.05,crawlins,25.22,100.0,0,0,0,"jthornton,crawlins,tnye,sheyman,dloughnan,cwhite1,eholmgren",False,2026-05-09-PHI-CAR,22,8,3,6,201,1,6,True,True,399,away,242,1778374152.0,18,False,"jreinhard,smadiraju1,dswanson,cbelus,bmorrison,kpignone,cwilliams",243,562,9b6a6012390304234a1f0031de9803ea4131561759141c54bb9522fe345eff10,1778374152.0,False,399,173.857142857143,68.8094426659597,19.63,65.95,-16.5756229134892,387536eed89d026e550ee6df301f1ffd67b78d2318386e9b7edc792aac823a63,0.404143076013735,0.595856923986265,0.611729017335604,0.668686052292789,0.909049259644928,0.556272203445179,893.857142857143,14,1.0,0.240363207352139,0.6190604451116,562,002f36115df298c1a0ba1fa9e0dedc84ca3f5467,2026-07-21 08:07:47,2026-06-06 14:01:41,flyers,phoenix,31,14,Final,2026-05-09 19:30:00
2026-05-09-PHI-CAR,crawlins,25.22,100.0,jthornton,-3.95,108.12,0,0,0,"jthornton,crawlins,tnye,sheyman,dloughnan,cwhite1,eholmgren",False,2026-05-09-PHI-CAR,22,9,3,6,201,1,7,True,True,400,away,243,1778374168.0,19,False,"jreinhard,smadiraju1,dswanson,cbelus,bmorrison,kpignone,cwilliams",244,564,40727877174908d864cea16bdaaf289304d2a7553ec769fab738e08a77028e64,1778374168.0,False,400,168.428571428571,30.2790901448508,-29.17,8.12,74.4444890635808,def9dce1af0bf3e9a7fbfdf38a0c65d31f72208ef05569eae9a5f000b52a5f39,0.803080719100343,0.196919280899657,0.611729017335604,0.908651204424821,1.0,0.628243705420247,888.428571428571,14,1.0,0.0913487955751792,0.235270724967199,564,6c0e3a821d83ce574f45474eac5d71166aec2220,2026-07-21 08:07:47,2026-06-06 14:01:41,flyers,phoenix,31,14,Final,2026-05-09 19:30:00
2026-05-09-PHI-CAR,alaviolet,-16.17,19.99,jlouie,-6.96,23.04,0,0,0,"dhawkins,gsanner,alaviolet,jfairfax,jlouie,wmatthews,nlyle",True,2026-05-09-PHI-CAR,22,9,3,7,163,1,1,True,True,401,home,321,1778374218.0,18,False,"swhitcomb,czaleski,tmackey,jwisner,idietrich,jbray,sdavies1",322,568,8031ae8e65c385533b7a5d14e2917554d5e6f0289e240b40fe013ffe8991abbe,1778374218.0,False,401,163.0,9.70188641450723,9.21,3.05,-71.677102754264,52359b77a011a3e037aac03d781742e70b0a3e3e8473f5fdce140c8b9dbc2a7c,0.987554085279973,0.0124459147200272,0.614667330259904,0.614667330259904,0.634110330577207,0.918793900151626,883.0,13,1.0,0.0194430003173026,0.0504577001748042,568,f24e1902059ebe566b25924aa684931b311b5fbf,2026-07-21 08:07:47,2026-06-06 14:01:41,flyers,phoenix,31,14,Final,2026-05-09 19:30:00
2026-05-09-PHI-CAR,jlouie,-6.96,23.04,jfairfax,10.09,28.77,0,0,0,"dhawkins,gsanner,alaviolet,jfairfax,jlouie,wmatthews,nlyle",True,2026-05-09-PHI-CAR,22,9,3,7,163,1,2,True,True,402,home,322,1778374222.0,18,False,"swhitcomb,czaleski,tmackey,jwisner,idietrich,jbray,sdavies1",323,569,f6a7b8eb425e88b55a11c4693cb39d777f609b60a059fdaee5fb79e836e2def9,1778374222.0,False,402,158.125,17.9870898146421,17.05,5.73,-71.4240280945585,e84f0cecdf858e92bc87b4fbabc98f027fcd90ee76c06a4003d99c4f554cea33,0.976050229240256,0.0239497707597442,0.614667330259904,0.632783689515959,0.646811416942054,0.897269010601659,878.125,13,1.0,0.0140277274260946,0.036404199611614,569,8afa9d02d8ee27d3dcaf71f8397338efe322ef33,2026-07-21 08:07:47,2026-06-06 14:01:41,flyers,phoenix,31,14,Final,2026-05-09 19:30:00
2026-05-09-PHI-CAR,jfairfax,10.09,28.77,wmatthews,1.5,40.97,0,0,0,"dhawkins,gsanner,alaviolet,jfairfax,jlouie,wmatthews,nlyle",True,2026-05-09-PHI-CAR,22,9,3,7,163,1,3,True,True,403,home,323,1778374227.0,18,False,"swhitcomb,czaleski,tmackey,jwisner,idietrich,jbray,sdavies1",324,570,3ba03d9e9f1d26c775e0798f02cf2a0e527f93c92c7cc852ed8382700ca3e8cb,1778374227.0,False,403,153.25,14.9207271940747,-8.59,12.2,35.1493134384828,7aaa0539ba4c7b004c3cb645e97f34c95067fd49aba50b926562c8cc86b93439,0.97535798959864,0.0246420104013597,0.614667330259904,0.645307524491292,0.687453326328546,0.847517870253997,873.25,13,1.0,0.0421458018372541,0.10937510662068,570,822e8919a7c906c84d4bdc1cc17c37b08e0fdc5f,2026-07-21 08:07:47,2026-06-06 14:01:41,flyers,phoenix,31,14,Final,2026-05-09 19:30:00
2026-05-09-PHI-CAR,wmatthews,1.5,40.97,jlouie,-8.53,41.25,0,0,0,"dhawkins,gsanner,alaviolet,jfairfax,jlouie,wmatthews,nlyle",True,2026-05-09-PHI-CAR,22,9,3,7,163,1,4,True,True,404,home,324,1778374229.0,18,False,"swhitcomb,czaleski,tmackey,jwisner,idietrich,jbray,sdavies1",325,571,fbf2dfc0cb223aeecb78fbbae22b06cea54455db6556a41caa024fc4eb27efb5,1778374229.0,False,404,148.375,10.0339075140246,-10.03,0.280000000000001,88.4009319311594,e21e534acdf7cd81d99645d5ee76c19d43f2bff5d744bf4e52dbd5900fffe7c1,0.987235827449272,0.0127641725507285,0.614667330259904,0.685822863450907,0.685409975852953,0.84436824982919,868.375,13,1.0,-0.000412887597954881,-0.00107150945242554,571,a5d38a355d7590d9c087dd715f69459a4093a407,2026-07-21 08:07:47,2026-06-06 14:01:41,flyers,phoenix,31,14,Final,2026-05-09 19:30:00
2026-05-09-PHI-CAR,jlouie,-8.53,41.25,dhawkins,-19.31,54.61,0,0,0,"dhawkins,gsanner,alaviolet,jfairfax,jlouie,wmatthews,nlyle",True,2026-05-09-PHI-CAR,22,9,3,7,163,1,5,True,True,405,home,325,1778374232.0,18,False,"swhitcomb,czaleski,tmackey,jwisner,idietrich,jbray,sdavies1",326,572,9caffd4a63141bab79e85aabb685ff01b36358f53178a38fb1eedbbfcbd517b1,1778374232.0,False,405,143.5,17.1667702262248,-10.78,13.36,38.8995817686385,cf57fc51c3d01fb68e47617f22a6fb8925de4804cdc17942c316179fe39f382d,0.973938706287313,0.0260612937126867,0.614667330259904,0.683527515108689,0.71670790674138,0.763802268303484,863.5,13,1.0,0.033180391632691,0.0861084310735214,572,b7c76492343816e17ab2a128c8bbb37ed51756f8,2026-07-21 08:07:47,2026-06-06 14:01:41,flyers,phoenix,31,14,Final,2026-05-09 19:30:00
2026-05-09-PHI-CAR,dhawkins,-19.31,54.61,jlouie,-9.42,48.54,0,0,0,"dhawkins,gsanner,alaviolet,jfairfax,jlouie,wmatthews,nlyle",True,2026-05-09-PHI-CAR,22,9,3,7,163,1,6,True,True,406,home,326,1778374235.0,18,False,"swhitcomb,czaleski,tmackey,jwisner,idietrich,jbray,sdavies1",327,573,788da3dc73a4df77f7330b90a635e1ae425d0b1ca2d62e96e4337d96b6d1312f,1778374235.0,False,406,138.625,11.6041802812607,9.89,-6.07,-121.539574125319,0eee13249810ba48b6b49d2300fc603d6e4f13fd2329841008833cd54435a3a5,0.9816044013276,0.0183955986724005,0.614667330259904,0.71467466413394,0.708474767182573,0.808413215240527,858.625,13,1.0,-0.00619989695136691,-0.0160897256792389,573,565b980fb47ee31fc0f51728db11908335328ec9,2026-07-21 08:07:47,2026-06-06 14:01:41,flyers,phoenix,31,14,Final,2026-05-09 19:30:00
2026-05-09-PHI-CAR,jlouie,-9.42,48.54,gsanner,4.7,45.54,0,0,0,"dhawkins,gsanner,alaviolet,jfairfax,jlouie,wmatthews,nlyle",True,2026-05-09-PHI-CAR,22,9,3,7,163,1,7,True,True,407,home,327,1778374238.0,18,False,"swhitcomb,czaleski,tmackey,jwisner,idietrich,jbray,sdavies1",328,574,07adc9f18688c86099a00513c0d6a64d897e1c7d8a53347aec185ef8db0c7b44,1778374238.0,False,407,133.75,14.4351792507056,14.12,-3.0,-101.994958065183,9a6d7333024bccb4d489ac6d80d7aa43d2eaea3d6e00c860ec5309a2e2a79456,0.981294909546635,0.0187050904533652,0.614667330259904,0.706113315566948,0.695874118746084,0.821647907555444,853.75,13,1.0,-0.0102391968208634,-0.026572355849738,574,c62957334a693a88adf647b430c5fd2ba6c4bd12,2026-07-21 08:07:47,2026-06-06 14:01:41,flyers,phoenix,31,14,Final,2026-05-09 19:30:00
2026-05-09-PHI-CAR,gsanner,4.7,45.54,wmatthews,15.41,104.93,0,0,0,"dhawkins,gsanner,alaviolet,jfairfax,jlouie,wmatthews,nlyle",True,2026-05-09-PHI-CAR,23,9,3,7,163,1,8,True,True,408,home,328,1778374250.0,19,False,"swhitcomb,czaleski,tmackey,jwisner,idietrich,jbray,sdavies1",329,575,31efaf19baf89999d815afec39132ac42ec8f61f632cf1ffc7b66148765afba5,1778374250.0,False,408,128.875,60.3479593689795,10.71,59.39,-10.2224749790327,2a02d82aceb7f93243f3f64000818fc21070fd4426f7dd9aaa7c51d9f93be948,0.645030676729278,0.354969323270722,0.614667330259904,0.693124836711408,1.0,0.601687119867965,848.875,13,1.0,0.306875163288592,0.796390203549512,575,ba2e470144c74fc9020d3c8c4c56328c8d8ac532,2026-07-21 08:07:47,2026-06-06 14:01:41,flyers,phoenix,31,14,Final,2026-05-09 19:30:00
2026-05-09-PHI-CAR,ddamiano,5.25,11.46,mhanna,-12.94,21.96,0,0,0,"ddamiano,cwhite1,crawlins,sheyman,mhanna,jthornton,ndigiorgi",False,2026-05-09-PHI-CAR,23,9,3,8,124,1,1,True,True,409,away,248,1778374306.0,18,False,"dbruer,mtucker,aolcese,bmorrison,ali,smadiraju,cwilliams",249,580,083c0f9e4f00f681d9aa28ea8cc80320551afc1a35612b23286f65e263c671c7,1778374306.0,False,409,124.0,21.0030021663571,-18.19,10.5,60.0047283001362,a254ff74ddce2adcf3aaae7f27982061b4f9d1b864c7a9d86f76d51c98a30b1d,0.971884178887385,0.028115821112615,0.588064836407791,0.588064836407791,0.60821794963965,0.914756323816123,844.0,14,1.0,0.0201531132318596,0.048923022390509,580,3a020a92649d65d3bb91a7ad62338a40bc72dc2f,2026-07-21 08:07:47,2026-06-06 14:01:41,flyers,phoenix,31,14,Final,2026-05-09 19:30:00
2026-05-09-PHI-CAR,mhanna,-12.94,21.96,ndigiorgi,-4.71,34.87,0,0,0,"ddamiano,cwhite1,crawlins,sheyman,mhanna,jthornton,ndigiorgi",False,2026-05-09-PHI-CAR,23,9,3,8,124,1,2,True,True,410,away,249,1778374314.0,18,False,"dbruer,mtucker,aolcese,bmorrison,ali,smadiraju,cwilliams",250,581,e1648b8e4d9d27a8ec986e434b16447277886cd7eb0907ba815e505ea928afce,1778374314.0,False,410,118.75,15.3101600252904,8.23,12.91,-32.5171161599946,f167123dbd93147c0a20696e34d941b95d39e1721bcf50380785abd3690de5f0,0.974409130773555,0.0255908692264454,0.588064836407791,0.603963312764694,0.647706914139051,0.86380592548745,838.75,14,1.0,0.0437436013743565,0.106190500934414,581,de14bbace61bab0b0f67041e692ebe8b8ff474fa,2026-07-21 08:07:47,2026-06-06 14:01:41,flyers,phoenix,31,14,Final,2026-05-09 19:30:00
2026-05-09-PHI-CAR,ndigiorgi,-4.71,34.87,cwhite1,-9.44,44.48,0,0,0,"ddamiano,cwhite1,crawlins,sheyman,mhanna,jthornton,ndigiorgi",False,2026-05-09-PHI-CAR,23,9,3,8,124,1,3,True,True,411,away,250,1778374317.0,18,False,"dbruer,mtucker,aolcese,bmorrison,ali,smadiraju,cwilliams",251,582,42c8f6ccb1d691d126f35a2ef343838d50b89b8291d73e4b72445285cee309d4,1778374317.0,False,411,113.5,10.7109756791807,-4.73,9.61,26.2062096507292,7ff31e165c814854de8b43c3006cd2ab9ded7e6ee258f8c7a04f10afeddcdd38,0.982634676433334,0.0173653235666663,0.588064836407791,0.643104252330763,0.676160197420787,0.815668742718809,833.5,14,1.0,0.0330559450900246,0.0802455046608937,582,b4142d74384cbbe3728621cabdcbaf808faa225b,2026-07-21 08:07:47,2026-06-16 08:07:02,flyers,phoenix,31,14,Final,2026-05-09 19:30:00
2026-05-09-PHI-CAR,cwhite1,-9.44,44.48,crawlins,8.2,102.7,0,0,0,"ddamiano,cwhite1,crawlins,sheyman,mhanna,jthornton,ndigiorgi",False,2026-05-09-PHI-CAR,23,10,3,8,124,1,4,True,True,412,away,251,1778374325.0,19,False,"dbruer,mtucker,aolcese,bmorrison,ali,smadiraju,cwilliams",252,584,bf3fae871a2a513f82e33cfcb7f3a6b716901facd779356217d01fe9587dd48f,1778374325.0,False,412,108.25,60.8336913231476,17.64,58.22,-16.8562136365164,97efd4bc909fe5c0d969694292da2f50c705286c8a088f1e4c9667b58ea1c399,0.608325596039156,0.391674403960844,0.588064836407791,0.671197617236043,1.0,0.592976333690874,828.25,14,1.0,0.328802382763957,0.798189646877176,584,b9ddc33585abbe3ce3a6ef9bda137b07b845b6d5,2026-07-21 08:07:47,2026-06-16 08:07:02,flyers,phoenix,31,14,Final,2026-05-09 19:30:00
2026-05-09-PHI-CAR,alaviolet,-17.12,16.77,jlouie,-5.32,19.99,0,0,0,"dhawkins,gsanner,tmitchell,alaviolet,jfairfax,jlouie,wmatthews",True,2026-05-09-PHI-CAR,23,10,3,9,103,1,1,True,True,413,home,333,1778374383.0,18,False,"jbray,sdavies1,wzamsky,swhitcomb,tmackey,dperry,eholmgren",334,588,ae87092708382c17132ddac3019d0d614651e9233c79d1e563f086a4a2c54a0c,1778374383.0,False,413,103.0,12.231451263035,11.8,3.22,-74.7366644922498,3819d4ead5129c8161bff30f530faf25998a10b652965e0b0eec0e8b17e46735,0.985264525504334,0.0147354744956657,0.560979623995033,0.564178326643149,0.587721762546523,0.917174825902532,823.0,13,1.0,0.0235434359033735,0.0536272054559653,588,517089e61166c0da4645f2ab5b135633cfb8c642,2026-07-21 08:07:47,2026-06-06 14:01:41,flyers,phoenix,31,14,Final,2026-05-09 19:30:00
2026-05-09-PHI-CAR,jlouie,-5.32,19.99,dhawkins,5.18,17.11,0,0,0,"dhawkins,gsanner,tmitchell,alaviolet,jfairfax,jlouie,wmatthews",True,2026-05-09-PHI-CAR,23,10,3,9,103,1,2,True,True,414,home,334,1778374385.0,18,False,"jbray,sdavies1,wzamsky,swhitcomb,tmackey,dperry,eholmgren",335,589,5174ad274de321a85ac86aa633663ce7387d9e6b3f2eda4a7a0b7804a78ee2e6,1778374385.0,False,414,98.625,10.8878096970878,10.5,-2.88,-105.338196140505,afdd323d8814c3bd386e6d2d9ee27825489cdacf335b2ba8153f53552430b95e,0.99067644615517,0.00932355384483008,0.560979623995033,0.582102682597074,0.574835334396307,0.915401292459655,818.625,13,1.0,-0.0072673482007668,-0.0165535555932479,589,c4cce90bc015242cf6483a926f2c5c6ffee66b6e,2026-07-21 08:07:47,2026-06-06 14:01:41,flyers,phoenix,31,14,Final,2026-05-09 19:30:00
2026-05-09-PHI-CAR,dhawkins,5.18,17.11,wmatthews,18.68,25.9,0,0,0,"dhawkins,gsanner,tmitchell,alaviolet,jfairfax,jlouie,wmatthews",True,2026-05-09-PHI-CAR,23,10,3,9,103,1,3,True,True,415,home,335,1778374388.0,18,False,"jbray,sdavies1,wzamsky,swhitcomb,tmackey,dperry,eholmgren",336,590,febed21217c9da17b7e15b96aef8816df3235b0764e40859b26f5f6f44eadc18,1778374388.0,False,415,94.25,16.1094413310953,13.5,8.79,-56.9314015769439,0215bc0decb03fad020460e8cd0745feb33e33a3913afed5ae757ed050d15b45,0.984699558642202,0.0153004413577983,0.560979623995033,0.568666975605437,0.567701474248014,0.881082881300704,814.25,13,1.0,-0.000965501357422571,-0.00219921764499525,590,9853350d0023a8e2d60fab97fa4d99953b374229,2026-07-21 08:07:47,2026-06-06 14:01:41,flyers,phoenix,31,14,Final,2026-05-09 19:30:00
2026-05-09-PHI-CAR,wmatthews,18.68,25.9,tmitchell,19.5,41.31,0,0,0,"dhawkins,gsanner,tmitchell,alaviolet,jfairfax,jlouie,wmatthews",True,2026-05-09-PHI-CAR,23,10,3,9,103,1,4,True,True,416,home,336,1778374391.0,18,False,"jbray,sdavies1,wzamsky,swhitcomb,tmackey,dperry,eholmgren",337,591,4fde40249c3a4b7e785626ba09947aed3ed9be522ccdd8f653c8f44669cde7d1,1778374391.0,False,416,89.875,15.4318015798545,0.82,15.41,-3.04596171973724,63e7275d537db9e658c993d52c2d5b6e6fa42b901c00e4272bb62b7201096ca2,0.975885629217112,0.0241143707828881,0.560979623995033,0.560979623995033,0.610048040557742,0.797554310748212,809.875,13,1.0,0.0490684165627088,0.111767970792667,591,afe845a9a085a065e1ba95acfe4d907739941037,2026-07-21 08:07:47,2026-06-06 14:01:41,flyers,phoenix,31,14,Final,2026-05-09 19:30:00
2026-05-09-PHI-CAR,tmitchell,19.5,41.31,gsanner,19.09,56.31,0,0,0,"dhawkins,gsanner,tmitchell,alaviolet,jfairfax,jlouie,wmatthews",True,2026-05-09-PHI-CAR,23,10,3,9,103,1,5,True,True,417,home,337,1778374395.0,18,False,"jbray,sdavies1,wzamsky,swhitcomb,tmackey,dperry,eholmgren",338,592,1d5c85aee4422a58d524e04b8c47601a4322aa380ecc2e114baf3db97e9faa78,1778374395.0,False,417,85.5,15.005602287146,-0.41,15.0,1.56569480168237,0e51303976fbd47726c0cac42e7518dae26a884ae50bd0db2a2a62fe4ed17f4b,0.972391436478571,0.0276085635214293,0.560979623995033,0.60298687465941,0.671848340047567,0.71241674781458,805.5,13,1.0,0.0688614653881565,0.156852549794585,592,863c0fa66d879293df6a642e54c6e862bbcf054d,2026-07-21 08:07:47,2026-06-06 14:01:41,flyers,phoenix,31,14,Final,2026-05-09 19:30:00
2026-05-09-PHI-CAR,gsanner,19.09,56.31,dhawkins,8.72,53.45,0,0,0,"dhawkins,gsanner,tmitchell,alaviolet,jfairfax,jlouie,wmatthews",True,2026-05-09-PHI-CAR,23,10,3,9,103,1,6,True,True,418,home,338,1778374400.0,18,False,"jbray,sdavies1,wzamsky,swhitcomb,tmackey,dperry,eholmgren",339,593,e9588de12c25fbecf3abdd0bf4a0805d6a2b09f724ae6f4bd85e2d214ef07601,1778374400.0,False,418,81.125,10.7571604059808,-10.37,-2.86,105.418620279868,eaf463377fba3cab91655a6130e87a94aaa63e0445632717e1a99f67a0f79eb9,0.981574347332047,0.0184256526679533,0.560979623995033,0.664769425633513,0.673907113846505,0.739156965418213,801.125,13,1.0,0.00913768821299232,0.0208138134638401,593,821a293637849aa4c57728308a972e8b7e8ae5f3,2026-07-21 08:07:47,2026-06-06 14:01:41,flyers,phoenix,31,14,Final,2026-05-09 19:30:00
2026-05-09-PHI-CAR,dhawkins,8.72,53.45,alaviolet,21.55,63.95,0,0,0,"dhawkins,gsanner,tmitchell,alaviolet,jfairfax,jlouie,wmatthews",True,2026-05-09-PHI-CAR,23,10,3,9,103,1,7,True,True,419,home,339,1778374403.0,18,False,"jbray,sdavies1,wzamsky,swhitcomb,tmackey,dperry,eholmgren",340,594,64a3495460aa28b0f8e2e59db727c24f002b79d68563f75c7e69e311b2c07c1d,1778374403.0,False,419,76.75,16.5788690808511,12.83,10.5,-50.7032983389761,a170284dc00984334ecebd1320da0ccf01b9dcf4a682c4ec509ef566ab235e9b,0.972329764038759,0.0276702359612413,0.560979623995033,0.666306848529183,0.685236142370216,0.645119978756263,796.75,13,1.0,0.0189292938410336,0.0431171191034182,594,c9324aeb59a947c17a893589ed94e777596585d4,2026-07-21 08:07:47,2026-06-06 14:01:41,flyers,phoenix,31,14,Final,2026-05-09 19:30:00
2026-05-09-PHI-CAR,alaviolet,21.55,63.95,jfairfax,-19.85,106.7,0,0,0,"dhawkins,gsanner,tmitchell,alaviolet,jfairfax,jlouie,wmatthews",True,2026-05-09-PHI-CAR,24,10,3,9,103,1,8,True,True,420,home,340,1778374418.0,19,False,"jbray,sdavies1,wzamsky,swhitcomb,tmackey,dperry,eholmgren",341,595,ac0c50dc3a18a320d65577d6edf6627268e31e5fbd70ae79bf3917fd022734f0,1778374418.0,False,420,72.375,59.5106923165913,-41.4,42.75,44.0808952162858,e1a42c3f4e5d9eeca52766a1437e143c5df99bd227744672d379d94aea1fc2c6,0.699549311018808,0.300450688981192,0.560979623995033,0.67721737867842,1.0,0.505333904071566,792.375,13,1.0,0.32278262132158,0.735233804541974,595,1d5e77665e30248eac3b0e012a7100fd248cf6f6,2026-07-21 08:07:47,2026-06-06 14:01:41,flyers,phoenix,31,14,Final,2026-05-09 19:30:00
2026-05-09-PHI-CAR,tnye,2.23,15.92,ndigiorgi,-12.12,32.81,0,0,0,"tnye,jthornton,ddamiano,sheyman,ndigiorgi,mhanna,dloughnan",False,2026-05-09-PHI-CAR,24,10,3,10,68,1,1,True,True,421,away,256,1778374481.0,18,False,"dswanson,cwilliams,bmorrison,smadiraju1,jreinhard,kpignone,cbelus",257,600,c67b1ecf8f797dae8f8cfcc2a6e11a5b05303e281de7d7b84ff1de68a5be2319,1778374481.0,False,421,68.0,22.162910458692,-14.35,16.89,40.3517330471623,f938999fb6258d340e90310205709d52ab5ecf5073c40e8857bd2cab05a329f6,0.959873121405395,0.0401268785946047,0.516642838817207,0.516642838817207,0.561228065120884,0.830401645223039,788.0,14,1.0,0.0445852263036766,0.0922407484241567,600,bec9fd19a87556452f0c797890de73c92f21b409,2026-07-21 08:07:47,2026-06-06 14:01:41,flyers,phoenix,31,14,Final,2026-05-09 19:30:00
2026-05-09-PHI-CAR,ndigiorgi,-12.12,32.81,dloughnan,-9.24,39.95,0,0,0,"tnye,jthornton,ddamiano,sheyman,ndigiorgi,mhanna,dloughnan",False,2026-05-09-PHI-CAR,24,10,3,10,68,1,2,True,True,422,away,257,1778374485.0,18,False,"dswanson,cwilliams,bmorrison,smadiraju1,jreinhard,kpignone,cbelus",258,601,9a67dbe26a89b4abe65976d652c2a1d1ab6dabb2f481ea7a0f459481708481f9,1778374485.0,False,422,61.2,7.69896096885807,2.88,7.14,-21.9672434068129,daf9b1c29fc8937f332abbcc0b8d742703f092b6a7c8d57cbb4e77e822229ec1,0.986568335190646,0.0134316648093544,0.516642838817207,0.544669132771019,0.573795382780329,0.781550956034348,781.2,14,1.0,0.0291262500093101,0.0602582362450928,601,49add30f46734b5b79a33d851cad37b73a3d42ab,2026-07-21 08:07:47,2026-06-06 14:01:41,flyers,phoenix,31,14,Final,2026-05-09 19:30:00
2026-05-09-PHI-CAR,dloughnan,-9.24,39.95,,-23.24,105.44,1,0,0,"tnye,jthornton,ddamiano,sheyman,ndigiorgi,mhanna,dloughnan",False,2026-05-09-PHI-CAR,24,10,3,10,68,1,3,True,True,423,away,258,1778374493.0,22,False,"dswanson,cwilliams,bmorrison,smadiraju1,jreinhard,kpignone,cbelus",259,602,d3f3eaa41e4f711b3ae9e627ee4b0ec4371cc6b8f06aacd70ba2cf6dd3b4fe62,1778374493.0,False,423,54.4,66.969695385301,-14.0,65.49,12.0666726703057,8c10bc95300207985100999b069ace5695b02aee8b76480377b1aeb1fca7b5d8,0.563205473950934,-0.563205473950934,0.516642838817207,0.555607725371398,0.886734775855203,0.438699569399158,774.4,14,1.0,-0.438699569399158,-0.438699569399158,602,a73f174c2bcf3f8d5cfcf2165b272c778a57b49c,2026-07-21 08:07:47,2026-06-06 14:01:41,flyers,phoenix,31,14,Final,2026-05-09 19:30:00
2026-05-09-PHI-CAR,kpignone,23.52,22.56,bmorrison,9.47,20.0,0,0,0,"dswanson,cwilliams,bmorrison,smadiraju1,jreinhard,kpignone,cbelus",True,2026-05-09-PHI-CAR,24,10,3,10,68,2,1,False,False,424,home,344,1778374511.0,18,False,"tnye,jthornton,ddamiano,sheyman,ndigiorgi,mhanna,dloughnan",345,604,e5e12add527f810868baf47bcbdfaf84008e9d33ddd61b97912c17361063eaf9,1778374511.0,False,424,47.6,14.2813199670058,-14.05,-2.56,100.326376791362,7cea78e3021a2b82d3059800b77a8a1480941eefd93001c73135b14de29ce22a,0.981789116506441,0.0182108834935588,0.403533562990373,0.423574538172097,0.469161798915803,0.872974443531634,767.6,14,1.0,0.0455872607437067,0.076428878332631,604,ce20d511e4d111644e9f2592e626a368d268a6d1,2026-07-21 08:07:47,2026-06-06 14:01:41,flyers,phoenix,31,14,Final,2026-05-09 19:30:00
2026-05-09-PHI-CAR,bmorrison,9.47,20.0,cwilliams,22.43,28.56,0,0,0,"dswanson,cwilliams,bmorrison,smadiraju1,jreinhard,kpignone,cbelus",True,2026-05-09-PHI-CAR,24,10,3,10,68,2,2,False,False,425,home,345,1778374516.0,18,False,"tnye,jthornton,ddamiano,sheyman,ndigiorgi,mhanna,dloughnan",346,605,fcef2e3468f6d3c493747870587a0b620089634cd47666988682c2c298eb7016,1778374516.0,False,425,40.8,15.5317481308448,12.96,8.56,-56.5554843114193,dd31ca5e4b0ad7c94b16355c45d611be9701e83db1a31d47afa912974cb84793,0.981235607119211,0.0187643928807886,0.403533562990373,0.44703965039555,0.427145277830931,0.782982867460488,760.8,14,1.0,-0.0198943725646191,-0.0333537167059377,605,6a1479845f08ffcc124b4c93e54ea80092b04390,2026-07-21 08:07:47,2026-06-06 14:01:41,flyers,phoenix,31,14,Final,2026-05-09 19:30:00
2026-05-09-PHI-CAR,cwilliams,22.43,28.56,smadiraju1,6.06,42.75,0,0,0,"dswanson,cwilliams,bmorrison,smadiraju1,jreinhard,kpignone,cbelus",True,2026-05-09-PHI-CAR,24,10,3,10,68,2,3,False,False,426,home,346,1778374520.0,18,False,"tnye,jthornton,ddamiano,sheyman,ndigiorgi,mhanna,dloughnan",347,606,5a4b9c7066be773490047237c84dc15a7131a86b3905dde6d408bb397fd3c437,1778374520.0,False,426,34.0,21.664094719143,-16.37,14.19,49.0802871879235,f6c76886c98d62684199d75bb34a34c7800c02c607a3ae687270dfe6adbb9fb4,0.945102333309003,0.0548976666909973,0.403533562990373,0.403533562990373,0.5018125110155,0.699602798780097,754.0,14,1.0,0.098278948025127,0.164768613834915,606,74ef68d965ec3d54e126202d4dca49af519b822f,2026-07-21 08:07:47,2026-06-06 14:01:41,flyers,phoenix,31,14,Final,2026-05-09 19:30:00
2026-05-09-PHI-CAR,smadiraju1,6.06,42.75,bmorrison,-3.96,38.45,0,0,0,"dswanson,cwilliams,bmorrison,smadiraju1,jreinhard,kpignone,cbelus",True,2026-05-09-PHI-CAR,24,10,3,10,68,2,4,False,False,427,home,347,1778374524.0,18,False,"tnye,jthornton,ddamiano,sheyman,ndigiorgi,mhanna,dloughnan",348,607,99944716ac26f9c1f57e867e876404dc354a7bedf6422a293b4d85d5df861b12,1778374524.0,False,427,27.2,10.9036874496658,-10.02,-4.3,113.226189634593,609ffe2a7c22eb71f6456c18cfaf0cd2834bb194e49b97ab18209b9391030ca3,0.988061256954976,0.0119387430450238,0.403533562990373,0.475393690762774,0.458331515629238,0.708381164309849,747.2,14,1.0,-0.0170621751335361,-0.028605423666547,607,48bf1bb2843b063168c531acda818cf80ccea7aa,2026-07-21 08:07:47,2026-06-06 14:01:41,flyers,phoenix,31,14,Final,2026-05-09 19:30:00
2026-05-09-PHI-CAR,bmorrison,-3.96,38.45,smadiraju1,3.75,40.02,0,0,0,"dswanson,cwilliams,bmorrison,smadiraju1,jreinhard,kpignone,cbelus",True,2026-05-09-PHI-CAR,24,10,3,10,68,2,5,False,False,428,home,348,1778374527.0,18,False,"tnye,jthornton,ddamiano,sheyman,ndigiorgi,mhanna,dloughnan",349,608,59b8a235e5b9d4bdf350b186dbc59c1536393c6d80d9512760d524555f462add,1778374527.0,False,428,20.4,7.868227246337,7.71,1.57,-78.4901329154707,43a32199488be6a2ea6f90c9a83dc7c7862c5d429181988c088e902c195bf29f,0.989480533574376,0.0105194664256244,0.403533562990373,0.430039633065795,0.436240771602212,0.672235430246006,740.4,14,1.0,0.00620113853641724,0.0103964584621165,608,769d4d024b2c3091470a99e66c754290bdc7193c,2026-07-21 08:07:47,2026-06-06 14:01:41,flyers,phoenix,31,14,Final,2026-05-09 19:30:00
2026-05-09-PHI-CAR,smadiraju1,3.75,40.02,cbelus,14.45,49.43,0,0,0,"dswanson,cwilliams,bmorrison,smadiraju1,jreinhard,kpignone,cbelus",True,2026-05-09-PHI-CAR,24,10,3,10,68,2,6,False,False,429,home,349,1778374530.0,18,False,"tnye,jthornton,ddamiano,sheyman,ndigiorgi,mhanna,dloughnan",350,609,0976ffcd70ea8d73a334ec362195ebe64e6431a4e9f9c10e6aec220327e98d11,1778374530.0,False,429,13.6,14.2491438339291,10.7,9.41,-48.6703344861158,ed2d7c4a29865b09b22e1428ac35e1821a961f0bdbc6c4439735217ac34a1202,0.97791950617573,0.0220804938242701,0.403533562990373,0.406052669343478,0.43687922097874,0.565110296220294,733.6,14,1.0,0.0308265516352623,0.0516819551319779,609,6d7423a544759b6327fcd2cb6b5617c4a0bcb4c3,2026-07-21 08:07:47,2026-06-06 14:01:41,flyers,phoenix,31,14,Final,2026-05-09 19:30:00
2026-05-09-PHI-CAR,cbelus,14.45,49.43,dswanson,-12.49,104.52,0,0,0,"dswanson,cwilliams,bmorrison,smadiraju1,jreinhard,kpignone,cbelus",True,2026-05-09-PHI-CAR,25,10,3,10,68,2,7,False,False,430,home,350,1778374544.0,19,False,"tnye,jthornton,ddamiano,sheyman,ndigiorgi,mhanna,dloughnan",351,610,2cc0d2737a05dcc6a1b5833f7c171c3eb4c8d31b54de83df21623634f828f756,1778374544.0,False,430,6.8,61.3243157320161,-26.94,55.09,26.0594641454399,2804a9eb570ff01c7364905f513439d9aa7ae4c089279211e2fd53f7832d459a,0.606556768433525,0.393443231566475,0.403533562990373,0.404359590624202,1.0,0.309428245078138,726.8,14,1.0,0.595640409375798,0.998615131409622,610,4b172c10cbc92e4e5b57c9004dd5f93a85451d7a,2026-07-21 08:07:47,2026-06-06 14:01:41,flyers,phoenix,31,14,Final,2026-05-09 19:30:00
2026-05-09-PHI-CAR,crawlins,0.78,4.25,jthornton,1.2,23.89,0,0,0,"sheyman,crawlins,tnye,cwhite1,jthornton,dloughnan,ndigiorgi",False,2026-05-09-PHI-CAR,25,10,4,1,720,1,1,True,True,431,away,262,1778374743.0,18,False,"aolcese,mtucker,dbruer,kpignone,ali,cbelus,smadiraju",263,617,df129e131cef68462fea430f6a20c431ff4a07e25e862285b75c2153c3e81a07,1778374743.0,False,431,720.0,19.6444903217162,0.42,19.64,-1.22507943429633,49a1f3f4b42fe1d3c74e1e51cec110dee2619e54f5c775ca8e2ba13d90ebe1df,0.970945498360497,0.0290545016395034,0.663400876293118,0.663400876293118,0.70447074798012,0.936863514420556,720.0,15,1.0,0.0410698716870017,0.122014196694007,617,7fc072a5f76aecc7b524041f1c89fb7b45171e64,2026-07-21 08:07:47,2026-06-06 14:01:41,flyers,phoenix,31,14,Final,2026-05-09 19:30:00
2026-05-09-PHI-CAR,jthornton,1.2,23.89,cwhite1,11.56,24.64,0,0,0,"sheyman,crawlins,tnye,cwhite1,jthornton,dloughnan,ndigiorgi",False,2026-05-09-PHI-CAR,25,10,4,1,720,1,2,True,True,432,away,263,1778374746.0,18,False,"aolcese,mtucker,dbruer,kpignone,ali,cbelus,smadiraju",264,618,6160896d85a712e81669a35840e9f11bd7889c3dfcb30ec017d451bcf2265875,1778374746.0,False,432,714.235294117647,10.3871122069611,10.36,0.75,-85.8593629397165,907f98fb3db86637dc849716bacb73a3a95e1e787e884adcabe14e05cc38a7f4,0.989336053367327,0.0106639466326731,0.663400876293118,0.696822413163426,0.694579361826638,0.931577242245933,714.235294117647,15,1.0,-0.00224305133678826,-0.00666386564553733,618,5b0fa2e1c18f5623d2ad99f7f1ac20348e05feb4,2026-07-21 08:07:47,2026-06-06 14:01:41,flyers,phoenix,31,14,Final,2026-05-09 19:30:00
2026-05-09-PHI-CAR,cwhite1,11.56,24.64,sheyman,6.89,16.61,0,0,0,"sheyman,crawlins,tnye,cwhite1,jthornton,dloughnan,ndigiorgi",False,2026-05-09-PHI-CAR,25,10,4,1,720,1,3,True,True,433,away,264,1778374758.0,18,False,"aolcese,mtucker,dbruer,kpignone,ali,cbelus,smadiraju",265,619,aa4d6d24c2757fd3d3f8131f5d75bee3073ac24145c31854fe2b4b77b817e559,1778374758.0,False,433,708.470588235294,9.28923032333681,-4.67,-8.03,149.819039604259,09ac685d769bc5abff6e26e4c06e6a090e985d34d85e8a9890ebfbfae8140596,0.991970709527179,0.00802929047282108,0.663400876293118,0.687418894700278,0.671730196374998,0.942740611702436,708.470588235294,15,1.0,-0.0156886983252795,-0.0466094449459756,619,3ff9b4b47c0301d1bf3b6dc73277697576d6c6ad,2026-07-21 08:07:47,2026-06-06 14:01:41,flyers,phoenix,31,14,Final,2026-05-09 19:30:00
2026-05-09-PHI-CAR,sheyman,6.89,16.61,ndigiorgi,-6.42,24.23,0,0,0,"sheyman,crawlins,tnye,cwhite1,jthornton,dloughnan,ndigiorgi",False,2026-05-09-PHI-CAR,25,10,4,1,720,1,4,True,True,434,away,265,1778374762.0,18,False,"aolcese,mtucker,dbruer,kpignone,ali,cbelus,smadiraju",266,620,5d305578b2993894e24731ee78bcab19dd4db2331f30853334b678a99573f177,1778374762.0,False,434,702.705882352941,15.3368999475122,-13.31,7.62,60.2087816492595,2dfef9df2fbf5eb235f3084ff4e321df24027cd3d7182735ee7e83cdfe326c50,0.98153033562619,0.0184696643738103,0.663400876293118,0.664921780383423,0.683200950143859,0.929438571480713,702.705882352941,15,1.0,0.0182791697604361,0.0543054585500169,620,20d7dab30fd280f3f57ae6bc88c9009eb04dfc21,2026-07-21 08:07:47,2026-06-06 14:01:41,flyers,phoenix,31,14,Final,2026-05-09 19:30:00
2026-05-09-PHI-CAR,ndigiorgi,-6.42,24.23,jthornton,-18.09,34.05,0,0,0,"sheyman,crawlins,tnye,cwhite1,jthornton,dloughnan,ndigiorgi",False,2026-05-09-PHI-CAR,25,10,4,1,720,1,5,True,True,435,away,266,1778374766.0,18,False,"aolcese,mtucker,dbruer,kpignone,ali,cbelus,smadiraju",267,621,94378ade8f390f7daf21c709b0bd600512e7c8f46bb874230e3c4066c0071f22,1778374766.0,False,435,696.941176470588,15.2519277470096,-11.67,9.82,49.9202655005522,b2ffec1035dcc8ffc569a24d4ccf109ccbf6aa759875f9c2eb7f757c8328a3c6,0.982885663612214,0.0171143363877861,0.663400876293118,0.677109000534248,0.688009971055476,0.886858544533555,696.941176470588,15,1.0,0.010900970521228,0.0323856176486091,621,6172e0fbd1c0c06c5e287e8920c5fead87a97df9,2026-07-21 08:07:47,2026-06-06 14:01:41,flyers,phoenix,31,14,Final,2026-05-09 19:30:00
2026-05-09-PHI-CAR,jthornton,-18.09,34.05,,-8.21,85.6,1,0,0,"sheyman,crawlins,tnye,cwhite1,jthornton,dloughnan,ndigiorgi",False,2026-05-09-PHI-CAR,25,10,4,1,720,1,6,True,True,436,away,267,1778374772.0,22,False,"aolcese,mtucker,dbruer,kpignone,ali,cbelus,smadiraju",268,623,56027f3c8a0410ab4b3b8d641b78e46dff2406a88a242522c3b4f8adce586a8f,1778374772.0,False,436,691.176470588235,52.4882548766865,9.88,51.55,-10.8496579306288,d2e3706c3daa56e8e88c29599e31e979b744b95ad36ee21deaba73726f446e08,0.616512288837493,-0.616512288837493,0.663400876293118,0.682531551957319,0.891574788088114,0.699259294906376,691.176470588235,15,1.0,-0.699259294906376,-0.699259294906376,623,2c414bc5ff57bb3c2b2cf07665e4e5ccad5d1286,2026-07-21 08:07:47,2026-06-06 14:01:41,flyers,phoenix,31,14,Final,2026-05-09 19:30:00
2026-05-09-PHI-CAR,ali,15.07,36.61,smadiraju,2.65,39.68,0,0,0,"aolcese,mtucker,dbruer,kpignone,ali,cbelus,smadiraju",True,2026-05-09-PHI-CAR,25,10,4,1,720,2,1,False,False,437,home,355,1778374777.0,18,False,"sheyman,crawlins,tnye,cwhite1,jthornton,dloughnan,ndigiorgi",356,624,ce13a1c6bf931bff7a2d3acf0fb249c605a6794a8598962a2ff6ee8a9c4dcb44,1778374777.0,False,437,685.411764705882,12.7937992793384,-12.42,3.07,76.1158208031256,b8a11ffbd7d6d29f62119649444807e2b48c6456eb4f320038e9740da6602eef,0.981408896438904,0.0185911035610958,0.692384500887936,0.692384500887936,0.712422861646847,0.869789363735322,685.411764705882,15,1.0,0.0200383607589111,0.0651409334599591,624,d24834a0b8481da72f44121f79d7d221e1cc7f14,2026-07-21 08:07:47,2026-06-06 14:01:41,flyers,phoenix,31,14,Final,2026-05-09 19:30:00
2026-05-09-PHI-CAR,smadiraju,2.65,39.68,aolcese,-5.32,45.68,0,0,0,"aolcese,mtucker,dbruer,kpignone,ali,cbelus,smadiraju",True,2026-05-09-PHI-CAR,25,10,4,1,720,2,2,False,False,438,home,356,1778374778.0,18,False,"sheyman,crawlins,tnye,cwhite1,jthornton,dloughnan,ndigiorgi",357,625,dacc53b159cccaa30783ae0d156b8d09015a50149b8526eccf01bdc23f10e673,1778374778.0,False,438,679.647058823529,9.97601623896032,-7.97,6.0,53.0267219499817,26597ef88c68edc2de71c78ae280bb2d08bb9c2319cf614d51bf98b4ce6217c6,0.985407354838404,0.0145926451615958,0.692384500887936,0.708199310563277,0.728503621320681,0.842933585676681,679.647058823529,15,1.0,0.020304310757404,0.0660054867716765,625,20451aba02450d18f5a76fa06280e638f96fe13d,2026-07-21 08:07:47,2026-06-06 14:01:41,flyers,phoenix,31,14,Final,2026-05-09 19:30:00
2026-05-09-PHI-CAR,aolcese,-5.32,45.68,mtucker,-1.3,48.06,0,0,0,"aolcese,mtucker,dbruer,kpignone,ali,cbelus,smadiraju",True,2026-05-09-PHI-CAR,25,10,4,1,720,2,3,False,False,439,home,357,1778374780.0,18,False,"sheyman,crawlins,tnye,cwhite1,jthornton,dloughnan,ndigiorgi",358,626,6f904b413036e5f9970372577ad403d4f46af0234f3c38eed40572ad16839492,1778374780.0,False,439,673.882352941176,4.67170204529356,4.02,2.38,-59.3727786844618,84f672f88fa18f69ed06c42bce3e8bee2a5d63acacc9c82ab507aaf87071bd22,0.99100291721964,0.00899708278036004,0.692384500887936,0.724878565544672,0.734034853348353,0.830849774307224,673.882352941176,15,1.0,0.00915628780368105,0.0297653656272548,626,fa5fa34fd5fd9263036790a93e029eae732b8a81,2026-07-21 08:07:47,2026-06-06 14:01:41,flyers,phoenix,31,14,Final,2026-05-09 19:30:00
2026-05-09-PHI-CAR,mtucker,-1.3,48.06,cbelus,-8.39,52.15,0,0,0,"aolcese,mtucker,dbruer,kpignone,ali,cbelus,smadiraju",True,2026-05-09-PHI-CAR,25,10,4,1,720,2,4,False,False,440,home,358,1778374782.0,18,False,"sheyman,crawlins,tnye,cwhite1,jthornton,dloughnan,ndigiorgi",359,627,3d706c116c73abfdc734d74f0375a1853407c37665ce2aab9032f2a18525c9b7,1778374782.0,False,440,668.117647058824,8.1851206466368,-7.09,4.09,60.0206926666215,6352c5f496f8f897cd58cec47f1937b86e8c3b8941165f4bdfb6ee92768b2039,0.986607284215658,0.0133927157843415,0.692384500887936,0.730882230230614,0.745337848133032,0.810129805635014,668.117647058824,15,1.0,0.014455617902418,0.0469924888184904,627,447d3a7d07a47cf298b6f091bb192a5407bc9992,2026-07-21 08:07:47,2026-06-06 14:01:41,flyers,phoenix,31,14,Final,2026-05-09 19:30:00
2026-05-09-PHI-CAR,cbelus,-8.39,52.15,dbruer,-16.1,56.86,0,0,0,"aolcese,mtucker,dbruer,kpignone,ali,cbelus,smadiraju",True,2026-05-09-PHI-CAR,25,10,4,1,720,2,5,False,False,441,home,359,1778374783.0,18,False,"sheyman,crawlins,tnye,cwhite1,jthornton,dloughnan,ndigiorgi",360,628,46c8562d2c8258ee869247befd67451c42d26aea2c8c5fa03d130ac9f40fd289,1778374783.0,False,441,662.352941176471,9.03483259391119,-7.71,4.71,58.5794530816891,b0dc3ddf1e0e5145cc1707bdbed843e62a4f4e9043d5a757d20082ced65604b8,0.985976656867468,0.0140233431325324,0.692384500887936,0.742665053556383,0.753144705379854,0.77854113291312,662.352941176471,15,1.0,0.0104796518234709,0.0340673725924751,628,d6ee1949b1a01d081a644361a41453e652eacd36,2026-07-21 08:07:47,2026-06-06 14:01:41,flyers,phoenix,31,14,Final,2026-05-09 19:30:00
2026-05-09-PHI-CAR,dbruer,-16.1,56.86,cbelus,-9.55,53.86,0,0,0,"aolcese,mtucker,dbruer,kpignone,ali,cbelus,smadiraju",True,2026-05-09-PHI-CAR,25,10,4,1,720,2,6,False,False,442,home,360,1778374787.0,18,False,"sheyman,crawlins,tnye,cwhite1,jthornton,dloughnan,ndigiorgi",361,629,06661f772d03430c2e130c54dfcf658b1f43f588e926255c6de45cdb38af411e,1778374787.0,False,442,656.588235294118,7.20433897037057,6.55,-3.0,-114.608502804515,4792a463718fea3bb211a78627b57d436866ffcb7db74dc766e819e7c6e735ec,0.986535542300074,0.0134644576999255,0.692384500887936,0.750890475341943,0.746656409367523,0.798133738156357,656.588235294118,15,1.0,-0.00423406597442022,-0.013764150332613,629,b0a39fac3dc45cbe432cb86311c7410174f36ec2,2026-07-21 08:07:47,2026-06-06 14:01:41,flyers,phoenix,31,14,Final,2026-05-09 19:30:00
2026-05-09-PHI-CAR,cbelus,-9.55,53.86,,-18.76,103.77,1,0,0,"aolcese,mtucker,dbruer,kpignone,ali,cbelus,smadiraju",True,2026-05-09-PHI-CAR,25,10,4,1,720,2,7,False,False,443,home,361,1778374792.0,22,False,"sheyman,crawlins,tnye,cwhite1,jthornton,dloughnan,ndigiorgi",362,630,a413a14c71904897a22a7e9b15bfb4bb694a60a4227dcb7c4d41a6514a50226e,1778374792.0,False,443,650.823529411765,50.7526570733001,-9.21,49.91,10.455297652628,b40fe445bd57744c9affcca7ee8daa38d33f573ed4918335f3960aabe7ea348b,0.730943248763678,-0.730943248763678,0.692384500887936,0.744712216991647,0.93659213255455,0.611164139842675,650.823529411765,15,1.0,-0.611164139842675,-0.611164139842675,630,3d1f5cc39a3de9626db886ba162eb4be53449b7f,2026-07-21 08:07:47,2026-06-06 14:01:41,flyers,phoenix,31,14,Final,2026-05-09 19:30:00
2026-05-09-PHI-CAR,jthornton,25.91,19.97,sheyman,21.31,53.4,0,0,0,"sheyman,crawlins,tnye,cwhite1,jthornton,dloughnan,ndigiorgi",False,2026-05-09-PHI-CAR,25,10,4,1,720,3,1,True,True,444,away,269,1778374814.0,18,False,"aolcese,mtucker,dbruer,kpignone,ali,cbelus,smadiraju",270,632,2be075b0b45e98ff5573f17e37352ade589adda77cc0aa4ce687dfdf18be35de,1778374814.0,False,444,645.058823529412,33.7449981478737,-4.6,33.43,7.83475352305702,52065deec563a50d3d5d6f9c281fda76133a1b3020e223e568e171b1116e3234,0.840955437692586,0.159044562307414,0.560990222307533,0.560990222307533,0.710955192778776,0.773395728240342,645.058823529412,15,1.0,0.149964970471243,0.341598246990061,632,8ae62efeab69ae3de2733bca0fb07020b810d182,2026-07-21 08:07:47,2026-06-06 14:01:41,flyers,phoenix,31,14,Final,2026-05-09 19:30:00
2026-05-09-PHI-CAR,sheyman,21.31,53.4,dloughnan,23.57,75.85,0,0,0,"sheyman,crawlins,tnye,cwhite1,jthornton,dloughnan,ndigiorgi",False,2026-05-09-PHI-CAR,25,10,4,1,720,3,2,True,True,445,away,270,1778374818.0,18,False,"aolcese,mtucker,dbruer,kpignone,ali,cbelus,smadiraju",271,633,9d47a220e5fc7a99816f9c2351b9386341b9f44a9a2f641f3f218bee2ce9a4f0,1778374818.0,False,445,639.294117647059,22.5634682617722,2.26,22.45,-5.74849385047112,ae322cd1440af9f767499d0c8c1d8d97de339398e2828671496ae5e73c84ef86,0.901855497521765,0.0981445024782346,0.560990222307533,0.709533369750196,0.805373228837581,0.656322881749826,639.294117647059,15,1.0,0.0958398590873843,0.218309167488569,633,80d222c42d8dda8ff050c50079403f6bb73105e2,2026-07-21 08:07:47,2026-06-06 14:01:41,flyers,phoenix,31,14,Final,2026-05-09 19:30:00
2026-05-09-PHI-CAR,dloughnan,23.57,75.85,crawlins,25.36,82.99,0,0,0,"sheyman,crawlins,tnye,cwhite1,jthornton,dloughnan,ndigiorgi",False,2026-05-09-PHI-CAR,25,10,4,1,720,3,3,True,True,446,away,271,1778374826.0,18,False,"aolcese,mtucker,dbruer,kpignone,ali,cbelus,smadiraju",272,634,b4c16773caf95e5bc190072a58a2236ab5c504504a43b12888a8fbbb0a2b7f0b,1778374826.0,False,446,633.529411764706,7.36095781811036,1.79,7.14,-14.0740001540678,8f93f8c021540889c7a55ce7dbad8c8c82e2e0087dbe06bd46175539b0649a2f,0.945029923927885,0.0549700760721155,0.560990222307533,0.804525169931521,0.831809228731674,0.608753418965803,633.529411764706,15,1.0,0.0272840588001528,0.0621490914019362,634,d1eb10361b3a2854090e4970039c9111bbffb482,2026-07-21 08:07:47,2026-06-06 14:01:41,flyers,phoenix,31,14,Final,2026-05-09 19:30:00
2026-05-09-PHI-CAR,crawlins,25.36,82.99,dloughnan,22.89,102.7,0,0,0,"sheyman,crawlins,tnye,cwhite1,jthornton,dloughnan,ndigiorgi",False,2026-05-09-PHI-CAR,25,11,4,1,720,3,4,True,True,447,away,272,1778374835.0,19,False,"aolcese,mtucker,dbruer,kpignone,ali,cbelus,smadiraju",273,636,0a073354fc66f19e8224cc8cfba803d2402830c0e70fa9aa9384f89a935e1fde,1778374835.0,False,447,627.764705882353,19.8641637125755,-2.47,19.71,7.14290450926754,4b66e50d57fc749880015ce3f5a592b640b89380ffaee1fba49f706323e6ad74,0.9013618688285,0.0986381311714996,0.560990222307533,0.831248382702141,1.0,0.581648144217268,627.764705882353,15,1.0,0.168751617297859,0.384391477986789,636,648c1c10e5d4a1d80e8a04f71547a3852b858819,2026-07-21 08:07:47,2026-06-06 14:01:41,flyers,phoenix,31,14,Final,2026-05-09 19:30:00
2026-05-09-PHI-CAR,dhawkins,-5.87,13.77,jlouie,2.59,19.99,0,0,0,"dhawkins,gsanner,alaviolet,jfairfax,jlouie,wmatthews,nlyle",True,2026-05-09-PHI-CAR,25,11,4,2,622,1,1,True,True,448,home,364,1778374883.0,18,False,"jbray,tmackey,swhitcomb,czaleski,idietrich,jwisner,eholmgren",365,640,a3cd460b01d414e1786b8b08f54a040a0e5ad112dafae0484f5a0c1dcb04c08f,1778374883.0,False,448,622.0,10.5004761796787,8.46,6.22,-53.6757599475717,22109e9e9b6db1eef0aee00d536ec5330ec8b0e8d0b39e87aea36d4ebdf65b78,0.988927575745823,0.0110724242541772,0.613886198163784,0.613886198163784,0.629247097636608,0.92948006613581,622.0,14,1.0,0.0153608994728234,0.0397833472923593,640,9bca65941f038a96ac204abe3097c0b39d73aec6,2026-07-21 08:07:47,2026-06-06 14:01:41,flyers,phoenix,31,14,Final,2026-05-09 19:30:00
2026-05-09-PHI-CAR,jlouie,2.59,19.99,gsanner,18.95,27.47,0,0,0,"dhawkins,gsanner,alaviolet,jfairfax,jlouie,wmatthews,nlyle",True,2026-05-09-PHI-CAR,25,11,4,2,622,1,2,True,True,449,home,365,1778374887.0,18,False,"jbray,tmackey,swhitcomb,czaleski,idietrich,jwisner,eholmgren",366,641,c088dc61d05e0bb46a389b2b14b1f08459a9a1cc4e2289230d7edc2d60bf7a54,1778374887.0,False,449,616.2,17.9888854574151,16.36,7.48,-65.4295181241638,90e77d98408e3bdb45d8d27b467d8f3e6e70bcf38512f868c1443c22aafc8ce2,0.982788561836329,0.0172114381636712,0.613886198163784,0.628887273936401,0.623814778651399,0.895687776553845,616.2,14,1.0,-0.00507249528500187,-0.0131373063093806,641,6315b734aff4dba644a0b016a0c525534816df63,2026-07-21 08:07:47,2026-06-06 14:01:41,flyers,phoenix,31,14,Final,2026-05-09 19:30:00
2026-05-09-PHI-CAR,gsanner,18.95,27.47,jfairfax,11.32,37.5,0,0,0,"dhawkins,gsanner,alaviolet,jfairfax,jlouie,wmatthews,nlyle",True,2026-05-09-PHI-CAR,25,11,4,2,622,1,3,True,True,450,home,366,1778374890.0,18,False,"jbray,tmackey,swhitcomb,czaleski,idietrich,jwisner,eholmgren",367,642,5d9eac2622c58467b21dfd9edafc4c166dd1e2a596d9351154000bb287565c06,1778374890.0,False,450,610.4,12.6022934420684,-7.63,10.03,37.2608959435707,9c871ad9fc165004ab572d225642bdcec2b64bfc94d8769482e950af0f013dbb,0.977294483522471,0.0227055164775289,0.613886198163784,0.623706809140147,0.675819577463352,0.862945911368158,610.4,14,1.0,0.0521127683232057,0.134967380278499,642,823b2bfd9db30bae692c7b7141ffc08416c60dc2,2026-07-21 08:07:47,2026-06-06 14:01:41,flyers,phoenix,31,14,Final,2026-05-09 19:30:00
2026-05-09-PHI-CAR,jfairfax,11.32,37.5,wmatthews,22.16,52.77,0,0,0,"dhawkins,gsanner,alaviolet,jfairfax,jlouie,wmatthews,nlyle",True,2026-05-09-PHI-CAR,25,11,4,2,622,1,4,True,True,451,home,367,1778374894.0,18,False,"jbray,tmackey,swhitcomb,czaleski,idietrich,jwisner,eholmgren",368,643,1b7134ac6b80e358cdf8556fc5a533d0e647ed08b82045479bd1c2fa20960ed2,1778374894.0,False,451,604.6,18.7264118292854,10.84,15.27,-35.370510742746,7c64e01ef668e260ca2d7bc856b8fc6f8eda95cf94852bd67085d3cb3a0021b0,0.964236686558799,0.0357633134412009,0.613886198163784,0.67593139455607,0.699316413590647,0.76818337546596,604.6,14,1.0,0.0233850190345769,0.0605650948589932,643,c974cf88cdccfea09ef202c1a0df2ddd46c7acfe,2026-07-21 08:07:47,2026-06-06 14:01:41,flyers,phoenix,31,14,Final,2026-05-09 19:30:00
2026-05-09-PHI-CAR,wmatthews,22.16,52.77,nlyle,-9.48,102.88,0,0,0,"dhawkins,gsanner,alaviolet,jfairfax,jlouie,wmatthews,nlyle",True,2026-05-09-PHI-CAR,26,11,4,2,622,1,5,True,True,452,home,368,1778374906.0,19,False,"jbray,tmackey,swhitcomb,czaleski,idietrich,jwisner,eholmgren",369,645,db14da3be95f7e8bd5bbfeb9bd5804841f3243a600d10cc3a8a9e2960f336ed2,1778374906.0,False,452,598.8,59.2629876060936,-31.64,50.11,32.2687607500898,253480d323db88913597b50e62d915191971fd7b7261ae959a2f2eaafe4c5fec,0.591083114160602,0.408916885839398,0.613886198163784,0.699604285854041,1.0,0.626976806713844,598.8,14,1.0,0.300395714145959,0.777997866736146,645,cf924fef2f0b4337e94f43dfcdb0dc7f031fdc30,2026-07-21 08:07:47,2026-06-06 14:01:41,flyers,phoenix,31,14,Final,2026-05-09 19:30:00
2026-05-09-PHI-CAR,ddamiano,0.0,40.0,crawlins,-17.82,45.03,0,0,0,"sheyman,jthornton,ddamiano,crawlins,mhanna,cwhite1,ndigiorgi",False,2026-05-09-PHI-CAR,26,11,4,3,593,1,1,True,True,453,away,277,1778374991.0,18,False,"jreinhard,kpignone,cwilliams,dswanson,cbelus,smadiraju1,bmorrison",278,649,644fccfdf8f320fa06d9b9e2447b96f717d31f2c0f6bc22891b86a5af35ff6fd,1778374991.0,False,453,593.0,18.5162982261574,-17.82,5.03,74.2373719152911,f456fd581cd104303690db9bca680f295b809c0204b0efd87da96765f71ad50b,0.977811001206819,0.0221889987931814,0.689124344977259,0.689124344977259,0.691223583997311,0.820363626607332,593.0,15,1.0,0.00209923902005194,0.0067526645658322,649,c353fc827d1daec12c315b02325704604a9d2abd,2026-07-21 08:07:47,2026-06-06 14:01:41,flyers,phoenix,31,14,Final,2026-05-09 19:30:00
2026-05-09-PHI-CAR,crawlins,-17.82,45.03,sheyman,-13.15,56.36,0,0,0,"sheyman,jthornton,ddamiano,crawlins,mhanna,cwhite1,ndigiorgi",False,2026-05-09-PHI-CAR,26,11,4,3,593,1,2,True,True,454,away,278,,18,False,"jreinhard,kpignone,cwilliams,dswanson,cbelus,smadiraju1,bmorrison",279,650,db9379e8f9c12e19945160d0915b5f7b46e7108a4d2fd960213cd10715352f52,1778375020.5,True,454,585.5,12.2547052188129,4.67,11.33,-22.400479757545,550611bbb36b2416b5b3c96f7caa498c572ef838aee22485e21c8dfe64d72352,0.972709006848127,0.0272909931518729,0.689124344977259,0.692005094567194,0.747755990708646,0.778508636806332,585.5,15,1.0,0.0557508961414521,0.1793350339298,650,c66c2df8591518fc09c7d9e31aba8088041a4980,2026-07-21 08:07:47,2026-06-06 14:01:41,flyers,phoenix,31,14,Final,2026-05-09 19:30:00
2026-05-09-PHI-CAR,sheyman,-12.81,57.18,mhanna,9.64,44.21,0,0,0,"sheyman,crawlins,ndigiorgi,ddamiano,mhanna,jthornton,cwhite1",False,2026-05-09-PHI-CAR,26,11,4,3,578,1,3,True,True,455,away,280,1778375071.0,18,False,"smadiraju1,kpignone,cwilliams,jreinhard,dswanson,bmorrison,cbelus",281,653,4f15900d448169f3223b0b9436c6163c0c0be8366eacaa069411172b8ce2cd90,1778375071.0,False,455,578.0,25.9272713566237,22.45,-12.97,-120.016241377326,6546c7d7d08e0643141c2f6ecf295e677029562b167676432f2906602701bebb,0.961405976885889,0.0385940231141108,0.689124344977259,0.752480516548276,0.703576056883297,0.83635540927271,578.0,15,1.0,-0.0489044596649791,-0.157311963400292,653,dbb524bde964c8770d3712a9822b11eec2be19b5,2026-07-21 08:07:47,2026-06-06 14:01:41,flyers,phoenix,31,14,Final,2026-05-09 19:30:00
2026-05-09-PHI-CAR,mhanna,9.64,44.21,cwhite1,5.59,48.67,0,0,0,"sheyman,crawlins,ndigiorgi,ddamiano,mhanna,jthornton,cwhite1",False,2026-05-09-PHI-CAR,26,11,4,3,578,1,4,True,True,456,away,281,1778375075.0,18,False,"smadiraju1,kpignone,cwilliams,jreinhard,dswanson,bmorrison,cbelus",282,654,6fb83bf950e2be0c61ab2c258ba9467cc08958b69161094333968fcc1f377bec,1778375075.0,False,456,574.444444444444,6.02445848188864,-4.05,4.46,42.2417016380944,7331b639670461bd9c3c3770b0f26265c8e2e018558555ea6978e4395c1ad9ce,0.988705149535887,0.0112948504641126,0.689124344977259,0.704064858722002,0.722505799167075,0.818089638937434,574.444444444444,15,1.0,0.0184409404450729,0.0593193456841256,654,0a8de7ff709f65c2f029991a9ed8fe72dabb020f,2026-07-21 08:07:47,2026-06-06 14:01:41,flyers,phoenix,31,14,Final,2026-05-09 19:30:00
2026-05-09-PHI-CAR,cwhite1,5.59,48.67,sheyman,-8.07,51.76,0,0,0,"sheyman,crawlins,ndigiorgi,ddamiano,mhanna,jthornton,cwhite1",False,2026-05-09-PHI-CAR,26,11,4,3,578,1,5,True,True,457,away,282,1778375079.0,18,False,"smadiraju1,kpignone,cwilliams,jreinhard,dswanson,bmorrison,cbelus",283,655,9282eabd765272f0ae64e3d1c57dfabad831f27df65175f80f243ecd03d8b9b5,1778375079.0,False,457,570.888888888889,14.0051312025272,-13.66,3.09,77.2537604662693,9a07639a9952f3add7bec380e73c832937eb4e541fedb5559f4713f86021c463,0.978661558959476,0.0213384410405241,0.689124344977259,0.722996698262742,0.734487163204126,0.80431097314186,570.888888888889,15,1.0,0.0114904649413836,0.0369616107139142,655,79fbaa408baf9ae0245572430fef7b2bab57dceb,2026-07-21 08:07:47,2026-06-06 14:01:41,flyers,phoenix,31,14,Final,2026-05-09 19:30:00
2026-05-09-PHI-CAR,sheyman,-8.07,51.76,ddamiano,-24.41,63.15,0,0,0,"sheyman,crawlins,ndigiorgi,ddamiano,mhanna,jthornton,cwhite1",False,2026-05-09-PHI-CAR,26,11,4,3,578,1,6,True,True,458,away,283,1778375085.0,18,False,"smadiraju1,kpignone,cwilliams,jreinhard,dswanson,bmorrison,cbelus",284,656,1ec2330fb8cc78d9f35576f36a8c613b70a50781918d28c8538cb292e954df72,1778375085.0,False,458,567.333333333333,19.9180245004368,-16.34,11.39,55.1210959879882,10de86af7e5035e0b27f2079ee6397728548fda3363fcdcd4f7336c21536e247,0.93474392472404,0.06525607527596,0.689124344977259,0.734980084209418,0.735187602855639,0.70769941060171,567.333333333333,15,1.0,0.000207518646220928,0.000667529421709615,656,fdc44f900bad3ebeac3b0fd32a4df3343389b5b1,2026-07-21 08:07:47,2026-06-06 14:01:41,flyers,phoenix,31,14,Final,2026-05-09 19:30:00
2026-05-09-PHI-CAR,ddamiano,-24.41,63.15,jthornton,-26.33,80.93,0,0,0,"sheyman,crawlins,ndigiorgi,ddamiano,mhanna,jthornton,cwhite1",False,2026-05-09-PHI-CAR,26,11,4,3,578,1,7,True,True,459,away,284,1778375091.0,18,False,"smadiraju1,kpignone,cwilliams,jreinhard,dswanson,bmorrison,cbelus",285,657,82da32307d1d85418d87fdd4b83cf711ece51650d5c12c96504bae1f4b06728d,1778375091.0,False,459,563.777777777778,17.8833665734391,-1.92,17.78,6.16328796226678,7192b0319672d37dd9f5ad305cb3c5df53da2720aa7ae4c96df77cb06db93671,0.778107985449031,0.221892014550969,0.689124344977259,0.735690112545484,0.810983365414074,0.617868444033806,563.777777777778,15,1.0,0.07529325286859,0.242197327619888,657,dfe449762c3df117914de1bc893db6faaa689d42,2026-07-21 08:07:47,2026-06-06 14:01:41,flyers,phoenix,31,14,Final,2026-05-09 19:30:00
2026-05-09-PHI-CAR,jthornton,-26.33,90.93,sheyman,-14.52,75.37,0,0,0,"sheyman,crawlins,ndigiorgi,ddamiano,mhanna,jthornton,cwhite1",False,2026-05-09-PHI-CAR,26,11,4,3,578,1,8,True,True,460,away,286,1778375103.0,18,False,"smadiraju1,kpignone,cwilliams,jreinhard,dswanson,bmorrison,cbelus",287,660,1168332d29644a96e25b8eb0908144426e0a0b66993abf525c544038b1fdf27d,1778375103.0,False,460,560.222222222222,19.534321078553,11.81,-15.56,-142.801595290176,316eb3f7fbf003db67a684ad1e9f19229a54b72b8ffdbf02740332d0ef117229,0.943899767150928,0.0561002328490716,0.689124344977259,0.862654126720175,0.832504100454222,0.701049414616002,560.222222222222,15,1.0,-0.0301500262659528,-0.0969841985978197,660,bdfa00067df5b1253be8b8c03acede498b97f9b5,2026-07-21 08:07:47,2026-06-06 14:01:41,flyers,phoenix,31,14,Final,2026-05-09 19:30:00
2026-05-09-PHI-CAR,sheyman,-14.52,75.37,cwhite1,11.63,82.03,0,0,0,"sheyman,crawlins,ndigiorgi,ddamiano,mhanna,jthornton,cwhite1",False,2026-05-09-PHI-CAR,26,11,4,3,578,1,9,True,True,461,away,287,1778375109.0,18,False,"smadiraju1,kpignone,cwilliams,jreinhard,dswanson,bmorrison,cbelus",288,661,2d6835865cd2ec30672d78ec54c15a23f3326b14c075d9bfe0d255e874c949ac,1778375109.0,False,461,556.666666666667,26.9847753372156,26.15,6.66,-75.7114219064314,f21da51951eea24fd3c994063c0576eef544d458068e0c8deac0c300a19d56f9,0.909644180122678,0.0903558198773217,0.689124344977259,0.832868117487606,0.863686224546486,0.683569992965519,556.666666666667,15,1.0,0.0308181070588798,0.0991332275813795,661,1b756f4d552fb5fe08fbd2c592640862bfc91824,2026-07-21 08:07:47,2026-06-06 14:01:41,flyers,phoenix,31,14,Final,2026-05-09 19:30:00
2026-05-09-PHI-CAR,cwhite1,11.63,82.03,sheyman,-18.64,92.19,0,0,0,"sheyman,crawlins,ndigiorgi,ddamiano,mhanna,jthornton,cwhite1",False,2026-05-09-PHI-CAR,26,11,4,3,578,1,10,True,True,462,away,288,1778375113.0,18,False,"smadiraju1,kpignone,cwilliams,jreinhard,dswanson,bmorrison,cbelus",289,662,05fd7d4277a8dee42970fb830bec7124ecd7930b1461e4633ec94309f1ab276b,1778375113.0,False,462,553.111111111111,31.9295865930018,-30.27,10.16,71.4458861146952,e05a74f668664dd5cedadaa62771e9e8559be3519fc09ff23408f4c5856ac0fa,0.899260031918757,0.100739968081243,0.689124344977259,0.863990787628786,0.897627981960978,0.633072315816636,553.111111111111,15,1.0,0.0336371943321915,0.10820144256626,662,f2efae696c305ef799b3730ce2b78cf90829114e,2026-07-21 08:07:47,2026-06-06 14:01:41,flyers,phoenix,31,14,Final,2026-05-09 19:30:00
2026-05-09-PHI-CAR,sheyman,-18.64,92.19,,-14.66,112.58,1,0,0,"sheyman,crawlins,ndigiorgi,ddamiano,mhanna,jthornton,cwhite1",False,2026-05-09-PHI-CAR,26,11,4,3,578,1,11,True,True,463,away,289,1778375117.0,22,False,"smadiraju1,kpignone,cwilliams,jreinhard,dswanson,bmorrison,cbelus",290,664,735429c295e0b69f6d8f66f54176d790b3dc7161e65b651db49d6389fea23835,1778375117.0,False,463,549.555555555556,20.7748044515466,3.98,20.39,-11.0449014939051,aec691defb12a608f59fee4f2c6f563b2ff419769f62d1aa589758191519b0e0,0.902522761310688,-0.902522761310688,0.689124344977259,0.897861170102892,0.95945671032049,0.626157162555748,549.555555555556,15,1.0,-0.626157162555748,-0.626157162555748,664,c8e5033d98e06a6cfd0e43f7ef3578a50023e167,2026-07-21 08:07:47,2026-06-06 14:01:41,flyers,phoenix,31,14,Final,2026-05-09 19:30:00
2026-05-09-PHI-CAR,bmorrison,23.05,20.0,kpignone,13.36,19.5,0,0,0,"smadiraju1,kpignone,cwilliams,jreinhard,dswanson,bmorrison,cbelus",True,2026-05-09-PHI-CAR,26,11,4,3,546,2,1,False,False,464,home,374,1778375131.0,18,False,"sheyman,crawlins,ndigiorgi,ddamiano,mhanna,jthornton,cwhite1",375,665,bd0767ebad195e64f14efa5f93c558c1f6665721f35766f2b66e20794d2237b1,1778375131.0,False,464,546.0,9.70289132166284,-9.69,-0.5,92.9538188986702,725ecf5ba9d5b4126b0c25f09818dc81fe365e9fa08f44aa05183e3c4e8d43a0,0.987714945230327,0.0122850547696727,0.587492291265905,0.587492291265905,0.628354997045784,0.929890170132571,546.0,15,1.0,0.040862705779879,0.0990592537174121,665,ffef462c86e2e1210ff185d899dc71602b396bcc,2026-07-21 08:07:47,2026-06-06 14:01:41,flyers,phoenix,31,14,Final,2026-05-09 19:30:00
2026-05-09-PHI-CAR,kpignone,13.36,19.5,cbelus,4.56,25.09,0,0,0,"smadiraju1,kpignone,cwilliams,jreinhard,dswanson,bmorrison,cbelus",True,2026-05-09-PHI-CAR,26,11,4,3,546,2,2,False,False,465,home,375,1778375134.0,18,False,"sheyman,crawlins,ndigiorgi,ddamiano,mhanna,jthornton,cwhite1",376,666,b46ad712e09f5a9ecf22865c6bc4df2bb10900ef397522047aabe032790db776,1778375134.0,False,465,520.0,10.4253585070251,-8.8,5.59,57.5751737385097,7d77efda40da7aa0222c957358fd717dd7fb57af6a4f0ff9266d2dcdfbf121e9,0.986859449329758,0.0131405506702416,0.587492291265905,0.631687122368446,0.653053734102281,0.916379821176804,520.0,15,1.0,0.0213666117338353,0.0517968786556866,666,7c1ab87f9d1ed0bc3a6232e4d3f3861073719355,2026-07-21 08:07:47,2026-06-06 14:01:41,flyers,phoenix,31,14,Final,2026-05-09 19:30:00
2026-05-09-PHI-CAR,cbelus,4.56,25.09,jreinhard,19.23,37.9,0,0,0,"smadiraju1,kpignone,cwilliams,jreinhard,dswanson,bmorrison,cbelus",True,2026-05-09-PHI-CAR,26,11,4,3,546,2,3,False,False,466,home,376,1778375138.0,18,False,"sheyman,crawlins,ndigiorgi,ddamiano,mhanna,jthornton,cwhite1",377,667,f85893486d65d51fcd188174e5a4c48d759ae8f3a463d68364fe91a8b38e3cb7,1778375138.0,False,466,494.0,19.4757541574133,14.67,12.81,-48.8721925446277,915bb58ebe45996be9857ff3f7184d24b4170377cc14078bb971b6de93bcf265,0.975469710329193,0.0245302896708074,0.587492291265905,0.65486031430096,0.668589577715561,0.857868126641928,494.0,15,1.0,0.0137292634146006,0.0332824408463371,667,410380376ba16fa4bf79dae271a5b73b53caea47,2026-07-21 08:07:47,2026-06-06 14:01:41,flyers,phoenix,31,14,Final,2026-05-09 19:30:00
2026-05-09-PHI-CAR,dhawkins,19.23,37.9,wmatthews,1.63,31.29,0,0,0,"dhawkins,gsanner,tmitchell,alaviolet,jfairfax,jlouie,wmatthews",True,2026-05-09-PHI-CAR,26,11,4,3,468,2,4,False,True,467,home,378,1778375205.0,18,False,"jbray,swhitcomb,idietrich,czaleski,jwisner,eholmgren,tmackey",379,670,29e9f1299ece4345986460518808b246276eb76ebecc8368fbb1abb0d86c732d,1778375205.0,False,467,468.0,18.8003218057564,-17.6,-6.61,110.584580748327,d2793cd392ffe9036973270887a6e6f5e6497de33b5788337bb19bd50f357776,0.976579411508187,0.0234205884918134,0.587492291265905,0.669254716874386,0.673360109310826,0.895585878031299,468.0,15,1.0,0.00410539243643981,0.00995228052595297,670,8bdae52cc6d3df623368a0875e716d289d70d747,2026-07-21 08:07:47,2026-06-06 14:01:41,flyers,phoenix,31,14,Final,2026-05-09 19:30:00
2026-05-09-PHI-CAR,wmatthews,1.63,31.29,jlouie,-0.89,44.93,0,0,0,"dhawkins,gsanner,tmitchell,alaviolet,jfairfax,jlouie,wmatthews",True,2026-05-09-PHI-CAR,26,11,4,3,468,2,5,False,True,468,home,379,1778375209.0,18,False,"jbray,swhitcomb,idietrich,czaleski,jwisner,eholmgren,tmackey",380,671,0b7419526dd8c505f604a5ca1f25821ae5a45064aa66b680df5856381aab2552,1778375209.0,False,468,463.875,13.8708327075198,-2.52,13.64,10.4674082132798,4d5ecf78a70ca20d824a96c080ca38c26ce647a295604464da28621303a7356e,0.977468531885641,0.022531468114359,0.587492291265905,0.673383844811416,0.71826601916721,0.841042750438253,463.875,15,1.0,0.0448821743557941,0.108803237868036,671,f8fbee02f90fd7e9ba978ff2eb3456645bfe44fc,2026-07-21 08:07:47,2026-06-06 14:01:41,flyers,phoenix,31,14,Final,2026-05-09 19:30:00
2026-05-09-PHI-CAR,jlouie,-0.89,44.93,gsanner,-11.74,50.52,0,0,0,"dhawkins,gsanner,tmitchell,alaviolet,jfairfax,jlouie,wmatthews",True,2026-05-09-PHI-CAR,26,11,4,3,468,2,6,False,True,469,home,380,1778375211.0,18,False,"jbray,swhitcomb,idietrich,czaleski,jwisner,eholmgren,tmackey",381,672,ba300b30a9c64d1ad8bb9bec313f1248ec2bce6626d812b5d2c592a53dd9bf5d,1778375211.0,False,469,459.75,12.2053512853994,-10.85,5.59,62.7421424567213,18db2b7358824d8956c2cca2f5ca3b1a7dec9867936da1b1ddd0dd54739d2787,0.981244157596896,0.0187558424031038,0.587492291265905,0.71827044582862,0.735755101452634,0.814225638455514,459.75,15,1.0,0.017484655624014,0.0423862518295015,672,25c925bf56220a727ca175e0af0862b57a87147e,2026-07-21 08:07:47,2026-06-06 14:01:41,flyers,phoenix,31,14,Final,2026-05-09 19:30:00
2026-05-09-PHI-CAR,gsanner,-11.74,50.52,jlouie,-17.67,64.9,0,0,0,"dhawkins,gsanner,tmitchell,alaviolet,jfairfax,jlouie,wmatthews",True,2026-05-09-PHI-CAR,26,11,4,3,468,2,7,False,True,470,home,381,1778375213.0,18,False,"jbray,swhitcomb,idietrich,czaleski,jwisner,eholmgren,tmackey",382,673,74fcc3a8c3f32e86edda4f6c4bdcbdef16500ad6a4d38f2c54ab01d39d10ab8c,1778375213.0,False,470,455.625,15.5547195410268,-5.93,14.38,22.4101884356668,0a1fd92528186b44a364b40766536e8a81a9067419e28f53529fe658ed81e689,0.970949632923854,0.0290503670761457,0.587492291265905,0.735743672506189,0.785698438918461,0.74114411162358,455.625,15,1.0,0.0499547664122716,0.121100200928542,673,b9b4cf929455ef72474415a6c38255492ba102ef,2026-07-21 08:07:47,2026-06-06 14:01:41,flyers,phoenix,31,14,Final,2026-05-09 19:30:00
2026-05-09-PHI-CAR,jlouie,-17.67,64.9,tmitchell,0.27,55.7,0,0,0,"dhawkins,gsanner,tmitchell,alaviolet,jfairfax,jlouie,wmatthews",True,2026-05-09-PHI-CAR,26,11,4,3,468,2,8,False,True,471,home,382,1778375220.0,18,False,"jbray,swhitcomb,idietrich,czaleski,jwisner,eholmgren,tmackey",383,674,dc8dac784c956de47e3713a5f043c8f5603285924ceda2334cc5c2d28f4007bf,1778375220.0,False,471,451.5,20.1614384407462,17.94,-9.2,-117.149681697783,1f0c2f78d516ddd96362e5dadc59c25f8fd57c76d3fd9c8b4e73d86fdeabcaf0,0.965976820810759,0.0340231791892408,0.587492291265905,0.785675865290244,0.759553671851692,0.79522170817612,451.5,15,1.0,-0.026122193438552,-0.0633253461340539,674,585884f97ec98926387c777337848a30e347ec60,2026-07-21 08:07:47,2026-06-06 14:01:41,flyers,phoenix,31,14,Final,2026-05-09 19:30:00
2026-05-09-PHI-CAR,tmitchell,0.27,55.7,wmatthews,10.91,64.22,0,0,0,"dhawkins,gsanner,tmitchell,alaviolet,jfairfax,jlouie,wmatthews",True,2026-05-09-PHI-CAR,26,11,4,3,468,2,9,False,True,472,home,383,1778375224.0,18,False,"jbray,swhitcomb,idietrich,czaleski,jwisner,eholmgren,tmackey",384,675,dbb64410dca7d33faaf973ce8f62e63efb17234cdced2abe8e83197cd444de29,1778375224.0,False,472,447.375,13.630847369111,10.64,8.52,-51.3139333703363,3ee29c20b5873b0e054dbcf11fcbc3ee2ed4dcde241b9566a4a972e5fad3208f,0.974464134435422,0.0255358655645777,0.587492291265905,0.759516420969754,0.792231396973622,0.757310564157772,447.375,15,1.0,0.0327149760038676,0.0793075506498132,675,8d9949201eb9f6b20342d8bc12a1a37d7c58c2cf,2026-07-21 08:07:47,2026-06-06 14:01:41,flyers,phoenix,31,14,Final,2026-05-09 19:30:00
2026-05-09-PHI-CAR,wmatthews,10.91,64.22,jfairfax,16.3,67.77,0,0,0,"dhawkins,gsanner,tmitchell,alaviolet,jfairfax,jlouie,wmatthews",True,2026-05-09-PHI-CAR,26,11,4,3,468,2,10,False,True,473,home,384,1778375228.0,18,False,"jbray,swhitcomb,idietrich,czaleski,jwisner,eholmgren,tmackey",385,676,289c72fcae38d7baf77e7d20c165f83e4e63af49824d71f7df7e269a0abd184a,1778375228.0,False,473,443.25,6.45403749601751,5.39,3.55,-56.6300172978019,83ba882077c041a776391ec924f9aadd12fdcd8c36d1786d332d97b0a287b116,0.987183414577134,0.0128165854228658,0.587492291265905,0.792187203318523,0.799819190088265,0.735122786837453,443.25,15,1.0,0.00763198676974242,0.018501440356505,676,b7fd6692097dde595dcc1aaafe911c112cc792ef,2026-07-21 08:07:47,2026-06-06 14:01:41,flyers,phoenix,31,14,Final,2026-05-09 19:30:00
2026-05-09-PHI-CAR,jfairfax,16.3,67.77,gsanner,-19.92,102.54,0,0,0,"dhawkins,gsanner,tmitchell,alaviolet,jfairfax,jlouie,wmatthews",True,2026-05-09-PHI-CAR,27,11,4,3,468,2,11,False,True,474,home,385,1778375238.0,19,False,"jbray,swhitcomb,idietrich,czaleski,jwisner,eholmgren,tmackey",386,677,03a472f3649116fe426b0183bf0f95622419e864872a8c38d99917c42a8ef343,1778375238.0,False,474,439.125,50.2079804413601,-36.22,34.77,46.1701271975296,0be86f2cdda28b2ae489587a34bdf1d719cce08fc3f968b0ec0df3457d1dd322,0.762551361826478,0.237448638173522,0.587492291265905,0.799766733538758,1.0,0.612561181648619,439.125,15,1.0,0.200233266461242,0.485404908130609,677,0f11783117b4294cf087e8edb76211bb947394b8,2026-07-21 08:07:47,2026-06-06 14:01:41,flyers,phoenix,31,14,Final,2026-05-09 19:30:00
2026-05-09-PHI-CAR,jthornton,-18.09,5.56,ddamiano,-3.13,11.73,0,0,0,"jthornton,ddamiano,tnye,sheyman,crawlins,mhanna,cwhite1",False,2026-05-09-PHI-CAR,27,11,4,4,435,1,1,True,True,475,away,293,,18,False,"dbruer,bmorrison,nlyle,smadiraju,ali,mtucker,aolcese",294,681,a4e147bf608c3c19a87eab6166cf26ab301422842be3cda8a939827eebde1c25,1778375292.5,True,475,435.0,16.1824132934492,14.96,6.17,-67.5871256066498,ce2862766df60eb73ab433246a8210880d01c4611e58b0642faf8c8eea17d91c,0.981464839866057,0.0185351601339427,0.591562728390677,0.591562728390677,0.623274919521353,0.933115356347008,435.0,16,1.0,0.0317121911306761,0.0776427454960804,681,3ad6ced6f8dab7a03cf843374ada744ff1360a0a,2026-07-21 08:07:47,2026-06-06 14:01:41,flyers,phoenix,31,14,Final,2026-05-09 19:30:00
2026-05-09-PHI-CAR,ddamiano,-3.13,11.73,mhanna,-25.09,32.88,0,0,0,"jthornton,ddamiano,tnye,sheyman,crawlins,mhanna,cwhite1",False,2026-05-09-PHI-CAR,27,11,4,4,435,1,2,True,True,476,away,294,1778375304.0,18,False,"dbruer,bmorrison,nlyle,smadiraju,ali,mtucker,aolcese",295,683,ded86016691031c11217807c6d764f1ec5274fb92482e816c0e845dd707357c3,1778375304.0,False,476,430.0,30.4887536642612,-21.96,21.15,46.0764119973872,5a2b6148ea05303d8ba1af658f95a0793ee5243145c0bd062852daee11931e21,0.866414594567246,0.133585405432754,0.591562728390677,0.623151270683535,0.609573564695909,0.859555132185872,430.0,16,1.0,-0.0135777059876262,-0.0332430630880658,683,c4b2a1f6ad750be25aa3962e75edf9236cb28b25,2026-07-21 08:07:47,2026-06-06 14:01:41,flyers,phoenix,31,14,Final,2026-05-09 19:30:00
2026-05-09-PHI-CAR,mhanna,-25.09,32.88,jthornton,-8.69,12.76,0,0,0,"jthornton,ddamiano,tnye,sheyman,crawlins,mhanna,cwhite1",False,2026-05-09-PHI-CAR,27,11,4,4,435,1,3,True,True,477,away,295,,18,False,"dbruer,bmorrison,nlyle,smadiraju,ali,mtucker,aolcese",296,684,19f1514fba6fab1c2925cdab33e64ca69357b6cb7583d23827e4545b5ad2355c,1778375307.5,True,477,425.0,25.9571647141979,16.4,-20.12,-140.81620163242,35bfb89878c5c7646e273bf4dafbd0baab09a08cd195c449c939786858cb3c8e,0.970470412304617,0.0295295876953831,0.591562728390677,0.609433604127186,0.62382804850248,0.932601047494909,425.0,16,1.0,0.0143944443752947,0.0352427297307558,684,7c8f5cdd87d8ef5e97501771788b05f0761f660c,2026-07-21 08:07:47,2026-06-06 14:01:41,flyers,phoenix,31,14,Final,2026-05-09 19:30:00
2026-05-09-PHI-CAR,jthornton,-8.69,12.76,cwhite1,-15.55,26.7,0,0,0,"jthornton,ddamiano,tnye,sheyman,crawlins,mhanna,cwhite1",False,2026-05-09-PHI-CAR,27,11,4,4,435,1,4,True,True,478,away,296,1778375311.0,18,False,"dbruer,bmorrison,nlyle,smadiraju,ali,mtucker,aolcese",297,685,c4c2f0d9f19401e82a35638d291f3066ddce91e550044aae4815999215a798b8,1778375311.0,False,478,420.0,15.5365118350291,-6.86,13.94,26.2022157426193,235492e8ad1906597d0e1dda36ea3c1b7576d63c4f820954b1707b9cb0c65665,0.979594606354299,0.0204053936457014,0.591562728390677,0.623677864572816,0.649115129680371,0.907229608241294,420.0,16,1.0,0.0254372651075548,0.0622794903298786,685,52d1185d22f4702445f51d065d4ff1b1854afa46,2026-07-21 08:07:47,2026-06-06 14:01:41,flyers,phoenix,31,14,Final,2026-05-09 19:30:00
2026-05-09-PHI-CAR,cwhite1,-15.55,26.7,crawlins,-24.27,38.58,0,0,0,"jthornton,ddamiano,tnye,sheyman,crawlins,mhanna,cwhite1",False,2026-05-09-PHI-CAR,27,11,4,4,435,1,5,True,True,479,away,297,1778375319.0,18,False,"dbruer,bmorrison,nlyle,smadiraju,ali,mtucker,aolcese",298,686,b10cfe4ccf51c91efc8b693db5dfc83b45467763aceb8dc9e10d447089e6dd6c,1778375319.0,False,479,415.0,14.7367839096595,-8.72,11.88,36.2789197931225,2de78f6c5818c2246fd16a17ff29701bb3f8a6f645b558c9080002801a9fbb22,0.962337848197357,0.0376621518026434,0.591562728390677,0.648959723056125,0.638043384081039,0.835789967958022,415.0,16,1.0,-0.010916338975086,-0.0267270881819221,686,fa663796b407c28affd93eb9c2a06b35ced9d0c8,2026-07-21 08:07:47,2026-06-06 14:01:41,flyers,phoenix,31,14,Final,2026-05-09 19:30:00
2026-05-09-PHI-CAR,crawlins,-24.27,38.58,tnye,-11.23,33.63,0,0,0,"jthornton,ddamiano,tnye,sheyman,crawlins,mhanna,cwhite1",False,2026-05-09-PHI-CAR,27,11,4,4,435,1,6,True,True,480,away,298,1778375324.0,18,False,"dbruer,bmorrison,nlyle,smadiraju,ali,mtucker,aolcese",299,687,962319d170b35606a21ba375cb5736cc5be8f2397288b03bad6f09f3be7a8b55,1778375324.0,False,480,410.0,13.9479066529713,13.04,-4.95,-110.786823313401,9ab6eb98168fe2f4cf7c085368c23c3aca618c051c9fd4543d07f6d1ea7215cc,0.978526359990096,0.0214736400099044,0.591562728390677,0.637878251444823,0.676193946637796,0.884581278320703,410.0,16,1.0,0.0383156951929723,0.0938104768010052,687,a265b3537cec6ccf9f916cef94b7af479e42420a,2026-07-21 08:07:47,2026-06-06 14:01:41,flyers,phoenix,31,14,Final,2026-05-09 19:30:00
2026-05-09-PHI-CAR,tnye,-11.23,33.63,jthornton,-25.37,45.1,0,0,0,"jthornton,ddamiano,tnye,sheyman,crawlins,mhanna,cwhite1",False,2026-05-09-PHI-CAR,27,11,4,4,435,1,7,True,True,481,away,299,1778375340.0,18,False,"dbruer,bmorrison,nlyle,smadiraju,ali,mtucker,aolcese",300,690,6cd6d3386a30335979b32671bb47c749a916bb3319e26ea88d9eaf1fb3eccd66,1778375340.0,False,481,405.0,18.2071551869039,-14.14,11.47,50.9519349866727,275d0fdb5a10bbbf97cbeef3813f3258d77fac6a8a538241182001d637e4fc54,0.925520180786868,0.0744798192131317,0.591562728390677,0.676032315053485,0.650527011435851,0.797662227702926,405.0,16,1.0,-0.025505303617634,-0.0624460728501543,690,68d893f8031fe4f777b2735ad74c8f645710b793,2026-07-21 08:07:47,2026-06-06 14:01:41,flyers,phoenix,31,14,Final,2026-05-09 19:30:00
2026-05-09-PHI-CAR,jthornton,-25.37,45.1,,10.74,84.64,1,0,0,"jthornton,ddamiano,tnye,sheyman,crawlins,mhanna,cwhite1",False,2026-05-09-PHI-CAR,27,11,4,4,435,1,8,True,True,482,away,300,1778375342.0,22,False,"dbruer,bmorrison,nlyle,smadiraju,ali,mtucker,aolcese",301,692,7b7b9fedd3312341a748117f4ae57197b92144a12d50d3190d4ed25b64eab129,1778375342.0,False,482,400.0,53.547583512237,36.11,39.54,-42.4039653517568,d2645bfb3c31073e91eb980ece1f1099a51764f0eb7b80edc434c9d8e50bffe3,0.623188364146841,-0.623188364146841,0.591562728390677,0.650356111598652,0.877879414803061,0.681742070453781,400.0,16,1.0,-0.681742070453781,-0.681742070453781,692,4acfdc8a2aaa52e2c65d4eb53e7cdcf266fa8a10,2026-07-21 08:07:47,2026-06-06 14:01:41,flyers,phoenix,31,14,Final,2026-05-09 19:30:00
2026-05-09-PHI-CAR,smadiraju,-2.8,43.29,ali,6.27,47.11,0,0,0,"dbruer,bmorrison,nlyle,smadiraju,ali,mtucker,aolcese",True,2026-05-09-PHI-CAR,27,11,4,4,435,2,1,False,False,483,home,389,1778375340.0,18,False,"jthornton,ddamiano,tnye,sheyman,crawlins,mhanna,cwhite1",390,689,df5803e881943b6612cb05c021e3574cc59458cebfab98f58073c793aca339a5,1778375340.0,False,483,395.0,9.8416106405405,9.07,3.82,-67.1606978572417,374e7238c10018249f0afd030d53e7cdb461d7a42cc8b62b83f94e496ee95fd3,0.985780504760842,0.0142194952391583,0.710888088429777,0.710888088429777,0.724250082406936,0.830410229633721,395.0,16,1.0,0.0133619939771599,0.0462173761869176,689,1bea59945b7902ad7aab8d98f65894f69d231173,2026-07-21 08:07:47,2026-06-06 14:01:41,flyers,phoenix,31,14,Final,2026-05-09 19:30:00
2026-05-09-PHI-CAR,ali,6.27,47.11,bmorrison,13.09,52.63,0,0,0,"dbruer,bmorrison,nlyle,smadiraju,ali,mtucker,aolcese",True,2026-05-09-PHI-CAR,27,11,4,4,435,2,2,False,False,484,home,390,1778375341.0,18,False,"jthornton,ddamiano,tnye,sheyman,crawlins,mhanna,cwhite1",391,691,dc14712a7872e5228250d6194279f1ba17b47059b3e191a8a61e30e52a5d7928,1778375341.0,False,484,390.0,8.77398427169778,6.82,5.52,-51.013839820599,58f1c4d5e7ec8cd63efe94db9fe932602d84ff3098f1e9af08890dedb48c5b7a,0.985568925375187,0.0144310746248132,0.710888088429777,0.724100275467459,0.740257121372971,0.803150709008715,390.0,16,1.0,0.0161568459055123,0.0558844006729479,691,b6f4b92ea4123a08985b0d459ec71eaad7b25ae8,2026-07-21 08:07:47,2026-06-06 14:01:41,flyers,phoenix,31,14,Final,2026-05-09 19:30:00
2026-05-09-PHI-CAR,bmorrison,13.09,52.63,mtucker,18.95,69.61,0,0,0,"dbruer,bmorrison,nlyle,smadiraju,ali,mtucker,aolcese",True,2026-05-09-PHI-CAR,27,11,4,4,435,2,3,False,False,485,home,391,1778375344.0,18,False,"jthornton,ddamiano,tnye,sheyman,crawlins,mhanna,cwhite1",392,693,3af8ce9d110d478e09fde28304a2470e1ab64a509d585eeaf6d99c60eac0ab10,1778375344.0,False,485,385.0,17.9627392120467,5.86,16.98,-19.0401634201668,673ac58fcf43b7d7ffb84a8154bfd6d493e5345a07effcf6692cb3bd164de9ef,0.963432784811248,0.0365672151887516,0.710888088429777,0.740115815000756,0.799795381188593,0.718186824977262,385.0,16,1.0,0.0596795661878371,0.206423754260783,693,9af83d33a79713e1672a0bed98e14a2e12234143,2026-07-21 08:07:47,2026-06-06 14:01:41,flyers,phoenix,31,14,Final,2026-05-09 19:30:00
2026-05-09-PHI-CAR,mtucker,18.95,69.61,smadiraju,19.09,81.06,0,0,0,"dbruer,bmorrison,nlyle,smadiraju,ali,mtucker,aolcese",True,2026-05-09-PHI-CAR,27,11,4,4,435,2,4,False,False,486,home,392,1778375347.0,18,False,"jthornton,ddamiano,tnye,sheyman,crawlins,mhanna,cwhite1",393,694,31f848f6366f38f51e4dc10f1667e47ad45be7cbbed244d35e06d98b8baa400a,1778375347.0,False,486,380.0,11.4508558632095,0.140000000000001,11.45,-0.700524841094733,00548e929c9ec59a5f277727bf45f125368051dd44e86ad36c0fe9c4ffae2e52,0.975380888249338,0.0246191117506617,0.710888088429777,0.799681671330588,0.851267936796125,0.674472173851267,380.0,16,1.0,0.0515862654655365,0.178430093680199,694,bed80413f34a393cacaa146fc348e7654fc27fb6,2026-07-21 08:07:47,2026-06-06 14:01:41,flyers,phoenix,31,14,Final,2026-05-09 19:30:00
2026-05-09-PHI-CAR,smadiraju,19.09,81.06,dbruer,3.54,106.84,0,0,0,"dbruer,bmorrison,nlyle,smadiraju,ali,mtucker,aolcese",True,2026-05-09-PHI-CAR,28,11,4,4,435,2,5,False,False,487,home,393,1778375356.0,19,False,"jthornton,ddamiano,tnye,sheyman,crawlins,mhanna,cwhite1",394,696,b7b0d5d5491240a98d26e15ebc68385e04eba8dd6c78dbef9239700da1384c17,1778375356.0,False,487,375.0,30.1066587319151,-15.55,25.78,31.0975715527991,5333e806ac3da1652a6dc9d72c64101b66ee219ac7204e614fa360fd70f2dc9c,0.838092196067928,0.161907803932072,0.710888088429777,0.851182376478902,1.0,0.640391285689906,375.0,16,1.0,0.148817623521098,0.514740547052661,696,a8843e3dca58f85bdcbb8b288808ced22972fe5b,2026-07-21 08:07:47,2026-06-06 14:01:41,flyers,phoenix,31,14,Final,2026-05-09 19:30:00
2026-05-09-PHI-CAR,eholmgren,5.8,16.61,tmackey,-7.11,18.05,0,0,0,"czaleski,tmackey,jwisner,jbray,idietrich,eholmgren,dloughnan",False,2026-05-09-PHI-CAR,28,11,4,5,370,1,1,True,True,488,away,303,1778375424.0,18,False,"kpignone,dswanson,cbelus,cwilliams,smadiraju1,jreinhard,ali",304,700,cbb5a87ef89120dba9867173069c54052ebc4dad823af3b7252d6368890efb93,1778375424.0,False,488,370.0,12.9900615856893,-12.91,1.44,83.6354540178993,118a6e2f342d1990e5e276d016283c00b8b1f9c53a0442ec2c0ee9051adcf439,0.987625351430387,0.0123746485696135,0.631714763999173,0.631714763999173,0.634779212226175,0.932318324845072,370.0,17,1.0,0.00306444822700158,0.00832085548765985,700,c9b001168119f376526f1d707cb1cf848e857ba0,2026-07-21 08:07:47,2026-06-06 14:01:41,flyers,phoenix,31,14,Final,2026-05-09 19:30:00
2026-05-09-PHI-CAR,tmackey,-7.11,18.05,dloughnan,-19.81,27.66,0,0,0,"czaleski,tmackey,jwisner,jbray,idietrich,eholmgren,dloughnan",False,2026-05-09-PHI-CAR,28,11,4,5,370,1,2,True,True,489,away,304,1778375428.0,18,False,"kpignone,dswanson,cbelus,cwilliams,smadiraju1,jreinhard,ali",305,701,0488fd9132b8568c9cf66efffb557863a6d76c36246d30336673d8a605e25e45,1778375428.0,False,489,367.125,15.9261451707562,-12.7,9.61,52.8854653247197,c640ced9ec65ce18e05616e2cab358253c7dc009596d5fa854267e0af243b0e3,0.984299123549779,0.0157008764502213,0.631714763999173,0.63470048516659,0.634817318681023,0.896627949611071,367.125,17,1.0,0.000116833514432924,0.000317236486864386,701,c019fcf0283e7045f2300ca55ddcb83053f63312,2026-07-21 08:07:47,2026-06-06 14:01:41,flyers,phoenix,31,14,Final,2026-05-09 19:30:00
2026-05-09-PHI-CAR,dloughnan,-19.81,27.66,eholmgren,-11.02,27.73,0,0,0,"czaleski,tmackey,jwisner,jbray,idietrich,eholmgren,dloughnan",False,2026-05-09-PHI-CAR,28,11,4,5,370,1,3,True,True,490,away,305,1778375433.0,18,False,"kpignone,dswanson,cbelus,cwilliams,smadiraju1,jreinhard,ali",306,702,1fc3599bcf599ae99fcb3be6ec02ac06ef7e390a3b5804371d622d5a9bb18646,1778375433.0,False,490,364.25,8.79027872140582,8.79,0.0700000000000003,-89.5437292622991,f94822b15eb37d27b202ec162d39503fe595943d0f1f6ea816fc4a73af4f8e88,0.987177987703385,0.0128220122966147,0.631714763999173,0.634743122211063,0.65752168089985,0.906097637976416,364.25,17,1.0,0.022778558688787,0.0618503172598965,702,609fca373da1d7f6c95730df5d53cba483bf361c,2026-07-21 08:07:47,2026-06-06 14:01:41,flyers,phoenix,31,14,Final,2026-05-09 19:30:00
2026-05-09-PHI-CAR,eholmgren,-11.02,27.73,dloughnan,-17.2,31.44,0,0,0,"czaleski,tmackey,jwisner,jbray,idietrich,eholmgren,dloughnan",False,2026-05-09-PHI-CAR,28,11,4,5,370,1,4,True,True,491,away,306,1778375441.0,18,False,"kpignone,dswanson,cbelus,cwilliams,smadiraju1,jreinhard,ali",307,703,571f4129089862c02ed531bcd2f33c8bab8de0886a744e890d383bdd7b5f4f3a,1778375441.0,False,491,361.375,7.2080857375589,-6.18,3.71,59.0226113531437,6a6ee95121d823a4531f30f7a18dfefedb998f0eb2e80fa94de570ea6b1ca452,0.991478708149384,0.00852129185061645,0.631714763999173,0.657454416138747,0.656563422234094,0.886430042420169,361.375,17,1.0,-0.000890993904652415,-0.00241930389153698,703,3129d79c34ee54833d388f86cd13b223fc07512a,2026-07-21 08:07:47,2026-06-06 14:01:41,flyers,phoenix,31,14,Final,2026-05-09 19:30:00
2026-05-09-PHI-CAR,dloughnan,-17.2,31.44,eholmgren,-23.45,37.82,0,0,0,"czaleski,tmackey,jwisner,jbray,idietrich,eholmgren,dloughnan",False,2026-05-09-PHI-CAR,28,11,4,5,370,1,5,True,True,492,away,307,,18,False,"kpignone,dswanson,cbelus,cwilliams,smadiraju1,jreinhard,ali",308,704,aaf08afa15be52df8ec3d8bf8d1120132afbdde159dcdb32035d3b35e1cbc049,1778375443.0,True,492,358.5,8.93123171796589,-6.25,6.38,44.4102780434172,4cea3f87643aa86680ef6fd2956f1e0834a3f5a9660b04d480245221efe28c39,0.982984239219285,0.0170157607807151,0.631714763999173,0.656501248240347,0.641568202593437,0.84185893144027,358.5,17,1.0,-0.0149330456469101,-0.0405475001090638,704,00079e40eb27dcdacd55642fa129b2bd324142ef,2026-07-21 08:07:47,2026-06-06 14:01:41,flyers,phoenix,31,14,Final,2026-05-09 19:30:00
2026-05-09-PHI-CAR,eholmgren,-23.45,37.82,czaleski,-23.45,97.07,0,0,0,"czaleski,tmackey,jwisner,jbray,idietrich,eholmgren,dloughnan",False,2026-05-09-PHI-CAR,28,11,4,5,370,1,6,True,True,493,away,308,1778375445.0,18,False,"kpignone,dswanson,cbelus,cwilliams,smadiraju1,jreinhard,ali",309,706,d53c6e20a739f5f50f8217b13c9900bc62471571f2a77624ffebf94c565d6ab8,1778375445.0,False,493,355.625,59.25,0.0,59.25,0.0,851fdea2182dd0dce741eb9f1872547c28a9c793bdd76c207d5665c20596e31a,0.505553807938299,0.494446192061701,0.631714763999173,0.641509976520527,0.906087785918406,0.595718682782564,355.625,17,1.0,0.264577809397879,0.7184046047322,706,8e27548202528b395b4a35b4450efe44152c81ea,2026-07-21 08:07:47,2026-06-06 14:01:41,flyers,phoenix,31,14,Final,2026-05-09 19:30:00
2026-05-09-PHI-CAR,czaleski,-23.45,97.07,tmackey,-26.4,96.52,0,0,0,"czaleski,tmackey,jwisner,jbray,idietrich,eholmgren,dloughnan",False,2026-05-09-PHI-CAR,28,11,4,5,370,1,7,True,True,494,away,309,,18,False,"kpignone,dswanson,cbelus,cwilliams,smadiraju1,jreinhard,ali",310,707,e7d96e15acf32e7575d246508a681de3688b888f39a4c2d6cc7a9730f083a730,1778375447.5,True,494,352.75,3.00083321762473,-2.95,-0.549999999999997,100.561010691196,8955c4b67f3b9d34aa4d438f9f90cfe97db2a741966891142eaac92ce588b9b6,0.912635700442809,0.0873642995571907,0.631714763999173,0.906068012542518,0.890533956789835,0.572760010676215,352.75,17,1.0,-0.0155340557526827,-0.0421794148507432,707,3b32a41ae420d7b4b773b38b63f2a9b6bafc904c,2026-07-21 08:07:47,2026-06-06 14:01:41,flyers,phoenix,31,14,Final,2026-05-09 19:30:00
2026-05-09-PHI-CAR,tmackey,-26.4,96.52,jwisner,-26.4,103.93,0,0,0,"czaleski,tmackey,jwisner,jbray,idietrich,eholmgren,dloughnan",False,2026-05-09-PHI-CAR,28,12,4,5,370,1,8,True,True,495,away,310,1778375450.0,19,False,"kpignone,dswanson,cbelus,cwilliams,smadiraju1,jreinhard,ali",311,708,e896962dd0bc6fadff85a79532b212a1b8aad08cbd366f4f4ac70b0481b483d4,1778375450.0,False,495,349.875,7.41000000000001,0.0,7.41000000000001,0.0,e407d5aba1c50dca8cc1dc02736fd2f4e73e03ec7eb7368de395c5022f083d91,0.851459222562512,0.148540777437488,0.631714763999173,0.890513170387021,1.0,0.563230883302742,349.875,17,1.0,0.109486829612979,0.297288131345925,708,5e997a8f941ba9a0f91aa7d9113716258d6b5b86,2026-07-21 08:07:47,2026-06-06 14:01:41,flyers,phoenix,31,14,Final,2026-05-09 19:30:00
2026-05-09-PHI-CAR,dhawkins,26.66,46.56,jlouie,2.38,42.95,0,0,0,"dhawkins,gsanner,tmitchell,alaviolet,jfairfax,jlouie,wmatthews",True,2026-05-09-PHI-CAR,28,12,4,6,347,1,1,True,True,496,home,398,1778375502.0,18,False,"jbray,sdavies1,wzamsky,idietrich,dperry,czaleski,messer",399,712,3117bd7149274387259ea22e91be0fc3af3a219f7ac04d785119091fea7222b0,1778375502.0,False,496,347.0,24.5469040817778,-24.28,-3.61,98.456899649847,d0d68a48e95bb07d7a044b29beabcc8805269d65a90a4d56738d28af14545910,0.943370911572606,0.0566290884273943,0.650640273924728,0.650640273924728,0.708597123466001,0.847690992605094,347.0,16,1.0,0.0579568495412732,0.165894478428764,712,8bcf8a60fa3f20262d95534a3f1bf6586412c32b,2026-07-21 08:07:47,2026-06-06 14:01:41,flyers,phoenix,31,14,Final,2026-05-09 19:30:00
2026-05-09-PHI-CAR,jlouie,2.38,42.95,gsanner,3.88,47.18,0,0,0,"dhawkins,gsanner,tmitchell,alaviolet,jfairfax,jlouie,wmatthews",True,2026-05-09-PHI-CAR,28,12,4,6,347,1,2,True,True,497,home,399,1778375505.0,18,False,"jbray,sdavies1,wzamsky,idietrich,dperry,czaleski,messer",400,713,30ec025f7fb67e7cff77bf98f0a37da9eb6e8aed9445c0bff26a87655e768107,1778375505.0,False,497,342.636363636364,4.48808422380864,1.5,4.23,-19.525011821135,5c5a7743ce8c757730becdf108eac950f8f01c07757d148ac6e6dd7036bc5cb0,0.991066153933379,0.00893384606662118,0.650640273924728,0.708541857289549,0.723768304497541,0.829552821687464,342.636363636364,16,1.0,0.0152264472079917,0.0435838652011968,713,14684ed8f04f8555fb3f33d00df59e6faed5cc69,2026-07-21 08:07:47,2026-06-06 14:01:41,flyers,phoenix,31,14,Final,2026-05-09 19:30:00
2026-05-09-PHI-CAR,gsanner,3.88,47.18,jfairfax,5.72,69.47,0,0,0,"dhawkins,gsanner,tmitchell,alaviolet,jfairfax,jlouie,wmatthews",True,2026-05-09-PHI-CAR,28,12,4,6,347,1,3,True,True,498,home,400,1778375509.0,18,False,"jbray,sdavies1,wzamsky,idietrich,dperry,czaleski,messer",401,714,a08319f3c579cb02d1309fc88702b4de9e0aa49c28d709ee8347dd5e06a3da33,1778375509.0,False,498,338.272727272727,22.3658154333796,1.84,22.29,-4.71896579863034,624a61a3b173a8aaa3a5537e3aa703e1f2245e908f4b629361947f97509687bb,0.936148977339956,0.0638510226600437,0.650640273924728,0.723720853419707,0.814911577233344,0.736156797279747,338.272727272727,16,1.0,0.0911907238136369,0.261022427622322,714,eca994ebd9a5f2a17f4c57da35470505dd58770c,2026-07-21 08:07:47,2026-06-06 14:01:41,flyers,phoenix,31,14,Final,2026-05-09 19:30:00
2026-05-09-PHI-CAR,jfairfax,5.72,69.47,tmitchell,-22.24,89.52,0,0,0,"dhawkins,gsanner,tmitchell,alaviolet,jfairfax,jlouie,wmatthews",True,2026-05-09-PHI-CAR,28,12,4,6,347,1,4,True,True,499,home,401,1778375515.0,18,False,"jbray,sdavies1,wzamsky,idietrich,dperry,czaleski,messer",402,715,54fef55afc9e4d2a7540f831bd6aef1b794a6cf22ad8adca411d8641b08e60e4,1778375515.0,False,499,333.909090909091,34.4058730451648,-27.96,20.05,54.3558497869749,5f3fbf50cd8847b616526a4f5940258cb4e0184d6028d5d81ff124a4ca6246ee,0.875087444707795,0.124912555292205,0.650640273924728,0.814879452552658,0.879604224625228,0.625722381811555,333.909090909091,16,1.0,0.0647247720725694,0.185266838853154,715,e513d93c485cdc9bd6638af98dc14e9a8e0a7487,2026-07-21 08:07:47,2026-06-06 14:01:41,flyers,phoenix,31,14,Final,2026-05-09 19:30:00
2026-05-09-PHI-CAR,tmitchell,-22.24,89.52,wmatthews,-21.97,79.09,0,0,0,"dhawkins,gsanner,tmitchell,alaviolet,jfairfax,jlouie,wmatthews",True,2026-05-09-PHI-CAR,28,12,4,6,347,1,5,True,True,500,home,402,1778375520.0,18,False,"jbray,sdavies1,wzamsky,idietrich,dperry,czaleski,messer",403,716,26973297f95db870f2998bab837bb43ffa0f1929662e36c7c89786fb173248a9,1778375520.0,False,500,329.545454545455,10.4334941414657,0.27,-10.43,-178.517123082204,e6d4da1cf82707219a87334ea383b3cfb9de69afeee6bbe8236b9895ee24f0d1,0.976359669340894,0.0236403306591058,0.650640273924728,0.879583618964187,0.833802252917418,0.662680669589804,329.545454545455,16,1.0,-0.0457813660467697,-0.131043628185425,716,1e78df1158cbedd2ab0fadd565e574b7359aec3b,2026-07-21 08:07:47,2026-06-06 14:01:41,flyers,phoenix,31,14,Final,2026-05-09 19:30:00
2026-05-09-PHI-CAR,wmatthews,-21.97,79.09,dhawkins,-2.87,81.13,0,0,0,"dhawkins,gsanner,tmitchell,alaviolet,jfairfax,jlouie,wmatthews",True,2026-05-09-PHI-CAR,28,12,4,6,347,1,6,True,True,501,home,403,1778375521.0,18,False,"jbray,sdavies1,wzamsky,idietrich,dperry,czaleski,messer",404,717,dc940df4953ee69a6bf413bf6363f06b755104e0a7ea6908b67fd58cb8d618a0,1778375521.0,False,501,325.181818181818,19.2086334756015,19.1,2.03999999999999,-83.9035625431794,c394889a5eaad80cb7002442ce188898aee02169154ffacca5ef656f052e1a1f,0.941257430306465,0.0587425696935345,0.650640273924728,0.833777016756987,0.864491137068622,0.694278627092783,325.181818181818,16,1.0,0.0307141203116346,0.0879154579627102,717,86fe8a9060fd3868aca2700c28beeac9e82716ce,2026-07-21 08:07:47,2026-06-06 14:01:41,flyers,phoenix,31,14,Final,2026-05-09 19:30:00
2026-05-09-PHI-CAR,dhawkins,-2.87,81.13,jlouie,-23.13,85.43,0,0,0,"dhawkins,gsanner,tmitchell,alaviolet,jfairfax,jlouie,wmatthews",True,2026-05-09-PHI-CAR,28,12,4,6,347,1,7,True,True,502,home,404,1778375525.0,18,False,"jbray,sdavies1,wzamsky,idietrich,dperry,czaleski,messer",405,718,b5739282882679e9d4a71997b60dc39186e4e8296602dd3714bf908dc7db418c,1778375525.0,False,502,320.818181818182,20.7112916062712,-20.26,4.30000000000001,78.0173070955845,bf84ad76d8c531fcfd3adac8e38066c9c36816158f8a8d2ee60daf2102921ded,0.94548650702625,0.0545134929737503,0.650640273924728,0.864470566519695,0.857874070647342,0.632877652469253,320.818181818182,16,1.0,-0.00659649587235234,-0.0188816723279977,718,8538da9de3feb0e7828c8a39fe2a8ac1fcea17c8,2026-07-21 08:07:47,2026-06-06 14:01:41,flyers,phoenix,31,14,Final,2026-05-09 19:30:00
2026-05-09-PHI-CAR,jlouie,-23.13,85.43,dhawkins,-23.6,78.88,0,0,0,"dhawkins,gsanner,tmitchell,alaviolet,jfairfax,jlouie,wmatthews",True,2026-05-09-PHI-CAR,28,12,4,6,347,1,8,True,True,503,home,405,1778375529.0,18,False,"jbray,sdavies1,wzamsky,idietrich,dperry,czaleski,messer",406,719,98b55e06cb1a2ed705af6fd294593b592df5758075a352e0328e3084dd4594b8,1778375529.0,False,503,316.454545454545,6.56684094523388,-0.470000000000002,-6.55000000000001,175.89573427433,cbaa22fb5acdd3d5313e4b235a8d27c3edb494f585a8f835db214f4aa5e0dae1,0.975578014380767,0.0244219856192326,0.650640273924728,0.857852729723965,0.824343162254318,0.652804714997196,316.454545454545,16,1.0,-0.0335095674696478,-0.0959170876566005,719,6aa0243301e21351173aee2b15c25e626bbe9cd4,2026-07-21 08:07:47,2026-06-06 14:01:41,flyers,phoenix,31,14,Final,2026-05-09 19:30:00
2026-05-09-PHI-CAR,dhawkins,-23.6,78.88,jlouie,-19.17,77.04,0,0,0,"dhawkins,gsanner,tmitchell,alaviolet,jfairfax,jlouie,wmatthews",True,2026-05-09-PHI-CAR,28,12,4,6,347,1,9,True,True,504,home,406,1778375532.0,18,False,"jbray,sdavies1,wzamsky,idietrich,dperry,czaleski,messer",407,720,5f1acccd9de4b099262a96da1242b16e994b746e04df06bd28a7266d8f9dddfe,1778375532.0,False,504,312.090909090909,4.79692609907636,4.43,-1.83999999999999,-112.555549635639,027ddf2287cf68642e4770b9cb7f59d928c49691b0736e74bc49249439c15f8b,0.986303827161036,0.0136961728389641,0.650640273924728,0.824317038055227,0.834198212002052,0.684497794526045,312.090909090909,16,1.0,0.00988117394682497,0.0282836664026236,720,9caa75a1f7006950543522c8f8ddaf135e545b76,2026-07-21 08:07:47,2026-06-06 14:01:41,flyers,phoenix,31,14,Final,2026-05-09 19:30:00
2026-05-09-PHI-CAR,jlouie,-19.17,77.04,wmatthews,-6.28,88.09,0,0,0,"dhawkins,gsanner,tmitchell,alaviolet,jfairfax,jlouie,wmatthews",True,2026-05-09-PHI-CAR,28,12,4,6,347,1,10,True,True,505,home,407,1778375536.0,18,False,"jbray,sdavies1,wzamsky,idietrich,dperry,czaleski,messer",408,721,2b2f18e0c4081c1e712a1f9d39e8f2c9f5904d5813b16d05160c72dce43e6dde,1778375536.0,False,505,307.727272727273,16.9780623158239,12.89,11.05,-49.3950449844956,77f835b816f3d8e25ca0aa73923a465819e0ca3280f21e35bdda169fbf40c46a,0.943642375616106,0.0563576243838942,0.650640273924728,0.834171691260631,0.891639056404807,0.671402663714128,307.727272727273,16,1.0,0.0574673651441768,0.164493388490335,721,b9294e81554a26b51d018740ce565d6d486b49a8,2026-07-21 08:07:47,2026-06-06 14:01:41,flyers,phoenix,31,14,Final,2026-05-09 19:30:00
2026-05-09-PHI-CAR,wmatthews,-6.28,88.09,jfairfax,1.84,103.09,0,0,0,"dhawkins,gsanner,tmitchell,alaviolet,jfairfax,jlouie,wmatthews",True,2026-05-09-PHI-CAR,29,12,4,6,347,1,11,True,True,506,home,408,1778375545.0,19,False,"jbray,sdavies1,wzamsky,idietrich,dperry,czaleski,messer",409,722,a9b9a4d56ef0d16bdcb3042f2d044470e170abca5e506cf8765a202b2060e106,1778375545.0,False,506,303.363636363636,17.0567992308053,8.12,15.0,-28.42816040246,dc6e645336a990e60b15521c6cf7b704f3aa4edb40e153cc1319fb0d48392c24,0.944672239080323,0.0553277609196774,0.650640273924728,0.891618860155234,1.0,0.639471724177205,303.363636363636,16,1.0,0.108381139844766,0.310227916257909,722,c7b443c998cb847db685a1715ed57e5c4ed511ea,2026-07-21 08:07:47,2026-06-06 14:01:41,flyers,phoenix,31,14,Final,2026-05-09 19:30:00
2026-05-09-PHI-CAR,jthornton,-16.99,12.9,ddamiano,-4.36,14.82,0,0,0,"tnye,jthornton,ddamiano,cwhite1,sheyman,dloughnan,ndigiorgi",False,2026-05-09-PHI-CAR,29,12,4,7,299,1,1,True,True,507,away,315,1778375604.0,18,False,"kpignone,nlyle,ali,aolcese,mtucker,smadiraju,dbruer",316,727,293ade3ea85b13c3eaded720c8828ea5108ebeef8a12c5d87b13e4c99d37b5e9,1778375604.0,False,507,299.0,12.7751046962442,12.63,1.92,-81.356133253663,3cea59d5d7a90f1df0af92d6eb58d67179b1770caa63211140fa34184049daea,0.98629789239925,0.0137021076007495,0.607870868124067,0.607870868124067,0.626828848243425,0.932231854829034,299.0,17,1.0,0.0189579801193581,0.0483462680486496,727,e2f389c5e69e2d5be63746e980bfebbb4421c71f,2026-07-21 08:07:47,2026-06-06 14:01:41,flyers,phoenix,31,14,Final,2026-05-09 19:30:00
2026-05-09-PHI-CAR,ddamiano,-4.36,14.82,cwhite1,13.41,32.4,0,0,0,"tnye,jthornton,ddamiano,cwhite1,sheyman,dloughnan,ndigiorgi",False,2026-05-09-PHI-CAR,29,12,4,7,299,1,2,True,True,508,away,316,1778375607.0,18,False,"kpignone,nlyle,ali,aolcese,mtucker,smadiraju,dbruer",317,728,9f830fa9f341c0bf740b181589d7a40bed4fbabe064cf863d4095e6af1203c26,1778375607.0,False,508,294.5,24.9965857668602,17.77,17.58,-45.3079517193732,833526db8d832b3f1a9195f012e1ce9d83f66c4a9469508d5313623cd87238d0,0.951770366480861,0.0482296335191391,0.607870868124067,0.62676566126507,0.66631222393833,0.887302681146252,294.5,17,1.0,0.0395465626732597,0.100850866356372,728,30c11b91e16d2177e848fc8d1d9cf22a8f579e6f,2026-07-21 08:07:47,2026-06-06 14:01:41,flyers,phoenix,31,14,Final,2026-05-09 19:30:00
2026-05-09-PHI-CAR,cwhite1,13.41,32.4,sheyman,12.59,44.75,0,0,0,"tnye,jthornton,ddamiano,cwhite1,sheyman,dloughnan,ndigiorgi",False,2026-05-09-PHI-CAR,29,12,4,7,299,1,3,True,True,509,away,317,1778375612.0,18,False,"kpignone,nlyle,ali,aolcese,mtucker,smadiraju,dbruer",318,729,2d5c4b0d187bf1c6aff0bf7f52ba316f1d545e90710eba0387013875f7f1de7a,1778375612.0,False,509,290.0,12.3771927350268,-0.82,12.35,3.79867853769929,fac22c733aef4df7811ac1608198ccfdeb4db1c89a718aaaf4f5ee3f7de494f6,0.977087676753314,0.0229123232466858,0.607870868124067,0.666243813079354,0.709211629213454,0.836756533440847,290.0,17,1.0,0.0429678161341001,0.109575679645487,729,57f00029c8d7f9e7dc7be93853d3527205f37b9f,2026-07-21 08:07:47,2026-06-06 14:01:41,flyers,phoenix,31,14,Final,2026-05-09 19:30:00
2026-05-09-PHI-CAR,sheyman,12.59,44.75,cwhite1,7.99,36.17,0,0,0,"tnye,jthornton,ddamiano,cwhite1,sheyman,dloughnan,ndigiorgi",False,2026-05-09-PHI-CAR,29,12,4,7,299,1,4,True,True,510,away,318,1778375614.0,18,False,"kpignone,nlyle,ali,aolcese,mtucker,smadiraju,dbruer",319,730,db20329b3f7ec32bdae1a865d27b7286910fee23803e4d5ce35c8244b60004c9,1778375614.0,False,510,285.5,9.73531714943072,-4.6,-8.58,151.802881957847,46b5484aee3e948e4c3b0c558dc781cb6d5da931cf7b5b7fb7eddd656b5f772a,0.98901240924609,0.0109875907539098,0.607870868124067,0.709139083654375,0.683770494393111,0.874646086117703,285.5,17,1.0,-0.0253685892612643,-0.0646944774031498,730,0d91203c134ed18fb5cb77e08cd152bda5569dea,2026-07-21 08:07:47,2026-06-06 14:01:41,flyers,phoenix,31,14,Final,2026-05-09 19:30:00
2026-05-09-PHI-CAR,cwhite1,7.99,36.17,sheyman,15.13,32.05,0,0,0,"tnye,jthornton,ddamiano,cwhite1,sheyman,dloughnan,ndigiorgi",False,2026-05-09-PHI-CAR,29,12,4,7,299,1,5,True,True,511,away,319,1778375619.0,18,False,"kpignone,nlyle,ali,aolcese,mtucker,smadiraju,dbruer",320,731,3882890dc0ac8467d585f803d56b47681b17bf1d643aa0ddce4d3053af34acd4,1778375619.0,False,511,281.0,8.24342161969167,7.14,-4.12,-119.986270453507,926de8d67e9d223d5066f019877cd069707c0b26321433780a630639bc839ecc,0.991454365436344,0.00854563456365598,0.607870868124067,0.683683490519497,0.661198752714572,0.887107218795261,281.0,17,1.0,-0.0224847378049251,-0.0573401361366824,731,8b0c3247095866706ff4930f9b8ab0d85f39f977,2026-07-21 08:07:47,2026-06-06 14:01:41,flyers,phoenix,31,14,Final,2026-05-09 19:30:00
2026-05-09-PHI-CAR,sheyman,15.13,32.05,tnye,-5.12,37.34,0,0,0,"tnye,jthornton,ddamiano,cwhite1,sheyman,dloughnan,ndigiorgi",False,2026-05-09-PHI-CAR,29,12,4,7,299,1,6,True,True,512,away,320,1778375626.0,18,False,"kpignone,nlyle,ali,aolcese,mtucker,smadiraju,dbruer",321,732,4ce1c8b6a81d27856b3a0bb5b63f37cd2c17b4dc58a34bdfceaa8371aae9edf7,1778375626.0,False,512,276.5,20.9295628239101,-20.25,5.29000000000001,75.3595471612646,36d0d03e95e1e9c8d1b07b37357290f64de835f6be9f342b52e47553be658716,0.96422221427586,0.0357777857241398,0.607870868124067,0.661095818980054,0.688227189024921,0.870225032492191,276.5,17,1.0,0.027131370044867,0.0691898862884055,732,ed111c42cf9dc30855d22f4cc51c995dfd852582,2026-07-21 08:07:47,2026-06-06 14:01:41,flyers,phoenix,31,14,Final,2026-05-09 19:30:00
2026-05-09-PHI-CAR,tnye,-5.12,37.34,sheyman,-12.53,44.07,0,0,0,"tnye,jthornton,ddamiano,cwhite1,sheyman,dloughnan,ndigiorgi",False,2026-05-09-PHI-CAR,29,12,4,7,299,1,7,True,True,513,away,321,1778375629.0,18,False,"kpignone,nlyle,ali,aolcese,mtucker,smadiraju,dbruer",322,733,72917cc8fc85b175cc07393284d9a99f5310bed1a135c60026df7a339bcce458,1778375629.0,False,513,272.0,10.010044954944,-7.41,6.73,47.7532628403554,0af4461bcca77462653133b3de49b07ef159cd0897d54360358b0842e0ff3f06,0.984837376740161,0.0151626232598387,0.607870868124067,0.688114935141118,0.707228065904249,0.839002944925126,272.0,17,1.0,0.0191131307631309,0.0487419301690092,733,3d6e7d477222b58501330d814de485e6dc112376,2026-07-21 08:07:47,2026-06-06 14:01:41,flyers,phoenix,31,14,Final,2026-05-09 19:30:00
2026-05-09-PHI-CAR,sheyman,-12.53,44.07,dloughnan,-24.27,45.3,0,0,0,"tnye,jthornton,ddamiano,cwhite1,sheyman,dloughnan,ndigiorgi",False,2026-05-09-PHI-CAR,29,12,4,7,299,1,8,True,True,514,away,322,1778375634.0,18,False,"kpignone,nlyle,ali,aolcese,mtucker,smadiraju,dbruer",323,734,38af14f2446b6baccec79560ebd3375920b3deaa5f359d1a4f9946d1c009a568,1778375634.0,False,514,267.5,11.804257706438,-11.74,1.23,84.0189407223859,fd14cd4583494a709a0fb04d9ff86f17d3e63503546773e033504f9e46d4b4d4,0.975279049411286,0.0247209505887136,0.607870868124067,0.707105210024807,0.660609770029637,0.800649617325836,267.5,17,1.0,-0.0464954399951701,-0.118571756637252,734,230dadd1680d9774c06711c7ee5c3ff2cab81930,2026-07-21 08:07:47,2026-06-06 14:01:41,flyers,phoenix,31,14,Final,2026-05-09 19:30:00
2026-05-09-PHI-CAR,dloughnan,-24.27,45.3,sheyman,-11.16,53.47,0,0,0,"tnye,jthornton,ddamiano,cwhite1,sheyman,dloughnan,ndigiorgi",False,2026-05-09-PHI-CAR,29,12,4,7,299,1,9,True,True,515,away,323,1778375637.0,18,False,"kpignone,nlyle,ali,aolcese,mtucker,smadiraju,dbruer",324,735,70244c29739e3240c27564eec3e219e5b1bab377a672be40a19be629bc815a04,1778375637.0,False,515,263.0,15.4473622343752,13.11,8.17,-58.0693178962822,702d3907629b081ddd7370802010f33f31fbf4b40269a6560fef965b899df43b,0.960944844678671,0.0390551553213293,0.607870868124067,0.660459545347695,0.744428120739376,0.79908694026736,263.0,17,1.0,0.083968575391681,0.214135009531116,735,5175ad19786c685944c181a55e1f486ef95dfa41,2026-07-21 08:07:47,2026-06-06 14:01:41,flyers,phoenix,31,14,Final,2026-05-09 19:30:00
2026-05-09-PHI-CAR,sheyman,-11.16,53.47,tnye,14.92,91.71,0,0,0,"tnye,jthornton,ddamiano,cwhite1,sheyman,dloughnan,ndigiorgi",False,2026-05-09-PHI-CAR,29,12,4,7,299,1,10,True,True,516,away,324,1778375642.0,18,False,"kpignone,nlyle,ali,aolcese,mtucker,smadiraju,dbruer",325,736,dc0735f8f40f8932da2b910c732b86e53a2e57bdbde8f14edde2fc3ebc2ae2cd,1778375642.0,False,516,258.5,46.2867583656492,26.08,38.24,-34.2943150895277,7eb7957cf3127156080d46677a934d9fcdb7fecbf9eea0ddb563ffbf682332f3,0.74395077849897,0.25604922150103,0.607870868124067,0.744284798964444,0.900699476246333,0.651449520769894,258.5,17,1.0,0.156414677281889,0.398885633754386,736,06a0c7be527aba4f94ea00590ff9badf38cd8bac,2026-07-21 08:07:47,2026-06-06 14:01:41,flyers,phoenix,31,14,Final,2026-05-09 19:30:00
2026-05-09-PHI-CAR,tnye,14.92,91.71,dloughnan,7.92,93.22,0,0,0,"tnye,jthornton,ddamiano,cwhite1,sheyman,dloughnan,ndigiorgi",False,2026-05-09-PHI-CAR,29,12,4,7,299,1,11,True,True,517,away,325,1778375648.0,18,False,"kpignone,nlyle,ali,aolcese,mtucker,smadiraju,dbruer",326,737,8a52a8f3ff73165f099e912c28bd0c6453618817bdf48c320f18363e061c6acd,1778375648.0,False,517,254.0,7.16101249824353,-7.0,1.51000000000001,77.8270082195194,0eee88d85be619569814192b6435c164c5ee75b8a51d548749aa8200e2a4f119,0.975092039112776,0.0249079608872237,0.607870868124067,0.900624060701466,0.909582939186549,0.654828103725668,254.0,17,1.0,0.00895887848508314,0.0228467557159657,737,34505e0b91da9aa94a39e1cc8e7c11a07e6dcb77,2026-07-21 08:07:47,2026-06-06 14:01:41,flyers,phoenix,31,14,Final,2026-05-09 19:30:00
2026-05-09-PHI-CAR,dloughnan,7.92,93.22,cwhite1,20.62,105.24,0,0,0,"tnye,jthornton,ddamiano,cwhite1,sheyman,dloughnan,ndigiorgi",False,2026-05-09-PHI-CAR,29,13,4,7,299,1,12,True,True,518,away,326,1778375661.0,19,False,"kpignone,nlyle,ali,aolcese,mtucker,smadiraju,dbruer",327,738,fe5410c5e6593f2c96bda4806d2ae5f5e84df2b6ad5a48c63c8daa1090ab01de,1778375661.0,False,518,249.5,17.4862917738439,12.7,12.02,-46.5757001333659,dbca4ae50e12e8682a051baf2f2c29b2a8cacd7816e48b6c32f7f7ad308b36fd,0.953390680163403,0.0466093198365972,0.607870868124067,0.909505670142029,1.0,0.606987818015742,249.5,17,1.0,0.0904943298579707,0.230776860227264,738,607ee859977132298ba0178fca93befbcd38ca3e,2026-07-21 08:07:47,2026-06-06 14:01:41,flyers,phoenix,31,14,Final,2026-05-09 19:30:00
2026-05-09-PHI-CAR,alaviolet,0.88,12.34,jlouie,-0.76,23.72,0,0,0,"dhawkins,jfairfax,wmatthews,tmitchell,jlouie,gsanner,alaviolet",True,2026-05-09-PHI-CAR,29,13,4,8,245,1,1,True,True,519,home,413,1778375701.0,18,False,"jbray,swhitcomb,tmackey,jwisner,czaleski,eholmgren,idietrich",414,743,d8ceb28ed1e76736df5bbd9e3766cb7eb17c69833395c831267d96cfec213714,1778375701.0,False,519,245.0,11.4975649595904,-1.64,11.38,8.20057683216123,411b785a393ab007996de1dd123d71eb2c8e9464090e63dd5c86909afbb6fa6c,0.986550275985795,0.0134497240142046,0.6200031332615,0.6200031332615,0.647335040092415,0.920237807584458,245.0,16,1.0,0.0273319068309141,0.0719266636735797,743,d8ae2a7ca1e4be97bfc11a83ebfa09dabca36c09,2026-07-21 08:07:47,2026-06-06 14:01:41,flyers,phoenix,31,14,Final,2026-05-09 19:30:00
2026-05-09-PHI-CAR,jlouie,-0.76,23.72,dhawkins,13.5,29.45,0,0,0,"dhawkins,jfairfax,wmatthews,tmitchell,jlouie,gsanner,alaviolet",True,2026-05-09-PHI-CAR,29,13,4,8,245,1,2,True,True,520,home,414,1778375707.0,18,False,"jbray,swhitcomb,tmackey,jwisner,czaleski,eholmgren,idietrich",415,744,3448b691c9811f1503a6ef1b6132b195a84584c660ff271c2de2721be764aefc,1778375707.0,False,520,239.875,15.3681651474729,14.26,5.73,-68.1085899673635,cd83817519b8e98d4a3e2a1f1a9fbfa8a651a2d8ea11efa4afe1812eec7947e9,0.981844740827271,0.0181552591727291,0.6200031332615,0.647033595597662,0.65545941133801,0.897705620564003,239.875,16,1.0,0.00842581574034729,0.0221733821456629,744,fd6b98a81e39d3cc2a4669ce46b75419cfa642b3,2026-07-21 08:07:47,2026-06-06 14:01:41,flyers,phoenix,31,14,Final,2026-05-09 19:30:00
2026-05-09-PHI-CAR,dhawkins,13.5,29.45,jlouie,-1.71,24.2,0,0,0,"dhawkins,jfairfax,wmatthews,tmitchell,jlouie,gsanner,alaviolet",True,2026-05-09-PHI-CAR,29,13,4,8,245,1,3,True,True,521,home,415,1778375713.0,18,False,"jbray,swhitcomb,tmackey,jwisner,czaleski,eholmgren,idietrich",416,745,d49e541fbbfaaab00735b23b184309ede873d1404937bc57c285fb368bd1ec4f,1778375713.0,False,521,234.75,16.0905748809668,-15.21,-5.25,109.043017992151,52296b195ca205cd5201344510d195644598e22728fe25d276fe0eb721a51803,0.983656336521935,0.0163436634780646,0.6200031332615,0.655127002656346,0.647915656274988,0.918440799058541,234.75,16,1.0,-0.00721134638135834,-0.0189773837959589,745,e9687bd0be5603971cc98780615a234febdc5288,2026-07-21 08:07:47,2026-06-06 14:01:41,flyers,phoenix,31,14,Final,2026-05-09 19:30:00
2026-05-09-PHI-CAR,jlouie,-1.71,24.2,dhawkins,-3.42,29.31,0,0,0,"dhawkins,jfairfax,wmatthews,tmitchell,jlouie,gsanner,alaviolet",True,2026-05-09-PHI-CAR,29,13,4,8,245,1,4,True,True,522,home,416,1778375715.0,18,False,"jbray,swhitcomb,tmackey,jwisner,czaleski,eholmgren,idietrich",417,746,87cdd1b60ec57342a5023cfa80fa0b6b54aaee9a7b159afe2ecb39848335d87b,1778375715.0,False,522,229.625,5.38852484451914,-1.71,5.11,18.5021973595453,9ba4a960553c7d9d2fecb3f8d4acd474186dc34cfb0a20f34838e1cd64997d29,0.992071202906625,0.00792879709337502,0.6200031332615,0.647543126608071,0.661559266488435,0.900424830665961,229.625,16,1.0,0.0140161398803634,0.0368848827640699,746,1c1096c8a7d357bfe532649eb66af91efa5d6267,2026-07-21 08:07:47,2026-06-06 14:01:41,flyers,phoenix,31,14,Final,2026-05-09 19:30:00
2026-05-09-PHI-CAR,dhawkins,-3.42,29.31,gsanner,-18.49,39.61,0,0,0,"dhawkins,jfairfax,wmatthews,tmitchell,jlouie,gsanner,alaviolet",True,2026-05-09-PHI-CAR,29,13,4,8,245,1,5,True,True,523,home,417,1778375718.0,18,False,"jbray,swhitcomb,tmackey,jwisner,czaleski,eholmgren,idietrich",418,747,44d53725c92811def0e19966a6351cb12f4d28a1fc62d583655f06bcfd898a4f,1778375718.0,False,523,224.5,18.2536270368385,-15.07,10.3,55.6482874839846,6df69425fb31b24ebec63cc166fc5d116304464476c3ba3a108dabd62d16ffcc,0.977742514576664,0.0222574854233364,0.6200031332615,0.661155385951977,0.675074029066232,0.847332810140432,224.5,16,1.0,0.0139186431142544,0.0366283102113911,747,73386238c044d70ae0ff2ba517c7186da29ef947,2026-07-21 08:07:47,2026-06-06 14:01:41,flyers,phoenix,31,14,Final,2026-05-09 19:30:00
2026-05-09-PHI-CAR,gsanner,-18.49,39.61,dhawkins,-8.12,34.7,0,0,0,"dhawkins,jfairfax,wmatthews,tmitchell,jlouie,gsanner,alaviolet",True,2026-05-09-PHI-CAR,29,13,4,8,245,1,6,True,True,524,home,418,1778375721.0,18,False,"jbray,swhitcomb,tmackey,jwisner,czaleski,eholmgren,idietrich",419,748,ab228e2cfbe24c0a0276f6fc44b93515b49107b173ece79570fdceea595130ff,1778375721.0,False,524,219.375,11.4736654997433,10.37,-4.91,-115.336674942197,840c0db1ae1f592915d0209411a2c6621cd03baee8e6b9f2d0d7e72b57382683,0.984782723553478,0.0152172764465224,0.6200031332615,0.67463876538423,0.675995225561287,0.878874271400834,219.375,16,1.0,0.00135646017705715,0.00356966147826324,748,8abf4d18f0679236b3f41bd0fac4e71f646f4135,2026-07-21 08:07:47,2026-06-06 14:01:41,flyers,phoenix,31,14,Final,2026-05-09 19:30:00
2026-05-09-PHI-CAR,dhawkins,-8.12,34.7,alaviolet,3.75,40.02,0,0,0,"dhawkins,jfairfax,wmatthews,tmitchell,jlouie,gsanner,alaviolet",True,2026-05-09-PHI-CAR,29,13,4,8,245,1,7,True,True,525,home,419,1778375725.0,18,False,"jbray,swhitcomb,tmackey,jwisner,czaleski,eholmgren,idietrich",420,749,76e4347c8f55469e72e8857946bfb16d91a5ec81bab4f427ebda6c616b937591,1778375725.0,False,525,214.25,13.0076631260192,11.87,5.32,-65.8586160341655,28cc939ff178151ee325d225a8424d519e04ca670fa12cff41401984171bb4f8,0.981982941821836,0.0180170581781645,0.6200031332615,0.675518966148762,0.694098399440131,0.857428753635917,214.25,16,1.0,0.0185794332913687,0.0488936486525148,749,bafe490d7c1f9cd0ddd9c4ae7f44c557a6432d97,2026-07-21 08:07:47,2026-06-06 14:01:41,flyers,phoenix,31,14,Final,2026-05-09 19:30:00
2026-05-09-PHI-CAR,alaviolet,3.75,40.02,gsanner,-24.28,103.84,0,0,0,"dhawkins,jfairfax,wmatthews,tmitchell,jlouie,gsanner,alaviolet",True,2026-05-09-PHI-CAR,30,13,4,8,245,1,8,True,True,526,home,420,1778375736.0,19,False,"jbray,swhitcomb,tmackey,jwisner,czaleski,eholmgren,idietrich",421,750,819cb59f72f5889758a84797d379014442ea3c014eb519c30f5d032e318357b2,1778375736.0,False,526,209.125,69.7041842359553,-28.03,63.82,23.7112738380876,479970c9703ba93ff11910557b064a9fa833dd6e5d7ce1378a949bf322860581,0.509627666473075,0.490372333526925,0.6200031332615,0.693594273374298,1.0,0.576019157570292,209.125,16,1.0,0.306405726625702,0.80633750813677,750,225bd1832e39a4fee73048575b7c5a80bebb967b,2026-07-21 08:07:47,2026-06-06 14:01:41,flyers,phoenix,31,14,Final,2026-05-09 19:30:00
2026-05-09-PHI-CAR,ddamiano,18.42,13.93,jthornton,4.77,11.05,0,0,0,"jthornton,mhanna,crawlins,tnye,ddamiano,ndigiorgi,sheyman",False,2026-05-09-PHI-CAR,30,13,4,9,204,1,1,True,True,527,away,331,1778375793.0,18,False,"kpignone,jreinhard,smadiraju1,cbelus,dswanson,cwilliams,bmorrison",332,755,3f79ad93160fff11a6e42f41a8739d3a0e641ccec31414e664143a318c3558a9,1778375793.0,False,527,204.0,13.9505161194846,-13.65,-2.88,101.914041039191,86b15d0f56b7fdb44837a0c63b02dece4bc46276839b40ab9b0d80988816bf1c,0.986968760401077,0.0130312395989233,0.596460896413956,0.596460896413956,0.613144178876888,0.930766322188622,204.0,17,1.0,0.0166832824629325,0.0413424184042556,755,db6d81ac3b708b5e94a988c3788b1e3bdda2b469,2026-07-21 08:07:47,2026-06-06 14:01:41,flyers,phoenix,31,14,Final,2026-05-09 19:30:00
2026-05-09-PHI-CAR,jthornton,4.77,11.05,sheyman,-19.6,25.19,0,0,0,"jthornton,mhanna,crawlins,tnye,ddamiano,ndigiorgi,sheyman",False,2026-05-09-PHI-CAR,30,13,4,9,204,1,2,True,True,528,away,332,1778375796.0,18,False,"kpignone,jreinhard,smadiraju1,cbelus,dswanson,cwilliams,bmorrison",333,756,642dc3564aa2f2efc4117eae6829116d9378c48eb7bbb0c0675a1ca496110750,1778375796.0,False,528,198.285714285714,28.175104258902,-24.37,14.14,59.8767677453144,cdab9395af16f50fc62def623062ea594a4ab0aea72f98fc31210fbbad2fbb26,0.962533810714706,0.0374661892852938,0.596460896413956,0.612399614394653,0.621926869760547,0.90383304606118,198.285714285714,17,1.0,0.00952725536589427,0.0236092494661123,756,3f7fbf38fda5e1e0033a55f5af7f3ef8b1c7eb1e,2026-07-21 08:07:47,2026-06-06 14:01:41,flyers,phoenix,31,14,Final,2026-05-09 19:30:00
2026-05-09-PHI-CAR,sheyman,-19.6,25.19,crawlins,-25.71,44.75,0,0,0,"jthornton,mhanna,crawlins,tnye,ddamiano,ndigiorgi,sheyman",False,2026-05-09-PHI-CAR,30,13,4,9,204,1,3,True,True,529,away,333,1778375800.0,18,False,"kpignone,jreinhard,smadiraju1,cbelus,dswanson,cwilliams,bmorrison",334,757,88bf4dc5580fc93c2399eb9ba3cfbc45cc31f6d0c27edb05d3bd0c44a5ddff3b,1778375800.0,False,529,192.571428571429,20.4920887173563,-6.11,19.56,17.3473528329072,2de870f8bd9434787db784b2b7379e8ffa9a8077563e8a3f5a084990cddf9010,0.863214191988784,0.136785808011216,0.596460896413956,0.621121592300916,0.636108782811837,0.791204778754759,192.571428571429,17,1.0,0.0149871905109218,0.0371393760300757,757,5cbdd1fd8e2bc2301232bcac21e70bde4e87258d,2026-07-21 08:07:47,2026-06-06 14:01:41,flyers,phoenix,31,14,Final,2026-05-09 19:30:00
2026-05-09-PHI-CAR,crawlins,-25.71,44.75,mhanna,9.23,42.7,0,0,0,"jthornton,mhanna,crawlins,tnye,ddamiano,ndigiorgi,sheyman",False,2026-05-09-PHI-CAR,30,13,4,9,204,1,4,True,True,530,away,334,1778375808.0,18,False,"kpignone,jreinhard,smadiraju1,cbelus,dswanson,cwilliams,bmorrison",335,758,63ddf16b09a981fded7899bf942bf76a88dbf892902a840ef322acb305271142,1778375808.0,False,530,186.857142857143,35.0000871427487,34.94,-2.05,-93.3578090517375,c0e1afcb3205e4bbb266b9e32d4b16c7f5a1349501e985ab7bfc43dd945e85ee,0.898889005662288,0.101110994337712,0.596460896413956,0.6352467654729,0.6985255091007,0.843170443958323,186.857142857143,17,1.0,0.0632787436278002,0.156809446880053,758,235101e4705adc88db38eb91cb7fe49b2a9bde1b,2026-07-21 08:07:47,2026-06-06 14:01:41,flyers,phoenix,31,14,Final,2026-05-09 19:30:00
2026-05-09-PHI-CAR,mhanna,9.23,42.7,crawlins,7.65,56.97,0,0,0,"jthornton,mhanna,crawlins,tnye,ddamiano,ndigiorgi,sheyman",False,2026-05-09-PHI-CAR,30,13,4,9,204,1,5,True,True,531,away,335,1778375814.0,18,False,"kpignone,jreinhard,smadiraju1,cbelus,dswanson,cwilliams,bmorrison",336,759,522e923b0fe9cef1e784c3f6062d1505814a31ab451266645181986624644880,1778375814.0,False,531,181.142857142857,14.3572037667507,-1.58,14.27,6.31815660373306,1df7cb831dfc060d281911ae0b2096210407aca223540761de7f22577ca12c9b,0.970290253918382,0.0297097460816176,0.596460896413956,0.697675252616593,0.754337211952746,0.780353192053194,181.142857142857,17,1.0,0.0566619593361531,0.14041256183757,759,6be4b9c9bf125c5104cf484e9f76f940a92675c0,2026-07-21 08:07:47,2026-06-06 14:01:41,flyers,phoenix,31,14,Final,2026-05-09 19:30:00
2026-05-09-PHI-CAR,crawlins,7.65,56.97,ndigiorgi,20.14,68.1,0,0,0,"jthornton,mhanna,crawlins,tnye,ddamiano,ndigiorgi,sheyman",False,2026-05-09-PHI-CAR,30,13,4,9,204,1,6,True,True,532,away,336,1778375821.0,18,False,"kpignone,jreinhard,smadiraju1,cbelus,dswanson,cwilliams,bmorrison",337,760,4fe493a27ae02dbcc70b96aef0ef55f95b6b591a23c363d62531752986cf2276,1778375821.0,False,532,175.428571428571,16.7295247989894,12.49,11.13,-48.295356481127,3c80711fd697b8afc19bf4d0ea7ecac4e8a99848808d64f21a937f8a43281b98,0.972996265264564,0.0270037347354357,0.596460896413956,0.753524509211752,0.780696820339994,0.709516727759124,175.428571428571,17,1.0,0.0271723111282419,0.0673350138481638,760,6f640affd7b9618503d5d6c39207e8c01032ecd1,2026-07-21 08:07:47,2026-06-06 14:01:41,flyers,phoenix,31,14,Final,2026-05-09 19:30:00
2026-05-09-PHI-CAR,ndigiorgi,20.14,68.1,tnye,6.41,114.78,0,0,0,"jthornton,mhanna,crawlins,tnye,ddamiano,ndigiorgi,sheyman",False,2026-05-09-PHI-CAR,30,14,4,9,204,1,7,True,True,533,away,337,1778375836.0,19,False,"kpignone,jreinhard,smadiraju1,cbelus,dswanson,cwilliams,bmorrison",338,762,dc9541a76c58fbeb02d6d756b9bed20f04578f083a5f518147a50a26f586c025,1778375836.0,False,533,169.714285714286,48.6573252450235,-13.73,46.68,16.3902048563613,646fae5351a1d4f8eb76b3c8ea21d4851b5be3bd76fc0c12d84f9c71a419ee8a,0.656145249003897,0.343854750996103,0.596460896413956,0.779857511291887,1.0,0.628001214223388,169.714285714286,17,1.0,0.220142488708113,0.545529508173608,762,c7efc8dafbf8340da3eebe3b2ca4ed889a94890f,2026-07-21 08:07:47,2026-06-06 14:01:41,flyers,phoenix,31,14,Final,2026-05-09 19:30:00
2026-05-09-PHI-CAR,dhawkins,26.66,43.22,wmatthews,-6.35,39.2,0,0,0,"jfairfax,alaviolet,gsanner,jlouie,tmitchell,wmatthews,dhawkins",True,2026-05-09-PHI-CAR,30,14,4,10,164,1,1,True,True,534,home,425,1778375894.0,18,False,"swhitcomb,wzamsky,tmackey,czaleski,jbray,dperry,sdavies1",426,766,605b30ec0bfad8f9b3c7759ccb32a1d3018d5b6cb601645d4356bc163bc85864,1778375894.0,False,534,164.0,33.2538794729277,-33.01,-4.02,96.9433630501028,5c74d809ffe763df7086495b8e3c70843c0c50ef3e3db5b346cf5ac40dfef38f,0.909354332570138,0.0906456674298624,0.624412899925633,0.624412899925633,0.683465764401552,0.85644204277484,164.0,16,1.0,0.0590528644759193,0.157228148848101,766,2b5b1b50ce532fd1a640343ba4fea59735d15c24,2026-07-21 08:07:47,2026-06-06 14:01:41,flyers,phoenix,31,14,Final,2026-05-09 19:30:00
2026-05-09-PHI-CAR,wmatthews,-6.35,39.2,gsanner,-17.12,49.84,0,0,0,"jfairfax,alaviolet,gsanner,jlouie,tmitchell,wmatthews,dhawkins",True,2026-05-09-PHI-CAR,30,14,4,10,164,1,2,True,True,535,home,426,1778375897.0,18,False,"swhitcomb,wzamsky,tmackey,czaleski,jbray,dperry,sdavies1",427,767,8d2ce517baa66570d07276c778fddc93efed438b6b5956b163ad194b35868b25,1778375897.0,False,535,157.666666666667,15.1394352602731,-10.77,10.64,45.347891630146,a086048f46a8b9286c65a4ed9b739b0110ae15837771a74d794ae3e90b3e6899,0.978121399420278,0.0218786005797222,0.624412899925633,0.681869009214801,0.708674977473493,0.796997533490122,157.666666666667,16,1.0,0.0268059682586917,0.0713708438159461,767,c5d93a5a0e060656cbd795a7cabd96f2b767d3ff,2026-07-21 08:07:47,2026-06-06 14:01:41,flyers,phoenix,31,14,Final,2026-05-09 19:30:00
2026-05-09-PHI-CAR,gsanner,-17.12,49.84,jfairfax,-14.6,58.7,0,0,0,"jfairfax,alaviolet,gsanner,jlouie,tmitchell,wmatthews,dhawkins",True,2026-05-09-PHI-CAR,30,14,4,10,164,1,3,True,True,536,home,427,1778375900.0,18,False,"swhitcomb,wzamsky,tmackey,czaleski,jbray,dperry,sdavies1",428,768,1df11e7d6321200f67cb2bfdd03969cb95f43cfeb7a4269f2d54c2374cebd49a,1778375900.0,False,536,151.333333333333,9.21140597303148,2.52,8.86,-15.8770442727298,3755449b646d4c3d4c3fa59fa8e1af70a48ad5bee1c85412a635c99efc50508c,0.980399719104507,0.0196002808954934,0.624412899925633,0.706844565339083,0.75005398459752,0.760396973073586,151.333333333333,16,1.0,0.0432094192584376,0.11504500354214,768,a6e3905125d34bf5742debfa51258d3849967c90,2026-07-21 08:07:47,2026-06-06 14:01:41,flyers,phoenix,31,14,Final,2026-05-09 19:30:00
2026-05-09-PHI-CAR,jfairfax,-14.6,58.7,gsanner,-14.6,58.7,0,0,0,"jfairfax,alaviolet,gsanner,jlouie,tmitchell,wmatthews,dhawkins",True,2026-05-09-PHI-CAR,30,14,4,10,164,1,4,True,True,537,home,428,1778375900.0,18,False,"swhitcomb,wzamsky,tmackey,czaleski,jbray,dperry,sdavies1",429,769,b0b0cad273ead7d776a89d4c60691419b5e0f4433fb3d093dce06a5eaa9e1743,1778375900.0,False,537,145.0,0.0,0.0,0.0,-90.0,c46517f87cddcc9a129975215a8cbc8f0994e889a460e6a7829647f8a7bb1c98,0.5,0.5,0.624412899925633,0.748055803924383,0.748055803924383,0.758454850782343,145.0,16,1.0,0.0,0.0,769,9c3a162f42f58b41d8cf6e0cd59e3b7ba0b3dbbd,2026-07-21 08:07:47,2026-06-06 14:01:41,flyers,phoenix,31,14,Final,2026-05-09 19:30:00
2026-05-09-PHI-CAR,gsanner,-14.6,58.7,jfairfax,-10.78,59.04,0,0,0,"jfairfax,alaviolet,gsanner,jlouie,tmitchell,wmatthews,dhawkins",True,2026-05-09-PHI-CAR,30,14,4,10,164,1,5,True,True,538,home,429,1778375902.0,18,False,"swhitcomb,wzamsky,tmackey,czaleski,jbray,dperry,sdavies1",430,770,dd3b1403add769585c7884fc9535e863817cf18bdb3fc22bb648768dcc6a295d,1778375902.0,False,538,138.666666666667,3.83510104169369,3.82,0.339999999999996,-84.9137782903654,3f59487a057917f6e5039c77359392645b67cb544b43cc02008ed7ff5c3e7f8d,0.988890554389169,0.0111094456108306,0.624412899925633,0.745652300281744,0.751646575813893,0.759763412436332,138.666666666667,16,1.0,0.00599427553214849,0.0159597481674999,770,11453d845688da812eb4c26606c48fa60ffc2944,2026-07-21 08:07:47,2026-06-06 14:01:41,flyers,phoenix,31,14,Final,2026-05-09 19:30:00
2026-05-09-PHI-CAR,jfairfax,-10.78,59.04,alaviolet,-7.64,62.79,0,0,0,"jfairfax,alaviolet,gsanner,jlouie,tmitchell,wmatthews,dhawkins",True,2026-05-09-PHI-CAR,30,14,4,10,164,1,6,True,True,539,home,430,1778375907.0,18,False,"swhitcomb,wzamsky,tmackey,czaleski,jbray,dperry,sdavies1",431,772,1a92844edb94cfd8de1870a610098aac75d5e1e084e6ea94b3a078c1d35750ed,1778375907.0,False,539,132.333333333333,4.89102238800846,3.14,3.75,-39.9405608989413,1270c39fbdc35086ea7bcc23cba9d640956ebfaec906831c595508e0e1ffafc6,0.987568781529156,0.0124312184708442,0.624412899925633,0.748817635755042,0.767114944765605,0.742265458341705,132.333333333333,16,1.0,0.0182973090105629,0.048716553382531,772,f0ecfc5b638f7802c8ac2d8b7db6e44a3f603213,2026-07-21 08:07:47,2026-06-06 14:01:41,flyers,phoenix,31,14,Final,2026-05-09 19:30:00
2026-05-09-PHI-CAR,alaviolet,-7.64,62.79,,1.7,108.74,1,0,0,"jfairfax,alaviolet,gsanner,jlouie,tmitchell,wmatthews,dhawkins",True,2026-05-09-PHI-CAR,30,14,4,10,164,1,7,True,True,540,home,431,1778375909.0,22,False,"swhitcomb,wzamsky,tmackey,czaleski,jbray,dperry,sdavies1",432,773,e9e49c65f138b58465778fa7da30c15d4777e370d1d32dc8750e42fc2aed4fce,1778375909.0,False,540,126.0,46.8896374479479,9.34,45.95,-11.4896626747251,b218e64898c8187650a1345ec42cf4c6f65a79b3471c34704c07b365bd3aa03e,0.713850854389893,-0.713850854389893,0.624412899925633,0.763922871209244,0.948333078695142,0.610334949917421,126.0,16,1.0,-0.610334949917421,-0.610334949917421,773,d3d41d1d68a839845ec84acb7bbc7dd32c227c89,2026-07-21 08:07:47,2026-06-06 14:01:41,flyers,phoenix,31,14,Final,2026-05-09 19:30:00
2026-05-09-PHI-CAR,jbray,-5.05,20.04,sdavies1,17.19,32.12,0,0,0,"swhitcomb,wzamsky,tmackey,czaleski,jbray,dperry,sdavies1",False,2026-05-09-PHI-CAR,30,14,4,10,164,2,1,False,False,541,away,341,1778375921.0,18,False,"jfairfax,alaviolet,gsanner,jlouie,tmitchell,wmatthews,dhawkins",342,774,9740210a390cbb18f30afe3379e7b9345376032a179edf33a2d7a05be78e65bb,1778375921.0,False,541,119.666666666667,25.3089707416165,22.24,12.08,-61.4907184469752,91fbc3d4bba00d3eb02bd634689d9316b7eb4469ca55589cfb755d7b88e02074,0.96240693164125,0.0375930683587499,0.595766473286231,0.605032797013137,0.621981120609913,0.868866324194034,119.666666666667,16,1.0,0.016948323596776,0.0419270606635675,774,84fb352e2aa5a09c627b69abd0e8c0b5189313c6,2026-07-21 08:07:47,2026-06-06 14:01:41,flyers,phoenix,31,14,Final,2026-05-09 19:30:00
2026-05-09-PHI-CAR,sdavies1,17.19,32.12,dperry,11.42,36.79,0,0,0,"swhitcomb,wzamsky,tmackey,czaleski,jbray,dperry,sdavies1",False,2026-05-09-PHI-CAR,30,14,4,10,164,2,2,False,False,542,away,342,1778375926.0,18,False,"jfairfax,alaviolet,gsanner,jlouie,tmitchell,wmatthews,dhawkins",343,775,8bc0065fca0e99e6d5c290257f5ad65d5bea86afde6151a5e16b28dde204ca03,1778375926.0,False,542,113.333333333333,7.4230586687699,-5.77,4.67,51.0147195374031,8747c2ae55b3cecb979a3c230e8d0011ad0928290ee37ed70a5c8ebf15d88b0f,0.987142841541892,0.0128571584581082,0.595766473286231,0.616307406690185,0.645635369928048,0.850900707269473,113.333333333333,16,1.0,0.0293279632378627,0.0725520306944489,775,b8bd2e5591b6a44fa0553e006cfee9f6a47043ea,2026-07-21 08:07:47,2026-06-06 14:01:41,flyers,phoenix,31,14,Final,2026-05-09 19:30:00
2026-05-09-PHI-CAR,dperry,11.42,36.79,tmackey,4.97,37.55,0,0,0,"swhitcomb,wzamsky,tmackey,czaleski,jbray,dperry,sdavies1",False,2026-05-09-PHI-CAR,30,14,4,10,164,2,3,False,False,543,away,343,1778375930.0,18,False,"jfairfax,alaviolet,gsanner,jlouie,tmitchell,wmatthews,dhawkins",344,776,68f65b0ea02df517b670e80a0db20e0bb23324b83c35b5b20233e019a24e7857,1778375930.0,False,543,107.0,6.49462085113519,-6.45,0.759999999999998,83.2798554151639,aa21c9fc7feb74dcc9c5bee40f64b67f37b73ff4b1a5d32ad2b1128b124f2717,0.99017258353123,0.00982741646876983,0.595766473286231,0.639283403868664,0.645758771288146,0.84561029388284,107.0,16,1.0,0.00647536741948185,0.0160188776822239,776,a6a3a827d82704cee5d336b69188be30a46bc43e,2026-07-21 08:07:47,2026-06-06 14:01:41,flyers,phoenix,31,14,Final,2026-05-09 19:30:00
2026-05-09-PHI-CAR,tmackey,4.97,37.55,dperry,-12.26,36.24,0,0,0,"swhitcomb,wzamsky,tmackey,czaleski,jbray,dperry,sdavies1",False,2026-05-09-PHI-CAR,30,14,4,10,164,2,4,False,False,544,away,344,1778375933.0,18,False,"jfairfax,alaviolet,gsanner,jlouie,tmitchell,wmatthews,dhawkins",345,777,9c471f93bdda03f7778d1ab8bafd0d3d4680c881bd0b1edaca600db53637a50b,1778375933.0,False,544,100.666666666667,17.2797280071186,-17.23,-1.31,94.3478436022543,d67f867dab7d34ea915060b7e5e0bc075d274b655883464ce48fc79368d44c57,0.979141020261778,0.0208589797382225,0.595766473286231,0.638509551755822,0.629667960147854,0.844848948191306,100.666666666667,16,1.0,-0.00884159160796738,-0.0218724846497653,777,6b61f20d6a10a8e9920d8f6aaf01035535f765f7,2026-07-21 08:07:47,2026-06-06 14:01:41,flyers,phoenix,31,14,Final,2026-05-09 19:30:00
2026-05-09-PHI-CAR,dperry,-12.26,36.24,tmackey,-15.55,47.64,0,0,0,"swhitcomb,wzamsky,tmackey,czaleski,jbray,dperry,sdavies1",False,2026-05-09-PHI-CAR,30,14,4,10,164,2,5,False,False,545,away,345,1778375935.0,18,False,"jfairfax,alaviolet,gsanner,jlouie,tmitchell,wmatthews,dhawkins",346,778,f9b0e62b1601918f60869125df094cc3d28266f022acd5b1dcafd4ab76f6ac81,1778375935.0,False,545,94.3333333333333,11.8652475743239,-3.29,11.4,16.0979543420583,23ad32204ed121336b69e753f41aa7d95c395b5d1996e686bc517649e401fe2b,0.980062822813935,0.0199371771860649,0.595766473286231,0.62129541293612,0.659414419308713,0.777230229748631,94.3333333333333,16,1.0,0.0381190063725936,0.0942994676430811,778,fc4fa112132d8b41ff6ba79ac1809cf98b9a715a,2026-07-21 08:07:47,2026-06-06 14:01:41,flyers,phoenix,31,14,Final,2026-05-09 19:30:00
2026-05-09-PHI-CAR,ddamiano,-15.9,47.91,tnye,-13.9,33.29,0,0,0,"tnye,mhanna,sheyman,crawlins,ddamiano,dloughnan,wzamsky",False,2026-05-09-PHI-CAR,30,14,4,10,88,2,6,False,True,546,away,347,1778376012.0,18,False,"aolcese,bmorrison,smadiraju,mtucker,ali,dbruer,nlyle",348,781,93e545f151e09f6add8c0e771fc53cca5fa896983ac9bca4689dba07fa1c0d9f,1778376012.0,False,546,88.0,14.7561648133924,2.0,-14.62,-172.210351596507,83583477362591694d0a9cb927653dcdfcb01487d8643dca971a50d8595264ae,0.985475864372246,0.0145241356277543,0.595766473286231,0.650614287037976,0.59895454389036,0.847633214309757,88.0,16,1.0,-0.051659743147616,-0.127796780162165,781,489f4f744799ab31d2e5722be2236cb075194595,2026-07-21 08:07:47,2026-06-06 14:01:41,flyers,phoenix,31,14,Final,2026-05-09 19:30:00
2026-05-09-PHI-CAR,tnye,-13.9,33.29,mhanna,11.01,48.67,0,0,0,"tnye,mhanna,sheyman,crawlins,ddamiano,dloughnan,wzamsky",False,2026-05-09-PHI-CAR,30,14,4,10,88,2,7,False,True,547,away,348,1778376016.0,18,False,"aolcese,bmorrison,smadiraju,mtucker,ali,dbruer,nlyle",349,782,07e7f9f2592fdf158821842755fd51d7e2b998b9df36078d57e80309349b2683,1778376016.0,False,547,86.0625,29.2754590057953,24.91,15.38,-58.3078754094841,0355bb7353996ce07f0a37df4db8e661b79d7c7cddde611f0746fe9bd97506ea,0.915455626067672,0.0845443739323283,0.595766473286231,0.595766473286231,0.65852474586791,0.76951902072439,86.0625,16,1.0,0.0627582725816782,0.155252517256235,782,ebe83f89f137c2336a221a963de14667b032ac63,2026-07-21 08:07:47,2026-06-06 14:01:41,flyers,phoenix,31,14,Final,2026-05-09 19:30:00
2026-05-09-PHI-CAR,mhanna,11.01,48.67,crawlins,25.49,54.71,0,0,0,"tnye,mhanna,sheyman,crawlins,ddamiano,dloughnan,wzamsky",False,2026-05-09-PHI-CAR,30,14,4,10,88,2,8,False,True,548,away,349,1778376021.0,18,False,"aolcese,bmorrison,smadiraju,mtucker,ali,dbruer,nlyle",350,783,179f940b9e68d0fe39f2aeb1d22a5fd7814bd5a2ea1bb14ae9c7582cb3729df7,1778376021.0,False,548,84.125,15.6892319761039,14.48,6.04,-67.3576617134325,fb502e33609eff45a6b863decfe26a814fb66ece575f1192472841b4ed4bd7ca,0.937179742404824,0.0628202575951761,0.595766473286231,0.655434502562344,0.62128498525844,0.67224128252544,84.125,16,1.0,-0.0341495173039043,-0.084479675848572,783,d02e8fac87b6fb5306a8c778e9998cbabc72e8f6,2026-07-21 08:07:47,2026-06-06 14:01:41,flyers,phoenix,31,14,Final,2026-05-09 19:30:00
2026-05-09-PHI-CAR,crawlins,25.49,54.71,,23.02,78.6,1,0,0,"tnye,mhanna,sheyman,crawlins,ddamiano,dloughnan,wzamsky",False,2026-05-09-PHI-CAR,30,14,4,10,88,2,9,False,True,549,away,350,1778376025.0,22,False,"aolcese,bmorrison,smadiraju,mtucker,ali,dbruer,nlyle",351,785,306dc7b60fc5bd4a1372721fc53cc1ae6cc1f8a51355b035aef7c52ff94a0911,1778376025.0,False,549,82.1875,24.0173478968849,-2.47,23.89,5.90286809789259,af4ad610ee185bc90903497b4cb4aeedced6123370efae17063ad167a700bf49,0.884262624318188,-0.884262624318188,0.595766473286231,0.617943085793707,0.770805284954068,0.576315134722183,82.1875,16,1.0,-0.576315134722183,-0.576315134722183,785,660b81009f58e2fb76887083a156e7052c7d3707,2026-07-21 08:07:47,2026-06-06 14:01:41,flyers,phoenix,31,14,Final,2026-05-09 19:30:00
2026-05-09-PHI-CAR,smadiraju,-24.56,38.65,bmorrison,-6.76,34.36,0,0,0,"aolcese,bmorrison,smadiraju,mtucker,ali,dbruer,nlyle",True,2026-05-09-PHI-CAR,30,14,4,10,88,3,1,True,False,550,home,434,1778376028.0,18,False,"tnye,mhanna,sheyman,crawlins,ddamiano,dloughnan,wzamsky",435,786,539104e3a5bac3c092c2a0c463be87b2987e129b89457302b929b8a7df3bb63d,1778376028.0,False,550,80.25,18.3096723072806,17.8,-4.29,-103.550504689487,6e83f0245bdeb790dc76b2b8e2f4ab98b7ce152e00f49497a7fc51037bbe9d7b,0.969509708771508,0.0304902912284923,0.545831981857177,0.545831981857177,0.595784908234561,0.839215615695788,80.25,16,1.0,0.0499529263773841,0.109987767482287,786,0b0fcd47e245be2d5672cde598e0b78b783a9e5d,2026-07-21 08:07:47,2026-06-06 14:01:41,flyers,phoenix,31,14,Final,2026-05-09 19:30:00
2026-05-09-PHI-CAR,bmorrison,-6.76,34.36,ali,-10.92,39.0,0,0,0,"aolcese,bmorrison,smadiraju,mtucker,ali,dbruer,nlyle",True,2026-05-09-PHI-CAR,30,14,4,10,88,3,2,True,False,551,home,435,1778376031.0,18,False,"tnye,mhanna,sheyman,crawlins,ddamiano,dloughnan,wzamsky",436,787,a89b622b206e1d15b31a1eb95c70ee8ce623b75842af0af82ef46ebe8fccc58c,1778376031.0,False,551,78.3125,6.23178947012814,-4.16,4.64,41.8778695378843,c49cbbe843f191d768441f7d2b24db39dd7e787f803cc6b6076450f2ee3fe334,0.989633210775008,0.0103667892249919,0.545831981857177,0.592134088310207,0.606524091523898,0.811076163745175,78.3125,16,1.0,0.014390003213691,0.0316843164618556,787,9778a26b9fb6b51a8ae003b01f1b161deea5c457,2026-07-21 08:07:47,2026-06-06 14:01:41,flyers,phoenix,31,14,Final,2026-05-09 19:30:00
2026-05-09-PHI-CAR,ali,-10.92,39.0,bmorrison,-1.64,36.4,0,0,0,"aolcese,bmorrison,smadiraju,mtucker,ali,dbruer,nlyle",True,2026-05-09-PHI-CAR,30,14,4,10,88,3,3,True,False,552,home,436,1778376033.0,18,False,"tnye,mhanna,sheyman,crawlins,ddamiano,dloughnan,wzamsky",437,788,1ba499b39223503013efd86fdd0ed43b6c7cbf3c99cdaa55ebd3a7e5d186c733,1778376033.0,False,552,76.375,9.6373440324604,9.28,-2.6,-105.651406453855,89077dc4d997d0615c5218b9bde4c08c61c0e8ead3e9deb5a1a3efcee5484838,0.988467996706985,0.0115320032930152,0.545831981857177,0.602787736551156,0.596437346364156,0.824904885975143,76.375,16,1.0,-0.00635039018700034,-0.0139824688954723,788,019d6a7a10c2b6a1db3add1ed3d50a42d7061bf2,2026-07-21 08:07:47,2026-06-06 14:01:41,flyers,phoenix,31,14,Final,2026-05-09 19:30:00
2026-05-09-PHI-CAR,bmorrison,-1.64,36.4,smadiraju,-12.42,33.0,0,0,0,"aolcese,bmorrison,smadiraju,mtucker,ali,dbruer,nlyle",True,2026-05-09-PHI-CAR,30,14,4,10,88,3,4,True,False,553,home,437,1778376035.0,18,False,"tnye,mhanna,sheyman,crawlins,ddamiano,dloughnan,wzamsky",438,789,0cf5bde1cc6003d566685548ad47aee6b95fd1a7ce1816b5d9dbe6833b46a42e,1778376035.0,False,553,74.4375,11.3034684942278,-10.78,-3.4,107.505216441531,70d68caadf8f576f1c29487981bfc699a19fe26f53f151fc938b5ba9d52bc109,0.988200791827962,0.0117992081720378,0.545831981857177,0.592548581105503,0.575521624456309,0.837052983646801,74.4375,16,1.0,-0.0170269566491943,-0.0374904351892074,789,eeddc5596c86b630cce0bd9eddff7a2700fd46a8,2026-07-21 08:07:47,2026-06-06 14:01:41,flyers,phoenix,31,14,Final,2026-05-09 19:30:00
2026-05-09-PHI-CAR,smadiraju,-12.42,33.0,bmorrison,-1.71,40.97,0,0,0,"aolcese,bmorrison,smadiraju,mtucker,ali,dbruer,nlyle",True,2026-05-09-PHI-CAR,30,14,4,10,88,3,5,True,False,554,home,438,1778376040.0,18,False,"tnye,mhanna,sheyman,crawlins,ddamiano,dloughnan,wzamsky",439,790,702650923a6f93935e6f32a0d68aa4586c59e92d15f6f4345d34f905b5d517e7,1778376040.0,False,554,72.5,13.3500936326304,10.71,7.97,-53.3446922852854,4324fe8d4b8ae1d864732046c4d14bf3093d26a9c8775df313af4a471ad94b7f,0.979124221938606,0.0208757780613935,0.545831981857177,0.571451279868796,0.605784764667027,0.795255198489676,72.5,16,1.0,0.0343334847982307,0.0755964388215328,790,6b37d6c2209637a292f65accc0c633b1d5736eef,2026-07-21 08:07:47,2026-06-06 14:01:41,flyers,phoenix,31,14,Final,2026-05-09 19:30:00
2026-05-09-PHI-CAR,bmorrison,-1.71,40.97,aolcese,-9.62,40.84,0,0,0,"aolcese,bmorrison,smadiraju,mtucker,ali,dbruer,nlyle",True,2026-05-09-PHI-CAR,30,14,4,10,88,3,6,True,False,555,home,439,1778376041.0,18,False,"tnye,mhanna,sheyman,crawlins,ddamiano,dloughnan,wzamsky",440,791,ad0d09080038f99d66e66758e727ceca151d1ae96382a22be2f9954feaf6394a,1778376041.0,False,555,70.5625,7.91106819588859,-7.91,-0.129999999999995,90.9415652114193,dcef352f2e2680632d213d16711396e5668b1e2324e3d19a6135bf8e9a28534e,0.989329548485765,0.0106704515142347,0.545831981857177,0.601679625828127,0.598997832472864,0.791444452316196,70.5625,16,1.0,-0.00268179335526253,-0.00590484853211126,791,48189da2750539cdd23d6a9b7fa626f4c027565b,2026-07-21 08:07:47,2026-06-06 14:01:41,flyers,phoenix,31,14,Final,2026-05-09 19:30:00
2026-05-09-PHI-CAR,aolcese,-9.62,40.84,bmorrison,-3.62,39.47,0,0,0,"aolcese,bmorrison,smadiraju,mtucker,ali,dbruer,nlyle",True,2026-05-09-PHI-CAR,30,14,4,10,88,3,7,True,False,556,home,440,1778376043.0,18,False,"tnye,mhanna,sheyman,crawlins,ddamiano,dloughnan,wzamsky",441,792,4720af3fbe88418b8928570af37f9d57e7a2b51297d20c46b8740067bbfab3d4,1778376043.0,False,556,68.625,6.15442117505781,6.0,-1.37,-102.862036367149,e4c9d8d99917ec3bb6b2dea1526e37d450ba05b91565190409b6f42fdd2e2669,0.990915243715798,0.00908475628420236,0.545831981857177,0.594742287474642,0.591359163368855,0.797781156049172,68.625,16,1.0,-0.00338312410578656,-0.00744905843353035,792,f363c56d0ca5216cb1821a1711c879ab8cf77745,2026-07-21 08:07:47,2026-06-06 14:01:41,flyers,phoenix,31,14,Final,2026-05-09 19:30:00
2026-05-09-PHI-CAR,bmorrison,-3.62,39.47,smadiraju,1.56,54.06,0,0,0,"aolcese,bmorrison,smadiraju,mtucker,ali,dbruer,nlyle",True,2026-05-09-PHI-CAR,30,14,4,10,88,3,8,True,False,557,home,441,1778376047.0,18,False,"tnye,mhanna,sheyman,crawlins,ddamiano,dloughnan,wzamsky",442,793,4de78665e8f4d37aa8b9b8e8c20419a0fa637e0d509b3e078cb2ccb12ff3442e,1778376047.0,False,557,66.6875,15.4822640463209,5.18,14.59,-19.5467804513188,9cc13751c2f2dd8950728131dafc526da97140b8bbf4a4c5df5386924ccfab77,0.970981251914222,0.029018748085778,0.545831981857177,0.586948598213609,0.650983208823621,0.712729794680335,66.6875,16,1.0,0.0640346106100119,0.140993218483022,793,8c98306b26d081d9072a21e7bf6b754134161780,2026-07-21 08:07:47,2026-06-06 14:01:41,flyers,phoenix,31,14,Final,2026-05-09 19:30:00
2026-05-09-PHI-CAR,smadiraju,1.56,54.06,ali,-5.12,60.61,0,0,0,"aolcese,bmorrison,smadiraju,mtucker,ali,dbruer,nlyle",True,2026-05-09-PHI-CAR,30,14,4,10,88,3,9,True,False,558,home,442,1778376048.0,18,False,"tnye,mhanna,sheyman,crawlins,ddamiano,dloughnan,wzamsky",443,794,e888f2436d5671b218ac13d8db5490158ea8e632978bb5b3967c41e9465b44ec,1778376048.0,False,558,64.75,9.35547433324468,-6.68,6.55,45.5629789589161,eb52bbbf293ad17d541a395c367f4cc3ff0f3155e5c468ee4dc3ec4301167e5d,0.983628085770052,0.0163719142299477,0.545831981857177,0.646707520872806,0.679593726377245,0.673212724937202,64.75,16,1.0,0.0328862055044393,0.0724097782994873,794,d80db85e38febfe3aaf1039e46a99d092aa791bd,2026-07-21 08:07:47,2026-06-06 14:01:41,flyers,phoenix,31,14,Final,2026-05-09 19:30:00
2026-05-09-PHI-CAR,ali,-5.12,60.61,smadiraju,6.41,73.7,0,0,0,"aolcese,bmorrison,smadiraju,mtucker,ali,dbruer,nlyle",True,2026-05-09-PHI-CAR,30,14,4,10,88,3,10,True,False,559,home,443,1778376051.0,18,False,"tnye,mhanna,sheyman,crawlins,ddamiano,dloughnan,wzamsky",444,795,dd7d675dee3e42b099e669ef1846aad8fae51f1fbcb49f8af5b09653bd4010c6,1778376051.0,False,559,62.8125,17.4438814488061,11.53,13.09,-41.3744076088324,9609528d7f6ccf26cdea7d8c304915b97ca325ca527c37d60bc2ebb63397b3b5,0.959193210777941,0.0408067892220589,0.545831981857177,0.675372618881302,0.748478098020744,0.605396011490138,62.8125,16,1.0,0.0731054791394424,0.160965713610536,795,0d3c69784d15ba2c8c44c6dd0a1a7c69cccb7526,2026-07-21 08:07:47,2026-06-06 14:01:41,flyers,phoenix,31,14,Final,2026-05-09 19:30:00
2026-05-09-PHI-CAR,smadiraju,6.41,73.7,dbruer,7.77,89.93,0,0,0,"aolcese,bmorrison,smadiraju,mtucker,ali,dbruer,nlyle",True,2026-05-09-PHI-CAR,30,14,4,10,88,3,11,True,False,560,home,444,1778376058.0,18,False,"tnye,mhanna,sheyman,crawlins,ddamiano,dloughnan,wzamsky",445,796,f53d849f78fd7120104282ee6669d04d800d9ab409ccb0d046e669293e2a6010,1778376058.0,False,560,60.875,16.2868812238562,1.36,16.23,-4.78993487752098,5b43a329b38aaeafe116c6656bd0955a80c2d1d53aa90f3c06c9873178daa5fe,0.953726121378747,0.0462738786212528,0.545831981857177,0.744717004553632,0.837987232237027,0.538176038391622,60.875,16,1.0,0.0932702276833954,0.205365027825593,796,7534bad054bf79806d1d6754fa0bcfb210d24fcc,2026-07-21 08:07:47,2026-06-06 14:01:41,flyers,phoenix,31,14,Final,2026-05-09 19:30:00
2026-05-09-PHI-CAR,dbruer,7.77,89.93,ali,3.68,105.27,0,0,0,"aolcese,bmorrison,smadiraju,mtucker,ali,dbruer,nlyle",True,2026-05-09-PHI-CAR,31,14,4,10,88,3,12,True,False,561,home,445,1778376069.0,19,False,"tnye,mhanna,sheyman,crawlins,ddamiano,dloughnan,wzamsky",446,798,02bbc94d9aa9899870687b6c91d613561fb7cbb6205b54852a58e2b6cd173af4,1778376069.0,False,561,58.9375,15.875884227343,-4.09,15.34,14.9290924285035,1677c3b1f7a44f2d6475d8e9aafcb76c6d345e41d2db840ed7258c0218eb0ef6,0.946894321102909,0.0531056788970905,0.545831981857177,0.835191559309303,1.0,0.504238645048084,58.9375,16,1.0,0.164808440690697,0.362879890496538,798,2570bda4d6ae41978e6f5ec2a7455b9787401260,2026-07-21 08:07:47,2026-06-06 14:01:41,flyers,phoenix,31,14,Final,2026-05-09 19:30:00
2026-05-09-PHI-CAR,jthornton,17.53,22.79,ddamiano,3.05,18.74,0,0,0,"tnye,sheyman,ddamiano,dloughnan,ndigiorgi,jthornton,crawlins",False,2026-05-09-PHI-CAR,31,14,4,11,57,1,1,True,True,562,away,353,1778376129.0,18,False,"cwilliams,cbelus,jreinhard,smadiraju1,dswanson,bmorrison,aolcese",354,802,d1efbc44f29aa93072778c9ccdf6ac1dddce2804250a8e0f7ad28f89b039883c,1778376129.0,False,562,57.0,15.035720800813,-14.48,-4.05,105.626100599441,b54c6b66cd55222b3b11fa96e2e8bb372123a3be403af3c85c61578850f67bbe,0.984731063100683,0.0152689368993169,0.465015155100479,0.486250076252676,0.495781508221197,0.885552228432614,57.0,17,1.0,0.00953143196852124,0.0178162653753517,802,06e47c1345e8660d6e4849d7cbe8a94c3e560600,2026-07-21 08:07:47,2026-06-06 14:01:41,flyers,phoenix,31,14,Final,2026-05-09 19:30:00
2026-05-09-PHI-CAR,ddamiano,3.05,18.74,sheyman,-19.53,35.35,0,0,0,"tnye,sheyman,ddamiano,dloughnan,ndigiorgi,jthornton,crawlins",False,2026-05-09-PHI-CAR,31,14,4,11,57,1,2,True,True,563,away,354,1778376133.0,18,False,"cwilliams,cbelus,jreinhard,smadiraju1,dswanson,bmorrison,aolcese",355,803,1fce0a914e05f5ff9793a1c72365c20cf6df9cfebc1cfcd33ba1b49ebe55b519,1778376133.0,False,563,53.6470588235294,28.0312058249373,-22.58,16.61,53.6615499264781,3f4f4fc1f2fadb7595a2a61596b8c2b49a2c685e90ecfedcfd8ab78234883dd2,0.955442090922245,0.0445579090777555,0.465015155100479,0.486338558376494,0.511339741555155,0.776465714360408,53.6470588235294,17,1.0,0.0250011831786607,0.0467325073168314,803,3b70b9123ba078e817691cc7a3ee83b65c5f475d,2026-07-21 08:07:47,2026-06-06 14:01:41,flyers,phoenix,31,14,Final,2026-05-09 19:30:00
2026-05-09-PHI-CAR,sheyman,-19.53,35.35,jthornton,22.27,33.63,0,0,0,"tnye,sheyman,ddamiano,dloughnan,ndigiorgi,jthornton,crawlins",False,2026-05-09-PHI-CAR,31,14,4,11,57,1,3,True,True,564,away,355,1778376140.0,18,False,"cwilliams,cbelus,jreinhard,smadiraju1,dswanson,bmorrison,aolcese",356,804,9bfbabc61d93be337c30b7c64872ef51f79e77c5b048f2c65494ac8cf65dbee5,1778376140.0,False,564,50.2941176470588,41.8353725930581,41.8,-1.72,-92.3562960955406,6e34b5d3b55e30cbf37343f1a4a2c9e0fc677e80cb2ca4075feca6c538358546,0.913146030582859,0.0868539694171413,0.465015155100479,0.501444427359167,0.475337381517493,0.770238235217143,50.2941176470588,17,1.0,-0.0261070458416736,-0.0487995988869123,804,d2c099447b738488cdf116633445c218a78fe448,2026-07-21 08:07:47,2026-06-06 14:01:41,flyers,phoenix,31,14,Final,2026-05-09 19:30:00
2026-05-09-PHI-CAR,jthornton,22.27,33.63,,26.46,61.57,1,0,0,"tnye,sheyman,ddamiano,dloughnan,ndigiorgi,jthornton,crawlins",False,2026-05-09-PHI-CAR,31,14,4,11,57,1,4,True,True,565,away,356,1778376153.0,22,False,"cwilliams,cbelus,jreinhard,smadiraju1,dswanson,bmorrison,aolcese",357,806,d9019c800696eef53364d69fa82aff82cfc1eb17eaa449ff4e49e5539d53f272,1778376153.0,False,565,46.9411764705882,28.2524282142261,4.19,27.94,-8.52876005209632,bb3abd043d6696e28fa2024354f60c0bb1141f18d4886db21cc761d39509e524,0.635626375769489,-0.635626375769489,0.465015155100479,0.465015155100479,0.563294595559635,0.532292174192057,46.9411764705882,17,1.0,-0.532292174192057,-0.532292174192057,806,3fc2de214838f9bc4317e7e71647552e16a44da2,2026-07-21 08:07:47,2026-06-06 14:01:41,flyers,phoenix,31,14,Final,2026-05-09 19:30:00
2026-05-09-PHI-CAR,aolcese,-26.06,53.93,cbelus,0.95,49.56,0,0,0,"cwilliams,cbelus,jreinhard,smadiraju1,dswanson,bmorrison,aolcese",True,2026-05-09-PHI-CAR,31,14,4,11,57,2,1,False,False,566,home,449,1778376161.0,18,False,"tnye,sheyman,ddamiano,dloughnan,ndigiorgi,jthornton,crawlins",450,807,b9a0e046674239c4f78b51b4396a5efa746487a93bdfa18750cdab6e9d2bb9d4,1778376161.0,False,566,43.5882352941176,27.3612316974218,27.01,-4.37,-99.1903560608977,6c92f849f28a850d9859b519393fee94ca16ce66209b6746bcc9b09d22720be8,0.931820121689519,0.0681798783104806,0.443166646695995,0.502262052843934,0.567022855038419,0.684144182919679,43.5882352941176,17,1.0,0.0647608021944847,0.116301945295163,807,8193b73eec8b2ea775ff15020e01b2ea6cf6aefd,2026-07-21 08:07:47,2026-06-06 14:01:41,flyers,phoenix,31,14,Final,2026-05-09 19:30:00
2026-05-09-PHI-CAR,cbelus,0.95,49.56,aolcese,-9.69,50.45,0,0,0,"cwilliams,cbelus,jreinhard,smadiraju1,dswanson,bmorrison,aolcese",True,2026-05-09-PHI-CAR,31,14,4,11,57,2,2,False,False,567,home,450,1778376164.0,18,False,"tnye,sheyman,ddamiano,dloughnan,ndigiorgi,jthornton,crawlins",451,808,035005b4e55f6b66192cf6b1ea2e8e90f70e08a83deb9b8bab63f13772d1b9bb,1778376164.0,False,567,40.2352941176471,10.6771578615285,-10.64,0.890000000000001,85.218532758161,b0d9481d24e71406170f9f45a773c8865fafd0d16d3e618f109ad527a8ff6e79,0.984771763193052,0.0152282368069476,0.443166646695995,0.555876842395894,0.557867394781977,0.666225252243462,40.2352941176471,17,1.0,0.00199055238608248,0.00357477219040744,808,29f6bb0e002d1c7e402021d2c8f67ddaed3a9726,2026-07-21 08:07:47,2026-06-06 14:01:41,flyers,phoenix,31,14,Final,2026-05-09 19:30:00
2026-05-09-PHI-CAR,aolcese,-9.69,50.45,cbelus,-6.14,52.5,0,0,0,"cwilliams,cbelus,jreinhard,smadiraju1,dswanson,bmorrison,aolcese",True,2026-05-09-PHI-CAR,31,14,4,11,57,2,3,False,False,568,home,451,1778376165.0,18,False,"tnye,sheyman,ddamiano,dloughnan,ndigiorgi,jthornton,crawlins",452,809,e0a16362bf7f75f550d207be4be301dc9ad0e93c000d7238a1f6678abdd11533,1778376165.0,False,568,36.8823529411765,4.09939019855392,3.55,2.05,-59.995079129176,4db56efc9faa9cd45a05d0a9b7c2dbce06e629ad41b23866edf9c8de3f1243d3,0.990276079480997,0.0097239205190025,0.443166646695995,0.546182603946284,0.558072513476699,0.644291177704816,36.8823529411765,17,1.0,0.0118899095304142,0.0213527251194001,809,49c81cb7e6c83b6ffda3fcafac987d3f85204896,2026-07-21 08:07:47,2026-06-06 14:01:41,flyers,phoenix,31,14,Final,2026-05-09 19:30:00
2026-05-09-PHI-CAR,cbelus,-6.14,52.5,bmorrison,-16.65,47.18,0,0,0,"cwilliams,cbelus,jreinhard,smadiraju1,dswanson,bmorrison,aolcese",True,2026-05-09-PHI-CAR,31,14,4,11,57,2,4,False,False,569,home,452,1778376169.0,18,False,"tnye,sheyman,ddamiano,dloughnan,ndigiorgi,jthornton,crawlins",453,810,b03f6a15a3c93c6c4fdf3e12dd36d72019e8e66e10be4dad509dd6331e37af83,1778376169.0,False,569,33.5294117647059,11.7797495728899,-10.51,-5.32,116.847829873329,0c19052ac9252b0c952c4c6730eacdba744365a0eb01f98766dfd188c7d12258,0.98770567502469,0.0122943249753098,0.443166646695995,0.545886060761795,0.505817244084783,0.653085834190936,33.5294117647059,17,1.0,-0.0400688166770118,-0.0719583631965668,810,316218f641938afcb99f6081fe48f13089b02ada,2026-07-21 08:07:47,2026-06-06 14:01:41,flyers,phoenix,31,14,Final,2026-05-09 19:30:00
2026-05-09-PHI-CAR,bmorrison,-16.65,47.18,cbelus,-6.21,50.25,0,0,0,"cwilliams,cbelus,jreinhard,smadiraju1,dswanson,bmorrison,aolcese",True,2026-05-09-PHI-CAR,31,14,4,11,57,2,5,False,False,570,home,453,1778376170.0,18,False,"tnye,sheyman,ddamiano,dloughnan,ndigiorgi,jthornton,crawlins",454,811,b7039546bebc349d6c56d33663a83e174a10043c19251c298bc8382dbb89e9c1,1778376170.0,False,570,30.1764705882353,10.882026465691,10.44,3.07,-73.613430976418,1e3c23b909d4941cff00873b0ff21836f5030706c9a9f1bbd33971cb81c11a57,0.980775557016575,0.0192244429834246,0.443166646695995,0.492979539736676,0.521725491643472,0.635671727251205,30.1764705882353,17,1.0,0.0287459519067964,0.051623976430705,811,4e2330f55f6b38556df0c7b16fc6297accb48fbc,2026-07-21 08:07:47,2026-06-06 14:01:41,flyers,phoenix,31,14,Final,2026-05-09 19:30:00
2026-05-09-PHI-CAR,cbelus,-6.21,50.25,cwilliams,1.63,54.4,0,0,0,"cwilliams,cbelus,jreinhard,smadiraju1,dswanson,bmorrison,aolcese",True,2026-05-09-PHI-CAR,31,14,4,11,57,2,6,False,False,571,home,454,1778376174.0,18,False,"tnye,sheyman,ddamiano,dloughnan,ndigiorgi,jthornton,crawlins",455,812,d18c80a116745dc6d93add61897f1f57a1ea594b14335ef22e8480afcb7a36c7,1778376174.0,False,571,26.8235294117647,8.87063131913394,7.84,4.15,-62.1060868650523,2fe797e296cbff5c5f08a2d057b4dc028cd90256ce8f1d8b71f489741690fa27,0.985687235015425,0.0143127649845749,0.443166646695995,0.508370582311061,0.530569616356292,0.596609809504208,26.8235294117647,17,0.999,0.0221990340452306,0.0398665667448102,812,2446f86bbce88bc1d31d3e1048f4f2d75e471f61,2026-07-21 08:07:47,2026-06-06 14:01:41,flyers,phoenix,31,14,Final,2026-05-09 19:30:00
2026-05-09-PHI-CAR,cwilliams,1.63,54.4,aolcese,9.41,55.02,0,0,0,"cwilliams,cbelus,jreinhard,smadiraju1,dswanson,bmorrison,aolcese",True,2026-05-09-PHI-CAR,31,14,4,11,57,2,7,False,False,572,home,455,1778376177.0,18,False,"tnye,sheyman,ddamiano,dloughnan,ndigiorgi,jthornton,crawlins",456,813,f08d7bb9738f6cdb37dcc28da2616fc68f990b1e77dddb01d39b1f6a4f82f2a7,1778376177.0,False,572,23.4705882352941,7.80466527148987,7.78,0.620000000000005,-85.4436415615107,52cffedd1fe60f17704d3f9bcca970cc00517f42ac6983493702fa7cfaa873be,0.987465784552342,0.012534215447658,0.443166646695995,0.516693185621492,0.517604335603726,0.577087669076847,23.4705882352941,17,0.999,0.000911149982234072,0.0016363064044704,813,178b53da12398096b967d0bb35d929da91a891ae,2026-07-21 08:07:47,2026-06-06 14:01:41,flyers,phoenix,31,14,Final,2026-05-09 19:30:00
2026-05-09-PHI-CAR,aolcese,9.41,55.02,smadiraju1,1.36,57.2,0,0,0,"cwilliams,cbelus,jreinhard,smadiraju1,dswanson,bmorrison,aolcese",True,2026-05-09-PHI-CAR,31,14,4,11,57,2,8,False,False,573,home,456,1778376180.0,18,False,"tnye,sheyman,ddamiano,dloughnan,ndigiorgi,jthornton,crawlins",457,814,a4887a90ee3f385de054d59ecf5ff0b37f60725cee48874530eb1047374bf142,1778376180.0,False,573,20.1176470588235,8.33995803346756,-8.05,2.18,74.84731343639,ac627ea246e52d688e9539a3c3c31a3c6252b529ab1accc63b51a4584b45c423,0.985912217196931,0.0140877828030687,0.443166646695995,0.503151391974858,0.517743947765042,0.55114322022598,20.1176470588235,17,0.999,0.0145925557901837,0.0262063249329407,814,406fd7891764b9e60568bc720abb2c8bf9bb1189,2026-07-21 08:07:47,2026-06-06 14:01:41,flyers,phoenix,31,14,Final,2026-05-09 19:30:00
2026-05-09-PHI-CAR,smadiraju1,1.36,57.2,bmorrison,-7.51,51.81,0,0,0,"cwilliams,cbelus,jreinhard,smadiraju1,dswanson,bmorrison,aolcese",True,2026-05-09-PHI-CAR,31,14,4,11,57,2,9,False,False,574,home,457,1778376182.0,18,False,"tnye,sheyman,ddamiano,dloughnan,ndigiorgi,jthornton,crawlins",458,815,cc2fe4276b4a0f6d6b36d002d09e63a0d6691981ba1ce1b1ec76241bc87a0eba,1778376182.0,False,574,16.7647058823529,10.3792581623158,-8.87,-5.39,121.285639547472,856a5bc620e8d2388a4e237fd49f8b63a5cca484928afde9367c3feea981d702,0.986656311491278,0.013343688508722,0.443166646695995,0.502728213879437,0.472468947481637,0.570401640794871,16.7647058823529,17,0.999,-0.0302592663978005,-0.0543416916717636,815,fe85be9ce4ff8f7e0ddf758c9d3bfe1c7cf93ff3,2026-07-21 08:07:47,2026-06-06 14:01:41,flyers,phoenix,31,14,Final,2026-05-09 19:30:00
2026-05-09-PHI-CAR,bmorrison,-7.51,51.81,jreinhard,-15.21,54.06,0,0,0,"cwilliams,cbelus,jreinhard,smadiraju1,dswanson,bmorrison,aolcese",True,2026-05-09-PHI-CAR,31,14,4,11,57,2,10,False,False,575,home,458,1778376185.0,18,False,"tnye,sheyman,ddamiano,dloughnan,ndigiorgi,jthornton,crawlins",459,816,dec9654c8ccc5a4e2a33ecc173172cecca39755c75a9a51a5005b5d44d6cb4ca,1778376185.0,False,575,13.4117647058824,8.02200099725748,-7.7,2.25,73.7112259699406,2148b6f188f6dcbe769e6c9cd01418a594a5600d32ad9e67587cb6f1643da74c,0.987601003952754,0.0123989960472457,0.443166646695995,0.456950586009056,0.45919364262419,0.528579771397562,13.4117647058824,17,0.999,0.00224305661513385,0.00402823681775623,816,fbf761021c79a26ef5a96fe5356d879277e99c6b,2026-07-21 08:07:47,2026-06-06 14:01:41,flyers,phoenix,31,14,Final,2026-05-09 19:30:00
2026-05-09-PHI-CAR,jreinhard,-15.21,54.06,cwilliams,-22.17,66.54,0,0,0,"cwilliams,cbelus,jreinhard,smadiraju1,dswanson,bmorrison,aolcese",True,2026-05-09-PHI-CAR,31,14,4,11,57,2,11,False,False,576,home,459,1778376188.0,18,False,"tnye,sheyman,ddamiano,dloughnan,ndigiorgi,jthornton,crawlins",460,817,806e2d25209a0041954600bce563709805f24ee1d6aa5732c0516b22ca072c7e,1778376188.0,False,576,10.0588235294118,14.28957662074,-6.96,12.48,29.148071845713,42aef9a7919261392ec64804b020e395f633a6aadf57ac055367871b68244494,0.970496625102865,0.0295033748971348,0.443166646695995,0.443166646695995,0.48464519785766,0.405617903070589,10.0588235294118,17,0.999,0.0414785511616647,0.0744900622700654,817,ab7e660bc80cd02557091dc051332d9dc929cb50,2026-07-21 08:07:47,2026-06-06 14:01:41,flyers,phoenix,31,14,Final,2026-05-09 19:30:00
2026-05-09-PHI-CAR,cwilliams,-22.17,66.54,,-22.17,66.54,1,0,0,"cwilliams,cbelus,jreinhard,smadiraju1,dswanson,bmorrison,aolcese",True,2026-05-09-PHI-CAR,31,14,4,11,57,2,12,False,False,577,home,460,1778376193.0,22,False,"tnye,sheyman,ddamiano,dloughnan,ndigiorgi,jthornton,crawlins",461,818,b9b5137be25ec314a965c61dbddd548351248a6108080fff654a33461190e9d8,1778376193.0,False,577,6.70588235294118,0.0,0.0,0.0,-90.0,151b849eb174ab3b6f73b32d222a450f812ec41368537cc453d0ef9ef564401a,0.5,-0.5,0.443166646695995,0.467905272016206,0.467905272016206,0.389544349824082,6.70588235294118,17,0.999,-0.389544349824082,-0.389544349824082,818,78db03e9d21559ee34d75ea1bd2a7d62825b3659,2026-07-21 08:07:47,2026-06-06 14:01:41,flyers,phoenix,31,14,Final,2026-05-09 19:30:00
2026-05-09-PHI-CAR,jthornton,8.4,17.29,,20.35,64.8,1,0,0,"tnye,sheyman,ddamiano,dloughnan,ndigiorgi,jthornton,crawlins",False,2026-05-09-PHI-CAR,31,14,4,11,57,3,1,True,True,578,away,358,1778376209.0,22,False,"cwilliams,cbelus,jreinhard,smadiraju1,dswanson,bmorrison,aolcese",359,822,553272a2af2a8661e16f691fd54c8721857867c5066ec91ac45bf4ca0deae995,1778376209.0,False,578,3.35294117647059,48.9898213917953,11.95,47.51,-14.1185038008253,8f824bf8aaf7713d2a99fc27a4e9d093b9a803b2fae0b0094a07ee6db8b6a6b9,0.772706702232136,-0.772706702232136,0.292274052258737,0.292274052258737,0.448866651468937,0.395789089479044,3.35294117647059,17,0.999,-0.395789089479044,-0.395789089479044,822,b04f2b5d24f1d1bdd0a5df4708bbdf5bb4d6b6fc,2026-07-21 08:07:47,2026-06-06 14:01:41,flyers,phoenix,31,14,Final,2026-05-09 19:30:00
