Thrower,ThrowerX,ThrowerY,Receiver,ReceiverX,ReceiverY,turnover,DroppedThrow,stall,offensive_line,is_home_team,GameID,home_team_score,away_team_score,game_quarter,quarter_point,PointStartTime,possession_num,possession_throw,start_on_offense,o_line,event_id,source_side,source_side_idx,source_timestamp,source_event_type,is_callahan,defensive_line,source_event_id,global_event_seq,event_sig_id,derived_sort_timestamp,sort_timestamp_imputed,event_id_calc,time_left,throw_distance,x_diff,y_diff,throw_angle,throw_sig_id,cp,cpoe,min_fv,fv_thrower,fv_receiver,fv_opponent,game_time_left,score_diff,win_prob,ec,aec,source_global_event_seq,source_throw_hash,insert_timestamp,original_insert_timestamp,game_id,home_team_id,away_team_id,home_score_final,away_score_final,start_timestamp
aroy,12.73,11.94,smott,13.62,26.22,0,0,0,"zburpee,cloverane,smott,aroy,tshapinsk,cboxley,amerriman",False,2026-04-25-DC-BOS,0,0,1,1,720.0,1,1,True,True,1,away,1,1777159001.0,18,False,"itran,tallen1,mmcdonnel,ghaflin,ograff,tchan,ldecraene",2,4,0572536f869d98189ee8fdd06dc32d24f70fa2a350e65eaca3af8a6bb4fffcee,1777159001.0,False,1,720.0,14.3077077129776,0.889999999999999,14.28,-3.5663425227181,609f1c697bb10c70f98ea25d67929e20572559d3708ee8e99a2fca9ec09d7e7a,0.978976059006314,0.021023940993686,0.672218270726909,0.672218270726909,0.703124901030239,0.9286868154772,2880.0,0.0,0.52,0.0309066303033304,0.094290277776833,4.0,54e9734e12b55e62f503e1a561ba99e4d9389cad,2026-08-18 08:07:04,2026-06-06 14:01:41,2026-04-25-DC-BOS,glory,breeze,21,16,2026-04-25 19:00:00
smott,13.62,26.22,aroy,-3.95,21.89,0,0,0,"zburpee,cloverane,smott,aroy,tshapinsk,cboxley,amerriman",False,2026-04-25-DC-BOS,0,0,1,1,720.0,1,2,True,True,2,away,2,1777159006.0,18,False,"itran,tallen1,mmcdonnel,ghaflin,ograff,tchan,ldecraene",3,5,348676ea2425a906974ae3bf1bb305900a841b0785fcddbd60cc4d1c62c6ae10,1777159006.0,False,2,715.090909090909,18.0956845684268,-17.57,-4.33,103.844259936618,8688c26a23988e4428a9191ea5328416ec49a6e3771ef425256297257921d5fd,0.980941027654229,0.0190589723457714,0.672218270726909,0.696562237647722,0.692833167700267,0.940198594265325,2875.09090909091,0.0,0.521,-0.00372906994745459,-0.0113766864178928,5.0,2d0aef72b48d5eca779b32e25fdef9d966698cb8,2026-08-18 08:07:04,2026-06-06 14:01:41,2026-04-25-DC-BOS,glory,breeze,21,16,2026-04-25 19:00:00
aroy,-3.95,21.89,zburpee,-16.65,37.75,0,0,0,"zburpee,cloverane,smott,aroy,tshapinsk,cboxley,amerriman",False,2026-04-25-DC-BOS,0,0,1,1,720.0,1,3,True,True,3,away,3,1777159010.0,18,False,"itran,tallen1,mmcdonnel,ghaflin,ograff,tchan,ldecraene",4,6,5fb13133c67db3c476f19fb3c207ed119a126617d0cbb8e7075324746e6a27cb,1777159010.0,False,3,710.181818181818,20.3182085824514,-12.7,15.86,38.6862321320844,fdc9ae66f115cc864c86a50dbe88efcb74d36d628a6436229d4e4d11dfbe17ca,0.968380122526279,0.0316198774737213,0.672218270726909,0.686604562499626,0.718064831493084,0.882350477847634,2870.18181818182,0.0,0.515,0.031460268993458,0.0959793246049016,6.0,31586bc3270e12e5d586cea3e0e084e169275cc9,2026-08-18 08:07:04,2026-06-06 14:01:41,2026-04-25-DC-BOS,glory,breeze,21,16,2026-04-25 19:00:00
zburpee,-16.65,37.75,aroy,-2.1,33.22,0,0,0,"zburpee,cloverane,smott,aroy,tshapinsk,cboxley,amerriman",False,2026-04-25-DC-BOS,0,0,1,1,720.0,1,4,True,True,4,away,4,1777159013.0,18,False,"itran,tallen1,mmcdonnel,ghaflin,ograff,tchan,ldecraene",5,7,1cbdec1583e4f49a58eb3212c2e0f405b67223a27a8194442d43d7571da26463,1777159013.0,False,4,705.272727272727,15.2388779114474,14.55,-4.53,-107.293465408593,f6a9d9fbe60efdf7ca26c44974c332324cd4c82cde3d0c15a3cd5ab1df86b26a,0.981351072353975,0.018648927646025,0.672218270726909,0.712559313472655,0.71094141809402,0.902404346342912,2865.27272727273,0.0,0.516,-0.0016178953786341,-0.00493589249840755,7.0,516a33fb5fdbec7e9bae39b3af0044be1272f639,2026-08-18 08:07:04,2026-06-06 14:01:41,2026-04-25-DC-BOS,glory,breeze,21,16,2026-04-25 19:00:00
aroy,-2.1,33.22,amerriman,-9.51,40.98,0,0,0,"zburpee,cloverane,smott,aroy,tshapinsk,cboxley,amerriman",False,2026-04-25-DC-BOS,0,0,1,1,720.0,1,5,True,True,5,away,5,1777159016.0,18,False,"itran,tallen1,mmcdonnel,ghaflin,ograff,tchan,ldecraene",6,8,882c4ed59f92aa8726322d4b8dfb38b1993f93367078227d826284153ec239a8,1777159016.0,False,5,700.363636363636,10.7296644868328,-7.41,7.76,43.6783147176747,48768cee3ce70ecd81f2d2e80ceb409cdb931804e648410beb5da1b1468551bf,0.984160054026118,0.0158399459738822,0.672218270726909,0.705769728886372,0.727975154849309,0.870993432530757,2860.36363636364,0.0,0.512,0.0222054259629365,0.0677445506562572,8.0,e68a2af51e090d4e71a729870abcbe54322f84b6,2026-08-18 08:07:04,2026-06-06 14:01:41,2026-04-25-DC-BOS,glory,breeze,21,16,2026-04-25 19:00:00
amerriman,-9.51,40.98,aroy,0.24,35.62,0,0,0,"zburpee,cloverane,smott,aroy,tshapinsk,cboxley,amerriman",False,2026-04-25-DC-BOS,0,0,1,1,720.0,1,6,True,True,6,away,6,1777159019.0,18,False,"itran,tallen1,mmcdonnel,ghaflin,ograff,tchan,ldecraene",7,9,d518610639efc0e9d270ac3d130e8f5b42d0424cdf063c7a3d1613ecfd2c7e34,1777159019.0,False,6,695.454545454545,11.1261898240143,9.75,-5.36,-118.799513269912,511d29596f19fd4710953e9cfca9bb03df7cbac23e2b0f9c24a416748d6e2a6d,0.988068481561606,0.0119315184383944,0.672218270726909,0.723376674952183,0.708226401913784,0.889545729906769,2855.45454545455,0.0,0.516,-0.0151502730383989,-0.0462206147731207,9.0,e353124d312e4de54002fe862b51149cc1619209,2026-08-18 08:07:04,2026-06-06 14:01:41,2026-04-25-DC-BOS,glory,breeze,21,16,2026-04-25 19:00:00
aroy,0.24,35.62,cboxley,18.7,38.85,0,0,0,"zburpee,cloverane,smott,aroy,tshapinsk,cboxley,amerriman",False,2026-04-25-DC-BOS,0,0,1,1,720.0,1,7,True,True,7,away,7,1777159022.0,18,False,"itran,tallen1,mmcdonnel,ghaflin,ograff,tchan,ldecraene",8,10,d19e7053202a799e49e68e27527b4e4f168fe6cf03c61830635cd7a56d089db4,1777159022.0,False,7,690.545454545455,18.7404509017259,18.46,3.23,-80.0752602759135,b6f56e0fe63bf480ac82f2230a307c22dac2fcbf27b7c5d5bf35d9a26c7e2fdf,0.980530070909579,0.0194699290904208,0.672218270726909,0.70381932596494,0.692324260874628,0.865101379081803,2850.54545454545,0.0,0.518,-0.0114950650903115,-0.035069267331659,10.0,f9b41a2e66227c93f310235d62042dba7e9cbfef,2026-08-18 08:07:04,2026-06-06 14:01:41,2026-04-25-DC-BOS,glory,breeze,21,16,2026-04-25 19:00:00
cboxley,18.7,38.85,cloverane,23.57,51.0,0,0,0,"zburpee,cloverane,smott,aroy,tshapinsk,cboxley,amerriman",False,2026-04-25-DC-BOS,0,0,1,1,720.0,1,8,True,True,8,away,8,1777159026.0,18,False,"itran,tallen1,mmcdonnel,ghaflin,ograff,tchan,ldecraene",9,11,fdc6d7d95c03c55245a4debc487f0d5b7fc3552c6e1fd889857768122d18ab2a,1777159026.0,False,8,685.636363636364,13.0896676810376,4.87,12.15,-21.8420505488457,ac75b7a98f316ed6f6d25bd0d65a0080307c070db32522246a511d87bbf8685a,0.968273907131196,0.0317260928688041,0.672218270726909,0.688169049622632,0.708502341896049,0.788647540182251,2845.63636363636,0.0,0.515,0.0203332922734173,0.0620330252040273,11.0,e0b4e85d6bf0b44b38baf79900a357777c172019,2026-08-18 08:07:04,2026-06-06 14:01:41,2026-04-25-DC-BOS,glory,breeze,21,16,2026-04-25 19:00:00
cloverane,23.57,51.0,,-1.76,38.16,1,0,0,"zburpee,cloverane,smott,aroy,tshapinsk,cboxley,amerriman",False,2026-04-25-DC-BOS,0,0,1,1,720.0,1,9,True,True,9,away,9,1777159036.0,22,False,"itran,tallen1,mmcdonnel,ghaflin,ograff,tchan,ldecraene",10,13,f69d8d0c03af005c8637ea0098110e2e68ae02da53723c4c16c9d92da29e9eb3,1777159036.0,False,9,680.727272727273,28.3984946784156,-25.33,-12.84,116.88085148822,f63a7475ea50c20355bea5104f09ce2cae37abe166cf0cada8dca40cd1e4da8c,0.951207857790285,-0.951207857790285,0.672218270726909,0.704832675536411,0.704020376109251,0.873891185264808,2840.72727272727,0.0,0.669,-0.873891185264808,-0.873891185264808,13.0,31031c91625711debe312d0c936b81d93ce2a6ae,2026-08-18 08:07:04,2026-06-06 14:01:41,2026-04-25-DC-BOS,glory,breeze,21,16,2026-04-25 19:00:00
ograff,0.74,75.03,mmcdonnel,-6.42,83.22,0,0,0,"itran,tallen1,mmcdonnel,ghaflin,ograff,tchan,ldecraene",True,2026-04-25-DC-BOS,0,0,1,1,720.0,2,1,False,False,10,home,3,1777159050.0,18,False,"zburpee,cloverane,smott,aroy,tshapinsk,cboxley,amerriman",4,14,c67707f1b6291e245876b712f18700c8745c4e7e99bb2c52136d6861bdf0e9aa,1777159050.0,False,10,675.818181818182,10.8784971388515,-7.16,8.19,41.1611518277891,d05b7ec73bad7d84ca8735bf94a8da917cbd25ef6eb8f96f724525f3103e71c3,0.975037297912521,0.0249627020874786,0.844539460220694,0.844539460220694,0.877167034816729,0.695536155052092,2835.81818181818,0.0,0.669,0.0326275745960345,0.209876889932025,14.0,eb442f529fa9678fcdc6f7077edcca9d5d814244,2026-08-18 08:07:04,2026-06-06 14:01:41,2026-04-25-DC-BOS,glory,breeze,21,16,2026-04-25 19:00:00
mmcdonnel,-6.42,83.22,tallen1,4.61,102.12,0,0,0,"itran,tallen1,mmcdonnel,ghaflin,ograff,tchan,ldecraene",True,2026-04-25-DC-BOS,1,0,1,1,720.0,2,2,False,False,11,home,4,1777159084.0,19,False,"zburpee,cloverane,smott,aroy,tshapinsk,cboxley,amerriman",5,16,f23fcf402a14f6eb4100020c9a0a11b30fa5fc63f881291ee0147f28b6ebe5f5,1777159084.0,False,11,670.909090909091,21.8831190647037,11.03,18.9,-30.267745168944,05b3ad275ce7e88b6802da00fed411456221f7c8385c53ce005de267cb57d83f,0.921144459808392,0.0788555401916081,0.844539460220694,0.875602323820745,1.0,0.645464441650696,2830.90909090909,0.0,0.686,0.124397676179255,0.800188114333399,16.0,3f508505c2bef7531a900332b9c26894f6867417,2026-08-18 08:07:04,2026-06-06 14:01:41,2026-04-25-DC-BOS,glory,breeze,21,16,2026-04-25 19:00:00
smott,0.0,40.0,aroy,6.14,34.18,0,0,0,"jwodatch1,mgrovic,jnissen,smott,cboxley,amerriman,aroy",False,2026-04-25-DC-BOS,1,0,1,2,666.0,1,1,True,True,12,away,12,1777159144.0,18,False,"tedmonds,sfisherol,cdavisbra,kdelorenz,mcoe,mmcdonnel,zsinger",13,20,1bb553c803dc94ecf0de5e2adcf5c99db6f6ba9b3739f2e62fd6f1cdf1a83a7e,1777159144.0,False,12,666.0,8.46002364062891,6.14,-5.82,-133.467368209642,df42f53e59163c0c303b4a973814cd0d64cd747827ce867a529ceb6787fe406e,0.991132011935812,0.00886798806418787,0.677975287571087,0.701106797660856,0.681549906188684,0.884414794269313,2826.0,1.0,0.694,-0.0195568914721715,-0.0607310268974738,20.0,1292fd8df33a5df3b769f01cfc21929c104d241a,2026-08-18 08:07:04,2026-06-06 14:01:41,2026-04-25-DC-BOS,glory,breeze,21,16,2026-04-25 19:00:00
aroy,6.14,34.18,amerriman,-10.82,37.96,0,0,0,"jwodatch1,mgrovic,jnissen,smott,cboxley,amerriman,aroy",False,2026-04-25-DC-BOS,1,0,1,2,666.0,1,2,True,True,13,away,13,1777159148.0,18,False,"tedmonds,sfisherol,cdavisbra,kdelorenz,mcoe,mmcdonnel,zsinger",14,21,d242fc5ea9e067602e98711c3e35ee88f374e12ccaf283088063960aef12bb3e,1777159148.0,False,13,658.75,17.3761330565808,-16.96,3.78,77.4354271397428,3563a1c530a166938e8ae36a6f5e92d6584336949a33c3b5174c854f4da8b4be,0.975652761386834,0.024347238613166,0.677975287571087,0.677975287571087,0.687935111089782,0.866192417347458,2818.75,1.0,0.693,0.0099598235186944,0.0309287552609586,21.0,f57566e5b6e8973742b0203ad7ca2a18ea2bbaf2,2026-08-18 08:07:04,2026-06-06 14:01:41,2026-04-25-DC-BOS,glory,breeze,21,16,2026-04-25 19:00:00
amerriman,-10.82,37.96,mgrovic,-16.99,58.62,0,0,0,"jwodatch1,mgrovic,jnissen,smott,cboxley,amerriman,aroy",False,2026-04-25-DC-BOS,1,0,1,2,666.0,1,3,True,True,14,away,14,1777159152.0,18,False,"tedmonds,sfisherol,cdavisbra,kdelorenz,mcoe,mmcdonnel,zsinger",15,22,8b43f303d7c71c9fc898da159e5bf6bbaf0bb552c5f060f9116b383dec16b047,1777159152.0,False,14,651.5,21.5616441859149,-6.17,20.66,16.627977697677,fefb6f7b1952a547469692d2a0b97ea6694e7ec988f8d155b204dbcb3f557ed9,0.950353756594982,0.049646243405018,0.677975287571087,0.685039843270508,0.754649219149017,0.764781425061123,2811.5,1.0,0.679,0.0696093758785085,0.216161596274618,22.0,5f830df210d09952923d4ea33b5c94eaf60a4ee7,2026-08-18 08:07:04,2026-06-06 14:01:41,2026-04-25-DC-BOS,glory,breeze,21,16,2026-04-25 19:00:00
mgrovic,-16.99,58.62,jwodatch1,-18.57,71.46,0,0,0,"jwodatch1,mgrovic,jnissen,smott,cboxley,amerriman,aroy",False,2026-04-25-DC-BOS,1,0,1,2,666.0,1,4,True,True,15,away,15,1777159154.0,18,False,"tedmonds,sfisherol,cdavisbra,kdelorenz,mcoe,mmcdonnel,zsinger",16,23,2f16dc7b91cd10bf2d8f32962a3f19b9eb57e537fdafc07ea687a30a0be75736,1777159154.0,False,15,644.25,12.9368466018578,-1.58,12.84,7.01514921699754,8cac65b2d3995953771417ea2f7b4b422dadb5c05fd2772267251a592bf24b3c,0.97427660195014,0.0257233980498601,0.677975287571087,0.752662374716974,0.806469692678586,0.702910838430417,2804.25,1.0,0.667,0.0538073179616118,0.167090648279019,23.0,5fc13bab4fa234d05be59e7630761358de168506,2026-08-18 08:07:04,2026-06-06 14:01:41,2026-04-25-DC-BOS,glory,breeze,21,16,2026-04-25 19:00:00
jwodatch1,-18.57,71.46,smott,-16.03,58.14,0,0,0,"jwodatch1,mgrovic,jnissen,smott,cboxley,amerriman,aroy",False,2026-04-25-DC-BOS,1,0,1,2,666.0,1,5,True,True,16,away,16,1777159157.0,18,False,"tedmonds,sfisherol,cdavisbra,kdelorenz,mcoe,mmcdonnel,zsinger",17,24,21acc1d4104dc11168a8275516ee8b29bc589b744e219a43b81b0afa1352e54a,1777159157.0,False,16,637.0,13.5600147492545,2.54,-13.32,-169.203842926139,0514b5ef0f540e571666b9ce57ae51460ccb7576695be7b2634872f5952bb912,0.981041526956797,0.0189584730432028,0.677975287571087,0.80519158683877,0.751278241350206,0.765995777350158,2797.0,1.0,0.679,-0.0539133454885647,-0.16741990104398,24.0,f2782ad61e59bae8a0ccdd96d93f292d89329130,2026-08-18 08:07:04,2026-06-06 14:01:41,2026-04-25-DC-BOS,glory,breeze,21,16,2026-04-25 19:00:00
smott,-16.03,58.14,jwodatch1,-0.45,56.97,0,0,0,"jwodatch1,mgrovic,jnissen,smott,cboxley,amerriman,aroy",False,2026-04-25-DC-BOS,1,0,1,2,666.0,1,6,True,True,17,away,17,1777159162.0,18,False,"tedmonds,sfisherol,cdavisbra,kdelorenz,mcoe,mmcdonnel,zsinger",18,25,41af15303b6858641edba8167f68e9933bb1d3fa13ec8af96b96fdcc5ddc06fc,1777159162.0,False,17,629.75,15.6238695591073,15.58,-1.17,-94.2946387156172,031a8906c0b22b24de8f56fb71a9306f735ea08d60e62adc2deb4c74022beaab,0.973117071822224,0.0268829281777762,0.677975287571087,0.750182913978393,0.754814031623945,0.780730975582235,2789.75,1.0,0.678,0.00463111764555257,0.014381249223458,25.0,af34ed65442dc7d0c5ee750cd2487fcfc074e5bf,2026-08-18 08:07:04,2026-06-06 14:01:41,2026-04-25-DC-BOS,glory,breeze,21,16,2026-04-25 19:00:00
jwodatch1,-0.45,56.97,mgrovic,12.11,65.56,0,0,0,"jwodatch1,mgrovic,jnissen,smott,cboxley,amerriman,aroy",False,2026-04-25-DC-BOS,1,0,1,2,666.0,1,7,True,True,18,away,18,1777159166.0,18,False,"tedmonds,sfisherol,cdavisbra,kdelorenz,mcoe,mmcdonnel,zsinger",19,26,a28b9ed6655926676e522d73c890a86634876001d674690758f255e9e8796dad,1777159166.0,False,18,622.5,15.2164943400246,12.56,8.59,-55.6311042913489,bd6002d11da6b343f09b7b686e1fe8d501f0737f06b77f43943b122f98a141be,0.970946250948562,0.0290537490514382,0.677975287571087,0.754118321304854,0.787379851896965,0.73988183391612,2782.5,1.0,0.67,0.0332615305921113,0.103288751789364,26.0,eeb622fc5fa3b08477237c1370031dc527054e54,2026-08-18 08:07:04,2026-06-06 14:01:41,2026-04-25-DC-BOS,glory,breeze,21,16,2026-04-25 19:00:00
mgrovic,12.11,65.56,amerriman,7.79,112.03,0,0,0,"jwodatch1,mgrovic,jnissen,smott,cboxley,amerriman,aroy",False,2026-04-25-DC-BOS,1,1,1,2,666.0,1,8,True,True,19,away,19,1777159184.0,19,False,"tedmonds,sfisherol,cdavisbra,kdelorenz,mcoe,mmcdonnel,zsinger",20,28,8cc1f89739d078c5b9f7a229fb04ec406d17d6cb1ae5f870cd9345827b778289,1777159184.0,False,19,615.25,46.6703685436488,-4.32,46.47,5.31113434389826,990b68af1946f457ec7699a36db4c0455503e06b045c69af0651c8a74d158413,0.692289217775896,0.307710782224104,0.677975287571087,0.7870656564249,1.0,0.627752989626873,2775.25,1.0,0.621,0.2129343435751,0.661236033623058,28.0,8d1dde9763e86a332f2dde3511268d20da0027cb,2026-08-18 08:07:04,2026-06-06 14:01:41,2026-04-25-DC-BOS,glory,breeze,21,16,2026-04-25 19:00:00
rdinger,-8.23,14.77,scarapell,9.51,27.87,0,0,0,"scarapell,bsadok,rdinger,ndick,ayuan,tdecraene,jbabbitt",True,2026-04-25-DC-BOS,1,1,1,3,608.0,1,1,True,True,20,home,9,1777159237.0,18,False,"xschafer,ilee,tgesell,bgreenber,lrehfuss,blamberty,mgrovic",10,32,c435308bf7c6b6864f80f089629ae738519e5f7b511489333961f157b3cac075,1777159237.0,False,20,608.0,22.0526098228758,17.74,13.1,-53.5562013297759,bcd02b22b661a3c1267deb7a82ce3563fdde78700ad3fa027c149f3f3c93a808,0.963048536736343,0.0369514632636571,0.614966836639686,0.614966836639686,0.647655502120186,0.901968606044859,2768.0,0.0,0.617,0.0326886654804999,0.0848983116031223,32.0,bddb90e0d36181bd2fb31b8ced2baea4c05b22a8,2026-08-18 08:07:04,2026-06-06 14:01:41,2026-04-25-DC-BOS,glory,breeze,21,16,2026-04-25 19:00:00
scarapell,9.51,27.87,ndick,0.22,45.03,0,0,0,"scarapell,bsadok,rdinger,ndick,ayuan,tdecraene,jbabbitt",True,2026-04-25-DC-BOS,1,1,1,3,608.0,1,2,True,True,21,home,10,1777159242.0,18,False,"xschafer,ilee,tgesell,bgreenber,lrehfuss,blamberty,mgrovic",11,33,55721927ec07c0f31236963f59b73fcfb3a4facd0753a718f986b7a260cac59a,1777159242.0,False,21,602.1,19.5133210909881,-9.29,17.16,28.430019566281,24e68e0abf2588c8817c2e04705ee2849dec6d7148e588cffb7de0ab161cf1fb,0.96019371086911,0.0398062891308905,0.614966836639686,0.647861309235829,0.706513415322065,0.832522922584195,2762.1,0.0,0.626,0.0586521060862362,0.152330011197891,33.0,e49390a97f91ed0c0bf88ac321f8cf9f4bef7fbb,2026-08-18 08:07:04,2026-06-06 14:01:41,2026-04-25-DC-BOS,glory,breeze,21,16,2026-04-25 19:00:00
ndick,0.22,45.03,tdecraene,-5.07,53.22,0,0,0,"scarapell,bsadok,rdinger,ndick,ayuan,tdecraene,jbabbitt",True,2026-04-25-DC-BOS,1,1,1,3,608.0,1,3,True,True,22,home,11,1777159248.0,18,False,"xschafer,ilee,tgesell,bgreenber,lrehfuss,blamberty,mgrovic",12,34,b39ab0c51f35d9aac5278efcfd7aed16475d1649da2440dea0c2d37327010255,1777159248.0,False,22,596.2,9.74988205056861,-5.29,8.19,32.8588072897443,0cf06d5a37eafd7ae06ed67f9306e32a98a0aa8737aa193eb067cd48b0af46e6,0.983871421552542,0.0161285784474577,0.614966836639686,0.70687431447062,0.738302594445426,0.796284720191521,2756.2,0.0,0.632,0.0314282799748051,0.0816248649870051,34.0,dc735d09d4ef79f766afc47a397add738c390a74,2026-08-18 08:07:04,2026-06-06 14:01:41,2026-04-25-DC-BOS,glory,breeze,21,16,2026-04-25 19:00:00
tdecraene,-5.07,53.22,ayuan,-8.1,65.09,0,0,0,"scarapell,bsadok,rdinger,ndick,ayuan,tdecraene,jbabbitt",True,2026-04-25-DC-BOS,1,1,1,3,608.0,1,4,True,True,23,home,12,1777159252.0,18,False,"xschafer,ilee,tgesell,bgreenber,lrehfuss,blamberty,mgrovic",13,35,6b6e5e481a4c11197c7058753ae7d704eefbc703947d8a26114d1b48b5c58d75,1777159252.0,False,23,590.3,12.2506244738789,-3.03,11.87,14.3198274693538,27ff814f7d29bd154f84b80cdab86381cea8c729baa1193732481c6fe7fd0105,0.974878352475209,0.0251216475247913,0.614966836639686,0.738778179663588,0.788629568235365,0.744905494898335,2750.3,0.0,0.641,0.0498513885717771,0.129472973540012,35.0,34b065bfc1fe394fdfa76406592a4ec19f020d48,2026-08-18 08:07:04,2026-06-06 14:01:41,2026-04-25-DC-BOS,glory,breeze,21,16,2026-04-25 19:00:00
ayuan,-8.1,65.09,tdecraene,-7.78,55.8,0,0,0,"scarapell,bsadok,rdinger,ndick,ayuan,tdecraene,jbabbitt",True,2026-04-25-DC-BOS,1,1,1,3,608.0,1,5,True,True,24,home,13,1777159255.0,18,False,"xschafer,ilee,tgesell,bgreenber,lrehfuss,blamberty,mgrovic",14,36,07190511843399c2ce5758d9e3bc23419a2eba01cc02a1fd187c50eb0892665f,1777159255.0,False,24,584.4,9.29550966865185,0.319999999999999,-9.29000000000001,-178.027190179215,4612eccb834d673d62b38efd4715643a04d3e5c7aeddcb91c85a0a55d14d4d25,0.987073730735263,0.0129262692647373,0.614966836639686,0.789140418104312,0.749386825726319,0.785256513082495,2744.4,0.0,0.633,-0.0397535923779929,-0.103247190530421,36.0,f2eafb8ce0c2e3e1dbffe9ecddb1e6a6f0ab0055,2026-08-18 08:07:04,2026-06-06 14:01:41,2026-04-25-DC-BOS,glory,breeze,21,16,2026-04-25 19:00:00
tdecraene,-7.78,55.8,scarapell,7.06,58.19,0,0,0,"scarapell,bsadok,rdinger,ndick,ayuan,tdecraene,jbabbitt",True,2026-04-25-DC-BOS,1,1,1,3,608.0,1,6,True,True,25,home,14,1777159262.0,18,False,"xschafer,ilee,tgesell,bgreenber,lrehfuss,blamberty,mgrovic",15,37,facacc073f74c36e2720405ff5b073ff8ab6d8eb6e85ee1138205b6cd9297b5b,1777159262.0,False,25,578.5,15.031224168377,14.84,2.39,-80.8510060669127,da29167f6f9a125b7bbf834c2e68936880a8cda97e571ea4ce3b73581a271ace,0.97494329090645,0.0250567090935501,0.614966836639686,0.750053769342128,0.760217299269692,0.775730816884492,2738.5,0.0,0.635,0.0101635299275646,0.0263965052746732,37.0,ce4b2e0838c06d4d710b7cda75186d79e073625e,2026-08-18 08:07:04,2026-06-06 14:01:41,2026-04-25-DC-BOS,glory,breeze,21,16,2026-04-25 19:00:00
scarapell,7.06,58.19,ndick,17.05,71.61,0,0,0,"scarapell,bsadok,rdinger,ndick,ayuan,tdecraene,jbabbitt",True,2026-04-25-DC-BOS,1,1,1,3,608.0,1,7,True,True,26,home,15,1777159266.0,18,False,"xschafer,ilee,tgesell,bgreenber,lrehfuss,blamberty,mgrovic",16,38,050bd5349489a48d6c743139c5763be5c5e00fc150b8a49b6050c75d68732dae,1777159266.0,False,26,572.6,16.7301075908077,9.99,13.42,-36.6644145596479,f4e45992f744eb9d54a3370a11f508d6e12e254608810a20c2336bad5382ec14,0.967887303802675,0.0321126961973255,0.614966836639686,0.760931876644747,0.808520249767295,0.709094683850147,2732.6,0.0,0.645,0.047588373122548,0.123595517610037,38.0,36b57f825035f6a0680d31846cc864a62baa5fdb,2026-08-18 08:07:04,2026-06-06 14:01:41,2026-04-25-DC-BOS,glory,breeze,21,16,2026-04-25 19:00:00
ndick,17.05,71.61,tdecraene,16.28,62.06,0,0,0,"scarapell,bsadok,rdinger,ndick,ayuan,tdecraene,jbabbitt",True,2026-04-25-DC-BOS,1,1,1,3,608.0,1,8,True,True,27,home,16,1777159272.0,18,False,"xschafer,ilee,tgesell,bgreenber,lrehfuss,blamberty,mgrovic",17,39,4d9602dbeb4c81f99514c546329102cf6f0e59718489c223f618c22e8357e352,1777159272.0,False,27,566.7,9.5809915979506,-0.77,-9.55,175.390312100578,a10674fef627b1bc0c1ce71eddb378e8a824d422afbc4d98d637b5e27c5213b0,0.985725213797652,0.0142747862023479,0.614966836639686,0.809165988244139,0.767732380881822,0.751388351223994,2726.7,0.0,0.635,-0.0414336073623175,-0.107610489965884,39.0,df137461e129f26a5909ce9798f08be9037ef2e6,2026-08-18 08:07:04,2026-06-06 14:01:41,2026-04-25-DC-BOS,glory,breeze,21,16,2026-04-25 19:00:00
tdecraene,16.28,62.06,scarapell,20.34,88.51,0,0,0,"scarapell,bsadok,rdinger,ndick,ayuan,tdecraene,jbabbitt",True,2026-04-25-DC-BOS,1,1,1,3,608.0,1,9,True,True,28,home,17,1777159280.0,18,False,"xschafer,ilee,tgesell,bgreenber,lrehfuss,blamberty,mgrovic",18,40,1623b70fba2b6fbb5c0fe6919abff7d98043155269e8ce11693882bd4460f555,1777159280.0,False,28,560.8,26.7597851261926,4.06,26.45,-8.7266279463488,8095b08c5a1d931f0544df75699ce9587089e8ee4b36a720e3382d18a9ff87ea,0.908823348132889,0.0911766518671111,0.614966836639686,0.768500294982999,0.877333756478772,0.637599944951745,2720.8,0.0,0.66,0.108833461495772,0.28265996764005,40.0,7b9db11068d637def595c75186cbdcdbf57f2f7f,2026-08-18 08:07:04,2026-06-06 14:01:41,2026-04-25-DC-BOS,glory,breeze,21,16,2026-04-25 19:00:00
scarapell,20.34,88.51,jbabbitt,22.73,106.96,0,0,0,"scarapell,bsadok,rdinger,ndick,ayuan,tdecraene,jbabbitt",True,2026-04-25-DC-BOS,2,1,1,3,608.0,1,10,True,True,29,home,18,1777159291.0,19,False,"xschafer,ilee,tgesell,bgreenber,lrehfuss,blamberty,mgrovic",19,42,2c2f15ad2e44b02324e0db7ee6f4dcd972bfa3d7488742652681cdd2cd0f1603,1777159291.0,False,29,554.9,18.6041554497913,2.39,18.45,-7.38095285765048,be60420104d765c238b29fac6511e3b155c0a05571d367835fa155f4466982d6,0.922306767678334,0.0776932323216656,0.614966836639686,0.877798877703906,1.0,0.588849892530878,2714.9,0.0,0.676,0.122201122296094,0.317378173946377,42.0,800a9b4ff38342a62c6ea9fdde5212a82beeec7a,2026-08-18 08:07:04,2026-06-06 14:01:41,2026-04-25-DC-BOS,glory,breeze,21,16,2026-04-25 19:00:00
aroy,-6.01,16.95,jnissen,10.12,20.11,0,0,0,"smott,cboxley,jnissen,jwodatch1,cloverane,tshapinsk,aroy",False,2026-04-25-DC-BOS,2,1,1,4,549.0,1,1,True,True,30,away,24,1777159357.0,18,False,"ghaflin,tchan,zsinger,itran,sfisherol,ograff,mmcdonnel",25,46,163f6860aac7db3442d2be5ce47dce686c9f7cc1f29530c3971dbfd996cf8446,1777159357.0,False,30,549.0,16.436620698915,16.13,3.16,-78.9156672101155,4ed20eec15011bb24131afdfcf21e3e141bb0c2a7e8b3167e1d9b378c3c15c86,0.982281666507935,0.017718333492065,0.628448148683129,0.628448148683129,0.633911141014247,0.930481498836685,2709.0,1.0,0.693,0.00546299233111824,0.0147031761832327,46.0,603fd6a00990b6ba6a6b7b095d56b1ce571a0fdd,2026-08-18 08:07:04,2026-06-06 14:01:41,2026-04-25-DC-BOS,glory,breeze,21,16,2026-04-25 19:00:00
jnissen,10.12,20.11,smott,10.81,28.83,0,0,0,"smott,cboxley,jnissen,jwodatch1,cloverane,tshapinsk,aroy",False,2026-04-25-DC-BOS,2,1,1,4,549.0,1,2,True,True,31,away,25,1777159359.0,18,False,"ghaflin,tchan,zsinger,itran,sfisherol,ograff,mmcdonnel",26,47,cc1c1b030a7736b8515c14441a6339e5089aad569ff40ed23228b1e1c4f12ba8,1777159359.0,False,31,543.764705882353,8.74725671282145,0.690000000000001,8.72,-4.52429870822974,5ce9f097dd3e47844da7b5c7882983c580b0c4d4fed6b215afe55a14b9d98b22,0.987422811228489,0.012577188771511,0.628448148683129,0.634740302282843,0.657452119143158,0.901271363500884,2703.76470588235,1.0,0.689,0.0227118168603156,0.0611269107658039,47.0,04f80e1730780b9cd47e39f5bc3a4a0ca1d7e8b4,2026-08-18 08:07:04,2026-06-06 14:01:41,2026-04-25-DC-BOS,glory,breeze,21,16,2026-04-25 19:00:00
smott,10.81,28.83,tshapinsk,17.05,44.07,0,0,0,"smott,cboxley,jnissen,jwodatch1,cloverane,tshapinsk,aroy",False,2026-04-25-DC-BOS,2,1,1,4,549.0,1,3,True,True,32,away,26,1777159364.0,18,False,"ghaflin,tchan,zsinger,itran,sfisherol,ograff,mmcdonnel",27,48,f9ba266df56d0cb899c822292364bb26e557649a56205f0dd033fee668a8f44e,1777159364.0,False,32,538.529411764706,16.468005343696,6.24,15.24,-22.2665882733124,432b10f7a8d976c7df2da9bcd7466d0ef6985ab6b1c5407e4d56448d0f1ee36a,0.973517465462956,0.0264825345370441,0.628448148683129,0.658200068287605,0.695288292729566,0.833184838031726,2698.52941176471,1.0,0.683,0.0370882244419614,0.0998197810359753,48.0,32c583a09f9518d761e79fe4c95c66cbfbe1539b,2026-08-18 08:07:04,2026-06-06 14:01:41,2026-04-25-DC-BOS,glory,breeze,21,16,2026-04-25 19:00:00
tshapinsk,17.05,44.07,cboxley,20.76,56.36,0,0,0,"smott,cboxley,jnissen,jwodatch1,cloverane,tshapinsk,aroy",False,2026-04-25-DC-BOS,2,1,1,4,549.0,1,4,True,True,33,away,27,1777159369.0,18,False,"ghaflin,tchan,zsinger,itran,sfisherol,ograff,mmcdonnel",28,49,c3fd39d608830f158efbcddd23362d0c3923e25d4b08efcb2d8d01eeaf0e717a,1777159369.0,False,33,533.294117647059,12.8377646029206,3.71,12.29,-16.7975656273578,729fdfe412c9e4390ace86eb0508926adc4061d350d4beefbaf5e1f7c185e42a,0.978570924545406,0.0214290754545945,0.628448148683129,0.695929927757435,0.730973195127115,0.766069269228162,2693.29411764706,1.0,0.676,0.0350432673696804,0.0943159541406629,49.0,4ce1953cb1532a6888181b447e042f5c64ee7d5b,2026-08-18 08:07:04,2026-06-06 14:01:41,2026-04-25-DC-BOS,glory,breeze,21,16,2026-04-25 19:00:00
cboxley,20.76,56.36,tshapinsk,0.58,54.64,0,0,0,"smott,cboxley,jnissen,jwodatch1,cloverane,tshapinsk,aroy",False,2026-04-25-DC-BOS,2,1,1,4,549.0,1,5,True,True,34,away,28,1777159373.0,18,False,"ghaflin,tchan,zsinger,itran,sfisherol,ograff,mmcdonnel",29,50,3c24905a1ec959a0929f500b6e7bd75a826f9edb4943fd55447cd7ce67d7fb91,1777159373.0,False,34,528.058823529412,20.2531676534808,-20.18,-1.72,94.8717113451499,5b8eefd53eb10eadbe63ff2bfc1ca3b2baf0389110e0970b8caf264569d6cc18,0.960905638225085,0.0390943617749153,0.628448148683129,0.731512826904357,0.752580729249542,0.797359088898361,2688.05882352941,1.0,0.671,0.021067902345185,0.056702455580601,50.0,2d39d3262d42b8008118c728b5f3d08967ad86b0,2026-08-18 08:07:04,2026-06-06 14:01:41,2026-04-25-DC-BOS,glory,breeze,21,16,2026-04-25 19:00:00
tshapinsk,0.58,54.64,jwodatch1,-12.05,61.51,0,0,0,"smott,cboxley,jnissen,jwodatch1,cloverane,tshapinsk,aroy",False,2026-04-25-DC-BOS,2,1,1,4,549.0,1,6,True,True,35,away,29,1777159375.0,18,False,"ghaflin,tchan,zsinger,itran,sfisherol,ograff,mmcdonnel",30,51,1129de6b3b7dd28c2674c937d9e5de25a6a577f689530fb2994c302437725069,1777159375.0,False,35,522.823529411765,14.3775449921049,-12.63,6.87,61.4563297220327,3781f9c882a3afd0ed5403589b623dc6ff63ca2adc7cea3bc97479471fd4587f,0.974506713635518,0.0254932863644818,0.628448148683129,0.753040801607234,0.77811628981443,0.764776459527739,2682.82352941176,1.0,0.665,0.0250754882071959,0.0674885298467014,51.0,bdd1862c7d52fdd058509d3aa2d7e7e5e815582e,2026-08-18 08:07:04,2026-06-06 14:01:41,2026-04-25-DC-BOS,glory,breeze,21,16,2026-04-25 19:00:00
jwodatch1,-12.05,61.51,tshapinsk,1.13,59.24,0,0,0,"smott,cboxley,jnissen,jwodatch1,cloverane,tshapinsk,aroy",False,2026-04-25-DC-BOS,2,1,1,4,549.0,1,7,True,True,36,away,30,1777159379.0,18,False,"ghaflin,tchan,zsinger,itran,sfisherol,ograff,mmcdonnel",31,52,d25a5246192b6fb5217fb30e6dabebbeec5239345c3729f271096ef4919c0bce,1777159379.0,False,36,517.588235294118,13.3740532375193,13.18,-2.27,-99.7722164570083,9bdc8cad75756dafa2cabfe60508c0d3df375c7b71cc3158f5f59bbe1b97b5f2,0.978815234382229,0.0211847656177709,0.628448148683129,0.778497591928225,0.772269308652034,0.778603358204502,2677.58823529412,1.0,0.666,-0.00622828327619085,-0.0167628912468509,52.0,a89301aa65057a93a2e04bcd9e8d70b767af57e9,2026-08-18 08:07:04,2026-06-06 14:01:41,2026-04-25-DC-BOS,glory,breeze,21,16,2026-04-25 19:00:00
tshapinsk,1.13,59.24,cboxley,1.2,74.55,0,0,0,"smott,cboxley,jnissen,jwodatch1,cloverane,tshapinsk,aroy",False,2026-04-25-DC-BOS,2,1,1,4,549.0,1,8,True,True,37,away,31,1777159386.0,18,False,"ghaflin,tchan,zsinger,itran,sfisherol,ograff,mmcdonnel",32,53,bb9748adc5ce3dc70e8505b1c9e97ea8551dd30cd9296663f04d4221fe53f847,1777159386.0,False,37,512.352941176471,15.3101600252904,0.0700000000000001,15.31,-0.261964508074968,c2c7a8058041992cb119c94871aa890973b2f221ed4563d5147cbf2ec486615b,0.965762589611942,0.0342374103880584,0.628448148683129,0.772613544789268,0.837737982842814,0.718490736716539,2672.35294117647,1.0,0.65,0.0651244380535458,0.175276849846741,53.0,d1bf1d9161622c63073a4f5552c20ca2417b2727,2026-08-18 08:07:04,2026-06-06 14:01:41,2026-04-25-DC-BOS,glory,breeze,21,16,2026-04-25 19:00:00
cboxley,1.2,74.55,smott,-2.99,80.38,0,0,0,"smott,cboxley,jnissen,jwodatch1,cloverane,tshapinsk,aroy",False,2026-04-25-DC-BOS,2,1,1,4,549.0,1,9,True,True,38,away,32,1777159389.0,18,False,"ghaflin,tchan,zsinger,itran,sfisherol,ograff,mmcdonnel",33,54,8ad0babc0ac33f4f28fa38cc1af8a1cc426505550281ff372acbb334d521c542,1777159389.0,False,38,507.117647058824,7.17948466117172,-4.19,5.83,35.7046663138504,f2f46ec377b603e7c14529cecd2e7f181777b60d0fff6d8f87362aae40794a30,0.983115971561031,0.0168840284389694,0.628448148683129,0.837971367118146,0.86224175530086,0.698274958136689,2667.11764705882,1.0,0.643,0.0242703881827144,0.065321672053831,54.0,c81c9411b8a0b324250c351409ba0e84c73519e8,2026-08-18 08:07:04,2026-06-06 14:01:41,2026-04-25-DC-BOS,glory,breeze,21,16,2026-04-25 19:00:00
smott,-2.99,80.38,aroy,-7.45,69.67,0,0,0,"smott,cboxley,jnissen,jwodatch1,cloverane,tshapinsk,aroy",False,2026-04-25-DC-BOS,2,1,1,4,549.0,1,10,True,True,39,away,33,1777159393.0,18,False,"ghaflin,tchan,zsinger,itran,sfisherol,ograff,mmcdonnel",34,55,917b09b24050eb29086bca4f1ddc2fdc754733fe7185d8b16c4f902006dde4be,1777159393.0,False,39,501.882352941176,11.601538691053,-4.46,-10.71,157.391531904915,64ff25acdb208facbc30083ca8df9ffb5b2f8db19b21f1c6302e627cae10d0e4,0.981410300524863,0.0185896994751368,0.628448148683129,0.862418456433037,0.81665961556304,0.736472304815008,2661.88235294118,1.0,0.655,-0.0457588408699974,-0.123156002877705,55.0,9a0a9f393fb8b8b65a8641daf036a18f4e31d33a,2026-08-18 08:07:04,2026-06-06 14:01:41,2026-04-25-DC-BOS,glory,breeze,21,16,2026-04-25 19:00:00
aroy,-7.45,69.67,jnissen,6.14,67.48,0,0,0,"smott,cboxley,jnissen,jwodatch1,cloverane,tshapinsk,aroy",False,2026-04-25-DC-BOS,2,1,1,4,549.0,1,11,True,True,40,away,34,1777159397.0,18,False,"ghaflin,tchan,zsinger,itran,sfisherol,ograff,mmcdonnel",35,56,9db9f36573a099753af3773cb8ec4f4ba3340d63ec89ced4e225d395e3a74757,1777159397.0,False,40,496.647058823529,13.7653260041308,13.59,-2.19,-99.1543937171341,05d9b4b8e7fedf4192b1b9bcbcd339d54748b1c48c519548620cf5c7676df9a3,0.976379695446276,0.0236203045537242,0.628448148683129,0.81684968449861,0.807702750690779,0.745626863862922,2656.64705882353,1.0,0.657,-0.00914693380783071,-0.0246181892928584,56.0,63b2154a80aeb77629ec9d30e15848abf192207b,2026-08-18 08:07:04,2026-06-06 14:01:41,2026-04-25-DC-BOS,glory,breeze,21,16,2026-04-25 19:00:00
jnissen,6.14,67.48,smott,-9.17,68.44,0,0,0,"smott,cboxley,jnissen,jwodatch1,cloverane,tshapinsk,aroy",False,2026-04-25-DC-BOS,2,1,1,4,549.0,1,12,True,True,41,away,35,1777159400.0,18,False,"ghaflin,tchan,zsinger,itran,sfisherol,ograff,mmcdonnel",36,57,f74d9b3e660aaf6b4712d2159a11cb9a4734c3d6824136ae37db682d680a1b43,1777159400.0,False,41,491.411764705882,15.3400684483479,-15.31,0.959999999999994,86.4120163531412,5c9215ed1e87c5885270cab02801c3019d0f5ddff291a5bbe87ef7849bf8f9bc,0.971707889494553,0.0282921105054468,0.628448148683129,0.807867719834716,0.81122072113131,0.74091308582957,2651.41176470588,1.0,0.656,0.00335300129659433,0.00902431594597218,57.0,c640c8e8049bb6962f99116074e37d3cdbbdb4a6,2026-08-18 08:07:04,2026-06-06 14:01:41,2026-04-25-DC-BOS,glory,breeze,21,16,2026-04-25 19:00:00
smott,-9.17,68.44,cboxley,-14.93,79.7,0,0,0,"smott,cboxley,jnissen,jwodatch1,cloverane,tshapinsk,aroy",False,2026-04-25-DC-BOS,2,1,1,4,549.0,1,13,True,True,42,away,36,1777159405.0,18,False,"ghaflin,tchan,zsinger,itran,sfisherol,ograff,mmcdonnel",37,58,b60344b4683f3e0327bc8cac2fe159985c613f057238183ab583739a241d3b4c,1777159405.0,False,42,486.176470588235,12.6477349750855,-5.76,11.26,27.0918009285574,f2dfe72704bdfcb9605c162e6c6a15124ef83cf2794fdeb1d39ec2e0fa9f3f4d,0.971355111988246,0.0286448880117545,0.628448148683129,0.811353307588304,0.855205994955649,0.691739037586301,2646.17647058824,1.0,0.644,0.0438526873673445,0.118025753907348,58.0,ec22925d983f2fd2c65db2b41f97b90a5410427a,2026-08-18 08:07:04,2026-06-06 14:01:41,2026-04-25-DC-BOS,glory,breeze,21,16,2026-04-25 19:00:00
cboxley,-14.93,79.7,jwodatch1,3.53,78.19,0,0,0,"smott,cboxley,jnissen,jwodatch1,cloverane,tshapinsk,aroy",False,2026-04-25-DC-BOS,2,1,1,4,549.0,1,14,True,True,43,away,37,1777159414.0,18,False,"ghaflin,tchan,zsinger,itran,sfisherol,ograff,mmcdonnel",38,59,000a4564f9fff7d534ed0d2e9a9594054d5460bf56c925527833d7a0384fa6f6,1777159414.0,False,43,480.941176470588,18.5216548936643,18.46,-1.51000000000001,-94.6762967149665,8b7a5dc690e99b3fcce0d36abd8c5c55c5b214cdb9eae4b5c29363c940b8c31e,0.95551748064083,0.0444825193591696,0.628448148683129,0.855290245548195,0.853844969972417,0.706787928501176,2640.94117647059,1.0,0.644,-0.00144527557577812,-0.00388983548502235,59.0,1a8a0980d5543320ece8debdeb1722fa9e471ca1,2026-08-18 08:07:04,2026-06-06 14:01:41,2026-04-25-DC-BOS,glory,breeze,21,16,2026-04-25 19:00:00
jwodatch1,3.53,78.19,cboxley,11.77,89.17,1,1,0,"smott,cboxley,jnissen,jwodatch1,cloverane,tshapinsk,aroy",False,2026-04-25-DC-BOS,2,1,1,4,549.0,1,15,True,True,44,away,38,1777159424.0,20,False,"ghaflin,tchan,zsinger,itran,sfisherol,ograff,mmcdonnel",39,62,20e0385b22f466b41dd3160a71bb353cf42f6b56a6c17c2fa696325ca574e70d,1777159424.0,False,44,475.705882352941,13.7280005827506,8.24,10.98,-36.8865922198218,158edd0edf71d735bc909080d5d24db4cca699bcaa8bc2adf6d7ffcf37e59e85,0.964815017159436,1.0,0.628448148683129,0.853908114597917,0.895347359609198,0.668024542783688,2635.70588235294,1.0,0.768,-0.668024542783688,-0.668024542783688,62.0,4ab18e50ca6920d75b43dbb11f6c027edfb5a0f4,2026-08-18 08:07:04,2026-06-06 14:01:41,2026-04-25-DC-BOS,glory,breeze,21,16,2026-04-25 19:00:00
mmcdonnel,-12.68,34.12,ghaflin,-1.13,37.93,0,0,0,"ghaflin,tchan,zsinger,itran,sfisherol,ograff,mmcdonnel",True,2026-04-25-DC-BOS,2,1,1,4,549.0,2,1,False,False,45,home,22,1777159423.0,18,False,"smott,cboxley,jnissen,jwodatch1,cloverane,tshapinsk,aroy",23,61,d9a3db6094387dd83c850d862f2a3c73f9ec440d1b37c6994b83187e7b56582a,1777159423.0,False,45,470.470588235294,12.1621790810693,11.55,3.81,-71.7438205798423,4a5d7414bd37ea3163d771e0bb8a27927be520e893aa6cb79e4958a966b32a6b,0.983105638802463,0.0168943611975372,0.676992632405501,0.676992632405501,0.694073580655223,0.869914003459766,2630.47058823529,1.0,0.772,0.0170809482497216,0.0528809865141061,61.0,e6cd84b6bec3553f55b89d1a0fd9e9671bf529e6,2026-08-18 08:07:04,2026-06-06 14:01:41,2026-04-25-DC-BOS,glory,breeze,21,16,2026-04-25 19:00:00
ghaflin,-1.13,37.93,tchan,0.0,60.0,0,0,0,"ghaflin,tchan,zsinger,itran,sfisherol,ograff,mmcdonnel",True,2026-04-25-DC-BOS,2,1,1,4,549.0,2,2,False,False,46,home,23,1777159425.0,18,False,"smott,cboxley,jnissen,jwodatch1,cloverane,tshapinsk,aroy",24,63,42db3221d499827037daf4a479a96db654ade59102e072edcb45c9b0ad1b7876,1777159425.0,False,46,465.235294117647,22.0989094753565,1.13,22.07,-2.93102599447258,3e943e2745c9fc23cedbf5f3624819e658534bdea6ad0dbdd449753807f04a44,0.943428715614964,0.0565712843850363,0.676992632405501,0.694113958537083,0.777198845391732,0.777198845391732,2625.23529411765,1.0,0.783,0.0830848868546489,0.25722288464625,63.0,7719486708eb3373852f240d10531bc606568466,2026-08-18 08:07:04,2026-06-06 14:01:41,2026-04-25-DC-BOS,glory,breeze,21,16,2026-04-25 19:00:00
bsadok,5.19,48.38,tdecraene,16.79,60.58,0,0,0,"scarapell,bsadok,tedmonds,rdinger,ayuan,tdecraene,jbabbitt",True,2026-04-25-DC-BOS,2,1,1,4,460.0,2,3,False,True,47,home,25,1777159496.0,18,False,"jlightner,xschafer,amerriman,mgrovic,blamberty,wvandenbr,cmccutche",26,66,76ee7a846d603a2066d55097ccfa0f263a53fbf55388a72619cd460429a0b669,1777159496.0,False,47,460.0,16.8344884092152,11.6,12.2,-43.5558744690642,064d30f0c000d55f86d5fdcc91639b360cd46e06d18b744e570445615fd6a8c5,0.971476871560959,0.0285231284390415,0.676992632405501,0.73057497288288,0.767128811968108,0.763987451673034,2620.0,1.0,0.782,0.0365538390852271,0.113167199118246,66.0,8ccbce87e7f83194456472d1890d8cee7e1793b3,2026-08-18 08:07:04,2026-06-06 14:01:41,2026-04-25-DC-BOS,glory,breeze,21,16,2026-04-25 19:00:00
tdecraene,16.79,60.58,scarapell,-0.36,65.41,0,0,0,"scarapell,bsadok,tedmonds,rdinger,ayuan,tdecraene,jbabbitt",True,2026-04-25-DC-BOS,2,1,1,4,460.0,2,4,False,True,48,home,26,1777159498.0,18,False,"jlightner,xschafer,amerriman,mgrovic,blamberty,wvandenbr,cmccutche",27,67,e073e8f815efca214c5e62ad69773ce6e96d2d39b13227fd1938a91e6c5b3527,1777159498.0,False,48,454.5,17.8171658801281,-17.15,4.83,74.2710469208559,56845701651f94edf1c11f3c71151a4b8a243a4311ebd6148dce12684b8dee2a,0.961459739477822,0.0385402605221781,0.676992632405501,0.76711288889456,0.799944347642234,0.75511383666634,2614.5,1.0,0.787,0.0328314587476737,0.1016430646526,67.0,484b341159d437d2d6348e76576fcdd0bc176af3,2026-08-18 08:07:04,2026-06-06 14:01:41,2026-04-25-DC-BOS,glory,breeze,21,16,2026-04-25 19:00:00
scarapell,-0.36,65.41,tdecraene,17.83,75.16,0,0,0,"scarapell,bsadok,tedmonds,rdinger,ayuan,tdecraene,jbabbitt",True,2026-04-25-DC-BOS,2,1,1,4,460.0,2,5,False,True,49,home,27,1777159502.0,18,False,"jlightner,xschafer,amerriman,mgrovic,blamberty,wvandenbr,cmccutche",28,68,789f60d49ee85a4e326a1fbe7606ec696cae5d5371559282381b06ed4acc8769,1777159502.0,False,49,449.0,20.6382799670903,18.19,9.75,-61.8083001278843,ae35744a5be083dd93a618796a11798ea0e88182c24e89cb24639f7d31f0c9ea,0.961288087897944,0.0387119121020557,0.676992632405501,0.799909082233506,0.829290892144643,0.702300731787248,2609.0,1.0,0.791,0.0293818099111366,0.0909632808995932,68.0,be0d3dfc492b1d2f9452149786947b7ed17e9fdf,2026-08-18 08:07:04,2026-06-06 14:01:41,2026-04-25-DC-BOS,glory,breeze,21,16,2026-04-25 19:00:00
tdecraene,17.83,75.16,bsadok,2.61,66.06,0,0,0,"scarapell,bsadok,tedmonds,rdinger,ayuan,tdecraene,jbabbitt",True,2026-04-25-DC-BOS,2,1,1,4,460.0,2,6,False,True,50,home,28,1777159509.0,18,False,"jlightner,xschafer,amerriman,mgrovic,blamberty,wvandenbr,cmccutche",29,69,5bf62aff937786eeec4e43d19f840fb9000c81d75ecb8e2cafad0261563270c4,1777159509.0,False,50,443.5,17.7329749337216,-15.22,-9.09999999999999,120.875097756393,eb76f793c2b155c70462ae33d513ab94cca764d974feacc6ec026e9e5fc1a69e,0.966902035136721,0.0330979648632787,0.676992632405501,0.82924292276456,0.802545466530832,0.752294040653828,2603.5,1.0,0.787,-0.0266974562337273,-0.0826527779615328,69.0,f14b4804eeabc7418d555790db2a4eb3d6678e3a,2026-08-18 08:07:04,2026-06-06 14:01:41,2026-04-25-DC-BOS,glory,breeze,21,16,2026-04-25 19:00:00
bsadok,2.61,66.06,tdecraene,-4.16,69.61,0,0,0,"scarapell,bsadok,tedmonds,rdinger,ayuan,tdecraene,jbabbitt",True,2026-04-25-DC-BOS,2,1,1,4,460.0,2,7,False,True,51,home,29,1777159511.0,18,False,"jlightner,xschafer,amerriman,mgrovic,blamberty,wvandenbr,cmccutche",30,70,900820779b34e314c6e0fca85185628579c6d9514513ba484fcc75a9e3505cdb,1777159511.0,False,51,438.0,7.64430506978888,-6.77,3.55,62.3287312797704,a8ab2fdb33b21a306fddf727839a53e458f2f18f975527ce4e17a558aeaadb7c,0.985034181427462,0.0149658185725378,0.676992632405501,0.802475017660959,0.817462857715054,0.738178204688489,2598.0,1.0,0.789,0.0149878400540955,0.0464009231916688,70.0,de47089d08829d1e7bb9f9d41b84385c670a610c,2026-08-18 08:07:04,2026-06-06 14:01:41,2026-04-25-DC-BOS,glory,breeze,21,16,2026-04-25 19:00:00
tdecraene,-4.16,69.61,scarapell,-21.25,92.83,0,0,0,"scarapell,bsadok,tedmonds,rdinger,ayuan,tdecraene,jbabbitt",True,2026-04-25-DC-BOS,2,1,1,4,460.0,2,8,False,True,52,home,30,1777159517.0,18,False,"jlightner,xschafer,amerriman,mgrovic,blamberty,wvandenbr,cmccutche",31,71,5e068a2a62e907e470a617d158f6552276b4b8deb2dd604c94828ccdcbef45f3,1777159517.0,False,52,432.5,28.8311723660347,-17.09,23.22,36.3531963336032,bbeefdaaac7850dd92817357c60fee5e78107e7a8ae43879457154fb3b59276d,0.909486816541736,0.0905131834582636,0.676992632405501,0.81738264720484,0.897231288175666,0.624552904392011,2592.5,1.0,0.803,0.0798486409708254,0.247203776079395,71.0,9c1b3be011c6be92c1a59c19124e52cdd0d932a9,2026-08-18 08:07:04,2026-06-06 14:01:41,2026-04-25-DC-BOS,glory,breeze,21,16,2026-04-25 19:00:00
scarapell,-21.25,92.83,tdecraene,-15.71,76.58,0,0,0,"scarapell,bsadok,tedmonds,rdinger,ayuan,tdecraene,jbabbitt",True,2026-04-25-DC-BOS,2,1,1,4,460.0,2,9,False,True,53,home,31,1777159523.0,18,False,"jlightner,xschafer,amerriman,mgrovic,blamberty,wvandenbr,cmccutche",32,72,4cec590b7534656b4451a3601baaf5b98eaf06c0d4abf3f2221488f34b9cf2b1,1777159523.0,False,53,427.0,17.1684041191952,5.54,-16.25,-161.174572079498,37686fd48439abb89c1f87eca57bf4d2e464c76caa5dd864ebebdc099d17a610,0.960297064279923,0.0397029357200773,0.676992632405501,0.897174323804372,0.840763474505277,0.700739367538122,2587.0,1.0,0.792,-0.0564108492990951,-0.174642608678551,72.0,60b1d64d7ddf4ad8d8de6470b430b47a737de4e3,2026-08-18 08:07:04,2026-06-06 14:01:41,2026-04-25-DC-BOS,glory,breeze,21,16,2026-04-25 19:00:00
tdecraene,-15.71,76.58,scarapell,-20.61,115.29,0,0,0,"scarapell,bsadok,tedmonds,rdinger,ayuan,tdecraene,jbabbitt",True,2026-04-25-DC-BOS,3,1,1,4,460.0,2,10,False,True,54,home,32,1777159536.0,19,False,"jlightner,xschafer,amerriman,mgrovic,blamberty,wvandenbr,cmccutche",33,74,e629a05ebcdef867c0dbb3f590f66a5ab3b5793eb04cfbb43f0d70178d960ebd,1777159536.0,False,54,421.5,39.0188941411722,-4.9,38.71,7.21426203920676,1a67573772e9b4f1ae14bcaa35856ae8c26eea58d8757ad0911704a2556643ac,0.796981786943189,0.203018213056811,0.676992632405501,0.840671736966784,1.0,0.60837776644938,2581.5,1.0,0.815,0.159328263033216,0.493265104817163,74.0,cc4a599fd8f63e199fdb9996ff722b3fe4fb5825,2026-08-18 08:07:04,2026-06-06 14:01:41,2026-04-25-DC-BOS,glory,breeze,21,16,2026-04-25 19:00:00
smott,0.0,40.0,,0.03,100.57,1,0,0,"jwodatch1,zburpee,cloverane,cboxley,amerriman,jnissen,smott",False,2026-04-25-DC-BOS,3,1,1,5,416.0,1,1,True,True,55,away,42,1777159624.0,22,False,"itran,mcoe,cdavisbra,kdelorenz,tallen1,ldecraene,ograff",43,79,835955079ae08b305c744c2f981537b9d5d6d998a0c3c367f0bdd78a8518ee97,1777159624.0,False,55,416.0,60.57000742942,0.03,60.57,-0.028378293624499,691b155e3205f05a24974568dac79dece56a9469b256eb6dd7a58f10d615b9c5,0.62524331592387,-0.62524331592387,0.700282659939356,0.700282659939356,0.934674261351308,0.642028905073552,2576.0,2.0,0.875,-0.642028905073552,-0.642028905073552,79.0,fba8901722cc08fdcd680efb8188b2e7e8e0dcc6,2026-08-18 08:07:04,2026-06-06 14:01:41,2026-04-25-DC-BOS,glory,breeze,21,16,2026-04-25 19:00:00
cdavisbra,-4.94,19.74,ldecraene,10.99,31.22,0,0,0,"itran,mcoe,cdavisbra,kdelorenz,tallen1,ldecraene,ograff",True,2026-04-25-DC-BOS,3,1,1,5,416.0,2,1,False,False,56,home,36,1777159646.0,18,False,"jwodatch1,zburpee,cloverane,cboxley,amerriman,jnissen,smott",37,80,8c239f009683af7f70dac979e268bde9cded1b21c7b885723cf98f2eaaf421ac,1777159646.0,False,56,409.380952380952,19.635562125898,15.93,11.48,-54.221485289735,9cb7d19f005d9d52a00bc07562767b6de45f0b99c3e9d93c08f501b7d22938fa,0.969462407807314,0.0305375921926856,0.640685070929138,0.640685070929138,0.668578189519014,0.894121621392567,2569.38095238095,2.0,0.877,0.0278931185898766,0.077628610261211,80.0,cf748e12d828d62f33eed84d8b14e811152f6679,2026-08-18 08:07:04,2026-06-06 14:01:41,2026-04-25-DC-BOS,glory,breeze,21,16,2026-04-25 19:00:00
ldecraene,10.99,31.22,cdavisbra,13.7,38.51,0,0,0,"itran,mcoe,cdavisbra,kdelorenz,tallen1,ldecraene,ograff",True,2026-04-25-DC-BOS,3,1,1,5,416.0,2,2,False,False,57,home,37,1777159651.0,18,False,"jwodatch1,zburpee,cloverane,cboxley,amerriman,jnissen,smott",38,81,0e4b3529cd42bc25b52a399689a787a9917ff0ac0a9a96cc2d3c0d480d1bddec,1777159651.0,False,57,402.761904761905,7.7774160233332,2.71,7.29,-20.3922202618599,cbc589a06bda99cd08c817c80b63836ddc576bbd60ca11a810d261edd213007a,0.987620689052374,0.0123793109476259,0.640685070929138,0.66836031194073,0.687439549005112,0.863500313352475,2562.7619047619,2.0,0.878,0.019079237064382,0.0530989266538916,81.0,dc2e4df5af7f6a75a0d177c1fda34dfd2100ceb6,2026-08-18 08:07:04,2026-06-06 14:01:41,2026-04-25-DC-BOS,glory,breeze,21,16,2026-04-25 19:00:00
cdavisbra,13.7,38.51,itran,18.99,46.06,0,0,0,"itran,mcoe,cdavisbra,kdelorenz,tallen1,ldecraene,ograff",True,2026-04-25-DC-BOS,3,1,1,5,416.0,2,3,False,False,58,home,38,1777159654.0,18,False,"jwodatch1,zburpee,cloverane,cboxley,amerriman,jnissen,smott",39,82,30dafbe3e41604d2526c1ecfa1e6a8ec710afffdd9a089baedf7d6c20741db20,1777159654.0,False,58,396.142857142857,9.21881771161574,5.29,7.55,-35.0174781989774,c83c70a0096d29602daa801c65afadc99ea206e23685f09ab7aef3e3b85dc619,0.987673158020938,0.0123268419790624,0.640685070929138,0.687224782607158,0.698547605350373,0.821739030983083,2556.14285714286,2.0,0.879,0.0113228227432151,0.031512252420166,82.0,22360789bfc4b4adf4bd792e9c7fadb2aa9a22a1,2026-08-18 08:07:04,2026-06-06 14:01:41,2026-04-25-DC-BOS,glory,breeze,21,16,2026-04-25 19:00:00
itran,18.99,46.06,ograff,10.8,36.64,0,0,0,"itran,mcoe,cdavisbra,kdelorenz,tallen1,ldecraene,ograff",True,2026-04-25-DC-BOS,3,1,1,5,416.0,2,4,False,False,59,home,39,1777159658.0,18,False,"jwodatch1,zburpee,cloverane,cboxley,amerriman,jnissen,smott",40,83,4f706aed811be9218f88fc64265cb863eea64e8d89ef72f8938d1a30bd4affb6,1777159658.0,False,59,389.52380952381,12.4824877328199,-8.19,-9.42,138.99543098042,16edc45f55e57359a71b5ee7b5698d07484339532f101ab7f9d83df8c2044d75,0.984835943116459,0.0151640568835412,0.640685070929138,0.698338388604151,0.685007634999809,0.872787888800533,2549.52380952381,2.0,0.878,-0.0133307536043418,-0.03710047238731,83.0,ab039e621631dba6e36b29f3c35f4713c291634e,2026-08-18 08:07:04,2026-06-06 14:01:41,2026-04-25-DC-BOS,glory,breeze,21,16,2026-04-25 19:00:00
ograff,10.8,36.64,ldecraene,-2.17,32.83,0,0,0,"itran,mcoe,cdavisbra,kdelorenz,tallen1,ldecraene,ograff",True,2026-04-25-DC-BOS,3,1,1,5,416.0,2,5,False,False,60,home,40,1777159664.0,18,False,"jwodatch1,zburpee,cloverane,cboxley,amerriman,jnissen,smott",41,84,92847d5d02083a5178e4b6627035df5f473c1f7e893c55efbbea1a062928bb44,1777159664.0,False,60,382.904761904762,13.5180250036756,-12.97,-3.81,106.370405065643,6b07fb9bf708c56b519ff48be1bf8d960644ecc71f596b8ed896aabb0a279e87,0.985296267813542,0.014703732186458,0.640685070929138,0.684799358922758,0.676069505253032,0.88899230588048,2542.90476190476,2.0,0.877,-0.00872985366972601,-0.0242958278752853,84.0,999aad8c5f02f555d721f7779eb4bb554a7d9d05,2026-08-18 08:07:04,2026-06-06 14:01:41,2026-04-25-DC-BOS,glory,breeze,21,16,2026-04-25 19:00:00
ldecraene,-2.17,32.83,cdavisbra,-11.77,43.09,0,0,0,"itran,mcoe,cdavisbra,kdelorenz,tallen1,ldecraene,ograff",True,2026-04-25-DC-BOS,3,1,1,5,416.0,2,6,False,False,61,home,41,1777159667.0,18,False,"jwodatch1,zburpee,cloverane,cboxley,amerriman,jnissen,smott",42,85,ad031edfb0e4c640bc0bd2a42c95fa8cbd6690e84a53fc543169faf8e996feb4,1777159667.0,False,61,376.285714285714,14.0508932100418,-9.6,10.26,43.0966111500757,84ef62d5491a33e43bd5df330ee81ae9e80d5af538a5fb1fbd355f7aec7241ad,0.977889539984819,0.0221104600151808,0.640685070929138,0.675869175847256,0.706118688674223,0.844866055589267,2536.28571428571,2.0,0.879,0.0302495128269671,0.0841866295541576,85.0,895d5c6c790f163114491433ba7235c17384f657,2026-08-18 08:07:04,2026-06-06 14:01:41,2026-04-25-DC-BOS,glory,breeze,21,16,2026-04-25 19:00:00
cdavisbra,-11.77,43.09,ograff,-17.39,63.8,0,0,0,"itran,mcoe,cdavisbra,kdelorenz,tallen1,ldecraene,ograff",True,2026-04-25-DC-BOS,3,1,1,5,416.0,2,7,False,False,62,home,42,1777159670.0,18,False,"jwodatch1,zburpee,cloverane,cboxley,amerriman,jnissen,smott",43,86,7c87ea725a95723e2bdb34f3da5b30df41cd80050bde3350ffe9340129d8f1e5,1777159670.0,False,62,369.666666666667,21.4589957826549,-5.62,20.71,15.1825242609739,862f4f74b5b1de7fce2ae3518ad73c2b003560aa7b416985cee39cb22e4ad437,0.9491018807583,0.0508981192417004,0.640685070929138,0.705943956064625,0.779792853741216,0.744706678421592,2529.66666666667,2.0,0.886,0.0738488976765913,0.205526939466596,86.0,150bbc9671bd6f68374a19afb1b88967bc8da712,2026-08-18 08:07:04,2026-06-06 14:01:41,2026-04-25-DC-BOS,glory,breeze,21,16,2026-04-25 19:00:00
ograff,-17.39,63.8,mcoe,-9.71,78.12,0,0,0,"itran,mcoe,cdavisbra,kdelorenz,tallen1,ldecraene,ograff",True,2026-04-25-DC-BOS,3,1,1,5,416.0,2,8,False,False,63,home,43,1777159673.0,18,False,"jwodatch1,zburpee,cloverane,cboxley,amerriman,jnissen,smott",44,87,3ccb317128b17fd184fe2d5f6930b4d343ebc6493bd0b8c4e2d4ec260601714c,1777159673.0,False,63,363.047619047619,16.2494553754888,7.68,14.32,-28.2052310470565,53eb88a7c23dd68d635a46a041211d01dec515b99443be982740e104d4220acb,0.950993474287566,0.049006525712434,0.640685070929138,0.779664569357405,0.851209482839647,0.702912069798785,2523.04761904762,2.0,0.893,0.0715449134822419,0.199114781195557,87.0,937ea291b85cdeeb1301ddb82336953d18d96fd3,2026-08-18 08:07:04,2026-06-06 14:01:41,2026-04-25-DC-BOS,glory,breeze,21,16,2026-04-25 19:00:00
mcoe,-9.71,78.12,tallen1,-3.97,69.16,0,0,0,"itran,mcoe,cdavisbra,kdelorenz,tallen1,ldecraene,ograff",True,2026-04-25-DC-BOS,3,1,1,5,416.0,2,9,False,False,64,home,44,1777159676.0,18,False,"jwodatch1,zburpee,cloverane,cboxley,amerriman,jnissen,smott",45,88,7fdf4c3b727e894aaa019e5f3134a1a6a82f2077021e81b45b7b88b22250c9b4,1777159676.0,False,64,356.428571428571,10.6409210127695,5.74,-8.96000000000001,-147.355359865084,1a89c98e875bf5e11420e37694438f3814176d86456a1d25a8cb8dce67f58531,0.982094618383358,0.0179053816166419,0.640685070929138,0.851129498729653,0.813959104385604,0.737894359817511,2516.42857142857,2.0,0.889,-0.0371703943440492,-0.103447954250514,88.0,c4be7dc19276bb754391970afc50fae4711a5005,2026-08-18 08:07:04,2026-06-06 14:01:41,2026-04-25-DC-BOS,glory,breeze,21,16,2026-04-25 19:00:00
tallen1,-3.97,69.16,cdavisbra,2.54,60.51,0,0,0,"itran,mcoe,cdavisbra,kdelorenz,tallen1,ldecraene,ograff",True,2026-04-25-DC-BOS,3,1,1,5,416.0,2,10,False,False,65,home,45,1777159678.0,18,False,"jwodatch1,zburpee,cloverane,cboxley,amerriman,jnissen,smott",46,89,1513d4596fd0d5d9192707dbc234981b4fb57ffcb096d5a956220d1614c776c4,1777159678.0,False,65,349.809523809524,10.8260149639653,6.51,-8.65,-143.034838814447,27f72445d11bc7c135f09ff3799ffc1285b8b0e6f3f1dad2d2670cd5c954e81a,0.985366576706021,0.0146334232939787,0.640685070929138,0.813880528593526,0.777142580018622,0.772845410143994,2509.80952380952,2.0,0.885,-0.0367379485749043,-0.102244425718418,89.0,25d991dcd9af8255d54b0dafcdc96afe76f71ca1,2026-08-18 08:07:04,2026-06-06 14:01:41,2026-04-25-DC-BOS,glory,breeze,21,16,2026-04-25 19:00:00
cdavisbra,2.54,60.51,kdelorenz,9.83,67.16,0,0,0,"itran,mcoe,cdavisbra,kdelorenz,tallen1,ldecraene,ograff",True,2026-04-25-DC-BOS,3,1,1,5,416.0,2,11,False,False,66,home,46,1777159681.0,18,False,"jwodatch1,zburpee,cloverane,cboxley,amerriman,jnissen,smott",47,90,e989f2f5d7d95fb6ae574206ef0abd6ea354e30f5040600c4e35f765616a49ca,1777159681.0,False,66,343.190476190476,9.86745154535861,7.29,6.65,-47.6286633627788,2ede1d1945f34b2fc095a03919dae9c7ecdd08c79be51a7eecd5c19008023b81,0.981038298350122,0.0189617016498779,0.640685070929138,0.77706869091482,0.803640860295179,0.743901364538581,2503.19047619048,2.0,0.888,0.0265721693803587,0.0739523109965694,90.0,4b5c5cc75a405ec9d955cae923db2433b47b165b,2026-08-18 08:07:04,2026-06-06 14:01:41,2026-04-25-DC-BOS,glory,breeze,21,16,2026-04-25 19:00:00
kdelorenz,9.83,67.16,mcoe,16.47,76.38,0,0,0,"itran,mcoe,cdavisbra,kdelorenz,tallen1,ldecraene,ograff",True,2026-04-25-DC-BOS,3,1,1,5,416.0,2,12,False,False,67,home,47,1777159684.0,18,False,"jwodatch1,zburpee,cloverane,cboxley,amerriman,jnissen,smott",48,91,5da17ac27710ba7263ae0508f1157fbb6b8fc4a6ae8863075095fbb9e7a5fab2,1777159684.0,False,67,336.571428571429,11.3621300819873,6.64,9.22,-35.7604349693403,bf8e52f222b951ff553463b316b354001135aea9eb01aef91e54c4b9e1e9ad1e,0.977614636673182,0.0223853633268175,0.640685070929138,0.803584816681549,0.835925954516191,0.699103270052397,2496.57142857143,2.0,0.891,0.0323411378346424,0.0900077765159161,91.0,57a85d23b23e149adfa92611c32cd41aabd25304,2026-08-18 08:07:04,2026-06-06 14:01:41,2026-04-25-DC-BOS,glory,breeze,21,16,2026-04-25 19:00:00
mcoe,16.47,76.38,tallen1,17.44,81.54,0,0,0,"itran,mcoe,cdavisbra,kdelorenz,tallen1,ldecraene,ograff",True,2026-04-25-DC-BOS,3,1,1,5,416.0,2,13,False,False,68,home,48,1777159690.0,18,False,"jwodatch1,zburpee,cloverane,cboxley,amerriman,jnissen,smott",49,92,b15e1b1826fec4705c1ab42741096fb755ef080f67d9d790ba761ea8fc2c3e69,1777159690.0,False,68,329.952380952381,5.25038093856057,0.970000000000002,5.16000000000001,-10.646469725824,e8671bb86483cfaeaad55b62b5b062d3dad91166fc7a8c862f060af28046ba9c,0.985520008699854,0.0144799913001455,0.640685070929138,0.835884200068553,0.85656176550538,0.678011585379635,2489.95238095238,2.0,0.893,0.020677565436827,0.0575471926265247,92.0,eb055cc2d56cf936cc2f18510a297dc39dca1fb2,2026-08-18 08:07:04,2026-06-06 14:01:41,2026-04-25-DC-BOS,glory,breeze,21,16,2026-04-25 19:00:00
tallen1,17.44,91.54,cdavisbra,8.6,85.22,0,0,0,"itran,mcoe,cdavisbra,kdelorenz,tallen1,ldecraene,ograff",True,2026-04-25-DC-BOS,3,1,1,5,416.0,2,14,False,False,69,home,50,1777159709.0,18,False,"jwodatch1,zburpee,cloverane,cboxley,amerriman,jnissen,smott",51,95,4f7708ac8c33fb50176a6abf14c43f5b221cc7a35ab763b9b5a096c9ca1f8867,1777159709.0,False,69,323.333333333333,10.8668302646172,-8.84,-6.32000000000001,125.562194598143,011bc07d86e5cc8dc9ffd345f1797b80c861e309b3c0883dbb94cfae94834352,0.970249467890808,0.0297505321091923,0.640685070929138,0.897429605261519,0.880179058041442,0.679634719206559,2483.33333333333,2.0,0.895,-0.0172505472200771,-0.0480095476819864,95.0,86dd61ff7e4a0fc01586119ba82a51142b5672b2,2026-08-18 08:07:04,2026-06-06 14:01:41,2026-04-25-DC-BOS,glory,breeze,21,16,2026-04-25 19:00:00
cdavisbra,8.6,85.22,ograff,-3.33,89.22,0,0,0,"itran,mcoe,cdavisbra,kdelorenz,tallen1,ldecraene,ograff",True,2026-04-25-DC-BOS,3,1,1,5,416.0,2,15,False,False,70,home,51,1777159712.0,18,False,"jwodatch1,zburpee,cloverane,cboxley,amerriman,jnissen,smott",52,96,b0762b5d4740be36c95cd7c6e4ae89c95b08bc256deefc7790bbe966c5bb45d3,1777159712.0,False,70,316.714285714286,12.5827222809693,-11.93,4.0,71.4642544837296,e5e270b70cd3b4885b97fa950863a1d1f9f4dcc27e672900c60660a506471309,0.968517953896273,0.0314820461037268,0.640685070929138,0.880151079232098,0.896127374488778,0.668675962936949,2476.71428571429,2.0,0.897,0.0159762952566794,0.044463210304097,96.0,44549fbe025e5e9d4635db5324571786c4d4fae6,2026-08-18 08:07:04,2026-06-06 14:01:41,2026-04-25-DC-BOS,glory,breeze,21,16,2026-04-25 19:00:00
ograff,-3.33,89.22,cdavisbra,-0.42,83.41,0,0,0,"itran,mcoe,cdavisbra,kdelorenz,tallen1,ldecraene,ograff",True,2026-04-25-DC-BOS,3,1,1,5,416.0,2,16,False,False,71,home,52,1777159717.0,18,False,"jwodatch1,zburpee,cloverane,cboxley,amerriman,jnissen,smott",53,97,d00bff16c451246ec99b144c35166b416d71afcc4a422405368e7f061b58eb59,1777159717.0,False,71,310.095238095238,6.49801508154606,2.91,-5.81,-153.39551608344,6065aa6f53408fb4cf90eb1770fc54989c6da6bbe4bcd0e62503dd3c65044154,0.984143407197957,0.0158565928020434,0.640685070929138,0.896101602873645,0.873742166795588,0.686774387901099,2470.09523809524,2.0,0.894,-0.0223594360780562,-0.0622279629067308,97.0,115b70e6331b4251ba57d1e40733286539178244,2026-08-18 08:07:04,2026-06-06 14:01:41,2026-04-25-DC-BOS,glory,breeze,21,16,2026-04-25 19:00:00
cdavisbra,-0.42,83.41,ograff,2.61,77.35,0,0,0,"itran,mcoe,cdavisbra,kdelorenz,tallen1,ldecraene,ograff",True,2026-04-25-DC-BOS,3,1,1,5,416.0,2,17,False,False,72,home,53,1777159722.0,18,False,"jwodatch1,zburpee,cloverane,cboxley,amerriman,jnissen,smott",54,98,b68231d73e91810a65b44a50b20dc6f6e387881eb423427664ccc4d3ddb825c1,1777159722.0,False,72,303.47619047619,6.77528597182437,3.03,-6.06,-153.434948822922,f818c5077eb61662245c1652590fa809ea4bb16c0fe13226becaca3bd678b256,0.985810955312935,0.0141890446870653,0.640685070929138,0.873708056619077,0.848703745081896,0.707063973455541,2463.47619047619,2.0,0.892,-0.0250043115371813,-0.0695888467585773,98.0,41c5d5c7afe17d335962c149bb3d31932b161836,2026-08-18 08:07:04,2026-06-06 14:01:41,2026-04-25-DC-BOS,glory,breeze,21,16,2026-04-25 19:00:00
ograff,2.61,77.35,cdavisbra,-4.81,81.03,0,0,0,"itran,mcoe,cdavisbra,kdelorenz,tallen1,ldecraene,ograff",True,2026-04-25-DC-BOS,3,1,1,5,416.0,2,18,False,False,73,home,54,1777159724.0,18,False,"jwodatch1,zburpee,cloverane,cboxley,amerriman,jnissen,smott",55,99,66dce75f72176f71b10175cde483d6f8f86812d12f4ae905f37fc3aff2fa157f,1777159724.0,False,73,296.857142857143,8.2824392542294,-7.42,3.68000000000001,63.6205716492406,5bdaf617894a3982858e7351c268f87650bac07b0e1136f83934ea603d703acb,0.981413983348847,0.0185860166511534,0.640685070929138,0.848657223492102,0.86378516028377,0.694069733116125,2456.85714285714,2.0,0.893,0.0151279367916679,0.0421021660045872,99.0,bae636411b78a78776671e59d861f0ad43991d85,2026-08-18 08:07:04,2026-06-06 14:01:41,2026-04-25-DC-BOS,glory,breeze,21,16,2026-04-25 19:00:00
cdavisbra,-4.81,81.03,tallen1,-12.81,85.41,0,0,0,"itran,mcoe,cdavisbra,kdelorenz,tallen1,ldecraene,ograff",True,2026-04-25-DC-BOS,3,1,1,5,416.0,2,19,False,False,74,home,55,1777159732.0,18,False,"jwodatch1,zburpee,cloverane,cboxley,amerriman,jnissen,smott",56,101,8740e7415d420eabcc368b6075d9db653f698bf4f46adb374fedc50468ce7a1e,1777159732.0,False,74,290.238095238095,9.12054822913623,-8.0,4.38,61.2992950436625,769cba68abaa3bdcb2df95b7d98f80deddb53ed18c031227bcc801fd5305ee40,0.977823464405475,0.0221765355945255,0.640685070929138,0.863733839876273,0.879065717860172,0.674126701767921,2450.2380952381,2.0,0.895,0.015331877983899,0.0426697494132656,101.0,fa52cb01234d6b0f1427370287bfba1561b48b85,2026-08-18 08:07:04,2026-06-06 14:01:41,2026-04-25-DC-BOS,glory,breeze,21,16,2026-04-25 19:00:00
tallen1,-12.81,85.41,cdavisbra,-16.22,104.06,0,0,0,"itran,mcoe,cdavisbra,kdelorenz,tallen1,ldecraene,ograff",True,2026-04-25-DC-BOS,4,1,1,5,416.0,2,20,False,False,75,home,56,1777159746.0,19,False,"jwodatch1,zburpee,cloverane,cboxley,amerriman,jnissen,smott",57,102,fd45f7c5ef4d1fdd63777a49d65995945623c89d0e3fc134001c51414a21f61b,1777159746.0,False,75,283.619047619048,18.9591824718262,-3.41,18.65,10.3616097360267,4bc0f019acf2f8d128acd6cc08e04e8f39baa56556ddc9a0d0804df2cfa1accb,0.935887201000062,0.0641127989999376,0.640685070929138,0.879009286769665,1.0,0.624567008430294,2443.61904761905,2.0,0.901,0.120990713230335,0.336726095804592,102.0,8abe7274012f28c7f9acd28592d24d517d98bd8c,2026-08-18 08:07:04,2026-06-06 14:01:41,2026-04-25-DC-BOS,glory,breeze,21,16,2026-04-25 19:00:00
ilee,-0.45,12.63,aroy,5.25,23.54,0,0,0,"mgrovic,aroy,wvandenbr,ilee,cmccutche,amerriman,bgreenber",False,2026-04-25-DC-BOS,4,1,1,6,277.0,1,1,True,True,76,away,46,1777159798.0,18,False,"ghaflin,tchan,zsinger,mmcdonnel,sfisherol,tedmonds,ograff",47,106,f9b047754fd6eedee8db0f2d0729fe6dcf8489548d875cf2c30d7e4c284fd1b7,1777159798.0,False,76,277.0,12.3092688653713,5.7,10.91,-27.5851080700634,89e0277096bf12c9d96a11f84fae05f902de8d354edf3e06dab8a3d1efe2914e,0.985488994121341,0.0145110058786586,0.621913115003585,0.621913115003585,0.647598988354434,0.921047741779639,2437.0,3.0,0.912,0.0256858733508485,0.0679364304082963,106.0,f5d7965acf3bc91cd303ed657482f7d6325e870d,2026-08-18 08:07:04,2026-06-06 14:01:41,2026-04-25-DC-BOS,glory,breeze,21,16,2026-04-25 19:00:00
aroy,5.25,23.54,bgreenber,15.06,40.57,0,0,0,"mgrovic,aroy,wvandenbr,ilee,cmccutche,amerriman,bgreenber",False,2026-04-25-DC-BOS,4,1,1,6,277.0,1,2,True,True,77,away,47,1777159801.0,18,False,"ghaflin,tchan,zsinger,mmcdonnel,sfisherol,tedmonds,ograff",48,107,623b885f0378928c63e6d4c34eb848f9bd7dc3b14bbc1a2db6457802efe23654,1777159801.0,False,77,276.875,19.6534220938746,9.81,17.03,-29.9437613989973,0a4c614255dea447648eec60c9be95701ffcd2db8c654f70acb12d6bbaff47d9,0.965319872296097,0.0346801277039028,0.621913115003585,0.647595919883528,0.689236549104002,0.852071928060987,2436.875,3.0,0.91,0.0416406292204734,0.110135079720811,107.0,cda717ee11ae529ab0e659ddf310ecb1081e053c,2026-08-18 08:07:04,2026-06-06 14:01:41,2026-04-25-DC-BOS,glory,breeze,21,16,2026-04-25 19:00:00
bgreenber,15.06,40.57,cmccutche,1.26,44.0,0,0,0,"mgrovic,aroy,wvandenbr,ilee,cmccutche,amerriman,bgreenber",False,2026-04-25-DC-BOS,4,1,1,6,277.0,1,3,True,True,78,away,48,1777159809.0,18,False,"ghaflin,tchan,zsinger,mmcdonnel,sfisherol,tedmonds,ograff",49,108,7832120fc38072e7ea86bb07b744df8ff9097fc5ea360a875dcc2a79249e62a6,1777159809.0,False,78,276.75,14.2198769333634,-13.8,3.43,76.0419359541507,5585d33aeb655e76418c9e253fc6e1b9b4f07be105b74c694920da551ae98fb5,0.978049389241704,0.0219506107582959,0.621913115003585,0.689233658776924,0.711577012750114,0.84277348520436,2436.75,3.0,0.908,0.0223433539731902,0.0590958186063557,108.0,616a640cb9c2245b1a4bc0128a8be05391138229,2026-08-18 08:07:04,2026-06-06 14:01:41,2026-04-25-DC-BOS,glory,breeze,21,16,2026-04-25 19:00:00
cmccutche,1.26,44.0,ilee,-8.0,42.63,0,0,0,"mgrovic,aroy,wvandenbr,ilee,cmccutche,amerriman,bgreenber",False,2026-04-25-DC-BOS,4,1,1,6,277.0,1,4,True,True,79,away,49,1777159813.0,18,False,"ghaflin,tchan,zsinger,mmcdonnel,sfisherol,tedmonds,ograff",50,109,63397e546f66f6d857c35429525139ec5f891d68ae7f36da3e2ac189eb519035,1777159813.0,False,79,276.625,9.3607959063319,-9.26,-1.37,98.4157565403101,277ac339f6026902ae46989a0d5fef6b215829e2202c26ebf9e7181db5a990f1,0.988169410973256,0.0118305890267436,0.621913115003585,0.711574233233268,0.705539737170033,0.847795396670762,2436.625,3.0,0.908,-0.00603449606323525,-0.0159606066824891,109.0,6f7c96438453adff0f77c10c931a9fe2ebace009,2026-08-18 08:07:04,2026-06-06 14:01:41,2026-04-25-DC-BOS,glory,breeze,21,16,2026-04-25 19:00:00
ilee,-8.0,42.63,bgreenber,-16.65,53.89,0,0,0,"mgrovic,aroy,wvandenbr,ilee,cmccutche,amerriman,bgreenber",False,2026-04-25-DC-BOS,4,1,1,6,277.0,1,5,True,True,80,away,50,1777159816.0,18,False,"ghaflin,tchan,zsinger,mmcdonnel,sfisherol,tedmonds,ograff",51,110,b41cac811bdf055c98caa008d142d854508f67eb3c88a24be31f21d24b49c312,1777159816.0,False,80,276.5,14.1989471440667,-8.65,11.26,37.5316873322523,aad237bb08e8ce215560a4574350fd27ef1ff34e12c9d2d6a3057c2b5c6569ed,0.977507461239344,0.022492538760656,0.621913115003585,0.705536913375238,0.737983070841126,0.789029627907303,2436.5,3.0,0.906,0.0324461574658883,0.0858166700656542,110.0,e2dce7efc5e62d35413bc08e085ad48836d033ea,2026-08-18 08:07:04,2026-06-06 14:01:41,2026-04-25-DC-BOS,glory,breeze,21,16,2026-04-25 19:00:00
bgreenber,-16.65,53.89,wvandenbr,-18.23,63.02,0,0,0,"mgrovic,aroy,wvandenbr,ilee,cmccutche,amerriman,bgreenber",False,2026-04-25-DC-BOS,4,1,1,6,277.0,1,6,True,True,81,away,51,1777159821.0,18,False,"ghaflin,tchan,zsinger,mmcdonnel,sfisherol,tedmonds,ograff",52,111,017edab758f1d3c2107aeb1b613aca5c5a896853b7eeb8559acaa797e5ccb766,1777159821.0,False,81,276.375,9.26570558565294,-1.58,9.13,9.81812889800153,edaeeaa57e2a963c752ec1cb83b814fd90a7e4c6ed794638d845fcad2360b537,0.983334414611054,0.0166655853889461,0.621913115003585,0.737980433130301,0.772985522143863,0.744132451071398,2436.375,3.0,0.903,0.0350050890135621,0.0925847745654919,111.0,bc0113ea8feb296a90ff411f2f6e1f28542f988f,2026-08-18 08:07:04,2026-06-06 14:01:41,2026-04-25-DC-BOS,glory,breeze,21,16,2026-04-25 19:00:00
wvandenbr,-18.23,63.02,bgreenber,-9.1,54.23,0,0,0,"mgrovic,aroy,wvandenbr,ilee,cmccutche,amerriman,bgreenber",False,2026-04-25-DC-BOS,4,1,1,6,277.0,1,7,True,True,82,away,52,1777159823.0,18,False,"ghaflin,tchan,zsinger,mmcdonnel,sfisherol,tedmonds,ograff",53,112,e06cf9bbd05ebfd3b8fff9fe016e3d4ae19fe863a9ecc094912fd5a098346ff5,1777159823.0,False,82,276.25,12.6736340486855,9.13,-8.79000000000001,-133.913045313465,ae0238b6dc7a8ffb051d7db42a2c7ccee7739ca1e51f8d30c00eac5f2fbbaad4,0.979787955689556,0.0202120443104438,0.621913115003585,0.772983119764217,0.749126729769195,0.797410174016794,2436.25,3.0,0.905,-0.0238563899950223,-0.0630976395683454,112.0,5c52cde8091eff76b5676ff6452fdcaabfdbf2e4,2026-08-18 08:07:04,2026-06-06 14:01:41,2026-04-25-DC-BOS,glory,breeze,21,16,2026-04-25 19:00:00
bgreenber,-9.1,54.23,,16.78,71.25,1,0,0,"mgrovic,aroy,wvandenbr,ilee,cmccutche,amerriman,bgreenber",False,2026-04-25-DC-BOS,4,1,1,6,277.0,1,8,True,True,83,away,53,1777159830.0,22,False,"ghaflin,tchan,zsinger,mmcdonnel,sfisherol,tedmonds,ograff",54,114,ba3173d37fd908d49de500ad8b9aedd72cca0c1805420b667d2d775e65956590,1777159830.0,False,83,276.125,30.9750673929856,25.88,17.02,-56.6690524636995,55903ed014cccd908c013823ce77a0533e48e20efa5c89e8ca3469a38f2141bb,0.909763488795071,-0.909763488795071,0.621913115003585,0.749124147567548,0.811825705384451,0.716980206411188,2436.125,3.0,0.942,-0.716980206411188,-0.716980206411188,114.0,d81c3a6afc4df51e2ae5a2dbcda14433f8ff70ce,2026-08-18 08:07:04,2026-06-06 14:01:41,2026-04-25-DC-BOS,glory,breeze,21,16,2026-04-25 19:00:00
zsinger,-21.19,49.8,sfisherol,-5.97,59.8,0,0,0,"ghaflin,tchan,zsinger,mmcdonnel,sfisherol,tedmonds,ograff",True,2026-04-25-DC-BOS,4,1,1,6,276.0,2,1,False,False,84,home,60,1777159835.0,18,False,"mgrovic,aroy,wvandenbr,ilee,cmccutche,amerriman,bgreenber",61,115,bd962ea992d7df0760c2ed4ae57c2fe39dfbd0541f8375873cc11bae16292fe5,1777159835.0,False,84,276.0,18.2112163240131,15.22,10.0,-56.6938765135324,796ab3ebdb3bbafcbf9d2ce2f24f8da609b09ba582e2331c45dac7a8e10303a9,0.952631882182438,0.047368117817562,0.703299679167688,0.703299679167688,0.772970590228805,0.774651052877711,2436.0,3.0,0.945,0.0696709110611164,0.234819129503041,115.0,828fc75ddaa3aafc1222dc98e35c7dbb172ebca2,2026-08-18 08:07:04,2026-06-06 14:01:41,2026-04-25-DC-BOS,glory,breeze,21,16,2026-04-25 19:00:00
sfisherol,-5.97,59.8,tedmonds,-12.87,66.96,0,0,0,"ghaflin,tchan,zsinger,mmcdonnel,sfisherol,tedmonds,ograff",True,2026-04-25-DC-BOS,4,1,1,6,276.0,2,2,False,False,85,home,61,1777159839.0,18,False,"mgrovic,aroy,wvandenbr,ilee,cmccutche,amerriman,bgreenber",62,116,7e074704713eab8adebbb77b1f022a7ed62398b368a9d5d34d65a50bd7a71506,1777159839.0,False,85,266.857142857143,9.94362107081721,-6.9,7.16,43.9405970860228,b7dcfae65569f86c89f59a28cf20332b719f678da1ce977ee8252d55ae633880,0.980567754277483,0.0194322457225171,0.703299679167688,0.772768299335553,0.799980149905435,0.740281617083789,2426.85714285714,3.0,0.946,0.027211850569882,0.0917149347649727,116.0,92f749f6d458e28ff6c2b84b13e00070e6865252,2026-08-18 08:07:04,2026-06-06 14:01:41,2026-04-25-DC-BOS,glory,breeze,21,16,2026-04-25 19:00:00
tedmonds,-12.87,66.96,ghaflin,-16.42,77.29,0,0,0,"ghaflin,tchan,zsinger,mmcdonnel,sfisherol,tedmonds,ograff",True,2026-04-25-DC-BOS,4,1,1,6,276.0,2,3,False,False,86,home,62,1777159843.0,18,False,"mgrovic,aroy,wvandenbr,ilee,cmccutche,amerriman,bgreenber",63,117,006481178854d2cf4522dfed35840ab3bd218f7002cddb2915574b93730d67c2,1777159843.0,False,86,257.714285714286,10.9229757850139,-3.55,10.33,18.9657573028681,086097fd88a3aeefe080ba1fa4fa13977d54756a536c23b2c3f14e1f75499e9b,0.976534199591842,0.0234658004081578,0.703299679167688,0.799744379998307,0.840503594386013,0.692584775016254,2417.71428571429,3.0,0.948,0.0407592143877059,0.137375026334205,117.0,1fb9264c20721ce9886133ad6590ae13d1cc6c14,2026-08-18 08:07:04,2026-06-06 14:01:41,2026-04-25-DC-BOS,glory,breeze,21,16,2026-04-25 19:00:00
ghaflin,-16.42,77.29,mmcdonnel,-11.71,87.16,0,0,0,"ghaflin,tchan,zsinger,mmcdonnel,sfisherol,tedmonds,ograff",True,2026-04-25-DC-BOS,4,1,1,6,276.0,2,4,False,False,87,home,63,1777159846.0,18,False,"mgrovic,aroy,wvandenbr,ilee,cmccutche,amerriman,bgreenber",64,118,f46f6975f5d77d1a1c1211677d3808330360cfb98b8fc142c1750e13bd3e6e05,1777159846.0,False,87,248.571428571429,10.936224211308,4.71,9.86999999999999,-25.5106466735562,1e5ed4b944d277a2f77da14cd8cfb69c25993671156ae83fbea6b1a244129fa3,0.966893821492915,0.0331061785070853,0.703299679167688,0.840255708989621,0.886008027115795,0.669000785561942,2408.57142857143,3.0,0.95,0.0457523181261741,0.154203804019586,118.0,8e42acfcde66bc7abad9b41664e5a33c5b385efa,2026-08-18 08:07:04,2026-06-06 14:01:41,2026-04-25-DC-BOS,glory,breeze,21,16,2026-04-25 19:00:00
mmcdonnel,-11.71,87.16,tchan,14.02,93.16,0,0,0,"ghaflin,tchan,zsinger,mmcdonnel,sfisherol,tedmonds,ograff",True,2026-04-25-DC-BOS,4,1,1,6,276.0,2,5,False,False,88,home,64,1777159849.0,18,False,"mgrovic,aroy,wvandenbr,ilee,cmccutche,amerriman,bgreenber",65,119,cc094d773aaace60306914e4bbb30b14fc9d29d1fc83e7bb9bfa27d960af57d5,1777159849.0,False,88,239.428571428571,26.4203122615915,25.73,6.0,-76.8737213177689,87e23705ebfea565a6134ce0ea8b8a55b1ce382a53895dc1ab97d40cc942c418,0.906779874009868,0.0932201259901321,0.703299679167688,0.885777773530826,0.906429316492381,0.648152347515551,2399.42857142857,3.0,0.951,0.0206515429615551,0.0696040466138455,119.0,8ba95fc73685de897904ed1e3476ff9664fb61fa,2026-08-18 08:07:04,2026-06-06 14:01:41,2026-04-25-DC-BOS,glory,breeze,21,16,2026-04-25 19:00:00
tchan,14.02,93.16,ograff,12.99,98.12,0,0,0,"ghaflin,tchan,zsinger,mmcdonnel,sfisherol,tedmonds,ograff",True,2026-04-25-DC-BOS,4,1,1,6,276.0,2,6,False,False,89,home,65,1777159852.0,18,False,"mgrovic,aroy,wvandenbr,ilee,cmccutche,amerriman,bgreenber",66,120,025f92e79e50c3f4ab7a1e5570f0326e20a5efdf8afcf5b2560d7ddaa676353a,1777159852.0,False,89,230.285714285714,5.06581681469041,-1.03,4.96000000000001,11.7313804713794,520072ca42fdb2e3c83234921089cc430df5a8722d1b660ba42004ceb7739fc5,0.977772476110882,0.0222275238891176,0.703299679167688,0.906194764585292,0.923821865667114,0.635906089008656,2390.28571428571,3.0,0.952,0.0176271010818214,0.0594104550759278,120.0,660c9968537a866884467917370dcbb8555ae028,2026-08-18 08:07:04,2026-06-06 14:01:41,2026-04-25-DC-BOS,glory,breeze,21,16,2026-04-25 19:00:00
ograff,12.99,98.12,zsinger,15.25,108.32,0,0,0,"ghaflin,tchan,zsinger,mmcdonnel,sfisherol,tedmonds,ograff",True,2026-04-25-DC-BOS,5,1,1,6,276.0,2,7,False,False,90,home,66,1777159859.0,19,False,"mgrovic,aroy,wvandenbr,ilee,cmccutche,amerriman,bgreenber",67,121,450237cc0e5266c29679a5b317fb9230eceda6c4640ed1e4faafa344908c44db,1777159859.0,False,90,221.142857142857,10.4473728755128,2.26,10.2,-12.4931168212141,061f514a6a3f0918a55f8a69b4556b9e4ffae7427b3afb728030d98c37f59014,0.962140288994,0.0378597110060005,0.703299679167688,0.923589189164231,1.0,0.626026503954631,2381.14285714286,3.0,0.954,0.0764108108357686,0.257535315841314,121.0,c4ba7386da86629e5dd4c92e22ca206aa8577bf8,2026-08-18 08:07:04,2026-06-06 14:01:41,2026-04-25-DC-BOS,glory,breeze,21,16,2026-04-25 19:00:00
jnissen,1.2,3.22,smott,1.2,19.08,0,0,0,"jwodatch1,tshapinsk,zburpee,cboxley,cloverane,smott,jnissen",False,2026-04-25-DC-BOS,5,1,1,7,212.0,1,1,True,True,91,away,56,1777159930.0,18,False,"ldecraene,mcoe,itran,mmcdonnel,kdelorenz,tallen1,cdavisbra",57,126,8055a1db0e59f4d82bc68f89e251f9cdd128dd3f70ac845b8693b7696527018f,1777159930.0,False,91,212.0,15.86,0.0,15.86,0.0,29a33cb8fe76647f4495b3f6a580b5715679f5b692aacdb066da9a199209a4ec,0.981134039622387,0.0188659603776128,0.598519062264438,0.598519062264438,0.632925317337758,0.931136345898165,2372.0,4.0,0.96,0.0344062550733197,0.0856983528716914,126.0,10e3755b4e75bfb48ea626528febf5dc7f3cbfe5,2026-08-18 08:07:04,2026-06-06 14:01:41,2026-04-25-DC-BOS,glory,breeze,21,16,2026-04-25 19:00:00
smott,1.2,19.08,cloverane,5.8,28.28,0,0,0,"jwodatch1,tshapinsk,zburpee,cboxley,cloverane,smott,jnissen",False,2026-04-25-DC-BOS,5,1,1,7,212.0,1,2,True,True,92,away,57,1777159935.0,18,False,"ldecraene,mcoe,itran,mmcdonnel,kdelorenz,tallen1,cdavisbra",58,127,301f66fac42c55093084025acef14d53e6cb7d7ada59ad9157791d42f6fbfa74,1777159935.0,False,92,211.5,10.285912696499,4.6,9.2,-26.565051177078,2eb172daddb44f208170c30201fa59ebd212959ff4576a16e9467e55d34b4704,0.987144696057177,0.0128553039428231,0.598519062264438,0.632871588964774,0.656586995586793,0.903362850007292,2371.5,4.0,0.959,0.0237154066220187,0.0590698197423235,127.0,1afe732aaa74ec06de920fd5b151e826b228f09d,2026-08-18 08:07:04,2026-06-06 14:01:41,2026-04-25-DC-BOS,glory,breeze,21,16,2026-04-25 19:00:00
cloverane,5.8,28.28,jnissen,11.49,32.12,0,0,0,"jwodatch1,tshapinsk,zburpee,cboxley,cloverane,smott,jnissen",False,2026-04-25-DC-BOS,5,1,1,7,212.0,1,3,True,True,93,away,58,1777159936.0,18,False,"ldecraene,mcoe,itran,mmcdonnel,kdelorenz,tallen1,cdavisbra",59,128,6a62d619027c56d1b1b23136feb1425303340d53598ad3742f0c8274ec7d07ee,1777159936.0,False,93,211.0,6.86452474684154,5.69,3.84,-55.9858385919796,f3c6859d0999f1539458eed60cdb0a0932036362ea943d69a37efa7395855568,0.990415621226772,0.00958437877322849,0.598519062264438,0.656534411630554,0.664248400433358,0.887643736015361,2371.0,4.0,0.959,0.00771398880280361,0.0192138357709139,128.0,228ece7164230987030d2a916a412c49f67c324e,2026-08-18 08:07:04,2026-06-06 14:01:41,2026-04-25-DC-BOS,glory,breeze,21,16,2026-04-25 19:00:00
jnissen,11.49,32.12,cloverane,18.08,47.02,0,0,0,"jwodatch1,tshapinsk,zburpee,cboxley,cloverane,smott,jnissen",False,2026-04-25-DC-BOS,5,1,1,7,212.0,1,4,True,True,94,away,59,1777159938.0,18,False,"ldecraene,mcoe,itran,mmcdonnel,kdelorenz,tallen1,cdavisbra",60,129,129a7a7c96b9bf0abbe49eaa7a91cf2bbb657d427df62a86a2ae1be0278c6745,1777159938.0,False,94,210.5,16.2922711737805,6.59,14.9,-23.8589381957681,5c76fbe4406d865b9586653a53abb1ccbdb912930b59c46b8ed5d0d5eb79e7ef,0.974489900817741,0.0255100991822587,0.598519062264438,0.664195952919985,0.700111352392577,0.815720468146789,2370.5,4.0,0.958,0.0359153994725926,0.0894572969644913,129.0,82b4a686ccb5c5a3eddb545dd79579b53fdecbb0,2026-08-18 08:07:04,2026-06-06 14:01:41,2026-04-25-DC-BOS,glory,breeze,21,16,2026-04-25 19:00:00
cloverane,18.08,47.02,zburpee,17.12,65.35,0,0,0,"jwodatch1,tshapinsk,zburpee,cboxley,cloverane,smott,jnissen",False,2026-04-25-DC-BOS,5,1,1,7,212.0,1,5,True,True,95,away,60,1777159941.0,18,False,"ldecraene,mcoe,itran,mmcdonnel,kdelorenz,tallen1,cdavisbra",61,130,c6a2bf6e1cfad25065277aa26afd6988b70e20c62c9858494d8c692244585277,1777159941.0,False,95,210.0,18.3551219009845,-0.959999999999997,18.33,2.9980218195571,5981c72494ec5a24acf2cb8f4511c29f4cd4d58223cb91330fa15ea8d17d6aa5,0.955934332720523,0.0440656672794775,0.598519062264438,0.700061564391538,0.781424085410533,0.736513461238366,2370.0,4.0,0.955,0.0813625210189952,0.202656000252209,130.0,eecb735afee345473de95304823f9ba4f38e248d,2026-08-18 08:07:04,2026-06-06 14:01:41,2026-04-25-DC-BOS,glory,breeze,21,16,2026-04-25 19:00:00
zburpee,17.12,65.35,,2.02,109.22,1,0,0,"jwodatch1,tshapinsk,zburpee,cboxley,cloverane,smott,jnissen",False,2026-04-25-DC-BOS,5,1,1,7,212.0,1,6,True,True,96,away,61,1777159948.0,22,False,"ldecraene,mcoe,itran,mmcdonnel,kdelorenz,tallen1,cdavisbra",62,132,1c19c7b66f698b0b788c723bc81fa3272ebf7cd9f0f5a39792487014470a516e,1777159948.0,False,96,209.5,46.3959793516637,-15.1,43.87,18.9933999859938,70d293f20d2e0d959bc650e91e654a438b76dbcb1805f87f14c9942db0969e7d,0.692729074783154,-0.692729074783154,0.598519062264438,0.781383244158717,0.954209861985594,0.634841469264908,2369.5,4.0,0.972,-0.634841469264908,-0.634841469264908,132.0,381ff27465796c649539d1557e7ceb36cf34c033,2026-08-18 08:07:04,2026-06-06 14:01:41,2026-04-25-DC-BOS,glory,breeze,21,16,2026-04-25 19:00:00
mmcdonnel,-9.45,19.22,cdavisbra,-19.32,14.12,0,0,0,"ldecraene,mcoe,itran,mmcdonnel,kdelorenz,tallen1,cdavisbra",True,2026-04-25-DC-BOS,5,1,1,7,209.0,2,1,False,False,97,home,70,1777159972.0,18,False,"jwodatch1,tshapinsk,zburpee,cboxley,cloverane,smott,jnissen",71,133,1b96d86c06e10563776c92cfe94a57d64be1fd1f4cefd6884f5efab2af103a2e,1777159972.0,False,97,209.0,11.1097659741328,-9.87,-5.1,117.32618221616,458cede3449653d9222d5415d1174c356f146c2a03da4e4308a3428e76f13393,0.993174464788189,0.0068255352118114,0.595810621900451,0.630892073815676,0.596529144203387,0.923223867703977,2369.0,4.0,0.972,-0.0343629296122883,-0.085016904139982,133.0,32165a078134eed8788da4c27dd13f5aa18ef2ad,2026-08-18 08:07:04,2026-06-06 14:01:41,2026-04-25-DC-BOS,glory,breeze,21,16,2026-04-25 19:00:00
cdavisbra,-19.32,14.12,tallen1,-10.23,6.77,0,0,0,"ldecraene,mcoe,itran,mmcdonnel,kdelorenz,tallen1,cdavisbra",True,2026-04-25-DC-BOS,5,1,1,7,209.0,2,2,False,False,98,home,71,1777159977.0,18,False,"jwodatch1,tshapinsk,zburpee,cboxley,cloverane,smott,jnissen",72,134,9fb874312ef6b77ab388bfb60baca0bc9ff231c9a8f147035b1e75942fc5f29d,1777159977.0,False,98,203.125,11.6897647538349,9.09,-7.35,-128.958340676257,0e9423d8e215cc52068cc9d4b6e4e7ff24e1ff93d5fd1d74449f937c00e80df2,0.98976130020708,0.0102386997929204,0.595810621900451,0.595810621900451,0.601825004507338,0.930025764735238,2363.125,4.0,0.972,0.00601438260688658,0.0148801104946535,134.0,d5bfe5d24912418c4cf63190c2e0bcaefacdbfd9,2026-08-18 08:07:04,2026-06-06 14:01:41,2026-04-25-DC-BOS,glory,breeze,21,16,2026-04-25 19:00:00
tallen1,-10.23,6.77,ldecraene,-2.04,15.09,0,0,0,"ldecraene,mcoe,itran,mmcdonnel,kdelorenz,tallen1,cdavisbra",True,2026-04-25-DC-BOS,5,1,1,7,209.0,2,3,False,False,99,home,72,1777159985.0,18,False,"jwodatch1,tshapinsk,zburpee,cboxley,cloverane,smott,jnissen",73,135,3e5def0587a2ae845f53da55b8b22ac6c2d3873e32157379176cb86a1acba86b,1777159985.0,False,99,197.25,11.674694856826,8.19,8.32,-44.5488614532127,6b5b80409d1bec9cf75a70fc2d7a1175abfb74a03c5ac1328145e8a51213fe1f,0.987762006034823,0.0122379939651774,0.595810621900451,0.601040122652974,0.62158804132443,0.930635666726982,2357.25,4.0,0.972,0.0205479186714559,0.0508373544304153,135.0,a8fe1acff2532d2dbdfae41ddcbd2e52fa274e43,2026-08-18 08:07:04,2026-06-06 14:01:41,2026-04-25-DC-BOS,glory,breeze,21,16,2026-04-25 19:00:00
ldecraene,-2.04,15.09,kdelorenz,3.32,24.0,0,0,0,"ldecraene,mcoe,itran,mmcdonnel,kdelorenz,tallen1,cdavisbra",True,2026-04-25-DC-BOS,5,1,1,7,209.0,2,4,False,False,100,home,73,1777159988.0,18,False,"jwodatch1,tshapinsk,zburpee,cboxley,cloverane,smott,jnissen",74,136,e48f5782e2c431493730b306bc15e6503e989b7186ba2327398ab960bd1a7157,1777159988.0,False,100,191.375,10.3979661472809,5.36,8.91,-31.029906998573,045d35372b1cb0945ebea41e7fdc9d63239687a3ced596ff6e6c0bee947a5e63,0.988019976271236,0.0119800237287641,0.595810621900451,0.620745936799535,0.642717537008555,0.917548101414942,2351.375,4.0,0.972,0.0219716002090204,0.0543596675210228,136.0,83ed90784f4804d9daaef3281cbdbfa1d574a221,2026-08-18 08:07:04,2026-06-06 14:01:41,2026-04-25-DC-BOS,glory,breeze,21,16,2026-04-25 19:00:00
kdelorenz,3.32,24.0,mcoe,1.32,40.45,0,0,0,"ldecraene,mcoe,itran,mmcdonnel,kdelorenz,tallen1,cdavisbra",True,2026-04-25-DC-BOS,5,1,1,7,209.0,2,5,False,False,101,home,74,1777159991.0,18,False,"jwodatch1,tshapinsk,zburpee,cboxley,cloverane,smott,jnissen",75,137,360ff0c1b09ce3ecc69791f786ca2f96019c515c783f6ecf9e2fad4afb7c1377,1777159991.0,False,101,185.5,16.5711345417265,-2.0,16.45,6.93202979742912,2f50679b0a335293034a048f5373b06f7ec1c540d1ab3659a8727b9c9a0f0104,0.971916040835285,0.0280839591647154,0.595810621900451,0.641822076953234,0.692353601498237,0.853749517742207,2345.5,4.0,0.973,0.0505315245450034,0.125019427236304,137.0,1bab76c62d470c688fd3da9d07efc9181803ac1a,2026-08-18 08:07:04,2026-06-06 14:01:41,2026-04-25-DC-BOS,glory,breeze,21,16,2026-04-25 19:00:00
mcoe,1.32,40.45,mmcdonnel,-0.68,35.35,0,0,0,"ldecraene,mcoe,itran,mmcdonnel,kdelorenz,tallen1,cdavisbra",True,2026-04-25-DC-BOS,5,1,1,7,209.0,2,6,False,False,102,home,75,1777159993.0,18,False,"jwodatch1,tshapinsk,zburpee,cboxley,cloverane,smott,jnissen",76,138,2b0888b9398d1b80a56b9ea211dcc2ba040d161c8dc9fdaa46de1342a2cbef26,1777159993.0,False,102,179.625,5.47813836992094,-2.0,-5.1,158.587030525128,f4ef9045125b406e3424bdd9b83f5e13ed3b02811e838b1d6e935c4d367e615b,0.99308613642281,0.00691386357719026,0.595810621900451,0.691451717107432,0.674392225025054,0.874513054146799,2339.625,4.0,0.973,-0.0170594920823786,-0.0422066808449799,138.0,6e967857f5e021308fc4cacb3263fbc0d08f9390,2026-08-18 08:07:04,2026-06-06 14:01:41,2026-04-25-DC-BOS,glory,breeze,21,16,2026-04-25 19:00:00
mmcdonnel,-0.68,35.35,kdelorenz,18.02,49.54,0,0,0,"ldecraene,mcoe,itran,mmcdonnel,kdelorenz,tallen1,cdavisbra",True,2026-04-25-DC-BOS,5,1,1,7,209.0,2,7,False,False,103,home,76,1777159996.0,18,False,"jwodatch1,tshapinsk,zburpee,cboxley,cloverane,smott,jnissen",77,139,608e546db19beab395bdbace638b3a2373c5ff64ebf474d607550986bbe9d81c,1777159996.0,False,103,173.75,23.4743711310868,18.7,14.19,-52.8079176740588,baf3f1a29703572d59cef250a67714241f75c62ccb4cf17c337bf25e114775c1,0.960565683118675,0.0394343168813247,0.595810621900451,0.673374799214118,0.705511542340633,0.800648266712047,2333.75,4.0,0.974,0.0321367431265152,0.0795091233659291,139.0,f2d7878d951fc133a6e8a2ba9912c7965736dcb5,2026-08-18 08:07:04,2026-06-06 14:01:41,2026-04-25-DC-BOS,glory,breeze,21,16,2026-04-25 19:00:00
kdelorenz,18.02,49.54,cdavisbra,8.8,54.38,0,0,0,"ldecraene,mcoe,itran,mmcdonnel,kdelorenz,tallen1,cdavisbra",True,2026-04-25-DC-BOS,5,1,1,7,209.0,2,8,False,False,104,home,77,1777160027.0,18,False,"jwodatch1,tshapinsk,zburpee,cboxley,cloverane,smott,jnissen",78,148,af5b9bf5ea424119415491f26ce973f3d64714bd48fa63d8e446f663667a74df,1777160027.0,False,104,167.875,10.4131647446874,-9.22,4.84,62.3029630298618,336124c737e74dcb79f2cec9ddb5d8293b8e28216f1038c873a092759be8ce51,0.979577663396108,0.0204223366038917,0.595810621900451,0.704421161113571,0.740973348219124,0.789500818214965,2327.875,4.0,0.974,0.0365521871055524,0.090433319345047,148.0,995cba488a9f8f9a56acb4d50973b539865af7d7,2026-08-18 08:07:04,2026-06-06 14:01:41,2026-04-25-DC-BOS,glory,breeze,21,16,2026-04-25 19:00:00
cdavisbra,8.8,54.38,,8.8,54.38,1,0,0,"ldecraene,mcoe,itran,mmcdonnel,kdelorenz,tallen1,cdavisbra",True,2026-04-25-DC-BOS,5,1,1,7,209.0,2,9,False,False,105,home,78,1777160028.0,22,False,"jwodatch1,tshapinsk,zburpee,cboxley,cloverane,smott,jnissen",79,149,5a9b25e81595cc398089476975a3cd158d8c1eac6f201d3c2b7fdac8079e4d7e,1777160028.0,False,105,162.0,0.0,0.0,0.0,-90.0,5cf6d247f8d9a3c67d09ee3a8f990ee16d8dd722c4b29d4326eed06e425fba0d,0.5,-0.5,0.595810621900451,0.739801548857086,0.739801548857086,0.788485883975565,2322.0,4.0,0.955,-0.788485883975565,-0.788485883975565,149.0,e90c2d782db18b75ed1726d26ddf75566e72ba11,2026-08-18 08:07:04,2026-06-06 14:01:41,2026-04-25-DC-BOS,glory,breeze,21,16,2026-04-25 19:00:00
tshapinsk,-13.9,54.02,zburpee,-18.85,60.34,0,0,0,"jwodatch1,tshapinsk,zburpee,cboxley,cloverane,smott,jnissen",False,2026-04-25-DC-BOS,5,1,1,7,209.0,3,1,True,True,106,away,63,1777160005.0,18,False,"ldecraene,mcoe,itran,mmcdonnel,kdelorenz,tallen1,cdavisbra",64,141,bb5192c99a5201e33b99a978758031fd163cd9d9de851436f763017756240337,1777160005.0,False,106,156.125,8.027758093017,-4.95,6.32,38.0690361337322,f8a19af24c8e4c98cac8fce3ade472a5110b00941442262673193c92ff5aa481,0.987186412549053,0.012813587450947,0.732406559594202,0.732406559594202,0.748108392069895,0.742483035737596,2316.125,4.0,0.956,0.015701832475693,0.0586779423736308,141.0,03b3cee5fc49253363de2f52ceb29cc5e03e7e73,2026-08-18 08:07:04,2026-06-06 14:01:41,2026-04-25-DC-BOS,glory,breeze,21,16,2026-04-25 19:00:00
zburpee,-18.85,60.34,tshapinsk,-12.46,63.91,0,0,0,"jwodatch1,tshapinsk,zburpee,cboxley,cloverane,smott,jnissen",False,2026-04-25-DC-BOS,5,1,1,7,209.0,3,2,True,True,107,away,64,,18,False,"ldecraene,mcoe,itran,mmcdonnel,kdelorenz,tallen1,cdavisbra",65,142,39238e081636289d119bb9c719d1fbb56264ed4e37b13af5acd275942a525851,1777160005.5,True,107,150.25,7.31963113824733,6.39,3.56999999999999,-60.8085431846313,d6b74612f822960aa4d4b767660fc7fe09f82ae86dadd26ca1e33e88ab90e7a5,0.982124059355941,0.0178759406440588,0.732406559594202,0.746498174732194,0.775750297499868,0.740717263385034,2310.25,4.0,0.955,0.029252122767674,0.109315544967447,142.0,391b0ea03d9c55560d70389c5d7fe63196549761,2026-08-18 08:07:04,2026-06-06 14:01:41,2026-04-25-DC-BOS,glory,breeze,21,16,2026-04-25 19:00:00
tshapinsk,-12.46,63.91,smott,-2.24,66.1,0,0,0,"jwodatch1,tshapinsk,zburpee,cboxley,cloverane,smott,jnissen",False,2026-04-25-DC-BOS,5,1,1,7,209.0,3,3,True,True,108,away,65,1777160006.0,18,False,"ldecraene,mcoe,itran,mmcdonnel,kdelorenz,tallen1,cdavisbra",66,143,9a039c8c3ae201e97fb3fea0b4b6549cd6287fbf066c28acdf4c073abce10ee4,1777160006.0,False,108,144.375,10.4520093761917,10.22,2.19,-77.9052429229879,556c00389e4e50ffeb7f37f1f2716473ad6d38f766bafcbcd4117e3239132c77,0.980250561431164,0.0197494385688364,0.732406559594202,0.773987770956667,0.787445519673699,0.734311212441414,2304.375,4.0,0.955,0.013457748717032,0.0502917735824305,143.0,d409771e8e4740b96015b275d71908bedefce1e5,2026-08-18 08:07:04,2026-06-06 14:01:41,2026-04-25-DC-BOS,glory,breeze,21,16,2026-04-25 19:00:00
smott,-2.24,66.1,zburpee,5.8,68.64,0,0,0,"jwodatch1,tshapinsk,zburpee,cboxley,cloverane,smott,jnissen",False,2026-04-25-DC-BOS,5,1,1,7,209.0,3,4,True,True,109,away,66,1777160008.0,18,False,"ldecraene,mcoe,itran,mmcdonnel,kdelorenz,tallen1,cdavisbra",67,144,875e3f412d6cfb4170eaaa66b69677fa7b7f0d5d9ae081e88e492b188022abb2,1777160008.0,False,109,138.5,8.43167836198701,8.04,2.54000000000001,-72.4676107001768,d1142b053cc563e7ec439375c63e32ce3ecc27a8a5aaee75bc1faa40dec9e0b5,0.98420647077859,0.0157935292214096,0.732406559594202,0.785443373343696,0.796607402043254,0.720978202532301,2298.5,4.0,0.954,0.0111640286995577,0.0417201134774745,144.0,6870d8fa0c4828c3ba916b14ac1dbe29ca929c52,2026-08-18 08:07:04,2026-06-06 14:01:41,2026-04-25-DC-BOS,glory,breeze,21,16,2026-04-25 19:00:00
zburpee,5.8,68.64,jwodatch1,13.07,73.66,0,0,0,"jwodatch1,tshapinsk,zburpee,cboxley,cloverane,smott,jnissen",False,2026-04-25-DC-BOS,5,1,1,7,209.0,3,5,True,True,110,away,67,1777160010.0,18,False,"ldecraene,mcoe,itran,mmcdonnel,kdelorenz,tallen1,cdavisbra",68,145,d772e67cbf852d871e9d8df118911641a672dcdbd3c5fa8e8944a121288c0c6d,1777160010.0,False,110,132.625,8.83477786930718,7.27,5.02,-55.3745742782631,974c84a67d7f5298e3b25c4d4dc224be8562ca962c1f98e531169ad13173c081,0.981790955803755,0.018209044196245,0.732406559594202,0.794332948380404,0.813400530031721,0.693380842075804,2292.625,4.0,0.953,0.0190675816513164,0.0712557887159003,145.0,b6142447cb16721b3133941e8d404ca149ca4714,2026-08-18 08:07:04,2026-06-06 14:01:41,2026-04-25-DC-BOS,glory,breeze,21,16,2026-04-25 19:00:00
jwodatch1,13.07,73.66,cboxley,14.31,94.87,0,0,0,"jwodatch1,tshapinsk,zburpee,cboxley,cloverane,smott,jnissen",False,2026-04-25-DC-BOS,5,1,1,7,209.0,3,6,True,True,111,away,68,1777160014.0,18,False,"ldecraene,mcoe,itran,mmcdonnel,kdelorenz,tallen1,cdavisbra",69,146,55c77598452d6feb1530f0c63419d8b34cf9f7c151ba101f8a5ba5ad3f70355b,1777160014.0,False,111,126.75,21.2462161337025,1.24,21.21,-3.34587402675261,5ba7e41cba0e1cb2b4024e0721f46255099eeb131a20d79a13376dc996637538,0.92432462146277,0.0756753785372299,0.732406559594202,0.810917038142964,0.902750329664402,0.616460876499083,2286.75,4.0,0.948,0.0918332915214375,0.343182147447915,146.0,c6cc5fd276ddcf166eb00109c5a480fea65f39ac,2026-08-18 08:07:04,2026-06-06 14:01:41,2026-04-25-DC-BOS,glory,breeze,21,16,2026-04-25 19:00:00
cboxley,14.31,94.87,tshapinsk,-2.78,110.04,0,0,0,"jwodatch1,tshapinsk,zburpee,cboxley,cloverane,smott,jnissen",False,2026-04-25-DC-BOS,5,2,1,7,209.0,3,7,True,True,112,away,69,1777160023.0,19,False,"ldecraene,mcoe,itran,mmcdonnel,kdelorenz,tallen1,cdavisbra",70,147,aec3e50faab0caa3a49a5a59446afd06b66b01a3810772937ee1ed97381bff80,1777160023.0,False,112,120.875,22.8516301387888,-17.09,15.17,48.4060223757437,1d8523176f3746dea3de85abbfef8ad84ff1e741f64c8d91a3fd4d6e8fe6f980,0.897795772817825,0.102204227182175,0.732406559594202,0.901085528562782,1.0,0.606328450538184,2280.875,4.0,0.945,0.0989144714372178,0.369644604468693,147.0,36f8a276c6ba175868a3f29336edd925337f23ad,2026-08-18 08:07:04,2026-06-06 14:01:41,2026-04-25-DC-BOS,glory,breeze,21,16,2026-04-25 19:00:00
rdinger,24.79,46.7,jbabbitt,0.87,33.03,0,0,0,"scarapell,bsadok,tedmonds,rdinger,ndick,tdecraene,jbabbitt",True,2026-04-25-DC-BOS,5,2,1,8,115.0,1,1,True,True,113,home,81,1777160085.0,18,False,"lrehfuss,ilee,amerriman,bgreenber,mgrovic,wvandenbr,cmccutche",82,154,4b951a23cafbda56bf7061ce2252d5176d3b6f016ccf86584faecbf9dbca3e8d,1777160085.0,False,113,115.0,27.5505952748756,-23.92,-13.67,119.747460793587,b4ed39ba5a9da2613b26dfdb8fc591a6a07dec48df937777327d72c8f5f9ce26,0.955077171766113,0.0449228282338868,0.614402751078046,0.628891343667735,0.638893991518916,0.870407788379588,2275.0,3.0,0.938,0.0100026478511818,0.0259406618671347,154.0,0d484c76a5f6f8c5e49accc7b3a089f87d2b9447,2026-08-18 08:07:04,2026-06-06 14:01:41,2026-04-25-DC-BOS,glory,breeze,21,16,2026-04-25 19:00:00
jbabbitt,0.87,33.03,tdecraene,-3.65,43.8,0,0,0,"scarapell,bsadok,tedmonds,rdinger,ndick,tdecraene,jbabbitt",True,2026-04-25-DC-BOS,5,2,1,8,115.0,1,2,True,True,114,home,82,1777160088.0,18,False,"lrehfuss,ilee,amerriman,bgreenber,mgrovic,wvandenbr,cmccutche",83,155,69a20f5589f0124db1c5034679469254243fe0c7bf2e0e0737762bd67816c238,1777160088.0,False,114,108.555555555556,11.6800385273337,-4.52,10.77,22.7670284416633,22d80443e83bbe830f9fde2229b61665febc9e9fcc2ff66ba980a6389b507237,0.982195996987923,0.0178040030120769,0.614402751078046,0.632599972945781,0.670552031481905,0.817102977042917,2268.55555555556,3.0,0.94,0.0379520585361235,0.0984240905302857,155.0,1cbc9445c1239d6c831f3c5a8f8325f8a3d9ca95,2026-08-18 08:07:04,2026-06-06 14:01:41,2026-04-25-DC-BOS,glory,breeze,21,16,2026-04-25 19:00:00
tdecraene,-3.65,43.8,jbabbitt,0.29,37.61,0,0,0,"scarapell,bsadok,tedmonds,rdinger,ndick,tdecraene,jbabbitt",True,2026-04-25-DC-BOS,5,2,1,8,115.0,1,3,True,True,115,home,83,1777160095.0,18,False,"lrehfuss,ilee,amerriman,bgreenber,mgrovic,wvandenbr,cmccutche",84,156,57a855988694041fb238ad9d023ae5cfa66f6c0b1b02b879499478e17fd305c0,1777160095.0,False,115,102.111111111111,7.33755408838667,3.94,-6.19,-147.522818811973,18cf21ae34f147e5a766e0fcbcf533bf41a7bd8a16c01e43ae7cdd09f2c5761e,0.991735915427895,0.00826408457210459,0.614402751078046,0.66363785333374,0.640927646339118,0.842449206243322,2262.11111111111,3.0,0.938,-0.0227102069946222,-0.0588961852246484,156.0,5a0f99272612cdacd2432714c6af3d2fa85276a5,2026-08-18 08:07:04,2026-06-06 14:01:41,2026-04-25-DC-BOS,glory,breeze,21,16,2026-04-25 19:00:00
jbabbitt,0.29,37.61,tdecraene,-9.13,35.61,0,0,0,"scarapell,bsadok,tedmonds,rdinger,ndick,tdecraene,jbabbitt",True,2026-04-25-DC-BOS,5,2,1,8,115.0,1,4,True,True,116,home,84,1777160098.0,18,False,"lrehfuss,ilee,amerriman,bgreenber,mgrovic,wvandenbr,cmccutche",85,157,430ceba88b6b1c12f6d1546362b7e1116272d52d65c5f6ee1597719ccf9879a8,1777160098.0,False,116,95.6666666666667,9.62997403942503,-9.42,-2.0,101.986714684958,746e18499a38eb8ffaac5c3a95a42350f6608accba9d17dc12b4c176ec81bfd5,0.988948155590297,0.0110518444097025,0.614402751078046,0.632739002251121,0.623834382389488,0.846145215904185,2255.66666666667,3.0,0.938,-0.00890461986163371,-0.0230930585903533,157.0,e68e8e68f7803d85549c8180e88a10431ec181dc,2026-08-18 08:07:04,2026-06-06 14:01:41,2026-04-25-DC-BOS,glory,breeze,21,16,2026-04-25 19:00:00
tdecraene,-9.13,35.61,scarapell,-1.65,44.25,0,0,0,"scarapell,bsadok,tedmonds,rdinger,ndick,tdecraene,jbabbitt",True,2026-04-25-DC-BOS,5,2,1,8,115.0,1,5,True,True,117,home,85,1777160102.0,18,False,"lrehfuss,ilee,amerriman,bgreenber,mgrovic,wvandenbr,cmccutche",86,158,94df932349e7bd802c79945023f588df5ec1b1bacd70443a92fc1e843d9e1b52,1777160102.0,False,117,89.2222222222222,11.4280357017293,7.48,8.64,-40.884073341255,d4b18107029975d53588510d7144e6c1a1eab5c5c31cc92e4d83ba017e673efa,0.982113508230593,0.0178864917694074,0.614402751078046,0.614402751078046,0.648613175640614,0.798468398494941,2249.22222222222,3.0,0.939,0.0342104245625674,0.0887206136926867,158.0,22689a247bb6ee2c9830afca5f5ccbeefccf3db9,2026-08-18 08:07:04,2026-06-06 14:01:41,2026-04-25-DC-BOS,glory,breeze,21,16,2026-04-25 19:00:00
scarapell,-1.65,44.25,tedmonds,8.6,53.61,0,0,0,"scarapell,bsadok,tedmonds,rdinger,ndick,tdecraene,jbabbitt",True,2026-04-25-DC-BOS,5,2,1,8,115.0,1,6,True,True,118,home,86,1777160107.0,18,False,"lrehfuss,ilee,amerriman,bgreenber,mgrovic,wvandenbr,cmccutche",87,159,e382b68f915a4e56869753df57630154df0ed81a40c8119ab3a59a82a09bf48a,1777160107.0,False,118,82.7777777777778,13.8806375934249,10.25,9.36,-47.5985861820917,8327cab007521ddeb3771d9352984323d9bf00b8c194bf27d56f70f3ff11e31e,0.976165186662362,0.0238348133376384,0.614402751078046,0.638311223774419,0.67742431033419,0.740749677972298,2242.77777777778,3.0,0.94,0.0391130865597711,0.1014350768039,159.0,19af64e90169c40d99d21d7cdd809cb9eb3a6f8c,2026-08-18 08:07:04,2026-06-06 14:01:41,2026-04-25-DC-BOS,glory,breeze,21,16,2026-04-25 19:00:00
tedmonds,8.6,53.61,ndick,15.83,60.96,0,0,0,"scarapell,bsadok,tedmonds,rdinger,ndick,tdecraene,jbabbitt",True,2026-04-25-DC-BOS,5,2,1,8,115.0,1,7,True,True,119,home,87,1777160111.0,18,False,"lrehfuss,ilee,amerriman,bgreenber,mgrovic,wvandenbr,cmccutche",88,160,88a548cd763740024df08a7b6bdd755511296d131d221105a30cd0193511f7ae,1777160111.0,False,119,76.3333333333333,10.3099660523204,7.23,7.35,-44.5284404459238,86f25915339b062542fe9979f1a9d094d6fc5e5bb07d2b9c92c7c7e75db50106,0.982794631306364,0.0172053686936355,0.614402751078046,0.666373061684736,0.691900536991294,0.683833674089913,2236.33333333333,3.0,0.94,0.0255274753065587,0.066202431106363,160.0,298adc3cc5d422f5c0d33e35e085b710067f27fc,2026-08-18 08:07:04,2026-06-06 14:01:41,2026-04-25-DC-BOS,glory,breeze,21,16,2026-04-25 19:00:00
ndick,15.83,60.96,tdecraene,21.63,69.35,0,0,0,"scarapell,bsadok,tedmonds,rdinger,ndick,tdecraene,jbabbitt",True,2026-04-25-DC-BOS,5,2,1,8,115.0,1,8,True,True,120,home,88,1777160117.0,18,False,"lrehfuss,ilee,amerriman,bgreenber,mgrovic,wvandenbr,cmccutche",89,161,bdea27ab5bd2deeebe67d5785650895a4048df4f19162520a9b126c95adb8263,1777160117.0,False,120,69.8888888888889,10.1996127377465,5.8,8.38999999999999,-34.6560728915053,6ca2b7365f586eec6df7026f37e6f9faf36151f6718934ff4c6dd820167047d7,0.980781263470094,0.0192187365299065,0.614402751078046,0.679906236516906,0.703374546649863,0.603998705708601,2229.88888888889,3.0,0.941,0.0234683101329572,0.0608622343612916,161.0,3e30254acae8790c5687736acfb20b3d169fce17,2026-08-18 08:07:04,2026-06-06 14:01:41,2026-04-25-DC-BOS,glory,breeze,21,16,2026-04-25 19:00:00
tdecraene,21.63,79.35,tedmonds,17.63,115.16,0,0,0,"scarapell,bsadok,tedmonds,rdinger,ndick,tdecraene,jbabbitt",True,2026-04-25-DC-BOS,6,2,1,8,115.0,1,9,True,True,121,home,90,1777160142.0,19,False,"lrehfuss,ilee,amerriman,bgreenber,mgrovic,wvandenbr,cmccutche",91,164,9ce6dab3b0f52de1a7bc49936e713e76d8bb98d233b87fc466883e58fa4ef82b,1777160142.0,False,121,63.4444444444444,36.0327087519104,-4.0,35.81,6.37355530862119,66e71b6f50f8ca9c754deb651e8e9b2b26da7141a689ea5c6142473e4117f81f,0.794118131833456,0.205881868166544,0.614402751078046,0.752782156727356,1.0,0.49803651524723,2223.44444444444,3.0,0.953,0.247217843272644,0.641129686386018,164.0,09fb873ed81e4a82cda1b95457777960c9933bf9,2026-08-18 08:07:04,2026-06-06 14:01:41,2026-04-25-DC-BOS,glory,breeze,21,16,2026-04-25 19:00:00
tshapinsk,1.54,10.98,aroy,2.16,22.99,0,0,0,"zburpee,aroy,cloverane,smott,jnissen,cboxley,tshapinsk",False,2026-04-25-DC-BOS,6,2,1,9,57.0,1,1,True,True,122,away,75,1777160208.0,18,False,"kdelorenz,ghaflin,sfisherol,tchan,ograff,zsinger,itran",76,168,83236f934419ba0f969028c0e478444349aec004157eb3ca856e61f38cad2b88,1777160208.0,False,122,57.0,12.025992682519,0.62,12.01,-2.95519375893826,be7d2da79f47448a6c5422bc50afa05c149c3715324d878937955c0c64004023,0.985932937683318,0.0140670623166818,0.477034778058365,0.477034778058365,0.507466142135105,0.870896865174088,2217.0,4.0,0.963,0.0304313640767397,0.058190034059542,168.0,05543dbfcaa787187b0cbeacc03bd9921716828d,2026-08-18 08:07:04,2026-06-06 14:01:41,2026-04-25-DC-BOS,glory,breeze,21,16,2026-04-25 19:00:00
aroy,2.16,22.99,jnissen,17.81,29.93,0,0,0,"zburpee,aroy,cloverane,smott,jnissen,cboxley,tshapinsk",False,2026-04-25-DC-BOS,6,2,1,9,57.0,1,2,True,True,123,away,76,1777160211.0,18,False,"kdelorenz,ghaflin,sfisherol,tchan,ograff,zsinger,itran",77,170,9252eb245336e8ea70abc7185437b08b0fa4f686de8c2214154f56f6f822e4a6,1777160211.0,False,123,52.3333333333333,17.1197575917418,15.65,6.94,-66.0850847594141,d332d0dcfa390c8f225f04e39cdc0da820aab1239e0bacb46d2ec41cdcdc1c39,0.982645770857622,0.0173542291423776,0.477034778058365,0.494197190060871,0.4935579196698,0.815271095854002,2212.33333333333,4.0,0.963,-0.000639270391070867,-0.00122239560920977,170.0,f58a8b3b54d2c67cd3aa52e4f254db3f11c5dbea,2026-08-18 08:07:04,2026-06-06 14:01:41,2026-04-25-DC-BOS,glory,breeze,21,16,2026-04-25 19:00:00
jnissen,17.81,29.93,tshapinsk,26.52,46.88,0,0,0,"zburpee,aroy,cloverane,smott,jnissen,cboxley,tshapinsk",False,2026-04-25-DC-BOS,6,2,1,9,57.0,1,3,True,True,124,away,77,1777160215.0,18,False,"kdelorenz,ghaflin,sfisherol,tchan,ograff,zsinger,itran",78,171,cf57798ca79466bcfd341d25a141551c31ef526522425e5733476dca6e1fa184,1777160215.0,False,124,47.6666666666667,19.056930497853,8.71,16.95,-27.1970137287569,f34468a2eaaded605ed27cdf8376e3f5e120052c816ea57eeacb98fb638b2233,0.835102706640504,0.164897293359496,0.477034778058365,0.479417275406905,0.48629718961118,0.629043402918701,2207.66666666667,4.0,0.963,0.00687991420427492,0.0131555864818918,171.0,af68c0353a546d822447bbb72785edd51a70f5a0,2026-08-18 08:07:04,2026-06-06 14:01:41,2026-04-25-DC-BOS,glory,breeze,21,16,2026-04-25 19:00:00
jnissen,25.36,47.23,amerriman,26.32,77.36,0,0,0,"smott,amerriman,aroy,jnissen,cboxley,cloverane,zburpee",False,2026-04-25-DC-BOS,6,2,1,9,43.0,1,4,True,True,125,away,79,1777160295.0,18,False,"itran,ograff,sfisherol,kdelorenz,zsinger,ghaflin,tchan",80,174,1b341f8704dbb9727a6637c5fb058e5122b3f85a0c90b6108c1908a2ae962e2c,1777160295.0,False,125,43.0,30.1452898476694,0.960000000000001,30.13,-1.82493682851052,35f785d865409bfbaed1eae273fff221131d84ba7f96a842aadd8731a3083d0a,0.560690961800996,0.439309038199004,0.477034778058365,0.483512152286394,0.659424402754432,0.442818232829976,2203.0,4.0,0.959,0.175912250468038,0.336374663337881,174.0,ff4ee0207d03ef7856ffc59967c4f46f8aa64eae,2026-08-18 08:07:04,2026-06-06 14:01:41,2026-04-25-DC-BOS,glory,breeze,21,16,2026-04-25 19:00:00
amerriman,26.32,77.36,jnissen,11.29,70.98,0,0,0,"smott,amerriman,aroy,jnissen,cboxley,cloverane,zburpee",False,2026-04-25-DC-BOS,6,2,1,9,43.0,1,5,True,True,126,away,80,1777160301.0,18,False,"itran,ograff,sfisherol,kdelorenz,zsinger,ghaflin,tchan",81,175,27d8c69a998bcff0c487e2f05747124b482cebb36d55218d554b72279c51437e,1777160301.0,False,126,39.0909090909091,16.3280525476861,-15.03,-6.38,113.000463557552,bc6cf2e95a00c19b7f20fd089fed063f92ddbb270eceb83f2336612532fb7db8,0.954277608527202,0.0457223914727982,0.477034778058365,0.647337975207376,0.67032600893302,0.545532680292956,2199.09090909091,4.0,0.959,0.0229880337256444,0.043957098409519,175.0,2bb9e120a94094dda70c07b5ae0bd97d314061be,2026-08-18 08:07:04,2026-06-06 14:01:41,2026-04-25-DC-BOS,glory,breeze,21,16,2026-04-25 19:00:00
jnissen,11.29,70.98,smott,-4.91,67.34,0,0,0,"smott,amerriman,aroy,jnissen,cboxley,cloverane,zburpee",False,2026-04-25-DC-BOS,6,2,1,9,43.0,1,6,True,True,127,away,81,1777160304.0,18,False,"itran,ograff,sfisherol,kdelorenz,zsinger,ghaflin,tchan",82,176,3e7d0dd2799d37aefde1dc1d1c221a738db79d6e821f4f5b0c9eebaaf4591cad,1777160304.0,False,127,35.1818181818182,16.6039031555836,-16.2,-3.64,102.663550605674,de05e556a05c768214d88801d1bae75fffca9607e540a581f977dd32ab8057ca,0.969892602841722,0.0301073971582785,0.477034778058365,0.657814874017297,0.637839336627097,0.553085294666424,2195.18181818182,4.0,0.96,-0.0199755373902,-0.0381966841237281,176.0,e0f2de57c75f1c824dfdfe7316b4f65b093fa4be,2026-08-18 08:07:04,2026-06-06 14:01:41,2026-04-25-DC-BOS,glory,breeze,21,16,2026-04-25 19:00:00
smott,-4.91,67.34,jnissen,4.7,63.98,0,0,0,"smott,amerriman,aroy,jnissen,cboxley,cloverane,zburpee",False,2026-04-25-DC-BOS,6,2,1,9,43.0,1,7,True,True,128,away,82,1777160307.0,18,False,"itran,ograff,sfisherol,kdelorenz,zsinger,ghaflin,tchan",83,177,4a96a8084498e4a7c4fef09e1ec401c86da48de034088096c6db8db6bec94bc0,1777160307.0,False,128,31.2727272727273,10.1804567677487,9.61,-3.36000000000001,-109.271454042176,6869b7ba5853120029db6c3ce79133f69c1013877fcf0d6537e2e2938167571c,0.984039746245252,0.0159602537547483,0.477034778058365,0.624131758099574,0.60296901693906,0.556410592237748,2191.27272727273,4.0,0.961,-0.021162741160514,-0.0404668231702716,177.0,501034e866c6fa7a6382be855db3955ac45e5e42,2026-08-18 08:07:04,2026-06-06 14:01:41,2026-04-25-DC-BOS,glory,breeze,21,16,2026-04-25 19:00:00
jnissen,4.7,63.98,,-9.85,75.37,1,0,0,"smott,amerriman,aroy,jnissen,cboxley,cloverane,zburpee",False,2026-04-25-DC-BOS,6,2,1,9,43.0,1,8,True,True,129,away,83,1777160313.0,22,False,"itran,ograff,sfisherol,kdelorenz,zsinger,ghaflin,tchan",84,179,8a89b56006ece035962fe290caa716ff5c32e6576c7b9ea89fe182b84b8efeac,1777160313.0,False,129,27.3636363636364,18.4779490203864,-14.55,11.39,51.9455256958993,d91edc93dba7d57903debb619f36f4e5076361c3b0598adb8dd3356b32311025,0.955705428816267,-0.955705428816267,0.477034778058365,0.58810025715708,0.662577002536128,0.482126661378029,2187.36363636364,4.0,0.97,-0.482126661378029,-0.482126661378029,179.0,cef50b3b3d2d206c9de1fc35067541865dc6b0d8,2026-08-18 08:07:04,2026-06-06 14:01:41,2026-04-25-DC-BOS,glory,breeze,21,16,2026-04-25 19:00:00
tchan,11.96,44.51,ograff,16.47,51.29,0,0,0,"itran,ograff,sfisherol,kdelorenz,zsinger,ghaflin,tchan",True,2026-04-25-DC-BOS,6,2,1,9,43.0,2,1,False,False,130,home,95,1777160317.0,18,False,"smott,amerriman,aroy,jnissen,cboxley,cloverane,zburpee",96,180,d5aef67eaaadd5e1a59e6de5a7fbc4bdff085b1485518af54264837801e84f83,1777160317.0,False,130,23.4545454545455,8.14300313152341,4.51,6.78,-33.6315228125198,1c5359fcc5ce1fdd3bad62f6fbf1293b1c4ae6d3cf390f1138c498239fd7e665,0.986932305784398,0.0130676942156023,0.462910281646579,0.462910281646579,0.483772529138823,0.590017555335964,2183.45454545455,4.0,0.97,0.0208622474922445,0.0388431332407605,180.0,212a82e124c6a7793e1991d30c60534acc97a0fb,2026-08-18 08:07:04,2026-06-06 14:01:41,2026-04-25-DC-BOS,glory,breeze,21,16,2026-04-25 19:00:00
ograff,16.47,51.29,tchan,8.48,56.45,0,0,0,"itran,ograff,sfisherol,kdelorenz,zsinger,ghaflin,tchan",True,2026-04-25-DC-BOS,6,2,1,9,43.0,2,2,False,False,131,home,96,1777160319.0,18,False,"smott,amerriman,aroy,jnissen,cboxley,cloverane,zburpee",97,181,0a0d4a8209d0e95fc5e98f5fcd46b654576f9a534f05684ee1cf89251d68f58a,1777160319.0,False,131,19.5454545454545,9.51134585639698,-7.99,5.16,57.1453322885364,e92e3b7597e49c994107f6cdae9b26c6f4722d0334947c6490fdbb94d8e7479a,0.980961212885832,0.0190387871141682,0.462910281646579,0.466899381817885,0.509196533141924,0.551798093587084,2179.54545454545,4.0,0.97,0.0422971513240383,0.0787524874870264,181.0,dd48ce883fe879ee108042603af5491e37f9d57f,2026-08-18 08:07:04,2026-06-06 14:01:41,2026-04-25-DC-BOS,glory,breeze,21,16,2026-04-25 19:00:00
tchan,8.48,56.45,ograff,-0.17,57.03,0,0,0,"itran,ograff,sfisherol,kdelorenz,zsinger,ghaflin,tchan",True,2026-04-25-DC-BOS,6,2,1,9,43.0,2,3,False,False,132,home,97,1777160321.0,18,False,"smott,amerriman,aroy,jnissen,cboxley,cloverane,zburpee",98,182,b3504599b8a71624132cfbb9de65caf10ec7d8d882312eaca7a6c04d175cd322,1777160321.0,False,132,15.6363636363636,8.6694232795498,-8.65,0.579999999999998,86.163944126539,d518193af7ee4e7fa923d889871a54aa48446c5442b7c38e42f3c79ffc516d28,0.986149442614024,0.0138505573859761,0.462910281646579,0.49151462790229,0.496602244316727,0.532200472590739,2175.63636363636,4.0,0.97,0.00508761641443672,0.00947256341088421,182.0,cd52d1fb705795bb291182769239c80867bc824b,2026-08-18 08:07:04,2026-06-06 14:01:41,2026-04-25-DC-BOS,glory,breeze,21,16,2026-04-25 19:00:00
ograff,-0.17,57.03,,-16.87,116.9,1,0,0,"itran,ograff,sfisherol,kdelorenz,zsinger,ghaflin,tchan",True,2026-04-25-DC-BOS,6,2,1,9,43.0,2,4,False,False,133,home,98,1777160326.0,22,False,"smott,amerriman,aroy,jnissen,cboxley,cloverane,zburpee",99,183,d40c8a7682b7da65144ed8944ae00b67ea5e74c30a125ac307ce67663328c5e2,1777160326.0,False,133,11.7272727272727,62.1555057899137,-16.7,59.87,15.5857904351825,ea0120a307e88a7d96cafd4e52000baee154b9fd7e9f381f343113e52fd0124e,0.675502625913752,-0.675502625913752,0.462910281646579,0.478146792918175,0.891211479542554,0.32032434455425,2171.72727272727,4.0,0.965,-0.32032434455425,-0.32032434455425,183.0,09e051369d5b3569325f86f4713a2bc9b5c59542,2026-08-18 08:07:04,2026-06-06 14:01:41,2026-04-25-DC-BOS,glory,breeze,21,16,2026-04-25 19:00:00
aroy,13.0,19.83,jnissen,19.73,45.1,0,0,0,"smott,amerriman,aroy,jnissen,cboxley,cloverane,zburpee",False,2026-04-25-DC-BOS,6,2,1,9,43.0,3,1,True,True,134,away,85,1777160347.0,18,False,"itran,ograff,sfisherol,kdelorenz,zsinger,ghaflin,tchan",86,185,4780dc58c4e931f819f9665d1dedcd51dcf17d82030c94739c2fdb6b2ed890bd,1777160347.0,False,134,7.81818181818181,26.1508279027644,6.73,25.27,-14.9130698838003,8978197d54d27c68db7529e0f568c0a2793177a8ce0c55a3cd7c77e965061f7c,0.940655112026975,0.0593448879730245,0.312651715079745,0.312651715079745,0.370434861383102,0.550999504328591,2167.81818181818,4.0,0.965,0.0577831463033573,0.0840667643624967,185.0,617393990cd48712e5540f50760f10d8af1d263a,2026-08-18 08:07:04,2026-06-06 14:01:41,2026-04-25-DC-BOS,glory,breeze,21,16,2026-04-25 19:00:00
jnissen,19.73,45.1,,3.32,84.02,1,0,0,"smott,amerriman,aroy,jnissen,cboxley,cloverane,zburpee",False,2026-04-25-DC-BOS,6,2,1,9,43.0,3,2,True,True,135,away,86,1777160352.0,22,False,"itran,ograff,sfisherol,kdelorenz,zsinger,ghaflin,tchan",87,187,647f3993ef561a1ab5fb8cdbefbd00c20664e8232f9f79598dafeee9fa0c34d7,1777160352.0,False,135,3.90909090909091,42.2380693214072,-16.41,38.92,22.8619480627859,8cf41f3cfb3f842a3b98c129b8d4178efc94cde68c5b7d7ba5ab5b5ff3250a2d,0.731982071129638,-0.731982071129638,0.312651715079745,0.351893479983984,0.632954774290448,0.346138417853677,2163.90909090909,4.0,0.969,-0.346138417853677,-0.346138417853677,187.0,045c1bc29484771ee163d141b7c436eba58b61d6,2026-08-18 08:07:04,2026-06-06 14:01:41,2026-04-25-DC-BOS,glory,breeze,21,16,2026-04-25 19:00:00
bsadok,13.31,8.45,tedmonds,9.7,28.7,0,0,0,"bsadok,tedmonds,rdinger,ndick,ayuan,tdecraene,jbabbitt",True,2026-04-25-DC-BOS,6,2,2,1,720.0,1,1,True,True,136,home,102,1777160523.0,18,False,"blamberty,wvandenbr,bgreenber,lblumenfe,cmccutche,ilee,jlightner",103,193,178dd70525d4e5dc99fe5a669457335fa3ac26a4551558e7f29028462cae6051,1777160523.0,False,136,720.0,20.5692634773343,-3.61,20.25,10.1080230232414,9ca03b7f78f3cde32ca32b30618c9f35398d10e97472967dc5af5bf1ca011928,0.959138325589686,0.0408616744103139,0.661175836476497,0.664279692288245,0.7142950818785,0.922874326215128,2160.0,4.0,0.974,0.0500153895902554,0.1476145888479,193.0,3f0e39230bbf9ab0c9989322784ca6e9b794aae7,2026-08-18 08:07:04,2026-06-06 14:01:41,2026-04-25-DC-BOS,glory,breeze,21,16,2026-04-25 19:00:00
tedmonds,9.7,28.7,bsadok,2.03,22.12,0,0,0,"bsadok,tedmonds,rdinger,ndick,ayuan,tdecraene,jbabbitt",True,2026-04-25-DC-BOS,6,2,2,1,720.0,1,2,True,True,137,home,103,1777160528.0,18,False,"blamberty,wvandenbr,bgreenber,lblumenfe,cmccutche,ilee,jlightner",104,194,ddef6be4c79b7abf40114978745dabc5fb924de49d31bf52bfb45f044b0a4e9f,1777160528.0,False,137,714.666666666667,10.1057063088138,-7.67,-6.58,130.625893024737,425c10d127b94727948910c15b6a6f57d2e3451d40381d96797952a13711f22c,0.991022686181879,0.00897731381812095,0.661175836476497,0.707339091983699,0.693067111489972,0.939503117140432,2154.66666666667,4.0,0.973,-0.0142719804937269,-0.0421220858197055,194.0,56f19819e15c3326ee98ac15f1839a0ddebff211,2026-08-18 08:07:04,2026-06-06 14:01:41,2026-04-25-DC-BOS,glory,breeze,21,16,2026-04-25 19:00:00
bsadok,2.03,22.12,tedmonds,11.7,15.87,0,0,0,"bsadok,tedmonds,rdinger,ndick,ayuan,tdecraene,jbabbitt",True,2026-04-25-DC-BOS,6,2,2,1,720.0,1,3,True,True,138,home,104,1777160533.0,18,False,"blamberty,wvandenbr,bgreenber,lblumenfe,cmccutche,ilee,jlightner",105,195,3566bd4243b81beb34b30fec712028d67626660db1e54a429be3d99206f26ba9,1777160533.0,False,138,709.333333333333,11.5139654333336,9.67,-6.25,-122.875752089436,2370829475d5b186c099c54483c7d623f8e028f3c7801516bf8f9decb37103fe,0.991013980097229,0.00898601990277059,0.661175836476497,0.686363350929476,0.667618957812639,0.942279605411552,2149.33333333333,4.0,0.973,-0.0187443931168371,-0.0553218900385091,195.0,1304a2241dc3cff26d60b3b581fe51876f32b725,2026-08-18 08:07:04,2026-06-06 14:01:41,2026-04-25-DC-BOS,glory,breeze,21,16,2026-04-25 19:00:00
tedmonds,11.7,15.87,jbabbitt,18.28,33.87,0,0,0,"bsadok,tedmonds,rdinger,ndick,ayuan,tdecraene,jbabbitt",True,2026-04-25-DC-BOS,6,2,2,1,720.0,1,4,True,True,139,home,105,1777160538.0,18,False,"blamberty,wvandenbr,bgreenber,lblumenfe,cmccutche,ilee,jlightner",106,196,9ae2e383f76b1e4ce495a1dad7f2d9235df1058a641a29b3c0537952765e5d61,1777160538.0,False,139,704.0,19.1649784763772,6.58,18.0,-20.0801659699586,3e9016fb68eb7e8be93b4ad427b88fd424737185504d85797e497cf24c8bba00,0.971494255045615,0.0285057449543853,0.661175836476497,0.661175836476497,0.691463067826391,0.891861853601191,2144.0,4.0,0.973,0.030287231349894,0.0893892307884147,196.0,24bd41782cf0049e380b5efd3fe25e085b4c8a87,2026-08-18 08:07:04,2026-06-06 14:01:41,2026-04-25-DC-BOS,glory,breeze,21,16,2026-04-25 19:00:00
jbabbitt,18.28,43.87,tdecraene,4.67,53.35,0,0,0,"bsadok,tedmonds,rdinger,ndick,ayuan,tdecraene,jbabbitt",True,2026-04-25-DC-BOS,6,2,2,1,720.0,1,5,True,True,140,home,107,1777160553.0,18,False,"blamberty,wvandenbr,bgreenber,lblumenfe,cmccutche,ilee,jlightner",108,199,0d8129f1a263d5cb09e134b5ec126cf8bae2389613d2c56f25334f2749e35b5c,1777160553.0,False,140,698.666666666667,16.586214155135,-13.61,9.48,55.1409886327997,979fdcbf2d7ea0e8aa9c5cec2ae31637c7ef434527d13757c3bea0421acb4d56,0.965096100205301,0.034903899794699,0.661175836476497,0.718752366247039,0.771153793795361,0.822643302283052,2138.66666666667,4.0,0.975,0.0524014275483217,0.154656701586417,199.0,bb62a25e0cf85a8a2444b595d542480938279b24,2026-08-18 08:07:04,2026-06-06 14:01:41,2026-04-25-DC-BOS,glory,breeze,21,16,2026-04-25 19:00:00
tdecraene,4.67,53.35,jbabbitt,20.15,62.58,0,0,0,"bsadok,tedmonds,rdinger,ndick,ayuan,tdecraene,jbabbitt",True,2026-04-25-DC-BOS,6,2,2,1,720.0,1,6,True,True,141,home,108,1777160559.0,18,False,"blamberty,wvandenbr,bgreenber,lblumenfe,cmccutche,ilee,jlightner",109,200,fb13afa6ea7d3fb1e0a4dcf37f49e4417dbb3538ebbfdafb2dc077b27d8d74d7,1777160559.0,False,141,693.333333333333,18.0228549347766,15.48,9.23,-59.1943530300379,0fb9664e2760f614df54a47c55a208db5d515effc9865e88b9fe9267d07b33b8,0.973524470888116,0.0264755291118841,0.661175836476497,0.76683725834752,0.781025279700714,0.761487245969016,2133.33333333333,4.0,0.975,0.0141880213531947,0.0418742902089702,200.0,ebd07a257abe498b7577f213b897707bfbc84f98,2026-08-18 08:07:04,2026-06-06 14:01:41,2026-04-25-DC-BOS,glory,breeze,21,16,2026-04-25 19:00:00
jbabbitt,20.15,62.58,tdecraene,1.12,61.35,0,0,0,"bsadok,tedmonds,rdinger,ndick,ayuan,tdecraene,jbabbitt",True,2026-04-25-DC-BOS,6,2,2,1,720.0,1,7,True,True,142,home,109,1777160562.0,18,False,"blamberty,wvandenbr,bgreenber,lblumenfe,cmccutche,ilee,jlightner",110,201,dacd7363a457831d763b9e4915d1dca32e70b3e3751c0084bc22de26fcb32360,1777160562.0,False,142,688.0,19.069708964743,-19.03,-1.23,93.6981563649979,000ede87349e16b2fcea74f34d5bbb2b51d23dae7d77e2676d8bdf85b7a7a98a,0.961163907611736,0.0388360923882637,0.661175836476497,0.777216783767707,0.794571307542362,0.783780446368144,2128.0,4.0,0.975,0.0173545237746553,0.0512198527819917,201.0,bb0ee8520b497a93843b36ad0fc8cbc6c53b1528,2026-08-18 08:07:04,2026-06-06 14:01:41,2026-04-25-DC-BOS,glory,breeze,21,16,2026-04-25 19:00:00
tdecraene,1.12,61.35,ndick,-9.26,70.51,0,0,0,"bsadok,tedmonds,rdinger,ndick,ayuan,tdecraene,jbabbitt",True,2026-04-25-DC-BOS,6,2,2,1,720.0,1,8,True,True,143,home,110,1777160565.0,18,False,"blamberty,wvandenbr,bgreenber,lblumenfe,cmccutche,ilee,jlightner",111,202,da65c71b4a8023076a0e7c0af459e8d4cc48ff066eac61cccae72e8565ed953a,1777160565.0,False,143,682.666666666667,13.843771162512,-10.38,9.16,48.572683334442,5c6df3fe8841c09f00501d192a0c2e0f3e2c6fd218f45c5d21f6ba3454ae7084,0.97179246756196,0.0282075324380399,0.661175836476497,0.791279397436805,0.827776504252038,0.743110249396275,2122.66666666667,4.0,0.976,0.0364971068152329,0.107716953937676,202.0,1eca0d7de19447e3fd96a9bb6ac998f5ba6b18f4,2026-08-18 08:07:04,2026-06-06 14:01:41,2026-04-25-DC-BOS,glory,breeze,21,16,2026-04-25 19:00:00
ndick,-9.26,70.51,tdecraene,-0.1,66.96,0,0,0,"bsadok,tedmonds,rdinger,ndick,ayuan,tdecraene,jbabbitt",True,2026-04-25-DC-BOS,6,2,2,1,720.0,1,9,True,True,144,home,111,1777160567.0,18,False,"blamberty,wvandenbr,bgreenber,lblumenfe,cmccutche,ilee,jlightner",112,203,ede47dfe8d9c8a3f346394e8fcd54208176094b3899de077d33ffee5f55863a1,1777160567.0,False,144,677.333333333333,9.823853622688,9.16,-3.55000000000001,-111.184068645047,a0feebd2c6cd2e39e1ecb85388c7bbbda553cac94d8975531db36c841aee48c3,0.983311855126224,0.0166881448737758,0.661175836476497,0.825187441062269,0.811558724107028,0.755015207578095,2117.33333333333,4.0,0.976,-0.0136287169552411,-0.040223568512686,203.0,a06496a6e532f312ff16793ad5af437c31fdf9b7,2026-08-18 08:07:04,2026-06-06 14:01:41,2026-04-25-DC-BOS,glory,breeze,21,16,2026-04-25 19:00:00
tdecraene,-0.1,66.96,tedmonds,4.61,69.03,0,0,0,"bsadok,tedmonds,rdinger,ndick,ayuan,tdecraene,jbabbitt",True,2026-04-25-DC-BOS,6,2,2,1,720.0,1,10,True,True,145,home,112,1777160574.0,18,False,"blamberty,wvandenbr,bgreenber,lblumenfe,cmccutche,ilee,jlightner",113,204,ffe46b1eb12d28f97bd94a015e47fea5992f45e32e260bbd710cd0a1759305e7,1777160574.0,False,145,672.0,5.14480320323334,4.71,2.07000000000001,-66.2749699717066,83ccf0a6ed3f898c1fe1f71a09f71dd27d68de442514abc93b0a6f6bac7fd0ef,0.988204325528267,0.0117956744717331,0.661175836476497,0.809077166266603,0.817560185330115,0.743640191419716,2112.0,4.0,0.976,0.00848301906351112,0.0250366413519462,204.0,81e8a8d565e303dcc2835f39469f533f54a9f9d8,2026-08-18 08:07:04,2026-06-06 14:01:41,2026-04-25-DC-BOS,glory,breeze,21,16,2026-04-25 19:00:00
tedmonds,4.61,69.03,tdecraene,-5.52,64.0,0,0,0,"bsadok,tedmonds,rdinger,ndick,ayuan,tdecraene,jbabbitt",True,2026-04-25-DC-BOS,6,2,2,1,720.0,1,11,True,True,146,home,113,1777160579.0,18,False,"blamberty,wvandenbr,bgreenber,lblumenfe,cmccutche,ilee,jlightner",114,205,8c70a45e8edfa6bd3e9f7aec793ece32ca368ca89729e7c6146992ad00ef98a0,1777160579.0,False,146,666.666666666667,11.3100751544806,-10.13,-5.03,116.406463026676,aee1b027e827e5a3f974b0cb440b7587b9949820900e7834584dab753928cb01,0.98290279194419,0.0170972080558097,0.661175836476497,0.815414031072136,0.793876363501683,0.760690125269279,2106.66666666667,4.0,0.975,-0.0215376675704524,-0.0635659137957509,205.0,a9ae59a510ecf745dd29ee5bf5eda68b552b2eab,2026-08-18 08:07:04,2026-06-06 14:01:41,2026-04-25-DC-BOS,glory,breeze,21,16,2026-04-25 19:00:00
tdecraene,-5.52,64.0,tedmonds,6.8,59.8,0,0,0,"bsadok,tedmonds,rdinger,ndick,ayuan,tdecraene,jbabbitt",True,2026-04-25-DC-BOS,6,2,2,1,720.0,1,12,True,True,147,home,114,1777160582.0,18,False,"blamberty,wvandenbr,bgreenber,lblumenfe,cmccutche,ilee,jlightner",115,206,f192703a67a2bfa9ebc2fc0b913cd155723f45760910dd06ee8e46a3f4af2104,1777160582.0,False,147,661.333333333333,13.0162360150698,12.32,-4.2,-108.82471001824,7d7bd0f63afde579971a2ad5ee43d1b489831b392112c9eef0c510f6a334cd07,0.980852732906846,0.019147267093154,0.661175836476497,0.791808830419917,0.773810236333876,0.775513808588896,2101.33333333333,4.0,0.975,-0.017998594086041,-0.0531207511851276,206.0,08af8d068822514dc2555adcad166066b3a1fba6,2026-08-18 08:07:04,2026-06-06 14:01:41,2026-04-25-DC-BOS,glory,breeze,21,16,2026-04-25 19:00:00
tedmonds,6.8,59.8,tdecraene,13.7,82.96,0,0,0,"bsadok,tedmonds,rdinger,ndick,ayuan,tdecraene,jbabbitt",True,2026-04-25-DC-BOS,6,2,2,1,720.0,1,13,True,True,148,home,115,1777160585.0,18,False,"blamberty,wvandenbr,bgreenber,lblumenfe,cmccutche,ilee,jlightner",116,207,f22c18451d581c2a1e6d30e55a4d9d932db9edd05a9336a42332895e5a27d5f7,1777160585.0,False,148,656.0,24.1660009103699,6.9,23.16,-16.5902393153045,50576a0f50b2a51d3540739f923cc7bbc61b3188b1f0216e154aee1eac7296f5,0.919820327074107,0.0801796729258931,0.661175836476497,0.771889724777656,0.867134777208508,0.680191809903883,2096.0,4.0,0.977,0.095245052430852,0.281104663375772,207.0,9b887e8d506ce2641d4670ae8def05a879140e22,2026-08-18 08:07:04,2026-06-06 14:01:41,2026-04-25-DC-BOS,glory,breeze,21,16,2026-04-25 19:00:00
tdecraene,13.7,82.96,tedmonds,17.57,90.96,0,0,0,"bsadok,tedmonds,rdinger,ndick,ayuan,tdecraene,jbabbitt",True,2026-04-25-DC-BOS,6,2,2,1,720.0,1,14,True,True,149,home,116,1777160590.0,18,False,"blamberty,wvandenbr,bgreenber,lblumenfe,cmccutche,ilee,jlightner",117,208,3538200ed1303084ea1d52281c3025f0268617a04f2444d75f5b7b20b2be149a,1777160590.0,False,149,650.666666666667,8.88689484578275,3.87,8.0,-25.8153756586203,11c75918c8c651d4837c38c06151c0949af642d416783c9be5cee2124f15838f,0.978169454900411,0.021830545099589,0.661175836476497,0.866050588338701,0.893362282677166,0.643656486932333,2090.66666666667,4.0,0.978,0.0273116943384654,0.0806072803499177,208.0,c7db94b2617ec0c1a1c2f5d68eb082a8ada4231c,2026-08-18 08:07:04,2026-06-06 14:01:41,2026-04-25-DC-BOS,glory,breeze,21,16,2026-04-25 19:00:00
tedmonds,17.57,90.96,rdinger,18.54,105.29,0,0,0,"bsadok,tedmonds,rdinger,ndick,ayuan,tdecraene,jbabbitt",True,2026-04-25-DC-BOS,7,2,2,1,720.0,1,15,True,True,150,home,117,1777160606.0,19,False,"blamberty,wvandenbr,bgreenber,lblumenfe,cmccutche,ilee,jlightner",118,210,6c8e6f905efddaf0e0a5ea1b3ee1144333c1ea5ef8a789fc4b6619f13451aca3,1777160606.0,False,150,645.333333333333,14.3627922076454,0.969999999999999,14.33,-3.87245324819781,5c70896e3a9a2534b4b72d354e0dba111490ef06c7ab336a765688e2e8029ce1,0.956762741653021,0.0432372583469791,0.661175836476497,0.89260705636795,1.0,0.613323151945781,2085.33333333333,4.0,0.979,0.10739294363205,0.316957747391002,210.0,dbbad22ddbc9bb92729923499ee4b52eaf306ce4,2026-08-18 08:07:04,2026-06-06 14:01:41,2026-04-25-DC-BOS,glory,breeze,21,16,2026-04-25 19:00:00
tshapinsk,2.91,8.85,aroy,1.61,25.12,0,0,0,"tshapinsk,cloverane,cboxley,aroy,jwodatch1,smott,amerriman",False,2026-04-25-DC-BOS,7,2,2,2,640.0,1,1,True,True,151,away,93,1777160667.0,18,False,"tallen1,kdelorenz,cdavisbra,ldecraene,mcoe,mmcdonnel,ograff",94,214,527a50b0b44afaf2ccddca66203de016b922997e31180f84a21e0e82ee209c96,1777160667.0,False,151,640.0,16.3218534486743,-1.3,16.27,4.56832255177034,5a504f177e8c6da77e3dabcb97e27cd93776eee62dabc3b9ccd34f1be37cea38,0.97794997631197,0.0220500236880302,0.606800469023149,0.606800469023149,0.645673626532186,0.913734102386556,2080.0,5.0,0.982,0.038873157509037,0.0988636924679485,214.0,6f96fcbffe9f4fea58f4f0f3a0588a4b9cb4e5cf,2026-08-18 08:07:04,2026-06-06 14:01:41,2026-04-25-DC-BOS,glory,breeze,21,16,2026-04-25 19:00:00
aroy,1.61,25.12,,-13.63,45.37,1,0,0,"tshapinsk,cloverane,cboxley,aroy,jwodatch1,smott,amerriman",False,2026-04-25-DC-BOS,7,2,2,2,640.0,1,2,True,True,152,away,94,1777160682.0,22,False,"tallen1,kdelorenz,cdavisbra,ldecraene,mcoe,mmcdonnel,ograff",95,216,927e87ea4a8371876f03aaad9a2c58f85394d5c71018e756daba39b4f0333bb1,1777160682.0,False,152,639.5,25.3440348011125,-15.24,20.25,36.9648479511089,61c7cb7ea6694f69bc42bedbc8d708df26a75ba403bc06d3ad3f26a19e3d4b71,0.940361231672541,-0.940361231672541,0.606800469023149,0.645549468499867,0.704482731841486,0.828075386947658,2079.5,5.0,0.99,-0.828075386947658,-0.828075386947658,216.0,b5105b93d64d14953a9b082e6c0ac7347aa08e1e,2026-08-18 08:07:04,2026-06-06 14:01:41,2026-04-25-DC-BOS,glory,breeze,21,16,2026-04-25 19:00:00
kdelorenz,10.15,89.8,ograff,4.48,92.77,0,0,0,"tallen1,kdelorenz,cdavisbra,ldecraene,mcoe,mmcdonnel,ograff",True,2026-04-25-DC-BOS,7,2,2,2,639.0,2,1,False,False,153,home,121,,18,False,"tshapinsk,cloverane,cboxley,aroy,jwodatch1,smott,amerriman",122,218,b14a0d443f21a721807761207dac28aec90669b6808693e3a0d3a86f43d0809e,1777160693.66667,True,153,639.0,6.40076557921004,-5.67,2.97,62.3540246362613,5e6d7ce0444c7c94349628341fe9780ec97e5368f00de551843ae3a96d1761c6,0.979160829499084,0.0208391705009155,0.894155257445036,0.894155257445036,0.906131105487764,0.650897568174778,2079.0,5.0,0.991,0.0119758480427278,0.113145421809768,218.0,126c512ec12c83582d49b73b1455849afe7d05b6,2026-08-18 08:07:04,2026-06-06 14:01:41,2026-04-25-DC-BOS,glory,breeze,21,16,2026-04-25 19:00:00
ograff,4.48,92.77,mmcdonnel,1.83,100.0,0,0,0,"tallen1,kdelorenz,cdavisbra,ldecraene,mcoe,mmcdonnel,ograff",True,2026-04-25-DC-BOS,7,2,2,2,639.0,2,2,False,False,154,home,122,,18,False,"tshapinsk,cloverane,cboxley,aroy,jwodatch1,smott,amerriman",123,220,261881994105e65976a0051a77f531fdcba67cf844084c809fe298484d1ed8fa,1777160712.33333,True,154,633.0,7.70035064136693,-2.65,7.23,20.1293175579906,099f06fa47364bb95bd7c9837848b51c2673fd29c7750a3be3a1d74029331831,0.975479077004089,0.0245209229959106,0.894155257445036,0.905660995067148,0.929920105672819,0.630768739915325,2073.0,5.0,0.991,0.0242591106056713,0.229195234643551,220.0,5888213054e9e3931a98d114b1fdd0cf7478440d,2026-08-18 08:07:04,2026-06-06 14:01:41,2026-04-25-DC-BOS,glory,breeze,21,16,2026-04-25 19:00:00
mmcdonnel,1.83,100.0,tallen1,-3.46,105.61,0,0,0,"tallen1,kdelorenz,cdavisbra,ldecraene,mcoe,mmcdonnel,ograff",True,2026-04-25-DC-BOS,8,2,2,2,639.0,2,3,False,False,155,home,123,1777160731.0,19,False,"tshapinsk,cloverane,cboxley,aroy,jwodatch1,smott,amerriman",124,221,6b80ea7ca9a99e32cab036751391acbc4bbe57f9db72e7728e1b5dd3296c5525,1777160731.0,False,155,627.0,7.71078465527342,-5.29,5.61,43.3184050695435,78b87dd1e7afc2ffb8d17877c20515202a14f697c60d315122a76d2c201b0eba,0.972332452447691,0.0276675475523093,0.894155257445036,0.92965825554755,1.0,0.629703329277623,2067.0,5.0,0.991,0.0703417444524501,0.664574760677624,221.0,a268c7ea63925dc90dbea1567e3c5633ab17fe85,2026-08-18 08:07:04,2026-06-06 14:01:41,2026-04-25-DC-BOS,glory,breeze,21,16,2026-04-25 19:00:00
jnissen,16.23,0.89,jwodatch1,1.2,6.52,0,0,0,"mgrovic,amerriman,jnissen,jwodatch1,smott,tshapinsk,cboxley",False,2026-04-25-DC-BOS,8,2,2,3,621.0,1,1,True,True,156,away,97,1777160767.0,18,False,"tallen1,ograff,kdelorenz,mcoe,ldecraene,cdavisbra,mmcdonnel",98,224,9bf3b1c0775066bab54bcfd0142eb1fa75d91b380cea56df6f5b222eef059d4f,1777160767.0,False,156,621.0,16.0498535818867,-15.03,5.63,69.464845824307,a539e63554ca869947d60403a0bf193f98fae9380321331af158d74a4a09310a,0.984574760967521,0.0154252390324795,0.57252697072678,0.57252697072678,0.59896106825628,0.929488895433291,2061.0,6.0,0.993,0.0264340975294999,0.0618380475943535,224.0,decc23a76274af55ad38fa11479340171d642ad2,2026-08-18 08:07:04,2026-06-06 14:01:41,2026-04-25-DC-BOS,glory,breeze,21,16,2026-04-25 19:00:00
jwodatch1,1.2,6.52,amerriman,-3.33,13.66,0,0,0,"mgrovic,amerriman,jnissen,jwodatch1,smott,tshapinsk,cboxley",False,2026-04-25-DC-BOS,8,2,2,3,621.0,1,2,True,True,157,away,98,1777160770.0,18,False,"tallen1,ograff,kdelorenz,mcoe,ldecraene,cdavisbra,mmcdonnel",99,225,a4d3a182f3aca8401f323b9f2bf1d1f4f155ab4e7f7de8632946d3c6f343e386,1777160770.0,False,157,606.75,8.45579682821199,-4.53,7.14,32.3932388974334,6f6687c3a6aee8472f253606f6852702776970fe1ad91637b0076c1ed7bca94f,0.991738168616923,0.0082618313830769,0.57252697072678,0.598615332047364,0.613660883519819,0.929350653741479,2046.75,6.0,0.993,0.0150455514724551,0.0351964929764931,225.0,4b320d5cdcc753c5e862a9362f815849ef7e5ae5,2026-08-18 08:07:04,2026-06-06 14:01:41,2026-04-25-DC-BOS,glory,breeze,21,16,2026-04-25 19:00:00
amerriman,-3.33,13.66,mgrovic,-10.95,86.7,0,0,0,"mgrovic,amerriman,jnissen,jwodatch1,smott,tshapinsk,cboxley",False,2026-04-25-DC-BOS,8,2,2,3,621.0,1,3,True,True,158,away,99,1777160776.0,18,False,"tallen1,ograff,kdelorenz,mcoe,ldecraene,cdavisbra,mmcdonnel",100,226,4c58c8d2be1cb72646dc4baec4a9310332ebb0ea37518ee1341bdcd35279c73a,1777160776.0,False,158,592.5,73.4364078642195,-7.62,73.04,5.95591651198454,c73d9cf4c36f03e5a4c675def8e360d6e664c60b442ca0f514fbfab744d0f345,0.543549602575381,0.456450397424619,0.57252697072678,0.614607717100345,0.880928906048074,0.663537839686633,2032.5,6.0,0.991,0.266321188947729,0.623012846916966,226.0,f4849dca6a0945ace6c6cca20045b74a9c85acf6,2026-08-18 08:07:04,2026-06-06 14:01:41,2026-04-25-DC-BOS,glory,breeze,21,16,2026-04-25 19:00:00
mgrovic,-10.95,86.7,tshapinsk,7.31,114.09,0,0,0,"mgrovic,amerriman,jnissen,jwodatch1,smott,tshapinsk,cboxley",False,2026-04-25-DC-BOS,8,3,2,3,621.0,1,4,True,True,159,away,100,1777160794.0,19,False,"tallen1,ograff,kdelorenz,mcoe,ldecraene,cdavisbra,mmcdonnel",101,228,0a5bf341cdd40def5899fd85afc4a64cb6abd895de1bb1cfe83e8810be9db384,1777160794.0,False,159,578.25,32.9186831449862,18.26,27.39,-33.6900675259798,a7f6d0cdc99f4a486c7212b3ef2e97671d0c4bee743ac73e5ea173da2de024a7,0.818756539873265,0.181243460126735,0.57252697072678,0.881742209109265,1.0,0.630647474933647,2018.25,6.0,0.99,0.118257790890735,0.276643864741114,228.0,f696a732d7471efb776a1e65d7aa4d77945a9415,2026-08-18 08:07:04,2026-06-06 14:01:41,2026-04-25-DC-BOS,glory,breeze,21,16,2026-04-25 19:00:00
ndick,-25.64,13.8,scarapell,-25.38,28.25,0,0,0,"scarapell,bsadok,tedmonds,ndick,ayuan,tdecraene,jbabbitt",True,2026-04-25-DC-BOS,8,3,2,4,564.0,1,1,True,True,160,home,128,1777160877.0,18,False,"xschafer,mgrovic,bgreenber,ilee,tgesell,lrehfuss,lblumenfe",129,233,9771676b3bbcfbc29d30b536339ae57d0a491f4ead0e13fc65c726a4cc05f9c6,1777160877.0,False,160,564.0,14.4523389110552,0.260000000000002,14.45,-1.03081628768156,5289a1528e2a8036182114c1f2f3510b57b4dacb08f70750de03ecefc9fc9d28,0.932401271605086,0.067598728394914,0.53991574491708,0.53991574491708,0.582409463110819,0.875475009654442,2004.0,5.0,0.988,0.0424937181937394,0.0923607311579937,233.0,0e80aa2f515544b56830e20ddfe8f07c82f299c3,2026-08-18 08:07:04,2026-06-06 14:01:41,2026-04-25-DC-BOS,glory,breeze,21,16,2026-04-25 19:00:00
scarapell,-25.38,28.25,ayuan,-25.7,44.58,0,0,0,"scarapell,bsadok,tedmonds,ndick,ayuan,tdecraene,jbabbitt",True,2026-04-25-DC-BOS,8,3,2,4,564.0,1,2,True,True,161,home,129,1777160882.0,18,False,"xschafer,mgrovic,bgreenber,ilee,tgesell,lrehfuss,lblumenfe",130,234,c2265d5353af3322fd159f0bc91fb5b18f3799556ddef17c3d84c4a26480a76e,1777160882.0,False,161,557.3,16.3331350328098,-0.32,16.33,1.12261501342718,9fb674fdb8e13f539b9be5498d239e9bc5646a136b23d3973e7894e66bdcb361,0.887580816867029,0.112419183132971,0.53991574491708,0.583605922565362,0.637906502028776,0.793834332858834,1997.3,5.0,0.988,0.0543005794634145,0.118023120468724,234.0,e756115e45bbd6b12199453f3a8fb048f84cc1e1,2026-08-18 08:07:04,2026-06-06 14:01:41,2026-04-25-DC-BOS,glory,breeze,21,16,2026-04-25 19:00:00
ayuan,-25.7,44.58,ndick,-8.87,31.61,0,0,0,"scarapell,bsadok,tedmonds,ndick,ayuan,tdecraene,jbabbitt",True,2026-04-25-DC-BOS,8,3,2,4,564.0,1,3,True,True,162,home,130,1777160885.0,18,False,"xschafer,mgrovic,bgreenber,ilee,tgesell,lrehfuss,lblumenfe",131,235,20fce8a9224ecc10671fed80d0f82bfbbd0ed391ab207217856049c0222c0625,1777160885.0,False,162,550.6,21.247818711576,16.83,-12.97,-127.619559594508,fd60aaf3c6fceb2b76e69ec8ddc3f3780e39b2e84e11be1cd5a572c148bfbc97,0.96751862905464,0.0324813709453603,0.53991574491708,0.63902702896082,0.666413790501171,0.890900533496285,1990.6,5.0,0.988,0.0273867615403508,0.0595255352422676,235.0,f36b54645e39f636b1d97d9e6156e2b7a72337c4,2026-08-18 08:07:04,2026-06-06 14:01:41,2026-04-25-DC-BOS,glory,breeze,21,16,2026-04-25 19:00:00
ndick,-8.87,31.61,tdecraene,-0.42,35.74,0,0,0,"scarapell,bsadok,tedmonds,ndick,ayuan,tdecraene,jbabbitt",True,2026-04-25-DC-BOS,8,3,2,4,564.0,1,4,True,True,163,home,131,1777160888.0,18,False,"xschafer,mgrovic,bgreenber,ilee,tgesell,lrehfuss,lblumenfe",132,236,d42a0816fb99d3444caa40e295e6942724a6f363a1a7a341f44276460464a73e,1777160888.0,False,163,543.9,9.40528574791856,8.45,4.13,-63.9525856238235,dd8b8b841586af2198334f7e114c91794b8c6354061a07d40a8348a50a94088e,0.987540889298933,0.0124591107010672,0.53991574491708,0.667439047938322,0.681894165278637,0.876064269811744,1983.9,5.0,0.988,0.0144551173403148,0.0314184134332299,236.0,3551a889f2efbe611ce9ef2f39a484f5a8c18c84,2026-08-18 08:07:04,2026-06-06 14:01:41,2026-04-25-DC-BOS,glory,breeze,21,16,2026-04-25 19:00:00
tdecraene,-0.42,35.74,scarapell,15.5,45.03,0,0,0,"scarapell,bsadok,tedmonds,ndick,ayuan,tdecraene,jbabbitt",True,2026-04-25-DC-BOS,8,3,2,4,564.0,1,5,True,True,164,home,132,1777160895.0,18,False,"xschafer,mgrovic,bgreenber,ilee,tgesell,lrehfuss,lblumenfe",133,237,fa458300ea81f930e1b606de0e2a975332504e25af949655d7e40ae764fd946b,1777160895.0,False,164,537.2,18.4323221543027,15.92,9.29,-59.7346128182652,bc042fb3101b22aaf6d685fc2eb228570c1edb3f6c5e11ec7b96912cf747a28d,0.972453495993919,0.0275465040060806,0.53991574491708,0.682806562907676,0.703538829593688,0.831630702955861,1977.2,5.0,0.989,0.0207322666860119,0.045061891288315,237.0,8d3ad26fde45d09e547a093d80e3299aecf43bb7,2026-08-18 08:07:04,2026-06-06 14:01:41,2026-04-25-DC-BOS,glory,breeze,21,16,2026-04-25 19:00:00
scarapell,15.5,45.03,tedmonds,0.29,39.87,0,0,0,"scarapell,bsadok,tedmonds,ndick,ayuan,tdecraene,jbabbitt",True,2026-04-25-DC-BOS,8,3,2,4,564.0,1,6,True,True,165,home,133,1777160901.0,18,False,"xschafer,mgrovic,bgreenber,ilee,tgesell,lrehfuss,lblumenfe",134,238,5dbb344eb66a854924f91bc204fc40ebbaa40c408d04c5b691ab600cb3862ede,1777160901.0,False,165,530.5,16.061435178713,-15.21,-5.16,108.739530723794,e7b7f7d42efee341eaad2b2f023fe1db70d3d61213ed0774071764d27f598f77,0.979468768002017,0.0205312319979832,0.53991574491708,0.704316932768669,0.697235559679581,0.860163193953765,1970.5,5.0,0.988,-0.00708137308908807,-0.0153914701728096,238.0,1021d199038997f34c289b937355ae908bdd2070,2026-08-18 08:07:04,2026-06-06 14:01:41,2026-04-25-DC-BOS,glory,breeze,21,16,2026-04-25 19:00:00
tedmonds,0.29,39.87,ayuan,-12.68,44.96,0,0,0,"scarapell,bsadok,tedmonds,ndick,ayuan,tdecraene,jbabbitt",True,2026-04-25-DC-BOS,8,3,2,4,564.0,1,7,True,True,166,home,134,1777160904.0,18,False,"xschafer,mgrovic,bgreenber,ilee,tgesell,lrehfuss,lblumenfe",135,239,d018be6716570821dd61d016ed2e63bc95473aa093c9a66e57a9192c049cf0a0,1777160904.0,False,166,523.8,13.9330183377472,-12.97,5.09,68.5727679471642,cdcdd93ef1ce95c489548f1c3239570e1dc48c02ac39bc1f39f9a9ca05f8bbc9,0.980254718114356,0.0197452818856437,0.53991574491708,0.697926908001875,0.711153612395415,0.835577903343135,1963.8,5.0,0.989,0.0132267043935407,0.0287484395464845,239.0,434c0ebb476131ea32cdc26b16401c0c34cd9dfe,2026-08-18 08:07:04,2026-06-06 14:01:41,2026-04-25-DC-BOS,glory,breeze,21,16,2026-04-25 19:00:00
ayuan,-12.68,44.96,ndick,-0.55,46.45,0,0,0,"scarapell,bsadok,tedmonds,ndick,ayuan,tdecraene,jbabbitt",True,2026-04-25-DC-BOS,8,3,2,4,564.0,1,8,True,True,167,home,135,1777160909.0,18,False,"xschafer,mgrovic,bgreenber,ilee,tgesell,lrehfuss,lblumenfe",136,240,409e931b3c093b624cd9841e57e938fa0d2fc21974fff2134020aa0a87b3361d,1777160909.0,False,167,517.1,12.2211701567403,12.13,1.49,-82.9970997119821,4472ff1797a9492e9591dc2ce62a97b1bbc2f5d3f49d78cab28c999c95ddb5b6,0.98213179337658,0.0178682066234201,0.53991574491708,0.711737430383235,0.721830058989955,0.833247904393978,1957.1,5.0,0.989,0.0100926286067203,0.0219364790149173,240.0,a8054d8dacc1e0379762280aadd20b4cc41300e4,2026-08-18 08:07:04,2026-06-06 14:01:41,2026-04-25-DC-BOS,glory,breeze,21,16,2026-04-25 19:00:00
ndick,-0.55,46.45,tdecraene,10.15,59.29,0,0,0,"scarapell,bsadok,tedmonds,ndick,ayuan,tdecraene,jbabbitt",True,2026-04-25-DC-BOS,8,3,2,4,564.0,1,9,True,True,168,home,136,1777160912.0,18,False,"xschafer,mgrovic,bgreenber,ilee,tgesell,lrehfuss,lblumenfe",137,241,20288bac1534b3f00e99730ed7c9e694d15150d132a319aead241ea3086d2936,1777160912.0,False,168,510.4,16.7139343064402,10.7,12.84,-39.8055710922652,36b4a2e4b7da1d8cae79725df1076235a6479501921b2883b3f42b3bb2664023,0.966456347391952,0.0335436526080477,0.53991574491708,0.722318451724092,0.770724379772072,0.776973035629875,1950.4,5.0,0.989,0.0484059280479804,0.105211007577854,241.0,ea00627f13a7ecd65da5860a06a3efdd4500054e,2026-08-18 08:07:04,2026-06-06 14:01:41,2026-04-25-DC-BOS,glory,breeze,21,16,2026-04-25 19:00:00
tdecraene,10.15,59.29,jbabbitt,-11.13,114.32,0,0,0,"scarapell,bsadok,tedmonds,ndick,ayuan,tdecraene,jbabbitt",True,2026-04-25-DC-BOS,9,3,2,4,564.0,1,10,True,True,169,home,137,1777160927.0,19,False,"xschafer,mgrovic,bgreenber,ilee,tgesell,lrehfuss,lblumenfe",138,243,83a1bd75514c63b0c2e6677d53a1bb363493dd030c5b434e9686a6ebf3c71594,1777160927.0,False,169,503.7,59.0011804966646,-21.28,55.03,21.1413947644863,cbbb9981fb0de0795fa8e909920a13ba1f7b25545c1fd1343930e6a11f2bbc12,0.630463511201832,0.369536488798168,0.53991574491708,0.771085814654137,1.0,0.63767759330592,1943.7,5.0,0.991,0.228914185345863,0.497548400791516,243.0,51104879d24beee94ece2ffa017fc88194cb4e02,2026-08-18 08:07:04,2026-06-06 14:01:41,2026-04-25-DC-BOS,glory,breeze,21,16,2026-04-25 19:00:00
jnissen,-3.75,13.59,aroy,-4.43,23.75,0,0,0,"cloverane,jwodatch1,zburpee,jnissen,smott,amerriman,aroy",False,2026-04-25-DC-BOS,9,3,2,5,497.0,1,1,True,True,170,away,106,1777160990.0,18,False,"tallen1,mmcdonnel,sfisherol,itran,ghaflin,tchan,zsinger",107,247,1ab9a03d0b0a78042d34fbafead6ff6c35b2196524b1e325761f5fbe2ab5c8e9,1777160990.0,False,170,497.0,10.1827304786094,-0.68,10.16,3.82904629449654,384d77325bb86169fd0f6d2c86928d26b20f6d4ffd35e279e00400d0b1564e26,0.987777005330012,0.0122229946699881,0.626704794414673,0.626704794414673,0.651145531900682,0.921343276622411,1937.0,6.0,0.993,0.0244407374860085,0.0654729477376636,247.0,140d2137ec7e342a34157f358e20a2a67c51b982,2026-08-18 08:07:04,2026-06-06 14:01:41,2026-04-25-DC-BOS,glory,breeze,21,16,2026-04-25 19:00:00
aroy,-4.43,23.75,jnissen,8.47,28.42,0,0,0,"cloverane,jwodatch1,zburpee,jnissen,smott,amerriman,aroy",False,2026-04-25-DC-BOS,9,3,2,5,497.0,1,2,True,True,171,away,107,1777160993.0,18,False,"tallen1,mmcdonnel,sfisherol,itran,ghaflin,tchan,zsinger",108,248,46ab6a7403aa3f3f97efc63d2ad6eb305af268b298e361e49e948cb830f3f66d,1777160993.0,False,171,491.6,13.7192893401954,12.9,4.67,-70.098958618693,b8d7451f81184e037e0ccc13d9fb80045d614a10115ee95a1ce1e9999464f3e6,0.983716354689266,0.0162836453107337,0.626704794414673,0.651396886235004,0.662896807315695,0.905205039985945,1931.6,6.0,0.993,0.0114999210806912,0.030806506241245,248.0,74bf08a4fbd2844ea39c8ae719f9dd01f02f3e00,2026-08-18 08:07:04,2026-06-06 14:01:41,2026-04-25-DC-BOS,glory,breeze,21,16,2026-04-25 19:00:00
jnissen,8.47,28.42,smott,11.42,43.79,0,0,0,"cloverane,jwodatch1,zburpee,jnissen,smott,amerriman,aroy",False,2026-04-25-DC-BOS,9,3,2,5,497.0,1,3,True,True,172,away,108,1777160996.0,18,False,"tallen1,mmcdonnel,sfisherol,itran,ghaflin,tchan,zsinger",109,249,c3031b979f7d35e29835098b8ebe39215fcb005bbe7e9c9fd6f7e91b39504659,1777160996.0,False,172,486.2,15.6505399267885,2.95,15.37,-10.8647862516287,0aab4bc46d4cf410c949a294b883aa71f75b9e263d8e321a95e058692b9dc361,0.970742812727138,0.0292571872728624,0.626704794414673,0.663097286440413,0.710020798676288,0.843509179804087,1926.2,6.0,0.992,0.0469235122358747,0.125700816763233,249.0,6afb251b237136df63f44c984bad3f28f52a8526,2026-08-18 08:07:04,2026-06-06 14:01:41,2026-04-25-DC-BOS,glory,breeze,21,16,2026-04-25 19:00:00
smott,11.42,43.79,jwodatch1,15.2,56.63,0,0,0,"cloverane,jwodatch1,zburpee,jnissen,smott,amerriman,aroy",False,2026-04-25-DC-BOS,9,3,2,5,497.0,1,4,True,True,173,away,109,1777161000.0,18,False,"tallen1,mmcdonnel,sfisherol,itran,ghaflin,tchan,zsinger",110,250,5f3cfe5bb27cf0546516332a488762d468f837f431cbf5fa4f4da8a271393b86,1777161000.0,False,173,480.8,13.384842173145,3.78,12.84,-16.4040345860689,ffaa890fc52bf2c234379ef8bb2998dee07ad562d50e532ce85143ded900e660,0.974776205395302,0.0252237946046977,0.626704794414673,0.710164880852748,0.753965372024684,0.783983763352165,1920.8,6.0,0.992,0.0438004911719366,0.11733472735943,250.0,1c3aefddda74032db6b2513ea875b1e45e3ad955,2026-08-18 08:07:04,2026-06-06 14:01:41,2026-04-25-DC-BOS,glory,breeze,21,16,2026-04-25 19:00:00
jwodatch1,15.2,56.63,smott,12.8,46.88,0,0,0,"cloverane,jwodatch1,zburpee,jnissen,smott,amerriman,aroy",False,2026-04-25-DC-BOS,9,3,2,5,497.0,1,5,True,True,174,away,110,1777161005.0,18,False,"tallen1,mmcdonnel,sfisherol,itran,ghaflin,tchan,zsinger",111,251,70ba03a9a5674a9eac6733142805b7e8695f6ffa40c664fa9657746545560ae3,1777161005.0,False,174,475.4,10.0410407827077,-2.4,-9.75,166.17134902772,ce11b7c22d4fc975f5445690ca6c93a88bdbc913d7a7ebaf32e2b19ea8fa32b0,0.986946671793631,0.0130533282063686,0.626704794414673,0.754060819376357,0.719786795816897,0.829423171153472,1915.4,6.0,0.992,-0.03427402355946,-0.091814797100644,251.0,455b0b147a992a71fecfd51af163fc9ba3ed9b9e,2026-08-18 08:07:04,2026-06-06 14:01:41,2026-04-25-DC-BOS,glory,breeze,21,16,2026-04-25 19:00:00
smott,12.8,56.88,amerriman,15.82,69.33,0,0,0,"cloverane,jwodatch1,zburpee,jnissen,smott,amerriman,aroy",False,2026-04-25-DC-BOS,9,3,2,5,497.0,1,6,True,True,175,away,112,1777161019.0,18,False,"tallen1,mmcdonnel,sfisherol,itran,ghaflin,tchan,zsinger",113,254,dcb81e0ae97bd99694b482270a093d95d9e6d11fb77c196e4b2683ac7bdc4f60,1777161019.0,False,175,470.0,12.8110460150606,3.02,12.45,-13.6348975443103,ce1d4177e871412fea723df78f5af9442f35e40c3f2c36a100673b510c5fec71,0.973270312517629,0.0267296874823713,0.626704794414673,0.759337324606787,0.807814332554811,0.730078564250857,1910.0,6.0,0.992,0.0484770079480235,0.129862391005026,254.0,43674cb210f2c39a5b7d82f4f6122664d08c0ed4,2026-08-18 08:07:04,2026-06-06 14:01:41,2026-04-25-DC-BOS,glory,breeze,21,16,2026-04-25 19:00:00
amerriman,15.82,69.33,smott,0.92,68.71,0,0,0,"cloverane,jwodatch1,zburpee,jnissen,smott,amerriman,aroy",False,2026-04-25-DC-BOS,9,3,2,5,497.0,1,7,True,True,176,away,113,1777161023.0,18,False,"tallen1,mmcdonnel,sfisherol,itran,ghaflin,tchan,zsinger",114,255,9c0286481cdaa0046b32bc9b4368db1f67b4b191457c1de57344b2c8fe775e99,1777161023.0,False,176,464.6,14.9128937500406,-14.9,-0.620000000000005,92.3827451146692,efebbcfdfe4d5b0e12a7116a49ce5ef37f1e7d0eba7c0cd4bdb2edb75db72b22,0.970539706485592,0.029460293514408,0.626704794414673,0.807842312525436,0.814006025341282,0.742100547151063,1904.6,6.0,0.991,0.00616371281584538,0.0165116313406187,255.0,2f9b9f23485c7c29f97293b5ed616f12ae8424db,2026-08-18 08:07:04,2026-06-06 14:01:41,2026-04-25-DC-BOS,glory,breeze,21,16,2026-04-25 19:00:00
smott,0.92,68.71,jnissen,-14.04,84.02,0,0,0,"cloverane,jwodatch1,zburpee,jnissen,smott,amerriman,aroy",False,2026-04-25-DC-BOS,9,3,2,5,497.0,1,8,True,True,177,away,114,1777161027.0,18,False,"tallen1,mmcdonnel,sfisherol,itran,ghaflin,tchan,zsinger",115,256,5f5c7e1ff8e501c4ea07045d8daf6b6676fb69c91951953c656d4cede7031c50,1777161027.0,False,177,459.2,21.4055530178503,-14.96,15.31,44.3375411554649,0b210d0695fc349befd4e590e70615f31ea29667c63c49a08a3b25747fa0957e,0.941680512364582,0.0583194876354178,0.626704794414673,0.814010743287723,0.874183296291302,0.679632677774427,1899.2,6.0,0.991,0.0601725530035783,0.161192943555832,256.0,5983ff7580df90474037bb8912b6a545a3d00bca,2026-08-18 08:07:04,2026-06-06 14:01:41,2026-04-25-DC-BOS,glory,breeze,21,16,2026-04-25 19:00:00
jnissen,-14.04,84.02,smott,-4.16,98.51,0,0,0,"cloverane,jwodatch1,zburpee,jnissen,smott,amerriman,aroy",False,2026-04-25-DC-BOS,9,3,2,5,497.0,1,9,True,True,178,away,115,1777161034.0,18,False,"tallen1,mmcdonnel,sfisherol,itran,ghaflin,tchan,zsinger",116,257,69399266428c82d6a83ff98cacbf2a639c16a628461db8ccced71bf5bf759227,1777161034.0,False,178,453.8,17.5378020287606,9.88,14.49,-34.2881039201081,efdd603219521764f8873fc0f73579032ca3077e1f70a0d1189a935219f3710c,0.939360155935417,0.0606398440645834,0.626704794414673,0.874171655326036,0.928685802693243,0.646248751146197,1893.8,6.0,0.99,0.0545141473672065,0.14603495183317,257.0,b851b7477a9f41e8368bab075f6e2ab3205efdd5,2026-08-18 08:07:04,2026-06-06 14:01:41,2026-04-25-DC-BOS,glory,breeze,21,16,2026-04-25 19:00:00
smott,-4.16,98.51,aroy,-0.18,104.41,0,0,0,"cloverane,jwodatch1,zburpee,jnissen,smott,amerriman,aroy",False,2026-04-25-DC-BOS,9,4,2,5,497.0,1,10,True,True,179,away,116,1777161042.0,19,False,"tallen1,mmcdonnel,sfisherol,itran,ghaflin,tchan,zsinger",117,259,0da50422ba61dddf257b6dc33aa16225aed1d682849fda3a581934f3892bea38,1777161042.0,False,179,448.4,7.11690944160454,3.98,5.89999999999999,-34.0026680536784,1c6343fa44e77d9dec9ccbab8d28f506b86f799e3c5bdb5fcc45e5317af93fa8,0.974180561719135,0.025819438280865,0.626704794414673,0.92867051839391,1.0,0.642795659270705,1888.4,6.0,0.99,0.0713294816060903,0.191080626107281,259.0,4ee15a88523d3457c25d0497df9adc35f9b61e9d,2026-08-18 08:07:04,2026-06-06 14:01:41,2026-04-25-DC-BOS,glory,breeze,21,16,2026-04-25 19:00:00
ndick,-6.36,13.87,rdinger,1.64,23.54,0,0,0,"scarapell,tedmonds,rdinger,ndick,ayuan,tdecraene,jbabbitt",True,2026-04-25-DC-BOS,9,4,2,6,443.0,1,1,True,True,180,home,143,1777161092.0,18,False,"xschafer,cmccutche,lrehfuss,wvandenbr,mgrovic,amerriman,jlightner",144,263,72cfdc07ca1b106bc6b11a86f8020b92c27548362158bb9b3caac06bc140f25d,1777161092.0,False,180,443.0,12.5502549774895,8.0,9.67,-39.6009859300183,6635d14991dee4b57b33a7378f97f392d4927fbefe9f262d0c47c8ca2668062c,0.985242651479787,0.0147573485202135,0.627555378475349,0.627555378475349,0.651654485854717,0.922332063962449,1883.0,5.0,0.988,0.0240991073793675,0.0647052098127089,263.0,2489bcf328e9f2f020ae8ce0e81cec551d599e2a,2026-08-18 08:07:04,2026-06-06 14:01:41,2026-04-25-DC-BOS,glory,breeze,21,16,2026-04-25 19:00:00
rdinger,1.64,23.54,ayuan,3.9,40.58,0,0,0,"scarapell,tedmonds,rdinger,ndick,ayuan,tdecraene,jbabbitt",True,2026-04-25-DC-BOS,9,4,2,6,443.0,1,2,True,True,181,home,144,1777161098.0,18,False,"xschafer,cmccutche,lrehfuss,wvandenbr,mgrovic,amerriman,jlightner",145,264,c26796f529da96ce9dc778705a42088561185fd9ba367f0dfbaeb6c204b1e1a4,1777161098.0,False,181,437.25,17.189217550546,2.26,17.04,-7.55499536510767,651fba45d0f3a87a7844b3bd7570b6120da89566b52aef9f1441251f62424444,0.970036914199435,0.0299630858005651,0.627555378475349,0.651546340726413,0.702531711281123,0.858869498171686,1877.25,5.0,0.988,0.0509853705547102,0.136893829600747,264.0,f0f0a1ef35f65e502e0fbc59df7f94adf2a5cb0c,2026-08-18 08:07:04,2026-06-06 14:01:41,2026-04-25-DC-BOS,glory,breeze,21,16,2026-04-25 19:00:00
ayuan,3.9,40.58,scarapell,19.37,46.32,0,0,0,"scarapell,tedmonds,rdinger,ndick,ayuan,tdecraene,jbabbitt",True,2026-04-25-DC-BOS,9,4,2,6,443.0,1,3,True,True,182,home,145,1777161102.0,18,False,"xschafer,cmccutche,lrehfuss,wvandenbr,mgrovic,amerriman,jlightner",146,265,7b1e8e1f26b2c3c511e9f47a1bfd40a9b91a406c194c8b52ef48debead2b450e,1777161102.0,False,182,431.5,16.5005605965373,15.47,5.74,-69.6430952181466,8dd4721f2cf35c1553bc3dea909b8ff1029482188534673a852961a73477432e,0.981415312613726,0.0185846873862739,0.627555378475349,0.702411312465006,0.69895747113954,0.820160279850825,1871.5,5.0,0.988,-0.00345384132546578,-0.00927343590391245,265.0,b50f23867880a682fa305ec6e2dcd3b589a054f1,2026-08-18 08:07:04,2026-06-06 14:01:41,2026-04-25-DC-BOS,glory,breeze,21,16,2026-04-25 19:00:00
scarapell,19.37,46.32,tdecraene,9.38,107.54,0,0,0,"scarapell,tedmonds,rdinger,ndick,ayuan,tdecraene,jbabbitt",True,2026-04-25-DC-BOS,10,4,2,6,443.0,1,4,True,True,183,home,146,1777161113.0,19,False,"xschafer,cmccutche,lrehfuss,wvandenbr,mgrovic,amerriman,jlightner",147,266,6a08543510cbbbf7085756f661fe77e56bead57e9bea5672d4278213d2010323,1777161113.0,False,183,425.75,62.0297388354973,-9.99,61.22,9.26795069272882,ad134bf7989492ba8c49c53cf506e1e94699a09cc43b888f668b313ae23ab980,0.557766239071296,0.442233760928704,0.627555378475349,0.69881833409472,1.0,0.640324426137811,1865.75,5.0,0.991,0.30118166590528,0.808661606314392,266.0,9b09688e6e51b3c90b2fbe2b787e4fc7628ee812,2026-08-18 08:07:04,2026-06-06 14:01:41,2026-04-25-DC-BOS,glory,breeze,21,16,2026-04-25 19:00:00
jnissen,19.45,5.62,aroy,1.61,21.96,0,0,0,"tshapinsk,zburpee,cboxley,smott,jwodatch1,aroy,jnissen",False,2026-04-25-DC-BOS,10,4,2,7,420.0,1,1,True,True,184,away,121,1777161177.0,18,False,"kdelorenz,ograff,cdavisbra,tallen1,mcoe,ldecraene,tchan",122,271,a93ba479ce069a84aec5aeaffb27fe997adb077d482244a961b4391e7ff8c22b,1777161177.0,False,184,420.0,24.1921722877463,-17.84,16.34,47.5128308769474,5eed1320de8c4787129b732e8c79e4f5debc548cbf7ad8f8c6bc9ee60ac59120,0.953968460888156,0.0460315391118437,0.581860378216763,0.581860378216763,0.647026414794635,0.927126747955754,1860.0,6.0,0.993,0.065166036577872,0.155847552307908,271.0,e1ebcd57c902cf797dff85fc05aa800b0055fb1a,2026-08-18 08:07:04,2026-06-06 14:01:41,2026-04-25-DC-BOS,glory,breeze,21,16,2026-04-25 19:00:00
aroy,1.61,21.96,cboxley,-14.11,36.1,0,0,0,"tshapinsk,zburpee,cboxley,smott,jwodatch1,aroy,jnissen",False,2026-04-25-DC-BOS,10,4,2,7,420.0,1,2,True,True,185,away,122,1777161183.0,18,False,"kdelorenz,ograff,cdavisbra,tallen1,mcoe,ldecraene,tchan",123,272,08ef47af314094c64fcf133d48bb4ee4f584c5a6bab0544e8b87bc0d7e2725d2,1777161183.0,False,185,415.75,21.1437461203071,-15.72,14.14,48.0289010605364,5031c85fef336f6abf27ff7f5913e8c91295b2e2ae51486271c31cb406141370,0.964610052078124,0.0353899479218757,0.581860378216763,0.646894492571904,0.680309869624219,0.872594717720345,1855.75,6.0,0.992,0.0334153770523147,0.0799144001465548,272.0,9bce6e9d3f165e8d2f35e04e476f58df0d3319bd,2026-08-18 08:07:04,2026-06-06 14:01:41,2026-04-25-DC-BOS,glory,breeze,21,16,2026-04-25 19:00:00
cboxley,-14.11,36.1,aroy,-18.78,39.54,0,0,0,"tshapinsk,zburpee,cboxley,smott,jwodatch1,aroy,jnissen",False,2026-04-25-DC-BOS,10,4,2,7,420.0,1,3,True,True,186,away,123,1777161185.0,18,False,"kdelorenz,ograff,cdavisbra,tallen1,mcoe,ldecraene,tchan",124,273,08c6167766d34577e5e685bc4db5141f2b069827f5eb4601ae613dc995961d0c,1777161185.0,False,186,411.5,5.80021551323742,-4.67,3.44,53.6240192527748,7cec0d92e7ece23a5b414b154b3f09631804be7c7c80314aeea314dedf270e98,0.991959508943217,0.00804049105678339,0.581860378216763,0.680178869751501,0.678871568050591,0.849985181399439,1851.5,6.0,0.992,-0.00130730170091076,-0.00312647171615911,273.0,1c668330e705ed17a9e8d2f8b11de06eb15dbc55,2026-08-18 08:07:04,2026-06-06 14:01:41,2026-04-25-DC-BOS,glory,breeze,21,16,2026-04-25 19:00:00
aroy,-18.78,39.54,smott,-22.42,48.67,0,0,0,"tshapinsk,zburpee,cboxley,smott,jwodatch1,aroy,jnissen",False,2026-04-25-DC-BOS,10,4,2,7,420.0,1,4,True,True,187,away,124,1777161186.0,18,False,"kdelorenz,ograff,cdavisbra,tallen1,mcoe,ldecraene,tchan",125,274,869ab5df2d8def481e058b56246075aa6595a95884a75e21a9441efacabb5c9c,1777161186.0,False,187,407.25,9.82886056468399,-3.64,9.13,21.7364605859494,1e89d4e4011aa7956beab8bdb30288e98948d9cd8c3c25dcd3c836b8e14a2600,0.981764168508371,0.0182358314916286,0.581860378216763,0.678736159410659,0.693033093644058,0.795133612920199,1847.25,6.0,0.992,0.0142969342333995,0.0341917710941323,274.0,ab1bd02e47c1d806afe2ccf8684d058a32ef37ee,2026-08-18 08:07:04,2026-06-06 14:01:41,2026-04-25-DC-BOS,glory,breeze,21,16,2026-04-25 19:00:00
smott,-22.42,48.67,jnissen,-7.38,40.64,0,0,0,"tshapinsk,zburpee,cboxley,smott,jwodatch1,aroy,jnissen",False,2026-04-25-DC-BOS,10,4,2,7,420.0,1,5,True,True,188,away,125,1777161194.0,18,False,"kdelorenz,ograff,cdavisbra,tallen1,mcoe,ldecraene,tchan",126,275,bcf1d495460043d6df8860bf30753d1f71bafafc8e9c6b9591b90ad2ca90e603,1777161194.0,False,188,403.0,17.0494134796479,15.04,-8.03,-118.098185427563,c1d09acd21e14c87ffed2f6b6b44e8c6bb3c6f19a54ed25d21bc0d2db207e789,0.973661696266486,0.0263383037335135,0.581860378216763,0.692898208940998,0.701087782903988,0.85764683870745,1843.0,6.0,0.992,0.00818957396298936,0.0195857401125092,275.0,ff0923e30eaa753d965db291dbc17a3ad071ba40,2026-08-18 08:07:04,2026-06-06 14:01:41,2026-04-25-DC-BOS,glory,breeze,21,16,2026-04-25 19:00:00
jnissen,-7.38,40.64,smott,-0.11,50.86,0,0,0,"tshapinsk,zburpee,cboxley,smott,jwodatch1,aroy,jnissen",False,2026-04-25-DC-BOS,10,4,2,7,420.0,1,6,True,True,189,away,126,1777161199.0,18,False,"kdelorenz,ograff,cdavisbra,tallen1,mcoe,ldecraene,tchan",127,276,bcbe62657c49e6c909389660e159d5b3d346eb61615db02c147e86417fed2b9a,1777161199.0,False,189,398.75,12.5419815021391,7.27,10.22,-35.4261558853758,f722cab88c212b12865b47521df542205c2f18b7276f52a26dc8e90ecf5f97be,0.978859938762144,0.0211400612378555,0.581860378216763,0.700953438952561,0.739268414752162,0.814917378830019,1838.75,6.0,0.992,0.038314975799601,0.0916320142927365,276.0,42de00304417b23ebc358c86193461cc317e2548,2026-08-18 08:07:04,2026-06-06 14:01:41,2026-04-25-DC-BOS,glory,breeze,21,16,2026-04-25 19:00:00
smott,-0.11,50.86,cboxley,-8.83,56.49,0,0,0,"tshapinsk,zburpee,cboxley,smott,jwodatch1,aroy,jnissen",False,2026-04-25-DC-BOS,10,4,2,7,420.0,1,7,True,True,190,away,127,1777161204.0,18,False,"kdelorenz,ograff,cdavisbra,tallen1,mcoe,ldecraene,tchan",128,277,3e0443cd983484280575cb0dee291a7db6ca5f5cd7b7c5a8aef9a1104976318e,1777161204.0,False,190,394.5,10.3795616477768,-8.72,5.63,57.1520064926924,f00d9e7579eb26d738db281fe790961a9da521fe265f37d6599faadefb60692f,0.982687299034002,0.0173127009659984,0.581860378216763,0.739144627666779,0.76021207553465,0.789424739060581,1834.5,6.0,0.992,0.0210674478678703,0.050383763629058,277.0,70529021242489d0a6f81248ce192ce454390175,2026-08-18 08:07:04,2026-06-06 14:01:41,2026-04-25-DC-BOS,glory,breeze,21,16,2026-04-25 19:00:00
cboxley,-8.83,56.49,tshapinsk,-20.49,70.09,0,0,0,"tshapinsk,zburpee,cboxley,smott,jwodatch1,aroy,jnissen",False,2026-04-25-DC-BOS,10,4,2,7,420.0,1,8,True,True,191,away,128,1777161207.0,18,False,"kdelorenz,ograff,cdavisbra,tallen1,mcoe,ldecraene,tchan",129,278,681564c2ef60183a4dc3888c7cd22a1aa8733de6b11905261196b2e55ebda10c,1777161207.0,False,191,390.25,17.9141173380103,-11.66,13.6,40.6082328599758,67ebf461b7bb9763e27f9aa51980e0de08a79a29ff6ccd938a2cd4dd0b1f9da0,0.96785107584181,0.0321489241581899,0.581860378216763,0.760095871916274,0.798844991662349,0.706897192710179,1830.25,6.0,0.992,0.0387491197460752,0.0926702893660786,278.0,c1558b16909ff16c05a7f600b1a15cbd460ddcc8,2026-08-18 08:07:04,2026-06-06 14:01:41,2026-04-25-DC-BOS,glory,breeze,21,16,2026-04-25 19:00:00
tshapinsk,-20.49,70.09,cboxley,-25.5,88.48,0,0,0,"tshapinsk,zburpee,cboxley,smott,jwodatch1,aroy,jnissen",False,2026-04-25-DC-BOS,10,4,2,7,420.0,1,9,True,True,192,away,129,1777161211.0,18,False,"kdelorenz,ograff,cdavisbra,tallen1,mcoe,ldecraene,tchan",130,279,54f6b7f71e2ab4050c65227afa9a73e53dc3f324dbdbf242afa093bb236574a9,1777161211.0,False,192,386.0,19.0602256020227,-5.01,18.39,15.2392998797399,b01580c1c7f70e55d060d00ea8903f9e151e485d898d3a1a9afea9cd0f4f31e4,0.84101790633374,0.15898209366626,0.581860378216763,0.79874426401135,0.859733268330197,0.605971687153844,1826.0,6.0,0.991,0.0609890043188466,0.145857988914677,279.0,16a3753af515104206fa36c8a38d4a112fac7f1e,2026-08-18 08:07:04,2026-06-06 14:01:41,2026-04-25-DC-BOS,glory,breeze,21,16,2026-04-25 19:00:00
cboxley,-25.5,88.48,smott,-21.94,82.1,0,0,0,"tshapinsk,zburpee,cboxley,smott,jwodatch1,aroy,jnissen",False,2026-04-25-DC-BOS,10,4,2,7,420.0,1,10,True,True,193,away,130,1777161213.0,18,False,"kdelorenz,ograff,cdavisbra,tallen1,mcoe,ldecraene,tchan",131,280,25036ea9b25cfb7e6c303d6c9581d8d27b2612af1f2ed13ff53fc3361a02e118,1777161213.0,False,193,381.75,7.30602491098957,3.56,-6.38000000000001,-150.838756710953,17c960cda3a617b086de04eae5a6e276f74ca3e4c67fd0a9a681ffb619961c73,0.978388505604054,0.0216114943959463,0.581860378216763,0.8596596677197,0.84846907093839,0.653097562316596,1821.75,6.0,0.991,-0.0111905967813105,-0.0267628232253764,280.0,627740d45e46908c00694760fc4832539dfbbebf,2026-08-18 08:07:04,2026-06-06 14:01:41,2026-04-25-DC-BOS,glory,breeze,21,16,2026-04-25 19:00:00
smott,-21.94,82.1,jnissen,-3.13,78.05,0,0,0,"tshapinsk,zburpee,cboxley,smott,jwodatch1,aroy,jnissen",False,2026-04-25-DC-BOS,10,4,2,7,420.0,1,11,True,True,194,away,131,1777161216.0,18,False,"kdelorenz,ograff,cdavisbra,tallen1,mcoe,ldecraene,tchan",132,281,95457e568f9ec2dce24c211a31fab5404f09d158ed0b7f0b387b97246650a648,1777161216.0,False,194,377.5,19.2410654590644,18.81,-4.05,-102.150911040914,0bdf52d57b8c4b705713883865b7109078287f9b678d3dc010c547a044c7b51f,0.946111280169054,0.0538887198309459,0.581860378216763,0.848393484981115,0.852235380907946,0.705654955097738,1817.5,6.0,0.991,0.00384189592683104,0.00918806955065999,281.0,5be5efdc0fa06bf34edb20a2ea89c9be2d45715b,2026-08-18 08:07:04,2026-06-06 14:01:41,2026-04-25-DC-BOS,glory,breeze,21,16,2026-04-25 19:00:00
jnissen,-3.13,78.05,tshapinsk,20.0,102.21,0,0,0,"tshapinsk,zburpee,cboxley,smott,jwodatch1,aroy,jnissen",False,2026-04-25-DC-BOS,10,5,2,7,420.0,1,12,True,True,195,away,132,1777161227.0,19,False,"kdelorenz,ograff,cdavisbra,tallen1,mcoe,ldecraene,tchan",133,283,fe1af9121640204317f3a1784bccadaa90b6bc344b028f62ce4afed710918c64,1777161227.0,False,195,373.25,33.4470103297739,23.13,24.16,-43.7522663658202,0a48de71b96259d8376a4aeb4426a8ae6b367012da93cb8b1cd82de0ec150864,0.881685102229691,0.118314897770309,0.581860378216763,0.852164911577348,1.0,0.613167886751265,1813.25,6.0,0.99,0.147835088422652,0.353554364908498,283.0,51007115a1765065a9658fabc115d5a45f5f9b1c,2026-08-18 08:07:04,2026-06-06 14:01:41,2026-04-25-DC-BOS,glory,breeze,21,16,2026-04-25 19:00:00
ndick,-10.42,39.93,bsadok,-14.29,44.96,0,0,0,"scarapell,bsadok,rdinger,ndick,ayuan,tdecraene,jbabbitt",True,2026-04-25-DC-BOS,10,5,2,8,369.0,1,1,True,True,196,home,151,1777161289.0,18,False,"cmccutche,jlightner,blamberty,wvandenbr,lblumenfe,bgreenber,ilee",152,287,ad53aa7302f32c529e510a776c1f130625e994d31821bed32018f59f27061ee2,1777161289.0,False,196,369.0,6.34647933897212,-3.87,5.03,37.5740964749161,851b0c30dced180959f15451d07034778da3642bf36fb75aa7b9d68645041488,0.988904337944923,0.0110956620550765,0.669873831319991,0.696114703164827,0.709238000099334,0.834008205842956,1809.0,5.0,0.988,0.0131232969345072,0.0397523679718575,287.0,87cb817acecf216f503ef36aab3fbf5fa2dd8b21,2026-08-18 08:07:04,2026-06-06 14:01:41,2026-04-25-DC-BOS,glory,breeze,21,16,2026-04-25 19:00:00
bsadok,-14.29,44.96,ndick,-9.45,40.45,0,0,0,"scarapell,bsadok,rdinger,ndick,ayuan,tdecraene,jbabbitt",True,2026-04-25-DC-BOS,10,5,2,8,369.0,1,2,True,True,197,home,152,1777161292.0,18,False,"cmccutche,jlightner,blamberty,wvandenbr,lblumenfe,bgreenber,ilee",153,288,64b46db8c22df2b0eb83daa999ea0ce8f324fa431c6d2a91e25094ce122f80f6,1777161292.0,False,197,359.4,6.61556497965215,4.84,-4.51,-132.978635059644,bac9990f27e47bc96df2162236007a4a23c5a7ff230f6af70895c4081d6c7293,0.989834654708007,0.0101653452919934,0.669873831319991,0.709025549311057,0.698320119044631,0.857096316304844,1799.4,5.0,0.988,-0.0107054302664261,-0.032428299486924,288.0,d1a6aedfcc23deca1bcb56472c8cb860488b2994,2026-08-18 08:07:04,2026-06-06 14:01:41,2026-04-25-DC-BOS,glory,breeze,21,16,2026-04-25 19:00:00
ndick,-9.45,40.45,rdinger,6.22,31.29,0,0,0,"scarapell,bsadok,rdinger,ndick,ayuan,tdecraene,jbabbitt",True,2026-04-25-DC-BOS,10,5,2,8,369.0,1,3,True,True,198,home,153,1777161297.0,18,False,"cmccutche,jlightner,blamberty,wvandenbr,lblumenfe,bgreenber,ilee",154,289,ce65d9f9fba08effefd42aa712141ca3fac83cccccd770e897af09732576e13f,1777161297.0,False,198,349.8,18.1508815212926,15.67,-9.16,-120.308697734728,087e9a8726812a072a85c339a10296dc4fc468c5945d7b65cf14111910026ac0,0.981245090111849,0.0187549098881512,0.669873831319991,0.698154108265729,0.670005166202165,0.894170171759591,1789.8,5.0,0.988,-0.0281489420635637,-0.0852672242740272,289.0,85f926cd449e7ac52f8868a6313a7db554976b84,2026-08-18 08:07:04,2026-06-06 14:01:41,2026-04-25-DC-BOS,glory,breeze,21,16,2026-04-25 19:00:00
rdinger,6.22,31.29,tdecraene,6.67,97.87,0,0,0,"scarapell,bsadok,rdinger,ndick,ayuan,tdecraene,jbabbitt",True,2026-04-25-DC-BOS,10,5,2,8,369.0,1,4,True,True,199,home,154,1777161312.0,18,False,"cmccutche,jlightner,blamberty,wvandenbr,lblumenfe,bgreenber,ilee",155,291,926b2d8ddf514dc4fe052599fb49acb15f0865622f33c860c2e3ba3975dd9482,1777161312.0,False,199,340.2,66.5815207095783,0.45,66.58,-0.387244040112719,81fc34cbc623ff11fcddb2339acda8853c7755fffb99a32db74576d09f0481a8,0.575421070228228,0.424578929771772,0.669873831319991,0.669873831319991,0.925693099698229,0.64442641474212,1780.2,5.0,0.991,0.255819268378238,0.774913631964157,291.0,76df85c10c8195a8f503f95fb35fa025d9327534,2026-08-18 08:07:04,2026-06-06 14:01:41,2026-04-25-DC-BOS,glory,breeze,21,16,2026-04-25 19:00:00
tdecraene,0.0,100.0,rdinger,-15.84,112.06,0,0,0,"scarapell,bsadok,rdinger,ndick,ayuan,tdecraene,jbabbitt",True,2026-04-25-DC-BOS,11,5,2,8,369.0,1,5,True,True,200,home,156,1777161330.0,19,False,"cmccutche,jlightner,blamberty,wvandenbr,lblumenfe,bgreenber,ilee",157,294,4559ece6afe218360f9a0e1bffcd69cafb6135b121369fde83173d96d476b412,1777161330.0,False,200,330.6,19.9085207888482,-15.84,12.06,52.7156735635484,48f35121767627cd0fec09b94d0a46af6739bc10a9eb2416d2a05136483a4734,0.929134961464492,0.0708650385355076,0.669873831319991,0.932415155851916,1.0,0.626334180996656,1770.6,5.0,0.991,0.0675848441480835,0.204724285924735,294.0,db3115e3433a4864b71a3def1be280d368d124c1,2026-08-18 08:07:04,2026-06-06 14:01:41,2026-04-25-DC-BOS,glory,breeze,21,16,2026-04-25 19:00:00
aroy,-2.92,21.21,jnissen,-14.18,29.86,0,0,0,"cboxley,aroy,jwodatch1,tshapinsk,amerriman,cloverane,jnissen",False,2026-04-25-DC-BOS,11,5,2,9,321.0,1,1,True,True,201,away,138,1777161395.0,18,False,"tchan,sfisherol,ldecraene,ghaflin,zsinger,itran,mmcdonnel",139,298,1ea24b0d83c04e0e779eaa5abafe41b8ac2335968269c475b64011f4604394dd,1777161395.0,False,201,321.0,14.1989471440667,-11.26,8.65,52.4683126677477,813f6f046661a9fe3b2001416fec5b2bb474358185522708c47f52d6d0524067,0.982480682878033,0.0175193171219671,0.642563617117325,0.642563617117325,0.658703976494338,0.896017138980617,1761.0,6.0,0.993,0.0161403593770133,0.0451558938875878,298.0,dc9bbea9b6ec15589f93313ae42b94381a32cc9a,2026-08-18 08:07:04,2026-06-06 14:01:41,2026-04-25-DC-BOS,glory,breeze,21,16,2026-04-25 19:00:00
jnissen,-14.18,29.86,amerriman,-9.79,45.1,0,0,0,"cboxley,aroy,jwodatch1,tshapinsk,amerriman,cloverane,jnissen",False,2026-04-25-DC-BOS,11,5,2,9,321.0,1,2,True,True,202,away,139,1777161400.0,18,False,"tchan,sfisherol,ldecraene,ghaflin,zsinger,itran,mmcdonnel",140,299,d58fd67d6f32f4c249a4ef67bb8925b98d51f9438113069b477abbf061b753bb,1777161400.0,False,202,314.4,15.8596878910021,4.39,15.24,-16.0694555102531,86ff404ba1b3b0d7b54fa1059c474d41c399e1f0b4f923027d51fad036ccfe1b,0.966486207938289,0.0335137920617113,0.642563617117325,0.65864413093611,0.714074435052148,0.836923831483889,1754.4,6.0,0.992,0.0554303041160387,0.155077397742784,299.0,1bd71393e3df56775975ce3d71c778feeb76b06b,2026-08-18 08:07:04,2026-06-06 14:01:41,2026-04-25-DC-BOS,glory,breeze,21,16,2026-04-25 19:00:00
amerriman,-9.79,45.1,jwodatch1,2.09,54.57,0,0,0,"cboxley,aroy,jwodatch1,tshapinsk,amerriman,cloverane,jnissen",False,2026-04-25-DC-BOS,11,5,2,9,321.0,1,3,True,True,203,away,140,1777161404.0,18,False,"tchan,sfisherol,ldecraene,ghaflin,zsinger,itran,mmcdonnel",141,300,f2970c0af7df00d530b1910fd006f44a92bde6e5c93f099da4cac8b13dbe6d00,1777161404.0,False,203,307.8,15.1926067546027,11.88,9.47,-51.4403179034146,3467becb20cf6a40b4edf80fc361f7becafd4dcaf22e981d70e01f99321f0aea,0.972426949667704,0.0275730503322961,0.642563617117325,0.714016260675884,0.7523564139308,0.797692105922502,1747.8,6.0,0.992,0.0383401532549159,0.107264271604664,300.0,ff430e183cd16cb811c567bbeb759dba5d4e1d75,2026-08-18 08:07:04,2026-06-06 14:01:41,2026-04-25-DC-BOS,glory,breeze,21,16,2026-04-25 19:00:00
jwodatch1,2.09,54.57,amerriman,4.42,74.69,0,0,0,"cboxley,aroy,jwodatch1,tshapinsk,amerriman,cloverane,jnissen",False,2026-04-25-DC-BOS,11,5,2,9,321.0,1,4,True,True,204,away,141,1777161409.0,18,False,"tchan,sfisherol,ldecraene,ghaflin,zsinger,itran,mmcdonnel",142,301,206fbd236412bc7cd3c75ea4006bdd95d704957338bfe0dae0167af6905d79c5,1777161409.0,False,204,301.2,20.2544637055638,2.33,20.12,-6.60572287247105,0fa1b8b8d31a865bdf06af604c6faaca1b52a6b1b248c9eb9fa000d4e2719f17,0.945761316183257,0.0542386838167435,0.642563617117325,0.75229600300583,0.837265157231506,0.716372895093883,1741.2,6.0,0.991,0.0849691542256767,0.237718257834897,301.0,c2c5b7583256f5606c75453eaf7a84eff30108a7,2026-08-18 08:07:04,2026-06-06 14:01:41,2026-04-25-DC-BOS,glory,breeze,21,16,2026-04-25 19:00:00
amerriman,4.42,74.69,tshapinsk,-13.36,107.78,0,0,0,"cboxley,aroy,jwodatch1,tshapinsk,amerriman,cloverane,jnissen",False,2026-04-25-DC-BOS,11,6,2,9,321.0,1,5,True,True,205,away,142,1777161420.0,19,False,"tchan,sfisherol,ldecraene,ghaflin,zsinger,itran,mmcdonnel",143,303,048c64e704dc21905b27a7d32d9d9f002c68826dd0b165fb71db67bc49ca1bc3,1777161420.0,False,205,294.6,37.5642982098694,-17.78,33.09,28.2501365700432,1819ebe21336ed6a242ab5b1d0783253543beb022717d333e40ba049447dd533,0.802442860186945,0.197557139813055,0.642563617117325,0.83721281673665,1.0,0.63204233789373,1734.6,6.0,0.99,0.16278718326335,0.45542980809758,303.0,76bdbfaa302373b5483b97a7090382273e007fdc,2026-08-18 08:07:04,2026-06-06 14:01:41,2026-04-25-DC-BOS,glory,breeze,21,16,2026-04-25 19:00:00
rdinger,9.31,13.48,bsadok,9.31,22.19,0,0,0,"scarapell,bsadok,tedmonds,rdinger,ndick,tdecraene,jbabbitt",True,2026-04-25-DC-BOS,11,6,2,10,288.0,1,1,True,True,206,home,161,1777161477.0,18,False,"bgreenber,lrehfuss,ilee,blamberty,mgrovic,tgesell,xschafer",162,307,888e5995734c24417403d55fe90a3c4a98292f2f39e540d33f9b8c706a0d6217,1777161477.0,False,206,288.0,8.71,0.0,8.71,0.0,b2b56f64f84626a9d332d55b4de065c57f8f1b6c0c292318b8e44b2af3d215c7,0.988785742839424,0.011214257160576,0.621776844511117,0.621776844511117,0.642637770667681,0.925006464860687,1728.0,5.0,0.988,0.0208609261565642,0.0551550740715487,307.0,07da601072f840ae0946197eba8ecc5f83b648ba,2026-08-18 08:07:04,2026-06-06 14:01:41,2026-04-25-DC-BOS,glory,breeze,21,16,2026-04-25 19:00:00
bsadok,9.31,22.19,scarapell,7.7,32.51,0,0,0,"scarapell,bsadok,tedmonds,rdinger,ndick,tdecraene,jbabbitt",True,2026-04-25-DC-BOS,11,6,2,10,288.0,1,2,True,True,207,home,162,1777161480.0,18,False,"bgreenber,lrehfuss,ilee,blamberty,mgrovic,tgesell,xschafer",163,308,3c97697cd16862d97a6ea13d7654548adf822bb3911c8b493454348bc24c9cb2,1777161480.0,False,207,283.571428571429,10.4448312576125,-1.61,10.32,8.86710964484287,d20e723d11aff32ca424c6ba3e9f4788b52511e18d067855c5be2524a8716a2a,0.984637919439246,0.0153620805607538,0.621776844511117,0.642553460630605,0.672394218009298,0.889026898345518,1723.57142857143,5.0,0.988,0.0298407573786934,0.0788972249467961,308.0,d98655129c6d389e010f96bf09a798fe99b1a1a5,2026-08-18 08:07:04,2026-06-06 14:01:41,2026-04-25-DC-BOS,glory,breeze,21,16,2026-04-25 19:00:00
scarapell,7.7,32.51,tedmonds,6.54,43.74,0,0,0,"scarapell,bsadok,tedmonds,rdinger,ndick,tdecraene,jbabbitt",True,2026-04-25-DC-BOS,11,6,2,10,288.0,1,3,True,True,208,home,163,1777161483.0,18,False,"bgreenber,lrehfuss,ilee,blamberty,mgrovic,tgesell,xschafer",164,309,8a1c39628492de32dd78c8a15c8226f6c1df8cd218d30b08893939d4426b0234,1777161483.0,False,208,279.142857142857,11.28975199019,-1.16,11.23,5.89743751676725,f80b93a0b1a140b24c083e5d55cf6f8c71f584c5675b6fadcae09971079e679d,0.981420809239842,0.0185791907601578,0.621776844511117,0.672301956025856,0.709951973318841,0.843459650661077,1719.14285714286,5.0,0.988,0.0376500172929854,0.099544453443946,309.0,c668e23a577b501a9067be62f37fde2b8a1da257,2026-08-18 08:07:04,2026-06-06 14:01:41,2026-04-25-DC-BOS,glory,breeze,21,16,2026-04-25 19:00:00
tedmonds,6.54,43.74,jbabbitt,-5.97,50.19,0,0,0,"scarapell,bsadok,tedmonds,rdinger,ndick,tdecraene,jbabbitt",True,2026-04-25-DC-BOS,11,6,2,10,288.0,1,4,True,True,209,home,164,1777161485.0,18,False,"bgreenber,lrehfuss,ilee,blamberty,mgrovic,tgesell,xschafer",165,310,eef59156189cd7de39d71611c64e3e1a02865187b93d5f63b3a88816183eb22a,1777161485.0,False,209,274.714285714286,14.0748925395543,-12.51,6.45,62.7249326113065,ae239119ef708644c5f6166e2374c3085832e0814df9fd84296ec5b8375ea1aa,0.977722691733352,0.0222773082666484,0.621776844511117,0.709853793579178,0.734065129402232,0.81577377612319,1714.71428571429,5.0,0.989,0.0242113358230541,0.0640133621426724,310.0,cfc7427fe33a73275d082bc340187a7636683865,2026-08-18 08:07:04,2026-06-06 14:01:41,2026-04-25-DC-BOS,glory,breeze,21,16,2026-04-25 19:00:00
jbabbitt,-5.97,50.19,bsadok,8.99,42.12,0,0,0,"scarapell,bsadok,tedmonds,rdinger,ndick,tdecraene,jbabbitt",True,2026-04-25-DC-BOS,11,6,2,10,288.0,1,5,True,True,210,home,165,1777161490.0,18,False,"bgreenber,lrehfuss,ilee,blamberty,mgrovic,tgesell,xschafer",166,311,976e24eb09d51c35c8de35c792d892d48b360e3869f06c4f3aa13bff6c4328ab,1777161490.0,False,210,270.285714285714,16.9978380978288,14.96,-8.07,-118.344132249362,efe13150df24797db81a98e8904ef9730f2c03e15817148cee9cfbb95beb9cef,0.980234516102479,0.0197654838975214,0.621776844511117,0.733959528135192,0.702957719752653,0.849661513620121,1710.28571428571,5.0,0.988,-0.0310018083825392,-0.0819669761954869,311.0,f0a7539ea8559032d640e802cebe57b326a14a2f,2026-08-18 08:07:04,2026-06-06 14:01:41,2026-04-25-DC-BOS,glory,breeze,21,16,2026-04-25 19:00:00
bsadok,8.99,42.12,scarapell,-5.58,43.09,0,0,0,"scarapell,bsadok,tedmonds,rdinger,ndick,tdecraene,jbabbitt",True,2026-04-25-DC-BOS,11,6,2,10,288.0,1,6,True,True,211,home,166,1777161496.0,18,False,"bgreenber,lrehfuss,ilee,blamberty,mgrovic,tgesell,xschafer",167,312,5ff720d647fdeb31bf20a149c01d63fb3378ef0cfa44a83cde41bbc9c8656c8e,1777161496.0,False,211,265.857142857143,14.6022532507829,-14.57,0.970000000000006,86.1911452622251,e9fa89b9da6171bef12149eae7cdc913221d18a690365d865981b83f528c2272,0.980164604078319,0.0198353959216807,0.621776844511117,0.702830070302624,0.707510639528577,0.846136295564885,1705.85714285714,5.0,0.988,0.0046805692259535,0.0123751524940442,312.0,d9a5195a01b1857caf3e292da0be4d5010502d31,2026-08-18 08:07:04,2026-06-06 14:01:41,2026-04-25-DC-BOS,glory,breeze,21,16,2026-04-25 19:00:00
scarapell,-5.58,43.09,tdecraene,-16.1,58.0,0,0,0,"scarapell,bsadok,tedmonds,rdinger,ndick,tdecraene,jbabbitt",True,2026-04-25-DC-BOS,11,6,2,10,288.0,1,7,True,True,212,home,167,1777161502.0,18,False,"bgreenber,lrehfuss,ilee,blamberty,mgrovic,tgesell,xschafer",168,313,4654ac6331205ce012112aa1de79c177409e0dcb30db9593b802c2ff16ef7f8b,1777161502.0,False,212,261.428571428571,18.2476984850145,-10.52,14.91,35.2055214865535,995700164ba9fd9d63200fc2a958df00352b1e0fc5a7b2075fe44faf985b1c26,0.965476788210505,0.0345232117894946,0.621776844511117,0.707368280158417,0.756095888673988,0.771777901008686,1701.42857142857,5.0,0.989,0.0487276085155708,0.128832959612392,313.0,fcd863caee6c02848c6206fcd9764b9f228d7e48,2026-08-18 08:07:04,2026-06-06 14:01:41,2026-04-25-DC-BOS,glory,breeze,21,16,2026-04-25 19:00:00
tdecraene,-16.1,58.0,tedmonds,-23.25,72.38,0,0,0,"scarapell,bsadok,tedmonds,rdinger,ndick,tdecraene,jbabbitt",True,2026-04-25-DC-BOS,11,6,2,10,288.0,1,8,True,True,213,home,168,1777161506.0,18,False,"bgreenber,lrehfuss,ilee,blamberty,mgrovic,tgesell,xschafer",169,314,cb956effc32f29c3bdabb2f53e38ca0b468f63357bae0041ba3a109412800757,1777161506.0,False,213,257.0,16.0594800663035,-7.15,14.38,26.4374083261151,15dc6773ccf535c23892f9013aaff817c34dd37e73738896e702feee3fc5e330,0.954185716034712,0.0458142839652877,0.621776844511117,0.75595374513548,0.793734190069527,0.679463677192969,1697.0,5.0,0.989,0.0377804449340471,0.0998892965323948,314.0,e0697f8b26859be735ad2b5f2d5a9bda33d65ab4,2026-08-18 08:07:04,2026-06-06 14:01:41,2026-04-25-DC-BOS,glory,breeze,21,16,2026-04-25 19:00:00
tedmonds,-23.25,72.38,tdecraene,-13.58,62.83,0,0,0,"scarapell,bsadok,tedmonds,rdinger,ndick,tdecraene,jbabbitt",True,2026-04-25-DC-BOS,11,6,2,10,288.0,1,9,True,True,214,home,169,1777161508.0,18,False,"bgreenber,lrehfuss,ilee,blamberty,mgrovic,tgesell,xschafer",170,315,6936bed1abd198cfa884ac56844f4d2170bdff4dc8ee0c7a29473e8f26c30647,1777161508.0,False,214,252.571428571429,13.5908572209408,9.67,-9.55,-134.642278657377,1288090bf11e7e0e18266f468706c79ab5ff8512d412888b4f0be1ed53017592,0.973085317875391,0.0269146821246093,0.621776844511117,0.793593413091039,0.780783817354117,0.755733936626639,1692.57142857143,5.0,0.989,-0.0128095957369225,-0.0338678252534939,315.0,c185c4a659c22848f7e1ef987bbc8bff046ce24b,2026-08-18 08:07:04,2026-06-06 14:01:41,2026-04-25-DC-BOS,glory,breeze,21,16,2026-04-25 19:00:00
tdecraene,-13.58,62.83,bsadok,-15.9,77.74,0,0,0,"scarapell,bsadok,tedmonds,rdinger,ndick,tdecraene,jbabbitt",True,2026-04-25-DC-BOS,11,6,2,10,288.0,1,10,True,True,215,home,170,1777161512.0,18,False,"bgreenber,lrehfuss,ilee,blamberty,mgrovic,tgesell,xschafer",171,316,aa0538c7499703e0f753c445cd72c49ac137a98c83f7300a91a3070d3a4bb9d6,1777161512.0,False,215,248.142857142857,15.0894168210703,-2.32,14.91,8.84431586752196,2009195ebd18bfed0cc9dc54b5040d41b44bfff0452fc8726a70f277e8772d87,0.963510969832691,0.036489030167309,0.621776844511117,0.780620335759995,0.843024979846819,0.692048783310525,1688.14285714286,5.0,0.99,0.0624046440868237,0.164994245278719,316.0,647f8c005808280035bdc9352b7185083ea76cd8,2026-08-18 08:07:04,2026-06-06 14:01:41,2026-04-25-DC-BOS,glory,breeze,21,16,2026-04-25 19:00:00
bsadok,-15.9,77.74,tdecraene,-1.71,68.64,0,0,0,"scarapell,bsadok,tedmonds,rdinger,ndick,tdecraene,jbabbitt",True,2026-04-25-DC-BOS,11,6,2,10,288.0,1,11,True,True,216,home,171,1777161519.0,18,False,"bgreenber,lrehfuss,ilee,blamberty,mgrovic,tgesell,xschafer",172,317,0866f7161c0d659a36ee89a99531e67482e72bec18477058766b289a7f5fee55,1777161519.0,False,216,243.714285714286,16.8572269368363,14.19,-9.09999999999999,-122.671918300833,972c913d2734da3323c64aeb57852da3a88c3f9b78c1d68ac3edf78e290460fd,0.968144310115817,0.0318556898841834,0.621776844511117,0.842885140615639,0.810291722254592,0.73810912454094,1683.71428571429,5.0,0.989,-0.0325934183610471,-0.0861751003026708,317.0,4c48e47e647d258c50d69c03c66d04e2e1c4c69e,2026-08-18 08:07:04,2026-06-06 14:01:41,2026-04-25-DC-BOS,glory,breeze,21,16,2026-04-25 19:00:00
tdecraene,-1.71,68.64,scarapell,18.41,78.64,0,0,0,"scarapell,bsadok,tedmonds,rdinger,ndick,tdecraene,jbabbitt",True,2026-04-25-DC-BOS,11,6,2,10,288.0,1,12,True,True,217,home,172,1777161524.0,18,False,"bgreenber,lrehfuss,ilee,blamberty,mgrovic,tgesell,xschafer",173,318,2c506ed02b4d000b6ea5aa2fbd207b2a6f6de6072e8a39534a6c681be05857a1,1777161524.0,False,217,239.285714285714,22.4680751289469,20.12,10.0,-63.5718015392136,e5b33b3ee9d6114ec1d3335a504a1ab4d1c924d0a39db2c1f117bd0214d9ff8a,0.955285791065711,0.0447142089342888,0.621776844511117,0.810112728300692,0.840309255625883,0.682630562901335,1679.28571428571,5.0,0.99,0.0301965273251904,0.0798378599696231,318.0,69c59312238cea7fdcd491579d6e4463f46f7d00,2026-08-18 08:07:04,2026-06-06 14:01:41,2026-04-25-DC-BOS,glory,breeze,21,16,2026-04-25 19:00:00
scarapell,18.41,78.64,tdecraene,2.41,75.29,0,0,0,"scarapell,bsadok,tedmonds,rdinger,ndick,tdecraene,jbabbitt",True,2026-04-25-DC-BOS,11,6,2,10,288.0,1,13,True,True,218,home,173,1777161528.0,18,False,"bgreenber,lrehfuss,ilee,blamberty,mgrovic,tgesell,xschafer",174,319,6d581a756d131c1fe018582cafabc7f88bcb25a9c5fe185a95ad1d5540339103,1777161528.0,False,218,234.857142857143,16.3469416099771,-16.0,-3.34999999999999,101.825477464009,8f103a1e479a76ddafb2dd2c9f0f2d09bc5277f1fc27b50216f7992f5eac64d6,0.963040308520486,0.0369596914795143,0.621776844511117,0.8401377015339,0.838624589629493,0.712373133882706,1674.85714285714,5.0,0.99,-0.00151311190440684,-0.00400057977003292,319.0,631403a7b00b480c7dd8ee07393f101a7b483178,2026-08-18 08:07:04,2026-06-06 14:01:41,2026-04-25-DC-BOS,glory,breeze,21,16,2026-04-25 19:00:00
tdecraene,2.41,75.29,rdinger,-14.48,117.22,0,0,0,"scarapell,bsadok,tedmonds,rdinger,ndick,tdecraene,jbabbitt",True,2026-04-25-DC-BOS,12,6,2,10,288.0,1,14,True,True,219,home,174,1777161551.0,19,False,"bgreenber,lrehfuss,ilee,blamberty,mgrovic,tgesell,xschafer",175,322,3a4783edcc399fd98e73e6b552dfe1de672189f39c3b079ac3c5bb6e5e61268a,1777161551.0,False,219,230.428571428571,45.2039489425426,-16.89,41.93,21.9402766913815,3a19ef021576d16cc7eb38319707ad266185e47a78ce93efe503451731d8e2f2,0.744599484301398,0.255400515698602,0.621776844511117,0.838435304716726,1.0,0.6270420478879,1670.42857142857,5.0,0.991,0.161564695283274,0.427167646767789,322.0,be6a18423a23ee2196058b3b48b4dbf1633b854c,2026-08-18 08:07:04,2026-06-06 14:01:41,2026-04-25-DC-BOS,glory,breeze,21,16,2026-04-25 19:00:00
aroy,-13.7,24.64,jnissen,2.16,17.29,0,0,0,"aroy,jwodatch1,zburpee,jnissen,smott,cboxley,cloverane",False,2026-04-25-DC-BOS,12,6,2,11,226.0,1,1,True,True,220,away,147,1777161613.0,18,False,"mmcdonnel,ldecraene,kdelorenz,sfisherol,mcoe,cdavisbra,tallen1",148,325,e4ad2c943a552f984de10fad5a152f0a78e272ea4e5f6e0b6b7598404e9303b9,1777161613.0,False,220,226.0,17.4803346649885,15.86,-7.35,-114.864421917418,6bc8f7c2359443816de5aa7b651622c2d7528c2983ac1165d65d930d307e8e61,0.984007809397086,0.0159921906029138,0.629397726875901,0.64169479311958,0.629887524173158,0.9314829857293,1666.0,6.0,0.993,-0.0118072689464223,-0.031859677618514,325.0,8d63abee9b83acdf579021e6d481b5a8b8627b7c,2026-08-18 08:07:04,2026-06-06 14:01:41,2026-04-25-DC-BOS,glory,breeze,21,16,2026-04-25 19:00:00
jnissen,2.16,17.29,zburpee,12.04,50.04,0,0,0,"aroy,jwodatch1,zburpee,jnissen,smott,cboxley,cloverane",False,2026-04-25-DC-BOS,12,6,2,11,226.0,1,2,True,True,221,away,148,1777161619.0,18,False,"mmcdonnel,ldecraene,kdelorenz,sfisherol,mcoe,cdavisbra,tallen1",149,326,5835d742f6e350402a633977a4732b07d8ca8b27fe1d3a5b5b55b19c91043bd2,1777161619.0,False,221,220.444444444444,34.2078485146318,9.88,32.75,-16.7874803705787,7d06ff813901b407b3523a36f0ef37b032eb4d7a67bf7e362e63824fc4edac96,0.870468038651491,0.129531961348509,0.629397726875901,0.629397726875901,0.727135073528592,0.812029296269296,1660.44444444444,6.0,0.992,0.0977373466526906,0.263725707424257,326.0,0ea102d6d8ed293dc9acc43144c4ad8496a16379,2026-08-18 08:07:04,2026-06-06 14:01:41,2026-04-25-DC-BOS,glory,breeze,21,16,2026-04-25 19:00:00
zburpee,12.04,50.04,smott,19.87,47.78,0,0,0,"aroy,jwodatch1,zburpee,jnissen,smott,cboxley,cloverane",False,2026-04-25-DC-BOS,12,6,2,11,226.0,1,3,True,True,222,away,149,1777161624.0,18,False,"mmcdonnel,ldecraene,kdelorenz,sfisherol,mcoe,cdavisbra,tallen1",150,327,312d15887a96166604e62c5358f353dc870930c069d7a13b23c8a79f7f6aa2e7,1777161624.0,False,222,214.888888888889,8.14963189352746,7.83,-2.26,-106.099909679765,276d77c0d111793626a951789222b3814cf53016979f24207814d61fdbe39865,0.990892052263018,0.00910794773698198,0.629397726875901,0.726674271841424,0.696089851562852,0.807228707808775,1654.88888888889,6.0,0.992,-0.0305844202785722,-0.0825262619701493,327.0,62271d61b006506cb7d135cb58eca84228d3a909,2026-08-18 08:07:04,2026-06-06 14:01:41,2026-04-25-DC-BOS,glory,breeze,21,16,2026-04-25 19:00:00
smott,19.87,47.78,,1.61,87.39,1,0,0,"aroy,jwodatch1,zburpee,jnissen,smott,cboxley,cloverane",False,2026-04-25-DC-BOS,12,6,2,11,226.0,1,4,True,True,223,away,150,1777161632.0,22,False,"mmcdonnel,ldecraene,kdelorenz,sfisherol,mcoe,cdavisbra,tallen1",151,329,b7111b44b48934609a5aaa0417da5057fc016b63940f12aa536f7253781746c7,1777161632.0,False,223,209.333333333333,43.6162779246464,-18.26,39.61,24.7494510987225,9894a15ea514be28ae00ea3d4bae75e94d7432baff000329c763d2af1e7d8c39,0.719692988861362,-0.719692988861362,0.629397726875901,0.695549204376734,0.887278553682973,0.669736105999045,1649.33333333333,6.0,0.995,-0.669736105999045,-0.669736105999045,329.0,c4b98339d6bfe8b260f95c656c91b2b908526a1f,2026-08-18 08:07:04,2026-06-06 14:01:41,2026-04-25-DC-BOS,glory,breeze,21,16,2026-04-25 19:00:00
ldecraene,-6.87,39.87,cdavisbra,-14.87,47.54,0,0,0,"mmcdonnel,ldecraene,kdelorenz,sfisherol,mcoe,cdavisbra,tallen1",True,2026-04-25-DC-BOS,12,6,2,11,226.0,2,1,False,False,224,home,178,1777161639.0,18,False,"aroy,jwodatch1,zburpee,jnissen,smott,cboxley,cloverane",179,330,79686bc46ca6cf298b6fa4fe5d72a0d30b31651b8a1b3a1a87cdfe17f844633b,1777161639.0,False,224,203.777777777778,11.0828200382394,-8.0,7.67,46.2064334928089,c66a1e1f029e4e9c11666fd6a76ed0622e8d37fa4cfc94ee0d0ecb528e4e0e13,0.983377022587349,0.0166229774126505,0.691889355611018,0.691889355611018,0.712368306666379,0.817851763408193,1643.77777777778,6.0,0.995,0.0204789510553608,0.0664662238332365,330.0,64de1e10042a647dc19415106d9fc1c5dbdcca86,2026-08-18 08:07:04,2026-06-06 14:01:41,2026-04-25-DC-BOS,glory,breeze,21,16,2026-04-25 19:00:00
cdavisbra,-14.87,47.54,sfisherol,7.44,56.38,0,0,0,"mmcdonnel,ldecraene,kdelorenz,sfisherol,mcoe,cdavisbra,tallen1",True,2026-04-25-DC-BOS,12,6,2,11,226.0,2,2,False,False,225,home,179,1777161641.0,18,False,"aroy,jwodatch1,zburpee,jnissen,smott,cboxley,cloverane",180,331,31ff3c52c65167aecc38c39011f37e158de36e1a9bd5b78544e77ba7b63a9fcc,1777161641.0,False,225,198.222222222222,23.9975352901084,22.31,8.84,-68.3848022498463,164ee911440a0f752a3ce12db4565994c87588a47d98edd83269321cbde50b54,0.941055381126986,0.0589446188730143,0.691889355611018,0.71174142552167,0.754012204731872,0.784866394828155,1638.22222222222,6.0,0.995,0.0422707792102019,0.137193504930768,331.0,c0deeaf10d3d53b8528e30d92d1a08fe2a164ea7,2026-08-18 08:07:04,2026-06-06 14:01:41,2026-04-25-DC-BOS,glory,breeze,21,16,2026-04-25 19:00:00
sfisherol,7.44,56.38,cdavisbra,1.45,62.12,0,0,0,"mmcdonnel,ldecraene,kdelorenz,sfisherol,mcoe,cdavisbra,tallen1",True,2026-04-25-DC-BOS,12,6,2,11,226.0,2,3,False,False,226,home,180,1777161644.0,18,False,"aroy,jwodatch1,zburpee,jnissen,smott,cboxley,cloverane",181,332,64f14cd292f7f03cb4f64dd9dafaa1de76e43ab0a1e1b8bde9e3981dea0c6fb1,1777161644.0,False,226,192.666666666667,8.29624613906796,-5.99,5.73999999999999,46.2209528252208,c279ff6f459f81511255e0b8204b7bf5ca65e5fe253a032ddb996d02afecce61,0.984649523362412,0.015350476637588,0.691889355611018,0.753394519804798,0.77860862070036,0.760554834886677,1632.66666666667,6.0,0.995,0.0252141008955621,0.0818345661038894,332.0,6418889e217576dd24ce8dc221ab1556834280ba,2026-08-18 08:07:04,2026-06-06 14:01:41,2026-04-25-DC-BOS,glory,breeze,21,16,2026-04-25 19:00:00
cdavisbra,1.45,62.12,tallen1,-1.97,68.77,0,0,0,"mmcdonnel,ldecraene,kdelorenz,sfisherol,mcoe,cdavisbra,tallen1",True,2026-04-25-DC-BOS,12,6,2,11,226.0,2,4,False,False,227,home,181,1777161646.0,18,False,"aroy,jwodatch1,zburpee,jnissen,smott,cboxley,cloverane",182,333,0a0d60746d31981c9ea69ee499070b70345018d39f8102512f58b3c2666577a7,1777161646.0,False,227,187.111111111111,7.47789408857868,-3.42,6.65,27.2161115573075,cab33e834bcb85fbf40704449a79ce0c1445bf68c29325e17e8eb74dcaa98f3d,0.984931967597994,0.0150680324020065,0.691889355611018,0.777985772663563,0.806955357906593,0.732691523325249,1627.11111111111,6.0,0.996,0.0289695852430297,0.0940233184753474,333.0,a9917d1c11be8a18aaf8c1425d1bec5dde56aec1,2026-08-18 08:07:04,2026-06-06 14:01:41,2026-04-25-DC-BOS,glory,breeze,21,16,2026-04-25 19:00:00
tallen1,-1.97,68.77,mmcdonnel,4.99,71.09,0,0,0,"mmcdonnel,ldecraene,kdelorenz,sfisherol,mcoe,cdavisbra,tallen1",True,2026-04-25-DC-BOS,12,6,2,11,226.0,2,5,False,False,228,home,182,1777161648.0,18,False,"aroy,jwodatch1,zburpee,jnissen,smott,cboxley,cloverane",183,334,b8e011719608ef0d431075e39dce4c2d28a59ee65b2641d21f35006f02122b11,1777161648.0,False,228,181.555555555556,7.33648417159064,6.96,2.32000000000001,-71.5650511770779,9480cd8ef7f573f21da5e01eed41fc0b296972a8ac471f7e76fe34a9da4dca35,0.985265268418577,0.0147347315814227,0.691889355611018,0.806346445168521,0.816323533034227,0.722443232607674,1621.55555555556,6.0,0.996,0.00997708786570606,0.0323815098484889,334.0,eb395418dfc93b0baae301e8b12e3d3ac777d252,2026-08-18 08:07:04,2026-06-06 14:01:41,2026-04-25-DC-BOS,glory,breeze,21,16,2026-04-25 19:00:00
mmcdonnel,5.9,83.41,tallen1,-10.81,80.45,0,0,0,"mmcdonnel,ldecraene,sfisherol,mcoe,cdavisbra,tallen1,tdecraene",True,2026-04-25-DC-BOS,12,6,2,11,176.0,2,6,False,True,229,home,184,1777161725.0,18,False,"aroy,jwodatch1,zburpee,jnissen,cboxley,cloverane,amerriman",185,337,2ea51b83184e2f7ae1821172d638f3603ffad31445e7fef857c99f85ca3e6bd9,1777161725.0,False,229,176.0,16.9701414254567,-16.71,-2.95999999999999,100.045140397383,6abc09ab2464f0e6ef126cb462e2dc9813237a726b9a045ae0be3131433a0661,0.962739255671712,0.0372607443282875,0.691889355611018,0.868787850507182,0.855072618260075,0.684423123307496,1616.0,6.0,0.996,-0.0137152322471074,-0.0445139838459856,337.0,2a6bb023dfc234d2c3ac7a85c6162f12bef36d2c,2026-08-18 08:07:04,2026-06-06 14:01:41,2026-04-25-DC-BOS,glory,breeze,21,16,2026-04-25 19:00:00
tallen1,-10.81,80.45,mmcdonnel,-9.13,73.41,0,0,0,"mmcdonnel,ldecraene,sfisherol,mcoe,cdavisbra,tallen1,tdecraene",True,2026-04-25-DC-BOS,12,6,2,11,176.0,2,7,False,True,230,home,185,1777161730.0,18,False,"aroy,jwodatch1,zburpee,jnissen,cboxley,cloverane,amerriman",186,338,402e84a25134fdee68071558a7154ffae33d95f9e79a9d0c012efaf56ad22c46,1777161730.0,False,230,170.2,7.23767918603748,1.68,-7.04000000000001,-166.578164932114,e800aa670865d5cc67c3247f31cd183101dbd88bbbc341172845b00b10a94649,0.984254519843322,0.0157454801566781,0.691889355611018,0.854462910969139,0.824353211280803,0.710279826287194,1610.2,6.0,0.996,-0.0301096996883363,-0.0977236594602152,338.0,5efec42c8395d18a41e06d84b061657c59241f2d,2026-08-18 08:07:04,2026-06-06 14:01:41,2026-04-25-DC-BOS,glory,breeze,21,16,2026-04-25 19:00:00
mmcdonnel,-9.13,73.41,tallen1,0.54,71.87,0,0,0,"mmcdonnel,ldecraene,sfisherol,mcoe,cdavisbra,tallen1,tdecraene",True,2026-04-25-DC-BOS,12,6,2,11,176.0,2,8,False,True,231,home,186,1777161733.0,18,False,"aroy,jwodatch1,zburpee,jnissen,cboxley,cloverane,amerriman",187,339,db7fd8ec105d514bf01d40ddc6fb625af13afc5ba53dddc4325e19f852c283b9,1777161733.0,False,231,164.4,9.79185886336195,9.67,-1.53999999999999,-99.0486761846678,35e9a62c6450376347036f0429234f303820e370a9a38acbc81a8bf938f4622f,0.981686071469503,0.0183139285304972,0.691889355611018,0.823533518116762,0.817867967695966,0.716867526313766,1604.4,6.0,0.996,-0.00566555042079553,-0.0183880385957809,339.0,41fd7f4e719aedacddd75a3d12dd43f8bf8a2ac3,2026-08-18 08:07:04,2026-06-06 14:01:41,2026-04-25-DC-BOS,glory,breeze,21,16,2026-04-25 19:00:00
tallen1,0.54,71.87,mmcdonnel,2.93,77.41,0,0,0,"mmcdonnel,ldecraene,sfisherol,mcoe,cdavisbra,tallen1,tdecraene",True,2026-04-25-DC-BOS,12,6,2,11,176.0,2,9,False,True,232,home,187,1777161736.0,18,False,"aroy,jwodatch1,zburpee,jnissen,cboxley,cloverane,amerriman",188,340,2227b6ee0844457fafcd3cd44f997c2845edd1030d77ebcf5c6307ca0007d7ad,1777161736.0,False,232,158.6,6.03354787832167,2.39,5.53999999999999,-23.3357509860526,695e2072b2e1eb292dc5157f00fdd53562e0c646e8829e9c64d85cde4d4fdca0,0.985333080707111,0.0146669192928887,0.691889355611018,0.816879511106204,0.841327179209408,0.694625405477992,1598.6,6.0,0.996,0.024447668103204,0.0793470415528372,340.0,12b797ff39024144a6a4850eca4234c97228d9ea,2026-08-18 08:07:04,2026-06-06 14:01:41,2026-04-25-DC-BOS,glory,breeze,21,16,2026-04-25 19:00:00
mmcdonnel,2.93,77.41,tdecraene,0.93,71.87,0,0,0,"mmcdonnel,ldecraene,sfisherol,mcoe,cdavisbra,tallen1,tdecraene",True,2026-04-25-DC-BOS,12,6,2,11,176.0,2,10,False,True,233,home,188,1777161739.0,18,False,"aroy,jwodatch1,zburpee,jnissen,cboxley,cloverane,amerriman",189,341,828dabb8703270b8b3d855d32afab979468b0bfe1d4cd06ceffed2ab1155932c,1777161739.0,False,233,152.8,5.88995755502533,-2.0,-5.53999999999999,160.14986864872,7c7ded18fb33e3b10a663e78dcaf4809d5e755976e24dafaf4c3bf0e9682d47d,0.988075746012966,0.011924253987034,0.691889355611018,0.840279823655448,0.815701200513263,0.713913189804629,1592.8,6.0,0.996,-0.0245786231421848,-0.0797720675665946,341.0,21abc29b989df6ceda34eb602ab7a97c9b34951c,2026-08-18 08:07:04,2026-06-06 14:01:41,2026-04-25-DC-BOS,glory,breeze,21,16,2026-04-25 19:00:00
tdecraene,0.93,71.87,tallen1,10.02,74.12,0,0,0,"mmcdonnel,ldecraene,sfisherol,mcoe,cdavisbra,tallen1,tdecraene",True,2026-04-25-DC-BOS,12,6,2,11,176.0,2,11,False,True,234,home,189,1777161741.0,18,False,"aroy,jwodatch1,zburpee,jnissen,cboxley,cloverane,amerriman",190,342,74a219cc99de6903d7fcc3b16f00cb905545b81a2905bb9a7dd881eace5f37b9,1777161741.0,False,234,147.0,9.36432592341809,9.09,2.25,-76.0973128857794,f3817263a08e6c072424dca94f84076d53fa79993008c23853e3b9d7ba2dcf2f,0.981344254001475,0.0186557459985249,0.691889355611018,0.814305130277327,0.822673103524888,0.701171012210148,1587.0,6.0,0.996,0.00836797324756011,0.0271589878504676,342.0,e35bc9898896e0f9ebb717466d04f3bbd901bd3b,2026-08-18 08:07:04,2026-06-06 14:01:41,2026-04-25-DC-BOS,glory,breeze,21,16,2026-04-25 19:00:00
tallen1,10.02,74.12,,18.08,86.0,1,0,0,"mmcdonnel,ldecraene,sfisherol,mcoe,cdavisbra,tallen1,tdecraene",True,2026-04-25-DC-BOS,12,6,2,11,176.0,2,12,False,True,235,home,190,1777161752.0,22,False,"aroy,jwodatch1,zburpee,jnissen,cboxley,cloverane,amerriman",191,345,dbe31fc84a50546cdbb807e0fbaed6cae0374e935a38210a7b3bb2320a1701c3,1777161752.0,False,235,141.2,14.3561136802409,8.06,11.88,-34.1549767080159,01c0137ec2f456c4bd0798c02d7c78414e03269c473fe4fd23270bd1b08f4821,0.970146995368454,-0.970146995368454,0.691889355611018,0.821073565030835,0.864326873703816,0.641267313463024,1581.2,6.0,0.993,-0.641267313463024,-0.641267313463024,345.0,929934308d20ead1dd3984b17988a297e6c3e934,2026-08-18 08:07:04,2026-06-06 14:01:41,2026-04-25-DC-BOS,glory,breeze,21,16,2026-04-25 19:00:00
amerriman,-17.13,37.07,aroy,-9.31,42.97,0,0,0,"aroy,jwodatch1,zburpee,jnissen,cboxley,cloverane,amerriman",False,2026-04-25-DC-BOS,12,6,2,11,176.0,3,1,True,True,236,away,153,1777161748.0,18,False,"mmcdonnel,ldecraene,sfisherol,mcoe,cdavisbra,tallen1,tdecraene",154,344,2db3b17061058a00bd996ec801c13fcaf3052a1af783141d0eecd27c23233f1d,1777161748.0,False,236,135.4,9.79604001625146,7.82,5.9,-52.9663337284486,6fbabebeedad5f96f39af175bbcdf5687154f0122d3a1ccbe4855c2db84078af,0.982239976204172,0.0177600237958275,0.651925768578282,0.651925768578282,0.685637984750301,0.832837290289527,1575.4,6.0,0.992,0.0337122161720191,0.0968535247045457,344.0,d397d3ccae945912e89b7c88774584deda950fd0,2026-08-18 08:07:04,2026-06-06 14:01:41,2026-04-25-DC-BOS,glory,breeze,21,16,2026-04-25 19:00:00
aroy,-9.31,42.97,jwodatch1,-14.93,55.94,0,0,0,"aroy,jwodatch1,zburpee,jnissen,cboxley,cloverane,amerriman",False,2026-04-25-DC-BOS,12,6,2,11,176.0,3,2,True,True,237,away,154,1777161753.0,18,False,"mmcdonnel,ldecraene,sfisherol,mcoe,cdavisbra,tallen1,tdecraene",155,346,bbba364bf03dd97293852e3af582572eada162b32defc9fe86ff5bffa8d68daf,1777161753.0,False,237,129.6,14.1352502630834,-5.62,12.97,23.4274530697047,483f4b2edfb7d69144f6cb27c4239c5654328c7d0721323a208e1d7f822465be,0.97363514849563,0.0263648515043702,0.651925768578282,0.682405742202205,0.728528078150783,0.764077430209593,1569.6,6.0,0.992,0.0461223359485785,0.132507183195351,346.0,9c0c739e05301cc3e325faad9ce53dacefecf8a0,2026-08-18 08:07:04,2026-06-06 14:01:41,2026-04-25-DC-BOS,glory,breeze,21,16,2026-04-25 19:00:00
jwodatch1,-14.93,55.94,,-20.91,104.62,1,0,0,"aroy,jwodatch1,zburpee,jnissen,cboxley,cloverane,amerriman",False,2026-04-25-DC-BOS,12,6,2,11,176.0,3,3,True,True,238,away,155,1777161760.0,22,False,"mmcdonnel,ldecraene,sfisherol,mcoe,cdavisbra,tallen1,tdecraene",156,348,2fbefeaa29c3cb3732322004e21a4d4c08a522011f8049991e760c318293dd05,1777161760.0,False,238,123.8,49.0459254168988,-5.98,48.68,7.00330176088411,72477eb3be93cd7fde3ae26c0cab1f23a5a2332f86c5c4aec42425ca4ae5750a,0.722300117430167,-0.722300117430167,0.651925768578282,0.725089710431437,0.928861270319314,0.572140715498369,1563.8,6.0,0.995,-0.572140715498369,-0.572140715498369,348.0,445e0f51b9622915979a9cb293344f2355d63987,2026-08-18 08:07:04,2026-06-06 14:01:41,2026-04-25-DC-BOS,glory,breeze,21,16,2026-04-25 19:00:00
rdinger,24.98,21.16,jbabbitt,-7.32,5.16,0,0,0,"scarapell,bsadok,tedmonds,rdinger,ayuan,tdecraene,jbabbitt",True,2026-04-25-DC-BOS,12,6,2,11,118.0,4,1,False,True,239,home,193,1777161860.0,18,False,"ilee,bgreenber,lrehfuss,mgrovic,cmccutche,amerriman,wvandenbr",194,351,b8b0559f9e6a49b0800cb679bdd0b1b28af82eb4e793b7f67070622ea7afdd44,1777161860.0,False,239,118.0,36.0456654814417,-32.3,-16.0,116.351792436662,420c2ff6c67bcdcb9ed225f03f6c3f59926e40c1ddf8f71c5cc372fb354d8732,0.951369591640762,0.0486304083592382,0.54107742737968,0.54107742737968,0.569124765221824,0.921809214778547,1558.0,6.0,0.995,0.0280473378421437,0.0611156206198385,351.0,b461d4cdb7029fe13e9f144dc39ea5d3c142d166,2026-08-18 08:07:04,2026-06-06 14:01:41,2026-04-25-DC-BOS,glory,breeze,21,16,2026-04-25 19:00:00
jbabbitt,-7.32,5.16,rdinger,9.31,5.16,0,0,0,"scarapell,bsadok,tedmonds,rdinger,ayuan,tdecraene,jbabbitt",True,2026-04-25-DC-BOS,12,6,2,11,118.0,4,2,False,True,240,home,194,1777161864.0,18,False,"ilee,bgreenber,lrehfuss,mgrovic,cmccutche,amerriman,wvandenbr",195,352,2e7abf99bd6cfc5d7b6b04085abcdb08f8b2f3458193a390919abca9a392df20,1777161864.0,False,240,113.333333333333,16.63,16.63,0.0,-90.0,83bae5bf11937cf29a64e10ccfecf7dd8660365d91491f5692321ff771e6cc62,0.986646203517775,0.0133537964822249,0.54107742737968,0.564690458820368,0.563448297679286,0.920232194022107,1553.33333333333,6.0,0.995,-0.00124216114108133,-0.00270669000652755,352.0,7c9072ba00cda2e243bd62167ad1fe681b59ea72,2026-08-18 08:07:04,2026-06-06 14:01:41,2026-04-25-DC-BOS,glory,breeze,21,16,2026-04-25 19:00:00
rdinger,9.31,5.16,tedmonds,2.93,24.7,0,0,0,"scarapell,bsadok,tedmonds,rdinger,ayuan,tdecraene,jbabbitt",True,2026-04-25-DC-BOS,12,6,2,11,118.0,4,3,False,True,241,home,195,1777161867.0,18,False,"ilee,bgreenber,lrehfuss,mgrovic,cmccutche,amerriman,wvandenbr",196,353,2697c5d9aed9eac4f14f607cb72aa2cbebbdfb381c367a607d99dab7328faf12,1777161867.0,False,241,108.666666666667,20.5551939908141,-6.38,19.54,18.0823638612655,5e1971360ef2d05d0d7eb5e7a164947c506d4c6309ec54f9c7465d92443b75c9,0.966179732003544,0.0338202679964562,0.54107742737968,0.558520042995057,0.607392727471074,0.902000380299421,1548.66666666667,6.0,0.995,0.0488726844760167,0.106494400998773,353.0,1850d73d724e40c66bdc99da8fd86990109fd79b,2026-08-18 08:07:04,2026-06-06 14:01:41,2026-04-25-DC-BOS,glory,breeze,21,16,2026-04-25 19:00:00
tedmonds,2.93,24.7,scarapell,20.92,31.09,0,0,0,"scarapell,bsadok,tedmonds,rdinger,ayuan,tdecraene,jbabbitt",True,2026-04-25-DC-BOS,12,6,2,11,118.0,4,4,False,True,242,home,196,1777161871.0,18,False,"ilee,bgreenber,lrehfuss,mgrovic,cmccutche,amerriman,wvandenbr",197,354,e8b882d5fd9cf940ced60b246783a46cda81bf0eb6f6443ef3b8816e951180bd,1777161871.0,False,242,104.0,19.091155020061,17.99,6.39,-70.4450974178142,b65bd37229a32ca35043a8468fbffffb4fa928d1385bb970b9b0bf1789bd5b74,0.980488051725282,0.0195119482747181,0.54107742737968,0.602114659077419,0.585029158815533,0.85709947483933,1544.0,6.0,0.995,-0.0170855002618858,-0.0372295922694157,354.0,4d4a29ccb5394af73e6dcd9bdd1196351e0e08c8,2026-08-18 08:07:04,2026-06-06 14:01:41,2026-04-25-DC-BOS,glory,breeze,21,16,2026-04-25 19:00:00
scarapell,20.92,31.09,bsadok,20.41,49.74,0,0,0,"scarapell,bsadok,tedmonds,rdinger,ayuan,tdecraene,jbabbitt",True,2026-04-25-DC-BOS,12,6,2,11,118.0,4,5,False,True,243,home,197,1777161874.0,18,False,"ilee,bgreenber,lrehfuss,mgrovic,cmccutche,amerriman,wvandenbr",198,355,d8d56a56e3a119679b974ac9da743c7c874733a37207d32d752e2627ad8d9e64,1777161874.0,False,243,99.3333333333333,18.6569718872061,-0.510000000000002,18.65,1.56641110355748,e608bcdfd249b30de65a4bc021bd2366fcea0c0661b90bbff4701284e5573f12,0.962243313858283,0.037756686141717,0.54107742737968,0.57912440735091,0.653921944566341,0.758314261222009,1539.33333333333,6.0,0.995,0.0747975372154313,0.162985090901845,355.0,ef3c3fd10f5a86fa13be34a6a13b581c289813aa,2026-08-18 08:07:04,2026-06-06 14:01:41,2026-04-25-DC-BOS,glory,breeze,21,16,2026-04-25 19:00:00
bsadok,20.41,49.74,tedmonds,18.08,69.35,0,0,0,"scarapell,bsadok,tedmonds,rdinger,ayuan,tdecraene,jbabbitt",True,2026-04-25-DC-BOS,12,6,2,11,118.0,4,6,False,True,244,home,198,1777161882.0,18,False,"ilee,bgreenber,lrehfuss,mgrovic,cmccutche,amerriman,wvandenbr",199,356,2eaf12322c317f3a95e19eff2e81d25c9e3f4296f7b38d3a1e67750d2a456174,1777161882.0,False,244,94.6666666666667,19.747936601073,-2.33,19.61,6.77594142597218,1e7c60c16f40950360af5b771bb7c73b0e5df3389b26a390e48138997f644736,0.949217335535401,0.0507826644645986,0.54107742737968,0.647880999458395,0.755008176794026,0.66546506841042,1534.66666666667,6.0,0.995,0.107127177335631,0.23343192016894,356.0,ce56e25ef144d2cd393d4d430ca49d1d54dee80e,2026-08-18 08:07:04,2026-06-06 14:01:41,2026-04-25-DC-BOS,glory,breeze,21,16,2026-04-25 19:00:00
tedmonds,18.08,69.35,bsadok,-7.07,74.9,0,0,0,"scarapell,bsadok,tedmonds,rdinger,ayuan,tdecraene,jbabbitt",True,2026-04-25-DC-BOS,12,6,2,11,118.0,4,7,False,True,245,home,199,1777161889.0,18,False,"ilee,bgreenber,lrehfuss,mgrovic,cmccutche,amerriman,wvandenbr",200,357,883c00292b1741dddeb8710ea48fac7fceb015a7cf4746b58a25e934cc5e26cc,1777161889.0,False,245,90.0,25.7550965830066,-25.15,5.55000000000001,77.5556458950028,de7857c0f73e03b0449287f0505213cff437c83a872e1b01361647af1c827344,0.920802246639059,0.0791977533609406,0.54107742737968,0.749600879973505,0.794267350376986,0.652249679125321,1530.0,6.0,0.995,0.0446664704034814,0.0973289898303505,357.0,f31e895f369ab9900c688833e3ca59a759e9fad3,2026-08-18 08:07:04,2026-06-06 14:01:41,2026-04-25-DC-BOS,glory,breeze,21,16,2026-04-25 19:00:00
bsadok,-7.07,74.9,tedmonds,2.48,73.22,0,0,0,"scarapell,bsadok,tedmonds,rdinger,ayuan,tdecraene,jbabbitt",True,2026-04-25-DC-BOS,12,6,2,11,118.0,4,8,False,True,246,home,200,1777161897.0,18,False,"ilee,bgreenber,lrehfuss,mgrovic,cmccutche,amerriman,wvandenbr",201,358,a06a29ec05b2db4c174e3a9a5a92b688dac8b40f37fb180d9d95b05c08c396ef,1777161897.0,False,246,85.3333333333333,9.69664374925675,9.55,-1.68000000000001,-99.9771737816118,04dd069042f4f925cfb8c2383d2de6cf85e88705fd246d1b7c243df909a2c796,0.981854615187618,0.018145384812382,0.54107742737968,0.789060181650912,0.780918123171989,0.652904248034732,1525.33333333333,6.0,0.995,-0.00814205847892291,-0.0177416822895288,358.0,ad1ae1f61b6212590d3b6b393773de32e9262d53,2026-08-18 08:07:04,2026-06-06 14:01:41,2026-04-25-DC-BOS,glory,breeze,21,16,2026-04-25 19:00:00
tedmonds,2.48,73.22,bsadok,5.64,78.77,0,0,0,"scarapell,bsadok,tedmonds,rdinger,ayuan,tdecraene,jbabbitt",True,2026-04-25-DC-BOS,12,6,2,11,118.0,4,9,False,True,247,home,201,1777161899.0,18,False,"ilee,bgreenber,lrehfuss,mgrovic,cmccutche,amerriman,wvandenbr",202,359,5ad27d8cc5b650cc6f5a85e1cb628b83ce1199b7d0046deba4cab17b5ec70b67,1777161899.0,False,247,80.6666666666667,6.38655619250312,3.16,5.55,-29.6558609304098,46de0ecde922c3a1a2cf355fd1b914bd9925e9ad4d21251038b35788a3079139,0.984300484936853,0.015699515063147,0.54107742737968,0.775002543002606,0.804145804193139,0.622049888396747,1520.66666666667,6.0,0.996,0.0291432611905332,0.0635036560179059,359.0,00ed0bde921531189acb74791176a887ae26011b,2026-08-18 08:07:04,2026-06-06 14:01:41,2026-04-25-DC-BOS,glory,breeze,21,16,2026-04-25 19:00:00
bsadok,5.64,78.77,tedmonds,10.99,85.09,0,0,0,"scarapell,bsadok,tedmonds,rdinger,ayuan,tdecraene,jbabbitt",True,2026-04-25-DC-BOS,12,6,2,11,118.0,4,10,False,True,248,home,202,1777161901.0,18,False,"ilee,bgreenber,lrehfuss,mgrovic,cmccutche,amerriman,wvandenbr",203,360,8a81e0dbd170bff71488fa25b92a06ce099c22781a6fdeb2c6f80240e05c50cd,1777161901.0,False,248,76.0,8.28039250277426,5.35,6.32000000000001,-40.248548035956,7b161ff9627254ef54224e6a49d6518a8c5f7dabd0ae3a79c59a2347fe7b9578,0.978843737311941,0.0211562626880588,0.54107742737968,0.798245905838058,0.829988922318265,0.587039525173201,1516.0,6.0,0.996,0.0317430164802069,0.069168566494699,360.0,8d7c50f6cf331ee8f257b379c315933cbd099257,2026-08-18 08:07:04,2026-06-06 14:01:41,2026-04-25-DC-BOS,glory,breeze,21,16,2026-04-25 19:00:00
tedmonds,10.99,85.09,tdecraene,4.86,80.38,0,0,0,"scarapell,bsadok,tedmonds,rdinger,ayuan,tdecraene,jbabbitt",True,2026-04-25-DC-BOS,12,6,2,11,118.0,4,11,False,True,249,home,203,1777161907.0,18,False,"ilee,bgreenber,lrehfuss,mgrovic,cmccutche,amerriman,wvandenbr",204,361,5abb1007010cdef7e82538ccd3dfaa19cc5156943b92b1bda39a3a3a545b3dc0,1777161907.0,False,249,71.3333333333333,7.73052391497498,-6.13,-4.71000000000001,127.536959375161,6f2e6f6571881c56b40766f7e454a751ffa020c5cda514909bc3261bc6cbbc07,0.981752354980207,0.018247645019793,0.54107742737968,0.824275810707963,0.800746264070405,0.597654478574823,1511.33333333333,6.0,0.995,-0.0235295466375581,-0.051271277643222,361.0,b2e80f51352234d41dae7fab7691e0e3369be242,2026-08-18 08:07:04,2026-06-06 14:01:41,2026-04-25-DC-BOS,glory,breeze,21,16,2026-04-25 19:00:00
tdecraene,4.86,80.38,scarapell,-7.65,84.7,0,0,0,"scarapell,bsadok,tedmonds,rdinger,ayuan,tdecraene,jbabbitt",True,2026-04-25-DC-BOS,12,6,2,11,118.0,4,12,False,True,250,home,204,1777161910.0,18,False,"ilee,bgreenber,lrehfuss,mgrovic,cmccutche,amerriman,wvandenbr",205,362,4d969be5e4437135847ff4455b3e9575e834e3710a262534c5aa17c6a333fc31,1777161910.0,False,250,66.6666666666667,13.2348970528675,-12.51,4.32000000000001,70.9489912686787,10ef44d52374e783376047fa45509720388ee64c882dfeba8cb3922ae72c2034,0.969346068511568,0.0306539314884318,0.54107742737968,0.793797364864986,0.817486683348528,0.570312981135372,1506.66666666667,6.0,0.996,0.0236893184835417,0.0516194231813056,362.0,b4d0da9b578df85ed987ec293ce7256ad46293cc,2026-08-18 08:07:04,2026-06-06 14:01:41,2026-04-25-DC-BOS,glory,breeze,21,16,2026-04-25 19:00:00
scarapell,-7.65,84.7,tedmonds,-7.91,79.41,0,0,0,"scarapell,bsadok,tedmonds,rdinger,ayuan,tdecraene,jbabbitt",True,2026-04-25-DC-BOS,12,6,2,11,118.0,4,13,False,True,251,home,205,1777161916.0,18,False,"ilee,bgreenber,lrehfuss,mgrovic,cmccutche,amerriman,wvandenbr",206,363,4b0e9d2906daf9f923122385e6d215555161fa380fcd124fa52b0ea28d391517,1777161916.0,False,251,62.0,5.29638555998334,-0.26,-5.29000000000001,177.186214601518,5ca89802efc1742fff79b27c453a64e4e23e76ce1b27049f1e4d6625a5a74bda,0.985570070218406,0.0144299297815942,0.54107742737968,0.810499269868048,0.779890153593669,0.57890907966244,1502.0,6.0,0.995,-0.0306091162743788,-0.0666977788859007,363.0,95b7e3797e35b0eb7a29a20efe0f7758e2ac4c13,2026-08-18 08:07:04,2026-06-06 14:01:41,2026-04-25-DC-BOS,glory,breeze,21,16,2026-04-25 19:00:00
tedmonds,-7.91,79.41,tdecraene,-19.71,84.7,0,0,0,"scarapell,bsadok,tedmonds,rdinger,ayuan,tdecraene,jbabbitt",True,2026-04-25-DC-BOS,12,6,2,11,118.0,4,14,False,True,252,home,206,1777161919.0,18,False,"ilee,bgreenber,lrehfuss,mgrovic,cmccutche,amerriman,wvandenbr",207,364,7801fabd307308d59825bc9d2c64a9c406f7c395b2e9a5c501fb1e4eb78a6cba,1777161919.0,False,252,57.3333333333333,12.9315157657562,-11.8,5.29000000000001,65.8530638799194,e0fe189b138e2f6b675788aaf0628a9fca8735919a70aaa79d3647cdac2da44e,0.977122244476787,0.022877755523213,0.54107742737968,0.77128723867606,0.785510599960181,0.517191386596995,1497.33333333333,6.0,0.995,0.0142233612841207,0.030992943325732,364.0,c2f65a6c177697ebc817a4221a4ceff1b6ecd55e,2026-08-18 08:07:04,2026-06-06 14:01:41,2026-04-25-DC-BOS,glory,breeze,21,16,2026-04-25 19:00:00
tdecraene,-19.71,84.7,jbabbitt,-2.23,87.41,0,0,0,"scarapell,bsadok,tedmonds,rdinger,ayuan,tdecraene,jbabbitt",True,2026-04-25-DC-BOS,12,6,2,11,118.0,4,15,False,True,253,home,207,1777161925.0,18,False,"ilee,bgreenber,lrehfuss,mgrovic,cmccutche,amerriman,wvandenbr",208,365,9dfe45f1d2468930c0b51dca70732b0c2d5ba94862d719245e1fd0b9f1ca49d0,1777161925.0,False,253,52.6666666666667,17.6888241553813,17.48,2.70999999999999,-81.1873464904582,d5ab3b37482598e2aeba57eb61c00b56c562b844efb28d5d76b60e9dae4134f9,0.944921784399436,0.0550782156005643,0.54107742737968,0.776475139584082,0.811269297793077,0.525294103267354,1492.66666666667,6.0,0.996,0.0347941582089947,0.0758170556099033,365.0,b9ee1fb675c7d7594d405134e456bb1b30e8eb31,2026-08-18 08:07:04,2026-06-06 14:01:41,2026-04-25-DC-BOS,glory,breeze,21,16,2026-04-25 19:00:00
jbabbitt,-2.23,87.41,bsadok,5.44,90.0,0,0,0,"scarapell,bsadok,tedmonds,rdinger,ayuan,tdecraene,jbabbitt",True,2026-04-25-DC-BOS,12,6,2,11,118.0,4,16,False,True,254,home,208,1777161929.0,18,False,"ilee,bgreenber,lrehfuss,mgrovic,cmccutche,amerriman,wvandenbr",209,366,d0a7a666ec0e2799e990aaad4fd3b371c823542361a104cb9233db571e1cb3d3,1777161929.0,False,254,48.0,8.095492573031,7.67,2.59,-71.3412406767094,a0df4d6eb7b2a3e95c93b47f9cc10fda0cf8691e1c32e115fb9a3135dfca1f09,0.978721127327174,0.021278872672826,0.54107742737968,0.802489537259218,0.81793347800108,0.501953012959556,1488.0,6.0,0.996,0.0154439407418611,0.0336526064814822,366.0,cf19ff72c2d516df0b38b0f69a10bea3ac64531b,2026-08-18 08:07:04,2026-06-06 14:01:41,2026-04-25-DC-BOS,glory,breeze,21,16,2026-04-25 19:00:00
bsadok,5.44,90.0,scarapell,-2.94,94.32,0,0,0,"scarapell,bsadok,tedmonds,rdinger,ayuan,tdecraene,jbabbitt",True,2026-04-25-DC-BOS,12,6,2,11,118.0,4,17,False,True,255,home,209,1777161934.0,18,False,"ilee,bgreenber,lrehfuss,mgrovic,cmccutche,amerriman,wvandenbr",210,367,797406da8f89ea60a2a5b3a7a08a6e4d2c854b533ca311ce9b63239fd51e8d92,1777161934.0,False,255,43.3333333333333,9.42797963510741,-8.38,4.31999999999999,62.7283004672897,7f859ed06007bdabc697e2e7765158d126780961c3f012299f9ced6ec82543c0,0.974250773079994,0.0257492269200064,0.54107742737968,0.808828575532668,0.835410529566876,0.473892079069822,1483.33333333333,6.0,0.996,0.0265819540342083,0.0579225246699737,367.0,e67976c2bb42fce4887b88a22354afd8df357790,2026-08-18 08:07:04,2026-06-06 14:01:41,2026-04-25-DC-BOS,glory,breeze,21,16,2026-04-25 19:00:00
scarapell,-2.94,94.32,tdecraene,-22.09,103.67,0,0,0,"scarapell,bsadok,tedmonds,rdinger,ayuan,tdecraene,jbabbitt",True,2026-04-25-DC-BOS,13,6,2,11,118.0,4,18,False,True,256,home,210,1777161944.0,19,False,"ilee,bgreenber,lrehfuss,mgrovic,cmccutche,amerriman,wvandenbr",211,368,6d341bdf81b0fd8b2eb6c59d1cb4a50739e7c1ea290356173de1620e2f344b98,1777161944.0,False,256,38.6666666666667,21.3106780746179,-19.15,9.35000000000001,63.9760261433884,5b5da55f8d60c277df91b03bb7a72ff92a71ff182ab9a064f16a00f8b4d7ad9a,0.935102738840887,0.0648972611591132,0.54107742737968,0.826455925262944,1.0,0.397979469459885,1478.66666666667,6.0,0.996,0.173544074737056,0.378155456041676,368.0,d9d339d89b5008ef57c13076e2b4ef32cc2f5053,2026-08-18 08:07:04,2026-06-06 14:01:41,2026-04-25-DC-BOS,glory,breeze,21,16,2026-04-25 19:00:00
jnissen,3.67,12.7,smott,1.26,22.65,0,0,0,"cboxley,cloverane,smott,jnissen,zburpee,tshapinsk,amerriman",False,2026-04-25-DC-BOS,13,6,2,12,34.0,1,1,True,True,257,away,159,1777162006.0,18,False,"sfisherol,itran,mcoe,jbabbitt,ldecraene,tchan,mmcdonnel",160,373,49fb85522aa46fa8f7112b2ba0d6055398e092f6d86717e688785d660135b47f,1777162006.0,False,257,34.0,10.2377048209059,-2.41,9.95,13.615457580279,22590dbd4fad3516af579bc40c42479bc6773197f798f00ab58a36984007f8ed,0.988280842689159,0.0117191573108406,0.407605284393373,0.407605284393373,0.4327442946191,0.83584444764068,1474.0,7.0,0.997,0.025139010225727,0.0424362499587526,373.0,e9fe0f2bc531ba458361224c35f30065abe16fb6,2026-08-18 08:07:04,2026-06-06 14:01:41,2026-04-25-DC-BOS,glory,breeze,21,16,2026-04-25 19:00:00
smott,1.26,22.65,amerriman,-3.54,33.77,0,0,0,"cboxley,cloverane,smott,jnissen,zburpee,tshapinsk,amerriman",False,2026-04-25-DC-BOS,13,6,2,12,34.0,1,2,True,True,258,away,160,1777162009.0,18,False,"sfisherol,itran,mcoe,jbabbitt,ldecraene,tchan,mmcdonnel",161,374,3db7b5006b39ac6b9d5dcf63815e1170fcd9558307f8e792bcee04b1268b829c,1777162009.0,False,258,30.6,12.1117463645834,-4.8,11.12,23.3476685280911,95051fe890cc24177ecf9309111ede0993b177564bf9ada9d1989d243f83d08b,0.983544061018891,0.0164559389811086,0.407605284393373,0.420077605869,0.454491527647133,0.752690618555086,1470.6,7.0,0.997,0.0344139217781336,0.0580928912286007,374.0,c2c7e1d53f97dbdbb2fbb5e05edaa4f54e4f41f4,2026-08-18 08:07:04,2026-06-06 14:01:41,2026-04-25-DC-BOS,glory,breeze,21,16,2026-04-25 19:00:00
amerriman,-3.54,33.77,jnissen,-5.94,46.06,0,0,0,"cboxley,cloverane,smott,jnissen,zburpee,tshapinsk,amerriman",False,2026-04-25-DC-BOS,13,6,2,12,34.0,1,3,True,True,259,away,161,1777162012.0,18,False,"sfisherol,itran,mcoe,jbabbitt,ldecraene,tchan,mmcdonnel",162,375,3325afee31c89d44f3ad1f0ecdf268902eabc0e6725251e6e0720868ad3d4198,1777162012.0,False,259,27.2,12.5221443850484,-2.4,12.29,11.0497028451143,d91631e5fb17ee5f80bf19e3d528e553158401a2805f695f4c7507a920f3ed2e,0.979179620510371,0.0208203794896288,0.407605284393373,0.441148482861935,0.490016622427848,0.653498905718449,1467.2,7.0,0.997,0.0488681395659128,0.0824925312101588,375.0,92ea05ea00bc900eed769db0e774ef63a6893386,2026-08-18 08:07:04,2026-06-06 14:01:41,2026-04-25-DC-BOS,glory,breeze,21,16,2026-04-25 19:00:00
jnissen,-5.94,46.06,zburpee,16.37,65.56,0,0,0,"cboxley,cloverane,smott,jnissen,zburpee,tshapinsk,amerriman",False,2026-04-25-DC-BOS,13,6,2,12,34.0,1,4,True,True,260,away,162,1777162015.0,18,False,"sfisherol,itran,mcoe,jbabbitt,ldecraene,tchan,mmcdonnel",163,376,28274f5fd09a2822bf1cd980eebb741408371b464450d705eb75a1de603e43e4,1777162015.0,False,260,23.8,29.6308302279906,22.31,19.5,-48.844998326485,1d00adfcf7189436a80e4066806ea06b6c8bf6a6511e5dde0b794402018bb273,0.91695408927933,0.0830459107206697,0.407605284393373,0.475988398057528,0.568394631574949,0.504422594559916,1463.8,7.0,0.997,0.0924062335174213,0.155987606038644,376.0,599a0a6ee503b71d140abd0f89a9d582b8b45cb2,2026-08-18 08:07:04,2026-06-06 14:01:41,2026-04-25-DC-BOS,glory,breeze,21,16,2026-04-25 19:00:00
zburpee,16.37,65.56,jnissen,11.49,72.9,0,0,0,"cboxley,cloverane,smott,jnissen,zburpee,tshapinsk,amerriman",False,2026-04-25-DC-BOS,13,6,2,12,34.0,1,5,True,True,261,away,163,1777162020.0,18,False,"sfisherol,itran,mcoe,jbabbitt,ldecraene,tchan,mmcdonnel",164,377,9028eb8227a4541ce9f54bf25f32ac6482b046a866b9377d2545914ae32df873,1777162020.0,False,261,20.4,8.81419309976813,-4.88,7.34,33.6179520454801,876c0b7d7469ae6f2de921ae8eb02bf7773ec9462c4bb613d49bd1706128f2b3,0.977712994269299,0.0222870057307014,0.407605284393373,0.55400297133852,0.615834896932446,0.462882468674511,1460.4,7.0,0.997,0.0618319255939261,0.104376227479694,377.0,4f3dfb560f08ab5ed29214b7f4d09484fa65356c,2026-08-18 08:07:04,2026-06-06 14:01:41,2026-04-25-DC-BOS,glory,breeze,21,16,2026-04-25 19:00:00
jnissen,11.49,72.9,zburpee,-0.79,74.82,0,0,0,"cboxley,cloverane,smott,jnissen,zburpee,tshapinsk,amerriman",False,2026-04-25-DC-BOS,13,6,2,12,34.0,1,6,True,True,262,away,164,1777162022.0,18,False,"sfisherol,itran,mcoe,jbabbitt,ldecraene,tchan,mmcdonnel",165,378,059dc86d3be00d4c654e99ddd7738c5c738b40b34b496fd2f66e69fe191b8319,1777162022.0,False,262,17.0,12.4291914459469,-12.28,1.91999999999999,81.113647707655,518ee557a4b7e0446e8f47e476748e84ab490b4b345d01b20d288bbb029838d7,0.974649782155285,0.025350217844715,0.407605284393373,0.601363181080267,0.619957531171073,0.443174309697744,1457.0,7.0,0.997,0.0185943500908053,0.0313884469272557,378.0,d3885b3a3a222d0c70b153a8400360c1d53e56fd,2026-08-18 08:07:04,2026-06-06 14:01:41,2026-04-25-DC-BOS,glory,breeze,21,16,2026-04-25 19:00:00
zburpee,-0.79,74.82,,-16.38,101.94,1,0,0,"cboxley,cloverane,smott,jnissen,zburpee,tshapinsk,amerriman",False,2026-04-25-DC-BOS,13,6,2,12,34.0,1,7,True,True,263,away,165,1777162029.0,22,False,"sfisherol,itran,mcoe,jbabbitt,ldecraene,tchan,mmcdonnel",166,379,def4aac5c03e8193ab2b2e2a7f48a18832712575ffb6ad233110b5113ebf362c,1777162029.0,False,263,13.6,31.2816639582999,-15.59,27.12,29.8925505048024,d060e9e7b733228ee8d381405d65cdabd704f6b4dad253d5dd227f477d340975,0.87590517214704,-0.87590517214704,0.407605284393373,0.604978173130919,0.808651366218837,0.329742498178775,1453.6,7.0,0.998,-0.329742498178775,-0.329742498178775,379.0,85ec6630ec6b28ffe3a079ce38cdde9e7e082973,2026-08-18 08:07:04,2026-06-06 14:01:41,2026-04-25-DC-BOS,glory,breeze,21,16,2026-04-25 19:00:00
ldecraene,16.34,20.7,mmcdonnel,12.09,34.64,0,0,0,"sfisherol,itran,mcoe,jbabbitt,ldecraene,tchan,mmcdonnel",True,2026-04-25-DC-BOS,13,6,2,12,34.0,2,1,False,False,264,home,214,1777162034.0,18,False,"cboxley,cloverane,smott,jnissen,zburpee,tshapinsk,amerriman",215,381,a9b7eb6ffebacb478dc79316c8dc810faa47be0761f1318e69a4dffb3176e4e2,1777162034.0,False,264,10.2,14.5734724757005,-4.25,13.94,16.9553130520252,a8b530ddfa4cf1db23029e17df90089c27a1e70590b0f1d3a08d7f144ecd529b,0.973662971948527,0.0263370280514729,0.317181672686196,0.317181672686196,0.365969925524914,0.66902681111726,1450.2,7.0,0.998,0.0487882528387183,0.0714512936854675,381.0,481a96992bb9537fc54a60d03367ffd89b0db522,2026-08-18 08:07:04,2026-06-06 14:01:41,2026-04-25-DC-BOS,glory,breeze,21,16,2026-04-25 19:00:00
mmcdonnel,12.09,34.64,ldecraene,-0.62,34.0,0,0,0,"sfisherol,itran,mcoe,jbabbitt,ldecraene,tchan,mmcdonnel",True,2026-04-25-DC-BOS,13,6,2,12,34.0,2,2,False,False,265,home,215,1777162036.0,18,False,"cboxley,cloverane,smott,jnissen,zburpee,tshapinsk,amerriman",216,382,77cbdac89a5dab2bad120dd12bd0c4bbdbf1cf841d99bf1accb642e70907d0d3,1777162036.0,False,265,6.8,12.7261030956063,-12.71,-0.640000000000001,92.8826399614037,9a89d6c5e633abe6564c9735b31ab2be7c4afe058ce7f61de88929b344f57d7e,0.984811004577346,0.0151889954226541,0.317181672686196,0.350345983984592,0.353397455686168,0.663577689522131,1446.8,7.0,0.998,0.00305147170157571,0.00446893643523037,382.0,15daa007b8f902ad08fff70a34498050e938191f,2026-08-18 08:07:04,2026-06-06 14:01:41,2026-04-25-DC-BOS,glory,breeze,21,16,2026-04-25 19:00:00
ldecraene,-0.62,34.0,,8.22,89.87,1,0,0,"sfisherol,itran,mcoe,jbabbitt,ldecraene,tchan,mmcdonnel",True,2026-04-25-DC-BOS,13,6,2,12,34.0,2,3,False,False,266,home,216,1777162044.0,22,False,"cboxley,cloverane,smott,jnissen,zburpee,tshapinsk,amerriman",217,384,7d820943366fa55fdc4965fbbb9590e797361c09907239405adf5eb3ddffc861,1777162044.0,False,266,3.4,56.5650289489893,8.84,55.87,-8.99105731397998,c35e18433c1d9c3bede7d78eac16ccddf5334e2b17e5873d585249c67a865589,0.640404000738851,-0.640404000738851,0.317181672686196,0.337465251191253,0.679905778010443,0.324402656437333,1443.4,7.0,0.997,-0.324402656437333,-0.324402656437333,384.0,b9707939cf9b399a31b00a427eaff238e108eb4a,2026-08-18 08:07:04,2026-06-06 14:01:41,2026-04-25-DC-BOS,glory,breeze,21,16,2026-04-25 19:00:00
smott,22.82,21.21,aroy,3.8,15.92,0,0,0,"cboxley,zburpee,jwodatch1,aroy,cloverane,amerriman,smott",False,2026-04-25-DC-BOS,13,6,3,1,720.0,1,1,True,True,267,away,169,1777162974.0,18,False,"mmcdonnel,mcoe,ghaflin,itran,tallen1,ldecraene,tchan",170,390,5a0c4913cac901efa2357c2ce42393ba4d80f7fefe0b0a99180a426d08bbca7b,1777162974.0,False,267,720.0,19.7419477255918,-19.02,-5.29,105.542753368976,459a242e62d84b720ebfb121039e4a011790abf0eac43e646201909a4afac934,0.976869779329751,0.0231302206702489,0.653935094077217,0.653935094077217,0.686155714442511,0.946541073884051,1440.0,7.0,0.997,0.0322206203652934,0.0931057146039615,390.0,92571b07a83dd103e315652cd67295b25efa99c8,2026-08-18 08:07:04,2026-06-06 14:01:41,2026-04-25-DC-BOS,glory,breeze,21,16,2026-04-25 19:00:00
aroy,3.8,15.92,cboxley,16.98,30.41,0,0,0,"cboxley,zburpee,jwodatch1,aroy,cloverane,amerriman,smott",False,2026-04-25-DC-BOS,13,6,3,1,720.0,1,2,True,True,268,away,170,1777162981.0,18,False,"mmcdonnel,mcoe,ghaflin,itran,tallen1,ldecraene,tchan",171,391,d0026ee7e2f7df757b9466ed148e4dcc90917ce7e395cc015bbe8e365ad953fe,1777162981.0,False,268,713.0,19.5875598276049,13.18,14.49,-42.2894301450261,1502425a1354add2755b8877638b5da8fedc58af5d77b47b70d1089082202c81,0.9743406051003,0.0256593948997001,0.653935094077217,0.676626435809691,0.696661236146983,0.910091702061212,1433.0,7.0,0.997,0.0200348003372923,0.0578931870709903,391.0,082e2329f2101c52873a5261c5405da3d736889b,2026-08-18 08:07:04,2026-06-06 14:01:41,2026-04-25-DC-BOS,glory,breeze,21,16,2026-04-25 19:00:00
cboxley,16.98,30.41,amerriman,21.58,45.3,0,0,0,"cboxley,zburpee,jwodatch1,aroy,cloverane,amerriman,smott",False,2026-04-25-DC-BOS,13,6,3,1,720.0,1,3,True,True,269,away,171,1777162984.0,18,False,"mmcdonnel,mcoe,ghaflin,itran,tallen1,ldecraene,tchan",172,392,ffd73331d9a2128a4723ac2355c9b54690ef88c913735dc061615c37afcce75b,1777162984.0,False,269,706.0,15.5843543337541,4.6,14.89,-17.167601267996,dfb22af01df8b228d8b6522a8121dec3c6b177eee587386accdb18836dd39823,0.973464415873731,0.0265355841262694,0.653935094077217,0.688226064548531,0.716740251258477,0.838809155518002,1426.0,7.0,0.997,0.0285141867099459,0.0823954877305826,392.0,ec0a3011e9319f27c0b19af5ec3bf820634f499b,2026-08-18 08:07:04,2026-06-06 14:01:41,2026-04-25-DC-BOS,glory,breeze,21,16,2026-04-25 19:00:00
amerriman,21.58,45.3,cloverane,-2.99,116.36,0,0,0,"cboxley,zburpee,jwodatch1,aroy,cloverane,amerriman,smott",False,2026-04-25-DC-BOS,13,7,3,1,720.0,1,4,True,True,270,away,172,1777163000.0,19,False,"mmcdonnel,mcoe,ghaflin,itran,tallen1,ldecraene,tchan",173,394,0308ab24e30e5f7180286372bf3e74757fe3e482f769795da9072caf9bf4b91c,1777163000.0,False,270,699.0,75.1878214872595,-24.57,71.06,19.0735504144656,efdd3e57c7d3061dab4a9852f75ab9e5d97324d0076358468f9709c891035d1f,0.518410966060231,0.481589033939769,0.653935094077217,0.709473759023234,1.0,0.669453740268516,1419.0,7.0,0.996,0.290526240976766,0.839513732841755,394.0,03206d7e11b8e6414e1aa98624e04816b1e75e92,2026-08-18 08:07:04,2026-06-06 14:01:41,2026-04-25-DC-BOS,glory,breeze,21,16,2026-04-25 19:00:00
rdinger,24.47,39.93,tdecraene,20.92,62.83,0,0,0,"bsadok,tedmonds,rdinger,ndick,ayuan,tdecraene,jbabbitt",True,2026-04-25-DC-BOS,13,7,3,2,692.0,1,1,True,True,271,home,222,1777163063.0,18,False,"bgreenber,lblumenfe,ilee,xschafer,mgrovic,blamberty,tgesell",223,397,5ff60b763b3dd78d22e7cf68ca34a11bb5edb4d8a1492bc65427e32ec2e22677,1777163063.0,False,271,692.0,23.1735301583509,-3.55,22.9,8.81195463137257,460851d53a537dbc8b1efb0198018b63e635cdc48e022cdf33f0be17c0c6c6e8,0.927728453764154,0.0722715462358458,0.664864080793902,0.664864080793902,0.778039157528865,0.755832659781394,1412.0,6.0,0.995,0.113175076734962,0.337699035672041,397.0,a6dc5c4499aeb032a10fe41a6df691404c3d12a7,2026-08-18 08:07:04,2026-06-06 14:01:41,2026-04-25-DC-BOS,glory,breeze,21,16,2026-04-25 19:00:00
tdecraene,20.92,72.83,tedmonds,2.28,58.38,0,0,0,"bsadok,tedmonds,rdinger,ndick,ayuan,tdecraene,jbabbitt",True,2026-04-25-DC-BOS,13,7,3,2,692.0,1,2,True,True,272,home,224,1777163079.0,18,False,"bgreenber,lblumenfe,ilee,xschafer,mgrovic,blamberty,tgesell",225,400,1bc2d1192f8e0e6e3b7a8b92bc685bcf4c1736b240b96f5557c6695e4b84a50a,1777163079.0,False,272,682.4,23.5849973500105,-18.64,-14.45,127.783365027053,6f4b932f0d825b5e4a5ab0b652f347f9156f8ebd695b786769423bbacc254a6e,0.955996907129324,0.0440030928706757,0.664864080793902,0.816748756543237,0.779083385613231,0.792145923946309,1402.4,6.0,0.995,-0.0376653709300062,-0.112388343867263,400.0,3aa02ac5567ce401a7438b381285d24f0d3b802e,2026-08-18 08:07:04,2026-06-06 14:01:41,2026-04-25-DC-BOS,glory,breeze,21,16,2026-04-25 19:00:00
tedmonds,2.28,58.38,rdinger,-11.0,63.8,0,0,0,"bsadok,tedmonds,rdinger,ndick,ayuan,tdecraene,jbabbitt",True,2026-04-25-DC-BOS,13,7,3,2,692.0,1,3,True,True,273,home,225,1777163083.0,18,False,"bgreenber,lblumenfe,ilee,xschafer,mgrovic,blamberty,tgesell",226,401,26b68da5e5d90ac34dfbe044f562bf9965e9b82cf0a3a3ad142598a7a1f002f2,1777163083.0,False,273,672.8,14.3434584393026,-13.28,5.41999999999999,67.7980309994923,111179dbe37db7b715f28ca13fe25609e6a8e051a9ef24c86ce9618131dd9642,0.974258844651599,0.0257411553484012,0.664864080793902,0.773711160089664,0.793858329821012,0.761992127236648,1392.8,6.0,0.995,0.0201471697313477,0.0601164141971837,401.0,1a34c40b74febdeb72b69fad489e92072c668ffe,2026-08-18 08:07:04,2026-06-06 14:01:41,2026-04-25-DC-BOS,glory,breeze,21,16,2026-04-25 19:00:00
rdinger,-11.0,63.8,tdecraene,5.9,61.93,0,0,0,"bsadok,tedmonds,rdinger,ndick,ayuan,tdecraene,jbabbitt",True,2026-04-25-DC-BOS,13,7,3,2,692.0,1,4,True,True,274,home,226,1777163085.0,18,False,"bgreenber,lblumenfe,ilee,xschafer,mgrovic,blamberty,tgesell",227,402,922971c79ce21d00458a70064f9321a3f0b8577c9c0a942a3c1415b5418382aa,1777163085.0,False,274,663.2,17.0031438269515,16.9,-1.87,-96.3141431371576,9628509aaac8b7bc73eac5f99f0fd39eddaa28dd32edc2425b3d8e659a334415,0.970460592282126,0.0295394077178743,0.664864080793902,0.789736852676441,0.783680519072621,0.76756462781137,1383.2,6.0,0.995,-0.00605633360381985,-0.0180712757324452,402.0,3f315a3ee45ca13c5e672cd5a0ed753870fca77f,2026-08-18 08:07:04,2026-06-06 14:01:41,2026-04-25-DC-BOS,glory,breeze,21,16,2026-04-25 19:00:00
tdecraene,5.9,71.93,rdinger,1.12,67.54,0,0,0,"bsadok,tedmonds,rdinger,ndick,ayuan,tdecraene,jbabbitt",True,2026-04-25-DC-BOS,13,7,3,2,692.0,1,5,True,True,275,home,228,1777163099.0,18,False,"bgreenber,lblumenfe,ilee,xschafer,mgrovic,blamberty,tgesell",229,406,0a46a9288c024774877e8a13435b69b066dc336a130e39ddd1def49fab5db2ca,1777163099.0,False,275,653.6,6.49003081656782,-4.78,-4.39,132.564678750885,cbec869e4aa8f5bbeae2ae3b9549b00e3ea086c20db75d6adeafdb59f39bc9cd,0.987952575186473,0.0120474248135268,0.664864080793902,0.823578654979523,0.804966103842309,0.741711780905024,1373.6,6.0,0.995,-0.0186125511372138,-0.0555373210406841,406.0,1d894f33be8a4bea80ffced0df2ef5d5829caf7c,2026-08-18 08:07:04,2026-06-06 14:01:41,2026-04-25-DC-BOS,glory,breeze,21,16,2026-04-25 19:00:00
rdinger,1.12,67.54,tdecraene,10.28,75.87,0,0,0,"bsadok,tedmonds,rdinger,ndick,ayuan,tdecraene,jbabbitt",True,2026-04-25-DC-BOS,13,7,3,2,692.0,1,6,True,True,276,home,229,1777163101.0,18,False,"bgreenber,lblumenfe,ilee,xschafer,mgrovic,blamberty,tgesell",230,407,65ce74af36348c554e264c08e8bf28714ef1b410bb7e4e58b83a3841ed4f75b2,1777163101.0,False,276,644.0,12.3812156107549,9.16,8.33,-47.716972336022,83ad9c5d93230c31043a719446554068afcbcd8a2121d4fa41a014567e10083f,0.973788774155797,0.0262112258442033,0.664864080793902,0.802659291817086,0.837215338924534,0.704697000088351,1364.0,6.0,0.996,0.0345560471074483,0.103110544489854,407.0,edfe35379ed8ccbafa6dafb6af59d3b996e33ac8,2026-08-18 08:07:04,2026-06-06 14:01:41,2026-04-25-DC-BOS,glory,breeze,21,16,2026-04-25 19:00:00
tdecraene,10.28,75.87,bsadok,-9.13,78.12,0,0,0,"bsadok,tedmonds,rdinger,ndick,ayuan,tdecraene,jbabbitt",True,2026-04-25-DC-BOS,13,7,3,2,692.0,1,7,True,True,277,home,230,1777163107.0,18,False,"bgreenber,lblumenfe,ilee,xschafer,mgrovic,blamberty,tgesell",231,408,9d2e40d7aecf436aafcf303394b040efd542e9ed03ae3f7e7e6f9f9a7dc8a358,1777163107.0,False,277,634.4,19.5399744114469,-19.41,2.25,83.3878059186645,32fb7657b78e6e2a703e39a3a2684c71ab98b6acca5f55bc143ec7fdc8e417f0,0.952474199947918,0.0475258000520824,0.664864080793902,0.835820446117525,0.846305898884241,0.694942164550243,1354.4,6.0,0.996,0.0104854527667159,0.0312871648958274,408.0,e9900b9b0af2089c6d50168eed62f17bca55f4ba,2026-08-18 08:07:04,2026-06-06 14:01:41,2026-04-25-DC-BOS,glory,breeze,21,16,2026-04-25 19:00:00
bsadok,-9.13,78.12,ndick,-16.68,90.0,0,0,0,"bsadok,tedmonds,rdinger,ndick,ayuan,tdecraene,jbabbitt",True,2026-04-25-DC-BOS,13,7,3,2,692.0,1,8,True,True,278,home,231,1777163111.0,18,False,"bgreenber,lblumenfe,ilee,xschafer,mgrovic,blamberty,tgesell",232,409,fd5d29e9ba05c3ed4b930be87a1aa315e4469b0270bd9cc00d8ce892089f8543,1777163111.0,False,278,624.8,14.0761109685879,-7.55,11.88,32.4368516653826,cc77f4de3a576719c34e26d0167f20756a818b804b99ddb98c1072efbc47f1ba,0.966900208872426,0.0330997911275743,0.664864080793902,0.845487625048927,0.889379108650157,0.64101775922748,1344.8,6.0,0.996,0.0438914836012303,0.130966217244647,409.0,7a5514ffda347e7728d8d1f2194e53403180bac9,2026-08-18 08:07:04,2026-06-06 14:01:41,2026-04-25-DC-BOS,glory,breeze,21,16,2026-04-25 19:00:00
ndick,-16.68,90.0,tdecraene,-22.8,90.77,0,0,0,"bsadok,tedmonds,rdinger,ndick,ayuan,tdecraene,jbabbitt",True,2026-04-25-DC-BOS,13,7,3,2,692.0,1,9,True,True,279,home,232,1777163120.0,18,False,"bgreenber,lblumenfe,ilee,xschafer,mgrovic,blamberty,tgesell",233,410,1cd4bd179cddbff61422c0972e9392c7de8f465b85d5b4b42dc149e3f8865fb6,1777163120.0,False,279,615.2,6.16824934645155,-6.12,0.769999999999996,82.8288981758062,fa04eefe11b0b2f6f7bd7a753c3c480daf24bec4e3383296c81f68a0a67c21cc,0.978463598505174,0.0215364014948264,0.664864080793902,0.889097401177198,0.877924095599848,0.607063798657859,1335.2,6.0,0.996,-0.0111733055773497,-0.0333396241256925,410.0,7a1525ec6126c2cc4dba8d21ba43820eb8287529,2026-08-18 08:07:04,2026-06-06 14:01:41,2026-04-25-DC-BOS,glory,breeze,21,16,2026-04-25 19:00:00
tdecraene,0.0,100.0,jbabbitt,1.45,102.64,0,0,0,"bsadok,tedmonds,rdinger,ndick,ayuan,tdecraene,jbabbitt",True,2026-04-25-DC-BOS,14,7,3,2,692.0,1,10,True,True,280,home,235,1777163145.0,19,False,"bgreenber,lblumenfe,ilee,xschafer,mgrovic,blamberty,tgesell",236,414,cf087186ca6e12c32c0ad15cf4c2719c571d374cc13e218e2606e4e3595d6ce0,1777163145.0,False,280,605.6,3.01199269587428,1.45,2.64,-28.7774580204724,bc911ed5e991b4becd594984a049eea5aadde3561f45d6b24388343e6b9128b6,0.982305693238879,0.0176943067611207,0.664864080793902,0.92941497301059,1.0,0.628945302635571,1325.6,6.0,0.996,0.0705850269894099,0.210616120040545,414.0,152f41b72cd1cd4bad94609d33fe927ab141d4a0,2026-08-18 08:07:04,2026-06-06 14:01:41,2026-04-25-DC-BOS,glory,breeze,21,16,2026-04-25 19:00:00
jnissen,1.95,7.89,smott,-2.1,12.35,0,0,0,"jnissen,amerriman,cloverane,smott,cboxley,jwodatch1,tshapinsk",False,2026-04-25-DC-BOS,14,7,3,3,596.0,1,1,True,True,281,away,180,1777163212.0,18,False,"tchan,sfisherol,itran,zsinger,mmcdonnel,ghaflin,ldecraene",181,419,f7ece098f5a85bbf3b6ae822aff7b6936a4045f1914e4d150a5e1fb5f9d33d40,1777163212.0,False,281,596.0,6.02445848188864,-4.05,4.46,42.2417016380944,8e84ef61169cd21bf0f06c6d7118fddae3cacb6dabea46d8ca5ded023c3716d7,0.993729647747936,0.00627035225206418,0.602006365222694,0.602006365222694,0.611490934364005,0.929556725747314,1316.0,7.0,0.997,0.00948456914131102,0.0238309568609509,419.0,eceef09d0227949f224385b44efca9d7d88dcec9,2026-08-18 08:07:04,2026-06-06 14:01:41,2026-04-25-DC-BOS,glory,breeze,21,16,2026-04-25 19:00:00
smott,-2.1,12.35,amerriman,-18.43,25.94,0,0,0,"jnissen,amerriman,cloverane,smott,cboxley,jwodatch1,tshapinsk",False,2026-04-25-DC-BOS,14,7,3,3,596.0,1,2,True,True,282,away,181,1777163217.0,18,False,"tchan,sfisherol,itran,zsinger,mmcdonnel,ghaflin,ldecraene",182,420,56e4e61629a46eb8453bbdb9c7dea43c74befac4cba8e05f94e1f2aa4a103910,1777163217.0,False,282,591.0,21.2451641556379,-16.33,13.59,50.2324120019503,97c6a42ffad04a84503974cee2c78256da1ce12447debbd3ff30474f54705690,0.975575934236876,0.0244240657631244,0.602006365222694,0.611981280357544,0.625817620436068,0.901695039372229,1311.0,7.0,0.997,0.0138363400785245,0.0347652295652078,420.0,09f1bc8d836494ccdee96a8e345cc9811577a865,2026-08-18 08:07:04,2026-06-06 14:01:41,2026-04-25-DC-BOS,glory,breeze,21,16,2026-04-25 19:00:00
amerriman,-18.43,25.94,jwodatch1,-1.21,33.98,0,0,0,"jnissen,amerriman,cloverane,smott,cboxley,jwodatch1,tshapinsk",False,2026-04-25-DC-BOS,14,7,3,3,596.0,1,3,True,True,283,away,182,1777163220.0,18,False,"tchan,sfisherol,itran,zsinger,mmcdonnel,ghaflin,ldecraene",183,421,d526037ea23ab2ee40583988b8ec64019f4370eb9bcd848eb68ad08537a99580,1777163220.0,False,283,586.0,19.0044731576542,17.22,8.04,-64.9721784694838,9f93db361eca240749e1f6e9472227eb72a9432a36dcc339307adab891b1ec2d,0.966591182588881,0.0334088174111195,0.602006365222694,0.626404865486809,0.669941670676738,0.879999577337768,1306.0,7.0,0.997,0.0435368051899295,0.109390707251613,421.0,0717f331be29b640a8857bb47172abec91141613,2026-08-18 08:07:04,2026-06-06 14:01:41,2026-04-25-DC-BOS,glory,breeze,21,16,2026-04-25 19:00:00
jwodatch1,-1.21,33.98,smott,13.21,33.29,0,0,0,"jnissen,amerriman,cloverane,smott,cboxley,jwodatch1,tshapinsk",False,2026-04-25-DC-BOS,14,7,3,3,596.0,1,4,True,True,284,away,183,1777163222.0,18,False,"tchan,sfisherol,itran,zsinger,mmcdonnel,ghaflin,ldecraene",184,422,4131cb6f5a1f505bf91d77f6c50ed6c9f8c89771938cc54a86f47fee48a38120,1777163222.0,False,284,581.0,14.4364988830395,14.42,-0.689999999999998,-92.7395254003337,dc4df8cd8b244e43c5121d3762559fe479590fd0c6a1b251057ebcaea7b00898,0.984281263103296,0.0157187368967039,0.602006365222694,0.670578452829761,0.661615838326728,0.880319701377345,1301.0,7.0,0.997,-0.00896261450303382,-0.022519492071899,422.0,05dac2eae46164b3a35ba5e0f003b8eb1e71d04f,2026-08-18 08:07:04,2026-06-06 14:01:41,2026-04-25-DC-BOS,glory,breeze,21,16,2026-04-25 19:00:00
smott,13.21,33.29,cboxley,5.86,36.86,0,0,0,"jnissen,amerriman,cloverane,smott,cboxley,jwodatch1,tshapinsk",False,2026-04-25-DC-BOS,14,7,3,3,596.0,1,5,True,True,285,away,184,1777163229.0,18,False,"tchan,sfisherol,itran,zsinger,mmcdonnel,ghaflin,ldecraene",185,423,092c14793563d88495fe04202def53db32c314fb76fc019fbc0b8bcee46043fe,1777163229.0,False,285,576.0,8.17113211250436,-7.35,3.57,64.0934920004856,e408af699fbe85a374b5e7fa5c35dc4a22a7e5edcc862419b641a5c10ec7a21d,0.987678410813379,0.0123215891866207,0.602006365222694,0.662327957080353,0.679952110013388,0.868651837394732,1296.0,7.0,0.997,0.0176241529330344,0.0442824995000131,423.0,e95f8ba7002fa14feb9286f3b88edf15041c5ce8,2026-08-18 08:07:04,2026-06-06 14:01:41,2026-04-25-DC-BOS,glory,breeze,21,16,2026-04-25 19:00:00
cboxley,5.86,36.86,cloverane,9.64,32.19,0,0,0,"jnissen,amerriman,cloverane,smott,cboxley,jwodatch1,tshapinsk",False,2026-04-25-DC-BOS,14,7,3,3,596.0,1,6,True,True,286,away,185,1777163235.0,18,False,"tchan,sfisherol,itran,zsinger,mmcdonnel,ghaflin,ldecraene",186,424,a346b1d842acf861cdd72a8eff1c33a5627264a1e7f19ab727f0ea7695a093d3,1777163235.0,False,286,571.0,6.00810286196899,3.78,-4.67,-141.012535544105,5a3df4bf7f88e41a74cff5636164b1a458a8c2f2843cdc9c44a20b825624b63c,0.992439246565086,0.00756075343491369,0.602006365222694,0.68069421403876,0.664141981725879,0.88709032493964,1291.0,7.0,0.997,-0.0165522323128811,-0.0415891885359994,424.0,e2a9c64c2d5c056bb6fc4b4497e918627cda6606,2026-08-18 08:07:04,2026-06-06 14:01:41,2026-04-25-DC-BOS,glory,breeze,21,16,2026-04-25 19:00:00
cloverane,9.64,32.19,cboxley,14.79,36.04,0,0,0,"jnissen,amerriman,cloverane,smott,cboxley,jwodatch1,tshapinsk",False,2026-04-25-DC-BOS,14,7,3,3,596.0,1,7,True,True,287,away,186,1777163237.0,18,False,"tchan,sfisherol,itran,zsinger,mmcdonnel,ghaflin,ldecraene",187,425,2bb8ffcb805979c841cc5878769955cab6ea59c3486e6f0d71ceac7749919102,1777163237.0,False,287,566.0,6.43000777604506,5.15,3.85,-53.219209248899,550357128c0e5928b2b9823c2de7615c0a39585f4901bcc54b3dad8503f43585,0.990565811666524,0.00943418833347576,0.602006365222694,0.664937961736674,0.669409583972826,0.868746919730921,1286.0,7.0,0.997,0.00447162223615161,0.0112354114373052,425.0,d3ee42a7395dd07eaeda602ae620302641e69416,2026-08-18 08:07:04,2026-06-06 14:01:41,2026-04-25-DC-BOS,glory,breeze,21,16,2026-04-25 19:00:00
cboxley,14.79,36.04,smott,20.62,50.25,0,0,0,"jnissen,amerriman,cloverane,smott,cboxley,jwodatch1,tshapinsk",False,2026-04-25-DC-BOS,14,7,3,3,596.0,1,8,True,True,288,away,187,1777163242.0,18,False,"tchan,sfisherol,itran,zsinger,mmcdonnel,ghaflin,ldecraene",188,426,87d4fbea309e839846dc33c4133c2c7cb45b16cc4f427f1da22503d8769ff350,1777163242.0,False,288,561.0,15.3594596259113,5.83,14.21,-22.3070899728113,c1fed71268e948184288029058053016b1fca47b843521de8eb22bc312c54f55,0.975410048420447,0.0245899515795535,0.602006365222694,0.670218493723935,0.701687181851798,0.792045367334411,1281.0,7.0,0.997,0.0314686881278625,0.0790683201390157,426.0,186ce67e33226f87fa1a127ad50bbc9e197f62a7,2026-08-18 08:07:04,2026-06-06 14:01:41,2026-04-25-DC-BOS,glory,breeze,21,16,2026-04-25 19:00:00
smott,20.62,50.25,cloverane,9.16,110.04,0,0,0,"jnissen,amerriman,cloverane,smott,cboxley,jwodatch1,tshapinsk",False,2026-04-25-DC-BOS,14,8,3,3,596.0,1,9,True,True,289,away,188,1777163259.0,19,False,"tchan,sfisherol,itran,zsinger,mmcdonnel,ghaflin,ldecraene",189,429,a857e37852b1994714565c388986b16ba4cc461ac7edafd3d6df0ac1ed249b44,1777163259.0,False,289,556.0,60.8783680793104,-11.46,59.79,10.8503357114826,594a26b8caee2924d8e9cf6912f3148ac41334998fac90421a2c2b03ff92eaed,0.562263845635483,0.437736154364517,0.602006365222694,0.702455458396677,1.0,0.633491132469985,1276.0,7.0,0.996,0.297544541603323,0.747611307326087,429.0,d1ebe334a42e8b80e8c0707b3a9fd9334bdcfa96,2026-08-18 08:07:04,2026-06-06 14:01:41,2026-04-25-DC-BOS,glory,breeze,21,16,2026-04-25 19:00:00
rdinger,12.34,13.16,ndick,-0.55,19.87,0,0,0,"scarapell,tedmonds,rdinger,ndick,ayuan,tdecraene,jbabbitt",True,2026-04-25-DC-BOS,14,8,3,4,551.0,1,1,True,True,290,home,240,1777163304.0,18,False,"tgesell,lrehfuss,jlightner,wvandenbr,mgrovic,xschafer,cmccutche",241,432,1602ac5c48167f82a2c7525e404ffa34001ec62e3c58a80449a33e5d6d691f97,1777163304.0,False,290,551.0,14.5319028347977,-12.89,6.71,62.5003821872228,ad0a5a90a8fef9127e189866930b42783ade3f29df6bb33b5d444a0afb9938a2,0.983291618212778,0.0167083817872223,0.614417725165523,0.614417725165523,0.635876801737188,0.931423167416695,1271.0,6.0,0.995,0.0214590765716647,0.0556536904630189,432.0,0dd4c15c1637f1d8602d3e469f1223c3d205638d,2026-08-18 08:07:04,2026-06-06 14:01:41,2026-04-25-DC-BOS,glory,breeze,21,16,2026-04-25 19:00:00
ndick,-0.55,19.87,tedmonds,-16.93,31.67,0,0,0,"scarapell,tedmonds,rdinger,ndick,ayuan,tdecraene,jbabbitt",True,2026-04-25-DC-BOS,14,8,3,4,551.0,1,2,True,True,291,home,241,1777163307.0,18,False,"tgesell,lrehfuss,jlightner,wvandenbr,mgrovic,xschafer,cmccutche",242,433,b3c419a02490d8a40709335ad279a45e03b12714b450940927b6e8093adff51c,1777163307.0,False,291,545.0,20.1877289460702,-16.38,11.8,54.231371911796,ca632e68819c92a65f44b71a3d2687cb1f15fb73c3b2f2599cef829342248cd2,0.974119183765035,0.0258808162349645,0.614417725165523,0.636840867998053,0.655050590216036,0.884567379804158,1265.0,6.0,0.995,0.0182097222179826,0.0472265542439668,433.0,d00b7a3bae4a7bef65af57660b96b1d377f7a6ee,2026-08-18 08:07:04,2026-06-06 14:01:41,2026-04-25-DC-BOS,glory,breeze,21,16,2026-04-25 19:00:00
tedmonds,-16.93,31.67,ndick,0.41,28.51,0,0,0,"scarapell,tedmonds,rdinger,ndick,ayuan,tdecraene,jbabbitt",True,2026-04-25-DC-BOS,14,8,3,4,551.0,1,3,True,True,292,home,242,1777163310.0,18,False,"tgesell,lrehfuss,jlightner,wvandenbr,mgrovic,xschafer,cmccutche",243,434,2dde804595f8058b76094f6ad603d301cd743d0399b8312c9a79c568b360cd4f,1777163310.0,False,292,539.0,17.6255836782786,17.34,-3.16,-100.328106704782,46ca613a2925ee2e888ccec72340b0544d3e108e44185f95443c0fa761e5d083,0.978245511816171,0.0217544881838285,0.614417725165523,0.655922242061423,0.66070400277862,0.903873891698933,1259.0,6.0,0.995,0.00478176071719649,0.0124014018000418,434.0,5f2621e73ef4c09048c3d2be04d39a7437b8d69f,2026-08-18 08:07:04,2026-06-06 14:01:41,2026-04-25-DC-BOS,glory,breeze,21,16,2026-04-25 19:00:00
ndick,0.41,28.51,scarapell,6.8,37.35,0,0,0,"scarapell,tedmonds,rdinger,ndick,ayuan,tdecraene,jbabbitt",True,2026-04-25-DC-BOS,14,8,3,4,551.0,1,4,True,True,293,home,243,1777163314.0,18,False,"tgesell,lrehfuss,jlightner,wvandenbr,mgrovic,xschafer,cmccutche",244,435,e5d60aaed5a8dc3a3a4fed82b362f5baac58658fbb15c8f32f7ba21a34fa57d6,1777163314.0,False,293,533.0,10.9076899479221,6.39,8.84,-35.8613103209148,256a03a2943c8dd7ca7f968e2aedfae79b1198ac7320a11d0a62b61de9ea49c7,0.984734567782219,0.0152654322177809,0.614417725165523,0.661483410381611,0.687671416949022,0.869879889734785,1253.0,6.0,0.995,0.0261880065674112,0.0679180768323781,435.0,44fcccf84b1e445021583f5b8610a6796df3e1f7,2026-08-18 08:07:04,2026-06-06 14:01:41,2026-04-25-DC-BOS,glory,breeze,21,16,2026-04-25 19:00:00
scarapell,6.8,37.35,ayuan,11.51,59.61,0,0,0,"scarapell,tedmonds,rdinger,ndick,ayuan,tdecraene,jbabbitt",True,2026-04-25-DC-BOS,14,8,3,4,551.0,1,5,True,True,294,home,244,1777163318.0,18,False,"tgesell,lrehfuss,jlightner,wvandenbr,mgrovic,xschafer,cmccutche",245,436,e7d0c1a9dabf20aaa9f0bc4ee6966fe0257601b46d0cdab1b67d80347a0eb4e7,1777163318.0,False,294,527.0,22.7528393832506,4.71,22.26,-11.9470198755276,6dbaeb8cec9f115f1cea7c8be2c69666834945596651900ff79a0c7984f579f8,0.936340103597196,0.0636598964028038,0.614417725165523,0.688338106778789,0.769716709749528,0.773491002719794,1247.0,6.0,0.995,0.0813786029707386,0.211053796509896,436.0,2586454d7a7d6cd8e760bc5c42bf58a65c6e4046,2026-08-18 08:07:04,2026-06-06 14:01:41,2026-04-25-DC-BOS,glory,breeze,21,16,2026-04-25 19:00:00
ayuan,11.51,59.61,ndick,6.15,49.74,0,0,0,"scarapell,tedmonds,rdinger,ndick,ayuan,tdecraene,jbabbitt",True,2026-04-25-DC-BOS,14,8,3,4,551.0,1,6,True,True,295,home,245,1777163325.0,18,False,"tgesell,lrehfuss,jlightner,wvandenbr,mgrovic,xschafer,cmccutche",246,437,7a13a4565ff75939cf75d4748376a87aa42c88ef69bb17490e5a8b7160a66a4d,1777163325.0,False,295,521.0,11.2314958932459,-5.36,-9.87,151.495394705699,6fecf341afe4ee3ded5e74278f0442cd120118617f84dd351af19bcda3657569,0.985910307955479,0.0140896920445209,0.614417725165523,0.770203719341478,0.733288302454053,0.818450871011947,1241.0,6.0,0.995,-0.0369154168874249,-0.0957394032266447,437.0,89d31ed4e2e640a5cff265e0f80ff47f13e30bd4,2026-08-18 08:07:04,2026-06-06 14:01:41,2026-04-25-DC-BOS,glory,breeze,21,16,2026-04-25 19:00:00
ndick,6.15,59.74,tedmonds,13.38,69.16,1,1,0,"scarapell,tedmonds,rdinger,ndick,ayuan,tdecraene,jbabbitt",True,2026-04-25-DC-BOS,14,8,3,4,551.0,1,7,True,True,296,home,247,1777163341.0,20,False,"tgesell,lrehfuss,jlightner,wvandenbr,mgrovic,xschafer,cmccutche",248,441,a3899e94d2e614673f233655dc7d6e43a554bc717e0201d006ef31dd48f428e2,1777163341.0,False,296,515.0,11.8747336812242,7.23,9.41999999999999,-37.5068128696839,c6794d4edf837ab4a39f8873eed146bb1b27181b023001886bd72ca5a9c3e40b,0.976502345925307,1.0,0.614417725165523,0.77397631209963,0.809661782095108,0.733305178434865,1235.0,6.0,0.992,-0.733305178434865,-0.733305178434865,441.0,90a03c0427b7e78cd642abf596ab21f469777e2c,2026-08-18 08:07:04,2026-06-06 14:01:41,2026-04-25-DC-BOS,glory,breeze,21,16,2026-04-25 19:00:00
xschafer,-17.75,46.2,wvandenbr,-10.13,42.56,0,0,0,"tgesell,lrehfuss,jlightner,wvandenbr,mgrovic,xschafer,cmccutche",False,2026-04-25-DC-BOS,14,8,3,4,551.0,2,1,False,False,297,away,193,1777163346.0,18,False,"scarapell,tedmonds,rdinger,ndick,ayuan,tdecraene,jbabbitt",194,442,a0c7ae32767573cd9cfa16b3671c82453134ebe9ab90bef532a0e229c7eceda1,1777163346.0,False,297,509.0,8.44476168994721,7.62,-3.64,-115.53335310708,ca067164e47fd072dca4e27c777dfe61c3f652d14cbf6ce638eb0e09cedf26ee,0.986709633236386,0.0132903667636143,0.694129717688445,0.706271193254614,0.70614713892514,0.848480309030038,1229.0,6.0,0.992,-0.000124054329474266,-0.000405578235769586,442.0,c45afc5c08ef327fce85657ff58d121f19cb931a,2026-08-18 08:07:04,2026-06-06 14:01:41,2026-04-25-DC-BOS,glory,breeze,21,16,2026-04-25 19:00:00
wvandenbr,-10.13,42.56,cmccutche,-16.86,44.62,0,0,0,"tgesell,lrehfuss,jlightner,wvandenbr,mgrovic,xschafer,cmccutche",False,2026-04-25-DC-BOS,14,8,3,4,551.0,2,2,False,False,298,away,194,1777163351.0,18,False,"scarapell,tedmonds,rdinger,ndick,ayuan,tdecraene,jbabbitt",195,443,6d727cf96ac8a47f98f7f5cb395574a2c81057aadc067d4582545e28afdd5559,1777163351.0,False,298,503.0,7.03821710378416,-6.73,2.06,72.9810629813628,07db9320179cd61ff52749cd1437f449b275f376ba83279b48fd8ae4bc366653,0.990393910211037,0.00960608978896349,0.694129717688445,0.706516372568059,0.703359397566468,0.831774770055163,1223.0,6.0,0.992,-0.00315697500159084,-0.0103212871081578,443.0,75183939aad3db20efea9ef6bd0b2b5513bdca75,2026-08-18 08:07:04,2026-06-06 14:01:41,2026-04-25-DC-BOS,glory,breeze,21,16,2026-04-25 19:00:00
cmccutche,-16.86,44.62,wvandenbr,-12.12,39.33,0,0,0,"tgesell,lrehfuss,jlightner,wvandenbr,mgrovic,xschafer,cmccutche",False,2026-04-25-DC-BOS,14,8,3,4,551.0,2,3,False,False,299,away,195,1777163355.0,18,False,"scarapell,tedmonds,rdinger,ndick,ayuan,tdecraene,jbabbitt",196,444,378d3e6896e963304688e16a815b7859b2f5e6a306eca0a83ff5ecd07e726db0,1777163355.0,False,299,497.0,7.10293601266406,4.74,-5.29,-138.13869891407,dcd220abe65d84968903f2cf8afc20a35c4299ffd2af88f73480a181dc6ecaff,0.989302490783351,0.0106975092166494,0.694129717688445,0.703670188166173,0.69387136943802,0.861138846453043,1217.0,6.0,0.992,-0.00979881872815302,-0.0320358638770015,444.0,00c716321d322734fda033b3cc6a46f913c60470,2026-08-18 08:07:04,2026-06-06 14:01:41,2026-04-25-DC-BOS,glory,breeze,21,16,2026-04-25 19:00:00
wvandenbr,-12.12,39.33,mgrovic,-20.15,52.99,0,0,0,"tgesell,lrehfuss,jlightner,wvandenbr,mgrovic,xschafer,cmccutche",False,2026-04-25-DC-BOS,14,8,3,4,551.0,2,4,False,False,300,away,196,1777163356.0,18,False,"scarapell,tedmonds,rdinger,ndick,ayuan,tdecraene,jbabbitt",197,445,b5fb8937391827e4911fe9349c8e941c1632199a366875d65514a2822bf9572c,1777163356.0,False,300,491.0,15.8453936524152,-8.03,13.66,30.4490447914245,c3693305c0d15309a93e3b94189d2da346a80a4637ca47afeb940c0f9f79927c,0.975519696701815,0.0244803032981846,0.694129717688445,0.694129717688445,0.72486011121263,0.784607892081834,1211.0,6.0,0.992,0.0307303935241851,0.1004687127234,445.0,fbec9469777b04ffd83b3221e11e104d2bd6839b,2026-08-18 08:07:04,2026-06-06 14:01:41,2026-04-25-DC-BOS,glory,breeze,21,16,2026-04-25 19:00:00
mgrovic,-20.15,52.99,tgesell,18.49,83.82,0,0,0,"tgesell,lrehfuss,jlightner,wvandenbr,mgrovic,xschafer,cmccutche",False,2026-04-25-DC-BOS,14,8,3,4,551.0,2,5,False,False,301,away,197,1777163365.0,18,False,"scarapell,tedmonds,rdinger,ndick,ayuan,tdecraene,jbabbitt",198,446,7b001ebb3a1b87cef8c3abdb874cb8a42a1a254c24bb13e9645952d4fe47d417,1777163365.0,False,301,485.0,49.4321605839761,38.64,30.83,-51.4144090353758,d59653e7eb72c70e2b56be7516c40da981f72a65a0297d1a82fe057aebe74a8c,0.764720186005591,0.235279813994409,0.694129717688445,0.725051454046219,0.865545710213288,0.669223315605849,1205.0,6.0,0.991,0.140494256167069,0.459326270945026,446.0,81e784460c72752a10a29c4968cc11b4873d8ca7,2026-08-18 08:07:04,2026-06-06 14:01:41,2026-04-25-DC-BOS,glory,breeze,21,16,2026-04-25 19:00:00
jlightner,19.59,95.81,cboxley,22.2,104.34,0,0,0,"lrehfuss,jlightner,wvandenbr,mgrovic,xschafer,cmccutche,cboxley",False,2026-04-25-DC-BOS,14,9,3,4,479.0,2,6,False,True,302,away,200,1777163501.0,19,False,"scarapell,tedmonds,rdinger,ndick,tdecraene,jbabbitt,ldecraene",201,450,28ba20502dcf15e0d61927d96ca02612016fd8741112109099e6331d4354720c,1777163501.0,False,302,479.0,8.92036994748536,2.61,8.53,-17.0130051644796,a15596ef23269d03def8d74833991edd1b6b84f95ed3ac829a63604cbcd0e256,0.967493832753932,0.032506167246068,0.694129717688445,0.910847416473572,1.0,0.6006895348399,1199.0,6.0,0.99,0.0891525835264281,0.291471871188906,450.0,832125315f0c68c6af609ad3d95dbfe7230c027a,2026-08-18 08:07:04,2026-06-06 14:01:41,2026-04-25-DC-BOS,glory,breeze,21,16,2026-04-25 19:00:00
bsadok,-11.19,13.35,rdinger,0.8,18.38,0,0,0,"scarapell,bsadok,tedmonds,rdinger,ndick,tdecraene,jbabbitt",True,2026-04-25-DC-BOS,14,9,3,5,472.0,1,1,True,True,303,home,251,1777163565.0,18,False,"lblumenfe,ilee,jlightner,bgreenber,cmccutche,blamberty,wvandenbr",252,455,37acb1b3b4cf41e0c5c9a8df93fc0380185acf87ca9d31adc013a09f933e6ce5,1777163565.0,False,303,472.0,13.0023459421752,11.99,5.03,-67.2411583997099,c7eddaa33ebb34cc14d41c4e2e0969bd9a8dc959df8c66e22428dbee47e4a85f,0.986201343721673,0.0137986562783274,0.623768919118688,0.623768919118688,0.638858203357471,0.933221106741533,1192.0,5.0,0.987,0.0150892842387839,0.0401064266233336,455.0,28d44187689efbfb9ab71089c46252253e96b32c,2026-08-18 08:07:04,2026-06-06 14:01:41,2026-04-25-DC-BOS,glory,breeze,21,16,2026-04-25 19:00:00
rdinger,0.8,18.38,tedmonds,17.05,35.54,0,0,0,"scarapell,bsadok,tedmonds,rdinger,ndick,tdecraene,jbabbitt",True,2026-04-25-DC-BOS,14,9,3,5,472.0,1,2,True,True,304,home,252,1777163567.0,18,False,"lblumenfe,ilee,jlightner,bgreenber,cmccutche,blamberty,wvandenbr",253,456,8ff51c5e7cde2f4752a3d5b18a15422bb4796fd49b2b5e46a74f0fa30d0bd86d,1777163567.0,False,304,465.8,23.6331991063419,16.25,17.16,-43.4398003130713,ebdcc2abc40b4c9608f451dad57697f353f76868309bedacd129bbcf9c834ffa,0.961990916907189,0.0380090830928115,0.623768919118688,0.638918302363645,0.670019297730026,0.872424519012601,1185.8,5.0,0.988,0.0311009953663808,0.0826646094563145,456.0,0ea262a4a45360e90ebb6f581c13c500a829c7bd,2026-08-18 08:07:04,2026-06-06 14:01:41,2026-04-25-DC-BOS,glory,breeze,21,16,2026-04-25 19:00:00
tedmonds,17.05,35.54,scarapell,14.15,49.87,0,0,0,"scarapell,bsadok,tedmonds,rdinger,ndick,tdecraene,jbabbitt",True,2026-04-25-DC-BOS,14,9,3,5,472.0,1,3,True,True,305,home,253,1777163571.0,18,False,"lblumenfe,ilee,jlightner,bgreenber,cmccutche,blamberty,wvandenbr",254,457,60a1d501dfd3178b6a7021e212c4e603f921c79bee30c3564802840ddff7ea3c,1777163571.0,False,305,459.6,14.620495887623,-2.9,14.33,11.4405866072751,6c13958f959a3d8e34b4da5c9af32315d313361341e1f6f20e5431ad0db30444,0.969455104247889,0.0305448957521111,0.623768919118688,0.670032661523216,0.729015732239904,0.815109766804713,1179.6,5.0,0.988,0.0589830707166884,0.156773519557507,457.0,86101b569b8cbc410d0181fdeb1b43c889d021d1,2026-08-18 08:07:04,2026-06-06 14:01:41,2026-04-25-DC-BOS,glory,breeze,21,16,2026-04-25 19:00:00
scarapell,14.15,49.87,tedmonds,4.74,41.48,0,0,0,"scarapell,bsadok,tedmonds,rdinger,ndick,tdecraene,jbabbitt",True,2026-04-25-DC-BOS,14,9,3,5,472.0,1,4,True,True,306,home,254,1777163576.0,18,False,"lblumenfe,ilee,jlightner,bgreenber,cmccutche,blamberty,wvandenbr",255,458,4668ca9a23fb564d10ecf80c74c2c5e36a1e30ae01a2087e05429a3978669663,1777163576.0,False,306,453.4,12.6071487656805,-9.41,-8.39,131.720345338844,78e46e18593a59bef76f9cbb726090477d25d5c8930a621509d104e3978343b6,0.985081719306904,0.0149182806930959,0.623768919118688,0.728991762437877,0.705706227585205,0.855207556997766,1173.4,5.0,0.988,-0.023285534852672,-0.0618915768418872,458.0,1fa76ac078c016ee1d1ab62c0ce6b8e49b1739ca,2026-08-18 08:07:04,2026-06-06 14:01:41,2026-04-25-DC-BOS,glory,breeze,21,16,2026-04-25 19:00:00
tedmonds,4.74,41.48,jbabbitt,-10.68,41.09,0,0,0,"scarapell,bsadok,tedmonds,rdinger,ndick,tdecraene,jbabbitt",True,2026-04-25-DC-BOS,14,9,3,5,472.0,1,5,True,True,307,home,255,1777163578.0,18,False,"lblumenfe,ilee,jlightner,bgreenber,cmccutche,blamberty,wvandenbr",256,459,db87eac75fd0201a5c98bcaa0813aa4d634c18f3795cee49d0d58ffd591665ab,1777163578.0,False,307,447.2,15.4249311181606,-15.42,-0.389999999999993,91.4488061762577,d74189ba46448fdb8508d10a61e17c500410986a809ad85e2469299d71f4c3b2,0.980243925292392,0.0197560747076078,0.623768919118688,0.705647069005702,0.701991069890169,0.855189648037789,1167.2,5.0,0.988,-0.0036559991155326,-0.00971742979598738,459.0,31e037be15ccc803be64335e17898b2602db5704,2026-08-18 08:07:04,2026-06-06 14:01:41,2026-04-25-DC-BOS,glory,breeze,21,16,2026-04-25 19:00:00
jbabbitt,-10.68,41.09,tedmonds,3.83,42.12,0,0,0,"scarapell,bsadok,tedmonds,rdinger,ndick,tdecraene,jbabbitt",True,2026-04-25-DC-BOS,14,9,3,5,472.0,1,6,True,True,308,home,256,1777163581.0,18,False,"lblumenfe,ilee,jlightner,bgreenber,cmccutche,blamberty,wvandenbr",257,460,663639dc7fe581ed048ad675ce5fbeba1c1249aaf7fd455dabe63012927ace5a,1777163581.0,False,308,441.0,14.5465116093172,14.51,1.02999999999999,-85.9396397210889,642046914930be3da0315b24d9d397be702db16e882a5b1f52c7cfdd1fac028d,0.980162353020685,0.0198376469793147,0.623768919118688,0.701901094606465,0.707918239900052,0.852541034853951,1161.0,5.0,0.988,0.0060171452935871,0.0159932169333062,460.0,a78bd31066fc19b5ea1e18ba8beca752dc89baee,2026-08-18 08:07:04,2026-06-06 14:01:41,2026-04-25-DC-BOS,glory,breeze,21,16,2026-04-25 19:00:00
tedmonds,3.83,42.12,scarapell,20.28,49.67,0,0,0,"scarapell,bsadok,tedmonds,rdinger,ndick,tdecraene,jbabbitt",True,2026-04-25-DC-BOS,14,9,3,5,472.0,1,7,True,True,309,home,257,1777163585.0,18,False,"lblumenfe,ilee,jlightner,bgreenber,cmccutche,blamberty,wvandenbr",258,461,8bec0c68da9c5478a27bfd6c039e62ba7f8febe58446b59f98583e650e001c1c,1777163585.0,False,309,434.8,18.099861877926,16.45,7.55,-65.3464593980545,885eb192b8062c08c30093b05325da6a7ca4f561839e253b79165c110c537957,0.977448609514197,0.0225513904858032,0.623768919118688,0.707803054687416,0.708178308024728,0.80175484043335,1154.8,5.0,0.988,0.000375253337312587,0.000997401215321085,461.0,cff60031bb94fcb7e0f6a5eab4f6b1dc04cffeaa,2026-08-18 08:07:04,2026-06-06 14:01:41,2026-04-25-DC-BOS,glory,breeze,21,16,2026-04-25 19:00:00
scarapell,20.28,49.67,tedmonds,14.34,34.38,0,0,0,"scarapell,bsadok,tedmonds,rdinger,ndick,tdecraene,jbabbitt",True,2026-04-25-DC-BOS,14,9,3,5,472.0,1,8,True,True,310,home,258,1777163588.0,18,False,"lblumenfe,ilee,jlightner,bgreenber,cmccutche,blamberty,wvandenbr",259,462,74158cfa7f10cb09904f0f8686937ec4bfe5e75568b93cda176b9ca3bbd0a047,1777163588.0,False,310,428.6,16.4032832079435,-5.94,-15.29,158.769388859954,164c2ffd60b756b77dab9986828315a65733a429af7b259a96a095a91761aa18,0.982767869286757,0.017232130713243,0.623768919118688,0.708040718676018,0.67342929874316,0.880097391092293,1148.6,5.0,0.988,-0.0346114199328579,-0.0919951106957497,462.0,588352dc094372959e61d69318887e1c2a298078,2026-08-18 08:07:04,2026-06-06 14:01:41,2026-04-25-DC-BOS,glory,breeze,21,16,2026-04-25 19:00:00
tedmonds,14.34,34.38,scarapell,20.15,44.64,0,0,0,"scarapell,bsadok,tedmonds,rdinger,ndick,tdecraene,jbabbitt",True,2026-04-25-DC-BOS,14,9,3,5,472.0,1,9,True,True,311,home,259,1777163591.0,18,False,"lblumenfe,ilee,jlightner,bgreenber,cmccutche,blamberty,wvandenbr",260,463,db533368fe2c8c78f2ab9ae5ffea8239d6ad4a2264012da4ab5bdef2aa4a02f0,1777163591.0,False,311,422.4,11.7908311835935,5.81,10.26,-29.5218712888964,5f0dd84160c7a99d4332a0d3bdb72cb23844b649ad4ac99e23db2b447b663ee5,0.984187413978225,0.0158125860217754,0.623768919118688,0.673262998876716,0.688724115720982,0.825140501107568,1142.4,5.0,0.988,0.0154611168442654,0.0410947357354106,463.0,4a843b503a57251ae30d99306263dc8f89c8ba90,2026-08-18 08:07:04,2026-06-06 14:01:41,2026-04-25-DC-BOS,glory,breeze,21,16,2026-04-25 19:00:00
scarapell,20.15,44.64,,13.57,86.06,1,0,0,"scarapell,bsadok,tedmonds,rdinger,ndick,tdecraene,jbabbitt",True,2026-04-25-DC-BOS,14,9,3,5,472.0,1,10,True,True,312,home,260,1777163597.0,22,False,"lblumenfe,ilee,jlightner,bgreenber,cmccutche,blamberty,wvandenbr",261,465,67b806928459b9bef1a18ccb440ee8d6f327da6145fd60d257301d918e028fab,1777163597.0,False,312,416.2,41.9393943685409,-6.58,41.42,9.02660417780243,3a1be79b6c40a3fef9d18b5d4768a90ea1815d17ecb1008a2b81bc5c14e4798b,0.721037977733098,-0.721037977733098,0.623768919118688,0.688546535986647,0.881795293111992,0.674368553890445,1136.2,5.0,0.981,-0.674368553890445,-0.674368553890445,465.0,b20ec5640b99e032708e23a57dafcfcf0682ccb2,2026-08-18 08:07:04,2026-06-06 14:01:41,2026-04-25-DC-BOS,glory,breeze,21,16,2026-04-25 19:00:00
jnissen,-7.38,25.19,cloverane,-16.65,42.01,0,0,0,"jwodatch1,amerriman,tshapinsk,aroy,jnissen,cboxley,cloverane",False,2026-04-25-DC-BOS,14,9,3,5,410.0,2,1,False,True,313,away,205,1777163710.0,18,False,"mcoe,ghaflin,mmcdonnel,tallen1,ldecraene,kdelorenz,cdavisbra",206,468,0999ea8e2f97a449a1bb57770119ecaed947d694b65e3ef3351e7e4dc4d83b11,1777163710.0,False,313,410.0,19.2053456100118,-9.27,16.82,28.8604604417926,a87b72cab945aa8b3872e101f0c67d7f9796517bbf8e90a95902a1890419f7e4,0.967723086565962,0.0322769134340385,0.654137139222447,0.654137139222447,0.694603881679032,0.843794325673183,1130.0,5.0,0.981,0.0404667424565852,0.117002277624171,468.0,0b1a43feeb1ae4a71da3582d536e59890308f309,2026-08-18 08:07:04,2026-06-06 14:01:41,2026-04-25-DC-BOS,glory,breeze,21,16,2026-04-25 19:00:00
cloverane,-16.65,42.01,cboxley,-17.06,56.97,0,0,0,"jwodatch1,amerriman,tshapinsk,aroy,jnissen,cboxley,cloverane",False,2026-04-25-DC-BOS,14,9,3,5,410.0,2,2,False,True,314,away,206,1777163713.0,18,False,"mcoe,ghaflin,mmcdonnel,tallen1,ldecraene,kdelorenz,cdavisbra",207,469,e60677690fb774fc23a7d2c505086fc871a4b50fbdd89c355812883c3b639cd4,1777163713.0,False,314,402.857142857143,14.9656172609084,-0.41,14.96,1.56987905929662,aff76d28671d1bb5294582596ba9c57d09afdcfad676dce976d26b5558a86cd1,0.970258771654149,0.029741228345851,0.654137139222447,0.694379162606806,0.751884446537073,0.776135720492513,1122.85714285714,5.0,0.98,0.057505283930267,0.166266143178791,469.0,fa181adb215503f5cb1734dd580550eac0ecba66,2026-08-18 08:07:04,2026-06-06 14:01:41,2026-04-25-DC-BOS,glory,breeze,21,16,2026-04-25 19:00:00
cboxley,-17.06,56.97,jnissen,-2.44,51.28,0,0,0,"jwodatch1,amerriman,tshapinsk,aroy,jnissen,cboxley,cloverane",False,2026-04-25-DC-BOS,14,9,3,5,410.0,2,3,False,True,315,away,207,1777163717.0,18,False,"mcoe,ghaflin,mmcdonnel,tallen1,ldecraene,kdelorenz,cdavisbra",208,470,9f183f2c72fdd056335efb4461f73f8560c69b1b5f8c2f8de1aa25c0c852ad29,1777163717.0,False,315,395.714285714286,15.6882280707542,14.62,-5.69,-111.26563360461,d5b4bc7818ac009041b3ae81468884234c05baef01d49df2b8043574fd04fa8d,0.976054866732046,0.0239451332679539,0.654137139222447,0.751683211993891,0.740699347004744,0.812985008988703,1115.71428571429,5.0,0.98,-0.0109838649891471,-0.0317578619585047,470.0,aaf934a5ec2ad8bdcf8663cf671be44e56b0cac5,2026-08-18 08:07:04,2026-06-06 14:01:41,2026-04-25-DC-BOS,glory,breeze,21,16,2026-04-25 19:00:00
jnissen,-2.44,51.28,amerriman,-1.0,63.5,0,0,0,"jwodatch1,amerriman,tshapinsk,aroy,jnissen,cboxley,cloverane",False,2026-04-25-DC-BOS,14,9,3,5,410.0,2,4,False,True,316,away,208,1777163720.0,18,False,"mcoe,ghaflin,mmcdonnel,tallen1,ldecraene,kdelorenz,cdavisbra",209,471,b9acc97782579ac1937231e405e194e17582c57b5226f5902b2d4b255ad04d47,1777163720.0,False,316,388.571428571429,12.3045520032222,1.44,12.22,-6.72071816353022,ee687691a7f7e2cb9ddd6341b2f59474513c872386252ddf763a6a72d2da41d6,0.97660501053808,0.0233949894619196,0.654137139222447,0.74049383928764,0.790575673560198,0.761415895912523,1108.57142857143,5.0,0.979,0.0500818342725577,0.144802579149337,471.0,928d39dc46163291ea40e26087891bf30514f20e,2026-08-18 08:07:04,2026-06-06 14:01:41,2026-04-25-DC-BOS,glory,breeze,21,16,2026-04-25 19:00:00
amerriman,-1.0,63.5,cloverane,-11.23,71.32,0,0,0,"jwodatch1,amerriman,tshapinsk,aroy,jnissen,cboxley,cloverane",False,2026-04-25-DC-BOS,14,9,3,5,410.0,2,5,False,True,317,away,209,1777163725.0,18,False,"mcoe,ghaflin,mmcdonnel,tallen1,ldecraene,kdelorenz,cdavisbra",210,472,5fcd0afe0dc730cf0e14b72b19d277b6450cd37f8937fe8f728f2b98a491e895,1777163725.0,False,317,381.428571428571,12.8765406845162,-10.23,7.81999999999999,52.605039235138,11aa39810828072d87bb19fca2d9a6bb7928ee057368a063228edd5d2b7fdc8f,0.974155639295315,0.0258443607046845,0.654137139222447,0.79040457641135,0.821667829591473,0.726934101586815,1101.42857142857,5.0,0.978,0.031263253180123,0.0903920505076445,472.0,58a5201638d74877d04bf72aa978d97f56e31ba5,2026-08-18 08:07:04,2026-06-06 14:01:41,2026-04-25-DC-BOS,glory,breeze,21,16,2026-04-25 19:00:00
cloverane,-11.23,71.32,jnissen,-18.78,85.26,0,0,0,"jwodatch1,amerriman,tshapinsk,aroy,jnissen,cboxley,cloverane",False,2026-04-25-DC-BOS,14,9,3,5,410.0,2,6,False,True,318,away,210,1777163727.0,18,False,"mcoe,ghaflin,mmcdonnel,tallen1,ldecraene,kdelorenz,cdavisbra",211,473,8020b2214d2888ea850bb4fc3e43554600b6a95c563ba9765579e616d51af682,1777163727.0,False,318,374.285714285714,15.8532678019391,-7.55,13.94,28.4402803943953,e13ca11db04c1dda14d076c55b61e8fb04c254f485498778688ceafb0e04f1f3,0.96644104495209,0.0335589550479103,0.654137139222447,0.821525866778394,0.871582101447251,0.658555084843983,1094.28571428571,5.0,0.977,0.0500562346688574,0.14472856251846,473.0,8380708d159d23854b0e94615fdafe1189e27778,2026-08-18 08:07:04,2026-06-06 14:01:41,2026-04-25-DC-BOS,glory,breeze,21,16,2026-04-25 19:00:00
jnissen,-18.78,95.26,aroy,-18.16,104.21,0,0,0,"jwodatch1,amerriman,tshapinsk,aroy,jnissen,cboxley,cloverane",False,2026-04-25-DC-BOS,14,10,3,5,410.0,2,7,False,True,319,away,212,1777163759.0,19,False,"mcoe,ghaflin,mmcdonnel,tallen1,ldecraene,kdelorenz,cdavisbra",213,477,a44800c5082dac2693af6eb7514db99d2172bac2c03c112633fcfa809f1fae40,1777163759.0,False,319,367.142857142857,8.97144915830212,0.620000000000001,8.94999999999999,-3.96276229490385,d4623ba28a833e9f71d744657f3f45995d65475465747fb525529f4d18294f66,0.970221528908172,0.0297784710918282,0.654137139222447,0.910498844328034,1.0,0.618567300504932,1087.14285714286,5.0,0.975,0.0895011556719661,0.258776427948215,477.0,f28288d9d02f9afb823e99bd7a52242f59cafdc4,2026-08-18 08:07:04,2026-06-06 14:01:41,2026-04-25-DC-BOS,glory,breeze,21,16,2026-04-25 19:00:00
bsadok,5.06,19.74,rdinger,-3.33,25.87,0,0,0,"scarapell,bsadok,tedmonds,rdinger,ndick,tdecraene,jbabbitt",True,2026-04-25-DC-BOS,14,10,3,6,360.0,1,1,True,True,320,home,265,1777163820.0,18,False,"ilee,blamberty,bgreenber,mgrovic,xschafer,tgesell,lrehfuss",266,481,f024173a8af89aca442c618e4de6359443d09aa07d05e7118b4b2e20513f759d,1777163820.0,False,320,360.0,10.3908132501744,-8.39,6.13,53.8469515058322,1d024aa952bd3fd40abfd5223fca6f05679e23507bce1612e420cc3c5a95977a,0.988166123158102,0.0118338768418975,0.639135610461531,0.639135610461531,0.655252827533219,0.913812723549383,1080.0,4.0,0.971,0.0161172170716881,0.0446628083538567,481.0,ead78b64bc8fc91bf8b4250715a04b4f6b422991,2026-08-18 08:07:04,2026-06-06 14:01:41,2026-04-25-DC-BOS,glory,breeze,21,16,2026-04-25 19:00:00
rdinger,-3.33,25.87,tdecraene,-6.62,37.09,0,0,0,"scarapell,bsadok,tedmonds,rdinger,ndick,tdecraene,jbabbitt",True,2026-04-25-DC-BOS,14,10,3,6,360.0,1,2,True,True,321,home,266,1777163822.0,18,False,"ilee,blamberty,bgreenber,mgrovic,xschafer,tgesell,lrehfuss",267,482,7267bb3a02d6185ff1a81df7ff4758fed4d0a847a40f3d4c02a65a7546a20759,1777163822.0,False,321,356.285714285714,11.6924120693722,-3.29,11.22,16.3425289901889,820f4e8c6c4b65960c25a31ab627259d22fa35ce159c11cd1507b5a5cdbe2ab5,0.982710453316301,0.0172895466836986,0.639135610461531,0.655176503410937,0.688123485202871,0.871582029824507,1076.28571428571,4.0,0.972,0.0329469817919347,0.0913001746558383,482.0,3ed51772aab526a42cc428f694fc99ac9b4c3233,2026-08-18 08:07:04,2026-06-06 14:01:41,2026-04-25-DC-BOS,glory,breeze,21,16,2026-04-25 19:00:00
tdecraene,-6.62,37.09,jbabbitt,2.03,50.51,0,0,0,"scarapell,bsadok,tedmonds,rdinger,ndick,tdecraene,jbabbitt",True,2026-04-25-DC-BOS,14,10,3,6,360.0,1,3,True,True,322,home,267,1777163825.0,18,False,"ilee,blamberty,bgreenber,mgrovic,xschafer,tgesell,lrehfuss",268,483,28d349f36c4c515733037932de4c3971de98802732625ec16bc6d9642c23e2fd,1777163825.0,False,322,352.571428571429,15.9661798812365,8.65,13.42,-32.8042235271462,2b5a4c7401f6d0de348d1540abcb13dcaae1a66e2ae319a809aedaba387de07c,0.970780833182725,0.0292191668172752,0.639135610461531,0.688058579988588,0.736739799918612,0.815481342496597,1072.57142857143,4.0,0.973,0.0486812199300235,0.134901700864097,483.0,de339ead2eb7950bf4333b3803405ca56f08bcc6,2026-08-18 08:07:04,2026-06-06 14:01:41,2026-04-25-DC-BOS,glory,breeze,21,16,2026-04-25 19:00:00
jbabbitt,2.03,50.51,tdecraene,-3.07,44.45,0,0,0,"scarapell,bsadok,tedmonds,rdinger,ndick,tdecraene,jbabbitt",True,2026-04-25-DC-BOS,14,10,3,6,360.0,1,4,True,True,323,home,268,1777163830.0,18,False,"ilee,blamberty,bgreenber,mgrovic,xschafer,tgesell,lrehfuss",269,484,69180c1ecd0ab312b3790d62b466405aeac120619cf9da43d1b5293e0dedbb84,1777163830.0,False,323,348.857142857143,7.92045453241163,-5.1,-6.06,139.91656600601,75bcd2ba95a3baeb20e5db2ee4410a2d906ad6797e6625cb69f70de28c55a550,0.990570385618396,0.00942961438160395,0.639135610461531,0.736687303327672,0.713882294498769,0.841346442866672,1068.85714285714,4.0,0.972,-0.0228050088289026,-0.0631955091442225,484.0,3f2319fc0a54764fa4870042d30e5385cf10a72a,2026-08-18 08:07:04,2026-06-06 14:01:41,2026-04-25-DC-BOS,glory,breeze,21,16,2026-04-25 19:00:00
tdecraene,-3.07,44.45,rdinger,-15.71,51.09,0,0,0,"scarapell,bsadok,tedmonds,rdinger,ndick,tdecraene,jbabbitt",True,2026-04-25-DC-BOS,14,10,3,6,360.0,1,5,True,True,324,home,269,1777163833.0,18,False,"ilee,blamberty,bgreenber,mgrovic,xschafer,tgesell,lrehfuss",270,485,b15ad6a9f8b71f7ec72175b32c326e2c615464d2841270c292709aa6398546ee,1777163833.0,False,324,345.142857142857,14.2779270204046,-12.64,6.64,62.2863151670565,4ea57aada33728b24ea8faa80f01778b1df60c0c6f66d6aab77eb344df45de1f,0.979678673931023,0.020321326068977,0.639135610461531,0.713832750767766,0.729554608710531,0.804246072649019,1065.14285714286,4.0,0.972,0.0157218579427654,0.0435672191508644,485.0,605e45291e49fe79abf610436ec76b9be7257520,2026-08-18 08:07:04,2026-06-06 14:01:41,2026-04-25-DC-BOS,glory,breeze,21,16,2026-04-25 19:00:00
rdinger,-15.71,51.09,tdecraene,1.12,45.93,0,0,0,"scarapell,bsadok,tedmonds,rdinger,ndick,tdecraene,jbabbitt",True,2026-04-25-DC-BOS,14,10,3,6,360.0,1,6,True,True,325,home,270,1777163837.0,18,False,"ilee,blamberty,bgreenber,mgrovic,xschafer,tgesell,lrehfuss",271,486,15b4f46c339c22ae95c0d01e12cbfb5820fecce9d1bc4e836763be3a88fd44ca,1777163837.0,False,325,341.428571428571,17.6032525403688,16.83,-5.16,-107.045296807345,cfec35c0ec513e79be77b0f64eef08493b476cc4af29cfa4a21579730ffe5f7f,0.974709183868057,0.0252908161319431,0.639135610461531,0.729511571721383,0.719347328893315,0.835058981062829,1061.42857142857,4.0,0.972,-0.0101642428280679,-0.028166378070908,486.0,e874fe6526dd8b4c687bcad2be62acef9fd2f85b,2026-08-18 08:07:04,2026-06-06 14:01:41,2026-04-25-DC-BOS,glory,breeze,21,16,2026-04-25 19:00:00
tdecraene,1.12,45.93,scarapell,15.31,45.35,0,0,0,"scarapell,bsadok,tedmonds,rdinger,ndick,tdecraene,jbabbitt",True,2026-04-25-DC-BOS,14,10,3,6,360.0,1,7,True,True,326,home,271,1777163839.0,18,False,"ilee,blamberty,bgreenber,mgrovic,xschafer,tgesell,lrehfuss",272,487,470f6ec19ac7a1d3e155cd5105f4fd9dc2f9d1720686f985199b8bb3f7b2e86c,1777163839.0,False,326,337.714285714286,14.2018484712378,14.19,-0.579999999999998,-92.340596497885,38bf465ac6b4b93d42f068fd099e370b2951944e52b2ec7f20b40994ca0acdd5,0.983449070828121,0.0165509291718787,0.639135610461531,0.719307485011569,0.706633509853305,0.831458575280345,1057.71428571429,4.0,0.972,-0.0126739751582641,-0.035121157769193,487.0,1706630d5b19ad9b7e4f98fdbb82c678924ba6bf,2026-08-18 08:07:04,2026-06-06 14:01:41,2026-04-25-DC-BOS,glory,breeze,21,16,2026-04-25 19:00:00
scarapell,15.31,45.35,tdecraene,16.67,56.45,0,0,0,"scarapell,bsadok,tedmonds,rdinger,ndick,tdecraene,jbabbitt",True,2026-04-25-DC-BOS,14,10,3,6,360.0,1,8,True,True,327,home,272,1777163843.0,18,False,"ilee,blamberty,bgreenber,mgrovic,xschafer,tgesell,lrehfuss",273,488,64aaa1a4be0ba4df42bd124618c1e7c8197e8d1ffca3df3089bb3cf74aeb889f,1777163843.0,False,327,334.0,11.183004962889,1.36,11.1,-6.98520882366223,4f82a9836e951a07f312f8304e5d1799841919deb69840001b230cbc5803b447,0.979928791755742,0.0200712082442577,0.639135610461531,0.706596141602369,0.747342140568884,0.77988667146474,1054.0,4.0,0.973,0.0407459989665143,0.112912218960222,488.0,10cd31bacc1b23147f75f05c42eca005d0bbf9af,2026-08-18 08:07:04,2026-06-06 14:01:41,2026-04-25-DC-BOS,glory,breeze,21,16,2026-04-25 19:00:00
tdecraene,16.67,56.45,scarapell,12.86,45.16,0,0,0,"scarapell,bsadok,tedmonds,rdinger,ndick,tdecraene,jbabbitt",True,2026-04-25-DC-BOS,14,10,3,6,360.0,1,9,True,True,328,home,273,1777163849.0,18,False,"ilee,blamberty,bgreenber,mgrovic,xschafer,tgesell,lrehfuss",274,489,eb12e55f66492b09cc81739d8167791631ba33f3d285ad568201054418030749,1777163849.0,False,328,330.285714285714,11.9155444693056,-3.81,-11.29,161.352169748722,6cfa6d2ecaf6534553376e4fc802be98e8d0062c68c3da8c03ed7328480d442a,0.985222117546136,0.0147778824538645,0.639135610461531,0.74731063912368,0.710714025842521,0.835022751803048,1050.28571428571,4.0,0.972,-0.0365966132811592,-0.10141375636417,489.0,48dcc29bfa9f682ff182d6d1b5125bb3116444cd,2026-08-18 08:07:04,2026-06-06 14:01:41,2026-04-25-DC-BOS,glory,breeze,21,16,2026-04-25 19:00:00
scarapell,12.86,45.16,tdecraene,4.03,38.0,0,0,0,"scarapell,bsadok,tedmonds,rdinger,ndick,tdecraene,jbabbitt",True,2026-04-25-DC-BOS,14,10,3,6,360.0,1,10,True,True,329,home,274,1777163854.0,18,False,"ilee,blamberty,bgreenber,mgrovic,xschafer,tgesell,lrehfuss",275,490,de2cd793c52c2511523900794a33fc804d649cb8728968f9f6931536ed015ad6,1777163854.0,False,329,326.571428571429,11.3681352912428,-8.83,-7.16,129.037629047276,a1d0714ffd5d2c905b056947928d4edacbcaf3261cdfb43e62bc472d9f68a498,0.987136637753407,0.0128633622465929,0.639135610461531,0.710681732303275,0.691254978376139,0.867968846182371,1046.57142857143,4.0,0.972,-0.0194267539271357,-0.0538339456325455,490.0,f1de12485b5c226e01110d69d2e39ccd19adde10,2026-08-18 08:07:04,2026-06-06 14:01:41,2026-04-25-DC-BOS,glory,breeze,21,16,2026-04-25 19:00:00
tdecraene,4.03,38.0,,-1.26,45.87,1,0,0,"scarapell,bsadok,tedmonds,rdinger,ndick,tdecraene,jbabbitt",True,2026-04-25-DC-BOS,14,10,3,6,360.0,1,11,True,True,330,home,275,1777163862.0,22,False,"ilee,blamberty,bgreenber,mgrovic,xschafer,tgesell,lrehfuss",276,492,6cd370aa72684ba17cd7fda9b0d96e047f58274d19476582d4e6e2fb975815b7,1777163862.0,False,330,322.857142857143,9.48266840082474,-5.29,7.87,33.907921151077,738fc01a6340b98c64a6b55d4220405f2f5affa61dda08409bd8f6253d2e9c5c,0.98565474918115,-0.98565474918115,0.639135610461531,0.691222756497245,0.718929861158646,0.835206895712661,1042.85714285714,4.0,0.949,-0.835206895712661,-0.835206895712661,492.0,3d04b251fd5e3b46ad1a16e2d28782ce7938096c,2026-08-18 08:07:04,2026-06-06 14:01:41,2026-04-25-DC-BOS,glory,breeze,21,16,2026-04-25 19:00:00
ilee,-10.68,84.43,tgesell,-21.11,88.35,0,0,0,"ilee,blamberty,bgreenber,mgrovic,xschafer,tgesell,lrehfuss",False,2026-04-25-DC-BOS,14,10,3,6,360.0,2,1,False,False,331,away,216,1777163867.0,18,False,"scarapell,bsadok,tedmonds,rdinger,ndick,tdecraene,jbabbitt",217,493,5a2ee7492fb13a9a6e53d673b5ebbecc9506c93c96af32b15f05aefe0de58d97,1777163867.0,False,331,319.142857142857,11.1423202251596,-10.43,3.91999999999999,69.4018255383671,038cff0b1c82390ca4e874f1e27f73c156c6fb1138a3935ddbac04b02d61c23b,0.977481130243071,0.0225188697569287,0.876458023145907,0.876458023145907,0.878264530705465,0.636077709756969,1039.14285714286,4.0,0.947,0.00180650755955858,0.0146226214405822,493.0,e65d9e3f39bedbb2af47d113f4bbcff60b20329b,2026-08-18 08:07:04,2026-06-06 14:01:41,2026-04-25-DC-BOS,glory,breeze,21,16,2026-04-25 19:00:00
tgesell,-21.11,88.35,ilee,-24.48,96.45,0,0,0,"ilee,blamberty,bgreenber,mgrovic,xschafer,tgesell,lrehfuss",False,2026-04-25-DC-BOS,14,10,3,6,360.0,2,2,False,False,332,away,217,1777163869.0,18,False,"scarapell,bsadok,tedmonds,rdinger,ndick,tdecraene,jbabbitt",218,494,afa9fe58ee04c2dfc38c30ac3ef4c31401faeed3cc558445c76f10d5e09cb116,1777163869.0,False,332,315.428571428571,8.77307813711927,-3.37,8.10000000000001,22.5897224977674,3296b2dcccc4c31ea2c8c7e3e45969482101ad3bc7112defff011725c498e284,0.947624686476029,0.0523753135239712,0.876458023145907,0.878248514337977,0.899571540214291,0.589047068433729,1035.42857142857,4.0,0.946,0.0213230258763143,0.172597415221042,494.0,6d5bf12925399dc9317591386994a18cf8069e06,2026-08-18 08:07:04,2026-06-06 14:01:41,2026-04-25-DC-BOS,glory,breeze,21,16,2026-04-25 19:00:00
ilee,-24.48,96.45,mgrovic,-25.64,111.69,0,0,0,"ilee,blamberty,bgreenber,mgrovic,xschafer,tgesell,lrehfuss",False,2026-04-25-DC-BOS,14,11,3,6,360.0,2,3,False,False,333,away,218,1777163877.0,19,False,"scarapell,bsadok,tedmonds,rdinger,ndick,tdecraene,jbabbitt",219,496,fbb1a1b256aad9304a7643d6c97420cec90a0e36fcc18d4c6c56976ebd0a7f69,1777163877.0,False,333,311.714285714286,15.2840832240602,-1.16,15.24,4.35270313323601,a633e4c4822122c8ea942790ae707954646ec32ef0cd98cd06003554f50f702f,0.814807817651261,0.185192182348739,0.876458023145907,0.899557562626715,1.0,0.569670811597143,1031.71428571429,4.0,0.942,0.100442437373285,0.813022746850735,496.0,0900e36c122a884d33c8a4c5d841b108f8de16cd,2026-08-18 08:07:04,2026-06-06 14:01:41,2026-04-25-DC-BOS,glory,breeze,21,16,2026-04-25 19:00:00
cdavisbra,1.58,6.96,bsadok,-3.2,18.7,0,0,0,"ldecraene,tchan,zsinger,mmcdonnel,cdavisbra,bsadok,tallen1",True,2026-04-25-DC-BOS,14,11,3,7,308.0,1,1,True,True,334,home,278,1777163937.0,18,False,"amerriman,lrehfuss,jlightner,blamberty,cmccutche,wvandenbr,xschafer",279,500,e504ee86e640b3e4e111f11166d056c91e8b3b10e52ce2587f27eec249827111,1777163937.0,False,334,308.0,12.6758037220525,-4.78,11.74,22.1539427960801,c36eba8e5529244d1ce2a3dda06ed46e50b475363a4190f6d013ad38634bd8a3,0.986213834602234,0.0137861653977656,0.610453409201006,0.610453409201006,0.63620430353473,0.932307672917875,1028.0,3.0,0.935,0.0257508943337239,0.0661047868007433,500.0,7cfc87b8e3c6fc11a719f511bdc5d72789903d07,2026-08-18 08:07:04,2026-06-06 14:01:41,2026-04-25-DC-BOS,glory,breeze,21,16,2026-04-25 19:00:00
bsadok,-3.2,18.7,ldecraene,-10.94,31.87,0,0,0,"ldecraene,tchan,zsinger,mmcdonnel,cdavisbra,bsadok,tallen1",True,2026-04-25-DC-BOS,14,11,3,7,308.0,1,2,True,True,335,home,279,1777163939.0,18,False,"amerriman,lrehfuss,jlightner,blamberty,cmccutche,wvandenbr,xschafer",280,501,54ffc7b2955e771a8d7355bdfe11b0a89f8c5b162ca07c1bd8935362ceea8196,1777163939.0,False,335,303.052631578947,15.2760106048667,-7.74,13.17,30.4427247356569,f4acf30f03455b2242e22029570ef7fd20e032bda0f2509b2480761567cfaf7d,0.977266196260575,0.0227338037394252,0.610453409201006,0.636149412836104,0.668898106706418,0.890524077665784,1023.05263157895,3.0,0.936,0.0327486938703144,0.0840687472149198,501.0,bf4a1fa9d4dc5821e0455eeaec094da4775e41d7,2026-08-18 08:07:04,2026-06-06 14:01:41,2026-04-25-DC-BOS,glory,breeze,21,16,2026-04-25 19:00:00
ldecraene,-10.94,31.87,bsadok,-14.16,42.77,0,0,0,"ldecraene,tchan,zsinger,mmcdonnel,cdavisbra,bsadok,tallen1",True,2026-04-25-DC-BOS,14,11,3,7,308.0,1,3,True,True,336,home,280,1777163943.0,18,False,"amerriman,lrehfuss,jlightner,blamberty,cmccutche,wvandenbr,xschafer",281,502,1d03af1ed7bb0c094e16d415b11063974374f43bd548b4301ec920d63d42613a,1777163943.0,False,336,298.105263157895,11.3656676002776,-3.22,10.9,16.4578172981565,5159e79a7dac1f138d64fbe5f25b5d91b85fe8319ed1dd0af580c3e6920647d5,0.981312614636283,0.0186873853637166,0.610453409201006,0.668838847507422,0.700612108960776,0.843115612582656,1018.10526315789,3.0,0.938,0.0317732614533547,0.0815647273107562,502.0,2a057c5a7fbee0411ea283a924e7efbf8176f6e2,2026-08-18 08:07:04,2026-06-06 14:01:41,2026-04-25-DC-BOS,glory,breeze,21,16,2026-04-25 19:00:00
bsadok,-14.16,42.77,tallen1,-16.42,57.48,0,0,0,"ldecraene,tchan,zsinger,mmcdonnel,cdavisbra,bsadok,tallen1",True,2026-04-25-DC-BOS,14,11,3,7,308.0,1,4,True,True,337,home,281,1777163947.0,18,False,"amerriman,lrehfuss,jlightner,blamberty,cmccutche,wvandenbr,xschafer",282,503,b2ae63b268a5406985905a9cf44f2d3f2ecd26dc1ff7e68bc128a270cc856095,1777163947.0,False,337,293.157894736842,14.8825972195716,-2.26,14.71,8.73445431288154,2a5e0a61d84196ba7f3c078d6dd5d0e7ba7eb37f2fa0a4b0cca526a6b95ee2b7,0.970704624884617,0.0292953751153834,0.610453409201006,0.700547788640831,0.753824592283757,0.773897522935616,1013.15789473684,3.0,0.94,0.0532768036429259,0.136766191519352,503.0,64d2602cbc76a6391a944c75fa325ba5387609f4,2026-08-18 08:07:04,2026-06-06 14:01:41,2026-04-25-DC-BOS,glory,breeze,21,16,2026-04-25 19:00:00
tallen1,-16.42,57.48,bsadok,-6.16,46.0,0,0,0,"ldecraene,tchan,zsinger,mmcdonnel,cdavisbra,bsadok,tallen1",True,2026-04-25-DC-BOS,14,11,3,7,308.0,1,5,True,True,338,home,282,1777163951.0,18,False,"amerriman,lrehfuss,jlightner,blamberty,cmccutche,wvandenbr,xschafer",283,504,2f15b90d4e1fdca03b3866723bdc02b97a0b1fc9e440e53637e4c29e4da92fd9,1777163951.0,False,338,288.210526315789,15.3966879555312,10.26,-11.48,-138.211941675815,542806cb6e11dc64dc2bc532fd81837798fd758b8e92023f8c3d1a2d15d2f2bb,0.979966747694757,0.0200332523052434,0.610453409201006,0.753758825630328,0.718439660120423,0.83397172926814,1008.21052631579,3.0,0.938,-0.0353191655099045,-0.0906673716164782,504.0,cc46a75552746b979f7ca7235cf8d2abc51cc5f1,2026-08-18 08:07:04,2026-06-06 14:01:41,2026-04-25-DC-BOS,glory,breeze,21,16,2026-04-25 19:00:00
bsadok,-6.16,46.0,cdavisbra,7.25,47.16,0,0,0,"ldecraene,tchan,zsinger,mmcdonnel,cdavisbra,bsadok,tallen1",True,2026-04-25-DC-BOS,14,11,3,7,308.0,1,6,True,True,339,home,283,1777163954.0,18,False,"amerriman,lrehfuss,jlightner,blamberty,cmccutche,wvandenbr,xschafer",284,505,14aaccdf1460cc8d0a2a027578645546f695af93db1ac835dc77e1cfc16d99a9,1777163954.0,False,339,283.263157894737,13.4600780086893,13.41,1.16,-85.0560723325144,93e8f217110f24edfa7a1e37846f9d158269c521a8048af78e8e04f5c75d041f,0.981227353547874,0.0187726464521256,0.610453409201006,0.71835655966348,0.72235162790963,0.82875590151877,1003.26315789474,3.0,0.939,0.00399506824614937,0.0102556878702369,505.0,a8ae25f464bbb3d20e7cc9d6b37cdd23a5829e8d,2026-08-18 08:07:04,2026-06-06 14:01:41,2026-04-25-DC-BOS,glory,breeze,21,16,2026-04-25 19:00:00
cdavisbra,7.25,47.16,zsinger,-12.42,45.16,0,0,0,"ldecraene,tchan,zsinger,mmcdonnel,cdavisbra,bsadok,tallen1",True,2026-04-25-DC-BOS,14,11,3,7,308.0,1,7,True,True,340,home,284,1777163960.0,18,False,"amerriman,lrehfuss,jlightner,blamberty,cmccutche,wvandenbr,xschafer",285,506,dd6daff7b6da17481a0fac58d464edd2939ad671007bd25648fc6279334428e6,1777163960.0,False,340,278.315789473684,19.7714162365775,-19.67,-2.0,95.8057496038078,54c516038eba492cca2f344fb47a079106d5c6c1332245bf51bac520e26b9b00,0.971843556342095,0.028156443657905,0.610453409201006,0.722256181360132,0.711492803338932,0.834485126732866,998.315789473684,3.0,0.938,-0.0107633780211995,-0.0276305280945288,506.0,c15d59495a3a2618e34f9d06a7c17cccbd4ca3a4,2026-08-18 08:07:04,2026-06-06 14:01:41,2026-04-25-DC-BOS,glory,breeze,21,16,2026-04-25 19:00:00
zsinger,-12.42,45.16,cdavisbra,-10.74,57.03,0,0,0,"ldecraene,tchan,zsinger,mmcdonnel,cdavisbra,bsadok,tallen1",True,2026-04-25-DC-BOS,14,11,3,7,308.0,1,8,True,True,341,home,285,1777163964.0,18,False,"amerriman,lrehfuss,jlightner,blamberty,cmccutche,wvandenbr,xschafer",286,507,f98475e388946e251ed8ef6f04a7c8f7667d5d06ee4d490745b0cd4763d1e199,1777163964.0,False,341,273.368421052632,11.9882984614165,1.68,11.87,-8.0557537377946,55415252327b92bc83a1a78af4c9e1ae09211927bcd6db1cdddc6c444f0e8049,0.974769692015634,0.0252303079843661,0.610453409201006,0.711379974235161,0.759557186585653,0.784273669417568,993.368421052632,3.0,0.94,0.0481772123504915,0.123675096864988,507.0,a0f441afb63543b64adbabc33edf57a9fb5b0cb6,2026-08-18 08:07:04,2026-06-06 14:01:41,2026-04-25-DC-BOS,glory,breeze,21,16,2026-04-25 19:00:00
cdavisbra,-10.74,57.03,tallen1,-13.64,73.54,0,0,0,"ldecraene,tchan,zsinger,mmcdonnel,cdavisbra,bsadok,tallen1",True,2026-04-25-DC-BOS,14,11,3,7,308.0,1,9,True,True,342,home,286,1777163969.0,18,False,"amerriman,lrehfuss,jlightner,blamberty,cmccutche,wvandenbr,xschafer",287,508,d75cdc7c423fc777233d181cb4c3e750705ec7345771cc8037e5a6157e3a0703,1777163969.0,False,342,268.421052631579,16.7627593193961,-2.9,16.51,9.9624393981068,4962c15d99e5b15c960ad2866e41d10d2eeffb486be01b089b802a459c092870,0.957086861226117,0.0429131387738827,0.610453409201006,0.759441743603809,0.828030362445775,0.713398668307314,988.421052631579,3.0,0.944,0.0685886188419653,0.176072953690299,508.0,dfdae42b6412a38110711adc12958c8c9aafaa24,2026-08-18 08:07:04,2026-06-06 14:01:41,2026-04-25-DC-BOS,glory,breeze,21,16,2026-04-25 19:00:00
tallen1,-13.64,73.54,cdavisbra,-5.26,60.83,0,0,0,"ldecraene,tchan,zsinger,mmcdonnel,cdavisbra,bsadok,tallen1",True,2026-04-25-DC-BOS,14,11,3,7,308.0,1,10,True,True,343,home,287,1777163972.0,18,False,"amerriman,lrehfuss,jlightner,blamberty,cmccutche,wvandenbr,xschafer",288,509,4c3555dbe45e0268dfa32899e44b00090db7777343e6a362af88dedb11fce6e5,1777163972.0,False,343,263.473684210526,15.2239449552342,8.38,-12.71,-146.602202088048,cdc496ae4ffdfa741768e1b9081c2ea4e739d65206d3fde333a3a14ae8b8c72d,0.976911600598091,0.0230883994019085,0.610453409201006,0.827927372409644,0.777125362325363,0.770169374403989,983.473684210526,3.0,0.941,-0.0508020100842815,-0.130413181078243,509.0,fdb0814b19c610c90d617fd985c3d439bc419ea8,2026-08-18 08:07:04,2026-06-06 14:01:41,2026-04-25-DC-BOS,glory,breeze,21,16,2026-04-25 19:00:00
cdavisbra,-5.26,60.83,ldecraene,-6.23,76.51,0,0,0,"ldecraene,tchan,zsinger,mmcdonnel,cdavisbra,bsadok,tallen1",True,2026-04-25-DC-BOS,14,11,3,7,308.0,1,11,True,True,344,home,288,1777163977.0,18,False,"amerriman,lrehfuss,jlightner,blamberty,cmccutche,wvandenbr,xschafer",289,510,155037d485ff8d67e788627e007e6b804da31bddce5a73b719e3c8c1b814317d,1777163977.0,False,344,258.526315789474,15.7099745384899,-0.970000000000001,15.68,3.53993444055715,3f047cca9bf23ef8c17c3b7db1b5c02720ced665c2ff5671ebe11c1333a0a89b,0.961659400136037,0.038340599863963,0.610453409201006,0.776982811872494,0.844195271720145,0.708557689704823,978.526315789474,3.0,0.945,0.0672124598476513,0.172540233787678,510.0,9370551d0b725fb120aa4c31ec33f8c8f33a6b2b,2026-08-18 08:07:04,2026-06-06 14:01:41,2026-04-25-DC-BOS,glory,breeze,21,16,2026-04-25 19:00:00
ldecraene,-6.23,76.51,cdavisbra,-9.9,81.48,0,0,0,"ldecraene,tchan,zsinger,mmcdonnel,cdavisbra,bsadok,tallen1",True,2026-04-25-DC-BOS,14,11,3,7,308.0,1,12,True,True,345,home,289,1777163986.0,18,False,"amerriman,lrehfuss,jlightner,blamberty,cmccutche,wvandenbr,xschafer",290,512,551851a7f2470cf2dae5ec7f55016a5f859d85ae4c081f4b7c27d9e52ab2db47,1777163986.0,False,345,253.578947368421,6.17817125045915,-3.67,4.97,36.4432940275852,475d9869e30f2567dbb0f21f5a79e12b55668e0b9bc18fda3d6a4986b5fd810c,0.982901690679733,0.0170983093202667,0.610453409201006,0.844072743526376,0.864073776217175,0.689378503428449,973.578947368421,3.0,0.946,0.0200010326907984,0.0513443915650105,512.0,395ed91768359dd050e92c6892eb406844159928,2026-08-18 08:07:04,2026-06-06 14:01:41,2026-04-25-DC-BOS,glory,breeze,21,16,2026-04-25 19:00:00
cdavisbra,-9.9,91.48,tchan,0.8,78.25,0,0,0,"ldecraene,tchan,zsinger,mmcdonnel,cdavisbra,bsadok,tallen1",True,2026-04-25-DC-BOS,14,11,3,7,308.0,1,13,True,True,346,home,291,1777164003.0,18,False,"amerriman,lrehfuss,jlightner,blamberty,cmccutche,wvandenbr,xschafer",292,514,ca77c5e70f037344ef16f242ff1bc319737bfb7add948ac9fb2671748c886344,1777164003.0,False,346,248.631578947368,17.015372461395,10.7,-13.23,-141.035178086485,d02b45f3d3925ee12acb08135c15d15148fba63a0474d23bd5af001c641d278c,0.9650369170801,0.0349630829199,0.610453409201006,0.902943404252957,0.851716763148771,0.702662332237516,968.631578947368,3.0,0.945,-0.0512266411041861,-0.131503245861081,514.0,4f9e337cd694bce2c4b105988b099bc6a6c8c529,2026-08-18 08:07:04,2026-06-06 14:01:41,2026-04-25-DC-BOS,glory,breeze,21,16,2026-04-25 19:00:00
tchan,0.8,78.25,tallen1,0.35,82.45,0,0,0,"ldecraene,tchan,zsinger,mmcdonnel,cdavisbra,bsadok,tallen1",True,2026-04-25-DC-BOS,14,11,3,7,308.0,1,14,True,True,347,home,292,1777164007.0,18,False,"amerriman,lrehfuss,jlightner,blamberty,cmccutche,wvandenbr,xschafer",293,515,2c125c79120fc1430d526a1da324e2fc58d8d5e874c95d056b5b5af2b401f026,1777164007.0,False,347,243.684210526316,4.22403835209862,-0.45,4.2,6.11550356628541,872330a673bd1560fed550d666e17546d67cfb2e584c7fd213958ff33ecfeb53,0.986710247962265,0.0132897520377353,0.610453409201006,0.85156841706899,0.868971600369901,0.688176333246557,963.684210526316,3.0,0.946,0.0174031833009111,0.0446754860958111,515.0,ba56a9ac15c7dab1c52930ae66b09e119abbc703,2026-08-18 08:07:04,2026-06-06 14:01:41,2026-04-25-DC-BOS,glory,breeze,21,16,2026-04-25 19:00:00
tallen1,0.35,82.45,cdavisbra,5.44,76.06,0,0,0,"ldecraene,tchan,zsinger,mmcdonnel,cdavisbra,bsadok,tallen1",True,2026-04-25-DC-BOS,14,11,3,7,308.0,1,15,True,True,348,home,293,1777164012.0,18,False,"amerriman,lrehfuss,jlightner,blamberty,cmccutche,wvandenbr,xschafer",294,516,2a18d68d50ef8ba1561bf466ed8f9bef425a3c53906ff04bd6b8573e9e7f3081,1777164012.0,False,348,238.736842105263,8.16946754690904,5.09,-6.39,-141.460675906808,0f1d983a163a9cbb44b4b3025641402bd80afd2c7eeb13bc71e76a70c6d603c7,0.984235420819891,0.0157645791801093,0.610453409201006,0.86882253829035,0.841794977434071,0.709413242457745,958.736842105263,3.0,0.945,-0.027027560856279,-0.0693821008697397,516.0,f9210df8fc670c31423f08ca2e78dfb53388fbb7,2026-08-18 08:07:04,2026-06-06 14:01:41,2026-04-25-DC-BOS,glory,breeze,21,16,2026-04-25 19:00:00
cdavisbra,5.44,76.06,mmcdonnel,-4.42,83.41,0,0,0,"ldecraene,tchan,zsinger,mmcdonnel,cdavisbra,bsadok,tallen1",True,2026-04-25-DC-BOS,14,11,3,7,308.0,1,16,True,True,349,home,294,1777164013.0,18,False,"amerriman,lrehfuss,jlightner,blamberty,cmccutche,wvandenbr,xschafer",295,517,e5cf73b6200fcdba66f43c00d7026a45947d1ee7012e0a29db54d50d95902463,1777164013.0,False,349,233.789473684211,12.2980526913817,-9.86,7.34999999999999,53.2978241114183,8d73fbc6cb9f422ac95329b0fda9f60e6574efdc33bdde2096824dab0ecfd934,0.97209309615273,0.0279069038472702,0.610453409201006,0.841601558450971,0.872358781292792,0.68411186796144,953.789473684211,3.0,0.947,0.0307572228418211,0.0789564677712501,517.0,833471d162559e666a22466c0a0b435257845fd1,2026-08-18 08:07:04,2026-06-06 14:01:41,2026-04-25-DC-BOS,glory,breeze,21,16,2026-04-25 19:00:00
mmcdonnel,-4.42,83.41,cdavisbra,2.67,75.48,0,0,0,"ldecraene,tchan,zsinger,mmcdonnel,cdavisbra,bsadok,tallen1",True,2026-04-25-DC-BOS,14,11,3,7,308.0,1,17,True,True,350,home,295,1777164014.0,18,False,"amerriman,lrehfuss,jlightner,blamberty,cmccutche,wvandenbr,xschafer",296,518,087ac2b308c1da651d551d8a642a3d21627d24a667f791a2a0c54ca57682c6b8,1777164014.0,False,350,228.842105263158,10.6373398930372,7.09,-7.92999999999999,-138.200956881264,942ae34bd53fabfa2eb15802d5a495410aba049ff6ec1cfa7b7776f54e61ed1b,0.980972536792551,0.0190274632074487,0.610453409201006,0.872180138044728,0.839163567620826,0.71126261662584,948.842105263158,3.0,0.945,-0.0330165704239025,-0.0847564096407124,518.0,b47cfa98d8c85179ac0a6a529b2dbafff1a8ca05,2026-08-18 08:07:04,2026-06-06 14:01:41,2026-04-25-DC-BOS,glory,breeze,21,16,2026-04-25 19:00:00
cdavisbra,2.67,75.48,ldecraene,18.86,94.19,0,0,0,"ldecraene,tchan,zsinger,mmcdonnel,cdavisbra,bsadok,tallen1",True,2026-04-25-DC-BOS,14,11,3,7,308.0,1,18,True,True,351,home,296,1777164022.0,18,False,"amerriman,lrehfuss,jlightner,blamberty,cmccutche,wvandenbr,xschafer",297,519,6c0588ecd48a05c158dccd74d5979f59895ce3815af583c92efb72fc6bb2c282,1777164022.0,False,351,223.894736842105,24.7422755622841,16.19,18.71,-40.8700510977941,86adf56d401045b5dde928db15a3b11d265667e18cf06e12829f4a3bf413a3f9,0.934263300806131,0.0657366991938694,0.610453409201006,0.838925364390868,0.903851268702883,0.629969532815496,943.894736842105,3.0,0.948,0.0649259043120151,0.166670446733589,519.0,75c8193c177947655466e2b4519c9e714645a43c,2026-08-18 08:07:04,2026-06-06 14:01:41,2026-04-25-DC-BOS,glory,breeze,21,16,2026-04-25 19:00:00
ldecraene,18.86,94.19,tchan,17.76,113.93,0,0,0,"ldecraene,tchan,zsinger,mmcdonnel,cdavisbra,bsadok,tallen1",True,2026-04-25-DC-BOS,15,11,3,7,308.0,1,19,True,True,352,home,297,1777164037.0,19,False,"amerriman,lrehfuss,jlightner,blamberty,cmccutche,wvandenbr,xschafer",298,521,ea03e7956ec7c1d957fa462fbb2c7c12cd638e358a2298f4d6f73fdd4a9d9481,1777164037.0,False,352,218.947368421053,19.7706246739955,-1.1,19.74,3.18947533264217,3e8eaf14b362c7a788cf04e52b08c8c1f4bf18ca7a8664edbc96dd303afdabbd,0.923049565749736,0.0769504342502645,0.610453409201006,0.903683157721615,1.0,0.6184398440405,938.947368421053,3.0,0.952,0.0963168422783851,0.247253716380449,521.0,77de61f4643ff1f15f9a55d994504a92d24bfba7,2026-08-18 08:07:04,2026-06-06 14:01:41,2026-04-25-DC-BOS,glory,breeze,21,16,2026-04-25 19:00:00
tshapinsk,-0.18,10.16,aroy,5.86,25.81,0,0,0,"aroy,tshapinsk,smott,jnissen,zburpee,cboxley,cloverane",False,2026-04-25-DC-BOS,15,11,3,8,214.0,1,1,True,True,353,away,224,1777164088.0,18,False,"ghaflin,mmcdonnel,kdelorenz,zsinger,mcoe,sfisherol,itran",225,525,1bdee8ff8a139cd9e37711c9fd8f8c5a320871969fd508b20dc6b3bdbc4603ff,1777164088.0,False,353,214.0,16.7751035764314,6.04,15.65,-21.1037205421461,61f585f16d5b35720ba49613f923c6518ed9c61eaa46a0ddee0c61b060b8925e,0.976663367830159,0.0233366321698413,0.612822057204633,0.612822057204633,0.649920362187111,0.912190274148169,934.0,4.0,0.957,0.037098304982478,0.0958171963894271,525.0,64b3a5890bd79f2256831ba38f8160725697fd86,2026-08-18 08:07:04,2026-06-06 14:01:41,2026-04-25-DC-BOS,glory,breeze,21,16,2026-04-25 19:00:00
aroy,5.86,25.81,jnissen,11.97,33.98,0,0,0,"aroy,tshapinsk,smott,jnissen,zburpee,cboxley,cloverane",False,2026-04-25-DC-BOS,15,11,3,8,214.0,1,2,True,True,354,away,225,1777164090.0,18,False,"ghaflin,mmcdonnel,kdelorenz,zsinger,mcoe,sfisherol,itran",226,526,5c0267cc622935a66b62f93e712c2fd0c3bfd8a96360bad2b8956ba18f63c8d6,1777164090.0,False,354,210.384615384615,10.2020096059551,6.11,8.17,-36.7912718460336,6ee74c2ed65929d1686352ce288f80352afd3a2c9a31aec050034ffa95f98ee6,0.985943330215584,0.0140566697844162,0.612822057204633,0.649542613347583,0.669329575083305,0.880028545373902,930.384615384615,4.0,0.957,0.0197869617357221,0.0511056017108393,526.0,ee7a375ca63c012c984194b1d7d93b3033167821,2026-08-18 08:07:04,2026-06-06 14:01:41,2026-04-25-DC-BOS,glory,breeze,21,16,2026-04-25 19:00:00
jnissen,11.97,33.98,aroy,12.66,43.66,0,0,0,"aroy,tshapinsk,smott,jnissen,zburpee,cboxley,cloverane",False,2026-04-25-DC-BOS,15,11,3,8,214.0,1,3,True,True,355,away,226,1777164096.0,18,False,"ghaflin,mmcdonnel,kdelorenz,zsinger,mcoe,sfisherol,itran",227,527,030ab68687a74aca2adfb2a5f7e56f4235c06d686d155d9970c245c4024d5897,1777164096.0,False,355,206.769230769231,9.70456078346671,0.69,9.68,-4.07720392055172,1e1cf29cec21a49b859b8c56327342811283b539a26d1c05ce67f85448b699ae,0.983162074045568,0.0168379259544317,0.612822057204633,0.668939304106487,0.700859941037234,0.838643633124221,926.769230769231,4.0,0.956,0.0319206369307469,0.0824443580134877,527.0,076377f0fbfc8952f2def3f9cabbb2ad8b36642d,2026-08-18 08:07:04,2026-06-06 14:01:41,2026-04-25-DC-BOS,glory,breeze,21,16,2026-04-25 19:00:00
aroy,12.66,43.66,cloverane,15.2,54.91,0,0,0,"aroy,tshapinsk,smott,jnissen,zburpee,cboxley,cloverane",False,2026-04-25-DC-BOS,15,11,3,8,214.0,1,4,True,True,356,away,227,1777164098.0,18,False,"ghaflin,mmcdonnel,kdelorenz,zsinger,mcoe,sfisherol,itran",228,528,d6eaf0419d6c999b26edf4e46493fcc9e83fa155197227d310ac913cecdbb627,1777164098.0,False,356,203.153846153846,11.5331738909981,2.54,11.25,-12.7227924906089,4f4443a54d010388a731ff57b52a0e118265dd1645f9616524dd3d39e2b177ed,0.978830308168995,0.0211696918310049,0.612822057204633,0.700467922712775,0.739868711933656,0.785357548914139,923.153846153846,4.0,0.954,0.0394007892208814,0.101764033706088,528.0,ffc412fe23b9965bf2973a0bd19352152944c673,2026-08-18 08:07:04,2026-06-06 14:01:41,2026-04-25-DC-BOS,glory,breeze,21,16,2026-04-25 19:00:00
cloverane,15.2,54.91,aroy,13.96,68.64,0,0,0,"aroy,tshapinsk,smott,jnissen,zburpee,cboxley,cloverane",False,2026-04-25-DC-BOS,15,11,3,8,214.0,1,5,True,True,357,away,228,1777164102.0,18,False,"ghaflin,mmcdonnel,kdelorenz,zsinger,mcoe,sfisherol,itran",229,529,426120503d6dd50410a47a64eadcae26720f2a24f5e6659791e409dc4875582c,1777164102.0,False,357,199.538461538462,13.7858804579178,-1.24,13.73,5.16056393396653,5a858d332500b01786caf5b4cc4e30fbcc3b082db276a1b3491e83ef42f8770e,0.967077018198951,0.0329229818010491,0.612822057204633,0.739487678974088,0.801791734514069,0.728523685681571,919.538461538462,4.0,0.952,0.0623040555399812,0.160918401214065,529.0,4ee2a310fd8ea53ecd0a3fc424c0e786535722dc,2026-08-18 08:07:04,2026-06-06 14:01:41,2026-04-25-DC-BOS,glory,breeze,21,16,2026-04-25 19:00:00
aroy,13.96,68.64,jnissen,1.4,56.36,0,0,0,"aroy,tshapinsk,smott,jnissen,zburpee,cboxley,cloverane",False,2026-04-25-DC-BOS,15,11,3,8,214.0,1,6,True,True,358,away,229,1777164106.0,18,False,"ghaflin,mmcdonnel,kdelorenz,zsinger,mcoe,sfisherol,itran",230,530,6ffb08da83035f9fe20fa8493f915361991b0f45814893f1c3bf0cb4437fb774,1777164106.0,False,358,195.923076923077,17.5656482943272,-12.56,-12.28,134.354181206026,2bf273285d4c9a4d10499482fca8bf5ddec6e0daf7a528bb7c684351e89e6b61,0.974819316440402,0.0251806835595976,0.612822057204633,0.801459071754632,0.754602863021134,0.785490440181987,915.923076923077,4.0,0.954,-0.0468562087334982,-0.121019829784733,530.0,e88fcda1d034b6574277b1b324e355b302a734ea,2026-08-18 08:07:04,2026-06-06 14:01:41,2026-04-25-DC-BOS,glory,breeze,21,16,2026-04-25 19:00:00
jnissen,1.4,56.36,smott,-18.64,73.59,0,0,0,"aroy,tshapinsk,smott,jnissen,zburpee,cboxley,cloverane",False,2026-04-25-DC-BOS,15,11,3,8,214.0,1,7,True,True,359,away,230,1777164109.0,18,False,"ghaflin,mmcdonnel,kdelorenz,zsinger,mcoe,sfisherol,itran",231,531,28a1e354a239d7a8f5198fc5f96f50cdb6b2828f024c2dba38db18bf0d8cc41f,1777164109.0,False,359,192.307692307692,26.4286681465412,-20.04,17.23,49.311701242193,76a732a0e2e0bd7ff329289ccc11d1746e3c65dbefc4f017e2ff9459e8a5079a,0.939851253455752,0.0601487465442477,0.612822057204633,0.754193686357166,0.815574467222474,0.693450306646182,912.307692307692,4.0,0.951,0.0613807808653087,0.158533774992833,531.0,f43115974a7bade019e37076482fb142dffb9ba1,2026-08-18 08:07:04,2026-06-06 14:01:41,2026-04-25-DC-BOS,glory,breeze,21,16,2026-04-25 19:00:00
smott,-18.64,73.59,aroy,-1.14,65.21,0,0,0,"aroy,tshapinsk,smott,jnissen,zburpee,cboxley,cloverane",False,2026-04-25-DC-BOS,15,11,3,8,214.0,1,8,True,True,360,away,231,1777164115.0,18,False,"ghaflin,mmcdonnel,kdelorenz,zsinger,mcoe,sfisherol,itran",232,532,c415958db699a78518e584ad7177b2c1407eca2f9f12936890524e32df5e1bd1,1777164115.0,False,360,188.692307692308,19.4029482295861,17.5,-8.38000000000001,-115.587762911785,83765805bcd29e1f5fd7b536fec35981c0116e3096d7599e094f8aaa5dc9d05f,0.961348605730022,0.0386513942699784,0.612822057204633,0.815224008967824,0.79156707349346,0.747291345674861,908.692307692308,4.0,0.952,-0.023656935474364,-0.0611009379913651,532.0,a4af0eea92a109203a2ed976b942f7e5bf807ba7,2026-08-18 08:07:04,2026-06-06 14:01:41,2026-04-25-DC-BOS,glory,breeze,21,16,2026-04-25 19:00:00
aroy,-1.14,65.21,smott,8.88,67.68,0,0,0,"aroy,tshapinsk,smott,jnissen,zburpee,cboxley,cloverane",False,2026-04-25-DC-BOS,15,11,3,8,214.0,1,9,True,True,361,away,232,1777164118.0,18,False,"ghaflin,mmcdonnel,kdelorenz,zsinger,mcoe,sfisherol,itran",233,533,c263babcca6a5ee839548cac502a5a3c12da49846ec558fee2462c24d8ecc495,1777164118.0,False,361,185.076923076923,10.3199467052887,10.02,2.47000000000001,-76.1522731051913,ba38a7542c1591181552afa29c1ba440b822e0871779b8bdf66982f44b7cb9b4,0.981433436932048,0.018566563067952,0.612822057204633,0.791162313154188,0.800681749598417,0.735371459777541,905.076923076923,4.0,0.952,0.0095194364442287,0.0245867220004833,533.0,aedd9eeeaa1df05383f10b02965a9b3c6664b1da,2026-08-18 08:07:04,2026-06-06 14:01:41,2026-04-25-DC-BOS,glory,breeze,21,16,2026-04-25 19:00:00
smott,8.88,67.68,cboxley,-10.95,80.11,0,0,0,"aroy,tshapinsk,smott,jnissen,zburpee,cboxley,cloverane",False,2026-04-25-DC-BOS,15,11,3,8,214.0,1,10,True,True,362,away,233,1777164126.0,18,False,"ghaflin,mmcdonnel,kdelorenz,zsinger,mcoe,sfisherol,itran",234,534,b0ac2c23b7c9a1a1696b368c62bb9c0e1622f1146cb11cbdc2ed5a1de7e796ff,1777164126.0,False,362,181.461538461538,23.4037133805727,-19.83,12.43,57.9193608178975,25d9445013f1d64b428edbaaeab910c72194d30d749f7899498cc54dc451a4bf,0.930651617244178,0.0693483827558219,0.612822057204633,0.800269984661137,0.854062867904527,0.686349597525053,901.461538461538,4.0,0.949,0.05379288324339,0.138935815545208,534.0,e644d91380d99b48f096b5054ae575c3b62eb344,2026-08-18 08:07:04,2026-06-06 14:01:41,2026-04-25-DC-BOS,glory,breeze,21,16,2026-04-25 19:00:00
cboxley,-10.95,80.11,aroy,-13.63,89.38,0,0,0,"aroy,tshapinsk,smott,jnissen,zburpee,cboxley,cloverane",False,2026-04-25-DC-BOS,15,11,3,8,214.0,1,11,True,True,363,away,234,1777164127.0,18,False,"ghaflin,mmcdonnel,kdelorenz,zsinger,mcoe,sfisherol,itran",235,535,ca83e82304b44e98de1149df7f3909448343220046700b4c2db1e565dda85e6b,1777164127.0,False,363,177.846153846154,9.64962693579394,-2.68,9.27,16.1248269370165,5be8d485cc68230178ee5b061bf8c91f32f62f12aeafd1e27c6b58d76e45810a,0.973255389129653,0.0267446108703474,0.612822057204633,0.853724679478827,0.890221913819299,0.651705772327224,897.846153846154,4.0,0.947,0.0364972343404718,0.09426475608855,535.0,e1a4d6638ef2e3c7d5b89d494a1973a94fbb55c7,2026-08-18 08:07:04,2026-06-06 14:01:41,2026-04-25-DC-BOS,glory,breeze,21,16,2026-04-25 19:00:00
aroy,-13.63,89.38,cboxley,-16.38,97.82,0,0,0,"aroy,tshapinsk,smott,jnissen,zburpee,cboxley,cloverane",False,2026-04-25-DC-BOS,15,11,3,8,214.0,1,12,True,True,364,away,235,1777164129.0,18,False,"ghaflin,mmcdonnel,kdelorenz,zsinger,mcoe,sfisherol,itran",236,536,ec9c1a9662490d02795a716103a428a7c666fb83bb9d0ac6ed7156d926a756c4,1777164129.0,False,364,174.230769230769,8.87671673537012,-2.75,8.44,18.0471315141922,19cbd278a5019edf31ae6d79406b8688a4f418640d7a783b8a7141cb3828fca7,0.973599568566955,0.0264004314330454,0.612822057204633,0.889940189072528,0.918646475264349,0.620002701131458,894.230769230769,4.0,0.945,0.0287062861918208,0.0741423594137769,536.0,3ac2302c9ce93e6abda63abe64ea075a55ba9add,2026-08-18 08:07:04,2026-06-06 14:01:41,2026-04-25-DC-BOS,glory,breeze,21,16,2026-04-25 19:00:00
cboxley,-16.38,97.82,zburpee,-23.72,110.11,0,0,0,"aroy,tshapinsk,smott,jnissen,zburpee,cboxley,cloverane",False,2026-04-25-DC-BOS,15,12,3,8,214.0,1,13,True,True,365,away,236,1777164135.0,19,False,"ghaflin,mmcdonnel,kdelorenz,zsinger,mcoe,sfisherol,itran",237,538,a20c0bab770a4eef90c684fe984c9dab3b4c94db16cf3169d04588a4ef679d47,1777164135.0,False,365,170.615384615385,14.3150165909789,-7.34,12.29,30.847064678117,b8db2975a11184488a4880ac7191b796e451af481cbb94d740ac13bbd4a10884,0.928178880815888,0.0718211191841119,0.612822057204633,0.918414182983606,1.0,0.574163510526004,890.615384615385,4.0,0.943,0.0815858170163938,0.210719175858409,538.0,1ce8c72f9a21cf9cb6a0d993838138247c4e1a2b,2026-08-18 08:07:04,2026-06-06 14:01:41,2026-04-25-DC-BOS,glory,breeze,21,16,2026-04-25 19:00:00
bsadok,-9.0,13.54,rdinger,2.93,19.48,0,0,0,"scarapell,bsadok,tedmonds,rdinger,ndick,tdecraene,jbabbitt",True,2026-04-25-DC-BOS,15,12,3,9,167.0,1,1,True,True,366,home,302,1777164187.0,18,False,"cmccutche,bgreenber,ilee,lblumenfe,jlightner,blamberty,wvandenbr",303,542,2037155128f5db3f05fb9fc0e1433ceb2ddd544e861dd4e6d5d2676e2120a401,1777164187.0,False,366,167.0,13.3269839048451,11.93,5.94,-63.5310825909539,df64188d1d09286cf69937e4e1e336dc7c9848413697afd1091fa0740f1d9593,0.985724128691841,0.014275871308159,0.611030087126557,0.611030087126557,0.62676363043901,0.929138402253886,887.0,3.0,0.935,0.0157335433124534,0.0404492553067272,542.0,d1260dbf6b86e3db99417db82191c2a8d09305fa,2026-08-18 08:07:04,2026-06-06 14:01:41,2026-04-25-DC-BOS,glory,breeze,21,16,2026-04-25 19:00:00
rdinger,2.93,19.48,bsadok,-9.19,20.51,0,0,0,"scarapell,bsadok,tedmonds,rdinger,ndick,tdecraene,jbabbitt",True,2026-04-25-DC-BOS,15,12,3,9,167.0,1,2,True,True,367,home,303,1777164190.0,18,False,"cmccutche,bgreenber,ilee,lblumenfe,jlightner,blamberty,wvandenbr",304,543,1574f739683c89abaa3562224c4102e308de0638959a2774295e8a070d3c9b82,1777164190.0,False,367,162.35,12.1636877631745,-12.12,1.03,85.1424757751264,842b8d506dd11d6661d4fa5730bbd8107c840dae8627118727523eca687ae565,0.988129352661738,0.0118706473382618,0.611030087126557,0.625626761469072,0.626442460372251,0.926649645394789,882.35,3.0,0.935,0.000815698903179007,0.0020970745453117,543.0,9cdabc9baad6c5e263a134531327368253123486,2026-08-18 08:07:04,2026-06-06 14:01:41,2026-04-25-DC-BOS,glory,breeze,21,16,2026-04-25 19:00:00
bsadok,-9.19,20.51,rdinger,-9.32,37.74,0,0,0,"scarapell,bsadok,tedmonds,rdinger,ndick,tdecraene,jbabbitt",True,2026-04-25-DC-BOS,15,12,3,9,167.0,1,3,True,True,368,home,304,1777164195.0,18,False,"cmccutche,bgreenber,ilee,lblumenfe,jlightner,blamberty,wvandenbr",305,544,80e456f85ebeff7c108e9eff40940c4b70323c14d21640b23f877d08efa11187,1777164195.0,False,368,157.7,17.2304904167003,-0.130000000000001,17.23,0.432287289779296,3682a5db5e38fd0ccf93d6f6d2723a15b17f901398b1f9261d6e9e5bd068720c,0.967266295849867,0.0327337041501331,0.611030087126557,0.625146601446922,0.675782646129355,0.861031678393059,877.7,3.0,0.937,0.0506360446824329,0.130179849408836,544.0,e650dc650c823378ef2bd2305d7520ba1b2c8d3e,2026-08-18 08:07:04,2026-06-06 14:01:41,2026-04-25-DC-BOS,glory,breeze,21,16,2026-04-25 19:00:00
rdinger,-9.32,37.74,tdecraene,5.96,31.67,0,0,0,"scarapell,bsadok,tedmonds,rdinger,ndick,tdecraene,jbabbitt",True,2026-04-25-DC-BOS,15,12,3,9,167.0,1,4,True,True,369,home,305,1777164200.0,18,False,"cmccutche,bgreenber,ilee,lblumenfe,jlightner,blamberty,wvandenbr",306,545,76e6e8ae2aca77142677559673cc59a75eec61684d8e4432360d7fbb900cf55e,1777164200.0,False,369,153.05,16.4415114876948,15.28,-6.07,-111.665515075513,77b2d6cec93dd3b628186b49d58bd9c56f9e0bb806a96df3c7ebcf278aee6d26,0.982482868021013,0.0175171319789874,0.611030087126557,0.674394195506051,0.656068372276148,0.886099838429632,873.05,3.0,0.936,-0.0183258232299033,-0.0471137294258177,545.0,cca8de7ab34ddda43add59ae3330f9428dbc2086,2026-08-18 08:07:04,2026-06-06 14:01:41,2026-04-25-DC-BOS,glory,breeze,21,16,2026-04-25 19:00:00
tdecraene,5.96,31.67,ndick,5.64,50.64,0,0,0,"scarapell,bsadok,tedmonds,rdinger,ndick,tdecraene,jbabbitt",True,2026-04-25-DC-BOS,15,12,3,9,167.0,1,5,True,True,370,home,306,1777164210.0,18,False,"cmccutche,bgreenber,ilee,lblumenfe,jlightner,blamberty,wvandenbr",307,546,a2b7867ae3ac7017aae1874acdc59eddc8a2a071467a56920dd7ff8ad89280dc,1777164210.0,False,370,148.4,18.9726988064429,-0.32,18.97,0.966415955334398,f1953c78b6e610c08a07295b095135b5f351c1138597a3a9d498edaba8262c16,0.958908316984859,0.0410916830151412,0.611030087126557,0.654431565839393,0.72192566623908,0.802937480234795,868.4,3.0,0.939,0.0674941003996878,0.173520105709688,546.0,00d2d0be2ef90de5612dc533011cc14b3fb80307,2026-08-18 08:07:04,2026-06-06 14:01:41,2026-04-25-DC-BOS,glory,breeze,21,16,2026-04-25 19:00:00
ndick,5.64,50.64,tdecraene,1.45,46.7,0,0,0,"scarapell,bsadok,tedmonds,rdinger,ndick,tdecraene,jbabbitt",True,2026-04-25-DC-BOS,15,12,3,9,167.0,1,6,True,True,371,home,307,1777164212.0,18,False,"cmccutche,bgreenber,ilee,lblumenfe,jlightner,blamberty,wvandenbr",308,547,f0395737beece3e5c8f4081792d8f881e6e0840190410010215773450d615ab5,1777164212.0,False,371,143.75,5.75149545770489,-4.19,-3.94,133.238692174742,8959bb168f1d4b89f73d4103651f1ea27969c4d53180f4cb9ce403da824698f2,0.99146843495374,0.00853156504626018,0.611030087126557,0.720260200426552,0.705258702361534,0.819845749705416,863.75,3.0,0.938,-0.0150014980650176,-0.0385672453537519,547.0,e8f63d3d126a944e82c9dc7fb456181135d15f16,2026-08-18 08:07:04,2026-06-06 14:01:41,2026-04-25-DC-BOS,glory,breeze,21,16,2026-04-25 19:00:00
tdecraene,1.45,46.7,ndick,-18.03,61.67,0,0,0,"scarapell,bsadok,tedmonds,rdinger,ndick,tdecraene,jbabbitt",True,2026-04-25-DC-BOS,15,12,3,9,167.0,1,7,True,True,372,home,308,1777164217.0,18,False,"cmccutche,bgreenber,ilee,lblumenfe,jlightner,blamberty,wvandenbr",309,548,6b689579e62c905cb8d052e7ae31889ce0a140170a585e70441c7689cbcc6515,1777164217.0,False,372,139.1,24.5676881289225,-19.48,14.97,52.4584248900703,d47c73ca977daba4dc142c050eb7b217073779556e2babd4d12e8a13100b77bd,0.952072882500477,0.0479271174995227,0.611030087126557,0.70329350434958,0.751413558649857,0.733716992488758,859.1,3.0,0.941,0.0481200543002773,0.123711507516865,548.0,45848eb2d2f08739e3f1c3bdde4b508af8080bbf,2026-08-18 08:07:04,2026-06-06 14:01:41,2026-04-25-DC-BOS,glory,breeze,21,16,2026-04-25 19:00:00
ndick,-18.03,61.67,tedmonds,-23.32,75.8,0,0,0,"scarapell,bsadok,tedmonds,rdinger,ndick,tdecraene,jbabbitt",True,2026-04-25-DC-BOS,15,12,3,9,167.0,1,8,True,True,373,home,309,1777164221.0,18,False,"cmccutche,bgreenber,ilee,lblumenfe,jlightner,blamberty,wvandenbr",310,549,b5b91fba1acaf6943a1c8994e3b02ff97638ff7a500fa824081fb8dead71dfd7,1777164221.0,False,373,134.45,15.0877765094794,-5.29,14.13,20.5249327832193,5f7f5efcc060a5ba8496049797d60a457f11f97615a5fb9454456f734c07efcd,0.95371154466278,0.0462884553372199,0.611030087126557,0.749407645242043,0.794850996509386,0.643481877147712,854.45,3.0,0.943,0.0454433512673424,0.116829990606826,549.0,7d0aaa3775de5b3d91ed0a1265a62bc8423535a5,2026-08-18 08:07:04,2026-06-06 14:01:41,2026-04-25-DC-BOS,glory,breeze,21,16,2026-04-25 19:00:00
tedmonds,-23.32,75.8,tdecraene,-11.9,66.32,0,0,0,"scarapell,bsadok,tedmonds,rdinger,ndick,tdecraene,jbabbitt",True,2026-04-25-DC-BOS,15,12,3,9,167.0,1,9,True,True,374,home,310,1777164225.0,18,False,"cmccutche,bgreenber,ilee,lblumenfe,jlightner,blamberty,wvandenbr",311,550,321a574c49a7c4e403c7b7dd105ec94edd4be220ed0f3523ad663b83300d5dd2,1777164225.0,False,374,129.8,14.8420618513736,11.42,-9.48,-129.696831820708,8f3cf269ad23201615eb8ce26cc175cc5a9c503d0de91edf1d8ce8b38becd2f6,0.967327212492881,0.0326727875071192,0.611030087126557,0.792870294894278,0.779754188929311,0.722602837818554,849.8,3.0,0.942,-0.0131161059649667,-0.033720104128553,550.0,bff2ba37b4f416ceff278f071188a80defd9882c,2026-08-18 08:07:04,2026-06-06 14:01:41,2026-04-25-DC-BOS,glory,breeze,21,16,2026-04-25 19:00:00
tdecraene,-11.9,66.32,bsadok,6.67,72.19,0,0,0,"scarapell,bsadok,tedmonds,rdinger,ndick,tdecraene,jbabbitt",True,2026-04-25-DC-BOS,15,12,3,9,167.0,1,10,True,True,375,home,311,1777164228.0,18,False,"cmccutche,bgreenber,ilee,lblumenfe,jlightner,blamberty,wvandenbr",312,551,9c0e861c51de93c20a3cba5def8aba90f1c2a6e6fc5baba2ab11cc18cfd6dbca,1777164228.0,False,375,125.15,19.4756720038103,18.57,5.87,-72.4581900708651,5461e02f666638d6eb58d0103fc7565df96e1a6999e4aa12bca751d58088ced8,0.954158905588017,0.045841094411983,0.611030087126557,0.7774067670452,0.807242142791236,0.699251341303532,845.15,3.0,0.943,0.0298353757460353,0.0767035566469191,551.0,f25b4c48c1536c020545aac69c7e6039a774922c,2026-08-18 08:07:04,2026-06-06 14:01:41,2026-04-25-DC-BOS,glory,breeze,21,16,2026-04-25 19:00:00
bsadok,6.67,72.19,tdecraene,1.06,63.41,0,0,0,"scarapell,bsadok,tedmonds,rdinger,ndick,tdecraene,jbabbitt",True,2026-04-25-DC-BOS,15,12,3,9,167.0,1,11,True,True,376,home,312,1777164236.0,18,False,"cmccutche,bgreenber,ilee,lblumenfe,jlightner,blamberty,wvandenbr",313,552,f2037accbf5caaf73cd7c711ebaa815c085200203f11fa0fe276ebd3f3bb8b9b,1777164236.0,False,376,120.5,10.4192370162119,-5.61,-8.78,147.423368410597,e546a0138a61d6d4201a7c96eb5864a62bf92ca7d6f03a6e22b92ffd96b0dcda,0.985015630748313,0.014984369251687,0.611030087126557,0.804858176762405,0.764447244612482,0.733692103645431,840.5,3.0,0.941,-0.0404109321499233,-0.103892179863977,552.0,eb4e50b4d2266a195ef6e7f7b2d5de0c55b1e193,2026-08-18 08:07:04,2026-06-06 14:01:41,2026-04-25-DC-BOS,glory,breeze,21,16,2026-04-25 19:00:00
tdecraene,1.06,63.41,bsadok,-7.2,67.74,0,0,0,"scarapell,bsadok,tedmonds,rdinger,ndick,tdecraene,jbabbitt",True,2026-04-25-DC-BOS,15,12,3,9,167.0,1,12,True,True,377,home,313,1777164238.0,18,False,"cmccutche,bgreenber,ilee,lblumenfe,jlightner,blamberty,wvandenbr",314,553,8f8d3763ef5828aedd59bef52277749619ff20ca2039af490c52b412a82419b5,1777164238.0,False,377,115.85,9.32611923578076,-8.26,4.33,62.3358840399797,edfcbf5a6a13e2fbb137924bbf70f85941639d6cfa5e9d140c64dd82e1654fdd,0.982590171616679,0.0174098283833213,0.611030087126557,0.761372073597536,0.78093671716422,0.710650465946466,835.85,3.0,0.942,0.0195646435666843,0.050298603874408,553.0,742843b90c5ae13fbc105364685812807f04761a,2026-08-18 08:07:04,2026-06-06 14:01:41,2026-04-25-DC-BOS,glory,breeze,21,16,2026-04-25 19:00:00
bsadok,-7.2,67.74,tdecraene,-11.65,70.83,0,0,0,"scarapell,bsadok,tedmonds,rdinger,ndick,tdecraene,jbabbitt",True,2026-04-25-DC-BOS,15,12,3,9,167.0,1,13,True,True,378,home,314,1777164239.0,18,False,"cmccutche,bgreenber,ilee,lblumenfe,jlightner,blamberty,wvandenbr",315,554,89b0d7d7a564dbc0c689802fe96b4208da3a50152027b2259a8fdbf2503787ac,1777164239.0,False,378,111.2,5.41761940339113,-4.45,3.09,55.2245815955009,6d11f7e8b99db55efd4329fe95a927c4db5dcde8a96d7499dafa6c6bdcd1ff63,0.986388786164672,0.0136112138353277,0.611030087126557,0.77769090517706,0.790434443138188,0.690506126503306,831.2,3.0,0.943,0.0127435379611286,0.0327622716805731,554.0,d8d1b1a70c829066eb097421c39c226ce828ac79,2026-08-18 08:07:04,2026-06-06 14:01:41,2026-04-25-DC-BOS,glory,breeze,21,16,2026-04-25 19:00:00
tdecraene,-11.65,70.83,scarapell,-12.03,96.96,0,0,0,"scarapell,bsadok,tedmonds,rdinger,ndick,tdecraene,jbabbitt",True,2026-04-25-DC-BOS,15,12,3,9,167.0,1,14,True,True,379,home,315,1777164247.0,18,False,"cmccutche,bgreenber,ilee,lblumenfe,jlightner,blamberty,wvandenbr",316,555,d755cca59b26e4a0e81f73d8768fb13820baec73719c53152e6ebe8663975823,1777164247.0,False,379,106.55,26.1327629614628,-0.379999999999999,26.13,0.833174953445138,76da14cfdec62ab7c554e1a121e0d49501c9811260b02ed36db6346275b271ff,0.88577806776229,0.11422193223771,0.611030087126557,0.786957410692765,0.905967636449662,0.595267501168782,826.55,3.0,0.949,0.119010225756897,0.305962548305422,555.0,635e8b5a2bd3bec2804c7b3bccffb5cb6fc05171,2026-08-18 08:07:04,2026-06-06 14:01:41,2026-04-25-DC-BOS,glory,breeze,21,16,2026-04-25 19:00:00
scarapell,-12.03,96.96,tdecraene,-13.39,84.7,0,0,0,"scarapell,bsadok,tedmonds,rdinger,ndick,tdecraene,jbabbitt",True,2026-04-25-DC-BOS,15,12,3,9,167.0,1,15,True,True,380,home,316,1777164251.0,18,False,"cmccutche,bgreenber,ilee,lblumenfe,jlightner,blamberty,wvandenbr",317,556,1532bda924633aa6b16bea2b6524bc14a45a3bf2d250f76305b7e037e695245b,1777164251.0,False,380,101.9,12.3352016602891,-1.36,-12.26,173.670067122291,4c6136aac2a9b8a7cc2a19f0f5624bf627afcda3741188abaeec4bd350489e74,0.969915689805385,0.0300843101946151,0.611030087126557,0.903992087178277,0.849677307874293,0.625149687505958,821.9,3.0,0.946,-0.0543147793039841,-0.139637482248289,556.0,32ccd32055f7bb71885776ffe7a3ce89cd357e61,2026-08-18 08:07:04,2026-06-06 14:01:41,2026-04-25-DC-BOS,glory,breeze,21,16,2026-04-25 19:00:00
tdecraene,-13.39,84.7,jbabbitt,3.19,83.41,0,0,0,"scarapell,bsadok,tedmonds,rdinger,ndick,tdecraene,jbabbitt",True,2026-04-25-DC-BOS,15,12,3,9,167.0,1,16,True,True,381,home,317,1777164254.0,18,False,"cmccutche,bgreenber,ilee,lblumenfe,jlightner,blamberty,wvandenbr",318,557,6406af07d287218bc3103f5d2ccb616ee564a8dd04773b6a2d77429deaced0bc,1777164254.0,False,381,97.25,16.6301082377716,16.58,-1.29000000000001,-94.4489114857026,3f54f13b99822d1a1431851b701e5e9af550f290390d3181cc154e14778df480,0.958853846545246,0.0411461534547541,0.611030087126557,0.846429586166827,0.843729477917641,0.631030905178566,817.25,3.0,0.946,-0.00270010824918665,-0.00694168921508633,557.0,61b6abce4d4946e53c2a40d180e6364b303a4ef3,2026-08-18 08:07:04,2026-06-06 14:01:41,2026-04-25-DC-BOS,glory,breeze,21,16,2026-04-25 19:00:00
jbabbitt,3.19,83.41,tdecraene,-7.78,82.96,0,0,0,"scarapell,bsadok,tedmonds,rdinger,ndick,tdecraene,jbabbitt",True,2026-04-25-DC-BOS,15,12,3,9,167.0,1,17,True,True,382,home,318,1777164258.0,18,False,"cmccutche,bgreenber,ilee,lblumenfe,jlightner,blamberty,wvandenbr",319,558,2be207670b47ccd36ef23eafc2b9f13ef4f80907d08683fa01e5c6a028ebe059,1777164258.0,False,382,92.6,10.9792258379177,-10.97,-0.450000000000003,92.3490112538061,6800be78904b028eba8000295cf4d3c1a6508a23b594a306f12f40558dafa2fa,0.976018186355418,0.0239818136445815,0.611030087126557,0.840061980562569,0.837248742946495,0.625066145170995,812.6,3.0,0.945,-0.00281323761607422,-0.00723253270488697,558.0,13d9f06abc5b43cb315cd38d67889aaca845cec6,2026-08-18 08:07:04,2026-06-06 14:01:41,2026-04-25-DC-BOS,glory,breeze,21,16,2026-04-25 19:00:00
tdecraene,-7.78,82.96,jbabbitt,10.02,88.77,0,0,0,"scarapell,bsadok,tedmonds,rdinger,ndick,tdecraene,jbabbitt",True,2026-04-25-DC-BOS,15,12,3,9,167.0,1,18,True,True,383,home,319,1777164261.0,18,False,"cmccutche,bgreenber,ilee,lblumenfe,jlightner,blamberty,wvandenbr",320,559,92a8ad426e9ff82775c3764f75925d2b6d066365b9e2fd27c8501365bd691e91,1777164261.0,False,383,87.95,18.7242115988898,17.8,5.81,-71.9230846593476,d63c38ac285ad39a784af5d9fbf6ca0ba297f5a40689e72be1af25d57052e968,0.947773140542666,0.0522268594573344,0.611030087126557,0.833116192010586,0.860638347697527,0.597042505202362,807.95,3.0,0.947,0.0275221556869404,0.0707565155454455,559.0,4e949e256900be284d7ca6e436e0d0d5d333a135,2026-08-18 08:07:04,2026-06-06 14:01:41,2026-04-25-DC-BOS,glory,breeze,21,16,2026-04-25 19:00:00
jbabbitt,10.02,88.77,tdecraene,13.57,96.12,0,0,0,"scarapell,bsadok,tedmonds,rdinger,ndick,tdecraene,jbabbitt",True,2026-04-25-DC-BOS,15,12,3,9,167.0,1,19,True,True,384,home,320,1777164266.0,18,False,"cmccutche,bgreenber,ilee,lblumenfe,jlightner,blamberty,wvandenbr",321,560,caa282f524f896d704e7889cc8bd539a03765ffb5889e18f5e9f2d2fa7c47e01,1777164266.0,False,384,83.3,8.16241385865726,3.55,7.35000000000001,-25.7802265740861,6731070b7d1a38e8761162c4ff44c9fb46f4b24b11c52d1673a92ba3d36162b4,0.974473531562501,0.0255264684374988,0.611030087126557,0.856680757352872,0.888428653226697,0.562308859888903,803.3,3.0,0.948,0.0317478958738251,0.0816204411269072,560.0,6f3562ca60a75728c3f14663899b93acbfe51c95,2026-08-18 08:07:04,2026-06-06 14:01:41,2026-04-25-DC-BOS,glory,breeze,21,16,2026-04-25 19:00:00
tdecraene,13.57,96.12,ndick,24.21,110.9,0,0,0,"scarapell,bsadok,tedmonds,rdinger,ndick,tdecraene,jbabbitt",True,2026-04-25-DC-BOS,16,12,3,9,167.0,1,20,True,True,385,home,321,1777164273.0,19,False,"cmccutche,bgreenber,ilee,lblumenfe,jlightner,blamberty,wvandenbr",322,562,3ea956596840c49b6a9e06cf3fcc3e4b94d562aeecd3f32e371d4287a96a8aab,1777164273.0,False,385,78.65,18.2114798959338,10.64,14.78,-35.7498021395092,5f23ea29f018e6d8f728357f2989c32add1b6823064ebf86443e0971a3c9b0b4,0.897239797617181,0.102760202382819,0.611030087126557,0.884879384879415,1.0,0.486100053090262,798.65,3.0,0.95,0.115120615120585,0.295962775809966,562.0,86508a58e1d942fb81039fd222b24d793cfa92e4,2026-08-18 08:07:04,2026-06-06 14:01:41,2026-04-25-DC-BOS,glory,breeze,21,16,2026-04-25 19:00:00
jnissen,24.74,8.71,smott,9.23,53.13,0,0,0,"tshapinsk,jnissen,zburpee,smott,cboxley,amerriman,jwodatch1",False,2026-04-25-DC-BOS,16,12,3,10,74.0,1,1,True,True,386,away,241,1777164367.0,18,False,"cdavisbra,mcoe,tallen1,tchan,itran,kdelorenz,ldecraene",242,566,bde741e518e83edf837d10937f0db385bebb662f10016256b8cf8dedcfc961c4,1777164367.0,False,386,74.0,47.0499362380014,-15.51,44.42,19.2475184911193,6792913d5cea71e7d074f2abb8494e7b7178d348bc6b9373b84b1f2554d89430,0.686544286424619,0.313455713575381,0.44803954510204,0.44803954510204,0.659351117808462,0.729439794434211,794.0,4.0,0.958,0.211311572706421,0.382838246528886,566.0,09656bf426eb26be833b4589addb0648a6f23bfe,2026-08-18 08:07:04,2026-06-06 14:01:41,2026-04-25-DC-BOS,glory,breeze,21,16,2026-04-25 19:00:00
smott,9.23,53.13,cboxley,7.99,69.67,0,0,0,"tshapinsk,jnissen,zburpee,smott,cboxley,amerriman,jwodatch1",False,2026-04-25-DC-BOS,16,12,3,10,74.0,1,2,True,True,387,away,242,1777164373.0,18,False,"cdavisbra,mcoe,tallen1,tchan,itran,kdelorenz,ldecraene",243,567,b6d987b41f07ca14552a530194b6790ac851397ee8aca1b1146f23027300bc1d,1777164373.0,False,387,67.8333333333333,16.5864161288688,-1.24,16.54,4.28743097628202,5b09c747c9e4bcf3d04ee80ebcfe756bae7cb0caeb6be5bd361addf931243141,0.958838770797429,0.0411612292025707,0.44803954510204,0.646856533356816,0.73439536984857,0.63453970754023,787.833333333333,4.0,0.955,0.087538836491754,0.158596210498336,567.0,ba6dd079ebd4308d3319b9b2532c9d974f65ff7e,2026-08-18 08:07:04,2026-06-06 14:01:41,2026-04-25-DC-BOS,glory,breeze,21,16,2026-04-25 19:00:00
cboxley,7.99,69.67,jwodatch1,19.25,74.55,0,0,0,"tshapinsk,jnissen,zburpee,smott,cboxley,amerriman,jwodatch1",False,2026-04-25-DC-BOS,16,12,3,10,74.0,1,3,True,True,388,away,243,1777164380.0,18,False,"cdavisbra,mcoe,tallen1,tchan,itran,kdelorenz,ldecraene",244,568,2fe4fb3c269ce0ffea118a28e778f2cd919878357362d89d09e4577c5fb0ecbe,1777164380.0,False,388,61.6666666666667,12.2720006518905,11.26,4.88,-66.5684512556816,87efc07fd5009d3837059b4d386e2639f37316488b026b4263e8f810184aa5c8,0.981153978839597,0.0188460211604028,0.44803954510204,0.722405194483827,0.729895877025118,0.575216255356919,781.666666666667,4.0,0.955,0.00749068254129126,0.0135710492931528,568.0,8627d05f8efe4c2bb39a8227a35414e7a9962690,2026-08-18 08:07:04,2026-06-06 14:01:41,2026-04-25-DC-BOS,glory,breeze,21,16,2026-04-25 19:00:00
jwodatch1,19.25,74.55,jnissen,3.74,56.49,0,0,0,"tshapinsk,jnissen,zburpee,smott,cboxley,amerriman,jwodatch1",False,2026-04-25-DC-BOS,16,12,3,10,74.0,1,4,True,True,389,away,244,1777164388.0,18,False,"cdavisbra,mcoe,tallen1,tchan,itran,kdelorenz,ldecraene",245,569,0ae6cd6fc0fe5eab9d368af4b8370a6a6b5df303ce61dc243ecf42310c9865ba,1777164388.0,False,389,55.5,23.8059593379473,-15.51,-18.06,139.34388436891,a74fa3c1d751b718a42737981ea6f484e52f7815fd7bfed57543a609003967f1,0.959495058416992,0.0405049415830079,0.44803954510204,0.716616451602879,0.636348649379026,0.674336294414604,775.5,4.0,0.958,-0.080267802223853,-0.145423103252373,569.0,632b49a2350abfa54014c463cb62463b70fc3c57,2026-08-18 08:07:04,2026-06-06 14:01:41,2026-04-25-DC-BOS,glory,breeze,21,16,2026-04-25 19:00:00
jnissen,3.74,56.49,jwodatch1,-4.57,52.31,0,0,0,"tshapinsk,jnissen,zburpee,smott,cboxley,amerriman,jwodatch1",False,2026-04-25-DC-BOS,16,12,3,10,74.0,1,5,True,True,390,away,245,1777164397.0,18,False,"cdavisbra,mcoe,tallen1,tchan,itran,kdelorenz,ldecraene",246,570,09fe255d6be19cc498a25e541fa7f0751b5b2185a0fa4dba0d8b5a796e62017c,1777164397.0,False,390,49.3333333333333,9.30206966217734,-8.31,-4.18,116.702781151003,681d802fe41cbea7258817eed629d7e2fbaf608633f051c8e8d1cf6037aaa338,0.987696311878117,0.0123036881218831,0.44803954510204,0.619441328984757,0.597811070706657,0.682744872893917,769.333333333333,4.0,0.959,-0.0216302582781005,-0.0391880579236411,570.0,0b1812f7e6634d997c512af5f6ad674c7fe96ebd,2026-08-18 08:07:04,2026-06-06 14:01:41,2026-04-25-DC-BOS,glory,breeze,21,16,2026-04-25 19:00:00
jwodatch1,-4.57,52.31,smott,7.72,66.04,0,0,0,"tshapinsk,jnissen,zburpee,smott,cboxley,amerriman,jwodatch1",False,2026-04-25-DC-BOS,16,12,3,10,74.0,1,6,True,True,391,away,246,1777164401.0,18,False,"cdavisbra,mcoe,tallen1,tchan,itran,kdelorenz,ldecraene",247,571,f38e473a379dceeb1777d9100144a5477b3b0592837f25ca9e676046aa34544b,1777164401.0,False,391,43.1666666666667,18.4270724750298,12.29,13.73,-41.8323656610314,0806f4e9a202bbdef239f75f73bc7363d35259b6b6d8e373b744b5e300ee924f,0.958362229339807,0.0416377706601933,0.44803954510204,0.578759297089123,0.654491908240775,0.586379239809692,763.166666666667,4.0,0.958,0.0757326111516524,0.137206588768489,571.0,1e053fa1f3cf4df6f980cb81e065cc8bc59a0acd,2026-08-18 08:07:04,2026-06-06 14:01:41,2026-04-25-DC-BOS,glory,breeze,21,16,2026-04-25 19:00:00
smott,7.72,66.04,jnissen,11.56,77.71,0,0,0,"tshapinsk,jnissen,zburpee,smott,cboxley,amerriman,jwodatch1",False,2026-04-25-DC-BOS,16,12,3,10,74.0,1,7,True,True,392,away,247,1777164406.0,18,False,"cdavisbra,mcoe,tallen1,tchan,itran,kdelorenz,ldecraene",248,572,34abac7968f508a6f06bc56736a24f590aec9398f1eddfa9c9ec9a6f477141fa,1777164406.0,False,392,37.0,12.2855402811598,3.84,11.67,-18.2137306962572,f5e13a97612f56d775810642e9eb0bfa66af981aabef9aafb01cda264c6e44d8,0.971166473276863,0.0288335267231367,0.44803954510204,0.634969669562895,0.708503957778267,0.507449529340086,757.0,4.0,0.956,0.0735342882153718,0.133223834357782,572.0,176439468377c753a99517774139479f4987bcf4,2026-08-18 08:07:04,2026-06-06 14:01:41,2026-04-25-DC-BOS,glory,breeze,21,16,2026-04-25 19:00:00
jnissen,11.56,77.71,tshapinsk,0.51,82.31,0,0,0,"tshapinsk,jnissen,zburpee,smott,cboxley,amerriman,jwodatch1",False,2026-04-25-DC-BOS,16,12,3,10,74.0,1,8,True,True,393,away,248,1777164410.0,18,False,"cdavisbra,mcoe,tallen1,tchan,itran,kdelorenz,ldecraene",249,573,d12cf91bd4bce7d7202f207a420fb7af5e4f716620ee0c8d7004dac0d789e472,1777164410.0,False,393,30.8333333333333,11.9692313871861,-11.05,4.60000000000001,67.3985462915293,cb72846650cd9df8b7cd74e8ca7cf8f2fdeaaf0c15b8bb391284c10fa577b886,0.972054572685562,0.0279454273144378,0.44803954510204,0.689124273243078,0.725770104824557,0.470063567889154,750.833333333333,4.0,0.956,0.0366458315814784,0.0663921323643613,573.0,54f45bb71278776a0d56a50805ccb4b7befa6655,2026-08-18 08:07:04,2026-06-06 14:01:41,2026-04-25-DC-BOS,glory,breeze,21,16,2026-04-25 19:00:00
tshapinsk,0.51,82.31,smott,-7.45,79.35,0,0,0,"tshapinsk,jnissen,zburpee,smott,cboxley,amerriman,jwodatch1",False,2026-04-25-DC-BOS,16,12,3,10,74.0,1,9,True,True,394,away,249,1777164413.0,18,False,"cdavisbra,mcoe,tallen1,tchan,itran,kdelorenz,ldecraene",250,574,216c02935e9887fc1b577ad2932ca107456386c8e5851ae4e279d2bbd5eeda73,1777164413.0,False,394,24.6666666666667,8.49253790100463,-7.96,-2.96000000000001,110.398118994628,179f31c35a05c4a1bb2c8b40dbb727badddafba4d9a97cb07bf09ed7d44838a0,0.982050857222564,0.0179491427774364,0.44803954510204,0.70558409898334,0.682724527982195,0.455806359038796,744.666666666667,4.0,0.957,-0.0228595710011449,-0.0414152332803822,574.0,ce2fd3a8eca53736dbfd9e829a2a6378c0e9f943,2026-08-18 08:07:04,2026-06-06 14:01:41,2026-04-25-DC-BOS,glory,breeze,21,16,2026-04-25 19:00:00
smott,-7.45,79.35,cboxley,-2.99,89.17,0,0,0,"tshapinsk,jnissen,zburpee,smott,cboxley,amerriman,jwodatch1",False,2026-04-25-DC-BOS,16,12,3,10,74.0,1,10,True,True,395,away,250,1777164417.0,18,False,"cdavisbra,mcoe,tallen1,tchan,itran,kdelorenz,ldecraene",251,575,17a21b45d5e54647ea1f7e999872a074280b2f44a577a03b301035b3e7b8bfe2,1777164417.0,False,395,18.5,10.7853604483114,4.46,9.82000000000001,-24.4263685994117,8e79839c715898d8118e68952bd7a2bedcb890f5c8d785a64dfc3c7029878031,0.972130084786662,0.0278699152133383,0.44803954510204,0.659187457737128,0.736002764599568,0.395377319286427,738.5,4.0,0.955,0.0768153068624409,0.139168134566165,575.0,cf71ec8fe6a4d6f697223a1907fa3013f75bd266,2026-08-18 08:07:04,2026-06-06 14:01:41,2026-04-25-DC-BOS,glory,breeze,21,16,2026-04-25 19:00:00
cboxley,-2.99,89.17,smott,5.45,87.94,0,0,0,"tshapinsk,jnissen,zburpee,smott,cboxley,amerriman,jwodatch1",False,2026-04-25-DC-BOS,16,12,3,10,74.0,1,11,True,True,396,away,251,1777164424.0,18,False,"cdavisbra,mcoe,tallen1,tchan,itran,kdelorenz,ldecraene",252,577,d761a6e19d33dfb05f83dbbd8857766e46ec69739fa99d22731fe8a170c0491e,1777164424.0,False,396,12.3333333333333,8.52915587851459,8.44,-1.23,-98.2916055330705,92c56a5f7e239be38effe61f424edcf70beb2b08cf13e7e6562a2c08c928f1a3,0.978853480716664,0.0211465192833361,0.44803954510204,0.713196391147181,0.702831541158956,0.371835399843793,732.333333333333,4.0,0.957,-0.0103648499882255,-0.0187782474201737,577.0,398fafc37d70a9ebcd309407f996214acc39d8b6,2026-08-18 08:07:04,2026-06-06 14:01:41,2026-04-25-DC-BOS,glory,breeze,21,16,2026-04-25 19:00:00
smott,5.45,87.94,,-10.68,108.26,1,0,0,"tshapinsk,jnissen,zburpee,smott,cboxley,amerriman,jwodatch1",False,2026-04-25-DC-BOS,16,12,3,10,74.0,1,12,True,True,397,away,252,1777164426.0,22,False,"cdavisbra,mcoe,tallen1,tchan,itran,kdelorenz,ldecraene",253,578,bf7037463cc636d5bc5771fec8199fd84c6a9097024d52cb6e0423dccd6fce43,1777164426.0,False,397,6.16666666666667,25.9437718923059,-16.13,20.32,38.442518535563,7c3ac30a7f80c5cca7a68135943e193f6d572b9fb24d24ade494bf9523aac745,0.888022491991041,-0.888022491991041,0.44803954510204,0.676670580734873,0.836870262536532,0.308882686325342,726.166666666667,4.0,0.967,-0.308882686325342,-0.308882686325342,578.0,7996793cab853e0338c450fe0017dc8fa9c644b8,2026-08-18 08:07:04,2026-06-06 14:01:41,2026-04-25-DC-BOS,glory,breeze,21,16,2026-04-25 19:00:00
bsadok,12.86,20.51,ndick,-9.58,21.8,0,0,0,"scarapell,bsadok,tedmonds,rdinger,ndick,tdecraene,jbabbitt",True,2026-04-25-DC-BOS,16,12,4,1,720.0,1,1,True,True,398,home,327,1777164588.0,18,False,"xschafer,lrehfuss,ilee,lblumenfe,tgesell,mgrovic,bgreenber",328,584,29e8d260f7f099a3404ebf69af563da5e5599d789e996674b18870d16d1107e1,1777164588.0,False,398,720.0,22.4770482937596,-22.44,1.29,86.709879776678,23d1e0e4a0ca2f6be263947d80a56fc8b56bde1f600a5114fc85f1c1c0167cbe,0.969878008164144,0.0301219918358557,0.688882912074774,0.690598369553253,0.697581494058362,0.941647237950353,720.0,4.0,0.973,0.00698312450510896,0.022445326136465,584.0,df0396b462eb561102bdee52c6754e79dcbcda02,2026-08-18 08:07:04,2026-06-06 14:01:41,2026-04-25-DC-BOS,glory,breeze,21,16,2026-04-25 19:00:00
ndick,-9.58,21.8,tdecraene,-0.75,37.03,0,0,0,"scarapell,bsadok,tedmonds,rdinger,ndick,tdecraene,jbabbitt",True,2026-04-25-DC-BOS,16,12,4,1,720.0,1,2,True,True,399,home,328,1777164590.0,18,False,"xschafer,lrehfuss,ilee,lblumenfe,tgesell,mgrovic,bgreenber",329,585,46a26a4d05147eb66c8030e635345e1add34664bcbbd49be3d2600a07cf26f57,1777164590.0,False,399,713.5,17.6045959908201,8.83,15.23,-30.1041610503637,99c17f778a897cfd4d701812e6c90768baa250b60c94665eea738812975079ca,0.969451452985882,0.0305485470141184,0.688882912074774,0.688882912074774,0.731530626229446,0.893719982868704,713.5,4.0,0.973,0.0426477141546719,0.137079304897974,585.0,85052b667c2dc823f3bb12c92ac4b534875812aa,2026-08-18 08:07:04,2026-06-06 14:01:41,2026-04-25-DC-BOS,glory,breeze,21,16,2026-04-25 19:00:00
tdecraene,-0.75,37.03,scarapell,8.86,43.03,0,0,0,"scarapell,bsadok,tedmonds,rdinger,ndick,tdecraene,jbabbitt",True,2026-04-25-DC-BOS,16,12,4,1,720.0,1,3,True,True,400,home,329,1777164595.0,18,False,"xschafer,lrehfuss,ilee,lblumenfe,tgesell,mgrovic,bgreenber",330,586,aadbdefbe91b2d8537ee07b5f46cdd4a31cbb4dcbb2619db969b9f6e5ab73266,1777164595.0,False,400,707.0,11.3292585812135,9.61,6.0,-58.0214205790298,4b5851323fe3b6aa51b88530de5912987336238e4fe9d0cbae5367e353f15c44,0.983789555904655,0.016210444095345,0.688882912074774,0.724162678128977,0.741523720195908,0.867497534609364,707.0,4.0,0.974,0.0173610420669306,0.0558022774727922,586.0,afa49cc4395a85c6039f0df3cf9ff74b4152b134,2026-08-18 08:07:04,2026-06-06 14:01:41,2026-04-25-DC-BOS,glory,breeze,21,16,2026-04-25 19:00:00
scarapell,8.86,43.03,tdecraene,1.64,40.32,0,0,0,"scarapell,bsadok,tedmonds,rdinger,ndick,tdecraene,jbabbitt",True,2026-04-25-DC-BOS,16,12,4,1,720.0,1,4,True,True,401,home,330,1777164601.0,18,False,"xschafer,lrehfuss,ilee,lblumenfe,tgesell,mgrovic,bgreenber",331,587,81435ab6049bdaf78598eea5f0f3f187f606248fe9dcf6e0060b4ce773826398,1777164601.0,False,401,700.5,7.71184154401528,-7.22,-2.71,110.573436562049,1a592de306c206658cbda2f9c2517c4194b63a48528a5737787d309d76aa8d2a,0.990089265765446,0.00991073423455424,0.688882912074774,0.735022634274656,0.727728599374962,0.874661857825852,700.5,4.0,0.973,-0.00729403489969382,-0.0234446617777769,587.0,4bcf5ab8929a82964632b7267311b3da65e95378,2026-08-18 08:07:04,2026-06-06 14:01:41,2026-04-25-DC-BOS,glory,breeze,21,16,2026-04-25 19:00:00
tdecraene,1.64,40.32,jbabbitt,-14.03,50.83,0,0,0,"scarapell,bsadok,tedmonds,rdinger,ndick,tdecraene,jbabbitt",True,2026-04-25-DC-BOS,16,12,4,1,720.0,1,5,True,True,402,home,331,1777164606.0,18,False,"xschafer,lrehfuss,ilee,lblumenfe,tgesell,mgrovic,bgreenber",332,588,7a8741346db12984c19f8e0c0561636a4d5e9cf8b039065e7eb6ead25fd0a331,1777164606.0,False,402,694.0,18.8682007621289,-15.67,10.51,56.1499123387454,3af37f7826767be5d9bcb4442eee03dc07ff51749c93f4cdcbcd1f52bf24d0f5,0.967004771910464,0.0329952280895363,0.688882912074774,0.721693330343621,0.752317646599543,0.82447804531157,694.0,4.0,0.974,0.0306243162559217,0.0984334112283858,588.0,1ac86029f8927fefc32cc1b349ae4575d4edfeb8,2026-08-18 08:07:04,2026-06-06 14:01:41,2026-04-25-DC-BOS,glory,breeze,21,16,2026-04-25 19:00:00
jbabbitt,-14.03,50.83,scarapell,-2.17,48.7,0,0,0,"scarapell,bsadok,tedmonds,rdinger,ndick,tdecraene,jbabbitt",True,2026-04-25-DC-BOS,16,12,4,1,720.0,1,6,True,True,403,home,332,1777164609.0,18,False,"xschafer,lrehfuss,ilee,lblumenfe,tgesell,mgrovic,bgreenber",333,589,56ea17df92aa79dbbe8b5af36aff6e10154b5ac7333f1ceab5fcc1fb92b12bc2,1777164609.0,False,403,687.5,12.0497510347725,11.86,-2.13,-100.181511029377,ef698b789b781cfd3b4f7de3284109c203791bf8f3e850cbf3bbc703c165c11e,0.98261842226919,0.0173815777308097,0.688882912074774,0.747249568700483,0.745346934438547,0.83468958565976,687.5,4.0,0.974,-0.00190263426193582,-0.00611549264177061,589.0,04c6d0a6d82828fc81f1e88498cd4d475c97d193,2026-08-18 08:07:04,2026-06-06 14:01:41,2026-04-25-DC-BOS,glory,breeze,21,16,2026-04-25 19:00:00
scarapell,-2.17,48.7,tdecraene,15.25,64.77,0,0,0,"scarapell,bsadok,tedmonds,rdinger,ndick,tdecraene,jbabbitt",True,2026-04-25-DC-BOS,16,12,4,1,720.0,1,7,True,True,404,home,333,1777164614.0,18,False,"xschafer,lrehfuss,ilee,lblumenfe,tgesell,mgrovic,bgreenber",334,590,12150ea8e2b81bb32fdacc88039a7912342767f73db2dc7248159c5fa9de1250,1777164614.0,False,404,681.0,23.7002383954255,17.42,16.07,-47.3083740567049,1d9807ec2d35d20457cf8042c7cdc6eb761591d8aa0d55aa73ac3c725a20950a,0.944178323796417,0.0558216762035826,0.688882912074774,0.740777423521606,0.796243102292068,0.757928386707492,681.0,4.0,0.975,0.0554656787704613,0.178279113951439,590.0,b6b748c2a5bc642532adbe5f21cea7b4bc2ac642,2026-08-18 08:07:04,2026-06-06 14:01:41,2026-04-25-DC-BOS,glory,breeze,21,16,2026-04-25 19:00:00
tdecraene,15.25,64.77,tedmonds,-14.03,103.35,0,0,0,"scarapell,bsadok,tedmonds,rdinger,ndick,tdecraene,jbabbitt",True,2026-04-25-DC-BOS,17,12,4,1,720.0,1,8,True,True,405,home,334,1777164626.0,19,False,"xschafer,lrehfuss,ilee,lblumenfe,tgesell,mgrovic,bgreenber",335,592,f86624de345f67f2953a241af18e6e7e5025d7be9ebf5de7f2474f2cc48e632a,1777164626.0,False,405,674.5,48.4327864158155,-29.28,38.58,37.1964062344774,00b8f2b4f00c2296e15281956b7ff00b00a32549417a8139d8382c623a843e06,0.707374315315625,0.292625684684375,0.688882912074774,0.792813027318516,1.0,0.639580115042112,674.5,4.0,0.979,0.207186972681484,0.665945332875059,592.0,c2e372f0f9ba26f26d5a1bb49963e23ae08b9073,2026-08-18 08:07:04,2026-06-06 14:01:41,2026-04-25-DC-BOS,glory,breeze,21,16,2026-04-25 19:00:00
smott,-2.51,13.31,aroy,2.57,21.62,0,0,0,"jwodatch1,cloverane,amerriman,aroy,zburpee,cboxley,smott",False,2026-04-25-DC-BOS,17,12,4,2,668.0,1,1,True,True,406,away,258,1777164715.0,18,False,"mmcdonnel,itran,tchan,ghaflin,zsinger,sfisherol,mcoe",259,596,2b002a1274995cead167440e8ff9c153c6e9597659edcab79ceab7facadec55b,1777164715.0,False,406,668.0,9.73973818949976,5.08,8.31,-31.437931590567,96ec12ebede5d512e13043170fd1468f6be3a7082b4b67aef1a0a3e41488ac66,0.989199235313521,0.0108007646864788,0.628369159092481,0.628369159092481,0.648026011579996,0.928710620944552,668.0,5.0,0.982,0.0196568524875158,0.0528934908618293,596.0,19d2d383757ff66623ca8db1afd1377788c685d7,2026-08-18 08:07:04,2026-06-06 14:01:41,2026-04-25-DC-BOS,glory,breeze,21,16,2026-04-25 19:00:00
aroy,2.57,21.62,smott,24.33,65.97,0,0,0,"jwodatch1,cloverane,amerriman,aroy,zburpee,cboxley,smott",False,2026-04-25-DC-BOS,17,12,4,2,668.0,1,2,True,True,407,away,259,1777164723.0,18,False,"mmcdonnel,itran,tchan,ghaflin,zsinger,sfisherol,mcoe",260,597,b2bea0ed76bf63f7d34a5dab667c6bec10a86c1b2dc1071aeb34e6fc3a88d595,1777164723.0,False,407,655.0,49.40060829585,21.76,44.35,-26.1345369454924,71f2cd0dbc226512ff979f895145764d9ac643cc8058615d471f87e7d4ae120a,0.659312768019382,0.340687231980618,0.628369159092481,0.641425327515694,0.755666646249791,0.696118520646206,655.0,5.0,0.98,0.114241318734097,0.307405376946437,597.0,39ee53ac14ab133a77d832ba0d3d38bfd4441a69,2026-08-18 08:07:04,2026-06-06 14:01:41,2026-04-25-DC-BOS,glory,breeze,21,16,2026-04-25 19:00:00
jnissen,24.33,65.97,aroy,7.03,56.22,0,0,0,"cboxley,cloverane,amerriman,smott,aroy,jwodatch1,jnissen",False,2026-04-25-DC-BOS,17,12,4,2,642.0,1,3,True,True,408,away,261,1777164816.0,18,False,"itran,sfisherol,mcoe,zsinger,ghaflin,tchan,mmcdonnel",262,600,42de59404a4cd2ee778d11cde9a02cc8f10a87f46ae90a8357b15de42f3d7bd8,1777164816.0,False,408,642.0,19.8583106028685,-17.3,-9.75,119.404904084483,3f43891d8c6b09a7d64f5691d823ca3f7a6c574026b46834b689fca05b934d6d,0.959932928849331,0.0400670711506691,0.628369159092481,0.752023167290528,0.752958009788231,0.785186570201313,642.0,5.0,0.98,0.000934842497702704,0.00251551377011613,600.0,8fa065dc3e1ca2059b402c10b76cd35cd18306a9,2026-08-18 08:07:04,2026-06-06 14:01:41,2026-04-25-DC-BOS,glory,breeze,21,16,2026-04-25 19:00:00
aroy,7.03,56.22,jwodatch1,12.32,68.44,0,0,0,"cboxley,cloverane,amerriman,smott,aroy,jwodatch1,jnissen",False,2026-04-25-DC-BOS,17,12,4,2,642.0,1,4,True,True,409,away,262,1777164820.0,18,False,"itran,sfisherol,mcoe,zsinger,ghaflin,tchan,mmcdonnel",263,601,df60425b85955d70a62b51cc219676deb6f7577c1e55fe759999ca2526a27e39,1777164820.0,False,409,637.3,13.3158739855858,5.29,12.22,-23.4076364100285,4ba99906f15880857e74244701700a19e16153cdf85ab4d1f79fe57849d89651,0.971730382208533,0.0282696177914674,0.628369159092481,0.752011485546941,0.80161322433697,0.729820744411869,637.3,5.0,0.98,0.0496017387900289,0.133470458665115,601.0,1b272047e09519858572eaccdbd95e991a6c1a1b,2026-08-18 08:07:04,2026-06-06 14:01:41,2026-04-25-DC-BOS,glory,breeze,21,16,2026-04-25 19:00:00
jwodatch1,12.32,68.44,cloverane,20.28,76.13,0,0,0,"cboxley,cloverane,amerriman,smott,aroy,jwodatch1,jnissen",False,2026-04-25-DC-BOS,17,12,4,2,642.0,1,5,True,True,410,away,263,1777164825.0,18,False,"itran,sfisherol,mcoe,zsinger,ghaflin,tchan,mmcdonnel",264,602,a2ef1b84c00a19d41e57c9442b787c04657a15c12efca291b4d4c80436719e38,1777164825.0,False,410,632.6,11.0678679066928,7.96,7.69,-45.9883914312764,443470065e7619561518b516ff181be5b31a1c3d0b7dca383c619820c3b866fd,0.980734570704337,0.019265429295663,0.628369159092481,0.800959578631027,0.819163284719866,0.677223727545228,632.6,5.0,0.979,0.0182037060888387,0.048983303012165,602.0,c6886e5255379601f1e900bbcd41eeef482b719e,2026-08-18 08:07:04,2026-06-06 14:01:41,2026-04-25-DC-BOS,glory,breeze,21,16,2026-04-25 19:00:00
cloverane,20.28,86.13,aroy,9.91,80.32,0,0,0,"cboxley,cloverane,amerriman,smott,aroy,jwodatch1,jnissen",False,2026-04-25-DC-BOS,17,12,4,2,642.0,1,6,True,True,411,away,265,1777164839.0,18,False,"itran,sfisherol,mcoe,zsinger,ghaflin,tchan,mmcdonnel",266,605,af531c2c3bb19bb0e814ac70e0d2812d26acbe49be696d09012480aff7db9a8e,1777164839.0,False,411,627.9,11.886673209944,-10.37,-5.81,119.260602091882,b7d918a65e49aa004a5fb2ccc5504d025e00df62effa34225464ab6a17cbd1ae,0.969334197842137,0.0306658021578633,0.628369159092481,0.864979564431475,0.854715163169369,0.685994947537698,627.9,5.0,0.978,-0.0102644012621066,-0.0276198854676351,605.0,8a7fbcdfc0e91b6dc3099e99f59a75ee4893ce45,2026-08-18 08:07:04,2026-06-06 14:01:41,2026-04-25-DC-BOS,glory,breeze,21,16,2026-04-25 19:00:00
aroy,9.91,80.32,cboxley,-3.06,82.37,0,0,0,"cboxley,cloverane,amerriman,smott,aroy,jwodatch1,jnissen",False,2026-04-25-DC-BOS,17,12,4,2,642.0,1,7,True,True,412,away,266,1777164845.0,18,False,"itran,sfisherol,mcoe,zsinger,ghaflin,tchan,mmcdonnel",267,606,9b43e604a4bdc59e2a501d07710c19eb61adc033c42178e74497bc2ab2d9a462,1777164845.0,False,412,623.2,13.1310091005985,-12.97,2.05000000000001,81.0182997008793,4b6e3e954e1c52ee5bd5aefbec1512b55673aa55410df91a123d667787c10b23,0.970426885996433,0.0295731140035667,0.628369159092481,0.85442566091765,0.864417742983419,0.680591058492639,623.2,5.0,0.978,0.00999208206576874,0.0268871174452803,606.0,d259da294a2f185f69d5733a3b258a3b15c6d3bf,2026-08-18 08:07:04,2026-06-06 14:01:41,2026-04-25-DC-BOS,glory,breeze,21,16,2026-04-25 19:00:00
cboxley,-3.06,82.37,amerriman,-7.73,88.9,0,0,0,"cboxley,cloverane,amerriman,smott,aroy,jwodatch1,jnissen",False,2026-04-25-DC-BOS,17,12,4,2,642.0,1,8,True,True,413,away,267,1777164851.0,18,False,"itran,sfisherol,mcoe,zsinger,ghaflin,tchan,mmcdonnel",268,607,7d51ef2c1fdc6b150f7ffb7f6db93c642fa2608c04db85f7bdff15f3c6aa97b2,1777164851.0,False,413,618.5,8.02806327827578,-4.67,6.53,35.5708638754414,bf01489c92d9a456f8588474ade0f38a6bb748dd6b5a99316677106008f37774,0.978288238899841,0.0217117611001593,0.628369159092481,0.864238258788682,0.89017307318854,0.658401594029357,618.5,5.0,0.977,0.0259348143998586,0.069786496558052,607.0,866516ca8db0c2dc0b127eaa7724573cc55c13d5,2026-08-18 08:07:04,2026-06-06 14:01:41,2026-04-25-DC-BOS,glory,breeze,21,16,2026-04-25 19:00:00
amerriman,-7.73,88.9,,-23.58,109.35,1,0,0,"cboxley,cloverane,amerriman,smott,aroy,jwodatch1,jnissen",False,2026-04-25-DC-BOS,17,12,4,2,642.0,1,9,True,True,414,away,268,1777164853.0,22,False,"itran,sfisherol,mcoe,zsinger,ghaflin,tchan,mmcdonnel",269,609,1ba0d31650db583fbe42a3ab393e27848fecd566493dd01dbee4c17cef3532d5,1777164853.0,False,414,613.8,25.8732487330061,-15.85,20.45,37.7778722533899,ad79619f990389319f09ad2484b7fc85b5d6a9e0848040c60e45fdedbdd89a5e,0.871416336274182,-0.871416336274182,0.628369159092481,0.890095711445941,0.942022007314012,0.575169183690071,613.8,5.0,0.987,-0.575169183690071,-0.575169183690071,609.0,8eb281360df9b79dde24a5f1908e6669449dd97d,2026-08-18 08:07:04,2026-06-06 14:01:41,2026-04-25-DC-BOS,glory,breeze,21,16,2026-04-25 19:00:00
itran,21.57,19.09,mmcdonnel,5.25,15.8,0,0,0,"itran,sfisherol,mcoe,zsinger,ghaflin,tchan,mmcdonnel",True,2026-04-25-DC-BOS,17,12,4,2,642.0,2,1,False,False,415,home,340,1777164858.0,18,False,"cboxley,cloverane,amerriman,smott,aroy,jwodatch1,jnissen",341,610,e933629210d777d8d258a4aa0ca858de73ee8fa33fd7b11f63fda162bf208681,1777164858.0,False,415,609.1,16.6483182333832,-16.32,-3.29,101.397674793658,d5c9927d85d7b2b98c1bd80297bf50106c1661ab2dd8d06f376c9efaca4f5621,0.981538385816271,0.0184616141837295,0.586586699748266,0.586586699748266,0.618237912288385,0.929238093767309,609.1,5.0,0.988,0.031651212540119,0.0765607021371738,610.0,05511fad16d366e0c8d80e19a487e03f2741f863,2026-08-18 08:07:04,2026-06-06 14:01:41,2026-04-25-DC-BOS,glory,breeze,21,16,2026-04-25 19:00:00
mmcdonnel,5.25,15.8,tchan,12.28,30.38,0,0,0,"itran,sfisherol,mcoe,zsinger,ghaflin,tchan,mmcdonnel",True,2026-04-25-DC-BOS,17,12,4,2,642.0,2,2,False,False,416,home,341,1777164861.0,18,False,"cboxley,cloverane,amerriman,smott,aroy,jwodatch1,jnissen",342,611,578b7d61f92b83aea6221e2adc1c6fd235acd5f81b73f8fba28189cca423a57b,1777164861.0,False,416,604.4,16.1863306527452,7.03,14.58,-25.7418471090676,56f7c59b7b08b877cbc97f307f49d7b131f0fc8ca3c3097811ed31b0dc0c036b,0.975839903425209,0.0241600965747907,0.586586699748266,0.61835827679918,0.652027525242781,0.891449336034222,604.4,5.0,0.988,0.0336692484436016,0.0814421026684431,611.0,be4dfe1e7b056ef45429a14d0b3f2293b9f4b1d1,2026-08-18 08:07:04,2026-06-06 14:01:41,2026-04-25-DC-BOS,glory,breeze,21,16,2026-04-25 19:00:00
tchan,12.28,30.38,zsinger,16.86,41.22,0,0,0,"itran,sfisherol,mcoe,zsinger,ghaflin,tchan,mmcdonnel",True,2026-04-25-DC-BOS,17,12,4,2,642.0,2,3,False,False,417,home,342,1777164864.0,18,False,"cboxley,cloverane,amerriman,smott,aroy,jwodatch1,jnissen",343,612,fc047222c68c8e2f119181dc876e89a03089d2bc26d9b34b91b9698276e777fc,1777164864.0,False,417,599.7,11.7678375243712,4.58,10.84,-22.9045063011341,01591f57510023adfa1d472f1e96c52cac64c51ca2679a25b1ca172a9d47acbd,0.983207181747292,0.0167928182527075,0.586586699748266,0.652270606455167,0.677266986585759,0.841081890022318,599.7,5.0,0.988,0.0249963801305917,0.06046341546189,612.0,d775c0f7eb7a7500e9b7ecc04baff772d4304f23,2026-08-18 08:07:04,2026-06-06 14:01:41,2026-04-25-DC-BOS,glory,breeze,21,16,2026-04-25 19:00:00
zsinger,16.86,41.22,tchan,5.38,41.09,0,0,0,"itran,sfisherol,mcoe,zsinger,ghaflin,tchan,mmcdonnel",True,2026-04-25-DC-BOS,17,12,4,2,642.0,2,4,False,False,418,home,343,1777164868.0,18,False,"cboxley,cloverane,amerriman,smott,aroy,jwodatch1,jnissen",344,613,ff1d1412dbe81e00f02308b154e2883c12c278ead0a443c8a20c68d4f2aa60c5,1777164868.0,False,418,595.0,11.4807360391222,-11.48,-0.129999999999995,90.6487920714126,109dee14f343b0595118ee278a9b56967646e260c7c4420adca226c26f5b82f7,0.983341648880309,0.0166583511196908,0.586586699748266,0.677610877173673,0.692240215119873,0.849622668566438,595.0,5.0,0.988,0.0146293379462009,0.0353867133381845,613.0,ba4d80a20ade1ea8cda3342aaa8cd88252102b96,2026-08-18 08:07:04,2026-06-06 14:01:41,2026-04-25-DC-BOS,glory,breeze,21,16,2026-04-25 19:00:00
tchan,5.38,41.09,sfisherol,13.44,51.41,0,0,0,"itran,sfisherol,mcoe,zsinger,ghaflin,tchan,mmcdonnel",True,2026-04-25-DC-BOS,17,12,4,2,642.0,2,5,False,False,419,home,344,1777164879.0,18,False,"cboxley,cloverane,amerriman,smott,aroy,jwodatch1,jnissen",345,614,dc7ece90d7373774a0876bd64f7172d2eed6b71a6ced72896421c84b7a5c81d9,1777164879.0,False,419,590.3,13.0945026633317,8.06,10.32,-37.9901123230356,697271f7c90a33cbb3dfb46e30481f6500ea079107d2a49bd39731df844a27ad,0.978143229331943,0.0218567706680575,0.586586699748266,0.69266968136319,0.725478535027542,0.800599937337672,590.3,5.0,0.989,0.0328088536643527,0.0793609050419395,614.0,b8eb70a1c682adfc41c0fae203a62a258f4e8ae1,2026-08-18 08:07:04,2026-06-06 14:01:41,2026-04-25-DC-BOS,glory,breeze,21,16,2026-04-25 19:00:00
sfisherol,13.44,51.41,zsinger,19.25,63.61,0,0,0,"itran,sfisherol,mcoe,zsinger,ghaflin,tchan,mmcdonnel",True,2026-04-25-DC-BOS,17,12,4,2,642.0,2,6,False,False,420,home,345,1777164891.0,18,False,"cboxley,cloverane,amerriman,smott,aroy,jwodatch1,jnissen",346,615,59f7c72cd80d195b46715a269372353d3749287aa6dcd1e8725f9f301287d5e5,1777164891.0,False,420,585.6,13.512812438571,5.81,12.2,-25.4651680265389,7e5fb43196c8df1cf74525dbea4f58efa9924f48657778ef18bcc4f2695e26fa,0.977451138579538,0.0225488614204615,0.586586699748266,0.725956298015242,0.763466384491035,0.733402040741818,585.6,5.0,0.989,0.0375100864757932,0.0907326553184252,615.0,39af012871a9d80f2d3c0faa11dcb87e5fd52b8c,2026-08-18 08:07:04,2026-06-06 14:01:41,2026-04-25-DC-BOS,glory,breeze,21,16,2026-04-25 19:00:00
zsinger,19.25,63.61,mmcdonnel,6.67,57.41,0,0,0,"itran,sfisherol,mcoe,zsinger,ghaflin,tchan,mmcdonnel",True,2026-04-25-DC-BOS,17,12,4,2,642.0,2,7,False,False,421,home,346,1777164893.0,18,False,"cboxley,cloverane,amerriman,smott,aroy,jwodatch1,jnissen",347,616,41e6606ac45c706ce6bb6eab839ce024c18ed2183aa3c4debc9a46ba78ffb1e5,1777164893.0,False,421,580.9,14.0248493753052,-12.58,-6.2,116.236188707144,24d7ee2e4e3f1f50511e1a0050da6bffdd171b51562d7a41ebc2175e81d1b2e8,0.976341227197881,0.0236587728021193,0.586586699748266,0.763958022392049,0.756761494205489,0.77893051151659,580.9,5.0,0.989,-0.00719652818656069,-0.0174075874728235,616.0,8ab1681a0dac1f758fd50b574ccf4526cd479be5,2026-08-18 08:07:04,2026-06-06 14:01:41,2026-04-25-DC-BOS,glory,breeze,21,16,2026-04-25 19:00:00
mmcdonnel,6.67,57.41,zsinger,18.47,60.9,0,0,0,"itran,sfisherol,mcoe,zsinger,ghaflin,tchan,mmcdonnel",True,2026-04-25-DC-BOS,17,12,4,2,642.0,2,8,False,False,422,home,347,,18,False,"cboxley,cloverane,amerriman,smott,aroy,jwodatch1,jnissen",348,618,a4d53d3001d59ec1ac857df34984eee0f9b84abb8370d51a52894e09c433608e,1777164898.0,True,422,576.2,12.3052874814041,11.8,3.49,-73.523747477,7e31c791e729687409088a122e56ee4090e468c6fcc90899512b4f6e06368e7e,0.984154623632891,0.015845376367109,0.586586699748266,0.757311326447656,0.754886436181294,0.749258687145056,576.2,5.0,0.989,-0.00242489026636183,-0.00586553520383906,618.0,f6b23611ccaf1b053edb138c842b41e0f6a8f186,2026-08-18 08:07:04,2026-06-06 14:01:41,2026-04-25-DC-BOS,glory,breeze,21,16,2026-04-25 19:00:00
zsinger,18.47,60.9,,18.92,70.83,1,0,0,"itran,sfisherol,mcoe,zsinger,ghaflin,tchan,mmcdonnel",True,2026-04-25-DC-BOS,17,12,4,2,642.0,2,9,False,False,423,home,348,1777164903.0,22,False,"cboxley,cloverane,amerriman,smott,aroy,jwodatch1,jnissen",349,619,bea948f729972a36c7cd22d7952513ee2be4f2bb6f34146bb8070643dfdf3461,1777164903.0,False,423,571.5,9.94019114504344,0.450000000000003,9.93,-2.59471023879496,96769f9eee4aebc157bfb9d8537414d2584f07cca44c4b50ca4c5c1d2af2fcbe,0.980953085362422,-0.980953085362422,0.586586699748266,0.755477114192113,0.799858985258156,0.706106487628578,571.5,5.0,0.981,-0.706106487628578,-0.706106487628578,619.0,ecdbcc11f991d1ddc5fda5a7fb317a20ba0cc894,2026-08-18 08:07:04,2026-06-06 14:01:41,2026-04-25-DC-BOS,glory,breeze,21,16,2026-04-25 19:00:00
aroy,-25.16,49.56,amerriman,-11.36,52.31,0,0,0,"cboxley,cloverane,amerriman,smott,aroy,jwodatch1,jnissen",False,2026-04-25-DC-BOS,17,12,4,2,642.0,3,1,True,True,424,away,270,1777164903.0,18,False,"itran,sfisherol,mcoe,zsinger,ghaflin,tchan,mmcdonnel",271,620,9fc689addb10031b1eaa3019b663c5277cbbfc5b63e1048442236c0dbb7d356a,1777164903.0,False,424,566.8,14.0713361128217,13.8,2.75,-78.7299948919996,5b9175fd4d69298ce1a8d7cf2001309709adc9b950e9341f7667239181c035ff,0.967814449627534,0.0321855503724663,0.663861853024864,0.663861853024864,0.735317537424027,0.800449041979124,566.8,5.0,0.981,0.0714556843991628,0.212578325436084,620.0,1b427ed0dc62bb3cd9199834c29688b2185425ca,2026-08-18 08:07:04,2026-06-06 14:01:41,2026-04-25-DC-BOS,glory,breeze,21,16,2026-04-25 19:00:00
amerriman,-11.36,52.31,smott,-2.3,64.32,0,0,0,"cboxley,cloverane,amerriman,smott,aroy,jwodatch1,jnissen",False,2026-04-25-DC-BOS,17,12,4,2,642.0,3,2,True,True,425,away,271,1777164905.0,18,False,"itran,sfisherol,mcoe,zsinger,ghaflin,tchan,mmcdonnel",272,621,961db75e00b8b5140114e54092cc5fdb27613fa6a0e578db81c783a0fa90aa82,1777164905.0,False,425,562.1,15.0440586279102,9.06,12.01,-37.0298561999205,ea59f104e47b9094a58f7c8b84776f0bdd18ec80d472e86f66940c0e7bd4824c,0.967816378901999,0.0321836210980009,0.663861853024864,0.73598418362888,0.78916459885717,0.752616591452041,562.1,5.0,0.98,0.0531804152282903,0.158209997011211,621.0,fecebdc91756b85654d7ffb9eb6072f30eea0676,2026-08-18 08:07:04,2026-06-06 14:01:41,2026-04-25-DC-BOS,glory,breeze,21,16,2026-04-25 19:00:00
smott,-2.3,64.32,jwodatch1,18.7,81.28,0,0,0,"cboxley,cloverane,amerriman,smott,aroy,jwodatch1,jnissen",False,2026-04-25-DC-BOS,17,12,4,2,642.0,3,3,True,True,426,away,272,1777164909.0,18,False,"itran,sfisherol,mcoe,zsinger,ghaflin,tchan,mmcdonnel",273,622,103abf81bd5a5a2c7729664b5486eb26bf4972949a750e07111aecd6422a92e9,1777164909.0,False,426,557.4,26.9933621470168,21.0,16.96,-51.0749967893783,4235f299e6ac4fe11ead87e79dfdfd3d8e8fda9310dc3f193b739e0c8138a8df,0.933373122134108,0.0666268778658916,0.663861853024864,0.789738984228242,0.85009192851939,0.66992299096125,557.4,5.0,0.978,0.0603529442911486,0.179548036526818,622.0,027767983e38cea918130b0673fe820d24890ba2,2026-08-18 08:07:04,2026-06-06 14:01:41,2026-04-25-DC-BOS,glory,breeze,21,16,2026-04-25 19:00:00
jwodatch1,18.7,81.28,smott,8.54,67.2,0,0,0,"cboxley,cloverane,amerriman,smott,aroy,jwodatch1,jnissen",False,2026-04-25-DC-BOS,17,12,4,2,642.0,3,4,True,True,427,away,273,1777164914.0,18,False,"itran,sfisherol,mcoe,zsinger,ghaflin,tchan,mmcdonnel",274,623,7f9ad1dd75e07fc1e8094c2834a2b59d2e8e4df3f19505ea479764c16ce288c7,1777164914.0,False,427,552.7,17.3629490582677,-10.16,-14.08,144.186126160153,735385f421be647633fe52c96ce0856addc1393ad9e0889b5b489e461ab749bf,0.966533551464351,0.0334664485356487,0.663861853024864,0.850527729801975,0.80167386951047,0.74102694954198,552.7,5.0,0.98,-0.048853860291505,-0.145338637495133,623.0,12d0801b89261a5ffc7e224c4a1e1dc7807f014b,2026-08-18 08:07:04,2026-06-06 14:01:41,2026-04-25-DC-BOS,glory,breeze,21,16,2026-04-25 19:00:00
smott,8.54,67.2,amerriman,-7.18,69.88,0,0,0,"cboxley,cloverane,amerriman,smott,aroy,jwodatch1,jnissen",False,2026-04-25-DC-BOS,17,12,4,2,642.0,3,5,True,True,428,away,274,1777164920.0,18,False,"itran,sfisherol,mcoe,zsinger,ghaflin,tchan,mmcdonnel",275,624,0644a43c563b81450e0c351b02d8d5ae2780598f759923916f506920623fac1d,1777164920.0,False,428,548.0,15.9468115935443,-15.72,2.67999999999999,80.325034638138,17aa5ae8cf713c3efe830872bea404aa40d6047b3c60069efe7995a4f083d8c7,0.968629749544602,0.0313702504553981,0.663861853024864,0.802203228874526,0.814341309877396,0.731488110972202,548.0,5.0,0.979,0.0121380810028701,0.0361103942295723,624.0,b6bf2545f03a898be40a9e321170b80ee24477f3,2026-08-18 08:07:04,2026-06-06 14:01:41,2026-04-25-DC-BOS,glory,breeze,21,16,2026-04-25 19:00:00
amerriman,-7.18,69.88,cboxley,-5.19,85.12,0,0,0,"cboxley,cloverane,amerriman,smott,aroy,jwodatch1,jnissen",False,2026-04-25-DC-BOS,17,12,4,2,642.0,3,6,True,True,429,away,275,1777164925.0,18,False,"itran,sfisherol,mcoe,zsinger,ghaflin,tchan,mmcdonnel",276,625,e8226a9fb9e994ead62b44015fd09c30e088f15ba64258e6e24b27499b2032a7,1777164925.0,False,429,543.3,15.3693753939449,1.99,15.24,-7.43944407024082,f4f3ada011f32e9ea880de8a54ecac11f53d7a795a23b649bc6be84c1a13d8a9,0.959374197621363,0.040625802378637,0.663861853024864,0.81482197441973,0.879279931705713,0.678767493858551,543.3,5.0,0.978,0.0644579572859824,0.191760316007068,625.0,4bd1fbb4914ad4032fadaf3a939255f73ec5a16c,2026-08-18 08:07:04,2026-06-06 14:01:41,2026-04-25-DC-BOS,glory,breeze,21,16,2026-04-25 19:00:00
cboxley,-5.19,85.12,jwodatch1,-16.51,87.04,0,0,0,"cboxley,cloverane,amerriman,smott,aroy,jwodatch1,jnissen",False,2026-04-25-DC-BOS,17,12,4,2,642.0,3,7,True,True,430,away,276,1777164929.0,18,False,"itran,sfisherol,mcoe,zsinger,ghaflin,tchan,mmcdonnel",277,626,fa17e71e6457f617e566a442da51ddfcaab776456c2111a200f8178135ac4fc3,1777164929.0,False,430,538.6,11.4816723520574,-11.32,1.92,80.3736009795694,573149b6a783618b87aac02f037fcef79e2b655a0333a1a0d329109939a94f4b,0.976478900870182,0.0235210991298185,0.663861853024864,0.879595229021497,0.881458510130285,0.658987829511421,538.6,5.0,0.978,0.00186328110878742,0.00554320039410833,626.0,1fceb4645e23fa837ac2b27b32c1c3bd94cc4bb4,2026-08-18 08:07:04,2026-06-06 14:01:41,2026-04-25-DC-BOS,glory,breeze,21,16,2026-04-25 19:00:00
jwodatch1,-16.51,87.04,cboxley,-11.5,84.16,0,0,0,"cboxley,cloverane,amerriman,smott,aroy,jwodatch1,jnissen",False,2026-04-25-DC-BOS,17,12,4,2,642.0,3,8,True,True,431,away,277,1777164930.0,18,False,"itran,sfisherol,mcoe,zsinger,ghaflin,tchan,mmcdonnel",278,627,f90d505470bee185ddccd3cb8e0290226e405d663b18769a1e40e337e471d1c2,1777164930.0,False,431,533.9,5.7787974527578,5.01,-2.88000000000001,-119.892455418805,450ecd2038146e619f7de1052927b4ad622899c1fbe162d82f95730ffbc8843c,0.980652287446556,0.0193477125534438,0.663861853024864,0.881744225920273,0.874540420965415,0.679402004938439,533.9,5.0,0.978,-0.00720380495485806,-0.021431084272,627.0,561755201bd4099b51ca2f9d665b8f1ae97ae152,2026-08-18 08:07:04,2026-06-06 14:01:41,2026-04-25-DC-BOS,glory,breeze,21,16,2026-04-25 19:00:00
cboxley,-11.5,84.16,smott,-6.49,80.59,0,0,0,"cboxley,cloverane,amerriman,smott,aroy,jwodatch1,jnissen",False,2026-04-25-DC-BOS,17,12,4,2,642.0,3,9,True,True,432,away,278,1777164932.0,18,False,"itran,sfisherol,mcoe,zsinger,ghaflin,tchan,mmcdonnel",279,628,30a54b122a5371afe9c01d690f4750cc810201e6b360bf0a2e7bcab6c9127c16,1777164932.0,False,432,529.2,6.15182899632296,5.01,-3.56999999999999,-125.472716618548,dbc0d87333d59ae8ee0f84a5cfcda5022443c70126ef7be67bcacb888399fe04,0.983365249638868,0.0166347503611317,0.663861853024864,0.874815222886117,0.861722256670811,0.695049967474805,529.2,5.0,0.978,-0.0130929662153054,-0.0389511465245089,628.0,319912e2bb3c5e1ebd0160ddbb2fb2ada757c1cb,2026-08-18 08:07:04,2026-06-06 14:01:41,2026-04-25-DC-BOS,glory,breeze,21,16,2026-04-25 19:00:00
smott,-6.49,80.59,cboxley,1.13,76.06,0,0,0,"cboxley,cloverane,amerriman,smott,aroy,jwodatch1,jnissen",False,2026-04-25-DC-BOS,17,12,4,2,642.0,3,10,True,True,433,away,279,1777164935.0,18,False,"itran,sfisherol,mcoe,zsinger,ghaflin,tchan,mmcdonnel",280,629,9d5be70deb7b2d40713e54aaaae640e9413e8e84dd7a848bebce8f03f58801c3,1777164935.0,False,433,524.5,8.86483502384562,7.62,-4.53,-120.730983316748,f0804c7e755403c24091a64b111fc506ed2e58656557ae07ffeeefc1fd8c9b0f,0.982789508360206,0.0172104916397937,0.663861853024864,0.861994255981868,0.843483273628912,0.712028981061322,524.5,5.0,0.979,-0.0185109823529558,-0.055069567436882,629.0,c78fa6432548c25ec3c029361cb7d2b252878e26,2026-08-18 08:07:04,2026-06-06 14:01:41,2026-04-25-DC-BOS,glory,breeze,21,16,2026-04-25 19:00:00
cboxley,1.13,76.06,smott,8.54,73.59,0,0,0,"cboxley,cloverane,amerriman,smott,aroy,jwodatch1,jnissen",False,2026-04-25-DC-BOS,17,12,4,2,642.0,3,11,True,True,434,away,280,1777164942.0,18,False,"itran,sfisherol,mcoe,zsinger,ghaflin,tchan,mmcdonnel",281,630,503d48693a9b9b478198a66759c59451e3f8cfd6a12a215d930fa4232fa899c5,1777164942.0,False,434,519.8,7.8108258206159,7.41,-2.47,-108.434948822922,955fbbe4951355e599d6bc94d8a1f11cb5a8d2f0faa89729436fd967aea1b0d3,0.984547197769791,0.0154528022302087,0.663861853024864,0.843756384233123,0.832230811603554,0.720125850151861,519.8,5.0,0.979,-0.0115255726295688,-0.0342882018398861,630.0,a00cddda246b799533c450745771aafbeafcae2d,2026-08-18 08:07:04,2026-06-06 14:01:41,2026-04-25-DC-BOS,glory,breeze,21,16,2026-04-25 19:00:00
smott,8.54,73.59,cboxley,13.55,77.43,0,0,0,"cboxley,cloverane,amerriman,smott,aroy,jwodatch1,jnissen",False,2026-04-25-DC-BOS,17,12,4,2,642.0,3,12,True,True,435,away,281,1777164943.0,18,False,"itran,sfisherol,mcoe,zsinger,ghaflin,tchan,mmcdonnel",282,631,ca9fcd8a4abbac50dde970418b84c16db81724ef5a80b1e68af00aa1f66a4896,1777164943.0,False,435,515.1,6.31234504760315,5.01,3.84,-52.5310238305435,173bf08f23373bad8482d35366264f5a74f6b348e60dbba36b3b553cb89919ac,0.984334873048539,0.0156651269514612,0.663861853024864,0.832490873284337,0.845440825492817,0.702055033427959,515.1,5.0,0.979,0.0129499522084792,0.0385256845288585,631.0,99fff124df54ff72fcffa2a9608a1efa4d10ef4f,2026-08-18 08:07:04,2026-06-06 14:01:41,2026-04-25-DC-BOS,glory,breeze,21,16,2026-04-25 19:00:00
cboxley,13.55,77.43,aroy,22.34,97.68,0,0,0,"cboxley,cloverane,amerriman,smott,aroy,jwodatch1,jnissen",False,2026-04-25-DC-BOS,17,12,4,2,642.0,3,13,True,True,436,away,282,1777164946.0,18,False,"itran,sfisherol,mcoe,zsinger,ghaflin,tchan,mmcdonnel",283,632,0d1163c7769baa1e3207d1f6a17bb2169c9e698e5558d84d12af41ffc8e351d6,1777164946.0,False,436,510.4,22.0754750798256,8.79,20.25,-23.4644148496174,3e5f244da7250eef5e73e802400eef89121e36ea2bd917b82eeaae1dbd60f624,0.923976594583295,0.0760234054167054,0.663861853024864,0.845658304286972,0.911674910113473,0.604076217574164,510.4,5.0,0.977,0.0660166058265015,0.196397244468015,632.0,1d96105f422dc5e94d1af7daa8726721a1e2fc2e,2026-08-18 08:07:04,2026-06-06 14:01:41,2026-04-25-DC-BOS,glory,breeze,21,16,2026-04-25 19:00:00
aroy,22.34,97.68,cloverane,25.22,106.75,0,0,0,"cboxley,cloverane,amerriman,smott,aroy,jwodatch1,jnissen",False,2026-04-25-DC-BOS,17,13,4,2,642.0,3,14,True,True,437,away,283,1777164964.0,19,False,"itran,sfisherol,mcoe,zsinger,ghaflin,tchan,mmcdonnel",284,635,76bfdfe52d1e8919b94a9551f0f4fb05e51adeb288d3261ec9e8c108582b0afb,1777164964.0,False,437,505.7,9.5162650236319,2.88,9.06999999999999,-17.6162213957726,8a8bfd0a61a0710f283c7cef036d7032cc297ad39190d5daca29ee0f48dc5969,0.91386930783937,0.0861306921606303,0.663861853024864,0.911793592536327,1.0,0.568849262968301,505.7,5.0,0.976,0.0882064074636729,0.26241117902693,635.0,8228902ad02a30b03d939c8db079df39fa7a9d62,2026-08-18 08:07:04,2026-06-06 14:01:41,2026-04-25-DC-BOS,glory,breeze,21,16,2026-04-25 19:00:00
bsadok,10.86,17.54,rdinger,-1.07,31.8,0,0,0,"scarapell,bsadok,tedmonds,rdinger,ndick,tdecraene,jbabbitt",True,2026-04-25-DC-BOS,17,13,4,3,501.0,1,1,True,True,438,home,351,1777165017.0,18,False,"wvandenbr,jlightner,xschafer,tgesell,mgrovic,lrehfuss,cmccutche",352,638,e53b9871ebc6aea7acebc3574977c9a26e1906483f31930e917c54d88306e054,1777165017.0,False,438,501.0,18.5922698990736,-11.93,14.26,39.9160510756044,ad41b7183eec5d1b9b83874dd0448892c1dd5ef67406ef79f4c89ac757434f9a,0.969418522338569,0.0305814776614308,0.632185010458352,0.632185010458352,0.67387098705371,0.89327604659588,501.0,4.0,0.972,0.0416859765953578,0.113334088551706,638.0,dfdd3dfe22eb37e7d338d2b400c8dc845eeea0a9,2026-08-18 08:07:04,2026-06-06 14:01:41,2026-04-25-DC-BOS,glory,breeze,21,16,2026-04-25 19:00:00
rdinger,-1.07,31.8,tdecraene,-13.52,37.29,0,0,0,"scarapell,bsadok,tedmonds,rdinger,ndick,tdecraene,jbabbitt",True,2026-04-25-DC-BOS,17,13,4,3,501.0,1,2,True,True,439,home,352,1777165020.0,18,False,"wvandenbr,jlightner,xschafer,tgesell,mgrovic,lrehfuss,cmccutche",353,639,1d9b5e64dfd661cf378aa7a8d53fe05fd2507d4fa8964aa0fe48dbabb24e5a28,1777165020.0,False,439,496.666666666667,13.6067115792171,-12.45,5.49,66.2042544843144,34f61996a463f08c3f1f52f735662afba07afbb76fc5e7d394ba70c8015886c5,0.982534327337788,0.0174656726622123,0.632185010458352,0.674098745975689,0.685183791562763,0.868338473616171,496.666666666667,4.0,0.973,0.0110850455870742,0.0301375580176541,639.0,2088a2900c12e92de2da378096063125f021ecd6,2026-08-18 08:07:04,2026-06-06 14:01:41,2026-04-25-DC-BOS,glory,breeze,21,16,2026-04-25 19:00:00
tdecraene,-13.52,37.29,rdinger,-2.68,28.7,0,0,0,"scarapell,bsadok,tedmonds,rdinger,ndick,tdecraene,jbabbitt",True,2026-04-25-DC-BOS,17,13,4,3,501.0,1,3,True,True,440,home,353,1777165023.0,18,False,"wvandenbr,jlightner,xschafer,tgesell,mgrovic,lrehfuss,cmccutche",354,640,0ecfa86680d81fe57829c4a1a98271838b3458fdac7b5fd372eaf231554786e4,1777165023.0,False,440,492.333333333333,13.8308965725292,10.84,-8.59,-128.394551910714,66f638727aac6bf748206210b2bbf0a5888dede6e69f6921d32f1f0e22c6cb4f,0.986322954935352,0.0136770450646484,0.632185010458352,0.685376682256703,0.665127664764651,0.904717316394238,492.333333333333,4.0,0.972,-0.020249017492052,-0.0550521813080138,640.0,4a153962a9e314bcb181b68e3a1510c708d778e4,2026-08-18 08:07:04,2026-06-06 14:01:41,2026-04-25-DC-BOS,glory,breeze,21,16,2026-04-25 19:00:00
rdinger,-2.68,28.7,tdecraene,-13.84,24.7,0,0,0,"scarapell,bsadok,tedmonds,rdinger,ndick,tdecraene,jbabbitt",True,2026-04-25-DC-BOS,17,13,4,3,501.0,1,4,True,True,441,home,354,1777165029.0,18,False,"wvandenbr,jlightner,xschafer,tgesell,mgrovic,lrehfuss,cmccutche",355,641,36aff73ba9d66fb562643c552a0dc1fff5be4b219ab26b7bd0880c33b419e529,1777165029.0,False,441,488.0,11.8551929549881,-11.16,-4.0,109.718844206621,d49ff77345111d6289f239eb0f5d1d797d49900f4e4edae79100f00e154c5eda,0.989362004120267,0.0106379958797331,0.632185010458352,0.665296573953093,0.647441212324181,0.915750271175606,488.0,4.0,0.972,-0.0178553616289127,-0.0485444099251178,641.0,fd4e0366fc74a93edde0556a95ad913cde594ed7,2026-08-18 08:07:04,2026-06-06 14:01:41,2026-04-25-DC-BOS,glory,breeze,21,16,2026-04-25 19:00:00
tdecraene,-13.84,24.7,rdinger,-3.71,23.48,0,0,0,"scarapell,bsadok,tedmonds,rdinger,ndick,tdecraene,jbabbitt",True,2026-04-25-DC-BOS,17,13,4,3,501.0,1,5,True,True,442,home,355,1777165031.0,18,False,"wvandenbr,jlightner,xschafer,tgesell,mgrovic,lrehfuss,cmccutche",356,642,17e473fcd54b2de875a966c62dd327af4668d7f593d9615f59de347657f84481,1777165031.0,False,442,483.666666666667,10.2032004782813,10.13,-1.22,-96.867305487526,2970b619c51470ddb63271d021102e7d07680105c3679d2ee2bc1e834856a4c3,0.98884629718623,0.0111537028137699,0.632185010458352,0.647584718962692,0.651083656112155,0.922415817076458,483.666666666667,4.0,0.972,0.00349893714946314,0.00951276388660327,642.0,b3467c682f0fa63c3ee964f10efffb2b63d5ec50,2026-08-18 08:07:04,2026-06-06 14:01:41,2026-04-25-DC-BOS,glory,breeze,21,16,2026-04-25 19:00:00
rdinger,-3.71,23.48,tdecraene,-11.71,27.61,0,0,0,"scarapell,bsadok,tedmonds,rdinger,ndick,tdecraene,jbabbitt",True,2026-04-25-DC-BOS,17,13,4,3,501.0,1,6,True,True,443,home,356,1777165033.0,18,False,"wvandenbr,jlightner,xschafer,tgesell,mgrovic,lrehfuss,cmccutche",357,643,377c4e051e3e256f8c919b2bbe8ac0a624d5d7c764124134e80fba15bc5a340f,1777165033.0,False,443,479.333333333333,9.00316055616026,-8.0,4.13,62.6949550639468,81ec54ec52110c95fabbd7a56821d7caa72a4a3d4c001c142df0115d4df5dd3f,0.989176129056212,0.0108238709437881,0.632185010458352,0.651198438858607,0.658731142943698,0.907054500981277,479.333333333333,4.0,0.972,0.00753270408509088,0.0204796006124649,643.0,4e62c2f3599eee04458099234a2d88415beb00d6,2026-08-18 08:07:04,2026-06-06 14:01:41,2026-04-25-DC-BOS,glory,breeze,21,16,2026-04-25 19:00:00
tdecraene,-11.71,27.61,bsadok,16.34,32.58,0,0,0,"scarapell,bsadok,tedmonds,rdinger,ndick,tdecraene,jbabbitt",True,2026-04-25-DC-BOS,17,13,4,3,501.0,1,7,True,True,444,home,357,1777165036.0,18,False,"wvandenbr,jlightner,xschafer,tgesell,mgrovic,lrehfuss,cmccutche",358,644,893e0f93164677cfcdb0957e57b8bd1eec5b7505660bce8fe995ff9f6da18bef,1777165036.0,False,444,475.0,28.4868987431065,28.05,4.97,-79.9524062366049,2d3f989af7f6b8d0c13280c4314f4ac1a213272b0660b9218cebea184ee9a37a,0.95407877716926,0.0459212228307398,0.632185010458352,0.658818382304118,0.662849695166687,0.885256176569158,475.0,4.0,0.972,0.00403131286256819,0.0109601646947337,644.0,ec01085aded48a40e6ab937ef7e793f694ac6c46,2026-08-18 08:07:04,2026-06-06 14:01:41,2026-04-25-DC-BOS,glory,breeze,21,16,2026-04-25 19:00:00
bsadok,16.34,32.58,ndick,1.45,45.61,0,0,0,"scarapell,bsadok,tedmonds,rdinger,ndick,tdecraene,jbabbitt",True,2026-04-25-DC-BOS,17,13,4,3,501.0,1,8,True,True,445,home,358,1777165041.0,18,False,"wvandenbr,jlightner,xschafer,tgesell,mgrovic,lrehfuss,cmccutche",359,645,e4990bbe92b04fa793e073e9092d4369e13a75d3f62b0c652e9cef4281f6065d,1777165041.0,False,445,470.666666666667,19.7861820470752,-14.89,13.03,48.8113507445518,23420d2be6414f8bcb9e90c4f6c4993357f3392a705569960d6319852e6d9270,0.957998191909581,0.0420018080904191,0.632185010458352,0.662911623217448,0.720682518118272,0.838114387896085,470.666666666667,4.0,0.973,0.0577708949008239,0.157065091264538,645.0,d0d575d98b22f41f5ecfa40407f686b9f9e9cd97,2026-08-18 08:07:04,2026-06-06 14:01:41,2026-04-25-DC-BOS,glory,breeze,21,16,2026-04-25 19:00:00
ndick,1.45,45.61,rdinger,-14.03,54.38,0,0,0,"scarapell,bsadok,tedmonds,rdinger,ndick,tdecraene,jbabbitt",True,2026-04-25-DC-BOS,17,13,4,3,501.0,1,9,True,True,446,home,359,1777165045.0,18,False,"wvandenbr,jlightner,xschafer,tgesell,mgrovic,lrehfuss,cmccutche",360,646,291a27260b17da9da993fc12d9ad1a25b413da92dd8a8c2eaabb8d2b199e4e2e,1777165045.0,False,446,466.333333333333,17.791663778298,-15.48,8.77,60.466821330981,b529ae7bb90e74cdb710c077f6b73745192ceb32c60e0e92f1ba6adf043e755d,0.969492518159773,0.0305074818402266,0.632185010458352,0.720717218490189,0.748238905227738,0.794729372980222,466.333333333333,4.0,0.974,0.027521686737549,0.0748248100814083,646.0,8e176ede6fb3152fdd65ef0accf5a817065a0d17,2026-08-18 08:07:04,2026-06-06 14:01:41,2026-04-25-DC-BOS,glory,breeze,21,16,2026-04-25 19:00:00
rdinger,-14.03,54.38,jbabbitt,-7.84,57.67,0,0,0,"scarapell,bsadok,tedmonds,rdinger,ndick,tdecraene,jbabbitt",True,2026-04-25-DC-BOS,17,13,4,3,501.0,1,10,True,True,447,home,360,1777165049.0,18,False,"wvandenbr,jlightner,xschafer,tgesell,mgrovic,lrehfuss,cmccutche",361,647,15c160808333df23576a3a83cd4f1f254dd3796f95c00e0f89d4649f17001ee1,1777165049.0,False,447,462.0,7.01000713266399,6.19,3.29,-62.0092473589367,cdadc81664d5c9087ec1dc8a9ed872be8a86fa997be52fd588bebc2f265c5c34,0.985304497011329,0.0146955029886705,0.632185010458352,0.748252825410366,0.766634946661799,0.785962362183139,462.0,4.0,0.974,0.018382121251433,0.0499765419412077,647.0,069337b169d35f25463420aa5cb47bf00648370d,2026-08-18 08:07:04,2026-06-06 14:01:41,2026-04-25-DC-BOS,glory,breeze,21,16,2026-04-25 19:00:00
jbabbitt,-7.84,57.67,scarapell,9.96,61.03,0,0,0,"scarapell,bsadok,tedmonds,rdinger,ndick,tdecraene,jbabbitt",True,2026-04-25-DC-BOS,17,13,4,3,501.0,1,11,True,True,448,home,361,1777165062.0,18,False,"wvandenbr,jlightner,xschafer,tgesell,mgrovic,lrehfuss,cmccutche",362,648,a5dc940952be1092af4a6d676ecc421d7263229c7fd52a7cd324d154cc9f98ec,1777165062.0,False,448,457.666666666667,18.1143479043547,17.8,3.36,-79.3103960315727,fffede42ffc19e3ab67ae5aea615be31fea5263932c742616a0e5c076d751a8e,0.966166138168296,0.0338338618317042,0.632185010458352,0.766631662667596,0.779456717554914,0.771111012769302,457.666666666667,4.0,0.974,0.0128250548873182,0.0348682224813626,648.0,b560ae9a5079a7e50323ad79c1cbce4573cd6b17,2026-08-18 08:07:04,2026-06-06 14:01:41,2026-04-25-DC-BOS,glory,breeze,21,16,2026-04-25 19:00:00
scarapell,9.96,61.03,tdecraene,9.96,107.09,0,0,0,"scarapell,bsadok,tedmonds,rdinger,ndick,tdecraene,jbabbitt",True,2026-04-25-DC-BOS,18,13,4,3,501.0,1,12,True,True,449,home,362,1777165073.0,19,False,"wvandenbr,jlightner,xschafer,tgesell,mgrovic,lrehfuss,cmccutche",363,650,37cf21548eeed42e46b7e723f6919adb81f2723630e9c963f28c990faa2e383a,1777165073.0,False,449,453.333333333333,46.06,0.0,46.06,0.0,2f28a22122e6e02d87b54aacb0b52a94c2b9d8d5af60763221903802d633969e,0.701533929841224,0.298466070158776,0.632185010458352,0.779438775643889,1.0,0.640457693985429,453.333333333333,4.0,0.979,0.220561224356111,0.59965262598722,650.0,2d208a0d909454e5e10b53e8645782fcf117623c,2026-08-18 08:07:04,2026-06-06 14:01:41,2026-04-25-DC-BOS,glory,breeze,21,16,2026-04-25 19:00:00
aroy,10.67,17.02,jnissen,4.22,17.84,0,0,0,"smott,jnissen,aroy,cloverane,zburpee,tshapinsk,cboxley",False,2026-04-25-DC-BOS,18,13,4,4,449.0,1,1,True,True,450,away,288,1777165134.0,18,False,"kdelorenz,mcoe,ldecraene,cdavisbra,mmcdonnel,tallen1,ghaflin",289,653,bf3bddcf64af12f6866c44d6409161af73ce7a79bb545c1d45e3e807399a38dc,1777165134.0,False,450,449.0,6.50191510249096,-6.45,0.82,82.7547523177229,777eed92cc9be78b1873251bf2e4cb7d0a574f369949a4bc4fa922e71ea5ea31,0.992588770262435,0.00741122973756536,0.632191620651865,0.632191620651865,0.637251576054275,0.933128413577729,449.0,5.0,0.982,0.00505995540240955,0.0137570422168665,653.0,ab7003cbba270eae0356cb2ef7a70b33a050f783,2026-08-18 08:07:04,2026-06-06 14:01:41,2026-04-25-DC-BOS,glory,breeze,21,16,2026-04-25 19:00:00
jnissen,4.22,27.84,smott,-13.22,42.97,0,0,0,"smott,jnissen,aroy,cloverane,zburpee,tshapinsk,cboxley",False,2026-04-25-DC-BOS,18,13,4,4,449.0,1,2,True,True,451,away,290,1777165145.0,18,False,"kdelorenz,mcoe,ldecraene,cdavisbra,mmcdonnel,tallen1,ghaflin",291,657,ae30f1db5c2fc7d69a518793391114fc2c8bcb0aea6316f0bb5bdb043e3dab00,1777165145.0,False,451,440.4,23.0883195577331,-17.44,15.13,49.0568619998539,0ebf3a118786f1319c349f148b3727ebae682e056f11dd1efac182c7be65a950,0.953629405128554,0.0463705948714459,0.632191620651865,0.662966814685245,0.70569371734718,0.845173504967892,440.4,5.0,0.981,0.0427269026619351,0.116166202460259,657.0,cda2ebac22d21def197cb58faab85c07588f1138,2026-08-18 08:07:04,2026-06-06 14:01:41,2026-04-25-DC-BOS,glory,breeze,21,16,2026-04-25 19:00:00
smott,-13.22,42.97,cboxley,-8.96,54.91,0,0,0,"smott,jnissen,aroy,cloverane,zburpee,tshapinsk,cboxley",False,2026-04-25-DC-BOS,18,13,4,4,449.0,1,3,True,True,452,away,291,1777165149.0,18,False,"kdelorenz,mcoe,ldecraene,cdavisbra,mmcdonnel,tallen1,ghaflin",292,658,a459987ae10f51fdfae22aa57d8c488251562e9d4ce79c232a0f1b32f7fbd19e,1777165149.0,False,452,431.8,12.6771921181309,4.26,11.94,-19.635582804447,a2e35acb0534fc82a88b89fed32e96f6fe02444748c49d4a462384cf2699d8b8,0.973523125701022,0.0264768742989776,0.632191620651865,0.705523794437822,0.75468791569491,0.796946736497571,431.8,5.0,0.98,0.0491641212570879,0.133667757499765,658.0,dfc8bd13c3fe73cc97fab7f7dd39e63056533240,2026-08-18 08:07:04,2026-06-06 14:01:41,2026-04-25-DC-BOS,glory,breeze,21,16,2026-04-25 19:00:00
cboxley,-8.96,54.91,aroy,-14.04,69.88,0,0,0,"smott,jnissen,aroy,cloverane,zburpee,tshapinsk,cboxley",False,2026-04-25-DC-BOS,18,13,4,4,449.0,1,4,True,True,453,away,292,1777165151.0,18,False,"kdelorenz,mcoe,ldecraene,cdavisbra,mmcdonnel,tallen1,ghaflin",293,659,448d4c787e9934ae42472b4daf119f0cc2df87eeea2d5662f179fa8ff8ca6f4f,1777165151.0,False,453,423.2,15.8084565976568,-5.08,14.97,18.7444049150196,9b513d392a3c233bc9fbd6464a4b490e91bbbe4b52dc4eb7b0065c90d2dc4dc0,0.963653653878152,0.0363463461218477,0.632191620651865,0.75450086434832,0.813745631102633,0.729662947663805,423.2,5.0,0.979,0.0592447667543121,0.16107508713997,659.0,72254342115d93281c61a3143eddce8499d9ab02,2026-08-18 08:07:04,2026-06-06 14:01:41,2026-04-25-DC-BOS,glory,breeze,21,16,2026-04-25 19:00:00
aroy,-14.04,69.88,zburpee,15.47,64.94,0,0,0,"smott,jnissen,aroy,cloverane,zburpee,tshapinsk,cboxley",False,2026-04-25-DC-BOS,18,13,4,4,449.0,1,5,True,True,454,away,293,1777165157.0,18,False,"kdelorenz,mcoe,ldecraene,cdavisbra,mmcdonnel,tallen1,ghaflin",294,660,9254217f63a77b3a667f5f63502dde6a1632c3406e352411e4f74bd3999a4464,1777165157.0,False,454,414.6,29.9206233223842,29.51,-4.94,-99.5032477578605,ae084c25298a9be58fe71fa35dfd4174d29e1733c23cd2e80013571a9f1ef4fd,0.932514430001883,0.0674855699981172,0.632191620651865,0.813570754274265,0.788574083621633,0.747802431092383,414.6,5.0,0.98,-0.0249966706526321,-0.0679611233896672,660.0,6e71e3a55ea13c18a9aab6dd928e18e2177e4fec,2026-08-18 08:07:04,2026-06-06 14:01:41,2026-04-25-DC-BOS,glory,breeze,21,16,2026-04-25 19:00:00
zburpee,16.3,64.32,aroy,3.26,66.38,0,0,0,"jnissen,aroy,cloverane,zburpee,tshapinsk,cboxley,mgrovic",False,2026-04-25-DC-BOS,18,13,4,4,406.0,1,6,True,True,455,away,295,1777165205.0,18,False,"kdelorenz,mcoe,ldecraene,cdavisbra,mmcdonnel,tallen1,ghaflin",296,663,8e347f37ff472caea5bb158c07c57ab66922fb4dae1958d933a3c2367a9e50c4,1777165205.0,False,455,406.0,13.2017120101902,-13.04,2.06,81.0228608404557,7c94b0940c7bc39e7f70f4cf900fbc9f4beab587ec7af74922862d03fef9567e,0.973766231196243,0.0262337688037567,0.632191620651865,0.783822090827479,0.803152892919527,0.75012473372164,406.0,5.0,0.979,0.0193308020920481,0.0525567202310833,663.0,2e330b860b35eee6ce308d400562bb0176089908,2026-08-18 08:07:04,2026-06-06 14:01:41,2026-04-25-DC-BOS,glory,breeze,21,16,2026-04-25 19:00:00
aroy,3.26,66.38,cboxley,-4.91,76.95,0,0,0,"jnissen,aroy,cloverane,zburpee,tshapinsk,cboxley,mgrovic",False,2026-04-25-DC-BOS,18,13,4,4,406.0,1,7,True,True,456,away,296,1777165209.0,18,False,"kdelorenz,mcoe,ldecraene,cdavisbra,mmcdonnel,tallen1,ghaflin",297,664,25afb4e9a6db553026f1f6f724e9fc9136310b6c6a637dc6ad4d4ad872132115,1777165209.0,False,456,402.6,13.3594086695482,-8.17,10.57,37.7019533303737,a49ce63de7f761aba376a9f75e02798d0abecba0ded7a9f1ec30bd798b98d219,0.971208982500974,0.0287910174990258,0.632191620651865,0.803072455967952,0.847946889575771,0.710025349529432,402.6,5.0,0.978,0.0448744336078192,0.122004924649487,664.0,4bb04f1d10091ad26117830443fb659fe7ddfffb,2026-08-18 08:07:04,2026-06-06 14:01:41,2026-04-25-DC-BOS,glory,breeze,21,16,2026-04-25 19:00:00
cboxley,-4.91,76.95,aroy,6.14,75.44,0,0,0,"jnissen,aroy,cloverane,zburpee,tshapinsk,cboxley,mgrovic",False,2026-04-25-DC-BOS,18,13,4,4,406.0,1,8,True,True,457,away,297,1777165211.0,18,False,"kdelorenz,mcoe,ldecraene,cdavisbra,mmcdonnel,tallen1,ghaflin",298,665,ee191339ef5989d60e29ec7a0e51202bbbbdfb3738538cc55b3ecec355b0de8b,1777165211.0,False,457,399.2,11.1526947416308,11.05,-1.51000000000001,-97.7813623777481,e5b391bbf7943b378cd41bb66acdf0ada4b7ed22a67177fce283410b3bc35d02,0.978736725364978,0.0212632746350215,0.632191620651865,0.847880756147525,0.841366229027086,0.715065482296771,399.2,5.0,0.978,-0.00651452712043887,-0.0177117419999635,665.0,f9047bce009b68f4d731277603bca07235bc048f,2026-08-18 08:07:04,2026-06-06 14:01:41,2026-04-25-DC-BOS,glory,breeze,21,16,2026-04-25 19:00:00
aroy,6.14,75.44,jnissen,16.57,84.85,0,0,0,"jnissen,aroy,cloverane,zburpee,tshapinsk,cboxley,mgrovic",False,2026-04-25-DC-BOS,18,13,4,4,406.0,1,9,True,True,458,away,298,1777165214.0,18,False,"kdelorenz,mcoe,ldecraene,cdavisbra,mmcdonnel,tallen1,ghaflin",299,666,ba57c04c0d90a6311ae8cc5647edd72a27ebd000636dcd7e58d63ce956b88995,1777165214.0,False,458,395.8,14.047526472657,10.43,9.41,-47.9430588265702,8263d25b36db2c663e73c915321d3ca94265261f4bfca10c490d9cec601ef7f6,0.970867441675994,0.0291325583240064,0.632191620651865,0.841297619071183,0.87289392085539,0.671075897788947,395.8,5.0,0.978,0.0315963017842065,0.0859042467716599,666.0,f39bc835139721a644944c2fcd0f6129f64d6ce3,2026-08-18 08:07:04,2026-06-06 14:01:41,2026-04-25-DC-BOS,glory,breeze,21,16,2026-04-25 19:00:00
jnissen,16.57,84.85,cloverane,17.74,108.67,0,0,0,"jnissen,aroy,cloverane,zburpee,tshapinsk,cboxley,mgrovic",False,2026-04-25-DC-BOS,18,14,4,4,406.0,1,10,True,True,459,away,299,1777165231.0,19,False,"kdelorenz,mcoe,ldecraene,cdavisbra,mmcdonnel,tallen1,ghaflin",300,668,eff360a3bc3c9a0e5fb9dfd3844420b210075db076722d6ade84cf43c492a817,1777165231.0,False,459,392.4,23.84871694662,1.17,23.82,-2.81201633821792,f0fd78bb99fb9d6f0939b493c4bee72bf7f13aa9ddbeea1fd7f7d7e60accda18,0.907926963152366,0.0920730368476336,0.632191620651865,0.872837095671165,1.0,0.623933561771781,392.4,5.0,0.975,0.127162904328835,0.345731395663703,668.0,6506571ff3363352da4d2e695883eb0e148bbb5b,2026-08-18 08:07:04,2026-06-06 14:01:41,2026-04-25-DC-BOS,glory,breeze,21,16,2026-04-25 19:00:00
rdinger,-13.97,20.0,bsadok,-0.49,20.32,0,0,0,"scarapell,bsadok,tedmonds,rdinger,ndick,tdecraene,jbabbitt",True,2026-04-25-DC-BOS,18,14,4,5,389.0,1,1,True,True,460,home,369,1777165284.0,18,False,"cmccutche,mgrovic,cboxley,lblumenfe,ilee,amerriman,tgesell",370,672,48df93f675051525dfbea91bfbd298551e459477f18395fccaf8bf36ba073f80,1777165284.0,False,460,389.0,13.4837976846288,13.48,0.32,-88.6401182090706,6fda132879142688798192575947a9ae44a70f3db70a1a3f1cdb1a53a2b71d36,0.985789111525144,0.0142108884748564,0.633753733433776,0.633753733433776,0.641892049485907,0.931818998675864,389.0,4.0,0.971,0.00813831605213056,0.022220884675309,672.0,c2356428bcadfe500f05192272bebbfa8db2c7a8,2026-08-18 08:07:04,2026-06-06 14:01:41,2026-04-25-DC-BOS,glory,breeze,21,16,2026-04-25 19:00:00
bsadok,-0.49,20.32,rdinger,-10.48,27.29,0,0,0,"scarapell,bsadok,tedmonds,rdinger,ndick,tdecraene,jbabbitt",True,2026-04-25-DC-BOS,18,14,4,5,389.0,1,2,True,True,461,home,370,1777165287.0,18,False,"cmccutche,mgrovic,cboxley,lblumenfe,ilee,amerriman,tgesell",371,673,e72c0c2f5ec4210b8492e7526daafd637fbc9c2d4ec3300f6e82aeb0c4d5cad1,1777165287.0,False,461,385.0,12.1811739992498,-9.99,6.97,55.096607273212,c376cf4e7b43c430bcb88804110e1f584f3874b62c6bc1b3a449b9060ae8bfc3,0.985325142792203,0.0146748572077967,0.633753733433776,0.641757266817162,0.657364499828216,0.908092436245151,385.0,4.0,0.972,0.0156072330110532,0.0426140398846389,673.0,215c0fa11d7827d8d4438202993e2313a373f5ef,2026-08-18 08:07:04,2026-06-06 14:01:41,2026-04-25-DC-BOS,glory,breeze,21,16,2026-04-25 19:00:00
rdinger,-10.48,27.29,tedmonds,3.06,34.38,0,0,0,"scarapell,bsadok,tedmonds,rdinger,ndick,tdecraene,jbabbitt",True,2026-04-25-DC-BOS,18,14,4,5,389.0,1,3,True,True,462,home,371,1777165291.0,18,False,"cmccutche,mgrovic,cboxley,lblumenfe,ilee,amerriman,tgesell",372,674,0e2af830e99469ca1022f7c8f87ebacf96c452663c1bda47b8708a5e0d94b462,1777165291.0,False,462,381.0,15.2839687254325,13.54,7.09,-62.3619312102614,c82ef34be787b518c8180558232180177330d1937df8919f51642b5dc84bfeb1,0.97850042754228,0.0214995724577205,0.633753733433776,0.657236005326667,0.680743320588079,0.882941642553425,381.0,4.0,0.972,0.0235073152614124,0.0641844502110763,674.0,2784dd710f1cd60a930ecb4d576f019272575091,2026-08-18 08:07:04,2026-06-06 14:01:41,2026-04-25-DC-BOS,glory,breeze,21,16,2026-04-25 19:00:00
tedmonds,3.06,34.38,jbabbitt,-12.81,46.25,0,0,0,"scarapell,bsadok,tedmonds,rdinger,ndick,tdecraene,jbabbitt",True,2026-04-25-DC-BOS,18,14,4,5,389.0,1,4,True,True,463,home,372,1777165294.0,18,False,"cmccutche,mgrovic,cboxley,lblumenfe,ilee,amerriman,tgesell",373,675,dec3360bc885a5aefac8acc7b2af17554cdcf58d1f005fe5de844f36ed0d018b,1777165294.0,False,463,377.0,19.818017055195,-15.87,11.87,53.2052708581758,76bc36928c1e7ac1819f63a21c82f1cbd227e787566e402c2f978885d3d1c953,0.964070479090757,0.0359295209092427,0.633753733433776,0.680623849739949,0.716450557665411,0.830325487214205,377.0,4.0,0.973,0.0358267079254618,0.0978213600956495,675.0,6c942da5e6aad464801d3a1845e18b8a0728eb98,2026-08-18 08:07:04,2026-06-06 14:01:41,2026-04-25-DC-BOS,glory,breeze,21,16,2026-04-25 19:00:00
jbabbitt,-12.81,46.25,tdecraene,-12.94,63.93,0,0,0,"scarapell,bsadok,tedmonds,rdinger,ndick,tdecraene,jbabbitt",True,2026-04-25-DC-BOS,18,14,4,5,389.0,1,5,True,True,464,home,373,1777165297.0,18,False,"cmccutche,mgrovic,cboxley,lblumenfe,ilee,amerriman,tgesell",374,676,aabaa934aa7eea347e7f8f49455cca93b55e5be1d0136080aea5f6fb6f3fbeb9,1777165297.0,False,464,373.0,17.6804779347166,-0.129999999999999,17.68,0.421284904168587,9dcde47334076eaeda052792ece5f5aaefa52221345052fd3b2623c2448838d0,0.954408321559947,0.0455916784400531,0.633753733433776,0.716344099586088,0.788016882283809,0.754014810766084,373.0,4.0,0.974,0.071672782697721,0.19569559949292,676.0,ed40ddc242396e072739a50fea100c2efc98e7aa,2026-08-18 08:07:04,2026-06-06 14:01:41,2026-04-25-DC-BOS,glory,breeze,21,16,2026-04-25 19:00:00
tdecraene,-12.94,63.93,rdinger,-9.45,78.77,0,0,0,"scarapell,bsadok,tedmonds,rdinger,ndick,tdecraene,jbabbitt",True,2026-04-25-DC-BOS,18,14,4,5,389.0,1,6,True,True,465,home,374,1777165301.0,18,False,"cmccutche,mgrovic,cboxley,lblumenfe,ilee,amerriman,tgesell",375,677,9e0136e14b3e5cb3c364b50ec6836c20e6e93153eb800282029415a8c831c55d,1777165301.0,False,465,369.0,15.2448581495532,3.49,14.84,-13.2340638102514,ee59a3c6eab4491d97ca552bc8b95670512c35ed472daab648181e45ddf3c489,0.95776306997874,0.0422369300212601,0.633753733433776,0.787934451635189,0.854114204664667,0.700973181107587,369.0,4.0,0.976,0.0661797530294774,0.180697413382399,677.0,a4c06cedc3e985e1ecdf85fe852bc812d83c449c,2026-08-18 08:07:04,2026-06-06 14:01:41,2026-04-25-DC-BOS,glory,breeze,21,16,2026-04-25 19:00:00
rdinger,-9.45,78.77,ndick,-1.2,82.83,0,0,0,"scarapell,bsadok,tedmonds,rdinger,ndick,tdecraene,jbabbitt",True,2026-04-25-DC-BOS,18,14,4,5,389.0,1,7,True,True,466,home,375,1777165303.0,18,False,"cmccutche,mgrovic,cboxley,lblumenfe,ilee,amerriman,tgesell",376,678,08d296fef2467b88eb77a06b48b1b456d22f11bf6c95daa0560c4fe51482b77d,1777165303.0,False,466,365.0,9.19489532294958,8.25,4.06,-63.7972227566078,4d6da1574e349172c838d72359870536caa095529d90abef0e9d768bd3512f74,0.978180860719264,0.0218191392807362,0.633753733433776,0.85405714057806,0.87176235199489,0.689341374808782,365.0,4.0,0.976,0.0177052114168298,0.0483423669620626,678.0,68ca0b47161e4af350087604d2b194ffa1c34e2a,2026-08-18 08:07:04,2026-06-06 14:01:41,2026-04-25-DC-BOS,glory,breeze,21,16,2026-04-25 19:00:00
ndick,-1.2,82.83,bsadok,1.77,69.93,0,0,0,"scarapell,bsadok,tedmonds,rdinger,ndick,tdecraene,jbabbitt",True,2026-04-25-DC-BOS,18,14,4,5,389.0,1,8,True,True,467,home,376,1777165306.0,18,False,"cmccutche,mgrovic,cboxley,lblumenfe,ilee,amerriman,tgesell",377,679,e18dd49740328e2955d6b3487d4a5476ed5273e7cd8c0a4e0d7cec022e01b480,1777165306.0,False,467,361.0,13.2374808781731,2.97,-12.9,-167.03458098686,1c02aa4434c4a553f21b0a5fec5d58b9a0b664aa044d7fab842d33371e82c57d,0.979996105538161,0.020003894461839,0.633753733433776,0.871715672680774,0.817516778978251,0.735172925557986,361.0,4.0,0.975,-0.0541988937025236,-0.14798483602487,679.0,191efc2fa0b6c31bd74b7fa7e9139f58484f2068,2026-08-18 08:07:04,2026-06-06 14:01:41,2026-04-25-DC-BOS,glory,breeze,21,16,2026-04-25 19:00:00
bsadok,1.77,69.93,ndick,-9.07,81.54,0,0,0,"scarapell,bsadok,tedmonds,rdinger,ndick,tdecraene,jbabbitt",True,2026-04-25-DC-BOS,18,14,4,5,389.0,1,9,True,True,468,home,377,1777165310.0,18,False,"cmccutche,mgrovic,cboxley,lblumenfe,ilee,amerriman,tgesell",378,680,eb65122a08fb25ac57c281714824d4d29d138b350ef0bd3ef2535d856fb057e7,1777165310.0,False,468,357.0,15.8838817673766,-10.84,11.61,43.0356141365573,da3bd9402a9c583559f27bc3baa22146fb763884b5bf7e3a03ff99ed1975e425,0.961543537336294,0.0384564626637061,0.633753733433776,0.81746109213926,0.865557074076402,0.691539945810423,357.0,4.0,0.976,0.0480959819371419,0.131321425848433,680.0,7addf011027d50231c115685ce89a38edbcd9c62,2026-08-18 08:07:04,2026-06-06 14:01:41,2026-04-25-DC-BOS,glory,breeze,21,16,2026-04-25 19:00:00
ndick,-9.07,81.54,scarapell,-8.49,95.8,0,0,0,"scarapell,bsadok,tedmonds,rdinger,ndick,tdecraene,jbabbitt",True,2026-04-25-DC-BOS,18,14,4,5,389.0,1,10,True,True,469,home,378,1777165317.0,18,False,"cmccutche,mgrovic,cboxley,lblumenfe,ilee,amerriman,tgesell",379,681,d9b1b7c900528d6d2fa73555fb084e8413505445762f5c499d1182137deac79d,1777165317.0,False,469,353.0,14.2717903572047,0.58,14.26,-2.32911957835182,fef46e98f68eac97eb7889cca0b5db9eeeb3c42418db00886398457fc1e75054,0.956052886096248,0.0439471139037525,0.633753733433776,0.865518514346974,0.918906215593944,0.649199274084458,353.0,4.0,0.978,0.05338770124697,0.145769953500172,681.0,6c9324d52ce759035d5aef89c9f2b006baf8668d,2026-08-18 08:07:04,2026-06-06 14:01:41,2026-04-25-DC-BOS,glory,breeze,21,16,2026-04-25 19:00:00
scarapell,-8.49,95.8,tdecraene,9.11,103.09,0,0,0,"scarapell,bsadok,tedmonds,rdinger,ndick,tdecraene,jbabbitt",True,2026-04-25-DC-BOS,19,14,4,5,389.0,1,11,True,True,470,home,379,1777165325.0,19,False,"cmccutche,mgrovic,cboxley,lblumenfe,ilee,amerriman,tgesell",380,683,bb91154bd9b782453fb1814a7b559d6ed75e4fb0c27d53ba28638b5f42a85bbd,1777165325.0,False,470,349.0,19.0500419947044,17.6,7.29000000000001,-67.5004409738694,e51e826fb105d42f11e75eb988d1bdf792d2c1a55be9d86aa4b83caf8b7dfb9d,0.9309637941647,0.0690362058352998,0.633753733433776,0.918884305896168,1.0,0.638209017574118,349.0,4.0,0.978,0.0811156941038319,0.221478555575022,683.0,67cb4de7c774a3a21377cbc5900ffb866747b092,2026-08-18 08:07:04,2026-06-06 14:01:41,2026-04-25-DC-BOS,glory,breeze,21,16,2026-04-25 19:00:00
aroy,5.52,4.94,jnissen,0.03,12.42,0,0,0,"smott,jnissen,zburpee,cloverane,jwodatch1,aroy,cboxley",False,2026-04-25-DC-BOS,19,14,4,6,345.0,1,1,True,True,471,away,304,1777165389.0,18,False,"mmcdonnel,zsinger,cdavisbra,ldecraene,itran,tchan,ghaflin",305,687,5d3cddacd10b93f0fccdb3d2affda673d2583b680f13d1792a4aade3235f77d9,1777165389.0,False,471,345.0,9.2784966454701,-5.49,7.48,36.2770760730725,f2b89780b3c1e0147db139ec9cfc18ba36332bb2dc08f58cdb9e24e91bc97e75,0.991214023054527,0.0087859769454729,0.606250463825792,0.606250463825792,0.62237077794424,0.932461692877206,345.0,5.0,0.982,0.0161203141184475,0.0409405285275443,687.0,fb483341a50618f8887f31261ba703d5c12b21d9,2026-08-18 08:07:04,2026-06-06 14:01:41,2026-04-25-DC-BOS,glory,breeze,21,16,2026-04-25 19:00:00
jnissen,0.03,12.42,smott,-12.94,23.82,0,0,0,"smott,jnissen,zburpee,cloverane,jwodatch1,aroy,cboxley",False,2026-04-25-DC-BOS,19,14,4,6,345.0,1,2,True,True,472,away,305,1777165391.0,18,False,"mmcdonnel,zsinger,cdavisbra,ldecraene,itran,tchan,ghaflin",306,688,af196ed8a1a14a8509159d02e31358e08d95cec23a7cbc0fb7b756bb2691ed93,1777165391.0,False,472,339.3,17.2679153345156,-12.97,11.4,48.686099074132,85299046de8d9e5eee6f35936a8b0d93c5acabfe37faa885a796d883fc3f9c49,0.97808038531549,0.0219196146845101,0.606250463825792,0.622294462798518,0.644085161819778,0.918454466364785,339.3,5.0,0.982,0.0217906990212602,0.0553415230224405,688.0,77f2e0796339cccda2bfcd752bfdb0eb2a36e9e5,2026-08-18 08:07:04,2026-06-06 14:01:41,2026-04-25-DC-BOS,glory,breeze,21,16,2026-04-25 19:00:00
smott,-12.94,23.82,cboxley,-18.92,30.75,0,0,0,"smott,jnissen,zburpee,cloverane,jwodatch1,aroy,cboxley",False,2026-04-25-DC-BOS,19,14,4,6,345.0,1,3,True,True,473,away,306,1777165397.0,18,False,"mmcdonnel,zsinger,cdavisbra,ldecraene,itran,tchan,ghaflin",307,689,608e71b18ef1c695d3ac0fa2354dea0e59aa3a5c64b324ad758742334d997437,1777165397.0,False,473,333.6,9.15343105070443,-5.98,6.93,40.7913972566187,dcfa89b1819e34c43a8c7533f0f448d5dd600736df23caa37ad441e268df2808,0.990030942573822,0.00996905742617771,0.606250463825792,0.644020801013976,0.647639197486229,0.885929123608412,333.6,5.0,0.982,0.00361839647225337,0.00918958916729358,689.0,1e98d64d36d6de4d70139dd3d164dc68c6308241,2026-08-18 08:07:04,2026-06-06 14:01:41,2026-04-25-DC-BOS,glory,breeze,21,16,2026-04-25 19:00:00
cboxley,-18.92,30.75,smott,-6.42,26.01,0,0,0,"smott,jnissen,zburpee,cloverane,jwodatch1,aroy,cboxley",False,2026-04-25-DC-BOS,19,14,4,6,345.0,1,4,True,True,474,away,307,1777165400.0,18,False,"mmcdonnel,zsinger,cdavisbra,ldecraene,itran,tchan,ghaflin",308,690,07ea43d39fb738c38812db6020a15e9ff21477fab12795a8147c42ac49acf1f9,1777165400.0,False,474,327.9,13.3685302109095,12.5,-4.74,-110.766727402542,56e749e576111edf43b50eb9d124dd0874edcdcfd02e43c2ff41936467bc0657,0.984163360787851,0.0158366392121491,0.606250463825792,0.64758213255837,0.654628442038687,0.91296282303908,327.9,5.0,0.982,0.00704630948031693,0.0178954102366216,690.0,c8149a60bd7867f4c567e1ed9f9b1cc4e14ae75d,2026-08-18 08:07:04,2026-06-06 14:01:41,2026-04-25-DC-BOS,glory,breeze,21,16,2026-04-25 19:00:00
smott,-6.42,26.01,jnissen,-0.52,34.32,0,0,0,"smott,jnissen,zburpee,cloverane,jwodatch1,aroy,cboxley",False,2026-04-25-DC-BOS,19,14,4,6,345.0,1,5,True,True,475,away,308,1777165402.0,18,False,"mmcdonnel,zsinger,cdavisbra,ldecraene,itran,tchan,ghaflin",309,691,6abc5cb9530189f73bb56e14aa2f966826f6d053f08a58b100220b1616d2de07,1777165402.0,False,475,322.2,10.191471925095,5.9,8.31,-35.3742934409678,86f7bb609618f2f80dfe2d4f3d9ab793143a9f48158b56b34c89df5d6b857ade,0.986196059908647,0.0138039400913529,0.606250463825792,0.654575847696741,0.679655224146645,0.882770864724976,322.2,5.0,0.981,0.0250793764499041,0.0636937295052664,691.0,2c0d6c6d33aea066c958b1c5f74a51258e3bc511,2026-08-18 08:07:04,2026-06-06 14:01:41,2026-04-25-DC-BOS,glory,breeze,21,16,2026-04-25 19:00:00
jnissen,-0.52,34.32,cboxley,-17.82,83.68,0,0,0,"smott,jnissen,zburpee,cloverane,jwodatch1,aroy,cboxley",False,2026-04-25-DC-BOS,19,14,4,6,345.0,1,6,True,True,476,away,309,1777165408.0,18,False,"mmcdonnel,zsinger,cdavisbra,ldecraene,itran,tchan,ghaflin",310,692,076ab5e2c52cc691edcf140c7a525c4e383921dcb126a8405447610afb6ea813,1777165408.0,False,476,316.5,52.3039157233949,-17.3,49.36,19.3148607752176,8b3d0503ac7a68791f92acdac3f6d994a0fd68d1e3318f475a1a451962aed024,0.735312990306211,0.264687009693789,0.606250463825792,0.679605485528809,0.866334155286579,0.666742827132098,316.5,5.0,0.977,0.18672866975777,0.47423210087327,692.0,46ad4eea46b1c6a14f1569966716129f48241655,2026-08-18 08:07:04,2026-06-06 14:01:41,2026-04-25-DC-BOS,glory,breeze,21,16,2026-04-25 19:00:00
cboxley,-17.82,83.68,jnissen,-20.56,80.52,0,0,0,"smott,jnissen,zburpee,cloverane,jwodatch1,aroy,cboxley",False,2026-04-25-DC-BOS,19,14,4,6,345.0,1,7,True,True,477,away,310,1777165413.0,18,False,"mmcdonnel,zsinger,cdavisbra,ldecraene,itran,tchan,ghaflin",311,693,0369141f7cfd6d76a8fda23f7e50ae61d9a29b15b2f93ccabc978891fe8c8e6f,1777165413.0,False,477,310.8,4.18248729824731,-2.74,-3.16000000000001,139.071813894308,34d2899c86f5847e2b6811119d757031bcfbf4b879e43afc8c5302da3b0ad9d0,0.988157898945805,0.011842101054195,0.606250463825792,0.86630664854963,0.845692231712191,0.665218342529738,310.8,5.0,0.978,-0.0206144168374385,-0.052354136179396,693.0,8da738db3ba16a0123350ec056c30aa75b07d09e,2026-08-18 08:07:04,2026-06-06 14:01:41,2026-04-25-DC-BOS,glory,breeze,21,16,2026-04-25 19:00:00
jnissen,-20.56,80.52,cloverane,-5.26,84.5,0,0,0,"smott,jnissen,zburpee,cloverane,jwodatch1,aroy,cboxley",False,2026-04-25-DC-BOS,19,14,4,6,345.0,1,8,True,True,478,away,311,1777165421.0,18,False,"mmcdonnel,zsinger,cdavisbra,ldecraene,itran,tchan,ghaflin",312,694,154fd0922ebc820c3bc6ad1e5d617d0d8859394984846232e071319268421219,1777165421.0,False,478,305.1,15.8091872023833,15.3,3.98,-75.4187686221945,b9e78c7f23118317cfd4ea8d2eb8b5349aeb3da49c2c99c4f1b27d9c788ff188,0.952182128367724,0.0478178716322759,0.606250463825792,0.845658318597464,0.877805000896864,0.682734605244068,305.1,5.0,0.977,0.0321466822994007,0.0816424639169046,694.0,098ce23f343883e8bc2d3fd505cffc1471f7f170,2026-08-18 08:07:04,2026-06-06 14:01:41,2026-04-25-DC-BOS,glory,breeze,21,16,2026-04-25 19:00:00
cloverane,-5.26,84.5,cboxley,8.2,85.88,0,0,0,"smott,jnissen,zburpee,cloverane,jwodatch1,aroy,cboxley",False,2026-04-25-DC-BOS,19,14,4,6,345.0,1,9,True,True,479,away,312,1777165422.0,18,False,"mmcdonnel,zsinger,cdavisbra,ldecraene,itran,tchan,ghaflin",313,695,29bf0516d4a1baca3e697583f05bd7ee0cf3a32fb0fe8721458a4b7d6a1d20c5,1777165422.0,False,479,299.4,13.5305580077098,13.46,1.38,-84.1461466445407,f7f38b8523636d7821d4c8570221a74b80e1b533fdfc0077c4d6daa6cc07964c,0.968110146112084,0.0318898538879159,0.606250463825792,0.877773306722211,0.882760883210931,0.677505498076626,299.4,5.0,0.977,0.00498757648872039,0.0126668758449374,695.0,6c529b7ddf7aacb36f87c5079ac65027c4fcd90c,2026-08-18 08:07:04,2026-06-06 14:01:41,2026-04-25-DC-BOS,glory,breeze,21,16,2026-04-25 19:00:00
cboxley,8.2,85.88,jnissen,17.12,107.02,0,0,0,"smott,jnissen,zburpee,cloverane,jwodatch1,aroy,cboxley",False,2026-04-25-DC-BOS,19,15,4,6,345.0,1,10,True,True,480,away,313,1777165432.0,19,False,"mmcdonnel,zsinger,cdavisbra,ldecraene,itran,tchan,ghaflin",314,696,97df19f0c84498adaa7ed83b29d70afff702cd440128820d7badac7f9505d392,1777165432.0,False,480,293.7,22.9448469160289,8.92,21.14,-22.8772601071431,5bbdc4db1652a868256db9404842223d49344bc0f947ebd7ca2901a57e6a56ac,0.922578616252011,0.0774213837479895,0.606250463825792,0.882725245726991,1.0,0.624218687938163,293.7,5.0,0.975,0.117274754273009,0.29784099662056,696.0,95ad6e13590ecbbd029494f618f1ffa652e2da52,2026-08-18 08:07:04,2026-06-06 14:01:41,2026-04-25-DC-BOS,glory,breeze,21,16,2026-04-25 19:00:00
bsadok,16.47,23.8,rdinger,-1.39,26.19,0,0,0,"scarapell,bsadok,tedmonds,rdinger,ndick,tdecraene,jbabbitt",True,2026-04-25-DC-BOS,19,15,4,7,288.0,1,1,True,True,481,home,384,1777165484.0,18,False,"amerriman,lblumenfe,tshapinsk,cmccutche,mgrovic,tgesell,ilee",385,701,e41c4fe46de49d2d9029e6137f6590948d1c75630c0b77a587ae7f0a6bb0d690,1777165484.0,False,481,288.0,18.0192036450005,-17.86,2.39,82.3780409105182,08e74ca3e46521af5e3277ecfd43c68b817e3dbb53afef293c37a6288152c1ae,0.976289199759673,0.023710800240327,0.633707823033919,0.633707823033919,0.655401729011274,0.912461435717341,288.0,4.0,0.971,0.0216939059773553,0.0592256874199205,701.0,fadcc082b0579271a7c1fb4306b78b7dfb119039,2026-08-18 08:07:04,2026-06-06 14:01:41,2026-04-25-DC-BOS,glory,breeze,21,16,2026-04-25 19:00:00
rdinger,-1.39,26.19,tdecraene,-8.55,39.16,0,0,0,"scarapell,bsadok,tedmonds,rdinger,ndick,tdecraene,jbabbitt",True,2026-04-25-DC-BOS,19,15,4,7,288.0,1,2,True,True,482,home,385,1777165487.0,18,False,"amerriman,lblumenfe,tshapinsk,cmccutche,mgrovic,tgesell,ilee",386,702,d88c9c6400790be03cea6ee72ad882784ba812d80c58f4fdac4f860dc80b7a97,1777165487.0,False,482,281.666666666667,14.8150767800913,-7.16,12.97,28.9005936550774,3104d87593b3fae91ef936e39ada92c515aa403663eaa91e35b6a7d8a194e7f2,0.976296506993005,0.0237034930069953,0.633707823033919,0.655279639963405,0.693438136862076,0.862223319935678,281.666666666667,4.0,0.972,0.0381584968986709,0.104175025562188,702.0,35fc6134b2ed2d03b3dc3792c66f2f48f25f9517,2026-08-18 08:07:04,2026-06-06 14:01:41,2026-04-25-DC-BOS,glory,breeze,21,16,2026-04-25 19:00:00
tdecraene,-8.55,39.16,rdinger,-1.26,37.16,0,0,0,"scarapell,bsadok,tedmonds,rdinger,ndick,tdecraene,jbabbitt",True,2026-04-25-DC-BOS,19,15,4,7,288.0,1,3,True,True,483,home,386,1777165490.0,18,False,"amerriman,lblumenfe,tshapinsk,cmccutche,mgrovic,tgesell,ilee",387,703,7c1000db354c2a10511595e832b249b98a9992d5964b00518855f713dccd7612,1777165490.0,False,483,275.333333333333,7.55937166701043,7.29,-2.0,-105.341537611149,980cc547233323e844e2da5ad7e84c1f57bb7113dc65e0f76aa35a006ffb5083,0.990424853535876,0.00957514646412361,0.633707823033919,0.693299567316458,0.688056779640741,0.871170379503494,275.333333333333,4.0,0.972,-0.00524278767571762,-0.014313130351684,703.0,886c7eb3e55f44ead529fb27ba1cb1b3f93b9677,2026-08-18 08:07:04,2026-06-06 14:01:41,2026-04-25-DC-BOS,glory,breeze,21,16,2026-04-25 19:00:00
rdinger,-1.26,37.16,tdecraene,5.9,41.67,0,0,0,"scarapell,bsadok,tedmonds,rdinger,ndick,tdecraene,jbabbitt",True,2026-04-25-DC-BOS,19,15,4,7,288.0,1,4,True,True,484,home,387,1777165493.0,18,False,"amerriman,lblumenfe,tshapinsk,cmccutche,mgrovic,tgesell,ilee",388,704,282aee5ee5c61e8ab262197e5f011b710d008597f3eb3d0cf1863da26faaafc2,1777165493.0,False,484,269.0,8.46201512643413,7.16,4.51000000000001,-57.7936553428788,311cbc3266374aab77be893fe9a04a5d02d51372b2a83bf6325b56232f546cf8,0.988029334704828,0.0119706652951723,0.633707823033919,0.687889087905878,0.702543079918927,0.852139385783758,269.0,4.0,0.972,0.0146539920130492,0.0400062926116114,704.0,319d6da1996eb33af0619e54e4aa76d8d3f8934f,2026-08-18 08:07:04,2026-06-06 14:01:41,2026-04-25-DC-BOS,glory,breeze,21,16,2026-04-25 19:00:00
tdecraene,5.9,41.67,rdinger,-1.26,43.87,0,0,0,"scarapell,bsadok,tedmonds,rdinger,ndick,tdecraene,jbabbitt",True,2026-04-25-DC-BOS,19,15,4,7,288.0,1,5,True,True,485,home,388,1777165494.0,18,False,"amerriman,lblumenfe,tshapinsk,cmccutche,mgrovic,tgesell,ilee",389,705,c052432efb1265cc7a2fa87921fc51c269fc106d8f0dfb25d050ffa370072ddb,1777165494.0,False,485,262.666666666667,7.49036714720981,-7.16,2.2,72.9197664281087,664049f7fde2f8e03ff841abe3f998905f94fd580ca88ab2f8c9bc33d3e7332d,0.989225143792806,0.0107748562071941,0.633707823033919,0.702348951369468,0.71070621214436,0.843091673511595,262.666666666667,4.0,0.972,0.00835726077489207,0.0228158320063329,705.0,c81400f050e8e44c69d12a5484454a1af13a6b73,2026-08-18 08:07:04,2026-06-06 14:01:41,2026-04-25-DC-BOS,glory,breeze,21,16,2026-04-25 19:00:00
rdinger,-1.26,43.87,tdecraene,5.57,46.45,0,0,0,"scarapell,bsadok,tedmonds,rdinger,ndick,tdecraene,jbabbitt",True,2026-04-25-DC-BOS,19,15,4,7,288.0,1,6,True,True,486,home,389,1777165497.0,18,False,"amerriman,lblumenfe,tshapinsk,cmccutche,mgrovic,tgesell,ilee",390,706,2085f958041311502990fd6947addc045a591012d4c77e96e43d51d4b013e441,1777165497.0,False,486,256.333333333333,7.30104786999784,6.83,2.58000000000001,-69.3061806482862,699f6975d4b1c50570c4ee5ac7ec6b0bfe547c7b4036ebdd652cf1d31f2e51fc,0.988990535667128,0.0110094643328724,0.633707823033919,0.710481115144679,0.719418627948495,0.831561678948418,256.333333333333,4.0,0.972,0.00893751280381661,0.024399955461359,706.0,dc513e446ea9b2071861f49e88b1da898278245c,2026-08-18 08:07:04,2026-06-06 14:01:41,2026-04-25-DC-BOS,glory,breeze,21,16,2026-04-25 19:00:00
tdecraene,5.57,46.45,rdinger,0.16,34.64,0,0,0,"scarapell,bsadok,tedmonds,rdinger,ndick,tdecraene,jbabbitt",True,2026-04-25-DC-BOS,19,15,4,7,288.0,1,7,True,True,487,home,390,1777165501.0,18,False,"amerriman,lblumenfe,tshapinsk,cmccutche,mgrovic,tgesell,ilee",391,707,d979d6e319b214d734ce7917a16749f4b9a778eb503f18b93696d31354a06427,1777165501.0,False,487,250.0,12.9901578127442,-5.41,-11.81,155.388129934671,905aa8f3921ffcbf01f1532744454e6a962c2f7a2d9c8e7c8ace5970ac8b26c5,0.988582292748057,0.0114177072519427,0.633707823033919,0.71916047643812,0.679134097794946,0.880782093141403,250.0,4.0,0.971,-0.0400263786431742,-0.109274456732066,707.0,1dee125b7e83cd5f854e5275d53f2fa21c949dbe,2026-08-18 08:07:04,2026-06-06 14:01:41,2026-04-25-DC-BOS,glory,breeze,21,16,2026-04-25 19:00:00
rdinger,0.16,34.64,ndick,15.12,42.96,0,0,0,"scarapell,bsadok,tedmonds,rdinger,ndick,tdecraene,jbabbitt",True,2026-04-25-DC-BOS,19,15,4,7,288.0,1,8,True,True,488,home,391,1777165507.0,18,False,"amerriman,lblumenfe,tshapinsk,cmccutche,mgrovic,tgesell,ilee",392,708,7af1f97c139e6e41c850e6002dc2a8b2bff70b862250398c42ed29a42636413e,1777165507.0,False,488,243.666666666667,17.1179438017538,14.96,8.32,-60.9193878321177,9847cc509d4cfe654d5408363140edc99522f074fdde31ae3cb8906e79098b61,0.975674213681233,0.0243257863187668,0.633707823033919,0.678811353169193,0.696379366436822,0.840916230093836,243.666666666667,4.0,0.971,0.0175680132676292,0.0479617484958082,708.0,4e499f1a3c17e41e32ed536795fe1132093ed6ae,2026-08-18 08:07:04,2026-06-06 14:01:41,2026-04-25-DC-BOS,glory,breeze,21,16,2026-04-25 19:00:00
ndick,15.12,42.96,jbabbitt,4.74,90.12,0,0,0,"scarapell,bsadok,tedmonds,rdinger,ndick,tdecraene,jbabbitt",True,2026-04-25-DC-BOS,19,15,4,7,288.0,1,9,True,True,489,home,392,1777165519.0,18,False,"amerriman,lblumenfe,tshapinsk,cmccutche,mgrovic,tgesell,ilee",393,709,564da1482429ffd2e9f416330309ffed16255728819c7d1384b7158dba9c811a,1777165519.0,False,489,237.333333333333,48.2888185815309,-10.38,47.16,12.4129808194021,8010d8becc4f235af08ddc02f5a19b9a7755dcb87b4bd7b8fc9306371c6e9b1f,0.676233188614731,0.323766811385269,0.633707823033919,0.696019587586033,0.898463049668324,0.663555068262637,237.333333333333,4.0,0.976,0.202443462082291,0.552683007753774,709.0,cda69a773c0f76d6903771d4111252646b815e20,2026-08-18 08:07:04,2026-06-06 14:01:41,2026-04-25-DC-BOS,glory,breeze,21,16,2026-04-25 19:00:00
mmcdonnel,4.74,100.0,tdecraene,4.48,104.51,0,0,0,"scarapell,bsadok,tedmonds,rdinger,ndick,tdecraene,mmcdonnel",True,2026-04-25-DC-BOS,20,15,4,7,231.0,1,10,True,True,490,home,395,1777165592.0,19,False,"amerriman,lblumenfe,cmccutche,mgrovic,tgesell,ilee,cboxley",396,715,b18fe86345e9bad83c26d893fbfe4356dbd46cd89a21b0a00b1652f064f277a1,1777165592.0,False,490,231.0,4.51748824016179,-0.26,4.51000000000001,3.2994306646824,ab5800c39d6e4bdfb00bbff6340287408cffeeb71cc45f17bb68bd51055aca62,0.978744439293384,0.0212555607066161,0.633707823033919,0.931506363232358,1.0,0.636521617836694,231.0,4.0,0.978,0.0684936367676418,0.186991808929581,715.0,9a0f11fb9454feb4e139a054d4b06e0dc7500972,2026-08-18 08:07:04,2026-06-06 14:01:41,2026-04-25-DC-BOS,glory,breeze,21,16,2026-04-25 19:00:00
aroy,-4.3,13.11,jnissen,-0.25,33.98,0,0,0,"jnissen,jwodatch1,cloverane,smott,aroy,zburpee,cboxley",False,2026-04-25-DC-BOS,20,15,4,8,231.0,1,1,True,True,491,away,320,1777165656.0,18,False,"tallen1,kdelorenz,ldecraene,cdavisbra,ghaflin,tchan,sfisherol",321,718,582ce7e21d7f4078ac9954c8b8f642306901540571ea7250aa81a15ddfaeff74,1777165656.0,False,491,225.727272727273,21.2593367723455,4.05,20.87,-10.9822295594174,0ef5fcdbd3cd94dd5685902b0d969dbba790d8b8c64cee59eb36c677fc821ba8,0.959948189112301,0.0400518108876993,0.619959815759108,0.619959815759108,0.675545922905165,0.882654011882916,225.727272727273,5.0,0.981,0.0555861071460573,0.146263762231058,718.0,5c19562198cf5ac55d990543c49b74bd49aa5581,2026-08-18 08:07:04,2026-06-06 14:01:41,2026-04-25-DC-BOS,glory,breeze,21,16,2026-04-25 19:00:00
jnissen,-0.25,33.98,smott,-15.21,38.78,0,0,0,"jnissen,jwodatch1,cloverane,smott,aroy,zburpee,cboxley",False,2026-04-25-DC-BOS,20,15,4,8,231.0,1,2,True,True,492,away,321,1777165662.0,18,False,"tallen1,kdelorenz,ldecraene,cdavisbra,ghaflin,tchan,sfisherol",322,720,eea3f724aac929ae470b3705f34ad89d061d9861f120deb5839504654c220bf5,1777165662.0,False,492,220.454545454545,15.7111934619875,-14.96,4.8,72.2108699710525,f667efc24846f85d75546679d2dd7d2da0fede00207566bfd8577eccfaadeeef,0.980600677575807,0.0193993224241927,0.619959815759108,0.675107788033221,0.681432233463812,0.857002336078451,220.454545454545,5.0,0.981,0.00632444543059152,0.0166415176416784,720.0,46ba05ae5471ebd49e76df801346a2c9f7100eab,2026-08-18 08:07:04,2026-06-06 14:01:41,2026-04-25-DC-BOS,glory,breeze,21,16,2026-04-25 19:00:00
smott,-15.21,38.78,cboxley,-17.68,51.69,0,0,0,"jnissen,jwodatch1,cloverane,smott,aroy,zburpee,cboxley",False,2026-04-25-DC-BOS,20,15,4,8,231.0,1,3,True,True,493,away,322,1777165663.0,18,False,"tallen1,kdelorenz,ldecraene,cdavisbra,ghaflin,tchan,sfisherol",323,721,f5e83b821bfea6cbb32c747a8331ce720d2dc2b9a74745afe3a7e589d8e07e18,1777165663.0,False,493,215.181818181818,13.1441622022858,-2.47,12.91,10.8311964274577,db17b34ba7ebadf54fb54177fe6f7e5e7ebce96ced861de05dc86a03433ea1d8,0.978016045422815,0.0219839545771846,0.619959815759108,0.680955078719272,0.723104158941744,0.793781589813011,215.181818181818,5.0,0.98,0.0421490802224724,0.110906903980859,721.0,91e954df9dab98ce76f8f2a34c5199b898b3d501,2026-08-18 08:07:04,2026-06-06 14:01:41,2026-04-25-DC-BOS,glory,breeze,21,16,2026-04-25 19:00:00
cboxley,-17.68,51.69,jnissen,-17.06,64.39,0,0,0,"jnissen,jwodatch1,cloverane,smott,aroy,zburpee,cboxley",False,2026-04-25-DC-BOS,20,15,4,8,231.0,1,4,True,True,494,away,323,1777165668.0,18,False,"tallen1,kdelorenz,ldecraene,cdavisbra,ghaflin,tchan,sfisherol",324,722,fbfe40db646d784b491503d285b2ef15206a975b9a89762959fdf6d9094d8839,1777165668.0,False,494,209.909090909091,12.7151248519234,0.620000000000001,12.7,-2.79489785866208,c74360f3db6754beb01e1482521cd87b5006f824360174a599cd979297abce64,0.97388536260795,0.02611463739205,0.619959815759108,0.722622044871226,0.779110815060176,0.738626460568349,209.909090909091,5.0,0.979,0.0564887701889508,0.148638940120987,722.0,f3a77546234ff5a8648811b52b432c96ba24a3e3,2026-08-18 08:07:04,2026-06-06 14:01:41,2026-04-25-DC-BOS,glory,breeze,21,16,2026-04-25 19:00:00
jnissen,-17.06,64.39,cboxley,-4.16,65.97,0,0,0,"jnissen,jwodatch1,cloverane,smott,aroy,zburpee,cboxley",False,2026-04-25-DC-BOS,20,15,4,8,231.0,1,5,True,True,495,away,324,1777165672.0,18,False,"tallen1,kdelorenz,ldecraene,cdavisbra,ghaflin,tchan,sfisherol",325,723,c2a4ab0a4db6c9a4e3ad30e5d77d059ed3035fe97bd3fbbd933697803c53d535,1777165672.0,False,495,204.636363636364,12.9963995014004,12.9,1.58,-83.0171565094552,fa1776b5c743c9c163629c88e72d11b0d59c9a368a19aa4094da1070607aab68,0.973518605997724,0.0264813940022763,0.619959815759108,0.778658473220403,0.796186662312706,0.745722325882749,204.636363636364,5.0,0.978,0.0175281890923025,0.0461219360981892,723.0,0dae95833af47706afe04d2bc50882d32ab503b7,2026-08-18 08:07:04,2026-06-06 14:01:41,2026-04-25-DC-BOS,glory,breeze,21,16,2026-04-25 19:00:00
cboxley,-4.16,65.97,zburpee,6.62,67.07,0,0,0,"jnissen,jwodatch1,cloverane,smott,aroy,zburpee,cboxley",False,2026-04-25-DC-BOS,20,15,4,8,231.0,1,6,True,True,496,away,325,1777165674.0,18,False,"tallen1,kdelorenz,ldecraene,cdavisbra,ghaflin,tchan,sfisherol",326,724,076bc52e159af2ac4a67c91bc35d7d4dfc5f0f8f4a24224b2c9f3071471a6677,1777165674.0,False,496,199.363636363636,10.8359771133018,10.78,1.09999999999999,-84.1736579704443,68c6634438ae4dd52510fc3453ac68140f3ad67078022d23195261a58f54e1ee,0.981154977121826,0.0188450228781741,0.619959815759108,0.795722673007219,0.800161007233486,0.740289562324703,199.363636363636,5.0,0.978,0.00443833422626716,0.0116785919234632,724.0,fc36bbc8120fd35651506014c9776997dd294b01,2026-08-18 08:07:04,2026-06-06 14:01:41,2026-04-25-DC-BOS,glory,breeze,21,16,2026-04-25 19:00:00
zburpee,6.62,67.07,jnissen,14.86,70.7,0,0,0,"jnissen,jwodatch1,cloverane,smott,aroy,zburpee,cboxley",False,2026-04-25-DC-BOS,20,15,4,8,231.0,1,7,True,True,497,away,326,1777165676.0,18,False,"tallen1,kdelorenz,ldecraene,cdavisbra,ghaflin,tchan,sfisherol",327,725,98d0e96b082ef195e35c213c0276e1b16dbb86b4d593c576cdb7459c4ba26c6c,1777165676.0,False,497,194.090909090909,9.00413793763734,8.24,3.63000000000001,-66.2248781524951,bf3f95ffd3bbfd17696c070ccb9615ed03b46405dba102c97edc429ba9ba37ea,0.983351578479478,0.0166484215205217,0.619959815759108,0.799665200466644,0.809113830459221,0.718127931290554,194.090909090909,5.0,0.978,0.00944862999257734,0.0248621866433689,725.0,7cea764b484bc25b58477714d5d8ccea48c78fac,2026-08-18 08:07:04,2026-06-06 14:01:41,2026-04-25-DC-BOS,glory,breeze,21,16,2026-04-25 19:00:00
jnissen,14.86,70.7,cboxley,18.08,79.56,0,0,0,"jnissen,jwodatch1,cloverane,smott,aroy,zburpee,cboxley",False,2026-04-25-DC-BOS,20,15,4,8,231.0,1,8,True,True,498,away,327,1777165680.0,18,False,"tallen1,kdelorenz,ldecraene,cdavisbra,ghaflin,tchan,sfisherol",328,726,e72059982db21dabe942bbad5d74fc144ee07f0b904b877a137437dcc261f10e,1777165680.0,False,498,188.818181818182,9.42698255010584,3.22,8.86,-19.9727212076195,341317dc2a4a5d6d2520ccbc990869bd19b7150d09bfb49535b30394583b8fba,0.980511029951988,0.0194889700480122,0.619959815759108,0.808596019327125,0.842208296456166,0.675574091601884,188.818181818182,5.0,0.977,0.033612277129041,0.0884440080887225,726.0,533d1c0579a289c93adf858900ac3d8fa1289ce7,2026-08-18 08:07:04,2026-06-06 14:01:41,2026-04-25-DC-BOS,glory,breeze,21,16,2026-04-25 19:00:00
cboxley,18.08,79.56,jwodatch1,5.45,86.01,0,0,0,"jnissen,jwodatch1,cloverane,smott,aroy,zburpee,cboxley",False,2026-04-25-DC-BOS,20,15,4,8,231.0,1,9,True,True,499,away,328,1777165681.0,18,False,"tallen1,kdelorenz,ldecraene,cdavisbra,ghaflin,tchan,sfisherol",329,727,de3eb4f90da2d53a3635756998773c0c3b4b0239f46392949be6afb8a2aeb0ac,1777165681.0,False,499,183.545454545455,14.1816571669181,-12.63,6.45,62.9471062927302,5b505418bb71a3c456b5011d28c8fe51a27a8909028b00f1f9a1ffaea08e7a10,0.959718252470804,0.0402817475291964,0.619959815759108,0.841727816916208,0.880041272054236,0.670147938088545,183.545454545455,5.0,0.976,0.0383134551380276,0.100814221039695,727.0,0745762f597f872c96d2a92f84e375ad6c7403c9,2026-08-18 08:07:04,2026-06-06 14:01:41,2026-04-25-DC-BOS,glory,breeze,21,16,2026-04-25 19:00:00
jwodatch1,5.45,86.01,,-11.36,111.41,1,0,0,"jnissen,jwodatch1,cloverane,smott,aroy,zburpee,cboxley",False,2026-04-25-DC-BOS,20,15,4,8,231.0,1,10,True,True,500,away,329,1777165688.0,22,False,"tallen1,kdelorenz,ldecraene,cdavisbra,ghaflin,tchan,sfisherol",330,728,5ff27566e0f9b283f7d1c6764bb761ef8b7462230a32070147e21946a74eee94,1777165688.0,False,500,178.272727272727,30.4587606445174,-16.81,25.4,33.4970302084822,b8ec88a3f76ea8fee3a6daea06746b2891dc93ece99de970fbb61354f577f871,0.851023162630553,-0.851023162630553,0.619959815759108,0.879630544994578,0.957104898329371,0.626192924742723,178.272727272727,5.0,0.987,-0.626192924742723,-0.626192924742723,728.0,d992e489e7e4871e4a913a25ddc4302d0038c365,2026-08-18 08:07:04,2026-06-06 14:01:41,2026-04-25-DC-BOS,glory,breeze,21,16,2026-04-25 19:00:00
bsadok,14.67,30.64,tchan,-8.74,32.25,0,0,0,"scarapell,bsadok,tedmonds,rdinger,ndick,tdecraene,tchan",True,2026-04-25-DC-BOS,20,15,4,8,173.0,2,1,False,True,501,home,400,1777165780.0,18,False,"tgesell,ilee,jlightner,amerriman,mgrovic,wvandenbr,cmccutche",401,732,39a0c87792040390d5211c40a252efbdba30abcb33b8aae7a68b10da50c6168e,1777165780.0,False,501,173.0,23.465297782044,-23.41,1.61,86.0657334924832,79d860b45a298d9d34360e3c8e3b684c866ae6d8ef49eee814ea5584fc2a9de5,0.961777613745014,0.0382223862549861,0.63994405480625,0.648587422716266,0.661906068138046,0.885545942947368,173.0,5.0,0.987,0.0133186454217799,0.036990488838097,732.0,065a5b2872b6995ecf62d551c669cd2660f9c262,2026-08-18 08:07:04,2026-06-06 14:01:41,2026-04-25-DC-BOS,glory,breeze,21,16,2026-04-25 19:00:00
tchan,-8.74,32.25,ndick,12.99,30.51,0,0,0,"scarapell,bsadok,tedmonds,rdinger,ndick,tdecraene,tchan",True,2026-04-25-DC-BOS,20,15,4,8,173.0,2,2,False,True,502,home,401,1777165785.0,18,False,"tgesell,ilee,jlightner,amerriman,mgrovic,wvandenbr,cmccutche",402,733,7630ad823a7bbdc75e82621a7753b94e1ec960ea51bda673a982feafe6b5f64a,1777165785.0,False,502,168.416666666667,21.7995527477056,21.73,-1.74,-94.5781131483585,722406a92127b42cab068809f6a5133163c56cb9be5dc417435fa5fde944d005,0.972296207714102,0.0277037922858978,0.63994405480625,0.660988606691249,0.650755053318251,0.890307434983544,168.416666666667,5.0,0.987,-0.0102335533729979,-0.0284221202554818,733.0,67e70e8e584555708ca4262d010270df5228f9d9,2026-08-18 08:07:04,2026-06-06 14:01:41,2026-04-25-DC-BOS,glory,breeze,21,16,2026-04-25 19:00:00
ndick,12.99,30.51,tchan,-8.55,30.19,0,0,0,"scarapell,bsadok,tedmonds,rdinger,ndick,tdecraene,tchan",True,2026-04-25-DC-BOS,20,15,4,8,173.0,2,3,False,True,503,home,402,1777165790.0,18,False,"tgesell,ilee,jlightner,amerriman,mgrovic,wvandenbr,cmccutche",403,734,be3593922030455a732684def2479b8c113056988a11fb44a862acb39cc2a296,1777165790.0,False,503,163.833333333333,21.5423768419365,-21.54,-0.32,90.8511281701204,15f1548c2924f1f9c29485e5361aabba39e4a9dc7ea186f7f8f8189e7fee0ef9,0.969487678597228,0.0305123214027717,0.63994405480625,0.649708158205103,0.65380076513318,0.892773918691673,163.833333333333,5.0,0.987,0.00409260692807667,0.0113665861728082,734.0,ad0fc4ed8b84a0eb4936f578340104225d847dda,2026-08-18 08:07:04,2026-06-06 14:01:41,2026-04-25-DC-BOS,glory,breeze,21,16,2026-04-25 19:00:00
tchan,-8.55,30.19,ndick,3.83,35.29,0,0,0,"scarapell,bsadok,tedmonds,rdinger,ndick,tdecraene,tchan",True,2026-04-25-DC-BOS,20,15,4,8,173.0,2,4,False,True,504,home,403,1777165798.0,18,False,"tgesell,ilee,jlightner,amerriman,mgrovic,wvandenbr,cmccutche",404,735,d4f544318e1922b705be75aaeeda577dc2c6cfb8f8046562be996b8eaca2e0c4,1777165798.0,False,504,159.25,13.3893390426862,12.38,5.1,-67.6105546167098,4b0ec1c8ec876da5aeb66e8ddc3928a770f3635427610eebb1e587411c553daa,0.982415406797293,0.0175845932027071,0.63994405480625,0.652617458543835,0.66973419736,0.872493635710035,159.25,5.0,0.987,0.0171167388161654,0.0475391089763973,735.0,fb850ae70ab388ece4785228d49214b89451277f,2026-08-18 08:07:04,2026-06-06 14:01:41,2026-04-25-DC-BOS,glory,breeze,21,16,2026-04-25 19:00:00
ndick,3.83,35.29,tchan,0.93,40.0,0,0,0,"scarapell,bsadok,tedmonds,rdinger,ndick,tdecraene,tchan",True,2026-04-25-DC-BOS,20,15,4,8,173.0,2,5,False,True,505,home,404,1777165803.0,18,False,"tgesell,ilee,jlightner,amerriman,mgrovic,wvandenbr,cmccutche",405,736,e7b114ce566f4487fca3500c4345b4963d77cdee5db9decfdca66b7cae1ec4ac,1777165803.0,False,505,154.666666666667,5.53119336129194,-2.9,4.71,31.621074620628,14caaa3175a667dc76621fd09965c7c8a24d2c1086b2dc1fa648cba897a05dbe,0.990963597955502,0.00903640204449818,0.63994405480625,0.668414872019916,0.684501942446531,0.852004216179261,154.666666666667,5.0,0.987,0.0160870704266153,0.0446793634193672,736.0,101e6821b2098559de2262d4a60889c6c644bdfc,2026-08-18 08:07:04,2026-06-06 14:01:41,2026-04-25-DC-BOS,glory,breeze,21,16,2026-04-25 19:00:00
tchan,0.93,40.0,scarapell,6.41,49.74,0,0,0,"scarapell,bsadok,tedmonds,rdinger,ndick,tdecraene,tchan",True,2026-04-25-DC-BOS,20,15,4,8,173.0,2,6,False,True,506,home,405,1777165807.0,18,False,"tgesell,ilee,jlightner,amerriman,mgrovic,wvandenbr,cmccutche",406,737,b4f9d0a807e10b4ed0865777b906ca82cbee75e6803cebc220f52828b3e95ab2,1777165807.0,False,506,150.083333333333,11.1757773778829,5.48,9.74,-29.3633390155278,cb71e71d6fa18d0287f707558b11a9a28a028c7e66707b950c2e06e1f98053cd,0.981827185181691,0.0181728148183088,0.63994405480625,0.683029848587863,0.718704099500806,0.807307497870329,150.083333333333,5.0,0.987,0.0356742509129433,0.0990797441040632,737.0,b38e1beefed83c4b600422946f4170788bb085d4,2026-08-18 08:07:04,2026-06-06 14:01:41,2026-04-25-DC-BOS,glory,breeze,21,16,2026-04-25 19:00:00
scarapell,6.41,49.74,ndick,-0.75,32.64,0,0,0,"scarapell,bsadok,tedmonds,rdinger,ndick,tdecraene,tchan",True,2026-04-25-DC-BOS,20,15,4,8,173.0,2,7,False,True,507,home,406,1777165813.0,18,False,"tgesell,ilee,jlightner,amerriman,mgrovic,wvandenbr,cmccutche",407,738,acd2d0cfb7e5e9b8728b18e3d390b4f42f0e8a92aebf5489a473f1fe62bc8d8b,1777165813.0,False,507,145.5,18.5384896903712,-7.16,-17.1,157.280283587091,fc6b46d231e5c5271c990b792c4d680f2e424ac86d625b2d466b9a4ef470198c,0.984344210865953,0.0156557891340465,0.63994405480625,0.717130224678006,0.656956577847066,0.881255009196225,145.5,5.0,0.987,-0.0601736468309401,-0.167123047499077,738.0,3a6082c07cbd268df400f84f708c8bc6ea1fd1a2,2026-08-18 08:07:04,2026-06-06 14:01:41,2026-04-25-DC-BOS,glory,breeze,21,16,2026-04-25 19:00:00
ndick,-0.75,32.64,tedmonds,-6.16,41.35,0,0,0,"scarapell,bsadok,tedmonds,rdinger,ndick,tdecraene,tchan",True,2026-04-25-DC-BOS,20,15,4,8,173.0,2,8,False,True,508,home,407,1777165817.0,18,False,"tgesell,ilee,jlightner,amerriman,mgrovic,wvandenbr,cmccutche",408,739,1a96c8bbed6691c255503ffba01b72521f04381158e124dae479ffcda5f11129,1777165817.0,False,508,140.916666666667,10.2533994362845,-5.41,8.71,31.8454553646803,01ad71383fb456784bb1136534c3339a376ff9f0f57308b1f91d270deb70a2df,0.984874108811909,0.0151258911880906,0.63994405480625,0.654959352325165,0.683528377060591,0.842651341018346,140.916666666667,5.0,0.987,0.0285690247354259,0.0793460714002448,739.0,2d174912eeb2313926735c9e78bc7f1d88bb399b,2026-08-18 08:07:04,2026-06-06 14:01:41,2026-04-25-DC-BOS,glory,breeze,21,16,2026-04-25 19:00:00
tedmonds,-6.16,41.35,tdecraene,-9.45,30.0,0,0,0,"scarapell,bsadok,tedmonds,rdinger,ndick,tdecraene,tchan",True,2026-04-25-DC-BOS,20,15,4,8,173.0,2,9,False,True,509,home,408,1777165825.0,18,False,"tgesell,ilee,jlightner,amerriman,mgrovic,wvandenbr,cmccutche",409,740,9f565ce9d628f43c582412ec0301fbf190ab54df65d870d96418a6b90e57bbd3,1777165825.0,False,509,136.333333333333,11.8172162542623,-3.29,-11.35,163.834825946047,a5dc44a6fffc110731339b382dbc16e92fed6343c8ef9ac7457250beab56cca1,0.98939614627832,0.0106038537216796,0.63994405480625,0.681352012635874,0.642554983666833,0.888922314611051,136.333333333333,5.0,0.987,-0.0387970289690406,-0.10775277977472,740.0,bc28d9533d746b6225fc395fdf181e5332b97a1e,2026-08-18 08:07:04,2026-06-06 14:01:41,2026-04-25-DC-BOS,glory,breeze,21,16,2026-04-25 19:00:00
tdecraene,-9.45,30.0,bsadok,-18.61,55.35,0,0,0,"scarapell,bsadok,tedmonds,rdinger,ndick,tdecraene,tchan",True,2026-04-25-DC-BOS,20,15,4,8,173.0,2,10,False,True,510,home,409,1777165832.0,18,False,"tgesell,ilee,jlightner,amerriman,mgrovic,wvandenbr,cmccutche",410,741,2ebedccfaae2123bbf1ecc6f89d616098e5a5816b3c8ff6bac65eeb5e484e639,1777165832.0,False,510,131.75,26.9541852037861,-9.16,25.35,19.8668770103838,0d00a254cb18292ce5cb65e7da7ea498242ed311a332fad682f915cd0747291b,0.932645615486451,0.0673543845135489,0.63994405480625,0.63994405480625,0.717325006015242,0.757938892298846,131.75,5.0,0.987,0.0773809512089914,0.214913688391819,741.0,ad6e5056f2fbe644065315eeb7fe21e5d4e507cf,2026-08-18 08:07:04,2026-06-06 14:01:41,2026-04-25-DC-BOS,glory,breeze,21,16,2026-04-25 19:00:00
bsadok,-18.61,55.35,rdinger,7.7,41.35,0,0,0,"scarapell,bsadok,tedmonds,rdinger,ndick,tdecraene,tchan",True,2026-04-25-DC-BOS,20,15,4,8,173.0,2,11,False,True,511,home,410,1777165838.0,18,False,"tgesell,ilee,jlightner,amerriman,mgrovic,wvandenbr,cmccutche",411,742,d4db1db15b9a31bff4ce72817c411bc0e134d885e36258c1732cbf9767ec7f77,1777165838.0,False,511,127.166666666667,29.8029545515206,26.31,-14.0,-118.018204954331,ce3944a2319cd09842e9145fcab5796cc9c84159ecc3dd7b8fa95f390bc9a705,0.948876553309298,0.0511234466907019,0.63994405480625,0.714728281788429,0.67557133927337,0.8378067278621,127.166666666667,5.0,0.987,-0.0391569425150592,-0.108752384282916,742.0,755b3070f8355f1549550b6dd742a19d280b488a,2026-08-18 08:07:04,2026-06-06 14:01:41,2026-04-25-DC-BOS,glory,breeze,21,16,2026-04-25 19:00:00
rdinger,7.7,41.35,tdecraene,-5.33,45.87,0,0,0,"scarapell,bsadok,tedmonds,rdinger,ndick,tdecraene,tchan",True,2026-04-25-DC-BOS,20,15,4,8,173.0,2,12,False,True,512,home,411,1777165842.0,18,False,"tgesell,ilee,jlightner,amerriman,mgrovic,wvandenbr,cmccutche",412,743,0592ac4e0972d4cde2c984f1e0534b5220e70a264ee66201611aae09d7038291,1777165842.0,False,512,122.583333333333,13.7917112788805,-13.03,4.52,70.8687597709639,c4305186aa97a73b4da8326cc48ded2e12319844ef2736aea003ee52beb91ce5,0.979821879449125,0.0201781205508745,0.63994405480625,0.672427831924936,0.690157667845054,0.815278321249073,122.583333333333,5.0,0.987,0.0177298359201182,0.0492418918692695,743.0,9c3c2c9df48ebb24fa7f7f37b45fabc78800e175,2026-08-18 08:07:04,2026-06-06 14:01:41,2026-04-25-DC-BOS,glory,breeze,21,16,2026-04-25 19:00:00
tdecraene,-5.33,45.87,tchan,8.02,45.67,0,0,0,"scarapell,bsadok,tedmonds,rdinger,ndick,tdecraene,tchan",True,2026-04-25-DC-BOS,20,15,4,8,173.0,2,13,False,True,513,home,412,1777165847.0,18,False,"tgesell,ilee,jlightner,amerriman,mgrovic,wvandenbr,cmccutche",413,744,8bd2ae0a80e2cc38932a4807ffed9b6c7797e1373fa13f3b70b87ff5c1b7cc6d,1777165847.0,False,513,118.0,13.3514980432909,13.35,-0.199999999999996,-90.8582995300315,c1fda039b470f4a358dc89ee6358e1c63934e73871283648e887b94e32edd1d8,0.982211920212088,0.0177880797879119,0.63994405480625,0.686735132137364,0.685136917750944,0.813299208059367,118.0,5.0,0.987,-0.00159821438642027,-0.00443879460332271,744.0,f127a8b10cd2e3d4fb0c85eb715d3b1b1f185c67,2026-08-18 08:07:04,2026-06-06 14:01:41,2026-04-25-DC-BOS,glory,breeze,21,16,2026-04-25 19:00:00
tchan,8.02,45.67,tdecraene,-1.71,46.19,0,0,0,"scarapell,bsadok,tedmonds,rdinger,ndick,tdecraene,tchan",True,2026-04-25-DC-BOS,20,15,4,8,173.0,2,14,False,True,514,home,413,1777165850.0,18,False,"tgesell,ilee,jlightner,amerriman,mgrovic,wvandenbr,cmccutche",414,745,800890e00b84aca1ce528e6491fda0e8c1c0f4360183a87980e60c285238a110,1777165850.0,False,514,113.416666666667,9.74388526205025,-9.73,0.519999999999996,86.9408541968172,0a1384c18f5e395c96ce9633370fc7deef8e3e63c420bab176efcbad1ab2ac98,0.986741296797163,0.0132587032028371,0.63994405480625,0.681301475251627,0.684631938224616,0.808959635695451,113.416666666667,5.0,0.987,0.00333046297298878,0.00924984857893855,745.0,df413ec79c0ad789cf3a02ff2fac4bc835ecde2b,2026-08-18 08:07:04,2026-06-06 14:01:41,2026-04-25-DC-BOS,glory,breeze,21,16,2026-04-25 19:00:00
tdecraene,-1.71,46.19,ndick,-3.97,50.83,0,0,0,"scarapell,bsadok,tedmonds,rdinger,ndick,tdecraene,tchan",True,2026-04-25-DC-BOS,20,15,4,8,173.0,2,15,False,True,515,home,414,1777165859.0,18,False,"tgesell,ilee,jlightner,amerriman,mgrovic,wvandenbr,cmccutche",415,746,6620d69fc6b9bc83def3733511ab9637455eee4e0d39e471dfaed6a5f9ac2b0b,1777165859.0,False,515,108.833333333333,5.1611239086075,-2.26,4.64,25.9692759830333,9b779f923863eca58a78b673de9453dbf3203efea7947811404b369aa0eb172c,0.990017582599747,0.00998241740025252,0.63994405480625,0.680384735841921,0.69918904406274,0.783331029217229,108.833333333333,5.0,0.987,0.0188043082208189,0.0522260733972887,746.0,1a026b1dffcbd9b3e90349e0128aae0c1dea46cf,2026-08-18 08:07:04,2026-06-06 14:01:41,2026-04-25-DC-BOS,glory,breeze,21,16,2026-04-25 19:00:00
ndick,-3.97,50.83,tdecraene,-6.81,50.25,0,0,0,"scarapell,bsadok,tedmonds,rdinger,ndick,tdecraene,tchan",True,2026-04-25-DC-BOS,20,15,4,8,173.0,2,16,False,True,516,home,415,1777165861.0,18,False,"tgesell,ilee,jlightner,amerriman,mgrovic,wvandenbr,cmccutche",416,747,4ddbfbca1358475748c3c67a60d71cb7c8331302867f744417f1019ba9c9e15d,1777165861.0,False,516,104.25,2.89862036148234,-2.84,-0.579999999999998,101.542525700437,b36d63fa6c199c5b658a21a6748382b11d649cc19ad2fe24e4e1b34d669ea887,0.992289344491694,0.00771065550830596,0.63994405480625,0.694627884996856,0.691634763869745,0.78199239699445,104.25,5.0,0.987,-0.00299312112711103,-0.00831293349565553,747.0,aaa34d0eff67f2c9d08c4a5b912a034b7a7ec18e,2026-08-18 08:07:04,2026-06-06 14:01:41,2026-04-25-DC-BOS,glory,breeze,21,16,2026-04-25 19:00:00
tdecraene,-6.81,50.25,ndick,-5.33,55.54,0,0,0,"scarapell,bsadok,tedmonds,rdinger,ndick,tdecraene,tchan",True,2026-04-25-DC-BOS,20,15,4,8,173.0,2,17,False,True,517,home,416,1777165862.0,18,False,"tgesell,ilee,jlightner,amerriman,mgrovic,wvandenbr,cmccutche",417,748,cc5b5e91efd66f7c3e4ea5d1a71809eb53598a3b118d01c511741e8c513f8da7,1777165862.0,False,517,99.6666666666667,5.49313207560131,1.48,5.29,-15.6301934920588,3a662a9f6f38c28d9d86c67f262708007728f20e8577a979003200eb498e0423,0.988501624509352,0.0114983754906484,0.63994405480625,0.686556917170027,0.71017635739076,0.752224403783484,99.6666666666667,5.0,0.987,0.0236194402207326,0.0655993618103507,748.0,f178bf741ebbc4f335adc1840f79dac1e885f78e,2026-08-18 08:07:04,2026-06-06 14:01:41,2026-04-25-DC-BOS,glory,breeze,21,16,2026-04-25 19:00:00
ndick,-5.33,55.54,tchan,6.67,50.12,0,0,0,"scarapell,bsadok,tedmonds,rdinger,ndick,tdecraene,tchan",True,2026-04-25-DC-BOS,20,15,4,8,173.0,2,18,False,True,518,home,417,1777165867.0,18,False,"tgesell,ilee,jlightner,amerriman,mgrovic,wvandenbr,cmccutche",418,749,bd35782aa4fb676763bfe071e914672e386d05d9a7864cb101c0c807677ef5d1,1777165867.0,False,518,95.0833333333333,13.1672472445838,12.0,-5.42,-114.307107798556,f709fb988abc39ec80a44294aad9b405b4ef5805cef37c5763128f867b2b019b,0.983363258110306,0.0166367418896944,0.63994405480625,0.704811597144652,0.680398328807026,0.774125927002575,95.0833333333333,5.0,0.987,-0.0244132683376259,-0.0678040972896279,749.0,4013a7cde9620da620b0558f55e3569e391bc4f5,2026-08-18 08:07:04,2026-06-06 14:01:41,2026-04-25-DC-BOS,glory,breeze,21,16,2026-04-25 19:00:00
tchan,6.67,50.12,tedmonds,6.22,59.48,0,0,0,"scarapell,bsadok,tedmonds,rdinger,ndick,tdecraene,tchan",True,2026-04-25-DC-BOS,20,15,4,8,173.0,2,19,False,True,519,home,418,1777165873.0,18,False,"tgesell,ilee,jlightner,amerriman,mgrovic,wvandenbr,cmccutche",419,751,fc1046af24945ceedaa2c4e9b0d8c32ed78e2d090af1d1a41b45b218e0aed561,1777165873.0,False,519,90.5,9.37081106415021,-0.45,9.36,2.75248540026868,13d0072ff7cec970a9253886040cb32ba7a002d3df6093d850282b48dd7d93cd,0.982279395208479,0.0177206047915215,0.63994405480625,0.674221793201262,0.717350561278838,0.722389765708387,90.5,5.0,0.987,0.0431287680775759,0.119783518792803,751.0,67ca3d1059ac9faf6f77c547522b0e7e0c29e0f0,2026-08-18 08:07:04,2026-06-06 14:01:41,2026-04-25-DC-BOS,glory,breeze,21,16,2026-04-25 19:00:00
tedmonds,6.22,69.48,tdecraene,-5.78,71.67,0,0,0,"scarapell,bsadok,tedmonds,rdinger,ndick,tdecraene,tchan",True,2026-04-25-DC-BOS,20,15,4,8,173.0,2,20,False,True,520,home,420,1777165889.0,18,False,"tgesell,ilee,jlightner,amerriman,mgrovic,wvandenbr,cmccutche",421,753,c936a208b75c67cb4a1ddabaa30a1fbab5921cefde0e56d8d112d1a71dc44f47,1777165889.0,False,520,85.9166666666667,12.1982006869866,-12.0,2.19000000000001,79.6573428595253,8d2f4f05abc4b9b75982c119ee415134ba70d15b576203794d946f28fbe95cec,0.977209449950353,0.0227905500496466,0.63994405480625,0.761653302951406,0.773124211681564,0.659909065550778,85.9166666666667,5.0,0.988,0.0114709087301575,0.031858684416348,753.0,7b14ea59048483540040d3c4457feaf4d1b911f9,2026-08-18 08:07:04,2026-06-06 14:01:41,2026-04-25-DC-BOS,glory,breeze,21,16,2026-04-25 19:00:00
tdecraene,-5.78,71.67,bsadok,-16.1,83.48,0,0,0,"scarapell,bsadok,tedmonds,rdinger,ndick,tdecraene,tchan",True,2026-04-25-DC-BOS,20,15,4,8,173.0,2,21,False,True,521,home,421,1777165895.0,18,False,"tgesell,ilee,jlightner,amerriman,mgrovic,wvandenbr,cmccutche",422,754,e9db05a6d03b6171d75ae161f29ec35f4a9d4ab60ff000b60da347f77313ca27,1777165895.0,False,521,81.3333333333333,15.6837017314153,-10.32,11.81,41.1481220537141,c271de6c39672346cdc66a15ae0f6c6efb1849420c183f09f8f3f682a0802996,0.965433383809838,0.0345666161901621,0.63994405480625,0.767234308488556,0.822336637989214,0.59152161375227,81.3333333333333,5.0,0.988,0.0551023295006574,0.153038243740167,754.0,c11ce50e91dae8d8c4632195b02f718f8d1c7f89,2026-08-18 08:07:04,2026-06-06 14:01:41,2026-04-25-DC-BOS,glory,breeze,21,16,2026-04-25 19:00:00
bsadok,-16.1,83.48,tdecraene,-1.52,84.45,0,0,0,"scarapell,bsadok,tedmonds,rdinger,ndick,tdecraene,tchan",True,2026-04-25-DC-BOS,20,15,4,8,173.0,2,22,False,True,522,home,422,1777165899.0,18,False,"tgesell,ilee,jlightner,amerriman,mgrovic,wvandenbr,cmccutche",423,755,8e44face8e88e9e5b501e89d915154f2eab6540143fa1b903928496882c9f562,1777165899.0,False,522,76.75,14.6122311780234,14.58,0.969999999999999,-86.1937499637008,4e6385bb41c94635963e7a3483f1ccdebf3de87948c2706da83983a4e2a66bfc,0.962003716903436,0.0379962830965644,0.63994405480625,0.817022332598721,0.829781578458937,0.59417222134993,76.75,5.0,0.988,0.0127592458602163,0.0354368426088629,755.0,276d5a530e8bb0d96f86832f46105fd77ca7d642,2026-08-18 08:07:04,2026-06-06 14:01:41,2026-04-25-DC-BOS,glory,breeze,21,16,2026-04-25 19:00:00
tdecraene,-1.52,84.45,rdinger,11.44,95.87,0,0,0,"scarapell,bsadok,tedmonds,rdinger,ndick,tdecraene,tchan",True,2026-04-25-DC-BOS,20,15,4,8,173.0,2,23,False,True,523,home,423,1777165962.0,18,False,"tgesell,ilee,jlightner,amerriman,mgrovic,wvandenbr,cmccutche",424,757,c345a2572ef4b19d2f112e955f6acfaf64760e31378d4ace3894328d0c32e9fe,1777165962.0,False,523,72.1666666666667,17.2736215079525,12.96,11.42,-48.6143735468595,75e5666fa5735c21cce6de9aa90037c67774faff36c43c487ab864782c80cc17,0.949313679409015,0.0506863205909852,0.63994405480625,0.824238042246171,0.879677829997194,0.544082099330417,72.1666666666667,5.0,0.989,0.055439787751023,0.153975482119009,757.0,3c72e9660b6d05a32173ad5f2738840cdda60cd2,2026-08-18 08:07:04,2026-06-06 14:01:41,2026-04-25-DC-BOS,glory,breeze,21,16,2026-04-25 19:00:00
rdinger,0.0,100.0,scarapell,9.96,113.8,0,0,0,"scarapell,bsadok,tedmonds,rdinger,ndick,tdecraene,tchan",True,2026-04-25-DC-BOS,21,15,4,8,173.0,2,24,False,True,524,home,425,1777166015.0,19,False,"tgesell,ilee,jlightner,amerriman,mgrovic,wvandenbr,cmccutche",426,760,354227e31c0f543d9b0c724fde55538e62908d38b55169599b4a09df86b5829b,1777166015.0,False,524,67.5833333333333,17.0188601263422,9.96,13.8,-35.8194580423739,1b6be80837e0987c4acaccbd8414e0d8b7a6aeb79503ab14e7bce3eaf0057a2e,0.933303283815581,0.0666967161844194,0.63994405480625,0.896126317925884,1.0,0.523661859501669,67.5833333333333,5.0,0.989,0.103873682074116,0.288493172965719,760.0,f1d9f4abc6a30399d068e3b5506ddbd38b41bc65,2026-08-18 08:07:04,2026-06-06 14:01:41,2026-04-25-DC-BOS,glory,breeze,21,16,2026-04-25 19:00:00
aroy,-3.33,9.06,jnissen,4.22,20.45,0,0,0,"tshapinsk,jnissen,smott,zburpee,aroy,cloverane,cboxley",False,2026-04-25-DC-BOS,21,15,4,9,63.0,1,1,True,True,525,away,335,1777166088.0,18,False,"mmcdonnel,mcoe,itran,sfisherol,zsinger,ghaflin,ldecraene",336,764,2f30cf5742ff2323afaf0ba1978358ba8d1e7dfc31a2b7d7e1d036b561e22b50,1777166088.0,False,525,63.0,13.6650869005652,7.55,11.39,-33.5388916775549,e2f63b789957f2250f9821758a2bf399dca104dfcd6befebd5d379e58f34d377,0.984425075006273,0.0155749249937273,0.488321601417941,0.488321601417941,0.515957233076329,0.889685664957951,63.0,6.0,0.992,0.0276356316583882,0.054009768117964,764.0,ff1f21b6997d46f9305e9085d87bab490087e3a8,2026-08-18 08:07:04,2026-06-06 14:01:41,2026-04-25-DC-BOS,glory,breeze,21,16,2026-04-25 19:00:00
jnissen,4.22,20.45,smott,18.29,32.95,0,0,0,"tshapinsk,jnissen,smott,zburpee,aroy,cloverane,cboxley",False,2026-04-25-DC-BOS,21,15,4,9,63.0,1,2,True,True,526,away,336,1777166092.0,18,False,"mmcdonnel,mcoe,itran,sfisherol,zsinger,ghaflin,ldecraene",337,765,0e978284d03c814eea59c02372ed6220390482784563b915576bd14f742dd7df,1777166092.0,False,526,59.0,18.8205977588386,14.07,12.5,-48.3816296467527,d7c65c69d8c6866767be89c360729c96c0684fa83ce07fb8bf04ca0850d18da7,0.977484641957505,0.0225153580424946,0.488321601417941,0.505573416597429,0.520327414432402,0.807278717153677,59.0,6.0,0.992,0.0147539978349732,0.0288345137802551,765.0,e7d81566cb48e16fddae559baff293ebf2994283,2026-08-18 08:07:04,2026-06-06 14:01:41,2026-04-25-DC-BOS,glory,breeze,21,16,2026-04-25 19:00:00
smott,18.29,32.95,tshapinsk,20.28,46.47,0,0,0,"tshapinsk,jnissen,smott,zburpee,aroy,cloverane,cboxley",False,2026-04-25-DC-BOS,21,15,4,9,63.0,1,3,True,True,527,away,337,1777166097.0,18,False,"mmcdonnel,mcoe,itran,sfisherol,zsinger,ghaflin,ldecraene",338,766,da73b40add21579e67bb1b9a1fbc9072d303633a6b103e7d988d0fd75c554ba6,1777166097.0,False,527,55.0,13.6656686627475,1.99,13.52,-8.3732062414699,ea87920203db2ed78f0071e01f457014111f0c0a4502f3ec09e4acb881d56b41,0.978685867095004,0.0213141329049963,0.488321601417941,0.509332104313814,0.553319814917611,0.707067228655315,55.0,6.0,0.992,0.0439877106037961,0.0859674958444464,766.0,3790ba11d52e0006dd916dad332eec18b73bcd78,2026-08-18 08:07:04,2026-06-06 14:01:41,2026-04-25-DC-BOS,glory,breeze,21,16,2026-04-25 19:00:00
tshapinsk,20.28,46.47,smott,13.14,39.95,0,0,0,"tshapinsk,jnissen,smott,zburpee,aroy,cloverane,cboxley",False,2026-04-25-DC-BOS,21,15,4,9,63.0,1,4,True,True,528,away,338,1777166100.0,18,False,"mmcdonnel,mcoe,itran,sfisherol,zsinger,ghaflin,ldecraene",339,767,191adbb75ae67f17f7f898b1e0b3fc40894d62da782cb80ba155dda424b075a9,1777166100.0,False,528,51.0,9.66902270139025,-7.14,-6.52,132.401243056146,1ef1d9909be6b46f596caaeae5b8f2c8b253c71d5d3e85c59a64c55fe91776ab,0.986784158359597,0.0132158416404027,0.488321601417941,0.541784762081355,0.540356938994652,0.758535370081011,51.0,6.0,0.992,-0.00142782308670231,-0.00279046973774744,767.0,30001b5a2857689f33deeb86b978160aa968fd63,2026-08-18 08:07:04,2026-06-06 14:01:41,2026-04-25-DC-BOS,glory,breeze,21,16,2026-04-25 19:00:00
smott,13.14,39.95,jnissen,-3.2,37.89,0,0,0,"tshapinsk,jnissen,smott,zburpee,aroy,cloverane,cboxley",False,2026-04-25-DC-BOS,21,15,4,9,63.0,1,5,True,True,529,away,339,1777166102.0,18,False,"mmcdonnel,mcoe,itran,sfisherol,zsinger,ghaflin,ldecraene",340,768,2ea76f25cf8c8de0d3817f5053af4f1f6d41124abf17684fcad862cc394bc098,1777166102.0,False,529,47.0,16.4693412132969,-16.34,-2.06,97.1854276017964,45b1a0ddb24f71d4ec1cf494376285d8fb6f033aa196e6fc5e4ff6fb4a044f92,0.978651443169389,0.0213485568306107,0.488321601417941,0.528119885990937,0.52729450763007,0.767168255605793,47.0,6.0,0.992,-0.000825378360867046,-0.00161308033161904,768.0,e32dd750d31154a3377e58729e74acc3b0d6c185,2026-08-18 08:07:04,2026-06-06 14:01:41,2026-04-25-DC-BOS,glory,breeze,21,16,2026-04-25 19:00:00
jnissen,-3.2,37.89,zburpee,-17.82,47.78,0,0,0,"tshapinsk,jnissen,smott,zburpee,aroy,cloverane,cboxley",False,2026-04-25-DC-BOS,21,15,4,9,63.0,1,6,True,True,530,away,340,1777166109.0,18,False,"mmcdonnel,mcoe,itran,sfisherol,zsinger,ghaflin,ldecraene",341,769,894fe33c2271a33d527188a0d568eef6edcb59df0a0d224bf3ae34921bfa71ac,1777166109.0,False,530,43.0,17.6509631465255,-14.62,9.89,55.9228047198693,ad3c4a2b4df0416235d3d0d536721bccd39186087c874ed422eb5e2e4b034155,0.976118578828001,0.0238814211719993,0.488321601417941,0.514348929713957,0.537939900383443,0.674794194041532,43.0,6.0,0.992,0.0235909706694862,0.0461050744664237,769.0,719a0f0bf5c90aa6345cca416e0fe068a87edf99,2026-08-18 08:07:04,2026-06-06 14:01:41,2026-04-25-DC-BOS,glory,breeze,21,16,2026-04-25 19:00:00
zburpee,-17.82,57.78,cboxley,-21.18,73.11,0,0,0,"tshapinsk,jnissen,smott,zburpee,aroy,cloverane,cboxley",False,2026-04-25-DC-BOS,21,15,4,9,63.0,1,7,True,True,531,away,342,1777166122.0,18,False,"mmcdonnel,mcoe,itran,sfisherol,zsinger,ghaflin,ldecraene",343,771,38789c312287f2bfdb6c1af1ae4af15d88ac0fff5938a9b23ffee6cdc40ef2d0,1777166122.0,False,531,39.0,15.693900088888,-3.36,15.33,12.3624924157143,22ead0d197342367a605529ac3d1527a8c768c5a44a756eb8c55aff767122067,0.965178507185211,0.034821492814789,0.488321601417941,0.576000325413389,0.655333903861152,0.499549055878241,39.0,6.0,0.991,0.0793335784477631,0.155045783968229,771.0,f74e941c78b6aa7ce3216ae064fbfffa6082f796,2026-08-18 08:07:04,2026-06-06 14:01:41,2026-04-25-DC-BOS,glory,breeze,21,16,2026-04-25 19:00:00
cboxley,-21.18,73.11,smott,-10.27,69.06,0,0,0,"tshapinsk,jnissen,smott,zburpee,aroy,cloverane,cboxley",False,2026-04-25-DC-BOS,21,15,4,9,63.0,1,8,True,True,532,away,343,1777166126.0,18,False,"mmcdonnel,mcoe,itran,sfisherol,zsinger,ghaflin,ldecraene",344,772,9a0f163fec4fff77643c99a09fc72e6ff9d5217e3bf0bdfb3021d8e874520e31,1777166126.0,False,532,35.0,11.6374653597766,10.91,-4.05,-110.365885933493,8c6771bd90b18e56214b27a92f941fb1e2d52f1c7f0f06ce25759b3bc0915398,0.973348615194084,0.026651384805916,0.488321601417941,0.642234949427064,0.646122538417941,0.540930825278085,35.0,6.0,0.991,0.00388758899087671,0.00759771958646257,772.0,71fbdc5549a1fccc5e4f5e895a9678f05794a49c,2026-08-18 08:07:04,2026-06-06 14:01:41,2026-04-25-DC-BOS,glory,breeze,21,16,2026-04-25 19:00:00
smott,-10.27,69.06,jnissen,10.46,76.54,0,0,0,"tshapinsk,jnissen,smott,zburpee,aroy,cloverane,cboxley",False,2026-04-25-DC-BOS,21,15,4,9,63.0,1,9,True,True,533,away,344,1777166130.0,18,False,"mmcdonnel,mcoe,itran,sfisherol,zsinger,ghaflin,ldecraene",345,773,dd5e011b0d0e345fe7a2023a08a41f84c7d7b1f3cf33634f488f42f43dab86e7,1777166130.0,False,533,31.0,22.0382236126236,20.73,7.48,-70.1590498015927,386139c715b901c57de947ac97537ae10a5a35f6dd9154ea2312a3192dbe0acb,0.941467977852579,0.0585320221474208,0.488321601417941,0.632190448891527,0.682629934392599,0.491225915166731,31.0,6.0,0.991,0.0504394855010721,0.0985765387807026,773.0,d8d9a1fceccb1497d110f3c8d06e66acdbccbf7f,2026-08-18 08:07:04,2026-06-06 14:01:41,2026-04-25-DC-BOS,glory,breeze,21,16,2026-04-25 19:00:00
jnissen,10.46,76.54,zburpee,-7.32,108.39,0,0,0,"tshapinsk,jnissen,smott,zburpee,aroy,cloverane,cboxley",False,2026-04-25-DC-BOS,21,16,4,9,63.0,1,10,True,True,534,away,345,1777166141.0,19,False,"mmcdonnel,mcoe,itran,sfisherol,zsinger,ghaflin,ldecraene",346,774,516d679eaddebdd3c06db879e0862b14ac3f9a0ca27e94d6e9e6f7928e25de32,1777166141.0,False,534,27.0,36.4767172316808,-17.78,31.85,29.1720789716745,c5954d331a2701addfe78830dc6a063cfb3be01974067e70b8ac9bfa3ba52178,0.795518550054978,0.204481449945022,0.488321601417941,0.66873590232958,1.0,0.398043681813016,27.0,6.0,0.999,0.33126409767042,0.647406844979982,774.0,dff5a795850ef47e2d2cb8afabb684e8d68dcfbb,2026-08-18 08:07:04,2026-06-06 14:01:41,2026-04-25-DC-BOS,glory,breeze,21,16,2026-04-25 19:00:00
rdinger,-0.88,49.61,tdecraene,17.7,59.54,0,0,0,"scarapell,bsadok,tedmonds,rdinger,ndick,tdecraene,tchan",True,2026-04-25-DC-BOS,21,16,4,10,23.0,1,1,True,True,535,home,430,1777166217.0,18,False,"amerriman,bgreenber,mgrovic,ilee,cmccutche,wvandenbr,tgesell",431,779,fcf075c659540c8f1a18577524f177a4547647bb3b3bc60d51ad936446b959b5,1777166217.0,False,535,23.0,21.0670667156109,18.58,9.93,-61.8779188071158,3826c6271f84ec8abd41a2a4fa82264ee5a6a68593db2b0baa1b677aa2b4fcfb,0.965513362447151,0.034486637552849,0.488333904824351,0.490097523720453,0.522391810502725,0.530876849885131,23.0,5.0,0.999,0.0322942867822714,0.0631159404282693,779.0,f39a0df87fe96b65fccc287d71a0a0e5eb1eb4c0,2026-08-18 08:07:04,2026-06-06 14:01:41,2026-04-25-DC-BOS,glory,breeze,21,16,2026-04-25 19:00:00
tdecraene,17.7,59.54,ndick,20.86,67.61,0,0,0,"scarapell,bsadok,tedmonds,rdinger,ndick,tdecraene,tchan",True,2026-04-25-DC-BOS,21,16,4,10,23.0,1,2,True,True,536,home,431,1777166221.0,18,False,"amerriman,bgreenber,mgrovic,ilee,cmccutche,wvandenbr,tgesell",432,780,f2ab94b9bea859f356e6142ed657a32524588cdfed423c7c90ac8ba697678470,1777166221.0,False,536,15.3333333333333,8.6666314101847,3.16,8.07,-21.3840060064305,799abe6e49f0bfdb2e9e4d9858bb6b150966d3868a14d6fbb1aec1e9111dc895,0.983948753506263,0.0160512464937366,0.488333904824351,0.488333904824351,0.523951247053794,0.435738691625702,15.3333333333333,5.0,0.999,0.0356173422294428,0.069610518588721,780.0,f262f893e2650e6ddeac5201b0c899695e2040cf,2026-08-18 08:07:04,2026-06-06 14:01:41,2026-04-25-DC-BOS,glory,breeze,21,16,2026-04-25 19:00:00
bgreenber,8.68,18.81,ilee,6.34,23.75,1,1,0,"amerriman,bgreenber,mgrovic,ilee,cmccutche,wvandenbr,tgesell",False,2026-04-25-DC-BOS,21,16,4,10,23.0,2,1,False,False,537,away,349,,20,False,"scarapell,bsadok,tedmonds,rdinger,ndick,tdecraene,tchan",350,782,4891ab23e35678002594dd9fb2e9eba6bbe597a3c2ce1992ee2e53b0b6a72a1a,1777166241.5,True,537,7.66666666666667,5.46618697082345,-2.34,4.94,25.3461759419467,0b04c7f995dd5ad75b1ff8a407f779647d1235f58f2dba8319e9a735fe51b9fd,0.99207928386139,1.0,0.314244434206969,0.314244434206969,0.327030850618489,0.753043580134513,7.66666666666667,5.0,0.999,-0.753043580134513,-0.753043580134513,782.0,5065758651cc541145ca845888b8b64bb37df414,2026-08-18 08:07:04,2026-06-06 14:01:41,2026-04-25-DC-BOS,glory,breeze,21,16,2026-04-25 19:00:00
