season,player_id,player,team_id,offensive_possessions,defensive_possessions,Games,OPointsPlayed,DPointsPlayed,total_aec,thrower_aec,receiver_aec,player_impact,player_impact_possession,offensive_possessions_involved,OE,DE,lag_contribution,YardsThrown,YardsReceived,Assists,HockeyAssists,Goals,xcp,cpoe,Completions,completion_percentage,Throwaways,Stalls,hucks_completed,hucks_caught,huck_completion_percentage,hucks_thrown,hucks_dropped,huck_attempt_percentage,ThrowAttempts,Catches,Drops,Blocks,total_aec_display_value,total_aec_percentile,thrower_aec_display_value,thrower_aec_percentile,receiver_aec_display_value,receiver_aec_percentile,lag_contribution_display_value,lag_contribution_percentile,player_impact_possession_display_value,player_impact_possession_percentile,OE_display_value,OE_percentile,DE_display_value,DE_percentile,cpoe_display_value,cpoe_percentile,Goals_display_value,Goals_percentile,Assists_display_value,Assists_percentile,HockeyAssists_display_value,HockeyAssists_percentile,Blocks_display_value,Blocks_percentile,throw_attempts_for_rate,thrower_aec_per_throw,total_aec_per_throw,lag_contribution_per_throw
2026,tdecraene,Tobe Decraene,glory,205,72,10,174,3,55.1981800206327,23.7123714336157,31.485808587017,15.6646212881315,42.2905785362338,168,0.6,0.513888888888889,10.5316506291914,2319,2560,47,24,30,0.945290183065476,0.00779623668761076,386,0.955445544554455,18,1,9,21,0.75,12,0,0.0294840294840295,407,434,4,4,55.2,100,23.7,99,31.5,100,10.5,94,42.3,98,60.0,74,51.4,63,0.8,55,30,100,47,100,24,99,4,75,407,0.05826135487374865,0.13562206393275847,0.025876291472214742
2026,aatkins,Alex Atkins,empire,168,51,8,146,6,50.560044497624,30.9266148160571,19.6334296815669,13.8301622103581,42.4429286911718,145,0.68452380952381,0.607843137254902,13.6024005219416,2697,1553,33,14,15,0.935894205789975,0.0411549745378934,296,0.976897689768977,7,1,20,4,0.833333333333333,25,1,0.0819672131147541,305,261,1,5,50.6,100,30.9,100,19.6,97,13.6,98,42.4,99,68.5,94,60.8,89,4.1,91,15,93,33,99,14,92,5,82,305,0.10139873710182656,0.16577063769712785,0.04459803449816918
2026,cyorgason,Chad Yorgason,shred,194,88,9,163,16,48.2756282955011,25.8002173519951,22.475410943506,13.2185345733249,37.354505104914,139,0.577319587628866,0.431818181818182,10.1646844935332,1933,1922,36,15,13,0.91675422339382,0.0276902210506248,202,0.94392523364486,12,0,22,8,0.785714285714286,28,0,0.12962962962963,216,198,1,2,48.3,100,25.8,99,22.5,98,10.2,94,37.4,97,57.7,66,43.2,34,2.8,81,13,90,36,100,15,94,2,48,216,0.11944545070368102,0.22349827914583842,0.047058724507098144
2026,ataylor,Austin Taylor,hustle,213,90,9,179,14,48.3301237953836,36.0002994923571,12.3298243030265,12.1149934908581,33.8043859146768,193,0.60093896713615,0.422222222222222,15.8201623276685,3504,1087,42,18,12,0.942573170905275,0.0133091820359015,389,0.955773955773956,18,0,23,2,0.793103448275862,29,0,0.071078431372549,408,354,1,5,48.3,100,36.0,100,12.3,87,15.8,99,33.8,94,60.1,76,42.2,30,1.3,62,12,88,42,100,18,97,5,82,408,0.08823602816754192,0.11845618577299902,0.03877490766585417
2026,jnissen,Jacques Nissen,breeze,223,84,9,189,0,46.1564969940702,32.323160160249,13.8333368338212,12.5832852484152,32.0283895722722,190,0.560538116591928,0.476190476190476,19.7939476013387,3331,1226,29,25,6,0.944320503756185,0.0258691981408335,352,0.96969696969697,11,0,12,0,0.75,17,1,0.046070460704607,369,283,0,4,46.2,99,32.3,100,13.8,90,19.8,100,32.0,91,56.1,59,47.6,50,2.6,79,6,68,29,99,25,100,4,75,369,0.08759664000067481,0.1250853577075073,0.05364213442097209
2026,maugersem,Malik Auger-Semmar,royal,269,145,10,215,33,45.2850720871972,16.1852380943769,29.0998339928203,13.0078210281175,28.433299968623,170,0.520446096654275,0.489655172413793,9.85596948883377,1478,2363,44,11,25,0.948876228765925,-0.0222353021249979,238,0.926070038910506,19,0,8,11,0.666666666666667,12,0,0.0463320463320463,259,280,6,7,45.3,99,16.2,97,29.1,99,9.9,93,28.4,84,52.0,47,49.0,55,-2.2,28,25,99,44,100,11,86,7,92,259,0.06249126677365598,0.17484583817450655,0.03805393625032344
2026,jfairfax,Jacob Fairfax,flyers,190,64,8,168,9,44.5977397391441,12.9899504587394,31.6077892804047,10.2369451852799,36.2785372082132,125,0.647368421052632,0.484375,12.7571181988641,1246,2306,18,17,27,0.929415745629115,0.0354965350726395,165,0.964912280701754,6,0,15,16,0.789473684210526,19,0,0.111111111111111,171,197,1,3,44.6,99,13.0,94,31.6,100,12.8,97,36.3,96,64.7,87,48.4,53,3.5,88,27,99,18,95,17,96,3,64,171,0.07596462256572749,0.2608054955505503,0.07460303040271404
2026,jkerr,Jordan Kerr,shred,188,66,9,161,1,43.0535794498786,28.0867913949449,14.9667880549337,11.7886653899158,33.5276280244179,152,0.590425531914894,0.5,15.674603761194,2485,1132,32,23,11,0.941525917351268,0.0228868940366321,270,0.964285714285714,10,0,7,6,0.7,10,0,0.0355871886120996,281,246,1,5,43.1,99,28.1,100,15.0,92,15.7,99,33.5,93,59.0,72,50.0,57,2.3,75,11,85,32,99,23,99,5,82,281,0.09995299428806013,0.1532155852308847,0.05578150804695373
2026,khenke,Kyle Henke,sol,196,85,8,160,16,42.7344279474832,22.6020287019056,20.1323992455776,11.6655517275686,33.5402280286103,148,0.581632653061224,0.588235294117647,14.099330156356,2008,1710,31,13,16,0.942003208558159,0.0179967914418407,285,0.95959595959596,12,0,11,4,0.733333333333333,16,1,0.0533333333333333,300,282,1,3,42.7,99,22.6,99,20.1,97,14.1,98,33.5,93,58.2,68,58.8,85,1.8,68,16,94,31,99,13,90,3,64,300,0.07534009567301866,0.14244809315827733,0.04699776718785333
2026,tedmonds,Thomas Edmonds,glory,184,73,9,155,14,40.618164703545,22.4998421556747,18.1183225478703,11.5269772891452,33.8414758760537,140,0.619565217391304,0.465753424657534,13.922990255191,2043,1429,21,16,17,0.957606564933626,0.0305239988645936,336,0.988235294117647,4,0,8,6,1.0,8,0,0.0235294117647059,340,329,2,1,40.6,99,22.5,99,18.1,95,13.9,98,33.8,94,62.0,80,46.6,47,3.1,85,17,95,21,97,16,95,1,28,340,0.06617600634021971,0.11946519030454411,0.040949971338797055
2026,gsanner,Grayson Sanner,flyers,194,63,9,164,2,40.462136415513,14.4221772510566,26.0399591644564,9.28766065248296,32.4452480474487,123,0.654639175257732,0.53968253968254,12.3414935140442,1198,1849,18,20,29,0.951971484336218,0.0233371576390908,157,0.975155279503106,4,0,5,9,0.714285714285714,7,0,0.0432098765432099,162,187,1,0,40.5,99,14.4,95,26.0,99,12.3,97,32.4,92,65.5,88,54.0,69,2.3,76,29,100,18,95,20,98,0,0,162,0.08902578550034938,0.24976627416983335,0.0761820587286679
2026,ctremblay,Christophe Tremblay-Joncas,royal,246,136,10,192,28,38.7024090843617,17.4540440392508,21.248365045111,11.1169970041562,27.0846013132765,154,0.508130081300813,0.507352941176471,10.0355433553291,1960,1958,24,24,17,0.931024879516211,-0.00028894878028074,212,0.929824561403509,16,0,16,7,0.64,27,2,0.116883116883117,231,247,3,5,38.7,98,17.5,98,21.2,98,10.0,93,27.1,80,50.8,45,50.7,61,0.0,46,17,95,24,98,24,99,5,82,231,0.07555863220454892,0.16754289646909826,0.043443910629130306
2026,wfrankenb,Walker Frankenberg,spiders,176,53,8,146,1,37.1337926855665,13.0027377531588,24.1310549324077,10.2381420670985,32.1164834390369,129,0.630681818181818,0.716981132075472,13.324909696606,1462,1976,15,24,13,0.919584363257717,0.0147590710857169,183,0.933673469387755,13,0,3,6,1.0,3,0,0.0151515151515152,198,207,1,2,37.1,98,13.0,94,24.1,99,13.3,97,32.1,91,63.1,84,71.7,98,1.5,64,13,90,15,92,24,99,2,48,198,0.06567039269272122,0.1875444075028611,0.06729752372023232
2026,haustinkn,Hayden Austin-Knab,hustle,200,93,9,164,17,36.644485156034,14.4722241290606,22.1722610269734,9.18573478149466,27.6640351726662,146,0.58,0.473118279569892,7.53137224004237,1651,1762,17,17,19,0.944069617443157,0.0144209485945789,254,0.958490566037736,11,0,11,6,0.647058823529412,17,0,0.0641509433962264,265,269,2,6,36.6,98,14.5,95,22.2,98,7.5,89,27.7,82,58.0,67,47.3,49,1.4,63,19,97,17,94,17,96,6,89,265,0.05461216652475698,0.13828107606050566,0.028420272603933473
2026,wbrandt,William Brandt,windchill,155,66,8,125,7,35.0513813507165,12.7489353903023,22.3024459604142,10.0544109712367,32.910244351047,119,0.619354838709677,0.575757575757576,12.024992121347,898,1676,17,17,17,0.964414360423026,0.00287535920314252,206,0.967136150234742,7,0,3,9,0.75,4,0,0.0186915887850467,214,180,2,3,35.1,98,12.7,93,22.3,98,12.0,96,32.9,92,61.9,80,57.6,80,0.3,50,17,95,17,94,17,96,3,64,214,0.059574464440664956,0.16379150163886214,0.056191551968911214
2026,mpettenuz,Max Pettenuzzo,rush,141,84,5,98,16,35.0278238172738,19.2163218153912,15.8115020018826,12.1778224807229,47.3592863826164,109,0.446808510638298,0.571428571428571,6.60976607374646,1783,1413,23,17,8,0.935287247070046,0.0179042422916567,218,0.951965065502183,11,2,10,5,0.625,16,0,0.0680851063829787,235,208,1,5,35.0,98,19.2,98,15.8,93,6.6,87,47.4,99,44.7,31,57.1,79,1.8,68,8,77,23,98,17,96,5,82,235,0.08177158219315404,0.14905456943520765,0.02812666414360196
2026,amiller1,Adam Miller,hustle,157,106,8,111,61,33.7864755368486,24.7816695886229,9.00480594822569,8.46931269907185,30.3315426342101,133,0.656050955414013,0.5,16.3834697848946,2227,790,25,23,4,0.959477669232797,0.0104923007371726,323,0.96996996996997,10,0,6,3,0.666666666666667,9,0,0.027027027027027,333,280,1,1,33.8,98,24.8,99,9.0,78,16.4,99,30.3,87,65.6,88,50.0,57,1.0,58,4,53,25,98,23,99,1,28,333,0.07441942819406276,0.10146088749804384,0.04919960896364745
2026,mgallant,Martin Gallant,rush,197,102,8,146,13,33.7848665968566,9.52531877312255,24.259547823734,11.7456942257581,29.6669034783711,125,0.487309644670051,0.57843137254902,7.01769413515686,1283,2028,17,13,20,0.929062642146882,-0.0147769278611677,157,0.912790697674419,15,0,8,14,0.571428571428571,17,3,0.0971428571428571,175,186,5,1,33.8,98,9.5,88,24.3,99,7.0,88,29.7,86,48.7,40,57.8,82,-1.5,33,20,97,17,94,13,90,1,28,175,0.054430392989271714,0.1930563805534663,0.04010110934375348
2026,dritthale,Daniel Ritthaler,spiders,146,46,7,122,2,33.730975853389,17.7280779931381,16.0028978602508,9.29995289662657,34.8679905852114,136,0.63013698630137,0.673913043478261,11.4873852775659,1640,800,15,13,25,0.936990548104075,0.0374775370023076,227,0.974248927038627,6,0,4,2,0.666666666666667,6,0,0.025531914893617,235,202,0,5,33.7,97,17.7,98,16.0,94,11.5,95,34.9,95,63.0,84,67.4,96,3.7,90,25,99,15,92,13,90,5,82,235,0.07543862975803448,0.14353606746122977,0.04888249054283362
2026,mgrovic,Miles  Grovic,breeze,133,100,7,96,48,33.739657455067,14.9032108244981,18.8364466305689,9.19817927247533,39.4872171965959,85,0.56390977443609,0.48,6.41310194987597,1274,1512,22,10,15,0.909741665492451,0.018258334507549,115,0.92741935483871,9,0,12,10,0.857142857142857,15,1,0.12,125,135,2,3,33.7,97,14.9,96,18.8,96,6.4,87,39.5,98,56.4,60,48.0,52,1.8,69,15,93,22,97,10,84,3,64,125,0.1192256865959848,0.269917259640536,0.051304815599007764
2026,smott,Sean Mott,breeze,225,90,9,189,0,32.7910963031624,18.8855097833754,13.9055865197869,8.93958045481561,22.4826064171223,160,0.542222222222222,0.477777777777778,10.8395339482994,2086,1495,33,14,7,0.930203701609828,-0.00187605655863299,270,0.927835051546392,21,1,9,6,0.45,20,0,0.068259385665529,293,286,2,1,32.8,97,18.9,98,13.9,90,10.8,95,22.5,64,54.2,54,47.8,51,-0.2,45,7,74,33,99,14,92,1,28,293,0.06445566478967714,0.11191500444765323,0.03699499641057816
2026,bvandeuse,Brandon Van Deusen,growlers,195,88,8,161,5,32.8317471960226,21.7814932107762,11.0502539852464,11.4995738798651,28.7003123364695,172,0.523076923076923,0.465909090909091,16.7001708659517,2544,619,15,27,8,0.952928928090666,0.00440440524266783,358,0.957219251336898,16,0,15,0,0.789473684210526,19,0,0.0506666666666667,375,310,0,6,32.8,97,21.8,99,11.1,84,16.7,99,28.7,85,52.3,48,46.6,47,0.4,52,8,77,15,92,27,100,6,89,375,0.0580839818954032,0.08755132585606026,0.0445337889758712
2026,jduennebe,Jace Duennebeil,shred,189,73,9,155,9,32.6626325116814,8.6426147430896,24.0200177685918,8.94348043424022,25.2204296297581,94,0.582010582010582,0.493150684931507,8.69801420716994,750,1996,13,11,22,0.921494437011839,0.0294859551450234,95,0.95,5,0,10,11,1.0,10,0,0.0980392156862745,102,122,2,2,32.7,97,8.6,85,24.0,99,8.7,91,25.2,75,58.2,68,49.3,56,2.9,84,22,98,13,90,11,86,2,48,102,0.08473151708911374,0.32022188736942553,0.08527464908990137
2026,awilsonho,Alec Wilson Holliday,hustle,187,75,9,156,6,32.3249120349534,2.9409508524742,29.3839611824792,8.10294011565157,25.6181574784363,97,0.588235294117647,0.48,5.69828171642525,226,1842,6,14,39,0.972973066744328,0.0165006174661979,93,0.98936170212766,1,0,1,8,1.0,1,0,0.0105263157894737,95,131,2,3,32.3,97,2.9,64,29.4,100,5.7,84,25.6,76,58.8,71,48.0,52,1.7,66,39,100,6,68,14,92,3,64,95,0.030957377394465264,0.3402622319468779,0.05998191280447632
2026,sfaris,Seth Faris,apex,245,140,9,200,2,31.8705614724233,15.7160469909641,16.1545144814592,10.884530218863,22.1600893805197,131,0.453061224489796,0.428571428571429,7.73513781479659,1810,1625,26,6,10,0.878684091099686,0.00181905355440248,137,0.878205128205128,19,0,24,7,0.705882352941177,34,0,0.213836477987421,159,145,0,5,31.9,97,15.7,96,16.2,94,7.7,89,22.2,62,45.3,32,42.9,32,0.2,49,10,83,26,98,6,69,5,82,159,0.0988430628362522,0.20044378284542957,0.04864866550186535
2026,glarson,Gordon Larson,windchill,158,70,8,125,16,31.8268662619,27.6289072470208,4.19795901487912,9.12946597230722,28.004630993234,132,0.658227848101266,0.6,15.6342488409551,2690,194,28,23,4,0.947673435417748,0.0203776827931142,302,0.967948717948718,10,0,16,3,0.761904761904762,21,0,0.0670926517571885,313,291,0,1,31.8,96,27.6,99,4.2,55,15.6,99,28.0,84,65.8,89,60.0,86,2.0,72,4,53,28,99,23,99,1,28,313,0.08827126915981086,0.10168327879201278,0.049949676808163264
2026,ehawkins,Elliot  Hawkins,alleycats,101,44,4,85,8,30.7400718766709,15.5445791968181,15.1954926798528,16.6756320944991,52.1023381629789,79,0.574257425742574,0.431818181818182,2.63008402779554,1311,1655,26,8,6,0.895178340036805,0.0289595909976773,133,0.923611111111111,11,0,15,14,0.681818181818182,22,0,0.151724137931034,145,143,1,1,30.7,96,15.5,96,15.2,92,2.6,66,52.1,99,57.4,65,43.2,34,2.9,83,6,68,26,98,8,78,1,28,145,0.10720399446081448,0.21200049570117863,0.018138510536520967
2026,eswiatek,Evan Swiatek,sol,155,56,6,129,6,30.7474298177039,9.83541504836093,20.9120147693429,8.39336690007882,30.5476016489104,100,0.587096774193548,0.5,8.42732073775104,895,1339,20,15,19,0.947864716156796,0.00811012661049915,152,0.955974842767296,7,0,3,5,0.5,6,0,0.0377358490566038,159,170,0,4,30.7,96,9.8,89,20.9,98,8.4,91,30.5,88,58.7,70,50.0,57,0.8,56,19,97,20,97,15,94,4,75,159,0.061857956278999565,0.1933800617465654,0.05300201721856
2026,mturner,Mark Turner,havoc,181,98,7,147,0,30.5577083784963,12.3148728703821,18.2428355081142,20.1410207059375,34.2171575214824,115,0.392265193370166,0.428571428571429,4.37690905813889,1610,1302,22,16,16,0.884745940814044,0.0340357850742807,177,0.917098445595855,16,0,20,5,0.769230769230769,28,2,0.142131979695431,197,195,1,3,30.6,96,12.3,92,18.2,96,4.4,78,34.2,94,39.2,18,42.9,32,3.4,87,16,94,22,97,16,95,3,64,197,0.0625120450273203,0.15511527095683403,0.022217812477862385
2026,jvallee,Jason Vallee,spiders,153,113,8,82,71,30.3214707122111,17.2428733782029,13.0785973340082,8.35991969534654,29.5115260916989,110,0.607843137254902,0.699115044247788,12.5867414219177,1161,880,25,17,9,0.951616216295496,0.023753241832583,197,0.975247524752475,5,0,2,2,0.666666666666667,3,0,0.0147783251231527,203,204,3,4,30.3,96,17.2,97,13.1,89,12.6,97,29.5,86,60.8,77,69.9,97,2.4,76,9,81,25,98,17,96,4,75,203,0.08494026294681233,0.14936685079906944,0.06200365232471774
2026,jlouie,Jacob Louie,flyers,184,56,9,157,0,30.1036183787878,19.7567232586892,10.3468951200986,6.90997106635318,24.6993180336163,147,0.66304347826087,0.535714285714286,14.3309790289768,1985,665,18,21,8,0.966002265480223,0.0184697842092176,317,0.984472049689441,5,0,3,0,0.75,4,0,0.0124223602484472,322,275,1,3,30.1,96,19.8,98,10.3,82,14.3,98,24.7,72,66.3,90,53.6,68,1.8,69,8,77,18,95,21,98,3,64,322,0.06135628341207826,0.09348949807076956,0.04450614605272298
2026,crawlins,Chase Rawlins,phoenix,178,96,8,147,11,29.8106401141582,10.1719061772376,19.6387339369206,14.371367688713,30.9204046213634,122,0.432584269662921,0.385416666666667,4.0293934324719,1248,1857,15,13,15,0.937399157938557,-0.00757459653504866,158,0.929411764705882,12,0,6,14,0.666666666666667,9,0,0.0526315789473684,171,161,3,2,29.8,96,10.2,89,19.6,97,4.0,76,30.9,88,43.3,27,38.5,20,-0.8,40,15,93,15,92,13,90,2,48,171,0.05948483144583392,0.17433122873776724,0.0235637042834614
2026,tdunn,Travis Dunn,growlers,209,95,8,173,6,29.7415406663429,12.2289527335313,17.5125879328117,10.4172050957756,24.0727100304512,131,0.516746411483254,0.463157894736842,10.6628552511698,1005,1504,23,20,13,0.943644946504711,-0.00467781035447656,195,0.9375,13,0,7,4,0.583333333333333,13,1,0.0610328638497653,213,224,1,2,29.7,95,12.2,92,17.5,95,10.7,95,24.1,70,51.7,47,46.3,46,-0.5,43,13,90,23,98,20,98,2,48,213,0.057412923631602344,0.13963164632085867,0.050060353291877
2026,myorgason,McKay Yorgason,shred,196,77,9,162,11,29.5680857383694,16.0186651022863,13.5494206360831,8.09615073691533,22.2085975566657,168,0.591836734693878,0.519480519480519,18.979532576769,2391,1044,11,21,11,0.964048253167443,0.00486366393100268,371,0.968668407310705,12,1,3,0,0.75,5,1,0.0129533678756477,386,343,2,1,29.6,95,16.0,97,13.5,89,19.0,100,22.2,63,59.2,72,51.9,64,0.5,52,11,85,11,86,21,98,1,28,386,0.04149913238934275,0.07660125838955803,0.04916977351494559
2026,aroy,Andrew Roy,breeze,219,91,9,180,5,29.4457046016925,17.181672204958,12.2640323967345,8.02755244600281,20.3050690968553,184,0.552511415525114,0.505494505494505,15.987169346905,2930,965,9,20,9,0.961016988065405,0.00326872622030905,350,0.964187327823691,13,0,3,0,0.6,5,0,0.0137362637362637,364,281,1,0,29.4,95,17.2,97,12.3,87,16.0,99,20.3,57,55.3,57,50.5,60,0.3,50,9,81,9,80,20,98,0,0,364,0.047202396167467034,0.08089479286179259,0.04392079490907967
2026,nranabhat,Nico Ranabhat,radicals,137,58,6,109,2,29.2983121877753,14.3780189435308,14.9202932442445,13.7851110988181,36.6604217220841,107,0.547445255474453,0.551724137931034,10.0447898859104,1375,1188,16,15,6,0.941316773723404,0.0353187402952876,209,0.976635514018692,5,0,3,1,0.75,4,0,0.0186915887850467,214,199,0,0,29.3,95,14.4,95,14.9,92,10.0,94,36.7,97,54.7,55,55.2,74,3.5,88,6,68,16,94,15,94,0,0,214,0.06718700440902242,0.13690800087745467,0.04693827049490842
2026,dfitzgera,Duncan Fitzgerald,sol,151,56,6,125,1,29.1907994826984,17.2677894075137,11.9230100751848,7.96844131745434,31.1498886386831,127,0.556291390728477,0.5,9.20146416765713,1944,1075,13,18,8,0.957384228829359,0.0180256072362152,237,0.975308641975309,6,0,7,0,0.875,8,0,0.0327868852459016,244,199,0,2,29.2,95,17.3,97,11.9,86,9.2,92,31.1,89,55.6,58,50.0,57,1.8,68,8,77,13,90,18,97,2,48,244,0.07076962871931844,0.11963442410941967,0.03771091871990627
2026,kkoo,KJ Koo,growlers,163,123,7,104,51,28.8554306699737,8.22201217770879,20.6334184922649,10.1068382027773,32.3180149685573,94,0.47239263803681,0.528455284552846,0.571274903066829,721,1596,12,8,18,0.945947017767704,-0.000634517767703846,121,0.9453125,7,0,4,14,1.0,4,0,0.03125,128,139,3,3,28.9,95,8.2,84,20.6,97,0.6,38,32.3,91,47.2,36,52.8,66,-0.1,46,18,96,12,88,8,78,3,64,128,0.06423447013834992,0.22543305210916953,0.004463085180209602
2026,kelsalaam,Khalif El-Salaam,growlers,106,76,5,77,36,28.7123395264957,10.39364843385,18.3186910926456,10.0567194209118,42.9720674539436,70,0.566037735849057,0.5,5.63882383647438,574,1254,15,6,14,0.944802394292124,0.00712068263095256,98,0.951456310679612,5,0,4,9,0.666666666666667,7,1,0.0673076923076923,104,111,0,2,28.7,95,10.4,90,18.3,96,5.6,84,43.0,99,56.6,61,50.0,57,0.7,55,14,91,15,92,6,69,2,48,104,0.0999389272485577,0.27608018775476634,0.05421945996609981
2026,mlabar,Matt LaBar,empire,149,50,8,125,9,28.5254390504024,15.5521759676312,12.9732630827712,7.80283033982076,27.2179613125327,109,0.677852348993289,0.56,13.8867604658534,1305,1006,22,16,16,0.939139296612679,0.0180799547242193,179,0.957219251336898,8,0,9,3,0.9,10,0,0.053475935828877,187,190,0,2,28.5,94,15.6,96,13.0,89,13.9,98,27.2,81,67.8,94,56.0,75,1.8,68,16,94,22,97,16,95,2,48,187,0.08316671640444492,0.1525424548149861,0.07426075115429626
2026,dwhited,Dillon Whited,spiders,159,48,8,131,1,28.4275875506105,9.57086756870807,18.8567199819024,7.83775798051342,27.010201951459,86,0.635220125786163,0.729166666666667,8.3369913430661,577,1470,15,12,18,0.931992563140919,0.0485899611309257,101,0.980582524271845,2,0,2,6,1.0,2,0,0.0194174757281553,103,121,2,0,28.4,94,9.6,88,18.9,97,8.3,91,27.0,79,63.5,85,72.9,98,4.9,94,18,96,15,92,12,89,0,0,103,0.09292104435638904,0.2759959956369952,0.08094166352491358
2026,bshea,Benen Shea,apex,222,131,9,179,1,28.0375957540009,-4.28256835415498,32.3201641081559,9.57548421331538,20.9870926195093,97,0.463963963963964,0.435114503816794,4.61563773518828,87,2252,8,11,30,0.964550135171917,-0.0673538734896741,96,0.897196261682243,11,0,0,14,0.0,3,0,0.0280373831775701,107,135,2,5,28.0,94,-4.3,0,32.3,100,4.6,79,21.0,59,46.4,34,43.5,35,-6.7,11,30,100,8,76,11,86,5,82,107,-0.040024003309859627,0.2620336051775785,0.04313680126344187
2026,dhawkins,Dylan Hawkins,flyers,192,65,8,164,2,27.8695546460006,13.0973537158816,14.7722009301191,6.39716507872393,23.1476500527591,151,0.619791666666667,0.538461538461538,18.6856565276017,1288,1246,12,18,11,0.960194037885681,0.0115040753218665,306,0.971428571428571,9,0,7,8,1.0,7,0,0.0220125786163522,318,277,1,2,27.9,94,13.1,94,14.8,91,18.7,100,23.1,66,62.0,80,53.8,68,1.2,60,11,85,12,88,18,97,2,48,318,0.041186646905288046,0.08764010894968742,0.05875992618742673
2026,rbowman,Reese Bowman,sol,181,66,8,152,10,27.6796528697308,12.3839410897121,15.2957117800187,7.55593178291283,24.1340950766106,112,0.580110497237569,0.575757575757576,9.21624473337211,1194,1134,12,13,16,0.93345736326116,0.0168531957450513,151,0.949685534591195,8,0,8,6,0.888888888888889,9,0,0.0559006211180124,161,157,2,0,27.7,94,12.4,93,15.3,92,9.2,92,24.1,70,58.0,67,57.6,80,1.7,67,16,94,12,88,13,90,0,0,161,0.07691888875597577,0.17192330974988074,0.0572437561079013
2026,gmartin1,Garrett Martin,cascades,109,48,5,88,8,27.5611522322309,11.7396667300896,15.8214855021413,12.2924350345888,37.7101213171395,68,0.587155963302752,0.541666666666667,5.49288305383493,946,1029,11,10,17,0.912491687734961,0.0645198065179127,84,0.976744186046512,2,0,8,3,1.0,8,0,0.0919540229885057,87,104,0,2,27.6,94,11.7,92,15.8,93,5.5,84,37.7,97,58.7,70,54.2,70,6.5,97,17,95,11,86,10,84,2,48,87,0.1349386980470069,0.31679485324403334,0.06313658682568886
2026,bthoennes,Ben Thoennes,steel,126,114,6,88,58,27.2235195763265,9.2845936911282,17.9389258851983,11.3107933953591,39.7312241646313,95,0.444444444444444,0.324561403508772,1.81735884493606,1331,1345,19,7,14,0.909061057557426,-0.0116251601215287,136,0.894736842105263,16,0,16,10,0.727272727272727,24,2,0.153846153846154,156,154,2,4,27.2,94,9.3,87,17.9,95,1.8,57,39.7,98,44.4,30,32.5,8,-1.2,36,14,91,19,96,7,75,4,75,156,0.059516626225180766,0.17450974087388782,0.011649736185487564
2026,cboxley,Christian Boxley,breeze,172,66,7,150,5,26.8335387933043,2.92385714342484,23.9096816498794,7.31541808521434,23.3729305026476,101,0.587209302325581,0.424242424242424,11.5018520035721,389,1935,18,13,18,0.968887937299529,-0.0159467608289409,162,0.952941176470588,8,0,0,7,0.0,0,0,0.0,170,187,1,3,26.8,93,2.9,64,23.9,99,11.5,96,23.4,67,58.7,71,42.4,31,-1.6,32,18,96,18,95,13,90,3,64,170,0.01719915966720494,0.15784434584296647,0.06765795296218882
2026,apiper,Alex Piper,apex,237,144,9,191,11,26.3993874703287,7.72905758776774,18.6703298825609,9.01599838235972,19.0347334736529,117,0.447257383966245,0.430555555555556,6.39649304751647,926,1582,7,16,20,0.954920154373865,-0.0128911688666186,130,0.942028985507246,8,0,4,9,1.0,4,0,0.0289855072463768,138,149,2,5,26.4,93,7.7,84,18.7,96,6.4,86,19.0,51,44.7,31,43.1,34,-1.3,34,20,97,7,72,16,95,5,82,138,0.05600766367947638,0.19129990920528045,0.046351398895046886
2026,amerriman,AJ Merriman,breeze,148,124,6,90,68,26.4361518780352,10.7290436340682,15.707108243967,7.20708159448238,28.4839220565225,98,0.533783783783784,0.548387096774194,11.5553135447248,1283,1214,16,16,10,0.919028953150761,-0.0099380440598521,130,0.909090909090909,13,0,9,8,0.5625,16,0,0.111888111888112,143,135,2,6,26.4,93,10.7,90,15.7,93,11.6,96,28.5,84,53.4,51,54.8,72,-1.0,39,10,83,16,94,16,95,6,89,143,0.07502827716131608,0.1848681949512951,0.08080638842464895
2026,jknopf,Jeremy Knopf,apex,233,137,9,188,1,26.2801059139953,13.3949487239478,12.8851571900476,8.97526098570022,18.8982062529378,164,0.459227467811159,0.423357664233577,8.47417833587509,2034,1279,8,14,10,0.957879208994971,0.00365925254349098,247,0.961089494163424,10,0,3,4,0.375,9,1,0.0346153846153846,260,208,3,2,26.3,93,13.4,94,12.9,88,8.5,91,18.9,51,45.9,34,42.3,31,0.4,51,10,83,8,76,14,92,2,48,260,0.051519033553645385,0.10107733043844346,0.032592993599519574
2026,sdastrup,Simon Dastrup,shred,175,168,9,93,98,25.7299933195431,3.25257376430102,22.4774195552421,7.04522796024376,23.5638313520507,93,0.525714285714286,0.577380952380952,0.0310603454100516,483,1597,12,6,19,0.954058575022519,-0.0218551851920108,110,0.932203389830508,8,0,3,11,0.75,4,0,0.0338983050847458,118,125,1,14,25.7,93,3.3,66,22.5,98,0.0,23,23.6,68,52.6,49,57.7,81,-2.2,28,19,97,12,88,6,69,14,99,118,0.027564184443228983,0.2180507908435856,0.00026322326618687797
2026,cboydflie,Chander Boyd-Fliegel,spiders,168,60,8,135,12,25.6632745651596,9.31066495382564,16.3526096113339,7.07561043198219,22.8127820460392,95,0.625,0.733333333333333,8.02516312973671,870,1156,12,11,16,0.91599826554974,0.0360017344502597,117,0.951219512195122,6,0,5,3,0.833333333333333,6,0,0.048,125,139,1,1,25.7,93,9.3,87,16.4,94,8.0,90,22.8,65,62.5,82,73.3,98,3.6,89,16,94,12,88,11,86,1,28,125,0.07448531963060512,0.2053061965212768,0.06420130503789367
2026,ncoolman,Noah Coolman,windchill,125,69,7,95,30,25.5424338739911,16.8954555258911,8.64697834809999,7.32679048523417,27.9419925416012,95,0.672,0.550724637681159,9.2671791416508,1530,627,15,14,5,0.951677020631503,0.0162374178711705,179,0.967567567567568,6,0,9,1,0.818181818181818,12,1,0.0641711229946524,187,189,1,3,25.5,93,16.9,97,8.6,76,9.3,92,27.9,83,67.2,93,55.1,73,1.6,66,5,61,15,92,14,92,3,64,187,0.0903500295502198,0.13659055547588825,0.049557107709362565
2026,bhulsmeye,Brett Hulsmeyer,hustle,162,143,8,108,94,25.0738379645246,6.92060443248672,18.1532335320379,6.28530117193826,21.4034107105634,102,0.654320987654321,0.475524475524476,14.4972949820497,615,1534,12,14,11,0.959958893264066,-0.00370889326406565,150,0.955414012738854,7,0,0,11,0.0,1,1,0.00625,160,151,2,8,25.1,92,6.9,82,18.2,96,14.5,99,21.4,60,65.4,88,47.6,50,-0.4,44,11,85,12,88,14,92,8,94,160,0.043253777703042,0.15671148727827874,0.09060809363781062
2026,rpoloz,Ryan Poloz,rush,190,86,8,147,2,25.0442986737544,12.8009844218244,12.24331425193,8.70693609155311,22.391806220471,146,0.505263157894737,0.581395348837209,10.0333502708572,1458,931,18,16,6,0.966312455137085,0.00076573416332637,229,0.966244725738397,8,0,1,0,1.0,1,0,0.00411522633744856,243,191,0,0,25.0,92,12.8,93,12.2,87,10.0,93,22.4,63,50.5,45,58.1,83,0.1,48,6,68,18,95,16,95,0,0,243,0.052678948237960495,0.10306295750516214,0.04128950728747819
2026,ograff,Oscar Graff,glory,103,176,9,12,141,24.9431951812967,10.8859862579415,14.0572089233552,7.07859762921365,36.420021922947,81,0.601941747572815,0.585227272727273,13.0104039893833,784,590,9,23,13,0.965065649261729,0.00175899528803414,203,0.966666666666667,7,0,0,2,0.0,3,0,0.014218009478673,211,200,1,9,24.9,92,10.9,91,14.1,91,13.0,97,36.4,96,60.2,76,58.5,84,0.2,49,13,90,9,80,23,99,9,97,211,0.05159235193337204,0.11821419517202228,0.061660682414138863
2026,rdinger,Ryan Dinger,glory,194,65,10,167,2,24.8666402174186,14.5115591070888,10.3550811103298,7.05687219340347,19.9360230257907,171,0.61340206185567,0.492307692307692,13.826051400828,2294,862,5,13,12,0.953541477730519,0.0167849317650302,326,0.970238095238095,10,0,9,2,0.75,12,0,0.0356083086053412,337,273,1,2,24.9,92,14.5,96,10.4,82,13.8,98,19.9,56,61.3,79,49.2,55,1.7,66,12,88,5,61,13,90,2,48,337,0.04306100625248902,0.07378824990331928,0.04102685875616617
2026,telliott,Timothy Elliott,apex,240,138,9,196,0,24.6103748809489,11.6296204036911,12.9807544772577,8.40500941036185,16.8856435546616,205,0.470833333333333,0.420289855072464,19.736563632327,2782,1407,21,21,5,0.960825035780057,-0.0189058438608651,370,0.94147582697201,23,1,4,1,0.5,9,1,0.0227272727272727,396,328,3,2,24.6,92,11.6,92,13.0,89,19.7,100,16.9,44,47.1,36,42.0,30,-1.9,31,5,61,21,97,21,98,2,48,396,0.02936772829214924,0.06214741131552753,0.04983980715234091
2026,emagsig,Evan  Magsig,spiders,114,189,8,10,148,24.302527655594,19.0375477439131,5.26497991168093,6.70043948471419,32.917273199582,91,0.570175438596491,0.603174603174603,6.13098342180185,1082,358,23,9,5,0.937556879044609,0.0196623722922898,177,0.956756756756757,8,0,6,1,0.666666666666667,10,1,0.053475935828877,187,138,1,6,24.3,92,19.0,98,5.3,62,6.1,86,32.9,92,57.0,63,60.3,88,2.0,70,5,61,23,98,9,82,6,89,187,0.1018050681492679,0.12996004093900534,0.032786007603218446
2026,arees,Adam Rees,spiders,144,51,7,115,7,23.8985527727364,8.90674220201548,14.9918105707209,6.58905974289096,23.7653772401339,81,0.625,0.764705882352941,8.2854970026102,891,1292,12,11,14,0.915609172141242,0.0385192682257308,104,0.954128440366973,5,0,5,4,0.833333333333333,6,0,0.055045871559633,109,121,2,4,23.9,92,8.9,86,15.0,92,8.3,91,23.8,69,62.5,82,76.5,99,3.9,90,14,91,12,88,11,86,4,75,109,0.08171323121115119,0.21925277773152663,0.07601373396890092
2026,bvohnoutk,Bryan Vohnoutka,windchill,136,99,8,92,53,23.2991653660851,2.17690679601769,21.1222585700674,6.68331389092702,24.2583008842191,87,0.617647058823529,0.606060606060606,6.39233683363881,464,1555,7,9,15,0.961091297805819,-0.0199148272175839,111,0.940677966101695,7,0,2,10,0.666666666666667,3,0,0.0252100840336134,119,134,1,4,23.3,91,2.2,59,21.1,98,6.4,86,24.3,71,61.8,79,60.6,88,-2.0,29,15,93,7,72,9,82,4,75,119,0.018293334420316724,0.19579130559735378,0.05371711624906563
2026,tshapinsk,Theo Shapinsky,breeze,129,52,7,109,6,23.0704829078157,5.77282880905508,17.2976540987607,6.28952555227552,25.8151353076191,82,0.589147286821705,0.442307692307692,4.3655547954204,582,1176,1,9,19,0.965710696546862,0.0159406795999267,107,0.981651376146789,2,0,1,6,1.0,1,0,0.00917431192660551,109,104,1,2,23.1,91,5.8,78,17.3,94,4.4,78,25.8,76,58.9,72,44.2,39,1.6,65,19,97,1,24,9,82,2,48,109,0.05296173219316588,0.211655806493722,0.040050961425875234
2026,marmstron,Myles Armstrong,sol,184,59,8,155,3,22.9738274022821,4.53326788598846,18.4405595162937,6.27134572319315,19.5401374816461,102,0.58695652173913,0.542372881355932,10.6988410795923,640,1452,15,11,16,0.92532747200793,-0.0112649720079298,115,0.912698412698413,11,1,3,8,0.375,8,0,0.0625,128,140,2,0,23.0,91,4.5,72,18.4,96,10.7,95,19.5,53,58.7,70,54.2,70,-1.1,38,16,94,15,92,11,86,0,0,128,0.03541615535928484,0.1794830265803289,0.08358469593431485
2026,bashton,Ben Ashton,shred,203,86,9,166,11,22.8295567316262,-0.310472953027383,23.1400296846536,6.25104831579803,16.5978021849498,129,0.566502463054187,0.488372093023256,12.2625963519478,917,1671,6,19,23,0.953458375286378,-0.0256233237399864,178,0.927083333333333,14,0,0,7,0.0,3,0,0.0154639175257732,194,202,1,3,22.8,91,-0.3,15,23.1,99,12.3,96,16.6,42,56.7,61,48.8,54,-2.6,26,23,99,6,68,19,98,3,64,194,-0.001600376046532902,0.1176781274826093,0.06320925954612268
2026,ebeidlers,Ezra Beidler-Shenk,phoenix,114,51,5,99,3,22.8237544194341,12.6801979610145,10.1435564584196,11.0030702307125,31.2002832065918,105,0.535087719298246,0.372549019607843,8.09434810493222,2046,1069,13,18,3,0.941681833745325,0.00320005601845486,237,0.944223107569721,14,0,11,4,0.785714285714286,15,1,0.0590551181102362,254,221,0,0,22.8,91,12.7,93,10.1,81,8.1,90,31.2,89,53.5,51,37.3,17,0.3,50,3,43,13,90,18,97,0,0,254,0.049922039216592516,0.08985730086391377,0.031867512224142594
2026,cbelfield,Conor Belfield,cascades,106,54,5,79,12,22.8484616571867,9.04133925402983,13.8071224031569,10.1905474849056,33.7922703394082,77,0.537735849056604,0.685185185185185,5.37307018796199,943,881,12,8,12,0.939627299111323,0.0114216519376279,135,0.950704225352113,7,1,8,5,0.8,10,0,0.0699300699300699,143,151,0,3,22.8,91,9.0,86,13.8,90,5.4,83,33.8,94,53.8,52,68.5,97,1.1,59,12,88,12,88,8,78,3,64,143,0.06322614862957923,0.15977945214815875,0.0375739173983356
2026,marmour,Matthew Armour,sol,111,163,7,21,122,22.6546047900334,14.6911064234786,7.96349836655481,6.18420502482289,29.2910264884394,89,0.585585585585586,0.638036809815951,9.80020342667832,1249,514,15,13,5,0.946804642854331,-0.00144945159750043,172,0.945054945054945,10,0,2,1,0.5,4,0,0.0218579234972678,183,150,0,4,22.7,91,14.7,96,8.0,74,9.8,93,29.3,85,58.6,70,63.8,93,-0.1,45,5,61,15,92,13,90,4,75,183,0.08027927007365354,0.12379565459034644,0.05355302418949901
2026,nwhitlock,Nicholas Whitlock,empire,93,163,8,16,139,22.5827036566351,8.67364943283212,13.909054223803,6.17725830392392,34.4723498368987,64,0.634408602150538,0.52760736196319,2.65397277934183,613,688,13,7,10,0.910562012226747,-0.0131261147908494,69,0.896103896103896,8,0,8,4,0.666666666666667,12,0,0.153846153846154,78,72,0,6,22.6,90,8.7,85,13.9,91,2.7,67,34.5,94,63.4,85,52.8,66,-1.3,34,10,83,13,90,7,75,6,89,78,0.11120063375425794,0.28952184175173207,0.03402529204284398
2026,nminfink,Nanda Min-Fink,apex,110,67,4,87,11,22.4579353317291,10.8659790540989,11.5919562776302,7.66990176759157,30.1298271178802,91,0.563636363636364,0.492537313432836,3.77817880006296,1219,1062,14,15,6,0.935182352597367,-0.00297896276685838,164,0.931818181818182,12,0,6,5,0.545454545454545,11,0,0.0621468926553672,177,163,0,1,22.5,90,10.9,91,11.6,85,3.8,74,30.1,87,56.4,60,49.3,56,-0.3,44,6,68,14,91,15,94,1,28,177,0.061389712170050285,0.12688099057474067,0.021345642938208814
2026,eforget,Enzo Forget,royal,204,102,9,165,11,22.4912288200183,10.5215131134526,11.9697157065657,6.46044856967222,18.0216313954252,162,0.519607843137255,0.470588235294118,9.43816289600141,1877,883,12,15,12,0.959455615900449,0.0014564362168149,293,0.960655737704918,12,1,7,6,0.538461538461538,14,1,0.0456026058631922,307,255,1,8,22.5,90,10.5,90,12.0,86,9.4,93,18.0,47,52.0,47,47.1,48,0.1,49,12,88,12,88,15,94,8,94,307,0.03427202968551336,0.07326133166129739,0.030743201615639773
2026,bjagt,Ben Jagt,empire,125,45,6,106,8,22.4781068656235,4.02433185662667,18.4537750089969,6.14864696465895,27.0205170009165,72,0.624,0.577777777777778,8.04453962025276,284,1461,8,10,21,0.957646812401093,0.0198812774865471,87,0.97752808988764,2,0,4,10,1.0,4,0,0.0449438202247191,89,110,3,1,22.5,90,4.0,69,18.5,96,8.0,90,27.0,80,62.4,81,57.8,81,2.0,71,21,98,8,76,10,84,1,28,89,0.04521721187220978,0.2525629984901517,0.09038808562081753
2026,jbrissett,Jakob Brissette,royal,164,88,7,132,17,22.3911509551229,17.5763273585138,4.81482359660907,6.431701901169,24.8526789139525,146,0.48780487804878,0.488636363636364,11.6561529089628,2129,498,12,11,2,0.955020922761406,0.00497907723859348,262,0.95970695970696,11,0,10,1,0.625,17,1,0.0618181818181818,275,202,0,2,22.4,90,17.6,98,4.8,59,11.7,96,24.9,73,48.8,40,48.9,55,0.5,53,2,30,12,88,11,86,2,48,275,0.0639139176673229,0.08142236710953782,0.04238601057804655
2026,jcowan,Jacob Cowan,empire,122,44,7,103,11,22.1435480610148,5.05433452423685,17.0892135367779,6.05713196338437,26.7594054643231,76,0.631147540983607,0.659090909090909,2.15640810261263,556,1309,12,5,15,0.9445213017666,-0.0207117779570758,96,0.923076923076923,8,0,1,9,0.25,4,0,0.0380952380952381,105,119,1,2,22.1,90,5.1,75,17.1,94,2.2,61,26.8,79,63.1,84,65.9,95,-2.1,29,15,93,12,88,5,64,2,48,105,0.04813651927844619,0.21089093391442668,0.02053722002488219
2026,sconnole,Sean Connole,hustle,158,65,8,134,7,21.7712653295172,11.6903099911333,10.0809553383839,5.45743972996069,20.7339413674577,89,0.575949367088608,0.415384615384615,2.29995827102802,1289,758,10,5,10,0.952685937613598,0.0277062192491473,149,0.980263157894737,3,0,6,1,0.857142857142857,7,0,0.0457516339869281,153,125,0,0,21.8,90,11.7,92,10.1,81,2.3,62,20.7,58,57.6,66,41.5,27,2.8,82,10,83,10,84,5,64,0,0,153,0.0764072548440085,0.1422958518269098,0.01503240700018314
2026,ndemorgan,Nathan De Morgan,windchill,106,46,5,82,7,21.6647033560793,4.29547553563395,17.3692278204454,6.21447208977115,30.0124023847949,74,0.584905660377358,0.652173913043478,2.50147722444272,578,1229,14,5,17,0.910261422799051,0.00893049639286858,91,0.919191919191919,8,1,4,5,0.4,10,0,0.101010101010101,99,115,0,1,21.7,89,4.3,70,17.4,95,2.5,64,30.0,87,58.5,69,65.2,95,0.9,57,17,95,14,91,5,64,1,28,99,0.043388641774080305,0.21883538743514444,0.025267446711542626
2026,lgordon,Leo Gordon,spiders,151,49,7,124,4,21.472902316985,10.9940180477934,10.4788842691915,5.92028469528432,21.1209347461366,123,0.615894039735099,0.673469387755102,10.0482767028471,1714,840,16,13,7,0.919246907059344,0.0216813629828506,222,0.940677966101695,14,1,5,3,0.833333333333333,6,0,0.0253164556962025,237,192,0,2,21.5,89,11.0,91,10.5,83,10.0,94,21.1,60,61.6,79,67.3,96,2.2,73,7,74,16,94,13,90,2,48,237,0.04638826180503544,0.0906029633628059,0.042397791995135437
2026,pjanas,Pawel Janas,union,91,31,4,77,1,21.3105366760552,17.0156608066851,4.29487586937009,11.6469959356239,48.3372175827216,83,0.516483516483517,0.419354838709677,2.85500673609385,1643,343,17,8,3,0.950747929930154,0.0352985816977528,211,0.985981308411215,3,1,8,0,0.8,10,0,0.0465116279069767,215,194,0,0,21.3,89,17.0,97,4.3,56,2.9,68,48.3,99,51.6,47,41.9,29,3.5,88,3,43,17,94,8,78,0,0,215,0.07914260840318652,0.09911877523746605,0.013279101098110929
2026,jfelton,Jake Felton,alleycats,143,56,6,121,0,21.186368464736,10.1463593049804,11.0400091597556,11.4930143089404,26.7999936317848,93,0.517482517482518,0.428571428571429,2.55284387797516,1486,969,19,6,13,0.895084061640887,0.00632438906333832,125,0.899280575539568,14,0,13,7,0.684210526315789,20,1,0.140845070422535,142,140,2,0,21.2,89,10.1,89,11.0,84,2.6,65,26.8,79,51.7,47,42.9,32,0.6,54,13,90,19,96,6,69,0,0,142,0.0714532345421155,0.14919977792067604,0.017977773788557465
2026,sdillon,Spencer Dillon,rush,188,92,8,142,6,21.1867159051996,13.4132466549999,7.77346925019977,7.36580344211373,19.459414698021,124,0.48936170212766,0.58695652173913,7.49186052233323,1790,579,10,18,12,0.939342624636071,-0.0081256934191396,175,0.930851063829787,13,0,10,1,0.666666666666667,15,0,0.0793650793650794,189,164,4,6,21.2,89,13.4,94,7.8,74,7.5,89,19.5,53,48.9,41,58.7,84,-0.8,40,12,88,10,84,18,97,6,89,189,0.07096955902116349,0.11209902595343703,0.03963947366313878
2026,zraunig,Zeppelin Raunig,cascades,114,45,6,97,5,21.0027490530525,5.62787284162222,15.3748762114303,9.36734887231971,28.1463043008494,57,0.570175438596491,0.533333333333333,5.00356776941682,397,1195,5,10,14,0.946412097547989,0.0366387499096386,58,0.983050847457627,1,0,1,10,1.0,1,0,0.0169491525423729,59,72,1,1,21.0,89,5.6,77,15.4,93,5.0,81,28.1,84,57.0,63,53.3,67,3.7,89,14,91,5,61,10,84,1,28,59,0.09538767528173255,0.3559787975093644,0.08480623337994611
2026,pboerth,Peter Boerth,glory,103,45,7,89,11,20.7592871483553,9.12941456285943,11.6298725854959,5.89125169107041,30.6065574971872,76,0.601941747572815,0.422222222222222,5.16092474697762,531,1004,14,8,13,0.955208082209384,0.0215361038371273,126,0.976744186046512,3,0,2,7,1.0,2,0,0.0153846153846154,130,140,1,3,20.8,88,9.1,87,11.6,86,5.2,82,30.6,88,60.2,76,42.2,30,2.2,73,13,90,14,91,8,78,3,64,130,0.07022626586814947,0.15968682421811767,0.03969942113059707
2026,slofink,Spencer Lofink,cascades,128,56,6,105,7,20.8366917412204,11.029213500705,9.80747824051541,9.29328634037203,25.71386333648,117,0.5390625,0.517857142857143,11.295268658938,1441,742,21,14,6,0.91552633638969,0.014225729726012,223,0.929166666666667,17,0,7,3,0.7,10,0,0.0413223140495868,242,178,0,1,20.8,88,11.0,91,9.8,80,11.3,95,25.7,76,53.9,53,51.8,63,1.4,63,6,68,21,97,14,92,1,28,242,0.045575262399607436,0.08610203198851404,0.04667466387990909
2026,jwylie,Joey Wylie,sol,138,90,6,96,44,20.8473485764008,8.49806132630609,12.3492872500947,5.6908641318312,23.8049423146559,83,0.594202898550725,0.566666666666667,7.14997848624179,870,809,9,9,12,0.944991975785754,0.00428338653308702,131,0.949275362318841,7,0,5,7,0.833333333333333,6,0,0.0434782608695652,138,146,1,5,20.8,89,8.5,85,12.3,88,7.1,88,23.8,70,59.4,73,56.7,78,0.4,52,12,88,9,80,9,82,5,82,138,0.06158015453844992,0.15106774330725217,0.051811438306099925
2026,agordon,Archer Gordon,steel,221,129,9,166,12,20.8133568244867,0.849133324496417,19.9642234999903,8.64750710302621,18.3096745569125,109,0.393665158371041,0.457364341085271,3.13508139527841,498,1956,7,11,15,0.955211085519996,-0.0345761648850758,113,0.91869918699187,10,0,2,10,0.333333333333333,6,0,0.0476190476190476,126,138,5,4,20.8,88,0.8,43,20.0,97,3.1,71,18.3,49,39.4,19,45.7,43,-3.5,23,15,93,7,72,11,86,4,75,126,0.006739153369019183,0.1651853716229103,0.024881598375225477
2026,kquinlan,Kevin Quinlan,royal,186,96,9,154,22,20.5814579014134,6.76815625173335,13.81330164968,5.9118801967196,18.8725426999499,134,0.521505376344086,0.40625,5.18741543037803,1206,1238,15,15,8,0.951534215629363,-0.0292041185419841,188,0.92156862745098,16,0,6,7,0.461538461538462,14,1,0.0679611650485437,206,185,1,1,20.6,88,6.8,82,13.8,90,5.2,82,18.9,51,52.2,48,40.6,25,-2.9,24,8,77,15,92,15,94,1,28,206,0.032855127435598784,0.09990998981268641,0.02518162830280597
2026,wwettenge,William Wettengel,alleycats,111,87,5,77,42,20.5895679641887,5.23260022282983,15.3569677413589,11.1692666735781,35.561880315727,77,0.504504504504504,0.436781609195402,4.1711219267584,639,1263,11,7,11,0.924620457591644,0.0139760336364259,106,0.938053097345133,7,1,5,8,0.625,8,0,0.0701754385964912,114,117,1,8,20.6,88,5.2,76,15.4,93,4.2,77,35.6,95,50.5,45,43.7,36,1.4,63,11,85,11,86,7,75,8,94,114,0.04590000195464763,0.18061024529990088,0.03658878883121404
2026,bmorrison,Brayden Morrison,flyers,119,159,8,26,114,20.6396878319856,14.1238557353576,6.51583209662801,4.73762469159116,27.8761212297591,86,0.563025210084034,0.616352201257862,7.59353835972743,1023,273,14,13,7,0.938570299660846,-0.00706345034577782,135,0.931034482758621,10,0,6,2,0.545454545454545,11,0,0.0753424657534247,146,111,0,7,20.6,88,14.1,95,6.5,68,7.6,89,27.9,83,56.3,60,61.6,90,-0.7,41,7,74,14,91,13,90,7,92,146,0.09673873791340822,0.1413677248766137,0.052010536710461845
2026,qbuermeye,Quinn Buermeyer,steel,229,131,9,173,11,20.514937390388,0.547401502004656,19.9675358883833,8.52352017492945,18.3970480026567,113,0.384279475982533,0.435114503816794,7.32305485944454,211,1764,5,12,20,0.981004226701912,-0.0175005770668756,130,0.962962962962963,5,0,0,14,0.0,0,0,0.0,137,138,3,4,20.5,88,0.5,38,20.0,97,7.3,88,18.4,49,38.4,17,43.5,35,-1.8,31,20,97,5,61,12,89,4,75,137,0.003995631401493839,0.1497440685429781,0.053452955178427304
2026,fmoren,Felix Moren,steel,109,57,4,85,7,20.4177044567448,10.8052442505843,9.61246020616045,8.48312195894641,31.4586020934493,87,0.477064220183486,0.456140350877193,2.60055522973551,1329,767,17,7,4,0.926851097189435,-0.012740667741582,147,0.91304347826087,14,0,8,5,0.533333333333333,15,0,0.0920245398773006,163,142,0,5,20.4,87,10.8,91,9.6,80,2.6,66,31.5,89,47.7,38,45.6,43,-1.3,35,4,53,17,94,7,75,5,82,163,0.06628984202812455,0.12526199053217668,0.01595432656279454
2026,jrandolph,John Randolph,empire,97,148,7,16,125,20.3733823332091,12.6393918018401,7.73399053136893,5.57292196321478,28.2158858444063,72,0.690721649484536,0.601351351351351,8.86639760849266,901,351,13,13,10,0.945717793467004,0.0108039456634312,131,0.956204379562044,6,0,6,1,0.666666666666667,9,0,0.0652173913043478,138,127,1,12,20.4,87,12.6,93,7.7,74,8.9,92,28.2,84,69.1,95,60.1,87,1.1,59,10,83,13,90,13,90,12,99,138,0.09158979566550797,0.14763320531310942,0.0642492580325555
2026,sruelle,Simon Ruelle,royal,144,159,10,87,98,20.1712111116303,2.77513581591884,17.3960752957114,5.79403966841961,22.2966825456602,70,0.541666666666667,0.446540880503145,9.8972913331982,505,1256,9,11,16,0.950925726581002,-0.039814615469891,80,0.909090909090909,8,1,2,6,1.0,2,0,0.0222222222222222,90,103,0,4,20.2,87,2.8,63,17.4,95,9.9,93,22.3,63,54.2,54,44.7,40,-4.0,21,16,94,9,80,11,86,4,75,90,0.030834842399098224,0.22412456790700333,0.10996990370220223
2026,whoffenka,Will Hoffenkamp,thunderbirds,147,94,6,130,23,20.2461184301167,14.4858575584779,5.76026087163888,10.8293990001267,27.8463479205282,114,0.421768707482993,0.287234042553192,2.15586838001041,1612,499,16,14,9,0.951773279177963,0.0110519996324457,254,0.962121212121212,10,0,5,5,0.454545454545455,11,0,0.0408921933085502,269,240,1,4,20.2,87,14.5,96,5.8,65,2.2,61,27.8,83,42.2,25,28.7,5,1.1,59,9,81,16,94,14,92,4,75,269,0.053850771592854646,0.07526438078110297,0.008014380594834239
2026,jklane,Josh Klane,windchill,149,62,8,120,10,20.0550639513216,13.3128527340635,6.7422112172581,5.75275059785625,19.8209676542716,122,0.61744966442953,0.661290322580645,11.5876289579355,1492,541,15,8,6,0.953725239445441,0.0108416896884176,243,0.964285714285714,9,1,6,2,0.545454545454545,11,0,0.0433070866141732,254,209,0,3,20.1,87,13.3,94,6.7,69,11.6,96,19.8,55,61.7,79,66.1,95,1.1,59,6,68,15,92,8,78,3,64,254,0.05241280603962008,0.07895694469024252,0.04562058644856496
2026,adub,Antoine Dubé,royal,117,164,10,51,115,20.0240819188603,6.03329388460355,13.9907880342568,5.75177783423554,26.8450607135178,70,0.52991452991453,0.463414634146341,0.800405695096836,573,965,7,4,12,0.957215329008681,-0.00876172076125792,91,0.947916666666667,5,0,2,3,0.666666666666667,3,0,0.0309278350515464,97,105,0,9,20.0,87,6.0,79,14.0,91,0.8,43,26.8,79,53.0,50,46.3,46,-0.9,40,12,88,7,72,4,56,9,97,97,0.06219890602684072,0.20643383421505465,0.008251605104091092
2026,mhenke,Mark Henke,sol,159,117,7,93,67,19.8900508634955,4.97872444323066,14.9113264202648,5.42954307232611,18.6994012127569,89,0.578616352201258,0.641025641025641,5.83571086941583,412,1161,11,10,14,0.95940367321886,-0.0115775862623383,109,0.947826086956522,6,0,1,5,1.0,1,0,0.00869565217391304,115,123,3,8,19.9,86,5.0,75,14.9,92,5.8,85,18.7,50,57.9,66,64.1,94,-1.2,37,14,91,11,86,10,84,8,94,115,0.0432932560280927,0.17295696403039565,0.05074531190796374
2026,imccosky,Ian McCosky,radicals,107,46,6,84,5,19.7857426686546,13.5577440791681,6.22799858948651,9.3093642770942,30.2018272864952,85,0.588785046728972,0.565217391304348,3.29798889790522,1361,607,12,14,4,0.943531651889293,0.0315927262201595,195,0.975,5,0,5,2,1.0,5,0,0.0248756218905473,201,180,2,1,19.8,86,13.6,95,6.2,67,3.3,72,30.2,87,58.9,71,56.5,77,3.2,85,4,53,12,88,14,92,1,28,201,0.0674514630804383,0.09843653068982387,0.016407904964702586
2026,smadiraju,Suraj Madiraju,flyers,123,233,9,1,192,19.7122281083694,12.504924364759,7.20730374361042,4.52473600243904,23.018009725212,61,0.626016260162602,0.570815450643777,5.09468324901832,359,378,13,7,6,0.953058518020441,0.0342832541314579,77,0.987179487179487,1,0,1,1,1.0,1,0,0.0126582278481013,79,67,0,8,19.7,86,12.5,93,7.2,71,5.1,81,23.0,66,62.6,83,57.1,79,3.4,88,6,68,13,90,7,75,8,94,79,0.1582901818323924,0.24952187478948606,0.06448966137997873
2026,ldecraene,Lander Decraene,glory,94,181,10,14,155,19.6447762403989,7.61436834602922,12.0304078943696,5.57496605831759,31.8104717579337,65,0.595744680851064,0.558011049723757,5.91054933388311,566,872,16,8,9,0.941866126638324,-0.0441388539110513,78,0.896551724137931,9,0,3,3,0.5,7,1,0.0795454545454545,88,88,1,15,19.6,86,7.6,83,12.0,87,5.9,85,31.8,90,59.6,73,55.8,75,-4.4,18,9,81,16,94,8,78,15,100,88,0.08652691302305932,0.2232360936408966,0.0671653333395808
2026,mtucker,Matt Tucker,flyers,100,178,8,2,149,19.2100580995173,6.7351669747216,12.4748911247958,4.40946812374432,26.1990361512943,44,0.66,0.617977528089888,0.554689505605245,288,690,8,2,13,0.959586202873974,0.0181915749038037,44,0.977777777777778,1,0,1,4,1.0,1,0,0.0222222222222222,45,47,0,11,19.2,86,6.7,81,12.5,88,0.6,38,26.2,78,66.0,89,61.8,90,1.8,69,13,90,8,76,2,35,11,99,45,0.14967037721603554,0.42689017998927337,0.012326433457894333
2026,scarapell,Simon Carapella,glory,140,49,7,118,0,19.1752470589737,4.96905489189251,14.2061921670812,5.44171896922875,21.5710181677909,97,0.585714285714286,0.510204081632653,8.75421944049146,607,1330,12,17,6,0.945553915906492,0.0117631572642396,153,0.95625,7,0,6,2,0.666666666666667,10,1,0.0609756097560976,164,168,0,2,19.2,86,5.0,74,14.2,91,8.8,92,21.6,61,58.6,70,51.0,62,1.2,60,6,68,12,88,17,96,2,48,164,0.030299115194466524,0.11692223816447378,0.053379386832264994
2026,bwilliams1,Brycen Williams,bighorns,170,113,8,123,6,19.1121725233627,7.94363485723311,11.1685376661296,19.5044775617812,26.1570988894772,80,0.294117647058824,0.398230088495575,-1.85904459133436,855,1011,8,8,10,0.933645643985324,0.0025245687806339,88,0.936170212765957,6,0,5,4,0.833333333333333,6,0,0.0638297872340425,94,98,5,6,19.1,86,7.9,84,11.2,84,-1.9,3,26.2,78,29.4,6,39.8,23,0.3,50,10,83,8,76,8,78,6,89,94,0.08450675380035223,0.20332098429109252,-0.019777070120578298
2026,srueschem,Solomon Rueschemeyer-Bailey,empire,91,20,5,82,0,18.9528332612737,13.7983551511245,5.15447811014914,5.18434587931588,25.9885245047759,86,0.747252747252747,0.6,11.2620056131357,1334,440,10,16,2,0.963744782875256,0.0178503091492836,160,0.98159509202454,3,0,1,0,1.0,1,0,0.00613496932515337,163,130,0,1,19.0,85,13.8,95,5.2,61,11.3,95,26.0,77,74.7,98,60.0,86,1.8,68,2,30,10,84,16,95,1,28,163,0.08465248558972086,0.11627505068266074,0.06909205897629264
2026,jbernat,Julien Bernat,royal,120,133,9,70,78,18.9495865343675,10.2173030225032,8.73228351186427,5.44313653120065,26.6673588022144,73,0.5,0.451127819548872,2.36877098540334,968,902,12,9,4,0.924778604451971,0.00182690013518516,100,0.925925925925926,8,1,6,2,0.545454545454545,11,0,0.100917431192661,109,106,2,5,18.9,85,10.2,89,8.7,77,2.4,63,26.7,79,50.0,42,45.1,42,0.2,49,4,53,12,88,9,82,5,82,109,0.09373672497709358,0.17384941774649085,0.021731843902782936
2026,mgibson,Max Gibson,growlers,114,142,7,53,113,18.8236727787634,12.1656242479868,6.65804853077661,6.5931372618518,29.9089077436011,78,0.464912280701754,0.422535211267606,-1.71120737924417,1099,729,18,3,5,0.924907046594335,-0.0149971366844246,98,0.907407407407407,10,0,8,4,0.888888888888889,9,0,0.0810810810810811,111,108,3,11,18.8,85,12.2,92,6.7,69,-1.7,4,29.9,86,46.5,35,42.3,31,-1.5,32,5,61,18,95,3,46,11,99,111,0.10960021845033154,0.1695826376465171,-0.015416282695893423
2026,gcousins,Greg Cousins,windchill,105,40,6,87,2,18.7135905886097,5.63250636259986,13.0810842260098,5.3679519401167,27.0701622015107,64,0.6,0.625,1.33838141149929,437,997,3,7,13,0.970958586197715,0.0290414138022854,85,1.0,0,0,2,10,1.0,2,0,0.0235294117647059,85,96,1,1,18.7,85,5.6,77,13.1,89,1.3,52,27.1,80,60.0,74,62.5,92,2.9,84,13,90,3,49,7,75,1,28,85,0.06626478073646894,0.2201598892777612,0.01574566366469753
2026,sgudeman,Seth Gudeman,alleycats,121,87,6,86,39,18.5653223240386,1.52705376983885,17.0382685541997,10.0711698409011,26.0709712588235,63,0.545454545454545,0.471264367816092,3.38345532180609,192,1132,3,6,18,0.947135351183216,0.00874700175796073,65,0.955882352941177,3,0,3,8,0.75,4,0,0.0588235294117647,68,78,0,2,18.6,85,1.5,52,17.0,94,3.4,73,26.1,77,54.5,54,47.1,49,0.9,56,18,96,3,49,6,69,2,48,68,0.02245667308586544,0.2730194459417441,0.04975669590891309
2026,rduncan,Reid Duncan,thunderbirds,141,88,5,120,26,18.4787366096481,0.827463154053904,17.6512734555942,9.88404826608403,24.6254562406694,63,0.482269503546099,0.329545454545455,2.01562754668185,180,1398,7,10,22,0.940462187838488,-0.0118907592670594,52,0.928571428571429,4,0,2,12,0.5,4,0,0.0714285714285714,56,78,5,0,18.5,85,0.8,42,17.7,95,2.0,59,24.6,72,48.2,39,33.0,9,-1.2,36,22,98,7,72,10,84,0,0,56,0.014776127750962572,0.3299774394580018,0.03599334904789018
2026,elong,Elijah Long,flyers,132,75,7,89,30,18.4455216254672,11.2757281739464,7.16979345152085,4.23397676425444,22.3186049837446,105,0.613636363636364,0.6,5.8745201583902,1382,363,10,8,9,0.954009482028241,0.0115077593510697,196,0.96551724137931,7,1,2,1,0.4,5,0,0.0246305418719212,203,175,2,3,18.4,85,11.3,91,7.2,71,5.9,85,22.3,63,61.4,79,60.0,86,1.2,60,9,81,10,84,8,78,3,64,203,0.055545458984957635,0.09086463854909951,0.028938522947734975
2026,cwhite1,Colin  White,phoenix,148,67,7,129,0,18.3300857214586,8.56517208517849,9.76491363628007,8.83672409112739,19.9392002223662,77,0.513513513513513,0.328358208955224,5.3584734770844,731,1089,13,8,9,0.921148489451405,0.0358407578604233,88,0.956521739130435,4,0,9,5,1.0,10,1,0.10752688172043,93,100,3,0,18.3,84,8.6,85,9.8,80,5.4,82,19.9,56,51.4,46,32.8,8,3.6,89,9,81,13,90,8,78,0,0,93,0.09209862457181173,0.1970976959296624,0.05761799437725161
2026,zthoreson,Zeke Thoreson,flyers,69,32,3,55,14,18.294099674566,7.7364993651959,10.5576003093701,4.19921943753137,35.8824400127434,51,0.72463768115942,0.53125,8.80132199649922,449,933,11,10,5,0.954628865986179,0.0183441069867945,72,0.972972972972973,2,0,1,5,0.5,2,0,0.027027027027027,74,77,0,2,18.3,84,7.7,84,10.6,83,8.8,92,35.9,95,72.5,97,53.1,67,1.8,69,5,61,11,86,10,84,2,48,74,0.10454728871886351,0.2472175631698108,0.11893678373647595
2026,plebourda,Philippe Le Bourdais,royal,155,89,8,121,24,18.2238792319467,0.90795489729136,17.3159243346554,5.23468217143922,20.1829655161923,61,0.535483870967742,0.449438202247191,4.00144766264459,176,1137,2,9,21,0.968150948432901,-0.0198750863639353,54,0.947368421052632,3,0,1,5,1.0,1,0,0.0172413793103448,58,79,1,0,18.2,84,0.9,44,17.3,95,4.0,76,20.2,57,53.5,51,44.9,41,-2.0,30,21,98,2,38,9,82,0,0,58,0.015654394780885518,0.3142048143439086,0.06899047694214809
2026,wstpierre,William St-Pierre,royal,145,158,10,84,89,18.2020593822135,6.32581827087257,11.8762411113409,5.22841457182837,22.2226361974549,66,0.482758620689655,0.430379746835443,7.4467593549335,427,839,8,12,8,0.970018073399386,-0.00450083202007601,84,0.96551724137931,3,0,1,4,1.0,1,0,0.0114942528735632,87,93,0,0,18.2,84,6.3,80,11.9,86,7.4,88,22.2,63,48.3,39,43.0,33,-0.5,43,8,77,8,76,12,89,0,0,87,0.07271055483761574,0.20921907335877585,0.08559493511417815
2026,mmiller1,Matt Miller,growlers,122,50,6,101,6,18.0947684348814,10.737694149719,7.3570742851624,6.33783286687764,24.0114790548254,103,0.565573770491803,0.46,13.6149362343726,1373,507,10,12,7,0.934594191031114,0.0199512635143404,188,0.954314720812183,9,0,9,2,0.529411764705882,17,0,0.0858585858585859,198,154,0,2,18.1,84,10.7,90,7.4,72,13.6,98,24.0,70,56.6,61,46.0,44,2.0,71,7,74,10,84,12,89,2,48,198,0.05423077853393434,0.09138771936808787,0.06876230421400303
2026,spalchuru,Saaketh Palchuru,sol,177,60,8,147,4,18.1356683874471,8.63740742123338,9.49826096621372,4.95063553788027,16.1184040274102,132,0.570621468926554,0.55,10.5322877450643,1614,569,8,18,11,0.952979632574502,0.0132650931638947,228,0.966101694915254,8,0,5,3,0.833333333333333,6,0,0.0253164556962025,237,195,2,2,18.1,84,8.6,85,9.5,79,10.5,94,16.1,41,57.1,63,55.0,73,1.3,62,11,85,8,76,18,97,2,48,237,0.036444757051617635,0.0765218075419709,0.0444400326795962
2026,qfiner,Quinn Finer,apex,84,44,3,71,0,18.0101464520441,10.537092674458,7.47305377758613,6.15087950279892,31.1092595656787,62,0.595238095238095,0.5,2.02231537324286,1037,675,13,8,4,0.930277246665511,0.0330255056280665,105,0.963302752293578,4,0,6,4,0.666666666666667,9,0,0.0825688073394495,109,105,0,0,18.0,84,10.5,90,7.5,72,2.0,59,31.1,89,59.5,73,50.0,57,3.3,87,4,53,13,90,8,78,0,0,109,0.09667057499502753,0.1652307013949,0.018553352048099634
2026,aagami,Axel Agami,empire,76,139,7,6,117,17.9122748223116,6.91628456871165,10.9959902535999,4.89971218994327,30.9529562097728,46,0.657894736842105,0.553956834532374,4.52436886818659,318,458,7,2,12,0.96950140868928,0.0304985913107199,55,1.0,0,0,1,3,1.0,1,0,0.0175438596491228,57,59,0,3,17.9,83,6.9,82,11.0,84,4.5,79,31.0,89,65.8,88,55.4,74,3.0,85,12,88,7,72,2,35,3,64,57,0.12133832576687106,0.3142504354791508,0.07937489242432615
2026,jwilliams,Jack Williams,empire,100,30,5,90,0,17.6453549415172,9.97150719183813,7.67384774967907,4.82669909659583,25.7723709870481,74,0.65,0.466666666666667,11.7866867446806,1107,613,8,15,4,0.955527310140657,0.0126255561013811,152,0.968152866242038,5,0,3,0,0.5,6,0,0.0382165605095541,157,145,0,1,17.6,83,10.0,89,7.7,73,11.8,96,25.8,76,65.0,87,46.7,47,1.3,61,4,53,8,76,15,94,1,28,157,0.06351278466138936,0.11239079580584205,0.07507443786420764
2026,wcoffin,William Coffin,flyers,100,149,8,23,120,17.4279595905117,8.69831338013256,8.72964621037914,4.00040603095293,26.6333282051245,57,0.58,0.577181208053691,3.96354008078529,779,515,8,4,6,0.917627662206056,0.00237233779394397,67,0.917808219178082,6,0,7,0,0.777777777777778,10,1,0.133333333333333,75,72,0,9,17.4,83,8.7,86,8.7,77,4.0,75,26.6,78,58.0,67,57.7,81,0.2,50,6,68,8,76,4,56,9,97,75,0.1159775117351008,0.23237279454015602,0.0528472010771372
2026,lmcclamro,Lukas McClamrock,hustle,69,138,7,12,115,17.3787330421769,10.8096664959728,6.5690665462041,4.35635626709164,35.8395376123724,51,0.623188405797101,0.492753623188406,8.08659357087224,692,370,9,11,8,0.944418596181972,0.0338422733832454,90,0.978260869565217,2,0,4,2,0.8,5,0,0.0543478260869565,92,83,0,4,17.4,83,10.8,91,6.6,69,8.1,90,35.8,95,62.3,81,49.3,56,3.4,87,8,77,9,80,11,86,4,75,92,0.1174963749562261,0.18889927219757502,0.08789775620513306
2026,nhanson,Noah Hanson,windchill,77,151,8,11,126,17.3510411329959,9.64095927333591,7.71008185965998,4.97710765189022,32.2489484406839,55,0.623376623376623,0.549668874172185,4.49087439356803,473,457,13,6,5,0.941266468556382,0.00935081539423488,76,0.95,4,0,3,1,0.75,4,0,0.0493827160493827,81,83,0,3,17.4,83,9.6,88,7.7,73,4.5,78,32.2,91,62.3,81,55.0,73,0.9,57,5,61,13,90,6,69,3,64,81,0.1190241885597026,0.21421038435797407,0.05544289374775346
2026,tbrooks1,Tobias Brooks,flyers,98,28,4,87,0,17.3367582113454,12.9537100306303,4.38304818071511,3.9794717072673,27.1060177532029,78,0.663265306122449,0.392857142857143,7.17112921908583,1292,537,17,11,4,0.94479742167387,0.00729838670936389,158,0.951807228915663,8,0,6,5,0.545454545454545,11,0,0.0658682634730539,167,158,1,0,17.3,83,13.0,94,4.4,56,7.2,88,27.1,80,66.3,90,39.3,22,0.7,55,4,53,17,94,11,86,0,0,167,0.07756712593191796,0.10381292342122994,0.04294089352746006
2026,mmunoz,Marc Munoz,cascades,89,38,5,71,5,17.1911029603955,9.07368498218523,8.11741797821025,7.66733242982723,28.9814793504416,71,0.573033707865168,0.526315789473684,4.67588330898331,697,517,12,10,6,0.937702924633541,0.0268360824586571,136,0.964539007092199,5,0,4,2,0.666666666666667,6,0,0.0425531914893617,141,119,0,3,17.2,83,9.1,86,8.1,75,4.7,79,29.0,85,57.3,65,52.6,66,2.7,80,6,68,12,88,10,84,3,64,141,0.06435237576017894,0.12192271603117376,0.03316229297151284
2026,amcnichol,Adam McNichols,steel,200,107,8,151,6,17.1846396228337,10.7608043489835,6.42383527385019,7.13985228113556,16.8159125465945,140,0.4,0.467289719626168,-0.263661728832248,1567,735,17,13,3,0.929381613585726,-0.0127149469190589,203,0.914414414414414,19,2,12,2,0.571428571428571,21,0,0.0921052631578947,228,208,2,2,17.2,82,10.8,90,6.4,67,-0.3,16,16.8,44,40.0,19,46.7,47,-1.3,35,3,43,17,94,13,90,2,48,228,0.04719651030255921,0.07537122641593728,-0.0011564110913695087
2026,smadiraju1,Suhas Madiraju,flyers,106,187,9,0,153,17.0893226352344,6.06360654184578,11.0257160933886,3.92267545605921,22.1217767962544,65,0.660377358490566,0.60427807486631,5.49669568273887,443,359,4,11,12,0.962024699555816,0.0249882874571707,75,0.986842105263158,1,0,2,1,1.0,2,0,0.025974025974026,77,80,1,4,17.1,82,6.1,79,11.0,84,5.5,84,22.1,62,66.0,90,60.4,88,2.5,78,12,88,4,56,11,86,4,75,77,0.07874813690708805,0.22193925500304415,0.07138565821738792
2026,cguay,Charles Guay,royal,121,179,10,51,126,16.9995841982016,5.60393579486221,11.3956484033394,4.88301196422602,21.4252613207774,85,0.553719008264463,0.452513966480447,0.312310770613336,578,481,8,6,17,0.967888986010029,-0.0113672468795943,108,0.955752212389381,5,0,0,0,0.0,1,0,0.00869565217391304,115,94,1,8,17.0,82,5.6,77,11.4,85,0.3,32,21.4,60,55.4,58,45.3,42,-1.1,37,17,95,8,76,6,69,8,94,115,0.04872987647706269,0.14782247128870957,0.002715745831420313
2026,lyorgason,Luke Yorgason,shred,110,177,9,15,134,16.8849073328392,8.70383662155384,8.18107071128539,4.62332110895225,25.8928249322034,76,0.545454545454545,0.581920903954802,4.6507337523872,829,463,9,14,7,0.961177846616855,0.0088820336226656,161,0.969879518072289,5,0,3,1,0.75,4,0,0.0239520958083832,167,151,0,4,16.9,82,8.7,86,8.2,76,4.7,79,25.9,77,54.5,54,58.2,83,0.9,56,7,74,9,80,14,92,4,75,167,0.052118782164993056,0.1011072295379593,0.02784870510411497
2026,cbrock,Cameron Brock,alleycats,141,57,6,119,1,16.8149292476265,4.18256787291662,12.6323613747099,9.12163039024162,21.1358113704811,74,0.524822695035461,0.43859649122807,6.5788168460388,235,1236,6,10,12,0.963796106963944,0.0167864173079008,100,0.980392156862745,2,0,1,6,1.0,1,0,0.00970873786407767,103,110,2,3,16.8,82,4.2,70,12.6,88,6.6,87,21.1,60,52.5,48,43.9,37,1.7,66,12,88,6,68,10,84,3,64,103,0.04060745507686039,0.16325174026821845,0.06387200821396893
2026,esarles,Ethan Sarles,phoenix,153,94,7,123,26,16.7032891256755,4.45209848739073,12.2511906382848,8.05246411069035,19.6690926353842,103,0.450980392156863,0.404255319148936,4.25649850716258,1071,1155,9,12,7,0.939354469960215,-0.0112107573853647,151,0.926380368098159,12,0,7,5,0.583333333333333,12,0,0.0718562874251497,167,142,1,1,16.7,82,4.5,71,12.3,87,4.3,77,19.7,55,45.1,32,40.4,25,-1.1,38,7,74,9,80,12,89,1,28,167,0.026659272379585208,0.10001969536332635,0.02548801501294958
2026,jwodatch1,Jeff Wodatch,breeze,152,72,8,127,11,16.3378874359857,5.96962947435495,10.3682579616308,4.45407063690122,16.5854260978443,80,0.552631578947368,0.5,7.911315805642,692,905,9,12,7,0.931039765890028,0.0230886744769444,103,0.953703703703704,5,0,5,2,0.833333333333333,6,0,0.055045871559633,109,114,1,3,16.3,82,6.0,79,10.4,82,7.9,90,16.6,42,55.3,57,50.0,57,2.3,75,7,74,9,80,12,89,3,64,109,0.05476724288399037,0.14988887555950184,0.07258087895084404
2026,wvandenbr,Wiebe van den Brink,breeze,88,176,8,6,151,16.2113355302663,7.08296523699667,9.12837029326958,4.41956977933823,26.9160363790709,54,0.625,0.517045454545455,3.08437466123662,446,573,9,4,7,0.93048801569763,0.0106884548906057,63,0.940298507462687,4,0,4,1,1.0,4,0,0.0588235294117647,68,67,1,5,16.2,81,7.1,83,9.1,78,3.1,70,26.9,79,62.5,82,51.7,63,1.1,59,7,74,9,80,4,56,5,82,68,0.10416125348524514,0.2384019930921515,0.04535845090053853
2026,grichman,Grady Richman,hustle,98,79,7,61,42,16.0953356110626,4.10804254266344,11.9872930683991,4.03464487255928,24.8069826762693,58,0.561224489795918,0.518987341772152,0.0977658303029021,261,996,10,3,8,0.947458842058699,-0.00225336260664466,69,0.945205479452055,4,0,2,7,0.5,4,0,0.0547945205479452,73,75,1,0,16.1,81,4.1,69,12.0,86,0.1,25,24.8,73,56.1,59,51.9,64,-0.2,45,8,77,10,84,3,46,0,0,73,0.05627455537895123,0.22048404946661093,0.0013392579493548234
2026,lsovellfe,Leo Sovell-Fernandez,windchill,124,55,7,98,8,15.7669080855,5.86149001938993,9.90541806611006,4.52270260196439,18.2156462267535,93,0.620967741935484,0.563636363636364,10.0381141777177,727,718,2,9,6,0.97592487562148,0.0129019400209784,177,0.988826815642458,2,0,0,2,0.0,0,0,0.0,179,159,1,1,15.8,81,5.9,78,9.9,81,10.0,94,18.2,48,62.1,81,56.4,77,1.3,61,6,68,2,38,9,82,1,28,179,0.03274575429826777,0.08808328539385475,0.05607885015484749
2026,agould,Austin Gould,apex,133,158,9,67,87,15.6522412046211,8.71878882255425,6.93345238206689,5.34560059546001,21.6113151556763,92,0.428571428571429,0.474683544303797,3.98257989234822,1144,523,10,8,6,0.942311924831254,-0.0181739937967715,130,0.921985815602837,11,0,7,5,0.7,10,0,0.0689655172413793,145,115,2,3,15.7,81,8.7,86,6.9,70,4.0,76,21.6,61,42.9,26,47.5,50,-1.8,31,6,68,10,84,8,78,3,64,145,0.06012957808658104,0.10794649106635242,0.027466068223091174
2026,ojohnson,Owen Johnson,sol,66,100,5,13,76,15.7101945362969,3.10348828733399,12.6067062489629,4.2885349310995,31.4871561566003,40,0.636363636363636,0.62,6.17698396081179,220,680,2,7,12,0.963784094072672,0.0186720462782052,56,0.982456140350877,1,0,0,4,0.0,0,0,0.0,57,64,0,5,15.7,81,3.1,65,12.6,88,6.2,86,31.5,89,63.6,85,62.0,91,1.9,69,12,88,2,38,7,75,5,82,57,0.05444716293568404,0.27561744800520876,0.10836813966336474
2026,rbrowning,Reed Browning,shred,109,209,9,4,164,15.589342437192,6.80713616831479,8.78220626887724,4.26857752570417,23.6279422910203,63,0.532110091743119,0.564593301435407,3.26482050014318,441,569,9,10,7,0.952729275240372,0.0109070883959913,104,0.962962962962963,4,0,2,4,0.666666666666667,3,0,0.0272727272727273,110,106,0,9,15.6,81,6.8,82,8.8,77,3.3,72,23.6,68,53.2,50,56.5,77,1.1,59,7,74,9,80,10,84,9,97,110,0.061883056075589006,0.14172129488356364,0.029680186364938
2026,jmiller,Jacob Miller,shred,138,51,7,118,0,15.552632393898,10.0763876195795,5.47624477431845,4.2585258082309,15.9215599139002,106,0.608695652173913,0.450980392156863,12.2750028819567,1137,488,6,13,5,0.973475918559322,0.0103078652244617,181,0.983695652173913,3,0,0,1,0.0,0,0,0.0,185,140,1,1,15.6,80,10.1,89,5.5,64,12.3,97,15.9,40,60.9,77,45.1,41,1.0,58,5,61,6,68,13,90,1,28,185,0.054466960105835134,0.08406828321025946,0.06635136692949568
2026,gvordick,Gabe Vordick,radicals,133,57,6,109,6,15.6480422364614,7.71174753964507,7.93629469681633,7.36254018068056,19.5797167499043,98,0.56390977443609,0.508771929824561,13.2883342260001,1117,850,10,13,5,0.953634649708014,0.00508094662226166,207,0.958333333333333,9,0,2,2,0.5,4,0,0.018348623853211,218,190,2,1,15.6,81,7.7,84,7.9,74,13.3,97,19.6,54,56.4,60,50.9,61,0.5,53,5,61,10,84,13,90,1,28,218,0.03537498871396821,0.07178001025899725,0.06095566158715642
2026,lstorm,Lucas Storm,thunderbirds,134,89,6,110,25,15.5498973088429,3.18156559659875,12.3683317122441,8.31744825309134,24.9371758781854,71,0.395522388059701,0.359550561797753,4.70964893878244,471,1097,7,9,11,0.9486143569598,-0.00543253877798133,81,0.941860465116279,5,0,2,6,0.666666666666667,3,0,0.0340909090909091,88,99,1,4,15.5,80,3.2,65,12.4,88,4.7,80,24.9,73,39.6,19,36.0,13,-0.5,43,11,85,7,72,9,82,4,75,88,0.036154154506803975,0.1767033785095784,0.05351873794070954
2026,clacy,Cameron Lacy,windchill,95,183,8,8,146,15.3945829969447,10.7623733679763,4.63220962896843,4.41590197639759,24.2797859039312,79,0.568421052631579,0.579234972677596,5.20645516637061,1056,281,13,11,5,0.933739999308936,-0.0272651791650516,125,0.905797101449275,13,0,3,0,0.428571428571429,7,0,0.0503597122302158,139,100,0,8,15.4,80,10.8,90,4.6,58,5.2,82,24.3,71,56.8,62,57.9,82,-2.7,25,5,61,13,90,11,86,8,94,139,0.0774271465322036,0.11075239566147267,0.03745651198827777
2026,dbest,Dylan Best,thunderbirds,111,45,4,102,1,15.302389464432,2.21068954292177,13.0916999215102,8.18505936027526,25.1307986249008,70,0.531531531531532,0.288888888888889,4.85223342483765,503,1151,6,13,11,0.924353595617691,0.0131464043823091,105,0.9375,7,1,6,5,0.75,8,0,0.0714285714285714,112,122,1,1,15.3,80,2.2,59,13.1,89,4.9,80,25.1,74,53.2,50,28.9,5,1.3,62,11,85,6,68,13,90,1,28,112,0.019738299490372948,0.136628477361,0.04332351272176473
2026,rjamieson,Rowan Jamieson,rush,150,105,8,95,37,15.2074995932991,2.21454357081123,12.9929560224879,5.2870606917788,18.25744000314,48,0.466666666666667,0.619047619047619,2.3544315475248,174,872,2,7,18,0.959014969281543,0.0409850307184569,39,1.0,0,0,1,7,1.0,1,0,0.0256410256410256,39,54,2,4,15.2,80,2.2,59,13.0,89,2.4,63,18.3,49,46.7,35,61.9,90,4.1,91,18,96,2,38,7,75,4,75,39,0.05678316848233923,0.38993588700766924,0.060370039680123076
2026,wmatthews,Walker Matthews,flyers,100,30,6,86,2,15.1519373844917,4.97403675231305,10.1779006321787,3.47796891418901,22.6263650099745,64,0.67,0.633333333333333,5.4006644946642,479,1034,13,4,8,0.934832664758904,-0.0101014819632049,86,0.924731182795699,7,0,3,4,0.5,6,0,0.0645161290322581,93,97,4,0,15.2,80,5.0,74,10.2,82,5.4,83,22.6,65,67.0,93,63.3,93,-1.0,39,8,77,13,90,4,56,0,0,93,0.05348426615390376,0.1629240578977602,0.058071661232948386
2026,dbarram,David Barram,steel,188,92,7,143,0,14.9852115150415,14.3857213181476,0.599490196893885,6.22603667968715,15.1535735505973,150,0.414893617021277,0.478260869565217,5.06270322996664,1979,122,10,15,1,0.947927240929128,0.000790707788820844,257,0.948339483394834,14,0,11,0,0.578947368421053,19,0,0.0695970695970696,273,206,3,2,15.0,80,14.4,95,0.6,16,5.1,81,15.2,37,41.5,23,47.8,51,0.1,48,1,15,10,84,15,94,2,48,273,0.052694949883324536,0.054890884670481685,0.01854470047606828
2026,kschniede,Kai Schniedergers,empire,116,38,7,99,5,14.9454317772194,5.00372620051944,9.9417055767,4.08816384234983,18.2501481485141,55,0.637931034482759,0.578947368421053,-0.622393167193453,443,748,8,5,8,0.940545773916631,0.00945422608336921,75,0.949367088607595,4,0,4,5,0.666666666666667,6,0,0.075,80,83,0,1,14.9,79,5.0,75,9.9,81,-0.6,11,18.3,48,63.8,86,57.9,82,0.9,57,8,77,8,76,5,64,1,28,80,0.06254657750649299,0.1868178972152425,-0.007779914589918162
2026,bkassmull,Ben Kass-Mullet,cascades,113,86,6,70,42,14.9168617788147,6.94654595120252,7.97031582761217,6.65300756626526,20.788699510748,69,0.548672566371681,0.546511627906977,0.691395498275234,591,493,6,6,8,0.947998108196329,0.0270018918036712,117,0.975,3,0,2,1,1.0,2,0,0.0166666666666667,120,111,0,0,14.9,79,6.9,82,8.0,74,0.7,40,20.8,59,54.9,56,54.7,72,2.7,81,8,77,6,68,6,69,0,0,120,0.057887882926687666,0.1243071814901225,0.005761629152293617
2026,pkrenik,Paul Krenik,windchill,96,153,8,22,120,14.9193619741223,5.38604321328014,9.53331876084213,4.27958588038358,23.4082768154111,60,0.59375,0.529411764705882,6.65837923722421,413,435,6,10,14,0.965065441757764,0.0241818700701929,92,0.989247311827957,1,0,0,2,0.0,0,0,0.0,93,94,1,7,14.9,79,5.4,76,9.5,79,6.7,87,23.4,67,59.4,72,52.9,66,2.4,77,14,91,6,68,10,84,7,92,93,0.05791444315354989,0.1604232470335731,0.07159547566907752
2026,tmounga,Tony Mounga,shred,94,173,8,4,137,14.7937537232772,8.25640525600772,6.53734846726946,4.05073433458799,27.9669717026386,64,0.5,0.589595375722543,4.33793930736878,606,343,9,10,7,0.943556628412953,0.00381179263967857,89,0.946808510638298,5,0,3,2,0.75,4,0,0.0421052631578947,95,84,1,8,14.8,79,8.3,85,6.5,68,4.3,78,28.0,83,50.0,42,59.0,85,0.4,51,7,74,9,80,10,84,8,94,95,0.08690952901060758,0.1557237234029179,0.045662519024934525
2026,dsnead,David Snead,bighorns,174,111,7,127,7,14.7971363875431,0.872260899244877,13.9248754882982,15.1008690559198,20.0968727845692,87,0.310344827586207,0.432432432432432,-3.84687033398133,586,1184,9,4,11,0.898583541688378,-0.0212250511223404,86,0.868686868686869,13,0,6,8,0.5,12,0,0.11214953271028,107,102,2,3,14.8,79,0.9,44,13.9,91,-3.8,1,20.1,57,31.0,7,43.2,34,-2.1,29,11,85,9,80,4,56,3,64,107,0.00815197102098016,0.13829099427610372,-0.0359520591960872
2026,rpieran,Pieran Robert,radicals,139,135,6,83,74,14.8246609830024,-0.153248840647687,14.9779098236501,6.97513212854188,19.0603009875019,67,0.482014388489209,0.474074074074074,5.52403966676688,466,976,3,9,23,0.920299750203977,-0.00671950329039661,73,0.9125,7,0,1,6,0.5,2,0,0.0246913580246914,81,96,1,8,14.8,79,-0.2,18,15.0,92,5.5,84,19.1,51,48.2,39,47.4,50,-0.7,41,23,99,3,49,9,82,8,94,81,-0.0018919609956504569,0.18302050596299257,0.06819802057736889
2026,asjogren,Andrew Sjogren,union,80,108,6,36,75,14.777034062865,5.81358780916953,8.96344625369547,8.07619527781051,36.5574292731142,51,0.5125,0.444444444444444,3.56295445690753,427,732,4,6,8,0.974384023799389,0.00363795422258928,88,0.977777777777778,2,0,0,1,0.0,0,0,0.0,91,91,1,3,14.8,79,5.8,78,9.0,78,3.6,73,36.6,97,51.2,46,44.4,39,0.4,51,8,77,4,56,6,69,3,64,91,0.06388558032054428,0.1623849897018132,0.03915334568030253
2026,cloverane,Coby Loveranes,breeze,147,69,7,118,2,14.7236094331187,-2.10764354863209,16.8312529817508,4.0139826340589,16.6930428015485,68,0.469387755102041,0.536231884057971,-2.21752882895605,282,1313,2,6,20,0.956351180326945,-0.0576170031117549,69,0.896103896103896,8,0,1,9,0.5,3,1,0.0379746835443038,79,98,0,2,14.7,78,-2.1,2,16.8,94,-2.2,2,16.7,43,46.9,36,53.6,68,-5.8,13,20,97,2,38,6,69,2,48,79,-0.026679032261165695,0.1863748029508696,-0.028069985176658863
2026,hmay,Hunter May,apex,125,157,9,71,100,14.5839668148883,-0.956617001551308,15.5405838164396,4.98076030586718,22.4621803934372,50,0.416,0.420382165605096,0.220711709096409,147,1108,5,4,14,0.954282028604398,-0.0629776807783113,41,0.891304347826087,5,0,1,12,0.5,2,0,0.0434782608695652,46,61,2,6,14.6,78,-1.0,6,15.5,93,0.2,29,22.5,64,41.6,23,42.0,30,-6.3,12,14,91,5,61,4,56,6,89,46,-0.02079602177285452,0.3170427568453978,0.00479808063253063
2026,ndigiorgi,Nicholas DiGiorgio,phoenix,157,80,8,132,8,14.6064975468102,5.02558294862354,9.58091459818663,7.04162493947245,16.493811225422,69,0.464968152866242,0.325,4.86246396832415,520,783,9,3,11,0.936044721542797,0.013955278457203,75,0.949367088607595,4,0,4,4,0.8,5,0,0.0625,80,80,2,2,14.6,78,5.0,75,9.6,79,4.9,80,16.5,42,46.5,35,32.5,8,1.4,63,11,85,9,80,3,46,2,48,80,0.06281978685779424,0.1825812193351275,0.060780799604051874
2026,cwilliams,Cooper Williams,flyers,118,196,8,20,153,14.6290917298957,2.42698339246212,12.2021083374336,3.35795515703972,19.2242761895186,37,0.601694915254237,0.566326530612245,0.815922676722731,104,640,5,4,9,0.939273355003659,0.0119461571914626,39,0.951219512195122,2,0,0,6,0.0,0,0,0.0,41,48,0,16,14.6,78,2.4,61,12.2,87,0.8,43,19.2,52,60.2,76,56.6,78,1.2,61,9,81,5,61,4,56,16,100,41,0.05919471688932,0.3568071153633098,0.019900553090798318
2026,ostout,Owen  Stout,flyers,55,90,5,9,78,14.4584357169827,3.26865640256043,11.1897793144223,3.31878285234564,34.7750198183156,30,0.727272727272727,0.533333333333333,3.67760324423931,211,552,6,3,11,0.945434900538964,0.0267873216832584,35,0.972222222222222,1,0,3,4,1.0,3,0,0.0833333333333333,36,44,0,2,14.5,78,3.3,66,11.2,85,3.7,74,34.8,94,72.7,97,53.3,67,2.7,80,11,85,6,68,3,46,2,48,36,0.09079601118223417,0.4016232143606306,0.10215564567331417
2026,mrussnogl,Matt Russnogle,shred,180,70,9,154,1,14.51672140986,0.631083718882215,13.8856376909778,3.9748790564253,12.1508876614052,75,0.55,0.457142857142857,-0.870595082758855,419,1116,4,5,23,0.917311227592538,0.0102250042915197,64,0.927536231884058,5,1,4,6,1.0,4,0,0.0579710144927536,69,92,3,2,14.5,78,0.6,39,13.9,90,-0.9,9,12.2,29,55.0,56,45.7,43,1.0,58,23,99,4,56,5,64,2,48,69,0.009146140853365436,0.21038726680956524,-0.012617320039983405
2026,esjostrom,Eric Sjostrom,radicals,111,46,6,94,1,14.5277710583848,9.32152584959126,5.2062452087935,6.83544283283286,21.3441615687111,63,0.567567567567568,0.521739130434783,5.81703314115716,1051,522,14,6,3,0.925788173319444,0.0102118266805556,117,0.936,8,0,8,1,0.8,10,0,0.08,125,99,0,2,14.5,78,9.3,88,5.2,62,5.8,85,21.3,60,56.8,62,52.2,65,1.0,58,3,43,14,91,6,69,2,48,125,0.07457220679673009,0.1162221684670784,0.04653626512925728
2026,jlangdon,Jeremy Langdon,hustle,97,80,7,66,41,14.2839736355898,3.23006993774495,11.0539036978448,3.58058771691555,22.4190036077542,55,0.587628865979381,0.4625,7.02324454940579,571,868,11,8,10,0.918862012645997,-0.047433441217426,60,0.869565217391304,9,0,5,4,0.625,9,1,0.128571428571429,70,78,1,6,14.3,77,3.2,66,11.1,84,7.0,88,22.4,64,58.8,71,46.3,45,-4.7,17,10,83,11,86,8,78,6,89,70,0.04614385625349929,0.20405676622271143,0.10033206499151129
2026,lambrose,Lukas Ambrose,windchill,96,147,8,20,111,14.2789297736899,3.16210074527132,11.1168290284185,4.09587932462955,22.1868311509462,50,0.583333333333333,0.571428571428571,0.22700694115078,199,758,7,3,7,0.954068430406979,-0.000943430406978862,61,0.953125,3,0,3,4,1.0,3,0,0.046875,64,68,0,9,14.3,77,3.2,65,11.1,84,0.2,30,22.2,63,58.3,69,57.1,79,-0.1,46,7,74,7,72,3,46,9,97,64,0.04940782414486437,0.22310827771390468,0.0035469834554809373
2026,ilee,Isaac Lee,breeze,80,153,7,13,123,14.1773679286864,12.9006650528855,1.2767028758009,3.86506507938229,29.4813179435479,63,0.5625,0.477124183006536,6.72539937361974,934,180,8,13,3,0.925663932598463,0.00766940073487032,97,0.932692307692308,7,0,6,0,0.545454545454545,11,0,0.104761904761905,105,78,2,3,14.2,77,12.9,93,1.3,25,6.7,88,29.5,85,56.3,60,47.7,51,0.8,55,3,43,8,76,13,90,3,64,105,0.12286347669414763,0.13502255170177524,0.06405142260590228
2026,lcomire,Luc Comire,rush,101,122,7,37,79,14.1999337568838,9.19778163595532,5.00215212092853,4.9367689363585,24.7836421025251,70,0.495049504950495,0.573770491803279,-1.89753571862979,782,380,8,3,5,0.963180197101089,0.0177721838512923,103,0.980952380952381,2,0,2,2,0.666666666666667,3,0,0.0285714285714286,105,74,1,5,14.2,77,9.2,87,5.0,60,-1.9,3,24.8,73,49.5,41,57.4,80,1.8,67,5,61,8,76,3,46,5,82,105,0.08759792034243162,0.1352374643512743,-0.018071768748855143
2026,wselfridg,Will Selfridge,hustle,84,55,4,49,33,14.1485650311959,4.43236173855933,9.71620329263656,3.54664461410491,23.211290906705,60,0.630952380952381,0.654545454545455,6.39218762718211,643,771,9,12,5,0.954180903441493,-0.00218090344149269,119,0.952,6,0,2,4,0.333333333333333,6,0,0.048,125,126,0,5,14.1,77,4.4,71,9.7,80,6.4,86,23.2,66,63.1,84,65.5,95,-0.2,45,5,61,9,80,12,89,5,82,125,0.03545889390847464,0.1131885202495672,0.05113750101745688
2026,asehgal,Araav Sehgal,rush,86,33,4,73,1,14.1069264067577,9.99989194585929,4.10703446089837,4.90443387023656,24.8114730046838,65,0.581395348837209,0.484848484848485,5.49881942906711,860,307,9,7,3,0.950366829803301,0.0237711012311813,112,0.973913043478261,3,0,5,1,0.833333333333333,6,0,0.0517241379310345,116,92,0,0,14.1,77,10.0,89,4.1,54,5.5,84,24.8,73,58.1,68,48.5,54,2.4,77,3,43,9,80,7,75,0,0,116,0.08620596505051112,0.12161143454101465,0.047403615767819915
2026,dwelkener,Daniel Welkener,sol,71,116,7,5,92,14.0119180553069,9.35566603952327,4.65625201578361,3.82494308985505,27.9350179831423,43,0.633802816901408,0.594827586206897,0.785575175746209,614,175,9,2,6,0.941808031101389,-0.00063156051315405,64,0.941176470588235,4,0,2,0,1.0,2,0,0.0294117647058824,68,61,0,2,14.0,77,9.4,88,4.7,58,0.8,43,27.9,83,63.4,85,59.5,86,-0.1,46,6,68,9,80,2,35,2,48,68,0.1375833241106363,0.20605761846039558,0.01155257611391484
2026,wmatthews1,Wilson Matthews,union,122,63,6,99,10,13.9571454506084,0.169872458499356,13.787272992109,7.62809584794739,23.5634893823529,63,0.459016393442623,0.349206349206349,-0.0947502788247866,132,1188,1,3,14,0.971553051593449,0.00405670450411155,78,0.975,2,0,1,7,1.0,1,0,0.0121951219512195,82,96,3,0,14.0,76,0.2,27,13.8,90,-0.1,19,23.6,68,45.9,33,34.9,12,0.4,52,14,91,1,24,3,46,0,0,82,0.002071615347553122,0.17020909086107805,-0.0011554912051803244
2026,bdistel,Braden Distel,bighorns,118,116,7,86,42,13.8328643792218,3.56302624035114,10.2698381388706,14.1168039672039,28.2865034045828,39,0.313559322033898,0.379310344827586,-1.01818575042517,219,637,6,4,12,0.946646297233678,0.0533537027663223,37,1.0,0,0,1,8,1.0,1,0,0.0263157894736842,38,49,0,2,13.8,76,3.6,67,10.3,82,-1.0,7,28.3,84,31.4,8,37.9,18,5.3,95,12,88,6,68,4,56,2,48,38,0.09376384843029316,0.36402274682162633,-0.026794361853293945
2026,kjohnson1,Kristian Johnson,windchill,92,69,6,52,42,13.8025669591181,8.22306087394427,5.57950608517384,3.95923570818556,20.3486079743836,65,0.652173913043478,0.608695652173913,8.38225477128016,607,413,11,12,2,0.948640300436052,0.0125247481076369,99,0.961165048543689,4,0,3,1,0.75,4,0,0.0388349514563107,103,84,0,0,13.8,76,8.2,85,5.6,64,8.4,91,20.3,57,65.2,88,60.9,89,1.3,61,2,30,11,86,12,89,0,0,103,0.07983554246547835,0.13400550445745726,0.08138111428427339
2026,ddemarre,Daan De Marrée,empire,71,36,3,56,8,13.7922414014977,3.34657719048619,10.4456642110115,3.7727208850873,35.5097957445463,54,0.507042253521127,0.527777777777778,6.00183700507331,488,733,5,5,7,0.961129101301014,0.00378317940074058,110,0.964912280701754,4,0,1,3,0.5,2,0,0.0175438596491228,114,115,0,3,13.8,76,3.3,67,10.4,82,6.0,85,35.5,95,50.7,45,52.8,66,0.4,51,7,74,5,61,5,64,3,64,114,0.029355940267422716,0.12098457369734825,0.05264769302695886
2026,ochartock,Oliver Chartock,empire,99,52,7,75,21,13.7398201434301,2.53210743769835,11.2077127057317,3.75838160770831,19.7216888284697,57,0.666666666666667,0.557692307692308,9.14551220140985,365,800,3,8,14,0.957866851557495,-0.0134224071130501,68,0.944444444444444,4,0,1,7,0.5,2,0,0.0277777777777778,72,82,0,2,13.7,76,2.5,61,11.2,85,9.1,92,19.7,55,66.7,90,55.8,75,-1.3,34,14,91,3,49,8,78,2,48,72,0.035168158856921525,0.19083083532541806,0.12702100279735903
2026,jnelson,Jack Nelson,radicals,107,45,6,86,3,13.5542618194978,5.16729036473099,8.38697145476681,6.37739825580149,20.0978126057697,44,0.598130841121495,0.577777777777778,1.51840391555318,345,644,8,3,8,0.91461959627067,0.0453804037293296,48,0.96,2,0,3,5,0.75,4,0,0.08,50,54,0,2,13.6,76,5.2,76,8.4,76,1.5,54,20.1,57,59.8,74,57.8,81,4.5,93,8,77,8,76,3,46,2,48,50,0.1033458072946198,0.271085236389956,0.0303680783110636
2026,sebastian,Sebastián,bighorns,112,71,6,74,9,13.4862104889769,9.08125769648103,4.4049527924959,13.7630345034907,25.7107904342699,59,0.348214285714286,0.47887323943662,-0.732055344246297,793,533,10,8,7,0.901635098555309,0.0428093458891359,66,0.942857142857143,4,0,8,4,0.8,10,0,0.138888888888889,72,67,5,1,13.5,75,9.1,86,4.4,56,-0.7,10,25.7,76,34.8,12,47.9,51,4.3,92,7,74,10,84,8,78,1,28,72,0.12612857911779207,0.18730847901356806,-0.010167435336754125
2026,gleahy,Gavin Leahy,cascades,77,29,5,63,5,13.5024157942297,4.46637102989727,9.03604476433246,6.02215638744144,25.1161909864284,43,0.636363636363636,0.655172413793103,-0.302882047863264,301,748,4,3,10,0.954961812136108,0.0450381878638917,57,1.0,0,0,2,5,1.0,2,0,0.0350877192982456,57,67,2,1,13.5,75,4.5,72,9.0,78,-0.3,15,25.1,74,63.6,85,65.5,95,4.5,93,10,83,4,56,3,46,1,28,57,0.07835738648942579,0.2368844876180649,-0.005313720137952
2026,vluo,Victor Luo,radicals,72,117,6,25,88,13.5446012116427,6.36004744994812,7.18455376169463,6.37285285565316,27.7410710792973,53,0.569444444444444,0.452991452991453,3.59059782901627,659,536,8,5,4,0.952384630750382,0.0163653692496184,93,0.96875,3,0,1,0,1.0,1,0,0.0104166666666667,96,84,1,5,13.5,76,6.4,80,7.2,71,3.6,74,27.7,82,56.9,63,45.3,42,1.6,66,4,53,8,76,5,64,5,82,96,0.06625049427029292,0.14108959595461146,0.03740206071891948
2026,zsinger,Zach Singer,glory,71,123,9,18,99,13.3963879926127,9.62009508930621,3.77629290330645,3.80174390631555,27.7669406865557,56,0.605633802816901,0.520325203252033,1.82492706040646,701,228,11,6,4,0.95892245721362,0.0166872988839413,120,0.975609756097561,3,0,2,1,0.666666666666667,3,0,0.024390243902439,123,110,1,3,13.4,75,9.6,88,3.8,50,1.8,57,27.8,82,60.6,76,52.0,64,1.7,66,4,53,11,86,6,69,3,64,123,0.07821215519761146,0.10891372351717643,0.01483680536915821
2026,pturner,Phil Turner,rush,186,124,8,127,48,13.3685198998099,-2.3467789902752,15.7152988900851,4.64771842576222,12.0027877716936,83,0.510752688172043,0.580645161290323,3.0093790894996,286,1148,7,7,19,0.937174708801507,-0.071321050264922,70,0.864197530864197,11,0,0,8,0.0,5,0,0.0609756097560976,82,97,4,9,13.4,75,-2.3,2,15.7,93,3.0,70,12.0,28,51.1,46,58.1,83,-7.1,10,19,97,7,72,7,75,9,97,82,-0.028619255978965856,0.16303073048548658,0.03669974499389756
2026,mbrichet,Melvyn Brichet,royal,66,130,8,18,98,13.2675970283922,4.81185292695632,8.45574410143586,3.81102468571097,33.4075698151294,40,0.484848484848485,0.453846153846154,-1.28949541450451,402,516,7,4,6,0.961863937449742,-0.019834951942496,65,0.942028985507246,4,0,0,2,0.0,1,0,0.0144927536231884,69,65,0,7,13.3,75,4.8,74,8.5,76,-1.3,6,33.4,93,48.5,40,45.4,43,-2.0,30,6,68,7,72,4,56,7,92,69,0.06973699894139594,0.19228401490423477,-0.018688339340645073
2026,jartz,Jacob Artz,steel,107,160,8,65,104,13.2969393177391,9.26192443783917,4.03501487989996,5.5245954878061,24.4277103656312,86,0.383177570093458,0.29375,-6.45041564659811,1064,324,9,4,2,0.958761814650828,-0.00609909275733722,160,0.952380952380952,8,0,5,0,0.714285714285714,7,0,0.0414201183431953,169,123,2,2,13.3,75,9.3,87,4.0,53,-6.5,0,24.4,71,38.3,17,29.4,5,-0.6,42,2,30,9,80,4,56,2,48,169,0.05480428661443296,0.07868011430614853,-0.038168139920698875
2026,mtran1,Max Tran,phoenix,49,21,2,43,3,13.2263881097025,2.76979043979212,10.4565976699104,6.37629000887775,40.6937397781595,31,0.571428571428571,0.333333333333333,1.49471151982927,228,810,7,3,8,0.928217051375438,0.0283046877549968,43,0.955555555555556,2,0,1,7,0.5,2,0,0.0434782608695652,46,51,0,0,13.2,75,2.8,63,10.5,83,1.5,53,40.7,98,57.1,64,33.3,9,2.8,83,8,77,7,72,3,46,0,0,46,0.06021283564765478,0.2875301762978804,0.03249372869194065
2026,jtowle,Jimmy Towle,thunderbirds,129,70,5,113,11,13.0444402422816,4.26272081517913,8.7817194271025,6.97731017451931,20.0637586724835,63,0.457364341085271,0.257142857142857,1.67578555004701,557,995,10,4,6,0.930947256687912,-0.0184472566879123,72,0.911392405063291,7,0,2,5,0.5,4,0,0.05,80,85,2,0,13.0,74,4.3,70,8.8,77,1.7,55,20.1,56,45.7,33,25.7,3,-1.8,31,6,68,10,84,4,56,0,0,80,0.05328401018973913,0.16305550302852,0.020947319375587626
2026,cdeluna,Connor DeLuna,sol,78,140,8,3,118,13.0113170769514,1.35341538907749,11.657901687874,3.55180119859104,22.8538520429919,27,0.641025641025641,0.614285714285714,-0.296146135980886,55,552,3,0,14,0.968256078844493,-0.0137106242990382,21,0.954545454545455,1,0,0,3,0.0,0,0,0.0,22,34,0,9,13.0,74,1.4,50,11.7,86,-0.3,15,22.9,66,64.1,86,61.4,90,-1.4,34,14,91,3,49,0,0,9,97,22,0.06151888132170409,0.5914235034977909,-0.013461187999131182
2026,gdowd,Gabe Dowd,breeze,117,50,6,102,0,13.0373949976281,0.29823764634105,12.739157351287,3.55428316348382,16.7791061282616,64,0.547008547008547,0.36,1.45424609425758,149,850,3,9,18,0.971030496677666,-0.0110304966776664,72,0.96,3,0,0,2,0.0,0,0,0.0,75,93,3,0,13.0,74,0.3,32,12.7,88,1.5,53,16.8,43,54.7,55,36.0,14,-1.1,38,18,96,3,49,9,82,0,0,75,0.003976501951214,0.173831933301708,0.0193899479234344
2026,kponzio,Kuochuan Ponzio,apex,94,136,8,50,90,12.9247656187616,5.12191635880478,7.80284925995684,4.41410491217289,24.9722723078214,55,0.436170212765957,0.375,-0.978025499444912,565,603,8,6,5,0.938928507890624,-0.0148778749792319,73,0.924050632911392,6,0,4,0,0.571428571428571,7,0,0.0886075949367089,79,83,0,2,12.9,74,5.1,75,7.8,74,-1.0,8,25.0,74,43.6,28,37.5,17,-1.5,33,5,61,8,76,6,69,2,48,79,0.0648343842886681,0.16360462808558987,-0.012380069613226734
2026,dburns,Dylan Burns,spiders,67,107,5,9,81,12.8697164184855,4.76857067012243,8.10114574836304,3.54830399823228,27.7527825070664,39,0.611940298507463,0.635514018691589,5.38748021804747,308,385,5,7,11,0.930782359692458,0.0146721857620877,51,0.944444444444444,3,0,1,3,1.0,1,0,0.0181818181818182,55,60,1,2,12.9,74,4.8,74,8.1,75,5.4,83,27.8,82,61.2,78,63.6,93,1.5,64,11,85,5,61,7,75,2,48,55,0.08670128491131691,0.23399484397246365,0.09795418578268127
2026,dclyburn,Dexter Clyburn,spiders,88,32,4,70,3,12.6808875057641,5.7535491148704,6.92733839089368,3.4962420596313,22.8320154934289,69,0.556818181818182,0.6875,6.56093008742717,821,461,7,8,7,0.950045716575096,0.00380043727105839,123,0.953488372093023,6,0,1,0,0.5,2,0,0.0153846153846154,130,102,1,1,12.7,73,5.8,78,6.9,70,6.6,87,22.8,65,55.7,58,68.8,97,0.4,51,7,74,7,72,8,78,1,28,130,0.04425807011438769,0.09754528850587768,0.050468692980209
2026,ichang,Itay Chang,spiders,65,112,7,1,98,12.6951036968331,8.09530959485725,4.59979410197586,3.50016159957838,27.5339386715453,48,0.630769230769231,0.598214285714286,7.55368306164565,511,285,8,8,2,0.961318494044899,0.0190736628178464,100,0.980392156862745,2,0,1,0,0.5,2,0,0.0196078431372549,102,91,0,6,12.7,74,8.1,84,4.6,58,7.6,89,27.5,81,63.1,84,59.8,86,1.9,70,2,30,8,76,8,78,6,89,102,0.07936578034173775,0.12446180094934411,0.07405571629064363
2026,alaviolet,Allan Laviolette,flyers,56,15,3,51,2,12.7351917195543,7.66597637582865,5.06921534372569,2.92323019775554,30.1892830257419,42,0.714285714285714,0.466666666666667,3.96833972212906,686,296,8,5,6,0.953042883579686,0.0259044848413666,92,0.978723404255319,2,0,5,1,0.714285714285714,8,1,0.0842105263157895,95,80,0,0,12.7,74,7.7,83,5.1,61,4.0,75,30.2,87,71.4,96,46.7,47,2.6,79,6,68,8,76,5,64,0,0,95,0.08069448816661737,0.13405464967951894,0.041771997075042734
2026,jshanahan,Jack Shanahan,union,92,37,4,77,2,12.6124443072235,4.72805967112734,7.88438463609617,6.89316697263521,28.159568186059,67,0.489130434782609,0.432432432432432,7.77996596231833,630,716,11,9,8,0.928349960341517,-0.026176047298039,83,0.902173913043478,9,0,4,3,0.444444444444444,9,0,0.0978260869565217,92,85,0,1,12.6,73,4.7,73,7.9,74,7.8,89,28.2,84,48.9,41,43.2,34,-2.6,26,8,77,11,86,9,82,1,28,92,0.05139195294703631,0.13709178594808152,0.08456484741650358
2026,bsadok,Benjamin Sadok,glory,129,45,7,110,0,12.5346734358813,12.1277965113172,0.406876924564034,3.55719902848405,16.324670875705,106,0.565891472868217,0.488888888888889,9.27106550820798,1354,64,10,10,0,0.954479093069149,0.0110381483101609,196,0.96551724137931,7,0,5,0,0.555555555555556,9,0,0.0443349753694581,203,134,1,0,12.5,73,12.1,92,0.4,13,9.3,93,16.3,42,56.6,61,48.9,55,1.1,59,0,0,10,84,10,84,0,0,203,0.05974283995722759,0.061747159782666504,0.045670273439448184
2026,sheyman,Scott Heyman,phoenix,127,86,5,95,17,12.383559596175,5.71177143280167,6.67178816337331,5.96997204924821,19.5984932291403,76,0.385826771653543,0.383720930232558,1.12774903463657,1194,829,5,10,6,0.926777547761815,-0.0106936316778993,128,0.914285714285714,12,0,9,3,0.818181818181818,13,2,0.0909090909090909,143,142,2,3,12.4,73,5.7,78,6.7,69,1.1,49,19.6,54,38.6,18,38.4,19,-1.1,38,6,68,5,61,10,84,3,64,143,0.039942457572039645,0.08659831885437062,0.00788635688557042
2026,athai,Andrew Thai,hustle,110,52,6,92,11,12.2270014237215,2.63387718763925,9.5931242360822,3.06496302985359,16.2962697547427,49,0.618181818181818,0.403846153846154,0.964740673650763,172,798,3,4,9,0.960124878999357,0.0242501210006433,62,0.984126984126984,1,0,0,5,0.0,0,0,0.0,64,71,0,3,12.2,73,2.6,62,9.6,79,1.0,46,16.3,42,61.8,80,40.4,25,2.4,78,9,81,3,49,4,56,3,64,64,0.04115433105686328,0.19104689724564844,0.015074073025793172
2026,zmorton,Zach Morton,windchill,58,102,7,9,93,12.1521361554444,2.26251379935511,9.88962235608926,3.48581329399631,31.56355997108,23,0.568965517241379,0.568627450980392,-1.25214413358066,122,612,2,1,11,0.919935328466921,0.0800646715330785,15,1.0,0,0,2,5,1.0,2,0,0.133333333333333,15,25,0,5,12.2,73,2.3,60,9.9,81,-1.3,6,31.6,90,56.9,63,56.9,78,8.0,99,11,85,2,38,1,22,5,82,15,0.15083425329034067,0.81014241036296,-0.083476275572044
2026,cdavisbra,Cole Davis-Brand,glory,79,142,9,9,114,12.1210474523749,7.2081199417396,4.9129275106353,3.43981663681576,23.27603396385,58,0.594936708860759,0.563380281690141,6.10364395379054,555,156,9,5,5,0.946469381795972,0.00135670516054998,108,0.947368421052632,6,0,1,0,1.0,1,0,0.00869565217391304,115,97,0,1,12.1,73,7.2,83,4.9,60,6.1,85,23.3,67,59.5,73,56.3,77,0.1,48,5,61,9,80,5,64,1,28,115,0.06267930384121391,0.10540041262934695,0.05307516481556991
2026,jfeagans,Jayden Feagans,union,107,43,6,91,0,12.1065490149458,0.154009163495188,11.9525398514506,6.61667649740328,21.691557888484,61,0.485981308411215,0.325581395348837,0.0851187201893829,224,1065,6,3,7,0.970340731686674,-0.0258962872422293,83,0.943181818181818,5,0,1,7,1.0,1,0,0.0111111111111111,90,98,0,0,12.1,72,0.2,27,12.0,86,0.1,24,21.7,61,48.6,40,32.6,8,-2.6,26,7,74,6,68,3,46,0,0,90,0.0017112129277243112,0.13451721127717556,0.0009457635576598099
2026,jthachet,Joe Thachet,havoc,155,85,7,123,3,12.0250833259403,7.60779282375063,4.41729050218966,7.92590364625718,15.8288124105636,111,0.387096774193548,0.482352941176471,-3.57748243365889,1549,529,3,13,3,0.928263659727709,0.0274013649028331,193,0.955445544554455,9,0,8,2,0.727272727272727,12,1,0.0591133004926108,203,174,2,0,12.0,72,7.6,83,4.4,57,-3.6,1,15.8,40,38.7,18,48.2,53,2.7,81,3,43,3,49,13,90,0,0,203,0.03747681193965828,0.05923686367458275,-0.017623066175659556
2026,tcrowley,Trip Crowley,hustle,101,194,9,17,164,11.9981735711789,2.04036210595837,9.95781146522054,3.00760236684729,17.6598147586733,41,0.584158415841584,0.525773195876289,1.97920518941688,311,545,5,4,8,0.932745077930352,-0.0353091804944546,35,0.897435897435897,4,0,3,3,1.0,3,0,0.0769230769230769,39,39,0,10,12.0,72,2.0,58,10.0,81,2.0,58,17.7,46,58.4,69,52.6,65,-3.5,22,8,77,5,61,4,56,10,98,39,0.05231697707585564,0.30764547618407434,0.05074885101068923
2026,dschnaudi,Drew Schnaudigel,empire,82,157,8,5,133,12.0382893563109,4.5209902627146,7.51729909359634,3.29294596528355,20.7783173986118,39,0.621951219512195,0.522292993630573,0.461049505941993,266,479,4,3,7,0.936584071035089,0.038415928964911,39,0.975,1,0,3,4,1.0,3,0,0.075,40,40,0,5,12.0,72,4.5,72,7.5,73,0.5,36,20.8,59,62.2,81,52.2,65,3.8,90,7,74,4,56,3,46,5,82,40,0.113024756567865,0.3009572339077725,0.011526237648549825
2026,hstone,Hayden Stone,sol,74,112,7,16,84,11.887925343991,6.22953145974017,5.65839388425085,3.24514015267093,22.9486880710333,40,0.594594594594595,0.5625,4.28812241506153,279,407,5,6,3,0.968125708067992,0.0318742919320084,58,1.0,0,0,0,1,0.0,0,0,0.0,58,57,0,2,11.9,72,6.2,80,5.7,65,4.3,77,22.9,66,59.5,73,56.3,76,3.2,86,3,43,5,61,6,69,2,48,58,0.10740571482310637,0.20496423006881034,0.07393314508726775
2026,bharris,Ben Harris,apex,111,124,8,78,63,11.7798340748653,3.30986525636765,8.4699688184976,4.02308444022882,19.5795277667702,45,0.423423423423423,0.354838709677419,2.54124137389727,174,677,6,3,8,0.966122706686439,-0.0115772521409847,41,0.953488372093023,2,0,0,5,0.0,0,0,0.0,44,52,3,2,11.8,72,3.3,66,8.5,76,2.5,65,19.6,54,42.3,25,35.5,13,-1.2,37,8,77,6,68,3,46,2,48,44,0.07522421037199205,0.2677235017014841,0.057755485770392495
2026,cpanarell,Charlie Panarella,empire,48,96,6,0,85,11.8172853011852,0.234615647919413,11.5826696532658,3.23249265750058,32.1458424015319,27,0.708333333333333,0.520833333333333,1.2083703347727,43,533,0,2,12,0.968419800674089,-0.00841980067408854,24,0.96,1,0,0,4,0.0,0,0,0.0,25,37,0,6,11.8,72,0.2,30,11.6,85,1.2,51,32.1,91,70.8,96,52.1,65,-0.8,40,12,88,0,0,2,35,6,89,25,0.00938462591677652,0.472691412047408,0.048334813390908
2026,cbosworth,Callahan Bosworth,steel,47,23,2,38,6,11.7772955622839,4.78340108164543,6.99389448063845,4.89321582713031,37.4506301041354,32,0.574468085106383,0.434782608695652,2.49824391736594,275,464,7,0,6,0.960665014580345,0.0193349854196545,48,0.979591836734694,1,0,1,6,1.0,1,0,0.02,50,43,0,1,11.8,71,4.8,74,7.0,70,2.5,64,37.5,97,57.4,65,43.5,35,1.9,70,6,68,7,72,0,0,1,28,50,0.0956680216329086,0.235545911245678,0.0499648783473188
2026,oartus,Oliver Artus,growlers,111,47,6,97,6,11.65442340943,2.01671470936636,9.63770870006369,4.08205211327304,15.8585020906691,53,0.567567567567568,0.361702127659574,1.8581632234853,235,919,5,4,8,0.956069652931285,-0.0116252084868409,50,0.943396226415094,3,0,1,9,1.0,1,0,0.0185185185185185,54,61,3,1,11.7,71,2.0,57,9.6,80,1.9,57,15.9,40,56.8,62,36.2,14,-1.2,36,8,77,5,61,4,56,1,28,54,0.03734656869196963,0.2158226557301852,0.03441043006454259
2026,nnishizak,Noah Nishizaki,rush,84,121,7,22,79,11.6940182582886,6.61092745881539,5.08309079947321,4.06555883056437,27.5834822781425,61,0.44047619047619,0.586776859504132,4.79067723688504,691,282,9,6,5,0.922489817271319,-0.0144438402598245,77,0.905882352941176,8,0,6,1,0.6,10,0,0.114942528735632,87,66,3,5,11.7,71,6.6,81,5.1,61,4.8,80,27.6,82,44.0,29,58.7,84,-1.4,33,5,61,9,80,6,69,5,82,87,0.07598767194040679,0.13441400296883446,0.05506525559637977
2026,agutowsky,Anthony Gutowsky,radicals,119,116,6,74,68,11.6445256524374,-2.38348567134556,14.0280113237829,5.47885075369166,16.6545390499809,60,0.478991596638655,0.46551724137931,-1.10753592274706,320,892,2,4,17,0.909507888633245,-0.0224111144396962,52,0.88135593220339,7,1,0,2,0.0,1,0,0.0161290322580645,62,80,2,5,11.6,71,-2.4,1,14.0,91,-1.1,7,16.7,43,47.9,38,46.6,46,-2.2,28,17,95,2,38,4,56,5,82,62,-0.038443317279767096,0.1878149298780226,-0.017863482624952583
2026,gchatha,Gagan Chatha,rush,120,97,6,79,43,11.476901402267,5.55356113504163,5.92334026722532,3.9900756791132,16.8488407190192,82,0.466666666666667,0.515463917525773,3.22336222819948,1010,687,7,4,5,0.913192025101742,0.00347464156492505,108,0.915254237288136,10,0,8,2,0.5,17,1,0.141666666666667,120,104,2,5,11.5,71,5.6,77,5.9,65,3.2,71,16.8,44,46.7,35,51.5,63,0.3,51,5,61,7,72,4,56,5,82,120,0.04627967612534691,0.09564084501889167,0.026861351901662334
2026,jzuraw,Jimmy Zuraw,havoc,103,53,4,86,0,11.514216164232,2.6513928716419,8.86282329259008,7.58918382569658,20.6366229841344,78,0.436893203883495,0.452830188679245,2.50808003734265,894,607,7,4,7,0.945274548892329,-0.00444614652546493,156,0.939759036144578,10,1,3,5,0.5,7,1,0.0414201183431953,169,146,0,3,11.5,71,2.7,62,8.9,77,2.5,65,20.6,58,43.7,28,45.3,42,-0.4,43,7,74,7,72,4,56,3,64,169,0.015688715216815977,0.06813145659308875,0.014840710280134024
2026,ewarner1,Emmett Warner,steel,135,75,5,100,1,11.4072778662752,9.13930084312297,2.26797702315224,4.73948134395862,18.4475073890769,109,0.348148148148148,0.48,0.213109883088809,1750,184,8,11,3,0.941725726746695,-0.00771557446243087,178,0.931937172774869,13,0,8,0,0.888888888888889,9,0,0.0456852791878173,197,149,2,3,11.4,70,9.1,87,2.3,37,0.2,28,18.4,50,34.8,12,48.0,52,-0.8,40,3,43,8,76,11,86,3,64,197,0.04639239006661406,0.05790496378819898,0.0010817760562883705
2026,zscheuerm,Zac Scheuerman,steel,109,192,9,48,140,11.3687796586641,1.62843395313062,9.74034570553348,4.72348615747438,19.6247009862585,51,0.403669724770642,0.354166666666667,5.06382057441928,206,669,7,6,9,0.954675950867063,-0.0191920798993214,57,0.934426229508197,4,0,2,4,0.666666666666667,3,0,0.0483870967741935,62,66,0,4,11.4,70,1.6,54,9.7,80,5.1,81,19.6,54,40.4,21,35.4,13,-1.9,30,9,81,7,72,6,69,4,75,62,0.02626506376017129,0.18336741384942096,0.08167452539385936
2026,kmallany,Kelsi Mallany,rush,90,64,5,57,23,11.4250183937758,1.53849492832012,9.88652346545564,3.97203795942877,22.2057029527153,48,0.488888888888889,0.59375,0.129502784997234,241,895,2,3,7,0.946882438843387,-0.0120998301477343,42,0.933333333333333,3,0,1,6,0.5,2,0,0.0434782608695652,46,53,1,4,11.4,71,1.5,52,9.9,80,0.1,26,22.2,63,48.9,40,59.4,85,-1.2,36,7,74,2,38,3,46,4,75,46,0.033445541920002604,0.2483699650820826,0.0028152779347224784
2026,mcombs,Max Combs,growlers,80,116,6,30,90,11.3682368435499,2.04975340993284,9.31848343361709,3.98181305081577,27.2953670420704,37,0.45,0.431034482758621,4.51812706216869,318,489,6,4,9,0.933854308365926,-0.0338543083659262,36,0.9,4,0,2,4,1.0,2,0,0.05,40,48,0,6,11.4,70,2.0,58,9.3,79,4.5,78,27.3,81,45.0,32,43.1,34,-3.4,23,9,81,6,68,4,56,6,89,40,0.051243835248321004,0.2842059210887475,0.11295317655421726
2026,beberhard,Braden Eberhard,empire,120,32,7,106,0,11.2658861566655,5.83300273546513,5.43288342120036,3.08166328843784,13.7485644662735,95,0.675,0.5625,8.23996149390186,805,375,2,11,4,0.97210029377409,0.0224352253515935,182,0.994535519125683,1,0,1,2,1.0,1,0,0.00546448087431694,183,162,0,1,11.3,70,5.8,78,5.4,63,8.2,91,13.7,33,67.5,94,56.3,76,2.2,74,4,53,2,38,11,86,1,28,183,0.0318743318877876,0.0615622194353306,0.045027111988534756
2026,jpodnar,Justin Podnar,rush,62,82,4,15,57,11.2065819822029,3.66148204825608,7.5450999339468,3.89609604943924,30.2487430829021,33,0.532258064516129,0.621951219512195,3.09197342144614,275,648,10,3,4,0.917244054262988,-0.0198081568270903,34,0.894736842105263,4,0,4,5,1.0,5,1,0.128205128205128,39,41,0,6,11.2,70,3.7,68,7.5,73,3.1,71,30.2,87,53.2,50,62.2,91,-2.0,30,4,53,10,84,3,46,6,89,39,0.09388415508348923,0.2873482559539205,0.07928136978067025
2026,treinhard,Tyler Reinhardt,havoc,124,95,7,97,24,11.2076836530952,5.63775145103503,5.56993220206014,7.38714388286519,21.05056190068,90,0.32258064516129,0.336842105263158,2.88833230512439,927,551,9,3,1,0.9202529602007,0.0287266316360349,182,0.947916666666667,10,0,5,3,0.555555555555556,9,0,0.0459183673469388,196,153,0,0,11.2,70,5.6,77,5.6,64,2.9,69,21.1,60,32.3,9,33.7,10,2.9,83,1,15,9,80,3,46,0,0,196,0.028764038015484848,0.05718205945456735,0.014736389311859131
2026,ebrodbeck,Eric Brodbeck,sol,79,119,7,19,91,11.1230213736518,4.36411342153887,6.75890795211291,3.03633832095856,19.7734985010829,61,0.607594936708861,0.571428571428571,2.89514983532398,650,447,5,6,3,0.940094840669668,-0.012259789123276,89,0.927083333333333,7,0,0,0,0.0,3,0,0.0309278350515464,97,77,0,2,11.1,69,4.4,71,6.8,69,2.9,69,19.8,55,60.8,77,57.1,79,-1.2,36,3,43,5,61,6,69,2,48,97,0.044990860015864644,0.11467032343970929,0.02984690551880392
2026,jbabbitt,Jeff Babbitt,glory,108,81,5,63,43,11.1256222170841,0.372040395568493,10.7535818215156,3.15732617561485,16.6618383753957,50,0.611111111111111,0.654320987654321,5.12763985122738,128,566,2,8,14,0.958600162193923,0.0147331711394103,72,0.972972972972973,2,0,1,4,1.0,1,0,0.0133333333333333,75,87,0,6,11.1,70,0.4,33,10.8,83,5.1,82,16.7,43,61.1,78,65.4,95,1.5,64,14,91,2,38,8,78,6,89,75,0.004960538607579907,0.14834162956112132,0.0683685313496984
2026,kcreed,Kai Creed,alleycats,61,117,6,13,94,11.0574701914527,8.00003400786933,3.05743618358333,5.99836934501419,33.6961836742121,42,0.524590163934426,0.47008547008547,0.556616511155102,513,276,11,3,2,0.929506831313385,-0.0114740444281395,58,0.920634920634921,5,0,2,1,0.5,4,0,0.0634920634920635,63,60,1,5,11.1,69,8.0,84,3.1,44,0.6,38,33.7,93,52.5,48,47.0,48,-1.1,37,2,30,11,86,3,46,5,82,63,0.12698466679157666,0.17551539986432857,0.008835182716747651
2026,areppermu,Anson Reppermund,thunderbirds,83,101,5,47,66,10.9649913648176,4.75532355367245,6.20966781114511,5.86503862122612,24.4751173574671,44,0.481927710843373,0.445544554455446,5.36210593737088,536,611,10,7,4,0.869438736627196,0.000931633743174842,47,0.87037037037037,7,0,9,5,0.75,12,0,0.222222222222222,54,50,1,6,11.0,69,4.8,74,6.2,67,5.4,83,24.5,71,48.2,39,44.6,40,0.1,48,4,53,10,84,7,75,6,89,54,0.08806154729023055,0.20305539564477038,0.09929825809946075
2026,ktaylor,Kennith Taylor,hustle,72,89,5,32,63,11.0155310066814,4.49052730714085,6.52500369954058,2.76128170102138,23.1273531693732,46,0.597222222222222,0.49438202247191,4.05441381743238,482,427,5,6,5,0.943986089077151,-0.00571448413887932,76,0.938271604938272,5,0,2,1,0.4,5,0,0.0617283950617284,81,78,0,2,11.0,69,4.5,72,6.5,68,4.1,77,23.1,66,59.7,74,49.4,56,-0.6,42,5,61,5,61,6,69,2,48,81,0.05543860873013395,0.13599420995902964,0.050054491573239254
2026,ocable,Orion Cable,glory,99,43,5,80,5,10.9042587859814,-0.601094843884983,11.5053536298663,3.09450572910793,19.0641396610701,49,0.525252525252525,0.604651162790698,2.16818918349663,239,766,3,3,20,0.921234808075354,-0.0101236969642424,41,0.911111111111111,4,1,4,3,0.8,5,0,0.111111111111111,45,65,1,1,10.9,69,-0.6,11,11.5,85,2.2,61,19.1,51,52.5,49,60.5,88,-1.0,38,20,97,3,49,3,46,1,28,45,-0.013357663197444067,0.24231686191069776,0.048181981855480664
2026,tgesell,Tanner Gesell,breeze,68,144,8,3,129,10.8120484796126,3.90226171336604,6.90978676624657,2.94760432439529,22.0150094800303,36,0.691176470588235,0.472222222222222,0.880350614456931,215,570,6,5,2,0.941234761755547,0.0587652382444529,39,1.0,0,0,0,6,0.0,0,0,0.0,39,33,1,11,10.8,69,3.9,69,6.9,70,0.9,44,22.0,62,69.1,95,47.2,49,5.9,96,2,30,6,68,5,64,11,99,39,0.10005799265041129,0.27723201229775896,0.022573092678382846
2026,ycohonner,Ywan Cohonner,royal,98,99,7,58,58,10.8218980409679,9.4368348334871,1.38506320748081,3.10851471386404,17.5844280230362,70,0.540816326530612,0.414141414141414,7.52616350356162,1001,126,5,9,3,0.970443393612434,-0.00920308353491495,124,0.961240310077519,5,0,1,0,1.0,1,0,0.00775193798449612,129,104,0,2,10.8,69,9.4,88,1.4,26,7.5,89,17.6,45,54.1,54,41.4,27,-0.9,39,3,43,5,61,9,82,2,48,129,0.07315375839912482,0.08389068248812326,0.05834235274078776
2026,orobinson,Owen Robinson,rush,100,145,8,30,100,10.6839285877338,6.46928649271434,4.21464209501948,3.71438963541837,17.7789174317756,68,0.51,0.551724137931034,1.11877613068285,1066,164,6,6,6,0.948204816224598,-0.0148714828912651,125,0.932835820895522,9,0,6,0,0.857142857142857,7,0,0.0518518518518519,135,114,0,2,10.7,68,6.5,81,4.2,55,1.1,49,17.8,47,51.0,46,55.2,74,-1.5,33,6,68,6,68,6,69,2,48,135,0.04792064068677289,0.0791402117609911,0.008287230597650741
2026,rward1,Ryan Ward,thunderbirds,94,97,7,63,47,10.5746504856135,4.99777557715845,5.57687490845504,5.65625010003121,24.0965181959064,45,0.425531914893617,0.371134020618557,-0.0790070581762861,353,544,8,3,3,0.939465807448894,0.0277473073052044,58,0.966666666666667,2,0,3,5,1.0,3,0,0.0491803278688525,61,64,1,3,10.6,68,5.0,75,5.6,64,-0.1,19,24.1,70,42.6,25,37.1,16,2.8,82,3,43,8,76,3,46,3,64,61,0.08193074716653197,0.17335492599366392,-0.0012951976750210836
2026,tsander,Tynan Sander,growlers,108,48,5,93,4,10.5704791877769,5.53871209035272,5.0317670974242,3.70239224978386,16.7107347806748,59,0.537037037037037,0.395833333333333,1.86170417382793,484,306,2,1,8,0.968623234060217,0.0313767659397828,85,1.0,0,0,1,3,1.0,1,0,0.0116279069767442,86,66,0,0,10.6,68,5.5,76,5.0,61,1.9,57,16.7,43,53.7,51,39.6,23,3.1,85,8,77,2,38,1,22,0,0,86,0.06440362895758978,0.12291254869508024,0.02164772295148756
2026,ggust,George Gust,sol,67,131,6,3,108,10.6319544798251,2.60808877372649,8.0238657060986,2.90228794221776,23.3365155860876,29,0.567164179104478,0.572519083969466,2.94128967367077,178,373,2,5,7,0.948862213936651,0.0267475421609096,39,0.975,1,0,0,0,0.0,1,0,0.024390243902439,41,42,0,9,10.6,68,2.6,62,8.0,75,2.9,69,23.3,67,56.7,61,57.3,80,2.7,80,7,74,2,38,5,64,9,97,41,0.06361192131040219,0.25931596292256337,0.07173877252855537
2026,cbelus,Christian Belus,flyers,57,92,5,9,72,10.5948132521146,7.21436294670215,3.38045030541244,2.43192868393235,27.615688509184,47,0.578947368421053,0.576086956521739,2.31194134313955,467,170,6,3,2,0.935105332040883,-0.0026728996084503,69,0.932432432432432,5,0,2,1,0.5,4,0,0.0540540540540541,74,65,0,8,10.6,68,7.2,83,3.4,46,2.3,63,27.6,82,57.9,66,57.6,81,-0.3,45,2,30,6,68,3,46,8,94,74,0.09749139117165068,0.1431731520556027,0.031242450582966895
2026,epar,Erwan Paré,steel,106,108,6,62,48,10.3901329360515,-0.906093072048039,11.2962260080995,4.31687925804385,19.5597449343554,61,0.358490566037736,0.435185185185185,0.135374465998185,478,809,3,5,12,0.909657618177355,-0.0735920444068627,50,0.833333333333333,10,0,4,7,0.4,10,0,0.163934426229508,61,69,2,3,10.4,68,-0.9,7,11.3,85,0.1,26,19.6,54,35.8,13,43.5,36,-7.4,9,12,88,3,49,5,64,3,64,61,-0.014853984787672771,0.17033004813199182,0.0022192535409538525
2026,jjoshi,Jack Joshi,havoc,132,68,7,108,3,10.3499388989338,-0.363903714765735,10.7138426136995,6.82179210190079,16.6878890402206,53,0.401515151515151,0.426470588235294,1.03735621225911,161,1098,5,3,12,0.939686066850463,-0.0285749557393518,40,0.909090909090909,4,1,1,11,1.0,1,0,0.0222222222222222,45,57,4,1,10.3,68,-0.4,15,10.7,83,1.0,47,16.7,43,40.2,20,42.6,31,-2.9,24,12,88,5,61,3,46,1,28,45,-0.008086749217016334,0.2299986421985289,0.023052360272424667
2026,carmstron1,Carson Armstrong,shred,96,37,6,79,2,10.1549243634919,4.09323286489785,6.06169149859409,2.7805587110469,15.9119506977004,64,0.572916666666667,0.486486486486487,2.77721478267509,711,541,7,6,6,0.938127796419609,0.0103258118278141,90,0.947368421052632,5,1,2,2,0.666666666666667,3,0,0.0309278350515464,97,96,1,0,10.2,67,4.1,69,6.1,66,2.8,68,15.9,40,57.3,65,48.6,54,1.0,58,6,68,7,72,6,69,0,0,97,0.04219827695770979,0.10468994189166908,0.028631080233763814
2026,jmcmoniga,John McMonigal,thunderbirds,73,106,5,40,78,10.2296267969418,6.67675746049881,3.55286933644297,5.47170118503705,27.2479135841172,37,0.465753424657534,0.349056603773585,2.22720024126541,451,459,8,3,3,0.928544761502386,0.0424697312512375,67,0.971014492753623,2,0,6,2,0.857142857142857,7,0,0.101449275362319,69,74,1,0,10.2,67,6.7,81,3.6,48,2.2,62,27.2,81,46.6,35,34.9,12,4.2,92,3,43,8,76,3,46,0,0,69,0.09676460087679435,0.14825546082524346,0.03227826436616536
2026,alearned,Aylen Learned,apex,133,132,9,96,52,10.1835775840821,3.85435639248569,6.32922119159641,3.47792611203247,15.5420703658713,107,0.383458646616541,0.401515151515151,2.44427369065757,1176,532,8,14,6,0.940598906844009,-0.0142831173703247,172,0.924731182795699,14,2,4,0,0.307692307692308,13,0,0.068421052631579,190,156,2,2,10.2,67,3.9,68,6.3,67,2.4,64,15.5,39,38.3,17,40.2,24,-1.4,34,6,68,8,76,14,92,2,48,190,0.020286086276240473,0.05359777675832684,0.012864598371881949
2026,tlalondel,Thomas Lalonde-Landry,royal,106,197,10,26,152,10.2435336659297,0.0295917577585143,10.2139419081712,2.94238358206304,15.0802025140002,63,0.537735849056604,0.482233502538071,3.77116158456734,503,472,5,6,10,0.970924792724104,-0.072048388229722,79,0.897727272727273,9,0,1,1,1.0,1,0,0.0112359550561798,89,93,1,9,10.2,67,0.0,23,10.2,82,3.8,74,15.1,37,53.8,52,48.2,53,-7.2,10,10,83,5,61,6,69,9,97,89,0.00033249166020802586,0.11509588388685056,0.04237260207379034
2026,ddeclerck,Dylan DeClerck,windchill,88,117,8,32,85,10.2254689009309,2.56195979514887,7.66350910578207,2.93315306677516,16.7540715217973,45,0.579545454545455,0.572649572649573,0.420998559301621,347,485,3,5,8,0.949535904375511,-0.0295359043755108,46,0.92,4,0,3,2,0.75,4,0,0.08,50,51,0,7,10.2,67,2.6,61,7.7,73,0.4,35,16.8,43,58.0,67,57.3,80,-3.0,24,8,77,3,49,5,64,7,92,50,0.0512391959029774,0.20450937801861802,0.00841997118603242
2026,idecker,Ian Decker,bighorns,152,94,6,105,7,10.1999872791181,-0.764481989411438,10.9644692685296,10.4093567998521,14.7610924074036,68,0.355263157894737,0.48936170212766,-0.300881688578383,367,1109,4,4,13,0.931517771238041,-0.0565177712380406,67,0.87012987012987,10,0,3,7,0.6,5,0,0.0625,80,87,3,4,10.2,67,-0.8,8,11.0,83,-0.3,15,14.8,36,35.5,13,48.9,55,-5.7,14,13,90,4,56,4,56,4,75,80,-0.009556024867642975,0.12749984098897624,-0.0037610211072297874
2026,kalexande,Kelsen Alexander,radicals,56,77,6,24,55,10.1210219612645,6.18768852099439,3.93333344027007,4.7620289959168,27.5177744498991,35,0.571428571428571,0.493506493506494,3.03190076058768,380,384,8,7,1,0.934285097462911,0.026499216262579,48,0.96,2,0,1,1,0.5,2,0,0.0392156862745098,51,38,0,3,10.1,67,6.2,80,3.9,52,3.0,70,27.5,81,57.1,64,49.4,56,2.6,80,1,15,8,76,7,75,3,64,51,0.12132722590185079,0.19845141100518626,0.05944903452132706
2026,kpignone,Kevin Pignone,flyers,64,69,5,33,50,10.0566094155987,6.76644150650262,3.29016790909612,2.30838961659069,24.5270041677111,52,0.609375,0.449275362318841,3.85869966188761,614,55,9,5,5,0.926314839277886,0.00626943038503547,83,0.932584269662921,6,0,2,0,0.285714285714286,7,0,0.0786516853932584,89,70,0,0,10.1,66,6.8,81,3.3,45,3.9,75,24.5,71,60.9,78,44.9,41,0.6,54,5,61,9,80,5,64,0,0,89,0.0760274326573328,0.11299561141122134,0.04335617597626528
2026,mwagner,Micah Wagner,breeze,62,134,6,2,114,10.0473937757951,1.8190018264678,8.22839194932731,2.73914248518955,25.9325039208228,26,0.580645161290323,0.529850746268657,0.0841606058583516,78,457,4,2,9,0.977075938720416,0.0229240612795845,37,1.0,0,0,0,2,0.0,0,0,0.0,38,42,0,8,10.0,66,1.8,55,8.2,76,0.1,24,25.9,77,58.1,67,53.0,66,2.3,75,9,81,4,56,2,35,8,94,38,0.047868469117573684,0.264405099363029,0.002214752785746095
2026,aforsberg,Alex Forsberg,shred,123,210,9,18,161,10.0109863718407,2.8763909548882,7.13459541695251,2.74114649858619,13.5958565146981,59,0.536585365853659,0.561904761904762,3.18371627426425,294,476,3,8,9,0.948351485551848,0.00998184778148492,69,0.958333333333333,3,0,0,1,0.0,2,0,0.0277777777777778,72,73,2,10,10.0,66,2.9,64,7.1,71,3.2,71,13.6,33,53.7,51,56.2,76,1.0,58,9,81,3,49,8,78,10,98,72,0.03994987437344722,0.13904147738667638,0.04421828158700347
2026,mobrien2,Mikey O'Brien,cascades,70,81,5,33,48,9.92744537382212,2.77922736265295,7.14821801116917,4.42769867852002,23.6285134213493,35,0.471428571428571,0.530864197530864,-0.122931254967328,163,631,5,4,5,0.905042180173394,0.0711482960170823,41,0.976190476190476,1,0,0,6,0.0,0,0,0.0,42,46,1,5,9.9,66,2.8,63,7.1,71,-0.1,18,23.6,68,47.1,36,53.1,67,7.1,98,5,61,5,61,4,56,5,82,42,0.06617208006316548,0.23636774699576477,-0.0029269346420792383
2026,dnice,Dylan Nice,union,85,46,5,74,11,9.88784642958694,2.22935278897061,7.65849364061633,5.40407353076527,23.3966930882466,62,0.447058823529412,0.239130434782609,4.70163943505206,636,853,6,9,3,0.944829115973898,-0.0437302148749973,80,0.898876404494382,9,0,2,3,0.333333333333333,6,0,0.0659340659340659,91,93,2,0,9.9,66,2.2,60,7.7,73,4.7,79,23.4,67,44.7,31,23.9,2,-4.4,18,3,43,6,68,9,82,0,0,91,0.024498382296380333,0.10865765307238395,0.05166636741815451
2026,krubin,Kyle Rubin,growlers,62,25,3,56,0,9.83938663430914,5.95105284025294,3.88833379405619,3.44632141744508,24.7712753867828,38,0.548387096774194,0.36,1.44188845045132,478,198,6,2,4,0.953693389496038,0.0281247923221439,54,0.981818181818182,1,0,3,0,1.0,3,0,0.0545454545454545,55,53,0,0,9.8,66,6.0,79,3.9,52,1.4,53,24.8,73,54.8,56,36.0,14,2.8,82,4,53,6,68,2,35,0,0,55,0.10820096073187163,0.17889793880562072,0.026216153644569456
2026,wturner,Will Turner,growlers,76,122,6,23,91,9.78000326634726,5.93257302483507,3.84743024151219,3.42552193263437,23.2482053410877,56,0.473684210526316,0.475409836065574,0.775327922476411,645,81,6,6,4,0.95736597209046,-0.00323753172348751,104,0.954128440366973,5,0,3,0,1.0,3,0,0.0275229357798165,109,86,0,7,9.8,66,5.9,79,3.8,51,0.8,42,23.2,67,47.4,37,47.5,50,-0.3,44,4,53,6,68,6,69,7,92,109,0.054427275457202474,0.08972480060869045,0.007113100206205605
2026,dbrunker,Daniel Brunker,growlers,56,22,5,51,2,9.66715496940918,3.67211439960294,5.99504056980623,3.38599594213168,24.4216349883663,40,0.625,0.363636363636364,3.02178383896737,421,420,5,3,6,0.960748312077012,0.000790149461449174,75,0.961538461538462,3,0,3,0,0.6,5,0,0.0641025641025641,78,69,0,3,9.7,65,3.7,68,6.0,66,3.0,70,24.4,71,62.5,82,36.4,15,0.1,48,6,68,5,61,3,46,3,64,78,0.04707838973849923,0.12393788422319463,0.038740818448299616
2026,relston,Robert Elston,empire,49,91,6,0,81,9.71229253343411,3.20088649408466,6.51140603934944,2.6566942831341,25.6464622498806,24,0.693877551020408,0.56043956043956,0.847867330062005,136,315,6,1,4,0.962412108394368,-0.0269282374266256,29,0.935483870967742,2,0,0,0,0.0,0,0,0.0,31,34,0,5,9.7,65,3.2,66,6.5,68,0.8,43,25.6,76,69.4,95,56.0,75,-2.7,26,4,53,6,68,1,22,5,82,31,0.10325440303498903,0.3132997591430358,0.027350559034258225
2026,hnorris,Harry Norris,rush,60,111,7,10,83,9.66144193925152,2.20300987851335,7.45843206073817,3.35891048949477,31.8081734479147,24,0.433333333333333,0.513513513513513,-0.957322389341786,151,438,4,3,7,0.907389296822488,-0.0437529331861243,19,0.863636363636364,3,0,0,5,0.0,1,0,0.0454545454545455,22,25,0,6,9.7,65,2.2,59,7.5,72,-1.0,8,31.8,90,43.3,27,51.4,62,-4.4,18,7,74,4,56,3,46,6,89,22,0.10013681265969772,0.43915645178415996,-0.043514654060990275
2026,cbernard,Christopher Bernard,spiders,51,84,5,0,75,9.6086032363662,3.16550245948774,6.44310077687846,2.64918388038872,27.0979607107316,27,0.647058823529412,0.642857142857143,2.45492020376263,229,368,4,3,4,0.94374278101434,0.00362564003829169,35,0.945945945945946,2,0,1,1,0.5,2,0,0.0526315789473684,38,40,0,5,9.6,65,3.2,65,6.4,68,2.5,64,27.1,80,64.7,87,64.3,94,0.4,51,4,53,4,56,3,46,5,82,38,0.08330269630230895,0.2528579799043737,0.06460316325691132
2026,jburnett,Justin Burnett,windchill,76,154,7,1,132,9.551273885725,3.01264481368818,6.53862907203681,2.7397617225136,18.1158384432672,34,0.631578947368421,0.571428571428571,0.71976284258974,217,272,2,3,8,0.953931084549238,-0.0127546139610027,32,0.941176470588235,2,0,1,2,0.5,2,0,0.0588235294117647,34,34,0,11,9.6,65,3.0,65,6.5,68,0.7,41,18.1,48,63.2,84,57.1,79,-1.3,35,8,77,2,38,3,46,11,99,34,0.08860720040259353,0.28091982016838235,0.02116949537028647
2026,mmcdonnel,Rowan McDonnell,glory,109,111,9,63,71,9.45992988579172,4.40956386174818,5.05036602404354,2.68462146791458,14.0139378643524,66,0.568807339449541,0.486486486486487,3.73986804260057,528,453,8,5,5,0.946966770416962,0.0136631508428807,120,0.96,5,0,5,1,0.833333333333333,6,0,0.047244094488189,127,120,3,4,9.5,64,4.4,71,5.1,61,3.7,74,14.0,34,56.9,62,48.6,54,1.4,63,5,61,8,76,5,64,4,75,127,0.03472097528935575,0.0744876368959978,0.029447779862996615
2026,blozinski,Bryce Lozinski,growlers,99,170,8,26,139,9.47515962510297,3.49626550279618,5.97889412230679,3.31874808495073,17.7510706149553,69,0.464646464646465,0.429411764705882,-2.12480678696674,492,465,6,6,4,0.957724185076433,-0.041057518409766,88,0.916666666666667,8,0,2,2,0.666666666666667,3,0,0.03125,96,80,1,1,9.5,64,3.5,67,6.0,66,-2.1,3,17.8,46,46.5,35,42.9,33,-4.1,20,4,53,6,68,6,69,1,28,96,0.03641943232079354,0.09869957942815594,-0.022133404030903542
2026,msample,Max Sample,radicals,82,41,4,65,5,9.48877044459873,-0.0213677104972254,9.51013815509595,4.4645491498501,19.4362868793234,42,0.560975609756098,0.609756097560976,2.62594137858837,338,581,4,5,11,0.912030675121354,-0.0548878179784965,35,0.853658536585366,6,0,1,4,1.0,1,0,0.0238095238095238,42,51,1,2,9.5,65,0.0,21,9.5,79,2.6,66,19.4,53,56.1,59,61.0,89,-5.5,14,11,85,4,56,5,64,2,48,42,-0.0005087550118387,0.22592310582377928,0.06252241377591357
2026,bpreiss,Benjamin Preiss,union,77,49,4,62,19,9.53326030882014,1.53982052288998,7.99343978593016,5.21027911018458,24.6288744881403,32,0.506493506493506,0.428571428571429,-0.166455055315977,66,731,1,0,10,0.97401535366368,0.0259846463363199,43,1.0,0,0,1,5,1.0,1,0,0.0232558139534884,43,53,2,1,9.5,65,1.5,52,8.0,75,-0.2,17,24.6,72,50.6,45,42.9,32,2.6,79,10,83,1,24,0,0,1,28,43,0.035809779602092556,0.22170372811209627,-0.0038710477980459772
2026,mhanscom,Max Hanscom,windchill,65,71,6,38,45,9.36448962500099,0.413823543413591,8.9506660815874,2.68618307174697,23.5761628846158,26,0.538461538461538,0.535211267605634,0.9678683320207,94,534,0,2,11,0.978122722545367,-0.0235772679999121,21,0.954545454545455,1,0,0,3,0.0,0,0,0.0,22,32,1,1,9.4,64,0.4,35,9.0,78,1.0,46,23.6,68,53.8,52,53.5,68,-2.4,27,11,85,0,0,2,35,1,28,22,0.018810161064254136,0.42565861931822685,0.04399401509185
2026,nstoppel,Nolan Stoppel,cascades,88,37,5,72,2,9.4071578550071,3.45108800323296,5.95606985177414,4.19564740321587,16.7916504369406,45,0.522727272727273,0.459459459459459,6.28508227200541,350,489,1,6,6,0.950176666625313,0.0325819540643419,55,0.982142857142857,1,0,0,3,0.0,1,0,0.0172413793103448,58,63,1,0,9.4,64,3.5,67,6.0,65,6.3,86,16.8,44,52.3,48,45.9,44,3.3,86,6,68,1,24,6,69,0,0,58,0.05950151729712,0.16219237681046722,0.10836348744836914
2026,nlyle,Nathan Lyle,flyers,102,76,8,65,41,9.35721586310876,0.663682927637939,8.69353293547082,2.14785113411028,14.1485846324834,39,0.588235294117647,0.539473684210526,3.83754360684334,53,617,1,7,10,0.966489773015095,0.00970070317538074,41,0.976190476190476,1,0,0,2,0.0,0,0,0.0,42,52,0,2,9.4,64,0.7,39,8.7,76,3.8,75,14.1,34,58.8,71,53.9,69,1.0,57,10,83,1,24,7,75,2,48,42,0.015801974467569976,0.2227908538835419,0.09137008587722238
2026,skelly,Steven Kelly,havoc,73,143,7,30,107,9.42019884067633,2.2141460324533,7.20605280822303,6.20898719085974,27.3062455297418,28,0.383561643835616,0.335664335664336,0.69522198837093,175,399,5,3,5,0.928278847534404,0.0161655969100404,33,0.942857142857143,2,0,0,2,0.0,0,0,0.0,36,39,0,2,9.4,64,2.2,59,7.2,71,0.7,40,27.3,81,38.4,17,33.6,10,1.6,66,5,61,5,61,3,46,2,48,36,0.06150405645703611,0.26167219001878694,0.0193117218991925
2026,svandusen,Sam VanDusen,apex,54,79,3,27,50,9.2782071182055,5.48605833696732,3.79214878123818,3.16872126154288,30.9608060833587,48,0.425925925925926,0.392405063291139,-1.62892016295597,862,333,9,2,2,0.902225617696801,-0.011981715257777,70,0.886075949367089,9,0,6,0,0.5,13,1,0.158536585365854,82,60,0,2,9.3,63,5.5,76,3.8,50,-1.6,4,31.0,89,42.6,26,39.2,21,-1.2,36,2,30,9,80,2,35,2,48,82,0.06690315045082097,0.11314886729518903,-0.019864880036048416
2026,ghaflin,Gustav Haflin,glory,63,148,8,1,121,9.25694375058808,3.89670404276473,5.36023970782335,2.62701629083233,22.4755814129094,23,0.571428571428571,0.513513513513513,0.345073633563839,210,422,4,1,4,0.949724780022241,0.0502752199777594,26,1.0,0,0,1,2,1.0,1,0,0.0384615384615385,26,29,0,6,9.3,63,3.9,69,5.4,63,0.3,33,22.5,64,57.1,64,51.4,62,5.0,94,4,53,4,56,1,22,6,89,26,0.14987323241402808,0.35603629809954157,0.013272062829378425
2026,sstark,Sam Stark,radicals,80,90,6,49,57,9.30098281191255,5.5026536604516,3.79832915146094,4.37619343287323,19.4881655312604,45,0.575,0.477777777777778,4.00820277170205,533,301,7,4,2,0.939590513684605,0.00846143436734259,73,0.948051948051948,4,0,1,2,0.333333333333333,3,0,0.038961038961039,77,72,2,3,9.3,63,5.5,76,3.8,51,4.0,76,19.5,53,57.5,66,47.8,51,0.8,56,2,30,7,72,4,56,3,64,77,0.07146303455131947,0.12079198457029287,0.05205458145067597
2026,wellard,Walter Ellard,hustle,47,88,5,1,77,9.3332233533726,7.02953065397713,2.30369269939547,2.33957480956492,27.7894817128008,29,0.659574468085106,0.568181818181818,2.86337994523657,437,199,5,7,0,0.938592129700561,0.0221921840249287,49,0.96078431372549,2,0,3,0,0.75,4,0,0.0784313725490196,51,42,0,7,9.3,63,7.0,82,2.3,37,2.9,69,27.8,83,66.0,89,56.8,78,2.2,74,0,0,5,61,7,75,7,92,51,0.13783393439170843,0.18300437947789414,0.056144704808560195
2026,nhsieh,Nathan Hsieh,rush,69,88,5,19,60,9.33390304102248,4.11481107348099,5.21909196754149,3.24503785558602,20.7868726782247,37,0.550724637681159,0.613636363636364,3.37764698774447,284,391,9,4,5,0.924802857956243,0.00701532386193926,39,0.928571428571429,3,0,2,1,0.666666666666667,3,0,0.0681818181818182,44,45,0,6,9.3,64,4.1,70,5.2,62,3.4,72,20.8,59,55.1,57,61.4,90,0.7,54,5,61,9,80,4,56,6,89,44,0.09351843348820431,0.2121341600232382,0.07676470426691978
2026,jmerrill,Joe Merrill,shred,77,150,7,9,126,9.25674745503525,-0.243216494783765,9.49996394981902,2.53462545369552,18.2093991269303,35,0.584415584415584,0.553333333333333,4.04863087915453,59,681,3,3,6,0.955936445830463,-0.00355549344951045,39,0.951219512195122,2,0,0,7,0.0,0,0,0.0,42,49,0,4,9.3,63,-0.2,17,9.5,79,4.0,76,18.2,48,58.4,69,55.3,74,-0.4,44,6,68,3,49,3,46,4,75,42,-0.005790868923422976,0.2203987489294107,0.09639597331320308
2026,ndick,Nathanial Dick,glory,75,24,4,66,0,9.18658754195758,4.29462446536517,4.89196307659241,2.60704999188817,19.5949309456663,48,0.626666666666667,0.375,5.22514797540252,507,487,4,8,4,0.95260839844555,0.0230013576520108,79,0.975308641975309,2,0,2,0,1.0,2,0,0.024390243902439,82,79,1,0,9.2,63,4.3,70,4.9,60,5.2,82,19.6,54,62.7,83,37.5,17,2.3,75,4,53,4,56,8,78,0,0,82,0.05237346908981915,0.11203155538972659,0.06372131677320146
2026,jcarrico,Jake Carrico,radicals,50,74,6,24,56,9.17451636628119,6.95546852861984,2.21904783766136,4.31668986856797,26.2574602560522,32,0.62,0.445945945945946,2.60736297179303,416,177,9,4,3,0.89382826432981,0.0436717356701897,44,0.936170212765957,3,0,3,0,1.0,3,0,0.0625,48,42,0,2,9.2,63,7.0,82,2.2,36,2.6,66,26.3,78,62.0,81,44.6,40,4.4,92,3,43,9,80,4,56,2,48,48,0.14490559434624667,0.19113575763085813,0.054320061912354785
2026,vsauv,Victor Sauvé,royal,42,26,3,33,10,9.11060359551379,0.226635083937094,8.88396851157669,2.61695732316327,34.6662183966309,23,0.595238095238095,0.461538461538462,1.50906195659386,89,573,3,0,9,0.966217541311189,-0.0495508746445228,21,0.91304347826087,2,0,1,5,1.0,1,0,0.0416666666666667,24,33,0,0,9.1,62,0.2,30,8.9,77,1.5,54,34.7,94,59.5,73,46.2,45,-5.0,16,9,81,3,49,0,0,0,0,24,0.009443128497378916,0.37960848314640794,0.06287758152474417
2026,jfroude,Jay Froude,apex,107,141,8,62,93,9.10567022422314,4.48009390803167,4.62557631619146,3.10979594144632,15.2641839800947,52,0.439252336448598,0.390070921985816,3.34194180398825,502,383,6,5,5,0.958059543032353,-0.00567859065140064,80,0.952380952380952,4,0,2,1,0.666666666666667,3,0,0.0357142857142857,84,79,1,7,9.1,62,4.5,72,4.6,58,3.3,72,15.3,38,43.9,29,39.0,21,-0.6,42,5,61,6,68,5,64,7,92,84,0.053334451286091315,0.10840083600265642,0.0397850214760506
2026,tgoss,Tony Goss,spiders,74,126,8,2,110,9.11479864142662,5.63886835796906,3.47593028345756,2.51303722714523,17.5539239269755,49,0.635135135135135,0.603174603174603,-0.568158756303636,343,108,5,4,5,0.953175859036065,0.0221327829392431,78,0.975,2,0,2,0,1.0,2,0,0.0246913580246914,81,71,1,4,9.1,62,5.6,77,3.5,47,-0.6,12,17.6,45,63.5,85,60.3,88,2.2,74,5,61,5,61,4,56,4,75,81,0.06961565874035877,0.11252837828921754,-0.0070143056333782225
2026,nlemarois,Nathanael Le Marois,royal,89,76,6,59,37,9.00294993772371,5.6771084948394,3.32584144288432,2.58603456100317,17.8905527686287,55,0.50561797752809,0.473684210526316,2.92165604881107,589,225,5,6,2,0.964847976150583,0.0118962098959287,83,0.976470588235294,2,0,2,1,1.0,2,0,0.0232558139534884,86,67,0,1,9.0,62,5.7,77,3.3,46,2.9,69,17.9,47,50.6,45,47.4,49,1.2,60,2,30,5,61,6,69,1,28,86,0.06601288947487674,0.10468546439213616,0.03397274475361709
2026,ezhuang,Eric Zhuang,rush,90,189,8,3,147,8.9984635897769,0.825728364612743,8.17273522516415,3.12841850430661,19.4436606169047,25,0.455555555555556,0.571428571428571,1.75196614924574,57,446,2,4,10,0.977032473102075,-0.0246515207211226,20,0.952380952380952,1,0,0,3,0.0,0,0,0.0,21,30,1,15,9.0,62,0.8,42,8.2,75,1.8,56,19.4,53,45.6,33,57.1,79,-2.5,27,10,83,2,38,4,56,15,100,21,0.03932039831489252,0.42849826617985237,0.08342695948789237
2026,tmackey,Tyler Mackey,phoenix,52,104,7,14,82,8.93431643515848,4.74524232589128,4.1890741092672,4.30713148209097,33.2314757814404,46,0.403846153846154,0.394230769230769,0.366755984890086,686,272,7,7,4,0.922871668317539,-0.021637100416304,72,0.9,8,0,3,0,0.5,7,1,0.0864197530864197,81,66,0,1,8.9,62,4.7,73,4.2,55,0.4,34,33.2,92,40.4,21,39.4,22,-2.2,28,4,53,7,72,7,75,1,28,81,0.05858323859125038,0.11030020290319112,0.0045278516653097034
2026,clankford,Carter Lankford,spiders,79,143,6,9,116,8.8448872696208,1.19269965876953,7.65218761085128,2.43862007849918,17.7186592118016,32,0.531645569620253,0.552447552447552,2.16075434169393,190,568,4,3,6,0.921882442198427,-0.0271456000931638,34,0.894736842105263,4,0,1,4,1.0,1,0,0.0263157894736842,38,43,2,15,8.8,61,1.2,47,7.7,73,2.2,61,17.7,46,53.2,50,55.2,74,-2.7,25,6,68,4,56,3,46,15,100,38,0.03138683312551395,0.23276019130581052,0.056861956360366575
2026,jmarsh1,John Marsh,union,99,42,5,81,2,8.7931821315606,1.68947051315542,7.10371161840518,4.80579903285875,18.7833365277524,62,0.494949494949495,0.404761904761905,5.7056153409743,673,625,3,8,8,0.971227047316571,-0.0309285398538847,125,0.93984962406015,8,0,1,2,0.5,2,0,0.0149253731343284,134,120,2,0,8.8,61,1.7,54,7.1,70,5.7,85,18.8,50,49.5,41,40.5,25,-3.1,24,8,77,3,49,8,78,0,0,134,0.012607988904144924,0.06562076217582538,0.04257921896249478
2026,mpoe,Michael Poe,hustle,45,99,5,3,89,8.8156807831002,1.58498100703349,7.23069977606671,2.20984154224209,26.2691615639959,32,0.666666666666667,0.494949494949495,4.34733453456942,225,360,1,4,9,0.944602158665758,0.0231397768181129,60,0.967741935483871,2,0,2,3,0.666666666666667,3,0,0.0483870967741935,62,64,0,3,8.8,61,1.6,53,7.2,72,4.3,78,26.3,78,66.7,90,49.5,56,2.3,76,9,81,1,24,4,56,3,64,62,0.02556420979086274,0.1421883997274226,0.07011829894466806
2026,kekwurtze,Karl Ekwurtzel,hustle,68,29,6,58,4,8.66000050459753,-0.251199389953513,8.91119989455104,2.1708169047572,18.5315814716258,34,0.617647058823529,0.413793103448276,2.72138251157359,73,645,3,5,7,0.978013853149605,-0.024525481056582,41,0.953488372093023,2,0,0,4,0.0,0,0,0.0,43,50,0,0,8.7,61,-0.3,17,8.9,77,2.7,67,18.5,50,61.8,79,41.4,27,-2.5,27,7,74,3,49,5,64,0,0,43,-0.005841846277988674,0.20139536057203558,0.06328796538543233
2026,sjonas,Sam Jonas,empire,74,143,7,8,113,8.59402756392429,6.71456374362708,1.87946382029721,2.35080479913239,18.4578102850133,39,0.540540540540541,0.503496503496504,0.218913474667053,283,48,5,2,2,0.968223425958358,0.0317765740416419,71,1.0,0,0,1,0,1.0,1,0,0.0140845070422535,71,58,0,5,8.6,61,6.7,81,1.9,33,0.2,29,18.5,50,54.1,53,50.3,60,3.2,86,2,30,5,61,2,35,5,82,71,0.09457132033277578,0.12104264174541253,0.0030832883755922955
2026,bhoffman,Ben Hoffman,shred,54,125,7,8,98,8.63423011039493,1.25860229103601,7.37562781935892,2.36417159668401,29.029684576411,31,0.481481481481481,0.472,0.688585586225984,191,396,3,3,5,0.958856189353202,0.00268227218525985,49,0.96078431372549,2,0,1,1,0.5,2,0,0.0384615384615385,52,49,0,7,8.6,61,1.3,49,7.4,72,0.7,40,29.0,85,48.1,39,47.2,49,0.3,50,5,61,3,49,3,46,7,92,52,0.02420389021223096,0.16604288673836404,0.013242030504345846
2026,sdavies,Steele Davies,hustle,72,169,8,0,144,8.58067441067583,1.22889925133165,7.35177515934418,2.15093209925607,18.1048384988766,40,0.569444444444444,0.50887573964497,3.4420000182802,242,489,8,4,7,0.949368787236186,-0.0622720130426379,54,0.885245901639344,7,0,1,4,0.333333333333333,3,0,0.0483870967741935,62,62,1,3,8.6,60,1.2,48,7.4,72,3.4,73,18.1,48,56.9,63,50.9,61,-6.2,12,7,74,8,76,4,56,3,64,62,0.019820955666639516,0.1383979743657392,0.055516129327100004
2026,nknutson,Nate Knutson,steel,211,114,8,159,7,8.58805735480336,-5.007244095395,13.5953014501984,3.56815518049862,7.83346205073402,98,0.402843601895735,0.482456140350877,4.83660287695682,3,994,1,7,15,0.97403728210279,-0.0436024994940946,107,0.930434782608696,8,0,0,3,0.0,0,0,0.0,115,128,3,3,8.6,61,-5.0,0,13.6,90,4.8,80,7.8,18,40.3,21,48.2,53,-4.4,18,15,93,1,24,7,75,3,64,115,-0.04354125300343479,0.07467875960698574,0.04205741632136365
2026,kpew,Kimball Pew,shred,64,131,8,9,102,8.46635456595177,3.68693732656106,4.77941723939071,2.31820495126503,21.636967403978,44,0.546875,0.473282442748092,5.45741512511935,465,262,8,6,3,0.93793168622139,-0.0114610979860958,63,0.926470588235294,5,0,1,2,0.5,2,0,0.0294117647058824,68,51,0,5,8.5,60,3.7,68,4.8,59,5.5,83,21.6,61,54.7,55,47.3,49,-1.1,37,3,43,8,76,6,69,5,82,68,0.05421966656707441,0.12450521420517309,0.0802561047811669
2026,eholmgren,Ethan Holmgren,phoenix,95,109,7,51,68,8.49094208810141,4.85784776247438,3.63309432562703,4.09338579461497,15.792452875674,72,0.452631578947368,0.44954128440367,-1.1312864814629,715,453,6,6,3,0.959353347234507,-0.00190653872386892,133,0.956834532374101,6,0,2,1,0.5,4,0,0.0283687943262411,141,118,3,4,8.5,60,4.9,74,3.6,49,-1.1,7,15.8,40,45.3,32,45.0,41,-0.2,45,3,43,6,68,6,69,4,75,141,0.034452821010456595,0.06021944743334333,-0.008023308379169503
2026,cmcsherry,Clint McSherry,thunderbirds,71,52,4,55,21,8.46738796609006,4.58743596345246,3.8799520026376,4.5291013726986,21.5652315165893,60,0.492957746478873,0.288461538461538,6.24958457520129,843,216,8,10,1,0.929212414013631,0.00603938454752029,127,0.933823529411765,9,0,6,1,0.461538461538462,13,0,0.0935251798561151,139,111,0,0,8.5,60,4.6,73,3.9,52,6.2,86,21.6,61,49.3,41,28.8,5,0.6,54,1,15,8,76,10,84,0,0,139,0.03300313642771554,0.06091646018769827,0.0449610401093618
2026,tlynch,Trevor Lynch,flyers,40,25,3,28,14,8.4828473884643,4.57340420510691,3.90944318335739,1.94714898644481,37.2162052493078,24,0.65,0.6,1.86173497198963,320,287,6,3,4,0.929929374707512,0.0200706252924876,38,0.95,2,0,2,1,0.666666666666667,3,0,0.075,40,43,0,1,8.5,60,4.6,73,3.9,52,1.9,57,37.2,97,65.0,87,60.0,86,2.0,71,4,53,6,68,3,46,1,28,40,0.11433510512767275,0.21207118471160752,0.046543374299740745
2026,sdavies1,Sam Davies,phoenix,61,120,8,15,96,8.445783371665,1.74912239393995,6.69666097772505,4.07161529536462,27.1152537423221,19,0.360655737704918,0.441666666666667,-1.67744791724128,105,282,3,0,6,0.936757513784843,0.0632424862151575,14,1.0,0,0,1,4,1.0,1,0,0.0666666666666667,15,19,0,4,8.4,60,1.7,55,6.7,69,-1.7,4,27.1,80,36.1,14,44.2,38,6.3,97,6,68,3,49,0,0,4,75,15,0.11660815959599667,0.5630522247776667,-0.11182986114941866
2026,tmitchell,Terrence Mitchell,flyers,93,33,6,77,0,8.28216223269594,-2.46250840943535,10.7446706421313,1.90108380576264,14.2457472828075,37,0.591397849462366,0.545454545454545,2.68959055171621,67,613,0,4,10,0.935798636992872,-0.057749856505067,35,0.875,5,0,0,2,0.0,4,1,0.0975609756097561,41,49,0,0,8.3,59,-2.5,1,10.7,83,2.7,67,14.2,34,59.1,72,54.5,71,-5.8,13,10,83,0,0,4,56,0,0,41,-0.06006118071793537,0.20200395689502293,0.0655997695540539
2026,klew,Kyle  Lew,spiders,45,66,3,5,54,8.34845255995412,7.109699402563,1.23875315739112,2.30174827745146,23.7975525392896,36,0.733333333333333,0.651515151515151,5.48416362443757,586,43,7,8,1,0.926867121061416,0.0325923383980435,71,0.959459459459459,3,0,2,0,1.0,2,0,0.027027027027027,74,64,0,1,8.3,60,7.1,83,1.2,24,5.5,83,23.8,69,73.3,97,65.2,94,3.3,86,1,15,7,72,8,78,1,28,74,0.09607701895355406,0.1128169264858665,0.07411031924915634
2026,pzaccardi,Pete Zaccardi,thunderbirds,95,119,6,53,73,8.06561399777348,-0.864776769740123,8.9303907675136,4.31419743317149,17.6879401495331,62,0.4,0.436974789915966,-1.86109610524228,228,521,4,2,9,0.938640337619364,0.00759622152042139,87,0.945652173913043,5,1,0,7,0.0,4,1,0.043010752688172,93,75,0,2,8.1,59,-0.9,7,8.9,78,-1.9,3,17.7,46,40.0,19,43.7,36,0.8,55,9,81,4,56,2,35,2,48,93,-0.009298674943442182,0.08672703223412345,-0.020011786077873978
2026,abarcio,Aaron Barcio,sol,35,57,3,5,43,8.05525878189234,4.46434358475267,3.59091519713967,2.19890712272072,30.758369770945,25,0.6,0.578947368421053,4.80147914877742,314,235,5,6,3,0.936633349228484,-0.0255222381173733,41,0.911111111111111,4,0,2,1,0.666666666666667,3,0,0.0666666666666667,45,44,0,1,8.1,59,4.5,72,3.6,48,4.8,80,30.8,88,60.0,74,57.9,82,-2.6,27,3,43,5,61,6,69,1,28,45,0.099207635216726,0.17900575070871866,0.10669953663949823
2026,ebembenis,Evan Bembenista,rush,123,150,8,52,97,7.95695592085863,-2.02652644225543,9.98348236311406,2.76632648367291,11.4561206410868,69,0.463414634146341,0.56,1.85595998989646,334,835,5,7,8,0.947869148125981,-0.0603691481259809,71,0.8875,9,1,2,7,0.666666666666667,3,0,0.0375,80,87,3,5,8.0,59,-2.0,2,10.0,81,1.9,57,11.5,27,46.3,34,56.0,75,-6.0,12,8,77,5,61,7,75,5,82,80,-0.025331580528192878,0.09946194901073288,0.023199499873705752
2026,arosentha,Aaron Rosenthal,spiders,75,134,8,0,120,7.92940358030212,-0.138667437229699,8.06807101753182,2.18621246286127,14.9673560171175,17,0.653333333333333,0.582089552238806,0.0249467361147999,-8,323,0,1,14,0.983884207477315,0.0161157925226852,5,1.0,0,0,0,3,0.0,0,0,0.0,5,18,0,3,7.9,59,-0.1,18,8.1,75,0.0,23,15.0,36,65.3,88,58.2,83,1.6,65,14,91,0,0,1,22,3,64,5,-0.027733487445939797,1.585880716060424,0.00498934722295998
2026,jmast,Jonathan Mast,alleycats,130,52,6,108,0,7.92192783895463,6.4049697965874,1.51695804236723,4.29742502397443,10.3856492860904,113,0.553846153846154,0.461538461538462,10.8143187135516,1455,238,2,14,3,0.958997989043145,0.00989089984574421,216,0.968609865470852,7,0,6,0,0.857142857142857,7,0,0.0311111111111111,225,192,1,0,7.9,59,6.4,80,1.5,28,10.8,95,10.4,24,55.4,58,46.2,45,1.0,57,3,43,2,38,14,92,0,0,225,0.02846653242927733,0.03520856817313169,0.048063638726896
2026,aolcese,Angelo Olcese,flyers,76,119,6,12,89,7.86389282403015,3.79804947993455,4.0658433440956,1.80507443321964,16.2868981893718,48,0.565789473684211,0.579831932773109,4.42127860816148,233,248,4,7,2,0.963153975051693,-0.00601111790883624,67,0.957142857142857,3,0,0,0,0.0,1,0,0.0142857142857143,70,50,0,7,7.9,59,3.8,68,4.1,54,4.4,78,16.3,41,56.6,61,58.0,82,-0.6,42,2,30,4,56,7,75,7,92,70,0.054257849713350716,0.11234132605757356,0.06316112297373544
2026,mosborne,Marcel Osborne,growlers,67,28,3,58,1,7.7862865787771,-0.251565360010235,8.03785193878734,2.7272072128192,21.0793833640412,44,0.522388059701492,0.428571428571429,3.9417056252235,271,652,4,8,6,0.951782893048719,-0.0455328930487188,58,0.90625,6,0,0,4,0.0,1,0,0.015625,64,69,1,0,7.8,58,-0.3,16,8.0,75,3.9,75,21.1,60,52.2,48,42.9,32,-4.6,17,6,68,4,56,8,78,0,0,64,-0.003930708750159922,0.12166072779339218,0.061589150394117186
2026,esaunders,Everett Saunders,shred,58,90,6,5,70,7.68688270828731,4.32340285560777,3.36347985267954,2.10477477825096,20.1550916064127,46,0.568965517241379,0.588888888888889,-0.279129603588703,599,143,12,1,2,0.891433710686925,-0.0414337106869248,68,0.860759493670886,11,0,6,1,0.6,10,0,0.126582278481013,79,67,0,2,7.7,58,4.3,70,3.4,46,-0.3,15,20.2,57,56.9,63,58.9,85,-4.1,20,2,30,12,88,1,22,2,48,79,0.05472661842541481,0.0973023127631305,-0.003533286121375987
2026,rmcleod,Ricky McLeod,cascades,81,130,6,18,91,7.72539013409098,1.64595626118429,6.07943387290669,3.44556916706527,16.4020531789214,39,0.493827160493827,0.561538461538462,0.847753798985103,217,359,6,8,3,0.890271710544105,0.00556162278922856,42,0.893617021276596,5,0,0,3,0.0,0,0,0.0,48,46,1,10,7.7,58,1.6,54,6.1,66,0.8,43,16.4,42,49.4,41,56.2,76,0.6,53,3,43,6,68,8,78,10,98,48,0.034290755441339374,0.16094562779356208,0.01766153747885631
2026,cwhite,Cade White,sol,74,137,7,6,100,7.65464466457837,0.868651232702848,6.78599343187552,2.08954834730752,15.1181503009115,35,0.527027027027027,0.569343065693431,3.31078630666493,145,405,2,4,6,0.972597272961283,-0.0213777607661606,39,0.951219512195122,2,0,0,0,0.0,0,0,0.0,41,43,0,4,7.7,58,0.9,44,6.8,70,3.3,72,15.1,37,52.7,49,56.9,78,-2.1,28,6,68,2,38,4,56,4,75,41,0.021186615431776783,0.18669865035557,0.08075088552841293
2026,bthibodea,Brock Thibodeaux,havoc,74,71,5,49,34,7.73624991352517,1.70598353095766,6.03026638256752,5.09907247509001,25.2061654311587,31,0.297297297297297,0.380281690140845,2.10021973252625,273,423,1,4,4,0.907275529479671,0.0275070792159809,42,0.933333333333333,3,0,0,4,0.0,1,0,0.0217391304347826,46,49,0,3,7.7,58,1.7,54,6.0,66,2.1,60,25.2,74,29.7,6,38.0,18,2.8,81,4,53,1,24,4,56,3,64,46,0.03708659849907957,0.16817934594619935,0.04565695070709239
2026,isweeney,Ian Sweeney,cascades,80,137,5,6,100,7.61898192999144,3.55371677932211,4.06526515066933,3.39811048591074,17.0736927525365,56,0.475,0.62043795620438,2.23610549516315,718,225,10,8,3,0.864641073917734,-0.0158038646154085,73,0.848837209302326,13,0,9,0,1.0,9,0,0.104651162790698,86,62,1,6,7.6,58,3.6,67,4.1,54,2.2,62,17.1,45,47.5,37,62.0,91,-1.6,32,3,43,10,84,8,78,6,89,86,0.041322288131652445,0.08859281313943534,0.026001226687943604
2026,bdial,Brandon Dial,sol,60,111,7,5,87,7.55743078103067,5.91520695120882,1.64222382982186,2.06301111160245,19.6719811329261,48,0.55,0.54954954954955,2.28263697458545,403,42,7,5,2,0.955850303630046,0.0122348027529326,89,0.967391304347826,3,0,2,1,1.0,3,1,0.0319148936170213,94,87,0,5,7.6,57,5.9,79,1.6,30,2.3,62,19.7,55,55.0,56,55.0,73,1.2,61,2,30,7,72,5,64,5,82,94,0.06292773352349808,0.08039819979819861,0.024283372070057978
2026,jweis,Jeff Weis,union,70,106,6,34,81,7.61972268292454,2.50924250537631,5.11048017754823,4.16446007285778,20.7470586090899,42,0.528571428571429,0.386792452830189,4.07591162804529,201,346,1,6,5,0.979052446110696,0.00983644277819296,89,0.988888888888889,1,0,0,1,0.0,0,0,0.0,90,88,1,2,7.6,58,2.5,61,5.1,61,4.1,77,20.7,59,52.9,49,38.7,20,1.0,57,5,61,1,24,6,69,2,48,90,0.027880472281959,0.08466358536582823,0.045287906978281
2026,dramsey,Dean Ramsey,hustle,62,148,7,5,128,7.49831902259044,1.97877165954018,5.51954736305027,1.87961625208454,18.291971880526,17,0.580645161290323,0.47972972972973,0.717534676151375,177,274,0,2,6,0.940193591243235,0.0598064087567654,15,1.0,0,0,2,1,1.0,2,0,0.117647058823529,17,18,0,8,7.5,57,2.0,57,5.5,64,0.7,41,18.3,49,58.1,67,48.0,52,6.0,96,6,68,0,0,2,35,8,94,17,0.11639833291412824,0.44107758956414356,0.04220792212655147
2026,jwhealan,James Whealan,spiders,61,102,6,7,82,7.44042818520821,2.62347501362273,4.81695317158549,2.05139726623761,16.3710052623492,26,0.688524590163934,0.627450980392157,2.6551317324371,125,324,4,4,4,0.942808331722758,0.0571916682772415,35,1.0,0,0,2,1,1.0,2,0,0.0571428571428571,35,35,0,8,7.4,57,2.6,62,4.8,59,2.7,67,16.4,42,68.9,95,62.7,92,5.7,96,4,53,4,56,4,56,8,94,35,0.07495642896064943,0.2125836624345203,0.07586090664106
2026,rflick,Ryan Flick,hustle,52,39,4,34,19,7.41118599981215,5.68973087903449,1.72145512077765,1.85777447058472,20.9195213445455,41,0.576923076923077,0.564102564102564,5.36264130660969,567,37,4,3,2,0.970703229461709,-0.000406199758738457,97,0.97,3,0,0,0,0.0,0,0,0.0,101,84,0,2,7.4,57,5.7,78,1.7,31,5.4,83,20.9,59,57.7,66,56.4,77,0.0,46,2,30,4,56,3,46,2,48,101,0.05633396909935138,0.07337807920606089,0.05309545848128405
2026,jreinhard,Jake Reinhardt,flyers,63,103,5,0,80,7.42295927800223,4.4407759820223,2.98218329597992,1.70386274474752,17.7192846007528,46,0.619047619047619,0.660194174757282,3.52977174775471,586,217,8,6,4,0.89502675689164,-0.0450267568916398,51,0.85,9,0,4,1,0.444444444444444,9,0,0.15,60,52,1,5,7.4,57,4.4,71,3.0,43,3.5,73,17.7,46,61.9,80,66.0,95,-4.5,17,4,53,8,76,6,69,5,82,60,0.074012933033705,0.12371598796670383,0.05882952912924517
2026,kchunmoy,Kainoa Chun-Moy,radicals,55,33,3,42,15,7.28983212057577,2.79423051014932,4.49560161042645,3.4299295136803,21.6836596330265,36,0.545454545454545,0.424242424242424,1.06859479532855,421,484,4,3,1,0.921493266654535,0.00707816191689326,64,0.927536231884058,5,0,4,0,0.666666666666667,6,0,0.0857142857142857,70,65,0,0,7.3,57,2.8,63,4.5,58,1.1,47,21.7,61,54.5,54,42.4,31,0.7,54,1,15,4,56,3,46,0,0,70,0.03991757871641886,0.10414045886536814,0.015265639933265
2026,blewis,Ben Lewis,havoc,101,52,4,81,2,7.27122958764254,-1.82657760710376,9.0978071947463,4.7925709568389,14.7138096197424,53,0.396039603960396,0.480769230769231,2.35425647703746,177,767,5,2,6,0.932186948664536,-0.050608001296115,67,0.881578947368421,9,0,1,5,0.5,2,0,0.0263157894736842,76,79,2,1,7.3,56,-1.8,3,9.1,78,2.4,63,14.7,36,39.6,19,48.1,52,-5.1,15,6,68,5,61,2,35,1,28,76,-0.02403391588294421,0.09567407352161236,0.030977058908387634
2026,elheureux,Eugene L'Heureux,shred,88,185,9,10,147,7.29960478607911,2.85773681333947,4.44186797273963,1.99873272794643,13.8381484349831,58,0.534090909090909,0.518918918918919,4.88909347361306,721,303,10,5,3,0.914088918193029,-0.044523700801725,80,0.869565217391304,12,0,4,1,0.444444444444444,9,0,0.0978260869565217,92,80,2,3,7.3,57,2.9,64,4.4,57,4.9,81,13.8,33,53.4,51,51.9,64,-4.5,18,3,43,10,84,5,64,3,64,92,0.03106235666673337,0.07934353028346859,0.05314232036535935
2026,mdavis,Micah Davis,windchill,31,32,2,16,22,7.1908897015937,4.69263952315764,2.49825017843605,2.06269075632817,31.8253013748394,22,0.645161290322581,0.59375,5.19555158535161,402,160,5,5,2,0.936382711561522,0.0365902614114514,35,0.972222222222222,1,0,4,0,1.0,4,0,0.108108108108108,37,39,0,1,7.2,56,4.7,73,2.5,39,5.2,82,31.8,90,64.5,86,59.4,85,3.7,89,2,30,5,61,5,64,1,28,37,0.12682809522047675,0.19434837031334323,0.14042031311761108
2026,oerdman,Owen Erdman,phoenix,30,10,2,28,0,7.16671225517114,1.19858256488737,5.96812969028377,3.45498978028835,35.9631336976993,18,0.6,0.2,1.14846584559149,92,442,3,3,7,0.901310233227619,0.0398662373606158,16,0.941176470588235,1,0,2,3,1.0,2,0,0.117647058823529,17,23,0,0,7.2,56,1.2,47,6.0,66,1.1,49,36.0,95,60.0,74,20.0,1,4.0,90,7,74,3,49,3,46,0,0,17,0.07050485675808059,0.4215713091277141,0.06755681444655824
2026,blamberty,Brandon Lamberty,breeze,55,112,7,1,94,7.14288348284093,5.32778513878034,1.8150983440606,1.94730853106829,19.8088099927438,33,0.618181818181818,0.508928571428571,1.62649525425472,377,71,5,4,3,0.898640646473173,0.0281886218195097,38,0.926829268292683,3,0,3,0,0.5,6,0,0.146341463414634,41,30,0,3,7.1,56,5.3,76,1.8,32,1.6,55,19.8,55,61.8,80,50.9,61,2.8,83,3,43,5,61,4,56,3,64,41,0.12994597899464244,0.17421667031319343,0.039670615957432195
2026,bpastor,Brandon Pastor,phoenix,74,80,7,46,50,7.11771843474817,0.533714327655415,6.58400410709276,3.43137042139244,15.9780590397673,42,0.540540540540541,0.3875,3.56905178929182,73,391,6,2,8,0.969278249581232,-0.00436596887947782,55,0.964912280701754,2,0,0,2,0.0,0,0,0.0,57,66,0,0,7.1,56,0.5,37,6.6,69,3.6,73,16.0,41,54.1,53,38.8,21,-0.4,43,8,77,6,68,2,35,0,0,57,0.009363409257112544,0.12487225324119597,0.06261494367178631
2026,mbennett1,Matt Bennett,havoc,55,41,3,39,16,6.86130547545593,6.55090620757536,0.310399267880567,4.52238413755425,23.6668354704343,46,0.509090909090909,0.390243902439024,3.98778968765829,725,-33,7,10,0,0.939000626051774,0.00217584453646125,112,0.941176470588235,7,0,3,0,0.6,5,0,0.0420168067226891,119,104,0,3,6.9,56,6.6,81,0.3,11,4.0,76,23.7,69,50.9,46,39.0,21,0.2,49,0,0,7,72,10,84,3,64,119,0.0550496319964316,0.05765802920551202,0.0335108377114142
2026,colsen,Christian Olsen,hustle,28,8,2,23,3,6.89287100931644,4.59131414899664,2.30155686031981,1.72784757938422,31.8885726396531,21,0.75,0.625,4.99268528770027,312,170,4,5,1,0.941050702378292,0.0589492976217075,40,1.0,0,0,1,0,1.0,1,0,0.025,40,36,0,0,6.9,56,4.6,73,2.3,37,5.0,81,31.9,90,75.0,98,62.5,92,5.9,96,1,15,4,56,5,64,0,0,40,0.11478285372491599,0.17232177523291098,0.12481713219250674
2026,nceluch,Noah Celuch,thunderbirds,102,138,7,56,89,6.78346037476259,2.96603848258268,3.81742189217991,3.62838927636507,13.7942148379895,62,0.441176470588235,0.376811594202899,3.41690833055506,451,236,5,5,5,0.942509496613785,-0.00614586025014896,102,0.935779816513762,7,0,3,1,0.375,8,0,0.0727272727272727,110,92,0,4,6.8,55,3.0,65,3.8,51,3.4,73,13.8,33,44.1,29,37.7,18,-0.6,42,5,61,5,61,5,64,4,75,110,0.026963986205297094,0.06166782158875082,0.031062803005046002
2026,cvukovic,Charlie Vukovic,union,50,89,5,22,76,6.82488843341042,3.6205292533862,3.20435918002423,3.73005377824826,24.965848144473,26,0.56,0.348314606741573,1.9931834949509,238,201,5,2,4,0.935514716507496,0.0341822531894734,32,0.96969696969697,1,0,2,1,1.0,2,0,0.0606060606060606,33,33,0,3,6.8,55,3.6,67,3.2,45,2.0,59,25.0,74,56.0,59,34.8,11,3.4,87,4,53,5,61,2,35,3,64,33,0.1097130076783697,0.20681480101243696,0.06039949984699697
2026,rdunkerle,Roan Dunkerley,glory,55,50,5,34,36,6.78056957515218,2.49007224419581,4.29049733095637,1.92424921388501,16.9665759490193,29,0.672727272727273,0.48,0.595105533247025,149,401,2,2,3,0.950515594485186,0.0494844055148138,43,1.0,0,0,3,1,1.0,3,0,0.0697674418604651,43,43,0,1,6.8,55,2.5,61,4.3,55,0.6,39,17.0,45,67.3,93,48.0,52,4.9,94,3,43,2,38,2,35,1,28,43,0.05790865684176302,0.15768766453842278,0.013839663563884302
2026,sbontemps,Sofiène Bontemps,alleycats,53,24,2,45,1,6.7978948688711,0.368740811697143,6.42915405717396,3.68766847082124,22.0777457224012,34,0.490566037735849,0.416666666666667,4.70382358555834,230,486,0,7,6,0.914654912511597,0.00639771906735043,35,0.921052631578947,3,0,3,1,0.75,4,0,0.105263157894737,38,42,0,3,6.8,55,0.4,33,6.4,68,4.7,80,22.1,62,49.1,41,41.7,28,0.6,54,6,68,0,0,7,75,3,64,38,0.009703705570977448,0.17889197023345,0.1237848311989037
2026,ndahms,Nicholas Dahms,steel,95,168,9,42,125,6.8423135988573,1.55122684457262,5.29108675428468,2.84283577830366,12.7712338367988,51,0.442105263157895,0.363095238095238,4.17740001032577,312,445,4,2,6,0.953294195380447,-0.0442032862895378,59,0.907692307692308,6,0,1,0,0.5,2,0,0.0303030303030303,66,64,1,3,6.8,55,1.6,53,5.3,63,4.2,77,12.8,30,44.2,30,36.3,14,-4.4,18,6,68,4,56,2,35,3,64,66,0.023503437038979093,0.10367141816450454,0.06329393955039045
2026,aorme,Anton Orme,spiders,33,51,3,4,45,6.75290882298933,3.02224929969442,3.73065952329491,1.86184159752689,25.1977674244526,29,0.757575757575758,0.588235294117647,2.77649670611489,318,296,4,6,1,0.955881119919021,0.013815849777949,63,0.969230769230769,2,0,0,0,0.0,0,0,0.0,66,62,0,5,6.8,54,3.0,65,3.7,49,2.8,68,25.2,74,75.8,99,58.8,85,1.4,63,1,15,4,56,6,69,5,82,66,0.04579165605597606,0.10231680034832318,0.04206813191083167
2026,skaminsky,Sam Kaminsky,union,58,39,3,48,8,6.76273468181499,4.0504605968233,2.71227408499169,3.69608445578491,22.7359236071585,44,0.379310344827586,0.282051282051282,2.85422262138505,424,278,5,1,1,0.968928891314168,0.00575465298962963,76,0.974358974358974,2,0,2,0,0.666666666666667,3,0,0.0379746835443038,79,55,0,2,6.8,54,4.1,69,2.7,41,2.9,68,22.7,65,37.9,16,28.2,4,0.6,53,1,15,5,61,1,22,2,48,79,0.051271653124345576,0.08560423647867076,0.03612940027069684
2026,cbaker,Cullen Baker,union,120,64,5,96,9,6.77376142870469,6.42059836059287,0.353163068111818,3.70211098051115,11.480746935605,101,0.441666666666667,0.40625,5.62875031666475,1251,28,4,10,1,0.959801990742221,0.00155066626261025,198,0.961165048543689,8,1,2,0,0.285714285714286,7,0,0.0338164251207729,207,180,2,2,6.8,55,6.4,80,0.4,12,5.6,84,11.5,27,44.2,29,40.6,25,0.2,49,1,15,4,56,10,84,2,48,207,0.03101738338450662,0.03272348516282459,0.027192030515288644
2026,rwolfe,Ryan Wolfe,steel,84,155,9,36,115,6.77169208754807,0.56266120743727,6.2090308801108,2.81349404232983,15.4954793470821,44,0.404761904761905,0.316129032258064,3.05834430954662,376,569,7,4,3,0.941141778810383,-0.0554274930960971,61,0.884057971014493,8,0,3,3,0.75,5,1,0.0714285714285714,70,69,1,2,6.8,55,0.6,38,6.2,67,3.1,70,15.5,39,40.5,22,31.6,7,-5.5,14,3,43,7,72,4,56,2,48,70,0.008038017249103857,0.09673845839354385,0.04369063299352314
2026,mdillard,Michael Dillard,thunderbirds,95,89,5,69,41,6.67619234440156,2.21841989007425,4.45777245432731,3.57101293014113,14.5355882323834,65,0.421052631578947,0.303370786516854,3.97085318744128,566,452,5,6,4,0.947966037159997,-0.00678956657176211,110,0.94017094017094,7,0,4,0,0.666666666666667,6,0,0.0504201680672269,119,97,2,1,6.7,54,2.2,60,4.5,57,4.0,76,14.5,35,42.1,25,30.3,6,-0.7,41,4,53,5,61,6,69,1,28,119,0.01864218395020378,0.05610245667564336,0.033368514180178825
2026,jscheinbe,Jared Scheinberg,shred,47,98,7,9,73,6.706676908424,3.70889152250374,2.99778538592026,1.83638087615287,22.8530962073573,33,0.531914893617021,0.459183673469388,2.99374044527636,249,174,1,5,4,0.973467068032133,0.0265329319678673,65,1.0,0,0,1,0,1.0,1,0,0.0153846153846154,65,58,0,0,6.7,54,3.7,68,3.0,44,3.0,70,22.9,65,53.2,50,45.9,44,2.7,80,4,53,1,24,5,64,0,0,65,0.057059869576980615,0.10317964474498462,0.046057545311944004
2026,bsimmons,Benjamin Simmons,empire,62,124,8,1,108,6.65324118325505,1.47647879820366,5.17676238505138,1.81992333478615,14.4554150992867,35,0.661290322580645,0.508064516129032,4.52233993156413,276,178,2,8,3,0.971443107643916,-0.0125389980548749,70,0.958904109589041,3,0,0,1,0.0,0,0,0.0,73,66,0,6,6.7,54,1.5,52,5.2,62,4.5,79,14.5,35,66.1,90,50.8,61,-1.3,35,3,43,2,38,8,78,6,89,73,0.020225736961693972,0.09114029018157603,0.06194986207622096
2026,chawkins,Carter Hawkins,alleycats,118,44,5,100,0,6.61735471762317,6.09026334098356,0.527091376639608,3.58973047143808,9.4480371456895,93,0.559322033898305,0.431818181818182,10.3271707383164,1030,14,5,10,3,0.971151254663425,0.00225300065572354,183,0.973404255319149,5,0,0,0,0.0,1,0,0.00531914893617021,188,148,3,2,6.6,53,6.1,79,0.5,15,10.3,94,9.4,22,55.9,59,43.2,34,0.2,49,3,43,5,61,10,84,2,48,188,0.032395017771189145,0.035198695306506225,0.054931759246363836
2026,lstahl,Levi Stahl,steel,53,39,2,42,3,6.61807678001667,1.31704532102489,5.30103145899178,2.74967014913407,32.5723279751065,22,0.245283018867925,0.384615384615385,-0.919865618909213,176,422,1,1,4,0.970797094290289,-0.00651138000457518,27,0.964285714285714,1,0,0,4,0.0,0,0,0.0,28,32,0,1,6.6,54,1.3,49,5.3,63,-0.9,9,32.6,92,24.5,4,38.5,19,-0.7,41,4,53,1,24,1,22,1,28,28,0.04703733289374607,0.23635988500059538,-0.03285234353247189
2026,lgrench,Lincoln Grench,spiders,60,115,6,1,92,6.64805512501192,0.884159189117693,5.76389593589422,1.83293242939415,17.8340395772315,26,0.533333333333333,0.608695652173913,0.121583647537861,143,398,2,2,5,0.915014199798414,0.0323542212542176,35,0.945945945945946,2,0,1,4,1.0,1,0,0.0263157894736842,38,43,0,1,6.6,54,0.9,44,5.8,65,0.1,26,17.8,47,53.3,50,60.9,89,3.2,86,5,61,2,38,2,35,1,28,38,0.023267347082044552,0.17494881907926105,0.0031995696720489735
2026,aghitterm,Avi Ghitterman,alleycats,46,76,6,19,54,6.61623691495704,4.21310864498961,2.40312826996743,3.58912409465115,25.5845516422856,39,0.478260869565217,0.381578947368421,1.98185604292769,505,123,4,4,2,0.967162318611108,-0.00971551010047,93,0.958762886597938,4,0,1,0,0.5,2,0,0.0206185567010309,97,79,0,0,6.6,53,4.2,70,2.4,38,2.0,58,25.6,75,47.8,38,38.2,18,-1.0,39,2,30,4,56,4,56,0,0,97,0.04343410974216093,0.06820862798924783,0.02043150559719268
2026,cchanler,Cole Chanler,sol,69,80,5,29,56,6.52679030489727,1.20145031460303,5.32533999029423,1.78166910319566,15.2368587187437,46,0.550724637681159,0.6,0.539151821912401,295,280,6,1,4,0.956410279532214,-0.0386020603541317,67,0.917808219178082,6,0,1,3,1.0,1,0,0.0136986301369863,73,60,0,4,6.5,53,1.2,47,5.3,63,0.5,38,15.2,38,55.1,57,60.0,86,-3.9,21,4,53,6,68,1,22,4,75,73,0.01645822348771274,0.08940808636845575,0.007385641396060287
2026,rvickersb,Robin Vickers Batzdorf,spiders,73,116,6,8,90,6.4483079171147,-0.719567553724046,7.16787547083875,1.77786021230944,12.2909259571823,48,0.657534246575342,0.629310344827586,1.19518881539591,271,304,1,5,6,0.943907244017643,-0.0114748115852108,69,0.932432432432432,5,0,1,0,1.0,1,0,0.0135135135135135,74,69,0,4,6.4,53,-0.7,9,7.2,71,1.2,50,12.3,29,65.8,88,62.9,92,-1.1,37,6,68,1,24,5,64,4,75,74,-0.009723885861135756,0.08713929617722568,0.01615120020805284
2026,ccampbell1,Caleb Campbell,cascades,56,90,5,5,62,6.42231269228223,-0.901632951522424,7.32394564380465,2.86438900944688,21.7751137653973,29,0.410714285714286,0.622222222222222,-0.872361003050074,117,283,1,2,9,0.850641562157067,0.0114274033601746,23,0.851851851851852,4,0,0,3,0.0,0,0,0.0,29,31,1,5,6.4,53,-0.9,7,7.3,72,-0.9,9,21.8,61,41.1,22,62.2,92,1.1,60,9,81,1,24,2,35,5,82,29,-0.03109079143180772,0.22145905835455965,-0.030081413898278415
2026,jpolk,Jakeem Polk,hustle,68,150,8,1,134,6.37392515893097,2.87726406395441,3.49666109497656,1.59776254947315,12.5598174839043,33,0.661764705882353,0.52,2.30751007924291,303,199,2,5,3,0.954881117882272,-0.000335663336817782,42,0.954545454545455,2,0,0,3,0.0,1,0,0.0227272727272727,44,39,0,9,6.4,53,2.9,64,3.5,48,2.3,63,12.6,30,66.2,90,52.0,64,0.0,46,3,43,2,38,5,64,9,97,44,0.06539236508987295,0.1448619354302493,0.05244341089188432
2026,xpayne,Xavier Payne,alleycats,47,55,3,29,31,6.39738717307676,6.10403218116305,0.293354991913709,3.47040421025356,35.9687705797003,43,0.382978723404255,0.436363636363636,1.34023021529077,698,22,5,4,1,0.943249688289714,0.0297232846832589,107,0.972727272727273,3,0,4,0,0.8,6,1,0.0540540540540541,111,95,0,1,6.4,53,6.1,80,0.3,10,1.3,52,36.0,96,38.3,17,43.6,36,3.0,84,1,15,5,61,4,56,1,28,111,0.05499128091137883,0.05763411867636721,0.01207414608370063
2026,tnye,Thomas Nye,phoenix,89,60,5,65,14,6.2504674050777,4.55640270024988,1.69406470482782,3.01327864684211,12.5672366348526,53,0.449438202247191,0.433333333333333,1.51105301894983,703,170,6,6,2,0.934437964509095,0.0115079814368512,69,0.945205479452055,4,0,5,2,1.0,5,0,0.0675675675675676,74,58,1,1,6.3,52,4.6,73,1.7,31,1.5,54,12.6,30,44.9,31,43.3,35,1.2,60,2,30,6,68,6,69,1,28,74,0.06157300946283621,0.08446577574429324,0.020419635391213917
2026,ksuelflow,Kyle Suelflow,windchill,40,80,5,0,68,6.34399437125013,1.57244132571391,4.77155304553622,1.8197607098431,24.3560839324479,15,0.625,0.575,1.35594048372475,51,248,4,1,4,0.937314101461375,0.00713034298306914,17,0.944444444444444,1,0,0,1,0.0,1,0,0.0555555555555556,18,20,0,2,6.3,52,1.6,53,4.8,59,1.4,52,24.4,71,62.5,82,57.5,80,0.7,55,4,53,4,56,1,22,2,48,18,0.08735785142855056,0.3524441317361183,0.07533002687359722
2026,mfinke,Michael Finke,union,42,84,5,17,66,6.32223093894076,3.27560187988667,3.04662905905409,3.45533287918816,30.3654817917886,38,0.5,0.345238095238095,1.10933611162429,527,199,6,3,2,0.956532779442263,-0.0388857206187341,78,0.917647058823529,7,0,2,0,1.0,2,0,0.0235294117647059,85,67,0,1,6.3,52,3.3,66,3.0,44,1.1,48,30.4,88,50.0,42,34.5,11,-3.9,21,2,30,6,68,3,46,1,28,85,0.038536492704549064,0.07437918751695012,0.013051013077932822
2026,cughetta,Connor Ughetta,havoc,93,162,7,42,113,6.27735931522904,0.678382653538386,5.59897666169065,4.13749690849231,15.1892285180989,73,0.311827956989247,0.364197530864198,-2.69044315711256,599,489,7,1,4,0.913362896680426,-0.043362896680426,86,0.868686868686869,13,0,2,3,0.4,6,1,0.0594059405940594,101,66,0,4,6.3,52,0.7,40,5.6,64,-2.7,1,15.2,38,31.2,8,36.4,15,-4.3,19,4,53,7,72,1,22,4,75,101,0.006716659936023624,0.062152072428010297,-0.026638051060520397
2026,bgfroerer,Brian Gfroerer,havoc,134,81,6,106,2,6.23453102058265,-0.722398076585045,6.9569290971677,4.10926816965534,9.78952043139729,68,0.358208955223881,0.432098765432099,-0.99970879933351,254,775,5,4,5,0.922888117625506,0.00264379726811059,85,0.923913043478261,7,0,1,4,0.333333333333333,3,0,0.0319148936170213,94,96,2,0,6.2,52,-0.7,9,7.0,70,-1.0,8,9.8,23,35.8,13,43.2,34,0.3,50,5,61,5,61,4,56,0,0,94,-0.0076850859211174995,0.06632479809130479,-0.010635199992909681
2026,tli,Tommy Li,cascades,50,20,3,42,2,6.12223019007254,4.46093473712484,1.6612954529477,2.73055045899921,19.2945574227256,33,0.54,0.5,-0.543528780556433,368,145,5,2,1,0.923033167928487,0.0603001654048462,59,0.983333333333333,1,0,4,0,1.0,4,0,0.0666666666666667,60,55,0,0,6.1,52,4.5,72,1.7,30,-0.5,12,19.3,52,54.0,53,50.0,57,6.0,96,1,15,5,61,2,35,0,0,60,0.074348912285414,0.10203716983454234,-0.009058813009273884
2026,dloughnan,Drew Loughnane,phoenix,50,94,6,13,70,6.06533111922945,2.21842144465779,3.84690967457165,2.92402656683783,22.8541021846053,24,0.42,0.457446808510638,1.51270542781829,143,325,3,1,4,0.936684544801848,0.0288326965774626,27,0.964285714285714,1,0,2,2,0.666666666666667,3,0,0.103448275862069,29,32,2,3,6.1,51,2.2,60,3.8,51,1.5,54,22.9,66,42.0,24,45.7,44,2.9,83,4,53,3,49,1,22,3,64,29,0.0764972911950962,0.20914934893894654,0.052162256131665176
2026,adavis4,Alex Davis,empire,52,23,4,42,10,6.09741330667825,0.540968489895611,5.55644481678264,1.66788253319118,14.584290928464,24,0.711538461538462,0.478260869565217,1.4735484749255,78,418,3,3,5,0.961979459286233,0.00576247619763826,29,0.966666666666667,1,0,0,2,0.0,1,1,0.032258064516129,31,36,0,0,6.1,52,0.5,37,5.6,64,1.5,53,14.6,35,71.2,96,47.8,51,0.6,53,5,61,3,49,3,46,0,0,31,0.017450596448245516,0.19669075182833065,0.047533821771790316
2026,ofay,Oliver Fay,empire,25,42,3,0,37,5.95355144944448,2.73669396638746,3.21685748305702,1.62853065284385,32.9866645940574,14,0.68,0.619047619047619,-0.181900097871274,123,149,3,1,3,0.950596079480351,0.0494039205196488,19,1.0,0,0,0,0,0.0,0,0,0.0,19,21,1,5,6.0,51,2.7,63,3.2,45,-0.2,16,33.0,92,68.0,94,61.9,90,4.9,94,3,43,3,49,1,22,5,82,19,0.14403652454670843,0.31334481312865686,-0.009573689361646001
2026,khealey,Kevin Healey,breeze,48,101,7,0,86,6.04937423309424,1.86854149864469,4.18083273444955,1.64919364567933,19.4869101836195,18,0.625,0.485148514851485,-0.157174885492791,51,233,4,1,5,0.957155892710579,0.0428441072894208,18,1.0,0,0,0,1,0.0,0,0,0.0,18,22,0,2,6.0,51,1.9,56,4.2,55,-0.2,17,19.5,53,62.5,82,48.5,54,4.3,92,5,61,4,56,1,22,2,48,18,0.10380786103581612,0.33607634628301336,-0.008731938082932832
2026,jcercello,Joe Cercello,union,68,32,4,62,2,6.04323884396339,1.8722009702192,4.17103787374419,3.30285338767335,17.69632831656,47,0.426470588235294,0.25,3.13052524530314,558,483,6,5,0,0.902489926119105,-0.0476512164416857,53,0.854838709677419,9,0,6,0,0.545454545454545,11,0,0.17741935483871,62,56,1,0,6.0,51,1.9,56,4.2,54,3.1,71,17.7,46,42.6,26,25.0,2,-4.8,16,0,0,6,68,5,64,0,0,62,0.03019678984224516,0.09747159425747404,0.050492342666179676
2026,nlittle,Nate Little,alleycats,59,107,6,21,85,6.03175746762362,0.804115011285782,5.22764245633784,3.27206028720035,23.7242168527531,23,0.423728813559322,0.439252336448598,-0.933061004564386,272,492,0,2,4,0.881577705151102,-0.00657770515110212,21,0.875,3,0,1,5,0.5,3,1,0.12,25,28,1,6,6.0,51,0.8,42,5.2,62,-0.9,9,23.7,69,42.4,25,43.9,38,-0.7,41,4,53,0,0,2,35,6,89,25,0.03216460045143128,0.2412702987049448,-0.03732244018257544
2026,gturner,Graham Turner,breeze,41,13,3,36,0,5.90751190794979,1.08496022447213,4.82255168347765,1.61051882805777,19.3706104171229,17,0.658536585365854,0.384615384615385,0.497122785610876,156,386,1,1,4,0.961861283786519,-0.0144928627338871,18,0.947368421052632,1,0,0,3,0.0,0,0,0.0,19,23,0,0,5.9,51,1.1,46,4.8,59,0.5,37,19.4,52,65.9,89,38.5,19,-1.4,33,4,53,1,24,1,22,0,0,19,0.057103169709059466,0.31092167936577847,0.026164357137414523
2026,plenz,Peter Lenz,growlers,89,72,6,50,41,5.85008876863019,-0.329957490357425,6.18004625898762,2.04903892555501,11.157250457978,52,0.51685393258427,0.625,1.07594816318311,403,424,5,3,7,0.941565398819659,-0.100985688674732,57,0.838235294117647,11,0,0,2,0.0,3,0,0.0434782608695652,69,62,1,2,5.9,50,-0.3,15,6.2,67,1.1,48,11.2,26,51.7,47,62.5,92,-10.1,6,7,74,5,61,3,46,2,48,69,-0.004781992613875724,0.08478389519753898,0.015593451640334929
2026,swhitcomb,Spencer Whitcomb,phoenix,67,96,6,34,58,5.88032837648501,1.89831427987342,3.98201409661159,2.83483886643222,23.4871050918083,22,0.253731343283582,0.385416666666667,-0.104880182404319,73,420,2,0,5,0.943243295463095,0.0567567045369048,13,1.0,0,0,1,4,1.0,1,0,0.0769230769230769,13,21,2,1,5.9,51,1.9,56,4.0,53,-0.1,19,23.5,68,25.4,4,38.5,20,5.7,95,5,61,2,38,0,0,1,28,13,0.14602417537487847,0.45233295203730844,-0.008067706338793768
2026,kconniff,Kyle Conniff,radicals,25,67,6,0,61,5.79930500382357,1.48778402787857,4.31152097594499,2.72862352142579,29.1508421386073,10,0.68,0.432835820895522,1.70508010928782,28,138,2,1,5,0.952830490219861,0.0471695097801387,6,1.0,0,0,0,2,0.0,0,0,0.0,6,9,0,3,5.8,50,1.5,52,4.3,56,1.7,55,29.2,85,68.0,94,43.3,35,4.7,94,5,61,2,38,1,22,3,64,6,0.24796400464642832,0.966550833970595,0.2841800182146367
2026,jthorne,Jake Thorne,flyers,50,62,4,10,42,5.78649505348938,0.958111538516685,4.82838351497269,1.32822948032659,20.1473215208255,19,0.54,0.693548387096774,-0.448794218916054,51,247,1,1,5,0.97231854799003,-0.0311420774017951,16,0.941176470588235,1,0,0,2,0.0,0,0,0.0,17,22,0,1,5.8,50,1.0,45,4.8,60,-0.4,13,20.1,57,54.0,53,69.4,97,-3.1,24,5,61,1,24,1,22,1,28,17,0.05635950226568735,0.34038206196996357,-0.026399659936238468
2026,jlyle,Jonathan Lyle,growlers,44,20,2,36,1,5.7648600017298,1.82340316708391,3.94145683464589,2.01918688948123,23.8043145325075,31,0.545454545454545,0.4,-0.939663214688274,266,398,3,4,3,0.949104187843262,-0.0280515562643147,35,0.921052631578947,3,0,1,3,0.5,2,0,0.0526315789473684,38,40,1,0,5.8,50,1.8,56,3.9,52,-0.9,8,23.8,69,54.5,54,40.0,23,-2.8,25,3,43,3,49,4,56,0,0,38,0.04798429387062921,0.1517068421507842,-0.024727979333901945
2026,bgessner,Brendan Gessner,thunderbirds,55,56,4,37,29,5.70057544611591,0.691199001325401,5.00937644479051,3.04916748607393,19.3501966323139,20,0.472727272727273,0.321428571428571,2.18565790299183,119,432,0,2,6,0.971081038589997,-0.0127477052566636,22,0.956521739130435,1,0,0,4,0.0,0,0,0.0,24,30,0,1,5.7,50,0.7,40,5.0,61,2.2,61,19.4,52,47.3,37,32.1,7,-1.3,35,6,68,0,0,2,35,1,28,24,0.028799958388558377,0.23752397692149627,0.09106907929132625
2026,mbrownlee,Marques Brownlee,empire,75,149,8,7,123,5.65344251127014,4.45064245064106,1.20280006062909,1.54643904598372,10.7060004657018,46,0.613333333333333,0.503355704697987,6.42675921164826,492,144,4,7,0,0.939092061314235,-0.020173142395316,68,0.918918918918919,6,0,0,0,0.0,4,0,0.0540540540540541,74,61,1,7,5.7,50,4.5,71,1.2,24,6.4,87,10.7,24,61.3,79,50.3,60,-2.0,29,0,0,4,56,7,75,7,92,74,0.06014381690055486,0.07639787177392081,0.08684809745470622
2026,jbrown,Jack Brown,cascades,62,99,5,19,67,5.55375861484269,2.41699047893865,3.13676813590404,2.47700881282117,16.1399010431341,18,0.451612903225806,0.525252525252525,1.57206443273541,220,223,2,1,2,0.902685017610456,0.0417594268339886,17,0.944444444444444,1,0,2,1,0.666666666666667,3,0,0.166666666666667,18,18,0,4,5.6,49,2.4,61,3.1,44,1.6,55,16.1,41,45.2,32,52.5,65,4.2,91,2,30,2,38,1,22,4,75,18,0.13427724882992498,0.30854214526903834,0.087336912929745
2026,eperry,Evan Perry,bighorns,92,146,7,44,88,5.60308893784876,1.65036705013731,3.95272188771146,5.7181004582993,15.9533114839361,42,0.293478260869565,0.417808219178082,0.313222984049857,394,574,6,4,5,0.876862803906173,-0.0141177058669569,43,0.86,7,0,7,5,0.7,10,0,0.196078431372549,51,50,4,5,5.6,50,1.7,54,4.0,52,0.3,32,16.0,41,29.3,6,41.8,28,-1.4,34,5,61,6,68,4,56,5,82,51,0.03236013823798647,0.10986448897742666,0.00614162713823249
2026,lbarry,Luke Barry,empire,51,94,7,0,78,5.58201207806037,5.00412151677711,0.577890561283255,1.52690001100337,15.2610612056013,31,0.647058823529412,0.542553191489362,2.3385097264669,220,110,6,3,1,0.961867654025032,0.00423404089022206,57,0.966101694915254,2,0,0,0,0.0,0,0,0.0,59,47,1,3,5.6,49,5.0,75,0.6,16,2.3,63,15.3,38,64.7,87,54.3,70,0.4,52,1,15,6,68,3,46,3,64,59,0.08481561892842558,0.09461037420441305,0.039635758075710174
2026,xschafer,Xavier Schafer,breeze,45,110,7,0,95,5.5269695521946,2.17149070592029,3.35547884627431,1.50677453801369,17.9608921469464,27,0.622222222222222,0.418181818181818,3.11941594221865,208,110,5,6,3,0.969220284579527,-0.0358869512461939,41,0.931818181818182,3,0,0,0,0.0,0,0,0.0,45,38,0,0,5.5,49,2.2,59,3.4,46,3.1,71,18.0,47,62.2,81,41.8,29,-3.6,22,3,43,5,61,6,69,0,0,45,0.048255349020450894,0.12282154560432444,0.06932035427152555
2026,amuller,Andrew Muller,apex,52,129,9,3,110,5.52704398271477,0.555256732536695,4.97178725017808,1.88761272068889,17.5934412296831,18,0.519230769230769,0.441860465116279,0.532131717724349,152,315,1,2,6,0.938284369052204,-0.081141511909347,12,0.857142857142857,2,0,1,2,1.0,1,0,0.0714285714285714,14,19,0,2,5.5,49,0.6,38,5.0,60,0.5,38,17.6,45,51.9,47,44.2,38,-8.1,8,6,68,1,24,2,35,2,48,14,0.0396611951811925,0.39478885590819784,0.03800940840888207
2026,econneely,Eamon Conneely,empire,33,55,3,0,47,5.51513356882038,1.26375058701759,4.2513829818028,1.5086061063922,20.5427915177011,16,0.727272727272727,0.581818181818182,3.91390907522837,64,174,1,5,5,0.967635399272195,0.0323646007278051,16,1.0,0,0,0,0,0.0,0,0,0.0,17,19,0,3,5.5,49,1.3,49,4.3,55,3.9,75,20.5,58,72.7,97,58.2,83,3.2,86,5,61,1,24,5,64,3,64,17,0.07433826982456412,0.32441962169531646,0.23022994560166882
2026,lrehfuss,Luke Rehfuss,breeze,69,157,8,0,132,5.35415907975588,-0.957779185605113,6.31193826536099,1.45966256873038,12.5447045371286,27,0.565217391304348,0.503184713375796,0.193718734330747,88,348,1,3,7,0.951042467905498,-0.0664270832901137,23,0.884615384615385,3,0,1,3,0.5,2,0,0.0769230769230769,26,32,0,3,5.4,48,-1.0,6,6.3,67,0.2,28,12.5,30,56.5,60,50.3,60,-6.6,11,7,74,1,24,3,46,3,64,26,-0.03683766098481204,0.20592919537522617,0.007450720551182576
2026,msheppard,Max Sheppard,hustle,36,66,6,2,60,5.42749832250099,1.81298794412753,3.61451037837346,1.3605201411676,19.5509086950858,18,0.75,0.545454545454545,1.95779266644268,197,109,2,2,3,0.913383162012893,0.0431385771175413,22,0.956521739130435,1,0,3,0,0.75,4,0,0.173913043478261,23,20,0,4,5.4,49,1.8,55,3.6,48,2.0,58,19.6,54,75.0,98,54.5,71,4.3,92,3,43,2,38,2,35,4,75,23,0.07882556278815347,0.23597818793482567,0.08512142028011652
2026,tallen1,Turner Allen,glory,33,70,4,4,60,5.39380842425019,1.4355917154235,3.95821670882668,1.53070203102765,24.6848943921065,25,0.606060606060606,0.542857142857143,0.46493512550757,203,184,3,0,4,0.944032211370305,-0.00786199860434778,44,0.936170212765957,3,0,1,0,1.0,1,0,0.0212765957446809,47,45,1,4,5.4,48,1.4,51,4.0,53,0.5,36,24.7,72,60.6,77,54.3,70,-0.8,40,4,53,3,49,0,0,4,75,47,0.030544504583478724,0.11476188136702531,0.009892236712927022
2026,alantz,Asher Lantz,cascades,77,126,6,22,87,5.40018490390512,0.0177078517712692,5.38247705213385,2.40851403985906,13.1133811368,19,0.441558441558442,0.547619047619048,-0.37500258334106,57,320,1,0,5,0.945536699075067,-0.00109225463062224,17,0.944444444444444,1,0,0,4,0.0,0,0,0.0,18,23,0,7,5.4,49,0.0,23,5.4,63,-0.4,14,13.1,31,44.2,29,54.8,72,-0.1,46,5,61,1,24,0,0,7,92,18,0.000983769542848289,0.30001027243917333,-0.02083347685228111
2026,ipiper,Ian Piper,thunderbirds,31,9,1,30,0,5.29152768331218,4.04112346462555,1.25040421868663,2.83037288360231,27.3299656074101,27,0.580645161290323,0.222222222222222,0.263088411438736,582,136,5,1,1,0.895963053823482,0.0373702795098511,41,0.931818181818182,3,0,5,0,0.625,9,1,0.2,45,36,0,0,5.3,48,4.0,69,1.3,24,0.3,30,27.3,81,58.1,67,22.2,2,3.7,90,1,15,5,61,1,22,0,0,45,0.08980274365834556,0.117589504073604,0.005846409143083022
2026,ssamu,Stefan Samu,growlers,71,108,7,29,93,5.34299891323657,-0.696367718969516,6.03936663220608,1.87142677409036,13.8301569775065,29,0.47887323943662,0.407407407407407,1.5253468366882,108,346,0,3,9,0.958766985782375,-0.0470022799000225,30,0.909090909090909,3,0,0,1,0.0,1,0,0.0294117647058824,34,38,1,1,5.3,48,-0.7,9,6.0,66,1.5,54,13.8,33,47.9,38,40.7,26,-4.7,17,9,81,0,0,3,46,1,28,34,-0.02048140349910341,0.15714702685989912,0.04486314225553529
2026,rkindell,Ryan Kindell,thunderbirds,54,87,6,18,59,5.23911982280453,1.17082087785703,4.06829894494751,2.8023405654995,18.3705117279989,23,0.444444444444444,0.482758620689655,1.00096878414083,87,336,5,1,2,0.899919254336534,8.07456634661641e-05,17,0.894736842105263,2,0,1,2,0.5,3,1,0.15,20,22,0,1,5.2,48,1.2,47,4.1,54,1.0,47,18.4,49,44.4,30,48.3,53,0.0,47,2,30,5,61,1,22,1,28,20,0.058541043892851495,0.2619559911402265,0.050048439207041495
2026,spew,Sam Pew,shred,19,41,2,1,33,5.16175520982485,2.80801948911142,2.35373572071343,1.41335995219908,45.6273269997266,12,0.526315789473684,0.560975609756098,0.121598168309367,134,155,3,1,4,0.850805697987203,0.0241943020127972,7,0.875,1,0,2,1,0.666666666666667,3,0,0.375,8,11,0,2,5.2,47,2.8,63,2.4,38,0.1,26,45.6,99,52.6,49,56.1,76,2.4,77,4,53,3,49,1,22,2,48,8,0.3510024361389275,0.6452194012281063,0.015199771038670875
2026,lbrennan,Luke Brennan,union,35,54,4,13,39,5.18088582878881,3.85047933130898,1.33040649747983,2.83154559212183,25.5159333889402,28,0.514285714285714,0.5,0.297806370000045,447,34,3,4,0,0.975144068166925,0.00947131644845989,64,0.984615384615385,1,0,0,1,0.0,0,0,0.0,65,60,0,1,5.2,48,3.9,68,1.3,25,0.3,32,25.5,75,51.4,46,50.0,57,0.9,57,0,0,3,49,4,56,1,28,65,0.05923814355859969,0.07970593582752016,0.004581636461539154
2026,jshorey,James Shorey,bighorns,144,113,8,96,21,5.1546585779336,0.749239798291081,4.40541877964252,5.26046541538122,8.79410213955058,73,0.284722222222222,0.398230088495575,-1.72765683502934,443,594,7,5,4,0.926561536398628,-0.0300098122606972,78,0.896551724137931,9,0,6,2,0.6,10,0,0.114942528735632,87,65,5,2,5.2,47,0.7,41,4.4,57,-1.7,4,8.8,20,28.5,5,39.8,23,-3.0,24,4,53,7,72,5,64,2,48,87,0.008611951704495184,0.05924894917165058,-0.019858124540567127
2026,jbranson,Jeremiah Branson,alleycats,58,47,4,39,16,5.20955932392523,0.887141499690949,4.32241782423428,2.82604071352786,20.7727082773735,44,0.362068965517241,0.468085106382979,-0.417705497773688,426,435,3,3,2,0.939354844539732,-0.0263113662788629,62,0.911764705882353,6,0,2,2,0.333333333333333,6,0,0.0857142857142857,70,58,0,3,5.2,48,0.9,44,4.3,56,-0.4,13,20.8,59,36.2,14,46.8,48,-2.6,26,2,30,3,49,3,46,3,64,70,0.012673449995584986,0.07442227605607472,-0.005967221396766971
2026,rlalondel,Raphaël Lalonde-Landry,royal,92,179,10,21,139,5.08753134731782,1.22266296189226,3.86486838542556,1.46135788662148,8.81150513833478,55,0.510869565217391,0.452513966480447,2.62802648992679,289,424,3,5,2,0.962617869057356,-0.0434259498654366,91,0.919191919191919,8,0,2,0,0.666666666666667,3,0,0.0303030303030303,99,94,2,8,5.1,47,1.2,48,3.9,51,2.6,66,8.8,20,51.1,46,45.3,42,-4.3,19,2,30,3,49,5,64,8,94,99,0.012350130928204646,0.05138920552846283,0.026545722120472626
2026,mcrawford,Matthew Crawford,spiders,63,17,3,54,0,5.10249378293417,2.93185945727276,2.17063432566141,1.40680637414319,11.99107106552,30,0.666666666666667,0.764705882352941,0.737539927537102,228,154,3,3,1,0.958968039916719,0.0197553643385997,46,0.978723404255319,1,0,1,0,1.0,1,0,0.0212765957446809,47,35,0,0,5.1,47,2.9,64,2.2,36,0.7,41,12.0,28,66.7,90,76.5,99,2.0,71,1,15,3,49,3,46,0,0,47,0.06237998845261191,0.10856369750923765,0.015692338883768128
2026,lfitzpatr,Langley Fitzpatrick,cascades,24,48,3,1,38,5.14312852579466,1.33182861557245,3.81129991022221,2.29386539231615,35.9848796884697,8,0.458333333333333,0.5625,-1.10389391780045,56,258,1,1,4,0.886894095178935,0.113105904821065,7,1.0,0,0,0,3,0.0,0,0,0.0,7,11,0,3,5.1,47,1.3,50,3.8,51,-1.1,7,36.0,96,45.8,33,56.3,76,11.3,99,4,53,1,24,1,22,3,64,7,0.19026123079606427,0.7347326465420944,-0.15769913111435002
2026,mwilliams,Max Williams,spiders,63,113,7,2,95,5.11488011970414,0.716870201837472,4.39800991786667,1.41022140574569,11.9776303203984,24,0.587301587301587,0.601769911504425,-0.534112558531275,92,276,0,4,5,0.962150636140001,0.00843759915411657,33,0.970588235294118,1,0,0,1,0.0,1,0,0.0294117647058824,34,35,1,8,5.1,47,0.7,41,4.4,56,-0.5,12,12.0,28,58.7,71,60.2,88,0.8,56,5,61,0,0,4,56,8,94,34,0.021084417701102115,0.15043765057953354,-0.015709192897978678
2026,bbergmeie,Bret Bergmeier,windchill,37,67,4,6,47,5.13759327558878,1.74854810658061,3.38904516900817,1.47370723221942,19.3034996226036,20,0.567567567567568,0.582089552238806,1.747222534931,112,251,3,1,1,0.966176908726155,-0.00539259500066458,49,0.96078431372549,2,0,1,0,1.0,1,0,0.0196078431372549,51,49,0,0,5.1,47,1.7,55,3.4,47,1.7,56,19.3,52,56.8,62,58.2,83,-0.5,43,1,15,3,49,1,22,0,0,51,0.03428525699177667,0.1007371230507604,0.03425926539080392
2026,molesen,Maxwell Olesen,thunderbirds,101,63,5,89,10,4.98272912085847,1.23699702816971,3.74573209268876,2.66520034176327,9.06290601445679,34,0.475247524752475,0.222222222222222,0.455942701375289,54,428,1,2,4,0.97785593039397,0.0221440696060299,39,1.0,0,0,0,2,0.0,0,0,0.0,39,42,1,4,5.0,46,1.2,48,3.7,50,0.5,36,9.1,21,47.5,38,22.2,2,2.2,74,4,53,1,24,2,35,4,75,39,0.03171787251717205,0.12776228515021718,0.011690838496802282
2026,bfleming,Bradley Fleming,hustle,65,145,7,2,126,5.02743241601505,2.10173060843003,2.92570180758502,1.26023494691667,10.5643727447543,30,0.646153846153846,0.524137931034483,2.94341757402524,192,163,7,4,2,0.96190560870279,-0.0195979163950977,49,0.942307692307692,3,0,0,2,0.0,0,0,0.0,52,49,0,5,5.0,46,2.1,58,2.9,43,2.9,70,10.6,24,64.6,86,52.4,65,-2.0,30,2,30,7,72,4,56,5,82,52,0.04041789631596211,0.09668139261567404,0.056604184115869996
2026,nho,Nam Ho,rush,69,127,8,11,93,4.97198747873604,2.00474108893493,2.96724638980111,1.72856815793865,14.9189298176397,37,0.434782608695652,0.52755905511811,1.08148831611003,270,170,4,5,2,0.966615012532577,-0.0420867106457848,47,0.92156862745098,4,0,0,0,0.0,0,0,0.0,53,44,1,1,5.0,46,2.0,57,3.0,43,1.1,48,14.9,36,43.5,28,52.8,66,-4.2,19,2,30,4,56,5,64,1,28,53,0.03782530356481,0.09381108450445358,0.02040543992660434
2026,jhavey,Jack Havey,alleycats,55,51,4,40,22,4.85140308358706,1.10353964742924,3.74786343615782,2.63175093697204,18.1215948121536,25,0.418181818181818,0.352941176470588,0.629966750475504,153,335,1,3,3,0.967399806892445,0.0013501931075548,30,0.967741935483871,1,0,0,1,0.0,0,0,0.0,32,34,0,0,4.9,45,1.1,47,3.7,50,0.6,39,18.1,48,41.8,24,35.3,12,0.1,48,3,43,1,24,3,46,0,0,32,0.03448561398216375,0.15160634636209563,0.0196864609523595
2026,rsalvas,Raphael Salvas,royal,42,121,10,4,104,4.85426252578309,0.405704348281523,4.44855817750156,1.39435304502332,19.319295907779,27,0.5,0.380165289256198,0.517062593263453,138,308,3,4,3,0.959702049609336,-0.020308110215397,31,0.939393939393939,2,0,0,1,0.0,0,0,0.0,33,35,0,1,4.9,45,0.4,35,4.4,57,0.5,37,19.3,52,50.0,42,38.0,18,-2.0,29,3,43,3,49,4,56,1,28,33,0.012294071160046152,0.1470988644176694,0.01566856343222585
2026,bseverson,Brandon Severson,growlers,46,87,7,5,78,4.8986912161853,1.03073153918938,3.86795967699592,1.71580456010558,19.3967753207499,20,0.434782608695652,0.425287356321839,-0.420068028709789,123,244,3,1,2,0.953211353430339,-0.00321135343033918,18,0.947368421052632,1,0,1,0,1.0,1,0,0.05,20,22,0,5,4.9,46,1.0,46,3.9,51,-0.4,13,19.4,52,43.5,28,42.5,31,-0.3,44,2,30,3,49,1,22,5,82,20,0.051536576959469005,0.244934560809265,-0.021003401435489448
2026,eshipway,Emmet Shipway,cascades,52,75,5,16,51,4.91837689611331,2.52242472348757,2.39595217262575,2.19362485144555,17.9189049958757,27,0.442307692307692,0.506666666666667,2.11293097610396,215,119,5,2,2,0.90702060982935,0.0284632611383918,28,0.933333333333333,2,0,2,1,1.0,2,0,0.0645161290322581,31,28,1,2,4.9,46,2.5,61,2.4,38,2.1,60,17.9,47,44.2,30,50.7,60,2.8,83,2,30,5,61,2,35,2,48,31,0.08136853946734096,0.1586573192294616,0.06815906374528903
2026,gbabbitt,Gavin Babbitt,sol,24,48,3,0,39,4.88740471421193,4.33676827899584,0.550636435216086,1.33415316983457,32.6833180027292,16,0.583333333333333,0.541666666666667,0.927703655478428,184,26,3,2,0,0.959402387097468,0.0405976129025319,30,1.0,0,0,0,0,0.0,0,0,0.0,30,26,0,0,4.9,45,4.3,71,0.6,15,0.9,45,32.7,92,58.3,69,54.2,70,4.1,91,0,0,3,49,2,35,0,0,30,0.14455894263319466,0.162913490473731,0.030923455182614266
2026,sanderson1,Sam Anderson,steel,33,74,4,16,60,4.93051375793242,1.22491698118587,3.70559677674656,2.04852360447343,25.5946433531045,20,0.484848484848485,0.256756756756757,-0.343966726867504,120,275,3,3,4,0.965166597884431,-0.0177981768317999,18,0.947368421052632,1,0,0,3,0.0,0,0,0.0,19,22,1,2,4.9,46,1.2,48,3.7,49,-0.3,14,25.6,76,48.5,40,25.7,3,-1.8,31,4,53,3,49,3,46,2,48,19,0.06446931479925631,0.2595007241017063,-0.01810351194039495
2026,smilardov,Steven Milardovich,growlers,67,42,4,51,20,4.93264457733126,0.936906196526922,3.99573838080434,1.72769698796318,11.6362419416347,43,0.597014925373134,0.547619047619048,2.86156587743179,304,396,2,5,3,0.968019111660831,-0.022813632208776,69,0.945205479452055,4,0,0,2,0.0,1,0,0.0136986301369863,73,75,1,1,4.9,46,0.9,44,4.0,53,2.9,69,11.6,27,59.7,73,54.8,72,-2.3,28,3,43,2,38,5,64,1,28,73,0.012834331459272904,0.06757047366207206,0.039199532567558766
2026,bkrapfl,Blake Krapfl,windchill,58,113,7,2,104,4.80653852002129,-0.588201011708821,5.39473953173011,1.37874491010284,11.4761808331295,18,0.637931034482759,0.592920353982301,2.4427968043201,39,309,2,2,6,0.926291744365724,-0.113791744365724,12,0.8,3,0,1,3,0.5,2,0,0.125,16,18,0,4,4.8,45,-0.6,12,5.4,63,2.4,64,11.5,27,63.8,86,59.3,85,-11.4,5,6,68,2,38,2,35,4,75,16,-0.03676256323180131,0.3004086575013306,0.15267480027000624
2026,sknoche,Sterling Knoche,radicals,24,53,3,6,42,4.81460908248259,0.193078987607037,4.62153009487555,2.26531551285381,33.5116416148376,14,0.541666666666667,0.490566037735849,0.733484746365835,37,275,0,1,5,0.923003295667061,0.00556813290436731,13,0.928571428571429,1,0,0,3,0.0,0,0,0.0,14,13,0,4,4.8,45,0.2,28,4.6,58,0.7,41,33.5,93,54.2,54,49.1,55,0.6,53,5,61,0,0,1,22,4,75,14,0.013791356257645502,0.3439006487487564,0.052391767597559646
2026,dlaird,Drew Laird,hustle,26,48,3,0,44,4.83331757786171,1.51523265167654,3.31808492618517,1.21157585366329,22.4773413673961,12,0.730769230769231,0.583333333333333,3.3729211659168,87,120,1,3,4,0.968521952685631,0.0314780473143691,16,1.0,0,0,0,1,0.0,0,0,0.0,16,17,0,1,4.8,45,1.5,52,3.3,46,3.4,72,22.5,64,73.1,97,58.3,83,3.1,85,4,53,1,24,3,46,1,28,16,0.09470204072978375,0.30208234861635685,0.2108075728698
2026,drasmusse,Drew Rasmussen,apex,32,104,7,1,87,4.71763431841279,0.967882114501612,3.74975220391118,1.61118069239979,25.0944958880487,12,0.5,0.432692307692308,1.03230712562271,30,162,2,1,3,0.970554723504163,0.0294452764958367,8,1.0,0,0,0,2,0.0,0,0,0.0,8,11,0,5,4.7,44,1.0,45,3.7,50,1.0,47,25.1,74,50.0,42,43.3,35,2.9,84,3,43,2,38,1,22,5,82,8,0.1209852643127015,0.5897042898015987,0.12903839070283876
2026,tbrewster,Thomas Brewster,apex,90,71,4,70,12,4.74269662472981,-0.149577968332151,4.89227459306196,1.61974004679641,10.375134353442,33,0.355555555555556,0.394366197183099,0.760562637189791,139,442,2,2,5,0.969408274447628,-0.0408368458761993,38,0.926829268292683,3,0,0,0,0.0,0,0,0.0,42,46,0,2,4.7,45,-0.1,18,4.9,60,0.8,42,10.4,24,35.6,13,39.4,22,-4.1,20,5,61,2,38,2,35,2,48,42,-0.0035613801983845478,0.11292134820785261,0.01810863421880455
2026,rlu,Raymond Lu,breeze,45,105,6,1,94,4.66738861241304,2.15067070500594,2.51671790740709,1.27243370056318,14.5502415632979,23,0.666666666666667,0.428571428571429,1.75904819920306,222,122,4,0,3,0.929648991854321,0.00583487911342107,28,0.933333333333333,2,0,0,0,0.0,0,0,0.0,31,32,0,4,4.7,44,2.2,58,2.5,40,1.8,56,14.6,35,66.7,90,42.9,32,0.6,54,3,43,4,56,0,0,4,75,31,0.06937647435503033,0.1505609229810658,0.0567434902968729
2026,dmourad,Derek Mourad,cascades,72,26,4,61,0,4.68596967891068,1.9213695340788,2.76460014483188,2.0899698737813,9.91474932958862,60,0.555555555555556,0.615384615384615,4.93558171273263,847,126,5,7,1,0.92501666352208,0.016918820348888,146,0.941935483870968,9,0,5,1,0.833333333333333,6,0,0.0387096774193548,155,138,0,0,4.7,44,1.9,57,2.8,42,4.9,81,9.9,23,55.6,58,61.5,90,1.7,67,1,15,5,61,7,75,0,0,155,0.012395932477927741,0.03023206244458503,0.031842462662791164
2026,arousseau,Antoine Rousseau,royal,91,85,8,58,52,4.57352784510806,1.77875430312283,2.79477354198524,1.3137139665302,7.97064276885974,62,0.582417582417582,0.447058823529412,8.14720676980174,650,279,2,9,4,0.949257519749849,-0.0512983360763798,88,0.897959183673469,10,0,3,1,0.428571428571429,7,0,0.0714285714285714,98,74,1,0,4.6,43,1.8,55,2.8,42,8.1,90,8.0,18,58.2,68,44.7,40,-5.1,15,4,53,2,38,9,82,0,0,98,0.018150554113498266,0.04666865148069449,0.0831347629571606
2026,lcall,Logan Call,thunderbirds,49,93,6,17,68,4.6058557571422,0.180007462795987,4.42584829434622,2.46361542847281,19.0435219995397,22,0.428571428571429,0.408602150537634,0.76188030968889,153,238,1,0,5,0.930068429486793,-0.0550684294867928,21,0.875,3,0,0,1,0.0,1,0,0.0416666666666667,24,28,1,2,4.6,44,0.2,28,4.4,57,0.8,42,19.0,51,42.9,26,40.9,26,-5.5,14,5,61,1,24,0,0,2,48,24,0.007500310949832792,0.19191065654759165,0.03174501290370375
2026,jsingleto,Josh Singleton,flyers,31,51,3,3,43,4.56630287648114,1.56046910227008,3.00583377421106,1.0481471150632,19.7827349958826,21,0.709677419354839,0.568627450980392,2.66568099948041,224,173,2,4,2,0.935739184352398,-0.000255313384656453,29,0.935483870967742,2,0,2,0,0.666666666666667,3,0,0.0967741935483871,31,31,0,1,4.6,43,1.6,53,3.0,44,2.7,67,19.8,55,71.0,96,56.9,78,0.0,47,2,30,2,38,4,56,1,28,31,0.050337712976454195,0.1473000927897142,0.08598970966065839
2026,bseuntjen,Bradley Seuntjens,hustle,18,52,5,1,45,4.57427279685561,0.846969300591373,3.72730349626424,1.14664066233177,32.2864435775737,14,0.722222222222222,0.365384615384615,-0.153616259466183,14,72,1,0,4,0.979880464965836,0.0201195350341644,15,1.0,0,0,0,0,0.0,0,0,0.0,15,17,0,0,4.6,44,0.8,43,3.7,49,-0.2,17,32.3,91,72.2,97,36.5,16,2.0,71,4,53,1,24,0,0,0,0,15,0.056464620039424866,0.304951519790374,-0.010241083964412201
2026,jtaylor,Jordan Taylor,windchill,44,24,3,36,7,4.60204067030476,-1.32790783942514,5.9299485097299,1.32008515563521,14.3839171802614,21,0.659090909090909,0.375,2.64043656767299,57,352,0,3,8,0.97131878547831,-0.107682421841946,19,0.863636363636364,3,0,0,2,0.0,1,0,0.0454545454545455,22,29,0,0,4.6,44,-1.3,4,5.9,65,2.6,66,14.4,34,65.9,89,37.5,17,-10.8,6,8,77,0,0,3,46,0,0,22,-0.060359447246597274,0.20918366683203454,0.12001984398513592
2026,ifuzat,Isaac Fuzat,havoc,28,63,3,12,47,4.60948192131882,2.66783852131903,1.94164339999979,3.03817516912554,37.7952052294632,16,0.25,0.301587301587302,-2.04045876299326,243,107,2,0,3,0.934881403635178,0.0234519296981557,23,0.958333333333333,1,0,1,1,1.0,1,0,0.0416666666666667,24,23,1,1,4.6,44,2.7,62,1.9,34,-2.0,3,37.8,97,25.0,4,30.2,5,2.3,76,3,43,2,38,0,0,1,28,24,0.11115993838829291,0.1920617467216175,-0.08501911512471916
2026,ayuan,Albert Yuan,glory,59,19,5,53,1,4.46904358457212,0.184735081143373,4.28430850342875,1.26826419360762,10.9383868710048,22,0.661016949152542,0.421052631578947,1.20455718327385,14,378,0,3,3,0.97115476127684,-0.0128214279435063,23,0.958333333333333,1,0,0,2,0.0,0,0,0.0,24,25,0,3,4.5,43,0.2,28,4.3,55,1.2,51,10.9,25,66.1,90,42.1,30,-1.3,34,3,43,0,0,3,46,3,64,24,0.0076972950476405415,0.18621014935717164,0.050189882636410416
2026,jgiard,Jeremie Giard,royal,30,93,7,2,81,4.37195593198504,2.72824884000842,1.64370709197662,1.25581384074149,22.7979156423898,14,0.533333333333333,0.408602150537634,2.51033633345207,205,154,3,2,1,0.946838948940245,0.00554200344070765,20,0.952380952380952,1,0,1,0,1.0,1,0,0.0476190476190476,21,18,0,4,4.4,42,2.7,63,1.6,30,2.5,65,22.8,65,53.3,50,40.9,26,0.6,53,1,15,3,49,2,35,4,75,21,0.12991661142897237,0.20818837771357335,0.11953982540247952
2026,skilgore,Samuel Kilgore,hustle,23,44,2,1,38,4.40493211966371,0.653451120650726,3.75148099901299,1.10419174971149,26.1534385197155,9,0.608695652173913,0.636363636363636,-0.772843482393456,26,222,1,0,3,0.972022883555917,0.0279771164440825,8,1.0,0,0,0,3,0.0,0,0,0.0,8,10,0,5,4.4,43,0.7,39,3.8,50,-0.8,9,26.2,77,60.9,77,63.6,93,2.8,82,3,43,1,24,0,0,5,82,8,0.08168139008134075,0.5506165149579637,-0.096605435299182
2026,mlopez,Max Lopez,hustle,19,38,2,0,34,4.38556504261723,1.66969922777627,2.71586581484096,1.09933697190566,27.9909645715318,8,0.684210526315789,0.578947368421053,0.677856016759229,38,128,2,2,3,0.958850518468577,0.0411494815314229,5,1.0,0,0,0,0,0.0,0,0,0.0,5,8,0,1,4.4,43,1.7,54,2.7,41,0.7,40,28.0,83,68.4,94,57.9,82,4.1,91,3,43,2,38,2,35,1,28,5,0.33393984555525397,0.8771130085234461,0.1355712033518458
2026,sfisherol,Seth Fisher-Olvera,glory,51,116,8,1,94,4.42157942111775,0.978074190890928,3.44350523022683,1.25479439904206,13.3311040552057,18,0.588235294117647,0.53448275862069,0.770188928087627,49,248,2,0,3,0.972249781565606,-0.0278053371211616,17,0.944444444444444,1,0,0,2,0.0,0,0,0.0,18,19,1,2,4.4,43,1.0,45,3.4,47,0.8,42,13.3,32,58.8,71,53.4,68,-2.8,25,3,43,2,38,0,0,2,48,18,0.054337455049496,0.24564330117320832,0.04278827378264594
2026,cburt,Caiden Burt,havoc,44,115,7,11,91,4.41364021703615,0.120529196812802,4.29311102022334,2.90909311322703,18.8663558530355,21,0.386363636363636,0.382608695652174,-0.488108356884459,10,292,0,3,2,0.97908188878778,0.0209181112122204,27,1.0,0,0,0,2,0.0,0,0,0.0,27,30,0,2,4.4,43,0.1,25,4.3,56,-0.5,12,18.9,50,38.6,18,38.3,19,2.1,73,2,30,0,0,3,46,2,48,27,0.004464044326400074,0.16346815618652408,-0.018078087292017
2026,arueda,Antonio Rueda,steel,45,29,2,34,3,4.29074634941664,0.712354510635287,3.57839183878135,1.78271385277993,18.8968898704427,34,0.377777777777778,0.448275862068966,-2.55446122549064,60,287,1,1,4,0.971331782608001,-0.00906763166460445,51,0.962264150943396,2,0,0,1,0.0,1,0,0.0188679245283019,53,53,1,1,4.3,42,0.7,41,3.6,48,-2.6,2,18.9,51,37.8,16,44.8,41,-0.9,39,4,53,1,24,1,22,1,28,53,0.013440651144062019,0.08095747829088,-0.04819738161303094
2026,dknighton,Derik Knighton,shred,37,77,4,0,56,4.297653223503,1.89218080667233,2.40547241683067,1.17675687970963,24.6134910085626,17,0.405405405405405,0.545454545454545,-0.266516422813221,142,235,1,1,4,0.955750793478511,0.0442492065214888,20,1.0,0,0,1,2,1.0,1,0,0.0476190476190476,21,20,1,1,4.3,42,1.9,56,2.4,38,-0.3,16,24.6,72,40.5,22,54.5,71,4.4,93,4,53,1,24,1,22,1,28,21,0.09010384793677761,0.20465015350014285,-0.012691258229201
2026,mdevine,Max Devine,union,46,68,6,19,54,4.29605203501432,-0.365487351793216,4.66153938680753,2.3479512201709,15.5544288519038,25,0.565217391304348,0.441176470588235,3.86724134939447,-5,354,1,3,3,0.973617903722412,0.00852495342044524,55,0.982142857142857,1,0,0,0,0.0,1,0,0.0178571428571429,56,57,0,2,4.3,42,-0.4,15,4.7,59,3.9,75,15.6,39,56.5,60,44.1,38,0.9,56,3,43,1,24,3,46,2,48,56,-0.006526559853450286,0.07671521491097,0.06905788123918696
2026,abanerji,Adrian Banerji,steel,34,56,5,19,42,4.2622492158687,3.59261655026885,0.669632665599856,1.77087389986653,18.3316578025176,28,0.558823529411765,0.321428571428571,1.90398549438024,361,55,3,2,0,0.964379840479101,0.00387412777486684,61,0.968253968253968,2,0,0,0,0.0,0,0,0.0,63,51,0,0,4.3,42,3.6,67,0.7,18,1.9,58,18.3,49,55.9,59,32.1,7,0.4,52,0,0,3,49,2,35,0,0,63,0.057025659528076984,0.06765474945823334,0.03022199197428952
2026,imasekkel,Isaiah Masek-Kelly,rush,64,86,4,17,53,4.3079969600456,1.74526254766226,2.56273441238334,1.49772428057771,13.0781787171845,39,0.40625,0.627906976744186,-1.48007700020916,373,247,2,2,2,0.950465993253437,-0.0393548821423254,41,0.911111111111111,4,0,2,1,1.0,2,0,0.0444444444444444,45,36,1,6,4.3,42,1.7,55,2.6,40,-1.5,5,13.1,31,40.6,22,62.8,92,-3.9,21,2,30,2,38,2,35,6,89,45,0.038783612170272444,0.0957332657787911,-0.032890600004648
2026,jwilson,Joshua Wilson,radicals,21,30,2,7,25,4.19170894959197,0.982983726073815,3.20872522351815,1.97223557431221,24.0839464101327,12,0.761904761904762,0.533333333333333,0.945714828588264,168,141,2,0,2,0.956376688971183,-0.00183123442572797,21,0.954545454545455,1,0,0,0,0.0,0,0,0.0,22,20,0,0,4.2,42,1.0,45,3.2,45,0.9,46,24.1,70,76.2,99,53.3,67,-0.2,45,2,30,2,38,0,0,0,0,22,0.04468107845790068,0.19053222498145317,0.042987037663102905
2026,cparinell,Chris Parinella,glory,46,89,6,0,76,4.17743096879548,0.0292862814228428,4.14814468737264,1.18550782034903,13.3493690001033,18,0.608695652173913,0.595505617977528,1.98518097009949,58,289,2,2,3,0.955066923347249,-0.0550669233472488,17,0.894736842105263,2,0,1,1,1.0,1,0,0.05,20,22,0,6,4.2,41,0.0,23,4.1,54,2.0,59,13.3,32,60.9,77,59.6,86,-5.5,14,3,43,2,38,2,35,6,89,20,0.00146431407114214,0.20887154843977399,0.0992590485049745
2026,cwagner,Charlie Wagner,steel,52,83,5,22,59,4.15224805354624,0.421859091221216,3.73038896232503,1.72517075642138,16.0841674637778,22,0.423076923076923,0.349397590361446,1.4051868298221,159,262,2,3,2,0.948318495233477,-0.0420684952334773,29,0.90625,3,0,0,1,0.0,2,0,0.0625,32,34,0,0,4.2,41,0.4,35,3.7,49,1.4,53,16.1,41,42.3,25,34.9,12,-4.2,19,2,30,2,38,3,46,0,0,32,0.013183096600663,0.12975775167332,0.043912088431940624
2026,vcurodeau,Victor Curodeau,royal,27,62,5,7,55,4.09624274909562,1.46475148834297,2.63149126075265,1.17661715245506,23.688725262216,12,0.592592592592593,0.419354838709677,0.711926961038381,96,228,2,1,1,0.962682856351228,0.0373171436487724,14,1.0,0,0,0,2,0.0,0,0,0.0,14,15,0,0,4.1,41,1.5,51,2.6,40,0.7,41,23.7,69,59.3,72,41.9,29,3.7,89,1,15,2,38,1,22,0,0,14,0.10462510631021214,0.29258876779254434,0.050851925788455786
2026,bmccann,Brendan McCann,glory,49,117,7,0,102,4.09598786440097,2.11431931660374,1.98166854779723,1.1623951853601,13.9899187397385,32,0.551020408163265,0.495726495726496,2.06086735890448,179,105,0,4,2,0.970423766476655,0.0126270809809724,55,0.982142857142857,1,0,1,0,1.0,1,0,0.0169491525423729,59,49,0,2,4.1,41,2.1,58,2.0,35,2.1,60,14.0,34,55.1,57,49.6,56,1.3,61,2,30,0,0,4,56,2,48,59,0.035835920620402376,0.06942352312544017,0.03492995523566915
2026,dbauman,Daniel Bauman,apex,60,66,4,31,40,4.11724768140007,1.30781985634383,2.80942782505624,1.40613483843136,11.8122095838901,43,0.466666666666667,0.5,3.43411143764922,448,173,0,6,2,0.962881299802073,-0.0273974288343311,87,0.935483870967742,6,0,1,0,0.5,2,0,0.021505376344086,93,78,0,0,4.1,41,1.3,49,2.8,42,3.4,73,11.8,28,46.7,35,50.0,57,-2.7,25,2,30,0,0,6,69,0,0,93,0.01406257910047129,0.04427148044516204,0.03692592943708839
2026,tchan,Tyler Chan,glory,39,59,4,13,50,4.118180521643,3.30510344965166,0.813077071991336,1.16869321132661,14.9521250461271,20,0.666666666666667,0.474576271186441,2.87127324302242,202,48,3,3,2,0.966991229978889,0.0330087700211107,39,1.0,0,0,1,0,1.0,1,0,0.025,40,41,0,0,4.1,41,3.3,66,0.8,19,2.9,69,15.0,36,66.7,90,47.5,50,3.3,87,2,30,3,49,3,46,0,0,40,0.08262758624129149,0.10295451304107499,0.07178183107556049
2026,gmoreno,Gregory Moreno,union,36,94,6,0,84,4.01599319111495,0.480673960605742,3.53531923050921,2.19488871094294,22.1335020462316,19,0.444444444444444,0.414893617021277,0.0106508661980925,141,238,2,1,3,0.931934440224628,-0.0986011068912951,15,0.833333333333333,3,1,0,1,0.0,0,0,0.0,18,20,0,8,4.0,40,0.5,37,3.5,48,0.0,22,22.1,62,44.4,30,41.5,27,-9.9,7,3,43,2,38,1,22,8,94,18,0.026704108922541225,0.2231107328397194,0.0005917147887829166
2026,jmcgurrin,Jonathan McGurrin,growlers,40,81,5,7,62,3.99201294216086,0.810083196779552,3.18192974538131,1.39823346846792,17.7153145445124,16,0.475,0.419753086419753,0.405404407304598,121,265,1,3,3,0.910538188090736,0.0418427642902163,20,0.952380952380952,1,0,1,2,1.0,1,0,0.0476190476190476,21,24,1,1,4.0,40,0.8,42,3.2,45,0.4,35,17.7,46,47.5,37,42.0,29,4.2,92,3,43,1,24,3,46,1,28,21,0.03857539032283581,0.19009585438861237,0.019304971776409427
2026,dswanson,Drew Swanson,flyers,63,117,6,5,104,4.03175567530326,-0.637945272135649,4.66970094743891,0.92544739015764,8.68091491614187,16,0.666666666666667,0.547008547008547,-1.53335854908284,7,276,1,0,5,0.968402118845639,-0.0795132299567498,8,0.888888888888889,1,0,0,2,0.0,0,0,0.0,9,16,0,11,4.0,41,-0.6,10,4.7,59,-1.5,5,8.7,20,66.7,90,54.7,72,-8.0,8,5,61,1,24,0,0,11,99,9,-0.07088280801507212,0.4479728528114733,-0.17037317212031555
2026,jduquette,Jacob Duquette,royal,96,47,4,84,4,4.02811098976099,0.710901798594782,3.3172091911662,1.15704677990383,8.16154323873145,67,0.447916666666667,0.361702127659574,2.66175570332723,519,297,2,3,3,0.955987926176393,-0.0165939867824538,93,0.939393939393939,6,1,1,2,0.25,4,0,0.0404040404040404,99,74,1,0,4.0,40,0.7,41,3.3,46,2.7,67,8.2,19,44.8,31,36.2,14,-1.7,32,3,43,2,38,3,46,0,0,99,0.007180826248432142,0.04068798979556556,0.026886421245729597
2026,mawais,Muhammad Awais,spiders,47,41,3,25,23,3.90839711286502,1.08381344227445,2.82458367059057,1.07758249298631,13.2012404958016,24,0.574468085106383,0.682926829268293,1.24917899999734,90,227,0,1,4,0.973150665663869,0.0268493343361312,24,1.0,0,0,0,1,0.0,0,0,0.0,24,26,1,1,3.9,40,1.1,46,2.8,42,1.2,51,13.2,31,57.4,65,68.3,96,2.7,80,4,53,0,0,1,22,1,28,24,0.04515889342810209,0.16284987970270917,0.05204912499988917
2026,jgalle,Jack Galle,alleycats,43,105,6,2,86,3.92931194200781,0.154394837441931,3.77491710456588,2.13154219652854,22.4947609707981,19,0.418604651162791,0.438095238095238,-1.51694158629233,75,191,0,1,4,0.973326819764696,-0.0321503491764609,16,0.941176470588235,1,0,0,1,0.0,0,0,0.0,17,19,0,4,3.9,40,0.2,27,3.8,50,-1.5,5,22.5,64,41.9,24,43.8,37,-3.2,23,4,53,0,0,1,22,4,75,17,0.009082049261290059,0.23113599658869471,-0.08923185801719588
2026,kfroebe,Kaden Froebe,shred,54,98,6,8,73,3.80356300696297,0.488906877522389,3.31465612944058,1.04146814623737,13.1152079174297,19,0.462962962962963,0.540816326530612,0.0803888791741063,59,262,2,1,4,0.89623601740261,0.0482084270418339,17,0.944444444444444,1,0,0,1,0.0,0,0,0.0,18,21,1,4,3.8,40,0.5,37,3.3,46,0.1,24,13.1,31,46.3,34,54.1,70,4.8,94,4,53,2,38,1,22,4,75,18,0.027161493195688276,0.21130905594238722,0.004466048843005905
2026,tschaidhe,Theo Schaid Hefley,steel,33,53,4,10,36,3.79848931735158,0.337353280142107,3.46113603720947,1.57819152525758,25.2142972361401,20,0.333333333333333,0.433962264150943,1.02453216118705,120,104,2,1,4,0.956618180972552,-0.0211343100048098,29,0.935483870967742,2,0,0,0,0.0,1,0,0.032258064516129,31,26,0,1,3.8,40,0.3,32,3.5,47,1.0,47,25.2,75,33.3,9,43.4,35,-2.1,29,4,53,2,38,1,22,1,28,31,0.01088236387555184,0.1225319134629542,0.03304942455442097
2026,nwilliams,Nathan Williams,steel,50,97,6,25,71,3.77392908578025,0.118029496046198,3.65589958973405,1.56798727138561,14.592248821072,30,0.38,0.298969072164948,1.81702616765073,196,177,0,2,3,0.955876135298489,-0.0611392931932259,33,0.891891891891892,4,0,0,1,0.0,2,0,0.0526315789473684,38,30,0,1,3.8,39,0.1,25,3.7,49,1.8,56,14.6,36,38.0,16,29.9,5,-6.1,12,3,43,0,0,2,35,1,28,38,0.0031060393696367896,0.09931392331000657,0.04781647809607184
2026,jlightner,Joshua Lightner,breeze,39,87,6,0,75,3.65232809048963,0.562374408115266,3.08995368237436,0.995705679079912,14.4302989154983,22,0.615384615384615,0.448275862068966,2.23456683972884,167,121,5,2,4,0.951647808134658,-0.0766478081346575,28,0.875,4,0,0,0,0.0,2,0,0.0625,32,34,0,1,3.7,39,0.6,38,3.1,44,2.2,62,14.4,35,61.5,79,44.8,41,-7.7,9,4,53,5,61,2,35,1,28,32,0.01757420025360206,0.11413525282780093,0.06983021374152625
2026,kkolafa,Kyle Kolafa,havoc,19,10,1,18,0,3.65598605644023,0.448426624868656,3.20755943157157,2.40971246767965,41.2777848503338,9,0.368421052631579,0.2,2.77578975143054,44,195,0,3,3,0.936959762978356,0.0630402370216441,7,1.0,0,0,1,2,1.0,2,1,0.25,8,11,0,0,3.7,39,0.4,35,3.2,45,2.8,68,41.3,98,36.8,15,20.0,1,6.3,97,3,43,0,0,3,46,0,0,8,0.056053328108582,0.4569982570550287,0.3469737189288175
2026,mbaldauf,Mark Baldauf,havoc,101,60,6,87,5,3.68149380377364,-0.818529434234244,4.50002323800788,2.42652498715397,8.86950775520067,68,0.316831683168317,0.316666666666667,2.197843314451,492,418,3,4,3,0.91570103292503,-0.019867699591697,84,0.893617021276596,10,0,2,3,0.666666666666667,3,0,0.03125,96,84,0,1,3.7,39,-0.8,8,4.5,58,2.2,61,8.9,20,31.7,8,31.7,7,-2.0,30,3,43,3,49,4,56,1,28,96,-0.008526348273273374,0.03834889378930875,0.022894201192197917
2026,bmoore1,Brent Moore,bighorns,88,81,5,56,23,3.71886557521785,0.32030152480243,3.39856405041542,3.7952006805323,10.7139926506693,39,0.25,0.419753086419753,-0.350163434190731,272,500,3,3,4,0.921377750602775,-0.0350141142391389,39,0.886363636363636,5,0,1,2,0.2,5,0,0.113636363636364,44,44,4,2,3.7,39,0.3,32,3.4,47,-0.4,14,10.7,25,25.0,4,42.0,29,-3.5,22,4,53,3,49,3,46,2,48,44,0.0072795801091461365,0.08451967216404205,-0.007958259867971159
2026,jrubinmil,Jake Rubin-Miller,union,29,47,3,12,39,3.67576875912244,1.56482031208307,2.11094844703937,2.00894348408861,22.4657895584853,16,0.551724137931034,0.340425531914894,0.541311305729669,120,160,3,1,2,0.971440129377281,0.0285598706227191,26,1.0,0,0,0,0,0.0,1,1,0.037037037037037,27,27,0,0,3.7,39,1.6,53,2.1,35,0.5,38,22.5,64,55.2,57,34.0,11,2.9,83,2,30,3,49,1,22,0,0,27,0.057956307854928515,0.1361395836712015,0.02004856687887663
2026,jsalazar,Jordan Salazar,havoc,25,49,3,9,34,3.57659196710619,1.81308219748843,1.76350976961776,2.35738269290076,36.5261000954226,9,0.36,0.346938775510204,0.607980988077151,74,131,2,1,1,0.96372325249368,0.0362767475063197,11,1.0,0,0,0,1,0.0,0,0,0.0,12,9,0,2,3.6,39,1.8,55,1.8,32,0.6,39,36.5,96,36.0,14,34.7,11,3.6,89,1,15,2,38,1,22,2,48,12,0.15109018312403583,0.29804933059218247,0.05066508233976258
2026,smccall1,Stefan McCall,spiders,20,35,2,2,27,3.54747650059787,2.17695623251177,1.3705202680861,0.97807322565603,31.608643846804,14,0.5,0.514285714285714,1.91029365717475,80,87,2,4,1,0.977838479583494,0.0221615204165063,19,1.0,0,0,0,0,0.0,0,0,0.0,19,16,0,1,3.5,38,2.2,59,1.4,26,1.9,58,31.6,90,50.0,42,51.4,63,2.2,74,1,15,2,38,4,56,1,28,19,0.11457664381640895,0.18670928950515106,0.10054177143025
2026,jmaskalun,Jeff Maskalunas,radicals,54,77,6,28,56,3.45100166558796,1.94727506221724,1.50372660337072,1.62372634496625,9.89799268367761,29,0.537037037037037,0.467532467532468,4.30946329639064,298,157,1,4,3,0.954689631946306,-0.00732121089367443,54,0.947368421052632,3,0,0,0,0.0,0,0,0.0,57,57,2,2,3.5,38,1.9,57,1.5,28,4.3,77,9.9,23,53.7,51,46.8,48,-0.7,41,3,43,1,24,4,56,2,48,57,0.034162720389776136,0.06054388886996421,0.07560461923492351
2026,dbruer,Dillon Bruer,flyers,50,95,6,4,74,3.51288096407247,-0.904059029245646,4.41693999331812,0.806345121568111,10.9720132944651,14,0.54,0.547368421052632,0.745442054577331,27,178,1,0,5,0.934527622401574,-0.0883737762477275,11,0.846153846153846,2,0,0,0,0.0,0,0,0.0,13,17,0,2,3.5,38,-0.9,7,4.4,57,0.7,42,11.0,26,54.0,53,54.7,72,-8.8,7,5,61,1,24,0,0,2,48,13,-0.06954300224966507,0.27022161262095923,0.057341696505948545
2026,mmarshall,Malachi Marshall,thunderbirds,121,91,6,92,20,3.38446132020251,2.91241844198311,0.472042878219401,1.81030661079448,6.19006976368701,95,0.371900826446281,0.373626373626374,-1.17712704431833,1026,-79,3,6,2,0.960312483923841,-0.0277971465005278,151,0.932098765432099,11,0,3,1,0.6,5,0,0.0306748466257669,163,119,2,2,3.4,38,2.9,64,0.5,14,-1.2,6,6.2,15,37.2,15,37.4,17,-2.8,25,2,30,3,49,6,69,2,48,163,0.01786759780357736,0.02076356638161049,-0.007221638308701411
2026,tvandemoo,Tristan Van de Moortele,windchill,40,64,5,15,56,3.35732812680295,2.22831566979363,1.12901245700932,0.963042124200879,11.7310874770388,32,0.675,0.4375,7.93752316153817,181,57,2,7,1,0.973674466796279,0.00878167355459791,56,0.982456140350877,1,0,0,0,0.0,0,0,0.0,57,47,1,0,3.4,37,2.2,60,1.1,23,7.9,90,11.7,27,67.5,94,43.8,36,0.9,56,1,15,2,38,7,75,0,0,57,0.03909325736480053,0.05890049345268333,0.1392547923076872
2026,emurray,Ethan Murray,cascades,40,80,5,0,57,3.4031668876119,-0.574057742152329,3.97722462976423,1.51783232882811,17.5981624989955,12,0.35,0.5625,-0.779869955695876,58,208,0,1,2,0.904910891731271,-0.0477680345884135,12,0.857142857142857,2,0,0,1,0.0,0,0,0.0,14,14,0,4,3.4,38,-0.6,12,4.0,53,-0.8,9,17.6,45,35.0,12,56.3,76,-4.8,16,2,30,0,0,1,22,4,75,14,-0.04100412443945207,0.2430833491151357,-0.05570499683541972
2026,jmcguinne1,Jackson McGuinness,glory,22,41,2,0,30,3.44223924165719,0.0,3.44223924165719,0.976868695372734,25.8531219144467,6,0.545454545454545,0.707317073170732,-0.611850982564087,0,85,0,0,4,0.5,0.5,1,1.0,0,0,0,2,0.0,0,0,0.0,1,5,1,0,3.4,38,0.0,21,3.4,47,-0.6,11,25.9,77,54.5,54,70.7,98,50.0,100,4,53,0,0,0,0,0,0,1,0.0,3.44223924165719,-0.611850982564087
2026,jbray,Jimmy Bray,phoenix,47,96,8,16,75,3.42711372635571,1.98408584152804,1.44302788482767,1.65217222051873,14.3719694586696,30,0.361702127659574,0.322916666666667,1.07158608947443,243,255,3,2,1,0.928400299503122,0.0160441449413224,32,0.941176470588235,2,0,0,1,0.0,1,1,0.0277777777777778,36,29,3,3,3.4,38,2.0,57,1.4,27,1.1,48,14.4,34,36.2,14,32.3,8,1.6,65,1,15,3,49,2,35,3,64,36,0.05511349559800111,0.09519760350988084,0.02976628026317861
2026,nchambers,Noah Chambers,sol,21,36,2,0,27,3.31355994614029,1.36189890895945,1.95166103718085,0.904528428498022,26.0655664955798,8,0.523809523809524,0.638888888888889,0.250809423270968,66,141,2,1,1,0.935446463903156,0.0645535360968436,16,1.0,0,0,0,0,0.0,0,0,0.0,16,17,0,2,3.3,37,1.4,50,2.0,34,0.3,30,26.1,77,52.4,48,63.9,94,6.5,98,1,15,2,38,1,22,2,48,16,0.08511868180996562,0.2070974966337681,0.0156755889544355
2026,rdrost,Ryan Drost,sol,41,82,4,5,57,3.27937699667857,-0.382038701831308,3.66141569850988,0.895197240874856,12.499310739863,18,0.463414634146341,0.536585365853659,-0.970155283991033,23,179,1,0,4,0.967575263426428,-0.044498340349505,24,0.923076923076923,2,0,0,0,0.0,0,0,0.0,26,29,0,4,3.3,37,-0.4,14,3.7,49,-1.0,8,12.5,30,46.3,34,53.7,68,-4.4,18,4,53,1,24,0,0,4,75,26,-0.014693796224281077,0.12612988448763732,-0.03731366476888588
2026,mmccarthy,Mitchell McCarthy,radicals,62,108,6,24,82,3.31153765480814,-1.84908893509071,5.16062658989885,1.55810731303823,8.17349127901573,45,0.548387096774194,0.444444444444444,3.26578861435793,391,448,2,4,2,0.921336074000874,-0.0252321778969776,67,0.893333333333333,8,1,0,0,0.0,2,0,0.025974025974026,77,68,0,3,3.3,37,-1.8,2,5.2,62,3.3,72,8.2,19,54.8,56,44.4,39,-2.5,27,2,30,2,38,4,56,3,64,77,-0.024014142014165067,0.04300698252997585,0.042412839147505585
2026,mlutz,Mitch Lutz,havoc,37,16,2,30,1,3.31125935696363,1.56481269313781,1.74644666382581,2.18249819146339,15.3333334963833,30,0.540540540540541,0.375,3.25981422670295,403,155,2,5,1,0.933620402198372,-0.0120517747473919,47,0.92156862745098,4,0,2,0,0.4,5,0,0.0980392156862745,51,34,0,0,3.3,37,1.6,53,1.7,31,3.3,71,15.3,38,54.1,53,37.5,17,-1.2,36,1,15,2,38,5,64,0,0,51,0.030682601826231566,0.06492665405811039,0.06391792601378334
2026,ecrosbyle,Eric Crosby Lehmann,windchill,18,28,2,0,22,3.34792520343217,0.647908579903848,2.70001662352832,0.96034491649443,24.9608839419207,9,0.666666666666667,0.75,0.589086344290801,86,76,1,0,2,0.936437269521356,-0.0614372695213559,7,0.875,1,0,0,0,0.0,0,0,0.0,8,9,0,0,3.3,37,0.6,39,2.7,41,0.6,39,25.0,73,66.7,90,75.0,98,-6.1,12,2,30,1,24,0,0,0,0,8,0.080988572487981,0.4184906504290212,0.07363579303635012
2026,jcarreiro,Jac Carreiro,glory,37,84,5,3,69,3.16087687799642,-0.81905809802312,3.97993497601954,0.897021228122328,13.007660982549,15,0.567567567567568,0.511904761904762,0.910491017656734,-20,231,0,2,3,0.978676032515822,-0.0374995619275864,16,0.941176470588235,1,0,0,1,0.0,0,0,0.0,17,20,0,5,3.2,36,-0.8,8,4.0,53,0.9,45,13.0,31,56.8,62,51.2,62,-3.7,22,3,43,0,0,2,35,5,82,17,-0.04817988811900706,0.1859339339997894,0.05355829515627847
2026,sliston,Sean Liston,spiders,40,72,4,1,61,3.19901245393519,0.451649559013458,2.74736289492173,0.881998352690111,12.5112418278419,15,0.575,0.569444444444444,-0.982429195105157,14,129,1,0,5,0.972795634272637,0.0272043657273632,12,1.0,0,0,0,0,0.0,0,0,0.0,12,13,0,7,3.2,36,0.5,36,2.7,41,-1.0,8,12.5,30,57.5,66,56.9,79,2.7,81,5,61,1,24,0,0,7,92,12,0.0376374632511215,0.2665843711612658,-0.08186909959209641
2026,wyan,Wes Yan,empire,15,26,2,0,21,3.07498699597931,-0.149011643492924,3.22399863947224,0.841129974700361,27.7778325957181,10,0.666666666666667,0.576923076923077,0.65636387619668,22,184,0,1,3,0.94455177569004,-0.0445517756900397,9,0.9,1,0,0,2,0.0,0,0,0.0,10,12,0,1,3.1,35,-0.1,18,3.2,45,0.7,40,27.8,82,66.7,90,57.7,81,-4.5,17,3,43,0,0,1,22,1,28,10,-0.0149011643492924,0.307498699597931,0.065636387619668
2026,cmills,Corbin Mills,bighorns,88,84,4,49,26,3.1364558052046,0.458579913177273,2.67787589202732,3.2008361059608,11.1086008480551,52,0.238636363636364,0.464285714285714,-3.86653901320264,463,117,3,5,1,0.941222167220907,-0.0364602624590018,72,0.9,8,0,0,2,0.0,3,0,0.0357142857142857,84,63,0,1,3.1,36,0.5,36,2.7,41,-3.9,1,11.1,26,23.9,3,46.4,46,-3.6,22,1,15,3,49,5,64,1,28,84,0.005459284680681821,0.03733875958576905,-0.04603022634765047
2026,czaleski,Christopher Zaleski,phoenix,42,80,6,13,59,3.07005436471115,0.0749837813246197,2.99507058338653,1.48003799752853,16.7886907275722,22,0.333333333333333,0.3625,1.74063322387332,91,246,0,3,1,0.95238101124617,0.0205919617268027,32,0.96969696969697,1,0,1,3,1.0,1,0,0.027027027027027,37,32,0,0,3.1,35,0.1,25,3.0,43,1.7,56,16.8,44,33.3,9,36.3,14,2.1,72,1,15,0,0,3,46,0,0,37,0.002026588684449181,0.08297444228949054,0.04704414118576541
2026,smunnis,Sam Munnis,hustle,14,28,2,0,24,3.10983634258347,0.767566192913996,2.34227014966947,0.779547911102834,33.3978907913676,8,0.642857142857143,0.464285714285714,0.123727724439118,53,105,1,0,3,0.973938179090257,0.0260618209097433,14,1.0,0,0,0,0,0.0,0,0,0.0,14,16,0,2,3.1,36,0.8,42,2.3,38,0.1,26,33.4,93,64.3,86,46.4,46,2.6,79,3,43,1,24,0,0,2,48,14,0.054826156636713995,0.22213116732739072,0.008837694602794143
2026,hgoldenbe,Henry Goldenberg,union,40,13,2,34,0,3.07958619434864,2.03693730722557,1.04264888712307,1.68310767739997,15.9312752170975,34,0.5,0.307692307692308,2.28939372984067,535,38,4,4,2,0.939404364032414,-0.0237417134300041,75,0.914634146341463,7,0,2,0,0.333333333333333,7,1,0.0843373493975904,83,67,0,0,3.1,36,2.0,58,1.0,22,2.3,62,15.9,40,50.0,42,30.8,6,-2.4,27,2,30,4,56,4,56,0,0,83,0.024541413340067108,0.03710344812468241,0.02758305698603217
2026,janderson,Jake Anderson,bighorns,64,64,5,40,15,3.08991862794683,0.238370100462751,2.85154852748408,3.1533436856981,13.2765532599426,29,0.21875,0.40625,0.350534717236776,253,217,1,2,2,0.933914590306357,-0.0108376672294337,34,0.918918918918919,3,0,1,1,0.5,2,0,0.0512820512820513,39,35,0,3,3.1,36,0.2,30,2.9,43,0.4,34,13.3,32,21.9,3,40.6,25,-1.1,38,2,30,1,24,2,35,3,64,39,0.0061120538580192564,0.07922868276786743,0.008988069672737846
2026,nmccloske,Nolan McCloskey,phoenix,32,43,4,15,30,3.11077749195821,0.449441741910709,2.6613357500475,1.49967015010427,17.2451740078356,21,0.5,0.418604651162791,2.30509830669031,279,285,0,4,1,0.91763975767143,-0.0509730910047635,26,0.866666666666667,4,0,2,2,1.0,2,0,0.0666666666666667,30,23,0,0,3.1,36,0.4,36,2.7,40,2.3,63,17.2,45,50.0,42,41.9,29,-5.1,15,1,15,0,0,4,56,0,0,30,0.014981391397023635,0.10369258306527367,0.07683661022301033
2026,xfuzat,Xavier Fuzat,havoc,81,49,3,65,3,2.95650567195222,-1.00612599947235,3.96263167142457,1.94867498630608,8.08486825449329,58,0.320987654320988,0.408163265306122,-1.14342582601155,521,363,4,3,6,0.883595199591885,0.0145529485562633,95,0.89622641509434,11,0,1,1,0.166666666666667,6,0,0.0555555555555556,108,100,1,2,3.0,35,-1.0,6,4.0,53,-1.1,7,8.1,19,32.1,8,40.8,26,1.5,63,6,68,4,56,3,46,2,48,108,-0.009315981476595833,0.02737505251807611,-0.01058727616677361
2026,dbuckingh,Donte Buckingham,radicals,31,84,6,1,72,3.0452235679312,0.608124224518862,2.43709934341234,1.43280421532905,15.0690616281249,11,0.548387096774194,0.452380952380952,0.484993174274767,68,163,0,1,3,0.970711197338613,0.0292888026613871,10,1.0,0,0,0,0,0.0,0,0,0.0,10,13,0,3,3.0,35,0.6,38,2.4,39,0.5,36,15.1,37,54.8,56,45.2,42,2.9,84,3,43,0,0,1,22,3,64,10,0.06081242245188621,0.30452235679312,0.0484993174274767
2026,jsteen,Jake Steen,sol,49,104,6,0,90,3.01159472874515,0.145843855100387,2.86575087364477,0.822098616455646,9.69868438752214,18,0.551020408163265,0.557692307692308,0.989730060361305,82,196,1,2,4,0.951897349007616,-0.0143973490076158,14,0.933333333333333,1,0,0,1,0.0,0,0,0.0,16,19,2,1,3.0,35,0.1,26,2.9,43,1.0,46,9.7,22,55.1,57,55.8,75,-1.4,33,4,53,1,24,2,35,1,28,16,0.009115240943774187,0.18822467054657188,0.06185812877258156
2026,naustin,Nathaniel Austin,hustle,22,47,4,0,40,3.02530187851025,1.61518361912403,1.41011825938622,0.75835751468804,20.6597442460697,9,0.590909090909091,0.531914893617021,0.883660471131233,62,68,2,1,2,0.94587174408365,-0.112538410750316,5,0.833333333333333,1,0,0,0,0.0,0,0,0.0,6,7,0,4,3.0,35,1.6,53,1.4,26,0.9,44,20.7,58,59.1,72,53.2,67,-11.3,5,2,30,2,38,1,22,4,75,6,0.269197269854005,0.5042169797517083,0.14727674518853884
2026,lkeillor,Logan Keillor,rush,67,102,6,23,69,2.95803720228887,0.710007839250197,2.24802936303867,1.02839537302582,9.68339173711296,22,0.402985074626866,0.549019607843137,2.04817051842581,100,244,2,2,2,0.948066438552391,0.0148965244105714,26,0.962962962962963,1,0,1,1,1.0,1,0,0.037037037037037,27,29,2,2,3.0,35,0.7,41,2.2,36,2.0,59,9.7,22,40.3,21,54.9,73,1.5,64,2,30,2,38,2,35,2,48,27,0.026296586638896183,0.1095569334181063,0.07585816734910408
2026,rtetreaul,Ray Tetreault,glory,21,37,2,1,32,2.93490276412151,1.65845696813076,1.27644579599075,0.832892321816932,18.4249587269331,8,0.761904761904762,0.648648648648649,1.78974840152735,68,107,3,3,0,0.883177552438965,0.0579989181492699,16,0.941176470588235,1,0,0,0,0.0,0,0,0.0,17,16,0,1,2.9,34,1.7,54,1.3,25,1.8,56,18.4,49,76.2,99,64.9,94,5.8,96,0,0,3,49,3,46,1,28,17,0.09755629224298588,0.17264133906597118,0.10527931773690294
2026,mtran,Michael Tran,growlers,72,70,4,43,37,2.88993117950399,1.00068611841672,1.88924506108727,1.01222079068816,7.86661665862309,45,0.402777777777778,0.428571428571429,0.0652491583093942,339,128,2,0,2,0.964048208044158,0.000237506241556384,80,0.963855421686747,3,0,0,0,0.0,0,0,0.0,84,65,1,3,2.9,34,1.0,46,1.9,33,0.1,24,7.9,18,40.3,21,42.9,32,0.0,48,2,30,2,38,0,0,3,64,84,0.011912929981151428,0.03440394261314274,0.0007767756941594548
2026,korser,Keaton Orser,cascades,28,44,2,5,28,2.93411673103331,1.27540193088263,1.65871480015068,1.30863321664574,24.7060498281821,18,0.357142857142857,0.568181818181818,-1.34541872838653,220,116,2,1,3,0.900252333647091,-0.0156369490317063,23,0.884615384615385,3,0,1,0,0.5,2,0,0.0769230769230769,26,19,0,0,2.9,34,1.3,49,1.7,30,-1.3,5,24.7,72,35.7,13,56.8,78,-1.6,32,3,43,2,38,1,22,0,0,26,0.0490539204185627,0.11285064350128114,-0.051746874168712695
2026,tjohnson1,Tannor Johnson-Go,glory,8,25,2,0,25,2.76179938977678,2.04643168729664,0.715367702480136,0.783767535423716,38.8664469679657,8,0.875,0.44,1.14708902720616,71,25,2,1,1,0.969419211475941,0.0305807885240585,15,1.0,0,0,0,0,0.0,0,0,0.0,15,14,0,0,2.8,34,2.0,58,0.7,18,1.1,49,38.9,98,87.5,100,44.0,38,3.1,85,1,15,2,38,1,22,0,0,15,0.13642877915310933,0.18411995931845201,0.076472601813744
2026,phooley,Paul Hooley,royal,36,109,10,3,97,2.83588901543873,1.27451738343807,1.56137163200067,0.814589335253824,12.380870880441,26,0.555555555555556,0.385321100917431,0.661961702957249,183,105,0,2,2,0.978139254575171,-0.0059170323529486,35,0.972222222222222,1,0,0,0,0.0,0,0,0.0,36,29,1,3,2.8,34,1.3,49,1.6,29,0.7,40,12.4,29,55.6,58,38.5,20,-0.6,42,2,30,0,0,2,35,3,64,36,0.035403260651057505,0.07877469487329807,0.018387825082145804
2026,cmccutche,Charlie McCutcheon,breeze,44,104,5,3,90,2.75733183692509,1.20246226787663,1.55486956904846,0.751709841260755,8.97462009671902,19,0.636363636363636,0.461538461538462,1.15629248706931,97,84,0,1,4,0.974724169137399,0.0252758308626013,27,1.0,0,0,0,0,0.0,0,0,0.0,27,30,1,4,2.8,33,1.2,48,1.6,29,1.2,50,9.0,21,63.6,85,46.2,45,2.5,79,4,53,0,0,1,22,4,75,27,0.04453563955098629,0.10212340136759591,0.042825647669233705
2026,bkatz1,Ben Katz,glory,15,4,1,13,0,2.7852073288935,1.07355371602599,1.71165361286752,0.790410444687428,26.238409716474,9,0.733333333333333,0.5,1.53363810159786,90,94,0,1,1,0.92496618228062,0.0750338177193802,13,1.0,0,0,0,0,0.0,0,0,0.0,13,13,0,1,2.8,34,1.1,46,1.7,31,1.5,55,26.2,78,73.3,97,50.0,57,7.5,98,1,15,0,0,1,22,1,28,13,0.08258105507892231,0.21424671760719233,0.11797216166137384
2026,lmarks,Luke Marks,radicals,28,78,5,2,68,2.75685093969525,1.3677946899616,1.38905624973365,1.29712238176085,13.4104792467658,12,0.607142857142857,0.397435897435897,1.50579789287576,137,99,0,1,1,0.952353699694096,0.0476463003059036,13,1.0,0,0,0,0,0.0,0,0,0.0,13,8,0,3,2.8,33,1.4,50,1.4,26,1.5,54,13.4,32,60.7,77,39.7,23,4.8,94,1,15,0,0,1,22,3,64,13,0.10521497615089231,0.21206545689963463,0.11583060714428924
2026,ejeevaraj,Eelavan Jeevarajah,rush,19,13,2,11,8,2.78692055945945,1.36800006694159,1.41892049251786,0.968904720373675,20.4053887561478,11,0.631578947368421,0.846153846153846,1.14893933575359,120,174,2,1,2,0.957669306984116,-0.029097878412687,12,0.923076923076923,1,0,0,1,0.0,0,0,0.0,14,14,1,1,2.8,34,1.4,50,1.4,27,1.1,50,20.4,58,63.2,84,84.6,100,-2.9,24,2,30,2,38,1,22,1,28,14,0.09771429049582785,0.19906575424710357,0.08206709541097071
2026,arodrigue,Andres Rodriguez,empire,13,19,1,0,18,2.7074308684339,1.23904229186527,1.46838857656863,0.74058890683,25.4781405629732,7,0.692307692307692,0.631578947368421,0.46285315449668,86,118,1,1,1,0.953981912240646,-0.0373152455739796,11,0.916666666666667,1,0,0,0,0.0,0,0,0.0,12,13,0,1,2.7,33,1.2,48,1.5,28,0.5,36,25.5,75,69.2,95,63.2,93,-3.7,22,1,15,1,24,1,22,1,28,12,0.10325352432210583,0.22561923903615833,0.03857109620805667
2026,ahsu,Aiden Hsu,steel,79,85,7,56,37,2.74831161431951,-0.104616935608329,2.85292854992784,1.14186502478048,7.26992018327422,32,0.341772151898734,0.317647058823529,1.34559608934763,207,303,1,3,5,0.957940864448801,-0.0722265787345149,30,0.882352941176471,4,0,0,0,0.0,2,1,0.0571428571428571,35,37,2,5,2.7,33,-0.1,19,2.9,43,1.3,52,7.3,17,34.2,11,31.8,7,-7.2,10,5,61,1,24,3,46,5,82,35,-0.0029890553030951146,0.07852318898055743,0.03844560255278943
2026,avanderge,Alex Van Der Geest,bighorns,63,107,6,36,67,2.73909185542228,-1.20706394360882,3.9461557990311,2.79531568524904,10.4391751355919,29,0.301587301587302,0.317757009345794,-0.600468709135352,150,306,2,2,3,0.928584023295114,-0.0714411661522566,30,0.857142857142857,5,0,1,1,0.5,2,0,0.0571428571428571,35,35,1,2,2.7,33,-1.2,5,3.9,52,-0.6,11,10.4,24,30.2,7,31.8,7,-7.1,10,3,43,2,38,2,35,2,48,35,-0.034487541245966286,0.07825976729777942,-0.017156248832438627
2026,zburpee,Zachary Burpee,breeze,43,15,3,38,3,2.6105329933732,0.387790700121444,2.22274229325176,0.711689219184774,8.94047132297393,21,0.558139534883721,0.4,1.35158040070844,78,235,0,3,3,0.943683279782726,-0.027016613116059,22,0.916666666666667,2,0,1,0,0.5,2,0,0.0833333333333333,24,27,1,0,2.6,32,0.4,34,2.2,36,1.4,52,8.9,21,55.8,59,40.0,23,-2.7,25,3,43,0,0,3,46,0,0,24,0.0161579458383935,0.10877220805721667,0.05631585002951833
2026,lpruess,Logan Pruess,apex,36,71,5,18,52,2.63160370557748,0.687343781620496,1.94425992395699,0.898753229754502,13.049922756249,23,0.416666666666667,0.309859154929577,2.53129082953736,218,162,1,2,1,0.956555779696025,-0.0503057796960251,29,0.90625,3,0,0,0,0.0,0,0,0.0,32,27,0,2,2.6,32,0.7,40,1.9,34,2.5,65,13.0,31,41.7,23,31.0,6,-5.0,16,1,15,1,24,2,35,2,48,32,0.0214794931756405,0.08223761579929625,0.0791028384230425
2026,clevine,Cam Levine,glory,39,11,3,34,1,2.62953875069351,0.86749323894133,1.76204551175218,0.74623345691259,9.0370880269894,16,0.717948717948718,0.636363636363636,1.12606935658375,69,165,1,2,2,0.956730134265453,0.0432698657345472,17,1.0,0,0,1,0,1.0,1,0,0.0588235294117647,17,17,1,0,2.6,32,0.9,43,1.8,32,1.1,49,9.0,21,71.8,97,63.6,93,4.3,92,2,30,1,24,2,35,0,0,17,0.05102901405537236,0.1546787500407947,0.06623937391669119
2026,mlee1,Michael Lee,flyers,13,19,1,0,15,2.63513719250664,0.83773837993719,1.79739881256945,0.604868209760545,25.4327173418048,10,0.692307692307692,0.842105263157895,1.25366597757592,63,141,2,1,1,0.956365977187508,-0.0332890541105854,12,0.923076923076923,1,0,0,1,0.0,0,0,0.0,13,14,0,0,2.6,33,0.8,43,1.8,32,1.3,51,25.4,75,69.2,95,84.2,100,-3.3,23,1,15,2,38,1,22,0,0,13,0.0644414138413223,0.2027028609620492,0.09643584442891692
2026,blin,Brandon Lin,havoc,61,112,7,28,77,2.64780455708628,0.0651083157975794,2.5826962412887,1.7452056858779,10.8227982313071,23,0.311475409836066,0.357142857142857,-2.14991087448407,71,243,0,1,6,0.900189762429571,0.0627732005333916,26,0.962962962962963,1,0,0,1,0.0,0,0,0.0,27,33,2,2,2.6,33,0.1,24,2.6,40,-2.1,2,10.8,25,31.1,8,35.7,13,6.3,97,6,68,0,0,1,22,2,48,27,0.002411419103614052,0.09806683544764,-0.07962632868459518
2026,tkim,Theo Kim,apex,33,91,6,1,71,2.53542141558591,-0.930478338272215,3.46589975385813,0.865904764162248,14.4693610995869,12,0.424242424242424,0.472527472527473,-0.198535200595349,45,154,1,0,5,0.973269128575048,-0.15508731039323,9,0.818181818181818,2,0,0,1,0.0,0,0,0.0,11,16,0,3,2.5,32,-0.9,7,3.5,47,-0.2,16,14.5,35,42.4,25,47.3,49,-15.5,3,5,61,1,24,0,0,3,64,11,-0.08458893984292865,0.23049285596235547,-0.01804865459957718
2026,lhaberfie,Liam Haberfield,empire,15,9,1,11,4,2.52511558383962,1.14732148426524,1.37779409957438,0.690718500575018,23.5873396296144,10,0.666666666666667,0.555555555555556,-0.0194157698153407,131,64,2,0,2,0.911921888705756,0.00474477796091111,11,0.916666666666667,1,0,1,0,0.5,2,0,0.166666666666667,12,13,0,0,2.5,32,1.1,47,1.4,26,0.0,20,23.6,68,66.7,90,55.6,74,0.5,52,2,30,2,38,0,0,0,0,12,0.09561012368876999,0.21042629865330167,-0.0016179808179450585
2026,ihsu,Isaac Hsu,growlers,14,31,2,0,26,2.46567187069993,0.382658974633528,2.0830128960664,0.863620680048791,36.1481957912033,3,0.428571428571429,0.516129032258065,0.0,7,45,1,0,2,0.962627786297639,0.037372213702361,1,1.0,0,0,0,0,0.0,0,0,0.0,1,3,0,0,2.5,31,0.4,34,2.1,35,0.0,21,36.1,96,42.9,26,51.6,63,3.7,90,2,30,1,24,0,0,0,0,1,0.382658974633528,2.46567187069993,0.0
2026,eaadalen,Erik Aadalen,cascades,44,80,4,8,57,2.51901547553163,2.2151160464098,0.30389942912183,1.12349562976127,10.1036982825182,25,0.431818181818182,0.5625,0.857099094781212,225,90,2,2,0,0.890465207930262,0.0345347920697379,37,0.925,3,0,0,1,0.0,0,0,0.0,40,25,1,6,2.5,32,2.2,60,0.3,11,0.9,44,10.1,23,43.2,27,56.3,76,3.5,88,0,0,2,38,2,35,6,89,40,0.055377901160245005,0.06297538688829075,0.021427477369530303
2026,adavis2,Antoine Davis,empire,47,102,6,1,90,2.50511704816208,1.91022387944421,0.594893168717867,0.685248113926068,7.56115470531763,18,0.659574468085106,0.509803921568627,2.05324501709939,160,149,4,1,1,0.941269668611556,-0.0153437426856304,25,0.925925925925926,2,0,1,1,0.5,2,0,0.0740740740740741,27,29,1,2,2.5,32,1.9,56,0.6,16,2.1,60,7.6,17,66.0,89,51.0,61,-1.5,32,1,15,4,56,1,22,2,48,27,0.07074903257200778,0.09278211289489185,0.07604611174442184
2026,jmurray,Jake Murray,thunderbirds,52,30,3,46,3,2.44395332236193,0.204613173085166,2.23934014927676,1.30724048448579,10.1395120001886,35,0.365384615384615,0.2,-2.03286545630784,450,110,1,1,2,0.959748986849725,-0.0417161999644794,55,0.916666666666667,5,0,2,0,0.666666666666667,3,0,0.0491803278688525,61,41,0,1,2.4,31,0.2,29,2.2,36,-2.0,3,10.1,24,36.5,15,20.0,1,-4.2,19,2,30,1,24,1,22,1,28,61,0.003354314312871574,0.04006480856331033,-0.033325663218161314
2026,mcruz,Martin Cruz,sol,33,12,2,23,2,2.35404286184733,0.390538225076729,1.9635046367706,0.642601529790943,10.585758239361,15,0.606060606060606,0.916666666666667,0.395104477360392,34,162,2,1,1,0.976065636438505,0.0239343635614953,23,1.0,0,0,0,0,0.0,0,0,0.0,23,21,0,2,2.4,31,0.4,34,2.0,34,0.4,35,10.6,24,60.6,77,91.7,100,2.4,77,1,15,2,38,1,22,2,48,23,0.016979922829423,0.10234968964553609,0.01717845553740835
2026,nmahan,Nick Mahan,cascades,37,65,4,0,48,2.37669018768243,-0.282211426385627,2.65890161406806,1.0600177192616,13.553669483753,13,0.405405405405405,0.6,0.475967399295799,36,55,2,0,2,0.933145427556098,-0.0998120942227647,10,0.833333333333333,2,0,0,0,0.0,0,0,0.0,12,12,0,3,2.4,31,-0.3,16,2.7,40,0.5,36,13.6,32,40.5,22,60.0,86,-10.0,6,2,30,2,38,0,0,3,64,12,-0.02351761886546892,0.1980575156402025,0.039663949941316584
2026,ali,Andrew Li,flyers,21,48,3,1,44,2.36297706195421,1.30050338812548,1.06247367382872,0.542396695410717,15.7651132094456,13,0.666666666666667,0.458333333333333,1.22958032916024,103,65,2,2,1,0.946272525328321,0.0537274746716793,21,1.0,0,1,0,0,0.0,0,0,0.0,21,22,0,0,2.4,31,1.3,49,1.1,23,1.2,51,15.8,39,66.7,90,45.8,44,5.4,95,1,15,2,38,2,35,0,0,21,0.061928732767879996,0.11252271723591477,0.05855144424572572
2026,jjohnson,Jesse Johnson,union,20,27,2,8,15,2.37614814329759,-0.0610390895728383,2.43718723287043,1.29865278327426,30.7868707738349,11,0.3,0.481481481481481,-2.25836321675731,18,193,2,0,2,0.962592699653897,-0.0395157765769739,12,0.923076923076923,1,0,0,1,0.0,1,0,0.0769230769230769,13,16,0,1,2.4,31,-0.1,20,2.4,39,-2.3,2,30.8,88,30.0,7,48.1,53,-4.0,21,2,30,2,38,0,0,1,28,13,-0.004695314582526023,0.18278062640750692,-0.17372024744287
2026,jkempe,Jason Kempe,alleycats,37,93,6,0,80,2.32319726901606,-0.0695127730821071,2.39271004209817,1.26026975787451,12.3225054863692,17,0.486486486486487,0.505376344086022,-0.605738074362288,47,146,0,0,2,0.944907600199762,-0.00373112961152722,17,0.944444444444444,1,0,0,1,0.0,0,0,0.0,18,15,0,3,2.3,30,-0.1,20,2.4,38,-0.6,11,12.3,29,48.6,40,50.5,60,-0.4,44,2,30,0,0,0,0,3,64,18,-0.0038618207267837276,0.12906651494533666,-0.03365211524234933
2026,jrominski,Jonah Rominski,growlers,15,41,3,0,36,2.34697180200522,-0.198102669877536,2.54507447188276,0.822045061140967,24.0529715383065,7,0.6,0.439024390243902,-0.42094329628516,22,72,1,0,2,0.859976985019466,-0.0599769850194661,4,0.8,1,0,0,0,0.0,0,0,0.0,5,8,0,1,2.3,31,-0.2,17,2.5,40,-0.4,13,24.1,70,60.0,74,43.9,37,-6.0,13,2,30,1,24,0,0,1,28,5,-0.0396205339755072,0.469394360401044,-0.08418865925703199
2026,bzhang,Ben Zhang,union,17,40,4,0,36,2.31641616166949,0.277129663535898,2.03928649813359,1.26600704760722,29.1895728488584,7,0.470588235294118,0.45,2.0408668138335,26,101,0,2,2,0.973556543962381,0.0264434560376193,7,1.0,0,0,0,0,0.0,0,0,0.0,7,7,0,0,2.3,30,0.3,31,2.0,35,2.0,59,29.2,85,47.1,36,45.0,41,2.6,79,2,30,0,0,2,35,0,0,7,0.03958995193369972,0.33091659452421285,0.2915524019762143
2026,mjunga,Max Junga,radicals,8,22,2,0,20,2.25412912344894,1.45079599629813,0.80333312715081,1.06058738806089,36.1620948493218,5,0.625,0.454545454545455,-0.089432090834131,43,67,1,0,1,0.924779962511331,0.0752200374886693,3,1.0,0,0,0,0,0.0,0,0,0.0,3,5,1,1,2.3,30,1.5,51,0.8,19,-0.1,19,36.2,96,62.5,82,45.5,43,7.5,98,1,15,1,24,0,0,1,28,3,0.48359866543271,0.7513763744829799,-0.029810696944710335
2026,kmcrae,Keith McRae,rush,26,11,2,20,1,2.317018103133,0.224016025641796,2.09300207749121,0.805537771680244,15.0890696693514,13,0.5,0.545454545454545,1.89524904513128,140,199,2,2,1,0.916662633083278,-0.0416626330832784,14,0.875,2,0,1,1,0.5,2,0,0.125,16,17,0,1,2.3,30,0.2,30,2.1,35,1.9,58,15.1,37,50.0,42,54.5,71,-4.2,20,1,15,2,38,2,35,1,28,16,0.01400100160261225,0.1448136314458125,0.118453065320705
2026,kchao,Kevin Chao,rush,23,54,4,0,45,2.27056574884877,-0.539300971339638,2.80986672018841,0.789388080873418,15.0024546335008,5,0.608695652173913,0.518518518518518,0.23490278566504,18,132,0,0,3,0.97230898826363,-0.17230898826363,4,0.8,1,0,0,0,0.0,0,0,0.0,5,8,0,1,2.3,30,-0.5,13,2.8,42,0.2,30,15.0,36,60.9,77,51.9,64,-17.2,3,3,43,0,0,0,0,1,28,5,-0.10786019426792759,0.45411314976975403,0.046980557133008
2026,tyarter,Tristan Yarter,thunderbirds,37,48,2,22,30,2.25749532723781,-0.0084321577580145,2.26592748499582,1.20750640296629,12.058520681519,32,0.432432432432432,0.395833333333333,4.68369401511187,368,213,3,5,2,0.925286996942999,-0.0483639200199218,57,0.876923076923077,8,0,3,1,0.333333333333333,9,0,0.138461538461538,65,52,0,1,2.3,30,0.0,21,2.3,37,4.7,79,12.1,28,43.2,27,39.6,23,-4.8,16,2,30,3,49,5,64,1,28,65,-0.00012972550396945384,0.034730697342120156,0.07205683100172108
2026,owatt,Owen Watt,thunderbirds,72,41,3,59,4,2.21538819992237,1.45046300516373,0.764925194758634,1.1849838199822,6.14306350578609,38,0.402777777777778,0.268292682926829,2.12958730147848,375,269,5,3,2,0.943725215340086,-0.0151537867686579,50,0.925925925925926,4,0,1,1,0.5,2,0,0.0357142857142857,56,45,3,0,2.2,29,1.5,51,0.8,19,2.1,60,6.1,15,40.3,21,26.8,3,-1.5,32,2,30,5,61,3,46,0,0,56,0.025901125092209463,0.03956050357004232,0.03802834466925857
2026,jharris,Jeremy Harris,bighorns,14,15,1,5,6,2.20656773465111,0.645834531897767,1.56073320275335,2.25186073516464,35.6885155486107,4,0.357142857142857,0.666666666666667,1.36888848006428,44,137,1,1,1,0.942943801580247,0.057056198419753,3,1.0,0,0,0,2,0.0,0,0,0.0,3,4,0,0,2.2,29,0.6,39,1.6,29,1.4,53,35.7,95,35.7,13,66.7,96,5.7,96,1,15,1,24,1,22,0,0,3,0.21527817729925566,0.7355225782170366,0.45629616002142664
2026,ebilolo,Emmanuel Bilolo,havoc,73,59,6,60,18,2.22540248046586,-1.86051117975075,4.08591366021661,1.46679446256019,6.27516424200833,37,0.342465753424658,0.338983050847458,-0.770349935123293,129,437,4,1,1,0.937305888423772,-0.0407541642858414,51,0.894736842105263,6,0,3,0,1.0,4,1,0.0689655172413793,58,59,0,0,2.2,29,-1.9,2,4.1,54,-0.8,10,6.3,16,34.2,11,33.9,10,-4.1,20,1,15,4,56,1,22,0,0,58,-0.03207777896121983,0.038369008283894133,-0.013281895433160223
2026,htucker,Harrison Tucker,sol,41,66,4,0,54,2.21524351107439,-0.543280813932018,2.75852432500641,0.604712383171631,8.66886467603265,13,0.585365853658537,0.651515151515151,0.347845450123708,20,238,2,2,2,0.974947731554113,-0.0658568224632038,20,0.909090909090909,2,0,0,0,0.0,0,0,0.0,22,22,1,4,2.2,29,-0.5,12,2.8,42,0.3,33,8.7,20,58.5,70,65.2,94,-6.6,11,2,30,2,38,2,35,4,75,22,-0.024694582451455362,0.10069288686701773,0.01581115682380491
2026,sbrauer,Sebastian Brauer,windchill,16,18,2,1,17,2.24472022063339,1.88244397034088,0.36227625029251,0.643893014882046,19.4446506261597,13,0.625,0.777777777777778,0.388908024545403,160,52,1,1,0,0.956017191447961,0.0439828085520385,24,1.0,0,0,2,0,1.0,2,0,0.0833333333333333,24,21,0,0,2.2,30,1.9,56,0.4,12,0.4,34,19.4,53,62.5,82,77.8,99,4.4,93,0,0,1,24,1,22,0,0,24,0.07843516543087,0.09353000919305791,0.016204501022725127
2026,thebert1,Trenton Hebert,sol,19,36,2,0,28,2.18786021155521,1.4936014194412,0.694258792114005,0.597237349285484,20.4874356121758,13,0.473684210526316,0.583333333333333,0.932884284527435,74,98,1,2,0,0.953752412891896,-0.0125759423036605,16,0.941176470588235,1,0,0,0,0.0,1,0,0.0588235294117647,17,12,0,4,2.2,29,1.5,52,0.7,18,0.9,45,20.5,58,47.4,37,58.3,83,-1.3,35,0,0,1,24,2,35,4,75,17,0.08785890702595293,0.12869765950324763,0.05487554614867265
2026,bobryan,Billy O'Bryan,breeze,19,44,4,0,37,2.10125592026575,-0.402834727186651,2.5040906474524,0.572848988692145,16.8408020160771,10,0.578947368421053,0.454545454545455,0.916084107741405,31,133,1,0,2,0.963476742285949,-0.0745878533970599,8,0.888888888888889,1,0,0,2,0.0,0,0,0.0,9,10,0,0,2.1,28,-0.4,14,2.5,39,0.9,45,16.8,44,57.9,66,45.5,43,-7.5,9,2,30,1,24,0,0,0,0,9,-0.04475941413185011,0.23347288002952776,0.10178712308237833
2026,csunde,Colin Sunde,growlers,35,16,2,20,13,2.11767909682867,0.697020769930863,1.42065832689781,0.741733514285144,9.76513478404138,23,0.571428571428571,0.6875,2.06156104915667,224,126,2,2,0,0.925154652795345,-0.0541869108598613,27,0.870967741935484,4,0,2,0,0.5,4,0,0.129032258064516,31,24,0,1,2.1,29,0.7,40,1.4,27,2.1,60,9.8,23,57.1,64,68.8,97,-5.4,15,0,0,2,38,2,35,1,28,31,0.02248454096551171,0.06831222892995709,0.06650196932763451
2026,tlin,Tommy Lin,cascades,32,51,2,1,33,2.14753032866317,0.860411490969098,1.28711883769407,0.957811082333129,14.00176836073,16,0.40625,0.666666666666667,1.18848697744417,112,55,1,3,0,0.914078428314293,-0.00498751922338392,19,0.904761904761905,2,0,1,0,1.0,1,0,0.0454545454545455,22,19,0,0,2.1,29,0.9,43,1.3,25,1.2,50,14.0,34,40.6,22,66.7,96,-0.5,43,0,0,1,24,3,46,0,0,22,0.03910961322586809,0.09761501493923501,0.054022135338371365
2026,dperry,David Perry,phoenix,9,18,2,0,15,2.07327275026514,1.42697026634582,0.646302483919328,0.999501013696739,40.5649307978265,5,0.444444444444444,0.5,0.88088548157125,66,-2,1,0,1,0.932084359065441,0.0679156409345586,5,1.0,0,0,0,0,0.0,0,0,0.0,5,6,0,0,2.1,28,1.4,51,0.6,17,0.9,44,40.6,98,44.4,30,50.0,57,6.8,98,1,15,1,24,0,0,0,0,5,0.285394053269164,0.414654550053028,0.17617709631425
2026,akelly,Austin Kelly,steel,41,23,2,33,0,2.09272893977499,2.41647034115823,-0.323741401383231,0.869484366410419,10.0270381936512,35,0.365853658536585,0.478260869565217,3.74247035937618,601,-44,5,4,0,0.928927990297996,-0.0428520409309071,69,0.884615384615385,9,0,6,0,0.666666666666667,10,1,0.126582278481013,79,60,0,0,2.1,28,2.4,60,-0.3,2,3.7,74,10.0,23,36.6,15,47.8,51,-4.3,19,0,0,5,61,4,56,0,0,79,0.030588232166559873,0.026490239743987214,0.04737304252374911
2026,ffarah,Frederick Farah,breeze,24,60,4,3,56,2.10862398176619,0.256670606287541,1.85195337547865,0.574857685747291,15.5834801303693,5,0.541666666666667,0.383333333333333,0.353636440333634,19,65,0,0,3,0.976309879640631,0.023690120359369,4,1.0,0,0,0,0,0.0,0,0,0.0,4,7,0,5,2.1,28,0.3,31,1.9,33,0.4,34,15.6,39,54.2,54,38.3,19,2.4,76,3,43,0,0,0,0,5,82,4,0.06416765157188525,0.5271559954415475,0.0884091100834085
2026,jpollard,James Pollard,alleycats,48,82,6,19,61,2.0514706102317,-0.750278160161311,2.80174877039302,1.11286562003336,9.71199259108992,22,0.395833333333333,0.439024390243902,-1.64439137972643,126,219,2,1,2,0.904352235334559,-0.0966599276422508,22,0.814814814814815,5,0,0,1,0.0,3,1,0.107142857142857,28,27,0,4,2.1,28,-0.8,9,2.8,42,-1.6,4,9.7,22,39.6,19,43.9,37,-9.7,7,2,30,2,38,1,22,4,75,28,-0.02679564857718968,0.073266807508275,-0.058728263561658216
2026,jtapper,Jason Tapper,glory,21,57,4,0,52,2.03474439760965,-0.680512743159785,2.71525714076943,0.577437524113807,15.6949770124932,10,0.571428571428571,0.421052631578947,0.937206900436392,-5,148,0,2,2,0.969554916089652,-0.036221582756319,14,0.933333333333333,1,0,0,2,0.0,0,0,0.0,15,17,0,2,2.0,28,-0.7,9,2.7,41,0.9,46,15.7,39,57.1,64,42.1,30,-3.6,22,2,30,0,0,2,35,2,48,15,-0.04536751621065234,0.13564962650731,0.0624804600290928
2026,jworthing,Jake Worthington,sol,5,15,1,1,13,2.01439468901502,1.40191258451212,0.612482104502906,0.549885106063017,62.8221265809771,4,0.6,0.4,0.301969152692314,116,56,1,1,0,0.873249481914772,0.126750518085228,6,1.0,0,0,2,0,1.0,2,0,0.333333333333333,6,6,0,0,2.0,28,1.4,51,0.6,17,0.3,32,62.8,100,60.0,74,40.0,23,12.7,99,0,0,1,24,1,22,0,0,6,0.23365209741868667,0.33573244816917,0.05032819211538567
2026,dbaumgart,Dan Baumgartner,steel,31,75,7,7,60,1.99719067759898,0.38099384397005,1.61619683362893,0.829790250379799,12.0493446888271,11,0.419354838709677,0.346666666666667,0.359678304338385,50,109,1,3,2,0.934729485349459,-0.0256385762585503,10,0.909090909090909,1,0,0,0,0.0,1,0,0.0909090909090909,11,12,0,3,2.0,27,0.4,34,1.6,29,0.4,34,12.0,28,41.9,24,34.7,11,-2.6,26,2,30,1,24,3,46,3,64,11,0.034635803997277274,0.18156278887263455,0.03269802766712591
2026,mayad,Max Ayad,rush,70,140,8,10,107,1.98201291915112,0.759729243713145,1.22228367543797,0.689069398368356,6.0236123771463,28,0.414285714285714,0.507142857142857,0.296898585144913,222,99,3,1,3,0.928802312035798,-0.0578345701003146,25,0.862068965517241,4,0,2,0,0.666666666666667,3,0,0.0967741935483871,31,29,1,5,2.0,27,0.8,42,1.2,24,0.3,31,6.0,15,41.4,23,50.7,60,-5.8,13,3,43,3,49,1,22,5,82,31,0.024507394958488547,0.06393590061777807,0.009577373714352033
2026,bgreenber,Ben Greenberg,breeze,21,48,3,1,41,1.93151730798465,0.966782558994961,0.964734748989685,0.526574476649394,13.8845652324049,17,0.571428571428571,0.4375,-0.134557668875347,319,82,1,3,0,0.88397206685398,-0.0378182207001342,21,0.84,4,0,2,0,0.4,5,0,0.192307692307692,26,16,0,1,1.9,27,1.0,45,1.0,21,-0.1,18,13.9,33,57.1,64,43.8,36,-3.8,21,0,0,1,24,3,46,1,28,26,0.03718394457672927,0.07428912723017884,-0.005175294956744116
2026,cmah,Camden Mah,bighorns,139,134,8,88,44,1.89626026940343,-3.97725236958508,5.87351263898851,1.93518375949491,3.49629619609113,80,0.287769784172662,0.417910447761194,2.59311663433109,553,515,3,8,4,0.958254718334816,-0.068548835981875,115,0.884615384615385,15,0,1,4,0.333333333333333,3,0,0.0218978102189781,137,112,3,4,1.9,27,-4.0,1,5.9,65,2.6,65,3.5,11,28.8,6,41.8,29,-6.9,10,4,53,3,49,8,78,4,75,137,-0.02903103919405168,0.013841315835061534,0.018927858644752483
2026,jleibfort,Joe Leibforth,radicals,26,79,5,2,68,1.86285082576892,0.859265214333667,1.00358561143525,0.876487540618957,12.208694408468,11,0.461538461538462,0.417721518987342,-1.20801113104326,71,79,0,1,1,0.922145199700751,0.0778548002992494,11,1.0,0,0,0,0,0.0,0,0,0.0,11,12,0,0,1.9,26,0.9,43,1.0,22,-1.2,6,12.2,29,46.2,34,41.8,28,7.8,98,1,15,0,0,1,22,0,0,11,0.07811501948487881,0.16935007506990182,-0.10981919373120545
2026,itran,Ivan Tran,glory,19,55,3,0,48,1.94768561961048,0.366225760359547,1.58145985925093,0.552731224256551,15.3992223708663,10,0.578947368421053,0.490909090909091,1.16621019822648,26,138,0,1,1,0.980474665352884,0.0195253346471161,14,1.0,0,0,0,1,0.0,0,0,0.0,14,13,0,3,1.9,27,0.4,33,1.6,29,1.2,50,15.4,38,57.9,66,49.1,55,2.0,70,1,15,0,0,1,22,3,64,14,0.026158982882824786,0.13912040140074858,0.08330072844474858
2026,mzwerin,Max Zwerin,spiders,20,43,3,0,37,1.92277757811306,-0.293780527565195,2.21655810567826,0.530128182026627,13.9578860227273,7,0.6,0.511627906976744,0.291912545102109,20,114,1,0,3,0.881801174502702,-0.0818011745027016,4,0.8,1,0,0,1,0.0,0,0,0.0,5,7,0,7,1.9,27,-0.3,16,2.2,36,0.3,31,14.0,33,60.0,74,51.2,62,-8.2,8,3,43,1,24,0,0,7,92,5,-0.058756105513039,0.38455551562261203,0.0583825090204218
2026,pearles,Pat Earles,hustle,33,13,2,27,1,1.86716180515895,0.0395330556135253,1.82762874954543,0.468044592884743,8.12630374977384,25,0.606060606060606,0.538461538461538,3.75198263853716,308,116,0,5,1,0.956959182456405,-0.0402925157897387,43,0.914893617021277,4,0,0,0,0.0,3,1,0.0625,48,40,0,1,1.9,26,0.0,23,1.8,33,3.8,74,8.1,19,60.6,77,53.8,68,-4.0,20,1,15,0,0,5,64,1,28,48,0.000823605325281777,0.03889920427414479,0.07816630496952416
2026,mbeidler,Marcus Beidler,steel,58,52,4,38,19,1.86898668275753,-1.74593181911815,3.61491850187568,0.77652421716004,7.32806355656428,22,0.327586206896552,0.442307692307692,0.565311032905401,118,385,3,2,2,0.946294666328245,-0.10758498890889,26,0.838709677419355,5,0,0,4,0.0,0,0,0.0,31,32,2,1,1.9,26,-1.7,3,3.6,48,0.6,38,7.3,17,32.8,9,44.2,39,-10.8,6,2,30,3,49,2,35,1,28,31,-0.05632038126187581,0.06028989299217839,0.018235839771141966
2026,mcote,Michael Cote,bighorns,65,108,6,25,65,1.92694037171708,0.663472843916022,1.26346752780106,1.96649361537018,7.94390963737555,16,0.261538461538462,0.509259259259259,-2.34893436356676,44,126,0,1,2,0.969846831722905,0.0301531682770955,20,1.0,0,0,0,0,0.0,0,0,0.0,20,22,0,5,1.9,27,0.7,39,1.3,25,-2.3,2,7.9,18,26.2,5,50.9,61,3.0,84,2,30,0,0,1,22,5,82,20,0.0331736421958011,0.09634701858585401,-0.117446718178338
2026,smccrory,Samuel McCrory,empire,6,13,1,0,10,1.86865147265396,1.36275295831983,0.505898514334125,0.511149727778488,67.042207028122,6,0.166666666666667,0.461538461538462,-0.669380163484568,83,60,1,0,0,0.931324539451142,0.0686754605488584,6,1.0,0,0,0,0,0.0,0,0,0.0,6,6,0,0,1.9,26,1.4,50,0.5,14,-0.7,10,67.0,100,16.7,2,46.2,45,6.9,98,0,0,1,24,0,0,0,0,6,0.22712549305330498,0.31144191210899336,-0.11156336058076133
2026,spearlman,Steven Pearlman,apex,25,32,2,14,18,1.78056110509824,0.42445760473254,1.3561035003657,0.608102595611416,12.4775915507966,9,0.44,0.46875,-0.941089207746069,4,171,1,1,1,0.975432098462018,0.0245679015379824,8,1.0,0,0,0,2,0.0,0,0,0.0,8,9,1,0,1.8,25,0.4,35,1.4,26,-0.9,8,12.5,29,44.0,29,46.9,48,2.5,78,1,15,1,24,1,22,0,0,8,0.0530572005915675,0.22257013813728,-0.11763615096825862
2026,wzamsky,Will Zamsky,phoenix,13,34,4,1,27,1.82006040464722,0.972063717832074,0.84799668681515,0.877430246069434,27.0755425501562,6,0.384615384615385,0.352941176470588,0.096196893186376,11,50,1,0,1,0.982457347985522,0.0175426520144779,5,1.0,0,0,0,1,0.0,0,0,0.0,6,4,0,1,1.8,25,1.0,45,0.8,20,0.1,25,27.1,80,38.5,17,35.3,12,1.8,67,1,15,1,24,0,0,1,28,6,0.162010619638679,0.30334340077453664,0.01603281553106267
2026,tshope,Thomas Shope,windchill,29,38,2,15,25,1.76898744362604,0.255755900752835,1.5132315428732,0.507430123315526,8.64570003650346,17,0.586206896551724,0.447368421052632,1.33693683885118,42,139,1,2,4,0.974361501084439,-0.0512845780075157,11,0.916666666666667,1,0,0,0,0.0,0,0,0.0,13,17,1,2,1.8,25,0.3,30,1.5,28,1.3,52,8.6,20,58.6,70,44.7,40,-5.1,15,4,53,1,24,2,35,2,48,13,0.019673530827141152,0.13607595720200308,0.10284129529624461
2026,cbauman,Conor Bauman,spiders,29,54,3,0,41,1.82139603604562,0.519381379417939,1.30201465662768,0.502176320511781,10.7110860256121,13,0.482758620689655,0.592592592592593,-0.634557844714825,81,75,0,0,1,0.955838672590562,-0.00583867259056214,19,0.95,1,0,0,0,0.0,0,0,0.0,20,18,0,3,1.8,26,0.5,37,1.3,25,-0.6,11,10.7,25,48.3,39,59.3,85,-0.6,42,1,15,0,0,0,0,3,64,20,0.02596906897089695,0.091069801802281,-0.031727892235741254
2026,siwata,Shun Iwata,growlers,34,61,5,2,56,1.82837356472039,1.18086276859373,0.647510796126661,0.640402009736528,10.1372368708181,14,0.441176470588235,0.442622950819672,2.03014230961096,118,61,1,2,0,0.958439042192885,-0.0110706211402538,17,0.944444444444444,1,0,0,0,0.0,0,0,0.0,19,16,0,0,1.8,26,1.2,47,0.6,17,2.0,59,10.1,23,44.1,29,44.3,39,-1.1,38,0,0,1,24,2,35,0,0,19,0.06215067203124895,0.09623018761686264,0.10684959524268212
2026,mhanna,Matt Hanna,phoenix,77,115,7,37,76,1.7934154063614,-0.615911198384195,2.40932660474559,0.864584997998129,5.0116962475975,33,0.350649350649351,0.391304347826087,2.05797160032871,155,277,2,3,4,0.931034380834699,-0.0219434717437903,28,0.903225806451613,3,1,0,0,0.0,1,0,0.0303030303030303,33,36,2,0,1.8,25,-0.6,11,2.4,39,2.1,60,5.0,14,35.1,12,39.1,21,-2.2,28,4,53,2,38,3,46,0,0,33,-0.018663975708611967,0.05434592140489091,0.06236277576753667
2026,mcampanel,Mike Campanella,phoenix,106,82,6,83,21,1.83826967581063,0.330420038661459,1.50784963714917,0.886208726847794,3.92460697192796,64,0.339622641509434,0.365853658536585,0.800194103728244,632,164,4,3,4,0.964561469567712,-0.0196795798039324,119,0.944444444444444,7,0,2,1,0.666666666666667,4,1,0.031496062992126,127,118,2,3,1.8,26,0.3,32,1.5,28,0.8,43,3.9,12,34.0,11,36.6,16,-2.0,30,4,53,4,56,3,46,3,64,127,0.002601732587885504,0.014474564376461654,0.0063007409742381415
2026,astevenso,Alex Stevenson,thunderbirds,29,66,5,10,51,1.65010008494565,0.401807764406367,1.24829232053928,0.882618180452691,12.311738658256,19,0.413793103448276,0.348484848484849,0.953622034766048,203,58,1,3,1,0.891115237906675,-0.0650282813849358,19,0.826086956521739,4,0,2,0,0.5,4,0,0.173913043478261,23,23,0,3,1.7,25,0.4,34,1.2,24,1.0,46,12.3,29,41.4,23,34.8,12,-6.5,11,1,15,1,24,3,46,3,64,23,0.017469902800276826,0.0717434819541587,0.04146182759852383
2026,mfredrick,Matthew Fredrickson,shred,9,17,1,0,14,1.74864802614361,0.0,1.74864802614361,0.478804009523575,26.2814776434245,2,0.666666666666667,0.647058823529412,0.0,0,102,0,0,2,0.0,0.0,0,0.0,0,0,0,2,0.0,0,0,0.0,0,2,0,2,1.7,25,0.0,21,1.7,32,0.0,21,26.3,78,66.7,90,64.7,94,0.0,47,2,30,0,0,0,0,2,48,0,,,
2026,jsilverma,Jeffrey Silverman,growlers,22,50,5,0,47,1.71974742272288,0.362031821090273,1.35771560163261,0.602354861720707,15.0808778911929,6,0.5,0.48,0.13936425795827,43,45,0,0,2,0.88161176036496,-0.0244689032221029,6,0.857142857142857,1,0,0,0,0.0,1,0,0.142857142857143,7,9,0,1,1.7,25,0.4,33,1.4,26,0.1,27,15.1,37,50.0,42,48.0,52,-2.4,27,2,30,0,0,0,0,1,28,7,0.05171883158432471,0.24567820324612571,0.019909179708324287
2026,kstevens,Kyle Stevens,bighorns,37,43,4,24,17,1.64872570223676,-0.282449606762829,1.93117530899959,1.68256818660984,10.8549201723368,8,0.297297297297297,0.325581395348837,1.10717774608461,-36,155,0,1,1,0.981043082690407,0.0189569173095933,8,1.0,0,0,0,0,0.0,0,0,0.0,8,9,0,0,1.6,24,-0.3,16,1.9,33,1.1,48,10.9,25,29.7,6,32.6,8,1.9,70,1,15,0,0,1,22,0,0,8,-0.03530620084535362,0.206090712779595,0.13839721826057624
2026,jmcguinne,Jimmy McGuinness,apex,19,83,6,0,73,1.58865598444203,0.0886574449865517,1.49999853945548,0.542562580361154,13.2427372984347,6,0.526315789473684,0.337349397590361,0.355821840889524,8,64,0,1,1,0.972781466849986,0.027218533150014,5,1.0,0,0,0,0,0.0,0,0,0.0,5,7,0,2,1.6,24,0.1,25,1.5,28,0.4,34,13.2,31,52.6,49,33.7,10,2.7,81,1,15,0,0,1,22,2,48,5,0.017731488997310342,0.317731196888406,0.07116436817790481
2026,srobinson,Seamus Robinson,spiders,3,12,1,0,12,1.57200686951201,1.23533553071375,0.336671338798259,0.433417340286234,68.4377894330226,2,0.666666666666667,0.416666666666667,0.772156120275644,72,29,0,2,0,0.877051631984536,0.122948368015464,3,1.0,0,0,1,0,1.0,1,0,0.333333333333333,3,3,0,0,1.6,24,1.2,48,0.3,11,0.8,42,68.4,100,66.7,90,41.7,28,12.3,99,0,0,0,0,2,35,0,0,3,0.4117785102379166,0.5240022898373367,0.25738537342521467
2026,awarringt,Alex Warrington,thunderbirds,16,41,4,9,34,1.57875398070753,-0.101830705501158,1.68058468620869,0.84445602939316,18.4881587616781,8,0.4375,0.292682926829268,1.00305104837818,-13,123,0,1,2,0.976705677028856,0.0232943229711439,6,1.0,0,0,0,1,0.0,0,0,0.0,6,8,0,1,1.6,24,-0.1,19,1.7,30,1.0,47,18.5,50,43.8,28,29.3,5,2.3,76,2,30,0,0,1,22,1,28,6,-0.016971784250193,0.263125663451255,0.16717517472969667
2026,triedl,Thomas Riedl,steel,21,41,4,8,34,1.64529732031316,0.373036210469598,1.27226110984356,0.683586044479826,12.9557163226169,6,0.476190476190476,0.365853658536585,0.267626509201233,34,117,0,2,1,0.977028327124442,0.0229716728755583,10,1.0,0,0,0,0,0.0,0,0,0.0,10,11,0,0,1.6,24,0.4,33,1.3,25,0.3,31,13.0,30,47.6,38,36.6,16,2.3,75,1,15,0,0,2,35,0,0,10,0.0373036210469598,0.164529732031316,0.0267626509201233
2026,ddamiano,Dustin Damiano,phoenix,51,35,2,39,0,1.62227183917918,2.72615058796214,-1.10387874878296,0.782078647174569,8.40812250208276,36,0.274509803921569,0.342857142857143,-4.05973376764839,334,45,0,2,0,0.959220451953063,0.019946214713604,47,0.979166666666667,1,0,1,0,1.0,1,0,0.0208333333333333,48,25,2,0,1.6,24,2.7,62,-1.1,1,-4.1,1,8.4,20,27.5,5,34.3,11,2.0,71,0,0,0,0,2,35,0,0,48,0.05679480391587791,0.03379732998289958,-0.08457778682600813
2026,pgagnon,Philippe Gagnon,royal,12,41,3,0,39,1.5211443739215,-0.345845540402004,1.86698991432351,0.436938109225023,15.9097650234655,8,0.666666666666667,0.439024390243902,1.11726300336214,36,106,0,1,1,0.966511384102872,-0.0498447174362049,11,0.916666666666667,1,0,0,1,0.0,0,0,0.0,12,12,0,3,1.5,23,-0.3,15,1.9,33,1.1,49,15.9,40,66.7,90,43.9,37,-5.0,16,1,15,0,0,1,22,3,64,12,-0.028820461700167,0.126762031160125,0.09310525028017834
2026,npowell,Noah Powell,sol,41,72,5,1,62,1.53519970417013,-0.425867227264703,1.96106693143483,0.419075495362968,5.05512423286918,16,0.658536585365854,0.555555555555556,2.41065813657205,48,132,2,5,2,0.958175428145267,-0.0758224869687967,15,0.882352941176471,2,0,0,0,0.0,0,0,0.0,17,19,1,2,1.5,24,-0.4,14,2.0,34,2.4,64,5.1,14,65.9,89,55.6,74,-7.6,9,2,30,2,38,5,64,2,48,17,-0.02505101336851194,0.09030586495118412,0.14180341979835587
2026,qbonnaud,Quentin Bonnaud,royal,9,3,1,8,0,1.52641875891032,0.0811433703046787,1.44527538860564,0.43845313951659,29.8392253563536,2,0.555555555555556,0.333333333333333,0.112775412199606,6,86,0,0,2,0.978766425282771,0.021233574717229,1,1.0,0,0,0,1,0.0,0,0,0.0,1,3,0,0,1.5,23,0.1,25,1.4,27,0.1,25,29.8,86,55.6,58,33.3,9,2.1,73,2,30,0,0,0,0,0,0,1,0.0811433703046787,1.52641875891032,0.112775412199606
2026,nbetsch,Nicholas Betsch,alleycats,9,17,2,2,13,1.35776029021004,-0.234693591501535,1.59245388171157,0.736547109027612,29.6325047950002,7,0.444444444444444,0.411764705882353,-0.10979107387049,-8,86,1,0,2,0.968370390069882,-0.0794815011809931,8,0.888888888888889,1,0,0,0,0.0,0,0,0.0,9,9,0,1,1.4,22,-0.2,17,1.6,29,-0.1,18,29.6,86,44.4,30,41.2,26,-7.9,9,2,30,1,24,0,0,1,28,9,-0.026077065722392778,0.15086225446778223,-0.012199008207832223
2026,cgarrison,Connor Garrison,bighorns,168,120,8,123,14,1.4178173051535,-1.74453054406396,3.16234784921746,1.4469200600438,1.98590552862367,116,0.30952380952381,0.4,1.10082033001945,802,507,2,7,1,0.96277094507903,-0.0262630085710938,176,0.936170212765957,12,0,0,1,0.0,0,0,0.0,190,144,4,2,1.4,23,-1.7,3,3.2,44,1.1,48,2.0,9,31.0,7,40.0,23,-2.6,26,1,15,2,38,7,75,2,48,190,-0.00918173970559979,0.007462196342913157,0.005793791210628683
2026,alandis,Aiden Landis,thunderbirds,25,49,2,8,40,1.42507207562767,0.196134000807818,1.22893807481985,0.762253474125394,11.8078779672547,21,0.48,0.387755102040816,0.922630917132796,180,67,1,5,1,0.944528227162205,-0.0382782271622046,29,0.90625,3,0,1,1,0.5,2,0,0.0625,32,28,0,2,1.4,23,0.2,28,1.2,24,0.9,45,11.8,28,48.0,39,38.8,21,-3.8,21,1,15,1,24,5,64,2,48,32,0.006129187525244313,0.04453350236336469,0.028832216160399875
2026,obrown,Oscar Brown,shred,23,44,2,2,32,1.35970187830455,-0.560650037600196,1.92035191590474,0.37230517597341,11.4100625870708,17,0.478260869565217,0.545454545454545,1.19258846461027,218,134,1,1,1,0.924466988450173,-0.00780032178350687,32,0.914285714285714,3,0,3,0,1.0,3,0,0.0857142857142857,35,34,0,3,1.4,22,-0.6,12,1.9,33,1.2,50,11.4,27,47.8,38,54.5,71,-0.8,40,1,15,1,24,1,22,3,64,35,-0.016018572502862743,0.038848625094415716,0.034073956131722004
2026,aarnstein,Atkin Arnstein,apex,13,20,1,3,14,1.3989863021807,-0.568875459725256,1.96786176190595,0.477786018769606,19.9653962981654,8,0.538461538461538,0.5,-0.286282615023057,4,70,0,0,1,0.968923732974358,-0.059832823883449,10,0.909090909090909,1,0,0,0,0.0,0,0,0.0,11,12,0,0,1.4,23,-0.6,12,2.0,34,-0.3,15,20.0,56,53.8,52,50.0,57,-6.0,13,1,15,0,0,0,0,0,0,11,-0.05171595088411418,0.12718057292551818,-0.026025692274823365
2026,sbesse,Sam Besse,growlers,10,14,2,0,19,1.37521133371452,0.887134196645848,0.488077137068672,0.481678426617325,23.3977871337721,6,0.7,0.5,0.150964000164559,37,60,0,0,0,0.972542581993357,0.0274574180066431,9,1.0,0,0,0,0,0.0,0,0,0.0,9,7,0,1,1.4,22,0.9,44,0.5,14,0.2,27,23.4,67,70.0,96,50.0,57,2.7,81,0,0,0,0,0,0,1,28,9,0.09857046629398311,0.15280125930161334,0.01677377779606211
2026,acarne,Arthur Carne,radicals,33,13,3,27,0,1.41614926808289,-0.218768650755416,1.6349179188383,0.666310566558097,7.36089888148471,11,0.454545454545455,0.538461538461538,1.16748615740993,8,187,0,1,0,0.944596087510204,0.0119256516202308,22,0.956521739130435,1,0,0,1,0.0,0,0,0.0,23,22,0,0,1.4,23,-0.2,17,1.6,30,1.2,50,7.4,17,45.5,33,53.8,68,1.2,60,0,0,0,0,1,22,0,0,23,-0.009511680467626783,0.06157170730795174,0.050760267713475214
2026,dsuvorov,Dmitry Suvorov,phoenix,30,20,2,20,7,1.44790665197958,-0.596332675382752,2.04423932736233,0.698019190290696,7.86095686779432,20,0.5,0.55,-1.26289119133873,95,236,0,0,2,0.97242746385419,-0.0312509932659552,32,0.941176470588235,2,0,0,1,0.0,0,0,0.0,34,35,2,1,1.4,23,-0.6,11,2.0,35,-1.3,6,7.9,18,50.0,42,55.0,73,-3.1,23,2,30,0,0,0,0,1,28,34,-0.017539196334786823,0.0425854897641053,-0.03714385856878617
2026,mrivas,Milan Rivas,union,9,18,3,2,15,1.38710182907648,0.424685027009673,0.962416802066802,0.758102417181393,25.4526018772701,6,0.444444444444444,0.5,0.492976249330808,32,3,0,0,2,0.978070974664527,0.0219290253354728,5,1.0,0,0,0,0,0.0,0,0,0.0,5,8,0,0,1.4,22,0.4,35,1.0,21,0.5,37,25.5,75,44.4,30,50.0,57,2.2,74,2,30,0,0,0,0,0,0,5,0.08493700540193459,0.277420365815296,0.09859524986616161
2026,dmiller4,Dane Miller,flyers,27,55,3,0,40,1.39588747907326,-0.67632059153789,2.07220807061115,0.320411386130164,8.04639807465641,5,0.62962962962963,0.636363636363636,0.142668672846616,1,64,0,0,2,0.955020466873234,-0.288353800206568,2,0.666666666666667,1,0,0,1,0.0,0,0,0.0,3,4,0,2,1.4,22,-0.7,10,2.1,35,0.1,27,8.0,19,63.0,83,63.6,93,-28.8,1,2,30,0,0,0,0,2,48,3,-0.22544019717929667,0.46529582635775335,0.04755622428220533
2026,jwahl,Jake Wahl,alleycats,12,24,2,0,20,1.25760248696167,0.213674719310633,1.04392776765104,0.682214292726343,26.8586741226949,3,0.583333333333333,0.541666666666667,0.0467935562877232,10,11,0,0,1,0.975693219424201,0.0243067805757995,2,1.0,0,0,0,0,0.0,0,0,0.0,2,3,0,1,1.3,21,0.2,29,1.0,22,0.0,23,26.9,79,58.3,69,54.2,70,2.4,78,1,15,0,0,0,0,1,28,2,0.1068373596553165,0.628801243480835,0.0233967781438616
2026,knicholl,Kevin Nicholl,thunderbirds,6,20,2,0,17,1.25453823656132,-0.522262482979032,1.77680071954035,0.671037027247078,31.9984606285444,4,0.5,0.35,0.111479684690581,-3,5,0,0,2,0.88261700957494,-0.38261700957494,1,0.5,1,0,0,0,0.0,0,0,0.0,2,4,0,0,1.3,21,-0.5,13,1.8,32,0.1,25,32.0,90,50.0,42,35.0,12,-38.3,1,2,30,0,0,0,0,0,0,2,-0.261131241489516,0.62726911828066,0.0557398423452905
2026,pburt1,Peter Burt,phoenix,13,28,3,1,23,1.3130780165737,0.72898576163533,0.584092254938366,0.633019851565826,16.1508910915996,4,0.538461538461538,0.428571428571429,-0.532523045751117,52,93,0,1,2,0.713895505087646,0.286104494912354,4,1.0,0,0,1,2,1.0,1,0,0.25,4,6,1,0,1.3,22,0.7,41,0.6,16,-0.5,12,16.2,41,53.8,52,42.9,32,28.6,100,2,30,0,0,1,22,0,0,4,0.1822464404088325,0.328269504143425,-0.13313076143777924
2026,jsifakis,Joe Sifakis,union,8,13,2,0,13,1.3009865882233,0.701671541971867,0.599315046251433,0.711037255216741,33.4005978140616,4,0.375,0.538461538461538,0.235434315564769,40,50,1,0,0,0.960829570020006,0.039170429979994,4,1.0,0,0,0,0,0.0,0,0,0.0,4,4,0,0,1.3,22,0.7,40,0.6,16,0.2,30,33.4,93,37.5,15,53.8,68,3.9,90,0,0,1,24,0,0,0,0,4,0.17541788549296675,0.325246647055825,0.05885857889119225
2026,lchristie,Lucius Christie,thunderbirds,14,11,1,13,2,1.16630776117701,0.776080445926595,0.390227315250414,0.623843634340403,15.724838151614,7,0.428571428571429,0.181818181818182,-0.474585546396775,37,27,1,0,1,0.93796274431598,0.0620372556840197,7,1.0,0,0,1,0,1.0,1,0,0.142857142857143,7,8,0,0,1.2,21,0.8,42,0.4,13,-0.5,13,15.7,39,42.9,26,18.2,1,6.2,97,1,15,1,24,0,0,0,0,7,0.1108686351323707,0.1666153944538586,-0.06779793519953929
2026,jzeidman,Jason Zeidman,bighorns,16,20,1,6,4,1.23571290053718,0.352371130612472,0.883341769924703,1.26107769861687,42.7339199940128,6,0.0,0.55,-0.189982639081032,59,50,0,0,0,0.943517160796165,-0.068517160796165,6,0.857142857142857,1,0,0,0,0.0,0,0,0.0,8,8,0,0,1.2,21,0.4,33,0.9,20,-0.2,16,42.7,99,0.0,0,55.0,73,-6.9,11,0,0,0,0,0,0,0,0,8,0.044046391326559,0.1544641125671475,-0.023747829885129
2026,msotomayo,Miguel Sotomayor,bighorns,28,55,3,13,31,1.15483623273377,-0.0889172711619638,1.24375350389573,1.17854092000026,10.9384324282886,12,0.25,0.436363636363636,-1.17047713548359,6,43,0,0,1,0.96210112930636,-0.0176566848619154,16,0.941176470588235,1,0,0,0,0.0,1,0,0.0555555555555556,18,16,0,0,1.2,21,-0.1,19,1.2,24,-1.2,6,10.9,26,25.0,4,43.6,36,-1.8,31,1,15,0,0,0,0,0,0,18,-0.004939848397886877,0.06415756848520944,-0.0650265075268661
2026,gschoepke,Gabe Schoepke,union,15,36,3,3,29,1.16207168612038,0.0497290211402302,1.11234266498015,0.635115126891919,19.8995052549196,4,0.333333333333333,0.416666666666667,0.0474781626704902,8,45,0,0,1,0.986526631996131,0.0134733680038693,3,1.0,0,0,0,0,0.0,0,0,0.0,3,4,0,2,1.2,21,0.0,24,1.1,23,0.0,23,19.9,56,33.3,9,41.7,28,1.3,62,1,15,0,0,0,0,2,48,3,0.016576340380076732,0.3873572287067933,0.015826054223496734
2026,ngonder,Nathan Gonder,apex,5,15,1,0,13,1.08911375512677,0.390104695744881,0.699009059381889,0.371957412476526,29.7900981086943,4,0.6,0.4,-0.32275264809032,34,73,0,0,1,0.95969034229966,0.04030965770034,4,1.0,0,0,0,0,0.0,0,0,0.0,4,5,0,1,1.1,20,0.4,34,0.7,18,-0.3,14,29.8,86,60.0,74,40.0,23,4.0,91,1,15,0,0,0,0,1,28,4,0.09752617393622025,0.2722784387816925,-0.08068816202258
2026,kdelorenz,Kai DeLorenzo,glory,16,43,4,3,41,1.12393603478104,0.753181673694753,0.37075436108629,0.318960377504262,11.2111176318581,6,0.5625,0.488372093023256,1.09587954423691,82,42,0,0,0,0.975201599201568,0.024798400798432,8,1.0,0,0,0,0,0.0,0,0,0.0,8,6,0,3,1.1,20,0.8,41,0.4,12,1.1,48,11.2,26,56.3,60,48.8,54,2.5,78,0,0,0,0,0,0,3,64,8,0.09414770921184412,0.14049200434763,0.13698494302961375
2026,ebaughman,Ethan Baughman,flyers,11,23,2,0,22,1.13948936843758,1.06650510481128,0.0729842636262946,0.261557878765463,11.4210460222282,6,0.909090909090909,0.521739130434783,0.144173169196562,51,16,1,1,0,0.947156715418702,0.0528432845812978,8,1.0,0,0,1,0,1.0,1,0,0.125,8,7,0,0,1.1,21,1.1,46,0.1,6,0.1,27,11.4,27,90.9,100,52.2,65,5.3,95,0,0,1,24,1,22,0,0,8,0.13331313810141,0.1424361710546975,0.01802164614957025
2026,cblalack,Conner Blalack,alleycats,24,51,4,9,43,1.07582362998679,-1.25794515186651,2.3337687818533,0.583604330016004,9.09734920203789,16,0.416666666666667,0.333333333333333,0.439632431509474,14,97,0,2,2,0.949793438911115,-0.0331267722444479,22,0.916666666666667,2,0,0,0,0.0,1,0,0.0416666666666667,24,26,0,0,1.1,20,-1.3,5,2.3,37,0.4,35,9.1,21,41.7,23,33.3,9,-3.3,23,2,30,0,0,2,35,0,0,24,-0.052414381327771244,0.04482598458278292,0.018318017979561417
2026,rmccabe,Robby McCabe,spiders,20,36,2,0,30,1.0689591140497,-0.731295465360292,1.80025457940999,0.294722259216318,9.5264999479558,6,0.5,0.611111111111111,0.139835725019093,-1,82,0,0,2,0.862244150586518,-0.112244150586518,3,0.75,1,0,0,1,0.0,0,0,0.0,4,6,0,1,1.1,20,-0.7,9,1.8,32,0.1,27,9.5,22,50.0,42,61.1,89,-11.2,5,2,30,0,0,0,0,1,28,4,-0.182823866340073,0.267239778512425,0.03495893125477325
2026,psamuels,Phillip Samuels,bighorns,49,79,5,24,48,0.992780849032836,-1.2584261942436,2.25120704327644,1.01315911469807,4.4263166609257,20,0.346938775510204,0.379746835443038,0.264426216875135,91,225,1,0,5,0.940588304384357,-0.128088304384357,12,0.8,3,0,1,1,1.0,2,1,0.125,16,20,3,4,1.0,20,-1.3,5,2.3,37,0.3,31,4.4,13,34.7,11,38.0,18,-12.8,4,5,61,1,24,0,0,4,75,16,-0.078651637140225,0.06204880306455225,0.016526638554695938
2026,ebemis,Eliot Bemis,empire,20,35,2,0,30,0.980794445730241,0.36073597961343,0.620058466116811,0.268285884916595,6.49655039535067,4,0.65,0.542857142857143,0.661305893758,32,51,1,1,0,0.937999408423356,0.0620005915766436,5,1.0,0,0,0,0,0.0,0,0,0.0,5,5,0,0,1.0,19,0.4,33,0.6,17,0.7,40,6.5,16,65.0,87,54.3,70,6.2,97,0,0,1,24,1,22,0,0,5,0.07214719592268601,0.1961588891460482,0.13226117875159998
2026,tmccarthy,Tyler McCarthy,alleycats,9,19,2,1,14,0.986569684054245,1.37635520805395,-0.389785523999709,0.535186552356771,22.1279964518539,7,0.444444444444444,0.421052631578947,-0.151313497440409,74,9,1,1,0,0.953299742605354,0.046700257394646,9,1.0,0,0,0,0,0.0,0,0,0.0,9,9,1,0,1.0,19,1.4,51,-0.4,2,-0.2,17,22.1,62,44.4,30,42.1,30,4.7,93,0,0,1,24,1,22,0,0,9,0.1529283564504389,0.10961885378380501,-0.01681261082671211
2026,rthomas,Ryan Thomas,hustle,16,29,2,0,26,0.999547298329486,0.0603884172248598,0.939158881104626,0.250558203913047,7.64708466730392,7,0.75,0.620689655172414,0.43430825314452,-9,69,0,0,0,0.979744244817147,0.0202557551828534,12,1.0,0,0,0,0,0.0,0,0,0.0,12,13,0,1,1.0,20,0.1,24,0.9,21,0.4,35,7.6,18,75.0,98,62.1,91,2.0,71,0,0,0,0,0,0,1,28,12,0.0050323681020716495,0.08329560819412384,0.03619235442871
2026,mbruggema,Michael Bruggeman,alleycats,4,10,1,0,10,0.960903077306535,0.548167773459149,0.412735303847386,0.521263133668742,30.5743467455816,3,0.75,0.4,0.0951565879963142,26,58,1,0,0,0.96554265720214,0.0344573427978595,4,1.0,0,0,0,0,0.0,0,0,0.0,4,4,0,0,1.0,19,0.5,38,0.4,13,0.1,25,30.6,88,75.0,98,40.0,23,3.4,88,0,0,1,24,0,0,0,0,4,0.13704194336478726,0.24022576932663375,0.02378914699907855
2026,bsessums,Beckett Sessums,steel,7,22,1,0,20,1.01164581348303,0.146671214399021,0.864974599084013,0.420317319863996,23.7002747750729,3,0.428571428571429,0.363636363636364,-0.657337687806932,15,63,0,0,1,0.979671323877713,0.0203286761222865,2,1.0,0,0,0,1,0.0,0,0,0.0,2,3,0,2,1.0,20,0.1,26,0.9,20,-0.7,10,23.7,69,42.9,26,36.4,15,2.0,72,1,15,0,0,0,0,2,48,2,0.0733356071995105,0.505822906741515,-0.328668843903466
2026,sgood,Sam Good,growlers,10,20,2,1,17,0.94840677472485,-0.0739532339580322,1.02236000868288,0.332186822376429,20.5222003393657,4,0.4,0.5,-0.441635452838015,2,31,0,0,1,0.982094260130578,0.0179057398694218,4,1.0,0,0,0,0,0.0,0,0,0.0,4,6,0,0,0.9,19,-0.1,19,1.0,22,-0.4,13,20.5,58,40.0,19,50.0,57,1.8,68,1,15,0,0,0,0,0,0,4,-0.01848830848950805,0.2371016936812125,-0.11040886320950374
2026,lblumenfe,Lev Blumenfeld,breeze,20,53,4,0,43,0.871791690730742,-0.0328827009148972,0.90467439164564,0.237669759103955,8.40805705622508,8,0.45,0.415094339622642,0.443840604713956,9,59,0,1,1,0.984591515938719,0.0154084840612815,6,1.0,0,0,0,0,0.0,0,0,0.0,7,7,0,1,0.9,18,0.0,20,0.9,20,0.4,35,8.4,19,45.0,32,41.5,27,1.5,64,1,15,0,0,1,22,1,28,7,-0.004697528702128172,0.12454167010439172,0.06340580067342229
2026,bbrink,Ben Brink,union,19,34,3,6,26,0.892517799321853,0.278012864745691,0.614504934576163,0.487793964985112,9.38199071125715,8,0.526315789473684,0.470588235294118,0.63123848283279,86,27,1,1,2,0.948627670279714,-0.0486276702797142,9,0.9,1,0,0,0,0.0,0,0,0.0,10,11,1,1,0.9,19,0.3,32,0.6,17,0.6,39,9.4,21,52.6,49,47.1,48,-4.9,16,2,30,1,24,1,22,1,28,10,0.027801286474569097,0.0892517799321853,0.06312384828327901
2026,ckerns,Couper Kerns,breeze,31,69,4,0,56,0.896809377503911,-0.015250364622336,0.912059742126247,0.244490135636488,4.70288781957148,5,0.580645161290323,0.463768115942029,0.233026560907608,-2,71,0,0,3,0.975699525514583,0.0243004744854169,2,1.0,0,0,0,1,0.0,0,0,0.0,2,5,1,1,0.9,19,0.0,21,0.9,21,0.2,30,4.7,13,58.1,67,46.4,46,2.4,78,3,43,0,0,0,0,1,28,2,-0.007625182311168,0.4484046887519555,0.116513280453804
2026,singham,Samuel Ingham,alleycats,16,27,3,3,21,0.907100964572504,0.1649296002904,0.742171364282104,0.492076987277837,14.4854634913877,6,0.4375,0.518518518518518,0.77210003366598,11,34,0,1,1,0.983892153824658,0.016107846175342,6,1.0,0,0,0,0,0.0,0,0,0.0,6,5,0,3,0.9,19,0.2,27,0.7,18,0.8,42,14.5,35,43.8,28,51.9,64,1.6,65,1,15,0,0,1,22,3,64,6,0.027488266715066666,0.15118349409541734,0.12868333894433
2026,lmckeown,Liam McKeown,royal,5,10,1,1,7,0.833977202859082,0.272799679891393,0.561177522967689,0.239554133323064,22.5671928716067,4,0.6,0.5,-0.049308554406343,26,52,0,0,0,0.981298895044459,0.018701104955541,4,1.0,0,0,0,0,0.0,0,0,0.0,4,4,0,0,0.8,18,0.3,31,0.6,15,0.0,20,22.6,65,60.0,74,50.0,57,1.9,69,0,0,0,0,0,0,0,0,4,0.06819991997284824,0.2084943007147705,-0.01232713860158575
2026,twatkins,Theodore Watkins,apex,30,44,3,17,31,0.77234041677384,-0.340539776056392,1.11288019283023,0.263772027138525,5.28794935394678,18,0.4,0.363636363636364,-1.62854433530474,164,99,2,0,1,0.913981200394252,-0.141253927666979,17,0.772727272727273,5,0,1,0,0.333333333333333,3,0,0.136363636363636,22,16,0,1,0.8,17,-0.3,15,1.1,23,-1.6,4,5.3,14,40.0,19,36.4,15,-14.1,4,1,15,2,38,0,0,1,28,22,-0.015479080729836002,0.03510638258062909,-0.07402474251385181
2026,lmargison,Lochlan Margison,rush,11,18,1,1,13,0.785782674626186,0.175773308768672,0.610009365857514,0.273186309544767,13.3274238366003,4,0.454545454545455,0.611111111111111,-0.404335071730278,-2,33,1,0,1,0.98388897185661,0.01611102814339,4,1.0,0,0,0,0,0.0,0,0,0.0,4,5,0,0,0.8,17,0.2,28,0.6,16,-0.4,14,13.3,32,45.5,33,61.1,89,1.6,65,1,15,1,24,0,0,0,0,4,0.043943327192168,0.1964456686565465,-0.1010837679325695
2026,mgrinde,Matt Grinde,radicals,7,14,1,4,11,0.819274794268554,0.473498162268617,0.345776631999937,0.385475927318629,15.2706909578437,5,0.571428571428571,0.285714285714286,0.299671900227293,27,44,0,0,0,0.953796250372291,0.0462037496277088,7,1.0,0,0,0,0,0.0,0,0,0.0,7,6,0,1,0.8,18,0.5,36,0.3,12,0.3,32,15.3,38,57.1,64,28.6,4,4.6,93,0,0,0,0,0,0,1,28,7,0.06764259460980243,0.11703925632407915,0.04281027146104186
2026,mraymond,Malachi Raymond,glory,6,17,2,0,16,0.849615619508916,0.201158551826768,0.648457067682148,0.241111335828711,17.9931483109578,2,0.833333333333333,0.352941176470588,-0.107435896646679,16,36,0,0,1,0.978181471538635,0.0218185284613654,2,1.0,0,0,0,0,0.0,0,0,0.0,2,3,0,1,0.8,18,0.2,29,0.6,17,-0.1,18,18.0,47,83.3,99,35.3,12,2.2,73,1,15,0,0,0,0,1,28,2,0.100579275913384,0.424807809754458,-0.0537179483233395
2026,bbogel,Brendan Bogel,cascades,16,7,1,10,3,0.778978199308694,-0.303900785797966,1.08287898510666,0.347428831265087,7.14648731226143,4,0.6875,0.857142857142857,0.315973469831608,2,72,0,0,1,0.858003121397693,-0.108003121397693,3,0.75,1,0,0,1,0.0,0,0,0.0,4,5,0,1,0.8,17,-0.3,16,1.1,23,0.3,33,7.1,16,68.8,95,85.7,100,-10.8,6,1,15,0,0,0,0,1,28,4,-0.0759751964494915,0.1947445498271735,0.078993367457902
2026,jconroy,Jack Conroy,glory,12,30,3,1,26,0.840084429635189,0.0159071635191961,0.824177266115993,0.238406491579473,10.7305809418472,4,0.666666666666667,0.366666666666667,-0.00432704699996683,-4,40,0,0,2,0.973525286674809,0.0264747133251912,4,1.0,0,0,0,0,0.0,0,0,0.0,4,6,0,0,0.8,18,0.0,22,0.8,19,0.0,21,10.7,25,66.7,90,36.7,16,2.6,80,2,30,0,0,0,0,0,0,4,0.003976790879799025,0.21002110740879726,-0.0010817617499917075
2026,bmatis,Brandon Matis,windchill,20,28,3,0,24,0.813021890120159,0.992643509811289,-0.17962161969113,0.23321352531268,5.77322851075068,10,0.6,0.714285714285714,1.52532953751844,54,59,1,2,0,0.967560218671904,0.0324397813280956,12,1.0,0,0,0,0,0.0,0,0,0.0,12,9,1,2,0.8,18,1.0,45,-0.2,3,1.5,54,5.8,15,60.0,74,71.4,98,3.2,86,0,0,1,24,2,35,2,48,12,0.08272029248427408,0.06775182417667992,0.12711079479320334
2026,eshapiro,Everest Shapiro,empire,15,30,2,0,27,0.807054304879544,0.575880317398753,0.231173987480792,0.220761117992616,7.07808437560587,6,0.666666666666667,0.533333333333333,1.74376382123555,27,11,0,2,0,0.977419577527568,0.022580422472432,9,1.0,0,0,0,0,0.0,0,0,0.0,9,7,0,2,0.8,18,0.6,38,0.2,9,1.7,56,7.1,16,66.7,90,53.3,67,2.3,75,0,0,0,0,2,35,2,48,9,0.06398670193319478,0.08967270054217155,0.19375153569283887
2026,thusband,Tyler Husband,breeze,12,35,2,0,31,0.740898141274844,0.0,0.740898141274844,0.201985273121566,10.8964910464398,1,0.5,0.342857142857143,0.0,0,20,0,0,1,0.0,0.0,0,0.0,0,0,0,0,0.0,0,0,0.0,0,1,0,0,0.7,17,0.0,21,0.7,18,0.0,21,10.9,25,50.0,42,34.3,11,0.0,47,1,15,0,0,0,0,0,0,0,,,
2026,lpierson,Leo Pierson,breeze,4,10,1,0,8,0.668457595582842,0.421010109574278,0.247447486008564,0.182236372980586,29.5980849400352,1,0.5,0.4,-0.115024153893717,25,15,0,0,0,0.824624030239255,0.175375969760745,1,1.0,0,0,0,0,0.0,0,0,0.0,1,1,0,0,0.7,16,0.4,35,0.2,10,-0.1,18,29.6,86,50.0,42,40.0,23,17.5,100,0,0,0,0,0,0,0,0,1,0.421010109574278,0.668457595582842,-0.115024153893717
2026,jthornton,Jesse Thornton,phoenix,70,71,4,48,33,0.710896539319461,-1.69092375140386,2.40182029072332,0.342715068045164,2.16080299819355,45,0.357142857142857,0.366197183098592,2.59730005433615,508,78,1,3,3,0.941259293532894,-0.0581424104160111,65,0.878378378378378,9,0,2,0,0.333333333333333,6,0,0.0779220779220779,77,60,0,2,0.7,16,-1.7,3,2.4,38,2.6,66,2.2,9,35.7,13,36.6,16,-5.8,13,3,43,1,24,3,46,2,48,77,-0.02196004871953065,0.009232422588564429,0.03373116953683312
2026,nastrom,Nate Astrom,union,6,15,1,1,11,0.712706679195246,-0.160384793741115,0.873091472936361,0.38952054197706,89.9255643184123,3,0.333333333333333,0.466666666666667,0.21891896575027,-17,57,0,0,1,0.983071080280333,0.0169289197196669,2,1.0,0,0,0,1,0.0,0,0,0.0,2,2,0,1,0.7,17,-0.2,17,0.9,20,0.2,29,89.9,100,33.3,9,46.7,47,1.7,67,1,15,0,0,0,0,1,28,2,-0.0801923968705575,0.356353339597623,0.109459482875135
2026,mzetsch,Mason Zetsch,bighorns,106,101,6,77,25,0.682938538218426,-1.82919910503193,2.51213764325036,0.696956841430461,1.78654595614408,82,0.254716981132075,0.415841584158416,-4.5019086422892,869,284,9,2,3,0.91253376704728,-0.0742984729296327,113,0.837037037037037,22,0,9,1,0.5,18,0,0.132352941176471,136,118,2,1,0.7,16,-1.8,2,2.5,39,-4.5,0,1.8,8,25.5,5,41.6,28,-7.4,9,3,43,9,80,2,35,1,28,136,-0.013449993419352426,0.005021606898664897,-0.03310226942859706
2026,sdavidson1,Shannon Davidson,bighorns,51,82,5,21,46,0.741637584589709,-0.434644849129021,1.17628243371873,0.756860770795222,4.4845766588396,11,0.215686274509804,0.463414634146341,0.872037595641654,4,208,1,0,1,0.909512647618687,-0.0095126476186872,8,0.888888888888889,1,0,0,2,0.0,0,0,0.0,10,10,2,2,0.7,17,-0.4,14,1.2,23,0.9,44,4.5,13,21.6,3,46.3,46,-1.0,39,1,15,1,24,0,0,2,48,10,-0.0434644849129021,0.0741637584589709,0.0872037595641654
2026,dgirard,Drew Girard,thunderbirds,5,11,1,0,10,0.659149967439562,0.122416104597659,0.536733862841902,0.352571186569037,19.8634764216897,2,0.6,0.545454545454545,0.0818059385497075,3,21,0,0,1,0.986662786289625,0.013337213710375,1,1.0,0,0,0,0,0.0,0,0,0.0,1,2,0,0,0.7,16,0.1,26,0.5,15,0.1,24,19.9,56,60.0,74,54.5,71,1.3,62,1,15,0,0,0,0,0,0,1,0.122416104597659,0.659149967439562,0.0818059385497075
2026,wdillende,Will Dillender-Kinast,steel,28,55,3,10,39,0.708655018133821,0.255808049569242,0.452846968564579,0.294431088391169,6.0711925677241,10,0.321428571428571,0.363636363636364,0.714186804982929,78,51,0,2,0,0.939861544295765,-0.00652821096243206,13,0.928571428571429,1,0,0,0,0.0,0,0,0.0,15,13,0,0,0.7,16,0.3,31,0.5,13,0.7,41,6.1,15,32.1,9,36.4,15,-0.7,41,0,0,0,0,2,35,0,0,15,0.0170538699712828,0.04724366787558807,0.0476124536655286
2026,cstenseth,Cole Stenseth,shred,17,37,3,2,30,0.728154285929869,0.665684054687623,0.0624702312422461,0.199378712263713,7.18756798430417,9,0.470588235294118,0.459459459459459,0.332040684334559,75,45,0,0,1,0.979546886085503,0.020453113914497,10,1.0,0,0,0,0,0.0,0,0,0.0,10,11,1,0,0.7,17,0.7,39,0.1,6,0.3,33,7.2,17,47.1,36,45.9,44,2.0,72,1,15,0,0,0,0,0,0,10,0.0665684054687623,0.0728154285929869,0.0332040684334559
2026,acurry,Aidan Curry,spiders,5,13,1,0,13,0.702632218222664,0.475930580191502,0.226701638031162,0.193722427762685,19.993505004579,2,0.6,0.384615384615385,0.522437990811752,32,16,1,0,0,0.88298633860624,0.11701366139376,2,1.0,0,0,0,0,0.0,0,0,0.0,3,3,0,0,0.7,16,0.5,36,0.2,9,0.5,37,20.0,56,60.0,74,38.5,19,11.7,99,0,0,1,24,0,0,0,0,3,0.15864352673050067,0.23421073940755466,0.17414599693725066
2026,wwallace,William Wallace,apex,31,107,8,0,87,0.644104777833533,0.262885014276668,0.381219763556864,0.219976605197537,4.28876433327798,6,0.419354838709677,0.373831775700935,-0.218210778019741,1,52,0,1,2,0.972307745188908,0.0276922548110917,3,1.0,0,0,0,0,0.0,0,0,0.0,4,4,1,2,0.6,15,0.3,31,0.4,12,-0.2,16,4.3,12,41.9,24,37.4,17,2.8,82,2,30,0,0,1,22,2,48,4,0.065721253569167,0.16102619445838326,-0.05455269450493525
2026,jhoffman1,Jacob Hoffman,shred,7,16,1,0,12,0.649445192452182,0.218797709239535,0.430647483212648,0.177827074095457,18.150638397037,3,0.428571428571429,0.5,0.226474595833431,29,22,0,0,1,0.965442685208192,0.0345573147918076,5,1.0,0,0,0,0,0.0,0,0,0.0,5,5,0,1,0.6,16,0.2,29,0.4,13,0.2,30,18.2,48,42.9,26,50.0,57,3.5,88,1,15,0,0,0,0,1,28,5,0.043759541847907,0.1298890384904364,0.045294919166686196
2026,ocunningh,Oliver Cunningham,apex,28,80,6,1,66,0.594473099045477,0.0720801896388826,0.522392909406594,0.20302624465717,3.85089074921466,6,0.464285714285714,0.4,1.21160519703044,7,65,0,2,2,0.9758042270658,0.0241957729342002,4,1.0,0,0,0,0,0.0,0,0,0.0,4,6,1,0,0.6,15,0.1,24,0.5,15,1.2,51,3.9,11,46.4,35,40.0,23,2.4,77,2,30,0,0,2,35,0,0,4,0.01802004740972065,0.14861827476136924,0.30290129925761
2026,nfurrh,Noah Furrh,havoc,81,141,7,38,90,0.616694171850638,-4.28318226082488,4.89987643267552,0.406471909824735,1.98637936150036,36,0.234567901234568,0.361702127659574,-2.39018153807885,35,391,1,0,3,0.91818415361735,-0.10568415361735,39,0.8125,9,0,0,1,0.0,0,0,0.0,48,48,0,10,0.6,15,-4.3,0,4.9,60,-2.4,2,2.0,9,23.5,3,36.2,14,-10.6,6,3,43,1,24,0,0,10,98,48,-0.089232963767185,0.012847795246888291,-0.04979544870997604
2026,alomen,Aiden Lomen,bighorns,35,30,2,27,7,0.590314244773087,-0.292143338925849,0.882457583698936,0.602431300130953,4.86805531072117,21,0.257142857142857,0.333333333333333,1.9191094873002,238,230,1,4,1,0.849146540781496,-0.112304435518338,14,0.736842105263158,5,0,3,2,0.6,5,0,0.263157894736842,19,18,2,1,0.6,14,-0.3,16,0.9,20,1.9,58,4.9,14,25.7,5,33.3,9,-11.2,5,1,15,1,24,4,56,1,28,19,-0.015375965206623632,0.031069170777530897,0.1010057624894842
2026,npetersen,Noah Petersen,radicals,18,25,2,9,19,0.610233908761966,0.138520268988132,0.471713639773835,0.287120369754941,4.72484591170683,2,0.666666666666667,0.44,-0.0650182872163438,10,32,0,0,1,0.916164100199911,0.083835899800089,1,1.0,0,0,0,0,0.0,0,0,0.0,1,2,0,0,0.6,15,0.1,26,0.5,14,-0.1,20,4.7,13,66.7,90,44.0,38,8.4,99,1,15,0,0,0,0,0,0,1,0.138520268988132,0.610233908761966,-0.0650182872163438
2026,zbyrnes,Zac Byrnes,thunderbirds,22,43,2,9,32,0.580731347389975,-0.0361757769905395,0.616907124380515,0.310626034045724,5.63614838709373,11,0.363636363636364,0.395348837209302,0.393682286121251,57,69,0,2,0,0.943932354661808,-0.0208554315848845,12,0.923076923076923,1,0,1,0,1.0,1,0,0.0769230769230769,13,10,0,0,0.6,14,0.0,20,0.6,17,0.4,35,5.6,14,36.4,14,39.5,22,-2.1,29,0,0,0,0,2,35,0,0,13,-0.002782752076195346,0.04467164210692116,0.03028325277855777
2026,kbauer,Kolbe Bauer,sol,14,17,1,0,14,0.624385236838069,0.319188940196576,0.305196296641493,0.170443331714087,7.17851562909803,3,0.571428571428571,0.764705882352941,0.325430612753728,24,33,0,0,0,0.963770337791008,0.0362296622089919,5,1.0,0,0,0,0,0.0,0,0,0.0,5,5,0,1,0.6,15,0.3,32,0.3,11,0.3,33,7.2,16,57.1,64,76.5,99,3.6,89,0,0,0,0,0,0,1,28,5,0.0638377880393152,0.1248770473676138,0.0650861225507456
2026,jsunukjia,Joseph Sunukjian,havoc,17,44,3,8,32,0.611360081061623,-0.447588777732674,1.0589488587943,0.402956134633147,8.10276609133766,10,0.176470588235294,0.25,0.654035691084388,85,147,0,0,0,0.951115772615586,-0.0622268837266967,15,0.882352941176471,2,0,0,0,0.0,0,0,0.0,18,16,0,0,0.6,15,-0.4,14,1.1,22,0.7,39,8.1,19,17.6,2,25.0,2,-6.2,12,0,0,0,0,0,0,0,0,18,-0.024866043207370778,0.033964448947867945,0.03633531617135489
2026,blevinsky,Ben Levinsky,growlers,41,84,5,6,70,0.643227803966146,-1.5184303832413,2.16165818720745,0.225295522931785,2.32860297350129,16,0.609756097560976,0.452380952380952,1.00032549549552,48,164,0,1,0,0.953616761415155,-0.0899803977787909,19,0.863636363636364,3,0,0,0,0.0,1,0,0.0454545454545455,22,21,0,5,0.6,15,-1.5,4,2.2,36,1.0,47,2.3,9,61.0,78,45.2,42,-9.0,7,0,0,0,0,1,22,5,82,22,-0.06901956287460455,0.029237627453006634,0.045469340704341825
2026,kcard,Koven Card,shred,3,11,1,1,8,0.467571763982908,0.0073826686127379,0.46018909537017,0.128027614470107,32.2576343753665,2,0.0,0.272727272727273,0.138444866351976,-4,34,0,0,0,0.982131730098758,0.0178682699012425,2,1.0,0,0,0,0,0.0,0,0,0.0,2,3,0,1,0.5,13,0.0,22,0.5,13,0.1,26,32.3,91,0.0,0,27.3,4,1.8,68,0,0,0,0,0,0,1,28,2,0.00369133430636895,0.233785881991454,0.069222433175988
2026,epaulausk,Eric Paulauskas,union,12,21,3,0,19,0.491979419900289,0.0201570358083783,0.471822384091911,0.268884936643931,9.57769720125707,3,0.333333333333333,0.571428571428571,0.221558491499035,17,21,0,0,0,0.984458205286725,0.0155417947132753,3,1.0,0,0,0,0,0.0,0,0,0.0,3,4,0,0,0.5,14,0.0,23,0.5,14,0.2,29,9.6,22,33.3,9,57.1,79,1.6,65,0,0,0,0,0,0,0,0,3,0.0067190119361261,0.16399313996676299,0.07385283049967833
2026,twarren,Toby Warren,spiders,12,16,1,1,12,0.509732160857873,-1.13027646458846,1.64000862544633,0.140538035616826,7.8203205430346,8,0.5,0.6875,0.898335510576111,54,131,3,0,0,0.945285222143286,-0.195285222143286,12,0.75,4,0,0,0,0.0,0,0,0.0,16,16,0,0,0.5,14,-1.1,6,1.6,30,0.9,45,7.8,18,50.0,42,68.8,97,-19.5,3,0,0,3,49,0,0,0,0,16,-0.07064227903677875,0.03185826005361706,0.05614596941100694
2026,ashklar,Abe Shklar,growlers,4,6,1,0,8,0.510134314636814,0.205381754680852,0.304752559955962,0.178678496907136,24.5437298166274,2,0.75,0.666666666666667,0.219909625443727,16,34,0,0,0,0.980404236079612,0.0195957639203881,2,1.0,0,0,0,0,0.0,0,0,0.0,2,3,0,0,0.5,14,0.2,29,0.3,11,0.2,29,24.5,72,75.0,98,66.7,96,2.0,70,0,0,0,0,0,0,0,0,2,0.102690877340426,0.255067157318407,0.1099548127218635
2026,cconcanno,Connor Concannon,alleycats,20,47,4,1,40,0.460296318629822,-0.622509945688671,1.08280626431849,0.249697921810928,3.77621321732245,7,0.55,0.382978723404255,-0.150828973070646,13,77,0,0,2,0.976568014023669,-0.226568014023669,3,0.75,1,0,0,0,0.0,0,0,0.0,4,6,1,1,0.5,13,-0.6,11,1.1,23,-0.2,17,3.8,11,55.0,56,38.3,19,-22.7,2,2,30,0,0,0,0,1,28,4,-0.15562748642216775,0.1150740796574555,-0.0377072432676615
2026,aturcotte,Adam Turcotte,rush,34,36,3,15,17,0.529008358111102,0.449894253389977,0.0791141047211254,0.183915789616332,3.11791534631169,19,0.411764705882353,0.583333333333333,0.150084460124834,119,42,0,2,1,0.956239865542303,-0.00385891316135067,20,0.952380952380952,1,0,0,0,0.0,0,0,0.0,21,14,1,2,0.5,14,0.4,36,0.1,6,0.2,27,3.1,10,41.2,23,58.3,83,-0.4,44,1,15,0,0,2,35,2,48,21,0.02142353587571319,0.025190874195766762,0.007146879053563524
2026,tchukwume,Toya Chukwumerije,havoc,40,30,3,32,6,0.54980243739992,0.224119164505222,0.325683272894698,0.362382615171473,2.83124440631372,10,0.4,0.5,0.868038771326485,22,137,0,0,3,0.982358018629097,0.0176419813709027,9,1.0,0,0,0,0,0.0,0,0,0.0,9,12,3,2,0.5,14,0.2,30,0.3,11,0.9,44,2.8,10,40.0,19,50.0,57,1.8,67,3,43,0,0,0,0,2,48,9,0.024902129389469112,0.061089159711102216,0.09644875236960944
2026,jschmiesi,Jude Schmiesing,thunderbirds,6,21,1,2,19,0.358639874994102,0.172028232465583,0.186611642528519,0.191832045094101,10.9785625122101,4,0.5,0.19047619047619,0.00613322387197442,5,18,0,0,0,0.976259575210777,0.0237404247892227,7,1.0,0,0,0,0,0.0,0,0,0.0,7,6,0,0,0.4,12,0.2,27,0.2,8,0.0,22,11.0,26,50.0,42,19.0,1,2.4,76,0,0,0,0,0,0,0,0,7,0.02457546178079757,0.05123426785630029,0.0008761748388534886
2026,jzhou,Jeff Zhou,havoc,31,70,5,15,51,0.443887383772352,0.703793321396066,-0.259905937623714,0.292572495192564,2.83602770465779,14,0.354838709677419,0.271428571428571,1.4995860759254,147,63,2,1,0,0.909074344537505,-0.0340743445375051,14,0.875,2,0,1,0,0.5,2,0,0.125,16,14,1,1,0.4,13,0.7,40,-0.3,2,1.5,53,2.8,10,35.5,12,27.1,4,-3.4,23,0,0,2,38,1,22,1,28,16,0.043987082587254124,0.027742961485772,0.0937241297453375
2026,lbecker,Liam Becker,thunderbirds,29,30,2,26,6,0.41963193424031,-1.0179712817468,1.43760321598711,0.224455945210878,4.39379032583222,19,0.206896551724138,0.166666666666667,-0.92902292092901,211,161,0,0,1,0.957209702262757,-0.0725943176473723,23,0.884615384615385,3,0,0,0,0.0,1,0,0.0384615384615385,26,19,1,0,0.4,13,-1.0,6,1.4,27,-0.9,9,4.4,13,20.7,2,16.7,1,-7.3,10,1,15,0,0,0,0,0,0,26,-0.039152741605646156,0.01613968977847346,-0.03573165080496192
2026,acisneros,Adrian Cisneros,apex,8,24,2,0,21,0.359118964327854,0.130758085158228,0.228360879169626,0.12264739115988,5.83014108382157,1,0.625,0.375,-0.13633787855508,6,19,0,0,0,0.97200684574344,0.02799315425656,1,1.0,0,0,0,0,0.0,0,0,0.0,1,1,0,1,0.4,12,0.1,26,0.2,9,-0.1,18,5.8,15,62.5,82,37.5,17,2.8,82,0,0,0,0,0,0,1,28,1,0.130758085158228,0.359118964327854,-0.13633787855508
2026,biris,Bode Iris,glory,15,22,1,0,16,0.350019821873186,-0.634730180497808,0.984750002370994,0.0993316799744704,3.27819875942607,3,0.666666666666667,0.818181818181818,0.131562481416611,7,17,0,0,1,0.976506617185902,-0.476506617185902,1,0.5,1,0,0,0,0.0,0,0,0.0,2,3,0,0,0.4,12,-0.6,10,1.0,21,0.1,26,3.3,11,66.7,90,81.8,99,-47.7,0,1,15,0,0,0,0,0,0,2,-0.317365090248904,0.175009910936593,0.0657812407083055
2026,msquires,Max Squires,alleycats,8,5,1,4,2,0.444934467551657,0.66823999696457,-0.223305529412912,0.241364545822162,9.5562230541371,6,0.5,0.8,1.73245043059684,77,-9,2,1,0,0.955051247396872,-0.0175512473968716,15,0.9375,1,0,0,0,0.0,0,0,0.0,16,15,0,0,0.4,13,0.7,40,-0.2,2,1.7,55,9.6,22,50.0,42,80.0,99,-1.8,31,0,0,2,38,1,22,0,0,16,0.04176499981028563,0.027808404221978562,0.1082781519123025
2026,sblair,Sawyer Blair,cascades,11,19,1,0,14,0.359222480695761,0.131975824711145,0.227246655984617,0.16021532662022,7.45508567139251,3,0.363636363636364,0.578947368421053,0.369246567898288,7,28,0,1,0,0.967188116339096,0.0328118836609045,2,1.0,0,0,0,0,0.0,0,0,0.0,2,4,0,0,0.4,12,0.1,26,0.2,9,0.4,34,7.5,17,36.4,14,57.9,82,3.3,87,0,0,0,0,1,22,0,0,2,0.0659879123555725,0.1796112403478805,0.184623283949144
2026,amuraoka,Akifumi Muraoka,rush,17,24,2,7,19,0.426245822704228,0.303379354265995,0.122866468438233,0.148189222063004,3.12294623098035,7,0.705882352941177,0.458333333333333,0.702309709061301,39,32,0,1,0,0.977152158621395,0.0228478413786048,10,1.0,0,0,0,0,0.0,0,0,0.0,10,10,0,0,0.4,13,0.3,32,0.1,7,0.7,41,3.1,10,70.6,96,45.8,44,2.3,75,0,0,0,0,1,22,0,0,10,0.0303379354265995,0.0426245822704228,0.07023097090613009
2026,cpetsche,Cole Petsche,bighorns,76,104,5,43,51,0.418278138736843,-1.53089013331339,1.94916827205024,0.426863903703446,1.61939225801668,37,0.236842105263158,0.384615384615385,-1.42072727636456,191,348,4,2,2,0.9035444253868,-0.0733557461415174,43,0.826923076923077,9,0,2,3,0.222222222222222,9,0,0.169811320754717,53,51,3,2,0.4,13,-1.5,4,1.9,34,-1.4,5,1.6,8,23.7,3,38.5,19,-7.3,9,2,30,4,56,2,35,2,48,53,-0.028884719496479055,0.00789204035352534,-0.026806175025746413
2026,iengler,Ian Engler,glory,7,20,2,2,21,0.382760732671709,0.256525945609654,0.126234787062056,0.108623181398895,7.2691783221559,4,0.857142857142857,0.25,0.0677349148334175,26,5,0,0,0,0.985117620293319,0.0148823797066809,5,1.0,0,0,0,0,0.0,0,0,0.0,5,4,0,0,0.4,12,0.3,31,0.1,7,0.1,24,7.3,17,85.7,100,25.0,2,1.5,64,0,0,0,0,0,0,0,0,5,0.05130518912193081,0.07655214653434181,0.0135469829666835
2026,cwang,Clark Wang,growlers,5,12,2,1,11,0.352669924731422,0.248251356015799,0.104418568715623,0.123525374097263,11.3748007032595,2,0.6,0.333333333333333,-0.114270518347635,24,14,0,0,0,0.978077160943556,0.0219228390564443,3,1.0,0,0,0,0,0.0,0,0,0.0,3,3,0,0,0.4,12,0.2,30,0.1,6,-0.1,18,11.4,26,60.0,74,33.3,9,2.2,73,0,0,0,0,0,0,0,0,3,0.08275045200526633,0.11755664157714067,-0.038090172782545
2026,jwaite,Jared Waite,shred,16,34,2,0,23,0.285404644824434,-0.00921885554034039,0.294623500364775,0.0781477382729554,4.78178509635655,2,0.375,0.558823529411765,0.172596180843551,0,33,0,0,0,0.97929456157346,0.0207054384265403,4,1.0,0,0,0,0,0.0,0,0,0.0,4,4,0,0,0.3,11,0.0,21,0.3,10,0.2,28,4.8,13,37.5,15,55.9,75,2.1,72,0,0,0,0,0,0,0,0,4,-0.0023047138850850976,0.0713511612061085,0.04314904521088775
2026,mcoe,Maxwell Coe,glory,6,18,1,0,15,0.326034542478808,-0.0881074424689692,0.414141984947777,0.0925249280478216,9.04883789484006,2,0.333333333333333,0.444444444444444,-0.0707448500344753,-9,39,0,0,0,0.986900254502007,0.0130997454979926,3,1.0,0,0,0,0,0.0,0,0,0.0,3,3,0,1,0.3,11,-0.1,19,0.4,13,-0.1,19,9.0,21,33.3,9,44.4,39,1.3,61,0,0,0,0,0,0,1,28,3,-0.0293691474896564,0.10867818082626933,-0.023581616678158432
2026,powens,Paul Owens,phoenix,12,15,1,5,10,0.287093586631692,-0.721110284030894,1.00820387066259,0.138404525322349,3.77097171624532,9,0.583333333333333,0.466666666666667,2.456728721335,106,94,0,2,1,0.92247160664135,-0.0474716066413499,14,0.875,2,0,0,0,0.0,1,0,0.0625,16,10,0,1,0.3,11,-0.7,9,1.0,22,2.5,64,3.8,11,58.3,69,46.7,47,-4.7,17,1,15,0,0,2,35,1,28,16,-0.04506939275193088,0.01794334916448075,0.1535455450834375
2026,esalmon,Elijah Salmon,growlers,14,36,3,2,32,0.295081168742636,0.0409722154675671,0.254108953275069,0.103354466037189,3.08973540514259,5,0.642857142857143,0.388888888888889,0.523343467697573,6,11,0,0,1,0.984123360125215,0.0158766398747847,4,1.0,0,0,0,0,0.0,0,0,0.0,5,3,0,0,0.3,11,0.0,24,0.3,10,0.5,37,3.1,10,64.3,86,38.9,21,1.6,65,1,15,0,0,0,0,0,0,5,0.00819444309351342,0.0590162337485272,0.1046686935395146
2026,mwalsh,Mickey Walsh,windchill,5,7,1,0,12,0.256691532316016,0.25905340661699,-0.0023618743009747,0.073631396518099,5.69617341786806,1,0.8,0.428571428571429,0.219476744454984,22,16,0,0,0,0.85938561062383,0.14061438937617,2,1.0,0,0,0,0,0.0,0,0,0.0,2,2,0,0,0.3,11,0.3,31,0.0,4,0.2,29,5.7,14,80.0,99,42.9,32,14.1,100,0,0,0,0,0,0,0,0,2,0.129526703308495,0.128345766158008,0.109738372227492
2026,rcarvalho,Rui Carvalho,rush,5,13,1,0,10,0.31480601449587,0.194740147636542,0.120065866859328,0.109445901646451,13.2687333669401,1,0.4,0.538461538461538,0.0585253177330282,15,11,0,0,0,0.943768569734573,0.056231430265427,1,1.0,0,0,0,0,0.0,0,0,0.0,1,1,0,0,0.3,11,0.2,28,0.1,7,0.1,24,13.3,32,40.0,19,53.8,68,5.6,95,0,0,0,0,0,0,0,0,1,0.194740147636542,0.31480601449587,0.0585253177330282
2026,cdixon,Caleb Dixon,havoc,26,21,2,22,2,0.27784417523237,-0.753659390186099,1.03150356541847,0.183131052141243,2.71619055699545,20,0.230769230769231,0.19047619047619,-4.08302330449176,327,85,1,0,1,0.839060917087406,0.0633781073028378,36,0.9,4,0,2,0,1.0,2,0,0.0487804878048781,41,31,0,0,0.3,11,-0.8,8,1.0,22,-4.1,0,2.7,9,23.1,3,19.0,1,6.3,97,1,15,1,24,0,0,0,0,41,-0.018381936346002412,0.006776687200789512,-0.09958593425589658
2026,oheh,Owen Heh,steel,3,6,1,1,4,0.169984621330477,0.196441310699772,-0.0264566893692944,0.0706249949374409,16.948462935368,3,0.0,0.333333333333333,0.2212778697598,26,-2,0,0,0,0.982158202232874,0.0178417977671264,3,1.0,0,0,0,0,0.0,0,0,0.0,3,1,0,0,0.2,9,0.2,29,0.0,4,0.2,29,16.9,44,0.0,0,33.3,9,1.8,67,0,0,0,0,0,0,0,0,3,0.065480436899924,0.056661540443492336,0.07375928991993333
2026,ngagnon,Nicolas Gagnon,royal,4,11,2,0,11,0.166666791169992,0.163707389683496,0.0029594014864952,0.0478738730214544,5.96641290748092,2,0.75,0.363636363636364,0.305703821460497,9,0,0,0,0,0.978581717446055,0.021418282553945,3,1.0,0,0,0,0,0.0,0,0,0.0,3,3,0,0,0.2,9,0.2,27,0.0,5,0.3,32,6.0,15,75.0,98,36.4,15,2.1,73,0,0,0,0,0,0,0,0,3,0.054569129894498664,0.055555597056664,0.10190127382016567
2026,wkrisky1,Wyatt Krisky,thunderbirds,22,52,4,8,40,0.236182625677314,-1.33963644508747,1.57581907076479,0.126331173018948,2.58018852107057,11,0.318181818181818,0.307692307692308,1.13225252022116,58,120,0,2,1,0.933903396881551,-0.183903396881551,8,0.727272727272727,3,0,0,0,0.0,0,0,0.0,12,13,0,2,0.2,10,-1.3,4,1.6,29,1.1,49,2.6,9,31.8,8,30.8,6,-18.4,3,1,15,0,0,2,35,2,48,12,-0.11163637042395584,0.0196818854731095,0.09435437668509666
2026,cwilson,Chris Wilson,bighorns,63,123,7,26,80,0.166319318422453,-1.25366324612344,1.41998256454589,0.16973326346317,0.700750293423447,30,0.285714285714286,0.414634146341463,-2.90767061861475,136,304,1,3,1,0.951523578230264,-0.0127480680261826,46,0.938775510204082,3,0,0,1,0.0,0,0,0.0,49,38,3,2,0.2,9,-1.3,5,1.4,27,-2.9,1,0.7,7,28.6,6,41.5,27,-1.3,35,1,15,1,24,3,46,2,48,49,-0.025584964206600818,0.0033942718045398574,-0.05934021670642347
2026,jwisner,Jack Wisner,phoenix,42,95,8,15,74,0.214882272633228,1.04069699175451,-0.825814719121284,0.103592279064539,1.04598201476615,15,0.333333333333333,0.315789473684211,0.869097180851623,76,135,1,2,2,0.954265866803823,0.0457341331961773,15,1.0,0,0,1,0,1.0,1,0,0.0666666666666667,15,17,4,3,0.2,10,1.0,46,-0.8,1,0.9,44,1.0,8,33.3,9,31.6,6,4.6,93,2,30,1,24,2,35,3,64,15,0.06937979945030066,0.014325484842215202,0.05793981205677487
2026,mmendelev,Mark Mendelevitz,bighorns,42,64,3,16,30,0.154049439419208,1.9407033929996,-1.78665395358039,0.157211527411864,1.31027999224019,32,0.19047619047619,0.46875,-2.78200782083505,464,-105,4,0,0,0.925431779741861,-0.046121434914275,42,0.857142857142857,7,0,3,0,0.6,5,0,0.0862068965517241,58,39,1,1,0.2,8,1.9,57,-1.8,0,-2.8,1,1.3,8,19.0,2,46.9,48,-4.6,17,0,0,4,56,0,0,1,28,58,0.03346040332757931,0.002656024817572552,-0.047965652083362925
2026,ffernande,Franky Fernandez,glory,5,14,1,0,13,0.15782577136336,-0.0499421334145915,0.207767904777951,0.0447891748784132,4.27494841694065,1,0.8,0.5,-0.410061904453221,-4,19,0,0,0,0.96998991528857,0.03001008471143,1,1.0,0,0,0,0,0.0,0,0,0.0,1,1,0,0,0.2,9,0.0,20,0.2,8,-0.4,13,4.3,12,80.0,99,50.0,57,3.0,84,0,0,0,0,0,0,0,0,1,-0.0499421334145915,0.15782577136336,-0.410061904453221
2026,jbaxandal,Julian Baxandall,spiders,11,16,1,0,12,0.162428880157068,-0.155097976415533,0.317526856572601,0.0447831969367932,2.49198698025374,3,0.545454545454545,0.6875,-0.0508442715955907,-10,20,0,0,0,0.972297551805992,0.0277024481940084,3,1.0,0,0,0,0,0.0,0,0,0.0,3,4,0,0,0.2,9,-0.2,18,0.3,11,-0.1,20,2.5,9,54.5,54,68.8,97,2.8,82,0,0,0,0,0,0,0,0,3,-0.05169932547184433,0.054142960052356,-0.016948090531863566
2026,lbertonci,Louie Bertoncin,cascades,7,16,1,1,13,0.155405839827833,-0.376570682130777,0.53197652195861,0.0693119131588906,3.1434193644039,6,0.571428571428571,0.4375,1.5390932126058,27,37,0,3,0,0.907861871158334,-0.0507190140154773,6,0.857142857142857,1,0,0,0,0.0,0,0,0.0,7,6,0,0,0.2,9,-0.4,14,0.5,15,1.5,55,3.1,10,57.1,64,43.8,36,-5.1,15,0,0,0,0,3,46,0,0,7,-0.05379581173296814,0.022200834261118997,0.2198704589436857
2026,sharringt,Sam Harrington,steel,11,27,3,3,22,0.244035282646994,0.0350757592057719,0.208959523441222,0.101391469808279,4.0519179876907,8,0.454545454545455,0.481481481481481,-0.388638311032941,55,72,2,0,0,0.93742017465807,-0.13742017465807,8,0.8,2,0,1,0,1.0,1,0,0.1,10,9,1,3,0.2,10,0.0,23,0.2,9,-0.4,14,4.1,12,45.5,33,48.1,53,-13.7,4,0,0,2,38,0,0,3,64,10,0.0035075759205771898,0.024403528264699402,-0.0388638311032941
2026,oarmstron,Oakley Armstrong,sol,11,21,1,0,16,0.198483797980166,-0.613460050219414,0.81194384819958,0.0541816779498569,4.23553205214648,7,0.363636363636364,0.619047619047619,-1.12817084111,93,29,0,0,1,0.915828155433245,-0.0976463372514266,9,0.818181818181818,2,0,0,0,0.0,0,0,0.0,11,11,0,0,0.2,10,-0.6,11,0.8,19,-1.1,7,4.2,12,36.4,14,61.9,90,-9.8,7,1,15,0,0,0,0,0,0,11,-0.05576909547449218,0.018043981634560544,-0.10256098555545455
2026,mspanuth,Malte Spanuth,hustle,17,26,2,0,22,0.222032273697634,0.51391538368412,-0.291883109986486,0.0556572038175535,1.72281649612489,7,0.705882352941177,0.576923076923077,-0.189339812653424,28,36,0,0,1,0.975476694557678,0.0245233054423215,14,1.0,0,0,0,0,0.0,0,0,0.0,14,14,1,2,0.2,10,0.5,37,-0.3,2,-0.2,16,1.7,8,70.6,96,57.7,81,2.5,78,1,15,0,0,0,0,2,48,14,0.03670824169172286,0.015859448121259574,-0.013524272332387429
2026,jcasas,Jedi Casas,steel,35,33,4,22,15,0.20075463604788,0.00515834998793797,0.195596286059942,0.083409281637216,1.02961583051359,13,0.4,0.393939393939394,0.144392814723955,63,88,1,0,0,0.978087232433375,-0.0550103093564519,12,0.923076923076923,1,0,0,0,0.0,0,0,0.0,13,13,1,0,0.2,10,0.0,22,0.2,8,0.1,27,1.0,8,40.0,19,39.4,22,-5.5,14,0,0,1,24,0,0,0,0,13,0.00039679615291830534,0.015442664311375384,0.011107139594150384
2026,mneil,Malachi Neil,alleycats,19,28,3,3,18,0.229501376397154,-0.531422863010045,0.760924239407199,0.124498099202056,3.44249751539645,6,0.368421052631579,0.607142857142857,-0.698612249535897,14,64,0,0,0,0.897057820074057,-0.0637244867407238,5,0.833333333333333,1,0,0,0,0.0,0,0,0.0,6,5,0,0,0.2,10,-0.5,13,0.8,19,-0.7,10,3.4,11,36.8,15,60.7,88,-6.4,11,0,0,0,0,0,0,0,0,6,-0.08857047716834084,0.038250229399525666,-0.11643537492264949
2026,messer,Matt Esser,phoenix,9,33,4,2,29,0.163505767180765,-0.072217847520279,0.235723614701044,0.0788242550438856,3.374619899371,5,0.333333333333333,0.212121212121212,0.322469188782409,19,20,0,0,0,0.927725224450799,-0.0943918911174652,5,0.833333333333333,1,0,0,0,0.0,0,0,0.0,6,4,0,2,0.2,9,-0.1,20,0.2,9,0.3,33,3.4,11,33.3,9,21.2,2,-9.4,7,0,0,0,0,0,0,2,48,6,-0.0120363079200465,0.02725096119679417,0.053744864797068165
2026,awang,Andy Wang,havoc,56,38,3,44,1,0.118614025436534,-1.61329546898774,1.73190949442427,0.0781801931198804,0.531608725968643,41,0.25,0.394736842105263,-1.29425916674297,379,89,0,3,2,0.896277998558,0.0412220014419995,75,0.9375,5,1,0,1,0.0,0,0,0.0,80,63,1,3,0.1,8,-1.6,4,1.7,31,-1.3,5,0.5,7,25.0,4,39.5,22,4.1,91,2,30,0,0,3,46,3,64,80,-0.02016619336234675,0.001482675317956675,-0.016178239584287123
2026,tpeterson,Tynan Peterson,royal,3,11,1,1,9,0.117360399549332,0.117360399549332,0.0,0.0337109560118746,6.49369950516156,1,0.333333333333333,0.272727272727273,0.00242420054316348,14,0,0,0,0,0.976016089387648,0.0239839106123521,1,1.0,0,0,0,0,0.0,0,0,0.0,1,0,0,0,0.1,8,0.1,25,0.0,4,0.0,22,6.5,16,33.3,9,27.3,4,2.4,77,0,0,0,0,0,0,0,0,1,0.117360399549332,0.117360399549332,0.00242420054316348
2026,dbossert,Dane Bossert,havoc,13,9,1,9,3,0.0616172455486877,-0.929875268905467,0.991492514454154,0.0406128039140619,0.784261234546647,7,0.461538461538462,0.444444444444444,0.168762330286466,-7,58,0,0,2,0.987918308744927,-0.237918308744927,3,0.75,1,0,0,0,0.0,0,0,0.0,4,6,1,0,0.1,7,-0.9,7,1.0,21,0.2,28,0.8,7,46.2,34,44.4,39,-23.8,2,2,30,0,0,0,0,0,0,4,-0.23246881722636675,0.015404311387171925,0.0421905825716165
2026,gharris,Grant Harris,cascades,55,112,5,5,78,0.0649507896249335,-1.65799116794853,1.72294195757346,0.0289684319139627,0.239758354740479,29,0.381818181818182,0.517857142857143,-2.19022593063442,63,86,2,1,1,0.893744914125527,-0.0408037376549389,29,0.852941176470588,5,0,0,1,0.0,2,0,0.0588235294117647,34,28,0,2,0.1,7,-1.7,3,1.7,31,-2.2,2,0.2,7,38.2,16,51.8,63,-4.1,20,1,15,2,38,1,22,2,48,34,-0.04876444611613323,0.001910317341909809,-0.06441840972454177
2026,ksmart,Kodi Smart,cascades,40,53,3,16,32,0.0625395336433412,-1.63361864743084,1.69615818107418,0.0278929976485249,0.254826139828124,26,0.45,0.566037735849057,2.22129989042344,251,118,2,1,1,0.902007919850259,-0.0797856976280367,37,0.822222222222222,8,0,1,0,1.0,1,0,0.0222222222222222,45,38,0,0,0.1,7,-1.6,3,1.7,31,2.2,61,0.3,7,45.0,32,56.6,77,-8.0,8,1,15,2,38,1,22,0,0,45,-0.036302636609574224,0.001389767414296471,0.04936221978718756
2026,hpark,Harry Park,thunderbirds,18,29,3,3,19,0.100048851577276,0.0682930960047075,0.031755755572568,0.053514896545457,1.23738742073858,6,0.388888888888889,0.620689655172414,-1.3505846959447,35,40,2,0,0,0.913618199470427,-0.05647534232757,6,0.857142857142857,1,0,0,0,0.0,0,0,0.0,7,7,1,0,0.1,8,0.1,24,0.0,5,-1.4,5,1.2,8,38.9,18,62.1,91,-5.6,14,0,0,2,38,0,0,0,0,7,0.009756156572101072,0.014292693082468,-0.19294067084924288
2026,rdavenpor2,Robert Davenport,alleycats,3,9,1,0,9,0.123601012651527,0.123601012651527,0.0,0.0670501039084627,4.35580065872471,1,1.0,0.333333333333333,-0.0673630671085711,6,0,0,0,0,0.980572995514778,0.0194270044852221,1,1.0,0,0,0,0,0.0,0,0,0.0,1,0,0,0,0.1,8,0.1,26,0.0,4,-0.1,20,4.4,13,100.0,100,33.3,9,1.9,70,0,0,0,0,0,0,0,0,1,0.123601012651527,0.123601012651527,-0.0673630671085711
2026,esebastia,Evan Sebastian,union,6,10,1,0,8,0.148668682788695,-0.0294334517374449,0.17810213452614,0.0812529299714951,5.69111507135717,1,0.333333333333333,0.6,-0.278133768880476,-4,13,0,0,0,0.9774856134535,0.0225143865465,1,1.0,0,0,0,0,0.0,0,0,0.0,1,1,0,0,0.1,8,0.0,20,0.2,8,-0.3,15,5.7,14,33.3,9,60.0,86,2.3,74,0,0,0,0,0,0,0,0,1,-0.0294334517374449,0.148668682788695,-0.278133768880476
2026,khuang1,Kai Huang,rush,5,12,1,0,9,0.0969597032096894,-0.374521549062203,0.471481252271892,0.033709146752328,4.08674672651115,3,0.4,0.583333333333333,0.0,8,35,1,0,0,0.834695703977095,-0.334695703977095,1,0.5,1,0,0,0,0.0,1,0,0.5,2,3,0,1,0.1,7,-0.4,15,0.5,14,0.0,21,4.1,12,40.0,19,58.3,83,-33.5,1,0,0,1,24,0,0,1,28,2,-0.1872607745311015,0.0484798516048447,0.0
2026,kweinberg,Kyle Weinberg,shred,3,4,1,0,3,0.131879949476758,0.0897209352656459,0.0421590142111122,0.0361105537770769,6.86447227160145,1,0.666666666666667,0.75,-0.160190422878847,4,0,0,0,0,0.979408801650104,0.020591198349896,1,1.0,0,0,0,0,0.0,0,0,0.0,1,1,0,0,0.1,8,0.1,25,0.0,6,-0.2,17,6.9,16,66.7,90,75.0,98,2.1,72,0,0,0,0,0,0,0,0,1,0.0897209352656459,0.131879949476758,-0.160190422878847
2026,bpowlay,Ben Powlay,royal,2,12,1,0,11,0.0330046781758161,0.0270797907187795,0.00592488745703663,0.00948036355059724,2.92686450405007,1,0.5,0.25,0.0947534262666035,0,1,0,0,0,0.981647217688886,0.018352782311114,1,1.0,0,0,0,0,0.0,0,0,0.0,1,1,0,0,0.0,7,0.0,23,0.0,5,0.1,25,2.9,10,50.0,42,25.0,2,1.8,69,0,0,0,0,0,0,0,0,1,0.0270797907187795,0.0330046781758161,0.0947534262666035
2026,mlee2,Marcus Lee,breeze,0,1,1,0,1,0.0,0.0,0.0,0.0,0.0,0,0.0,0.0,0.0,0,0,0,0,0,0.0,0.0,0,0.0,0,0,0,0,0.0,0,0,0.0,0,0,0,0,0.0,6,0.0,21,0.0,4,0.0,21,0.0,0,0.0,0,0.0,0,0.0,47,0,0,0,0,0,0,0,0,0,,,
2026,ibaker,Isaac Baker,havoc,37,67,5,13,47,0.0487644523107553,1.37279915631388,-1.32403470400313,0.0321413448789826,0.291363819746445,13,0.297297297297297,0.402985074626866,0.486911844387067,92,126,3,2,0,0.94819492739473,-0.0148615940613968,14,0.933333333333333,1,0,1,1,1.0,1,0,0.0666666666666667,15,15,4,1,0.0,7,1.4,50,-1.3,0,0.5,37,0.3,7,29.7,6,40.3,25,-1.5,33,0,0,3,49,2,35,1,28,15,0.09151994375425866,0.0032509634873836867,0.03246078962580447
2026,nlong,Nate Long,bighorns,0,1,1,0,1,0.0,0.0,0.0,0.0,0.0,0,0.0,0.0,0.0,-27,-49,0,0,0,0.0,0.0,2,1.0,0,0,0,0,0.0,0,0,0.0,2,3,0,0,0.0,6,0.0,21,0.0,4,0.0,21,0.0,0,0.0,0,0.0,0,0.0,47,0,0,0,0,0,0,0,0,2,0.0,0.0,0.0
2026,gcolton,Gabe Colton,glory,0,7,1,0,7,0.0,0.0,0.0,0.0,0.0,0,0.0,0.285714285714286,0.0,0,0,0,0,0,0.0,0.0,0,0.0,0,0,0,0,0.0,0,0,0.0,0,0,0,0,0.0,6,0.0,21,0.0,4,0.0,21,0.0,0,0.0,0,28.6,4,0.0,47,0,0,0,0,0,0,0,0,0,,,
2026,rsung,Reggie Sung,growlers,53,112,8,4,96,0.0290004599623106,-1.46010462785364,1.48910508781595,0.0101576358363,0.101278605993608,19,0.433962264150943,0.410714285714286,-1.9367943317397,94,181,1,0,2,0.939308417366598,-0.139308417366598,16,0.8,4,0,1,1,1.0,1,0,0.05,20,20,1,2,0.0,6,-1.5,4,1.5,28,-1.9,3,0.1,7,43.4,27,41.1,26,-13.9,4,2,30,1,24,0,0,2,48,20,-0.073005231392682,0.00145002299811553,-0.09683971658698501
2026,jkempe1,Jack Kempe,alleycats,10,14,1,4,9,-0.00894397510576739,0.171552680466679,-0.180496655572446,0.0,0.0,7,0.5,0.428571428571429,-0.0278762414045437,49,-28,0,1,0,0.973647646540117,0.0263523534598826,7,1.0,0,0,0,0,0.0,0,0,0.0,8,5,0,0,0.0,6,0.2,27,-0.2,2,0.0,20,0.0,0,50.0,42,42.9,32,2.6,79,0,0,0,0,1,22,0,0,8,0.021444085058334873,-0.0011179968882209237,-0.0034845301755679625
2026,nmachak,Nate Machak,havoc,15,22,2,4,15,-0.0342798500686367,0.83293859782227,-0.867218447890907,0.0,0.0,6,0.266666666666667,0.5,-1.07009145822285,90,-49,0,0,0,0.979650821442008,0.0203491785579918,15,1.0,0,0,0,0,0.0,0,0,0.0,15,13,1,0,0.0,6,0.8,43,-0.9,1,-1.1,7,0.0,0,26.7,5,50.0,57,2.0,72,0,0,0,0,0,0,0,0,15,0.055529239854817995,-0.0022853233379091136,-0.07133943054819
2026,shawkins,Spencer Hawkins,alleycats,3,9,1,0,6,0.037775569144102,-0.141925209738145,0.179700778882247,0.0204921932432248,0.0,1,0.0,0.444444444444444,-0.0122140681257081,-10,16,0,0,0,0.986733604624434,0.013266395375566,1,1.0,0,0,0,0,0.0,0,0,0.0,1,1,0,0,0.0,7,-0.1,18,0.2,8,0.0,20,0.0,0,0.0,0,44.4,39,1.3,62,0,0,0,0,0,0,0,0,1,-0.141925209738145,0.037775569144102,-0.0122140681257081
2026,jsillivan,Jonathan Sillivant,hustle,9,11,1,8,5,-0.118120605424186,-0.0774388138198444,-0.0406817916043419,0.0,0.0,7,0.333333333333333,0.363636363636364,0.938845155959734,97,20,0,1,1,0.937431420084541,-0.137431420084541,8,0.8,2,0,0,0,0.0,0,0,0.0,10,10,1,0,-0.1,5,-0.1,19,0.0,3,0.9,46,0.0,0,33.3,9,36.4,15,-13.7,4,1,15,0,0,1,22,0,0,10,-0.00774388138198444,-0.011812060542418599,0.0938845155959734
2026,ifalck,Ian Falck,union,9,19,3,1,16,-0.148885368382751,-0.274667071267194,0.125781702884443,0.0,0.0,6,0.333333333333333,0.473684210526316,-0.071981364934874,20,20,0,0,0,0.825327906228312,0.00800542710502172,2,0.666666666666667,1,0,0,0,0.0,2,1,0.333333333333333,6,4,0,1,-0.1,5,-0.3,16,0.1,7,-0.1,19,0.0,0,33.3,9,47.4,49,0.8,55,0,0,0,0,0,0,1,28,6,-0.04577784521119899,-0.02481422806379183,-0.011996894155812335
2026,tmosher,Timothy Mosher,sol,8,15,1,0,12,-0.105755322910761,-0.105755322910761,0.0,0.0,0.0,2,0.625,0.533333333333333,0.313487334216553,12,0,0,0,0,0.968754453022042,0.031245546977958,2,1.0,0,0,0,0,0.0,0,0,0.0,2,0,0,1,-0.1,5,-0.1,18,0.0,4,0.3,32,0.0,0,62.5,82,53.3,67,3.1,85,0,0,0,0,0,0,1,28,2,-0.0528776614553805,-0.0528776614553805,0.1567436671082765
2026,owoodward,Owen Woodward,alleycats,3,11,1,0,11,-0.0925293968682981,-0.0925293968682981,0.0,0.0,0.0,1,0.666666666666667,0.272727272727273,0.0478682674099773,-10,0,0,0,0,0.989375438717754,0.010624561282246,1,1.0,0,0,0,0,0.0,0,0,0.0,1,0,0,0,-0.1,6,-0.1,19,0.0,4,0.0,23,0.0,0,66.7,90,27.3,4,1.1,58,0,0,0,0,0,0,0,0,1,-0.0925293968682981,-0.0925293968682981,0.0478682674099773
2026,smorrall,Sam Morrall,havoc,18,38,2,9,27,-0.21267844446846,0.0581431030172952,-0.270821547485755,0.0,0.0,5,0.388888888888889,0.315789473684211,-0.601223949637292,-16,49,0,0,0,0.975959969304643,0.0240400306953568,4,1.0,0,0,0,0,0.0,0,0,0.0,4,4,1,0,-0.2,5,0.1,24,-0.3,2,-0.6,11,0.0,0,38.9,18,31.6,6,2.4,77,0,0,0,0,0,0,0,0,4,0.0145357757543238,-0.053169611117115,-0.150305987409323
2026,wbrockman,Warner Brockman,phoenix,12,12,1,4,7,-0.185179266595758,-0.574684070838319,0.389504804242561,0.0,0.0,4,0.416666666666667,0.666666666666667,0.176506804240783,18,49,0,0,1,0.980170890781092,-0.230170890781092,3,0.75,1,0,0,0,0.0,0,0,0.0,4,4,0,0,-0.2,5,-0.6,12,0.4,12,0.2,28,0.0,0,41.7,23,66.7,96,-23.0,2,1,15,0,0,0,0,0,0,4,-0.14367101770957974,-0.0462948166489395,0.04412670106019575
2026,ajanelle,Alex Janelle,sol,19,36,2,0,28,-0.209951139123582,-2.95020871335143,2.74025757422785,0.0,0.0,13,0.473684210526316,0.583333333333333,1.86917051345046,53,161,0,1,3,0.911493414672773,-0.119826748006106,19,0.791666666666667,5,0,0,1,0.0,3,0,0.125,24,24,0,3,-0.2,5,-3.0,1,2.7,41,1.9,57,0.0,0,47.4,37,58.3,83,-12.0,5,3,43,0,0,1,22,3,64,24,-0.12292536305630958,-0.00874796413014925,0.0778821047271025
2026,osuelflow,Owen Suelflow,windchill,16,28,2,0,25,-0.212740396709172,-0.207287982247226,-0.00545241446194604,0.0,0.0,5,0.625,0.607142857142857,0.192584247412243,18,69,1,0,0,0.910999597768255,-0.110999597768255,4,0.8,1,0,0,0,0.0,1,0,0.2,5,5,1,0,-0.2,5,-0.2,17,0.0,4,0.2,28,0.0,0,62.5,82,60.7,88,-11.1,6,0,0,1,24,0,0,0,0,5,-0.0414575964494452,-0.0425480793418344,0.0385168494824486
2026,athoennes,Andrew Thoennes,steel,8,12,1,3,8,-0.246637823291103,-0.536502138121595,0.289864314830492,0.0,0.0,7,0.375,0.416666666666667,-0.298875581562293,57,9,0,0,0,0.980533921432441,-0.0805339214324411,9,0.9,1,0,0,0,0.0,0,0,0.0,10,8,0,0,-0.2,4,-0.5,13,0.3,10,-0.3,15,0.0,0,37.5,15,41.7,28,-8.1,8,0,0,0,0,0,0,0,0,10,-0.053650213812159495,-0.0246637823291103,-0.0298875581562293
2026,sheslep,Sam Heslep,havoc,19,26,2,8,19,-0.326837452560114,-1.23583446116794,0.908997008607822,0.0,0.0,12,0.368421052631579,0.384615384615385,1.35996964259603,63,77,1,2,0,0.875883044877248,0.0551514378813724,27,0.931034482758621,2,0,0,0,0.0,0,0,0.0,29,29,0,1,-0.3,4,-1.2,5,0.9,20,1.4,52,0.0,0,36.8,15,38.5,19,5.5,95,0,0,1,24,2,35,1,28,29,-0.042614981419584134,-0.011270256984831516,0.04689550491710448
2026,radkins,Raekwon Adkins,spiders,10,20,1,0,17,-0.264327774011695,-1.03433177418194,0.770004000170243,0.0,0.0,5,0.5,0.6,0.263143138345631,9,13,0,0,1,0.823120961533884,-0.156454294867218,4,0.666666666666667,2,0,0,0,0.0,1,0,0.166666666666667,6,6,0,1,-0.3,4,-1.0,6,0.8,19,0.3,31,0.0,0,50.0,42,60.0,86,-15.6,3,1,15,0,0,0,0,1,28,6,-0.17238862903032334,-0.04405462900194917,0.043857189724271835
2026,bli,Brandon Li,cascades,10,17,1,3,13,-0.304532591492048,-1.2899304119424,0.985397820450356,0.0,0.0,4,0.3,0.411764705882353,-2.9029384726434e-07,12,60,0,0,1,0.951647539308334,-0.618314205975001,1,0.333333333333333,2,0,0,0,0.0,0,0,0.0,3,4,0,1,-0.3,4,-1.3,5,1.0,21,0.0,21,0.0,0,30.0,7,41.2,26,-61.8,0,1,15,0,0,0,0,1,28,3,-0.4299768039808,-0.10151086383068265,-9.676461575478e-08
2026,jkeller,Justin Keller,phoenix,22,14,1,17,2,-0.270088576007581,0.218057239062906,-0.488145815070487,0.0,0.0,18,0.409090909090909,0.428571428571429,2.51407429967814,137,-25,1,2,0,0.967404485156261,-0.00907115182292761,45,0.957446808510638,2,0,0,1,0.0,1,0,0.0208333333333333,48,42,0,0,-0.3,4,0.2,29,-0.5,1,2.5,65,0.0,0,40.9,22,42.9,32,-0.9,39,0,0,1,24,2,35,0,0,48,0.004542859147143875,-0.005626845333491271,0.05237654790996125
2026,gjohnson,Grant Johnson,bighorns,33,32,3,25,11,-0.344732840795483,-0.494771452361878,0.150038611566395,0.0,0.0,13,0.242424242424242,0.25,1.27029241315085,31,162,0,0,2,0.982431780240298,-0.0593548571633751,11,0.916666666666667,1,0,0,1,0.0,0,0,0.0,13,15,2,0,-0.3,4,-0.5,13,0.2,8,1.3,51,0.0,0,24.2,3,25.0,2,-5.9,13,2,30,0,0,0,0,0,0,13,-0.03805934248937523,-0.026517910830421768,0.09771480101160385
2026,fgomez,Frankie Gomez,havoc,13,6,1,11,1,-0.279092325827104,-0.422447854199808,0.143355528372705,0.0,0.0,6,0.538461538461538,0.166666666666667,0.202477052685153,32,86,0,1,0,0.981414301009873,-0.081414301009873,9,0.9,1,0,0,0,0.0,0,0,0.0,10,9,1,1,-0.3,4,-0.4,14,0.1,8,0.2,28,0.0,0,53.8,52,16.7,1,-8.1,8,0,0,0,0,1,22,1,28,10,-0.0422447854199808,-0.027909232582710403,0.0202477052685153
2026,jhill,Jeremy Hill,royal,5,13,1,1,10,-0.377133226166777,0.393662653176099,-0.770795879342876,0.0,0.0,2,0.2,0.384615384615385,0.606225504452915,30,0,0,1,0,0.884565301450414,0.115434698549586,1,1.0,0,0,0,0,0.0,0,0,0.0,1,0,1,0,-0.4,3,0.4,34,-0.8,1,0.6,39,0.0,0,20.0,2,38.5,19,11.5,99,0,0,0,0,1,22,0,0,1,0.393662653176099,-0.377133226166777,0.606225504452915
2026,tmazur,Thomas Mazur,thunderbirds,33,25,2,31,3,-0.365543794664666,-0.874413215442003,0.508869420777337,0.0,0.0,22,0.333333333333333,0.16,0.835363876227002,313,16,1,3,1,0.927159044684844,-0.0660479335737326,30,0.857142857142857,5,0,2,0,0.5,4,0,0.111111111111111,36,31,0,0,-0.4,3,-0.9,7,0.5,14,0.8,43,0.0,0,33.3,9,16.0,0,-6.6,11,1,15,1,24,3,46,0,0,36,-0.024289255984500085,-0.010153994296240722,0.023204552117416722
2026,jlee,Jonathan Lee,steel,5,7,1,4,4,-0.391984852792427,-0.459956080587433,0.0679712277950057,0.0,0.0,4,0.2,0.142857142857143,0.900357349006659,17,34,0,1,0,0.983081452138117,-0.149748118804784,5,0.833333333333333,1,0,0,0,0.0,0,0,0.0,6,6,0,1,-0.4,3,-0.5,13,0.1,6,0.9,45,0.0,0,20.0,2,14.3,0,-15.0,4,0,0,0,0,1,22,1,28,6,-0.07665934676457216,-0.06533080879873783,0.1500595581677765
2026,jbruner,Jace Bruner,union,10,35,4,0,32,-0.435483449929464,0.188752563491154,-0.624236013420618,0.0,0.0,3,0.6,0.371428571428571,0.274575806900819,22,8,0,0,0,0.949111911851239,0.0508880881487606,2,1.0,0,0,0,0,0.0,0,0,0.0,2,1,1,0,-0.4,3,0.2,28,-0.6,1,0.3,31,0.0,0,60.0,74,37.1,16,5.1,95,0,0,0,0,0,0,0,0,2,0.094376281745577,-0.217741724964732,0.1372879034504095
2026,npappas,Nick Pappas,alleycats,10,37,4,0,31,-0.41950772598623,-0.638825111178577,0.219317385192347,0.0,0.0,3,0.2,0.324324324324324,0.037552036768246,27,20,0,0,0,0.975099199636624,-0.308432532969958,2,0.666666666666667,1,0,0,0,0.0,0,0,0.0,3,2,0,2,-0.4,3,-0.6,10,0.2,9,0.0,23,0.0,0,20.0,2,32.4,8,-30.8,1,0,0,0,0,0,0,2,48,3,-0.21294170372619234,-0.13983590866207665,0.012517345589415333
2026,dpetsinis,David Petsinis,rush,17,39,3,2,30,-0.474955807215081,-1.18886353216651,0.713907724951431,0.0,0.0,7,0.411764705882353,0.512820512820513,0.277329904049735,6,82,0,0,1,0.972136033732593,-0.305469367065926,4,0.666666666666667,2,0,0,0,0.0,0,0,0.0,6,6,0,1,-0.5,3,-1.2,5,0.7,18,0.3,31,0.0,0,41.2,23,51.3,62,-30.5,1,1,15,0,0,0,0,1,28,6,-0.19814392202775166,-0.07915930120251351,0.04622165067495584
2026,skoenigsb,Seiji Koenigsberg,steel,9,13,1,6,7,-0.509111067538621,-0.651736419193644,0.142625351655023,0.0,0.0,5,0.333333333333333,0.230769230769231,0.350226859146479,26,22,0,0,0,0.969583670797224,-0.112440813654367,6,0.857142857142857,1,0,0,0,0.0,0,0,0.0,7,5,0,0,-0.5,3,-0.7,10,0.1,7,0.4,33,0.0,0,33.3,9,23.1,2,-11.2,5,0,0,0,0,0,0,0,0,7,-0.09310520274194914,-0.07273015250551729,0.050032408449497
2026,buran,Brian Uran,bighorns,15,14,1,11,3,-0.70738508822941,-0.633596896374889,-0.0737881918545211,0.0,0.0,1,0.133333333333333,0.357142857142857,0.0,0,7,0,0,0,0.510174044359236,-0.510174044359236,0,0.0,1,0,0,0,0.0,1,0,1.0,1,1,0,0,-0.7,2,-0.6,11,-0.1,3,0.0,21,0.0,0,13.3,1,35.7,13,-51.0,0,0,0,0,0,0,0,0,0,1,-0.633596896374889,-0.70738508822941,0.0
2026,ecampion,Ethan Campion,thunderbirds,21,37,3,9,21,-0.667683620589463,-0.789804877807644,0.122121257218181,0.0,0.0,2,0.285714285714286,0.486486486486487,0.0151212509623537,4,6,0,0,0,0.965968029956442,-0.465968029956442,1,0.5,1,0,0,0,0.0,0,0,0.0,2,2,0,2,-0.7,2,-0.8,8,0.1,7,0.0,22,0.0,0,28.6,6,48.6,54,-46.6,1,0,0,0,0,0,0,2,48,2,-0.394902438903822,-0.3338418102947315,0.00756062548117685
2026,jclose,Joel Close,alleycats,18,39,3,3,30,-0.680849698886989,-0.597205017576313,-0.0836446813106757,0.0,0.0,7,0.388888888888889,0.461538461538462,-0.306574948315455,19,35,0,0,1,0.980638987022583,-0.14730565368925,5,0.833333333333333,1,0,0,0,0.0,0,0,0.0,6,5,1,2,-0.7,2,-0.6,11,-0.1,3,-0.3,14,0.0,0,38.9,18,46.2,45,-14.7,4,1,15,0,0,0,0,2,48,6,-0.09953416959605216,-0.11347494981449817,-0.051095824719242504
2026,sastrom,Sam Astrom,union,8,13,2,0,13,-0.734292713835779,-0.816282874121262,0.0819901602854825,0.0,0.0,5,0.375,0.538461538461538,-0.529431342008,36,5,0,0,0,0.948327296012467,-0.2816606293458,4,0.666666666666667,2,0,0,0,0.0,1,0,0.166666666666667,6,4,0,1,-0.7,2,-0.8,8,0.1,6,-0.5,12,0.0,0,37.5,15,53.8,68,-28.2,2,0,0,0,0,0,0,1,28,6,-0.136047145686877,-0.12238211897262984,-0.08823855700133333
2026,mgrove,Max Grove,havoc,17,27,2,3,22,-0.690598998053875,-0.65713619470296,-0.0334628033509147,0.0,0.0,8,0.352941176470588,0.444444444444444,-1.29395060928568,11,56,0,0,0,0.97687051721103,-0.0537935941341071,11,0.916666666666667,1,0,0,0,0.0,0,0,0.0,13,13,1,3,-0.7,2,-0.7,10,0.0,3,-1.3,6,0.0,0,35.3,12,44.4,39,-5.4,15,0,0,0,0,0,0,3,64,13,-0.05054893805407385,-0.05312299985029808,-0.09953466225274463
2026,erivera1,Elliot Rivera,thunderbirds,7,13,1,3,7,-0.77014658420753,-0.677676120722889,-0.0924704634846402,0.0,0.0,1,0.142857142857143,0.461538461538462,0.114885414490467,12,-8,0,0,0,0.98177697108084,-0.23177697108084,3,0.75,1,0,0,0,0.0,0,0,0.0,4,4,0,1,-0.8,2,-0.7,10,-0.1,3,0.1,25,0.0,0,14.3,1,46.2,45,-23.2,2,0,0,0,0,0,0,1,28,4,-0.16941903018072224,-0.1925366460518825,0.02872135362261675
2026,nbanks,Nick Banks,apex,62,104,7,33,71,-0.867336035976943,-0.797272004787803,-0.0700640311891397,0.0,0.0,47,0.403225806451613,0.336538461538462,2.78830799228849,486,146,4,4,1,0.957874111308226,-0.0930092464433607,63,0.863013698630137,10,0,0,0,0.0,1,0,0.0135135135135135,74,58,2,0,-0.9,2,-0.8,8,-0.1,3,2.8,68,0.0,0,40.3,21,33.7,10,-9.3,7,1,15,4,56,4,56,0,0,74,-0.010773946010645987,-0.011720757242931663,0.03767983773362824
2026,pstobbe,Porter Stobbe,shred,7,13,1,0,9,-1.09536723142227,-1.09809113312427,0.0027239017019986,0.0,0.0,3,0.428571428571429,0.615384615384615,-0.0937950376726173,2,8,0,0,0,0.905646940546597,-0.572313607213263,1,0.333333333333333,2,0,0,0,0.0,0,0,0.0,3,3,0,1,-1.1,1,-1.1,6,0.0,5,-0.1,19,0.0,0,42.9,26,61.5,90,-57.2,0,0,0,0,0,0,0,1,28,3,-0.36603037770809,-0.36512241047409,-0.0312650125575391
2026,ahasbrook,Austin Hasbrook,cascades,12,19,1,0,10,-1.0691484290804,-0.481148307995133,-0.588000121085268,0.0,0.0,4,0.25,0.736842105263158,-0.636143498460385,43,1,0,0,0,0.739070791520035,-0.0724041248533687,2,0.666666666666667,1,0,1,0,1.0,1,0,0.333333333333333,3,2,1,3,-1.1,1,-0.5,13,-0.6,1,-0.6,11,0.0,0,25.0,4,73.7,98,-7.2,10,0,0,0,0,0,0,3,64,3,-0.160382769331711,-0.3563828096934667,-0.21204783282012832
2026,akirages,Alexander Kirages,thunderbirds,25,36,3,15,22,-1.17525072589292,-1.71604735024118,0.540796624348262,0.0,0.0,14,0.4,0.305555555555556,0.466608187724902,71,150,2,0,1,0.973447205888954,-0.240113872555621,11,0.733333333333333,4,0,0,2,0.0,0,0,0.0,15,12,2,0,-1.2,1,-1.7,3,0.5,15,0.5,36,0.0,0,40.0,19,30.6,6,-24.0,2,1,15,2,38,0,0,0,0,15,-0.11440315668274532,-0.07835004839286133,0.031107212514993467
2026,idietrich,Ian Dietrich,phoenix,32,87,7,8,71,-1.24236462537256,-2.6720650608293,1.42970043545674,0.0,0.0,19,0.4375,0.333333333333333,2.65723449498205,104,120,2,2,1,0.93442447174634,-0.165193702515571,19,0.76,6,0,0,0,0.0,2,0,0.0769230769230769,26,23,0,1,-1.2,1,-2.7,1,1.4,27,2.7,67,0.0,0,43.8,28,33.3,9,-16.5,3,1,15,2,38,2,35,1,28,26,-0.10277173310881924,-0.04778325482202154,0.10220132673007884
2026,apark,Adam Park,bighorns,102,91,6,69,24,-1.15079402417338,-3.60996973451726,2.45917571034387,0.0,0.0,79,0.254901960784314,0.395604395604396,-7.00244336647547,863,197,7,3,0,0.949848212195407,-0.0796192045618195,109,0.865079365079365,17,0,2,0,0.5,4,0,0.0305343511450382,131,97,1,1,-1.2,1,-3.6,1,2.5,39,-7.0,0,0.0,0,25.5,5,39.6,22,-8.0,8,0,0,7,72,3,46,1,28,131,-0.027557020874177555,-0.008784687207430383,-0.0534537661563013
2026,gmay,Gavin May,empire,6,14,1,0,11,-1.4248046455054,-1.56429051950572,0.139485874000321,0.0,0.0,3,0.5,0.428571428571429,0.0309448919456833,13,-25,0,0,1,0.969035051116017,-0.30236838444935,4,0.666666666666667,2,0,0,0,0.0,0,0,0.0,6,5,0,0,-1.4,1,-1.6,4,0.1,7,0.0,23,0.0,0,50.0,42,42.9,32,-30.2,1,1,15,0,0,0,0,0,0,6,-0.26071508658428666,-0.23746744091756666,0.005157481990947217
2026,jsears,Josef Sears,bighorns,13,11,1,9,3,-1.90924520836419,-0.00924724002990708,-1.89999796833429,0.0,0.0,5,0.384615384615385,0.454545454545455,-1.65787838860699,-22,58,0,0,0,0.984997192691419,0.0150028073085811,5,1.0,0,0,0,1,0.0,0,0,0.0,5,4,3,0,-1.9,1,0.0,21,-1.9,0,-1.7,4,0.0,0,38.5,17,45.5,43,1.5,64,0,0,0,0,0,0,0,0,5,-0.0018494480059814162,-0.381849041672838,-0.331575677721398
2026,jsaad,Joshua Saad,bighorns,43,64,4,14,25,-1.93489292827826,-2.23087394340633,0.295981015128075,0.0,0.0,21,0.13953488372093,0.546875,-0.663052416562601,121,112,0,0,2,0.967109297888554,-0.127109297888554,21,0.84,4,0,0,1,0.0,0,0,0.0,25,21,2,0,-1.9,0,-2.2,2,0.3,10,-0.7,10,0.0,0,14.0,1,54.7,72,-12.7,5,2,30,0,0,0,0,0,0,25,-0.08923495773625319,-0.0773957171311304,-0.026522096662504043
2026,nstuart1,Nayland Stuart,bighorns,145,99,7,106,5,-2.65746777281693,0.450912891222011,-3.10838066403895,0.0,0.0,108,0.310344827586207,0.424242424242424,2.72454084567442,1017,-23,5,5,1,0.946210905797563,-0.0422561035376763,150,0.898203592814371,17,0,4,1,0.666666666666667,7,1,0.0391061452513966,179,113,6,2,-2.7,0,0.5,36,-3.1,0,2.7,68,0.0,0,31.0,7,42.4,31,-4.2,19,1,15,5,61,5,64,2,48,179,0.002519066431407883,-0.014846188674954916,0.015220898579186704
2026,dfrongill,David Frongillo,bighorns,25,34,2,12,13,-3.41047006929073,-3.67984359955609,0.269373530265362,0.0,0.0,14,0.12,0.411764705882353,-0.767814519962207,52,56,0,0,0,0.883121250328701,-0.198910724012911,11,0.647058823529412,6,0,0,0,0.0,0,0,0.0,19,14,0,0,-3.4,0,-3.7,1,0.3,10,-0.8,10,0.0,0,12.0,1,41.2,26,-19.9,3,0,0,0,0,0,0,0,0,19,-0.19367597892400473,-0.1794984246995121,-0.04041129052432668
2026,oimpas,Orlando Impas,steel,47,67,5,29,34,-4.26176044332958,-4.87123397952408,0.609473536194497,0.0,0.0,20,0.297872340425532,0.313432835820896,-0.163221708730352,105,94,0,2,1,0.953969701776562,-0.229831770742079,21,0.724137931034483,8,0,0,1,0.0,1,0,0.0344827586206897,29,23,2,3,-4.3,0,-4.9,0,0.6,16,-0.2,17,0.0,0,29.8,7,31.3,6,-23.0,2,1,15,0,0,2,35,3,64,29,-0.16797358550083033,-0.14695725666653725,-0.005628334783805241
